# generated by mjcf2godot
v -0.00054494493 0.032744604 0.015911873
v -0.005244852 0.032770198 0.015926542
v -0.00054480495 0.032796784 0.015865523
v -0.005244713 0.032822379 0.015880193
v -0.0005447022 0.032844723 0.015814802
v -0.0052446102 0.032870318 0.015829471
v -0.00054463781 0.032888058 0.015760098
v -0.0052445449 0.032913653 0.015774767
v -0.00054460935 0.032926463 0.015701826
v -0.0052445174 0.032952059 0.015716494
v -0.00054462074 0.032959646 0.015640425
v -0.0052445288 0.032985241 0.015655094
v -0.00054466951 0.032987345 0.015576368
v -0.0052445776 0.033012942 0.015591037
v -0.00054475605 0.033009361 0.015510138
v -0.0052446641 0.033034956 0.015524808
v -0.00054488048 0.033025519 0.015442243
v -0.0052447885 0.033051114 0.015456912
v -0.00054504149 0.033035696 0.015373199
v -0.0052449484 0.033061291 0.015387869
v -0.00054523502 0.033039821 0.015303531
v -0.005245143 0.033065416 0.0153182
v -0.00054546443 0.033037858 0.015233767
v -0.0052453716 0.033063452 0.015248436
v -0.00054572442 0.033029822 0.015164442
v -0.0052456315 0.033055416 0.015179111
v -0.00054601413 0.03301577 0.01509608
v -0.0052459213 0.033041365 0.015110749
v -0.00054633151 0.032995818 0.015029203
v -0.0052462394 0.033021415 0.015043872
v -0.00054667462 0.03297011 0.014964319
v -0.0052465817 0.032995705 0.014978988
v -0.00054703904 0.032938847 0.014901923
v -0.0052469469 0.032964444 0.014916592
v -0.00054742394 0.032902265 0.01484249
v -0.0052473311 0.03292786 0.014857159
v -0.00054782476 0.032860641 0.014786468
v -0.0052477326 0.032886238 0.014801137
v -0.00054824129 0.032814294 0.014734294
v -0.0052481484 0.032839889 0.014748963
v -0.00054866612 0.032763577 0.014686354
v -0.0052485741 0.032789172 0.014701023
v -0.00054909926 0.032708871 0.014643015
v -0.0052490073 0.032734466 0.014657684
v -0.00054953719 0.032650599 0.014604611
v -0.0052494443 0.032676194 0.01461928
v -0.00054997417 0.032589201 0.014571434
v -0.0052498822 0.032614796 0.014586103
v -0.00055041048 0.032525144 0.014543731
v -0.0052503177 0.032550741 0.014558399
v -0.00055083969 0.032458919 0.014521718
v -0.0052507468 0.032484514 0.014536387
v -0.0005512602 0.032391025 0.014505562
v -0.0052511673 0.03241662 0.014520231
v -0.0005516678 0.032321978 0.014495382
v -0.005251575 0.032347574 0.01451005
v -0.00055205985 0.032252313 0.014491261
v -0.0052519667 0.032277909 0.014505931
v -0.00055243369 0.032182551 0.014493226
v -0.0052523408 0.032208146 0.014507895
v -0.00055278687 0.032113223 0.014501267
v -0.0052526931 0.032138818 0.014515935
v -0.00055311476 0.032044862 0.014515314
v -0.0052530217 0.032070459 0.014529983
v -0.00055341668 0.031977985 0.014535272
v -0.0052533238 0.03200358 0.014549941
v -0.00055368899 0.031913101 0.014560977
v -0.0052535971 0.031938697 0.014575645
v -0.00055393233 0.031850708 0.014592243
v -0.0052538392 0.031876303 0.014606913
v -0.00055414112 0.031791274 0.014628825
v -0.0052540482 0.031816869 0.014643494
v -0.00055431628 0.031735254 0.014670451
v -0.0052542234 0.031760849 0.01468512
v -0.0005544566 0.031683076 0.014716798
v -0.0052543635 0.031708672 0.014731468
v -0.00055455901 0.031635134 0.014767522
v -0.0052544662 0.031660731 0.01478219
v -0.00055462423 0.031591796 0.014822224
v -0.0052545314 0.031617392 0.014836892
v -0.0005546518 0.031553393 0.014880499
v -0.0052545581 0.03157899 0.014895167
v -0.0005546408 0.031520214 0.014941896
v -0.0052545479 0.031545809 0.014956565
v -0.00055459169 0.031492512 0.015005956
v -0.0052544988 0.031518107 0.015020625
v -0.00055450368 0.031470499 0.015072183
v -0.0052544117 0.031496094 0.015086852
v -0.00055438107 0.031454341 0.015140079
v -0.0052542882 0.031479936 0.015154748
v -0.00055422077 0.031444157 0.015209122
v -0.0052541277 0.031469754 0.015223791
v -0.00055402619 0.031440036 0.015278793
v -0.0052539324 0.031465631 0.015293462
v -0.00055379711 0.031442003 0.015348554
v -0.0052537042 0.031467597 0.015363223
v -0.00055353691 0.031450039 0.01541788
v -0.005253444 0.031475634 0.015432549
v -0.00055324707 0.031464087 0.015486244
v -0.0052531542 0.031489682 0.015500913
v -0.00055292998 0.031484041 0.015553119
v -0.0052528372 0.031509637 0.015567787
v -0.00055258748 0.031509746 0.015618002
v -0.0052524946 0.031535341 0.015632671
v -0.00055222239 0.03154101 0.0156804
v -0.0052521293 0.031566606 0.01569507
v -0.00055183727 0.031577593 0.015739834
v -0.0052517444 0.031603189 0.015754502
v -0.00055143581 0.031619216 0.01579585
v -0.0052513429 0.03164481 0.015810519
v -0.00055101991 0.031665563 0.01584803
v -0.0052509279 0.031691158 0.015862699
v -0.00055059509 0.031716281 0.01589597
v -0.0052505022 0.031741876 0.015910639
v -0.00055016102 0.031770984 0.015939305
v -0.0052500688 0.03179658 0.015953975
v -0.00054972435 0.031829261 0.015977711
v -0.0052496315 0.031854856 0.01599238
v -0.00054928704 0.031890657 0.01601089
v -0.0052491933 0.031916251 0.016025559
v -0.00054885101 0.031954714 0.016038592
v -0.005248758 0.031980311 0.01605326
v -0.00054842186 0.032020942 0.016060603
v -0.005248329 0.032046536 0.016075272
v -0.00054800101 0.032088833 0.016076762
v -0.005247909 0.032114428 0.016091432
v -0.00054759424 0.032157876 0.016086939
v -0.0052475014 0.032183471 0.016101608
v -0.0005472017 0.032227547 0.01609106
v -0.0052471088 0.032253142 0.016105729
v -0.00054682785 0.032297309 0.016089095
v -0.005246735 0.032322904 0.016103764
v -0.00054647433 0.032366634 0.016081057
v -0.0052463824 0.032392229 0.016095727
v -0.00054614679 0.032434998 0.016067008
v -0.0052460539 0.032460593 0.016081677
v -0.00054584452 0.032501872 0.016047052
v -0.0052457525 0.032527467 0.016061722
v -0.00054557124 0.032566753 0.016021344
v -0.0052454793 0.032592348 0.016036014
v -0.0005453291 0.032629149 0.01599008
v -0.0052452369 0.032654745 0.01600475
v -0.00054512042 0.032688586 0.015953497
v -0.0052450275 0.032714181 0.015968166
v -0.0052566365 0.031774382 0.013888533
v -0.0052571486 0.031652723 0.013936736
v -0.0052576021 0.031535731 0.013995356
v -0.0052579952 0.031424295 0.01406395
v -0.0052583235 0.031319258 0.014141998
v -0.0052585858 0.031221425 0.0142289
v -0.0052587782 0.031131534 0.014324001
v -0.0052589004 0.031050279 0.014426572
v -0.0052589517 0.03097827 0.014535837
v -0.0052589312 0.03091606 0.014650962
v -0.0052588386 0.030864119 0.014771069
v -0.0052586758 0.03082284 0.014895247
v -0.0052584434 0.030792544 0.015022549
v -0.0052581437 0.030773458 0.01515201
v -0.0052577784 0.030765727 0.015282637
v -0.0052573493 0.03076941 0.015413443
v -0.0052568624 0.030784479 0.015543431
v -0.0052563181 0.030810821 0.015671609
v -0.0052557231 0.030848235 0.015797002
v -0.0052550816 0.030896432 0.015918659
v -0.0052543966 0.030955051 0.01603565
v -0.0052536755 0.031023644 0.01614709
v -0.0052529224 0.031101686 0.016252124
v -0.0052521439 0.031188589 0.016349959
v -0.0052513453 0.031283685 0.016439845
v -0.0052505333 0.031386257 0.016521103
v -0.0052497135 0.031495518 0.01659311
v -0.0052488925 0.031610638 0.016655321
v -0.0052480762 0.031730744 0.016707262
v -0.0052472709 0.031854922 0.016748536
v -0.005246483 0.031982221 0.016778831
v -0.0052457185 0.032111677 0.016797915
v -0.0052449834 0.032242308 0.016805644
v -0.0052442826 0.032373112 0.016801958
v -0.0052436215 0.032503096 0.016786884
v -0.0052430055 0.032631275 0.016760539
v -0.0052424392 0.032756668 0.016723127
v -0.0052419276 0.032878326 0.016674926
v -0.0052414733 0.032995314 0.016616303
v -0.0052410806 0.033106753 0.016547706
v -0.0052407519 0.03321179 0.016469664
v -0.0052404909 0.033309624 0.016382756
v -0.0052402981 0.033399511 0.016287657
v -0.005240176 0.03348077 0.016185089
v -0.0052401247 0.03355278 0.016075823
v -0.0052401452 0.033614991 0.015960698
v -0.0052402372 0.033666933 0.015840589
v -0.0052403998 0.033708211 0.015716413
v -0.0052406322 0.033738508 0.01558911
v -0.0052409325 0.033757592 0.015459652
v -0.005241298 0.033765322 0.015329025
v -0.005241726 0.033761638 0.015198219
v -0.0052422139 0.033746568 0.015068231
v -0.0052427574 0.033720228 0.014940052
v -0.0052433522 0.033682815 0.014814659
v -0.0052439948 0.033634615 0.014693003
v -0.0052446786 0.033575995 0.014576009
v -0.0052454009 0.033507405 0.014464572
v -0.005246153 0.033429359 0.014359535
v -0.0052469316 0.03334246 0.014261702
v -0.0052477302 0.03324736 0.014171814
v -0.0052485422 0.033144792 0.014090558
v -0.005249362 0.033035531 0.014018551
v -0.005250183 0.03292041 0.01395634
v -0.0052509993 0.032800303 0.0139044
v -0.0052518046 0.032676127 0.013863125
v -0.0052525922 0.032548826 0.013832831
v -0.005253357 0.032419372 0.013813746
v -0.0052540922 0.032288744 0.013806016
v -0.005254793 0.03215794 0.013809701
v -0.0052554541 0.032027954 0.013824776
v -0.0052560704 0.031899777 0.013851119
v -0.00053473003 0.034048768 0.016909016
v -0.00053657681 0.034810584 0.014987868
v -0.00053548924 0.034509862 0.015861483
v -0.00053502701 0.034287041 0.016398261
v -0.00053458622 0.033828134 0.017340194
v -0.0005345537 0.033430381 0.018044812
v -0.00053732211 0.034937679 0.014527405
v -0.00053798786 0.03502169 0.014167923
v -0.00053887542 0.034950965 0.014006566
v -0.00054026135 0.034828862 0.013775459
v -0.00054171993 0.034687104 0.01355586
v -0.00054323767 0.034526771 0.013349433
v -0.00054480329 0.034349079 0.013157745
v -0.00054640604 0.034155375 0.012982254
v -0.0005480336 0.03394713 0.012824289
v -0.00054967141 0.033725928 0.012685052
v -0.00055131182 0.033493443 0.012565599
v -0.00055293655 0.033251446 0.012466834
v -0.00055453888 0.033001767 0.012389511
v -0.0005561025 0.032746304 0.012334212
v -0.00055761617 0.032486996 0.012301365
v -0.00055906993 0.032225815 0.012291209
v -0.00056045359 0.031964742 0.01230383
v -0.0005617543 0.031705758 0.012339126
v -0.00056296197 0.031450823 0.012396832
v -0.00056406861 0.031201885 0.012476512
v -0.00056506635 0.030960825 0.012577554
v -0.0005659459 0.030729479 0.0126992
v -0.00056670244 0.030509591 0.012840522
v -0.00056732994 0.030302845 0.013000443
v -0.00056782118 0.030110799 0.013177756
v -0.00056817609 0.029934919 0.013371111
v -0.00056838988 0.029776538 0.013579045
v -0.00056846085 0.029636853 0.013799976
v -0.00056839009 0.02951693 0.014032224
v -0.00056817521 0.029417677 0.01427403
v -0.00056781968 0.029339853 0.014523556
v -0.00056732774 0.029284036 0.01477891
v -0.00056669907 0.029250666 0.015038153
v -0.00056594188 0.029239984 0.015299315
v -0.00056506226 0.029252073 0.015560418
v -0.0005640636 0.02928685 0.015819476
v -0.00056295601 0.029344041 0.016074523
v -0.00056174836 0.029423213 0.016323621
v -0.00056044769 0.02952377 0.016564887
v -0.0005590645 0.029644946 0.016796477
v -0.00055760993 0.029785821 0.017016646
v -0.00055609565 0.029945325 0.017223714
v -0.00055453105 0.030122249 0.017416112
v -0.00055292937 0.030315248 0.017592378
v -0.00055130422 0.030522858 0.017751175
v -0.00054966535 0.0307435 0.017891295
v -0.00054802597 0.030975504 0.018011681
v -0.000546399 0.03121711 0.018111415
v -0.00054479532 0.031466473 0.018189738
v -0.00054322988 0.031721714 0.018246057
v -0.00054171292 0.031980884 0.018279948
v -0.00054025649 0.032242025 0.018291145
v -0.00053887077 0.032503146 0.018279574
v -0.00053756635 0.03276227 0.018245315
v -0.00053635316 0.033017429 0.018188627
v -0.00053524189 0.033266685 0.018109948
v -0.025285843 0.028855301 0.022611425
v -0.013568548 0.028920509 0.022733532
v -0.024775857 0.028608438 0.022309634
v -0.025214387 0.028585441 0.022275554
v -0.025477093 0.028849206 0.022603244
v -0.025607862 0.028543061 0.02222625
v -0.026701729 0.028537003 0.022214889
v -0.026547688 0.028608531 0.022303412
v -0.026401245 0.028397831 0.022044798
v -0.026384713 0.02867171 0.022381697
v -0.026057064 0.028469456 0.022127605
v -0.026213935 0.028726099 0.022449201
v -0.026036536 0.028771326 0.022505459
v -0.025681237 0.02853315 0.022213799
v -0.025853745 0.028807073 0.022550079
v -0.025666832 0.028833091 0.022582747
v -0.027241539 0.028152854 0.021744296
v -0.027099916 0.02827755 0.021894368
v -0.026966877 0.028238491 0.021846806
v -0.026978802 0.028370938 0.022009657
v -0.026884997 0.028264741 0.021879383
v -0.026845766 0.028457623 0.022116744
v -0.026530778 0.028363237 0.022003683
v -0.024763648 0.030045079 0.020747811
v -0.0051218148 0.030596864 0.021496698
v -0.025281105 0.030484674 0.021286611
v -0.02566884 0.029969184 0.020651229
v -0.025589935 0.029979899 0.020664689
v -0.025662094 0.030462465 0.021257934
v -0.025472355 0.030478578 0.02127843
v -0.025202466 0.0300183 0.020717527
v -0.026510979 0.029797127 0.020433323
v -0.026974064 0.030000312 0.020684844
v -0.026862313 0.029701781 0.020318087
v -0.027095177 0.029906922 0.020569554
v -0.026954102 0.029672188 0.020281361
v -0.027203525 0.029807482 0.020446864
v -0.027225093 0.02957613 0.020162251
v -0.027298359 0.029702676 0.020317627
v -0.027371936 0.029532814 0.020117902
v -0.025849007 0.030436446 0.021225265
v -0.026031798 0.030400698 0.021180645
v -0.025988721 0.029917357 0.020586346
v -0.026209196 0.030355472 0.021124387
v -0.026110214 0.029894054 0.02055725
v -0.026379975 0.030301083 0.021056883
v -0.026378229 0.029835293 0.020484021
v -0.02654295 0.030237904 0.020978598
v -0.02669699 0.030166375 0.020890076
v -0.026841027 0.030086994 0.020791931
v -0.027378513 0.029015804 0.020659028
v -0.027363203 0.028906994 0.020794784
v -0.027299897 0.028485188 0.021312551
v -0.0093917254 0.029819228 0.022065192
v -0.015979541 -0.012414911 0.051680981
v -0.015471189 -0.012396784 0.051678452
v -0.015979461 -0.012392282 0.051660291
v -0.015471337 -0.012355811 0.051670906
v -0.015472264 -0.012350699 0.051620723
v -0.015979298 -0.012338448 0.051625567
v -0.015979395 -0.012364111 0.051639239
v -0.015979239 -0.012323885 0.051619025
v -0.015472426 -0.012331609 0.051611546
v -0.01597912 -0.012297171 0.051610463
v -0.015471875 -0.012292029 0.051640164
v -0.0154727 -0.012270658 0.051594111
v -0.015978695 -0.012243502 0.051602729
v -0.015978347 -0.012156951 0.051613388
v -0.015978517 -0.01218408 0.051606288
v -0.015472551 -0.012186321 0.051595629
v -0.015978627 -0.012202558 0.051603373
v -0.015471838 -0.012107291 0.051625099
v -0.015977685 -0.012085384 0.051649416
v -0.015978114 -0.012122067 0.051627183
v -0.015470641 -0.012042562 0.051679171
v -0.01597742 -0.012026564 0.051709859
v -0.01597759 -0.012053991 0.051676302
v -0.015469652 -0.012064921 0.051731398
v -0.015470428 -0.012029364 0.051761238
v -0.01597857 -0.0119981 0.05176477
v -0.014977374 -0.012026434 0.051691498
v -0.0149772 -0.012010213 0.051718952
v -0.01497708 -0.011998841 0.051746332
v -0.014977552 -0.012045072 0.051666946
v -0.015470647 -0.01211371 0.051682902
v -0.015470979 -0.012056966 0.051663642
v -0.014977583 -0.012048546 0.051663038
v -0.014977936 -0.012091737 0.051625279
v -0.014977823 -0.012077104 0.051636167
v -0.014977683 -0.012060106 0.051651155
v -0.014978071 -0.012110028 0.051613798
v -0.015471358 -0.01217316 0.051652196
v -0.015472066 -0.012126039 0.051615242
v -0.014978105 -0.012114605 0.051611258
v -0.014978406 -0.01215927 0.051592605
v -0.01497821 -0.012129667 0.051603768
v -0.014978591 -0.012188914 0.051585145
v -0.015471638 -0.012239469 0.05164306
v -0.015472643 -0.012207283 0.051592565
v -0.014978622 -0.012194087 0.051584261
v -0.014978894 -0.012242528 0.051581456
v -0.01497872 -0.012211019 0.051582156
v -0.01497905 -0.012272851 0.051584222
v -0.014979076 -0.012278025 0.051585102
v -0.014979326 -0.012333605 0.051602003
v -0.014979204 -0.01230544 0.051591926
v -0.0149794 -0.012352368 0.051611142
v -0.014979443 -0.012364422 0.051618275
v -0.014979582 -0.01241124 0.051655529
v -0.014979525 -0.012389436 0.051635645
v -0.015994261 -0.016108766 0.053409863
v -0.014994271 -0.01611731 0.053415671
v -0.015994384 -0.016130535 0.053408576
v -0.014994504 -0.016160829 0.0534169
v -0.015994556 -0.016163165 0.053410448
v -0.014994662 -0.016193022 0.053422546
v -0.015994714 -0.016195364 0.053416092
v -0.014994756 -0.016213922 0.053428783
v -0.01599483 -0.016221373 0.053424224
v -0.014994831 -0.016231635 0.053435864
v -0.015994998 -0.016249297 0.053435943
v -0.014994917 -0.016253695 0.053446584
v -0.015995026 -0.016272249 0.053450183
v -0.014994989 -0.016274422 0.053459693
v -0.015995089 -0.016292109 0.053464568
v -0.014995049 -0.016293925 0.053474555
v -0.015995123 -0.016304417 0.053475343
v -0.014995081 -0.016306075 0.053485507
v -0.015995167 -0.016325045 0.05349708
v -0.014995116 -0.016322706 0.053503536
v -0.015995188 -0.016340039 0.053516484
v -0.014995136 -0.016337697 0.053522937
v -0.015995194 -0.016348939 0.053530206
v -0.014995142 -0.016346599 0.053536663
v -0.014995131 -0.016361297 0.053565856
v -0.015995183 -0.016363635 0.053559401
v -0.014995096 -0.016372504 0.053596561
v -0.015995148 -0.016374842 0.053590105
v -0.014995032 -0.016379146 0.053628565
v -0.015995084 -0.016381482 0.053622113
v -0.015993022 -0.016465125 0.054428696
v -0.014993015 -0.016460995 0.05441779
v -0.014992954 -0.016462287 0.054439562
v -0.015992961 -0.016466414 0.054450466
v -0.014992842 -0.016460419 0.054472192
v -0.015992849 -0.016464544 0.054483097
v -0.014992711 -0.016454771 0.054504388
v -0.015992718 -0.016458901 0.054515294
v -0.014992612 -0.016448534 0.054525287
v -0.015992619 -0.016452664 0.054536193
v -0.015992497 -0.016443356 0.054558883
v -0.01499249 -0.016439227 0.054547976
v -0.015992368 -0.016432108 0.05458067
v -0.014992361 -0.016427978 0.054569764
v -0.015992231 -0.016418601 0.054601136
v -0.014992223 -0.016414471 0.05459023
v -0.015992088 -0.016403362 0.054620352
v -0.01499208 -0.016399232 0.054609446
v -0.015991989 -0.016392061 0.054632179
v -0.014991982 -0.016387931 0.054621273
v -0.015991889 -0.016380095 0.054643329
v -0.014991882 -0.016375962 0.054632422
v -0.015991788 -0.016367345 0.05465358
v -0.014991814 -0.016367563 0.054639381
v -0.014991695 -0.016352074 0.054650515
v -0.015991651 -0.016349406 0.054665973
v -0.014991473 -0.016321474 0.054668332
v -0.015991481 -0.016325603 0.054679238
v -0.01499127 -0.016291109 0.054680429
v -0.015991277 -0.016295239 0.054691335
v -0.014991072 -0.016259545 0.054688917
v -0.015991079 -0.016263675 0.054699823
v -0.014990944 -0.016237968 0.054692099
v -0.015990952 -0.016242098 0.054703005
v -0.015456165 -0.012598142 0.057210618
v -0.015963315 -0.012604636 0.057210791
v -0.015963261 -0.012583315 0.057191016
v -0.015963351 -0.012617045 0.057220832
v -0.015456448 -0.012614311 0.057224298
v -0.015963577 -0.012647027 0.057239411
v -0.015456491 -0.01266042 0.057205483
v -0.015963669 -0.01269784 0.057259998
v -0.015457195 -0.012668913 0.057256504
v -0.01545681 -0.012711463 0.057216893
v -0.01596386 -0.012733271 0.057266845
v -0.015964072 -0.012777009 0.057268907
v -0.015457896 -0.012750916 0.057276245
v -0.015964777 -0.012872696 0.057244624
v -0.015964403 -0.012832618 0.057260063
v -0.015458189 -0.012834821 0.057267592
v -0.015964289 -0.012814257 0.057264478
v -0.015965102 -0.012930334 0.057206693
v -0.015964929 -0.012908623 0.057224028
v -0.015458042 -0.012911075 0.057231533
v -0.015965555 -0.012979668 0.057147579
v -0.015965384 -0.012962482 0.057172423
v -0.015457941 -0.012929099 0.057142066
v -0.015457117 -0.012901687 0.057173589
v -0.014965071 -0.0129362 0.05722066
v -0.014965264 -0.012958712 0.057198084
v -0.014965483 -0.012976965 0.057173217
v -0.01496488 -0.012912064 0.05723983
v -0.015457366 -0.012843156 0.057209972
v -0.015458119 -0.012893227 0.057242945
v -0.014964847 -0.01290773 0.057242754
v -0.014964544 -0.012864969 0.057265179
v -0.014964743 -0.012893587 0.057251406
v -0.014964355 -0.012835966 0.057275232
v -0.015457257 -0.0127779 0.057224739
v -0.015458157 -0.012814196 0.05727242
v -0.014964323 -0.012830902 0.057276561
v -0.01496404 -0.012783008 0.057283568
v -0.014964223 -0.012814456 0.057280088
v -0.014963874 -0.012752439 0.057283452
v -0.015457757 -0.012729859 0.057273939
v -0.014963847 -0.012747211 0.057283027
v -0.014963576 -0.012690603 0.057271103
v -0.014963658 -0.012708567 0.05727639
v -0.014963762 -0.012730285 0.057280875
v -0.014963492 -0.012670892 0.057263556
v -0.014963473 -0.012666096 0.057261422
v -0.014963296 -0.012616431 0.057231283
v -0.014963379 -0.012641225 0.057248019
v -0.014963252 -0.01260052 0.057217778
v -0.015963109 -0.012558055 0.057157201
v -0.015455036 -0.012577303 0.057147616
v -0.01545587 -0.012583193 0.057195613
v -0.014963242 -0.01259671 0.057214187
v -0.014963302 -0.012561456 0.057170005
v -0.014963215 -0.012584506 0.057201576
v -0.015990875 -0.016678977 0.0554899
v -0.014990799 -0.016678449 0.055507207
v -0.014990995 -0.016700853 0.055483413
v -0.01599114 -0.016710615 0.055459995
v -0.014991265 -0.016734979 0.055456377
v -0.015991345 -0.016737372 0.055441223
v -0.014991471 -0.016763269 0.05544001
v -0.015991482 -0.016756558 0.055430852
v -0.015991601 -0.016774091 0.055423334
v -0.01499159 -0.016780803 0.055432492
v -0.015991752 -0.016797272 0.055415319
v -0.01499179 -0.016811924 0.055422521
v -0.015991899 -0.016821197 0.055409927
v -0.014991968 -0.016841363 0.05541692
v -0.015992011 -0.016840062 0.055407087
v -0.015992073 -0.016850932 0.055406208
v -0.014992107 -0.01686582 0.055415177
v -0.015992163 -0.016867287 0.055405833
v -0.015992357 -0.016899843 0.055408834
v -0.014992391 -0.016909459 0.055418197
v -0.015992463 -0.016926654 0.055413317
v -0.014992546 -0.016954267 0.05542871
v -0.015992557 -0.016947556 0.055419552
v -0.014992669 -0.01698429 0.05544163
v -0.015992642 -0.01696783 0.055427587
v -0.015992751 -0.016996612 0.055443072
v -0.0149928 -0.017021366 0.05546445
v -0.015992838 -0.017023407 0.055461795
v -0.01548411 -0.016042329 0.056040558
v -0.015985464 -0.016028153 0.056092269
v -0.015484091 -0.015997867 0.056074878
v -0.015985271 -0.015990182 0.056083568
v -0.015985672 -0.01607081 0.056095577
v -0.015485105 -0.016107085 0.056096775
v -0.015985847 -0.016101546 0.056093358
v -0.015484529 -0.016077231 0.056053724
v -0.015484886 -0.016123097 0.056046356
v -0.015986058 -0.016129999 0.056086183
v -0.01548548 -0.01616663 0.056080369
v -0.015986228 -0.016162165 0.056076889
v -0.015485261 -0.016170933 0.056026591
v -0.015986489 -0.016191737 0.056062001
v -0.015986633 -0.016218129 0.056044789
v -0.015986875 -0.016247502 0.056018552
v -0.01598675 -0.016232753 0.056032761
v -0.015485745 -0.016236359 0.056036862
v -0.015485766 -0.016258092 0.056014853
v -0.014986775 -0.016243618 0.056037657
v -0.014986942 -0.016262777 0.056017872
v -0.014986749 -0.016240469 0.056040487
v -0.015986994 -0.016260768 0.056003509
v -0.014986637 -0.016226402 0.056051996
v -0.015485706 -0.016220337 0.056049862
v -0.014986433 -0.016199199 0.056069775
v -0.014986251 -0.016173248 0.056082928
v -0.014986233 -0.016170666 0.056084015
v -0.014985878 -0.016145938 0.056092364
v -0.014985859 -0.01611128 0.05610037
v -0.014985742 -0.016091062 0.056102491
v -0.014985625 -0.016069828 0.056102933
v -0.014985458 -0.016037431 0.056099964
v -0.014985275 -0.015998569 0.056090787
v -0.015989927 -0.017269427 0.056823632
v -0.015488681 -0.017266796 0.056821727
v -0.015989819 -0.017258163 0.056838614
v -0.015488353 -0.017291387 0.056873783
v -0.015989688 -0.01724558 0.056858918
v -0.015989443 -0.017226062 0.05690338
v -0.015989588 -0.017236838 0.056875667
v -0.015488654 -0.017234054 0.056874098
v -0.015488529 -0.017215147 0.056932899
v -0.015989306 -0.017218097 0.056933149
v -0.015488358 -0.017264508 0.056918158
v -0.015488195 -0.017258065 0.056964503
v -0.015989245 -0.017214214 0.056962116
v -0.015488316 -0.017211233 0.056994538
v -0.015989087 -0.017213823 0.05699582
v -0.015488106 -0.017260721 0.057016129
v -0.01598906 -0.017218469 0.057028564
v -0.015988955 -0.017225841 0.057059212
v -0.015988924 -0.017245954 0.057104282
v -0.015988935 -0.017232419 0.057076967
v -0.015487915 -0.017229615 0.057074644
v -0.015487737 -0.017243332 0.057102366
v -0.014988896 -0.017228735 0.057076876
v -0.014988888 -0.017241221 0.057101425
v -0.0149889 -0.017227089 0.057072975
v -0.014988919 -0.017220777 0.057055929
v -0.015488026 -0.01722255 0.057055256
v -0.014988974 -0.017212808 0.057024424
v -0.014989042 -0.017208811 0.056995607
v -0.014989049 -0.017208621 0.056992814
v -0.014988936 -0.017209163 0.056966625
v -0.014989305 -0.017214671 0.056921695
v -0.014989454 -0.017223964 0.056890074
v -0.014989613 -0.017236853 0.056861625
v -0.014989776 -0.017252157 0.056835889
v -0.014989892 -0.017264176 0.056819832
v -0.014991668 -0.017654546 0.055979956
v -0.014994694 -0.017688133 0.056021177
v -0.015994695 -0.017657661 0.055983479
v -0.015994744 -0.017694966 0.056023031
v -0.014994691 -0.017706778 0.056054424
v -0.015994742 -0.017713606 0.056056279
v -0.015994729 -0.017719989 0.05607134
v -0.014994673 -0.01771499 0.056074621
v -0.01599471 -0.017725262 0.056086824
v -0.014994638 -0.017721988 0.056098124
v -0.015994668 -0.017731229 0.056110608
v -0.014994576 -0.017727592 0.05612756
v -0.015994614 -0.017735099 0.056134826
v -0.015994584 -0.01773598 0.056145699
v -0.014994509 -0.017729337 0.05615202
v -0.015994535 -0.017736352 0.056162051
v -0.015994451 -0.017734892 0.05618653
v -0.0149944 -0.017728062 0.056184673
v -0.015994356 -0.017731299 0.05621079
v -0.014994282 -0.017723254 0.056214253
v -0.015994309 -0.01772887 0.056221423
v -0.014994106 -0.017711788 0.056250604
v -0.01599421 -0.017722634 0.056242321
v -0.015994103 -0.017714602 0.056262596
v -0.01499172 -0.017679401 0.05630019
v -0.015996675 -0.017694369 0.056298941
v -0.015976709 -0.016817561 0.060270425
v -0.015468131 -0.016840303 0.060318763
v -0.015976504 -0.016796874 0.060293057
v -0.015469085 -0.016761651 0.060335815
v -0.015976169 -0.016762151 0.060346885
v -0.015976323 -0.016775822 0.060321225
v -0.015976087 -0.016755612 0.060361452
v -0.015469213 -0.016752473 0.060354905
v -0.015976007 -0.016749958 0.060377385
v -0.015468999 -0.016781084 0.060394485
v -0.015469525 -0.016732727 0.060436911
v -0.015469551 -0.01673221 0.060458087
v -0.015975711 -0.016738348 0.060452137
v -0.015975633 -0.016755237 0.06054275
v -0.015975582 -0.016742875 0.060501259
v -0.015469539 -0.016736549 0.060500193
v -0.015975623 -0.01673996 0.06048278
v -0.015975512 -0.016788349 0.060603025
v -0.015975499 -0.016772725 0.060579893
v -0.015469262 -0.016766025 0.060579224
v -0.015467792 -0.016896976 0.060569702
v -0.0154692 -0.016902165 0.060657157
v -0.015975712 -0.016839401 0.060650412
v -0.015977424 -0.016901348 0.060687237
v -0.014975614 -0.016830111 0.06065639
v -0.014975673 -0.016864105 0.060677453
v -0.014975831 -0.016892992 0.06068825
v -0.015468552 -0.01682382 0.060572828
v -0.01546885 -0.01680457 0.060629552
v -0.014975488 -0.016808196 0.060639118
v -0.014975424 -0.016775877 0.060603243
v -0.01497546 -0.016796312 0.060627559
v -0.014975412 -0.016758954 0.060577634
v -0.015468862 -0.016793087 0.060513364
v -0.015469362 -0.016756166 0.060560477
v -0.014975412 -0.016756412 0.060573056
v -0.014975463 -0.016735011 0.060519565
v -0.014975437 -0.016740509 0.060537215
v -0.01497542 -0.016747761 0.06055546
v -0.014975417 -0.01675008 0.060560528
v -0.014975502 -0.016730297 0.060498746
v -0.015469556 -0.016733487 0.060479232
v -0.014975513 -0.016729416 0.060493573
v -0.01497568 -0.016726948 0.060435776
v -0.014975618 -0.016726274 0.06045449
v -0.014975555 -0.016727307 0.060476643
v -0.014975759 -0.016729375 0.060414809
v -0.015469478 -0.016735037 0.060415856
v -0.015975615 -0.01674192 0.060415531
v -0.01497578 -0.016730255 0.060409634
v -0.014976045 -0.016747155 0.060354056
v -0.014975903 -0.016737078 0.060382221
v -0.014976154 -0.016756294 0.060335295
v -0.01546894 -0.016772414 0.060317572
v -0.014976182 -0.01675883 0.060330713
v -0.014976623 -0.016792975 0.060285739
v -0.014976279 -0.016768026 0.060315763
v -0.015997653 -0.018546365 0.056576563
v -0.014997701 -0.018561389 0.05658123
v -0.014997762 -0.018560102 0.056559457
v -0.015997714 -0.018545078 0.056554792
v -0.014997965 -0.018564403 0.056515816
v -0.015997826 -0.018546947 0.05652216
v -0.015997957 -0.018552595 0.056489964
v -0.014998131 -0.018575745 0.056468619
v -0.015998123 -0.018563796 0.056456374
v -0.01499824 -0.018584218 0.05644853
v -0.015998219 -0.018571532 0.056438937
v -0.01599835 -0.018582699 0.056420861
v -0.014998371 -0.018595887 0.05642696
v -0.01599846 -0.018594376 0.056401826
v -0.01499854 -0.018612743 0.056402188
v -0.015998523 -0.018601069 0.056393215
v -0.015998637 -0.01861378 0.056378993
v -0.014998685 -0.018628803 0.056383659
v -0.015998819 -0.018635599 0.056358454
v -0.014998868 -0.01865062 0.056363117
v -0.015998921 -0.018648495 0.05634839
v -0.014998969 -0.018663515 0.056353054
v -0.01599899 -0.018657468 0.056342188
v -0.014999072 -0.018677108 0.056343953
v -0.015999058 -0.018666703 0.056336389
v -0.014999243 -0.018700913 0.056330685
v -0.015999194 -0.018685888 0.05632602
v -0.014999446 -0.01873128 0.056318589
v -0.015999331 -0.018705909 0.056317364
v -0.015999465 -0.018726602 0.056310487
v -0.014999645 -0.018762841 0.0563101
v -0.015999596 -0.01874782 0.056305437
v -0.014999772 -0.018784416 0.056306921
v -0.015999724 -0.018769395 0.056302257
v -0.016004314 -0.019565182 0.056220213
v -0.015004323 -0.019573728 0.056226023
v -0.016004436 -0.019586954 0.056218927
v -0.015004501 -0.019606414 0.056225996
v -0.016004553 -0.019608753 0.056219541
v -0.015004611 -0.019628075 0.056228509
v -0.016004663 -0.019630417 0.056222055
v -0.015004714 -0.019649441 0.056232898
v -0.016004765 -0.019651783 0.056226444
v -0.01500483 -0.019675448 0.056241032
v -0.016004914 -0.019685372 0.056237646
v -0.015004893 -0.019690617 0.056247167
v -0.016005029 -0.019714746 0.056251965
v -0.015004977 -0.019712409 0.056258417
v -0.016005101 -0.01973547 0.056265072
v -0.015005049 -0.019733133 0.056271524
v -0.016005153 -0.019752682 0.056278452
v -0.015005101 -0.019750344 0.056284907
v -0.016005194 -0.019768665 0.056293282
v -0.015005142 -0.019766325 0.05629974
v -0.016005217 -0.019779817 0.056305253
v -0.015005165 -0.019777475 0.056311706
v -0.016005228 -0.019786771 0.056313655
v -0.015005177 -0.019784432 0.05632011
v -0.016005342 -0.019799969 0.056333393
v -0.015005189 -0.019795567 0.056335598
v -0.015005191 -0.019813386 0.056366199
v -0.016005242 -0.019815725 0.056359743
v -0.015005175 -0.01982204 0.056386217
v -0.016005227 -0.019824382 0.056379764
v -0.015005148 -0.019828922 0.056406912
v -0.0160052 -0.019831261 0.056400457
v -0.015005084 -0.019835564 0.056438917
v -0.016005161 -0.019836309 0.056421673
v -0.016005111 -0.019839492 0.056443249
v -0.016006831 -0.022274211 0.060140572
v -0.015499518 -0.022289412 0.060126804
v -0.016007108 -0.02230647 0.060116255
v -0.015499234 -0.02230076 0.060079791
v -0.015500299 -0.022351485 0.060088465
v -0.016007416 -0.022347316 0.060080792
v -0.016008004 -0.022398252 0.059980989
v -0.016007773 -0.022381968 0.060026671
v -0.015501558 -0.022397364 0.060017694
v -0.01600827 -0.022405425 0.059908419
v -0.016008148 -0.022404415 0.059945769
v -0.015502237 -0.022417099 0.059935688
v -0.016008427 -0.022387385 0.059826458
v -0.016008379 -0.022398792 0.059861989
v -0.015502261 -0.022408451 0.059851782
v -0.016008409 -0.022343212 0.05975509
v -0.016008439 -0.022365718 0.059784806
v -0.015501627 -0.022372396 0.05977553
v -0.016008242 -0.022284097 0.059705756
v -0.016008323 -0.022308943 0.059722942
v -0.015500718 -0.022282918 0.059757512
v -0.015500227 -0.022314418 0.059784954
v -0.015008525 -0.022365749 0.059751551
v -0.015008472 -0.022343168 0.059729035
v -0.015008435 -0.022318302 0.059710784
v -0.015008554 -0.022384917 0.059775688
v -0.015500926 -0.022350869 0.059843437
v -0.015501844 -0.022383802 0.059793376
v -0.015008556 -0.022387842 0.059780021
v -0.015008544 -0.022410264 0.059822782
v -0.015008559 -0.022396491 0.059794164
v -0.015008509 -0.022420318 0.059851785
v -0.015501093 -0.02236555 0.059908703
v -0.015502318 -0.022413275 0.059872409
v -0.0150085 -0.022421649 0.059856851
v -0.015008389 -0.022428655 0.059904744
v -0.015008468 -0.022425175 0.059873295
v -0.015008293 -0.022428541 0.059935313
v -0.015500735 -0.022357781 0.059975152
v -0.015502127 -0.022414795 0.059956745
v -0.015008274 -0.022428117 0.059940541
v -0.015008033 -0.022416191 0.059997149
v -0.015008117 -0.022421477 0.059979185
v -0.015008209 -0.022425961 0.059957467
v -0.01500793 -0.022408642 0.060016862
v -0.016007556 -0.022362118 0.060061401
v -0.015499889 -0.022328338 0.060035255
v -0.015501293 -0.02238819 0.060036783
v -0.015007903 -0.022406509 0.060021658
v -0.015007638 -0.022381914 0.060063625
v -0.015007801 -0.022397661 0.060039156
v -0.015007825 -0.022399869 0.060035102
v -0.015007461 -0.022362872 0.060087233
v -0.015007376 -0.022352971 0.060097143
v -0.015007004 -0.022305286 0.060133274
v -0.015007189 -0.022329947 0.060117077
v -0.015510211 -0.021181333 0.05664421
v -0.016012023 -0.021228746 0.056657221
v -0.015510591 -0.021215657 0.056688676
v -0.016011843 -0.021220046 0.056695193
v -0.01601216 -0.021232055 0.056614565
v -0.015511538 -0.021237542 0.056579452
v -0.016012244 -0.021229838 0.056583829
v -0.015510662 -0.021194408 0.056609309
v -0.015510847 -0.021186989 0.056563484
v -0.016012328 -0.021222656 0.056555376
v -0.015511635 -0.021221132 0.056519908
v -0.016012343 -0.021213364 0.056523211
v -0.015510946 -0.02116743 0.056515564
v -0.016012409 -0.021198479 0.056493637
v -0.016012343 -0.021181261 0.056467246
v -0.016012272 -0.021147504 0.056431237
v -0.016012324 -0.021169235 0.056452616
v -0.015511365 -0.021177627 0.056450176
v -0.015511147 -0.02115562 0.056428445
v -0.015012405 -0.021182701 0.056444077
v -0.015012357 -0.021162914 0.056424921
v -0.01501241 -0.021185528 0.05644723
v -0.015012429 -0.021197037 0.056461295
v -0.015511474 -0.021190628 0.056466201
v -0.015012441 -0.021214818 0.056488498
v -0.015012432 -0.02122797 0.056514449
v -0.015012429 -0.021229056 0.056517032
v -0.015012203 -0.021237409 0.056541764
v -0.015012333 -0.021245411 0.056576418
v -0.015012282 -0.021247532 0.056596636
v -0.015012218 -0.02124798 0.056617871
v -0.0150121 -0.02124501 0.05665027
v -0.015011929 -0.021235831 0.056689129
v -0.016010782 -0.020634522 0.056013623
v -0.015010873 -0.020652246 0.056009234
v -0.01501083 -0.020635938 0.055994751
v -0.016010738 -0.020618219 0.055999138
v -0.015010834 -0.020608561 0.055960869
v -0.016010696 -0.020596469 0.055974739
v -0.016010677 -0.020577693 0.055947985
v -0.015010772 -0.020585049 0.055924412
v -0.016010681 -0.020567323 0.055928798
v -0.016010687 -0.020562778 0.055918886
v -0.015010791 -0.020575582 0.055901783
v -0.016010712 -0.020554312 0.055895866
v -0.015010814 -0.020569512 0.055883699
v -0.016010741 -0.020549031 0.055877532
v -0.015010843 -0.020565607 0.055867814
v -0.016010774 -0.020545827 0.055861493
v -0.015010877 -0.020562635 0.055851729
v -0.01601085 -0.020542696 0.05583169
v -0.015010941 -0.020560416 0.055827306
v -0.016010926 -0.020542607 0.055807172
v -0.015011017 -0.020560336 0.055802782
v -0.016011016 -0.020545141 0.05578278
v -0.015011107 -0.020562863 0.055778393
v -0.016011116 -0.020549786 0.055758698
v -0.015011207 -0.020567507 0.055754312
v -0.015011306 -0.020573744 0.055733413
v -0.016011215 -0.02055602 0.055737802
v -0.015011413 -0.020581776 0.05571314
v -0.016011322 -0.020564055 0.055717524
v -0.015011588 -0.020597262 0.055684353
v -0.016011436 -0.020573822 0.055698026
v -0.016011557 -0.020585258 0.055679453
v -0.015011773 -0.020615986 0.055657562
v -0.016011682 -0.02059826 0.055661948
v -0.016016368 -0.021102948 0.055041221
v -0.015016357 -0.02110966 0.055050379
v -0.015016553 -0.021132069 0.055026584
v -0.016016497 -0.021117434 0.055024918
v -0.016016631 -0.021133283 0.055009937
v -0.015016755 -0.021157088 0.055005549
v -0.016016766 -0.021150376 0.054996392
v -0.015016892 -0.021175296 0.054993549
v -0.016016903 -0.021168584 0.054984392
v -0.015017029 -0.021194485 0.054983181
v -0.016017039 -0.021187773 0.054974024
v -0.016017192 -0.0212104 0.05496456
v -0.015017181 -0.021217112 0.054973717
v -0.016017343 -0.021233762 0.05495711
v -0.015017332 -0.021240472 0.054966271
v -0.016017441 -0.0212497 0.054953442
v -0.01501743 -0.021256414 0.054962596
v -0.016017537 -0.021265865 0.054950938
v -0.015017494 -0.021267163 0.05496077
v -0.015017588 -0.021283424 0.054958973
v -0.016017661 -0.021287596 0.054949173
v -0.01501768 -0.021299755 0.054958126
v -0.01601775 -0.021303952 0.054949042
v -0.015017768 -0.021316109 0.054958469
v -0.016017836 -0.021320275 0.054950095
v -0.01501788 -0.021337817 0.054960506
v -0.016018081 -0.021350504 0.054955974
v -0.015017984 -0.021359266 0.05496443
v -0.015018147 -0.021395617 0.054975896
v -0.016018158 -0.021388909 0.054966741
v -0.015018265 -0.021425255 0.054989685
v -0.016018309 -0.021427828 0.054986244
v -0.01501833 -0.021443825 0.055001116
v -0.015018385 -0.021461331 0.055014122
v -0.016018396 -0.021454621 0.05500497
v -0.01551873 -0.022030717 0.055397229
v -0.016020016 -0.022003744 0.055444168
v -0.015518712 -0.021973555 0.055422403
v -0.016019889 -0.02196757 0.055421583
v -0.016020165 -0.022039831 0.055459318
v -0.01551955 -0.022073635 0.055471394
v -0.016020302 -0.022069598 0.055467278
v -0.015519137 -0.022058933 0.05542194
v -0.015519387 -0.022105256 0.055428472
v -0.016020499 -0.022098575 0.055471193
v -0.015519873 -0.022135274 0.055475311
v -0.01602063 -0.022132268 0.055471557
v -0.015519735 -0.022156874 0.055425864
v -0.016020872 -0.022165007 0.055466911
v -0.016021013 -0.022195657 0.055459539
v -0.016021321 -0.022240727 0.055439425
v -0.01602113 -0.022213414 0.055452962
v -0.015520116 -0.022215384 0.055456928
v -0.015520145 -0.022243105 0.055443211
v -0.015021139 -0.02222189 0.055458969
v -0.015021311 -0.022246439 0.055446482
v -0.015021112 -0.02221799 0.055460614
v -0.015021 -0.022200942 0.055466927
v -0.015520077 -0.022195994 0.055463992
v -0.015020803 -0.022169442 0.055474894
v -0.015020634 -0.022140621 0.055478895
v -0.015020618 -0.022137827 0.055479081
v -0.01502028 -0.022111644 0.055478541
v -0.01502025 -0.022066711 0.055473029
v -0.015020107 -0.022035087 0.055463737
v -0.015019992 -0.022006643 0.05545085
v -0.015019899 -0.021980905 0.055435542
v -0.015019849 -0.021964848 0.055423523
v -0.016037226 -0.025406847 0.055867877
v -0.015529095 -0.025430464 0.055867283
v -0.016037264 -0.02542948 0.055888564
v -0.015529641 -0.02547155 0.055874674
v -0.015530313 -0.025476583 0.055924969
v -0.01603747 -0.025483307 0.05592329
v -0.016037373 -0.025457648 0.055909614
v -0.016037529 -0.025497873 0.055929829
v -0.015530625 -0.025495672 0.055934146
v -0.016037647 -0.025524587 0.055938394
v -0.015530683 -0.025535271 0.055905462
v -0.015531454 -0.025556614 0.055951585
v -0.016037758 -0.025578258 0.055946123
v -0.016038628 -0.025679168 0.055930204
v -0.01603825 -0.025637676 0.055942568
v -0.015532233 -0.025640947 0.055950069
v -0.016038141 -0.025619203 0.055945484
v -0.016038947 -0.025739444 0.055897093
v -0.016038772 -0.02571631 0.055912717
v -0.015532565 -0.025719981 0.055920595
v -0.015532411 -0.025784717 0.055866518
v -0.016039514 -0.025795194 0.055838999
v -0.016039177 -0.025767767 0.055872555
v -0.015531504 -0.025762371 0.055814283
v -0.015531984 -0.025819365 0.055813433
v -0.016041318 -0.025823642 0.055784093
v -0.015533412 -0.025820487 0.05578478
v -0.015039692 -0.0258293 0.055808841
v -0.0150398 -0.025836972 0.055787634
v -0.015039435 -0.025806215 0.055851117
v -0.015039609 -0.025822436 0.055823665
v -0.015039257 -0.025787577 0.055875665
v -0.015531664 -0.025713561 0.055862769
v -0.015532494 -0.025770314 0.055882051
v -0.015039225 -0.025784105 0.055879573
v -0.015038872 -0.025740914 0.055917336
v -0.015038986 -0.025755547 0.055906449
v -0.015039125 -0.025772543 0.055891456
v -0.015038737 -0.025722624 0.055928815
v -0.015531536 -0.025654101 0.05589345
v -0.015532527 -0.025701233 0.055930452
v -0.015038704 -0.025718043 0.055931357
v -0.015038403 -0.025673379 0.055950009
v -0.015038599 -0.025702983 0.055938849
v -0.015038218 -0.025643734 0.055957469
v -0.015531038 -0.025587809 0.055902602
v -0.015532078 -0.02561999 0.055953132
v -0.015038187 -0.025638562 0.055958353
v -0.015037914 -0.025590122 0.055961156
v -0.015038088 -0.025621631 0.05596046
v -0.015037758 -0.0255598 0.055958389
v -0.015037733 -0.025554625 0.05595751
v -0.015037483 -0.025499044 0.055940611
v -0.015037604 -0.02552721 0.055950688
v -0.015037409 -0.025480281 0.055931473
v -0.015037365 -0.025468229 0.055924338
v -0.015037227 -0.02542141 0.055887087
v -0.015037283 -0.025443215 0.055906966
v -0.016022506 -0.021712995 0.054138991
v -0.015022599 -0.021726225 0.054126294
v -0.015022476 -0.021704454 0.054127585
v -0.016022383 -0.021691222 0.054140278
v -0.015022295 -0.021660811 0.05412328
v -0.016022211 -0.02165859 0.054138409
v -0.016022054 -0.021626397 0.054132763
v -0.01502203 -0.021613618 0.054111934
v -0.016021906 -0.021592803 0.054121562
v -0.015021947 -0.021593527 0.054103462
v -0.016021808 -0.021568194 0.054109897
v -0.015021866 -0.021571959 0.054091793
v -0.016021718 -0.021542705 0.054094137
v -0.015021784 -0.021547182 0.054074936
v -0.016021678 -0.021529647 0.054084288
v -0.016021657 -0.021509957 0.054065436
v -0.015021745 -0.021523079 0.054052948
v -0.016021586 -0.021488112 0.054041207
v -0.015021679 -0.021501342 0.054028509
v -0.016021577 -0.021478619 0.054027885
v -0.015021669 -0.021491852 0.054015189
v -0.016021574 -0.021472817 0.05401865
v -0.015021668 -0.021480865 0.053996361
v -0.016021577 -0.021462452 0.053999462
v -0.015021781 -0.021461604 0.053946011
v -0.016021606 -0.021450355 0.053969098
v -0.016021658 -0.021441867 0.053937531
v -0.015021801 -0.021451918 0.053903259
v -0.016021708 -0.021438684 0.053915955
v -0.015023824 -0.021371011 0.053113937
v -0.015024057 -0.021374666 0.05305941
v -0.016023776 -0.021355987 0.053109271
v -0.016023918 -0.021357214 0.053065756
v -0.016024049 -0.021362858 0.053033559
v -0.015024223 -0.021386013 0.053012213
v -0.016024175 -0.021370993 0.053007548
v -0.016024368 -0.021384913 0.052978023
v -0.01502446 -0.021402622 0.052977916
v -0.016024521 -0.021401483 0.052949869
v -0.015024632 -0.021423008 0.052945779
v -0.016024615 -0.021411335 0.052936812
v -0.01602468 -0.021418397 0.052928501
v -0.015024777 -0.021439066 0.052927253
v -0.016024778 -0.021429696 0.052916677
v -0.016024878 -0.021441664 0.052905529
v -0.01502508 -0.021471183 0.052901278
v -0.016024997 -0.021456657 0.052893728
v -0.01602515 -0.021476966 0.052879983
v -0.01502549 -0.021514245 0.052872454
v -0.016025355 -0.021506164 0.052865285
v -0.015025181 -0.021573109 0.05285418
v -0.016025623 -0.021547477 0.052851555
v -0.016025816 -0.021579659 0.052845851
v -0.014966556 -0.013085371 0.057005114
v -0.014984452 -0.015812847 0.056030438
v -0.015966512 -0.013072758 0.057003253
v -0.014967746 -0.013209805 0.056840942
v -0.015967707 -0.013197629 0.056838508
v -0.014968974 -0.013347381 0.056687617
v -0.015968938 -0.013335683 0.056684647
v -0.014970231 -0.013497151 0.05654618
v -0.0159702 -0.01348598 0.056542715
v -0.014971509 -0.013658094 0.056417602
v -0.015971482 -0.013647489 0.056413686
v -0.014972799 -0.013829112 0.05630276
v -0.015972777 -0.013819105 0.056298442
v -0.014974091 -0.014009032 0.056202442
v -0.015974074 -0.013999656 0.05619777
v -0.014975379 -0.014196626 0.056117328
v -0.015975366 -0.014187907 0.05611236
v -0.014976652 -0.014390611 0.056048006
v -0.015976643 -0.014382574 0.056042796
v -0.014977901 -0.014589661 0.055994953
v -0.015977897 -0.014582319 0.055989555
v -0.014979119 -0.014792414 0.055958522
v -0.015979119 -0.01478578 0.055952994
v -0.014980297 -0.014997481 0.055938966
v -0.015980301 -0.014991569 0.055933372
v -0.014981427 -0.015203469 0.05593642
v -0.015981435 -0.015198272 0.055930819
v -0.014982501 -0.01540896 0.055950904
v -0.015982513 -0.015404484 0.055945351
v -0.014983511 -0.015612551 0.055982314
v -0.015983527 -0.01560879 0.055976871
v -0.015984471 -0.015809794 0.056025165
v -0.024546807 0.02966842 -0.0008165447
v -0.024583046 0.030489356 0.00012741912
v -0.020314009 0.029812482 -0.00097560772
v -0.020306589 0.030634907 -3.3283087e-05
v -0.029778266 0.01911444 0.020284479
v -0.022476739 0.019056196 0.020440974
v -0.029502336 0.013123272 0.012917
v -0.022208214 0.01322577 0.013271163
v -0.02951407 0.0090886391 0.016197488
v -0.022219372 0.0093889006 0.016390853
v -0.029781651 0.017950604 0.021230774
v -0.022479549 0.018090123 0.021226471
v -0.029549289 0.01290541 0.015026581
v -0.022247188 0.013044927 0.015022276
v -0.029554253 0.01119845 0.01641448
v -0.022252727 0.011140203 0.016570973
v -0.029786615 0.016243644 0.022618672
v -0.022485088 0.016185399 0.022775168
v -0.029789999 0.015079807 0.023564967
v -0.022487898 0.015219326 0.023560664
v -0.021464945 0.0057974981 -0.0074262676
v -0.021452023 0.0071893341 -0.0057144198
v -0.021489274 0.0057869 -0.0074167848
v -0.021587724 0.0071251033 -0.005658109
v -0.021612289 0.0057274223 -0.007364379
v -0.021599369 0.0071190108 -0.0056528367
v -0.021620824 0.0057229091 -0.0073604482
v -0.021973245 0.0054810702 -0.0071552642
v -0.021977365 0.0068567149 -0.0054320107
v -0.021999283 0.005457761 -0.0071358454
v -0.021748176 0.0056489125 -0.0072967065
v -0.02172617 0.0070460391 -0.0055899712
v -0.021862967 0.0055701112 -0.0072298909
v -0.021832479 0.0069741512 -0.0055297908
v -0.021879828 0.0055574202 -0.0072192063
v -0.021866913 0.0069484826 -0.0055083102
v -0.021941916 0.0068878867 -0.0054578515
v -0.022324626 0.0050394537 -0.0067912956
v -0.022316847 0.0064195227 -0.0050734874
v -0.02234323 0.0050021884 -0.0067607885
v -0.022333718 0.0063851332 -0.0050454179
v -0.022096636 0.0053611343 -0.0070556945
v -0.022069561 0.0067668511 -0.0053578373
v -0.022104507 0.0053525736 -0.007048619
v -0.022091596 0.0067431402 -0.0053383314
v -0.022190633 0.0052493012 -0.0069638323
v -0.022171755 0.0066477019 -0.005259578
v -0.022258892 0.0051526567 -0.0068840715
v -0.022235089 0.0065595415 -0.0051878598
v -0.022279492 0.0051197175 -0.0068570554
v -0.022266585 0.0065098773 -0.0051472709
v -0.022301214 0.0064493659 -0.0050978511
v -0.02245587 0.0058554197 -0.0046130487
v -0.022468773 0.0044656581 -0.0063223452
v -0.022453152 0.0059320364 -0.0046755253
v -0.022466787 0.004531334 -0.0063758767
v -0.022389458 0.0048940462 -0.0066723273
v -0.022369543 0.0063022369 -0.0049777706
v -0.022399463 0.0048664139 -0.0066497346
v -0.022386558 0.0062562989 -0.0049402841
v -0.022427297 0.0047760173 -0.0065758417
v -0.022409487 0.0061836816 -0.0048810237
v -0.02243761 0.0047345936 -0.0065419856
v -0.022424706 0.0061243993 -0.004832635
v -0.022453203 0.0046551362 -0.0064770502
v -0.022437065 0.0060639226 -0.0047832576
v -0.022460771 0.0046006855 -0.0064325517
v -0.022447867 0.0059904515 -0.0047232511
v -0.024409983 -0.0025185486 0.0023489751
v -0.024422917 -0.0039114973 0.00063575745
v -0.024324846 -0.0025203422 0.002339471
v -0.024266229 -0.0039085888 0.00061972309
v -0.024239954 -0.0025184346 0.0023287662
v -0.02414886 -0.0025122428 0.0023158801
v -0.024071607 -0.0025039462 0.0023033305
v -0.02408451 -0.0038937064 0.00059403534
v -0.023919095 -0.0038675531 0.00056035125
v -0.023906191 -0.0024777919 0.0022696479
v -0.023757822 -0.0038304215 0.0005180582
v -0.023744919 -0.0024406617 0.0022273536
v -0.023601864 -0.0037825838 0.0004674573
v -0.02358896 -0.0023928226 0.002176754
v -0.023452353 -0.0037243869 0.00040892098
v -0.02343945 -0.0023346258 0.0021182177
v -0.023310381 -0.003656254 0.00034287561
v -0.023297477 -0.0022664942 0.0020521709
v -0.023176979 -0.0035786816 0.00026979946
v -0.023164075 -0.0021889205 0.0019790961
v -0.023053116 -0.0034922313 0.00019022624
v -0.023040213 -0.0021024711 0.0018995214
v -0.022939697 -0.0033975358 0.00010473021
v -0.022926794 -0.0020077756 0.0018140254
v -0.022837544 -0.0032952831 1.3940446e-05
v -0.02282464 -0.0019055224 0.0017232373
v -0.022747403 -0.0031862159 -8.1486957e-05
v -0.0227345 -0.0017964552 0.0016278099
v -0.022669927 -0.0030711292 -0.00018085571
v -0.022657023 -0.0016813685 0.0015284412
v -0.022605681 -0.00295086 -0.00028344289
v -0.022592779 -0.0015610997 0.0014258523
v -0.022555135 -0.0028262813 -0.00038850333
v -0.022542232 -0.0014365215 0.001320792
v -0.022518653 -0.0026983047 -0.00049527249
v -0.022505749 -0.001308544 0.0012140245
v -0.022496504 -0.002567856 -0.00060297298
v -0.0224836 -0.0011780953 0.0011063239
v -0.022488844 -0.002435888 -0.00071081998
v -0.022475941 -0.0010461278 0.00099847522
v -0.021345104 0.0072390163 -0.0057578794
v -0.021325142 0.0058638181 -0.007484523
v -0.021304675 0.0072598707 -0.0057757415
v -0.021218412 0.0073085455 -0.005816716
v -0.021216344 0.0059252884 -0.0075367257
v -0.021166019 0.0073411386 -0.0058436617
v -0.021178947 0.0059487028 -0.0075562456
v -0.021099125 0.0073864578 -0.00588056
v -0.021095672 0.0060055634 -0.0076029419
v -0.021037108 0.0074326178 -0.0059175379
v -0.021050041 0.0060397862 -0.0076306133
v -0.020987316 0.0074729304 -0.0059493827
v -0.020985197 0.0060926685 -0.0076727946
v -0.020918927 0.0075337192 -0.005996685
v -0.020931864 0.0061404126 -0.0077103367
v -0.020883212 0.0075683055 -0.0060232407
v -0.020884582 0.0061864454 -0.0077460802
v -0.0208555 0.0075966667 -0.0060448354
v -0.020825313 0.0062499191 -0.0077946959
v -0.020812369 0.007643781 -0.0060803625
v -0.020517151 0.0081581125 -0.0064446163
v -0.02054673 0.0080757952 -0.0063889345
v -0.020528828 0.0067692495 -0.0081685995
v -0.020560054 0.0080432168 -0.0063666398
v -0.020566652 0.0066621343 -0.0080945355
v -0.020570079 0.008020118 -0.0063507437
v -0.020583039 0.0066240133 -0.0080678416
v -0.02061843 0.0079216637 -0.0062821259
v -0.020622435 0.0065429599 -0.008010423
v -0.02063728 0.0078878039 -0.0062581973
v -0.020650235 0.006492552 -0.0079742474
v -0.020687304 0.0078068947 -0.0062003143
v -0.020689914 0.0064278304 -0.0079272556
v -0.02071825 0.0077620728 -0.0061678013
v -0.020731197 0.0063675664 -0.0078829297
v -0.020766361 0.007698618 -0.006121201
v -0.020769486 0.0063168012 -0.0078451399
v -0.020793675 0.0062868766 -0.0078226671
v -0.020512765 0.0068181961 -0.0082018372
v -0.020504176 0.0082002823 -0.0064727842
v -0.020491887 0.0069026513 -0.0082586169
v -0.020478906 0.0083008114 -0.0065389861
v -0.020483041 0.0069474484 -0.0082883761
v -0.020473315 0.0083284299 -0.0065569447
v -0.020467374 0.0070629412 -0.0083643392
v -0.020454961 0.0084537749 -0.0066372137
v -0.020460504 0.0071955152 -0.0084487993
v -0.020447499 0.0085962261 -0.006726035
v -0.018340788 0.035874008 0.0080477738
v -0.01832259 0.035874944 0.0080477964
v -0.018327933 0.034037731 0.0095416019
v -0.020232536 0.035142833 0.0065191087
v -0.020237321 0.03337619 0.0079580958
v -0.020259371 0.033308531 0.0078059896
v -0.020234941 0.035136654 0.0065063332
v -0.020260338 0.033304142 0.0077962139
v -0.020255475 0.035065503 0.0063603057
v -0.020268417 0.033235416 0.0076448558
v -0.0202634 0.034989481 0.0062062601
v -0.020201317 0.033443454 0.0081124144
v -0.020198486 0.035211957 0.0066629466
v -0.020155405 0.035275093 0.006795918
v -0.020148747 0.033511868 0.0082727792
v -0.020142926 0.035290601 0.0068288228
v -0.020086007 0.033573333 0.0084199388
v -0.020079016 0.035358346 0.0069736281
v -0.020003779 0.035421857 0.0071109446
v -0.020009294 0.033632702 0.0085649621
v -0.019922137 0.035478611 0.0072348426
v -0.019924342 0.033686159 0.0086979966
v -0.019911168 0.035485514 0.0072499843
v -0.019916388 0.033690676 0.0087093397
v -0.019828282 0.035533376 0.0073552766
v -0.019833815 0.033733674 0.0088180942
v -0.019808565 0.035543772 0.0073782293
v -0.019813824 0.033743154 0.0088422463
v -0.019795843 0.035550306 0.0073926592
v -0.019729205 0.033779972 0.0089366219
v -0.01969202 0.035599065 0.007500511
v -0.019700015 0.033791581 0.0089665397
v -0.019575923 0.035645646 0.007603569
v -0.019614871 0.033822745 0.0090471342
v -0.019570476 0.035647659 0.0076080133
v -0.019575792 0.033835853 0.0090811078
v -0.019446365 0.035689879 0.007700934
v -0.019490663 0.033862137 0.0091492824
v -0.019442053 0.033875898 0.0091849148
v -0.019329721 0.035724094 0.0077754111
v -0.01935755 0.033897903 0.0092416882
v -0.019294411 0.03573353 0.0077957375
v -0.019299761 0.033911693 0.0092769979
v -0.01926608 0.035740815 0.0078113508
v -0.019226198 0.0339279 0.0093181106
v -0.019144608 0.035769388 0.0078716766
v -0.019149964 0.033943236 0.0093564592
v -0.019130886 0.03577236 0.0078778471
v -0.018990703 0.035799995 0.0079338821
v -0.019088991 0.033954521 0.0093841824
v -0.018993741 0.033970543 0.0094225214
v -0.018852563 0.035822761 0.0079773663
v -0.01894574 0.033977922 0.0094396434
v -0.018826882 0.03582654 0.0079842358
v -0.018902921 0.033984128 0.0094537147
v -0.018832236 0.033993639 0.009474525
v -0.018763017 0.034002095 0.0094920651
v -0.018709445 0.035842106 0.0080109901
v -0.018666622 0.034012533 0.0095119423
v -0.01866127 0.035847701 0.0080198041
v -0.0186349 0.035850581 0.0080241053
v -0.018620698 0.03401698 0.0095195894
v -0.018490466 0.035864042 0.0080412484
v -0.018475761 0.034028864 0.0095362055
v -0.018498109 0.034027237 0.009534379
v -0.027506526 -0.0016878639 0.0035314038
v -0.027522377 -0.0033951919 0.0014315245
v -0.027478011 -0.0017042371 0.0035097829
v -0.027128164 -0.0018860563 0.003267954
v -0.024869911 -0.0038923441 0.00068246897
v -0.024608904 -0.0025076247 0.0023727147
v -0.025456413 -0.0038408895 0.00077615353
v -0.02506306 -0.0024643144 0.0024495243
v -0.026032717 -0.003760024 0.00090549417
v -0.025507913 -0.0023960113 0.0025566005
v -0.026595188 -0.0036502603 0.0010696756
v -0.025940074 -0.0023032376 0.0026931284
v -0.027140271 -0.003512288 0.0012676628
v -0.026356258 -0.002186701 0.0028580674
v -0.026753294 -0.0020472857 0.0030501647
v -0.028466654 -0.0016811922 0.0051203397
v -0.028485978 -0.0037625711 0.002560408
v -0.02846563 -0.001648716 0.0050918109
v -0.028484956 -0.003729609 0.0025326685
v -0.028462815 -0.0016187739 0.0050612224
v -0.028482119 -0.0036978801 0.0025040854
v -0.028458143 -0.001590643 0.0050278812
v -0.028477436 -0.0036669873 0.0024743177
v -0.028451717 -0.0015649424 0.0049925704
v -0.028470958 -0.0036373058 0.002443726
v -0.028443331 -0.0015409647 0.0049543233
v -0.028462662 -0.0036086846 0.0024121764
v -0.028433438 -0.0015198613 0.0049151747
v -0.028452577 -0.0035812543 0.0023798235
v -0.028421494 -0.001500386 0.0048729949
v -0.028440658 -0.0035549112 0.0023465507
v -0.02840811 -0.0014835071 0.004830045
v -0.028427112 -0.0035300742 0.0023129286
v -0.028392654 -0.0014683744 0.004784361
v -0.028375914 -0.0014556974 0.0047383609
v -0.0284117 -0.0035062908 0.0022783804
v -0.028394747 -0.003484051 0.0022436449
v -0.028353015 -0.0014428081 0.0046798054
v -0.028337085 -0.0014361249 0.0046414285
v -0.028375997 -0.0034629916 0.0022082087
v -0.028355722 -0.0034434191 0.0021726149
v -0.028291901 -0.0014243979 0.0045406167
v -0.02833372 -0.0034251206 0.0021365287
v -0.028310322 -0.003408352 0.002100509
v -0.028258877 -0.0033789792 0.0020280233
v -0.02824069 -0.0014200844 0.0044373098
v -0.028201771 -0.0033553809 0.0019558551
v -0.028183827 -0.0014227299 0.0043328635
v -0.028121724 -0.0014318832 0.0042285808
v -0.028165207 -0.0033440778 0.0019132783
v -0.028139418 -0.0033375949 0.001884706
v -0.028092875 -0.0014378553 0.0041830952
v -0.028054837 -0.0014471093 0.0041256781
v -0.027847225 -0.0033240708 0.0016235936
v -0.027908701 -0.0014941857 0.0039283931
v -0.027925643 -0.0033189343 0.0016840959
v -0.027983655 -0.001468002 0.0040252781
v -0.028000845 -0.0033194198 0.0017481796
v -0.028072278 -0.0033256173 0.0018152613
v -0.0277497 -0.0015610533 0.0037486773
v -0.027800277 -0.0015382822 0.0038023222
v -0.027830611 -0.0015252713 0.0038360288
v -0.027766168 -0.0033347162 0.0015672119
v -0.027683067 -0.003350733 0.0015154383
v -0.027666823 -0.0016011261 0.0036673169
v -0.027598536 -0.0033719697 0.0014686973
v -0.027582504 -0.0016452563 0.0035924186
v -0.015038985 -0.020885881 0.047410004
v -0.015040229 -0.021031974 0.047266192
v -0.015531896 -0.021008549 0.047256548
v -0.016027841 -0.020564187 0.050425007
v -0.016027921 -0.020668741 0.050582049
v -0.015028 -0.020685184 0.050579237
v -0.015027917 -0.020577076 0.050417325
v -0.015027936 -0.020472111 0.050227977
v -0.016027861 -0.020458857 0.050234995
v -0.015028073 -0.020383985 0.050030229
v -0.016027999 -0.020370424 0.050036555
v -0.015028328 -0.020313358 0.049825579
v -0.016028254 -0.020299548 0.049831189
v -0.015028696 -0.020260765 0.049615572
v -0.016028624 -0.020246772 0.049620442
v -0.015029178 -0.020226604 0.049401791
v -0.016029107 -0.020212491 0.049405912
v -0.015029767 -0.020211129 0.04918585
v -0.016029699 -0.020196963 0.049189215
v -0.015030461 -0.020214465 0.048969382
v -0.016030395 -0.020200308 0.048971987
v -0.015031254 -0.020236577 0.048754021
v -0.01603119 -0.020222497 0.048755874
v -0.015032139 -0.020277306 0.048541392
v -0.016032079 -0.020263367 0.048542501
v -0.015033111 -0.02033634 0.048333103
v -0.016033054 -0.020322612 0.048333484
v -0.015034161 -0.020413234 0.048130727
v -0.016034108 -0.020399773 0.048130398
v -0.015035283 -0.02050741 0.047935791
v -0.016035233 -0.020494278 0.04793478
v -0.015036466 -0.020618154 0.047749769
v -0.016036421 -0.020605409 0.047748104
v -0.015037703 -0.020744625 0.047574064
v -0.016037662 -0.020732327 0.047571782
v -0.016038948 -0.020874074 0.047407147
v -0.016040059 -0.021004196 0.047278431
v -0.028537033 -0.026385174 0.025675945
v -0.028557855 -0.029125052 0.023785208
v -0.028536962 -0.026270771 0.025499081
v -0.028557499 -0.028861954 0.023440168
v -0.028536786 -0.026138797 0.025325196
v -0.028537001 -0.026484894 0.025860285
v -0.028536889 -0.026556248 0.026020647
v -0.028536703 -0.02661311 0.026179272
v -0.028536446 -0.02665644 0.026337258
v -0.028536178 -0.026682548 0.02646853
v -0.028535779 -0.026702761 0.026631743
v -0.028536789 -0.026015673 0.02518748
v -0.028556713 -0.028441932 0.022959017
v -0.028535567 -0.026707826 0.026708573
v -0.028535428 -0.026709591 0.026756035
v -0.02854021 -0.022410576 0.017722766
v -0.028520885 -0.020329197 0.020282699
v -0.028546525 -0.024591045 0.019504
v -0.028527144 -0.022489795 0.022047363
v -0.028551826 -0.026479567 0.021100901
v -0.028532323 -0.024333198 0.023604451
v -0.028555056 -0.027722353 0.022234596
v -0.028535195 -0.025433787 0.024604827
v -0.028555874 -0.028065375 0.022570957
v -0.028536097 -0.025811923 0.024975491
v -0.015007816 -0.022150199 0.059602374
v -0.015011021 -0.021175485 0.056874852
v -0.016007746 -0.022139775 0.05961266
v -0.015007311 -0.021986029 0.059477934
v -0.016007239 -0.021975028 0.059487787
v -0.015006905 -0.0218327 0.059340355
v -0.016006832 -0.021821163 0.059349729
v -0.015006602 -0.021691262 0.059190584
v -0.016006528 -0.021679231 0.059199427
v -0.015006404 -0.021562684 0.059029634
v -0.016006329 -0.021550201 0.059037918
v -0.015006312 -0.021447839 0.058858611
v -0.016006237 -0.021434953 0.058866294
v -0.015006328 -0.021347519 0.058678689
v -0.016006253 -0.02133428 0.058685739
v -0.01500645 -0.021262405 0.058491091
v -0.016006375 -0.021248869 0.058497486
v -0.015006678 -0.021193079 0.058297103
v -0.016006604 -0.021179302 0.05830282
v -0.01500701 -0.02114002 0.058098051
v -0.016006937 -0.021126056 0.058103071
v -0.015007444 -0.021103586 0.057895296
v -0.016007373 -0.021089496 0.057899604
v -0.015007978 -0.021084027 0.057690226
v -0.016007908 -0.021069869 0.057693815
v -0.015008607 -0.021081481 0.057484237
v -0.01600854 -0.021067313 0.057487107
v -0.015009327 -0.021095959 0.057278744
v -0.016009262 -0.021081841 0.057280894
v -0.015010134 -0.021127367 0.057075154
v -0.016010072 -0.021113357 0.057076588
v -0.016010962 -0.021161648 0.056875584
v -0.02855497 -0.029172331 0.023847832
v -0.028548942 -0.029209938 0.023893452
v -0.028531486 -0.026715851 0.026882374
v -0.027577597 -0.028028394 0.026721646
v -0.027597154 -0.030134978 0.024130713
v -0.027683655 -0.030096292 0.024167163
v -0.027767468 -0.03005384 0.02419691
v -0.027702456 -0.027888161 0.026873958
v -0.027661847 -0.027935397 0.026825236
v -0.027848553 -0.030007973 0.024220171
v -0.027822255 -0.027740018 0.027012041
v -0.027744938 -0.027837112 0.026923963
v -0.0280059 -0.029904398 0.024248003
v -0.027922377 -0.027606599 0.027119131
v -0.027950148 -0.02994343 0.024240967
v -0.027906485 -0.027628339 0.027102756
v -0.027926875 -0.029958944 0.024237079
v -0.027889042 -0.02765196 0.027084492
v -0.028081835 -0.029846667 0.024251899
v -0.028057109 -0.027414298 0.027245597
v -0.028018787 -0.029894985 0.024249147
v -0.028016331 -0.02747396 0.027209974
v -0.027983265 -0.027521426 0.027179274
v -0.028144036 -0.029794985 0.02424949
v -0.028094455 -0.027358634 0.027275699
v -0.028150892 -0.029789021 0.02424888
v -0.028127542 -0.027308597 0.027299974
v -0.028201003 -0.029743641 0.024242062
v -0.028146821 -0.027279168 0.027312924
v -0.028218286 -0.029727207 0.024238673
v -0.028193336 -0.02720747 0.027339901
v -0.028263343 -0.029682238 0.024226996
v -0.02822348 -0.027160618 0.027353583
v -0.028278716 -0.029666121 0.024221968
v -0.028335043 -0.029603083 0.024198114
v -0.028275027 -0.027080215 0.027368184
v -0.028308773 -0.029633319 0.024210383
v -0.028252664 -0.027115105 0.027363363
v -0.028361661 -0.026946564 0.027356786
v -0.028353384 -0.026959127 0.027360477
v -0.028385769 -0.029539634 0.02416744
v -0.028338329 -0.026982133 0.027365556
v -0.028315804 -0.027016847 0.027369563
v -0.028350354 -0.029584694 0.024189909
v -0.028297763 -0.027044817 0.027370284
v -0.028396415 -0.02689463 0.027333053
v -0.028382446 -0.02691533 0.027344321
v -0.028430459 -0.029476358 0.024130174
v -0.028388274 -0.029536295 0.024165641
v -0.028403776 -0.02951513 0.024153806
v -0.028367593 -0.026937599 0.027353714
v -0.02843655 -0.029467023 0.024124105
v -0.028438883 -0.026833654 0.027280093
v -0.028430738 -0.026845084 0.027292851
v -0.028419793 -0.026860656 0.027307871
v -0.028407371 -0.0268786 0.027322314
v -0.028447121 -0.026822244 0.027265568
v -0.028467035 -0.02941684 0.024088886
v -0.028490013 -0.029373971 0.024055286
v -0.028460681 -0.026803805 0.027237894
v -0.028511025 -0.02932877 0.024016154
v -0.028502044 -0.026750793 0.027106393
v -0.028500624 -0.029352048 0.024036792
v -0.028498032 -0.026755703 0.027123799
v -0.028487065 -0.026769387 0.027164957
v -0.028473777 -0.026786476 0.027205292
v -0.028523812 -0.029296706 0.023985969
v -0.028537769 -0.029254837 0.023943413
v -0.028518707 -0.02673094 0.027012224
v -0.028543507 -0.029233814 0.023920598
v -0.028509726 -0.02674154 0.027068362
v -0.028527014 -0.026721234 0.026940608
v -0.028534296 -0.026712052 0.026821685
v -0.015022534 -0.022415484 0.055349751
v -0.015036917 -0.02528447 0.055747467
v -0.016022516 -0.022405989 0.055345143
v -0.015023823 -0.022601752 0.055261775
v -0.016023809 -0.022592909 0.055256858
v -0.015025099 -0.022794651 0.05518949
v -0.01602509 -0.022786483 0.055184319
v -0.015026353 -0.022992864 0.055133384
v -0.016026348 -0.02298539 0.05512802
v -0.015027578 -0.023195036 0.055093854
v -0.016027577 -0.023188268 0.055088348
v -0.015028764 -0.02339978 0.05507116
v -0.016028767 -0.023393735 0.055065573
v -0.015029903 -0.023605702 0.055065459
v -0.01602991 -0.023600374 0.055059852
v -0.015030988 -0.02381139 0.055076786
v -0.016030999 -0.023806785 0.055071224
v -0.015032011 -0.02401544 0.055105074
v -0.016032026 -0.024011546 0.055099609
v -0.015032965 -0.024216455 0.055150123
v -0.016032983 -0.024213266 0.055144814
v -0.015033843 -0.02441306 0.055211626
v -0.016033865 -0.024410561 0.055206532
v -0.015034641 -0.024603912 0.055289159
v -0.016034665 -0.024602081 0.05528434
v -0.015035351 -0.024787708 0.0553822
v -0.016035378 -0.024786521 0.055377703
v -0.01503597 -0.024963187 0.055490104
v -0.016035999 -0.024962617 0.055485988
v -0.015036493 -0.025129151 0.05561214
v -0.016036524 -0.025129161 0.055608449
v -0.016036949 -0.025285023 0.055744252
v -0.024558684 0.0060135369 -0.0045604135
v -0.024124147 0.005985431 -0.0045934276
v -0.024584116 0.0060158934 -0.0045576068
v -0.024988176 0.0060641114 -0.0044997499
v -0.025038237 0.0060715241 -0.0044908131
v -0.025409709 0.0061368081 -0.0044118484
v -0.025483054 0.0061518981 -0.0043935504
v -0.02582042 0.006231134 -0.0042973081
v -0.025915181 0.0062564046 -0.0042665652
v -0.026217522 0.0063464502 -0.0041569012
v -0.026331332 0.0063842492 -0.0041108191
v -0.026598319 0.0064819711 -0.0039915886
v -0.026728336 0.0065344598 -0.0039274991
v -0.026960224 0.0066367786 -0.0038024865
v -0.027103176 0.0067058888 -0.0037180008
v -0.027300785 0.0068098214 -0.0035908815
v -0.027775134 0.0071070403 -0.0032270331
v -0.027617684 0.0069999255 -0.0033582078
v -0.027452996 0.0068972335 -0.0034839188
v -0.028067139 0.0073337097 -0.0029492998
v -0.027908771 0.0072057999 -0.003106047
v -0.028326788 0.0075755169 -0.0026528325
v -0.028172072 0.0074260451 -0.0028361127
v -0.028552107 0.0078306225 -0.0023398867
v -0.028405801 0.0076591671 -0.0025502333
v -0.028633611 -0.020195049 0.020447284
v -0.028702935 -0.020104472 0.020558434
v -0.028608365 0.0079035858 -0.002250351
v -0.028822882 -0.019928586 0.020774325
v -0.028741378 0.0080970851 -0.0020128449
v -0.028868493 -0.019853453 0.020866568
v -0.028778394 0.0081576368 -0.0019385031
v -0.028974667 -0.019652795 0.021112974
v -0.028893162 0.0083728745 -0.0016741957
v -0.029001244 -0.019594842 0.021184156
v -0.028914731 0.0084195993 -0.0016168074
v -0.02908781 -0.019369775 0.021460652
v -0.029006305 0.0086558942 -0.0013265171
v -0.029100315 -0.019330345 0.021509102
v -0.029016452 0.0086876945 -0.0012874445
v -0.02916145 -0.019081681 0.021814714
v -0.029079945 0.0089439905 -0.00097245617
v -0.029165051 -0.019061707 0.021839266
v -0.029082866 0.0089600997 -0.00095265335
v -0.029195026 -0.0187907 0.022172466
v -0.029113522 0.0092349693 -0.00061470408
v -0.015837718 0.020031586 0.030536756
v -0.015827331 0.021258604 0.03205608
v -0.015843613 0.020004969 0.030558399
v -0.01584615 0.021158691 0.03213751
v -0.015860724 0.019901908 0.030642496
v -0.015849469 0.021133934 0.032157765
v -0.015862841 0.019883428 0.030657623
v -0.015855933 0.021064534 0.032214715
v -0.015869573 0.019765634 0.030754427
v -0.01585818 0.020991788 0.032274672
v -0.015802887 0.021348747 0.03198306
v -0.015812329 0.020124394 0.030461558
v -0.01578873 0.021391611 0.031948485
v -0.015800671 0.020159671 0.03043308
v -0.015769432 0.021443344 0.031906897
v -0.015769144 0.020241735 0.030367074
v -0.015755615 0.020272672 0.030342274
v -0.015737601 0.021517168 0.031847801
v -0.015749851 0.02028525 0.030332206
v -0.015728314 0.021536702 0.031832218
v -0.015689678 0.020399193 0.030240886
v -0.015676576 0.021633733 0.031755144
v -0.015501035 0.021877347 0.031564435
v -0.015429418 0.020733373 0.029979797
v -0.015422281 0.021961672 0.031499538
v -0.015417477 0.020745055 0.029970809
v -0.015405893 0.021977861 0.031487162
v -0.015624481 0.021716877 0.03168958
v -0.015626156 0.020500298 0.030161443
v -0.015596253 0.021757452 0.031657755
v -0.015608428 0.020525342 0.030141739
v -0.015562712 0.021802391 0.031622643
v -0.01554574 0.020606393 0.030078251
v -0.015518835 0.020638148 0.030053507
v -0.015455108 0.02070747 0.02999977
v -0.015344161 0.022035251 0.0314435
v -0.015314502 0.02083726 0.029900144
v -0.015272463 0.022092177 0.031402071
v -0.015210954 0.020917899 0.0298395
v -0.015169017 0.022172847 0.031340551
v -0.014909993 0.021099273 0.029706585
v -0.014873718 0.022343788 0.031218517
v -0.014969427 0.02229599 0.031251217
v -0.015182434 0.020938179 0.029824344
v -0.015090386 0.020998811 0.029779406
v -0.015071841 0.022236592 0.031293899
v -0.015050426 0.021023036 0.029761641
v -0.015038674 0.022256647 0.031279396
v -0.014962435 0.021072337 0.029725871
v -0.014927763 0.02109034 0.02971296
v -0.014788191 0.021155428 0.029667114
v -0.01475161 0.022400141 0.031178929
v -0.014762136 0.021166354 0.029659575
v -0.014644733 0.021211171 0.029629279
v -0.014637713 0.022444248 0.031149776
v -0.01460791 0.021223808 0.029620959
v -0.014596232 0.022458719 0.031140492
v -0.014497518 0.021257861 0.029599208
v -0.014521521 0.022482735 0.031125481
v -0.014448414 0.021271231 0.029591015
v -0.014436862 0.022506886 0.031111034
v -0.014346592 0.021295621 0.029576812
v -0.014403782 0.022515463 0.031106105
v -0.014306741 0.021303971 0.029572248
v -0.014279253 0.022543563 0.03109108
v -0.014284786 0.021308294 0.029569969
v -0.014151296 0.021330359 0.029559621
v -0.014166339 0.022563483 0.031082117
v -0.014118193 0.021334732 0.029557971
v -0.01410674 0.022571904 0.031079147
v -0.013994854 0.021347253 0.029554978
v -0.014047806 0.022578826 0.03107739
v -0.013934472 0.02135124 0.029555309
v -0.01392298 0.022588896 0.031077528
v -0.028721962 -0.025180059 0.024866291
v -0.028590875 -0.025926347 0.025234317
v -0.028716802 -0.025736696 0.025398952
v -0.028802231 -0.025591819 0.025525056
v -0.028887043 -0.025430512 0.025665862
v -0.029029478 -0.025083325 0.025971059
v -0.028972706 -0.025242329 0.02582991
v -0.029020076 -0.024618377 0.025445951
v -0.028887425 -0.024903371 0.025151709
v -0.02912398 -0.024789613 0.026222026
v -0.029119037 -0.024326957 0.025747077
v -0.02914476 -0.024702314 0.02629734
v -0.029183656 -0.024031036 0.026053101
v -0.029188465 -0.024462178 0.026504196
v -0.029203867 -0.024333719 0.026614741
v -0.029213506 -0.023732563 0.026362001
v -0.029216571 -0.024146292 0.026776005
v -0.015963503 -0.012287579 0.056597529
v -0.015462368 -0.011902163 0.055428404
v -0.014965036 -0.011899472 0.055422871
v -0.014964096 -0.012065265 0.056013352
v -0.01596505 -0.011904887 0.055434
v -0.014963469 -0.012284997 0.056597829
v -0.015964129 -0.012068114 0.056013758
v -0.029389442 0.024607975 0.0033984739
v -0.029447162 0.024272707 0.0036878319
v -0.029322977 0.021415552 0.00048191816
v -0.029014289 0.010214894 -0.0024336945
v -0.028912515 0.0099750371 -0.0027841821
v -0.028776122 0.0097407317 -0.003126568
v -0.028606032 0.0095135668 -0.0034585295
v -0.028403403 0.009295087 -0.003777807
v -0.028169611 0.0090867752 -0.0040822376
v -0.027906241 0.008890045 -0.0043697539
v -0.027615082 0.008706231 -0.0046383972
v -0.027298114 0.0085365846 -0.0048863525
v -0.026957486 0.0083822586 -0.0051119346
v -0.026595509 0.0082442969 -0.0053136032
v -0.026214648 0.0081236394 -0.0054900033
v -0.025817481 0.0080211026 -0.0056399229
v -0.025406709 0.0079373837 -0.0057623528
v -0.024985122 0.0078730517 -0.0058564586
v -0.024555579 0.0078285431 -0.0059216021
v -0.024121001 0.0078041587 -0.0059573415
v -0.029080751 0.010458675 -0.0020774846
v -0.024120917 0.0079726374 -0.0060715924
v -0.024556022 0.0092628298 -0.0068241545
v -0.024121333 0.0092423345 -0.0068621698
v -0.024122072 0.0098112568 -0.0071743006
v -0.02455817 0.010492828 -0.0074644695
v -0.024123301 0.01047653 -0.0075043986
v -0.024124617 0.011048242 -0.0077567792
v -0.024559607 0.01106228 -0.0077160272
v -0.024125804 0.011503366 -0.0079362056
v -0.024562635 0.012065696 -0.0080855704
v -0.024127358 0.012056193 -0.0081275816
v -0.024128061 0.012296491 -0.0082014147
v -0.024565478 0.012911614 -0.0083197879
v -0.024129864 0.01290649 -0.0083625431
v -0.024130308 0.013056535 -0.0083962611
v -0.024568164 0.013693302 -0.008469382
v -0.024132151 0.013692643 -0.008512438
v -0.024132697 0.013884653 -0.0085388173
v -0.024568822 0.013884169 -0.0084957566
v -0.02413438 0.014488696 -0.0085947488
v -0.024571251 0.014588066 -0.0085573576
v -0.024134664 0.014592896 -0.0086001686
v -0.024136252 0.015167932 -0.0086071967
v -0.024573801 0.015303462 -0.0085606967
v -0.024136666 0.015312813 -0.0086027798
v -0.024138228 0.015828087 -0.0085665257
v -0.024576653 0.016017148 -0.0085024878
v -0.0241389 0.016030958 -0.0085433611
v -0.024140548 0.016473317 -0.0084752404
v -0.024580039 0.016708751 -0.0083860017
v -0.024141639 0.016726672 -0.0084252868
v -0.024143043 0.017015963 -0.0083584541
v -0.024581721 0.016996429 -0.008319931
v -0.024147039 0.017675143 -0.0081670857
v -0.024586358 0.017652183 -0.0081304639
v -0.024152215 0.018310916 -0.0079311765
v -0.024592147 0.018285023 -0.0078965273
v -0.024158735 0.018928479 -0.0076542572
v -0.024599245 0.018900114 -0.0076215762
v -0.024166737 0.019535683 -0.0073369032
v -0.024607784 0.019505231 -0.0073061414
v -0.024178718 0.020273699 -0.0068926221
v -0.024188941 0.020805747 -0.006533831
v -0.024639983 0.021176927 -0.0062133463
v -0.024620373 0.020241134 -0.0068640963
v -0.024197639 0.021211595 -0.0062392729
v -0.02421718 0.022019056 -0.0056020133
v -0.024664143 0.02213562 -0.0054504415
v -0.024221202 0.022171892 -0.0054740459
v -0.024250179 0.023178932 -0.0045766861
v -0.024693637 0.023141436 -0.0045551091
v -0.024313642 0.025032767 -0.0027139936
v -0.02475777 0.024993899 -0.0026950788
v -0.024436175 0.028012581 0.00062773714
v -0.024880694 0.02797301 0.00064508869
v -0.025196851 0.024927977 -0.0026505823
v -0.025132054 0.02307868 -0.0045063349
v -0.025102048 0.022075547 -0.0053984665
v -0.025077292 0.021120244 -0.0061577711
v -0.025057 0.020188721 -0.006804566
v -0.025043806 0.019456959 -0.0072432819
v -0.02503473 0.018855827 -0.007555915
v -0.025027057 0.01824535 -0.0078280543
v -0.025020659 0.017617839 -0.0080592367
v -0.025015383 0.016968189 -0.0082461487
v -0.025013423 0.016683348 -0.0083112254
v -0.025009393 0.015998858 -0.0084257314
v -0.025005924 0.01529276 -0.0084825845
v -0.025002824 0.014584945 -0.008478624
v -0.024999929 0.013888245 -0.0084170969
v -0.024999159 0.013699258 -0.0083908496
v -0.02499607 0.012924889 -0.0082421712
v -0.024992892 0.0120861 -0.0080095126
v -0.024989572 0.011090035 -0.0076423124
v -0.024988012 0.010524247 -0.0073922235
v -0.024985679 0.0093010434 -0.0067552037
v -0.025320165 0.027905394 0.00068701964
v -0.025627774 0.024835473 -0.0025808225
v -0.025562333 0.022991109 -0.0044307101
v -0.025531826 0.0219921 -0.0053184854
v -0.025506492 0.021041949 -0.0060729333
v -0.025485536 0.020116825 -0.0067144472
v -0.025471753 0.019391209 -0.0071487626
v -0.025462155 0.01879593 -0.0074577336
v -0.025453924 0.018192163 -0.0077262293
v -0.025446927 0.017572353 -0.0079539096
v -0.025441027 0.01693144 -0.0081376187
v -0.025438798 0.016650638 -0.0082014772
v -0.025434137 0.015976217 -0.008313623
v -0.025430065 0.015280777 -0.0083689729
v -0.025426425 0.014583545 -0.0083645038
v -0.025423075 0.013896848 -0.008303378
v -0.025422194 0.01371047 -0.0082773771
v -0.025418709 0.012946221 -0.0081302176
v -0.025415195 0.012117267 -0.0078999304
v -0.025411588 0.011131315 -0.0075361391
v -0.025409904 0.010570568 -0.0072881462
v -0.025407386 0.0093567061 -0.0066557817
v -0.025751466 0.027810216 0.00075323728
v -0.026047485 0.024717044 -0.0024862958
v -0.025981431 0.022879344 -0.0043287671
v -0.02595045 0.021885866 -0.0052110633
v -0.025924566 0.020942587 -0.0059594316
v -0.02590298 0.020025948 -0.0065943717
v -0.025888636 0.019308434 -0.0070232411
v -0.025878538 0.018720834 -0.0073277079
v -0.025869773 0.01812584 -0.0075917675
v -0.025862209 0.017516038 -0.0078152024
v -0.025855714 0.016886439 -0.0079950918
v -0.025853226 0.016610847 -0.0080575142
v -0.025847961 0.015949376 -0.0081669275
v -0.025843312 0.015267594 -0.0082206482
v -0.025839154 0.01458388 -0.0082157785
v -0.025835366 0.013909923 -0.0081553768
v -0.025834377 0.013726859 -0.0081297374
v -0.02583051 0.012975464 -0.0079846951
v -0.025826674 0.01215898 -0.0077575654
v -0.025822783 0.011185848 -0.0073982329
v -0.025820978 0.010631477 -0.0071529506
v -0.025818276 0.009429443 -0.0065265627
v -0.026171532 0.027688149 0.00084326856
v -0.026453005 0.024573526 -0.0023676641
v -0.026386386 0.02274417 -0.0042012267
v -0.026354966 0.021757595 -0.0050769574
v -0.026328573 0.020822857 -0.0058180622
v -0.0263064 0.019916732 -0.006445181
v -0.026291534 0.019209216 -0.0068676003
v -0.026280976 0.018631068 -0.0071667536
v -0.026271714 0.018046837 -0.0074255985
v -0.026263621 0.017449287 -0.0076440843
v -0.026256572 0.016833496 -0.0078195525
v -0.026253843 0.01656425 -0.0078803302
v -0.026248015 0.015918528 -0.0079866667
v -0.026242824 0.01525331 -0.008038627
v -0.026238181 0.014585947 -0.0080334669
v -0.02623398 0.013927378 -0.0079741034
v -0.026232892 0.013748316 -0.0079489451
v -0.026228663 0.013012423 -0.0078065959
v -0.026224521 0.012210955 -0.0075833887
v -0.02622036 0.011253252 -0.0072295265
v -0.026218441 0.010706561 -0.0069875506
v -0.026215562 0.0095187629 -0.0063684286
v -0.026577385 0.027540059 0.00095647856
v -0.026841464 0.024405937 -0.0022257784
v -0.026774337 0.022586548 -0.0040489891
v -0.026742523 0.021608194 -0.0049171156
v -0.026715672 0.020683606 -0.0056498228
v -0.026692971 0.019789942 -0.0062679226
v -0.026677636 0.01909425 -0.0066829253
v -0.026666661 0.018527256 -0.0069759919
v -0.026656952 0.017955706 -0.0072288792
v -0.026648381 0.017372564 -0.0074417393
v -0.026640829 0.016772974 -0.0076122168
v -0.026637881 0.01651117 -0.0076711501
v -0.026631541 0.015883878 -0.0077740727
v -0.026625859 0.015238011 -0.007824155
v -0.026620772 0.014589732 -0.0078188191
v -0.026616194 0.013949094 -0.0077607979
v -0.026615014 0.013774694 -0.0077362301
v -0.026610454 0.01305684 -0.0075971339
v -0.026606028 0.012272842 -0.00737859
v -0.026601618 0.011333078 -0.0070311735
v -0.02659959 0.010795311 -0.0067930778
v -0.026596541 0.0096240536 -0.0061824503
v -0.026966142 0.027366994 0.0010920626
v -0.027210107 0.024215467 -0.0020616363
v -0.027142542 0.022407586 -0.0038731329
v -0.027110384 0.021438712 -0.0047326647
v -0.027083139 0.020525809 -0.0054558946
v -0.027059983 0.019646463 -0.0060638342
v -0.027044242 0.018964338 -0.0064705112
v -0.027032903 0.018410125 -0.0067567516
v -0.027022806 0.017853077 -0.0070029794
v -0.027013817 0.017286397 -0.0072095735
v -0.027005827 0.016705298 -0.0073745198
v -0.027002686 0.016451972 -0.0074314191
v -0.0269959 0.015845668 -0.0075306113
v -0.026989784 0.015221813 -0.0075787115
v -0.026984308 0.014595212 -0.0075733085
v -0.026979396 0.013974926 -0.007516921
v -0.026978134 0.01380581 -0.0074930508
v -0.026973276 0.013108418 -0.0073577365
v -0.026968597 0.01234422 -0.0071445592
v -0.02696396 0.011424778 -0.0068045172
v -0.026961833 0.01089712 -0.0065708491
v -0.026958627 0.009744605 -0.0059698908
v -0.027335041 0.027170194 0.0012490543
v -0.027556321 0.024003469 -0.0018764087
v -0.027488397 0.022208551 -0.0036748999
v -0.027455962 0.021250344 -0.0045249004
v -0.027428392 0.020350575 -0.0052376393
v -0.02740486 0.019487303 -0.0058343506
v -0.027388785 0.018820387 -0.0062318371
v -0.027377148 0.018280487 -0.0065105582
v -0.027366729 0.017739674 -0.0067494729
v -0.027357395 0.01719139 -0.006949197
v -0.02734904 0.016630928 -0.0071081004
v -0.027345741 0.016387064 -0.0071627948
v -0.027338578 0.015804159 -0.007257963
v -0.027332101 0.015204822 -0.007303981
v -0.027326294 0.014602346 -0.0072986127
v -0.027321099 0.014004694 -0.0072441377
v -0.027319768 0.013841457 -0.0072210666
v -0.027314657 0.013166799 -0.0070900387
v -0.027309758 0.012424601 -0.0068828925
v -0.027304923 0.011527728 -0.0065511023
v -0.027302707 0.011011297 -0.006322378
v -0.02729936 0.0098795979 -0.0057321975
v -0.027681462 0.026951051 0.001426341
v -0.02787765 0.023771437 -0.0016714037
v -0.02780946 0.021990853 -0.00345569
v -0.027776815 0.021044424 -0.0042952931
v -0.027749002 0.020159139 -0.004996594
v -0.027725189 0.019313582 -0.0055810847
v -0.027708859 0.018663409 -0.0059685748
v -0.027696995 0.01813925 -0.0062391374
v -0.027686329 0.017616277 -0.0064701194
v -0.027676732 0.017088198 -0.0066624157
v -0.027668096 0.016550385 -0.0068148105
v -0.027664675 0.016316896 -0.0068671303
v -0.027657221 0.01575964 -0.0069580039
v -0.027650456 0.015187154 -0.0070018525
v -0.02764439 0.014611084 -0.0069966154
v -0.027638969 0.014038192 -0.006944312
v -0.027637583 0.013881383 -0.0069221327
v -0.027632266 0.013231591 -0.0067958649
v -0.027627188 0.012513434 -0.0065953723
v -0.027622187 0.011641229 -0.0062726523
v -0.027619897 0.011137069 -0.0060493505
v -0.027616426 0.010028111 -0.0054709828
v -0.028002947 0.026711116 0.0016226633
v -0.028171818 0.023521021 -0.0014480741
v -0.02810346 0.021756027 -0.0032170547
v -0.028070684 0.020822396 -0.0040454604
v -0.028042715 0.019952845 -0.0047344536
v -0.028018721 0.019126511 -0.0053058039
v -0.028002225 0.018494495 -0.0056825662
v -0.027990213 0.017987396 -0.0059443756
v -0.027979386 0.017483744 -0.0061668629
v -0.027969612 0.016977536 -0.0063512166
v -0.027960786 0.016464226 -0.006496672
v -0.027957281 0.016241953 -0.0065464684
v -0.027949629 0.015712418 -0.0066328036
v -0.027942667 0.015168931 -0.0066743941
v -0.027936417 0.014621368 -0.0066693854
v -0.027930833 0.014075198 -0.0066194989
v -0.027929406 0.013925324 -0.0065982978
v -0.027923938 0.013302346 -0.0064772218
v -0.027918724 0.01261012 -0.0062839567
v -0.027913595 0.011764512 -0.0059710608
v -0.027911244 0.011273576 -0.0057536247
v -0.027907669 0.010189136 -0.0051880219
v -0.028297211 0.026452091 0.0018366296
v -0.028436738 0.023253997 -0.0012080044
v -0.028368321 0.02150573 -0.002960675
v -0.028335494 0.020585835 -0.0037771635
v -0.028307465 0.019733147 -0.004453063
v -0.028283397 0.018927405 -0.005010445
v -0.028266832 0.018314827 -0.0053758081
v -0.028254757 0.01782599 -0.0056283341
v -0.028243858 0.017343004 -0.0058418135
v -0.028234004 0.016860174 -0.0060177629
v -0.028225087 0.016373041 -0.0061558877
v -0.028221542 0.016162753 -0.0062030287
v -0.028213788 0.015662812 -0.0062845977
v -0.028206723 0.015150282 -0.0063238632
v -0.028200372 0.01463313 -0.0063191684
v -0.028194695 0.014115453 -0.0062719146
v -0.028193243 0.013972974 -0.0062517726
v -0.028187684 0.013378586 -0.0061362862
v -0.028182381 0.012713998 -0.005950766
v -0.028177162 0.011896735 -0.0056483821
v -0.028174767 0.011419895 -0.0054372125
v -0.028171111 0.010361587 -0.0048852351
v -0.028562166 0.02617583 0.0020667184
v -0.028670535 0.022972257 -0.00095289767
v -0.02860217 0.02124174 -0.0026883718
v -0.028569378 0.020336399 -0.0034922935
v -0.028541391 0.019501589 -0.0041544005
v -0.028517363 0.018717662 -0.0046970724
v -0.028500832 0.018125664 -0.0050504507
v -0.028488781 0.01765615 -0.0052932098
v -0.028477907 0.017195029 -0.0054972333
v -0.028468071 0.016736923 -0.0056643616
v -0.02845917 0.016277468 -0.0057948124
v -0.02845563 0.016079842 -0.005839178
v -0.028447881 0.01561117 -0.0059157826
v -0.028440813 0.015131327 -0.0059526622
v -0.028434448 0.014646285 -0.0059483576
v -0.02842875 0.014158684 -0.0059039374
v -0.028427292 0.014024006 -0.0058849256
v -0.028421702 0.013459789 -0.0057753792
v -0.028416365 0.012824357 -0.0055980708
v -0.028411099 0.012036998 -0.0053068043
v -0.028408677 0.011575025 -0.005102263
v -0.028404964 0.010544281 -0.0045646808
v -0.02879593 0.025884281 0.0023112915
v -0.028871549 0.022677799 -0.00068456236
v -0.028803354 0.020965917 -0.0024020623
v -0.028770689 0.020075853 -0.0031928598
v -0.028742846 0.019259796 -0.0038405629
v -0.028718981 0.018498749 -0.0043678913
v -0.028702585 0.017928331 -0.0047087612
v -0.028690655 0.017479065 -0.0049413468
v -0.028679903 0.017040849 -0.005135519
v -0.028670193 0.016608643 -0.0052934719
v -0.028661418 0.016178166 -0.0054159499
v -0.028657928 0.015993795 -0.0054574331
v -0.028650293 0.015557845 -0.0055289031
v -0.028643325 0.015112206 -0.0055633444
v -0.028637039 0.014660745 -0.005559499
v -0.028631399 0.014204594 -0.005518081
v -0.028629954 0.014078078 -0.0055002616
v -0.028624398 0.013545399 -0.0053969667
v -0.028619079 0.01294045 -0.005228274
v -0.028613811 0.012184347 -0.0049486584
v -0.028611382 0.011737917 -0.0047510547
v -0.02860764 0.010735988 -0.0042285406
v -0.028996844 0.025579519 0.0025686212
v -0.029038357 0.022372704 -0.00040489839
v -0.028970451 0.020680206 -0.0021037746
v -0.028938005 0.019806035 -0.0028809744
v -0.028910415 0.019009471 -0.0035137602
v -0.028886833 0.018272199 -0.0040252005
v -0.028870685 0.0177242 -0.004353136
v -0.028858969 0.017295969 -0.004575194
v -0.028848442 0.016881543 -0.0047591868
v -0.028838966 0.016476222 -0.0049076621
v -0.028830428 0.016075816 -0.0050219127
v -0.028827039 0.015905203 -0.0050604292
v -0.028819633 0.015503205 -0.0051266259
v -0.028812871 0.015093042 -0.0051585805
v -0.028806759 0.01467641 -0.0051552557
v -0.028799055 0.014195602 -0.0051088806
v -0.028794389 0.013634838 -0.0050036303
v -0.028789143 0.013061487 -0.0048438924
v -0.028783923 0.012337785 -0.0045763773
v -0.028781504 0.011907461 -0.0043859726
v -0.028777761 0.010935396 -0.0038790887
v -0.029163482 0.025263709 0.0028368778
v -0.029169775 0.022059145 -0.00011589207
v -0.02910228 0.020386634 -0.001795611
v -0.029070148 0.019528845 -0.0025588361
v -0.029042919 0.018752377 -0.0031762926
v -0.029019745 0.018039607 -0.0036714089
v -0.029003951 0.017514707 -0.0039860553
v -0.028992549 0.017108142 -0.0041973096
v -0.028982352 0.016718212 -0.0043708536
v -0.02897322 0.016340575 -0.0045096094
v -0.028965035 0.015971133 -0.0046154342
v -0.028961796 0.015814681 -0.0046509095
v -0.028954732 0.015447629 -0.0047117166
v -0.028948287 0.015073973 -0.0047411541
v -0.028942445 0.014693175 -0.0047383951
v -0.028935725 0.014250234 -0.0046960465
v -0.028930515 0.01372749 -0.0045980448
v -0.0289254 0.013186638 -0.0044475413
v -0.028920274 0.012496256 -0.0041924916
v -0.028917886 0.012082508 -0.0040095028
v -0.02891417 0.011141155 -0.0035187078
v -0.029294658 0.024939095 0.0031141493
v -0.029264874 0.021739336 0.00018041792
v -0.029197912 0.020087273 -0.0014797537
v -0.029166187 0.019246235 -0.0022287146
v -0.029139426 0.018490317 -0.0028305278
v -0.029116784 0.017802597 -0.0033089941
v -0.029101457 0.017301307 -0.0036100867
v -0.029090464 0.016916888 -0.003810327
v -0.029080699 0.016551999 -0.0039732239
v -0.029072024 0.016202645 -0.0041020774
v -0.029064304 0.015864839 -0.0041993185
v -0.029061265 0.015722849 -0.0042317058
v -0.029054659 0.015391494 -0.004287038
v -0.029048641 0.015055126 -0.0043139297
v -0.029043168 0.014710922 -0.0043117761
v -0.029037594 0.014306638 -0.0042734316
v -0.029031849 0.013822725 -0.0041829863
v -0.029026922 0.013315057 -0.0040419284
v -0.029021939 0.012658696 -0.0037996166
v -0.029019604 0.01226186 -0.0036242028
v -0.029015941 0.011351868 -0.0031498421
v -0.029256666 0.01978424 -0.0011584382
v -0.029225441 0.018960202 -0.001892939
v -0.029199258 0.018225135 -0.0024789009
v -0.02917727 0.017562835 -0.0029404972
v -0.029162518 0.017085497 -0.0032278628
v -0.029152029 0.016723547 -0.0034169449
v -0.029142802 0.016384051 -0.0035690581
v -0.02913469 0.016063394 -0.0036878902
v -0.029127551 0.015757672 -0.0037764509
v -0.029124761 0.015630352 -0.0038057116
v -0.029118729 0.015335193 -0.0038555131
v -0.029113246 0.015036631 -0.0038798442
v -0.029108236 0.014729534 -0.0038783217
v -0.029104496 0.014368161 -0.0038452606
v -0.029097697 0.013919891 -0.0037612829
v -0.029093015 0.013445867 -0.0036298109
v -0.029088226 0.012823994 -0.0034004204
v -0.029085961 0.012444305 -0.0032326912
v -0.029082384 0.011566101 -0.0027749958
v -0.029111448 0.01070472 -0.0017179718
v -0.029113047 0.011782399 -0.002396716
v -0.029116509 0.012628601 -0.0028376292
v -0.029118684 0.012991025 -0.002997623
v -0.029123232 0.013578173 -0.0032139935
v -0.029127612 0.014018333 -0.0033358109
v -0.029131958 0.01438046 -0.0034049608
v -0.029133053 0.014462852 -0.0034162351
v -0.029137204 0.014748875 -0.0034409982
v -0.029141655 0.015018615 -0.0034418785
v -0.029146494 0.015279111 -0.0034201118
v -0.029151845 0.015537815 -0.0033758709
v -0.029154337 0.015650366 -0.0033497523
v -0.029160784 0.015923781 -0.003269922
v -0.029168229 0.016215548 -0.0031611742
v -0.02917682 0.016529466 -0.0030199105
v -0.029186709 0.016868791 -0.0028420538
v -0.029200781 0.017321998 -0.0025685004
v -0.029221994 0.017958698 -0.0021238865
v -0.029247496 0.018672761 -0.0015538785
v -0.029278133 0.019479671 -0.00083392848
v -0.029343674 0.021090078 0.00078647881
v -0.029467404 0.023935669 0.0039801656
v -0.015501377 -0.015544362 0.047788186
v -0.015008457 -0.015514346 0.04783183
v -0.015008992 -0.015682451 0.047940239
v -0.016008526 -0.015537659 0.0478431
v -0.015005788 -0.016657163 0.050667763
v -0.015004879 -0.016596818 0.050853482
v -0.015503719 -0.016611573 0.050857058
v -0.016009021 -0.015681985 0.047936194
v -0.015009498 -0.01584662 0.04806468
v -0.016009529 -0.01584673 0.04806107
v -0.015009904 -0.015999949 0.048202255
v -0.016009936 -0.016000595 0.048199129
v -0.015010206 -0.016141386 0.048352031
v -0.01601024 -0.016142527 0.048349426
v -0.015010404 -0.016269968 0.048512978
v -0.016010438 -0.016271558 0.04851094
v -0.015010496 -0.01638481 0.048684
v -0.01601053 -0.016386805 0.048682559
v -0.015010481 -0.016485133 0.048863924
v -0.016010515 -0.016487478 0.048863114
v -0.015010359 -0.016570246 0.04905152
v -0.016010392 -0.016572888 0.04905137
v -0.015010131 -0.016639571 0.049245509
v -0.016010164 -0.016642456 0.049246036
v -0.015009798 -0.016692629 0.049444563
v -0.01600983 -0.016695702 0.049445786
v -0.015009364 -0.016729062 0.049647319
v -0.016009394 -0.016732264 0.049649251
v -0.015008831 -0.01674862 0.049852389
v -0.016008859 -0.016751889 0.049855043
v -0.015008202 -0.01675117 0.050058374
v -0.016008228 -0.016754445 0.05006175
v -0.015007481 -0.016736688 0.050263869
v -0.016007505 -0.016739915 0.050267963
v -0.015006675 -0.016705282 0.050467461
v -0.016006696 -0.016708399 0.050472269
v -0.016005805 -0.016660111 0.050673272
v -0.016004924 -0.016601709 0.050853663
v -0.027779284 -0.027387438 0.028351147
v -0.027582771 -0.027571382 0.028438671
v -0.027575535 -0.027692231 0.028182803
v -0.024227194 -0.029638363 0.026066836
v -0.024228355 -0.029622118 0.025976596
v -0.024463765 -0.029601371 0.025973723
v -0.024229675 -0.029596918 0.025862096
v -0.024230113 -0.029586468 0.02582038
v -0.024465931 -0.029566741 0.025823247
v -0.024230905 -0.029564088 0.02573881
v -0.024231521 -0.02954254 0.025667879
v -0.024468068 -0.02952287 0.025671528
v -0.02914721 -0.024812574 0.026465465
v -0.029181543 -0.024590913 0.026567022
v -0.029170949 -0.024632344 0.026751843
v -0.029042889 -0.025165859 0.026113307
v -0.02909981 -0.024964136 0.026242041
v -0.02910162 -0.025034381 0.026365484
v -0.02920467 -0.02436897 0.02667044
v -0.029192727 -0.024388206 0.026783221
v -0.027534681 -0.028045398 0.027075947
v -0.027715304 -0.027855141 0.027067901
v -0.027724766 -0.027800081 0.027332999
v -0.027555995 -0.027905306 0.027632679
v -0.027734556 -0.027724603 0.027598867
v -0.027743951 -0.027632168 0.027861462
v -0.027466532 -0.027660469 0.028491559
v -0.027161745 -0.027894151 0.028605716
v -0.027199781 -0.028000085 0.028299362
v -0.026760979 -0.028136121 0.028741062
v -0.026586913 -0.028237343 0.02878762
v -0.026577496 -0.028399845 0.028450797
v -0.026379179 -0.028331033 0.028846256
v -0.026143538 -0.028440742 0.028898799
v -0.026133601 -0.028617901 0.028533866
v -0.027152923 -0.028397242 0.027088092
v -0.027347299 -0.02822603 0.027082587
v -0.027358669 -0.028163024 0.027371715
v -0.027545162 -0.027986218 0.027353432
v -0.025935843 -0.028520217 0.028943356
v -0.025682515 -0.028604579 0.02899172
v -0.025672616 -0.028794464 0.028602374
v -0.026087363 -0.02898824 0.02562944
v -0.026297213 -0.028913222 0.025760424
v -0.026075444 -0.029032322 0.025742077
v -0.027331047 -0.02826938 0.026531134
v -0.027116822 -0.028414008 0.026596625
v -0.027134061 -0.028435841 0.026382823
v -0.027525702 -0.02807932 0.02680532
v -0.028705224 -0.026127974 0.025895025
v -0.028593719 -0.02633904 0.025809264
v -0.028593383 -0.026146748 0.025504502
v -0.028593644 -0.026417834 0.025969211
v -0.028574626 -0.026561453 0.026511366
v -0.028598069 -0.026583073 0.026637925
v -0.028601183 -0.026584009 0.026812536
v -0.028605029 -0.026569102 0.026989689
v -0.028492689 -0.026715646 0.027390914
v -0.028487488 -0.026763166 0.027199533
v -0.028609312 -0.026539746 0.027167549
v -0.02836106 -0.026928999 0.027436944
v -0.028219461 -0.027136764 0.027480775
v -0.028067634 -0.027338964 0.02752253
v -0.028060016 -0.027403094 0.027285169
v -0.027896771 -0.02760532 0.027310246
v -0.027407033 -0.028192553 0.026525445
v -0.027523326 -0.028084674 0.026655653
v -0.027333846 -0.028269579 0.026665713
v -0.027192726 -0.028377336 0.026315342
v -0.027134461 -0.028421628 0.026264321
v -0.026931601 -0.028584539 0.026232015
v -0.02697765 -0.028532155 0.026137682
v -0.026708622 -0.02869584 0.026171735
v -0.026926324 -0.028565844 0.02609929
v -0.026746223 -0.028675578 0.025974999
v -0.026639097 -0.028735138 0.025908088
v -0.026510225 -0.0288571 0.02606011
v -0.026515825 -0.028799026 0.025836809
v -0.026512907 -0.028823746 0.025920805
v -0.026372366 -0.028867753 0.025760769
v -0.026293067 -0.02895581 0.025902102
v -0.025851333 -0.029139353 0.025726125
v -0.025983218 -0.029027426 0.025587401
v -0.025830522 -0.029079455 0.025534141
v -0.025856726 -0.029086826 0.025580025
v -0.025634966 -0.029141526 0.025467647
v -0.025630921 -0.029181139 0.025564738
v -0.025510009 -0.02917654 0.025431963
v -0.025402872 -0.029263409 0.025551713
v -0.025412035 -0.029201938 0.025406513
v -0.025171948 -0.029333741 0.025540675
v -0.02537083 -0.029212098 0.02539645
v -0.02517846 -0.029271063 0.025373776
v -0.024942949 -0.029328245 0.025376723
v -0.025098886 -0.029271651 0.025339261
v -0.024944716 -0.029299829 0.025313704
v -0.024707552 -0.029373486 0.025368142
v -0.024778861 -0.029325801 0.025291546
v -0.024472084 -0.029405749 0.025361333
v -0.024455736 -0.02936376 0.025263918
v -0.024233495 -0.029425236 0.025356131
v -0.024233885 -0.029380325 0.025256625
v -0.024221741 -0.029671916 0.026426487
v -0.024224163 -0.029663613 0.026274377
v -0.024459471 -0.029643869 0.026275356
v -0.024225273 -0.029656632 0.026201403
v -0.024217755 -0.029668872 0.026666219
v -0.024218923 -0.029671725 0.026596551
v -0.024455447 -0.029651978 0.026595364
v -0.024220734 -0.029672972 0.02648776
v -0.02445366 -0.029642577 0.026761304
v -0.024216137 -0.029662274 0.026763323
v -0.024448804 -0.029508396 0.027493976
v -0.024205881 -0.02952748 0.027499692
v -0.024449628 -0.029556119 0.027302895
v -0.024209313 -0.029594771 0.027218788
v -0.024201729 -0.029346169 0.028058634
v -0.024202508 -0.029404561 0.027896644
v -0.024448226 -0.029386103 0.027888906
v -0.024205201 -0.029509303 0.027565202
v -0.024201349 -0.029248829 0.028306199
v -0.024449516 -0.02923127 0.028296265
v -0.024203262 -0.029061043 0.028732677
v -0.024453281 -0.029047517 0.028714284
v -0.024701976 -0.029019504 0.028698682
v -0.024696343 -0.029201463 0.028284435
v -0.024949264 -0.028979924 0.028679685
v -0.024942041 -0.029159486 0.028270516
v -0.02469247 -0.029354989 0.027880457
v -0.025088842 -0.028752008 0.029081072
v -0.024957896 -0.028775616 0.029096528
v -0.024766262 -0.028804582 0.02911648
v -0.024651457 -0.028818811 0.029126941
v -0.024460183 -0.028837391 0.029141921
v -0.024330982 -0.02884635 0.02915031
v -0.024208896 -0.028852167 0.029156997
v -0.024689199 -0.029523915 0.027298766
v -0.024928529 -0.02947873 0.027295001
v -0.024689993 -0.029476447 0.027488508
v -0.024930752 -0.029431595 0.027483016
v -0.024935919 -0.029311255 0.02787105
v -0.025177804 -0.029255086 0.027860492
v -0.025185936 -0.029105494 0.028254364
v -0.02542631 -0.029039999 0.028236042
v -0.02519455 -0.028928895 0.028657217
v -0.025436058 -0.028866911 0.028631415
v -0.025199482 -0.028729611 0.029066843
v -0.026030409 -0.028485212 0.028923629
v -0.025904917 -0.028711504 0.028569925
v -0.025893747 -0.028876007 0.028192649
v -0.025662019 -0.028963513 0.028215547
v -0.025650913 -0.029107448 0.027835824
v -0.025416496 -0.029186978 0.027848775
v -0.025406873 -0.029304234 0.027471245
v -0.025170215 -0.029374036 0.027477281
v -0.025402273 -0.029350438 0.027287812
v -0.025166704 -0.029420758 0.027291373
v -0.025621698 -0.028622849 0.029002384
v -0.025480609 -0.028659774 0.029023119
v -0.024457407 -0.029652323 0.026432983
v -0.024691787 -0.029611454 0.026277343
v -0.024690334 -0.029619879 0.026434136
v -0.024924625 -0.029566079 0.026280718
v -0.024923737 -0.029574456 0.026436641
v -0.025156814 -0.029507932 0.026285396
v -0.025156486 -0.029516237 0.026440374
v -0.025387246 -0.029437303 0.026291406
v -0.025387423 -0.02944552 0.026445326
v -0.025615185 -0.029354488 0.026298708
v -0.025615783 -0.029362619 0.026451426
v -0.025841254 -0.029259266 0.026307298
v -0.025842189 -0.029267318 0.026458602
v -0.026065945 -0.029151367 0.026317172
v -0.02606714 -0.029159349 0.026466787
v -0.026288464 -0.029031052 0.026328259
v -0.026289835 -0.029038985 0.026475868
v -0.026508912 -0.028898032 0.026340533
v -0.026510381 -0.028905935 0.026485741
v -0.026723985 -0.028754128 0.026353673
v -0.026725576 -0.028761969 0.026496145
v -0.026932012 -0.028600243 0.026367733
v -0.026933724 -0.028608005 0.026507179
v -0.026508852 -0.028881844 0.026199557
v -0.026288556 -0.029014699 0.02618513
v -0.026066218 -0.029134878 0.026172275
v -0.025841741 -0.029242663 0.026160939
v -0.025615914 -0.029337794 0.026151147
v -0.025388244 -0.029420538 0.026142831
v -0.025158113 -0.029491111 0.026135937
v -0.024926226 -0.029549222 0.026130456
v -0.024693653 -0.029594578 0.026126327
v -0.0244616 -0.029626977 0.026123589
v -0.024226429 -0.029646753 0.026122259
v -0.02693663 -0.028607762 0.026649375
v -0.026728417 -0.028761598 0.026641606
v -0.026513147 -0.028905443 0.026634176
v -0.026292547 -0.029038357 0.026626935
v -0.026069685 -0.029158654 0.026620088
v -0.025844433 -0.029266618 0.026613814
v -0.025617605 -0.029361957 0.02660826
v -0.025388691 -0.029444927 0.026603552
v -0.025157067 -0.029515729 0.026599821
v -0.024923532 -0.029574029 0.026597167
v -0.024689295 -0.029619504 0.026595628
v -0.024688699 -0.029610089 0.026760651
v -0.024924004 -0.029564574 0.026761148
v -0.025158525 -0.029506213 0.026762607
v -0.025390998 -0.029435354 0.02676497
v -0.025620578 -0.029352362 0.026768107
v -0.025847902 -0.029257058 0.026771844
v -0.026073487 -0.029149204 0.026775995
v -0.026296511 -0.029029117 0.026780392
v -0.026517117 -0.028896524 0.02678479
v -0.02673242 -0.028753003 0.02678903
v -0.026940645 -0.028599522 0.026793317
v -0.027142653 -0.028435708 0.026797562
v -0.027337589 -0.028262359 0.026801628
v -0.027342148 -0.028247753 0.026940441
v -0.027147467 -0.028420209 0.026940944
v -0.026945608 -0.028583264 0.026940927
v -0.026737411 -0.028736119 0.026940524
v -0.026522106 -0.02887907 0.026939868
v -0.026301527 -0.029011109 0.026938708
v -0.026078345 -0.029130789 0.026937152
v -0.025852398 -0.02923837 0.026935504
v -0.025624525 -0.029333507 0.026933953
v -0.025394187 -0.029416414 0.026932721
v -0.025160745 -0.029487242 0.026932028
v -0.024925087 -0.029545597 0.026932009
v -0.024688533 -0.0295911 0.026932742
v -0.024452094 -0.029623563 0.026934436
v -0.024213546 -0.02964471 0.026925811
v -0.026357711 -0.028514082 0.028494248
v -0.02634619 -0.028668035 0.02813882
v -0.026122119 -0.028777361 0.028167091
v -0.026109533 -0.028913867 0.027805139
v -0.025881724 -0.029016452 0.027821374
v -0.025869388 -0.02912927 0.027457631
v -0.02563971 -0.02922267 0.027464786
v -0.025863338 -0.029174023 0.027280224
v -0.025634267 -0.029268225 0.027284186
v -0.026792378 -0.028275365 0.028403474
v -0.026781264 -0.028417182 0.028073013
v -0.026566209 -0.028547847 0.028107476
v -0.026553638 -0.02867511 0.027766505
v -0.026333425 -0.028800146 0.027786982
v -0.02632012 -0.028906938 0.02744019
v -0.026096485 -0.029023886 0.027449492
v -0.02631354 -0.028949539 0.027270286
v -0.026090049 -0.029067662 0.027275655
v -0.026534001 -0.028819434 0.02726374
v -0.026749269 -0.028678487 0.027255961
v -0.026540505 -0.028778222 0.027429322
v -0.026755738 -0.028638715 0.027416852
v -0.026768796 -0.028539418 0.027743667
v -0.026976639 -0.028394319 0.027719011
v -0.026988929 -0.028277369 0.028036075
v -0.027189306 -0.028128618 0.027996572
v -0.026999815 -0.028142024 0.028352996
v -0.027092875 -0.027940664 0.028630064
v -0.027008562 -0.027995475 0.028658864
v -0.02739151 -0.027850254 0.02824273
v -0.027566356 -0.027806303 0.027909627
v -0.027381616 -0.02797168 0.027954542
v -0.027370414 -0.028076984 0.027663725
v -0.027177441 -0.028239914 0.027692379
v -0.027164989 -0.028330742 0.027388193
v -0.026963742 -0.028489572 0.027403204
v -0.026957349 -0.028527801 0.027247318
v -0.026951248 -0.028559213 0.027092744
v -0.026743102 -0.028711136 0.027096677
v -0.026527809 -0.028853234 0.027100055
v -0.026307282 -0.028984446 0.027102566
v -0.026083944 -0.02910348 0.027104289
v -0.025857619 -0.029210572 0.027105573
v -0.025629156 -0.029305349 0.027106608
v -0.025398005 -0.029388005 0.027107653
v -0.025163518 -0.029458662 0.02710895
v -0.024926625 -0.029516896 0.027110644
v -0.02468871 -0.029562294 0.027112811
v -0.024450741 -0.029594667 0.027115672
v -0.02421068 -0.02961415 0.02711949
v -0.028713745 -0.026349201 0.026811016
v -0.028720688 -0.026311614 0.027133784
v -0.028906995 -0.025866584 0.026806015
v -0.028815913 -0.026109536 0.026808845
v -0.028791281 -0.026091153 0.026609575
v -0.028821801 -0.026078317 0.027098135
v -0.028911976 -0.025841253 0.027060796
v -0.028990256 -0.025602644 0.027022437
v -0.027905393 -0.027535554 0.027562156
v -0.028728181 -0.026228928 0.027445669
v -0.027913696 -0.027449934 0.027809989
v -0.028075015 -0.027260046 0.027755159
v -0.02822611 -0.027064365 0.027697939
v -0.02836695 -0.026863186 0.027638436
v -0.027752326 -0.027525654 0.028119258
v -0.027921151 -0.027351161 0.028052172
v -0.028232241 -0.026980543 0.027908206
v -0.028067278 -0.02708987 0.028199717
v -0.028081727 -0.027168852 0.027981437
v -0.027927115 -0.027247878 0.028273899
v -0.028618159 -0.026445156 0.027512315
v -0.028502674 -0.026587473 0.027754652
v -0.028497822 -0.026656449 0.027576497
v -0.028372452 -0.026786781 0.027832675
v -0.028745112 -0.026087671 0.027704873
v -0.028625992 -0.02632096 0.027813938
v -0.028573514 -0.026410039 0.027857537
v -0.028331121 -0.026766858 0.028035611
v -0.028237335 -0.026893968 0.028096113
v -0.028828089 -0.026007231 0.027376339
v -0.028917253 -0.025781206 0.027304648
v -0.02899478 -0.025552721 0.027231683
v -0.029060589 -0.02532245 0.027157913
v -0.029143724 -0.024917673 0.027136983
v -0.029046781 -0.025322536 0.027329463
v -0.028999031 -0.025484671 0.027407046
v -0.028926544 -0.025688795 0.027505703
v -0.028833813 -0.025912435 0.027614586
v -0.028708833 -0.026331523 0.026495083
v -0.028710975 -0.026347534 0.026651692
v -0.028593784 -0.02648266 0.026132379
v -0.02870632 -0.026256322 0.02618951
v -0.028594439 -0.026532274 0.026298272
v -0.028902984 -0.025850589 0.026554515
v -0.028808639 -0.026025622 0.026249073
v -0.028703981 -0.025956923 0.02561928
v -0.028804917 -0.025762761 0.025738445
v -0.028806799 -0.025912654 0.025984465
v -0.028897777 -0.025694343 0.026077034
v -0.028900053 -0.025792045 0.026310632
v -0.028979475 -0.025558125 0.026373256
v -0.028982366 -0.025608282 0.026584795
v -0.029050014 -0.025365184 0.02661556
v -0.029053183 -0.025378097 0.026799075
v -0.029108792 -0.025132466 0.02679516
v -0.029111752 -0.025121297 0.026943453
v -0.029155311 -0.024878507 0.026902763
v -0.029157696 -0.024856341 0.027007727
v -0.029188946 -0.024621366 0.026931476
v -0.029114841 -0.025090387 0.027083292
v -0.029056795 -0.025362635 0.02698333
v -0.028985975 -0.025622851 0.026802689
v -0.028895553 -0.025565271 0.025861399
v -0.028974854 -0.025366246 0.025986448
v -0.02897707 -0.025475275 0.026171344
v -0.029044966 -0.025255257 0.026267483
v -0.029047309 -0.025323446 0.026437178
v -0.02910373 -0.025088161 0.026502406
v -0.029106115 -0.025121474 0.026646799
v -0.029128665 -0.024875893 0.026737284
v -0.029187286 -0.024635429 0.026861376
v -0.029208597 -0.024384886 0.026854311
v -0.029196964 -0.024537374 0.026958368
v -0.02493882 -0.029391775 0.025531496
v -0.024704424 -0.029437134 0.025524019
v -0.024470137 -0.029469488 0.025518141
v -0.024232664 -0.02948808 0.025511058
v -0.02470137 -0.029490477 0.02567654
v -0.024934937 -0.029445081 0.025683041
v -0.025167434 -0.029386976 0.025691105
v -0.025397893 -0.02931651 0.025700881
v -0.025625652 -0.029234016 0.025712476
v -0.024698506 -0.029534336 0.02582745
v -0.02493147 -0.029488947 0.025833077
v -0.02516353 -0.029430828 0.025840174
v -0.025393691 -0.029360302 0.025848864
v -0.025621281 -0.029277685 0.025859228
v -0.025846919 -0.029182797 0.025871448
v -0.026071108 -0.029075411 0.02588572
v -0.026290131 -0.028989643 0.026043583
v -0.026067981 -0.029109594 0.02602901
v -0.025843671 -0.029217219 0.026016255
v -0.025617985 -0.029312251 0.026005298
v -0.025390429 -0.029394939 0.025996009
v -0.025160383 -0.029465487 0.025988264
v -0.024928534 -0.0295236 0.025982016
v -0.02469591 -0.029568969 0.025977172
v -0.014974323 -0.011847751 0.052357151
v -0.015467092 -0.011711844 0.053582601
v -0.015969798 -0.011713631 0.053579115
v -0.015971899 -0.011755128 0.05297825
v -0.014969738 -0.011710081 0.05358605
v -0.014971875 -0.011751901 0.052974165
v -0.015974344 -0.011850861 0.052361987
v -0.029503643 0.024756607 0.0049241292
v -0.029483398 0.025093645 0.0046317955
v -0.029425678 0.025428913 0.0043424375
v -0.029330895 0.025760029 0.0040581148
v -0.029199718 0.026084647 0.0037808414
v -0.029033083 0.026400457 0.0035125846
v -0.028832169 0.026705218 0.0032552548
v -0.028598403 0.026996766 0.0030106787
v -0.028333449 0.02727303 0.0027805919
v -0.028039183 0.027532047 0.0025666265
v -0.0277177 0.027771982 0.0023703046
v -0.027371277 0.02799113 0.0021930189
v -0.02700238 0.028187934 0.0020360258
v -0.026613624 0.028360995 0.0019004428
v -0.026207771 0.028509088 0.0017872313
v -0.025787703 0.028631155 0.0016971996
v -0.025356402 0.028726333 0.0016309816
v -0.024916933 0.028793949 0.001589051
v -0.024472414 0.028833514 0.001571704
v -0.015529232 -0.019103751 0.046571019
v -0.016031911 -0.01910607 0.046577111
v -0.016035053 -0.019706929 0.046618618
v -0.015041052 -0.020941202 0.046853739
v -0.015040015 -0.020721026 0.046792208
v -0.015534929 -0.020922965 0.046891618
v -0.015038167 -0.020330344 0.046702686
v -0.016042463 -0.020920394 0.046861626
v -0.015031904 -0.019101457 0.046564996
v -0.015035106 -0.019713338 0.046606827
v -0.016038111 -0.020323188 0.046714364
v -0.029225696 -0.024027869 0.027856973
v -0.02924503 -0.023650597 0.027620488
v -0.029304625 -0.022508367 0.029316669
v -0.024271651 -0.02733454 0.031646381
v -0.024240402 -0.028054651 0.030545142
v -0.024683782 -0.028024735 0.030511221
v -0.024927473 -0.022701009 0.037757644
v -0.024742248 -0.026711674 0.032466113
v -0.025181026 -0.026653455 0.032409064
v -0.029169037 -0.024401852 0.028092681
v -0.029075454 -0.024769901 0.02832595
v -0.028945607 -0.025129413 0.028555129
v -0.028780415 -0.02547785 0.028778596
v -0.028581048 -0.025812741 0.028994771
v -0.028348914 -0.026131725 0.029202127
v -0.028085654 -0.026432542 0.029399196
v -0.02779313 -0.026713064 0.029584585
v -0.027473413 -0.026971311 0.029756983
v -0.027128759 -0.027205456 0.029915172
v -0.026761608 -0.027413841 0.030058032
v -0.026374559 -0.027594995 0.030184555
v -0.025970342 -0.027747634 0.030293843
v -0.025551823 -0.027870682 0.030385124
v -0.025121955 -0.027963266 0.030457755
v -0.024219553 -0.028565472 0.029687661
v -0.025018355 -0.020760497 0.040225818
v -0.024573846 -0.020786456 0.040262722
v -0.024482991 -0.022727067 0.037794484
v -0.025457645 -0.020705139 0.040165953
v -0.025366735 -0.022645497 0.037697926
v -0.025888594 -0.020620776 0.040083555
v -0.025797658 -0.022560926 0.037615748
v -0.026308141 -0.020508007 0.039979208
v -0.026217181 -0.022447897 0.037511699
v -0.026713302 -0.020367637 0.039853652
v -0.026622319 -0.022307208 0.037386517
v -0.027101198 -0.020200656 0.039707784
v -0.027010195 -0.022139868 0.037241091
v -0.027469075 -0.020008259 0.039542636
v -0.027378052 -0.021947058 0.037076458
v -0.027814316 -0.01979181 0.039359384
v -0.02772328 -0.021730154 0.036893782
v -0.028134469 -0.019552843 0.03915933
v -0.028043421 -0.021490693 0.036694363
v -0.028427257 -0.019293062 0.038943894
v -0.028336204 -0.021230377 0.036479621
v -0.028690602 -0.019014312 0.038714608
v -0.028599545 -0.020951056 0.03625108
v -0.028922631 -0.018718573 0.038473103
v -0.028831577 -0.020654718 0.036010364
v -0.029121696 -0.018407946 0.038221096
v -0.029030648 -0.020343466 0.03575918
v -0.029286378 -0.018084641 0.037960371
v -0.029195343 -0.02001951 0.035499318
v -0.029415514 -0.017750951 0.037692791
v -0.029324494 -0.019685156 0.035232624
v -0.02950818 -0.017409253 0.03742025
v -0.029417183 -0.019342776 0.034960989
v -0.02956372 -0.017061972 0.037144686
v -0.029472751 -0.018994805 0.034686346
v -0.029581739 -0.016711578 0.036868058
v -0.025611481 -0.026565225 0.032330988
v -0.026030557 -0.026447606 0.032232442
v -0.026435282 -0.026301432 0.032114121
v -0.026822791 -0.026127741 0.031976865
v -0.027190334 -0.025927766 0.031821647
v -0.027535305 -0.025702921 0.03164957
v -0.027855256 -0.025454803 0.03146185
v -0.028147923 -0.025185172 0.031259821
v -0.028411224 -0.024895936 0.031044914
v -0.0286433 -0.02458915 0.030818655
v -0.0288425 -0.024266988 0.030582645
v -0.029007414 -0.023931733 0.03033856
v -0.029136873 -0.023585763 0.030088128
v -0.029229956 -0.023231531 0.029833127
v -0.029286006 -0.022871548 0.029575365
v -0.029490801 -0.018643716 0.034410648
v -0.024348987 -0.025623616 0.034030075
v -0.024298255 -0.026739467 0.032501731
v -0.015494307 -0.01558411 0.052102517
v -0.014995497 -0.015586213 0.05209613
v -0.014994275 -0.015417163 0.052192863
v -0.015995446 -0.015581029 0.052109431
v -0.014979892 -0.012548182 0.051795143
v -0.015994252 -0.015415769 0.052203714
v -0.014992986 -0.015230897 0.052280839
v -0.015992958 -0.015228849 0.052292
v -0.01499171 -0.015037998 0.052353125
v -0.015991678 -0.015035273 0.052364537
v -0.014990455 -0.014839785 0.052409227
v -0.015990419 -0.014836366 0.052420836
v -0.01498923 -0.014637612 0.052448761
v -0.01598919 -0.014633488 0.052460509
v -0.014988045 -0.014432868 0.052471455
v -0.015988001 -0.014428025 0.05248328
v -0.014986905 -0.014226948 0.052477157
v -0.015986857 -0.014221382 0.052489005
v -0.014985821 -0.01402126 0.052465825
v -0.015985768 -0.014014972 0.052477634
v -0.014984798 -0.01381721 0.052437537
v -0.015984742 -0.01381021 0.052449247
v -0.014983844 -0.013616195 0.05239249
v -0.015983785 -0.013608492 0.052404039
v -0.014982965 -0.013419591 0.052330986
v -0.015982903 -0.013411197 0.052342321
v -0.014982167 -0.013228738 0.052253453
v -0.015982103 -0.013219675 0.052264516
v -0.014981457 -0.013044941 0.052160414
v -0.01598139 -0.013035237 0.05217115
v -0.014980838 -0.012869463 0.052052508
v -0.015980768 -0.012859141 0.05206287
v -0.014980315 -0.012703498 0.051930475
v -0.015980244 -0.012692595 0.051940408
v -0.015979819 -0.012536735 0.051804601
v -0.029556859 -0.0070194425 0.042093768
v -0.029557214 -0.0069799688 0.042087417
v -0.029403573 -0.0067230843 0.042462969
v -0.029570807 -0.0070510028 0.042054524
v -0.029677537 -0.0073361665 0.041700545
v -0.02968089 -0.0070561797 0.041655269
v -0.029691296 -0.0073810747 0.041644895
v -0.02975976 -0.0076630379 0.041296043
v -0.029766399 -0.0071334671 0.041214163
v -0.02980673 -0.0083392028 0.040463143
v -0.02982067 -0.0072889621 0.040318188
v -0.029813108 -0.0072112518 0.040767369
v -0.025595443 -0.0046014249 0.045198131
v -0.025697778 -0.0043976711 0.045123879
v -0.025443194 -0.0045956413 0.045226243
v -0.02524864 -0.0043730529 0.045200565
v -0.02540529 -0.004595676 0.045232875
v -0.024794251 -0.0043581981 0.045239561
v -0.024778978 -0.004682626 0.045322413
v -0.024972596 -0.0046381106 0.045298652
v -0.025028802 -0.0046281863 0.045291112
v -0.025101666 -0.0046173005 0.045280901
v -0.025231739 -0.004603419 0.045261411
v -0.029770295 -0.0077220375 0.041223166
v -0.02979878 -0.0079455606 0.040947428
v -0.029802912 -0.007998182 0.040882593
v -0.029575558 -0.0053223918 0.041728016
v -0.029414747 -0.0052131854 0.042140844
v -0.0292178 -0.0051075178 0.04253866
v -0.029204338 -0.006424079 0.042836858
v -0.029273066 -0.0065193371 0.042717578
v -0.028986184 -0.005006167 0.042918522
v -0.02872161 -0.0049098891 0.043277609
v -0.028712357 -0.0058903297 0.043508544
v -0.028827652 -0.0059976711 0.043372952
v -0.028974944 -0.0061486236 0.043182733
v -0.029065999 -0.006251221 0.043053732
v -0.028426041 -0.0048193959 0.043613261
v -0.028101669 -0.0047353575 0.043922989
v -0.028095551 -0.0054314467 0.044092071
v -0.028287931 -0.005557252 0.043931367
v -0.028418445 -0.0056507295 0.043812346
v -0.028557526 -0.0057586249 0.04367533
v -0.027750897 -0.0046583966 0.044204499
v -0.027376326 -0.0045890848 0.044455704
v -0.027331043 -0.0050417333 0.044595161
v -0.027672328 -0.005196592 0.044394079
v -0.027745979 -0.0052337933 0.044346034
v -0.027991071 -0.0053684761 0.044172768
v -0.026980732 -0.0045279363 0.04467474
v -0.026567047 -0.0044754022 0.044859988
v -0.026550757 -0.0047802019 0.044942092
v -0.026887505 -0.0048783045 0.044809975
v -0.026977731 -0.0049084002 0.044770149
v -0.027227869 -0.0050001374 0.044649531
v -0.02569621 -0.0046104705 0.045178191
v -0.025787842 -0.0046223063 0.045159113
v -0.026138336 -0.0044318734 0.04501007
v -0.02616804 -0.0046891784 0.045065007
v -0.024831794 0.014967397 0.034135737
v -0.024839063 0.011957435 0.036517001
v -0.025287187 0.014942371 0.034103328
v -0.025294448 0.011933116 0.036484027
v -0.025737359 0.014892667 0.034040588
v -0.025744609 0.011885128 0.036419929
v -0.026178957 0.01481866 0.033947987
v -0.026186193 0.011813831 0.036325188
v -0.026608694 0.014720899 0.033826215
v -0.026615916 0.011719759 0.036200511
v -0.027023373 0.01460011 0.033676175
v -0.027030577 0.011603607 0.036046822
v -0.027419907 0.014457194 0.033498986
v -0.027427091 0.011466241 0.035865266
v -0.027795347 0.014293217 0.033295969
v -0.027802508 0.011308685 0.035657196
v -0.028146897 0.014109393 0.03306863
v -0.028154033 0.01113211 0.035424158
v -0.02847194 0.013907096 0.032818664
v -0.028768057 0.013687828 0.03254793
v -0.028479051 0.010937828 0.035167886
v -0.029890031 0.0086653794 0.032175507
v -0.029883169 0.011539158 0.029901318
v -0.029883611 0.0089420484 0.03253947
v -0.029876724 0.011827569 0.030256055
v -0.028480852 0.0065697534 0.038250525
v -0.028155908 0.006745067 0.038520126
v -0.027804459 0.0069045001 0.038765219
v -0.02742912 0.0070468706 0.038983985
v -0.027032683 0.007171118 0.039174792
v -0.026618101 0.0072763178 0.039336225
v -0.026188455 0.0073616869 0.03946708
v -0.025746943 0.0074265898 0.039566382
v -0.025296849 0.0074705444 0.039633395
v -0.029891442 0.0045232952 0.035099673
v -0.029885032 0.0047721688 0.035483114
v -0.029837811 0.0092173127 0.03290167
v -0.029830895 0.012114488 0.030609096
v -0.024841908 0.0085420838 0.038972499
v -0.024841524 0.0074932217 0.039667617
v -0.024839816 0.0059249723 0.040652504
v -0.029889256 0.0030912747 0.035999086
v -0.029882832 0.0033283889 0.036389865
v -0.029839253 0.0050198446 0.035864648
v -0.029752974 0.0094891209 0.033259409
v -0.02974603 0.012397778 0.030957816
v -0.028774741 0.004860975 0.038912084
v -0.028478753 0.005042125 0.039209654
v -0.028153847 0.005209414 0.039484282
v -0.027802438 0.0053616022 0.039733931
v -0.027427142 0.0054975515 0.039956737
v -0.02703075 0.0056162534 0.040151045
v -0.026616214 0.0057168251 0.040315411
v -0.026186614 0.0057985165 0.040448608
v -0.025745149 0.0058607233 0.040549651
v -0.025295099 0.0059029794 0.040617786
v -0.024835671 0.0039398871 0.041801457
v -0.029028475 0.0011258063 0.040553828
v -0.028763687 0.0012928969 0.040886695
v -0.028467798 0.0014493116 0.041197848
v -0.028143012 0.00159389 0.041484978
v -0.027791739 0.0017255554 0.041745946
v -0.027416594 0.0018433313 0.041978815
v -0.027020364 0.0019463383 0.042181852
v -0.026605997 0.0020338123 0.042353546
v -0.026176569 0.0021051029 0.042492623
v -0.025735277 0.0021596814 0.042598049
v -0.025285401 0.002197143 0.042669041
v -0.029878279 -0.00023080451 0.037839181
v -0.029871752 -2.699301e-05 0.038248143
v -0.029837043 0.0035643898 0.036778678
v -0.029754443 0.0052644783 0.036241433
v -0.029629727 0.0097554534 0.033610027
v -0.029622756 0.012675333 0.031299617
v -0.029245044 -0.0017804879 0.041431532
v -0.029013369 -0.001632453 0.04179629
v -0.02874866 -0.001492193 0.042141103
v -0.028452884 -0.0013607557 0.042463403
v -0.028128238 -0.0012391121 0.042760803
v -0.027777133 -0.001128169 0.043031088
v -0.027402175 -0.0010287508 0.043272253
v -0.027006152 -0.00094159249 0.043482508
v -0.026592003 -0.00086734492 0.043660289
v -0.026162807 -0.00080655692 0.043804278
v -0.025721749 -0.00075968107 0.043913405
v -0.025272106 -0.00072706686 0.043986856
v -0.029863649 -0.0027674852 0.038983531
v -0.029856938 -0.0025973019 0.03940736
v -0.029825886 0.00017595477 0.038655011
v -0.029752231 0.0037975271 0.03716264
v -0.029631235 0.0055042513 0.036610669
v -0.029468991 0.010014327 0.033950913
v -0.02946199 0.012945084 0.031631956
v -0.024830283 0.0022172057 0.04270507
v -0.024827233 0.0014244625 0.043090137
v -0.024817218 -0.00070895552 0.044024089
v -0.024802444 -0.0031825209 0.044904702
v -0.029847067 -0.0048306571 0.039718926
v -0.029840087 -0.0046958901 0.040155009
v -0.029810928 -0.0024277304 0.039828985
v -0.029741025 0.00037653374 0.039056758
v -0.029629026 0.004026064 0.03753889
v -0.029470544 0.0057373801 0.036969607
v -0.02927196 0.010263816 0.034279533
v -0.02926493 0.013205026 0.03195236
v -0.029424554 -0.0041702216 0.041844454
v -0.029227625 -0.0040470333 0.042237416
v -0.02899599 -0.0039290049 0.042612638
v -0.028731368 -0.0038170121 0.042967337
v -0.028435723 -0.0037118881 0.04329888
v -0.028111249 -0.0036144112 0.04360481
v -0.02776035 -0.0035253042 0.043882855
v -0.027385631 -0.0034452318 0.04413095
v -0.026989874 -0.0033747843 0.04434726
v -0.02657601 -0.0033144849 0.044530176
v -0.026147112 -0.0032647807 0.044678344
v -0.025706361 -0.0032260418 0.044790666
v -0.025257026 -0.0031985541 0.044866304
v -0.029837831 -0.0057781201 0.039989013
v -0.029830671 -0.0056630358 0.040430506
v -0.029793858 -0.0045614744 0.040588795
v -0.029725962 -0.002260032 0.04024527
v -0.0296178 0.0005732472 0.039450393
v -0.029468344 0.0042482999 0.03790463
v -0.029273566 0.0059621285 0.037315577
v -0.029040101 0.010502062 0.034593437
v -0.029033044 0.013453222 0.032258443
v -0.028776872 0.0063798701 0.037958429
v -0.029039607 0.0046673121 0.038593788
v -0.029260194 0.00094928199 0.040201723
v -0.029441964 -0.0019352047 0.041049531
v -0.02958532 -0.0042976604 0.041436664
v -0.029699046 -0.005434324 0.041303242
v -0.028775142 0.010727291 0.034890293
v -0.029041766 0.0061768244 0.037646004
v -0.029271384 0.004462581 0.038257137
v -0.029457124 0.00076463811 0.039832997
v -0.029602668 -0.0020954477 0.040653131
v -0.029708725 -0.0044284008 0.041017075
v -0.029784294 -0.0055481538 0.040869668
v -0.015924767 0.0026390704 0.042963249
v -0.022005438 -0.0077854861 0.0459989
v -0.022009976 -0.0077648974 0.045996661
v -0.015971776 -0.0079085764 0.046306144
v -0.015957889 -0.0051012652 0.04585711
v -0.023814959 -0.0050995932 0.045468804
v -0.015954509 -0.0043814918 0.045683963
v -0.023992274 -0.0049969255 0.045436458
v -0.024122285 -0.004929795 0.045414355
v -0.024249096 -0.0048705098 0.045394074
v -0.024438812 -0.0047925531 0.045366025
v -0.024515492 -0.0047645204 0.045355454
v -0.02268607 -0.0061803201 0.045743586
v -0.022779238 -0.0060506859 0.04571558
v -0.022888371 -0.0059116664 0.045684207
v -0.023008986 -0.0057718465 0.04565121
v -0.023101901 -0.0056727874 0.045626913
v -0.023260166 -0.0055191589 0.045587634
v -0.02332243 -0.005463424 0.045572878
v -0.023530882 -0.0052938628 0.045526167
v -0.023558542 -0.0052731851 0.04552027
v -0.015963477 -0.0062596254 0.046087705
v -0.022108893 -0.00738934 0.045951126
v -0.022234924 -0.0070296061 0.045899193
v -0.022242482 -0.0070106919 0.045896236
v -0.022347495 -0.0067701509 0.045856643
v -0.022390724 -0.0066812258 0.045841063
v -0.022505967 -0.0064663717 0.045801297
v -0.022572648 -0.0063542953 0.045779344
v -0.015978159 -0.0091212704 0.046376847
v -0.021878731 -0.0090371555 0.046084572
v -0.015975132 -0.0085520693 0.046353658
v -0.02188007 -0.0088677158 0.046078859
v -0.021891231 -0.0086076536 0.046066468
v -0.021909079 -0.0083930168 0.046052969
v -0.021935335 -0.008176943 0.04603641
v -0.021961941 -0.010051188 0.046078844
v -0.015985366 -0.010434207 0.046358569
v -0.022020762 -0.010380181 0.046061824
v -0.021943012 -0.0099220816 0.046083454
v -0.021933265 -0.0098483499 0.046085571
v -0.015982676 -0.0099509625 0.046377356
v -0.021896061 -0.0094762693 0.046090589
v -0.021888217 -0.0093526958 0.046090189
v -0.021879343 -0.0090968356 0.046086138
v -0.02207577 -0.010631327 0.046043645
v -0.015990205 -0.011283273 0.046289565
v -0.022124965 -0.010828195 0.046026189
v -0.022694104 -0.012361361 0.045788107
v -0.022604773 -0.012171041 0.045828
v -0.015996932 -0.012421336 0.046120021
v -0.022427044 -0.011751773 0.045905591
v -0.022258075 -0.011280142 0.045975201
v -0.022234485 -0.011206574 0.045984553
v -0.022815268 -0.012601854 0.045733237
v -0.016003261 -0.01344837 0.045884394
v -0.02296641 -0.012877874 0.045663944
v -0.023048656 -0.013018408 0.045625997
v -0.016004372 -0.013624395 0.045835574
v -0.02326018 -0.013352873 0.045528181
v -0.023573767 -0.013787751 0.045384408
v -0.023303369 -0.013416834 0.04550824
v -0.024317289 -0.01458439 0.045066403
v -0.024174123 -0.014454098 0.045123815
v -0.016012398 -0.014858858 0.045418225
v -0.024052624 -0.014335203 0.045174223
v -0.016009806 -0.014467254 0.045565312
v -0.023890249 -0.014164042 0.045243681
v -0.02386869 -0.014140233 0.045253064
v -0.024493104 -0.014730175 0.044999251
v -0.016016411 -0.015452222 0.045167741
v -0.024574795 -0.014792648 0.044969448
v -0.024667422 -0.016677078 0.044008235
v -0.024680625 -0.015793648 0.044504135
v -0.016023122 -0.016409805 0.044688451
v -0.024688282 -0.015232333 0.04477414
v -0.024692891 -0.014877106 0.044928074
v -0.016045809 -0.01934219 0.042536118
v -0.024642448 -0.018084086 0.043018425
v -0.016038562 -0.018454834 0.043309794
v -0.02465297 -0.017528956 0.043440348
v -0.016031477 -0.017543226 0.043988963
v -0.016029986 -0.017345566 0.044122016
v -0.016061018 -0.021068662 0.040656961
v -0.016060986 -0.021059065 0.040668953
v -0.024597367 -0.019998074 0.041201399
v -0.016053269 -0.020209444 0.04165919
v -0.024618563 -0.019177874 0.042054023
v -0.024637651 -0.018321009 0.042825024
v -0.016060756 -0.021086702 0.040634402
v -0.016053574 -0.021173839 0.040525006
v -0.016052046 -0.021184307 0.040511818
v -0.015944078 -0.0020640503 0.044982492
v -0.01593976 -0.0010606536 0.044615229
v -0.015935711 -9.5439056e-05 0.044228178
v -0.015928936 0.001575269 0.043483892
v -0.015905966 0.0078135708 0.039958208
v -0.01591423 0.0054592434 0.041418667
v -0.015895416 0.011026638 0.037732452
v -0.015885183 0.014392903 0.035137224
v -0.015882786 0.015214458 0.034471601
v -0.014147089 -0.023897759 0.040386413
v -0.014142682 -0.02238236 0.039154269
v -0.014158023 -0.022381286 0.039154275
v -0.014802521 -0.023781082 0.040470769
v -0.014671736 -0.02381431 0.040441097
v -0.014655719 -0.02230578 0.039206413
v -0.014611597 -0.022315792 0.03919756
v -0.014566287 -0.023839663 0.040419182
v -0.014492501 -0.022339474 0.039177923
v -0.014496784 -0.023853205 0.040408734
v -0.014458957 -0.022345285 0.039173488
v -0.014444543 -0.023862333 0.040402231
v -0.014326207 -0.022364699 0.039160505
v -0.014325829 -0.023879806 0.040391645
v -0.014302688 -0.022367555 0.039158952
v -0.014196595 -0.023893778 0.040386589
v -0.014760656 -0.02227917 0.039231043
v -0.014799681 -0.022268231 0.039241534
v -0.014819014 -0.023776229 0.04047535
v -0.0148147 -0.022263867 0.039245767
v -0.014915948 -0.023745523 0.040505063
v -0.014957271 -0.022217905 0.039291734
v -0.014972671 -0.023725755 0.040524752
v -0.015025599 -0.023706044 0.040544751
v -0.015085185 -0.022169253 0.039342428
v -0.015128312 -0.023664033 0.040588368
v -0.015115444 -0.022156608 0.039355869
v -0.015216762 -0.022110819 0.039405266
v -0.015232019 -0.023616843 0.040637946
v -0.015260261 -0.023603081 0.040653041
v -0.015255064 -0.022092028 0.039425826
v -0.015319305 -0.02357298 0.040687065
v -0.015341065 -0.022046563 0.039476164
v -0.015397743 -0.02353005 0.040737899
v -0.015379913 -0.022024398 0.039500976
v -0.015490261 -0.021955225 0.039579365
v -0.015485455 -0.023477788 0.040803326
v -0.015507828 -0.021943257 0.039593063
v -0.015512907 -0.02346042 0.040825926
v -0.015596268 -0.02187835 0.039667952
v -0.015563414 -0.023427111 0.040870472
v -0.015619169 -0.021860128 0.039689146
v -0.015623586 -0.023384951 0.04092916
v -0.015692003 -0.021797557 0.039762428
v -0.015637285 -0.023374946 0.040943478
v -0.0157194 -0.02177194 0.039792643
v -0.015716327 -0.023312563 0.041036597
v -0.015777606 -0.0217129 0.039862717
v -0.015770574 -0.023268285 0.041105919
v -0.015883756 -0.02158295 0.040018885
v -0.015827126 -0.023216756 0.041191474
v -0.015872809 -0.021598126 0.040000518
v -0.01581132 -0.023231617 0.041166275
v -0.015803501 -0.021684228 0.039896957
v -0.015946709 -0.021483495 0.040140013
v -0.015925677 -0.023113482 0.04137988
v -0.015903408 -0.023138746 0.041331436
v -0.015934019 -0.021505567 0.040113019
v -0.015883528 -0.02316021 0.041291573
v -0.015996215 -0.021381672 0.040265343
v -0.015982328 -0.023041348 0.041528413
v -0.015965154 -0.0230647 0.041478505
v -0.015983216 -0.021411509 0.040228484
v -0.015948655 -0.023085794 0.041434987
v -0.016028572 -0.021290012 0.040379241
v -0.016031922 -0.021278207 0.040393981
v -0.016011824 -0.02299664 0.041629771
v -0.016024162 -0.022975355 0.041681136
v -0.016020554 -0.02131597 0.040346885
v -0.016001683 -0.023012823 0.041592118
v -0.015997965 -0.02301852 0.041579134
v -0.016061035 -0.022885589 0.041928937
v -0.016057341 -0.022899219 0.041887148
v -0.016051346 -0.022917009 0.04183526
v -0.016043884 -0.022935515 0.041783954
v -0.016036572 -0.022951378 0.041741907
v -0.016066243 -0.022852826 0.042038018
v -0.016064774 -0.022866608 0.041990397
v -0.0160665 -0.022839734 0.042086029
v -0.016066146 -0.022833139 0.042111421
v -0.025185102 0.030436772 0.00015102387
v -0.025179509 0.029611981 -0.00079175012
v -0.025725636 0.030357299 0.00019840241
v -0.025804956 0.029515391 -0.00073175798
v -0.025833792 0.030337716 0.00021128116
v -0.026285138 0.030242153 0.00027706567
v -0.026418654 0.029379346 -0.00063700446
v -0.026444037 0.030203062 0.00030495944
v -0.026832349 0.030095096 0.00038394884
v -0.027016196 0.029204829 -0.00050816849
v -0.027038396 0.030030368 0.00043233204
v -0.027364034 0.029917005 0.00051841997
v -0.027593285 0.028993085 -0.00034617507
v -0.027612646 0.029820861 0.00059248916
v -0.027877054 0.02970893 0.00067968294
v -0.02814578 0.02874564 -0.00015218596
v -0.028162714 0.029576029 0.00078429759
v -0.028368372 0.029472097 0.00086678492
v -0.028648454 0.028476671 6.2431466e-05
v -0.028684691 0.029297602 0.0010063947
v -0.015545117 -0.025250006 0.050398061
v -0.01605342 -0.025263703 0.050391656
v -0.016053265 -0.025534178 0.050951327
v -0.01554907 -0.025925071 0.052117312
v -0.015051772 -0.025933177 0.052119745
v -0.015052712 -0.025767384 0.051529263
v -0.016051718 -0.025916875 0.052114855
v -0.015053628 -0.025283382 0.050391326
v -0.01505334 -0.025547652 0.050944786
v -0.016052638 -0.025753644 0.051535095
v -0.016106442 0.021143873 0.032458233
v -0.016119169 0.016597335 0.03617154
v -0.016108919 0.014800561 0.037613493
v -0.016072416 0.013418983 0.038685657
v -0.015888352 0.010599635 0.040740558
v -0.026367297 0.031157397 0.01883848
v -0.026443652 0.031127278 0.018829916
v -0.0020440787 0.034988688 0.013981606
v -0.0042820782 0.03492933 0.013730013
v -0.0051165268 0.034904612 0.013642638
v -0.0068683231 0.034848919 0.013468832
v -0.0096624205 0.03475117 0.01321475
v -0.01112335 0.034696429 0.013091614
v -0.012739705 0.034633409 0.012962195
v -0.016126621 0.034494233 0.012711497
v -0.017632124 0.034429713 0.012608018
v -0.025623163 0.033984208 0.012080815
v -0.025288109 0.034048162 0.01212712
v -0.025293511 0.034012468 0.012108792
v -0.025162099 0.034067014 0.012140614
v -0.024812905 0.034103248 0.012170205
v -0.024690956 0.034110378 0.01217769
v -0.023824542 0.034150845 0.012226106
v -0.019843481 0.034332429 0.012463968
v -0.026410756 0.033733609 0.011952657
v -0.026031522 0.0338707 0.012020705
v -0.025896072 0.033911758 0.012043104
v -0.027169811 0.03335022 0.011805564
v -0.02686164 0.033524783 0.011865464
v -0.02678235 0.033565357 0.011881013
v -0.026655273 0.033626879 0.011905831
v -0.027653257 0.033016237 0.011719875
v -0.02762634 0.03303697 0.011724156
v -0.027510078 0.03312349 0.011743466
v -0.027254307 0.033297412 0.011789567
v -0.0272101 0.033325319 0.011797901
v -0.02782999 0.032873136 0.011693907
v -0.027975199 0.032745944 0.011675969
v -0.028298587 0.032427111 0.011651578
v -0.028230307 0.032498903 0.011654543
v -0.028129096 0.032600753 0.011661258
v -0.028027216 0.032698118 0.011670447
v -0.028619716 0.032051206 0.011659698
v -0.02859418 0.032083682 0.011657433
v -0.02845791 0.032249047 0.011650489
v -0.028346298 0.032375388 0.011650345
v -0.028664339 0.031993245 0.011664476
v -0.028856259 0.031724354 0.01169907
v -0.029051551 0.031410615 0.01176585
v -0.028990671 0.031513557 0.011740731
v -0.029094676 0.031334434 0.011786502
v -0.029123811 0.031281292 0.011801967
v -0.029345939 0.030818987 0.011975115
v -0.029297941 0.030929193 0.011927294
v -0.029241896 0.031049835 0.011879757
v -0.029218078 0.031098822 0.011861849
v -0.029412212 0.030654025 0.012054952
v -0.029355433 0.030796331 0.011985483
v -0.029550892 0.030237127 0.012305843
v -0.029486117 0.030447108 0.012170105
v -0.02946605 0.030506178 0.012135441
v -0.029601125 0.030046137 0.01244798
v -0.029618883 0.029970045 0.012510168
v -0.029643936 0.029852132 0.012613497
v -0.029663591 0.029748209 0.012712261
v -0.029700848 0.029507533 0.012973798
v -0.029697524 0.02953227 0.01294451
v -0.029692776 0.029566278 0.012905223
v -0.029667057 0.029728561 0.01273181
v -0.029714572 0.029395112 0.013115106
v -0.029723681 0.029308499 0.013234349
v -0.029730385 0.029235971 0.013342415
v -0.029738514 0.029133007 0.013511363
v -0.029741406 0.02909044 0.013587593
v -0.029747464 0.028982384 0.013802672
v -0.029748664 0.028955333 0.013862486
v -0.02975162 0.028857769 0.014106039
v -0.029751762 0.028848271 0.014132704
v -0.029751063 0.028761064 0.014415577
v -0.029737537 0.028661104 0.0149403
v -0.029744835 0.028690207 0.014739528
v -0.029745933 0.028697199 0.014700299
v -0.029721955 0.028638829 0.01522091
v -0.029731464 0.028648592 0.015064809
v -0.029732673 0.02865057 0.015041992
v -0.029698823 0.028637701 0.015500754
v -0.029708786 0.028635648 0.015392414
v -0.029655163 0.028667159 0.015859639
v -0.029666472 0.028657543 0.015779525
v -0.029674291 0.028651511 0.015719761
v -0.029559873 0.028767666 0.016358114
v -0.029613572 0.028708249 0.016107634
v -0.029625202 0.02869611 0.016044318
v -0.029497275 0.028839925 0.016591108
v -0.029535316 0.028795827 0.016455549
v -0.029409055 0.028942318 0.016853443
v -0.02937676 0.028979447 0.016935966
v -0.029420537 0.028929053 0.016822576
v -0.029471359 0.028870074 0.016674766
v -0.029322081 0.029041623 0.017063213
v -0.029360462 0.028998077 0.016975417
v -0.028981757 0.029405137 0.017634215
v -0.029054304 0.029331096 0.017535452
v -0.029109758 0.029273263 0.017453113
v -0.029222714 0.029152041 0.017262911
v -0.028852198 0.029532936 0.017789599
v -0.02894991 0.029437069 0.017674722
v -0.028685369 0.029689592 0.017958315
v -0.028787037 0.029595153 0.017859226
v -0.028836926 0.029547637 0.017806382
v -0.028389267 0.029947546 0.018194364
v -0.028324087 0.030001112 0.018237853
v -0.028207159 0.03009444 0.018309599
v -0.028420333 0.029921623 0.018172685
v -0.028612143 0.0297557 0.018023354
v -0.027831205 0.030371787 0.018495514
v -0.027971344 0.030272338 0.01843327
v -0.027986374 0.0302614 0.018426134
v -0.028064108 0.030203968 0.018387675
v -0.02733652 0.03068758 0.018663684
v -0.02753388 0.030568017 0.01860506
v -0.027580239 0.03053871 0.018589772
v -0.02771227 0.030452649 0.018542729
v -0.026866419 0.030939371 0.018768225
v -0.026939683 0.030903131 0.018754724
v -0.027081857 0.030829664 0.018725769
v -0.027212502 0.030758468 0.018695674
v -0.026495211 0.031106285 0.018823723
v -0.02540558 0.031437835 0.018897384
v -0.025570025 0.031402833 0.018892625
v -0.025652996 0.031383148 0.018889513
v -0.02597198 0.031294806 0.018872562
v -0.026094762 0.031255446 0.018863677
v -0.02474738 0.031524423 0.018900352
v -0.025161938 0.031479877 0.018901286
v -0.025202738 0.031473652 0.018900878
v -0.021769969 0.031725183 0.018856973
v -0.017568214 0.032020082 0.018775979
v -0.015145266 0.032197132 0.018716985
v -0.01376702 0.032300414 0.0186788
v -0.010511003 0.032552766 0.018573158
v -0.0072576708 0.032818664 0.018441493
v -0.0063471683 0.032895997 0.018398961
v -0.0045969632 0.033048838 0.018308855
v -0.0023736303 0.033263799 0.018184087
v -0.00027325799 0.036974696 0.015477871
v -0.00028126295 0.036306669 0.014078653
v -0.00027467381 0.037179522 0.014667041
v -0.00028264135 0.036399324 0.013475255
v -0.00027632919 0.037323913 0.0138847
v -0.00027821012 0.037414226 0.013124311
v -0.00028481456 0.036475319 0.012496775
v -0.00028032257 0.037455448 0.012375312
v -0.00027473227 0.032183704 0.02336478
v -0.00027847709 0.03044005 0.02520792
v -0.00028451905 0.029686644 0.024586657
v -0.00027678541 0.034371234 0.018890287
v -0.00027065673 0.035692162 0.018549192
v -0.00027688001 0.034172881 0.019206106
v -0.00027072033 0.03512015 0.019526766
v -0.00027751976 0.033442854 0.020275011
v -0.00027127156 0.034395082 0.020614994
v -0.00027794761 0.033097728 0.020739854
v -0.00027250089 0.033452327 0.021866459
v -0.00028852754 0.035093307 0.013868172
v -0.00028730802 0.034957467 0.01449612
v -0.00028606063 0.03472234 0.015305722
v -0.00027221161 0.036732548 0.016235427
v -0.00028652114 0.036485988 0.012081106
v -0.00028268599 0.037449791 0.011627999
v -0.00028815462 0.036473924 0.01157864
v -0.00028531379 0.037397463 0.010877583
v -0.00029132175 0.036398234 0.010696152
v -0.00028824054 0.037297139 0.01011476
v -0.00029823743 0.023329492 0.031283201
v -0.00030251579 0.022868701 0.030716466
v -0.00029629922 0.023667129 0.031315358
v -0.00029963842 0.023892063 0.029852572
v -0.00028558945 0.027577809 0.027922774
v -0.00028104542 0.031285189 0.022909964
v -0.00028058301 0.03152073 0.022647585
v -0.00027909479 0.032340935 0.021692801
v -0.00029182844 0.036380947 0.0105637
v -0.00029407609 0.036290537 0.010001385
v -0.0002915173 0.037145167 0.0093300415
v -0.00029564029 0.036215966 0.0096305005
v -0.00029318471 0.03705492 0.0089535376
v -0.00029710318 0.03613873 0.0092964411
v -0.00029711589 0.036814064 0.0081142457
v -0.00030007342 0.035963006 0.0086511712
v -0.00029771483 0.036774314 0.0079915105
v -0.00029260511 0.026466092 0.027614853
v -0.0002893925 0.027696325 0.026497602
v -0.00028600002 0.029059954 0.025205333
v -0.00028450901 0.03332532 0.018240739
v -0.00028454484 0.033910944 0.017207422
v -0.0002708594 0.036043052 0.017871876
v -0.00028494943 0.034297665 0.016402772
v -0.00027140333 0.036426455 0.017028913
v -0.00028515781 0.034411256 0.016137738
v -0.0002858589 0.03466808 0.01546531
v -0.029779447 0.028139795 0.014090468
v -0.029785929 0.027900577 0.014526383
v -0.029792497 0.027606337 0.015003967
v -0.02963973 -0.011968131 0.036006116
v -0.029648861 -0.015107738 0.038558874
v -0.029630714 -0.015580385 0.03812878
v -0.029607296 -0.016144934 0.0375423
v -0.029756042 0.028645785 0.01276397
v -0.029760547 0.028587556 0.012992199
v -0.029802479 0.027045097 0.01580859
v -0.029814745 0.026126685 0.016955702
v -0.029831498 0.02432257 0.018902643
v -0.029848555 0.021516566 0.021555272
v -0.029862466 0.018183905 0.024441039
v -0.029766769 0.02847801 0.013327544
v -0.029773062 0.028330387 0.013692222
v -0.029549467 0.025767357 0.0061367751
v -0.029608991 0.026978668 0.0077821955
v -0.029719574 0.028639236 0.011247023
v -0.029707705 0.028530844 0.010826847
v -0.029690686 0.028331034 0.01025502
v -0.029650132 0.027720513 0.0089854218
v -0.029679344 0.028176336 0.0098888224
v -0.029728831 0.028698767 0.011592083
v -0.029731423 0.028710359 0.011692162
v -0.029738324 0.028727629 0.011968178
v -0.029744602 0.028722349 0.012233729
v -0.029750453 0.028695184 0.012496608
v -0.013941746 0.022925048 0.031109674
v -0.016103928 0.021225343 0.032391181
v -0.024918714 0.021440796 0.031681032
v -0.016092983 0.021330768 0.032304799
v -0.016073221 0.02143705 0.032218174
v -0.015531457 0.022310722 0.031526264
v -0.015437753 0.022388743 0.031466952
v -0.024898679 0.02661106 0.027255622
v -0.016044589 0.021543489 0.032131882
v -0.016007165 0.021649324 0.032046554
v -0.01596117 0.021753743 0.031962843
v -0.015906961 0.021855944 0.031881399
v -0.015845021 0.021955166 0.031802832
v -0.015775928 0.022050722 0.031727676
v -0.015700314 0.022142027 0.031656388
v -0.015618841 0.022228605 0.031589321
v -0.015335544 0.022464171 0.031410264
v -0.015226842 0.022535198 0.03135761
v -0.015112284 0.022601327 0.031309363
v -0.014992608 0.0226621 0.031265866
v -0.014868637 0.022717116 0.031227414
v -0.014741233 0.022766059 0.031194225
v -0.014611262 0.022808689 0.031166455
v -0.014479562 0.022844862 0.031144178
v -0.014346901 0.022874509 0.031127407
v -0.014213963 0.022897642 0.031116102
v -0.014081373 0.022914315 0.031110188
v -0.024922433 0.020269942 0.032646373
v -0.024934063 0.016353979 0.035840711
v -0.024884131 0.029240274 0.024793089
v -0.024863303 0.031915373 0.021943801
v -0.024856769 0.032579003 0.021140212
v -0.024850051 0.033196329 0.020336812
v -0.024842145 0.033846625 0.01941064
v -0.024833142 0.034503026 0.018353937
v -0.024828226 0.034830959 0.017758073
v -0.024819337 0.035374079 0.016608145
v -0.024823012 0.035157596 0.017097578
v -0.024808555 0.035932636 0.014983719
v -0.024811603 0.035788626 0.015479133
v -0.024814258 0.035653326 0.01588507
v -0.02481747 0.035479524 0.016349587
v -0.024805455 0.036063847 0.014440026
v -0.02480235 0.036174093 0.013851728
v -0.02479924 0.036254854 0.013229203
v -0.024796125 0.036299586 0.012588991
v -0.024792966 0.036305798 0.011950323
v -0.024789664 0.036275695 0.011332487
v -0.024777357 0.035996621 0.0095569439
v -0.02478187 0.036116276 0.010124271
v -0.024783821 0.03616369 0.010396861
v -0.024786165 0.036215198 0.010749558
v -0.024767705 0.035720199 0.0085628216
v -0.024758275 0.035442342 0.0077738705
v -0.024757376 0.035415834 0.0077053387
v -0.024746507 0.035095957 0.0069427688
v -0.024727205 0.03453487 0.0058015447
v -0.020265613 0.034798051 0.0058310964
v -0.020272202 0.034199474 0.0047644481
v -0.024707371 0.033967168 0.004802672
v -0.020280146 0.033431478 0.0035591112
v -0.024666732 0.032820166 0.0030615733
v -0.020289913 0.03243451 0.0021695148
v -0.020302191 0.031119309 0.00053058008
v -0.024625167 0.031660596 0.0015295092
v -0.018356553 -0.024239256 0.047652939
v -0.018108462 -0.024413458 0.047453825
v -0.018356747 -0.024311198 0.047716383
v -0.018109474 -0.024811571 0.047824133
v -0.01835796 -0.02481511 0.048206871
v -0.018008827 -0.013354363 0.060080145
v -0.018007647 -0.012877164 0.059625579
v -0.018258898 -0.013064596 0.059443143
v -0.018358802 -0.025274747 0.048739068
v -0.018110484 -0.025299231 0.04835143
v -0.018359267 -0.025686678 0.049308996
v -0.018111115 -0.025740017 0.048918492
v -0.01835935 -0.02604781 0.049912391
v -0.018111362 -0.026130712 0.049521163
v -0.018359052 -0.026355451 0.050544738
v -0.018111223 -0.026468443 0.050155032
v -0.018358374 -0.026607289 0.051201307
v -0.018110699 -0.026750745 0.050815456
v -0.018357322 -0.026801449 0.051877177
v -0.018109794 -0.026975548 0.051497599
v -0.018355903 -0.026936473 0.0525673
v -0.018108515 -0.027141202 0.052196461
v -0.018354129 -0.02701135 0.053266512
v -0.018106871 -0.027246499 0.052906929
v -0.01810596 -0.02727526 0.053249062
v -0.018352012 -0.027025524 0.053969575
v -0.018104874 -0.027290662 0.053623798
v -0.018103774 -0.027289897 0.053974878
v -0.018349568 -0.026978885 0.054671232
v -0.018102539 -0.027273375 0.054341816
v -0.018101251 -0.027241746 0.054699242
v -0.018099882 -0.027194758 0.055055725
v -0.018346815 -0.026871787 0.055366231
v -0.018098409 -0.027131182 0.055416735
v -0.018096924 -0.02705539 0.055760298
v -0.018343775 -0.026705025 0.056049377
v -0.01825905 -0.013131804 0.059511583
v -0.018260376 -0.013648568 0.059988505
v -0.018010462 -0.013913271 0.060531228
v -0.018262061 -0.014204613 0.060418986
v -0.018012452 -0.014508698 0.06093287
v -0.018264092 -0.014795782 0.060799803
v -0.018014779 -0.015136288 0.061282129
v -0.018266453 -0.015417644 0.061128106
v -0.018017429 -0.015791433 0.061576451
v -0.018269128 -0.016065555 0.06140144
v -0.01802038 -0.016469352 0.061813679
v -0.018272097 -0.016734658 0.061617759
v -0.018023612 -0.017165065 0.061992075
v -0.018275337 -0.017419952 0.061775442
v -0.018027101 -0.017873485 0.062110335
v -0.018278824 -0.018116307 0.061873312
v -0.018030821 -0.018589417 0.062167589
v -0.018282532 -0.018818519 0.061910636
v -0.018034746 -0.019307624 0.06216342
v -0.018286432 -0.019521321 0.061887135
v -0.018038845 -0.020022844 0.062097859
v -0.018290497 -0.020219471 0.061802984
v -0.01804309 -0.020729837 0.061971385
v -0.018294695 -0.020907729 0.061658813
v -0.01804745 -0.021423426 0.061784924
v -0.018298996 -0.02158095 0.061455701
v -0.018051891 -0.022098535 0.061539842
v -0.018303366 -0.022234102 0.061195168
v -0.018056382 -0.022750214 0.061237934
v -0.018307773 -0.022862294 0.060879162
v -0.01806089 -0.023373693 0.060881415
v -0.018312185 -0.023460829 0.060510051
v -0.018065383 -0.023964405 0.060472888
v -0.018316568 -0.02402522 0.060090594
v -0.018069826 -0.024518023 0.060015351
v -0.018320889 -0.024551251 0.059623931
v -0.018074187 -0.025030494 0.059512154
v -0.018325116 -0.025034985 0.059113548
v -0.018078435 -0.025498067 0.058966981
v -0.018329218 -0.0254728 0.058563275
v -0.018082538 -0.02591731 0.058383825
v -0.018333164 -0.025861423 0.05797722
v -0.018086467 -0.02628516 0.057766956
v -0.018336923 -0.026197949 0.057359771
v -0.018090192 -0.026598921 0.057120896
v -0.018340469 -0.02647985 0.056715549
v -0.018093686 -0.026856292 0.056450372
v -0.018095271 -0.026959024 0.056121986
v -0.02596066 -0.031275032 0.024847002
v -0.025960677 -0.031197717 0.024647958
v -0.025695882 -0.031271298 0.024628554
v -0.027228456 -0.031032383 0.02673825
v -0.027472683 -0.030894821 0.026737715
v -0.027474134 -0.030891162 0.026342269
v -0.026733974 -0.031115579 0.025305384
v -0.026733942 -0.031057652 0.025108481
v -0.026479751 -0.031163071 0.025086379
v -0.02722225 -0.030748849 0.028317316
v -0.02697329 -0.030866879 0.028346379
v -0.026973293 -0.030737225 0.028724984
v -0.026208227 -0.031380739 0.027595159
v -0.025944827 -0.031465483 0.02760594
v -0.02594201 -0.031367082 0.028029543
v -0.027710533 -0.030256934 0.024506646
v -0.024356604 -0.031775272 0.025543551
v -0.024356238 -0.031784517 0.025591181
v -0.024605034 -0.031772907 0.025633165
v -0.024336903 -0.03178385 0.027463523
v -0.024334908 -0.031748192 0.027651406
v -0.024585051 -0.031730496 0.027644279
v -0.024325747 -0.031409591 0.028811731
v -0.024325295 -0.031359922 0.028942438
v -0.02457609 -0.031343613 0.028933384
v -0.024326227 -0.031059507 0.029644468
v -0.024331545 -0.030805815 0.030161099
v -0.024477321 -0.030799127 0.030153189
v -0.028268041 -0.029846943 0.024536875
v -0.028169863 -0.02979067 0.02427922
v -0.028172908 -0.029959345 0.024605864
v -0.028175436 -0.030105328 0.024941599
v -0.028273609 -0.02999821 0.024873849
v -0.028177385 -0.030226222 0.025286167
v -0.028279558 -0.030118741 0.025205477
v -0.028273191 -0.030216726 0.025599949
v -0.028178698 -0.030320032 0.02563908
v -0.028292742 -0.03027593 0.025864234
v -0.028179322 -0.030385191 0.025999718
v -0.028295495 -0.030293976 0.025991614
v -0.02817926 -0.030420326 0.026366262
v -0.028280538 -0.030314552 0.02639301
v -0.028322194 -0.030292149 0.027104158
v -0.028316889 -0.030313109 0.026897351
v -0.028178716 -0.030425659 0.026735564
v -0.028312219 -0.03032419 0.026710218
v -0.02817665 -0.030184905 0.028179318
v -0.028340951 -0.030160787 0.027795859
v -0.028176645 -0.030278126 0.027830067
v -0.028333144 -0.030225111 0.027514642
v -0.028177158 -0.03035174 0.027470779
v -0.028363462 -0.02991493 0.028564959
v -0.028391352 -0.029995845 0.028217088
v -0.028346355 -0.030109342 0.027985765
v -0.028177431 -0.030074985 0.028518318
v -0.028179245 -0.029950598 0.028848016
v -0.028370626 -0.029821198 0.028799035
v -0.028381857 -0.02966182 0.029157306
v -0.024325079 -0.031190238 0.029354348
v -0.024576092 -0.031174865 0.029343561
v -0.024852001 -0.031315797 0.028920797
v -0.024852203 -0.031148409 0.029328534
v -0.025126995 -0.031112047 0.029310284
v -0.024339792 -0.03182385 0.027200649
v -0.024351213 -0.031856904 0.026151807
v -0.024349748 -0.031864954 0.026295499
v -0.024599187 -0.031845948 0.026295993
v -0.024348595 -0.031868339 0.026405298
v -0.024359151 -0.0316853 0.02516869
v -0.024357553 -0.03174759 0.025413804
v -0.024607853 -0.031675109 0.025203103
v -0.024606553 -0.031728757 0.025416862
v -0.024880677 -0.031696955 0.025421944
v -0.024610539 -0.031459957 0.024577603
v -0.024611401 -0.031274776 0.024174061
v -0.024362598 -0.031390312 0.024370619
v -0.024363056 -0.031292684 0.024167622
v -0.024363385 -0.03116534 0.023927146
v -0.024611606 -0.031060115 0.023781217
v -0.024363477 -0.031077592 0.023773809
v -0.025959015 -0.030813853 0.023877458
v -0.025957877 -0.03064419 0.023601286
v -0.02584791 -0.030667262 0.023579401
v -0.026360359 -0.030548748 0.023694905
v -0.026219599 -0.030735677 0.023907575
v -0.025960176 -0.031019901 0.024257596
v -0.027944961 -0.030111917 0.024554917
v -0.024330102 -0.031626217 0.028151088
v -0.024580971 -0.031625171 0.028085054
v -0.024860313 -0.031699576 0.027638711
v -0.024856455 -0.031595107 0.028077168
v -0.0251343 -0.031657456 0.027632145
v -0.025406973 -0.031604221 0.027624503
v -0.025130662 -0.031554124 0.028067717
v -0.024853551 -0.031465781 0.028504351
v -0.02457785 -0.031494808 0.028514565
v -0.024327281 -0.031511918 0.028521947
v -0.025126615 -0.031277723 0.028905544
v -0.025400456 -0.031065799 0.02928876
v -0.026472034 -0.031373312 0.026951635
v -0.026214374 -0.03148369 0.026740503
v -0.026212812 -0.031470559 0.026955028
v -0.025951605 -0.031571141 0.026741188
v -0.025949879 -0.031557553 0.026958217
v -0.025685116 -0.031648141 0.026741945
v -0.025683219 -0.031634141 0.026961211
v -0.025415059 -0.031714417 0.026742757
v -0.025412996 -0.031700058 0.02696399
v -0.025142873 -0.031769461 0.026743549
v -0.025140685 -0.031754795 0.026966476
v -0.024869345 -0.031813022 0.0267444
v -0.024867042 -0.031798112 0.026968732
v -0.024594536 -0.031844987 0.026745378
v -0.024592118 -0.03182991 0.026970843
v -0.026726283 -0.03124546 0.027156471
v -0.026470616 -0.031352088 0.027163139
v -0.026211237 -0.031448661 0.02716932
v -0.025948145 -0.03153504 0.02717503
v -0.025681317 -0.031611081 0.027180281
v -0.025410928 -0.031676519 0.02718505
v -0.025138496 -0.031730846 0.027189244
v -0.024864737 -0.031773842 0.027192928
v -0.0245897 -0.031805402 0.027196182
v -0.025127969 -0.031426159 0.02849202
v -0.025399915 -0.03122943 0.028887565
v -0.025672131 -0.031009738 0.029263953
v -0.025584688 -0.030663017 0.030051754
v -0.025674547 -0.03064518 0.030040231
v -0.025940227 -0.030944319 0.029236066
v -0.025850554 -0.030607185 0.030016175
v -0.026204142 -0.030518323 0.029961774
v -0.026204506 -0.030869737 0.02920516
v -0.025939338 -0.031102965 0.028843529
v -0.02567141 -0.031171023 0.028866833
v -0.025672348 -0.031315421 0.028460765
v -0.02540108 -0.031375993 0.028477503
v -0.025674563 -0.031439787 0.028043863
v -0.025403562 -0.031502299 0.028056633
v -0.025677678 -0.031540064 0.027615733
v -0.025003866 -0.030750851 0.030116002
v -0.025408186 -0.030695019 0.03007292
v -0.027470998 -0.030866529 0.027133353
v -0.027226502 -0.031002598 0.027141615
v -0.026978247 -0.031128922 0.027149303
v -0.02698048 -0.031160139 0.026738767
v -0.026728807 -0.031278034 0.026739303
v -0.02647344 -0.031385937 0.026739878
v -0.026467901 -0.031285958 0.027583375
v -0.026465636 -0.031191945 0.027996352
v -0.026723853 -0.031181273 0.027570572
v -0.026721846 -0.031089745 0.027977452
v -0.026976091 -0.03106681 0.027556735
v -0.026974332 -0.030977937 0.027956993
v -0.02722461 -0.030942681 0.027541843
v -0.027223089 -0.030856626 0.027934953
v -0.027469362 -0.030808916 0.02752583
v -0.027468073 -0.030725818 0.027911264
v -0.027710303 -0.03066553 0.027508648
v -0.027711689 -0.030720751 0.027124481
v -0.027713116 -0.030747499 0.026737139
v -0.028328733 -0.030255626 0.027351758
v -0.028177932 -0.030402033 0.02710476
v -0.027948013 -0.030565524 0.027114873
v -0.026464162 -0.0310749 0.028398269
v -0.026720594 -0.030975592 0.028373355
v -0.026720437 -0.030842518 0.028758439
v -0.026463832 -0.030938628 0.028789342
v -0.026203987 -0.031164707 0.028421132
v -0.026205692 -0.03128443 0.028013713
v -0.025940057 -0.031244912 0.028441959
v -0.02620347 -0.031025471 0.028817699
v -0.026464997 -0.030786069 0.029171231
v -0.026721714 -0.030693379 0.029134273
v -0.027946925 -0.03051274 0.027490192
v -0.027709237 -0.030585512 0.027885863
v -0.027467427 -0.03062149 0.028286094
v -0.027222404 -0.030622818 0.028688957
v -0.026974669 -0.030591738 0.029094284
v -0.026468108 -0.030619276 0.029545539
v -0.027467724 -0.030499266 0.028650281
v -0.02722387 -0.030481197 0.029051248
v -0.027469269 -0.030361711 0.029005096
v -0.026977859 -0.030432357 0.029455674
v -0.027472483 -0.030210627 0.029351717
v -0.026443585 -0.030448306 0.029920166
v -0.02679862 -0.030329132 0.029851022
v -0.027710829 -0.030233218 0.028955755
v -0.027709212 -0.030366527 0.028608883
v -0.027708777 -0.030484778 0.028252641
v -0.027946128 -0.030435882 0.027858666
v -0.027945893 -0.030338853 0.028216896
v -0.027946498 -0.030224703 0.028564722
v -0.027948209 -0.030095785 0.028903206
v -0.027951431 -0.029953745 0.029233303
v -0.027477264 -0.030046623 0.029692332
v -0.027929311 -0.029813236 0.029564182
v -0.028390135 -0.029534895 0.029414956
v -0.026982805 -0.0302598 0.029811512
v -0.027365676 -0.030098325 0.029720969
v -0.026479387 -0.031020852 0.024694642
v -0.026733313 -0.030917861 0.024721945
v -0.02673199 -0.030748304 0.024345316
v -0.026479662 -0.031095946 0.02488926
v -0.026979902 -0.030446663 0.024019559
v -0.026982072 -0.03063911 0.024380827
v -0.026983626 -0.030805354 0.024751905
v -0.026984626 -0.031048144 0.025523013
v -0.0269845 -0.030942501 0.025132741
v -0.027231369 -0.030992382 0.025935641
v -0.027231786 -0.03092134 0.025543039
v -0.027231416 -0.030817758 0.025159167
v -0.027230319 -0.030683464 0.024784538
v -0.027228556 -0.030520789 0.024419508
v -0.027226188 -0.030332538 0.02406417
v -0.026479646 -0.031221959 0.025285942
v -0.02673381 -0.0311652 0.025504635
v -0.026984392 -0.03108856 0.025721537
v -0.027475063 -0.030854593 0.025950147
v -0.027475237 -0.030784857 0.025564715
v -0.027474645 -0.030683485 0.025187781
v -0.027473344 -0.030552243 0.024819888
v -0.027471392 -0.030393384 0.024461421
v -0.027468854 -0.030209617 0.024112514
v -0.027714306 -0.030743251 0.026349883
v -0.027714987 -0.030707082 0.025965761
v -0.027714933 -0.030638751 0.025588074
v -0.027714135 -0.030539737 0.025218638
v -0.027712651 -0.03041174 0.024858021
v -0.027949126 -0.03059072 0.026736373
v -0.027950001 -0.030585921 0.026357861
v -0.027950379 -0.030550237 0.025982298
v -0.027950047 -0.030483441 0.025612902
v -0.027948996 -0.030386956 0.025251501
v -0.027947282 -0.03026242 0.024898691
v -0.025695697 -0.031091325 0.024234576
v -0.025694844 -0.030882748 0.023850914
v -0.025426227 -0.030744289 0.023509551
v -0.026730039 -0.030551965 0.023978607
v -0.026476606 -0.030648341 0.023941285
v -0.026478318 -0.030848257 0.024312949
v -0.026221047 -0.030938832 0.024283715
v -0.026221844 -0.031114187 0.024669983
v -0.026221977 -0.031190454 0.024866937
v -0.026221922 -0.031258607 0.025066425
v -0.026865024 -0.030403207 0.023844095
v -0.024360346 -0.031619451 0.024952637
v -0.024608947 -0.031612236 0.02499194
v -0.024881863 -0.031643508 0.025209097
v -0.025153502 -0.031653604 0.025428793
v -0.024361166 -0.031559033 0.024779043
v -0.02460984 -0.031540418 0.024783425
v -0.024882839 -0.031580884 0.024998831
v -0.02515457 -0.03160045 0.025217117
v -0.025424942 -0.031598821 0.02543735
v -0.024883615 -0.031509359 0.024791191
v -0.025155431 -0.031538186 0.025007998
v -0.025425888 -0.031546045 0.02522711
v -0.025693979 -0.031532925 0.025447534
v -0.024363332 -0.030861462 0.023428127
v -0.024846213 -0.030815608 0.023440144
v -0.02488477 -0.031031044 0.023793035
v -0.024884818 -0.031244818 0.024184331
v -0.024884197 -0.031429229 0.024586227
v -0.025156089 -0.031467084 0.024801485
v -0.025426625 -0.03148425 0.0250194
v -0.025694759 -0.03148062 0.025238988
v -0.025959434 -0.031456387 0.025459349
v -0.027230178 -0.031029308 0.026335187
v -0.027230858 -0.031015131 0.026134772
v -0.026983304 -0.031143414 0.02612477
v -0.02698395 -0.031120396 0.025922238
v -0.026732859 -0.031238566 0.025909939
v -0.02673344 -0.031206275 0.025706173
v -0.02647883 -0.031314043 0.025692187
v -0.026479342 -0.031272366 0.025487897
v -0.026221218 -0.031369481 0.025472801
v -0.026221673 -0.031318365 0.025268396
v -0.025960047 -0.031404638 0.025252748
v -0.025960453 -0.0313441 0.025048615
v -0.025695329 -0.031419402 0.025032943
v -0.025695701 -0.031349531 0.024829449
v -0.02542716 -0.031413698 0.02481427
v -0.025427504 -0.031334683 0.024611765
v -0.025156552 -0.031387437 0.024597626
v -0.025427637 -0.03115288 0.024214648
v -0.025156932 -0.031204155 0.024197867
v -0.025427099 -0.030942156 0.023827942
v -0.025156639 -0.030991699 0.023808615
v -0.025328268 -0.030759639 0.023496452
v -0.024879274 -0.031740948 0.02563732
v -0.025152215 -0.031697376 0.025642975
v -0.025423779 -0.031642309 0.025650074
v -0.025692983 -0.031576052 0.025658534
v -0.025958608 -0.031499092 0.025668366
v -0.026220553 -0.031411702 0.025679584
v -0.026219671 -0.031444775 0.025888692
v -0.0264781 -0.031346746 0.025898756
v -0.02647716 -0.031370224 0.026107283
v -0.026732068 -0.031261826 0.026115603
v -0.026731105 -0.031276083 0.026322669
v -0.026982484 -0.031157636 0.026328645
v -0.026981531 -0.031163174 0.026533449
v -0.024352674 -0.031844069 0.026002183
v -0.02460133 -0.031831619 0.026073061
v -0.024875799 -0.031799498 0.02607529
v -0.024873769 -0.031813821 0.026297189
v -0.025148973 -0.031755704 0.02607848
v -0.025147063 -0.031770028 0.026299074
v -0.025420786 -0.03170035 0.02608256
v -0.025418999 -0.031714676 0.026301571
v -0.025690331 -0.031633728 0.026087458
v -0.025688714 -0.031648053 0.02630461
v -0.025956301 -0.031556336 0.026093205
v -0.025954859 -0.031570648 0.026308229
v -0.026217296 -0.031482748 0.026312451
v -0.024354076 -0.031826248 0.025850127
v -0.024603292 -0.031807281 0.025851963
v -0.024877646 -0.031775213 0.025855173
v -0.025150703 -0.031731495 0.02585962
v -0.025422392 -0.031676236 0.025865233
v -0.025691767 -0.031609741 0.025871935
v -0.025957562 -0.031532494 0.025879751
v -0.026218573 -0.031468447 0.026099813
v -0.026476044 -0.031384506 0.026317266
v -0.026730004 -0.031281447 0.026530709
v -0.02647479 -0.031389706 0.026528278
v -0.026215883 -0.03148779 0.026526163
v -0.025953279 -0.031575547 0.026524377
v -0.025686961 -0.031652817 0.026522926
v -0.025417076 -0.031719327 0.026521793
v -0.025145013 -0.031774574 0.026520923
v -0.024871602 -0.031818292 0.026520389
v -0.024596907 -0.03185037 0.026520264
v -0.024344626 -0.031862843 0.026768764
v -0.02712924 -0.030314673 0.023937368
v -0.029590066 -0.016477099 0.03784162
v -0.027813393 -0.018136686 0.041263473
v -0.027677537 -0.017627089 0.041888004
v -0.02754626 -0.017704094 0.041956436
v -0.025067377 -0.015118045 0.044788863
v -0.024823712 -0.014964826 0.044882045
v -0.025503892 -0.01536277 0.044596585
v -0.025129565 -0.015784533 0.044460924
v -0.025578245 -0.015400988 0.044560425
v -0.025573255 -0.015758005 0.044383894
v -0.026008479 -0.015714262 0.044273606
v -0.025445534 -0.015332098 0.044624252
v -0.025149544 -0.015166894 0.044755193
v -0.026249201 -0.015750764 0.044160817
v -0.026048674 -0.015632764 0.044301143
v -0.025849568 -0.015532639 0.044419513
v -0.025993006 -0.016581171 0.043783908
v -0.026442979 -0.015880491 0.04400544
v -0.026415906 -0.016510133 0.043646289
v -0.026959471 -0.016358641 0.043434804
v -0.026740082 -0.016130403 0.043705633
v -0.026824172 -0.016420303 0.043478718
v -0.026669816 -0.016066613 0.043782412
v -0.027423616 -0.017027621 0.042618393
v -0.027348847 -0.016893612 0.042781443
v -0.027196218 -0.017112937 0.042743795
v -0.027143521 -0.016582761 0.043158887
v -0.026806119 -0.017234841 0.042931219
v -0.027507137 -0.017195279 0.042414162
v -0.027176959 -0.017859317 0.042159076
v -0.027868408 -0.018309466 0.041022635
v -0.02783371 -0.018241929 0.041134499
v -0.027522422 -0.018500299 0.041234146
v -0.028189115 -0.018098491 0.040791338
v -0.028136335 -0.018020025 0.040949539
v -0.027871464 -0.018216119 0.041112945
v -0.028482246 -0.017868883 0.040541909
v -0.028415418 -0.017780159 0.040750327
v -0.028193319 -0.017974075 0.040911323
v -0.02874571 -0.01762228 0.040276133
v -0.02872551 -0.017460918 0.040486109
v -0.028470103 -0.017728386 0.040707411
v -0.028977618 -0.017360448 0.039995912
v -0.028949449 -0.017181881 0.04025587
v -0.028752556 -0.017429738 0.040460353
v -0.029176314 -0.01708526 0.039703247
v -0.029142897 -0.016891622 0.040016959
v -0.028985961 -0.01713122 0.04021413
v -0.029340376 -0.016798685 0.039400231
v -0.029306237 -0.016590249 0.039769465
v -0.029186239 -0.016817871 0.039956342
v -0.029560168 -0.01619963 0.038771873
v -0.029478649 -0.01616312 0.039423207
v -0.029468634 -0.01650277 0.039089029
v -0.02934917 -0.016498071 0.039693874
v -0.029648114 -0.015188045 0.038624187
v -0.029630897 -0.015461004 0.038846392
v -0.029614323 -0.015891433 0.038451023
v -0.029624171 -0.015519996 0.038894464
v -0.029566726 -0.015849003 0.039162843
v -0.025558524 -0.016632899 0.043890577
v -0.025115597 -0.016664946 0.043965537
v -0.025100383 -0.017513859 0.043398394
v -0.025542553 -0.017476554 0.043325875
v -0.0259763 -0.017417304 0.043223311
v -0.0263985 -0.017336539 0.043091443
v -0.025084347 -0.018303158 0.042783984
v -0.025525805 -0.018261097 0.042714093
v -0.025958858 -0.018195125 0.042615854
v -0.0263804 -0.018105717 0.04248997
v -0.026787409 -0.017993512 0.042337345
v -0.027153628 -0.018669624 0.04142436
v -0.026764664 -0.018816229 0.04159192
v -0.026358313 -0.018939071 0.041735619
v -0.02593748 -0.019037268 0.041854438
v -0.025505172 -0.019110116 0.041947524
v -0.025064483 -0.019157095 0.042014212
v -0.025042556 -0.01997459 0.041162979
v -0.025482523 -0.019923185 0.041099654
v -0.025914129 -0.019844223 0.041011881
v -0.026334297 -0.019738265 0.040900282
v -0.026740032 -0.01960607 0.040765652
v -0.027128444 -0.019448577 0.04060895
v -0.027496762 -0.01926691 0.040431298
v -0.027842364 -0.019062363 0.040233955
v -0.028162783 -0.018836396 0.040018335
v -0.028455736 -0.018590618 0.039785967
v -0.028719137 -0.018326783 0.039538511
v -0.028951105 -0.018046767 0.039277736
v -0.02914999 -0.017752572 0.039005493
v -0.029314372 -0.017446288 0.038723727
v -0.029443079 -0.017130104 0.038434445
v -0.029535197 -0.016806271 0.03813971
v -0.024937358 0.00433917 0.044083906
v -0.024942888 0.007064762 0.042531402
v -0.02553086 0.0070375211 0.042488479
v -0.024944437 0.010678008 0.040170814
v -0.024941637 0.013209985 0.038325269
v -0.025529738 0.013179963 0.038284446
v -0.025084123 -0.0042648121 0.047317021
v -0.024899087 -0.004279318 0.047420022
v -0.024898718 -0.003967669 0.047408084
v -0.029267021 0.0084297575 0.039736816
v -0.029266502 0.0078015593 0.040149667
v -0.028814789 0.0079831574 0.040428752
v -0.026020198 -0.0042180375 0.04722437
v -0.025909529 -0.0041951311 0.047255882
v -0.026066445 -0.0040157717 0.047266991
v -0.025485502 -0.0039860988 0.047359785
v -0.025736017 -0.00414372 0.047361823
v -0.026585064 -0.0043802882 0.047158158
v -0.026520233 -0.0043808202 0.047103362
v -0.026637967 -0.0040565082 0.047130273
v -0.026315619 -0.0043129791 0.047145642
v -0.02612816 -0.0042352426 0.047227142
v -0.026807759 -0.0044720474 0.047149174
v -0.027196538 -0.0041080579 0.046950471
v -0.026924687 -0.0045399832 0.047116943
v -0.027741612 -0.0051918594 0.046926828
v -0.02751124 -0.0049590551 0.046982867
v -0.027738716 -0.0041701002 0.046728702
v -0.027402212 -0.0048613751 0.047023973
v -0.027148124 -0.0047026302 0.047039369
v -0.028261155 -0.0042422516 0.046466331
v -0.027990567 -0.0054840846 0.04684402
v -0.028837961 -0.0068238117 0.046590643
v -0.028589876 -0.0064088 0.046639639
v -0.028742712 -0.0063468988 0.046587683
v -0.028376779 -0.0059912347 0.046745499
v -0.028760632 -0.0043240696 0.046164974
v -0.028266362 -0.0057719354 0.046792174
v -0.029177191 -0.0064471411 0.046280126
v -0.029158271 -0.0078520754 0.046462653
v -0.02910265 -0.0077301711 0.0464671
v -0.029177728 -0.0064045649 0.046273107
v -0.028956258 -0.0072849895 0.046515489
v -0.029214098 -0.0030486825 0.04546905
v -0.02920218 -0.004270122 0.045816713
v -0.029200277 -0.004452293 0.045863362
v -0.02918057 -0.0061768621 0.046234125
v -0.029234435 -0.00052095914 0.04456898
v -0.029223674 -0.0019443855 0.045104656
v -0.02877132 -0.0029487632 0.045779376
v -0.029251189 0.0023619374 0.043273715
v -0.02923655 -0.0002113462 0.044443043
v -0.028787982 -0.00039575557 0.044873139
v -0.029266026 0.01158992 0.037509212
v -0.025624342 -0.0042102417 0.047202584
v -0.025456335 -0.0041745574 0.047365709
v -0.025271868 -0.004196447 0.047378306
v -0.025522215 0.01632307 0.035800592
v -0.026112034 0.01312208 0.038206902
v -0.026104563 0.016263065 0.03572471
v -0.026684916 0.013036699 0.038093117
v -0.026677499 0.01617434 0.035613539
v -0.027244838 0.012924343 0.037943795
v -0.027237475 0.016057443 0.035467765
v -0.027788328 0.01278571 0.037759864
v -0.027781021 0.015913097 0.035288292
v -0.028312023 0.01262166 0.037542458
v -0.028304768 0.015742197 0.035076231
v -0.028812674 0.012433211 0.037292931
v -0.028805471 0.015545802 0.034832896
v -0.024944397 0.0086895606 0.041511036
v -0.025532422 0.008661493 0.04146872
v -0.026114633 0.0086083425 0.041387746
v -0.026687425 0.0085304388 0.04126862
v -0.027247251 0.0084282635 0.041112076
v -0.027790644 0.0083024474 0.040919082
v -0.028314236 0.0081537723 0.040690837
v -0.02925778 0.015336315 0.034573633
v -0.026113012 0.0069863935 0.042406168
v -0.026685744 0.0069116894 0.042284968
v -0.02724551 0.0068138737 0.042125632
v -0.027788843 0.0066935533 0.04192915
v -0.028312377 0.0065514709 0.041696735
v -0.028812874 0.0063885068 0.041429825
v -0.029262084 0.0053553926 0.041657478
v -0.024933955 0.0031968986 0.044672163
v -0.025521712 0.0031719876 0.04462764
v -0.026103645 0.0031265667 0.044541899
v -0.026676152 0.0030609121 0.044415467
v -0.027235694 0.002975435 0.044249132
v -0.027778806 0.0028706599 0.044043917
v -0.028302128 0.0027472392 0.043801095
v -0.028802421 0.0026059338 0.043522168
v -0.029251632 0.0024566123 0.043226678
v -0.024922924 6.8257057e-05 0.046081488
v -0.025509001 8.6510668e-05 0.04601768
v -0.026090632 4.6855206e-05 0.045928975
v -0.026662837 -9.657138e-06 0.045798117
v -0.02722208 -8.2675593e-05 0.045625915
v -0.027764901 -0.00017174674 0.045413436
v -0.028287947 -0.00027632331 0.045161993
v -0.028271611 -0.0028523841 0.046076542
v -0.027748922 -0.0027676816 0.046335235
v -0.027206475 -0.0026951705 0.046553863
v -0.026647624 -0.0026353026 0.046731073
v -0.026075816 -0.0025884479 0.046865772
v -0.025494585 -0.0025548954 0.046957127
v -0.024907515 -0.0025348498 0.047004581
v -0.024909 -0.0022790821 0.046924411
v -0.024918416 -0.00052997836 0.046313313
v -0.030005066 -0.021438038 0.018913639
v -0.029777541 -0.021629461 0.018679024
v -0.029797103 -0.02685749 0.023121808
v -0.03034986 -0.021103246 0.019324164
v -0.03013108 -0.021322697 0.019055045
v -0.030150548 -0.026519111 0.023469837
v -0.029675716 -0.02762448 0.023676205
v -0.029801697 -0.027508053 0.023778663
v -0.031375838 -0.024622724 0.026332092
v -0.031371298 -0.024185271 0.025878498
v -0.031339722 -0.024835771 0.026142813
v -0.031282236 -0.024598055 0.02545162
v -0.031284561 -0.025079923 0.025926028
v -0.031150569 -0.025500091 0.025551321
v -0.031145957 -0.025004727 0.02503139
v -0.031038298 -0.025788211 0.025297924
v -0.030963334 -0.025402681 0.024620504
v -0.030887595 -0.026098213 0.025023411
v -0.030957316 -0.025955473 0.025145596
v -0.03046403 -0.026162309 0.023837215
v -0.0305171 -0.026692814 0.024497633
v -0.030735539 -0.025789368 0.024221592
v -0.030722259 -0.026377456 0.024768221
v -0.030298881 -0.026975654 0.024247917
v -0.030440208 -0.026788059 0.024407424
v -0.028893411 -0.02823023 0.023144296
v -0.028984437 -0.028168518 0.023198382
v -0.028979628 -0.027470433 0.022492592
v -0.029257381 -0.027970695 0.023371928
v -0.02940596 -0.027175276 0.022795361
v -0.029410656 -0.027850428 0.023477553
v -0.029512993 -0.027766042 0.023551714
v -0.02880607 -0.028287588 0.023094052
v -0.02872173 -0.022317058 0.017837135
v -0.031415636 -0.024182755 0.026723297
v -0.031412572 -0.023769024 0.026309291
v -0.031394093 -0.018827164 0.022119756
v -0.03126342 -0.019579831 0.021194526
v -0.031349129 -0.019224975 0.021630652
v -0.031352646 -0.019205106 0.021655077
v -0.031251239 -0.01961908 0.021146298
v -0.030944222 -0.020310054 0.020297575
v -0.031101123 -0.020006677 0.020670132
v -0.031126986 -0.019948935 0.020741056
v -0.03089984 -0.020385013 0.020205541
v -0.030444667 -0.020999143 0.019451858
v -0.030648826 -0.020751404 0.01975582
v -0.030716295 -0.020660872 0.019866923
v -0.030086661 -0.027215195 0.024049493
v -0.029616894 -0.021753405 0.018527162
v -0.02895992 -0.02218488 0.017998846
v -0.0291881 -0.022047107 0.018167474
v -0.029386321 -0.021917472 0.018326204
v -0.015544155 -0.024898195 0.050403638
v -0.015051409 -0.024855685 0.050369393
v -0.015050252 -0.024747278 0.0505375
v -0.015032356 -0.022019799 0.051512176
v -0.015031533 -0.021834081 0.051451828
v -0.015530219 -0.021829349 0.051470846
v -0.016051213 -0.024842093 0.050401276
v -0.016050255 -0.024749 0.050545599
v -0.015049062 -0.024622844 0.050701669
v -0.016049061 -0.02462413 0.050710344
v -0.015047834 -0.024485271 0.050854995
v -0.016047829 -0.024486073 0.05086421
v -0.015046577 -0.024335501 0.050996432
v -0.016046567 -0.024335776 0.051006141
v -0.0150453 -0.024174553 0.051125012
v -0.016045285 -0.024174267 0.051135171
v -0.01504401 -0.024003535 0.051239853
v -0.016043991 -0.024002651 0.051250414
v -0.015042717 -0.023823618 0.051340175
v -0.016042693 -0.023822101 0.051351086
v -0.01504143 -0.023636022 0.051425285
v -0.016041402 -0.023633851 0.051436494
v -0.015040157 -0.023442038 0.051494605
v -0.016040125 -0.023439188 0.051506058
v -0.015038907 -0.023242989 0.051547664
v -0.01603887 -0.023239441 0.051559303
v -0.015037689 -0.023040236 0.051584095
v -0.016037648 -0.023035978 0.051595859
v -0.015036512 -0.022835166 0.051603648
v -0.016036466 -0.022830188 0.051615484
v -0.015035382 -0.022629183 0.051606192
v -0.016035333 -0.022623484 0.051618038
v -0.015034308 -0.022423692 0.051591708
v -0.016034255 -0.022417274 0.051603502
v -0.015033297 -0.022220102 0.051560298
v -0.016033241 -0.022212968 0.051571982
v -0.016032297 -0.022011968 0.051523689
v -0.016031497 -0.021831575 0.051465286
v -0.02534258 -0.018798278 0.045168764
v -0.025909881 -0.018754568 0.04508148
v -0.025893685 -0.019658407 0.044376187
v -0.026468123 -0.018685369 0.044959265
v -0.026451032 -0.019581195 0.044258997
v -0.027014019 -0.018591086 0.044802839
v -0.027544351 -0.018472278 0.04461312
v -0.02752559 -0.019345417 0.043928659
v -0.024787509 -0.017458129 0.046099488
v -0.02479508 -0.016797971 0.046458168
v -0.025370051 -0.016787354 0.046404926
v -0.029066824 -0.012967119 0.046185788
v -0.029046642 -0.013852913 0.045956584
v -0.028623315 -0.013930319 0.046253567
v -0.029097662 -0.011473451 0.046439122
v -0.029043456 -0.010452854 0.046581837
v -0.029120091 -0.010240239 0.046534698
v -0.028817187 -0.010917337 0.046712564
v -0.028818316 -0.010840167 0.046672246
v -0.028875337 -0.01063535 0.046578274
v -0.028406607 -0.01138317 0.046890823
v -0.028542387 -0.011234459 0.046819474
v -0.028655723 -0.011599747 0.046746462
v -0.028663378 -0.011074826 0.046746613
v -0.028145411 -0.012893394 0.046834806
v -0.027879236 -0.011791626 0.047163506
v -0.028073787 -0.011704597 0.047089849
v -0.02816592 -0.011635953 0.047047533
v -0.028639071 -0.012840782 0.046533963
v -0.028258213 -0.011522703 0.046950715
v -0.027380138 -0.01203108 0.04738083
v -0.027629631 -0.0129375 0.047097476
v -0.027146895 -0.012065466 0.047461205
v -0.027094816 -0.012972832 0.047320404
v -0.026914374 -0.012103088 0.047532742
v -0.027493971 -0.011958429 0.047317674
v -0.027673196 -0.011923234 0.047264749
v -0.026684933 -0.012148915 0.047619261
v -0.026544172 -0.012999183 0.047502255
v -0.026508783 -0.012148515 0.04766547
v -0.025965586 -0.012104732 0.047808567
v -0.026227001 -0.012116123 0.047743625
v -0.025980998 -0.013016388 0.047641941
v -0.025374921 -0.011901533 0.047909258
v -0.025624125 -0.011982919 0.04783488
v -0.025408667 -0.013024351 0.047738618
v -0.025887468 -0.01209091 0.047831021
v -0.024830608 -0.013023022 0.047791712
v -0.025110789 -0.01181206 0.047969775
v -0.024837449 -0.012199702 0.047942925
v -0.024850619 -0.011682628 0.047985033
v -0.028475272 -0.020774559 0.041748772
v -0.028829791 -0.02059385 0.041572515
v -0.028792896 -0.021412175 0.040599291
v -0.028501426 -0.019912194 0.04265356
v -0.02886537 -0.019715569 0.042483563
v -0.028831233 -0.020560424 0.041609591
v -0.028055996 -0.018329646 0.044391231
v -0.02854594 -0.018164029 0.044138473
v -0.028525767 -0.019006034 0.043477154
v -0.028900821 -0.018803848 0.043297672
v -0.028957685 -0.017118869 0.044504469
v -0.028920291 -0.017958475 0.043956786
v -0.028985638 -0.016187741 0.045026575
v -0.028961387 -0.016999845 0.044576567
v -0.028565471 -0.017257215 0.044750335
v -0.029012379 -0.015220811 0.045473282
v -0.028990025 -0.016034527 0.045103595
v -0.028583837 -0.016310232 0.045289135
v -0.029037803 -0.014221152 0.045842538
v -0.029017011 -0.015044818 0.045544858
v -0.028601171 -0.015325353 0.045751508
v -0.029095804 -0.011568881 0.04642762
v -0.02906717 -0.012743844 0.046235703
v -0.024820422 -0.014205322 0.04749326
v -0.025397613 -0.014203234 0.04743982
v -0.025969074 -0.014188476 0.047343791
v -0.026531392 -0.014161135 0.047205748
v -0.027081211 -0.014121375 0.047026513
v -0.027615247 -0.014069434 0.046807159
v -0.028130307 -0.014005622 0.046548996
v -0.024816765 -0.014613912 0.047366385
v -0.02539363 -0.014610569 0.047312879
v -0.025964769 -0.014593372 0.047217207
v -0.02652677 -0.014562424 0.047079935
v -0.027076286 -0.014517905 0.046901889
v -0.027610032 -0.014460087 0.046684126
v -0.028124826 -0.014389311 0.046427947
v -0.028617593 -0.014306 0.046134884
v -0.029042552 -0.014024723 0.045904792
v -0.024806266 -0.015724186 0.046955293
v -0.025382203 -0.015717261 0.046901776
v -0.025952414 -0.015693245 0.046807448
v -0.026513508 -0.015652285 0.046672866
v -0.027062146 -0.015594624 0.046498834
v -0.027595064 -0.015520605 0.046286382
v -0.028109092 -0.01543067 0.046036778
v -0.025939298 -0.016756549 0.04631247
v -0.026499445 -0.016705742 0.04618135
v -0.027047172 -0.016635231 0.046012347
v -0.027579232 -0.016545437 0.04580646
v -0.028092469 -0.016436888 0.045564912
v -0.028074821 -0.017404096 0.04501516
v -0.027562386 -0.017530319 0.045247376
v -0.027031196 -0.01763514 0.045445605
v -0.026484391 -0.017717937 0.045608678
v -0.025925202 -0.017778222 0.045735633
v -0.025356932 -0.017815639 0.045825719
v -0.024769562 -0.018816245 0.045220601
v -0.024776971 -0.018288093 0.045586131
v -0.024782942 -0.017829964 0.0458784
v -0.028036491 -0.019188234 0.043717453
v -0.028012864 -0.02011112 0.0428793
v -0.027987382 -0.020988143 0.041959768
v -0.026996067 -0.019476661 0.044109527
v -0.027502766 -0.020283012 0.043077976
v -0.026974114 -0.020426866 0.043248434
v -0.027478035 -0.021172956 0.042145736
v -0.026950202 -0.021327921 0.042305587
v -0.026430005 -0.020541843 0.043389669
v -0.025873621 -0.020627268 0.043500853
v -0.026406961 -0.021452138 0.042438386
v -0.025851485 -0.021544876 0.042543362
v -0.028447105 -0.021598752 0.040759038
v -0.028291421 -0.021675482 0.040825232
v -0.027959841 -0.021825097 0.040955341
v -0.027739902 -0.021914625 0.041033996
v -0.027451194 -0.022021186 0.041128607
v -0.027163504 -0.022115681 0.04121368
v -0.026924125 -0.022185878 0.04127783
v -0.026566377 -0.0222772 0.041363001
v -0.026381698 -0.022318217 0.041402139
v -0.025952821 -0.022398021 0.041480869
v -0.025827069 -0.022417431 0.041500815
v -0.025290767 -0.022482796 0.041567476
v -0.025327299 -0.019707842 0.044460417
v -0.025308221 -0.020682637 0.043581343
v -0.025287013 -0.021605599 0.042619902
v -0.024755199 -0.019729208 0.044511188
v -0.024737112 -0.020707631 0.043630661
v -0.024716839 -0.021633953 0.042667559
v -0.024694165 -0.022514381 0.041619117
v -0.016156025 0.005383769 0.043986276
v -0.017139192 0.0053605957 0.043946161
v -0.016163323 0.0034195391 0.045137437
v -0.017129121 0.0022302713 0.045840231
v -0.016177055 -0.00072893395 0.047996491
v -0.016172215 0.000806186 0.046865626
v -0.016167388 0.0022536973 0.045879005
v -0.017174558 -0.0062174462 0.052817561
v -0.016191501 -0.0061911317 0.052855821
v -0.016186322 -0.0040147842 0.050745731
v -0.01714685 -0.0035742919 0.050287837
v -0.017986461 -0.0035959788 0.050254883
v -0.017988914 -0.0045536429 0.051129803
v -0.016179855 -0.0016651865 0.048731796
v -0.017131678 -0.00075335046 0.047957903
v -0.017992846 -0.0062393483 0.052785712
v -0.017966713 0.0027920435 0.045430529
v -0.01797534 0.00020926666 0.047188554
v -0.017978412 -0.00077505686 0.047923622
v -0.017982716 -0.0022327729 0.049084661
v -0.017957677 0.0053414459 0.043913011
v -0.024890228 0.01833293 -0.010200305
v -0.025508317 0.018283909 -0.010098498
v -0.025514294 0.019050676 -0.0098165414
v -0.026114858 0.018218936 -0.009947872
v -0.026121683 0.018974696 -0.0096709216
v -0.026705596 0.018138467 -0.0097494813
v -0.026713228 0.018879914 -0.0094785902
v -0.027276381 0.018043074 -0.0095047219
v -0.027284764 0.018766998 -0.0092409041
v -0.02782321 0.017933424 -0.0092153113
v -0.027832272 0.018636743 -0.008959531
v -0.027639503 0.0052591307 -0.0054992696
v -0.027771799 0.0053099949 -0.0054371856
v -0.027768688 0.0071929789 -0.0068494153
v -0.028206966 0.015532163 -0.0094021681
v -0.028216844 0.016053894 -0.0093510032
v -0.027805253 0.016096635 -0.0096227117
v -0.028226768 0.016542647 -0.0092750469
v -0.028232439 0.016808347 -0.0092222749
v -0.027812027 0.016875942 -0.0094956137
v -0.028423577 0.023129142 -0.0056203248
v -0.028441486 0.02359369 -0.0051945348
v -0.027952887 0.023831338 -0.0054280697
v -0.028560593 0.026472383 -0.0022166352
v -0.0280207 0.025736996 -0.0035211727
v -0.028518183 0.025479405 -0.0032991511
v -0.028481543 0.024596498 -0.0042170135
v -0.02840227 0.022560418 -0.0061158675
v -0.027920566 0.022782261 -0.0063572994
v -0.028383494 0.022042494 -0.0065409629
v -0.027893133 0.02177083 -0.0071570961
v -0.028366835 0.021567749 -0.0069075529
v -0.028348566 0.021028033 -0.0072963862
v -0.027869792 0.020771168 -0.007846726
v -0.028334285 0.020590145 -0.0075893012
v -0.028317901 0.020067834 -0.0079114891
v -0.02785391 0.019975457 -0.0083200548
v -0.028310214 0.019814459 -0.0080569165
v -0.028299125 0.019438453 -0.008259458
v -0.027842464 0.019314559 -0.0086606233
v -0.028291492 0.01917173 -0.0083934231
v -0.02827832 0.0186945 -0.0086128194
v -0.028273497 0.018513787 -0.0086890617
v -0.028261861 0.017905361 -0.0089135563
v -0.028221512 0.016287802 -0.0093180541
v -0.028202351 0.015274036 -0.0094161958
v -0.027799197 0.015291838 -0.009684454
v -0.028193901 0.014773358 -0.0094224185
v -0.027793828 0.014487446 -0.0096772658
v -0.028189458 0.014493227 -0.0094139726
v -0.027789055 0.013700562 -0.0096055121
v -0.028182189 0.014004426 -0.0093791006
v -0.027787835 0.013488217 -0.0095754581
v -0.028175589 0.01352084 -0.0093198898
v -0.02778317 0.012623665 -0.0094075019
v -0.02816852 0.012948439 -0.0092188545
v -0.028171752 0.013218183 -0.0092705946
v -0.027778712 0.011697871 -0.0091490573
v -0.028159265 0.012078326 -0.0090031047
v -0.028165443 0.012677025 -0.009159481
v -0.028143777 0.009962352 -0.0081855746
v -0.028144526 0.010105255 -0.0082531612
v -0.027772375 0.01000261 -0.0084772808
v -0.02814813 0.010705528 -0.0085179976
v -0.027774346 0.010612688 -0.0087475872
v -0.028151073 0.011121744 -0.0086831449
v -0.02815641 0.01177087 -0.0089095118
v -0.028140591 0.0088596589 -0.0076059174
v -0.027769489 0.0086973049 -0.0077966552
v -0.028137025 0.0074448431 -0.006725773
v -0.028136993 0.0073306821 -0.0066481141
v -0.028139012 0.005675334 -0.005418779
v -0.028139591 0.0054643321 -0.0052486817
v -0.027115285 0.0050795752 -0.0057182281
v -0.027230593 0.0051161919 -0.0056736065
v -0.027227388 0.0070204218 -0.0071016775
v -0.026570244 0.0049267982 -0.005904176
v -0.026665931 0.0049512816 -0.005874406
v -0.026662636 0.0068737802 -0.0073160836
v -0.026007818 0.0048017631 -0.0060559431
v -0.026081691 0.0048163988 -0.0060382084
v -0.026078311 0.0067540612 -0.0074911626
v -0.025478432 0.0066620839 -0.0076257073
v -0.02548189 0.0047124682 -0.0061638847
v -0.024870644 0.0046402062 -0.0062505747
v -0.024252153 0.004600104 -0.0062976837
v -0.024867114 0.0065984787 -0.007718794
v -0.024248367 0.0081515054 -0.0087684615
v -0.024248285 0.0070145337 -0.0080713852
v -0.02424856 0.006563689 -0.0077697875
v -0.024867077 0.0081807529 -0.0087142248
v -0.02486868 0.0095700184 -0.0094372875
v -0.024249713 0.0095467571 -0.0094942581
v -0.024869813 0.010225381 -0.0097268418
v -0.027228022 0.0085467208 -0.0080626208
v -0.027230668 0.0098756773 -0.0087553938
v -0.027232486 0.010498513 -0.0090312492
v -0.027236496 0.011609339 -0.0094419364
v -0.027240552 0.012560106 -0.0097070496
v -0.027244747 0.01345045 -0.0098796592
v -0.027245835 0.013669459 -0.0099105603
v -0.027250073 0.014481979 -0.0099842365
v -0.027254815 0.015313653 -0.0099911793
v -0.026663101 0.008418975 -0.0082887704
v -0.026665494 0.0097682807 -0.0089919269
v -0.026667146 0.01040209 -0.0092725127
v -0.026670774 0.011534974 -0.0096910215
v -0.026674396 0.012507216 -0.0099617511
v -0.026678078 0.013419722 -0.010138216
v -0.026679024 0.01364445 -0.010169803
v -0.026682677 0.014478971 -0.010244968
v -0.026686728 0.015334029 -0.010251503
v -0.026078607 0.008314952 -0.0084735539
v -0.026080738 0.0096811656 -0.0091852577
v -0.02608222 0.010324095 -0.0094697188
v -0.026085447 0.011475298 -0.0098946047
v -0.026088609 0.012465362 -0.010169849
v -0.026091745 0.013396244 -0.010349343
v -0.026092541 0.013625715 -0.010381451
v -0.02609557 0.014478442 -0.010457654
v -0.026098885 0.015352824 -0.010463627
v -0.025478556 0.0082353612 -0.0086156973
v -0.025480423 0.0096149257 -0.0093340512
v -0.025481731 0.010265055 -0.0096215095
v -0.025484545 0.011430715 -0.010051273
v -0.025487231 0.012434833 -0.010329907
v -0.025489807 0.013380177 -0.010511579
v -0.025490443 0.013613372 -0.010544041
v -0.025492825 0.014480397 -0.010620822
v -0.025495373 0.015369906 -0.010626068
v -0.024872211 0.011401541 -0.010159954
v -0.024874419 0.012415837 -0.010440819
v -0.024876418 0.013371632 -0.0106238
v -0.024876897 0.013607517 -0.010656444
v -0.024878616 0.014484822 -0.010733337
v -0.024880382 0.015385155 -0.0107377
v -0.024258738 0.015859758 -0.010769556
v -0.02425819 0.015398471 -0.010797749
v -0.024257205 0.014491688 -0.010794419
v -0.024256143 0.013608184 -0.010717885
v -0.024255826 0.013370674 -0.010685234
v -0.024254395 0.012408506 -0.010501819
v -0.024252665 0.011387965 -0.010219892
v -0.02425179 0.010881137 -0.010047458
v -0.024250676 0.010205344 -0.009784989
v -0.024259343 0.016306584 -0.010722701
v -0.024882413 0.016286907 -0.010664374
v -0.025498282 0.016260818 -0.010554673
v -0.026102653 0.016228503 -0.010394371
v -0.026691319 0.016190181 -0.010184578
v -0.027260173 0.016146123 -0.0099267607
v -0.024260996 0.017183693 -0.010573979
v -0.024884988 0.017158156 -0.010517913
v -0.025501774 0.017121904 -0.010411037
v -0.026107044 0.017075198 -0.010254103
v -0.026696567 0.017018358 -0.010048207
v -0.027266221 0.016951786 -0.0097947862
v -0.028242356 0.017252614 -0.0091158458
v -0.027815175 0.017199305 -0.0094231522
v -0.027269059 0.017285788 -0.0097196934
v -0.026699061 0.017361436 -0.0099707642
v -0.026109171 0.017425729 -0.010174614
v -0.025503516 0.017478209 -0.01032981
v -0.024886336 0.017518512 -0.010435267
v -0.024264929 0.018365664 -0.01025258
v -0.02426305 0.017892179 -0.010398163
v -0.02426195 0.017546354 -0.01049025
v -0.027294323 0.01946295 -0.0089334865
v -0.027305179 0.020139801 -0.0085842167
v -0.027320394 0.020952427 -0.0081002922
v -0.027342988 0.02196991 -0.00739777
v -0.027369772 0.022995861 -0.0065859669
v -0.027401533 0.024056699 -0.0056458665
v -0.027468624 0.025976609 -0.003724174
v -0.026722081 0.019591259 -0.0091637239
v -0.02673228 0.020281631 -0.0088068622
v -0.026746757 0.021108553 -0.008313716
v -0.026768519 0.022141077 -0.0076000179
v -0.026794579 0.023179248 -0.0067778345
v -0.026825718 0.024249958 -0.0058283464
v -0.026892004 0.026181812 -0.0038939152
v -0.026129778 0.01969858 -0.0093497096
v -0.026139269 0.020399937 -0.0089864149
v -0.026152949 0.021238448 -0.0084854938
v -0.026173813 0.022283111 -0.0077623995
v -0.026199091 0.023331112 -0.0069315233
v -0.026229556 0.024409741 -0.0059742084
v -0.026294973 0.026351126 -0.0040291796
v -0.025521593 0.01978416 -0.0094901317
v -0.025530342 0.020493887 -0.0091216094
v -0.025543181 0.021341184 -0.0086143986
v -0.025563102 0.022395001 -0.0078837572
v -0.025587558 0.023450369 -0.0070459446
v -0.025617312 0.024534896 -0.0060824062
v -0.025681811 0.026483337 -0.0041289943
v -0.024895336 0.019107319 -0.0099144285
v -0.024901817 0.019847394 -0.0095840028
v -0.024909802 0.020562812 -0.0092114789
v -0.02492178 0.021416035 -0.0086995174
v -0.024940728 0.022475953 -0.0079632323
v -0.024964339 0.023536168 -0.0071202774
v -0.024993362 0.024624533 -0.0061521661
v -0.025056917 0.026577506 -0.0041926452
v -0.024269163 0.019144228 -0.0099638861
v -0.024274825 0.019887831 -0.009630658
v -0.02428204 0.020606234 -0.0092554001
v -0.024293154 0.021462472 -0.0087402485
v -0.024311124 0.02252539 -0.0080002542
v -0.024333884 0.023587901 -0.0071539966
v -0.02436217 0.024678011 -0.0061829917
v -0.024424774 0.026632946 -0.0042196782
v -0.020318526 0.028152725 0.00047300418
v -0.020311106 0.028975147 0.001415325
v -0.014988887 -0.017337955 0.057270476
v -0.014977767 -0.016940291 0.060139481
v -0.015988921 -0.01734024 0.057269545
v -0.014988785 -0.017425934 0.057456744
v -0.015988819 -0.017428529 0.057456469
v -0.014988577 -0.017498224 0.057649647
v -0.01598861 -0.01750107 0.057650048
v -0.014988263 -0.017554327 0.057847863
v -0.015988295 -0.01755737 0.057848959
v -0.014987848 -0.017593864 0.058050039
v -0.015987878 -0.017597043 0.058051838
v -0.014987332 -0.017616563 0.058254786
v -0.015987361 -0.017619822 0.058257304
v -0.014986721 -0.017622267 0.05846071
v -0.015986747 -0.017625548 0.05846395
v -0.014986017 -0.01761094 0.058666398
v -0.015986041 -0.017614179 0.058670358
v -0.014985226 -0.017582657 0.05887045
v -0.015985247 -0.017585798 0.058875124
v -0.014984353 -0.017537613 0.059071467
v -0.015984372 -0.017540593 0.059076844
v -0.014983405 -0.017476112 0.059268071
v -0.01598342 -0.017478882 0.059274141
v -0.014982387 -0.017398582 0.059458926
v -0.015982398 -0.017401078 0.059465663
v -0.014981307 -0.017305548 0.05964272
v -0.015981314 -0.017307718 0.059650104
v -0.014980172 -0.017197646 0.059818198
v -0.015980175 -0.017199439 0.059826197
v -0.014978989 -0.017075617 0.059984165
v -0.015978988 -0.017076981 0.059992741
v -0.015977762 -0.016941183 0.0601486
v -0.020271415 0.032988349 0.0071299291
v -0.020276509 0.03253658 0.0062858412
v -0.020408544 0.016829142 -0.0086104508
v -0.020410618 0.016487791 -0.00867926
v -0.020413181 0.017220923 -0.010779791
v -0.020283646 0.031861297 0.0051777251
v -0.020297671 0.030431737 0.0031783511
v -0.020417315 0.016533016 -0.01090403
v -0.020412726 0.016133196 -0.0087357777
v -0.020421248 0.015855474 -0.010981992
v -0.020414505 0.015827467 -0.0087723389
v -0.020416718 0.015438367 -0.0088027083
v -0.020425027 0.015181491 -0.011016502
v -0.020418313 0.015151845 -0.0088136364
v -0.020428696 0.014503353 -0.011008687
v -0.020325585 0.028527069 -0.0024417732
v -0.020340858 0.025660561 -0.0023335954
v -0.020346247 0.026189404 -0.0049827854
v -0.020351076 0.024491834 -0.003568126
v -0.020359925 0.024577953 -0.0065534962
v -0.020360849 0.023342898 -0.0046947376
v -0.020361933 0.023213182 -0.0048155176
v -0.020369299 0.023428343 -0.007551175
v -0.020371356 0.022060644 -0.0058237156
v -0.020377143 0.022430386 -0.0083228416
v -0.020379686 0.020998455 -0.0066392076
v -0.020383867 0.021543657 -0.0089301365
v -0.020387156 0.020002478 -0.0072947623
v -0.020389778 0.020736876 -0.0094162939
v -0.020388579 0.019807386 -0.0074101415
v -0.020395087 0.019987712 -0.0098100093
v -0.020393841 0.019068582 -0.0078070601
v -0.020400121 0.019253269 -0.01014164
v -0.020404598 0.018578758 -0.010398797
v -0.020403356 0.017653063 -0.008385775
v -0.020408794 0.017926207 -0.010604569
v -0.02040664 0.017136324 -0.0085363835
v -0.020407713 0.016963853 -0.0085793869
v -0.020397965 0.018371639 -0.0081218454
v -0.02040256 0.017775975 -0.0083451534
v -0.020439434 0.012362029 -0.010713056
v -0.02043583 0.013109138 -0.010861957
v -0.020426464 0.013594942 -0.0087087574
v -0.020429383 0.012995195 -0.0085973949
v -0.020430259 0.012810318 -0.0085554629
v -0.020442964 0.011598591 -0.01051181
v -0.020432976 0.01222148 -0.008398706
v -0.020434176 0.011953831 -0.0083160455
v -0.020446526 0.010792656 -0.010246947
v -0.020436523 0.011415682 -0.0081289155
v -0.020450146 0.0099332429 -0.0099069196
v -0.020438594 0.010923616 -0.0079340387
v -0.020453843 0.0090072599 -0.0094761375
v -0.020442596 0.0099233019 -0.0074708998
v -0.020457643 0.0079985074 -0.0089334835
v -0.020420564 0.014737803 -0.0088125404
v -0.020422056 0.014457113 -0.0088005963
v -0.020432287 0.013814747 -0.010957885
v -0.020424296 0.014025153 -0.0087648498
v -0.020425743 0.013739425 -0.0087298444
v -0.02960529 0.012058549 0.036797268
v -0.029607236 0.007644307 0.039907919
v -0.029532514 -0.006500012 0.045984979
v -0.029515134 -0.0081179983 0.046181467
v -0.029497869 -0.0095662614 0.046239005
v -0.029192726 -0.0093833587 0.046389038
v -0.029287751 -0.0090774378 0.0464195
v -0.029274652 -0.008714056 0.04641494
v -0.029202932 -0.0082762231 0.04643419
v -0.029204909 -0.008090672 0.046443805
v -0.029184365 -0.0099803301 0.046494141
v -0.029489205 -0.010244579 0.046223886
v -0.029206564 -0.0096820399 0.046447637
v -0.029472142 -0.011498987 0.046118722
v -0.029454015 -0.01272561 0.045910036
v -0.029437293 -0.013769276 0.045641064
v -0.029431224 -0.014128267 0.045527481
v -0.02941381 -0.01510181 0.045160829
v -0.02939545 -0.016042354 0.044718716
v -0.029376052 -0.016947397 0.044203194
v -0.029355508 -0.017815443 0.043616891
v -0.029334382 -0.018623212 0.042981877
v -0.029309019 -0.019494904 0.042188954
v -0.029281911 -0.02032714 0.04131514
v -0.029242825 -0.021132324 0.040361516
v -0.029596938 0.015155892 0.03435052
v -0.029605228 0.0060650258 0.040899338
v -0.029594464 0.0023259555 0.042967653
v -0.029579643 -0.00063180314 0.04429884
v -0.029562501 -0.0031385148 0.045188586
v -0.029551096 -0.0045282589 0.045576885
v -0.032072889 0.011913309 0.03035365
v -0.032082237 0.011502697 0.029848609
v -0.032089211 0.0085580506 0.032176611
v -0.032007132 0.012321765 0.03085624
v -0.032079917 0.0089512123 0.032695015
v -0.031885464 0.012724988 0.031352595
v -0.032014261 0.0093423496 0.033210871
v -0.031708967 0.013119626 0.031838586
v -0.031892742 0.0097285201 0.033720295
v -0.031486175 0.010474388 0.03470458
v -0.031478479 0.01350364 0.032311705
v -0.031196226 0.013873206 0.032767239
v -0.030864172 0.014225849 0.033202138
v -0.031204188 0.010828471 0.035172037
v -0.030484815 0.014558916 0.03361313
v -0.030872433 0.011166401 0.035618296
v -0.030061016 0.014869894 0.033997114
v -0.030493409 0.011485631 0.036040003
v -0.030069964 0.011783763 0.036433982
v -0.032090507 0.0044868333 0.035046964
v -0.032081227 0.0048410152 0.035592654
v -0.032088324 0.0030548135 0.035946377
v -0.03207902 0.0033922572 0.036502506
v -0.032077343 -0.00026726601 0.037786471
v -0.032067898 2.2785688e-05 0.038368481
v -0.032062716 -0.0028039465 0.038930822
v -0.032053006 -0.0025617512 0.039533989
v -0.032046135 -0.0048671183 0.039666217
v -0.032036041 -0.0046753286 0.040286818
v -0.032035302 -0.0059674732 0.039975503
v -0.032024903 -0.0058085608 0.040605006
v -0.032017985 -0.0074649967 0.04028898
v -0.032006996 -0.0073599494 0.040929092
v -0.032002146 -0.0086296613 0.040433847
v -0.031990495 -0.008576077 0.041079672
v -0.031986786 -0.0096180631 0.040476692
v -0.031974368 -0.0096166623 0.041124012
v -0.031979212 -0.010062839 0.040468514
v -0.031966368 -0.010087927 0.041114956
v -0.031964569 -0.010855539 0.040405801
v -0.031950807 -0.010932967 0.04104723
v -0.031949357 -0.011596621 0.04028383
v -0.031934521 -0.011729052 0.040915203
v -0.031935573 -0.012206367 0.040130526
v -0.031919686 -0.012387909 0.040748573
v -0.031930612 -0.01241295 0.040066548
v -0.031914335 -0.012611728 0.040678898
v -0.031916468 -0.012969132 0.039861133
v -0.031899048 -0.013215089 0.040455
v -0.031901585 -0.013507248 0.039612499
v -0.031882969 -0.013798651 0.040184237
v -0.031885796 -0.014033113 0.039317538
v -0.031865957 -0.014367291 0.039864095
v -0.031868906 -0.01455206 0.038971873
v -0.031847847 -0.014925575 0.039491002
v -0.031851287 -0.015052823 0.03858321
v -0.03182907 -0.015460893 0.039074299
v -0.031829779 -0.015616848 0.038076068
v -0.031806301 -0.016059506 0.038534667
v -0.031806364 -0.016181396 0.037489591
v -0.031781687 -0.016654108 0.037915563
v -0.031780805 -0.016748039 0.036815349
v -0.031754783 -0.017248838 0.037210727
v -0.032015601 0.0051934673 0.036135589
v -0.032013378 0.0037280996 0.037055806
v -0.032002148 0.00031159156 0.038947468
v -0.03198705 -0.0023204437 0.040133972
v -0.031969775 -0.0044840417 0.040904115
v -0.031958388 -0.0056499055 0.041231141
v -0.031939994 -0.007254756 0.041565758
v -0.031922946 -0.0085219649 0.041722014
v -0.031906172 -0.0096143456 0.041767848
v -0.031897818 -0.010111902 0.041757921
v -0.031881487 -0.011008897 0.041685231
v -0.031864304 -0.011859579 0.041543231
v -0.03184858 -0.012567189 0.04136339
v -0.031842896 -0.012808125 0.041288059
v -0.031826648 -0.013458325 0.041045822
v -0.03180956 -0.01408701 0.0407531
v -0.031791517 -0.014698121 0.040407975
v -0.031772371 -0.015295468 0.04000766
v -0.031752609 -0.015865103 0.039563126
v -0.031728771 -0.016498065 0.038991249
v -0.031703147 -0.017122517 0.038339757
v -0.031674594 -0.017745106 0.037604539
v -0.03189412 0.0055415336 0.036671681
v -0.031891895 0.0040598086 0.037602107
v -0.031880592 0.00059697641 0.039519073
v -0.031865347 -0.0020818326 0.040726269
v -0.031847839 -0.0042946988 0.04151347
v -0.031836257 -0.0054927033 0.041849206
v -0.031817481 -0.007150206 0.042194217
v -0.031799996 -0.0084677313 0.042356076
v -0.031782717 -0.0096111303 0.042403402
v -0.031774075 -0.010134587 0.042392628
v -0.031757128 -0.011082768 0.042315067
v -0.031739222 -0.01198724 0.042163268
v -0.031722779 -0.012742891 0.04197043
v -0.031716828 -0.013000691 0.041889541
v -0.031699804 -0.013697052 0.041629254
v -0.031681897 -0.014370208 0.041314924
v -0.031663013 -0.015023185 0.040945203
v -0.03164303 -0.015659045 0.040518089
v -0.031622465 -0.016262513 0.040046149
v -0.031597755 -0.01692935 0.039442512
v -0.031571303 -0.017583243 0.038759121
v -0.031540827 -0.018233244 0.037993933
v -0.03171627 0.010106814 0.034219449
v -0.0317177 0.0058826015 0.037196903
v -0.031715481 0.0043848928 0.038137304
v -0.031704151 0.0008767999 0.040079004
v -0.031688808 -0.0018477145 0.041306426
v -0.031671142 -0.0041087175 0.042110313
v -0.031659425 -0.0053381241 0.042454578
v -0.031640372 -0.0070470781 0.042809765
v -0.031622567 -0.0084137782 0.042977125
v -0.031604909 -0.0096070398 0.043025936
v -0.031596057 -0.010155814 0.04301435
v -0.031578649 -0.011154027 0.042932063
v -0.031560197 -0.012111091 0.042770724
v -0.031543215 -0.012913715 0.042565214
v -0.031537061 -0.013188006 0.042478901
v -0.031519443 -0.013929513 0.042201013
v -0.031500913 -0.014646172 0.04186559
v -0.031481387 -0.015340115 0.041471853
v -0.031460759 -0.016013656 0.041018568
v -0.03143958 -0.016650243 0.040519858
v -0.031414199 -0.017350245 0.039885195
v -0.031387107 -0.018032971 0.039170626
v -0.03135445 -0.018709715 0.038376084
v -0.031487667 0.0062141013 0.037707298
v -0.031485464 0.0047009042 0.038657367
v -0.031474143 0.0011489558 0.040623048
v -0.031458762 -0.0016198438 0.04187009
v -0.031441008 -0.0039274925 0.04269017
v -0.031429211 -0.0051873322 0.043042712
v -0.031409993 -0.0069461513 0.043407792
v -0.031391987 -0.008360506 0.043580523
v -0.031374083 -0.0096021044 0.043630813
v -0.031365092 -0.010175422 0.043618459
v -0.031347377 -0.011222149 0.043531635
v -0.031328559 -0.012230211 0.043361098
v -0.03131121 -0.013078399 0.043143356
v -0.031304919 -0.013368692 0.043051802
v -0.031286896 -0.014154002 0.042756894
v -0.031267936 -0.014912882 0.042401065
v -0.031247966 -0.015646588 0.041984084
v -0.031226888 -0.016356726 0.04150546
v -0.031205282 -0.017025479 0.040980821
v -0.031179431 -0.017757706 0.040316088
v -0.031151889 -0.01846845 0.039571309
v -0.031116814 -0.019171064 0.038748223
v -0.031205756 0.0065335366 0.038199023
v -0.031203577 0.0050054657 0.039158386
v -0.031192301 0.0014113972 0.041147113
v -0.031176935 -0.0013999361 0.042413021
v -0.03115917 -0.0037523851 0.043248685
v -0.031147349 -0.0050414568 0.043609202
v -0.031128065 -0.0068481752 0.043983829
v -0.031109971 -0.0083083178 0.044161762
v -0.031091956 -0.0095963623 0.044213522
v -0.031082896 -0.010193268 0.044200463
v -0.031065029 -0.011286623 0.044109336
v -0.031046023 -0.012343722 0.043930026
v -0.031028479 -0.013235728 0.043700587
v -0.031022113 -0.013541415 0.043604014
v -0.03100387 -0.014368868 0.043292806
v -0.030984672 -0.015168381 0.042917424
v -0.030964453 -0.01594037 0.042478158
v -0.030943121 -0.016685753 0.041975215
v -0.03092127 -0.017385501 0.041425687
v -0.030895145 -0.018148783 0.040732085
v -0.030867342 -0.018886546 0.039958278
v -0.030829639 -0.019613942 0.039107654
v -0.030874085 0.0068385054 0.03866838
v -0.030871938 0.0052962858 0.039636588
v -0.030860744 0.0016621489 0.041647258
v -0.030845443 -0.0011896411 0.042931144
v -0.030827739 -0.0035847101 0.043781669
v -0.030815948 -0.0049015898 0.044149801
v -0.0307967 -0.006753884 0.044533564
v -0.030778632 -0.0082576017 0.044716501
v -0.03076063 -0.0095898586 0.044769724
v -0.030751572 -0.010209217 0.044756023
v -0.030733702 -0.011346977 0.044660876
v -0.030714677 -0.012450784 0.044473291
v -0.030697107 -0.013384545 0.044232789
v -0.03069073 -0.013704898 0.04413147
v -0.030672444 -0.014572532 0.043804817
v -0.030653199 -0.015410799 0.043410885
v -0.03063292 -0.016219317 0.042950459
v -0.030611523 -0.016998346 0.042424414
v -0.030589603 -0.017727692 0.04185123
v -0.030563402 -0.01852065 0.041130171
v -0.030535518 -0.019284247 0.040328745
v -0.030495012 -0.020035143 0.039451767
v -0.030495151 0.0071267116 0.039111836
v -0.030493046 0.0055711745 0.040088376
v -0.030481963 0.0018993306 0.042119727
v -0.03046678 -0.00099053958 0.043420565
v -0.0304492 -0.0034257238 0.044285121
v -0.030437492 -0.0047687818 0.044660456
v -0.030418378 -0.0066639858 0.045052879
v -0.030400442 -0.0082087368 0.045240597
v -0.030382575 -0.0095826337 0.045295274
v -0.030373586 -0.010223153 0.045281012
v -0.030355853 -0.01140276 0.045182157
v -0.030336976 -0.012550601 0.044986875
v -0.03031954 -0.013523745 0.044736042
v -0.030313212 -0.013857941 0.044630279
v -0.030295057 -0.014763495 0.044289158
v -0.03027594 -0.015638358 0.043877833
v -0.030255787 -0.016481392 0.043397538
v -0.030234506 -0.017292226 0.042849793
v -0.030212692 -0.01804957 0.042254361
v -0.030186598 -0.018870618 0.041507467
v -0.030158812 -0.019658679 0.040680041
v -0.030115356 -0.020431613 0.039778068
v -0.030071805 0.0073959883 0.039526056
v -0.030069747 0.0058280655 0.040510351
v -0.030058811 0.0021211542 0.042560964
v -0.030043787 -0.00080412823 0.043877606
v -0.030026398 -0.0032766191 0.044755271
v -0.030014819 -0.0046440254 0.045137344
v -0.029995928 -0.0065791494 0.045537897
v -0.029978225 -0.0081620832 0.04573014
v -0.029960605 -0.0095747496 0.045786254
v -0.029951751 -0.010234969 0.045771515
v -0.02993429 -0.011453553 0.045669312
v -0.029915716 -0.012642435 0.045466974
v -0.029898568 -0.013652306 0.045206624
v -0.029892342 -0.013999411 0.045096761
v -0.029874482 -0.014940353 0.044742274
v -0.029855664 -0.015849392 0.044314844
v -0.02983581 -0.016724677 0.043816136
v -0.029814815 -0.017565252 0.043248253
v -0.02979327 -0.018348802 0.042632156
v -0.029767461 -0.019196152 0.041861248
v -0.029739936 -0.020007147 0.041009633
v -0.029693424 -0.020800476 0.040084196
v -0.014978641 -0.017502303 0.060839929
v -0.015482205 -0.018723481 0.060974697
v -0.015984857 -0.018715688 0.060971743
v -0.015981714 -0.018114829 0.060930235
v -0.014984904 -0.018731192 0.060977619
v -0.014981702 -0.018119312 0.06093579
v -0.015978657 -0.017498569 0.060834492
v -0.015955041 -0.011616438 0.058137718
v -0.015955032 -0.011565793 0.058051913
v -0.016070295 -0.011862561 0.05851554
v -0.016059762 -0.024532343 0.047398965
v -0.016059652 -0.024827444 0.047671836
v -0.016206281 -0.012819245 0.059685686
v -0.015957116 -0.012994315 0.059877022
v -0.016205978 -0.012777678 0.059642565
v -0.015956598 -0.012769597 0.059650819
v -0.01619515 -0.012531871 0.059375113
v -0.015956024 -0.012484951 0.059338121
v -0.016168903 -0.012297184 0.059097861
v -0.01595569 -0.012289642 0.059104201
v -0.016127259 -0.01207393 0.058811141
v -0.01595533 -0.012024491 0.05875688
v -0.015955168 -0.011858183 0.058518548
v -0.016059821 -0.024898428 0.047741468
v -0.016060744 -0.025336809 0.048210736
v -0.016060844 -0.02539233 0.048275517
v -0.016062996 -0.02581647 0.04881889
v -0.016061727 -0.026205317 0.049411137
v -0.016061733 -0.026234458 0.049460224
v -0.016062629 -0.026566475 0.050081427
v -0.01606109 -0.026852193 0.050744116
v -0.016061061 -0.026862434 0.05077109
v -0.016060156 -0.027088099 0.051454876
v -0.016058849 -0.027257887 0.052169779
v -0.016057167 -0.027365228 0.052896054
v -0.016055162 -0.027409262 0.053615387
v -0.016055078 -0.027409733 0.053642998
v -0.016053011 -0.027390324 0.054361415
v -0.016050106 -0.027312129 0.055065649
v -0.016049887 -0.027303465 0.055120823
v -0.01604711 -0.027170977 0.055779242
v -0.016046807 -0.027154197 0.055847168
v -0.016045349 -0.026954694 0.056520704
v -0.016040292 -0.026708662 0.057157259
v -0.016039796 -0.026669061 0.057247122
v -0.016038259 -0.026361839 0.057864075
v -0.01603254 -0.026018325 0.05843636
v -0.01603183 -0.0259482 0.05854156
v -0.016028384 -0.025593713 0.059026982
v -0.016027563 -0.025505951 0.059136765
v -0.016024082 -0.025120158 0.059579134
v -0.016023151 -0.025013514 0.059691155
v -0.016019665 -0.024601122 0.060088776
v -0.016018627 -0.024474627 0.060200515
v -0.016015165 -0.024040418 0.060552169
v -0.016014025 -0.023893398 0.060660971
v -0.016010615 -0.023442143 0.060965926
v -0.016009379 -0.023274251 0.061069016
v -0.016006049 -0.02281068 0.061327012
v -0.016004726 -0.022621896 0.061421541
v -0.0160015 -0.022150658 0.061632787
v -0.016000101 -0.021941297 0.061715869
v -0.015997002 -0.021466909 0.061881006
v -0.015995539 -0.021237632 0.061949761
v -0.015992587 -0.020764432 0.062069854
v -0.015991075 -0.020516261 0.062121429
v -0.015988288 -0.02004839 0.062197947
v -0.015986742 -0.019782672 0.062229574
v -0.015984135 -0.019324013 0.06226435
v -0.015982574 -0.01904245 0.062273368
v -0.015980161 -0.018596612 0.062268569
v -0.015978603 -0.018301226 0.062252483
v -0.015976393 -0.017871508 0.062210582
v -0.015974858 -0.017564641 0.062167074
v -0.015972859 -0.017154023 0.062090808
v -0.015971368 -0.0168383 0.062017794
v -0.015969586 -0.016449401 0.061910127
v -0.01596816 -0.016127733 0.061805773
v -0.015966597 -0.015762805 0.061669863
v -0.015965258 -0.015438351 0.061532629
v -0.015963914 -0.015099266 0.061371771
v -0.015962685 -0.014775396 0.061200442
v -0.015961556 -0.014463643 0.06101804
v -0.015960459 -0.014143912 0.060811739
v -0.015959542 -0.013860593 0.060611256
v -0.015958598 -0.013548707 0.060369475
v -0.015957885 -0.013294527 0.060154402
v -0.028611119 0.0056932145 -0.0049688687
v -0.028640226 0.0057086133 -0.0049500351
v -0.029082343 0.0059633605 -0.0046383054
v -0.029106596 0.0059785625 -0.0046196953
v -0.029515714 0.006257654 -0.0042779067
v -0.02953539 0.0062722633 -0.004260009
v -0.029908113 0.0065739794 -0.0038902664
v -0.029923562 0.0065876314 -0.0038735299
v -0.030256725 0.0069100627 -0.0034781698
v -0.030559041 0.0072634846 -0.0030445791
v -0.030812889 0.0076317123 -0.0025926086
v -0.031016443 0.0080120918 -0.0021255125
v -0.031168242 0.0084018945 -0.001646644
v -0.031267195 0.0087983158 -0.0011594415
v -0.031312589 0.0091985066 -0.00066741549
v -0.018130098 -0.023640035 0.040768637
v -0.018124926 -0.023517369 0.040951887
v -0.018163323 -0.023374289 0.041102644
v -0.018124688 -0.023477678 0.041013714
v -0.01812368 -0.023319461 0.041282709
v -0.018231316 -0.023111681 0.041431749
v -0.018123564 -0.023302311 0.041314352
v -0.018122665 -0.023177117 0.041563734
v -0.018347645 -0.022810673 0.04180463
v -0.018122209 -0.023118626 0.04169351
v -0.018121651 -0.023051983 0.041854608
v -0.018367503 -0.022765992 0.041861583
v -0.018120869 -0.022967107 0.042086534
v -0.018365553 -0.022693863 0.042072675
v -0.018120648 -0.022945131 0.0421529
v -0.018364054 -0.022601455 0.042391825
v -0.018119663 -0.022857313 0.042456081
v -0.018119555 -0.022848619 0.04249049
v -0.018362658 -0.022529502 0.042713477
v -0.018118706 -0.022788935 0.042761634
v -0.018118272 -0.022763929 0.042902994
v -0.018361374 -0.022478071 0.043035135
v -0.018117779 -0.022740059 0.043067199
v -0.018360208 -0.022446919 0.043354576
v -0.018117034 -0.022713995 0.043321123
v -0.018116892 -0.022710445 0.043370652
v -0.018359162 -0.022435544 0.043669827
v -0.018117357 -0.022703886 0.043709587
v -0.018358216 -0.022443713 0.043987136
v -0.018115227 -0.022707383 0.043971556
v -0.018357476 -0.022467261 0.044265217
v -0.018114724 -0.022722095 0.044162493
v -0.018114534 -0.022729751 0.044235719
v -0.018356721 -0.022513934 0.044588598
v -0.018114377 -0.02278037 0.044562231
v -0.018356081 -0.022581571 0.044911831
v -0.01811302 -0.022838354 0.044849965
v -0.018112694 -0.022874356 0.044989775
v -0.018355561 -0.022669966 0.045232493
v -0.018112318 -0.022922344 0.045154574
v -0.018355168 -0.02277857 0.045548062
v -0.0181118 -0.023001925 0.045390869
v -0.018111663 -0.023025532 0.045454344
v -0.018354903 -0.022906493 0.045856035
v -0.018111506 -0.02315763 0.045763671
v -0.018354768 -0.023052542 0.046154056
v -0.018110509 -0.023285851 0.046030003
v -0.018110279 -0.023353955 0.04615447
v -0.018354762 -0.023215298 0.046440043
v -0.018110017 -0.023440497 0.046301667
v -0.018354881 -0.023393208 0.046712229
v -0.018109662 -0.023576236 0.046511949
v -0.018109585 -0.023609543 0.046560227
v -0.018355122 -0.023584668 0.046969241
v -0.018110114 -0.023814214 0.046826786
v -0.018355478 -0.023788127 0.047210073
v -0.018108907 -0.023984794 0.04703314
v -0.018355944 -0.024002023 0.047433973
v -0.018108659 -0.024188035 0.047245827
v -0.018108749 -0.024107374 0.047164506
v -0.01827623 -0.016024005 0.059053856
v -0.018337038 -0.021989486 0.049979755
v -0.018337279 -0.022066514 0.050036988
v -0.018279726 -0.016193478 0.058229197
v -0.018279897 -0.01617126 0.058135839
v -0.018287934 -0.013351829 0.050641215
v -0.018288024 -0.013411416 0.050716436
v -0.018244097 -0.0064267788 0.052603275
v -0.018288165 -0.013477335 0.050786174
v -0.018288357 -0.013549081 0.050849906
v -0.018288598 -0.013626107 0.050907138
v -0.018288098 -0.013185041 0.050297522
v -0.018287979 -0.013215308 0.050388586
v -0.018276758 -0.016074305 0.058972136
v -0.01827726 -0.016117292 0.058886343
v -0.018277731 -0.016152638 0.058797125
v -0.018278168 -0.016180073 0.058705169
v -0.018278566 -0.016199392 0.058611174
v -0.018278924 -0.016210443 0.058515848
v -0.018279238 -0.016213143 0.058419927
v -0.018279506 -0.016207474 0.058324131
v -0.018287912 -0.0132534 0.050476663
v -0.018287896 -0.013299023 0.050561088
v -0.018280016 -0.016140994 0.058044775
v -0.018280083 -0.016102901 0.057956698
v -0.018280098 -0.016057279 0.057872273
v -0.018328578 -0.024611669 0.057265689
v -0.018328698 -0.024581397 0.057174627
v -0.018340681 -0.022796235 0.050220475
v -0.018328765 -0.024543307 0.057086546
v -0.01832878 -0.024497684 0.057002121
v -0.018269855 -0.01513032 0.059536796
v -0.018269341 -0.015034396 0.059534094
v -0.018268857 -0.014939073 0.059523042
v -0.018321147 -0.022908902 0.056675584
v -0.018320551 -0.022833686 0.056735173
v -0.018319966 -0.022763947 0.056801093
v -0.018316905 -0.022486915 0.057298546
v -0.018317341 -0.022514354 0.057206591
v -0.018317812 -0.022549697 0.057117378
v -0.018279398 -0.015730195 0.057526222
v -0.018336847 -0.021917744 0.049916025
v -0.018279638 -0.015807221 0.057583459
v -0.01827983 -0.015878967 0.057647188
v -0.018337567 -0.022148234 0.050087291
v -0.0183379 -0.022234028 0.050130283
v -0.01832235 -0.023073449 0.056577159
v -0.018338276 -0.022323243 0.050165631
v -0.018338691 -0.022415199 0.050193069
v -0.018339143 -0.022509195 0.050212385
v -0.018339627 -0.022604518 0.050223437
v -0.018322949 -0.023161528 0.056539067
v -0.018317087 -0.023285485 0.058633571
v -0.018317538 -0.023379482 0.058652894
v -0.018350257 -0.023515004 0.04840627
v -0.018350116 -0.023449088 0.048336533
v -0.01826656 -0.014347618 0.059226682
v -0.018266752 -0.014419364 0.059290413
v -0.018266993 -0.014496392 0.059347645
v -0.018267281 -0.014578111 0.05939795
v -0.018267614 -0.014663908 0.059440937
v -0.01826799 -0.014753119 0.059476284
v -0.018268405 -0.014845076 0.059503721
v -0.018321748 -0.022989028 0.056622778
v -0.018319395 -0.02270022 0.056872837
v -0.018318843 -0.022642987 0.056949861
v -0.018318314 -0.022592687 0.057031581
v -0.018316506 -0.022467599 0.057392544
v -0.018316148 -0.022456548 0.057487869
v -0.018315834 -0.022453848 0.057583791
v -0.018312741 -0.01594893 0.04722464
v -0.018300714 -0.014778188 0.049035415
v -0.018306904 -0.015071174 0.047563403
v -0.018300381 -0.014692395 0.048992425
v -0.018300005 -0.01460318 0.048957077
v -0.018288269 -0.013162821 0.050204169
v -0.018240064 -0.0047321894 0.050938644
v -0.018288489 -0.013148824 0.050109232
v -0.018280061 -0.016004472 0.057792147
v -0.018279971 -0.015944884 0.057716925
v -0.018328512 -0.024319373 0.056777036
v -0.01832832 -0.024247626 0.056713308
v -0.018328079 -0.024170603 0.056656073
v -0.018327791 -0.024088878 0.056605771
v -0.018326667 -0.023821916 0.056499996
v -0.018326215 -0.02372792 0.05648068
v -0.018325731 -0.023632596 0.056469622
v -0.018319076 -0.023666519 0.058660981
v -0.018318537 -0.023570727 0.058666649
v -0.018318023 -0.023474805 0.058663944
v -0.018322607 -0.024198497 0.058457986
v -0.018323202 -0.024273714 0.058398394
v -0.018350302 -0.023711114 0.048734121
v -0.018350183 -0.023741381 0.048825184
v -0.018350012 -0.0237636 0.048918538
v -0.01835037 -0.023673023 0.04864604
v -0.018350385 -0.023627399 0.048561618
v -0.018350347 -0.023574598 0.04848149
v -0.018351484 -0.021074221 0.043754413
v -0.018359158 -0.021953192 0.042829322
v -0.018345721 -0.022475661 0.048046077
v -0.018328743 -0.024444877 0.056921995
v -0.018328653 -0.024385291 0.056846779
v -0.018327458 -0.024003087 0.056562782
v -0.018327082 -0.023913872 0.056527433
v -0.018325217 -0.023536672 0.056466921
v -0.018324678 -0.02344088 0.056472589
v -0.018340141 -0.02270044 0.050226141
v -0.018324117 -0.023345944 0.056486584
v -0.018323539 -0.023252589 0.056508801
v -0.018347546 -0.023687415 0.049575685
v -0.018348017 -0.023722762 0.049486473
v -0.018349524 -0.023783269 0.04910927
v -0.018349792 -0.0237776 0.049013476
v -0.018273324 -0.015677963 0.05938094
v -0.018273925 -0.01575809 0.059328132
v -0.018274521 -0.015833305 0.059268545
v -0.018275106 -0.015903046 0.059202629
v -0.018275677 -0.015966773 0.059130885
v -0.018349924 -0.023377343 0.048272802
v -0.018349683 -0.023300318 0.04821557
v -0.018349395 -0.023218595 0.048165265
v -0.018349062 -0.023132801 0.048122274
v -0.018336593 -0.021693805 0.049606516
v -0.018336578 -0.021739428 0.049690941
v -0.018298865 -0.015247008 0.050445836
v -0.018272465 -0.014468496 0.057545736
v -0.01827187 -0.014393277 0.057605323
v -0.018271284 -0.014323541 0.057671239
v -0.018270713 -0.014259812 0.057742986
v -0.018270161 -0.014202578 0.05782001
v -0.018269632 -0.014152279 0.05790173
v -0.01829959 -0.014511224 0.048929639
v -0.018299138 -0.014417226 0.048910321
v -0.018301122 -0.014172892 0.047848261
v -0.018298654 -0.014321905 0.048899267
v -0.01829814 -0.014225982 0.048896565
v -0.018316671 -0.023193528 0.058606134
v -0.018316296 -0.023104313 0.058570785
v -0.018315963 -0.023018517 0.058527798
v -0.018323788 -0.024343451 0.058332478
v -0.018324359 -0.024407178 0.058260734
v -0.018324911 -0.024464409 0.058183708
v -0.01832544 -0.024514713 0.058101987
v -0.018326849 -0.02462048 0.057835023
v -0.018326413 -0.024593047 0.057926976
v -0.018325942 -0.024557698 0.058016191
v -0.018327248 -0.024639801 0.057741024
v -0.018327606 -0.02465085 0.057645702
v -0.01832792 -0.024653552 0.057549776
v -0.018328188 -0.024647883 0.057453982
v -0.018348454 -0.023750197 0.049394516
v -0.018348852 -0.023769513 0.049300518
v -0.01834921 -0.023780567 0.049205195
v -0.018314974 -0.022609713 0.058131445
v -0.018315011 -0.02266252 0.05821157
v -0.018348687 -0.023043584 0.048086928
v -0.018348272 -0.022951633 0.048059489
v -0.01834782 -0.022857633 0.048040171
v -0.018346282 -0.022570594 0.048032081
v -0.018346821 -0.022666389 0.048026415
v -0.018345144 -0.022382306 0.048068295
v -0.018344553 -0.022291243 0.048098564
v -0.018344287 -0.020210269 0.044552938
v -0.018288886 -0.013707827 0.050957442
v -0.018289219 -0.013793623 0.051000429
v -0.018273669 -0.014633045 0.057447307
v -0.018289594 -0.013882837 0.051035777
v -0.018290009 -0.013974793 0.051063214
v -0.018296711 -0.01503276 0.050762122
v -0.018297282 -0.015096487 0.050690378
v -0.018277986 -0.015381507 0.057370145
v -0.018336661 -0.021655715 0.049518436
v -0.018273066 -0.01454862 0.057492928
v -0.018268223 -0.01404651 0.058168697
v -0.018268659 -0.014073945 0.058076741
v -0.01826913 -0.014109293 0.057987526
v -0.018267824 -0.014027194 0.058262696
v -0.018267466 -0.014016139 0.058358019
v -0.018267152 -0.014013439 0.058453941
v -0.018295359 -0.013247887 0.048080861
v -0.018295872 -0.013850837 0.048968711
v -0.018295273 -0.013762758 0.049006804
v -0.018315566 -0.022459515 0.057679589
v -0.018315346 -0.022473512 0.057774524
v -0.018315175 -0.022495731 0.057867879
v -0.018315056 -0.022526002 0.057958943
v -0.018314989 -0.02256409 0.05804702
v -0.018315675 -0.022936797 0.058477493
v -0.018315434 -0.022859773 0.058420263
v -0.018315242 -0.022788027 0.058356532
v -0.018315101 -0.022722108 0.058286792
v -0.018290461 -0.01406879 0.051082536
v -0.018290946 -0.014164113 0.051093588
v -0.018274267 -0.014721123 0.057409218
v -0.018274858 -0.014812183 0.057378946
v -0.018295529 -0.014887805 0.05088763
v -0.018296125 -0.014963024 0.050828038
v -0.018276535 -0.015096266 0.057337073
v -0.018336616 -0.021792235 0.049771067
v -0.018336705 -0.021851825 0.049846286
v -0.018337483 -0.019357479 0.045244997
v -0.018342156 -0.021963403 0.048294667
v -0.01834157 -0.021893661 0.048360585
v -0.018301666 -0.015134187 0.049351639
v -0.018301576 -0.015074599 0.049276422
v -0.018324732 -0.017662566 0.04637271
v -0.018301434 -0.015008681 0.049206679
v -0.018318668 -0.016810776 0.046829381
v -0.018301243 -0.014936936 0.049142952
v -0.018301002 -0.014859911 0.049085717
v -0.0182976 -0.014130188 0.048902233
v -0.01829704 -0.014035253 0.048916228
v -0.018296462 -0.013941899 0.048938445
v -0.018293474 -0.013522994 0.049164816
v -0.018289572 -0.012288755 0.048261437
v -0.01829407 -0.013598211 0.049105229
v -0.018294671 -0.013678337 0.049052421
v -0.018292889 -0.013453254 0.049230735
v -0.018292318 -0.013389527 0.049302479
v -0.01828354 -0.011255675 0.048391543
v -0.018291765 -0.013332296 0.049379505
v -0.018291237 -0.013281997 0.049461225
v -0.018277609 -0.010205821 0.048459903
v -0.018322006 -0.024118372 0.05851079
v -0.018321403 -0.024033949 0.058556412
v -0.018347044 -0.02364443 0.04966148
v -0.018346516 -0.023594125 0.049743201
v -0.018345963 -0.023536895 0.049820227
v -0.018345392 -0.023473167 0.049891972
v -0.018344807 -0.023403429 0.049957891
v -0.018344211 -0.02332821 0.050017478
v -0.01834361 -0.023248089 0.050070283
v -0.018270394 -0.015226115 0.059531129
v -0.018270955 -0.015321048 0.059517133
v -0.018279109 -0.015648474 0.05747592
v -0.018278776 -0.015562678 0.057432932
v -0.018278401 -0.015473463 0.057397583
v -0.018277049 -0.01519219 0.057339773
v -0.018297834 -0.015153718 0.050613352
v -0.018298363 -0.015204021 0.050531629
v -0.018330987 -0.018510052 0.045847457
v -0.018340999 -0.021829934 0.048432328
v -0.018340447 -0.021772704 0.048509354
v -0.018339918 -0.021722402 0.048591078
v -0.018339416 -0.021679414 0.048676871
v -0.018338945 -0.021644071 0.048766085
v -0.018301501 -0.015300977 0.049695333
v -0.018338509 -0.021616635 0.048858042
v -0.01833811 -0.021597314 0.048952041
v -0.018337753 -0.021586265 0.049047362
v -0.018337439 -0.021583563 0.049143288
v -0.018301331 -0.015323193 0.049788689
v -0.01830162 -0.015270707 0.049604271
v -0.018301688 -0.015232616 0.04951619
v -0.018301703 -0.015186994 0.049431765
v -0.018266885 -0.014019109 0.058549734
v -0.018266664 -0.014033108 0.058644673
v -0.018266494 -0.014055323 0.058738027
v -0.018266374 -0.014085593 0.058829093
v -0.018266307 -0.014123685 0.05891717
v -0.018252186 -0.0052946963 0.048036187
v -0.018258874 -0.0066542788 0.048265787
v -0.018289429 -0.013156909 0.049822187
v -0.018265313 -0.0079165458 0.048405205
v -0.018289827 -0.013176227 0.049728191
v -0.018271544 -0.0090960909 0.048466782
v -0.018290264 -0.013203662 0.049636235
v -0.018290735 -0.013239007 0.049547021
v -0.0182452 -0.0038191975 0.047699989
v -0.018226354 5.5815076e-05 0.046976629
v -0.018233774 -0.0023990894 0.048882727
v -0.018289071 -0.013145858 0.049917513
v -0.018288757 -0.013143158 0.050013435
v -0.018319637 -0.023761456 0.058646984
v -0.018320215 -0.023854806 0.058624768
v -0.018320805 -0.023945873 0.0585945
v -0.018342409 -0.023075584 0.050153995
v -0.018328408 -0.024633887 0.057359047
v -0.018341819 -0.022984526 0.050184264
v -0.018341241 -0.022891172 0.05020648
v -0.018271533 -0.015414401 0.05949492
v -0.018272123 -0.015505464 0.05946465
v -0.018272722 -0.015593541 0.059426561
v -0.018343955 -0.022203166 0.048136653
v -0.018343352 -0.022118743 0.048182275
v -0.018342751 -0.022038619 0.048235078
v -0.018266292 -0.014169304 0.059001593
v -0.01826633 -0.014222111 0.05908172
v -0.018266419 -0.014281702 0.059156944
v -0.018219354 0.0021800422 0.045513241
v -0.018227804 0.00011901792 0.04640195
v -0.018343008 -0.023163663 0.050115903
v -0.018347335 -0.022762311 0.048029119
v -0.018277534 -0.015287513 0.057350826
v -0.018293137 -0.014544116 0.051054412
v -0.018293728 -0.014635181 0.051024143
v -0.01833678 -0.021625448 0.049427372
v -0.018299336 -0.015282356 0.05035662
v -0.018299772 -0.01530979 0.050264667
v -0.018300171 -0.015329109 0.050170667
v -0.018300528 -0.015340156 0.050075344
v -0.018300843 -0.01534286 0.049979419
v -0.018230179 -0.00044209628 0.046620091
v -0.01823788 -0.0022096051 0.047236769
v -0.018301111 -0.015337191 0.049883625
v -0.01833717 -0.021589233 0.049239082
v -0.01833695 -0.021603229 0.049334018
v -0.018275435 -0.014905535 0.057356733
v -0.018291459 -0.014260035 0.051096293
v -0.018275996 -0.015000472 0.057342739
v -0.018291999 -0.014355826 0.051090624
v -0.01829256 -0.014450764 0.051076627
v -0.018294326 -0.014723257 0.050986055
v -0.018294928 -0.014807682 0.050940433
v -0.031666472 0.023899208 0.0039274566
v -0.031689868 -0.018680179 0.034357936
v -0.031444097 -0.023687058 0.027567778
v -0.032054508 0.019962834 0.022839529
v -0.03197138 0.028313481 0.013594814
v -0.031966429 0.028429201 0.013308228
v -0.031961039 0.028529034 0.013014275
v -0.031946148 0.028677223 0.012290496
v -0.031942947 0.028687665 0.012149695
v -0.031939636 0.028691831 0.012008615
v -0.031936209 0.028689775 0.011867253
v -0.031800621 0.026798634 0.0075185637
v -0.031767986 0.026141182 0.0066118146
v -0.031702708 0.024720145 0.0048714194
v -0.03154274 0.021053658 0.00073381633
v -0.03133212 0.014426391 -0.0034689432
v -0.031477198 0.01944321 -0.00088663708
v -0.031446561 0.018636299 -0.0016065887
v -0.031955106 0.028609324 0.012711261
v -0.031949239 0.028660561 0.012431018
v -0.031913926 0.028563453 0.011024924
v -0.03190615 0.028487902 0.010752659
v -0.031898253 0.028399917 0.010484207
v -0.031882184 0.028192968 0.0099568192
v -0.031331025 0.014343999 -0.003457669
v -0.031326677 0.01398187 -0.0033885228
v -0.031322299 0.01354171 -0.0032667024
v -0.031317749 0.012954561 -0.0030503324
v -0.031315577 0.012592138 -0.0028903406
v -0.031312114 0.011745936 -0.0024494274
v -0.032032611 0.024009622 0.019126546
v -0.031984241 0.027894438 0.014421253
v -0.031975964 0.028184537 0.013875272
v -0.032016004 0.02589439 0.017129972
v -0.032005108 0.026770178 0.016069586
v -0.031991563 0.027569876 0.014951258
v -0.031929052 0.028667776 0.011583731
v -0.03192157 0.028624379 0.011301682
v -0.031503693 -0.022544831 0.029263959
v -0.031310513 0.010668258 -0.0017706819
v -0.031865879 0.027953332 0.0094424121
v -0.031833254 0.027408173 0.0084583149
v -0.031399846 0.017285535 -0.0026212123
v -0.031385774 0.016832328 -0.0028947656
v -0.031421061 0.017922237 -0.0021765947
v -0.031375885 0.016493005 -0.0030726191
v -0.031367293 0.016179086 -0.0032138845
v -0.031359851 0.015887317 -0.0033226325
v -0.031353403 0.015613904 -0.0034024624
v -0.031350912 0.015501354 -0.0034285792
v -0.031345561 0.015242649 -0.0034728216
v -0.03134072 0.014982153 -0.0034945887
v -0.031336269 0.014712413 -0.0034937084
v -0.00048195173 -0.024822378 0.040419779
v -0.00048032242 -0.024262285 0.039964377
v -0.0025796065 -0.024120241 0.039959253
v -0.0025768291 -0.023165016 0.039182577
v -0.016025501 -0.02109209 0.052101176
v -0.016025893 -0.02114278 0.052058955
v -0.016025695 -0.021119689 0.05208209
v -0.016019018 -0.019276375 0.051004962
v -0.016018862 -0.019270048 0.051048872
v -0.016023024 -0.020141365 0.051230683
v -0.015999865 -0.016653172 0.052564464
v -0.01600027 -0.016704327 0.052523938
v -0.016000137 -0.016688477 0.052538921
v -0.016000001 -0.016671381 0.052552461
v -0.01599861 -0.016432852 0.052582114
v -0.015998459 -0.01639393 0.05256261
v -0.015998371 -0.016367138 0.052543888
v -0.016022611 -0.020103141 0.051296397
v -0.016022839 -0.02012264 0.051257475
v -0.015970501 -0.011989167 0.053834566
v -0.015970333 -0.011958959 0.053835659
v -0.016005552 -0.017265735 0.051811055
v -0.016022134 -0.020164098 0.051565376
v -0.016022024 -0.020126795 0.051525826
v -0.016017573 -0.01913587 0.051222834
v -0.016022023 -0.020110424 0.051497532
v -0.016017437 -0.019115849 0.051231489
v -0.016017303 -0.019095153 0.05123837
v -0.016017171 -0.019073938 0.051243417
v -0.016017044 -0.019052361 0.0512466
v -0.016012454 -0.018256577 0.05132864
v -0.016012332 -0.018234804 0.051329926
v -0.016005211 -0.017236503 0.051869402
v -0.016005331 -0.017247934 0.05185083
v -0.016005445 -0.017257706 0.051831331
v -0.016049609 -0.02571288 0.052423206
v -0.015969578 -0.011734352 0.053685707
v -0.01596957 -0.01174904 0.053713977
v -0.015998772 -0.016469202 0.052593583
v -0.015999728 -0.016633985 0.052574829
v -0.016024211 -0.020874206 0.052129303
v -0.01596977 -0.011713546 0.053587731
v -0.015969724 -0.011714209 0.053603841
v -0.016011535 -0.018031694 0.051230854
v -0.016011523 -0.018019297 0.051212916
v -0.016006087 -0.017254434 0.051620059
v -0.01600609 -0.017244063 0.051600871
v -0.016011525 -0.018006033 0.05118911
v -0.016006072 -0.017225295 0.051574112
v -0.016005086 -0.017223496 0.051886908
v -0.0160004 -0.016718808 0.052507635
v -0.015987108 -0.018971137 0.060696209
v -0.016046266 -0.025832589 0.05371429
v -0.016042424 -0.025970899 0.055186871
v -0.016019115 -0.019275391 0.050972292
v -0.015995994 -0.01565675 0.052081946
v -0.015995755 -0.015626101 0.052089318
v -0.015995637 -0.015608344 0.052095895
v -0.015969584 -0.011766256 0.053739445
v -0.015969667 -0.011716909 0.053626807
v -0.015969631 -0.011720466 0.053644298
v -0.015969598 -0.011726554 0.053665495
v -0.015969592 -0.011728271 0.05367044
v -0.015994477 -0.020262202 0.06057652
v -0.016005982 -0.017276844 0.05169274
v -0.016005918 -0.017279066 0.051717165
v -0.016011626 -0.018073229 0.051273935
v -0.016022219 -0.017559556 0.046972337
v -0.015999137 -0.016539613 0.052599479
v -0.015999322 -0.016566579 0.052595694
v -0.01598702 -0.018972226 0.060726416
v -0.016046434 -0.025862795 0.053713197
v -0.016025286 -0.021065199 0.052118004
v -0.016029659 -0.018850623 0.046852645
v -0.016024087 -0.020844177 0.052116386
v -0.016023984 -0.020815856 0.052100067
v -0.016022458 -0.020092886 0.051327434
v -0.016018645 -0.019257966 0.051092481
v -0.015996878 -0.015854186 0.052127273
v -0.015996465 -0.015752162 0.052081575
v -0.015996371 -0.015723181 0.052077664
v -0.01597017 -0.011927705 0.053833297
v -0.016011793 -0.01811444 0.051300358
v -0.016011667 -0.018086286 0.051283785
v -0.016005652 -0.017271972 0.051790156
v -0.016011656 -0.017982266 0.051105604
v -0.015967932 -0.012109688 0.055126526
v -0.016051221 -0.025908207 0.052258825
v -0.016051364 -0.02591705 0.052228579
v -0.016051563 -0.025923573 0.052175963
v -0.016051652 -0.025921867 0.052144663
v -0.016049916 -0.025754564 0.052408828
v -0.016050109 -0.025783239 0.052397151
v -0.016050142 -0.025787916 0.052394809
v -0.016024305 -0.020895102 0.052135539
v -0.016018276 -0.019224036 0.051151335
v -0.016022146 -0.020089564 0.051430125
v -0.016022208 -0.020085592 0.051394981
v -0.015996752 -0.015818017 0.052104687
v -0.015996602 -0.015781928 0.052089536
v -0.015969589 -0.011769519 0.053743548
v -0.015969609 -0.01178054 0.053756198
v -0.015969815 -0.011847531 0.05380733
v -0.015969932 -0.011876381 0.053820014
v -0.015985702 -0.018850554 0.060936339
v -0.015985894 -0.01887602 0.060919122
v -0.015985502 -0.018822279 0.060951025
v -0.016051485 -0.025922237 0.052198626
v -0.016051504 -0.025922729 0.052193414
v -0.016050245 -0.025802272 0.0523868
v -0.016050444 -0.025828399 0.052368574
v -0.016050633 -0.025851423 0.052348207
v -0.016050664 -0.025855065 0.052344443
v -0.016050764 -0.025866182 0.052331871
v -0.01604719 -0.026087406 0.053863151
v -0.016047198 -0.02607272 0.053834876
v -0.015996137 -0.015689489 0.052077301
v -0.015969668 -0.011803662 0.053777863
v -0.015970062 -0.011905409 0.053829034
v -0.015970086 -0.011910515 0.0538302
v -0.016011603 -0.01806492 0.051266872
v -0.016011574 -0.018053093 0.051255571
v -0.01600603 -0.01727192 0.051668715
v -0.016005842 -0.017279149 0.051741685
v -0.015986909 -0.018969865 0.060757669
v -0.015984904 -0.018724304 0.060971828
v -0.015984993 -0.018740413 0.060971166
v -0.016050945 -0.025884671 0.052306142
v -0.016030385 -0.021630025 0.05148686
v -0.016030134 -0.021603631 0.051504069
v -0.016030017 -0.021589003 0.051516095
v -0.016046997 -0.026108212 0.053961127
v -0.016047044 -0.026107549 0.053945017
v -0.016024726 -0.020976261 0.05214221
v -0.01602482 -0.020992517 0.052140413
v -0.016024605 -0.020954474 0.052143022
v -0.016023929 -0.020798354 0.05208706
v -0.015969745 -0.011828202 0.053796088
v -0.01596976 -0.01183264 0.05379888
v -0.015994798 -0.020426584 0.060771853
v -0.015994936 -0.020456832 0.060780694
v -0.015995202 -0.020509444 0.060787218
v -0.015995377 -0.020540745 0.060785512
v -0.015999626 -0.01661902 0.052581433
v -0.015999491 -0.016598483 0.052588762
v -0.015999047 -0.01652326 0.052599848
v -0.015985927 -0.01888012 0.060915862
v -0.01598603 -0.018892771 0.060904836
v -0.015986518 -0.018943903 0.060837844
v -0.015986677 -0.018956583 0.060808997
v -0.015985127 -0.018763378 0.060968464
v -0.015985233 -0.018780873 0.060964909
v -0.015985368 -0.018802069 0.060958824
v -0.0159854 -0.018807013 0.060957106
v -0.01605111 -0.025899567 0.05227945
v -0.016051136 -0.025901759 0.052274688
v -0.016030921 -0.021720212 0.051455495
v -0.016030778 -0.021691772 0.051462652
v -0.016029892 -0.02157426 0.051530303
v -0.016029773 -0.02156099 0.051545344
v -0.016047184 -0.026055504 0.053809409
v -0.016044868 -0.02606663 0.054570607
v -0.01604697 -0.026108125 0.053969741
v -0.016047101 -0.026104846 0.05392205
v -0.016047136 -0.026101292 0.05390456
v -0.016047169 -0.026095206 0.053883359
v -0.016047175 -0.026093487 0.053878413
v -0.016029858 -0.018851889 0.046791187
v -0.016029748 -0.01884953 0.04682244
v -0.016018442 -0.019239091 0.051127259
v -0.015995082 -0.020486781 0.06078588
v -0.015995109 -0.020491997 0.060786375
v -0.015995555 -0.020570552 0.060780519
v -0.015999222 -0.021150306 0.060617301
v -0.016003086 -0.021734062 0.060397842
v -0.015994461 -0.020276581 0.060618205
v -0.015994435 -0.020288258 0.06064688
v -0.015994433 -0.0202906 0.060651559
v -0.016011886 -0.018143965 0.051314281
v -0.015965547 -0.011913552 0.055290027
v -0.015965404 -0.011904709 0.05532028
v -0.015965204 -0.011898186 0.055372891
v -0.015965116 -0.011899891 0.055404191
v -0.01598622 -0.018914433 0.060881716
v -0.015986816 -0.018965605 0.060779968
v -0.015986839 -0.018966768 0.060774864
v -0.016031331 -0.021793607 0.051456596
v -0.016031095 -0.021750947 0.051453277
v -0.016046597 -0.025894052 0.05371556
v -0.016030737 -0.018928989 0.046644018
v -0.016030547 -0.018907323 0.046667141
v -0.01603025 -0.018877857 0.046711009
v -0.016030091 -0.018865175 0.04673986
v -0.016031864 -0.019097452 0.046577028
v -0.016031774 -0.019081345 0.046577687
v -0.016031641 -0.01905838 0.046580389
v -0.016031534 -0.019040885 0.046583948
v -0.0160314 -0.019019687 0.046590033
v -0.016031368 -0.019014743 0.04659175
v -0.016031265 -0.018999477 0.046597831
v -0.01604022 -0.021024884 0.047255801
v -0.016022073 -0.020100537 0.051472181
v -0.016018131 -0.019207978 0.051169861
v -0.016017948 -0.01918616 0.051190405
v -0.016017795 -0.019166469 0.051205017
v -0.015994432 -0.02029861 0.060665906
v -0.01599445 -0.020316834 0.060692042
v -0.015994489 -0.020337201 0.060715066
v -0.015994498 -0.020340969 0.060718708
v -0.015994532 -0.020353537 0.060729821
v -0.016012215 -0.018213005 0.051329313
v -0.016012105 -0.018191339 0.051326801
v -0.016012002 -0.018169978 0.051322411
v -0.016005731 -0.017275754 0.051771457
v -0.016021969 -0.017395172 0.046777004
v -0.016021832 -0.017364924 0.046768162
v -0.016021566 -0.017312312 0.046761638
v -0.01602139 -0.017281015 0.046763342
v -0.016004466 -0.016623281 0.051055219
v -0.016004424 -0.016640495 0.051081611
v -0.016011606 -0.017985449 0.05112718
v -0.016004444 -0.016652522 0.05109624
v -0.016004496 -0.016674252 0.051117619
v -0.016011554 -0.017993937 0.051158745
v -0.016006007 -0.017195387 0.051542477
v -0.015965282 -0.011899523 0.055350228
v -0.015965263 -0.011899029 0.055355443
v -0.015986396 -0.018932661 0.060857176
v -0.015986425 -0.018935454 0.060852738
v -0.016053507 -0.025238442 0.050357841
v -0.016053452 -0.025217125 0.050338064
v -0.016053416 -0.025204711 0.050328025
v -0.016051384 -0.024859276 0.050376429
v -0.016051666 -0.024891426 0.05034216
v -0.016030539 -0.021659596 0.051471967
v -0.016047179 -0.026052241 0.05380531
v -0.016047158 -0.026041219 0.05379266
v -0.016046953 -0.025974229 0.053741525
v -0.016046835 -0.025945378 0.053728841
v -0.016024476 -0.020929998 0.052141558
v -0.016030371 -0.018889098 0.046691678
v -0.016030342 -0.018886306 0.046696116
v -0.016029951 -0.018856154 0.046768886
v -0.016029929 -0.018854988 0.046773992
v -0.016031065 -0.018971205 0.04661252
v -0.016030873 -0.018945738 0.046629732
v -0.016030841 -0.018941638 0.046632995
v -0.015994614 -0.020379269 0.060748314
v -0.016011551 -0.018041945 0.051243602
v -0.016021685 -0.017334973 0.046762976
v -0.016021658 -0.017329761 0.046762483
v -0.016021212 -0.017251202 0.046768337
v -0.016017546 -0.016671452 0.046931557
v -0.016013682 -0.016087694 0.047151015
v -0.01600967 -0.015528033 0.047421484
v -0.016022307 -0.017545177 0.046930653
v -0.016022332 -0.0175335 0.046901977
v -0.016022334 -0.017531156 0.046897297
v -0.016004523 -0.016591922 0.050965025
v -0.016004508 -0.016599102 0.050993481
v -0.016052206 -0.024949059 0.050304233
v -0.016051838 -0.024913136 0.050324827
v -0.0160471 -0.026018096 0.053770994
v -0.016046705 -0.025916349 0.053719819
v -0.016046681 -0.025911245 0.053718655
v -0.016024355 -0.020905736 0.052137968
v -0.015994713 -0.020405963 0.06076321
v -0.015994732 -0.020410722 0.060765404
v -0.016022336 -0.017523149 0.046882946
v -0.016022318 -0.017504925 0.046856812
v -0.016022279 -0.017484553 0.04683379
v -0.01602227 -0.017480791 0.046830145
v -0.016022236 -0.017468222 0.046819029
v -0.016004772 -0.016593012 0.050891636
v -0.016004607 -0.016589703 0.050934293
v -0.015998918 -0.016498783 0.052598386
v -0.015966851 -0.012067196 0.055140026
v -0.015966659 -0.01203852 0.055151702
v -0.015966626 -0.012033839 0.055154046
v -0.016052695 -0.02504475 0.050279948
v -0.016052478 -0.025007501 0.050284379
v -0.016052365 -0.024989141 0.05028879
v -0.016047023 -0.025993559 0.053752767
v -0.016047008 -0.02598912 0.053749974
v -0.016006066 -0.017264921 0.051645212
v -0.016009526 -0.015494219 0.047446743
v -0.016009352 -0.015474444 0.047468061
v -0.016009259 -0.015464403 0.047480475
v -0.016008444 -0.015512815 0.047825915
v -0.016008358 -0.015478542 0.047793766
v -0.016022153 -0.017442487 0.046800543
v -0.016004424 -0.016608392 0.051025646
v -0.015966523 -0.012019488 0.055162053
v -0.015966323 -0.011993359 0.05518028
v -0.015966135 -0.011970334 0.055200649
v -0.015966103 -0.011966691 0.055204413
v -0.015966003 -0.011955576 0.055216983
v -0.016052946 -0.025088485 0.050282011
v -0.016053098 -0.025123918 0.050288859
v -0.016053431 -0.025174731 0.050309444
v -0.016025116 -0.021040049 0.052128489
v -0.016024967 -0.021016547 0.052135489
v -0.016040444 -0.021045934 0.047227631
v -0.016040599 -0.021059608 0.047201967
v -0.016041196 -0.020975312 0.046890078
v -0.01604068 -0.021066149 0.047187403
v -0.016022317 -0.020086868 0.051362328
v -0.016008439 -0.015440616 0.047736129
v -0.016008331 -0.015461212 0.04777205
v -0.016022055 -0.017415797 0.046785644
v -0.016022035 -0.017411034 0.046783453
v -0.015965822 -0.011937086 0.055242716
v -0.016041346 -0.021023872 0.046934138
v -0.016008498 -0.01541633 0.047640436
v -0.016008406 -0.015420761 0.047677686
v -0.016008372 -0.015425175 0.047696044
v -0.015965658 -0.011922191 0.055269407
v -0.015965631 -0.011919998 0.055274168
v -0.016041361 -0.021066518 0.047006108
v -0.016041269 -0.021049031 0.046968964
v -0.016006081 -0.017258978 0.051629971
v -0.016008665 -0.015418394 0.047596699
v -0.016008793 -0.015425238 0.047561267
v -0.016009184 -0.015445822 0.047510457
v -0.016025218 -0.021055286 0.052122547
v -0.016040862 -0.021082444 0.047107022
v -0.016041144 -0.021081796 0.047066076
v -0.016041186 -0.021078884 0.0470476
v -0.016018548 -0.019250224 0.051109919
v -0.016022412 -0.020090459 0.051338064
v -0.01604081 -0.021074712 0.04716069
v -0.028439515 -0.028683609 0.030886175
v -0.028507159 -0.027386343 0.032810864
v -0.028952508 -0.027098868 0.032590689
v -0.028437244 -0.02872504 0.030820096
v -0.028559918 -0.029420017 0.029353881
v -0.028889702 -0.028421001 0.030614512
v -0.028852416 -0.029205041 0.029240292
v -0.028941476 -0.029134926 0.029203447
v -0.029031101 -0.029062002 0.029165223
v -0.029350209 -0.028055069 0.030369967
v -0.029312703 -0.028816233 0.029037053
v -0.029771741 -0.027656728 0.030106506
v -0.029565263 -0.028571717 0.028910421
v -0.029464287 -0.028672466 0.028962499
v -0.030198648 -0.027825976 0.028528591
v -0.030114089 -0.02793916 0.028586171
v -0.030151256 -0.027228854 0.029826026
v -0.02986457 -0.028246486 0.02874316
v -0.029734281 -0.028393277 0.028818497
v -0.03035208 -0.027606796 0.028417413
v -0.030486017 -0.026774536 0.029530553
v -0.030449427 -0.027457149 0.028341745
v -0.03075814 -0.026903028 0.028056262
v -0.030568496 -0.027260821 0.028242749
v -0.030773609 -0.026297048 0.029222216
v -0.030515021 -0.027350953 0.028288159
v -0.03093209 -0.02653303 0.027878256
v -0.031011957 -0.025799836 0.028903242
v -0.030990709 -0.026381258 0.027807207
v -0.031199343 -0.025286485 0.02857593
v -0.031077952 -0.026152816 0.027689247
v -0.031313188 -0.025264656 0.027251113
v -0.031302362 -0.025321343 0.027278943
v -0.031334413 -0.024760699 0.028242642
v -0.031175489 -0.025840388 0.027529333
v -0.031358667 -0.024984046 0.02711361
v -0.031416194 -0.024226271 0.027905781
v -0.031386977 -0.024732401 0.026991228
v -0.028524076 -0.02704798 0.033282607
v -0.028665466 -0.024116408 0.037153536
v -0.029141199 -0.023080047 0.037898839
v -0.031663798 -0.019181969 0.034751988
v -0.031583574 -0.019679224 0.035144484
v -0.031449775 -0.020168335 0.035532584
v -0.031263374 -0.020645758 0.035913469
v -0.03102572 -0.021108031 0.036284381
v -0.030738538 -0.021551802 0.036642632
v -0.030403908 -0.021973859 0.036985621
v -0.030024255 -0.022371137 0.03731087
v -0.029602332 -0.022740759 0.037616011
v -0.03147681 -0.023063902 0.029633708
v -0.031395898 -0.023578323 0.030002083
v -0.031261537 -0.024084367 0.030366418
v -0.031074703 -0.024578376 0.030724079
v -0.030836744 -0.025056778 0.031072477
v -0.030549382 -0.02551611 0.031409095
v -0.030214696 -0.025953051 0.031731495
v -0.029835108 -0.02636444 0.032037345
v -0.029413362 -0.026747303 0.032324436
v -0.01422604 -0.024240488 0.040347782
v -0.014365823 -0.024226151 0.040353667
v -0.024603344 -0.024458504 0.039146388
v -0.01417047 -0.024244685 0.040347361
v -0.00048604039 -0.025389918 0.040100375
v -0.00048397184 -0.025170831 0.040380674
v -0.014504357 -0.024206517 0.040366424
v -0.014641013 -0.02418169 0.040385969
v -0.014775159 -0.024151828 0.040412165
v -0.01490618 -0.024117104 0.040444846
v -0.015033501 -0.024077719 0.04048379
v -0.015156582 -0.024033905 0.040528763
v -0.015281402 -0.023983106 0.040582485
v -0.016076822 -0.023921852 0.040589998
v -0.018125771 -0.023763294 0.040609501
v -0.00057672129 -0.032436284 0.023340935
v -0.00057673648 -0.032287479 0.023076513
v -0.00057657083 -0.032633503 0.023733501
v -0.0005762749 -0.032798115 0.024115387
v -0.00057584625 -0.032933542 0.02448919
v -0.0005752905 -0.033042383 0.024856858
v -0.00057460318 -0.033127718 0.025226267
v -0.00057376714 -0.033190407 0.02560371
v -0.00057277583 -0.033229867 0.025989856
v -0.00057161994 -0.03324527 0.026386913
v -0.0005703135 -0.033235478 0.0267884
v -0.00056889466 -0.033201659 0.02718434
v -0.00056725428 -0.033140881 0.027603672
v -0.00056534917 -0.033048564 0.028053085
v -0.00056310337 -0.032917391 0.028543794
v -0.00056040692 -0.032736158 0.029091474
v -0.024419208 -0.028532235 0.033771122
v -0.00052463438 -0.029427839 0.034780458
v -0.024362075 -0.029919211 0.03170644
v -0.0005394442 -0.03090572 0.032614155
v -0.024343815 -0.0304196 0.030870969
v -0.00054714977 -0.03163307 0.031414069
v -0.00055282319 -0.032136213 0.030474493
v -0.00055707867 -0.032486085 0.029721772
v -0.026792729 -0.011649413 0.046715274
v -0.02668091 -0.011668692 0.046756704
v -0.026686052 -0.015226581 0.042227901
v -0.026611176 -0.011677586 0.046781884
v -0.026465221 -0.011688799 0.046832939
v -0.026475525 -0.015405484 0.042099991
v -0.025864637 -0.011638397 0.047019348
v -0.025845538 -0.011633415 0.047025879
v -0.025885923 -0.015829325 0.04167716
v -0.026066835 -0.011671973 0.046960866
v -0.02625639 -0.011688314 0.046902085
v -0.026267017 -0.015567996 0.041961037
v -0.026054422 -0.015719372 0.041807365
v -0.026425127 -0.011690187 0.046846574
v -0.02648155 -0.015400574 0.042103828
v -0.026890338 -0.011627261 0.046678059
v -0.026884096 -0.015043693 0.042336051
v -0.027092044 -0.011564349 0.046598101
v -0.027071596 -0.011571849 0.046606393
v -0.026969884 -0.011605321 0.046647014
v -0.026891883 -0.015036194 0.042340047
v -0.027078775 -0.014848705 0.042429714
v -0.027225917 -0.011508384 0.04654283
v -0.027284415 -0.011479948 0.046518144
v -0.027441431 -0.014437632 0.042564567
v -0.027466213 -0.011374008 0.046439479
v -0.027373136 -0.011431748 0.046480114
v -0.027086859 -0.014840257 0.04243331
v -0.02726905 -0.014641635 0.042507575
v -0.027636117 -0.011246602 0.046363547
v -0.027581173 -0.011291219 0.046388331
v -0.027610094 -0.01421982 0.042605329
v -0.027513503 -0.011341582 0.046418561
v -0.027449084 -0.014428166 0.042566761
v -0.027759184 -0.014008594 0.042626029
v -0.027792862 -0.011097954 0.046291859
v -0.027685573 -0.011203324 0.046341072
v -0.027935601 -0.010928016 0.046225803
v -0.027907117 -0.010965107 0.046239003
v -0.027900675 -0.01378694 0.04262834
v -0.027800436 -0.011089861 0.046288366
v -0.027765372 -0.013999376 0.042626522
v -0.027963947 -0.013679199 0.042622337
v -0.028005849 -0.010828441 0.046193294
v -0.028024114 -0.013570471 0.042611516
v -0.028063056 -0.010737433 0.046166977
v -0.028079613 -0.013463583 0.04259617
v -0.028096701 -0.010678967 0.046151623
v -0.028131706 -0.01335608 0.042575934
v -0.028125808 -0.010624981 0.046138447
v -0.028174383 -0.010526671 0.046116761
v -0.028179203 -0.013250379 0.042551247
v -0.028205081 -0.010458295 0.046103324
v -0.028222598 -0.013145414 0.042521878
v -0.028268632 -0.010296883 0.046076492
v -0.028295404 -0.012942175 0.042450607
v -0.028345506 -0.010048012 0.046047078
v -0.028334897 -0.010087299 0.046050833
v -0.028261419 -0.013042352 0.042488181
v -0.028274614 -0.010279994 0.046074054
v -0.028296749 -0.012937962 0.04244892
v -0.028325988 -0.012840287 0.042407291
v -0.028386672 -0.0098686171 0.046036504
v -0.02835191 -0.012740164 0.042359431
v -0.028406994 -0.012371122 0.042131217
v -0.028457166 -0.0093524892 0.046026236
v -0.02840017 -0.012460005 0.042194426
v -0.028444206 -0.0094997361 0.046024169
v -0.02838875 -0.012550745 0.042253256
v -0.028430919 -0.0096109471 0.046024739
v -0.028372476 -0.012645159 0.042308854
v -0.028404214 -0.0097816461 0.046029456
v -0.028449521 -0.0085797597 0.046082121
v -0.028459774 -0.0087231529 0.046066662
v -0.028399137 -0.012122246 0.041919737
v -0.028463121 -0.0087873558 0.046060432
v -0.028406458 -0.012201882 0.041993553
v -0.028467016 -0.0088967145 0.046050849
v -0.028409097 -0.012285773 0.042064826
v -0.028468287 -0.0090782522 0.046037956
v -0.028465204 -0.0092040516 0.046031365
v -0.028387122 -0.012045753 0.041842454
v -0.028427 -0.0083635715 0.046109239
v -0.028370422 -0.011972589 0.041761874
v -0.028412835 -0.0082570005 0.046124195
v -0.028349061 -0.011902948 0.041678174
v -0.028368788 -0.0079910085 0.046165771
v -0.028323136 -0.011837099 0.041591699
v -0.028357174 -0.0079311697 0.04617592
v -0.028292595 -0.01177495 0.041502305
v -0.028345697 -0.0078749734 0.046185702
v -0.028257431 -0.011716566 0.041410033
v -0.028282486 -0.0076038549 0.046236224
v -0.028218168 -0.011662739 0.041316192
v -0.028246565 -0.0074705287 0.046262996
v -0.028174279 -0.011612704 0.041219475
v -0.028189658 -0.0072804424 0.046303241
v -0.02812636 -0.011567184 0.041121231
v -0.028118928 -0.0070710891 0.046350283
v -0.028073855 -0.011525661 0.041020321
v -0.028079075 -0.0069633354 0.046375568
v -0.028017893 -0.011489017 0.040918906
v -0.027963004 -0.0066816198 0.046445031
v -0.027957284 -0.011456451 0.040814804
v -0.027951232 -0.0066553034 0.046451763
v -0.027893609 -0.011428833 0.040710735
v -0.027807391 -0.006360487 0.046530075
v -0.027757778 -0.011387827 0.040503118
v -0.027751132 -0.011386355 0.040493388
v -0.027778799 -0.0063070602 0.046544837
v -0.027601555 -0.011364122 0.040283113
v -0.027677241 -0.0061289791 0.046595347
v -0.027648276 -0.0060812565 0.046609233
v -0.027487052 -0.0058373202 0.046682684
v -0.02744006 -0.011359961 0.040071929
v -0.027474833 -0.0058202093 0.046688
v -0.027432087 -0.011360214 0.040061867
v -0.027286385 -0.0055777602 0.046765946
v -0.027259284 -0.011375012 0.039851205
v -0.02707679 -0.011407816 0.039642343
v -0.026467231 -0.011619682 0.039025345
v -0.026633089 -0.0049864567 0.046986721
v -0.026671207 -0.01153306 0.039219452
v -0.026668369 -0.005010099 0.04697649
v -0.026678808 -0.011530118 0.039226913
v -0.026821245 -0.0051226054 0.046930091
v -0.026877293 -0.011461102 0.039427785
v -0.026884385 -0.0051740268 0.046909911
v -0.027005777 -0.0052815046 0.04686935
v -0.027068304 -0.011409729 0.039632936
v -0.027091099 -0.0053641962 0.046839386
v -0.027096546 -0.0053696854 0.046837433
v -0.026258093 -0.01172334 0.038837947
v -0.026367926 -0.0048350494 0.047058225
v -0.026446008 -0.0048749324 0.047038129
v -0.026536695 -0.0049261304 0.047013794
v -0.025806233 -0.0046559278 0.047181817
v -0.025838962 -0.004661758 0.047175065
v -0.025874642 -0.011950462 0.038523326
v -0.025921691 -0.0046780449 0.047158895
v -0.026041507 -0.011845827 0.03865571
v -0.026004149 -0.0046982084 0.047142029
v -0.026167729 -0.0047499591 0.047106287
v -0.026252973 -0.011726058 0.038833502
v -0.026218389 -0.0047691974 0.047094583
v -0.026330915 -0.0048174747 0.04706748
v -0.016064683 -0.022744965 0.042426255
v -0.015959618 -0.010455831 0.054646085
v -0.01594343 -0.0063624086 0.052690141
v -0.015957917 -0.010563988 0.055379682
v -0.015956601 -0.010735668 0.056101064
v -0.015955156 -0.011263903 0.057485352
v -0.015955678 -0.010969567 0.056804738
v -0.016038165 -0.019520534 0.04529637
v -0.01604191 -0.020257121 0.045381781
v -0.016045399 -0.020983459 0.045531065
v -0.016048607 -0.021694023 0.045743084
v -0.01605738 -0.022692521 0.044674455
v -0.01605678 -0.022764874 0.044993221
v -0.016051509 -0.022383405 0.046016228
v -0.016056307 -0.022856296 0.045304091
v -0.016055964 -0.022965552 0.045604568
v -0.016058107 -0.022639978 0.044350133
v -0.016058953 -0.022607709 0.044022767
v -0.016059911 -0.022595855 0.043694938
v -0.015976972 -0.011152695 0.050301734
v -0.01598085 -0.01148487 0.049638776
v -0.015989204 -0.012315806 0.048412093
v -0.015984938 -0.01187356 0.049007293
v -0.016060974 -0.022604235 0.043369162
v -0.01606213 -0.022632382 0.043047777
v -0.01606337 -0.022679592 0.042732852
v -0.016055745 -0.023510491 0.046625794
v -0.016055663 -0.023389169 0.046440148
v -0.016054083 -0.023046361 0.046348414
v -0.01605565 -0.023224491 0.046157226
v -0.016055761 -0.023079003 0.045867577
v -0.015961689 -0.010412023 0.053905855
v -0.015964117 -0.010432896 0.053164624
v -0.015938139 -0.0041757368 0.050570048
v -0.015966881 -0.010518294 0.052428031
v -0.015969961 -0.010667563 0.051701686
v -0.015931598 -0.0018149942 0.048546568
v -0.015973333 -0.010879566 0.050991121
v -0.015923927 0.0006680969 0.046671546
v -0.015915047 0.0032938406 0.044935158
v -0.015905218 0.0059859015 0.043386953
v -0.015895325 0.0085310732 0.04211717
v -0.016034194 -0.018779309 0.045275485
v -0.016030026 -0.018039086 0.04531928
v -0.016025693 -0.017305498 0.045427424
v -0.016021229 -0.016584125 0.045599097
v -0.016016667 -0.015880464 0.045832986
v -0.016012042 -0.015199864 0.046127313
v -0.016007388 -0.014547507 0.046479841
v -0.016002743 -0.01392836 0.046887886
v -0.015998141 -0.01334713 0.047348341
v -0.015993616 -0.012808248 0.0478577
v -0.029146531 0.029006952 0.0012414388
v -0.029000694 0.028259199 0.00023803864
v -0.029174988 0.028987495 0.0012572682
v -0.029138751 0.028166555 0.00031330547
v -0.029620248 0.028656537 0.0015295392
v -0.029479126 0.027917926 0.00051646574
v -0.029593756 0.027827018 0.00059112468
v -0.030027412 0.028299578 0.0018228042
v -0.029917642 0.027547379 0.00082188305
v -0.030046477 0.028281407 0.0018378763
v -0.03001024 0.027460468 0.00089391354
v -0.030415325 0.027897957 0.002158349
v -0.030312945 0.027150342 0.0011519994
v -0.030385242 0.027069509 0.0012195252
v -0.030741219 0.027493047 0.0024968188
v -0.030662064 0.026729796 0.0015043369
v -0.030716099 0.026656916 0.0015656436
v -0.031028866 0.027059736 0.0028626149
v -0.03098759 0.026246814 0.0019102193
v -0.031267472 0.026610503 0.0032441402
v -0.031211614 0.025830983 0.0022649087
v -0.031236311 0.025778681 0.0023094498
v -0.03145532 0.026148574 0.003638655
v -0.031417338 0.025332668 0.0026891812
v -0.031591061 0.025677275 0.0040433181
v -0.031549801 0.024877917 0.0030807826
v -0.031556125 0.024850672 0.0031042344
v -0.031673722 0.025199989 0.0044552285
v -0.031637012 0.024383066 0.0035077908
v -0.015019077 -0.019271905 0.050972269
v -0.015024518 -0.019053291 0.048847402
v -0.0150171 -0.019059022 0.051234101
v -0.014995556 -0.018647815 0.057419432
v -0.015005957 -0.017188556 0.05154062
v -0.015005391 -0.016993196 0.05138116
v -0.015005035 -0.017216664 0.051885054
v -0.015000387 -0.016715745 0.05250039
v -0.01499961 -0.016613014 0.052569923
v -0.014999746 -0.016633206 0.052561707
v -0.014998929 -0.01649483 0.052582108
v -0.014998985 -0.016464083 0.052575617
v -0.014999985 -0.016666456 0.052543067
v -0.015000189 -0.016692656 0.052523521
v -0.014998451 -0.016380069 0.052534995
v -0.015006015 -0.017258091 0.051643355
v -0.01500603 -0.017252151 0.051628115
v -0.015005776 -0.017270984 0.051750611
v -0.015005624 -0.017266356 0.051782986
v -0.014998581 -0.016417145 0.052557814
v -0.014999439 -0.016581442 0.052578255
v -0.015006068 -0.017224365 0.051582021
v -0.015005161 -0.017229671 0.051867547
v -0.015005338 -0.01724599 0.051839227
v -0.01500597 -0.017266352 0.051672161
v -0.015006037 -0.017247602 0.051618203
v -0.015005502 -0.017258906 0.051809203
v -0.014999055 -0.016519266 0.052584163
v -0.01499922 -0.016549228 0.05258364
v -0.015005914 -0.017271239 0.051707169
v -0.01497442 -0.011129474 0.051072718
v -0.014988045 -0.01323328 0.050378287
v -0.014988164 -0.013203011 0.050287222
v -0.01497115 -0.010923922 0.051761659
v -0.014977948 -0.01139429 0.050404315
v -0.014997666 -0.014148159 0.048891933
v -0.014998206 -0.014243952 0.048886266
v -0.015002935 -0.014085466 0.047094379
v -0.01498809 -0.013429388 0.050706136
v -0.014988 -0.013369801 0.050630916
v -0.015011951 -0.015318266 0.04635696
v -0.015000071 -0.014621152 0.048946777
v -0.015016435 -0.01597815 0.04607159
v -0.015000447 -0.014710365 0.048982126
v -0.014988335 -0.013180792 0.050193868
v -0.014988555 -0.013166796 0.050098933
v -0.014981709 -0.011716352 0.049761538
v -0.014988823 -0.013161128 0.050003135
v -0.015007439 -0.014685766 0.046698756
v -0.015001068 -0.014877882 0.049075417
v -0.01500078 -0.014796158 0.049025115
v -0.014989137 -0.013163828 0.049907213
v -0.014989494 -0.013174881 0.049811889
v -0.014985672 -0.01209321 0.049149277
v -0.014989893 -0.013194197 0.049717891
v -0.01499033 -0.013221634 0.049625936
v -0.01499872 -0.014339877 0.048888968
v -0.014999204 -0.014435198 0.048900022
v -0.014999656 -0.014529196 0.04891934
v -0.0149979 -0.01517169 0.050603053
v -0.014997348 -0.015114459 0.050680079
v -0.014997879 -0.01618411 0.052376273
v -0.014997106 -0.014053224 0.048905928
v -0.014998473 -0.013521928 0.04754082
v -0.014996528 -0.013959869 0.048928145
v -0.015008995 -0.015433884 0.047505486
v -0.015009116 -0.015445195 0.047486686
v -0.014988231 -0.013495307 0.050775876
v -0.014988423 -0.013567051 0.050839606
v -0.014988663 -0.013644077 0.050896838
v -0.014988952 -0.013725799 0.050947143
v -0.014989285 -0.013811593 0.050990129
v -0.01498966 -0.013900808 0.051025478
v -0.014990075 -0.013992765 0.051052915
v -0.014990527 -0.01408676 0.051072236
v -0.014991011 -0.014182083 0.051083288
v -0.014991525 -0.014278005 0.051085993
v -0.014992065 -0.014373798 0.051080325
v -0.014992626 -0.014468735 0.051066327
v -0.014987977 -0.013271372 0.050466365
v -0.014987962 -0.013316995 0.050550789
v -0.014991832 -0.013350267 0.049369205
v -0.014989808 -0.012521994 0.048572192
v -0.014991303 -0.013299967 0.049450925
v -0.0149908 -0.013256978 0.049536723
v -0.014994136 -0.013616183 0.04909493
v -0.014994737 -0.013696309 0.049042122
v -0.014994086 -0.012999445 0.048034677
v -0.014995339 -0.013780729 0.048996504
v -0.014995938 -0.013868808 0.048958411
v -0.015009486 -0.015485983 0.047439368
v -0.01500968 -0.01551058 0.047420041
v -0.015031736 -0.019071261 0.046566231
v -0.015033428 -0.018788759 0.045531058
v -0.015037279 -0.019507421 0.04555131
v -0.01504091 -0.020221588 0.04563412
v -0.015044293 -0.020925818 0.045778856
v -0.015046583 -0.021428473 0.045922342
v -0.015008337 -0.015489484 0.047813578
v -0.015000594 -0.015358128 0.050065045
v -0.015000908 -0.01536083 0.04996912
v -0.015001176 -0.015355161 0.049873326
v -0.015001396 -0.015341165 0.04977839
v -0.015001567 -0.015318949 0.049685034
v -0.015001686 -0.015288679 0.049593972
v -0.015001754 -0.015250588 0.049505891
v -0.015001769 -0.015204966 0.049421466
v -0.015001731 -0.015152159 0.04934134
v -0.015001642 -0.015092569 0.049266122
v -0.0150015 -0.015026653 0.04919638
v -0.015001308 -0.014954907 0.049132653
v -0.014998931 -0.01526498 0.050435536
v -0.014999402 -0.015300326 0.05034632
v -0.014999838 -0.01532776 0.050254366
v -0.015000237 -0.015347079 0.050160367
v -0.01500438 -0.016635611 0.051081317
v -0.014998429 -0.015221993 0.050521331
v -0.015004398 -0.016647122 0.051095386
v -0.014996702 -0.01579756 0.052078877
v -0.014996817 -0.015826006 0.052091765
v -0.014996191 -0.014980996 0.05081774
v -0.014996777 -0.015050731 0.050751822
v -0.014996934 -0.015859773 0.05211308
v -0.014992384 -0.013407499 0.04929218
v -0.014992954 -0.013471226 0.049220437
v -0.01499354 -0.013540964 0.049154516
v -0.015031028 -0.018962391 0.046603017
v -0.015031167 -0.018981578 0.046592141
v -0.01502238 -0.017563383 0.046932914
v -0.01500825 -0.015436158 0.047748451
v -0.015008264 -0.015422385 0.04771983
v -0.015009224 -0.015456279 0.047471293
v -0.015009347 -0.01546978 0.04745538
v -0.015004216 -0.016595244 0.051000846
v -0.015004475 -0.016587241 0.050966195
v -0.014995809 -0.015631707 0.052075688
v -0.014996005 -0.015663209 0.052067718
v -0.014995596 -0.014905775 0.05087733
v -0.015008691 -0.01541117 0.047563429
v -0.015008776 -0.015416456 0.047545464
v -0.015009379 -0.015473372 0.047451569
v -0.015004708 -0.016587642 0.050892343
v -0.015004452 -0.016669737 0.051117692
v -0.015004404 -0.016649951 0.051098536
v -0.014996559 -0.01576594 0.052069582
v -0.015008284 -0.015466902 0.047791064
v -0.015008255 -0.015447732 0.047766926
v -0.01500834 -0.015407475 0.047669317
v -0.01500842 -0.015403994 0.04763787
v -0.015008516 -0.015404109 0.047607299
v -0.015008534 -0.015404535 0.04760207
v -0.015008878 -0.015424005 0.047525752
v -0.015008905 -0.015426138 0.047520956
v -0.015022341 -0.017484549 0.046807826
v -0.01502238 -0.017500097 0.046822329
v -0.015031565 -0.019042368 0.046570524
v -0.015031415 -0.019018374 0.046576955
v -0.015031447 -0.019023374 0.046575403
v -0.01503154 -0.019038239 0.046571449
v -0.015022416 -0.017553558 0.046904064
v -0.015031285 -0.018998717 0.04658421
v -0.015004368 -0.016617834 0.051054116
v -0.015004377 -0.016604679 0.051028161
v -0.0150083 -0.01541233 0.047690827
v -0.015008599 -0.015406685 0.047585147
v -0.015030577 -0.018906891 0.046650681
v -0.015030757 -0.018927556 0.046629308
v -0.015030888 -0.018943932 0.046615746
v -0.015004379 -0.016603596 0.05102558
v -0.015004527 -0.016585115 0.050945978
v -0.015004591 -0.01658467 0.050924741
v -0.01499567 -0.015610761 0.052083647
v -0.014996134 -0.01572101 0.05206407
v -0.015008252 -0.01544481 0.047762592
v -0.015008308 -0.015411003 0.047685762
v -0.015030115 -0.018863093 0.046722362
v -0.015030266 -0.018875425 0.046695476
v -0.015030384 -0.01888653 0.046676985
v -0.015030921 -0.018948143 0.04661262
v -0.014995696 -0.01561466 0.052081998
v -0.015029387 -0.018071066 0.045573521
v -0.015025187 -0.017359808 0.045678374
v -0.01502183 -0.017380461 0.046757229
v -0.015022082 -0.017412246 0.046764593
v -0.015022163 -0.017432007 0.046773242
v -0.01502214 -0.017457206 0.046789549
v -0.015022388 -0.017503734 0.046826104
v -0.015022418 -0.017521707 0.046847828
v -0.015022432 -0.017538385 0.046872627
v -0.015022427 -0.017548102 0.046891192
v -0.015030414 -0.018889467 0.046672647
v -0.014993203 -0.014562088 0.051044113
v -0.014993794 -0.014653151 0.051013844
v -0.014994392 -0.014741228 0.050975755
v -0.014994994 -0.014825652 0.050930134
v -0.015009869 -0.015536267 0.04740413
v -0.015013708 -0.01608972 0.047139865
v -0.015020858 -0.016660395 0.045844818
v -0.015017577 -0.016674185 0.046920142
v -0.01502131 -0.017264658 0.046754357
v -0.01502136 -0.017272737 0.046752596
v -0.015022181 -0.017436684 0.046775601
v -0.015022358 -0.01756746 0.046958381
v -0.015029665 -0.018845475 0.046824044
v -0.015029801 -0.018846004 0.046793087
v -0.015029952 -0.018851163 0.046762844
v -0.014996175 -0.015692026 0.052063719
v -0.01499619 -0.015694824 0.052063531
v -0.015021433 -0.017297809 0.046749172
v -0.015021685 -0.017329669 0.046747835
v -0.015021799 -0.017351513 0.046749463
v -0.015021825 -0.017356703 0.046750136
v -0.015011749 -0.017995499 0.051092907
v -0.01496965 -0.011711316 0.053616246
v -0.014963131 -0.010676161 0.053898735
v -0.014965485 -0.0106964 0.053180063
v -0.014968165 -0.010779196 0.052465894
v -0.014969511 -0.011748105 0.053725119
v -0.014969512 -0.01173723 0.05370593
v -0.014966941 -0.012078024 0.055124146
v -0.014966014 -0.011952938 0.05520298
v -0.014966141 -0.011967443 0.055187431
v -0.014969584 -0.011715612 0.053645141
v -0.014969543 -0.011722044 0.053669135
v -0.014969551 -0.011720489 0.053664135
v -0.014969576 -0.011716537 0.05364927
v -0.014966753 -0.012049175 0.055133972
v -0.014969522 -0.011729303 0.053688792
v -0.014969597 -0.011795769 0.05378062
v -0.014969545 -0.011774399 0.053759951
v -0.014969523 -0.011760835 0.053743578
v -0.014969851 -0.01186745 0.053824423
v -0.014969743 -0.011840566 0.05381209
v -0.014969677 -0.011822076 0.053800982
v -0.014969518 -0.011757711 0.053739368
v -0.014961122 -0.010718634 0.054616435
v -0.014959474 -0.010823497 0.055327702
v -0.014965312 -0.011902343 0.055307064
v -0.014965552 -0.011909708 0.055275284
v -0.014965661 -0.011918356 0.05525552
v -0.01496572 -0.011934661 0.055230321
v -0.014966173 -0.011971217 0.055183793
v -0.014966347 -0.011992938 0.05516582
v -0.014966535 -0.012017736 0.055149143
v -0.014966666 -0.012036304 0.055139427
v -0.014969662 -0.011817737 0.053798046
v -0.014965052 -0.011897711 0.055414793
v -0.014965689 -0.011920712 0.055250843
v -0.014967133 -0.0121035 0.055120284
v -0.014970313 -0.011969135 0.053842038
v -0.014970183 -0.011938174 0.053841511
v -0.014970062 -0.011907933 0.053836347
v -0.014965038 -0.011894288 0.055389717
v -0.014965204 -0.011892952 0.055357855
v -0.014965281 -0.011894578 0.055336017
v -0.014965301 -0.01189525 0.055330826
v -0.014984063 -0.014696121 0.054206382
v -0.014978751 -0.01412401 0.054910034
v -0.014982017 -0.013992469 0.053634253
v -0.014958197 -0.010989954 0.056027124
v -0.014957303 -0.011216734 0.056709379
v -0.014956797 -0.011502113 0.057369273
v -0.014956685 -0.011843916 0.058001787
v -0.01496789 -0.014045164 0.058252396
v -0.014977326 -0.016135263 0.058876043
v -0.0150031 -0.021742933 0.060402747
v -0.014999232 -0.021158464 0.060622472
v -0.01499595 -0.021172255 0.061697794
v -0.014966591 -0.015549495 0.061293361
v -0.014970461 -0.015244085 0.059520829
v -0.014964096 -0.014906717 0.060971285
v -0.014969921 -0.01514829 0.059526496
v -0.014969407 -0.015052366 0.059523794
v -0.014968923 -0.014957044 0.059512742
v -0.014961938 -0.014294458 0.06059441
v -0.014968471 -0.014863049 0.059493423
v -0.014968056 -0.014771093 0.059465986
v -0.014978842 -0.015580648 0.057422632
v -0.014978467 -0.015491433 0.057387283
v -0.014978052 -0.015399478 0.057359845
v -0.0149776 -0.015305483 0.057340526
v -0.014977115 -0.015210161 0.057329473
v -0.014980037 -0.015962854 0.057706625
v -0.014979704 -0.01582519 0.05757316
v -0.014979896 -0.015896938 0.057636887
v -0.01499228 -0.017521354 0.056503527
v -0.014980127 -0.016022442 0.057781847
v -0.014969196 -0.014127263 0.057977226
v -0.014976601 -0.015114236 0.057326773
v -0.014976062 -0.015018442 0.057332439
v -0.014975501 -0.014923509 0.057346435
v -0.014974923 -0.014830155 0.05736865
v -0.014974333 -0.014739093 0.057398918
v -0.014973735 -0.014651016 0.057437007
v -0.014973132 -0.014566593 0.057482629
v -0.014972531 -0.014486467 0.057535436
v -0.014971936 -0.014411247 0.057595023
v -0.01497135 -0.014341511 0.057660939
v -0.014970779 -0.014277782 0.057732686
v -0.014970227 -0.014220552 0.057809712
v -0.014979175 -0.015666445 0.05746562
v -0.014973991 -0.01577606 0.059317832
v -0.01497339 -0.015695933 0.05937064
v -0.014972788 -0.015611511 0.059416261
v -0.014972189 -0.015523434 0.05945435
v -0.014971599 -0.015432371 0.059484619
v -0.014971021 -0.015339018 0.059506833
v -0.014969698 -0.014170252 0.057891432
v -0.014969405 -0.016217895 0.06155819
v -0.014967059 -0.014514362 0.059337345
v -0.014960134 -0.013717371 0.060165612
v -0.014967347 -0.014596082 0.05938765
v -0.01496768 -0.014681878 0.059430637
v -0.014985073 -0.018761386 0.060976382
v -0.01498338 -0.01904389 0.062011557
v -0.014956965 -0.012239548 0.058602101
v -0.014967218 -0.014031413 0.058443643
v -0.014967532 -0.01403411 0.058347719
v -0.014979463 -0.015748165 0.057515922
v -0.014989386 -0.016526236 0.055694414
v -0.01498578 -0.018870262 0.060939595
v -0.014985642 -0.01885107 0.060950474
v -0.014994429 -0.020269266 0.060609697
v -0.014966818 -0.014437334 0.059280112
v -0.014966626 -0.014365592 0.059216384
v -0.014958697 -0.013179854 0.059688145
v -0.014966485 -0.014299672 0.059146644
v -0.014966395 -0.014240084 0.059071422
v -0.014979792 -0.016211448 0.058218897
v -0.014979963 -0.016189231 0.058125539
v -0.014980082 -0.016158963 0.058034476
v -0.014980149 -0.016120871 0.057946398
v -0.014980165 -0.016075249 0.057861973
v -0.014974587 -0.015851279 0.059258246
v -0.014975172 -0.015921016 0.059192329
v -0.014975743 -0.015984743 0.059120585
v -0.014976296 -0.016041976 0.059043556
v -0.014976824 -0.016092275 0.058961836
v -0.014966358 -0.014187277 0.058991296
v -0.014966373 -0.014141655 0.058906871
v -0.014957638 -0.012685991 0.059165652
v -0.01496644 -0.014103563 0.058818793
v -0.01496656 -0.014073296 0.058727729
v -0.01496673 -0.014051078 0.058634373
v -0.01496695 -0.014037083 0.058539436
v -0.014968289 -0.014064481 0.058158397
v -0.014968725 -0.014091916 0.058066441
v -0.014977797 -0.016170612 0.058786827
v -0.014978234 -0.016198047 0.058694871
v -0.014978632 -0.016217362 0.058600873
v -0.01497899 -0.016228417 0.05850555
v -0.014979304 -0.016231117 0.058409628
v -0.014979572 -0.016225448 0.058313833
v -0.014979529 -0.018325227 0.061991305
v -0.014975899 -0.017611064 0.061908493
v -0.014972515 -0.016906831 0.061763755
v -0.014994468 -0.0203481 0.060734785
v -0.014994428 -0.020332556 0.060720282
v -0.014985243 -0.018790281 0.06097209
v -0.014985394 -0.018814278 0.060965656
v -0.014985362 -0.018809277 0.060967213
v -0.014985269 -0.018794412 0.060971162
v -0.014994392 -0.020279094 0.060638548
v -0.014985524 -0.018833935 0.060958398
v -0.014986231 -0.01892576 0.060891931
v -0.014986052 -0.018905093 0.060913307
v -0.01498592 -0.018888717 0.060926869
v -0.014986693 -0.018969557 0.060820251
v -0.014986543 -0.018957228 0.060847135
v -0.014986424 -0.018946119 0.060865625
v -0.014985888 -0.01888451 0.060929992
v -0.014987421 -0.019761581 0.061969093
v -0.014991622 -0.020472841 0.061864241
v -0.014994775 -0.020452189 0.060785387
v -0.014994726 -0.020420404 0.060778019
v -0.014994646 -0.020400644 0.06076937
v -0.014994451 -0.020375444 0.060753065
v -0.01499442 -0.020328916 0.060716509
v -0.01499439 -0.020310943 0.060694788
v -0.014994377 -0.020294263 0.060669987
v -0.014994382 -0.020284551 0.06065142
v -0.014986395 -0.018943186 0.060869965
v -0.014995498 -0.020567989 0.060788257
v -0.014995449 -0.020559914 0.060790015
v -0.014994628 -0.020395965 0.060767014
v -0.014994514 -0.020264839 0.060584457
v -0.014987076 -0.018987226 0.060718565
v -0.014987007 -0.018986645 0.060749527
v -0.014986913 -0.018981487 0.060779768
v -0.014995228 -0.02053484 0.060793441
v -0.014995124 -0.020502979 0.06079478
v -0.01499501 -0.02048114 0.060793149
v -0.014994984 -0.020475949 0.060792478
v -0.015031397 -0.021804561 0.051444074
v -0.015036913 -0.021935714 0.049905725
v -0.015037104 -0.02200746 0.049969457
v -0.015037345 -0.022084488 0.050026689
v -0.015030059 -0.021592182 0.051502128
v -0.015030172 -0.02160625 0.051490617
v -0.015030375 -0.021633448 0.051472838
v -0.015030538 -0.021686903 0.051450605
v -0.01503095 -0.021721367 0.051442245
v -0.015031026 -0.021769832 0.051440667
v -0.015059171 -0.025146656 0.048376962
v -0.015050249 -0.023759354 0.048814886
v -0.015050078 -0.023781571 0.048908238
v -0.015024744 -0.02345885 0.05646229
v -0.015025283 -0.023554642 0.056456621
v -0.015031066 -0.021741589 0.051440125
v -0.015059843 -0.025593105 0.048940512
v -0.015038757 -0.02243317 0.050182768
v -0.015038342 -0.022341214 0.050155331
v -0.015023015 -0.023179498 0.056528767
v -0.015023605 -0.023270559 0.056498501
v -0.015024183 -0.023363914 0.056476284
v -0.015046888 -0.022684359 0.048016115
v -0.015052712 -0.02292593 0.046571329
v -0.015046348 -0.022588564 0.048021782
v -0.015050217 -0.022283154 0.04624925
v -0.015045787 -0.022493631 0.048035777
v -0.015049749 -0.023318288 0.048205271
v -0.015056675 -0.024115279 0.047377003
v -0.015049461 -0.023236568 0.048154967
v -0.01505487 -0.023538192 0.0469482
v -0.015049128 -0.023150774 0.048111976
v -0.015048753 -0.023061557 0.04807663
v -0.015025813 -0.021131794 0.052059201
v -0.015026009 -0.021154203 0.052035406
v -0.015024407 -0.020909915 0.052122568
v -0.015029867 -0.021569874 0.051524743
v -0.015030033 -0.021589031 0.051504953
v -0.01504999 -0.023395313 0.048262501
v -0.015050182 -0.023467058 0.048326233
v -0.015058112 -0.024652799 0.047854467
v -0.015050323 -0.023532978 0.048395972
v -0.015050413 -0.023592568 0.04847119
v -0.015025797 -0.023650566 0.056459322
v -0.015026281 -0.02374589 0.05647038
v -0.015026733 -0.023839886 0.056489696
v -0.015027148 -0.023931842 0.056517133
v -0.015027524 -0.024021057 0.056552482
v -0.015027857 -0.024106848 0.056595471
v -0.015047401 -0.022780281 0.04801882
v -0.015047886 -0.022875604 0.048029871
v -0.015048337 -0.022969603 0.04804919
v -0.015030558 -0.021659403 0.051459686
v -0.015030575 -0.021661985 0.0514586
v -0.01505045 -0.023645373 0.04855132
v -0.015050436 -0.023690997 0.048635742
v -0.015050368 -0.023729084 0.048723821
v -0.015060011 -0.026330538 0.050173338
v -0.015060124 -0.025988733 0.049540828
v -0.015048918 -0.023787483 0.049290219
v -0.015040747 -0.022814205 0.050210175
v -0.015040207 -0.02271841 0.050215842
v -0.015039693 -0.022622492 0.050213138
v -0.015039209 -0.022527166 0.050202085
v -0.015037966 -0.022251998 0.050119982
v -0.015037633 -0.022166205 0.050076991
v -0.015041254 -0.021105341 0.047065971
v -0.015041159 -0.021106039 0.047097481
v -0.015042817 -0.022056589 0.048224779
v -0.015041135 -0.020968542 0.046865161
v -0.015041234 -0.020995997 0.046881386
v -0.015019768 -0.020183879 0.051561457
v -0.015023981 -0.020802531 0.052071664
v -0.015046581 -0.023612099 0.049732904
v -0.01504603 -0.023554865 0.049809927
v -0.015040578 -0.02106922 0.047219374
v -0.015040405 -0.021051854 0.047244388
v -0.015042222 -0.021981373 0.048284367
v -0.01504139 -0.021083729 0.046984619
v -0.015041358 -0.021094888 0.047014222
v -0.015049858 -0.02379557 0.049003176
v -0.01504959 -0.023801239 0.04909897
v -0.015049276 -0.023798537 0.049194896
v -0.015047612 -0.023705385 0.049565385
v -0.015059506 -0.026615918 0.050833235
v -0.015048083 -0.023740732 0.049476173
v -0.01504852 -0.023768167 0.049384216
v -0.015042388 -0.026703176 0.056469896
v -0.015045658 -0.026908727 0.055780956
v -0.015028831 -0.02456128 0.057076249
v -0.01503886 -0.026438361 0.057138297
v -0.015028254 -0.024665853 0.057443682
v -0.0150351 -0.026116297 0.057781076
v -0.015027986 -0.024671522 0.057539476
v -0.015027672 -0.024668821 0.057635401
v -0.015027314 -0.024657771 0.057730724
v -0.015031136 -0.025739439 0.058393338
v -0.015026916 -0.024638451 0.057824722
v -0.015026479 -0.024611017 0.057916677
v -0.015008137 -0.022977185 0.060942638
v -0.015009369 -0.023146883 0.060843858
v -0.015018089 -0.023492774 0.058653646
v -0.015000374 -0.021854499 0.061471024
v -0.015004858 -0.022514381 0.061185654
v -0.015005606 -0.022107127 0.060235401
v -0.015036771 -0.021869795 0.049835986
v -0.015036681 -0.021810205 0.049760768
v -0.015036644 -0.021757398 0.049680641
v -0.015036659 -0.021711776 0.049596216
v -0.015036727 -0.021673689 0.049508137
v -0.015036846 -0.021643418 0.049417072
v -0.015037016 -0.021621199 0.049323718
v -0.015037236 -0.021607203 0.049228782
v -0.015037504 -0.021601534 0.049132987
v -0.015037819 -0.021604236 0.049037062
v -0.015038176 -0.021615285 0.04894174
v -0.015038575 -0.021634606 0.048847742
v -0.015039011 -0.021662041 0.048755785
v -0.015039482 -0.021697387 0.048666573
v -0.015039984 -0.021740372 0.048580778
v -0.015040513 -0.021790674 0.048499054
v -0.015041065 -0.021847907 0.048422031
v -0.015041636 -0.021911632 0.048350285
v -0.015041391 -0.021062219 0.04694669
v -0.015041397 -0.021073698 0.046964978
v -0.015040906 -0.021095572 0.047160394
v -0.015040763 -0.021085494 0.04718856
v -0.015040655 -0.021076356 0.04720732
v -0.015041334 -0.021030397 0.046909276
v -0.015041378 -0.021051328 0.046932054
v -0.015022964 -0.020148156 0.051242345
v -0.015045458 -0.023491141 0.049881673
v -0.015044873 -0.0234214 0.049947591
v -0.015044277 -0.023346181 0.050007178
v -0.015028764 -0.02459937 0.057164329
v -0.015028644 -0.024629639 0.057255389
v -0.015028474 -0.024651857 0.057348746
v -0.015026008 -0.024575672 0.058005893
v -0.015025506 -0.024532684 0.058091686
v -0.015027 -0.025310654 0.058970423
v -0.015024977 -0.024482382 0.058173411
v -0.015024425 -0.024425151 0.058250437
v -0.015023854 -0.024361421 0.058322178
v -0.015022723 -0.024833202 0.059507936
v -0.015023268 -0.024291688 0.058388096
v -0.015022673 -0.024216467 0.058447687
v -0.015018603 -0.023588697 0.058656349
v -0.015013873 -0.023747185 0.060448232
v -0.015019142 -0.023684489 0.05865068
v -0.01504105 -0.021103273 0.047127804
v -0.01504521 -0.022400276 0.048057995
v -0.015047404 -0.021614753 0.045984424
v -0.015044619 -0.022309213 0.048088264
v -0.015044021 -0.022221136 0.048126353
v -0.015043418 -0.022136714 0.048171975
v -0.01502527 -0.021059466 0.052107153
v -0.015025338 -0.021069381 0.052102606
v -0.01501838 -0.022610657 0.057021281
v -0.015020032 -0.022781918 0.056790792
v -0.015041306 -0.02110235 0.047043868
v -0.015041029 -0.021102394 0.047132976
v -0.01504131 -0.021020547 0.046900022
v -0.015022164 -0.020118146 0.051467804
v -0.015022114 -0.020128147 0.051493144
v -0.015022503 -0.02010818 0.051333679
v -0.015019703 -0.023779427 0.058636684
v -0.015018336 -0.024310719 0.060001794
v -0.015020281 -0.02387278 0.058614469
v -0.015017604 -0.023397452 0.058642594
v -0.015017153 -0.023303455 0.058623271
v -0.015016737 -0.023211499 0.058595834
v -0.015017878 -0.022567667 0.057107077
v -0.015017407 -0.022532324 0.057196292
v -0.01501697 -0.022504889 0.057288248
v -0.015016572 -0.02248557 0.057382244
v -0.015016214 -0.022474519 0.057477569
v -0.015019461 -0.02271819 0.056862537
v -0.015018908 -0.02266096 0.056939563
v -0.015021213 -0.022926872 0.056665284
v -0.015022416 -0.023091419 0.056566859
v -0.015041396 -0.021076239 0.046969559
v -0.015041295 -0.021103237 0.047049039
v -0.015024171 -0.020839614 0.052095041
v -0.015025168 -0.021044226 0.052113093
v -0.015024486 -0.020926046 0.052125279
v -0.015028719 -0.024403261 0.056836478
v -0.015043676 -0.023266059 0.050059983
v -0.015043074 -0.023181637 0.050105605
v -0.015042475 -0.023093555 0.050143695
v -0.015041885 -0.023002497 0.050173963
v -0.015041307 -0.022909142 0.050196181
v -0.015022072 -0.024136342 0.05850049
v -0.015021469 -0.02405192 0.058546112
v -0.015020871 -0.023963843 0.0585842
v -0.015020617 -0.022851657 0.056724873
v -0.015022796 -0.020117723 0.051298684
v -0.015024309 -0.020888834 0.052117023
v -0.015028145 -0.024188574 0.056645773
v -0.015028386 -0.024265599 0.05670301
v -0.015028578 -0.024337344 0.056766736
v -0.015025543 -0.021097671 0.052086238
v -0.01504711 -0.0236624 0.04965118
v -0.015016362 -0.023122284 0.058560485
v -0.015015741 -0.022954767 0.058467195
v -0.015016029 -0.023036491 0.0585175
v -0.015022408 -0.020104591 0.05135794
v -0.015022115 -0.020144518 0.051521438
v -0.015042485 -0.0259849 0.055185459
v -0.015048644 -0.027053453 0.05507672
v -0.015044933 -0.026080748 0.05456845
v -0.015051324 -0.027136251 0.054362548
v -0.015047071 -0.026122566 0.053956564
v -0.015053677 -0.027156488 0.053643879
v -0.015047158 -0.026121332 0.053926368
v -0.015028809 -0.024462851 0.056911697
v -0.0150159 -0.022471819 0.057573491
v -0.015015632 -0.022477486 0.057669289
v -0.015015412 -0.022491482 0.057764224
v -0.015015241 -0.022513701 0.057857579
v -0.015015122 -0.022543972 0.057948643
v -0.015015055 -0.022582064 0.058036721
v -0.01501504 -0.022627686 0.058121146
v -0.015015077 -0.022680493 0.058201272
v -0.015015167 -0.022740078 0.058276492
v -0.015015308 -0.022805997 0.058346232
v -0.0150155 -0.022877743 0.058409962
v -0.015047298 -0.026084544 0.053817496
v -0.015047297 -0.026095422 0.053836683
v -0.015049868 -0.025754626 0.052418468
v -0.015021814 -0.023007002 0.05661248
v -0.015053396 -0.025182024 0.050288936
v -0.015053463 -0.025200822 0.05030025
v -0.015051544 -0.024873934 0.050344531
v -0.015022239 -0.020107382 0.051425737
v -0.015022299 -0.020103312 0.051390591
v -0.015025018 -0.021020724 0.052120092
v -0.015024613 -0.020950481 0.052127334
v -0.015053593 -0.025248141 0.050341039
v -0.015053622 -0.025267468 0.050365639
v -0.015050795 -0.02587971 0.052339633
v -0.015050667 -0.025865209 0.05235518
v -0.015047225 -0.026117036 0.053897472
v -0.015047265 -0.026110604 0.05387348
v -0.015047258 -0.026112159 0.053878479
v -0.015047233 -0.02611611 0.053893345
v -0.015050055 -0.025783472 0.052408642
v -0.015047287 -0.026103348 0.05385382
v -0.015052065 -0.02493906 0.050291208
v -0.015052264 -0.024967681 0.050277434
v -0.015053512 -0.025216219 0.050311333
v -0.015053557 -0.025232129 0.050324836
v -0.015047211 -0.026036878 0.053761994
v -0.015047263 -0.026058253 0.053782662
v -0.015047286 -0.026071815 0.053799037
v -0.015024825 -0.020988569 0.052125915
v -0.015053151 -0.025124084 0.050266225
v -0.015053232 -0.025142048 0.050271509
v -0.015053566 -0.025235941 0.050328425
v -0.015046958 -0.025965198 0.053718193
v -0.015047066 -0.025992082 0.053730526
v -0.015047131 -0.026010573 0.053741633
v -0.01504729 -0.026074941 0.053803246
v -0.015028846 -0.024515658 0.056991823
v -0.015051737 -0.024896451 0.05032195
v -0.015051929 -0.024920587 0.050302781
v -0.015052586 -0.025018194 0.050262526
v -0.015052768 -0.02504964 0.050259048
v -0.015052934 -0.025080208 0.050259162
v -0.015052961 -0.02508544 0.050259584
v -0.015053316 -0.025161758 0.05027906
v -0.015053336 -0.025166554 0.050281192
v -0.015055686 -0.027114014 0.052926181
v -0.015057335 -0.02700915 0.052214911
v -0.015051294 -0.02593031 0.052235546
v -0.015051256 -0.02592294 0.052267332
v -0.015051147 -0.025914292 0.052287091
v -0.015050871 -0.025897989 0.052312292
v -0.015050635 -0.025861436 0.052358819
v -0.015050461 -0.025839713 0.052376792
v -0.015050274 -0.025814911 0.052393471
v -0.015050142 -0.025796349 0.052403186
v -0.015047146 -0.026014912 0.05374457
v -0.015052454 -0.024996684 0.050267382
v -0.015053047 -0.025102362 0.050261739
v -0.015058611 -0.026842696 0.05151549
v -0.015051757 -0.025934938 0.052127821
v -0.015051119 -0.025911937 0.052291772
v -0.015049754 -0.025729611 0.052423692
v -0.015046435 -0.025863506 0.053700952
v -0.015046626 -0.025894475 0.053701104
v -0.015046802 -0.025924716 0.053706263
v -0.015051961 -0.024924919 0.050299857
v -0.015052485 -0.025001749 0.050266051
v -0.015051624 -0.025938361 0.052152896
v -0.015051605 -0.025939701 0.052184753
v -0.015051528 -0.025938071 0.052206598
v -0.015051508 -0.025937397 0.052211788
v -0.015011867 -0.018129822 0.051289395
v -0.015011956 -0.018152084 0.051299684
v -0.015012 -0.01816231 0.05130348
v -0.015012308 -0.018226235 0.051316615
v -0.015012424 -0.018248035 0.051317233
v -0.015012547 -0.018269806 0.051315942
v -0.015011699 -0.017998677 0.051114485
v -0.015011647 -0.01800717 0.051146049
v -0.015011618 -0.018019266 0.051176415
v -0.015011616 -0.018032532 0.051200217
v -0.015011623 -0.018041635 0.051213811
v -0.015011638 -0.018051697 0.051226708
v -0.015012146 -0.018193889 0.051311911
v -0.015017362 -0.019101372 0.051224023
v -0.015017566 -0.01913174 0.051211927
v -0.015017788 -0.019162337 0.051194109
v -0.015018569 -0.019259539 0.051066127
v -0.015018934 -0.019270679 0.05101579
v -0.01501179 -0.018108544 0.051277202
v -0.015011658 -0.018062493 0.051238995
v -0.015011686 -0.018074154 0.051250465
v -0.015011719 -0.018086458 0.051261238
v -0.015011745 -0.018095071 0.051267932
v -0.015018269 -0.019219907 0.051140428
v -0.015018438 -0.019236762 0.051115651
v -0.015018123 -0.019203849 0.051158954
v -0.015017941 -0.019182027 0.051179496
v -0.015018569 -0.019248433 0.051094086
v -0.015544345 -0.026115386 0.053963118
v -0.027510655 0.034369368 0.01601519
v -0.027525758 0.034392896 0.015938842
v -0.027644156 0.034460352 0.015616347
v -0.027657605 0.034463718 0.015589527
v -0.027811477 0.034479051 0.015331247
v -0.027885851 0.034476449 0.015225823
v -0.028936971 0.034125612 0.014155177
v -0.02889373 0.034148885 0.014190971
v -0.028716095 0.034237091 0.014343509
v -0.028523194 0.034319356 0.014519957
v -0.028177201 0.034429366 0.014872114
v -0.0283269 0.034388033 0.014713137
v -0.028351183 0.034380395 0.014688383
v -0.027915635 0.034474112 0.015185859
v -0.028027456 0.034459849 0.015044682
v -0.02803536 0.034458544 0.015035157
v -0.02769978 0.034471638 0.015511094
v -0.027761155 0.034477704 0.015408337
v -0.02776567 0.034477943 0.015401186
v -0.027551086 0.034417499 0.015846121
v -0.027561164 0.034424747 0.015815227
v -0.027577707 0.034434713 0.015769006
v -0.027598139 0.034444601 0.015717521
v -0.02749914 0.034332839 0.016117889
v -0.027500709 0.034341056 0.01609613
v -0.027503617 0.034260834 0.016284767
v -0.027499801 0.034279539 0.016244869
v -0.02749767 0.034298389 0.016202429
v -0.027497325 0.034309848 0.016175402
v -0.027553252 0.034147657 0.016491207
v -0.027537723 0.03417527 0.01644541
v -0.027527657 0.03419534 0.016410473
v -0.027517771 0.034217791 0.016369544
v -0.027509848 0.034239279 0.016328347
v -0.02750386 0.034259848 0.016286813
v -0.027689959 0.033965891 0.016743057
v -0.027662565 0.03399789 0.016703835
v -0.027609707 0.034064285 0.016616079
v -0.027600394 0.034076877 0.016598363
v -0.027569317 0.034121854 0.016531858
v -0.0279348 0.033712979 0.016999521
v -0.027819756 0.033826725 0.016894594
v -0.027803282 0.033843585 0.016877708
v -0.027735823 0.033914791 0.016802072
v -0.028085075 0.033571027 0.017111414
v -0.028432596 0.033253988 0.017301123
v -0.028256772 0.033413397 0.017215061
v -0.028214683 0.033451769 0.017191639
v -0.028620142 0.033084165 0.017374703
v -0.028659858 0.033048093 0.017388118
v -0.028811308 0.032909893 0.017432775
v -0.029002754 0.032733204 0.017475073
v -0.028896081 0.032831968 0.017453422
v -0.029230663 0.03251905 0.017505309
v -0.029199488 0.032548622 0.017502468
v -0.029452321 0.032305953 0.017513367
v -0.029392223 0.032364242 0.017513324
v -0.029664588 0.032096757 0.017500127
v -0.029581546 0.032179231 0.017507862
v -0.029867024 0.031892057 0.017466495
v -0.029765894 0.031994981 0.017486011
v -0.029965504 0.031790513 0.017441928
v -0.029944307 0.03181248 0.017447698
v -0.030134506 0.031613076 0.017385729
v -0.030114574 0.03163422 0.017393344
v -0.030291495 0.031444518 0.017315518
v -0.030276312 0.031460982 0.017323147
v -0.030432924 0.031289483 0.017234846
v -0.030702021 0.030986298 0.017023322
v -0.03061056 0.03109051 0.017105126
v -0.030571639 0.031134504 0.017136622
v -0.03072415 0.030960917 0.017001735
v -0.030825216 0.030844292 0.016893009
v -0.030922108 0.030731665 0.016770541
v -0.031008129 0.030631485 0.016643103
v -0.030932194 0.030719917 0.016756594
v -0.031118274 0.030504309 0.016446
v -0.031108874 0.030515056 0.016464636
v -0.031032937 0.030602663 0.01660241
v -0.031174333 0.030441 0.016326254
v -0.031195231 0.030417853 0.016277337
v -0.031232352 0.030377612 0.016183614
v -0.031262024 0.030346533 0.016101356
v -0.031283607 0.030324744 0.016036666
v -0.031319119 0.030290953 0.015919418
v -0.031323666 0.03028686 0.015903277
v -0.031365455 0.030252744 0.015739696
v -0.031397754 0.030232728 0.01558846
v -0.031425724 0.03022331 0.015430164
v -0.031406139 0.030228924 0.015544257
v -0.031460812 0.030233706 0.015163463
v -0.031456978 0.030230428 0.015198807
v -0.031448359 0.030225533 0.015271232
v -0.03143725 0.030222917 0.015353826
v -0.031472654 0.030250399 0.01503608
v -0.031477272 0.030261194 0.014974762
v -0.031483185 0.030282177 0.014877118
v -0.031486998 0.030305171 0.014789144
v -0.031488933 0.030325459 0.014721851
v -0.031490218 0.030365292 0.014608082
v -0.031489634 0.030395892 0.014532222
v -0.031490076 0.030380125 0.014570276
v -0.031475452 0.030545703 0.014242648
v -0.031477322 0.030531948 0.014265263
v -0.03148488 0.030465939 0.014383485
v -0.031487017 0.030441084 0.014432993
v -0.031436755 0.030758743 0.013953818
v -0.031442273 0.030733012 0.013983793
v -0.031460897 0.03063716 0.014106206
v -0.031461315 0.030634801 0.014109463
v -0.031409729 0.030873634 0.013832223
v -0.031406264 0.03088731 0.013818946
v -0.031378036 0.030992081 0.013724502
v -0.031367026 0.031030295 0.013692998
v -0.031340768 0.031116683 0.01362694
v -0.031319116 0.03118369 0.013580243
v -0.031285914 0.031280436 0.013519163
v -0.031297524 0.031247354 0.013539244
v -0.031231669 0.031425995 0.013440012
v -0.031262003 0.031346304 0.013481541
v -0.031170849 0.031574953 0.013373228
v -0.031195243 0.031516771 0.013397701
v -0.031030112 0.031878472 0.01327635
v -0.031103034 0.031727348 0.013318353
v -0.031118497 0.0316937 0.013329359
v -0.030937849 0.032054537 0.013242055
v -0.030934109 0.032061363 0.013241032
v -0.030826214 0.032249365 0.013221659
v -0.030838852 0.032228187 0.013222999
v -0.030579768 0.032625896 0.013233184
v -0.030654678 0.032518133 0.013223022
v -0.030708145 0.032437854 0.013219044
v -0.030731169 0.032402353 0.013218257
v -0.03029521 0.032992543 0.013310713
v -0.030371554 0.032900162 0.013284694
v -0.030442047 0.032811141 0.013263841
v -0.030517796 0.032711206 0.013245203
v -0.029976965 0.033338015 0.013451109
v -0.030139429 0.033169167 0.013373555
v -0.030215474 0.033084859 0.013341345
v -0.02963094 0.033652169 0.01364959
v -0.029752806 0.033548101 0.013575033
v -0.029806854 0.033499723 0.013543524
v -0.029949773 0.03336486 0.013465155
v -0.029266333 0.033924968 0.013898921
v -0.029449834 0.033794635 0.01376874
v -0.029547701 0.03371941 0.013703156
v -0.029002283 0.034089128 0.01410207
v -0.029080194 0.034043483 0.01404021
v -0.029226956 0.033951168 0.013928044
v -0.024637255 -0.011581105 0.048038206
v -0.018032953 0.0036851358 0.044791008
v -0.016110218 0.0066626047 0.043255317
v -0.024696578 -0.0043196367 0.047504877
v -0.024490439 -0.0044132762 0.047537314
v -0.024290016 -0.0045242165 0.047573116
v -0.024123537 -0.0046331371 0.047606269
v -0.023944928 -0.0047831577 0.04764839
v -0.023762034 -0.0049332266 0.047690264
v -0.023595598 -0.0051083193 0.047735341
v -0.023439092 -0.0053013055 0.047782203
v -0.023390561 -0.005367945 0.047797747
v -0.023248541 -0.0055861374 0.047846489
v -0.023132051 -0.0058243894 0.047895211
v -0.02301008 -0.0060675466 0.047943107
v -0.022848893 -0.0066790854 0.048039057
v -0.022908263 -0.0063599364 0.047994574
v -0.022793886 -0.0069828767 0.04808172
v -0.022747075 -0.0072961566 0.04812577
v -0.02273566 -0.0076244713 0.048159278
v -0.022815867 -0.0084146985 0.048210715
v -0.022754461 -0.0080480996 0.048194949
v -0.022731925 -0.0079664207 0.048190282
v -0.022875492 -0.0087872514 0.048229868
v -0.022960556 -0.0091625033 0.04823757
v -0.023109996 -0.0095276519 0.048232147
v -0.023267243 -0.0099282529 0.048221149
v -0.023452924 -0.01027141 0.048201062
v -0.023662113 -0.010595407 0.048174342
v -0.023894321 -0.010897787 0.048142103
v -0.023979372 -0.010996164 0.048129984
v -0.024199268 -0.011224139 0.048098532
v -0.024427061 -0.01142467 0.048066532
v -0.015298582 -0.021695962 0.045746927
v -0.015254735 -0.02262312 0.061413312
v -0.015250113 -0.021943044 0.061707415
v -0.015245554 -0.021239924 0.061941123
v -0.015241094 -0.020519109 0.062112663
v -0.015236764 -0.019786086 0.062220723
v -0.0152326 -0.019046432 0.062264487
v -0.015228631 -0.018305778 0.062243615
v -0.01522489 -0.017569758 0.06215827
v -0.015221402 -0.016843981 0.062009102
v -0.015218197 -0.016133963 0.061797249
v -0.015215297 -0.01544511 0.061524314
v -0.015212726 -0.014782661 0.061192383
v -0.015210501 -0.014151669 0.060803978
v -0.015208642 -0.013556921 0.060362054
v -0.015207161 -0.013002956 0.05986998
v -0.01520607 -0.012493982 0.059331499
v -0.015205377 -0.012033877 0.058750702
v -0.015205087 -0.011626139 0.058132019
v -0.015205203 -0.011273876 0.057480151
v -0.015205724 -0.010979766 0.056800066
v -0.015206646 -0.010746046 0.056096933
v -0.015207962 -0.010574498 0.055376109
v -0.015209661 -0.010466426 0.054643076
v -0.015211731 -0.010422651 0.053903414
v -0.015214156 -0.01044351 0.053162752
v -0.015216918 -0.010528839 0.052426729
v -0.015219996 -0.010677995 0.051700944
v -0.015223366 -0.010889835 0.050990923
v -0.015227002 -0.011162754 0.050302067
v -0.015230877 -0.011494671 0.04963962
v -0.015234962 -0.011883061 0.049008624
v -0.015239225 -0.012324968 0.048413881
v -0.015243633 -0.012817028 0.047859917
v -0.015248154 -0.013355499 0.047350949
v -0.015252753 -0.01393628 0.046890848
v -0.015257395 -0.014554952 0.046483118
v -0.015262045 -0.015206805 0.046130863
v -0.015266666 -0.015886881 0.045836761
v -0.015271225 -0.016590003 0.045603049
v -0.015275685 -0.017310817 0.045431512
v -0.015280015 -0.01804384 0.045323452
v -0.01528418 -0.018783495 0.045279689
v -0.015288148 -0.019524148 0.04530056
v -0.01529189 -0.020260168 0.045385904
v -0.015295377 -0.020985947 0.045535069
v -0.015301482 -0.022384816 0.04601986
v -0.015304053 -0.023047264 0.046351792
v -0.015306278 -0.023678262 0.046740196
v -0.015308137 -0.024273006 0.047182117
v -0.015309618 -0.024826974 0.047674194
v -0.015310709 -0.025335943 0.048212677
v -0.015311402 -0.025796049 0.048793473
v -0.015311692 -0.026203786 0.049412157
v -0.015311576 -0.026556051 0.050064021
v -0.015311055 -0.026850161 0.05074411
v -0.015310133 -0.027083879 0.051447243
v -0.015308817 -0.027255429 0.052168067
v -0.015307118 -0.027363501 0.052901101
v -0.015305048 -0.027407276 0.053640763
v -0.015302623 -0.027386419 0.054381421
v -0.015299861 -0.027301086 0.055117447
v -0.015296783 -0.027151931 0.055843231
v -0.015293414 -0.026940089 0.056553251
v -0.015289777 -0.026667171 0.057242108
v -0.015285902 -0.026335256 0.057904556
v -0.015281817 -0.025946864 0.058535551
v -0.015277555 -0.025504959 0.059130295
v -0.015273146 -0.025012898 0.059684257
v -0.015268625 -0.024474426 0.060193226
v -0.015264026 -0.023893645 0.060653325
v -0.015259384 -0.023274975 0.061061058
v -0.03056457 -0.027354739 0.028028639
v -0.03007283 -0.027799533 0.024738567
v -0.030077274 -0.027953489 0.025010991
v -0.030315818 -0.027609341 0.025161022
v -0.030303187 -0.027151313 0.024454168
v -0.031266467 -0.025269629 0.026005461
v -0.030542949 -0.027520175 0.026040903
v -0.030545963 -0.027569283 0.026296085
v -0.030739492 -0.027164954 0.02634464
v -0.030758217 -0.026985005 0.027874336
v -0.031057782 -0.026328753 0.026446953
v -0.030910508 -0.026750654 0.026395073
v -0.030915528 -0.026778607 0.026790317
v -0.030742162 -0.027189672 0.026573426
v -0.029249377 -0.029423805 0.027266482
v -0.029250216 -0.02935704 0.027652657
v -0.029553046 -0.029025886 0.027593147
v -0.029400749 -0.029288996 0.026482721
v -0.029247767 -0.029458654 0.026475524
v -0.029248677 -0.02945912 0.026872269
v -0.028915111 -0.029204116 0.024478029
v -0.028578402 -0.029365563 0.024175174
v -0.028580716 -0.029476189 0.024365476
v -0.028575944 -0.029248189 0.023988667
v -0.028899428 -0.028497293 0.023450289
v -0.028630661 -0.028736754 0.023380068
v -0.028594716 -0.029718913 0.028576852
v -0.028417078 -0.030102716 0.027785519
v -0.028417421 -0.030186382 0.027344665
v -0.028418024 -0.030232925 0.026894979
v -0.028418413 -0.030236701 0.026442939
v -0.028591669 -0.03001293 0.025793891
v -0.028418384 -0.030221753 0.026217785
v -0.02841813 -0.030195348 0.025994134
v -0.028592873 -0.030090708 0.026448977
v -0.028592316 -0.030049931 0.026010261
v -0.029246301 -0.029420607 0.026081018
v -0.029547578 -0.02907841 0.026120117
v -0.02924526 -0.029387309 0.025886244
v -0.028598045 -0.029563728 0.028963303
v -0.028936316 -0.02929833 0.02884956
v -0.028592777 -0.030087812 0.026890715
v -0.028592466 -0.030043498 0.027330049
v -0.028592382 -0.029963155 0.027760679
v -0.02859298 -0.029853244 0.0281765
v -0.028932941 -0.029443231 0.028483362
v -0.029257148 -0.029014581 0.028728602
v -0.029401869 -0.029290228 0.026867244
v -0.02954939 -0.029114795 0.026490115
v -0.029832893 -0.028753382 0.02650531
v -0.029830765 -0.028718929 0.026161437
v -0.03009411 -0.028379021 0.02652112
v -0.030091702 -0.028346729 0.026204491
v -0.030332598 -0.027993295 0.026537752
v -0.030330007 -0.027963333 0.026249377
v -0.030548639 -0.027596728 0.02655519
v -0.030744658 -0.027195798 0.026802851
v -0.03055108 -0.027602479 0.026815124
v -0.030334883 -0.027998403 0.026827181
v -0.030096148 -0.028383269 0.026839057
v -0.029834587 -0.028756592 0.026850769
v -0.029550704 -0.029116753 0.026862006
v -0.028930963 -0.029568049 0.028103391
v -0.029253743 -0.029148935 0.028383757
v -0.02925155 -0.029264037 0.0280254
v -0.029557073 -0.028836169 0.028277863
v -0.029554693 -0.028941449 0.027942332
v -0.02984221 -0.028505173 0.028165561
v -0.029839647 -0.028600645 0.027854023
v -0.030104918 -0.028160506 0.028048865
v -0.030102191 -0.028246212 0.027762205
v -0.030344503 -0.02780376 0.027928424
v -0.030341671 -0.027879764 0.027667462
v -0.029560497 -0.02871253 0.028600302
v -0.02984565 -0.028392317 0.028464615
v -0.030108364 -0.028058471 0.028323754
v -0.030347917 -0.027712555 0.028178422
v -0.030561234 -0.027435158 0.027804232
v -0.030558357 -0.02750159 0.027569778
v -0.029551821 -0.029085849 0.027231375
v -0.029836103 -0.028729904 0.027193775
v -0.030098029 -0.028360601 0.027154648
v -0.030337039 -0.027979574 0.0271144
v -0.03055342 -0.027587247 0.027073015
v -0.030747087 -0.027183862 0.027030438
v -0.029837699 -0.0286766 0.027529714
v -0.03009997 -0.028313795 0.027463736
v -0.030339242 -0.0279391 0.027395715
v -0.030555799 -0.027552871 0.027325635
v -0.030749553 -0.027155282 0.02725343
v -0.031179502 -0.025904061 0.026499889
v -0.031062492 -0.026353165 0.026777481
v -0.031352885 -0.025051747 0.02687386
v -0.031347675 -0.025047793 0.026609145
v -0.031283092 -0.025480839 0.026949868
v -0.031276028 -0.025477042 0.026553937
v -0.030755012 -0.027054737 0.027676211
v -0.030752158 -0.027111789 0.027469078
v -0.03092572 -0.026662457 0.027544237
v -0.030920399 -0.026746439 0.027178999
v -0.031067163 -0.026328425 0.027102661
v -0.031072185 -0.026260211 0.027408936
v -0.031397162 -0.024619075 0.026798292
v -0.031384002 -0.024582449 0.026600658
v -0.031286884 -0.025442084 0.027135982
v -0.031183703 -0.025924495 0.0267651
v -0.031187953 -0.025906403 0.027026183
v -0.031192476 -0.025853263 0.027272742
v -0.030893061 -0.026325398 0.02531483
v -0.031042702 -0.025977063 0.025541861
v -0.03116706 -0.025625054 0.02577215
v -0.030532346 -0.027255003 0.025316929
v -0.030536073 -0.02736153 0.025550039
v -0.030730156 -0.026983361 0.025685038
v -0.030733446 -0.027060814 0.025898854
v -0.030904915 -0.026661398 0.026010058
v -0.030539631 -0.027450487 0.025791765
v -0.030736576 -0.027121704 0.026119152
v -0.031269359 -0.025362793 0.026174355
v -0.031343062 -0.024972313 0.026354959
v -0.031175205 -0.025844972 0.0262409
v -0.031052762 -0.026254602 0.026124589
v -0.029217253 -0.028255201 0.02362899
v -0.029518536 -0.027997957 0.023819948
v -0.028910242 -0.028989934 0.024119512
v -0.029227884 -0.028715108 0.02426013
v -0.029802052 -0.027726182 0.024022804
v -0.030068224 -0.027628693 0.024479261
v -0.029806958 -0.027929457 0.024289362
v -0.029523711 -0.02821916 0.024107414
v -0.029222636 -0.028493857 0.023936383
v -0.028904927 -0.028752821 0.023776559
v -0.028570658 -0.028995862 0.023627729
v -0.030063643 -0.02744372 0.024234382
v -0.03071992 -0.026666009 0.025094282
v -0.030520896 -0.026849128 0.024682146
v -0.030307381 -0.027317723 0.024676678
v -0.030524651 -0.026996795 0.024881638
v -0.030528514 -0.027132734 0.025093657
v -0.030723333 -0.026784378 0.025281498
v -0.030726765 -0.026890722 0.025478861
v -0.030898967 -0.026516684 0.025647016
v -0.029816465 -0.028287042 0.024866793
v -0.029811832 -0.028117472 0.024571123
v -0.029533578 -0.028608901 0.0247287
v -0.029528801 -0.028424017 0.024410752
v -0.029232753 -0.028914883 0.024599036
v -0.03104763 -0.026135163 0.025820279
v -0.031170978 -0.025750426 0.025996116
v -0.028582871 -0.029579414 0.024559412
v -0.028584854 -0.02967467 0.024756883
v -0.028919417 -0.029390617 0.024850742
v -0.028921325 -0.029472178 0.025042124
v -0.029239109 -0.02916504 0.025132763
v -0.029240921 -0.029233353 0.02531693
v -0.029541796 -0.028903865 0.025402822
v -0.02858665 -0.029761406 0.024957801
v -0.028588242 -0.029839076 0.025162087
v -0.02892305 -0.029545275 0.025236721
v -0.028924579 -0.029609423 0.02543442
v -0.029242558 -0.029293386 0.025504018
v -0.02924401 -0.029344804 0.025693852
v -0.029545039 -0.029007463 0.025756751
v -0.028926998 -0.029709433 0.02583843
v -0.028927862 -0.029744645 0.026044395
v -0.029089218 -0.029584932 0.026062394
v -0.028928911 -0.029784147 0.026461785
v -0.029090486 -0.029623731 0.026468543
v -0.028929352 -0.029782978 0.026881796
v -0.029091171 -0.029623392 0.026877115
v -0.028929574 -0.029743167 0.027299317
v -0.029091638 -0.029585835 0.027283171
v -0.028929976 -0.029669576 0.027708438
v -0.029092265 -0.029515653 0.027680999
v -0.028589619 -0.029907148 0.025369638
v -0.028590766 -0.029965217 0.025580295
v -0.0289259 -0.02966425 0.025635047
v -0.02876335 -0.02981876 0.02773499
v -0.028763184 -0.02989574 0.027314939
v -0.028763219 -0.029937808 0.026886325
v -0.028763039 -0.02993983 0.026455261
v -0.028762226 -0.029899672 0.026027014
v -0.030319816 -0.027729721 0.025420079
v -0.030081466 -0.02808763 0.025295033
v -0.029820767 -0.02843479 0.025174868
v -0.029537943 -0.028769973 0.025059768
v -0.029237133 -0.029088887 0.024951649
v -0.02891734 -0.029301096 0.024662678
v -0.030323565 -0.027830123 0.025688669
v -0.030085324 -0.028199379 0.025589474
v -0.029824644 -0.028557739 0.025494159
v -0.029828007 -0.028653151 0.025823498
v -0.030088763 -0.028286352 0.025893107
v -0.030326987 -0.027908515 0.025965573
v -0.030311647 -0.027471177 0.024912729
v -0.03025418 0.0086211778 -0.0047619967
v -0.028744884 0.021381224 -0.0066757193
v -0.028608174 0.0075345959 -0.0063500503
v -0.028609231 0.008995937 -0.0072703924
v -0.028614674 0.010840086 -0.0081864597
v -0.028612476 0.010254968 -0.0079271037
v -0.028619551 0.011875088 -0.008569666
v -0.028624582 0.012751985 -0.0088147948
v -0.028636835 0.0145019 -0.0090692763
v -0.028631314 0.013765296 -0.0090016454
v -0.028629913 0.01356601 -0.0089733354
v -0.028643078 0.015252722 -0.0090765379
v -0.028650098 0.016003112 -0.0090195854
v -0.028657873 0.016730516 -0.008901589
v -0.028661445 0.017032904 -0.0088341047
v -0.028670455 0.017721278 -0.0086398308
v -0.028680442 0.018383853 -0.0083994412
v -0.028691499 0.019025745 -0.0081169043
v -0.028703749 0.019654985 -0.0077931328
v -0.028720532 0.020417073 -0.007340319
v -0.028773191 0.022363667 -0.0058992926
v -0.028806268 0.023389214 -0.0049912701
v -0.028875048 0.025266289 -0.0031132948
v -0.031166038 0.0099552743 -0.0028124802
v -0.030810525 0.0092663206 -0.0038192166
v -0.029905471 0.0083208837 -0.0052008493
v -0.02951297 0.0080383607 -0.0056137563
v -0.029079499 0.0077756325 -0.005997743
v -0.031265059 0.01031003 -0.0022941066
v -0.031266709 0.011431022 -0.0030001744
v -0.031270336 0.012323821 -0.0034655227
v -0.031272644 0.01271138 -0.003636781
v -0.031277542 0.013349084 -0.0038721036
v -0.031282361 0.013838557 -0.0040079817
v -0.031287258 0.014251723 -0.0040873875
v -0.03128851 0.014347322 -0.0041006314
v -0.031293327 0.014684262 -0.0041304242
v -0.03129859 0.015008396 -0.0041322404
v -0.031304362 0.015324319 -0.0041067385
v -0.031310706 0.015636093 -0.0040544024
v -0.031313629 0.01577015 -0.0040237081
v -0.03132108 0.016090606 -0.0039311655
v -0.031329498 0.01642444 -0.0038077369
v -0.031339013 0.016775596 -0.0036506758
v -0.031349772 0.017147863 -0.0034564755
v -0.031364832 0.017636201 -0.0031628097
v -0.031387171 0.018310176 -0.0026934701
v -0.031413662 0.01905482 -0.0021002356
v -0.031445155 0.019886664 -0.001359098
v -0.031511815 0.021527553 0.00029040337
v -0.031014162 0.0096065329 -0.0033220691
v -0.031167714 0.011119267 -0.0035456684
v -0.031015839 0.01081291 -0.0040819864
v -0.031171463 0.01205833 -0.0040352724
v -0.031019666 0.011797574 -0.0045954868
v -0.031173873 0.012470847 -0.0042177132
v -0.031022147 0.012234692 -0.0047889444
v -0.031179046 0.013158748 -0.0044718469
v -0.031027527 0.012972066 -0.005061602
v -0.031184221 0.013697175 -0.0046216708
v -0.031032967 0.013558751 -0.0052251587
v -0.031189566 0.014161015 -0.0047112483
v -0.031038659 0.014072532 -0.0053247402
v -0.03119095 0.014269724 -0.0047264439
v -0.031040144 0.014194161 -0.0053418559
v -0.031196313 0.014657217 -0.0047612156
v -0.031045933 0.014631471 -0.0053815089
v -0.031202246 0.015035353 -0.0047639486
v -0.03105239 0.015062824 -0.0053851188
v -0.03120879 0.015406298 -0.0047347174
v -0.031059544 0.015487993 -0.0053521876
v -0.03121596 0.015770756 -0.0046743316
v -0.031067368 0.015904358 -0.0052838339
v -0.031219244 0.015926162 -0.0046390895
v -0.031070938 0.016080798 -0.005244098
v -0.031227533 0.016293311 -0.004533912
v -0.031079895 0.016493945 -0.0051264376
v -0.031236763 0.016668904 -0.0043958936
v -0.031089777 0.016910671 -0.0049740189
v -0.031247053 0.01705702 -0.0042231388
v -0.031100686 0.017335196 -0.0047857763
v -0.031258543 0.017461986 -0.0040127002
v -0.031112762 0.017772366 -0.0045593178
v -0.031274432 0.017985185 -0.0036990531
v -0.031129318 0.018329898 -0.004225962
v -0.031297718 0.018696153 -0.003205162
v -0.031153365 0.019077292 -0.0037078538
v -0.031325042 0.019471144 -0.002588855
v -0.031181361 0.019882162 -0.0030687995
v -0.031357256 0.020327733 -0.0018266753
v -0.031214158 0.020763109 -0.0022858752
v -0.031424859 0.021998822 -0.00014833671
v -0.031282525 0.022463933 -0.00057910619
v -0.030556589 0.008937081 -0.0043003445
v -0.030812175 0.010514157 -0.0046052673
v -0.030558192 0.010225159 -0.0051117554
v -0.030816039 0.011543436 -0.0051421359
v -0.030562046 0.011297739 -0.0056712847
v -0.030818563 0.012004616 -0.0053463596
v -0.030564581 0.011782275 -0.0058859469
v -0.03082407 0.012790389 -0.0056371162
v -0.03057015 0.012615025 -0.0061942433
v -0.030829695 0.013424275 -0.0058140818
v -0.030575868 0.013294729 -0.0063841922
v -0.030835628 0.013986909 -0.0059234226
v -0.03058194 0.013904771 -0.0065029668
v -0.030837181 0.014121179 -0.0059424052
v -0.030583535 0.014051307 -0.0065237526
v -0.030843275 0.014607219 -0.005986805
v -0.030589812 0.014584625 -0.006572712
v -0.030850113 0.015090613 -0.0059912358
v -0.030596884 0.01511852 -0.0065778885
v -0.030857712 0.015568803 -0.0059546391
v -0.030604765 0.01564814 -0.0065376819
v -0.030866019 0.01603592 -0.0058784546
v -0.030613382 0.01616448 -0.006453839
v -0.030869798 0.016232924 -0.0058343023
v -0.0306173 0.016381427 -0.0064053838
v -0.030879253 0.01669104 -0.0057043988
v -0.030627078 0.016883144 -0.0062635463
v -0.030889619 0.017147971 -0.0055378591
v -0.030637763 0.017379046 -0.0060832605
v -0.030900991 0.017608075 -0.0053344397
v -0.030649445 0.017873636 -0.0058650748
v -0.030913508 0.018076706 -0.005092283
v -0.030662256 0.018372759 -0.0056076537
v -0.030930566 0.018667781 -0.0047396268
v -0.030679653 0.018996327 -0.0052362353
v -0.030955189 0.019450757 -0.0041978106
v -0.030704665 0.019813766 -0.0046713783
v -0.030983694 0.02028481 -0.0035364871
v -0.030733516 0.020676076 -0.0039884239
v -0.031016934 0.021189544 -0.0027332629
v -0.030767057 0.021603836 -0.003165485
v -0.031085881 0.02291939 -0.00099867284
v -0.030836404 0.023361782 -0.0014038918
v -0.030255711 0.0099479934 -0.0055978023
v -0.029906911 0.0096846523 -0.0060599123
v -0.030259517 0.011062253 -0.0061791206
v -0.029910627 0.010838674 -0.0066619908
v -0.030262036 0.011569275 -0.0064038171
v -0.029913103 0.011367142 -0.0068962424
v -0.030267592 0.01244724 -0.0067289635
v -0.029918579 0.012288245 -0.0072374226
v -0.030273325 0.01317104 -0.0069313697
v -0.029924245 0.013054104 -0.0074516612
v -0.03027943 0.013826711 -0.0070591775
v -0.02993029 0.013753293 -0.0075880289
v -0.030281038 0.013985047 -0.0070816817
v -0.029931884 0.013922884 -0.0076121632
v -0.030287381 0.014563868 -0.0071349822
v -0.029938176 0.014545084 -0.0076695311
v -0.030294546 0.015146336 -0.0071408095
v -0.029945298 0.015173862 -0.007675911
v -0.03030255 0.015725431 -0.0070970639
v -0.029953266 0.015800103 -0.0076287043
v -0.030311306 0.016289104 -0.0070057853
v -0.029962001 0.016408871 -0.0075302503
v -0.030315288 0.016525223 -0.0069531563
v -0.029965978 0.01666325 -0.007473609
v -0.030325222 0.017068847 -0.00679977
v -0.029975903 0.017246784 -0.0073091386
v -0.030336065 0.017602203 -0.0066062016
v -0.029986749 0.017815791 -0.0071028366
v -0.030347904 0.018129917 -0.0063737579
v -0.029998595 0.018375029 -0.0068567407
v -0.030360867 0.018658326 -0.0061016101
v -0.030011568 0.018931298 -0.0065705005
v -0.030378439 0.019313098 -0.0057120988
v -0.03002916 0.019615744 -0.0061636849
v -0.030403656 0.020163618 -0.0051250335
v -0.030054405 0.020497706 -0.005555398
v -0.030432695 0.021053042 -0.00442124
v -0.030083475 0.021412897 -0.004831703
v -0.030466399 0.022002898 -0.0035793103
v -0.030117208 0.022383733 -0.0039716467
v -0.030535963 0.02378778 -0.0017917154
v -0.030186817 0.024194196 -0.0021592399
v -0.0295143 0.0094370298 -0.0064947618
v -0.029080701 0.0092069049 -0.0068992253
v -0.029517891 0.01062861 -0.0071164226
v -0.029084133 0.010433574 -0.007539141
v -0.029520296 0.011177341 -0.0073596794
v -0.029086445 0.011001232 -0.0077907846
v -0.029525631 0.012139183 -0.0077159515
v -0.029091578 0.012001132 -0.0081611034
v -0.029531152 0.012944771 -0.007941315
v -0.029096886 0.012843819 -0.0083967897
v -0.029537043 0.013685045 -0.0080856985
v -0.029102537 0.013622466 -0.0085485819
v -0.029538597 0.013865266 -0.0081113499
v -0.029104026 0.013812608 -0.0085756301
v -0.029544732 0.014528418 -0.0081724884
v -0.0291099 0.014513988 -0.0086402011
v -0.029551678 0.015200901 -0.0081792949
v -0.029116551 0.015227252 -0.008647308
v -0.029559465 0.015871617 -0.0081287259
v -0.029124017 0.015939451 -0.0085934822
v -0.029568021 0.016522912 -0.0080234024
v -0.029132249 0.016630387 -0.0084816319
v -0.029571924 0.016794505 -0.0079629307
v -0.029136017 0.016918027 -0.0084175401
v -0.029581688 0.017415648 -0.0077879063
v -0.029145471 0.017574202 -0.0082325583
v -0.029592384 0.018018241 -0.0075695035
v -0.029155877 0.01820806 -0.0080027702
v -0.029604096 0.018607163 -0.007310451
v -0.029167323 0.018824603 -0.0077315428
v -0.029616951 0.019189653 -0.0070108504
v -0.029179933 0.019431479 -0.0074194037
v -0.02963441 0.019902013 -0.0065876434
v -0.029197119 0.020169787 -0.0069808276
v -0.029659513 0.020813547 -0.0059592672
v -0.029221921 0.021108787 -0.0063336401
v -0.029688466 0.02175295 -0.0052167465
v -0.029250614 0.022070665 -0.0055734975
v -0.029722098 0.022743496 -0.0043395517
v -0.029284024 0.023079495 -0.004680277
v -0.029791585 0.024577972 -0.0025036991
v -0.029353232 0.024936233 -0.0028225174
v -0.029976007 0.03177037 0.017544583
v -0.028089673 0.03368398 0.017244711
v -0.027940637 0.033837104 0.017129986
v -0.027820291 0.033988698 0.017058772
v -0.027610603 0.034251314 0.01675003
v -0.027666072 0.03416821 0.01683814
v -0.027735484 0.034089396 0.016959156
v -0.027573566 0.03429466 0.016643569
v -0.027559228 0.034319891 0.016595195
v -0.027525281 0.034262221 0.016285656
v -0.027522377 0.034399241 0.016375596
v -0.027519359 0.034413106 0.016473746
v -0.027531465 0.034383113 0.016515888
v -0.02750716 0.034473816 0.016256228
v -0.027503911 0.034469784 0.01633142
v -0.02751634 0.034568464 0.016080949
v -0.027506058 0.034538724 0.016169682
v -0.027578737 0.034502098 0.015838134
v -0.027564723 0.034557622 0.015883744
v -0.027539066 0.034558215 0.015980646
v -0.027584264 0.034710979 0.015906964
v -0.027657532 0.034879273 0.015954095
v -0.027609802 0.034710905 0.015769702
v -0.027599097 0.034670777 0.015758004
v -0.027651366 0.03465942 0.015645175
v -0.02770582 0.034673213 0.015530297
v -0.027792406 0.034480732 0.015416414
v -0.027828937 0.034480667 0.01534178
v -0.027940491 0.034478433 0.015202353
v -0.027745384 0.034920371 0.01572069
v -0.027645138 0.034713794 0.015650257
v -0.027700174 0.034726784 0.015532374
v -0.027947066 0.034769919 0.015186296
v -0.028156176 0.034916394 0.015062614
v -0.028044855 0.034719498 0.015005716
v -0.02805904 0.034464041 0.015051988
v -0.028193318 0.034437661 0.014896038
v -0.028193784 0.034704469 0.014838591
v -0.028336114 0.034567933 0.014666118
v -0.028527837 0.034502882 0.014456464
v -0.028739124 0.034356065 0.01428672
v -0.029013603 0.034225552 0.014014953
v -0.028940575 0.034313131 0.014036384
v -0.029242456 0.034075277 0.013837091
v -0.029130261 0.034440789 0.013995407
v -0.029409013 0.03430114 0.013774429
v -0.029253526 0.03416102 0.013774075
v -0.029480675 0.033988755 0.013596521
v -0.029466571 0.033808086 0.013778164
v -0.029559272 0.033727848 0.013708795
v -0.029764114 0.033556558 0.013579535
v -0.029960862 0.033373182 0.013468559
v -0.030154878 0.033182297 0.013377146
v -0.030230534 0.033116405 0.013285465
v -0.030388931 0.032931283 0.013212714
v -0.030602574 0.032806048 0.013016831
v -0.03037885 0.032965755 0.013049453
v -0.030569361 0.033101625 0.013056766
v -0.030219656 0.033170485 0.013111835
v -0.030526959 0.032750228 0.013040586
v -0.030666531 0.032538121 0.013051874
v -0.030739838 0.032408704 0.013041511
v -0.030847311 0.032219917 0.013038445
v -0.030953231 0.032052651 0.013183476
v -0.031035905 0.031841034 0.013090418
v -0.031176185 0.031493013 0.013165131
v -0.031110772 0.031671008 0.013130952
v -0.031237381 0.031327866 0.013237772
v -0.031295139 0.031116429 0.013331007
v -0.031287846 0.031162078 0.013315971
v -0.03134049 0.030972765 0.013428649
v -0.031378292 0.030835759 0.013539147
v -0.031438158 0.030595336 0.0138016
v -0.031419053 0.030750845 0.01370494
v -0.031457846 0.03073357 0.013981785
v -0.031476911 0.030634953 0.014107781
v -0.031485681 0.030409048 0.01415743
v -0.031495323 0.030185282 0.014493936
v -0.03149757 0.030219388 0.01445491
v -0.031496547 0.030317803 0.014306116
v -0.03148914 0.030092285 0.014647277
v -0.031483371 0.030044135 0.014820061
v -0.031479266 0.030035627 0.015001866
v -0.031451659 0.0299993 0.015261705
v -0.031458483 0.029999396 0.015177558
v -0.031439863 0.030081204 0.015435357
v -0.031404577 0.030027531 0.015609341
v -0.031333845 0.030287017 0.015905791
v -0.03136573 0.030027816 0.015785126
v -0.031287323 0.030111749 0.016105866
v -0.031237439 0.030171787 0.016267727
v -0.031186857 0.030323542 0.016388509
v -0.031118487 0.030387914 0.01654326
v -0.031039884 0.03045397 0.016699406
v -0.031028118 0.030443433 0.016789319
v -0.031137534 0.030637652 0.016991113
v -0.03094845 0.030559161 0.016933696
v -0.031100448 0.030685945 0.017045669
v -0.031037804 0.030774143 0.017117512
v -0.030833221 0.030707608 0.017026322
v -0.030928505 0.030590533 0.016894446
v -0.031008608 0.030444443 0.016781187
v -0.030724403 0.030806999 0.017179432
v -0.030617092 0.030993032 0.017241278
v -0.030581781 0.031076712 0.01722905
v -0.030438795 0.031171329 0.017429374
v -0.030295586 0.031356696 0.017508887
v -0.030833967 0.030868439 0.017207461
v -0.030797437 0.03107326 0.017388865
v -0.030662207 0.030976985 0.017315739
v -0.030628817 0.031026581 0.017350419
v -0.030635398 0.031279557 0.017517544
v -0.030477035 0.031461563 0.017604966
v -0.03033819 0.031634863 0.01769319
v -0.030135584 0.031528293 0.017617013
v -0.03014097 0.031550431 0.017569958
v -0.029882038 0.031889944 0.017538162
v -0.029679987 0.032102284 0.017570285
v -0.029467319 0.032318288 0.017589223
v -0.030147893 0.031860986 0.017762824
v -0.029592715 0.032429372 0.01783085
v -0.029494965 0.032580426 0.017858677
v -0.029318585 0.032625891 0.017786689
v -0.029242019 0.032543249 0.017664991
v -0.028895243 0.03288953 0.017684601
v -0.028998033 0.032775418 0.01770932
v -0.028667377 0.03312323 0.017577391
v -0.028774334 0.033268861 0.017687231
v -0.028679586 0.033421565 0.017682856
v -0.028463719 0.033401869 0.017539172
v -0.031325101 0.030063123 0.015958757
v -0.029971891 0.033381839 0.013471231
v -0.029780933 0.033570114 0.013584763
v -0.029564346 0.033820212 0.013601974
v -0.027830764 0.034633543 0.015341443
v -0.028446379 0.033319969 0.017402943
v -0.027772086 0.034391603 0.016953243
v -0.027709309 0.034469607 0.016860098
v -0.027635412 0.034305214 0.01677756
v -0.027654813 0.034488441 0.016737342
v -0.02760533 0.034711605 0.016435432
v -0.027593548 0.034737342 0.016389648
v -0.027605805 0.034724566 0.016366307
v -0.027593202 0.034750401 0.016358847
v -0.02760632 0.034781073 0.016267385
v -0.027526642 0.034634027 0.016104541
v -0.027518462 0.034597462 0.016193049
v -0.027511625 0.034553499 0.01629515
v -0.027553397 0.034564291 0.01638579
v -0.027562104 0.034592495 0.016440417
v -0.02765163 0.034647721 0.016514947
v -0.027597328 0.034613648 0.016535249
v -0.027537785 0.034464788 0.016498172
v -0.027541352 0.034438292 0.016543785
v -0.02766797 0.034200953 0.016863469
v -0.027755385 0.034131278 0.016982725
v -0.029887312 0.031854247 0.017714132
v -0.029966539 0.031726846 0.017679666
v -0.030441501 0.031164619 0.017444276
v -0.031045491 0.030404473 0.016738694
v -0.031253629 0.030489141 0.016791093
v -0.031111634 0.030304431 0.016588259
v -0.031473768 0.031200436 0.013331435
v -0.031306326 0.031163743 0.01331297
v -0.031266595 0.03133388 0.013228992
v -0.027843603 0.034760568 0.015350415
v -0.027892336 0.034864448 0.015379552
v -0.02778106 0.034754031 0.015418151
v -0.027662308 0.03465852 0.016462243
v -0.027664002 0.034465472 0.01668594
v -0.027617958 0.03447679 0.016674723
v -0.027948792 0.033899439 0.017194055
v -0.028080508 0.033722621 0.017311585
v -0.028192735 0.033888145 0.01739005
v -0.028250234 0.033630011 0.017421931
v -0.029473504 0.0323211 0.017761315
v -0.029759717 0.032148467 0.017784153
v -0.030301033 0.031347533 0.01753737
v -0.030875228 0.030698404 0.017067515
v -0.031481323 0.030444509 0.013969363
v -0.031448481 0.030548622 0.01382792
v -0.03167394 0.030617132 0.013849353
v -0.031440055 0.030578534 0.013788787
v -0.0290494 0.034331756 0.013982941
v -0.029047552 0.03445172 0.014055409
v -0.027526567 0.034477357 0.016447161
v -0.028737101 0.033210622 0.01763066
v -0.02901376 0.033019063 0.017750414
v -0.027589578 0.034686467 0.015902625
v -0.027543208 0.034668601 0.016010148
v -0.027587682 0.034554468 0.01639246
v -0.027625597 0.03441914 0.016636128
v -0.027616553 0.034369396 0.016675693
v -0.028911102 0.032903917 0.017692344
v -0.029073259 0.032859868 0.017750297
v -0.029749127 0.032143601 0.017746955
v -0.031144133 0.031671335 0.013090323
v -0.031084646 0.031855544 0.013061128
v -0.031142259 0.031879646 0.013051613
v -0.030973125 0.032036198 0.013007706
v -0.030185793 0.033290893 0.013171091
v -0.030261008 0.033354122 0.013161935
v -0.029968838 0.033494308 0.013254136
v -0.028973896 0.034355653 0.014040943
v -0.028783314 0.034520646 0.014244373
v -0.028689946 0.034683913 0.01453448
v -0.028617975 0.03467152 0.014470946
v -0.028496629 0.034759266 0.014748076
v -0.028387393 0.034706157 0.014668469
v -0.027565047 0.034654208 0.01601417
v -0.027616383 0.034270994 0.016762085
v -0.029013342 0.03279326 0.017713832
v -0.029405291 0.03270458 0.017751327
v -0.030763332 0.03114023 0.017343261
v -0.030801951 0.0310916 0.017309131
v -0.031331341 0.030053208 0.015963049
v -0.031375738 0.030022553 0.01578803
v -0.031541849 0.030077713 0.015805456
v -0.031442795 0.030007001 0.01561851
v -0.031413449 0.030704387 0.013658517
v -0.031519432 0.030886412 0.013557
v -0.030910788 0.032252123 0.013014385
v -0.030937318 0.032266665 0.012990668
v -0.030817275 0.032455221 0.012988662
v -0.030850451 0.032647865 0.013064131
v -0.030739451 0.032584269 0.01299202
v -0.030644429 0.032824338 0.013064179
v -0.028770061 0.034477823 0.014254487
v -0.027962376 0.034747312 0.015198739
v -0.027695845 0.034675753 0.016188445
v -0.027594659 0.034455604 0.016529325
v -0.027756929 0.034113295 0.01696542
v -0.027819155 0.034004593 0.017075958
v -0.028390254 0.033746925 0.017390875
v -0.031604901 0.030234838 0.014486678
v -0.031530154 0.030174688 0.014460723
v -0.030793799 0.032441228 0.013010092
v -0.028565049 0.034569772 0.014464196
v -0.028369005 0.034642912 0.014672602
v -0.02793578 0.034803566 0.01547423
v -0.027808499 0.034766683 0.015853264
v -0.027638355 0.03458324 0.016327207
v -0.027539375 0.034445885 0.016487683
v -0.027690787 0.034404221 0.016648059
v -0.02822198 0.033585938 0.017398284
v -0.028608578 0.033519906 0.017486272
v -0.028835101 0.033290687 0.017584831
v -0.029262374 0.032568714 0.017738263
v -0.030637936 0.031050797 0.017327913
v -0.030672424 0.031000234 0.017293831
v -0.030911218 0.030952775 0.017179944
v -0.03153565 0.03026702 0.014278082
v -0.031202319 0.031498766 0.013154851
v -0.031296071 0.031763875 0.013180824
v -0.030741088 0.032583485 0.013033687
v -0.029771857 0.033699298 0.013377387
v -0.029589941 0.033895264 0.013548554
v -0.029588637 0.033913101 0.013526144
v -0.029180174 0.034384052 0.014089669
v -0.028354935 0.034756037 0.014957087
v -0.027609125 0.034631189 0.016115436
v -0.027665764 0.034524087 0.016423301
v -0.02755618 0.034359894 0.016621045
v -0.029682023 0.032084968 0.01773359
v -0.029902465 0.031873593 0.017692788
v -0.030777053 0.030851289 0.01717568
v -0.030880691 0.030717967 0.017052458
v -0.031104127 0.03070298 0.016913907
v -0.031586274 0.030140419 0.015630362
v -0.031428153 0.029979549 0.015435775
v -0.03167331 0.030387671 0.014334653
v -0.031499076 0.030346997 0.014118328
v -0.030559108 0.032771847 0.01303913
v -0.02949302 0.033978053 0.013626692
v -0.029404764 0.034225593 0.013898527
v -0.027906587 0.034751371 0.015387801
v -0.027825242 0.03473908 0.015443325
v -0.027810353 0.034718583 0.015974187
v -0.027602859 0.034592685 0.016197359
v -0.027617633 0.034556188 0.016299722
v -0.027523465 0.034509086 0.016348331
v -0.028447549 0.033373047 0.017510818
v -0.02867202 0.03313946 0.017609901
v -0.031502986 0.030166334 0.014485133
v -0.031120216 0.031665854 0.013102478
v -0.031117879 0.03212448 0.0131213
v -0.02927906 0.034149167 0.013815513
v -0.029039837 0.034297346 0.013995118
v -0.028247404 0.034685348 0.014885948
v -0.028110464 0.034714459 0.01505508
v -0.027610493 0.03468774 0.015765817
v -0.027749785 0.034632961 0.016091541
v -0.027591824 0.034549961 0.016275162
v -0.027603287 0.034483696 0.016407513
v -0.027568215 0.034417307 0.016526841
v -0.027577745 0.034329472 0.016665426
v -0.028128199 0.033994174 0.017110908
v -0.030990935 0.030617673 0.016912006
v -0.031141193 0.030526902 0.016734455
v -0.031494429 0.030178897 0.014438095
v -0.031457727 0.031279738 0.01342599
v -0.031045926 0.031837516 0.013057739
v -0.031012229 0.032312899 0.013113065
v -0.030309534 0.033342922 0.013295594
v -0.029111222 0.034380044 0.014175009
v -0.028114512 0.034751686 0.015300722
v -0.027601773 0.034665183 0.015881328
v -0.027590738 0.034658685 0.015915979
v -0.027693776 0.034196648 0.016844665
v -0.027965398 0.033888601 0.017163689
v -0.029615175 0.032453212 0.017670645
v -0.030734581 0.031161865 0.017279677
v -0.03077275 0.031114408 0.017246891
v -0.031045746 0.030477948 0.016775938
v -0.031434399 0.030033653 0.015613874
v -0.031493118 0.030261558 0.014277131
v -0.031340245 0.031396914 0.0133044
v -0.030940996 0.032020881 0.013009869
v -0.030897859 0.032499761 0.013120588
v -0.030821136 0.032625768 0.013127873
v -0.030115714 0.033545993 0.013409179
v -0.02889776 0.034478833 0.014383119
v -0.028024006 0.034716621 0.015242321
v -0.028017393 0.034724243 0.015454924
v -0.027741695 0.03456329 0.016196567
v -0.027520231 0.034522892 0.016298902
v -0.031634857 0.030498332 0.014201152
v -0.03162441 0.030590422 0.014058634
v -0.03127459 0.031560406 0.013238789
v -0.030854794 0.032221683 0.013004158
v -0.03017962 0.033275679 0.013199119
v -0.029913996 0.033733499 0.013542024
v -0.028973508 0.034327888 0.014060966
v -0.028694346 0.03455235 0.014592926
v -0.02850827 0.034629587 0.014797804
v -0.027974219 0.034701403 0.015525983
v -0.027915091 0.034703444 0.015638359
v -0.02786471 0.034680229 0.015741871
v -0.027538574 0.034627904 0.016000845
v -0.027737432 0.034514688 0.016260989
v -0.027669434 0.034419584 0.016466333
v -0.027943651 0.034145952 0.016856787
v -0.029058127 0.0330178 0.017572643
v -0.029477024 0.032325133 0.017729326
v -0.030574201 0.030999742 0.017331305
v -0.030658167 0.031004576 0.017271545
v -0.030877038 0.030975774 0.017122571
v -0.030980969 0.03084464 0.017004324
v -0.03108368 0.030463054 0.016717739
v -0.031456049 0.029983731 0.015259968
v -0.031556289 0.030116492 0.01523028
v -0.031469538 0.029991837 0.015179453
v -0.031493657 0.030018925 0.015000064
v -0.030742915 0.032411437 0.012996274
v -0.030685105 0.032550851 0.013023106
v -0.030031894 0.033499835 0.013352258
v -0.029704442 0.033905011 0.013693163
v -0.028770174 0.034438558 0.014275467
v -0.028351352 0.03461028 0.014666784
v -0.028352643 0.034643593 0.01497982
v -0.028141658 0.034678177 0.015083278
v -0.027911064 0.034700215 0.015390248
v -0.027747508 0.034700559 0.015553914
v -0.027617818 0.034584548 0.01610132
v -0.027739419 0.034450167 0.016353377
v -0.027630466 0.034425073 0.016431587
v -0.028016165 0.034043044 0.016939569
v -0.029153089 0.032901755 0.017577053
v -0.029380121 0.032669249 0.017615543
v -0.030011046 0.031991359 0.017588735
v -0.030433877 0.03150543 0.01743603
v -0.030837927 0.03068737 0.017049985
v -0.031064816 0.030729465 0.016865746
v -0.031182132 0.030225689 0.016434113
v -0.031377118 0.030342616 0.016246607
v -0.03124568 0.030157728 0.016275969
v -0.031291355 0.030095467 0.016111774
v -0.031615166 0.03020076 0.015038456
v -0.029799169 0.033684792 0.013441232
v -0.029600565 0.033972613 0.013773243
v -0.02856432 0.034527934 0.014480682
v -0.028021706 0.034681997 0.015243141
v -0.027826852 0.034698782 0.015443227
v -0.027713536 0.034676892 0.015675211
v -0.027606808 0.034546159 0.016180271
v -0.027617404 0.034455856 0.016343351
v -0.027649854 0.034256492 0.016735338
v -0.027827943 0.034100943 0.016901593
v -0.031489347 0.030363973 0.014129404
v -0.031464967 0.030448814 0.01397432
v -0.031508394 0.030652027 0.013873987
v -0.03065649 0.03281199 0.013190906
v -0.030510682 0.033013067 0.01323723
v -0.029573422 0.033866738 0.013558688
v -0.029374342 0.034122372 0.013953553
v -0.029091222 0.034268674 0.014072381
v -0.028173344 0.03466104 0.014831087
v -0.027643571 0.034621268 0.015905586
v -0.027590118 0.03450839 0.01625758
v -0.027616546 0.034383275 0.016495993
v -0.027906868 0.034000422 0.01699377
v -0.029244976 0.032550915 0.017718922
v -0.029873771 0.031851196 0.017687289
v -0.030010762 0.03178059 0.017619729
v -0.030343379 0.031411216 0.017477043
v -0.030568395 0.031331637 0.017334308
v -0.030939419 0.03058063 0.01690972
v -0.031131296 0.030577443 0.016693868
v -0.031416798 0.030292569 0.016085476
v -0.031457313 0.030251094 0.01594571
v -0.031498134 0.030214647 0.015781145
v -0.030347558 0.033200771 0.013309209
v -0.029454022 0.033952189 0.013606461
v -0.028070839 0.034671171 0.015031625
v -0.027904592 0.034668963 0.015386268
v -0.027732916 0.034510601 0.01609363
v -0.02771051 0.034372231 0.016382043
v -0.027717994 0.034173731 0.016811727
v -0.028100487 0.033885723 0.017014184
v -0.028240187 0.033745549 0.017131633
v -0.029788495 0.03219811 0.017584412
v -0.030168445 0.031576534 0.017562276
v -0.030729393 0.031122471 0.017189421
v -0.031228164 0.030504869 0.016525136
v -0.031293959 0.030425188 0.016381066
v -0.031517256 0.030200315 0.015612514
v -0.030387311 0.032960953 0.013092365
v -0.030075454 0.033485608 0.013453814
v -0.029297624 0.034102431 0.013879167
v -0.027962918 0.034675292 0.015203871
v -0.027716067 0.034466477 0.016158705
v -0.027915732 0.034071077 0.016809938
v -0.028359758 0.033606029 0.017211851
v -0.028568556 0.033405354 0.017330817
v -0.031597844 0.030355347 0.014559556
v -0.031445591 0.030559187 0.013839306
v -0.030234397 0.033162249 0.013162541
v -0.030193436 0.033262425 0.013260323
v -0.029056672 0.034247196 0.014048527
v -0.029070032 0.034264624 0.014207305
v -0.027938853 0.034586659 0.015502529
v -0.027884066 0.034586271 0.015613246
v -0.02782924 0.034564523 0.015711225
v -0.027689281 0.034613058 0.015781545
v -0.027664689 0.03457509 0.015904218
v -0.02756854 0.034557844 0.016085311
v -0.027664844 0.034422383 0.016273679
v -0.027689361 0.034325734 0.016418929
v -0.027815557 0.034229181 0.016481806
v -0.027982561 0.03397035 0.016895686
v -0.027962868 0.033861592 0.017134956
v -0.028125061 0.033710978 0.01723551
v -0.028782097 0.033179344 0.017419211
v -0.029685925 0.032094014 0.017687666
v -0.030640645 0.031004844 0.017251399
v -0.031065887 0.030470445 0.016702632
v -0.031148268 0.030396219 0.01655176
v -0.031213907 0.030315717 0.016402868
v -0.031207011 0.03175771 0.013277791
v -0.030008626 0.033463424 0.013380836
v -0.028847464 0.03434985 0.014400692
v -0.027863877 0.034662341 0.015361336
v -0.027735402 0.034670581 0.015545164
v -0.027578982 0.034638409 0.015867918
v -0.02758532 0.034503524 0.016162722
v -0.027602924 0.034453209 0.016254144
v -0.027672866 0.034366952 0.016344351
v -0.027654765 0.034273795 0.01656693
v -0.027813115 0.034112254 0.016652482
v -0.028257607 0.033570543 0.017317641
v -0.028477423 0.033361085 0.017424996
v -0.029552767 0.032397564 0.017562128
v -0.030061511 0.031857573 0.017500423
v -0.031123472 0.03191591 0.013241469
v -0.030750335 0.032578071 0.013196982
v -0.029775061 0.033659296 0.013442719
v -0.028638166 0.034419737 0.014594591
v -0.027771619 0.034703034 0.015412086
v -0.02769402 0.034638096 0.015661384
v -0.031503783 0.030208889 0.015441658
v -0.029323435 0.034040566 0.013964879
v -0.028775091 0.034367131 0.014318138
v -0.028439896 0.034468717 0.014787181
v -0.027613243 0.034576218 0.015902236
v -0.027696099 0.034459356 0.015986354
v -0.027581756 0.034436061 0.01624067
v -0.027583461 0.034406267 0.016322801
v -0.027541247 0.034419887 0.016415478
v -0.02774761 0.034246904 0.016362843
v -0.029499296 0.032347473 0.017619337
v -0.030003967 0.031789354 0.017565666
v -0.030217559 0.033235229 0.013374164
v -0.029630831 0.033794601 0.013726
v -0.029091201 0.034165521 0.014146613
v -0.028146187 0.034517564 0.015109203
v -0.028038389 0.034535433 0.015264494
v -0.027564462 0.03456693 0.015988756
v -0.027658053 0.03441586 0.016051751
v -0.027649379 0.034389693 0.016125238
v -0.027647981 0.034288709 0.016407458
v -0.028175237 0.033656647 0.017094795
v -0.030675523 0.031115107 0.017141558
v -0.031099615 0.030606164 0.016628871
v -0.03117342 0.030517791 0.016492572
v -0.031238993 0.03044081 0.016351807
v -0.029976035 0.033441125 0.013366691
v -0.027939185 0.034644149 0.015189714
v -0.027918779 0.034518594 0.015395919
v -0.027670753 0.034207718 0.016519218
v -0.02802571 0.033786915 0.016979425
v -0.028292396 0.033520348 0.017179818
v -0.028504237 0.033324316 0.017294427
v -0.030163895 0.033231063 0.013278157
v -0.028065452 0.034596901 0.015037807
v -0.027636724 0.034486481 0.015875142
v -0.027546706 0.034432319 0.016250856
v -0.027664224 0.034249183 0.016242075
v -0.029502416 0.032351821 0.017526507
v -0.029713447 0.032138685 0.01751655
v -0.029914882 0.031929765 0.01748556
v -0.030012931 0.031826008 0.017462083
v -0.030618046 0.031153359 0.017159304
v -0.030263596 0.033121792 0.013344548
v -0.027602889 0.034264439 0.016327189
v -0.028228034 0.033532707 0.017302492
v -0.027614076 0.034481295 0.015855565
v -0.016328367 -0.023088915 0.042108846
v -0.016280467 -0.023232045 0.041736529
v -0.01629248 -0.023208824 0.041789975
v -0.016302813 -0.023186233 0.041844056
v -0.016311287 -0.023164762 0.041897631
v -0.016318113 -0.023143978 0.041951767
v -0.016323185 -0.023124332 0.042005298
v -0.016326641 -0.02310543 0.042059315
v -0.016117285 -0.023444388 0.041319129
v -0.016144126 -0.023415954 0.041369199
v -0.016169243 -0.023387821 0.041420234
v -0.016192382 -0.023360328 0.041471669
v -0.016213788 -0.023333232 0.04152399
v -0.016233181 -0.023306952 0.041576417
v -0.016250846 -0.023281154 0.041629645
v -0.016264682 -0.023259318 0.041676232
v -0.016101201 -0.023460731 0.041290995
v -0.016058141 -0.023502296 0.041221447
v -0.016054776 -0.023678807 0.040930445
v -0.015844347 -0.023675479 0.040958493
v -0.015922292 -0.023617549 0.04104202
v -0.015994429 -0.02355896 0.041130906
v -0.01538845 -0.02393658 0.040631788
v -0.015486598 -0.023889538 0.040684603
v -0.015581775 -0.023839574 0.040743705
v -0.015673486 -0.023786987 0.040809105
v -0.015761206 -0.023732139 0.040880755
v -0.01616109 -0.024390882 0.047276589
v -0.016210432 -0.024356465 0.047247529
v -0.016327848 -0.023069662 0.042174123
v -0.016327445 -0.022986337 0.0424635
v -0.016327373 -0.022980944 0.042485243
v -0.016326433 -0.022918599 0.04277752
v -0.016326129 -0.022902011 0.042874364
v -0.016325504 -0.022873576 0.043077738
v -0.016324868 -0.022852894 0.04329081
v -0.016324595 -0.022846728 0.043384115
v -0.016323689 -0.022838781 0.043702241
v -0.016322857 -0.022850025 0.044007197
v -0.016322536 -0.022859657 0.044128509
v -0.016322043 -0.022880789 0.04431927
v -0.01632148 -0.022915227 0.044544014
v -0.016321274 -0.022930883 0.044628445
v -0.016320534 -0.023002635 0.044942862
v -0.016319897 -0.023087037 0.045228673
v -0.016319631 -0.023130024 0.045353671
v -0.016319298 -0.023191212 0.045515111
v -0.016319365 -0.023297069 0.045752056
v -0.016318304 -0.023438111 0.046041949
v -0.016318179 -0.023478609 0.046115274
v -0.016317855 -0.02359513 0.046311654
v -0.01631761 -0.023699258 0.046471657
v -0.016317464 -0.023769686 0.046572869
v -0.016317142 -0.02395461 0.046815973
v -0.016316869 -0.024166388 0.047061052
v -0.016316807 -0.02422511 0.047123647
v -0.016313721 -0.024288298 0.04719154
v -0.016258691 -0.024327778 0.047223517
v -0.016129679 -0.02441686 0.047298698
v -0.01611132 -0.024434809 0.047314071
v -0.016088973 -0.02446185 0.047337386
v -0.016075597 -0.024482558 0.047355341
v -0.016069396 -0.024495252 0.047366407
v -0.016063881 -0.024510416 0.047379674
v -0.027950593 -0.029001634 0.031009689
v -0.028012457 -0.027656255 0.033020304
v -0.028200388 -0.023617603 0.038354716
v -0.02499355 -0.029876457 0.031658035
v -0.025617533 -0.029788475 0.031581618
v -0.02622955 -0.029655897 0.031477736
v -0.02682522 -0.029479674 0.031347132
v -0.027400274 -0.029261064 0.031190742
v -0.0276489 -0.02385727 0.038562841
v -0.027072534 -0.024058774 0.038741995
v -0.026475443 -0.024220669 0.038890887
v -0.025861921 -0.024341785 0.039008439
v -0.025236388 -0.024421254 0.039093811
v -0.025051554 -0.028492512 0.033720294
v -0.025676399 -0.028409174 0.033638746
v -0.02628925 -0.028282821 0.033527066
v -0.026885709 -0.028114362 0.033386058
v -0.027461491 -0.027905005 0.033216732
v -0.015492851 -0.020569263 0.06078441
v -0.0024032783 0.022754514 0.030684755
v -0.0024104894 0.021977899 0.02972958
v -0.015501474 -0.015538797 0.047436372
v -0.015518586 -0.017257967 0.046761309
v -0.016284315 -0.024121752 0.047057318
v -0.016234151 -0.023941132 0.046921185
v -0.016160962 -0.023741933 0.046780095
v -0.016133507 -0.023677217 0.046736123
v -0.0023391202 0.034998613 0.013856205
v -0.0023318568 0.03621198 0.014066687
v -0.015496693 -0.015853818 0.052124047
v -0.0023536777 0.034820308 0.009503494
v -0.002350649 0.035861857 0.0086566288
v -0.0023472679 0.03606105 0.0093922889
v -0.0023445193 0.035156359 0.01185119
v -0.0023363724 0.036387709 0.012313358
v -0.0023422104 0.035146068 0.012608849
v -0.0023350645 0.036369747 0.012763197
v -0.0023415033 0.03512908 0.012865291
v -0.0023339801 0.036337719 0.013166758
v -0.0023396224 0.035037948 0.013627244
v -0.0023502181 0.034995901 0.010305634
v -0.0023445509 0.036196062 0.010027343
v -0.002343023 0.036259814 0.010405379
v -0.0023484601 0.035065932 0.010746353
v -0.0023418038 0.036303306 0.010719993
v -0.002347177 0.035106843 0.011086172
v -0.0023397085 0.036359922 0.01129245
v -0.0023367794 0.036389461 0.01217989
v -0.015503304 -0.016671595 0.051117283
v -0.0026698246 -0.031580759 0.024071151
v -0.0026698798 -0.031502977 0.02391763
v -0.0026618574 -0.030638854 0.024980433
v -0.0026683688 -0.032028394 0.025318588
v -0.0026690282 -0.031922585 0.024922667
v -0.0026614963 -0.030745106 0.025281664
v -0.0026695216 -0.031776617 0.024510353
v -0.0026697556 -0.031644904 0.024205089
v -0.0026645454 -0.032143081 0.026743796
v -0.0026658636 -0.032150842 0.02633499
v -0.0026589173 -0.030920891 0.026414847
v -0.0026610954 -0.030813639 0.025529445
v -0.0026610051 -0.030825234 0.025578784
v -0.002667543 -0.032100172 0.025708538
v -0.0026604821 -0.031991038 0.02778064
v -0.0026612383 -0.032029284 0.027604795
v -0.0026553655 -0.030819684 0.027375776
v -0.002662854 -0.032103508 0.027186281
v -0.0026568805 -0.030883139 0.027001446
v -0.0026579018 -0.030911081 0.026722605
v -0.0026581646 -0.030915619 0.026646802
v -0.00265515 -0.030808971 0.027426383
v -0.0026538723 -0.030739136 0.027713788
v -0.002657866 -0.031836181 0.028348192
v -0.0026511589 -0.030562624 0.028275053
v -0.0026547884 -0.031620784 0.028958968
v -0.0026501737 -0.030491395 0.02846685
v -0.0026511624 -0.031336334 0.029624188
v -0.0026605096 -0.030871877 0.025818762
v -0.0026603791 -0.030880628 0.025875906
v -0.0026669858 -0.032127493 0.025935085
v -0.0026597835 -0.030907665 0.026113764
v -0.002666696 -0.03213696 0.026043955
v -0.0026596056 -0.030912509 0.026179288
v -0.002659187 -0.030919355 0.02632522
v -0.0026013664 -0.025754654 0.035839174
v -0.0026079036 -0.027103239 0.03609804
v -0.0026240157 -0.028089326 0.032656256
v -0.0026264431 -0.029011036 0.033486726
v -0.0026270403 -0.028391767 0.032215088
v -0.0026359605 -0.02925994 0.030871534
v -0.0026358698 -0.029945263 0.032096685
v -0.0026418398 -0.03051356 0.0311753
v -0.00264696 -0.030241117 0.029059427
v -0.0026456952 -0.030136464 0.029282215
v -0.0026468873 -0.030971713 0.030357692
v -0.0026446567 -0.03004856 0.029461339
v -0.0026403654 -0.029669143 0.030174361
v -0.015519638 -0.017561909 0.046967667
v -0.015527875 -0.018854628 0.046825379
v -0.0023774349 0.034289179 0.018838778
v -0.0023784401 0.033137524 0.020526019
v -0.0023805063 0.031827389 0.022150123
v -0.0023836954 0.030259415 0.023864108
v -0.0023861883 0.029175994 0.024955802
v -0.0023927196 0.026592849 0.027370448
v -0.015528685 -0.021569127 0.051530877
v -0.015547038 -0.025718719 0.052421255
v -0.00051361908 -0.027764661 0.035407823
v -0.0005333155 -0.0297644 0.032586434
v -0.00054568076 -0.03093643 0.030669375
v -0.00054884308 -0.031215188 0.030142648
v -0.00055354244 -0.031603295 0.029314067
v -0.00055466718 -0.031689999 0.02910518
v -0.00056348945 -0.032219747 0.027202747
v -0.00056122937 -0.032120102 0.027753181
v -0.00055998372 -0.032051677 0.028032467
v -0.00055841979 -0.031955383 0.02836576
v -0.00055585797 -0.031778643 0.028878031
v -0.00056525779 -0.032265858 0.026716555
v -0.00056622634 -0.032273306 0.026419435
v -0.00056675175 -0.0322701 0.026245608
v -0.00056736182 -0.032258111 0.026029065
v -0.00056786563 -0.0322397 0.025835211
v -0.00056832625 -0.032214226 0.025643679
v -0.00056865435 -0.032189417 0.025495242
v -0.00056911718 -0.032141616 0.025263349
v -0.00056940825 -0.032101185 0.025099798
v -0.00056973833 -0.03204057 0.024888186
v -0.00056998448 -0.031980084 0.024703829
v -0.00057019279 -0.031911822 0.024517925
v -0.00057038264 -0.031824112 0.024303764
v -0.00057060256 -0.031626797 0.023889099
v -0.015543792 -0.025860954 0.053707867
v -0.015491881 -0.020265323 0.060578052
v -0.01548451 -0.018978478 0.060720258
v -0.015465129 -0.012109025 0.055127326
v -0.015468494 -0.011966201 0.053831728
v -0.025856326 -0.011998311 0.036087207
v -0.025511899 -0.01201261 0.036103982
v -0.025170622 -0.012049902 0.036139403
v -0.024835034 -0.012109903 0.036193212
v -0.024507634 -0.012192175 0.036265002
v -0.024190858 -0.012296102 0.036354239
v -0.023887064 -0.01242091 0.036460265
v -0.023598514 -0.012565669 0.036582285
v -0.023327353 -0.012729303 0.036719394
v -0.023075604 -0.012910595 0.036870571
v -0.022845134 -0.013108197 0.037034688
v -0.022637664 -0.013320635 0.037210528
v -0.022454735 -0.01354633 0.037396779
v -0.022297708 -0.0137836 0.037592057
v -0.022167753 -0.014030678 0.037794909
v -0.022065838 -0.014285733 0.038003824
v -0.021992722 -0.014546859 0.038217244
v -0.021948945 -0.014812117 0.038433584
v -0.021934837 -0.015079528 0.038651235
v -0.021950501 -0.015347108 0.038868575
v -0.021995822 -0.015612859 0.03908399
v -0.022070459 -0.015874807 0.039295872
v -0.022173861 -0.016131003 0.039502646
v -0.022305258 -0.016379541 0.03970277
v -0.02246367 -0.016618567 0.039894761
v -0.022647917 -0.016846304 0.040077186
v -0.02285663 -0.017061059 0.040248689
v -0.023088256 -0.017261229 0.040407993
v -0.023341069 -0.017445329 0.040553911
v -0.023613189 -0.017611989 0.040685358
v -0.023902591 -0.017759965 0.040801355
v -0.024207121 -0.017888157 0.04090104
v -0.024524512 -0.017995611 0.040983672
v -0.0248524 -0.018081529 0.041048634
v -0.025188348 -0.018145272 0.04109544
v -0.025529853 -0.01818636 0.041123748
v -0.025874375 -0.018204493 0.041133342
v -0.0023888842 0.030476179 0.02182363
v -0.0023877951 0.031060079 0.021153601
v -0.0023862718 0.032027288 0.019953767
v -0.0023856228 0.032578261 0.019200428
v -0.002385237 0.033069884 0.018466279
v -0.002391545 0.029212229 0.023176203
v -0.0023936489 0.028303867 0.024087149
v -0.0023982702 0.026452651 0.025836552
v -0.0024082061 0.022788508 0.029046554
v -0.026640391 -0.014451923 0.038070582
v -0.026711294 -0.014502619 0.038110743
v -0.027030855 -0.015033506 0.038537644
v -0.027034102 -0.015070679 0.038567825
v -0.027035257 -0.015107913 0.038598083
v -0.027034318 -0.015145135 0.038628364
v -0.027031288 -0.015182276 0.038658606
v -0.026487361 -0.015843987 0.039204793
v -0.02702617 -0.015219263 0.03868876
v -0.027018975 -0.015256026 0.03871876
v -0.027009719 -0.015292495 0.038748553
v -0.026568185 -0.015804432 0.039171422
v -0.026397836 -0.014330863 0.037975772
v -0.026483062 -0.014365717 0.038002838
v -0.026564119 -0.014406172 0.038034523
v -0.027008645 -0.014923041 0.038448156
v -0.027018113 -0.014959615 0.038477753
v -0.027025522 -0.014996459 0.038507603
v -0.026402335 -0.015877894 0.039233635
v -0.024836231 -0.015132904 0.03865127
v -0.024835075 -0.015095669 0.038621011
v -0.024836014 -0.015058447 0.038590731
v -0.024839047 -0.015021308 0.038560485
v -0.024844812 -0.015207123 0.038711492
v -0.024839479 -0.015170079 0.038681448
v -0.026968064 -0.014815637 0.038361431
v -0.026983595 -0.014850984 0.038389937
v -0.02699713 -0.014886809 0.038418865
v -0.026998414 -0.015328603 0.03877808
v -0.026985088 -0.015364278 0.038807287
v -0.026969762 -0.015399451 0.03883612
v -0.026952468 -0.01543406 0.038864518
v -0.024844164 -0.01498432 0.038530335
v -0.024851357 -0.014947557 0.038500336
v -0.02486169 -0.015280541 0.038770939
v -0.02485222 -0.015243967 0.038741341
v -0.024860616 -0.014911086 0.038470542
v -0.024871918 -0.014874983 0.038441013
v -0.026313752 -0.015905894 0.039257725
v -0.026222289 -0.015927774 0.039276884
v -0.026128641 -0.015943368 0.039290964
v -0.024886738 -0.015352598 0.038829157
v -0.024873203 -0.015316776 0.038800228
v -0.026028574 -0.014252093 0.037917241
v -0.026123752 -0.014262341 0.03792415
v -0.026217494 -0.014278978 0.037936277
v -0.026309088 -0.014301876 0.037953527
v -0.026886632 -0.014680354 0.038252643
v -0.026909814 -0.014713129 0.038278948
v -0.026931139 -0.014746644 0.038305882
v -0.026950569 -0.014780835 0.038333392
v -0.026933237 -0.015468036 0.038892434
v -0.026912106 -0.015501315 0.038919808
v -0.026889114 -0.015533833 0.038946592
v -0.026864308 -0.015565529 0.038972737
v -0.024885245 -0.014839306 0.038411808
v -0.02490057 -0.014804131 0.038382975
v -0.024919765 -0.015422747 0.038885703
v -0.024902268 -0.015387947 0.038857664
v -0.026033519 -0.015952557 0.039299858
v -0.025937648 -0.015955271 0.039303497
v -0.02584176 -0.015951491 0.039301855
v -0.025746582 -0.015941242 0.039294945
v -0.02565284 -0.015924605 0.039282818
v -0.025561247 -0.015901705 0.039265568
v -0.025472499 -0.01587272 0.039243324
v -0.02538727 -0.015837866 0.039216257
v -0.025306213 -0.015797409 0.039184572
v -0.025229943 -0.015751659 0.039148512
v -0.024917866 -0.014769522 0.038354577
v -0.024937097 -0.014735547 0.038326662
v -0.026806416 -0.014587082 0.038178002
v -0.026834885 -0.01461727 0.038202123
v -0.026861641 -0.014648381 0.03822702
v -0.02496052 -0.015490454 0.038940148
v -0.024939195 -0.01545694 0.038913213
v -0.026644194 -0.015759529 0.039133774
v -0.026714804 -0.015709622 0.039092135
v -0.026747915 -0.015682907 0.03906992
v -0.026779481 -0.015655086 0.039046828
v -0.026809437 -0.015626214 0.039022902
v -0.026837732 -0.015596343 0.03899819
v -0.024958228 -0.014702267 0.038299287
v -0.024981219 -0.014669747 0.038272502
v -0.025008694 -0.015555201 0.038992075
v -0.024983701 -0.015523228 0.038966451
v -0.026744561 -0.014529701 0.038132269
v -0.02677629 -0.014557875 0.038154705
v -0.025006027 -0.014638053 0.038246358
v -0.025032601 -0.01460724 0.038220905
v -0.025063917 -0.0156165 0.039041092
v -0.025035448 -0.015586312 0.039016971
v -0.025060895 -0.014577367 0.038196192
v -0.025090854 -0.014548495 0.038172267
v -0.025159041 -0.015700964 0.039108348
v -0.025125771 -0.01567388 0.039086825
v -0.025094045 -0.015645709 0.039064391
v -0.025122418 -0.014520675 0.038149174
v -0.02515553 -0.014493962 0.038126956
v -0.025226141 -0.014444052 0.03808532
v -0.025302147 -0.01439915 0.038047672
v -0.025382971 -0.014359595 0.038014302
v -0.025467999 -0.014325689 0.03798546
v -0.025556582 -0.014297688 0.03796137
v -0.025648046 -0.014275809 0.037942212
v -0.025741694 -0.014260215 0.037928132
v -0.025836816 -0.014251026 0.037919238
v -0.025932684 -0.01424831 0.037915598
v -0.023206136 -0.0079707692 0.047679152
v -0.023200817 -0.0078814267 0.047679566
v -0.023426449 -0.013985513 0.040159464
v -0.023357143 -0.0065399054 0.047618323
v -0.023370643 -0.0064968367 0.047614237
v -0.023602618 -0.013178101 0.03950432
v -0.025710755 -0.011957754 0.038528018
v -0.02560094 -0.011562391 0.047092158
v -0.025449681 -0.011506741 0.047129422
v -0.025510748 -0.015804261 0.04165395
v -0.025099546 -0.015723959 0.041585555
v -0.025002832 -0.011284521 0.047225351
v -0.024902138 -0.015663769 0.041535127
v -0.025302903 -0.015770903 0.041625259
v -0.025395394 -0.011484463 0.04714219
v -0.025230749 -0.011409236 0.047178939
v -0.025190625 -0.011389113 0.047187444
v -0.025721575 -0.015823792 0.041671422
v -0.025671398 -0.011585133 0.047073956
v -0.025807122 -0.011623332 0.047037369
v -0.025617412 -0.0046400895 0.047216421
v -0.025687558 -0.0046433643 0.047204263
v -0.025469027 -0.0046425173 0.047240494
v -0.025500042 -0.011979554 0.038544152
v -0.025399764 -0.0046480342 0.047250982
v -0.025321422 -0.0046576794 0.047262279
v -0.02529239 -0.012015147 0.038571524
v -0.025174135 -0.004685772 0.047281925
v -0.025026723 -0.0047272832 0.047299545
v -0.025089301 -0.012064277 0.038609937
v -0.024956438 -0.0047515986 0.047307664
v -0.02485774 -0.0047900514 0.047319732
v -0.024892237 -0.01212659 0.038659113
v -0.024744153 -0.0048408402 0.047334601
v -0.024683885 -0.0048707732 0.047342928
v -0.024702624 -0.012201635 0.038718698
v -0.024527561 -0.004958852 0.047365958
v -0.024521831 -0.01228887 0.03878826
v -0.024374527 -0.0050608962 0.047390558
v -0.024351164 -0.012387665 0.038867299
v -0.02421819 -0.0051838869 0.047417899
v -0.024346056 -0.0050818055 0.047395369
v -0.024191853 -0.012497308 0.038955242
v -0.024069876 -0.0053211444 0.047446011
v -0.024163076 -0.0052323502 0.047428093
v -0.023797919 -0.0056410811 0.047503583
v -0.02383638 -0.0055892291 0.047494931
v -0.02404505 -0.012617006 0.039051455
v -0.023929687 -0.0054732544 0.047474661
v -0.023992767 -0.0054018085 0.047461508
v -0.023757074 -0.0056990684 0.047512971
v -0.023911818 -0.012745892 0.039155242
v -0.023694926 -0.0057937593 0.047527665
v -0.023637597 -0.0058890614 0.047541687
v -0.023793115 -0.012883041 0.039265856
v -0.0235696 -0.0060140253 0.047558941
v -0.023530896 -0.006092127 0.047569096
v -0.0236898 -0.013027457 0.039382495
v -0.023461253 -0.0062488336 0.047588038
v -0.02343723 -0.0063088277 0.047594797
v -0.023532201 -0.013333884 0.039630449
v -0.023298327 -0.0067568999 0.047636868
v -0.023344726 -0.0065814017 0.047622133
v -0.023479056 -0.013493679 0.039759971
v -0.023443565 -0.013656334 0.039891951
v -0.023210799 -0.0073055641 0.0476688
v -0.023233337 -0.0071049187 0.047659586
v -0.023244954 -0.0070269498 0.047655241
v -0.023280083 -0.0068380114 0.047642931
v -0.023425988 -0.013820674 0.040025437
v -0.023195435 -0.0076709341 0.047678325
v -0.023196068 -0.0075909992 0.047677042
v -0.023204876 -0.0073824426 0.047671581
v -0.023444947 -0.01414966 0.040293065
v -0.023481346 -0.014311928 0.040425273
v -0.023268206 -0.0084693425 0.047666454
v -0.023251289 -0.0083687073 0.047670443
v -0.023224955 -0.0081749562 0.047676087
v -0.023211849 -0.0080442888 0.047678388
v -0.023410399 -0.0090529588 0.047628834
v -0.023401001 -0.0090222365 0.047631439
v -0.023535384 -0.014471146 0.040555135
v -0.023330191 -0.0087627058 0.047650657
v -0.023314192 -0.0086949629 0.047654859
v -0.023606673 -0.014626167 0.040681715
v -0.023694693 -0.014775867 0.040804094
v -0.023510371 -0.0093436871 0.047600661
v -0.023798814 -0.014919167 0.040921392
v -0.023622741 -0.0096152792 0.047568489
v -0.023918282 -0.015055034 0.041032762
v -0.024052232 -0.015182484 0.041137398
v -0.023898339 -0.010137959 0.047489897
v -0.023817426 -0.010000493 0.047512767
v -0.023753114 -0.0098826829 0.047531098
v -0.023660581 -0.0096973801 0.047557621
v -0.024199699 -0.015300598 0.041234545
v -0.024359619 -0.015408523 0.041323501
v -0.024229558 -0.010603975 0.047399793
v -0.024189708 -0.010554826 0.047410266
v -0.024057379 -0.010378944 0.047445815
v -0.023993944 -0.01028704 0.047463241
v -0.024530835 -0.015505478 0.041403624
v -0.024712112 -0.015590766 0.041474337
v -0.024605356 -0.010993921 0.047307447
v -0.024429019 -0.010826399 0.047348894
v -0.024261371 -0.010642027 0.047391519
v -0.024811237 -0.011158789 0.047262548
v -0.024638303 -0.01102244 0.047299967
v -0.026055414 -0.015826236 0.041675929
v -0.026271544 -0.015809278 0.041663773
v -0.026485052 -0.015777838 0.041639822
v -0.026694329 -0.015732155 0.041604259
v -0.026897792 -0.015672572 0.04155735
v -0.027093909 -0.015599541 0.041499451
v -0.027281199 -0.015513608 0.041430997
v -0.027458252 -0.015415427 0.041352507
v -0.027623729 -0.015305735 0.04126457
v -0.027776384 -0.015185362 0.041167851
v -0.027915062 -0.015055214 0.04106308
v -0.028038723 -0.014916273 0.040951046
v -0.028146428 -0.014769588 0.040832595
v -0.028237369 -0.014616264 0.04070862
v -0.028310857 -0.014457461 0.040580058
v -0.028366341 -0.014294371 0.040447876
v -0.028403397 -0.014128231 0.040313073
v -0.028421749 -0.01396029 0.040176666
v -0.028421259 -0.013791817 0.040039683
v -0.028401931 -0.013624081 0.039903158
v -0.028363909 -0.013458349 0.039768121
v -0.02830748 -0.013295871 0.03963559
v -0.028233069 -0.013137871 0.039506566
v -0.028141239 -0.012985544 0.039382021
v -0.028032685 -0.012840036 0.039262895
v -0.02790822 -0.012702446 0.039150087
v -0.027768788 -0.012573813 0.039044447
v -0.027615439 -0.012455106 0.038946774
v -0.027449328 -0.012347219 0.038857801
v -0.02727171 -0.012250968 0.038778203
v -0.027083926 -0.01216708 0.038708579
v -0.026887391 -0.012096187 0.038649455
v -0.026683587 -0.012038823 0.038601276
v -0.026474052 -0.01199542 0.038564405
v -0.026260368 -0.011966307 0.038539121
v -0.026044146 -0.011951702 0.038525614
v -0.02702389 -0.013883664 0.040103812
v -0.027019922 -0.013958073 0.040164281
v -0.02700761 -0.014031961 0.040224263
v -0.026987052 -0.014104766 0.040283303
v -0.026958402 -0.014175933 0.04034095
v -0.026921881 -0.014244922 0.040396767
v -0.026877762 -0.014311207 0.040450327
v -0.026826386 -0.014374285 0.040501225
v -0.02676814 -0.014433673 0.040549071
v -0.02670347 -0.014488921 0.040593503
v -0.026632867 -0.014539609 0.040634183
v -0.026556866 -0.014585349 0.040670798
v -0.026476051 -0.014625795 0.040703073
v -0.026391033 -0.01466064 0.040730762
v -0.02630246 -0.014689615 0.040753652
v -0.026211005 -0.014712504 0.040771572
v -0.026117367 -0.014729128 0.040784382
v -0.026022255 -0.014739365 0.040791987
v -0.025926394 -0.014743135 0.040794328
v -0.025830516 -0.014740409 0.040791389
v -0.025735348 -0.014731209 0.04078319
v -0.025641615 -0.014715605 0.040769795
v -0.025550031 -0.014693712 0.040751304
v -0.025461292 -0.014665702 0.04072786
v -0.025376072 -0.014631785 0.04069964
v -0.025295024 -0.014592221 0.04066686
v -0.025218761 -0.01454731 0.040629769
v -0.025147866 -0.014497392 0.040588648
v -0.025082876 -0.014442851 0.040543812
v -0.025024286 -0.014384099 0.0404956
v -0.024972544 -0.014321582 0.04044438
v -0.024928043 -0.01425578 0.040390544
v -0.024891119 -0.014187192 0.040334498
v -0.024862057 -0.014116338 0.040276671
v -0.024841076 -0.014043759 0.040217501
v -0.024828337 -0.013970008 0.04015744
v -0.024823933 -0.013895645 0.040096946
v -0.024827905 -0.013821236 0.040036477
v -0.024840214 -0.01374735 0.039976495
v -0.024860773 -0.013674545 0.039917456
v -0.024889421 -0.013603377 0.039859809
v -0.024925945 -0.013534388 0.039803992
v -0.024970062 -0.013468102 0.039750431
v -0.025021438 -0.013405025 0.039699534
v -0.025079685 -0.013345638 0.039651687
v -0.025144356 -0.01329039 0.039607256
v -0.025214959 -0.013239702 0.039566576
v -0.025290957 -0.013193962 0.039529961
v -0.025371773 -0.013153516 0.039497685
v -0.025456793 -0.013118671 0.039469997
v -0.025545366 -0.013089694 0.039447105
v -0.02563682 -0.013066807 0.039429187
v -0.025730459 -0.013050182 0.039416377
v -0.025825571 -0.013039945 0.039408772
v -0.02592143 -0.013036176 0.03940643
v -0.02601731 -0.013038901 0.03940937
v -0.026112478 -0.013048101 0.039417569
v -0.02620621 -0.013063706 0.039430964
v -0.026297795 -0.013085597 0.039449454
v -0.026386534 -0.013113608 0.039472899
v -0.026471752 -0.013147525 0.039501118
v -0.0265528 -0.013187089 0.039533898
v -0.026629064 -0.013232 0.03957099
v -0.02669996 -0.013281918 0.039612111
v -0.026764949 -0.013336459 0.039656947
v -0.026823538 -0.013395212 0.039705158
v -0.02687528 -0.013457726 0.039756377
v -0.026919783 -0.01352353 0.039810215
v -0.026956704 -0.013592119 0.039866261
v -0.026985767 -0.013662972 0.039924088
v -0.027006748 -0.013735551 0.039983258
v -0.027019489 -0.013809301 0.040043317
v -0.025398816 -0.011515152 0.047228418
v -0.025609279 -0.011594802 0.047180318
v -0.025943641 -0.012057959 0.047764826
v -0.025872023 -0.012024572 0.047691667
v -0.025952508 -0.012022078 0.047769047
v -0.025961804 -0.011984487 0.047779244
v -0.025913595 -0.011967573 0.047828405
v -0.025974231 -0.011946052 0.047785778
v -0.025891279 -0.011935734 0.047690348
v -0.025912475 -0.011959752 0.047554196
v -0.025932019 -0.011847352 0.047795092
v -0.025899025 -0.011852807 0.047650797
v -0.025979043 -0.011839212 0.047735955
v -0.025947633 -0.011855954 0.047608874
v -0.025903306 -0.011801073 0.047617827
v -0.025961122 -0.011795165 0.047628122
v -0.025946556 -0.011795939 0.047574786
v -0.025901866 -0.011757679 0.047574813
v -0.025970702 -0.011692728 0.047584874
v -0.025994909 -0.011666602 0.047645806
v -0.025939535 -0.011620589 0.047613254
v -0.025968736 -0.011669643 0.047557615
v -0.025961221 -0.011638449 0.047539742
v -0.025892037 -0.011691159 0.047472968
v -0.025964909 -0.011615426 0.047504598
v -0.025928841 -0.01170626 0.047420282
v -0.025920941 -0.011547874 0.047463189
v -0.025913663 -0.011617703 0.047380382
v -0.025959464 -0.011545122 0.047399689
v -0.025861496 -0.011642371 0.047293038
v -0.02592874 -0.011537082 0.047283355
v -0.025934247 -0.011514039 0.04732327
v -0.02595009 -0.011538926 0.047354663
v -0.025904647 -0.01150576 0.047193132
v -0.025918739 -0.011541736 0.047240456
v -0.025816984 -0.011686589 0.047137781
v -0.025876388 -0.0116869 0.04716164
v -0.025877648 -0.011603578 0.047177423
v -0.025863096 -0.01159702 0.047046374
v -0.025631826 -0.011558951 0.047239933
v -0.02563498 -0.011616061 0.047338864
v -0.025672534 -0.011540536 0.047413946
v -0.025682912 -0.011553474 0.047484094
v -0.025710866 -0.011508648 0.047557056
v -0.025691282 -0.01159338 0.047583774
v -0.025691896 -0.011632446 0.047643941
v -0.02566041 -0.011743259 0.047649797
v -0.025676356 -0.011765218 0.047761436
v -0.025687025 -0.011788988 0.047849545
v -0.025656268 -0.011861805 0.047803566
v -0.025659255 -0.011906057 0.0478836
v -0.025433889 -0.011431309 0.04724734
v -0.025411718 -0.011541891 0.047358838
v -0.02545307 -0.011464589 0.047428134
v -0.025462553 -0.011472396 0.047498871
v -0.025467603 -0.011491123 0.047567853
v -0.025494531 -0.011455195 0.047644517
v -0.025493692 -0.011474448 0.047681171
v -0.025464212 -0.011558492 0.047693292
v -0.025425014 -0.011665678 0.047699637
v -0.025407598 -0.01173475 0.047748933
v -0.025430719 -0.011748801 0.047912326
v -0.025397028 -0.011814835 0.047861735
v -0.025204458 -0.011369937 0.047220978
v -0.025203344 -0.011397631 0.047299817
v -0.025198488 -0.011440456 0.04740007
v -0.025264096 -0.011314568 0.047450778
v -0.025246572 -0.011371033 0.047508059
v -0.025251317 -0.011383578 0.04757906
v -0.025250272 -0.011407106 0.047647678
v -0.025271643 -0.011386071 0.047724877
v -0.02526691 -0.011407434 0.047759587
v -0.025193038 -0.011554841 0.047719217
v -0.025204654 -0.01156562 0.047832137
v -0.025155621 -0.011662361 0.047801994
v -0.025168036 -0.01168721 0.047965275
v -0.025132554 -0.011746436 0.047909707
v -0.024880315 -0.011621096 0.047936366
v -0.02489854 -0.01156448 0.047833791
v -0.024955564 -0.011471899 0.047875912
v -0.024949561 -0.011456069 0.047758583
v -0.025037489 -0.011311867 0.047815632
v -0.025008988 -0.011341526 0.047724212
v -0.02502903 -0.01129417 0.047666627
v -0.025031841 -0.011273776 0.047595735
v -0.025060664 -0.011210874 0.047543893
v -0.024986081 -0.011330506 0.047476853
v -0.025003878 -0.011277451 0.047378539
v -0.024978298 -0.011309187 0.047313389
v -0.024695872 -0.0044139624 0.047240464
v -0.024751111 -0.0044532246 0.047512678
v -0.024550964 -0.0045337864 0.047543865
v -0.024736364 -0.0044796237 0.047340363
v -0.024538702 -0.0045683355 0.047367874
v -0.0247539 -0.0045289717 0.047325313
v -0.024597559 -0.0046357784 0.047521475
v -0.024992343 -0.0046326336 0.04726472
v -0.02479022 -0.0046494316 0.047245706
v -0.025016142 -0.0046691783 0.047361505
v -0.024920101 -0.0044532618 0.047152923
v -0.024926502 -0.0044340372 0.047253644
v -0.024811005 -0.0046212991 0.04746245
v -0.024632175 -0.0047796055 0.047308739
v -0.024480913 -0.0049145269 0.047357679
v -0.024367632 -0.0050433082 0.047416057
v -0.024213298 -0.0051728951 0.047435587
v -0.024064603 -0.0053107538 0.047464277
v -0.023850105 -0.0054065272 0.047461113
v -0.023744155 -0.005600612 0.047502683
v -0.023747997 -0.0056856596 0.04754252
v -0.02342447 -0.0057712494 0.047488466
v -0.023346343 -0.0060050991 0.047542105
v -0.023291515 -0.0062510342 0.047589943
v -0.023331641 -0.0065569282 0.047649127
v -0.023083398 -0.0067925269 0.047651868
v -0.023087303 -0.0070807559 0.047686663
v -0.02311134 -0.0073730798 0.047706495
v -0.023097411 -0.0076682194 0.04771833
v -0.023075116 -0.0079768412 0.047722806
v -0.023159861 -0.0080459016 0.047720344
v -0.023253085 -0.0083669733 0.047700188
v -0.023317796 -0.0086932998 0.04768555
v -0.023406542 -0.0090203643 0.047663002
v -0.023520099 -0.0093469824 0.047632395
v -0.02367036 -0.0096939882 0.047590698
v -0.023753994 -0.010046306 0.047605099
v -0.023936819 -0.010337928 0.047562232
v -0.024126002 -0.010623848 0.047521682
v -0.024141319 -0.010777344 0.047549491
v -0.024402128 -0.010913261 0.047459791
v -0.024653997 -0.011008424 0.047334831
v -0.024830397 -0.011145375 0.04729673
v -0.024565207 -0.0046283975 0.047349036
v -0.024381804 -0.0047420804 0.047369916
v -0.024423325 -0.0047569126 0.047545635
v -0.024282149 -0.0048749046 0.047565719
v -0.024267262 -0.0048496927 0.047577973
v -0.024109868 -0.0049981802 0.047604685
v -0.023963277 -0.0051600893 0.04763108
v -0.023939131 -0.005129664 0.047650236
v -0.02380201 -0.005307523 0.047678886
v -0.023675938 -0.0054999945 0.047706518
v -0.023647691 -0.005473247 0.047728451
v -0.023557023 -0.0055312654 0.047615554
v -0.023457297 -0.0057508425 0.047673308
v -0.023455122 -0.0057338193 0.047745552
v -0.023356471 -0.0059621931 0.047775599
v -0.023273604 -0.006202607 0.047802479
v -0.023242125 -0.0061850015 0.047827207
v -0.023162329 -0.0064390271 0.047836817
v -0.023124438 -0.0064877336 0.047773715
v -0.023149788 -0.0064543516 0.047867235
v -0.023053902 -0.0067535789 0.047862115
v -0.02302239 -0.0070438486 0.047883178
v -0.023011627 -0.007342377 0.047897611
v -0.023045938 -0.0073333856 0.047998172
v -0.022975432 -0.0076447213 0.047952732
v -0.02307007 -0.0083841392 0.047973941
v -0.023160847 -0.0087244359 0.04795728
v -0.023200534 -0.0087121258 0.048058711
v -0.023262689 -0.00906602 0.047951399
v -0.023215489 -0.0090810757 0.048010961
v -0.023393982 -0.0094049524 0.047938832
v -0.023396504 -0.0094056829 0.04802779
v -0.023583919 -0.0097562676 0.047980232
v -0.023774283 -0.010056102 0.047923007
v -0.02369445 -0.010106722 0.047950386
v -0.023999034 -0.010327603 0.047925842
v -0.023893832 -0.010403193 0.047917301
v -0.024103675 -0.010679564 0.047838328
v -0.024398468 -0.010964633 0.047798728
v -0.024660016 -0.011073474 0.047755946
v -0.024642454 -0.011106335 0.047816073
v -0.024838595 -0.011214657 0.047722091
v -0.024828239 -0.011243851 0.047782921
v -0.02440959 -0.004730563 0.047556042
v -0.024087232 -0.0049657678 0.047620998
v -0.023774898 -0.0052785033 0.047697675
v -0.023588939 -0.0055221841 0.047751486
v -0.023325432 -0.0059421596 0.047797006
v -0.023097786 -0.0064418165 0.047843644
v -0.023050591 -0.0070344302 0.047985664
v -0.022945994 -0.0073312386 0.047952536
v -0.02297841 -0.0080459751 0.047955998
v -0.023018067 -0.0083903399 0.048023934
v -0.023094286 -0.0087387091 0.048030136
v -0.023501427 -0.0097990629 0.047999703
v -0.024186047 -0.010764586 0.047797201
v -0.024211549 -0.010754229 0.047903912
v -0.024246428 -0.0048154736 0.047591559
v -0.023913478 -0.0050985507 0.047666027
v -0.023617588 -0.0054459059 0.047746902
v -0.023424859 -0.0057114588 0.047763715
v -0.023172393 -0.0061609484 0.047801905
v -0.023004551 -0.0067375059 0.047894181
v -0.022955749 -0.0070275576 0.047931001
v -0.022922258 -0.0076408737 0.047992654
v -0.022967295 -0.0079675671 0.047946409
v -0.022918259 -0.0079684046 0.047985154
v -0.02292838 -0.0080474291 0.047995539
v -0.023311875 -0.0094404317 0.048038186
v -0.024065988 -0.010719627 0.047897836
v -0.024452401 -0.010926623 0.04793381
v -0.024659852 -0.011098846 0.047901283
v -0.024763806 -0.011341645 0.047787825
v -0.024339437 -0.0046624176 0.047397583
v -0.024063326 -0.0049327472 0.047633931
v -0.023746216 -0.0052489481 0.047712977
v -0.023557283 -0.0054953148 0.047768604
v -0.023259945 -0.0059154009 0.047765407
v -0.023039389 -0.0064515723 0.047828583
v -0.02315909 -0.0090991075 0.048059973
v -0.02372762 -0.010095005 0.048070981
v -0.023845491 -0.010443798 0.047975691
v -0.024230559 -0.010747973 0.047994256
v -0.024395091 -0.010987731 0.047928692
v -0.024560997 -0.011214987 0.047842048
v -0.02422454 -0.004780737 0.047601763
v -0.023886506 -0.0050669817 0.047678336
v -0.023483357 -0.0053982865 0.047514426
v -0.023364038 -0.0056825281 0.047726511
v -0.023115149 -0.0064056404 0.04794321
v -0.022927774 -0.0073210586 0.048029571
v -0.022958896 -0.0083981925 0.048064024
v -0.023035014 -0.0087519776 0.0480728
v -0.023522801 -0.0097937404 0.048117164
v -0.023624143 -0.010154653 0.04802258
v -0.024112145 -0.010846135 0.047908042
v -0.023948334 -0.0048732409 0.047344299
v -0.023638314 -0.0052024362 0.047513769
v -0.023474875 -0.0054619768 0.047655725
v -0.023181032 -0.0061441823 0.047910748
v -0.023058572 -0.0063951749 0.04789689
v -0.022951267 -0.0067216937 0.047918526
v -0.022934238 -0.0070144116 0.048005715
v -0.022931496 -0.0076303374 0.048102947
v -0.022949316 -0.0079555621 0.048127198
v -0.022873049 -0.008049939 0.048026206
v -0.023323776 -0.0094378483 0.048153605
v -0.023423625 -0.009841595 0.048063968
v -0.024019047 -0.010766099 0.04794351
v -0.024319476 -0.011066837 0.047911887
v -0.024803595 -0.011313659 0.047954413
v -0.024144076 -0.0047307834 0.047379745
v -0.023791964 -0.0050233425 0.047470253
v -0.023264106 -0.0058954312 0.047874565
v -0.023135684 -0.006131199 0.047880014
v -0.023035195 -0.0064096225 0.047915485
v -0.022912784 -0.0073136122 0.048084894
v -0.022876743 -0.0076324019 0.048080891
v -0.022845013 -0.0079711482 0.048023269
v -0.02309555 -0.0091194576 0.048097188
v -0.023228647 -0.0094754019 0.048093674
v -0.023788053 -0.010489539 0.048019227
v -0.024519164 -0.011275901 0.047884851
v -0.024716855 -0.011424168 0.04784721
v -0.024349675 -0.0046225975 0.04757915
v -0.023364055 -0.0056588977 0.047835287
v -0.023156949 -0.0058816046 0.047674518
v -0.022975982 -0.0064278357 0.047850067
v -0.022861912 -0.0070082931 0.047970445
v -0.022831141 -0.0073164912 0.048006893
v -0.022894346 -0.0084074459 0.048093415
v -0.022969827 -0.0087669639 0.048104059
v -0.023561846 -0.010195194 0.048059926
v -0.02410216 -0.010868947 0.048017426
v -0.024494673 -0.0044956201 0.047318757
v -0.023485876 -0.005397258 0.047745662
v -0.023270373 -0.005646767 0.047628558
v -0.023036092 -0.0061193142 0.047723261
v -0.022973231 -0.0063774222 0.047840275
v -0.022895122 -0.006706422 0.047934897
v -0.022801553 -0.007635737 0.048045139
v -0.022813892 -0.0080534306 0.04804741
v -0.023357058 -0.0098768643 0.048095657
v -0.024034369 -0.010772824 0.048108239
v -0.02426791 -0.011127152 0.047943689
v -0.024298923 -0.0045930061 0.047402437
v -0.023407266 -0.0054263161 0.047596139
v -0.022814782 -0.0079665219 0.048113011
v -0.023054112 -0.0091325446 0.048175724
v -0.0231595 -0.0095040167 0.048119477
v -0.023779577 -0.010508163 0.048151721
v -0.023922387 -0.01084664 0.047910246
v -0.024003358 -0.010941989 0.047885129
v -0.024497653 -0.01132073 0.047985878
v -0.024699989 -0.011469874 0.047952328
v -0.023616304 -0.0051527709 0.047632516
v -0.023458096 -0.0053481721 0.047646962
v -0.022926383 -0.0064107533 0.047857966
v -0.022842893 -0.0069909746 0.048079447
v -0.022790219 -0.0073055137 0.048076251
v -0.022871871 -0.0084057348 0.048205203
v -0.022924015 -0.0087761231 0.04817832
v -0.023543587 -0.010215271 0.048187306
v -0.023701784 -0.010555059 0.048051706
v -0.024918065 -0.0043903155 0.047297224
v -0.02491494 -0.0043448947 0.047380721
v -0.024141963 -0.0046587069 0.047610004
v -0.023784726 -0.0049563301 0.047692894
v -0.022941612 -0.0063528101 0.047923129
v -0.022774984 -0.0076251985 0.048155486
v -0.022765962 -0.0079693986 0.048122471
v -0.022795543 -0.0080455541 0.0481899
v -0.022999785 -0.0091500058 0.048187897
v -0.023306762 -0.0099058652 0.048170644
v -0.023491587 -0.010244081 0.048147306
v -0.024231302 -0.011179852 0.048032891
v -0.024455906 -0.011375835 0.047996177
v -0.024660409 -0.011529665 0.047953973
v -0.024204865 -0.0051553524 0.047461092
v -0.023990731 -0.0052394495 0.047441293
v -0.023104414 -0.0064594851 0.047597376
v -0.023170627 -0.008378046 0.047753302
v -0.023238353 -0.0087110109 0.047745098
v -0.023377765 -0.009029488 0.047712863
v -0.023496044 -0.0093579134 0.047685465
v -0.023607633 -0.009729309 0.047669471
v -0.024642347 -0.011036199 0.04741101
v -0.024819028 -0.011177969 0.047377243
v -0.024499005 -0.0049222631 0.047424208
v -0.024235216 -0.0048833133 0.047312724
v -0.023774428 -0.0056074397 0.047570044
v -0.023541818 -0.0055581099 0.047458657
v -0.023145132 -0.0065169285 0.04764241
v -0.023088386 -0.008049478 0.047772064
v -0.024665629 -0.0048104926 0.047412194
v -0.024097472 -0.0050417087 0.047396431
v -0.023899295 -0.0054256717 0.047555662
v -0.023094972 -0.007362926 0.047771431
v -0.023089292 -0.0076604786 0.047787663
v -0.023069239 -0.0079717311 0.047787305
v -0.023326765 -0.0090457587 0.047781964
v -0.023451089 -0.009377866 0.047759954
v -0.023851543 -0.0099896389 0.047651361
v -0.024034884 -0.01027091 0.047604606
v -0.024194743 -0.010570353 0.047581089
v -0.024497809 -0.010811095 0.047491251
v -0.024660129 -0.011025406 0.047479708
v -0.02479854 -0.011228291 0.047477598
v -0.024838629 -0.0047127712 0.04740088
v -0.024407157 -0.0047953494 0.047335503
v -0.024033392 -0.0052579178 0.047539823
v -0.023615532 -0.0055036599 0.047489435
v -0.023399655 -0.0062732964 0.04770227
v -0.02311198 -0.0070723153 0.047769134
v -0.023242728 -0.0083629706 0.047818799
v -0.023225278 -0.0087122708 0.047820957
v -0.023654809 -0.0097090319 0.047743246
v -0.023820358 -0.010012425 0.047704831
v -0.024006808 -0.010296666 0.04766132
v -0.024316536 -0.010614897 0.047574221
v -0.024472229 -0.010848273 0.047555462
v -0.024588181 -0.0046854204 0.047317854
v -0.023776439 -0.0053321598 0.047490131
v -0.023482753 -0.0060431906 0.047690906
v -0.023304343 -0.0062368136 0.047687127
v -0.023147611 -0.0067902766 0.047759907
v -0.023066307 -0.0080470403 0.047834047
v -0.023145823 -0.0083775737 0.047849238
v -0.024246992 -0.010531795 0.047630004
v -0.024272078 -0.010663775 0.047632467
v -0.024626628 -0.011083385 0.04756853
v -0.024772808 -0.0045871293 0.047295396
v -0.023919329 -0.0051596418 0.047460043
v -0.02357939 -0.0058246025 0.047675615
v -0.023390473 -0.0060016975 0.047665227
v -0.023320094 -0.0065215274 0.047793363
v -0.023156653 -0.0073584866 0.04785017
v -0.023060297 -0.0076546298 0.047849131
v -0.023044083 -0.0079692197 0.047846318
v -0.023398825 -0.0090223334 0.047854273
v -0.023522806 -0.0093500595 0.047830893
v -0.023648329 -0.0097153372 0.047806583
v -0.02381697 -0.010019174 0.047770185
v -0.024006511 -0.010303365 0.047728797
v -0.024201339 -0.010576746 0.047681538
v -0.024430056 -0.010906003 0.047636742
v -0.024851449 -0.011163128 0.047552082
v -0.024326015 -0.0049544793 0.047511868
v -0.024072749 -0.0050018475 0.047430179
v -0.023709984 -0.005582741 0.047664861
v -0.023491422 -0.0057788064 0.047640097
v -0.023169681 -0.0064600636 0.047724816
v -0.023221984 -0.0065182296 0.047772455
v -0.02316807 -0.0070696281 0.047852418
v -0.023052906 -0.0073511262 0.047847703
v -0.023291231 -0.0086942444 0.047898873
v -0.023351118 -0.0090376398 0.047887974
v -0.023478235 -0.0093690611 0.047868462
v -0.02421015 -0.010729966 0.047699457
v -0.024464203 -0.0048406711 0.047497732
v -0.024233285 -0.0048558066 0.047394566
v -0.023587763 -0.0055598737 0.047588854
v -0.023270397 -0.006215013 0.047728942
v -0.023197771 -0.006788586 0.04784706
v -0.023065597 -0.0070562007 0.047838619
v -0.023154764 -0.0080318751 0.047928009
v -0.023165028 -0.008370585 0.047928069
v -0.02323992 -0.0087060232 0.047925746
v -0.023672752 -0.0097057275 0.047864213
v -0.023753825 -0.010061971 0.047830485
v -0.023998075 -0.010315806 0.047794723
v -0.024195944 -0.010589327 0.047747176
v -0.024713143 -0.010987146 0.047648706
v -0.024891936 -0.011114361 0.047615274
v -0.024634007 -0.0047237309 0.047479623
v -0.02384512 -0.0053563933 0.047638159
v -0.023702102 -0.0055259318 0.04768128
v -0.023356112 -0.0059767676 0.047702615
v -0.023246082 -0.0065150534 0.047834709
v -0.023098198 -0.0067695925 0.047822707
v -0.023021908 -0.0076493371 0.047904568
v -0.023009656 -0.0079678298 0.047899765
v -0.023086349 -0.0080376513 0.047936126
v -0.023369052 -0.0090316797 0.047945235
v -0.023496815 -0.0093626462 0.047926394
v -0.023573195 -0.009757351 0.047889086
v -0.024512993 -0.010830145 0.047726526
v -0.024670835 -0.0110483 0.047690479
v -0.024851172 -0.011184023 0.047657034
v -0.02398034 -0.0051823504 0.047614686
v -0.023827342 -0.0053357891 0.047656754
v -0.023192463 -0.006453372 0.047809951
v -0.023176425 -0.0083659732 0.047984139
v -0.023981746 -0.010333671 0.047857647
v -0.024182909 -0.010608182 0.047809942
v -0.024311544 -0.010648867 0.047802335
v -0.024465949 -0.010886196 0.047761699
v -0.024125961 -0.0050219789 0.047590408
v -0.023108287 -0.0080309203 0.048000736
v -0.026174209 -0.004738091 0.047121091
v -0.026385746 -0.0047169739 0.047009756
v -0.026689425 -0.0048694543 0.046924717
v -0.027086265 -0.0051676559 0.046810469
v -0.027540664 -0.0057969245 0.046684306
v -0.027838864 -0.0062719777 0.04655208
v -0.028024959 -0.0066553479 0.046461095
v -0.028186183 -0.0070477903 0.046370537
v -0.028317421 -0.0074513095 0.046288547
v -0.028435735 -0.007854845 0.04621029
v -0.028524866 -0.0079621906 0.046187591
v -0.028565492 -0.0083469449 0.046146512
v -0.028724318 -0.0087752044 0.046094104
v -0.02862161 -0.0093607595 0.046086944
v -0.028429404 -0.0096068477 0.046064895
v -0.028369862 -0.0098600064 0.046073837
v -0.025870394 -0.0042937806 0.047217466
v -0.02585494 -0.0042574746 0.047176013
v -0.025924223 -0.004266291 0.047346143
v -0.02589399 -0.0042328685 0.047271798
v -0.025887574 -0.00419551 0.047345933
v -0.025930492 -0.0042185577 0.047341575
v -0.025915731 -0.004323681 0.047345639
v -0.025863262 -0.0043398264 0.047226071
v -0.025826074 -0.0046998814 0.047236919
v -0.026095753 -0.011679055 0.047074777
v -0.026236372 -0.012057643 0.047752231
v -0.026239418 -0.012016701 0.047749167
v -0.026241584 -0.01197608 0.047742846
v -0.0262014 -0.011949544 0.047577763
v -0.026198312 -0.011874946 0.04753888
v -0.026077347 -0.011648017 0.046992654
v -0.02627748 -0.011664058 0.046930219
v -0.02611465 -0.01165348 0.04713813
v -0.026301011 -0.011699986 0.047015194
v -0.026460678 -0.012090755 0.047598497
v -0.02648703 -0.012028525 0.047681442
v -0.026485999 -0.011987457 0.0476758
v -0.026436856 -0.011964733 0.047501491
v -0.026427286 -0.011892076 0.047464935
v -0.026319249 -0.011673493 0.047077617
v -0.026488165 -0.011762869 0.047039334
v -0.026452207 -0.01171575 0.046934633
v -0.026645677 -0.011711118 0.046872541
v -0.026636371 -0.012066233 0.047475543
v -0.02665153 -0.011981053 0.047537829
v -0.026666412 -0.011902786 0.04759949
v -0.026612389 -0.011913299 0.047420493
v -0.0266154 -0.011798169 0.047449639
v -0.026131761 -0.011573076 0.047174918
v -0.026701851 -0.011806583 0.047004829
v -0.026830584 -0.011674423 0.046801926
v -0.026858788 -0.012019819 0.047393665
v -0.026868825 -0.011925866 0.047461882
v -0.026875619 -0.011843561 0.047515687
v -0.026821815 -0.011866868 0.04734272
v -0.026812874 -0.011750573 0.04736257
v -0.026142499 -0.011567766 0.047214307
v -0.026330797 -0.011585331 0.047112862
v -0.026873111 -0.011711317 0.046903958
v -0.027019164 -0.011646158 0.04674098
v -0.027078689 -0.011981913 0.047316465
v -0.02711015 -0.011884004 0.047466057
v -0.027072873 -0.011856433 0.047377493
v -0.02707171 -0.011770039 0.047427712
v -0.027019486 -0.011809661 0.047255236
v -0.026998775 -0.011693142 0.047268938
v -0.026151406 -0.011636549 0.047273203
v -0.026347943 -0.011655034 0.047176948
v -0.026498871 -0.011658869 0.047091978
v -0.026991813 -0.011427023 0.046694
v -0.02711654 -0.011599438 0.046697145
v -0.0273328 -0.011968133 0.047306085
v -0.02727869 -0.011903237 0.047215777
v -0.027276485 -0.011807318 0.047290167
v -0.027336379 -0.01168319 0.047360527
v -0.027234714 -0.011722368 0.047250089
v -0.027278007 -0.011559767 0.047318206
v -0.027189881 -0.011652208 0.047189754
v -0.027210935 -0.011457219 0.047234908
v -0.027034405 -0.01159216 0.046829492
v -0.0272794 -0.011541816 0.046633976
v -0.027486233 -0.011908297 0.047345582
v -0.027434128 -0.011862021 0.047256848
v -0.027377836 -0.011817398 0.047155121
v -0.027348436 -0.011686219 0.047203186
v -0.027300301 -0.011617755 0.047144719
v -0.026160314 -0.011729565 0.047340587
v -0.026364941 -0.011577823 0.047231951
v -0.02650939 -0.011574182 0.047140988
v -0.026680335 -0.011560969 0.047037674
v -0.026845603 -0.011537602 0.046933061
v -0.027139906 -0.011560968 0.046789571
v -0.02728413 -0.011500929 0.04669183
v -0.027427557 -0.011456896 0.046567365
v -0.027653432 -0.011848196 0.047187232
v -0.027660962 -0.011791859 0.047272232
v -0.027575839 -0.011760965 0.047100947
v -0.027558023 -0.011663213 0.047168821
v -0.027539589 -0.011574823 0.047224619
v -0.027503337 -0.011584998 0.047125269
v -0.027472024 -0.011489056 0.047158509
v -0.027447769 -0.011522958 0.047061348
v -0.027405676 -0.011426284 0.047069352
v -0.027252392 -0.011568166 0.047069172
v -0.027409942 -0.011558663 0.04692959
v -0.02637451 -0.011751973 0.047274936
v -0.026535359 -0.011747378 0.047195616
v -0.026723431 -0.011720301 0.0471041
v -0.026881844 -0.011604187 0.046994209
v -0.027027672 -0.011372475 0.046834896
v -0.027433729 -0.011424366 0.046629081
v -0.027585607 -0.011382151 0.046511641
v -0.027818465 -0.011725394 0.047112954
v -0.027819965 -0.011664025 0.047198059
v -0.027735413 -0.01164968 0.047022147
v -0.027706367 -0.011551227 0.047086332
v -0.027677688 -0.011462328 0.047138685
v -0.027642049 -0.011534954 0.046959905
v -0.027584636 -0.011427457 0.046970973
v -0.027532422 -0.011334925 0.046974018
v -0.027529402 -0.011394953 0.046887339
v -0.02706418 -0.011569813 0.046926366
v -0.027346056 -0.011555067 0.046779984
v -0.027596073 -0.011274461 0.04653308
v -0.027645916 -0.011320001 0.046478504
v -0.02800169 -0.011648829 0.047015634
v -0.027995882 -0.011566609 0.047028621
v -0.027963979 -0.011525613 0.047123536
v -0.02793592 -0.011475026 0.047042319
v -0.027885247 -0.011426534 0.047102866
v -0.027864528 -0.011386568 0.047026096
v -0.027846612 -0.011326733 0.046990213
v -0.027783738 -0.011440637 0.046859918
v -0.027711997 -0.011254418 0.046901765
v -0.027696657 -0.011219503 0.046838486
v -0.027645237 -0.011224866 0.046802818
v -0.026190297 -0.011680055 0.047438318
v -0.026925057 -0.011691385 0.047062115
v -0.027169358 -0.011538467 0.046885613
v -0.027501175 -0.011476365 0.046714907
v -0.02765515 -0.011409584 0.046627559
v -0.027824407 -0.01127574 0.046495133
v -0.028025818 -0.011580935 0.046870268
v -0.028004094 -0.01148273 0.046980079
v -0.027939627 -0.011409871 0.046961285
v -0.027819568 -0.011245941 0.046973614
v -0.027809972 -0.011301848 0.046860434
v -0.027683331 -0.011180902 0.046377565
v -0.026395348 -0.01178239 0.047348851
v -0.026560307 -0.011680938 0.047288892
v -0.026743415 -0.011648284 0.047193401
v -0.027079361 -0.011358924 0.046980725
v -0.02815069 -0.011454853 0.046842677
v -0.028167343 -0.011371919 0.04702968
v -0.028081242 -0.011377537 0.046840168
v -0.028026291 -0.011327227 0.046818374
v -0.027972063 -0.011286566 0.046780497
v -0.027921759 -0.011258269 0.046728188
v -0.027797914 -0.01109713 0.046768608
v -0.027819077 -0.01116735 0.046683017
v -0.027797222 -0.011068899 0.04632563
v -0.026214793 -0.011644589 0.047520132
v -0.027101791 -0.011573038 0.047022826
v -0.027293566 -0.011384325 0.046846251
v -0.027742382 -0.011360304 0.04661873
v -0.028256417 -0.011323369 0.046710683
v -0.028215756 -0.011250555 0.046781592
v -0.028176029 -0.011135297 0.046943309
v -0.028135989 -0.011188643 0.046751512
v -0.028078435 -0.011153628 0.04670976
v -0.028026827 -0.01113128 0.046653535
v -0.027889465 -0.010986594 0.046681218
v -0.027973696 -0.011124505 0.046561916
v -0.026207408 -0.011737412 0.047524785
v -0.02657469 -0.011796307 0.04731606
v -0.026770079 -0.011757981 0.047229824
v -0.026956387 -0.011713081 0.047136898
v -0.027207745 -0.011541027 0.046980933
v -0.027347687 -0.011462813 0.046888013
v -0.027482965 -0.011385847 0.046792925
v -0.027619448 -0.011312029 0.046697365
v -0.027700357 -0.011114804 0.046534109
v -0.027942036 -0.011154283 0.046437063
v -0.027976415 -0.010987956 0.046322431
v -0.028058352 -0.011016919 0.046408055
v -0.028219464 -0.010924099 0.046330634
v -0.028421432 -0.011182096 0.046715667
v -0.028361051 -0.011130272 0.046722011
v -0.028310354 -0.011054814 0.046803504
v -0.028255868 -0.011056884 0.046693207
v -0.028174735 -0.010973679 0.046734357
v -0.028158655 -0.011009475 0.046618393
v -0.028061568 -0.010934184 0.046609906
v -0.027974431 -0.010869118 0.046596188
v -0.028077205 -0.01100031 0.046483527
v -0.026426872 -0.011752383 0.04745724
v -0.027142391 -0.011387917 0.047118445
v -0.027846669 -0.011247406 0.046592855
v -0.027883563 -0.011066995 0.04650198
v -0.028541662 -0.011027237 0.046654475
v -0.028477792 -0.010979875 0.046663421
v -0.028441786 -0.010890589 0.046838788
v -0.028394012 -0.01089398 0.04674002
v -0.028336503 -0.010862942 0.046716717
v -0.02828133 -0.010837235 0.046683366
v -0.028201946 -0.010769915 0.046717702
v -0.028248162 -0.010864637 0.046547193
v -0.028145431 -0.010799281 0.046532631
v -0.02805388 -0.010743161 0.046513741
v -0.028173609 -0.010864799 0.046408061
v -0.028195711 -0.010709505 0.04623274
v -0.026231734 -0.011723058 0.047613621
v -0.02714463 -0.011601219 0.047112512
v -0.027470614 -0.011310373 0.046864665
v -0.027636923 -0.011205712 0.046731506
v -0.028191308 -0.010688288 0.046295721
v -0.028209197 -0.010645963 0.046217867
v -0.028719759 -0.010880858 0.046647086
v -0.028695482 -0.010813818 0.046681959
v -0.028634 -0.01079645 0.04662588
v -0.028608608 -0.010756021 0.046710316
v -0.028558222 -0.010750041 0.046637754
v -0.028511743 -0.010701254 0.046710774
v -0.028477125 -0.010707918 0.046626208
v -0.028423192 -0.010684153 0.046604865
v -0.028371747 -0.01066505 0.046573024
v -0.02829005 -0.010611635 0.046596811
v -0.028303745 -0.010647044 0.046507644
v -0.02821637 -0.010598252 0.046506133
v -0.028252189 -0.010643406 0.046425873
v -0.028165285 -0.010602516 0.046399695
v -0.028202766 -0.010674649 0.046359105
v -0.026453715 -0.011732227 0.047550199
v -0.026616089 -0.011698496 0.047468924
v -0.026803262 -0.011652644 0.047372982
v -0.026979108 -0.011595327 0.047273995
v -0.028120639 -0.010585387 0.046259071
v -0.028370439 -0.010500783 0.046228081
v -0.028730579 -0.010802815 0.046640533
v -0.028225697 -0.010625787 0.046312795
v -0.028200232 -0.010445695 0.046143313
v -0.028270114 -0.010269528 0.046114369
v -0.02880889 -0.010597994 0.046616558
v -0.028786554 -0.010563088 0.046712382
v -0.028691133 -0.010563877 0.046542302
v -0.028622048 -0.010511098 0.046625518
v -0.028557147 -0.01046364 0.046695413
v -0.028529445 -0.010477571 0.046593334
v -0.028471819 -0.010460398 0.046559136
v -0.028464813 -0.010487861 0.046441329
v -0.02835398 -0.010439194 0.04643578
v -0.028256359 -0.010397801 0.046425058
v -0.028384637 -0.010487138 0.046305046
v -0.028895469 -0.010422152 0.046471087
v -0.028864147 -0.010387211 0.046578818
v -0.028832905 -0.010355508 0.046671787
v -0.028749215 -0.010362213 0.04649857
v -0.028671165 -0.010316447 0.04657688
v -0.028599163 -0.010275873 0.046641429
v -0.028603739 -0.010318663 0.046452565
v -0.028541594 -0.010306394 0.04640397
v -0.028374008 -0.010231174 0.046465598
v -0.028410375 -0.010264861 0.046372738
v -0.028458591 -0.010305266 0.046269309
v -0.028443332 -0.010316519 0.046192149
v -0.02897104 -0.01020778 0.046430856
v -0.028982472 -0.010178709 0.046611458
v -0.028906159 -0.010167959 0.046545953
v -0.028866561 -0.010140571 0.046634905
v -0.028795227 -0.010150707 0.046460249
v -0.028709369 -0.010112733 0.04653268
v -0.028631672 -0.010079609 0.046591138
v -0.028617596 -0.010093481 0.046490171
v -0.02856271 -0.010084645 0.046449774
v -0.028514693 -0.01007933 0.046400924
v -0.028416057 -0.010049805 0.046404683
v -0.028531488 -0.010108702 0.04626424
v -0.028508448 -0.010115574 0.046188238
v -0.028415695 -0.010102162 0.046119065
v -0.0291465 -0.009969582 0.046505234
v -0.029053888 -0.0099567126 0.046452175
v -0.029046498 -0.0099394942 0.046565288
v -0.028967046 -0.0099328056 0.046488215
v -0.028932454 -0.0099100725 0.046598496
v -0.028860594 -0.0099216792 0.04640063
v -0.0287708 -0.0098753672 0.046595033
v -0.028744153 -0.0098851813 0.046481717
v -0.028683339 -0.0098755952 0.046455334
v -0.028627312 -0.0098684648 0.04641876
v -0.02851676 -0.009839126 0.04645752
v -0.028488217 -0.0098372657 0.046426101
v -0.02853697 -0.0098625956 0.046319195
v -0.028419548 -0.009837154 0.046318989
v -0.028493889 -0.0098658855 0.046227732
v -0.028578406 -0.0098970567 0.046134828
v -0.029176027 -0.0096699848 0.046502433
v -0.029094749 -0.0096620611 0.046464557
v -0.029029506 -0.0096508777 0.046484951
v -0.028961912 -0.0096403957 0.046494696
v -0.028886067 -0.0096379107 0.046408992
v -0.028789938 -0.0096110791 0.046547445
v -0.02876158 -0.0096155488 0.046459361
v -0.028701141 -0.0096101592 0.046426943
v -0.02864651 -0.0096064798 0.046385316
v -0.028555519 -0.0095925046 0.046397158
v -0.028530076 -0.009591947 0.046365788
v -0.028560343 -0.0096046383 0.046278725
v -0.0285311 -0.0096065267 0.046216556
v -0.028592018 -0.0096243786 0.046120933
v -0.029129879 -0.0093773985 0.046444191
v -0.029101142 -0.009370455 0.046525818
v -0.029031381 -0.0093683989 0.04647212
v -0.028963417 -0.0093630151 0.046477668
v -0.028893235 -0.0093630012 0.046389863
v -0.028789676 -0.0093477437 0.046517845
v -0.028766095 -0.0093511288 0.04643145
v -0.028707811 -0.0093489103 0.046396226
v -0.028655758 -0.0093476789 0.046352302
v -0.028566434 -0.0093406896 0.04635839
v -0.028542906 -0.0093408599 0.046326407
v -0.028575467 -0.0093482798 0.046242815
v -0.02854927 -0.0093500975 0.046180007
v -0.029154135 -0.0090776293 0.046346782
v -0.029114981 -0.0090748088 0.046445874
v -0.029080347 -0.0090725838 0.046522095
v -0.029015717 -0.0090732027 0.046467135
v -0.028948143 -0.0090724463 0.046468477
v -0.028887045 -0.0090703336 0.046528131
v -0.028848525 -0.0090718157 0.046451307
v -0.028775071 -0.0090699404 0.04649592
v -0.02875556 -0.0090718182 0.046411926
v -0.028699723 -0.0090721781 0.046374252
v -0.028650389 -0.0090728103 0.046328421
v -0.028563999 -0.0090718926 0.046328963
v -0.028591073 -0.0090742432 0.046246844
v -0.028506883 -0.0090738579 0.046227423
v -0.028687458 -0.009078127 0.046093653
v -0.029189981 -0.0087519639 0.046382934
v -0.02913856 -0.0087206253 0.046425115
v -0.029104251 -0.0087568535 0.046423608
v -0.02904751 -0.008726272 0.046465591
v -0.029012038 -0.0087619313 0.046444023
v -0.028947278 -0.0087321916 0.046484901
v -0.028917944 -0.0087669469 0.046443439
v -0.028842926 -0.0087380628 0.04648036
v -0.028826596 -0.0087716452 0.046421925
v -0.028740489 -0.0087435273 0.04645068
v -0.028742527 -0.008775794 0.046380601
v -0.028646445 -0.0087482215 0.046396392
v -0.028669937 -0.0087791851 0.046321574
v -0.028567128 -0.0087518148 0.046319906
v -0.028612559 -0.0087816454 0.046247779
v -0.028508137 -0.0087540389 0.04622542
v -0.029135385 -0.0086844559 0.046328715
v -0.029073495 -0.0086892114 0.046442867
v -0.028978222 -0.0086952755 0.046457016
v -0.02888244 -0.0087010955 0.046449675
v -0.028790837 -0.0087063847 0.046421278
v -0.028707956 -0.0087108807 0.046373198
v -0.028637976 -0.0087143591 0.046307809
v -0.028584374 -0.0087166478 0.046228454
v -0.028634529 -0.0087117787 0.046104533
v -0.029092999 -0.0082873638 0.046393867
v -0.029044326 -0.0082981238 0.046478127
v -0.029005098 -0.008306361 0.046537569
v -0.02894772 -0.0083119134 0.046493661
v -0.028896587 -0.0083213128 0.046544162
v -0.028850136 -0.0083248107 0.046487984
v -0.028789109 -0.0083349605 0.04652673
v -0.028756002 -0.0083362282 0.046461426
v -0.028687843 -0.0083466454 0.046486113
v -0.028669626 -0.0083456401 0.046415165
v -0.028597662 -0.0083558125 0.046424266
v -0.028595026 -0.0083526039 0.046351274
v -0.028522913 -0.0083620124 0.046344166
v -0.028584115 -0.0083480256 0.046227435
v -0.028557508 -0.0079605634 0.046253953
v -0.028473863 -0.0079870208 0.046387001
v -0.028556346 -0.0079698818 0.046377871
v -0.028548737 -0.0079775198 0.046461224
v -0.028626968 -0.0079597803 0.046434803
v -0.028637038 -0.0079638623 0.046517992
v -0.028707475 -0.0079463364 0.04647585
v -0.028734802 -0.0079466578 0.046554756
v -0.028794456 -0.0079301277 0.046499251
v -0.028837652 -0.0079266804 0.04656987
v -0.028884243 -0.0079118277 0.046503933
v -0.028940978 -0.0079048199 0.046562655
v -0.028950193 -0.0078846986 0.046343974
v -0.029084192 -0.0078651414 0.046442824
v -0.029072927 -0.0077381725 0.046513712
v -0.029003802 -0.0077514938 0.046484304
v -0.02894729 -0.0077660471 0.046504218
v -0.028888637 -0.0077803536 0.046515932
v -0.028847357 -0.0077955593 0.046580308
v -0.028799055 -0.0078007907 0.046517813
v -0.02874548 -0.0078181614 0.046573064
v -0.028717586 -0.0078103829 0.046424275
v -0.028615512 -0.0078440099 0.046530192
v -0.028628959 -0.0078262115 0.046379076
v -0.028571837 -0.0078347177 0.046330408
v -0.028525293 -0.0078399415 0.046271143
v -0.028379061 -0.0078761661 0.046284838
v -0.02889069 -0.007306124 0.04654881
v -0.028807317 -0.0073282025 0.046519386
v -0.0287494 -0.007353602 0.04658287
v -0.028705849 -0.0073720294 0.046625064
v -0.028661698 -0.0073801979 0.046579628
v -0.028603795 -0.0073896818 0.046509438
v -0.028518911 -0.0074242456 0.046580491
v -0.028509408 -0.0074135438 0.046465522
v -0.028446674 -0.0074271324 0.046417223
v -0.028393447 -0.0074364288 0.04635742
v -0.02828463 -0.0074697429 0.046355544
v -0.028783625 -0.0068442532 0.046585229
v -0.028735038 -0.0068668588 0.046609901
v -0.028683731 -0.0068895422 0.046627693
v -0.028609243 -0.0069129052 0.046587694
v -0.028563681 -0.0069443738 0.046681047
v -0.028521642 -0.0069546335 0.04663825
v -0.028474989 -0.0069775426 0.04666992
v -0.028442437 -0.0069749095 0.046563738
v -0.028375637 -0.0069964805 0.046531591
v -0.028314619 -0.0070140437 0.046487426
v -0.028261377 -0.0070269813 0.046432437
v -0.02816047 -0.0070671539 0.04643601
v -0.028543995 -0.0064387721 0.046680558
v -0.028496732 -0.006464423 0.046696486
v -0.028467777 -0.0064858904 0.04673999
v -0.028405199 -0.0065024068 0.046658303
v -0.028347525 -0.0065385011 0.04670566
v -0.028305497 -0.0065641054 0.046736086
v -0.028272466 -0.0065630596 0.046635104
v -0.02820954 -0.0065887383 0.046605871
v -0.028127252 -0.0066366912 0.046652544
v -0.028132935 -0.0066165814 0.046550009
v -0.02808313 -0.0066317993 0.046496656
v -0.028314124 -0.0060276441 0.04675007
v -0.028272041 -0.0060553144 0.046763526
v -0.028248805 -0.0060788094 0.046813097
v -0.028188788 -0.00609559 0.046715002
v -0.028139599 -0.0061355647 0.046770073
v -0.028102077 -0.0061653017 0.046808947
v -0.028073746 -0.0061603242 0.046693084
v -0.028018868 -0.006188251 0.046667277
v -0.027938377 -0.0062482405 0.046733493
v -0.027951163 -0.0062194637 0.046618702
v -0.027906049 -0.006237592 0.046572575
v -0.027826587 -0.0060208587 0.046547903
v -0.027755426 -0.0060999932 0.046705434
v -0.027845792 -0.006029399 0.046654265
v -0.027893084 -0.0060057352 0.046690011
v -0.027897694 -0.0060286547 0.046814171
v -0.027961163 -0.0059682772 0.04672468
v -0.02800278 -0.0059567577 0.046800766
v -0.028035507 -0.0059463231 0.04685437
v -0.028068925 -0.0059022461 0.04674625
v -0.028127644 -0.0058852007 0.046851303
v -0.028140554 -0.0058539234 0.046738778
v -0.02819046 -0.0058173944 0.046710727
v -0.027327874 -0.0055336794 0.04676726
v -0.027557882 -0.0057927972 0.046730667
v -0.027350499 -0.0055234153 0.046806834
v -0.027620216 -0.005744505 0.046732339
v -0.027407105 -0.0054698244 0.046802532
v -0.027615473 -0.0057709529 0.046833427
v -0.027403468 -0.0054985853 0.046905628
v -0.02768108 -0.0057075068 0.046779145
v -0.027461665 -0.0054296241 0.046845197
v -0.027729722 -0.0056753521 0.04680504
v -0.02750476 -0.0053954303 0.046869066
v -0.027754934 -0.0056789633 0.04690827
v -0.027528502 -0.0053995728 0.046974834
v -0.027787171 -0.0056468034 0.046877266
v -0.02755635 -0.0053654924 0.046941847
v -0.027817629 -0.0056329293 0.046921027
v -0.027584072 -0.0053509852 0.04698706
v -0.027847937 -0.0055892617 0.046832553
v -0.027608661 -0.0053053532 0.046895779
v -0.027900204 -0.0055680911 0.046919063
v -0.027652993 -0.0052636636 0.046893974
v -0.027915062 -0.0055354569 0.046826187
v -0.027709281 -0.0052311949 0.046972913
v -0.027140253 -0.0053218118 0.046832904
v -0.027251359 -0.0051758379 0.046737643
v -0.027110332 -0.005152058 0.046853054
v -0.02712635 -0.0052974413 0.047056353
v -0.027151895 -0.0051142969 0.046891973
v -0.027262951 -0.0052000124 0.046878864
v -0.027184773 -0.0050822301 0.046914944
v -0.027298394 -0.0051669429 0.046900588
v -0.027200786 -0.0051030303 0.047052096
v -0.027318205 -0.0051805709 0.047031929
v -0.027224112 -0.0050616531 0.047004154
v -0.027341981 -0.0051419863 0.046985261
v -0.027253051 -0.005010191 0.046943422
v -0.027367444 -0.0051300859 0.047043846
v -0.027383916 -0.0050800506 0.046926857
v -0.027292944 -0.0049999637 0.047072509
v -0.027298936 -0.0049577433 0.046948375
v -0.027420526 -0.0050398173 0.046926815
v -0.027332654 -0.0049169852 0.046944221
v -0.027470077 -0.005001046 0.046982253
v -0.02687957 -0.0050274758 0.046891787
v -0.026906172 -0.0050031623 0.046928261
v -0.026902953 -0.0050417716 0.047036335
v -0.026945873 -0.0049596479 0.046966497
v -0.026976769 -0.0049234962 0.046988989
v -0.027002249 -0.0049107826 0.047061548
v -0.027029398 -0.0048577575 0.047014074
v -0.027062003 -0.0048464693 0.047122409
v -0.027071593 -0.0048012989 0.047022221
v -0.027102684 -0.0047574169 0.047020948
v -0.02671116 -0.0048472277 0.046961554
v -0.026735087 -0.0048161265 0.046988495
v -0.026768129 -0.0047474349 0.046952152
v -0.026790381 -0.0047806257 0.047154103
v -0.026810364 -0.00470695 0.047041556
v -0.026835776 -0.0046664345 0.047049122
v -0.026860867 -0.0046245201 0.047051161
v -0.026911703 -0.0045788214 0.047161772
v -0.026587822 -0.004804248 0.046948087
v -0.026607682 -0.0047782973 0.046978439
v -0.026629433 -0.0047477345 0.047004484
v -0.026658273 -0.0046786287 0.046965138
v -0.026681991 -0.0047164242 0.047177565
v -0.026697713 -0.0046404398 0.047056214
v -0.026728884 -0.0046349917 0.047194274
v -0.026713355 -0.0045679184 0.046941038
v -0.026792409 -0.0045131345 0.047186575
v -0.026374691 -0.0048094222 0.047158082
v -0.026413029 -0.0047653135 0.047135295
v -0.026446847 -0.0046430124 0.047030432
v -0.026464542 -0.004610535 0.047050608
v -0.026478791 -0.0046459826 0.04720752
v -0.02649205 -0.0046195533 0.047216692
v -0.026500391 -0.0045390821 0.047078742
v -0.026508524 -0.0045258423 0.047228656
v -0.026500306 -0.0044767031 0.047076483
v -0.026568134 -0.004452076 0.047233458
v -0.026583573 -0.0044141929 0.047227994
v -0.026374476 -0.0047472024 0.047143988
v -0.026411368 -0.0045773681 0.046973156
v -0.026424917 -0.0046530943 0.047204695
v -0.026437668 -0.0046273746 0.047215804
v -0.026445396 -0.0045435016 0.047073796
v -0.026475467 -0.0045462369 0.047238051
v -0.026496797 -0.0044292832 0.047090883
v -0.026198634 -0.004628852 0.04706068
v -0.026204392 -0.0046776103 0.047180669
v -0.02622812 -0.0045323013 0.047051539
v -0.026245906 -0.00458195 0.047240033
v -0.026255754 -0.0044972194 0.047142561
v -0.02627122 -0.0044562722 0.047155142
v -0.026286388 -0.0044137761 0.047163216
v -0.026301089 -0.0043700817 0.047166509
v -0.026009453 -0.0046860088 0.047156502
v -0.026026657 -0.0045585736 0.047077021
v -0.026041638 -0.0044429693 0.047003628
v -0.026055046 -0.0044352489 0.047075839
v -0.026082173 -0.0044743505 0.047293267
v -0.026072488 -0.0043750948 0.047098755
v -0.026111845 -0.0043622697 0.04731334
v -0.026099716 -0.0043150568 0.047178251
v -0.026133568 -0.004266667 0.047309225
v -0.025926394 -0.0046657121 0.047173241
v -0.025937959 -0.0045120236 0.047065784
v -0.025946933 -0.0044851085 0.047089251
v -0.025955885 -0.004455681 0.047109669
v -0.025964726 -0.0044240485 0.047126845
v -0.025989222 -0.0044530494 0.047309259
v -0.025971104 -0.0043457346 0.04707503
v -0.026013944 -0.0043408597 0.047329692
v -0.025994783 -0.0042940492 0.047159095
v -0.026031591 -0.0042452282 0.047326222
v -0.025831597 -0.0046251328 0.047209862
v -0.025836397 -0.0046204072 0.047260128
v -0.025850569 -0.0044707366 0.047121058
v -0.025849806 -0.0044963182 0.047240615
v -0.025866893 -0.0044799816 0.047290599
v -0.02586814 -0.0044583264 0.047326655
v -0.025861181 -0.0043361596 0.04706412
v -0.025144069 -0.0045733043 0.047254079
v -0.025701965 -0.0043766806 0.047223781
v -0.02568895 -0.004485389 0.047168375
v -0.025662397 -0.0046474699 0.047275979
v -0.025710351 -0.0042798138 0.047237358
v -0.025709092 -0.0042239027 0.047213913
v -0.025458125 -0.0045314592 0.047214063
v -0.025299204 -0.0045451773 0.047231882
v -0.025697596 -0.0044431355 0.04721266
v -0.02561605 -0.0044928738 0.047197788
v -0.025609433 -0.0043777373 0.04714449
v -0.025459752 -0.0044782897 0.047254917
v -0.025299486 -0.0044953989 0.04727905
v -0.025164302 -0.004593594 0.047368973
v -0.025087161 -0.0043904772 0.047145163
v -0.025726918 -0.0043548972 0.047368735
v -0.02562851 -0.004346521 0.04726709
v -0.025444427 -0.0043686129 0.047201656
v -0.025473424 -0.0043551894 0.04740704
v -0.025275944 -0.0043864785 0.047226664
v -0.02525488 -0.0042957161 0.04717229
v -0.025131683 -0.004403612 0.047454595
v -0.025440973 -0.0042687236 0.04722493
v -0.025101997 -0.0043364283 0.047348905
v -0.025630957 -0.0042817853 0.047277502
v -0.015548596 -0.025888769 0.052149682
v -0.015549464 -0.025931685 0.052180539
v -0.015549538 -0.025930291 0.052201732
v -0.015548855 -0.025885292 0.052220187
v -0.015549578 -0.025915447 0.052263546
v -0.01554953 -0.025907065 0.052283066
v -0.015548711 -0.025858415 0.052285468
v -0.015549212 -0.025872464 0.052336394
v -0.015549048 -0.025858052 0.052352001
v -0.015547285 -0.025761224 0.052288711
v -0.015548147 -0.025788861 0.052400646
v -0.015547327 -0.025749481 0.052372054
v -0.015544538 -0.025903393 0.053709426
v -0.015544786 -0.025924231 0.053713537
v -0.015544329 -0.025936769 0.053760467
v -0.015545353 -0.025983616 0.053736219
v -0.015545477 -0.026001892 0.053747046
v -0.01554358 -0.025959974 0.053855141
v -0.015545636 -0.02606394 0.05380453
v -0.015544736 -0.026044279 0.053848943
v -0.015545392 -0.026095867 0.053859501
v -0.015545244 -0.026103272 0.053879411
v -0.015545064 -0.026108963 0.053899877
v -0.015544182 -0.026075684 0.05393883
v -0.015518474 -0.017290351 0.046797663
v -0.015519507 -0.017321187 0.046754693
v -0.015519765 -0.017342381 0.046756087
v -0.015519345 -0.017360838 0.046801114
v -0.01552037 -0.017404194 0.046770929
v -0.015520508 -0.017423711 0.046779314
v -0.015519823 -0.017426132 0.046827942
v -0.015520727 -0.017477038 0.046813917
v -0.015520731 -0.017492645 0.046828329
v -0.01551865 -0.017429364 0.046925175
v -0.015520407 -0.017541293 0.04689752
v -0.015519434 -0.017512729 0.046936897
v -0.015527745 -0.018850061 0.046783009
v -0.015527979 -0.01885417 0.046762173
v -0.015527896 -0.018901053 0.046749617
v -0.015528602 -0.018876847 0.046702786
v -0.015528777 -0.018887673 0.04668451
v -0.015527903 -0.0189958 0.04672645
v -0.015529284 -0.018945155 0.046622462
v -0.01552881 -0.018989562 0.046642104
v -0.015529437 -0.019000131 0.046590537
v -0.015529442 -0.01902004 0.046583131
v -0.015529424 -0.019040504 0.046577443
v -0.015528953 -0.019079462 0.046610723
v -0.015462491 -0.011938585 0.055396009
v -0.015463085 -0.01189554 0.055365184
v -0.015463306 -0.011896935 0.055343988
v -0.015463228 -0.01194199 0.055325537
v -0.015463894 -0.011911775 0.055282175
v -0.015464059 -0.011920155 0.05526266
v -0.015463785 -0.011968774 0.055260233
v -0.01546445 -0.011954759 0.05520933
v -0.015464541 -0.011969169 0.055193726
v -0.015463438 -0.012066007 0.055256992
v -0.015464697 -0.012038365 0.055145078
v -0.015464128 -0.012077741 0.055173633
v -0.015468011 -0.011923833 0.053836296
v -0.015468057 -0.011902996 0.053832185
v -0.015467757 -0.011890461 0.053785241
v -0.015468119 -0.011843604 0.053809506
v -0.015468111 -0.011825329 0.053798681
v -0.015467346 -0.01186728 0.053690549
v -0.015467953 -0.011763281 0.053741196
v -0.015467545 -0.011782882 0.053696822
v -0.015467705 -0.011731358 0.05368622
v -0.0154676 -0.011723952 0.053666312
v -0.015467486 -0.011718264 0.053645847
v -0.015467209 -0.011751485 0.053606885
v -0.015492614 -0.020536891 0.06074808
v -0.015493042 -0.020506039 0.06079103
v -0.015493078 -0.020484843 0.060789636
v -0.015492738 -0.020466389 0.060744641
v -0.015493102 -0.020423031 0.060774794
v -0.015493081 -0.02040351 0.060766413
v -0.015492673 -0.020401106 0.060717753
v -0.015492934 -0.020350181 0.060731809
v -0.015492858 -0.020334576 0.060717396
v -0.015492072 -0.020397845 0.060620581
v -0.015492437 -0.020285932 0.0606482
v -0.01549202 -0.020314496 0.060608826
v -0.015484805 -0.018977167 0.06076271
v -0.015484865 -0.018973053 0.06078355
v -0.015484191 -0.018926123 0.060796085
v -0.01548487 -0.018950373 0.060842938
v -0.015484812 -0.018939548 0.060861216
v -0.015483023 -0.018831431 0.060819269
v -0.015484305 -0.018882064 0.060923263
v -0.015483471 -0.01883765 0.060903589
v -0.01548366 -0.018827095 0.060955185
v -0.015483402 -0.018807185 0.06096259
v -0.015483126 -0.018786721 0.060968279
v -0.015482439 -0.01874777 0.060935107
v -0.031382581 0.030224992 0.016681027
v -0.031782856 0.02957066 0.01538723
v -0.031566187 0.031095779 0.013275676
v -0.031323997 0.031777774 0.012882653
v -0.029903146 0.033901328 0.013211854
v -0.028742876 0.030577389 0.0025485824
v -0.029215387 0.030669107 0.0032683225
v -0.02876156 0.030970259 0.0030563391
v -0.029250494 0.03148075 0.0043806397
v -0.028802163 0.031788037 0.004184635
v -0.029286359 0.032276385 0.005597684
v -0.028845141 0.032590399 0.0054225797
v -0.028816114 0.032056256 0.0045810877
v -0.029323523 0.033051211 0.0069826259
v -0.028877913 0.033149006 0.0064034887
v -0.028851956 0.032710732 0.0056237379
v -0.028917791 0.033751181 0.0076506034
v -0.028911628 0.033664484 0.0074534886
v -0.029342901 0.033426793 0.0077773519
v -0.028899196 0.033482183 0.007060943
v -0.028891993 0.033372276 0.0068364502
v -0.02893418 0.033969 0.0081837094
v -0.02936287 0.033783524 0.0086704279
v -0.02894574 0.034110539 0.008568094
v -0.028956024 0.034227244 0.0089164554
v -0.029373138 0.033950238 0.0091671279
v -0.028963338 0.034304544 0.009168099
v -0.029383667 0.034105087 0.0097093531
v -0.028976748 0.034432989 0.0096387396
v -0.02898881 0.034532435 0.010073181
v -0.02939453 0.034242208 0.01030983
v -0.028993873 0.034569235 0.010258965
v -0.029012996 0.034671463 0.0109292
v -0.029405778 0.034351115 0.010981778
v -0.029022295 0.034713641 0.011344823
v -0.029417215 0.034414584 0.011721945
v -0.029023617 0.034737183 0.011813861
v -0.029422881 0.034423534 0.012110619
v -0.02904137 0.034740566 0.01212204
v -0.029043817 0.034729407 0.012534879
v -0.029428442 0.034415171 0.012504596
v -0.029433844 0.034389167 0.012897858
v -0.029060182 0.034698391 0.012936054
v -0.029068885 0.034651613 0.013331472
v -0.029439037 0.034346316 0.013284434
v -0.029072774 0.034624428 0.013512558
v -0.030701075 0.032936564 0.012729348
v -0.031034418 0.032385828 0.012668746
v -0.031557085 0.03118075 0.012793704
v -0.031754023 0.030373795 0.013579762
v -0.031745804 0.030489172 0.013136264
v -0.031761144 0.030237117 0.013986945
v -0.031767427 0.030085424 0.014365634
v -0.031773055 0.029922388 0.014722327
v -0.031613656 0.029716418 0.016348187
v -0.031791223 0.029192643 0.016006197
v -0.0307831 0.030173068 0.018724693
v -0.031115471 0.02973307 0.018379449
v -0.030403514 0.030588396 0.019051309
v -0.029963626 0.03203313 0.017872276
v -0.02997957 0.030975927 0.019356839
v -0.029498568 0.032411622 0.01812386
v -0.029161979 0.032257431 0.018871611
v -0.029156983 0.032526949 0.018476716
v -0.029167653 0.031918706 0.01934264
v -0.029514456 0.031332749 0.019638991
v -0.029173078 0.031558551 0.019818064
v -0.029526706 0.030250075 0.020952485
v -0.029185322 0.030589968 0.020998925
v -0.029184037 0.030703157 0.020866983
v -0.029177869 0.031207231 0.020260987
v -0.029202033 0.02880639 0.02292995
v -0.029544796 0.028084649 0.023249796
v -0.029205961 0.028285206 0.023454298
v -0.029231745 0.023401831 0.027908083
v -0.029229545 0.023940252 0.027443848
v -0.029567813 0.023753729 0.027226928
v -0.029222291 0.0255375 0.026036332
v -0.029215583 0.026793356 0.02488771
v -0.029244985 0.019622403 0.031074909
v -0.031740143 0.026648438 0.0062278101
v -0.030096899 0.029922897 0.0038024924
v -0.030695414 0.032958229 0.01239982
v -0.031028841 0.032405957 0.012363495
v -0.030689576 0.032965104 0.012069727
v -0.031023081 0.032412392 0.012057724
v -0.030683619 0.03295746 0.011743568
v -0.0310172 0.032405379 0.011755352
v -0.030671603 0.032903638 0.011118936
v -0.031005329 0.032355474 0.011174657
v -0.030659806 0.032810551 0.010545759
v -0.030993651 0.032268624 0.010638997
v -0.030648451 0.032692068 0.010027375
v -0.030982396 0.032157417 0.010151778
v -0.030637485 0.032556742 0.0095536808
v -0.030971511 0.032029677 0.0097040717
v -0.030626829 0.032409495 0.0091149751
v -0.030960925 0.031889965 0.0092873464
v -0.030606196 0.032089941 0.0083149111
v -0.0309404 0.031584762 0.0085225056
v -0.030586275 0.031748225 0.007591573
v -0.030920562 0.031256079 0.007826175
v -0.03054827 0.031030786 0.0063088606
v -0.030882675 0.030560676 0.0065820969
v -0.030511774 0.03028178 0.0051626495
v -0.030846253 0.029829531 0.0054626218
v -0.030476173 0.029508841 0.0041029061
v -0.030810711 0.029071402 0.0044226995
v -0.030321262 0.033456569 0.012788019
v -0.030315606 0.033479727 0.012435619
v -0.030309778 0.033487062 0.012082609
v -0.030303833 0.033478885 0.011734025
v -0.030291848 0.033421473 0.011067973
v -0.030280088 0.033322593 0.010459404
v -0.030268771 0.033197329 0.0099116189
v -0.030257839 0.033054918 0.0094133893
v -0.030247218 0.032900616 0.0089539302
v -0.030226647 0.032567626 0.0081205954
v -0.03020678 0.032213681 0.0073717332
v -0.030168866 0.031475555 0.006052498
v -0.030132442 0.030709758 0.0048809957
v -0.031318816 0.031808441 0.012606671
v -0.031552155 0.03120871 0.012543581
v -0.031313408 0.031827013 0.01232692
v -0.031547004 0.031225691 0.012290361
v -0.03130782 0.031833032 0.01204669
v -0.031541685 0.031231312 0.012036705
v -0.031302111 0.03182672 0.011769298
v -0.031536245 0.031225774 0.011785295
v -0.031290564 0.031781021 0.011234716
v -0.031525207 0.03118452 0.011298679
v -0.031279171 0.031700802 0.010738434
v -0.031514262 0.031111265 0.010843334
v -0.031268156 0.031597303 0.010283904
v -0.031503633 0.031015834 0.010422785
v -0.031257476 0.031477581 0.0098634567
v -0.031493283 0.030904497 0.010030673
v -0.031247065 0.031345828 0.0094697804
v -0.031483156 0.030781065 0.0096609432
v -0.031226827 0.031055766 0.0087418633
v -0.031463389 0.030506809 0.0089713847
v -0.031207213 0.030740821 0.0080738366
v -0.031444144 0.030206197 0.0083327536
v -0.031169656 0.030068626 0.0068702264
v -0.031407135 0.029558204 0.0071711625
v -0.031133467 0.029356282 0.0057787458
v -0.031371339 0.028865459 0.0061087373
v -0.031098102 0.028613732 0.0047595799
v -0.031336273 0.028139132 0.0051111015
v -0.029897802 0.033941974 0.01284433
v -0.029892235 0.033966577 0.012470633
v -0.029886501 0.033974414 0.012096273
v -0.029880655 0.033965794 0.011726799
v -0.029868867 0.033905153 0.011022144
v -0.029857292 0.033800984 0.010380567
v -0.029846143 0.033669487 0.0098053502
v -0.029835359 0.033520553 0.0092842226
v -0.029824869 0.033359748 0.0088053878
v -0.029804524 0.033014327 0.0079409719
v -0.029784842 0.032649067 0.0071682582
v -0.029747212 0.031891762 0.0058148627
v -0.029711001 0.03111038 0.0046196969
v -0.029675626 0.030310584 0.0035236283
v -0.031737293 0.030565896 0.012703387
v -0.031732694 0.030591087 0.012479947
v -0.031727899 0.030606452 0.012254096
v -0.03172294 0.030611696 0.012027843
v -0.031717862 0.03060698 0.011803226
v -0.03170752 0.030570372 0.011366066
v -0.031697196 0.030504343 0.010952931
v -0.031687097 0.030417277 0.010567409
v -0.031677207 0.030314626 0.010204493
v -0.031667476 0.030199799 0.0098594385
v -0.03164836 0.029941892 0.0092094019
v -0.031629634 0.029656102 0.0086010478
v -0.031593392 0.029033107 0.0074827255
v -0.031558148 0.028360595 0.0064502119
v -0.031523507 0.027651025 0.0054747435
v -0.031806163 0.028298941 0.01725852
v -0.031628932 0.028792471 0.017643594
v -0.031398123 0.029271715 0.018018177
v -0.031817824 0.027353436 0.018404375
v -0.031640779 0.027824536 0.01881693
v -0.031410123 0.028282038 0.019218137
v -0.031127587 0.0287225 0.019604977
v -0.030795301 0.029142608 0.019974536
v -0.030415765 0.029539197 0.020324032
v -0.029991836 0.029909281 0.020650835
v -0.031835184 0.025374037 0.020502488
v -0.031658336 0.025814695 0.020947694
v -0.031427845 0.026242695 0.021380532
v -0.031145443 0.026654814 0.021797751
v -0.03081326 0.027047944 0.022196202
v -0.030433798 0.027419124 0.022572887
v -0.030009911 0.027765566 0.022924967
v -0.031857578 0.021231401 0.02430464
v -0.031680869 0.021641235 0.024778515
v -0.0314505 0.022039358 0.025239136
v -0.031168206 0.022422777 0.025683036
v -0.03083611 0.022788601 0.026106868
v -0.030456719 0.023134074 0.026507438
v -0.030032889 0.023456594 0.026881733
v -0.031773568 0.027323438 0.0071576805
v -0.031807225 0.027954185 0.0081286412
v -0.031841268 0.028525557 0.0091579011
v -0.031858523 0.028780741 0.0097039186
v -0.031875786 0.029004861 0.01027258
v -0.031884397 0.029101886 0.010566811
v -0.031893001 0.029186571 0.010869587
v -0.031901602 0.02925631 0.01118295
v -0.031910193 0.029307337 0.011509121
v -0.031918589 0.02933427 0.01184436
v -0.031922656 0.029337234 0.012013744
v -0.031926607 0.029332713 0.012183498
v -0.031930428 0.029320619 0.012352933
v -0.031934102 0.029301094 0.012521368
v -0.031940993 0.029241289 0.012852997
v -0.031947807 0.029149199 0.013203313
v -0.031953864 0.029036968 0.013535391
v -0.031959324 0.028909141 0.013852984
v -0.031964312 0.028768723 0.014159113
v -0.031973169 0.028457878 0.014745137
v -0.03198089 0.028115322 0.015305096
v -0.031994963 0.02728398 0.016468544
v -0.032006143 0.026384717 0.017557708
v -0.032023028 0.024468087 0.019588472
v -0.032045105 0.02038903 0.023331482
v -0.031658456 0.027152932 0.0058478773
v -0.03169255 0.027845352 0.0068007034
v -0.031727079 0.02849714 0.0078026588
v -0.031762331 0.029094526 0.0088767652
v -0.03178039 0.029365136 0.0094541735
v -0.031798669 0.029606286 0.010063818
v -0.031807895 0.029712283 0.010383643
v -0.031817208 0.02980603 0.010716709
v -0.031826626 0.029884501 0.011066415
v -0.031836165 0.029943098 0.011436387
v -0.031845625 0.029974922 0.011822965
v -0.031850245 0.029978772 0.012020171
v -0.031854746 0.029973894 0.012218384
v -0.031859098 0.029960161 0.012416239
v -0.031863279 0.029937787 0.012612385
v -0.031871052 0.029869466 0.012995021
v -0.031878629 0.029765657 0.013392278
v -0.031885264 0.029641114 0.013762194
v -0.031891171 0.029501267 0.014110569
v -0.031896506 0.029349459 0.014442171
v -0.031905873 0.029018022 0.015067935
v -0.031913941 0.028657605 0.015657624
v -0.031928481 0.027794849 0.016865852
v -0.031939915 0.026872292 0.017983579
v -0.031957053 0.024924039 0.020048277
v -0.031979296 0.02081295 0.023821081
v -0.015532403 -0.021015406 0.047214948
v -0.015533492 -0.021065629 0.047209877
v -0.015533839 -0.021074807 0.047190786
v -0.01553356 -0.021046185 0.047151201
v -0.015534675 -0.021092236 0.047129842
v -0.015535245 -0.021090717 0.047045505
v -0.015535141 -0.021061247 0.04696647
v -0.015535009 -0.021049838 0.046948624
v -0.015533932 -0.021000356 0.046952757
v -0.015534373 -0.021007176 0.046901736
v -0.015533072 -0.020954954 0.04692409
v -0.015534031 -0.02103404 0.047032373
v -0.015535231 -0.021071102 0.04698522
v -0.015533767 -0.021043275 0.047098644
v -0.015535165 -0.021093781 0.047066465
v -0.027114405 0.035053266 0.016140683
v -0.028790142 0.020624513 0.030679864
v -0.028770109 0.025758848 0.026285309
v -0.028755387 0.028348403 0.023859682
v -0.02873375 0.030953032 0.021084626
v -0.028719325 0.032181346 0.019541863
v -0.028710372 0.032797466 0.018662495
v -0.02819943 0.033679294 0.017830426
v -0.028209918 0.033054168 0.018839778
v -0.027670354 0.03422599 0.017397357
v -0.027676213 0.033911136 0.017971656
v -0.027121354 0.034742422 0.016867103
v -0.027648361 0.035134886 0.015220178
v -0.02764374 0.035269518 0.014750743
v -0.028165715 0.035011145 0.014671347
v -0.028653334 0.034924477 0.013569544
v -0.028659368 0.03482906 0.014094562
v -0.028640075 0.035028926 0.012447939
v -0.028646875 0.034992916 0.013016006
v -0.028633046 0.035030586 0.011881544
v -0.028625881 0.03500002 0.011332987
v -0.028618691 0.034942482 0.010813995
v -0.028610422 0.034850074 0.010255088
v -0.028586645 0.034482608 0.0088458161
v -0.028602343 0.034739004 0.0097455236
v -0.028571392 0.03419929 0.0080621457
v -0.028556423 0.03390001 0.007359091
v -0.028531525 0.033371388 0.0062964145
v -0.028507332 0.032832356 0.0053566366
v -0.028460203 0.031733258 0.0036999448
v -0.028414005 0.030612028 0.0022260544
v -0.027922287 0.030856829 0.0020488184
v -0.027408822 0.031071774 0.0018962411
v -0.026876648 0.03125558 0.0017692286
v -0.026328918 0.031407169 0.0016685343
v -0.025768873 0.031525634 0.0015947494
v -0.025199834 0.031610276 0.0015483155
v -0.025242137 0.032768924 0.0030774806
v -0.025283811 0.03391496 0.0048145226
v -0.025304342 0.034482211 0.0058106607
v -0.025324539 0.035042944 0.0069483768
v -0.025336065 0.035362726 0.0077083791
v -0.025347185 0.035667146 0.0085627878
v -0.025357811 0.035943908 0.009553141
v -0.025362899 0.036063903 0.010118252
v -0.028160411 0.035129803 0.014169738
v -0.028154694 0.035228375 0.013628835
v -0.028148598 0.035299252 0.013058048
v -0.0281422 0.03533674 0.012472012
v -0.028135596 0.035338807 0.011887708
v -0.028128858 0.035307638 0.011322066
v -0.028122075 0.03524869 0.010787384
v -0.028114247 0.035153963 0.010212261
v -0.028106564 0.035040148 0.0096886595
v -0.028091539 0.034777796 0.0087661534
v -0.028076836 0.03448851 0.0079647831
v -0.028062329 0.034183538 0.0072475428
v -0.02803806 0.033646153 0.006166266
v -0.028014357 0.033099518 0.0052125854
v -0.027967961 0.031987919 0.003536188
v -0.027638742 0.035391348 0.014236907
v -0.027633388 0.03549275 0.013682282
v -0.027627708 0.035565857 0.013096578
v -0.027621771 0.035604752 0.012495002
v -0.027615651 0.035607308 0.01189518
v -0.027609396 0.035575752 0.011314723
v -0.027603076 0.035515716 0.010766419
v -0.027595748 0.035419108 0.010177211
v -0.027588514 0.035303032 0.0096413977
v -0.027574252 0.035035713 0.0086990257
v -0.027560173 0.034741394 0.0078822143
v -0.027546182 0.034431613 0.0071525791
v -0.027522625 0.033886764 0.0060550256
v -0.027499475 0.033333638 0.005089164
v -0.027453907 0.032211333 0.003395465
v -0.02710656 0.035350031 0.015298052
v -0.027102219 0.035487503 0.014819704
v -0.027097559 0.035612089 0.014295654
v -0.027092609 0.035715982 0.013729559
v -0.027087389 0.035791098 0.013131364
v -0.02708196 0.03583133 0.012516759
v -0.027076374 0.035834454 0.011903914
v -0.027070652 0.035802737 0.011311003
v -0.027064841 0.035741934 0.010751231
v -0.027058065 0.03564391 0.010150148
v -0.027051325 0.035526077 0.009604019
v -0.0270379 0.0352548 0.0086448392
v -0.027024502 0.034956433 0.0078149333
v -0.027011081 0.034642739 0.0070747662
v -0.026988299 0.034091792 0.0059633557
v -0.026965756 0.033533327 0.0049871042
v -0.026921088 0.032402171 0.0032786131
v -0.025367834 0.036163328 0.010741075
v -0.025371929 0.036224411 0.011321703
v -0.025375859 0.036255256 0.011937137
v -0.025379646 0.036249929 0.012573383
v -0.025383363 0.036206192 0.013211265
v -0.02538702 0.036126467 0.013831638
v -0.025390606 0.036017243 0.014418026
v -0.025394112 0.035887008 0.014960065
v -0.025397498 0.03574389 0.015454064
v -0.025437777 0.033159111 0.020302437
v -0.025429689 0.03380824 0.019377496
v -0.025420402 0.034463137 0.01832247
v -0.02541528 0.034790146 0.017727697
v -0.025409792 0.035115699 0.017068552
v -0.025403882 0.035436339 0.016322273
v -0.025451239 0.03187987 0.021907729
v -0.025472227 0.02920693 0.02475503
v -0.025486816 0.026578886 0.027216554
v -0.025506865 0.021409657 0.031641103
v -0.02821877 0.032429606 0.019731076
v -0.028233087 0.031188196 0.021290209
v -0.028254665 0.028565903 0.024084154
v -0.028269384 0.025966362 0.026519148
v -0.028289432 0.020822958 0.030921519
v -0.027686506 0.033277197 0.018994949
v -0.027695236 0.032645313 0.01989652
v -0.027709418 0.031392571 0.021469744
v -0.027730914 0.028755017 0.024279956
v -0.027745622 0.026146854 0.026723022
v -0.02776568 0.020995624 0.03113213
v -0.027127604 0.034425662 0.017510375
v -0.027133299 0.034106533 0.018092155
v -0.02714337 0.033465165 0.019127049
v -0.02715196 0.032827134 0.020037165
v -0.027165987 0.031564889 0.021622119
v -0.027187381 0.028914566 0.024445876
v -0.027202069 0.026299204 0.026895669
v -0.027222131 0.021141445 0.031310394
v -0.026372671 0.032559303 0.0031863259
v -0.026416375 0.033697389 0.004907017
v -0.026438275 0.034260008 0.005891808
v -0.026460229 0.034815654 0.0070145739
v -0.026473041 0.03513233 0.0077633401
v -0.026485708 0.035433745 0.008603923
v -0.026498237 0.035707926 0.0095767516
v -0.026504449 0.035827007 0.01013123
v -0.026510637 0.035925977 0.010741911
v -0.0265159 0.035987212 0.011310929
v -0.026521049 0.036018865 0.011913865
v -0.026526061 0.036015088 0.012537156
v -0.026530944 0.035973603 0.013162196
v -0.026535666 0.035896707 0.013770366
v -0.026540183 0.035790668 0.014345617
v -0.026544477 0.035663752 0.014877804
v -0.026548515 0.035523917 0.015363247
v -0.026555898 0.035222554 0.016217493
v -0.026562519 0.034907469 0.016952956
v -0.026568529 0.034586871 0.017603467
v -0.026574043 0.034264274 0.018191176
v -0.026583869 0.033616917 0.019235259
v -0.026592303 0.032973944 0.020152149
v -0.026606156 0.031704085 0.021746393
v -0.026627428 0.02904357 0.024580885
v -0.02664209 0.026422471 0.027036018
v -0.026662153 0.021259516 0.031455208
v -0.025811911 0.032681795 0.0031191481
v -0.025854613 0.033824856 0.004849374
v -0.025875837 0.034390404 0.0058408096
v -0.025896922 0.034949324 0.006972358
v -0.025909101 0.035268032 0.0077277545
v -0.025921005 0.035571472 0.0085765137
v -0.025932593 0.035847485 0.0095597581
v -0.02593825 0.035967288 0.010120579
v -0.025943823 0.036066729 0.01073852
v -0.025948511 0.036128052 0.011314506
v -0.025953058 0.036159416 0.01192496
v -0.025957467 0.036154905 0.01255607
v -0.025961776 0.03611225 0.013188884
v -0.025965974 0.036033815 0.013804461
v -0.025970033 0.035926003 0.01438649
v -0.025973939 0.035797196 0.014924686
v -0.025977657 0.035655471 0.015415356
v -0.025984549 0.035350506 0.016278149
v -0.025990823 0.035032155 0.017020245
v -0.025996577 0.034708615 0.017676055
v -0.0260019 0.034383387 0.018268106
v -0.026011463 0.03373151 0.019318916
v -0.026019728 0.033084829 0.020240754
v -0.026033391 0.031809294 0.021841792
v -0.026054527 0.029141227 0.024684152
v -0.026069155 0.026515891 0.027143204
v -0.026089214 0.021349102 0.031565669
v -0.015502278 -0.015475797 0.047457227
v -0.015502391 -0.015462113 0.047473394
v -0.015502082 -0.015480946 0.047519509
v -0.015502595 -0.015429907 0.047528003
v -0.015501938 -0.015469488 0.047570531
v -0.015502548 -0.015410167 0.04761001
v -0.015502142 -0.015418821 0.047693912
v -0.015501425 -0.015454886 0.047770162
v -0.015500715 -0.015512796 0.047760796
v -0.015501382 -0.015476395 0.047702259
v -0.015501629 -0.015443474 0.047752319
v -0.015501799 -0.015461647 0.047636995
v -0.015502275 -0.015413993 0.047673289
v -0.015502594 -0.015412473 0.047588954
v -0.015502146 -0.0154908 0.047442274
v -0.015503436 -0.01664593 0.050901526
v -0.015503746 -0.01658967 0.050966279
v -0.015503526 -0.016632775 0.05093642
v -0.015503506 -0.016640037 0.050982305
v -0.015503649 -0.016606078 0.051025822
v -0.015503519 -0.016659837 0.051030126
v -0.015503418 -0.016649587 0.051095553
v -0.015503486 -0.016636587 0.051079529
v -0.015494917 -0.015796463 0.052148571
v -0.015495734 -0.015753575 0.052074336
v -0.015495173 -0.015768279 0.052123791
v -0.01549496 -0.015721973 0.052117198
v -0.015495411 -0.015691937 0.05207042
v -0.015494727 -0.015670352 0.052119935
v -0.015494667 -0.015611833 0.052088799
v -0.015494883 -0.015631218 0.052081737
v -0.029459716 0.030510481 0.011936601
v -0.029450118 0.030481879 0.011518326
v -0.027349162 0.029636024 0.019974426
v -0.026952673 0.029807056 0.020124261
v -0.025684508 0.028088484 0.022667962
v -0.025234385 0.028143546 0.022725948
v -0.026126071 0.02800606 0.022582908
v -0.026555784 0.027896877 0.022471413
v -0.026970454 0.027761755 0.02233431
v -0.02736699 0.027601698 0.022172619
v -0.027724588 0.029439548 0.019803085
v -0.025666968 0.03015576 0.020434435
v -0.026108438 0.030067893 0.020355125
v -0.026538072 0.029951373 0.020251474
v -0.025216947 0.030214317 0.020488817
v -0.025204229 0.031352647 0.01906523
v -0.025654104 0.031291138 0.019014256
v -0.026095437 0.031198729 0.0189404
v -0.026524947 0.031076099 0.018844213
v -0.028076159 0.029219085 0.019611512
v -0.02840126 0.02897628 0.019401133
v -0.028697473 0.028712935 0.019173511
v -0.028962597 0.028431006 0.018930342
v -0.02919466 0.028132597 0.018673427
v -0.029181337 0.029159908 0.017388402
v -0.029378711 0.028830334 0.017141031
v -0.029539861 0.02848814 0.016884702
v -0.02966359 0.028135879 0.016621319
v -0.029748976 0.027776163 0.016352838
v -0.029738453 0.02837038 0.015500128
v -0.02977152 0.028545622 0.014299059
v -0.029778303 0.028295015 0.014756191
v -0.029764763 0.028747467 0.013876633
v -0.029758013 0.0289059 0.013484304
v -0.029751232 0.029025304 0.013117335
v -0.029746246 0.029089671 0.012863524
v -0.029739975 0.02914487 0.012561826
v -0.029690614 0.029591894 0.012627498
v -0.029683307 0.029625468 0.012290912
v -0.02959486 0.030069707 0.012320378
v -0.029586404 0.03007533 0.011942881
v -0.029286363 0.030902025 0.011479587
v -0.029087223 0.03130683 0.011443322
v -0.028588834 0.03205874 0.011379265
v -0.028854145 0.031693341 0.011409802
v -0.027969466 0.032715718 0.011328011
v -0.028293223 0.032400364 0.011351933
v -0.027619926 0.033002505 0.011307671
v -0.027247151 0.033258629 0.011291061
v -0.02685386 0.033482234 0.0112783
v -0.026421207 0.033728088 0.01191181
v -0.026024793 0.033871016 0.011947863
v -0.026442919 0.033671678 0.011269487
v -0.025586995 0.033988125 0.011955995
v -0.025140812 0.034067396 0.011965144
v -0.024689507 0.034108261 0.011975242
v -0.02496187 0.029952847 0.0029781896
v -0.02461266 0.032429567 0.0065304177
v -0.02501979 0.031414887 0.0049630668
v -0.024573982 0.031456246 0.004950936
v -0.024516896 0.029993137 0.0029626742
v -0.024627909 0.032807987 0.0072458052
v -0.025087025 0.033049389 0.00784922
v -0.025059332 0.032387443 0.0065390435
v -0.024639465 0.033091967 0.0078441935
v -0.024649631 0.0333385 0.0084271697
v -0.025097636 0.033295816 0.0084303846
v -0.024661253 0.033613371 0.0091893055
v -0.025113348 0.033645013 0.0094269971
v -0.024664498 0.033687667 0.0094272003
v -0.024667363 0.033751882 0.0096491144
v -0.025124116 0.033860538 0.010258504
v -0.025134685 0.034022558 0.011267196
v -0.025580187 0.03394283 0.01126391
v -0.025132383 0.033994296 0.011027596
v -0.025577648 0.033914517 0.011026281
v -0.025568639 0.033780897 0.010263283
v -0.02555711 0.033565984 0.0094378409
v -0.025540561 0.033217965 0.0084476724
v -0.025529506 0.032972373 0.0078698398
v -0.025500938 0.032312492 0.0065661206
v -0.025460538 0.031342477 0.0049962394
v -0.025401791 0.029883402 0.0030170782
v -0.026017328 0.033825585 0.011264677
v -0.026014563 0.033797373 0.011030017
v -0.026004835 0.033664558 0.010276126
v -0.025992568 0.033451152 0.0094596553
v -0.025975211 0.033105515 0.0084789039
v -0.025963729 0.032861477 0.007905903
v -0.025934309 0.032205251 0.006611448
v -0.025893079 0.031239528 0.0050502135
v -0.025833527 0.029785294 0.0030790703
v -0.026439943 0.033643734 0.011038766
v -0.026850688 0.033454707 0.011052477
v -0.026429538 0.033512367 0.010296939
v -0.026839661 0.03332543 0.010325579
v -0.026416574 0.033301347 0.0094922839
v -0.026826058 0.033117656 0.0095354923
v -0.026398452 0.032959272 0.0085238606
v -0.026807233 0.032780287 0.0085822165
v -0.026386563 0.032717493 0.0079571527
v -0.026794971 0.032541462 0.0080232158
v -0.02635634 0.032066496 0.0066747031
v -0.026764006 0.03189721 0.0067554327
v -0.026314322 0.03110678 0.0051246047
v -0.026721261 0.030945177 0.0052188821
v -0.02625401 0.029659221 0.0031637198
v -0.026660246 0.029506084 0.0032704287
v -0.027243805 0.033231678 0.011071039
v -0.027232228 0.033105102 0.010361827
v -0.027218055 0.032901406 0.0095889611
v -0.027198605 0.032569857 0.0086535487
v -0.027186009 0.032334653 0.0081036143
v -0.027154383 0.031698619 0.0068530597
v -0.027110991 0.030755881 0.0053323686
v -0.027049346 0.029326972 0.0033984315
v -0.027616434 0.032976264 0.011094325
v -0.02760439 0.032852982 0.010405424
v -0.027589733 0.032654156 0.0096523095
v -0.027569746 0.032329492 0.0087373419
v -0.027556869 0.032098544 0.0081977774
v -0.027524676 0.031472137 0.0069668837
v -0.027480725 0.030540232 0.0054642589
v -0.027418539 0.029123152 0.0035468279
v -0.027965857 0.032690332 0.01112216
v -0.027953439 0.032570911 0.010456055
v -0.027938395 0.032377707 0.0097250751
v -0.027917982 0.032060936 0.0088329951
v -0.027904874 0.031834848 0.0083050227
v -0.027872225 0.031219388 0.007096088
v -0.027827824 0.030299776 0.0056136119
v -0.027765198 0.028896085 0.0037145515
v -0.028289532 0.032375957 0.011154345
v -0.028276846 0.03226092 0.010513351
v -0.028261524 0.032074051 0.0098067376
v -0.028240802 0.031766117 0.0089398163
v -0.028227527 0.031545453 0.0084245786
v -0.028194543 0.030942191 0.0072397465
v -0.02814981 0.030036233 0.0057793575
v -0.028086861 0.028647379 0.0039004152
v -0.028585096 0.032035441 0.011190643
v -0.028572261 0.031925275 0.010576897
v -0.02855678 0.031745393 0.0098966971
v -0.028535875 0.031447159 0.0090570381
v -0.028522503 0.031232448 0.0085555897
v -0.02848932 0.030642529 0.0073968241
v -0.028444383 0.029751479 0.0059603129
v -0.028381235 0.028378809 0.0041030919
v -0.028850401 0.031671254 0.011230791
v -0.028837539 0.031566403 0.010646231
v -0.028822025 0.031394101 0.0099943085
v -0.028801076 0.03110637 0.0091838145
v -0.028787677 0.03089808 0.0086971046
v -0.028754439 0.030322547 0.0075662046
v -0.028709439 0.029447548 0.0061551872
v -0.028646226 0.028092278 0.0043211434
v -0.029083512 0.031286053 0.011274496
v -0.029070755 0.031186918 0.010720849
v -0.029055338 0.031022728 0.010098865
v -0.029034493 0.0307462 0.0093192284
v -0.029021145 0.030544755 0.0088481126
v -0.028988001 0.029984544 0.0077466712
v -0.028943086 0.029126618 0.0063625844
v -0.028879951 0.027789836 0.0045530155
v -0.029282731 0.030882648 0.011321439
v -0.029270213 0.030789567 0.010800211
v -0.029255034 0.030633956 0.010209607
v -0.029234441 0.030369252 0.0094623035
v -0.029221225 0.03017502 0.0090075201
v -0.029188333 0.029630937 0.0079369243
v -0.029143656 0.028790971 0.006581026
v -0.029080744 0.027473627 0.0047970614
v -0.029446607 0.030463972 0.01137128
v -0.029434465 0.030377243 0.010883737
v -0.029419667 0.030230599 0.010325735
v -0.029399481 0.029978238 0.009612014
v -0.029386476 0.029791533 0.0091741872
v -0.029353998 0.02926427 0.0081356037
v -0.029309715 0.028443014 0.0068089566
v -0.029247178 0.027145902 0.0050515456
v -0.024674491 0.033902905 0.01026183
v -0.024682007 0.034036143 0.011033946
v -0.024684072 0.03406419 0.011274506
v -0.024688393 0.034103525 0.011823311
v -0.029577291 0.030049457 0.011559255
v -0.029573945 0.030033075 0.011423651
v -0.029562318 0.029952938 0.010970824
v -0.029548045 0.029815578 0.01044641
v -0.029528421 0.029575984 0.0097672738
v -0.029515709 0.029397056 0.0093469118
v -0.029483809 0.028887165 0.0083412895
v -0.029440077 0.028085224 0.0070447427
v -0.029378068 0.026808989 0.0053146517
v -0.029675454 0.02963096 0.011950275
v -0.029666955 0.029607907 0.011602085
v -0.029663818 0.029593098 0.011478177
v -0.029652848 0.02951973 0.011060841
v -0.029639238 0.029391892 0.010570759
v -0.029620331 0.02916538 0.009926968
v -0.029607997 0.028994425 0.0095244453
v -0.029576835 0.028502325 0.008552501
v -0.029533812 0.027720161 0.0072866972
v -0.029472483 0.026465295 0.0055845096
v -0.029733341 0.029175246 0.012261958
v -0.029726219 0.02918063 0.011958725
v -0.029718457 0.029160455 0.011646492
v -0.029715573 0.029147246 0.011534459
v -0.029705394 0.029080767 0.011153131
v -0.029692587 0.028962612 0.010697876
v -0.02967455 0.0287494 0.010089942
v -0.029662673 0.028586538 0.0097055168
v -0.029632408 0.028112509 0.0087677262
v -0.029590252 0.027350428 0.0075331045
v -0.029529752 0.02611726 0.0058592059
v -0.024761721 0.030243121 0.020517871
v -0.024749154 0.031382791 0.019092942
v -0.029391933 0.02781992 0.018404683
v -0.029552953 0.027495305 0.018126109
v -0.029676519 0.027161164 0.017839777
v -0.029761714 0.026819985 0.017547811
v -0.027742449 0.027417892 0.021987543
v -0.028094031 0.027211711 0.021780456
v -0.028419125 0.026984689 0.021552903
v -0.028715308 0.026738511 0.021306574
v -0.028980377 0.026475009 0.021043305
v -0.029212363 0.026196147 0.020765052
v -0.029409535 0.025903998 0.020473888
v -0.029570429 0.025600738 0.020171977
v -0.029693847 0.025288618 0.019861565
v -0.029778871 0.024969966 0.019544963
v -0.024796634 0.025142441 0.025620769
v -0.024779047 0.028170829 0.022756426
v -0.02978512 0.027989456 0.015252501
v -0.029795389 0.027411663 0.016081254
v -0.029807904 0.026474302 0.017252389
v -0.02982487 0.024647147 0.019224526
v -0.029842042 0.021822006 0.021895438
v -0.029796151 0.022125828 0.02223402
v -0.029711225 0.022425767 0.022568493
v -0.029587894 0.022719595 0.022896372
v -0.029427078 0.023005122 0.023215211
v -0.02922997 0.023280227 0.023522648
v -0.02899804 0.023542859 0.023816384
v -0.028733013 0.023791066 0.024094241
v -0.028436861 0.024022999 0.024354144
v -0.028111789 0.02423693 0.024594165
v -0.027760215 0.024431274 0.024812515
v -0.027384757 0.024604576 0.025007566
v -0.02698821 0.024755553 0.025177874
v -0.026573522 0.024883078 0.025322167
v -0.026143781 0.024986202 0.025439369
v -0.025702183 0.025064161 0.025528611
v -0.025252019 0.02511637 0.025589228
v -0.024810891 0.021681774 0.028617849
v -0.025266285 0.021656382 0.028585738
v -0.025716455 0.021605797 0.028523724
v -0.026158056 0.021530401 0.028432272
v -0.026587799 0.021430751 0.028312059
v -0.027002484 0.021307591 0.028163981
v -0.027399025 0.021161836 0.02798914
v -0.027774474 0.020994572 0.027788838
v -0.028126033 0.020807045 0.027564567
v -0.028451087 0.020600648 0.027317992
v -0.028747217 0.020376916 0.02705095
v -0.029012218 0.02013752 0.02676543
v -0.029244119 0.019884235 0.026463557
v -0.029441194 0.019618951 0.026147573
v -0.029601977 0.019343639 0.025819836
v -0.029725268 0.01906035 0.02548278
v -0.029810154 0.018771194 0.02513892
v -0.029855999 0.018478319 0.024790808
v -0.015529537 -0.02178487 0.051505259
v -0.015530179 -0.021720125 0.051448955
v -0.015529657 -0.021749986 0.051492186
v -0.01552947 -0.021704126 0.051499411
v -0.015529804 -0.02166058 0.051465362
v -0.015529206 -0.021656154 0.051518904
v -0.015529038 -0.021590854 0.051508868
v -0.015529254 -0.02160688 0.051495866
v -0.015546412 -0.025229138 0.050335074
v -0.015546604 -0.02521297 0.050321392
v -0.015546027 -0.025166858 0.050340215
v -0.015546958 -0.025158362 0.050289191
v -0.015545862 -0.025115841 0.050328743
v -0.015546888 -0.025076354 0.05026945
v -0.015546213 -0.024992452 0.050278102
v -0.015545011 -0.024916206 0.050314157
v -0.015543826 -0.024925625 0.050372121
v -0.015544942 -0.02498411 0.050335671
v -0.015545354 -0.024934049 0.05030275
v -0.015545633 -0.025049374 0.050320993
v -0.015546436 -0.025013075 0.050273276
v -0.015546964 -0.025097409 0.050271758
v -0.015546186 -0.02524409 0.050350077
f 1 2 3
f 2 4 3
f 3 4 5
f 4 6 5
f 5 6 7
f 6 8 7
f 7 8 9
f 8 10 9
f 9 10 11
f 10 12 11
f 11 12 13
f 12 14 13
f 13 14 15
f 14 16 15
f 15 16 17
f 16 18 17
f 17 18 19
f 18 20 19
f 19 20 21
f 20 22 21
f 21 22 23
f 22 24 23
f 23 24 25
f 24 26 25
f 25 26 27
f 26 28 27
f 27 28 29
f 28 30 29
f 29 30 31
f 30 32 31
f 31 32 33
f 32 34 33
f 33 34 35
f 34 36 35
f 35 36 37
f 36 38 37
f 37 38 39
f 38 40 39
f 39 40 41
f 40 42 41
f 41 42 43
f 42 44 43
f 43 44 45
f 44 46 45
f 45 46 47
f 46 48 47
f 47 48 49
f 48 50 49
f 49 50 51
f 50 52 51
f 51 52 53
f 52 54 53
f 53 54 55
f 54 56 55
f 55 56 57
f 56 58 57
f 57 58 59
f 58 60 59
f 59 60 61
f 60 62 61
f 61 62 63
f 62 64 63
f 63 64 65
f 64 66 65
f 65 66 67
f 66 68 67
f 67 68 69
f 68 70 69
f 69 70 71
f 70 72 71
f 71 72 73
f 72 74 73
f 73 74 75
f 74 76 75
f 75 76 77
f 76 78 77
f 77 78 79
f 78 80 79
f 79 80 81
f 80 82 81
f 81 82 83
f 82 84 83
f 83 84 85
f 84 86 85
f 85 86 87
f 86 88 87
f 87 88 89
f 88 90 89
f 89 90 91
f 90 92 91
f 91 92 93
f 92 94 93
f 93 94 95
f 94 96 95
f 95 96 97
f 96 98 97
f 97 98 99
f 98 100 99
f 99 100 101
f 100 102 101
f 101 102 103
f 102 104 103
f 103 104 105
f 104 106 105
f 105 106 107
f 106 108 107
f 107 108 109
f 108 110 109
f 109 110 111
f 110 112 111
f 111 112 113
f 112 114 113
f 113 114 115
f 114 116 115
f 115 116 117
f 116 118 117
f 117 118 119
f 118 120 119
f 119 120 121
f 120 122 121
f 121 122 123
f 122 124 123
f 123 124 125
f 124 126 125
f 125 126 127
f 126 128 127
f 127 128 129
f 128 130 129
f 129 130 131
f 130 132 131
f 131 132 133
f 132 134 133
f 133 134 135
f 134 136 135
f 135 136 137
f 136 138 137
f 137 138 139
f 138 140 139
f 139 140 141
f 140 142 141
f 141 142 143
f 142 144 143
f 143 144 1
f 144 2 1
f 66 145 68
f 145 146 68
f 68 146 70
f 146 147 70
f 70 147 72
f 147 148 72
f 72 148 74
f 148 149 74
f 74 149 76
f 149 150 76
f 76 150 78
f 150 151 78
f 78 151 80
f 151 152 80
f 80 152 82
f 152 153 82
f 82 153 84
f 153 154 84
f 84 154 86
f 154 155 86
f 86 155 88
f 155 156 88
f 88 156 90
f 156 157 90
f 90 157 92
f 157 158 92
f 92 158 94
f 158 159 94
f 94 159 96
f 159 160 96
f 96 160 98
f 160 161 98
f 98 161 100
f 161 162 100
f 100 162 102
f 162 163 102
f 102 163 104
f 163 164 104
f 104 164 106
f 164 165 106
f 106 165 108
f 165 166 108
f 108 166 110
f 166 167 110
f 110 167 112
f 167 168 112
f 112 168 114
f 168 169 114
f 114 169 116
f 169 170 116
f 116 170 118
f 170 171 118
f 118 171 120
f 171 172 120
f 120 172 122
f 172 173 122
f 122 173 124
f 173 174 124
f 124 174 126
f 174 175 126
f 126 175 128
f 175 176 128
f 128 176 130
f 176 177 130
f 130 177 132
f 177 178 132
f 132 178 134
f 178 179 134
f 134 179 136
f 179 180 136
f 136 180 138
f 180 181 138
f 138 181 140
f 181 182 140
f 140 182 142
f 182 183 142
f 142 183 144
f 183 184 144
f 144 184 2
f 184 185 2
f 2 185 4
f 185 186 4
f 4 186 6
f 186 187 6
f 6 187 8
f 187 188 8
f 8 188 10
f 188 189 10
f 10 189 12
f 189 190 12
f 12 190 14
f 190 191 14
f 14 191 16
f 191 192 16
f 16 192 18
f 192 193 18
f 18 193 20
f 193 194 20
f 20 194 22
f 194 195 22
f 22 195 24
f 195 196 24
f 24 196 26
f 196 197 26
f 26 197 28
f 197 198 28
f 28 198 30
f 198 199 30
f 30 199 32
f 199 200 32
f 32 200 34
f 200 201 34
f 34 201 36
f 201 202 36
f 36 202 38
f 202 203 38
f 38 203 40
f 203 204 40
f 40 204 42
f 204 205 42
f 42 205 44
f 205 206 44
f 44 206 46
f 206 207 46
f 46 207 48
f 207 208 48
f 48 208 50
f 208 209 50
f 50 209 52
f 209 210 52
f 52 210 54
f 210 211 54
f 54 211 56
f 211 212 56
f 56 212 58
f 212 213 58
f 58 213 60
f 213 214 60
f 60 214 62
f 214 215 62
f 62 215 64
f 215 216 64
f 64 216 66
f 216 145 66
f 5 7 217
f 21 218 19
f 218 219 19
f 19 219 17
f 219 15 17
f 217 7 220
f 7 9 220
f 9 11 220
f 220 11 219
f 11 13 219
f 219 13 15
f 221 222 141
f 141 143 221
f 143 1 221
f 221 1 217
f 1 3 217
f 217 3 5
f 21 23 218
f 23 25 218
f 218 25 223
f 25 27 223
f 223 27 224
f 27 29 224
f 224 29 225
f 29 31 225
f 225 31 226
f 31 33 226
f 226 33 227
f 33 35 227
f 227 35 228
f 35 37 228
f 228 37 229
f 37 39 229
f 229 39 230
f 39 41 230
f 230 41 231
f 41 43 231
f 231 43 232
f 43 45 232
f 232 45 233
f 45 47 233
f 233 47 234
f 47 49 234
f 234 49 235
f 49 51 235
f 235 51 236
f 51 53 236
f 236 53 237
f 53 55 237
f 237 55 238
f 55 57 238
f 238 57 239
f 57 59 239
f 239 59 240
f 59 61 240
f 240 61 241
f 61 63 241
f 241 63 242
f 63 65 242
f 242 65 243
f 65 67 243
f 243 67 244
f 67 69 244
f 244 69 245
f 69 71 245
f 245 71 246
f 71 73 246
f 246 73 247
f 73 75 247
f 247 75 248
f 75 77 248
f 248 77 249
f 77 79 249
f 249 79 250
f 79 81 250
f 250 81 251
f 81 83 251
f 251 83 252
f 83 85 252
f 252 85 253
f 85 87 253
f 253 87 254
f 87 89 254
f 254 89 255
f 89 91 255
f 255 91 256
f 91 93 256
f 256 93 257
f 93 95 257
f 257 95 258
f 95 97 258
f 258 97 259
f 97 99 259
f 259 99 260
f 99 101 260
f 260 101 261
f 101 103 261
f 261 103 262
f 103 105 262
f 262 105 263
f 105 107 263
f 263 107 264
f 107 109 264
f 264 109 265
f 109 111 265
f 265 111 266
f 111 113 266
f 266 113 267
f 113 115 267
f 267 115 268
f 115 117 268
f 268 117 269
f 117 119 269
f 269 119 270
f 119 121 270
f 270 121 271
f 121 123 271
f 271 123 272
f 123 125 272
f 272 125 273
f 125 127 273
f 273 127 274
f 127 129 274
f 274 129 275
f 129 131 275
f 275 131 276
f 131 133 276
f 276 133 277
f 133 135 277
f 277 135 278
f 135 137 278
f 278 137 222
f 137 139 222
f 222 139 141
f 279 280 281
f 281 282 279
f 279 282 283
f 282 284 283
f 285 286 287
f 286 288 287
f 287 288 289
f 288 290 289
f 290 291 289
f 289 291 292
f 291 293 292
f 292 293 284
f 293 294 284
f 284 294 283
f 295 296 297
f 296 298 297
f 297 298 299
f 298 300 299
f 299 300 301
f 300 285 301
f 285 287 301
f 302 303 304
f 305 306 307
f 307 306 308
f 306 309 308
f 308 309 304
f 304 309 302
f 310 311 312
f 311 313 312
f 312 313 314
f 313 315 314
f 314 315 316
f 315 317 316
f 316 317 318
f 307 319 305
f 319 320 305
f 305 320 321
f 320 322 321
f 321 322 323
f 322 324 323
f 323 324 325
f 324 326 325
f 325 326 310
f 326 327 310
f 327 328 310
f 310 328 311
f 318 317 329
f 329 317 330
f 330 317 331
f 317 315 331
f 331 315 295
f 304 279 308
f 279 283 308
f 308 283 307
f 283 294 307
f 307 294 319
f 294 293 319
f 319 293 320
f 293 291 320
f 320 291 322
f 291 290 322
f 322 290 324
f 290 288 324
f 324 288 326
f 288 286 326
f 326 286 327
f 286 285 327
f 327 285 328
f 285 300 328
f 328 300 311
f 300 298 311
f 311 298 313
f 298 296 313
f 313 296 315
f 296 295 315
f 303 332 304
f 332 280 304
f 304 280 279
f 333 334 335
f 336 335 334
f 337 338 339
f 340 341 342
f 341 343 342
f 344 345 342
f 346 347 348
f 348 347 349
f 350 351 352
f 353 354 355
f 356 357 354
f 354 357 358
f 359 360 356
f 356 360 357
f 357 360 361
f 362 359 353
f 359 356 353
f 353 356 354
f 351 363 355
f 363 364 355
f 355 364 353
f 364 365 353
f 353 365 362
f 366 367 363
f 367 368 363
f 363 368 364
f 364 368 365
f 369 366 350
f 366 363 350
f 350 363 351
f 346 370 352
f 370 371 352
f 352 371 350
f 371 372 350
f 350 372 369
f 373 374 370
f 370 374 371
f 371 374 372
f 375 373 348
f 373 370 348
f 348 370 346
f 345 376 349
f 376 377 349
f 349 377 348
f 377 378 348
f 348 378 375
f 379 380 376
f 376 380 377
f 377 380 378
f 381 379 344
f 379 376 344
f 344 376 345
f 342 343 344
f 343 382 344
f 344 382 381
f 383 384 341
f 341 384 343
f 343 384 382
f 385 383 337
f 383 341 337
f 337 341 338
f 341 340 338
f 335 336 339
f 339 336 337
f 336 386 337
f 337 386 385
f 387 388 334
f 334 388 336
f 388 386 336
f 389 390 391
f 390 392 391
f 391 392 393
f 392 394 393
f 393 394 395
f 394 396 395
f 395 396 397
f 396 398 397
f 397 398 399
f 398 400 399
f 399 400 401
f 400 402 401
f 401 402 403
f 402 404 403
f 403 404 405
f 404 406 405
f 405 406 407
f 406 408 407
f 407 408 409
f 408 410 409
f 409 410 411
f 410 412 411
f 412 413 411
f 411 413 414
f 413 415 414
f 414 415 416
f 415 417 416
f 416 417 418
f 419 420 421
f 419 421 422
f 421 423 422
f 422 423 424
f 423 425 424
f 424 425 426
f 425 427 426
f 426 427 428
f 428 427 429
f 427 430 429
f 429 430 431
f 430 432 431
f 431 432 433
f 432 434 433
f 433 434 435
f 434 436 435
f 435 436 437
f 436 438 437
f 437 438 439
f 438 440 439
f 439 440 441
f 440 442 441
f 442 443 441
f 441 443 444
f 443 445 444
f 444 445 446
f 445 447 446
f 446 447 448
f 447 449 448
f 448 449 450
f 449 451 450
f 450 451 452
f 453 454 455
f 456 457 458
f 457 459 458
f 460 458 461
f 460 462 463
f 464 463 465
f 466 467 468
f 468 467 469
f 470 471 472
f 472 471 466
f 473 474 475
f 470 476 474
f 476 475 474
f 477 478 476
f 476 478 475
f 475 478 479
f 480 477 472
f 477 476 472
f 472 476 470
f 481 482 466
f 466 482 472
f 482 483 472
f 472 483 480
f 484 485 481
f 481 485 482
f 482 485 483
f 486 484 468
f 484 481 468
f 468 481 466
f 464 487 469
f 487 488 469
f 469 488 468
f 488 489 468
f 468 489 486
f 490 491 487
f 487 491 488
f 488 491 489
f 492 490 465
f 490 487 465
f 465 487 464
f 462 493 463
f 463 493 465
f 493 494 465
f 465 494 492
f 495 496 462
f 496 497 462
f 462 497 493
f 493 497 494
f 498 495 461
f 495 462 461
f 461 462 460
f 458 459 461
f 459 499 461
f 461 499 498
f 500 501 457
f 457 501 459
f 459 501 499
f 502 500 453
f 500 457 453
f 453 457 454
f 457 456 454
f 503 504 455
f 504 505 455
f 455 505 453
f 505 506 453
f 453 506 502
f 507 508 504
f 504 508 505
f 505 508 506
f 509 510 511
f 509 511 512
f 511 513 512
f 512 513 514
f 513 515 514
f 514 515 516
f 516 515 517
f 515 518 517
f 517 518 519
f 518 520 519
f 519 520 521
f 520 522 521
f 521 522 523
f 523 522 524
f 522 525 524
f 524 525 526
f 526 525 527
f 525 528 527
f 527 528 529
f 528 530 529
f 529 530 531
f 530 532 531
f 531 532 533
f 533 532 534
f 532 535 534
f 534 535 536
f 537 538 539
f 538 540 539
f 541 538 537
f 542 543 544
f 543 541 544
f 545 546 542
f 546 543 542
f 547 548 546
f 549 550 547
f 547 550 548
f 551 550 549
f 552 553 554
f 555 556 557
f 558 556 554
f 556 555 554
f 554 555 552
f 552 555 559
f 558 554 560
f 554 561 560
f 553 551 554
f 554 551 561
f 551 549 561
f 561 549 560
f 549 562 560
f 562 549 563
f 549 547 563
f 563 547 564
f 546 545 547
f 545 565 547
f 547 565 564
f 545 542 565
f 565 542 566
f 566 542 567
f 542 544 567
f 537 544 541
f 544 568 567
f 544 537 568
f 568 537 569
f 537 539 569
f 569 539 570
f 571 572 573
f 572 574 573
f 575 573 574
f 576 577 578
f 577 575 578
f 578 575 574
f 579 580 581
f 580 576 581
f 582 583 579
f 583 580 579
f 584 585 583
f 586 587 584
f 584 587 585
f 588 587 586
f 589 590 591
f 592 593 594
f 595 593 591
f 593 592 591
f 591 592 589
f 595 591 596
f 591 597 596
f 590 588 591
f 591 588 597
f 588 586 597
f 597 586 596
f 586 598 596
f 598 586 599
f 586 584 599
f 599 584 600
f 583 582 584
f 582 601 584
f 584 601 600
f 582 579 601
f 601 579 602
f 579 581 602
f 578 581 576
f 581 603 602
f 581 578 603
f 603 578 604
f 578 574 604
f 604 574 605
f 574 572 605
f 605 572 606
f 607 608 609
f 609 608 610
f 608 611 610
f 610 611 612
f 612 611 613
f 611 614 613
f 613 614 615
f 614 616 615
f 615 616 617
f 616 618 617
f 617 618 619
f 619 618 620
f 618 621 620
f 620 621 622
f 622 621 623
f 621 624 623
f 623 624 625
f 624 626 625
f 625 626 627
f 626 628 627
f 627 628 629
f 629 628 630
f 628 631 630
f 630 631 632
f 633 634 635
f 636 637 638
f 639 640 641
f 640 642 641
f 643 644 645
f 646 647 648
f 648 647 649
f 650 651 652
f 652 651 646
f 653 654 655
f 655 654 656
f 657 658 653
f 653 658 654
f 654 658 659
f 650 660 655
f 660 661 655
f 655 661 653
f 661 662 653
f 653 662 657
f 663 664 660
f 660 664 661
f 661 664 662
f 665 663 652
f 663 660 652
f 652 660 650
f 666 667 646
f 646 667 652
f 667 668 652
f 652 668 665
f 669 670 666
f 670 671 666
f 666 671 667
f 671 672 667
f 667 672 668
f 673 669 648
f 669 666 648
f 648 666 646
f 645 644 649
f 644 674 649
f 649 674 648
f 674 675 648
f 648 675 673
f 676 677 643
f 643 677 644
f 677 678 644
f 644 678 674
f 674 678 675
f 679 676 680
f 676 643 680
f 680 643 681
f 643 645 681
f 641 642 681
f 681 642 680
f 642 682 680
f 680 682 679
f 683 684 640
f 640 684 642
f 642 684 682
f 685 683 636
f 683 640 636
f 636 640 637
f 640 639 637
f 635 634 638
f 634 686 638
f 638 686 636
f 686 687 636
f 636 687 685
f 688 689 634
f 634 689 686
f 686 689 687
f 690 691 692
f 690 692 693
f 692 694 693
f 693 694 695
f 695 694 696
f 694 697 696
f 696 697 698
f 697 699 698
f 698 699 700
f 700 699 701
f 699 702 701
f 701 702 703
f 702 704 703
f 703 704 705
f 705 704 706
f 704 707 706
f 706 707 708
f 707 709 708
f 708 709 710
f 709 711 710
f 710 711 712
f 711 713 712
f 712 713 714
f 713 715 714
f 714 715 716
f 715 717 716
f 716 717 718
f 718 717 719
f 717 720 719
f 719 720 721
f 720 722 721
f 721 722 723
f 724 725 726
f 725 727 726
f 726 727 728
f 727 729 728
f 728 729 730
f 729 731 730
f 730 731 732
f 731 733 732
f 732 733 734
f 733 735 734
f 734 735 736
f 735 737 736
f 736 737 738
f 737 739 738
f 738 739 740
f 739 741 740
f 740 741 742
f 741 743 742
f 742 743 744
f 743 745 744
f 744 745 746
f 745 747 746
f 746 747 748
f 747 749 748
f 749 750 748
f 748 750 751
f 750 752 751
f 751 752 753
f 752 754 753
f 753 754 755
f 754 756 755
f 755 756 757
f 757 756 758
f 759 760 761
f 762 761 760
f 763 764 761
f 765 766 767
f 768 769 770
f 771 772 773
f 774 775 776
f 777 778 779
f 774 780 778
f 780 779 778
f 781 782 780
f 780 782 779
f 779 782 783
f 784 781 776
f 781 780 776
f 776 780 774
f 771 785 775
f 785 786 775
f 775 786 776
f 786 787 776
f 776 787 784
f 788 789 785
f 785 789 786
f 786 789 787
f 790 788 773
f 788 785 773
f 773 785 771
f 768 791 772
f 791 792 772
f 772 792 773
f 792 793 773
f 773 793 790
f 794 795 791
f 791 795 792
f 792 795 793
f 796 794 770
f 794 791 770
f 770 791 768
f 765 797 769
f 797 798 769
f 769 798 770
f 798 799 770
f 770 799 796
f 800 801 797
f 801 802 797
f 797 802 798
f 798 802 799
f 803 800 767
f 800 797 767
f 767 797 765
f 804 805 766
f 805 806 766
f 766 806 767
f 806 807 767
f 767 807 803
f 808 809 805
f 805 809 806
f 809 810 806
f 806 810 807
f 811 808 763
f 808 805 763
f 763 805 764
f 805 804 764
f 761 762 763
f 762 812 763
f 763 812 811
f 813 814 760
f 760 814 762
f 814 812 762
f 815 816 817
f 816 818 817
f 819 816 815
f 820 821 822
f 821 819 822
f 823 824 820
f 824 821 820
f 825 826 824
f 827 828 825
f 825 828 826
f 829 828 827
f 830 831 832
f 833 834 835
f 836 834 832
f 834 833 832
f 832 833 830
f 836 832 837
f 832 838 837
f 831 829 832
f 832 829 838
f 829 827 838
f 838 827 837
f 827 839 837
f 839 827 840
f 827 825 840
f 840 825 841
f 824 823 825
f 823 842 825
f 825 842 841
f 823 820 842
f 842 820 843
f 843 820 844
f 820 822 844
f 815 822 819
f 822 845 844
f 822 815 845
f 845 815 846
f 815 817 846
f 846 817 847
f 848 849 850
f 848 850 851
f 850 852 851
f 851 852 853
f 853 852 854
f 852 855 854
f 854 855 856
f 856 855 857
f 855 858 857
f 857 858 859
f 858 860 859
f 859 860 861
f 860 862 861
f 861 862 863
f 862 864 863
f 863 864 865
f 864 866 865
f 865 866 867
f 866 868 867
f 867 868 869
f 868 870 869
f 869 870 871
f 870 872 871
f 872 873 871
f 871 873 874
f 873 875 874
f 874 875 876
f 875 877 876
f 876 877 878
f 878 877 879
f 877 880 879
f 879 880 881
f 882 883 884
f 882 884 885
f 885 884 886
f 884 887 886
f 886 887 888
f 887 889 888
f 888 889 890
f 889 891 890
f 890 891 892
f 892 891 893
f 891 894 893
f 893 894 895
f 894 896 895
f 895 896 897
f 896 898 897
f 897 898 899
f 898 900 899
f 900 901 899
f 899 901 902
f 901 903 902
f 902 903 904
f 903 905 904
f 904 905 906
f 905 907 906
f 906 907 908
f 907 909 908
f 909 910 908
f 908 910 911
f 910 912 911
f 911 912 913
f 912 914 913
f 914 915 913
f 913 915 916
f 917 918 919
f 918 920 919
f 921 918 917
f 922 923 924
f 923 921 924
f 925 926 922
f 926 923 922
f 927 928 926
f 929 930 927
f 927 930 928
f 931 930 929
f 932 933 934
f 935 936 937
f 938 936 934
f 936 935 934
f 934 935 932
f 938 934 939
f 934 940 939
f 933 931 934
f 934 931 940
f 931 929 940
f 940 929 939
f 929 941 939
f 941 929 942
f 929 927 942
f 942 927 943
f 926 925 927
f 925 944 927
f 927 944 943
f 925 922 944
f 944 922 945
f 922 924 945
f 917 924 921
f 924 946 945
f 924 917 946
f 946 917 947
f 917 919 947
f 947 919 948
f 948 919 949
f 950 951 952
f 953 952 951
f 954 955 956
f 957 958 959
f 958 960 959
f 961 962 959
f 963 964 965
f 965 964 966
f 967 968 969
f 969 968 963
f 970 971 972
f 973 974 971
f 971 974 975
f 975 974 976
f 974 977 976
f 976 977 978
f 979 980 973
f 973 980 974
f 974 980 977
f 981 979 970
f 979 973 970
f 970 973 971
f 967 982 972
f 982 983 972
f 972 983 970
f 983 984 970
f 970 984 981
f 985 986 982
f 986 987 982
f 982 987 983
f 983 987 984
f 988 985 969
f 985 982 969
f 969 982 967
f 989 990 963
f 963 990 969
f 990 991 969
f 969 991 988
f 992 993 989
f 989 993 990
f 990 993 991
f 994 992 965
f 992 989 965
f 965 989 963
f 962 995 966
f 995 996 966
f 966 996 965
f 996 997 965
f 965 997 994
f 998 999 995
f 995 999 996
f 996 999 997
f 1000 998 961
f 998 995 961
f 961 995 962
f 959 960 961
f 960 1001 961
f 961 1001 1000
f 1002 1003 958
f 958 1003 960
f 960 1003 1001
f 1004 1002 954
f 1002 958 954
f 954 958 955
f 958 957 955
f 952 953 956
f 956 953 954
f 953 1005 954
f 954 1005 1004
f 1006 1007 951
f 951 1007 953
f 1007 1005 953
f 1008 1009 1010
f 1008 1010 1011
f 1010 1012 1011
f 1011 1012 1013
f 1013 1012 1014
f 1012 1015 1014
f 1014 1015 1016
f 1015 1017 1016
f 1016 1017 1018
f 1017 1019 1018
f 1018 1019 1020
f 1019 1021 1020
f 1020 1021 1022
f 1022 1021 1023
f 1021 1024 1023
f 1023 1024 1025
f 1024 1026 1025
f 1025 1026 1027
f 1026 1028 1027
f 1027 1028 1029
f 1028 1030 1029
f 1029 1030 1031
f 1030 1032 1031
f 1031 1032 1033
f 1033 1032 1034
f 1032 1035 1034
f 1034 1035 1036
f 1037 1038 1039
f 1039 1038 1040
f 1040 1038 1041
f 1038 1042 1041
f 1041 1042 1043
f 1043 1042 1044
f 1042 1045 1044
f 1044 1045 1046
f 1045 1047 1046
f 1046 1047 1048
f 1048 1047 1049
f 1047 1050 1049
f 1049 1050 1051
f 1051 1050 1052
f 1050 1053 1052
f 1052 1053 1054
f 1054 1053 1055
f 1053 1056 1055
f 1055 1056 1057
f 1056 1058 1057
f 1057 1058 1059
f 1059 1058 1060
f 475 479 1061
f 1062 570 539
f 475 1061 473
f 473 1061 1063
f 1061 1064 1063
f 1063 1064 1065
f 1064 1066 1065
f 1065 1066 1067
f 1066 1068 1067
f 1067 1068 1069
f 1068 1070 1069
f 1069 1070 1071
f 1070 1072 1071
f 1071 1072 1073
f 1072 1074 1073
f 1073 1074 1075
f 1074 1076 1075
f 1075 1076 1077
f 1076 1078 1077
f 1077 1078 1079
f 1078 1080 1079
f 1079 1080 1081
f 1080 1082 1081
f 1081 1082 1083
f 1082 1084 1083
f 1083 1084 1085
f 1084 1086 1085
f 1085 1086 1087
f 1086 1088 1087
f 1087 1088 1089
f 1088 1090 1089
f 1089 1090 1091
f 1090 1062 1091
f 1091 1062 1092
f 1062 539 1092
f 1092 539 540
f 1093 1094 1095
f 1094 1096 1095
f 1097 1098 1099
f 1098 1100 1099
f 1101 1099 1102
f 1099 1100 1102
f 1097 1103 1098
f 1103 1104 1098
f 1103 1105 1104
f 1105 1106 1104
f 1107 1108 1105
f 1108 1106 1105
f 1109 1110 1107
f 1110 1108 1107
f 1111 1112 1109
f 1112 1110 1109
f 1111 1101 1112
f 1101 1102 1112
f 1110 1112 1108
f 1112 1102 1108
f 1108 1102 1106
f 1102 1100 1106
f 1106 1100 1104
f 1100 1098 1104
f 1113 1114 1115
f 1114 1116 1115
f 1115 1116 1117
f 1116 1118 1117
f 1117 1118 1119
f 1120 1121 1122
f 1119 1118 1123
f 1118 1124 1123
f 1123 1124 1125
f 1124 1126 1125
f 1125 1126 1127
f 1126 1128 1127
f 1127 1128 1120
f 1128 1129 1120
f 1120 1129 1121
f 1130 1131 1132
f 1131 1133 1132
f 1122 1121 1134
f 1121 1135 1134
f 1134 1135 1136
f 1135 1137 1136
f 1136 1137 1138
f 1137 1139 1138
f 1138 1139 1140
f 1139 1141 1140
f 1140 1141 1142
f 1141 1143 1142
f 1142 1143 1130
f 1143 1144 1130
f 1130 1144 1131
f 1145 1146 1147
f 1146 1148 1147
f 1132 1133 1149
f 1133 1150 1149
f 1149 1150 1151
f 1150 1152 1151
f 1151 1152 1153
f 1152 1154 1153
f 1153 1154 1155
f 1154 1156 1155
f 1155 1156 1157
f 1156 1158 1157
f 1157 1158 1159
f 1158 1160 1159
f 1159 1160 1148
f 1160 1147 1148
f 1161 1162 1163
f 1162 1164 1163
f 1163 1164 1165
f 1165 1164 1166
f 1164 1167 1166
f 1164 1168 1167
f 1168 1169 1167
f 1167 1169 1170
f 1169 1171 1170
f 1170 1171 1172
f 1171 1173 1172
f 1172 1173 1174
f 1173 1175 1174
f 1174 1175 1176
f 1175 1177 1176
f 1176 1177 1178
f 1177 1179 1178
f 1178 1179 1180
f 1179 1181 1180
f 1180 1181 1182
f 1181 1183 1182
f 1182 1183 1184
f 1183 1185 1184
f 1184 1185 1186
f 1185 1187 1186
f 1186 1187 1188
f 1187 1189 1188
f 1188 1189 1190
f 1189 1191 1190
f 1190 1191 1192
f 1191 1193 1192
f 1192 1193 1194
f 1193 1195 1194
f 1194 1195 1196
f 1195 1197 1196
f 1196 1197 1198
f 1197 1199 1198
f 1198 1199 1200
f 1114 1113 1201
f 1113 1202 1201
f 1201 1202 1203
f 1203 1202 1204
f 1202 1205 1204
f 1204 1205 1206
f 1205 1207 1206
f 1206 1207 1208
f 1207 1209 1208
f 1208 1209 1210
f 1209 1211 1210
f 1210 1211 1212
f 1211 1213 1212
f 1212 1213 1214
f 1213 1215 1214
f 1214 1215 1216
f 1215 1217 1216
f 1216 1217 1218
f 1217 1219 1218
f 1218 1219 1220
f 1221 1222 1223
f 1222 1224 1223
f 1223 1224 1225
f 1224 1226 1225
f 1225 1226 1227
f 1226 1228 1227
f 1227 1228 1229
f 1228 1230 1229
f 1229 1230 1231
f 1230 1232 1231
f 1231 1232 1233
f 1232 1234 1233
f 1233 1234 1235
f 1234 1236 1235
f 1235 1236 1237
f 1236 1220 1237
f 1237 1220 1238
f 1220 1219 1238
f 1223 1239 1221
f 1221 1239 1240
f 1239 1241 1240
f 1240 1241 1242
f 1241 1243 1242
f 1242 1243 1244
f 1243 1245 1244
f 1244 1245 1246
f 1245 1247 1246
f 1246 1247 1248
f 1249 1250 1251
f 1252 1253 1254
f 1252 1254 1255
f 1254 1256 1255
f 1255 1256 1257
f 1256 1258 1257
f 1257 1258 1259
f 1253 1252 1260
f 1252 1261 1260
f 1261 1262 1260
f 1260 1262 1263
f 1262 1264 1263
f 1263 1264 1265
f 1264 1266 1265
f 1266 1267 1265
f 1265 1267 1268
f 1267 1269 1268
f 1268 1269 1270
f 1269 1271 1270
f 1270 1271 1272
f 1271 1273 1272
f 1272 1273 1274
f 1273 1275 1274
f 1274 1275 1276
f 1275 1277 1276
f 1276 1277 1278
f 1277 1279 1278
f 1278 1279 1280
f 1279 1281 1280
f 1280 1281 1282
f 1281 1283 1282
f 1282 1283 1284
f 1283 1285 1284
f 1284 1285 1286
f 1286 1285 1287
f 1285 1288 1287
f 1287 1288 1289
f 1288 1290 1289
f 1289 1290 1291
f 1290 1292 1291
f 1291 1292 1293
f 1292 1294 1293
f 1293 1294 1295
f 1294 1296 1295
f 1296 1297 1295
f 1295 1297 1298
f 1298 1297 1299
f 1297 1300 1299
f 1299 1300 1301
f 1300 1302 1301
f 1301 1302 1303
f 1302 1304 1303
f 1304 1302 1305
f 1302 1306 1305
f 1305 1306 1307
f 1306 1308 1307
f 1308 1309 1307
f 1307 1309 1310
f 1309 1311 1310
f 1249 1251 1311
f 1251 1312 1311
f 1312 1313 1311
f 1311 1313 1310
f 1199 1146 1200
f 1146 1145 1200
f 1314 1315 1316
f 1315 1317 1316
f 1162 1161 1318
f 1161 1319 1318
f 1318 1319 1320
f 1319 1321 1320
f 1320 1321 1322
f 1321 1323 1322
f 1322 1323 1324
f 1323 1325 1324
f 1324 1325 1326
f 1325 1327 1326
f 1326 1327 1315
f 1327 1328 1315
f 1315 1328 1317
f 1329 1330 1331
f 1330 1332 1331
f 1331 1332 1333
f 1332 1334 1333
f 1333 1334 1335
f 1334 1336 1335
f 1335 1336 1337
f 1336 1338 1337
f 1337 1338 1339
f 1338 1340 1339
f 1339 1340 1341
f 1340 1342 1341
f 1341 1342 1343
f 1342 1344 1343
f 1343 1344 1345
f 1344 1346 1345
f 1345 1346 1347
f 1346 1348 1347
f 1346 1349 1348
f 1349 1350 1348
f 1348 1350 1351
f 1350 1352 1351
f 1350 1353 1352
f 1353 1354 1352
f 1352 1354 1355
f 1354 1356 1355
f 1356 1357 1355
f 1357 1358 1355
f 1355 1358 1359
f 1358 1360 1359
f 1359 1360 1361
f 1360 1362 1361
f 1360 1363 1362
f 1363 1364 1362
f 1362 1364 1365
f 1364 1366 1365
f 1367 1368 1369
f 1368 1370 1369
f 1369 1370 1371
f 1370 1366 1371
f 1371 1366 1372
f 1366 1364 1372
f 1373 1374 1367
f 1374 1375 1367
f 1367 1375 1368
f 1367 1376 1373
f 1376 1377 1373
f 1373 1377 1378
f 1377 1379 1378
f 1378 1379 1380
f 1379 1315 1380
f 1380 1315 1314
f 1381 1382 1383
f 1384 1385 1386
f 1386 1387 1384
f 1387 1388 1384
f 1384 1388 1389
f 1388 1390 1389
f 1389 1390 1391
f 1390 1392 1391
f 1391 1392 1393
f 1392 1394 1393
f 1393 1394 1395
f 1394 1396 1395
f 1395 1396 1397
f 1396 1398 1397
f 1397 1398 1399
f 1398 1400 1399
f 1399 1400 1401
f 1400 1402 1401
f 1401 1402 1403
f 1402 1404 1403
f 1403 1404 1405
f 1404 1406 1405
f 1405 1406 1407
f 1406 1408 1407
f 1407 1408 1409
f 1408 1410 1409
f 1409 1410 1411
f 1410 1412 1411
f 1411 1412 1413
f 1412 1414 1413
f 1413 1414 1415
f 1414 1381 1415
f 1415 1381 1416
f 1381 1383 1416
f 1416 1383 1417
f 1418 1419 1420
f 1419 1421 1420
f 1420 1421 1422
f 1418 1423 1419
f 1423 1424 1419
f 1419 1424 1425
f 1425 1426 1419
f 1426 1427 1419
f 1419 1427 1428
f 1422 1421 1429
f 1421 1430 1429
f 1428 1431 1419
f 1419 1431 1432
f 1330 1329 1433
f 1329 1434 1433
f 1433 1434 1435
f 1434 1436 1435
f 1435 1436 1437
f 1436 1438 1437
f 1437 1438 1439
f 1438 1440 1439
f 1439 1440 1441
f 1440 1442 1441
f 1441 1442 1430
f 1442 1429 1430
f 779 783 1443
f 1444 847 817
f 779 1443 777
f 777 1443 1445
f 1443 1446 1445
f 1445 1446 1447
f 1446 1448 1447
f 1447 1448 1449
f 1448 1450 1449
f 1449 1450 1451
f 1450 1452 1451
f 1451 1452 1453
f 1452 1454 1453
f 1453 1454 1455
f 1454 1456 1455
f 1455 1456 1457
f 1456 1458 1457
f 1457 1458 1459
f 1458 1460 1459
f 1459 1460 1461
f 1460 1462 1461
f 1461 1462 1463
f 1462 1464 1463
f 1463 1464 1465
f 1464 1466 1465
f 1465 1466 1467
f 1466 1468 1467
f 1467 1468 1469
f 1468 1470 1469
f 1469 1470 1471
f 1470 1472 1471
f 1471 1472 1473
f 1472 1444 1473
f 1473 1444 1474
f 1444 817 1474
f 1474 817 818
f 1475 1419 1432
f 1476 1475 1477
f 1478 1479 1480
f 1481 1482 1480
f 1482 1483 1480
f 1480 1483 1478
f 1484 1485 1481
f 1485 1486 1481
f 1481 1486 1482
f 1487 1488 1489
f 1488 1490 1489
f 1489 1490 1491
f 1490 1492 1491
f 1491 1492 1484
f 1492 1485 1484
f 1493 1494 1495
f 1494 1496 1495
f 1495 1496 1487
f 1496 1497 1487
f 1487 1497 1488
f 1493 1498 1494
f 1494 1498 1499
f 1498 1500 1499
f 1499 1500 1501
f 1500 1502 1501
f 1501 1502 1503
f 1502 1504 1503
f 1503 1504 1505
f 1504 1506 1505
f 1505 1506 1507
f 1506 1508 1507
f 1509 1510 1511
f 1510 1512 1511
f 1511 1512 1508
f 1508 1512 1507
f 1513 1514 1515
f 1514 1516 1515
f 1516 1517 1515
f 1515 1517 1518
f 1518 1517 1509
f 1517 1519 1509
f 1509 1519 1510
f 1520 1521 1522
f 1515 1523 1513
f 1523 1524 1513
f 1513 1524 1525
f 1524 1522 1525
f 1525 1522 1521
f 1526 1527 1528
f 1528 1529 1526
f 1529 1530 1526
f 1526 1530 1522
f 1522 1530 1520
f 1527 1526 1531
f 1526 1532 1531
f 1533 1534 1532
f 1534 1531 1532
f 1535 1536 1537
f 1536 1538 1537
f 1538 1539 1537
f 1539 1540 1537
f 1537 1540 1533
f 1533 1540 1534
f 1541 1542 1543
f 1543 1542 1544
f 1535 1541 1536
f 1536 1541 1545
f 1541 1543 1545
f 1476 1477 1544
f 1477 1546 1544
f 1544 1546 1543
f 1432 1547 1475
f 1475 1547 1477
f 935 937 1548
f 1549 1006 951
f 935 1548 932
f 932 1548 1550
f 1548 1551 1550
f 1550 1551 1552
f 1551 1553 1552
f 1552 1553 1554
f 1553 1555 1554
f 1554 1555 1556
f 1555 1557 1556
f 1556 1557 1558
f 1557 1559 1558
f 1558 1559 1560
f 1559 1561 1560
f 1560 1561 1562
f 1561 1563 1562
f 1562 1563 1564
f 1563 1565 1564
f 1564 1565 1566
f 1565 1567 1566
f 1566 1567 1568
f 1567 1569 1568
f 1568 1569 1570
f 1569 1571 1570
f 1570 1571 1572
f 1571 1573 1572
f 1572 1573 1574
f 1573 1575 1574
f 1574 1575 1576
f 1575 1577 1576
f 1576 1577 1578
f 1577 1549 1578
f 1578 1549 1579
f 1549 951 1579
f 1579 951 950
f 1580 1319 1161
f 1166 1581 1165
f 1581 1580 1165
f 1165 1580 1163
f 1580 1161 1163
f 1580 1582 1319
f 1582 1583 1319
f 1319 1583 1321
f 1583 1584 1321
f 1584 1585 1321
f 1321 1585 1323
f 1585 1586 1323
f 1586 1587 1323
f 1323 1587 1325
f 1587 1588 1325
f 1588 1589 1325
f 1325 1589 1327
f 1589 1590 1327
f 1590 1591 1327
f 1327 1591 1328
f 1591 1592 1328
f 1592 1593 1328
f 1328 1593 1317
f 1593 1594 1317
f 1594 1595 1317
f 1317 1595 1316
f 1378 1380 1596
f 1380 1314 1596
f 1596 1314 1597
f 1314 1316 1597
f 1597 1316 1598
f 1316 1595 1598
f 1370 1368 1599
f 1368 1375 1599
f 1599 1375 1600
f 1375 1374 1600
f 1600 1374 1596
f 1374 1373 1596
f 1596 1373 1378
f 1351 1352 1601
f 1352 1355 1601
f 1601 1355 1359
f 1359 1361 1601
f 1361 1362 1601
f 1601 1362 1602
f 1362 1365 1602
f 1602 1365 1599
f 1365 1366 1599
f 1599 1366 1370
f 1329 1331 1603
f 1331 1333 1603
f 1603 1333 1604
f 1333 1601 1604
f 1333 1335 1601
f 1335 1337 1601
f 1601 1337 1339
f 1339 1341 1601
f 1341 1343 1601
f 1601 1343 1345
f 1345 1347 1601
f 1347 1348 1601
f 1601 1348 1351
f 1434 1329 1605
f 1329 1603 1605
f 1605 1603 1606
f 1603 1607 1606
f 1606 1607 1608
f 1607 1609 1608
f 1608 1609 1610
f 1609 1611 1610
f 1610 1611 1612
f 1611 1613 1612
f 1612 1613 1614
f 1613 1615 1614
f 1614 1615 1616
f 1615 1617 1616
f 1616 1617 1618
f 1617 1619 1618
f 1618 1619 1620
f 1619 1621 1620
f 1620 1621 1622
f 1621 1623 1622
f 1622 1623 1624
f 1623 1625 1624
f 1626 1627 1628
f 1627 1629 1628
f 1628 1629 1630
f 1629 1631 1630
f 1630 1631 1632
f 1631 1633 1632
f 1632 1633 1634
f 1633 1635 1634
f 1627 1626 1636
f 1626 1637 1636
f 1636 1637 1638
f 1637 1639 1638
f 1638 1639 1640
f 1639 1641 1640
f 1641 1642 1640
f 1640 1642 1643
f 1642 1644 1643
f 1643 1644 1645
f 1644 1646 1645
f 1645 1646 1647
f 1648 1649 1650
f 1649 1651 1650
f 1650 1651 1652
f 1647 1646 1653
f 1646 1654 1653
f 1653 1654 1655
f 1654 1656 1655
f 1655 1656 1657
f 1656 1658 1657
f 1657 1658 1648
f 1658 1659 1648
f 1659 1660 1648
f 1648 1660 1649
f 1652 1651 1661
f 1651 1662 1661
f 1661 1662 1663
f 1662 1664 1663
f 1663 1664 1665
f 1666 1667 1668
f 1664 1669 1665
f 1669 1670 1665
f 1665 1670 1671
f 1670 1672 1671
f 1671 1672 1673
f 1672 1674 1673
f 1673 1674 1668
f 1674 1675 1668
f 1668 1675 1666
f 1666 1676 1667
f 1667 1676 1677
f 1676 1678 1677
f 1678 1679 1677
f 1677 1679 1680
f 1679 1681 1680
f 1680 1681 1682
f 1681 1683 1682
f 1682 1683 1684
f 1683 1685 1684
f 1684 1685 1686
f 1685 1687 1686
f 1686 1687 1688
f 1687 1689 1688
f 1688 1689 1690
f 1689 1691 1690
f 1691 1692 1690
f 1690 1692 1693
f 1692 1694 1693
f 1693 1694 1695
f 1694 1696 1695
f 1695 1696 1697
f 1696 1698 1697
f 1697 1698 1699
f 1436 1434 1605
f 1436 1605 1438
f 1606 1700 1605
f 1700 1440 1605
f 1605 1440 1438
f 1429 1442 1701
f 1442 1440 1701
f 1701 1440 1702
f 1440 1700 1702
f 1702 1700 1703
f 1700 1704 1703
f 1705 1706 1707
f 1707 1706 1708
f 1709 1710 1711
f 1710 1712 1711
f 1711 1712 1713
f 1713 1712 1714
f 1712 1715 1714
f 1714 1715 1716
f 1606 1608 1700
f 1608 1708 1700
f 1700 1708 1704
f 1708 1706 1704
f 1614 1707 1612
f 1707 1708 1612
f 1612 1708 1610
f 1708 1608 1610
f 1614 1616 1707
f 1616 1710 1707
f 1707 1710 1705
f 1710 1709 1705
f 1624 1715 1622
f 1715 1712 1622
f 1622 1712 1620
f 1712 1710 1620
f 1620 1710 1618
f 1710 1616 1618
f 504 503 1717
f 1718 1719 1720
f 1718 1720 1721
f 507 504 1722
f 504 1717 1722
f 1722 1717 1720
f 1717 1723 1720
f 1720 1723 1721
f 1724 1725 1726
f 1621 1619 1727
f 1617 1615 1728
f 1613 1611 1729
f 1609 1607 1730
f 1603 1604 1731
f 1601 1602 1732
f 1599 1600 1733
f 1596 1597 1734
f 1598 1595 1735
f 1594 1593 1736
f 1592 1591 1737
f 1590 1589 1738
f 1588 1587 1739
f 1586 1585 1740
f 1584 1583 1741
f 1582 1580 1742
f 1580 1581 1743
f 1625 1623 1744
f 1580 1743 1742
f 1743 1745 1742
f 1742 1745 1746
f 1745 1747 1746
f 1747 1748 1746
f 1746 1748 1749
f 1748 1750 1749
f 1750 1751 1749
f 1749 1751 1752
f 1751 1753 1752
f 1752 1753 1754
f 1753 1755 1754
f 1755 1756 1754
f 1754 1756 1757
f 1756 1758 1757
f 1758 1759 1757
f 1757 1759 1760
f 1759 1761 1760
f 1761 1762 1760
f 1760 1762 1763
f 1762 1764 1763
f 1763 1764 1765
f 1764 1766 1765
f 1766 1767 1765
f 1765 1767 1768
f 1767 1769 1768
f 1769 1770 1768
f 1768 1770 1771
f 1770 1772 1771
f 1772 1773 1771
f 1771 1773 1774
f 1773 1775 1774
f 1775 1776 1774
f 1774 1776 1777
f 1776 1778 1777
f 1777 1778 1779
f 1778 1780 1779
f 1779 1780 1781
f 1780 1782 1781
f 1781 1782 1783
f 1782 1784 1783
f 1783 1784 1785
f 1784 1786 1785
f 1787 1788 1786
f 1788 1789 1786
f 1786 1789 1785
f 1787 1790 1788
f 1790 1791 1788
f 1788 1791 1792
f 1791 1793 1792
f 1793 1794 1792
f 1792 1794 1795
f 1794 1796 1795
f 1795 1796 1797
f 1796 1798 1797
f 1798 1799 1797
f 1799 1800 1797
f 1797 1800 1795
f 1800 1801 1795
f 1795 1801 1792
f 1801 1802 1792
f 1792 1802 1788
f 1802 1803 1788
f 1788 1803 1789
f 1803 1804 1789
f 1789 1804 1785
f 1804 1805 1785
f 1785 1805 1783
f 1805 1806 1783
f 1783 1806 1781
f 1806 1807 1781
f 1781 1807 1779
f 1807 1808 1779
f 1779 1808 1777
f 1808 1809 1777
f 1777 1809 1774
f 1809 1810 1774
f 1774 1810 1771
f 1810 1811 1771
f 1771 1811 1768
f 1811 1812 1768
f 1768 1812 1765
f 1812 1813 1765
f 1765 1813 1763
f 1813 1814 1763
f 1763 1814 1760
f 1814 1815 1760
f 1760 1815 1757
f 1815 1816 1757
f 1757 1816 1754
f 1816 1817 1754
f 1754 1817 1752
f 1817 1818 1752
f 1752 1818 1749
f 1818 1819 1749
f 1749 1819 1746
f 1819 1820 1746
f 1746 1820 1742
f 1820 1741 1742
f 1742 1741 1582
f 1741 1583 1582
f 1799 1821 1800
f 1821 1822 1800
f 1800 1822 1801
f 1822 1823 1801
f 1801 1823 1802
f 1823 1824 1802
f 1802 1824 1803
f 1824 1825 1803
f 1803 1825 1804
f 1825 1826 1804
f 1804 1826 1805
f 1826 1827 1805
f 1805 1827 1806
f 1827 1828 1806
f 1806 1828 1807
f 1828 1829 1807
f 1807 1829 1808
f 1829 1830 1808
f 1808 1830 1809
f 1830 1831 1809
f 1809 1831 1810
f 1831 1832 1810
f 1810 1832 1811
f 1832 1833 1811
f 1811 1833 1812
f 1833 1834 1812
f 1812 1834 1813
f 1834 1835 1813
f 1813 1835 1814
f 1835 1836 1814
f 1814 1836 1815
f 1836 1837 1815
f 1815 1837 1816
f 1837 1838 1816
f 1816 1838 1817
f 1838 1839 1817
f 1817 1839 1818
f 1839 1840 1818
f 1818 1840 1819
f 1840 1841 1819
f 1819 1841 1820
f 1841 1842 1820
f 1820 1842 1741
f 1842 1740 1741
f 1741 1740 1584
f 1740 1585 1584
f 1821 1843 1822
f 1843 1844 1822
f 1822 1844 1823
f 1844 1845 1823
f 1823 1845 1824
f 1845 1846 1824
f 1824 1846 1825
f 1846 1847 1825
f 1825 1847 1826
f 1847 1848 1826
f 1826 1848 1827
f 1848 1849 1827
f 1827 1849 1828
f 1849 1850 1828
f 1828 1850 1829
f 1850 1851 1829
f 1829 1851 1830
f 1851 1852 1830
f 1830 1852 1831
f 1852 1853 1831
f 1831 1853 1832
f 1853 1854 1832
f 1832 1854 1833
f 1854 1855 1833
f 1833 1855 1834
f 1855 1856 1834
f 1834 1856 1835
f 1856 1857 1835
f 1835 1857 1836
f 1857 1858 1836
f 1836 1858 1837
f 1858 1859 1837
f 1837 1859 1838
f 1859 1860 1838
f 1838 1860 1839
f 1860 1861 1839
f 1839 1861 1840
f 1861 1862 1840
f 1840 1862 1841
f 1862 1863 1841
f 1841 1863 1842
f 1863 1864 1842
f 1842 1864 1740
f 1864 1739 1740
f 1740 1739 1586
f 1739 1587 1586
f 1843 1865 1844
f 1865 1866 1844
f 1844 1866 1845
f 1866 1867 1845
f 1845 1867 1846
f 1867 1868 1846
f 1846 1868 1847
f 1868 1869 1847
f 1847 1869 1848
f 1869 1870 1848
f 1848 1870 1849
f 1870 1871 1849
f 1849 1871 1850
f 1871 1872 1850
f 1850 1872 1851
f 1872 1873 1851
f 1851 1873 1852
f 1873 1874 1852
f 1852 1874 1853
f 1874 1875 1853
f 1853 1875 1854
f 1875 1876 1854
f 1854 1876 1855
f 1876 1877 1855
f 1855 1877 1856
f 1877 1878 1856
f 1856 1878 1857
f 1878 1879 1857
f 1857 1879 1858
f 1879 1880 1858
f 1858 1880 1859
f 1880 1881 1859
f 1859 1881 1860
f 1881 1882 1860
f 1860 1882 1861
f 1882 1883 1861
f 1861 1883 1862
f 1883 1884 1862
f 1862 1884 1863
f 1884 1885 1863
f 1863 1885 1864
f 1885 1886 1864
f 1864 1886 1739
f 1886 1738 1739
f 1739 1738 1588
f 1738 1589 1588
f 1865 1887 1866
f 1887 1888 1866
f 1866 1888 1867
f 1888 1889 1867
f 1867 1889 1868
f 1889 1890 1868
f 1868 1890 1869
f 1890 1891 1869
f 1869 1891 1870
f 1891 1892 1870
f 1870 1892 1871
f 1892 1893 1871
f 1871 1893 1872
f 1893 1894 1872
f 1872 1894 1873
f 1894 1895 1873
f 1873 1895 1874
f 1895 1896 1874
f 1874 1896 1875
f 1896 1897 1875
f 1875 1897 1876
f 1897 1898 1876
f 1876 1898 1877
f 1898 1899 1877
f 1877 1899 1878
f 1899 1900 1878
f 1878 1900 1879
f 1900 1901 1879
f 1879 1901 1880
f 1901 1902 1880
f 1880 1902 1881
f 1902 1903 1881
f 1881 1903 1882
f 1903 1904 1882
f 1882 1904 1883
f 1904 1905 1883
f 1883 1905 1884
f 1905 1906 1884
f 1884 1906 1885
f 1906 1907 1885
f 1885 1907 1886
f 1907 1908 1886
f 1886 1908 1738
f 1908 1737 1738
f 1738 1737 1590
f 1737 1591 1590
f 1887 1909 1888
f 1909 1910 1888
f 1888 1910 1889
f 1910 1911 1889
f 1889 1911 1890
f 1911 1912 1890
f 1890 1912 1891
f 1912 1913 1891
f 1891 1913 1892
f 1913 1914 1892
f 1892 1914 1893
f 1914 1915 1893
f 1893 1915 1894
f 1915 1916 1894
f 1894 1916 1895
f 1916 1917 1895
f 1895 1917 1896
f 1917 1918 1896
f 1896 1918 1897
f 1918 1919 1897
f 1897 1919 1898
f 1919 1920 1898
f 1898 1920 1899
f 1920 1921 1899
f 1899 1921 1900
f 1921 1922 1900
f 1900 1922 1901
f 1922 1923 1901
f 1901 1923 1902
f 1923 1924 1902
f 1902 1924 1903
f 1924 1925 1903
f 1903 1925 1904
f 1925 1926 1904
f 1904 1926 1905
f 1926 1927 1905
f 1905 1927 1906
f 1927 1928 1906
f 1906 1928 1907
f 1928 1929 1907
f 1907 1929 1908
f 1929 1930 1908
f 1908 1930 1737
f 1930 1736 1737
f 1737 1736 1592
f 1736 1593 1592
f 1909 1931 1910
f 1931 1932 1910
f 1910 1932 1911
f 1932 1933 1911
f 1911 1933 1912
f 1933 1934 1912
f 1912 1934 1913
f 1934 1935 1913
f 1913 1935 1914
f 1935 1936 1914
f 1914 1936 1915
f 1936 1937 1915
f 1915 1937 1916
f 1937 1938 1916
f 1916 1938 1917
f 1938 1939 1917
f 1917 1939 1918
f 1939 1940 1918
f 1918 1940 1919
f 1940 1941 1919
f 1919 1941 1920
f 1941 1942 1920
f 1920 1942 1921
f 1942 1943 1921
f 1921 1943 1922
f 1943 1944 1922
f 1922 1944 1923
f 1944 1945 1923
f 1923 1945 1924
f 1945 1946 1924
f 1924 1946 1925
f 1946 1947 1925
f 1925 1947 1926
f 1947 1948 1926
f 1926 1948 1927
f 1948 1949 1927
f 1927 1949 1928
f 1949 1950 1928
f 1928 1950 1929
f 1950 1951 1929
f 1929 1951 1930
f 1951 1952 1930
f 1930 1952 1736
f 1952 1735 1736
f 1736 1735 1594
f 1735 1595 1594
f 1931 1953 1932
f 1953 1954 1932
f 1932 1954 1933
f 1954 1955 1933
f 1933 1955 1934
f 1955 1956 1934
f 1934 1956 1935
f 1956 1957 1935
f 1935 1957 1936
f 1957 1958 1936
f 1936 1958 1937
f 1958 1959 1937
f 1937 1959 1938
f 1959 1960 1938
f 1938 1960 1939
f 1960 1961 1939
f 1939 1961 1940
f 1961 1962 1940
f 1940 1962 1941
f 1962 1963 1941
f 1941 1963 1942
f 1963 1964 1942
f 1942 1964 1943
f 1964 1965 1943
f 1943 1965 1944
f 1965 1966 1944
f 1944 1966 1945
f 1966 1967 1945
f 1945 1967 1946
f 1967 1968 1946
f 1946 1968 1947
f 1968 1969 1947
f 1947 1969 1948
f 1969 1970 1948
f 1948 1970 1949
f 1970 1971 1949
f 1949 1971 1950
f 1971 1972 1950
f 1950 1972 1951
f 1972 1973 1951
f 1951 1973 1952
f 1973 1974 1952
f 1952 1974 1735
f 1974 1734 1735
f 1735 1734 1598
f 1734 1597 1598
f 1953 1975 1954
f 1975 1976 1954
f 1954 1976 1955
f 1976 1977 1955
f 1955 1977 1956
f 1977 1978 1956
f 1956 1978 1957
f 1978 1979 1957
f 1957 1979 1958
f 1979 1980 1958
f 1958 1980 1959
f 1980 1981 1959
f 1959 1981 1960
f 1981 1982 1960
f 1960 1982 1961
f 1982 1983 1961
f 1961 1983 1962
f 1983 1984 1962
f 1962 1984 1963
f 1984 1985 1963
f 1963 1985 1964
f 1985 1986 1964
f 1964 1986 1965
f 1986 1987 1965
f 1965 1987 1966
f 1987 1988 1966
f 1966 1988 1967
f 1988 1989 1967
f 1967 1989 1968
f 1989 1990 1968
f 1968 1990 1969
f 1990 1991 1969
f 1969 1991 1970
f 1991 1992 1970
f 1970 1992 1971
f 1992 1993 1971
f 1971 1993 1972
f 1993 1994 1972
f 1972 1994 1973
f 1994 1995 1973
f 1973 1995 1974
f 1995 1996 1974
f 1974 1996 1734
f 1996 1733 1734
f 1734 1733 1596
f 1733 1600 1596
f 1975 1997 1976
f 1997 1998 1976
f 1976 1998 1977
f 1998 1999 1977
f 1977 1999 1978
f 1999 2000 1978
f 1978 2000 1979
f 2000 2001 1979
f 1979 2001 1980
f 2001 2002 1980
f 1980 2002 1981
f 2002 2003 1981
f 1981 2003 1982
f 2003 2004 1982
f 1982 2004 1983
f 2004 2005 1983
f 1983 2005 1984
f 2005 2006 1984
f 1984 2006 1985
f 2006 2007 1985
f 1985 2007 1986
f 2007 2008 1986
f 1986 2008 1987
f 2008 2009 1987
f 1987 2009 1988
f 2009 2010 1988
f 1988 2010 1989
f 2010 2011 1989
f 1989 2011 1990
f 2011 2012 1990
f 1990 2012 1991
f 2012 2013 1991
f 1991 2013 1992
f 2013 2014 1992
f 1992 2014 1993
f 2014 2015 1993
f 1993 2015 1994
f 2015 2016 1994
f 1994 2016 1995
f 2016 2017 1995
f 1995 2017 1996
f 2017 2018 1996
f 1996 2018 1733
f 2018 1732 1733
f 1733 1732 1599
f 1732 1602 1599
f 1997 2019 1998
f 2019 2020 1998
f 1998 2020 1999
f 2020 2021 1999
f 1999 2021 2000
f 2021 2022 2000
f 2000 2022 2001
f 2022 2023 2001
f 2001 2023 2002
f 2023 2024 2002
f 2002 2024 2003
f 2024 2025 2003
f 2003 2025 2004
f 2025 2026 2004
f 2004 2026 2005
f 2026 2027 2005
f 2005 2027 2006
f 2027 2028 2006
f 2006 2028 2007
f 2028 2029 2007
f 2007 2029 2008
f 2029 2030 2008
f 2008 2030 2009
f 2030 2031 2009
f 2009 2031 2010
f 2031 2032 2010
f 2010 2032 2011
f 2032 2033 2011
f 2011 2033 2012
f 2033 2034 2012
f 2012 2034 2013
f 2034 2035 2013
f 2013 2035 2014
f 2035 2036 2014
f 2014 2036 2015
f 2036 2037 2015
f 2015 2037 2016
f 2037 2038 2016
f 2016 2038 2017
f 2038 2039 2017
f 2017 2039 2018
f 2039 2040 2018
f 2018 2040 1732
f 2040 1731 1732
f 1732 1731 1601
f 1731 1604 1601
f 2019 2041 2020
f 2041 2042 2020
f 2020 2042 2021
f 2042 2043 2021
f 2021 2043 2022
f 2043 2044 2022
f 2022 2044 2023
f 2044 2045 2023
f 2023 2045 2024
f 2045 2046 2024
f 2024 2046 2025
f 2046 2047 2025
f 2025 2047 2026
f 2047 2048 2026
f 2026 2048 2027
f 2048 2049 2027
f 2027 2049 2028
f 2049 2050 2028
f 2028 2050 2029
f 2050 2051 2029
f 2029 2051 2030
f 2051 2052 2030
f 2030 2052 2031
f 2052 2053 2031
f 2031 2053 2032
f 2053 2054 2032
f 2032 2054 2033
f 2054 2055 2033
f 2033 2055 2034
f 2055 2056 2034
f 2034 2056 2035
f 2056 2057 2035
f 2035 2057 2036
f 2057 2058 2036
f 2036 2058 2037
f 2058 2059 2037
f 2037 2059 2038
f 2059 2060 2038
f 2038 2060 2039
f 2060 2061 2039
f 2039 2061 2040
f 2061 2062 2040
f 2040 2062 1731
f 2062 1730 1731
f 1731 1730 1603
f 1730 1607 1603
f 2041 2063 2042
f 2063 2064 2042
f 2042 2064 2043
f 2064 2065 2043
f 2043 2065 2044
f 2065 2066 2044
f 2044 2066 2045
f 2066 2067 2045
f 2045 2067 2046
f 2067 2068 2046
f 2046 2068 2047
f 2068 2069 2047
f 2047 2069 2048
f 2069 2070 2048
f 2048 2070 2049
f 2070 2071 2049
f 2049 2071 2050
f 2071 2072 2050
f 2050 2072 2051
f 2072 2073 2051
f 2051 2073 2052
f 2073 2074 2052
f 2052 2074 2053
f 2074 2075 2053
f 2053 2075 2054
f 2075 2076 2054
f 2054 2076 2055
f 2076 2077 2055
f 2055 2077 2056
f 2077 2078 2056
f 2056 2078 2057
f 2057 2078 2058
f 2078 2079 2058
f 2058 2079 2059
f 2079 2080 2059
f 2059 2080 2060
f 2080 2081 2060
f 2060 2081 2061
f 2081 2082 2061
f 2061 2082 2062
f 2082 2083 2062
f 2062 2083 1730
f 2083 1729 1730
f 1730 1729 1609
f 1729 1611 1609
f 2063 2084 2064
f 2084 2085 2064
f 2064 2085 2065
f 2085 2086 2065
f 2065 2086 2066
f 2086 2087 2066
f 2066 2087 2067
f 2087 2088 2067
f 2067 2088 2068
f 2088 2089 2068
f 2068 2089 2069
f 2089 2090 2069
f 2069 2090 2070
f 2090 2091 2070
f 2070 2091 2071
f 2091 2092 2071
f 2071 2092 2072
f 2092 2093 2072
f 2072 2093 2073
f 2093 2094 2073
f 2073 2094 2074
f 2094 2095 2074
f 2074 2095 2075
f 2095 2096 2075
f 2075 2096 2076
f 2096 2097 2076
f 2076 2097 2077
f 2097 2098 2077
f 2077 2098 2078
f 2098 2099 2078
f 2078 2099 2079
f 2099 2100 2079
f 2079 2100 2080
f 2100 2101 2080
f 2080 2101 2081
f 2101 2102 2081
f 2081 2102 2082
f 2102 2103 2082
f 2082 2103 2083
f 2103 2104 2083
f 2083 2104 1729
f 2104 1728 1729
f 1729 1728 1613
f 1728 1615 1613
f 2084 2105 2085
f 2105 2106 2085
f 2085 2106 2086
f 2106 2107 2086
f 2086 2107 2087
f 2107 2108 2087
f 2087 2108 2088
f 2108 2109 2088
f 2088 2109 2089
f 2109 2110 2089
f 2089 2110 2090
f 2110 2111 2090
f 2090 2111 2091
f 2111 2112 2091
f 2091 2112 2092
f 2112 2113 2092
f 2092 2113 2093
f 2113 2114 2093
f 2093 2114 2094
f 2114 2115 2094
f 2094 2115 2095
f 2115 2116 2095
f 2095 2116 2096
f 2116 2117 2096
f 2096 2117 2097
f 2117 2118 2097
f 2097 2118 2098
f 2118 2119 2098
f 2098 2119 2099
f 2119 2120 2099
f 2099 2120 2100
f 2120 2121 2100
f 2100 2121 2101
f 2121 2122 2101
f 2101 2122 2102
f 2122 2123 2102
f 2102 2123 2103
f 2123 2124 2103
f 2103 2124 2104
f 2124 2125 2104
f 2104 2125 1728
f 2125 1727 1728
f 1728 1727 1617
f 1727 1619 1617
f 2105 1724 2106
f 1724 1726 2106
f 2106 1726 2107
f 1726 2126 2107
f 2107 2126 2108
f 2126 2127 2108
f 2108 2127 2109
f 2127 2128 2109
f 2109 2128 2110
f 2128 2129 2110
f 2110 2129 2111
f 2129 2130 2111
f 2111 2130 2112
f 2130 2131 2112
f 2112 2131 2113
f 2131 2132 2113
f 2113 2132 2114
f 2132 2133 2114
f 2114 2133 2115
f 2133 2134 2115
f 2115 2134 2116
f 2134 2135 2116
f 2116 2135 2117
f 2135 2136 2117
f 2117 2136 2118
f 2136 2137 2118
f 2118 2137 2119
f 2137 2138 2119
f 2119 2138 2120
f 2138 2139 2120
f 2120 2139 2121
f 2139 2140 2121
f 2121 2140 2122
f 2140 2141 2122
f 2122 2141 2123
f 2141 2142 2123
f 2123 2142 2124
f 2142 2143 2124
f 2124 2143 2125
f 2143 2144 2125
f 2125 2144 1727
f 2144 1744 1727
f 1727 1744 1621
f 1744 1623 1621
f 1625 1744 2145
f 1744 2144 2145
f 2145 2144 2146
f 2144 2143 2146
f 2146 2143 2147
f 2143 2142 2147
f 2147 2142 2148
f 2142 2141 2148
f 2148 2141 2149
f 2141 2140 2149
f 2149 2140 2150
f 2140 2139 2150
f 2150 2139 2151
f 2151 2139 2152
f 2139 2138 2152
f 2152 2138 2153
f 2138 2137 2153
f 2153 2137 2154
f 2137 2136 2154
f 2154 2136 2155
f 2136 2135 2155
f 2155 2135 2156
f 2135 2134 2156
f 2156 2134 2157
f 2134 2133 2157
f 2157 2133 2158
f 2133 2132 2158
f 2158 2132 2159
f 2132 2131 2159
f 2159 2131 2160
f 2131 2130 2160
f 2160 2130 2161
f 2130 2129 2161
f 2161 2129 2162
f 2129 2128 2162
f 2162 2128 2163
f 2128 2127 2163
f 2163 2127 2164
f 2127 2126 2164
f 2164 2126 2165
f 2126 1726 2165
f 2165 1726 2166
f 1726 1725 2166
f 2166 1725 2167
f 2168 2169 2170
f 2168 2170 2171
f 2172 2173 2174
f 2171 2170 2175
f 2170 2176 2175
f 2175 2176 2177
f 2176 2178 2177
f 2177 2178 2179
f 2178 2180 2179
f 2179 2180 2181
f 2180 2182 2181
f 2181 2182 2183
f 2182 2184 2183
f 2183 2184 2185
f 2184 2186 2185
f 2185 2186 2187
f 2186 2188 2187
f 2187 2188 2189
f 2188 2190 2189
f 2189 2190 2191
f 2190 2192 2191
f 2191 2192 2193
f 2192 2194 2193
f 2193 2194 2195
f 2194 2196 2195
f 2195 2196 2197
f 2196 2198 2197
f 2197 2198 2199
f 2198 2200 2199
f 2199 2200 2201
f 2200 2202 2201
f 2201 2202 2203
f 2202 2172 2203
f 2203 2172 2204
f 2172 2174 2204
f 2204 2174 2205
f 2206 2207 2208
f 2209 2210 2211
f 2212 2213 2214
f 2215 2216 2217
f 2218 2219 2220
f 2221 2222 2223
f 2224 1716 2225
f 2226 2227 2228
f 2229 2230 2231
f 2232 2233 2234
f 2235 2236 2237
f 2238 2239 2240
f 2241 2242 2243
f 2243 2242 2244
f 2245 2246 2247
f 2248 2249 2250
f 2251 2252 2253
f 1483 1482 2254
f 2255 2256 2257
f 2256 1420 2257
f 2257 1420 1422
f 1424 1423 2258
f 1423 1418 2258
f 2259 1427 1426
f 1431 1428 2260
f 1428 1427 2260
f 2260 1427 2259
f 1477 1547 2261
f 1547 1432 2261
f 2261 1432 2260
f 1432 1431 2260
f 1545 1543 2262
f 2262 1543 1546
f 2263 2264 2265
f 2264 1539 2265
f 1539 1538 2265
f 1538 1536 2265
f 2265 1536 1545
f 1516 1514 2266
f 1514 1513 2266
f 2266 1513 1525
f 1525 1521 2266
f 2266 1521 2263
f 1521 1520 2263
f 2263 1520 1530
f 1530 1529 2263
f 2263 1529 1528
f 1528 1527 2263
f 1527 1531 2263
f 1531 1534 2263
f 1534 1540 2263
f 2263 1540 2264
f 2264 1540 1539
f 2267 1507 1512
f 1512 1510 2267
f 2267 1510 1519
f 2266 1517 1516
f 1507 2267 1505
f 2267 2268 1505
f 1505 2268 1503
f 2269 1499 1501
f 1488 2270 1490
f 2270 1492 1490
f 1488 1497 2270
f 1497 1496 2270
f 2270 1496 2269
f 1496 1494 2269
f 2269 1494 1499
f 1492 2270 1485
f 2270 2228 1485
f 2228 2227 1485
f 1485 2227 1486
f 2271 2272 2273
f 2271 2251 2274
f 2251 2253 2274
f 2274 2253 2275
f 2253 2276 2275
f 2275 2276 2277
f 2278 2279 2276
f 2276 2279 2277
f 2280 2278 2281
f 2278 2282 2281
f 2283 2284 2285
f 2284 2286 2285
f 2287 2288 2250
f 2288 2248 2250
f 2289 2290 2291
f 2290 2292 2291
f 2291 2292 2293
f 2292 2294 2293
f 2293 2294 2295
f 2296 2297 2294
f 2297 2295 2294
f 2298 2299 2300
f 2300 2299 2301
f 2299 2302 2301
f 2301 2302 2303
f 2302 2304 2303
f 2303 2304 2305
f 2304 2306 2305
f 2305 2306 2307
f 2308 2309 2310
f 2310 2309 2311
f 2312 2313 2314
f 2313 2315 2314
f 2316 2317 2312
f 2318 2319 2320
f 2319 2321 2320
f 2322 2323 2324
f 2323 2325 2324
f 2326 2327 2328
f 2327 2329 2328
f 2330 2329 2331
f 2329 2327 2331
f 2331 2327 2324
f 2327 2326 2324
f 2324 2326 2322
f 2332 2330 2333
f 2330 2331 2333
f 2333 2331 2334
f 2331 2324 2334
f 2334 2324 2318
f 2324 2325 2318
f 2318 2325 2319
f 2335 2336 2332
f 2336 2337 2332
f 2332 2337 2330
f 2337 2338 2330
f 2330 2338 2329
f 2338 2339 2329
f 2329 2339 2328
f 2339 2340 2328
f 2328 2340 2341
f 2342 2343 2344
f 2343 2345 2344
f 2344 2345 2346
f 2345 2347 2346
f 2346 2347 2348
f 2347 2349 2348
f 2348 2349 2350
f 2349 2351 2350
f 2350 2351 2352
f 2353 2245 2354
f 2245 2247 2354
f 2354 2247 2355
f 2247 2356 2355
f 2355 2356 2357
f 2356 2358 2357
f 2357 2358 2359
f 2358 2360 2359
f 2359 2360 2361
f 2360 2362 2361
f 2363 2364 2351
f 2351 2364 2352
f 2246 2363 2247
f 2363 2351 2247
f 2247 2351 2356
f 2351 2349 2356
f 2356 2349 2358
f 2349 2347 2358
f 2358 2347 2360
f 2347 2345 2360
f 2360 2345 2362
f 2345 2343 2362
f 2352 2335 2350
f 2335 2332 2350
f 2350 2332 2348
f 2332 2333 2348
f 2348 2333 2346
f 2333 2334 2346
f 2346 2334 2344
f 2334 2318 2344
f 2344 2318 2342
f 2318 2320 2342
f 2308 2310 2365
f 2310 2366 2365
f 2365 2366 2367
f 2366 2368 2367
f 2367 2368 2369
f 2368 2370 2369
f 2369 2370 2371
f 2370 2372 2371
f 2371 2372 2373
f 2372 2374 2373
f 2373 2374 2375
f 2374 2376 2375
f 2375 2376 2377
f 2376 2378 2377
f 2377 2378 2379
f 2378 2380 2379
f 2379 2380 2381
f 2380 2382 2381
f 2381 2382 2383
f 2382 2384 2383
f 2383 2384 2385
f 2384 2386 2385
f 2385 2386 2387
f 2252 2387 2253
f 2387 2386 2253
f 2253 2386 2276
f 2386 2384 2276
f 2276 2384 2278
f 2384 2382 2278
f 2278 2382 2388
f 2382 2380 2388
f 2388 2380 2389
f 2380 2378 2389
f 2389 2378 2390
f 2378 2376 2390
f 2390 2376 2391
f 2376 2374 2391
f 2391 2374 2392
f 2374 2372 2392
f 2392 2372 2393
f 2372 2370 2393
f 2393 2370 2394
f 2370 2368 2394
f 2394 2368 2395
f 2368 2366 2395
f 2395 2366 2396
f 2366 2310 2396
f 2396 2310 2397
f 2310 2311 2397
f 2397 2311 2398
f 2271 2273 2251
f 2273 2252 2251
f 2252 2399 2387
f 2399 2400 2387
f 2387 2400 2385
f 2400 2401 2385
f 2385 2401 2383
f 2401 2402 2383
f 2383 2402 2381
f 2402 2403 2381
f 2381 2403 2379
f 2403 2404 2379
f 2379 2404 2377
f 2404 2405 2377
f 2377 2405 2375
f 2405 2406 2375
f 2375 2406 2373
f 2406 2407 2373
f 2373 2407 2371
f 2407 2408 2371
f 2371 2408 2369
f 2408 2409 2369
f 2369 2409 2367
f 2409 2314 2367
f 2367 2314 2365
f 2314 2315 2365
f 2365 2315 2308
f 2312 2314 2316
f 2314 2409 2316
f 2316 2409 2410
f 2409 2408 2410
f 2410 2408 2411
f 2408 2407 2411
f 2411 2407 2412
f 2407 2406 2412
f 2412 2406 2413
f 2406 2405 2413
f 2413 2405 2414
f 2405 2404 2414
f 2414 2404 2415
f 2404 2403 2415
f 2415 2403 2416
f 2403 2402 2416
f 2416 2402 2417
f 2402 2401 2417
f 2417 2401 2418
f 2401 2400 2418
f 2418 2400 2419
f 2400 2399 2419
f 2419 2399 2420
f 2399 2252 2420
f 2420 2252 2421
f 2252 2273 2421
f 2421 2273 2422
f 2273 2272 2422
f 2422 2272 2254
f 2272 1478 2254
f 2254 1478 1483
f 1486 2227 1482
f 2227 2226 1482
f 1482 2226 2254
f 2226 2423 2254
f 2254 2423 2422
f 2423 2424 2422
f 2422 2424 2421
f 2424 2425 2421
f 2421 2425 2420
f 2425 2426 2420
f 2420 2426 2419
f 2426 2427 2419
f 2419 2427 2418
f 2427 2428 2418
f 2418 2428 2417
f 2428 2429 2417
f 2417 2429 2416
f 2429 2430 2416
f 2416 2430 2415
f 2430 2431 2415
f 2415 2431 2414
f 2431 2432 2414
f 2414 2432 2413
f 2432 2433 2413
f 2413 2433 2412
f 2433 2434 2412
f 2412 2434 2411
f 2434 2435 2411
f 2411 2435 2410
f 2435 2436 2410
f 2410 2436 2316
f 2436 2437 2316
f 2316 2437 2317
f 2238 2240 2438
f 2438 2240 2439
f 2240 2440 2439
f 2439 2440 2441
f 2440 2442 2441
f 2441 2442 2443
f 2442 2444 2443
f 2443 2444 2445
f 2444 2446 2445
f 2235 2237 2447
f 2447 2237 2448
f 2237 2449 2448
f 2448 2449 2450
f 2449 2451 2450
f 2450 2451 2452
f 2451 2453 2452
f 2452 2453 2454
f 2453 2455 2454
f 2236 2238 2237
f 2238 2438 2237
f 2237 2438 2449
f 2438 2439 2449
f 2449 2439 2451
f 2439 2441 2451
f 2451 2441 2453
f 2441 2443 2453
f 2453 2443 2455
f 2443 2445 2455
f 2456 2457 2458
f 2457 2459 2458
f 2458 2459 2460
f 2459 2461 2460
f 2460 2461 2462
f 2461 2463 2462
f 2462 2463 2464
f 2463 2234 2464
f 2234 2233 2464
f 2233 2465 2464
f 2464 2465 2466
f 2207 2232 2208
f 2232 2467 2208
f 2208 2467 2468
f 2467 2469 2468
f 2468 2469 2470
f 2469 2471 2470
f 2470 2471 2472
f 2471 2473 2472
f 2472 2473 2474
f 2232 2234 2467
f 2467 2234 2469
f 2234 2463 2469
f 2469 2463 2471
f 2463 2461 2471
f 2471 2461 2473
f 2461 2459 2473
f 2473 2459 2474
f 2459 2457 2474
f 2466 2235 2464
f 2235 2447 2464
f 2464 2447 2462
f 2447 2448 2462
f 2462 2448 2460
f 2448 2450 2460
f 2460 2450 2458
f 2450 2452 2458
f 2458 2452 2456
f 2452 2454 2456
f 2228 2244 2226
f 2244 2242 2226
f 2226 2242 2423
f 2242 2241 2423
f 2423 2241 2424
f 2241 2475 2424
f 2424 2475 2425
f 2475 2476 2425
f 2425 2476 2426
f 2476 2477 2426
f 2426 2477 2427
f 2477 2478 2427
f 2427 2478 2428
f 2478 2479 2428
f 2428 2479 2429
f 2479 2480 2429
f 2429 2480 2430
f 2480 2481 2430
f 2430 2481 2431
f 2481 2482 2431
f 2431 2482 2432
f 2482 2483 2432
f 2432 2483 2433
f 2483 2484 2433
f 2433 2484 2434
f 2484 2485 2434
f 2434 2485 2435
f 2485 2486 2435
f 2435 2486 2436
f 2486 2487 2436
f 2436 2487 2437
f 2239 2353 2240
f 2353 2354 2240
f 2240 2354 2440
f 2354 2355 2440
f 2440 2355 2442
f 2355 2357 2442
f 2442 2357 2444
f 2357 2359 2444
f 2444 2359 2446
f 2359 2361 2446
f 2262 2488 2489
f 2490 2491 2492
f 2493 2491 2494
f 2491 2490 2494
f 2494 2490 2495
f 1501 1503 2269
f 1503 2268 2269
f 2269 2268 2270
f 2268 2496 2270
f 2270 2496 2228
f 2496 2230 2228
f 2228 2230 2244
f 2230 2229 2244
f 2244 2229 2243
f 1545 2262 2265
f 2262 2489 2265
f 2265 2489 2497
f 2231 2230 2498
f 2230 2496 2498
f 2498 2496 2499
f 2496 2268 2499
f 2499 2268 2500
f 2268 2267 2500
f 2500 2267 2501
f 2206 2502 2503
f 2504 2505 2506
f 2506 2505 2503
f 2505 2507 2503
f 2503 2507 2206
f 2508 2509 2510
f 2509 2511 2510
f 2510 2511 2501
f 2511 2504 2501
f 2501 2504 2500
f 2504 2506 2500
f 2500 2506 2499
f 2506 2503 2499
f 2499 2503 2498
f 2503 2502 2498
f 2498 2502 2231
f 2512 2508 2497
f 2497 2508 2265
f 2508 2510 2265
f 2265 2510 2263
f 2510 2501 2263
f 2263 2501 2266
f 2501 2267 2266
f 2266 2267 1517
f 2267 1519 1517
f 2512 2513 2508
f 2513 2514 2508
f 2508 2514 2509
f 2514 2515 2509
f 2509 2515 2511
f 2511 2515 2504
f 2515 2516 2504
f 2504 2516 2505
f 2517 2493 2518
f 2493 2494 2518
f 2518 2494 2519
f 2494 2495 2519
f 2519 2495 2520
f 2521 2522 2520
f 2520 2522 2519
f 2522 2523 2519
f 2519 2523 2518
f 2523 2524 2518
f 2518 2524 2517
f 2524 2525 2517
f 2517 2525 2512
f 2526 2492 2527
f 2492 2491 2527
f 2527 2491 2488
f 2491 2493 2488
f 2488 2493 2489
f 2493 2517 2489
f 2489 2517 2497
f 2517 2512 2497
f 1425 1424 2528
f 1424 2258 2528
f 2528 2258 2529
f 1546 1477 2262
f 1477 2261 2262
f 2262 2261 2488
f 2261 2260 2488
f 2488 2260 2527
f 2260 2259 2527
f 2527 2259 2526
f 2526 2259 2530
f 2259 1426 2530
f 2530 1426 1425
f 2531 2492 2532
f 2492 2529 2532
f 2532 2529 2255
f 2529 2258 2255
f 2255 2258 2256
f 2258 1418 2256
f 2256 1418 1420
f 2223 2222 2218
f 1713 2219 1711
f 2219 2218 1711
f 1711 2218 1709
f 2218 2222 1709
f 1709 2222 1705
f 2222 2221 1705
f 2221 1706 1705
f 1701 1702 2533
f 1702 2534 2533
f 2533 2534 2535
f 2534 2536 2535
f 2535 2536 2537
f 2536 2538 2537
f 2537 2538 2539
f 2538 2540 2539
f 2539 2540 2541
f 2540 2542 2541
f 2541 2542 2543
f 2542 2544 2543
f 2543 2544 2545
f 2544 2546 2545
f 2545 2547 2543
f 2547 2548 2543
f 2543 2548 2541
f 2548 2549 2541
f 2541 2549 2539
f 2549 2531 2539
f 2539 2531 2537
f 2531 2532 2537
f 2537 2532 2535
f 2532 2255 2535
f 2535 2255 2533
f 2255 2257 2533
f 2533 2257 1701
f 2257 1422 1701
f 1701 1422 1429
f 1703 1704 2550
f 1704 2551 2550
f 2550 2551 2552
f 2551 2553 2552
f 2552 2553 2554
f 2553 2555 2554
f 2554 2555 2556
f 2555 2557 2556
f 2557 2220 2558
f 2220 2225 2558
f 2558 2225 2559
f 2220 2219 2225
f 2225 2219 2224
f 2219 1713 2224
f 2224 1713 1714
f 1714 1716 2224
f 1702 1703 2534
f 1703 2550 2534
f 2534 2550 2536
f 2550 2552 2536
f 2536 2552 2538
f 2552 2554 2538
f 2538 2554 2540
f 2554 2556 2540
f 2540 2556 2542
f 2556 2557 2542
f 2542 2557 2544
f 2557 2558 2544
f 2544 2558 2546
f 2558 2559 2546
f 1425 2528 2530
f 2528 2529 2530
f 2530 2529 2526
f 2529 2492 2526
f 2492 2531 2490
f 2531 2549 2490
f 2490 2549 2495
f 2549 2548 2495
f 2495 2548 2520
f 2548 2547 2520
f 2520 2547 2521
f 2547 2545 2521
f 2521 2545 2560
f 2545 2546 2560
f 2546 2559 2560
f 2560 2559 1716
f 2225 1716 2559
f 1704 1706 2551
f 1706 2221 2551
f 2551 2221 2553
f 2221 2223 2553
f 2553 2223 2555
f 2223 2218 2555
f 2555 2218 2557
f 2218 2220 2557
f 2297 2296 2298
f 2298 2296 2299
f 2296 2561 2299
f 2299 2561 2302
f 2561 2562 2302
f 2302 2562 2304
f 2562 2563 2304
f 2304 2563 2306
f 2563 2564 2306
f 2216 2564 2217
f 2564 2563 2217
f 2217 2563 2565
f 2563 2562 2565
f 2565 2562 2566
f 2562 2561 2566
f 2566 2561 2567
f 2561 2296 2567
f 2567 2296 2568
f 2296 2294 2568
f 2568 2294 2569
f 2294 2292 2569
f 2569 2292 2287
f 2292 2290 2287
f 2287 2290 2288
f 2290 2289 2288
f 2213 2215 2214
f 2215 2217 2214
f 2214 2217 2570
f 2217 2565 2570
f 2570 2565 2571
f 2565 2566 2571
f 2571 2566 2572
f 2566 2567 2572
f 2572 2567 2573
f 2567 2568 2573
f 2573 2568 2574
f 2568 2569 2574
f 2574 2569 2575
f 2569 2287 2575
f 2575 2287 2576
f 2287 2250 2576
f 2576 2250 2286
f 2250 2249 2286
f 2286 2249 2285
f 2249 2248 2285
f 2283 2281 2284
f 2281 2282 2284
f 2284 2282 2286
f 2282 2577 2286
f 2286 2577 2576
f 2577 2578 2576
f 2576 2578 2575
f 2578 2579 2575
f 2575 2579 2574
f 2579 2580 2574
f 2574 2580 2573
f 2580 2581 2573
f 2573 2581 2572
f 2581 2582 2572
f 2572 2582 2571
f 2582 2583 2571
f 2571 2583 2570
f 2583 2584 2570
f 2570 2584 2214
f 2584 2211 2214
f 2214 2211 2212
f 2211 2210 2212
f 2280 2279 2278
f 2278 2388 2282
f 2282 2388 2577
f 2388 2389 2577
f 2577 2389 2578
f 2389 2390 2578
f 2578 2390 2579
f 2390 2391 2579
f 2579 2391 2580
f 2391 2392 2580
f 2580 2392 2581
f 2392 2393 2581
f 2581 2393 2582
f 2393 2394 2582
f 2582 2394 2583
f 2394 2395 2583
f 2583 2395 2584
f 2395 2396 2584
f 2584 2396 2211
f 2396 2397 2211
f 2211 2397 2209
f 2397 2398 2209
f 2206 2208 2502
f 2502 2208 2231
f 2208 2468 2231
f 2231 2468 2229
f 2468 2470 2229
f 2229 2470 2243
f 2470 2472 2243
f 2243 2472 2241
f 2472 2474 2241
f 2241 2474 2475
f 2474 2457 2475
f 2475 2457 2476
f 2457 2456 2476
f 2476 2456 2477
f 2456 2454 2477
f 2477 2454 2478
f 2454 2455 2478
f 2478 2455 2479
f 2455 2445 2479
f 2479 2445 2480
f 2445 2446 2480
f 2480 2446 2481
f 2446 2361 2481
f 2481 2361 2482
f 2361 2362 2482
f 2482 2362 2483
f 2362 2343 2483
f 2483 2343 2484
f 2343 2342 2484
f 2484 2342 2485
f 2342 2320 2485
f 2485 2320 2486
f 2320 2321 2486
f 2486 2321 2487
f 357 361 2585
f 2586 2587 2588
f 357 2585 358
f 2589 2586 2590
f 2586 2588 2590
f 2590 2588 2585
f 2588 2591 2585
f 2585 2591 358
f 2592 2167 2593
f 2167 1725 2593
f 2593 1725 2594
f 1725 1724 2594
f 2594 1724 2595
f 1724 2105 2595
f 2595 2105 2596
f 2105 2084 2596
f 2596 2084 2597
f 2084 2063 2597
f 2597 2063 2598
f 2063 2041 2598
f 2598 2041 2599
f 2041 2019 2599
f 2599 2019 2600
f 2019 1997 2600
f 2600 1997 2601
f 1997 1975 2601
f 2601 1975 2602
f 1975 1953 2602
f 2602 1953 2603
f 1953 1931 2603
f 2603 1931 2604
f 1931 1909 2604
f 2604 1909 2605
f 1909 1887 2605
f 2605 1887 2606
f 1887 1865 2606
f 2606 1865 2607
f 1865 1843 2607
f 2607 1843 2608
f 1843 1821 2608
f 2608 1821 2609
f 1821 1799 2609
f 2609 1799 2610
f 1799 1798 2610
f 2611 2612 2613
f 2614 2615 2616
f 2615 2617 2616
f 2616 2617 2618
f 2619 2611 2620
f 2611 2613 2620
f 2620 2613 2617
f 2613 2621 2617
f 2617 2621 2618
f 2622 2623 2624
f 2625 2626 2627
f 2628 2629 2630
f 1716 2623 2560
f 2623 2622 2560
f 2622 2631 2560
f 2632 2522 2631
f 2522 2521 2631
f 2631 2521 2560
f 2633 2523 2632
f 2523 2522 2632
f 2512 2525 2634
f 2634 2525 2633
f 2525 2524 2633
f 2633 2524 2523
f 2635 2513 2634
f 2513 2512 2634
f 2636 2515 2635
f 2515 2514 2635
f 2635 2514 2513
f 2505 2516 2637
f 2637 2516 2636
f 2516 2515 2636
f 2505 2637 2507
f 2637 2638 2507
f 2507 2638 2206
f 2232 2207 2639
f 2639 2207 2638
f 2207 2206 2638
f 2232 2639 2233
f 2639 2640 2233
f 2233 2640 2465
f 2465 2640 2466
f 2640 2641 2466
f 2466 2641 2235
f 2238 2236 2642
f 2642 2236 2641
f 2236 2235 2641
f 2238 2642 2239
f 2642 2643 2239
f 2239 2643 2353
f 2364 2363 2644
f 2363 2246 2644
f 2644 2246 2643
f 2246 2245 2643
f 2643 2245 2353
f 2645 2352 2644
f 2352 2364 2644
f 2338 2337 2627
f 2337 2336 2627
f 2627 2336 2645
f 2336 2335 2645
f 2645 2335 2352
f 2338 2627 2339
f 2627 2626 2339
f 2339 2626 2340
f 2626 2646 2340
f 2340 2646 2341
f 2647 2648 2649
f 2647 2628 2650
f 2628 2651 2650
f 2650 2651 2652
f 2651 2653 2652
f 2652 2653 2654
f 2653 2655 2654
f 2654 2655 2656
f 2655 2657 2656
f 2656 2657 2658
f 2657 2659 2658
f 2658 2659 2660
f 2659 2661 2660
f 2660 2661 2662
f 2661 2663 2662
f 2662 2663 2664
f 2663 2665 2664
f 2664 2665 2666
f 2665 2667 2666
f 2666 2667 2668
f 2667 2669 2668
f 2668 2669 2670
f 2669 2671 2670
f 2670 2671 2672
f 2671 2673 2672
f 2672 2673 2674
f 2673 2675 2674
f 2674 2675 2676
f 2675 2677 2676
f 2676 2677 2678
f 2677 2679 2678
f 2678 2679 2680
f 2679 2681 2680
f 2680 2681 2682
f 2628 2630 2651
f 2630 2683 2651
f 2651 2683 2653
f 2683 2684 2653
f 2653 2684 2655
f 2684 2685 2655
f 2655 2685 2657
f 2685 2686 2657
f 2657 2686 2659
f 2686 2687 2659
f 2659 2687 2661
f 2687 2688 2661
f 2661 2688 2663
f 2688 2689 2663
f 2663 2689 2665
f 2689 2690 2665
f 2665 2690 2667
f 2690 2691 2667
f 2667 2691 2669
f 2691 2692 2669
f 2669 2692 2671
f 2692 2693 2671
f 2671 2693 2673
f 2693 2694 2673
f 2673 2694 2675
f 2694 2695 2675
f 2675 2695 2677
f 2695 2696 2677
f 2677 2696 2679
f 2696 2697 2679
f 2679 2697 2681
f 2697 2698 2681
f 2681 2698 2682
f 2647 2649 2628
f 2649 2699 2628
f 2628 2699 2629
f 2699 2700 2629
f 2629 2700 2625
f 2625 2627 2629
f 2627 2645 2629
f 2629 2645 2630
f 2645 2644 2630
f 2630 2644 2683
f 2644 2643 2683
f 2683 2643 2684
f 2643 2642 2684
f 2684 2642 2685
f 2642 2641 2685
f 2685 2641 2686
f 2641 2640 2686
f 2686 2640 2687
f 2640 2639 2687
f 2687 2639 2688
f 2639 2638 2688
f 2688 2638 2689
f 2638 2637 2689
f 2689 2637 2690
f 2637 2636 2690
f 2690 2636 2691
f 2636 2635 2691
f 2691 2635 2692
f 2635 2634 2692
f 2692 2634 2693
f 2634 2633 2693
f 2693 2633 2694
f 2633 2632 2694
f 2694 2632 2695
f 2632 2631 2695
f 2695 2631 2696
f 2631 2622 2696
f 2696 2622 2697
f 2622 2624 2697
f 2697 2624 2698
f 2701 2702 2703
f 2701 2703 2704
f 2705 387 334
f 2704 2703 2706
f 2703 2707 2706
f 2706 2707 2708
f 2707 2709 2708
f 2708 2709 2710
f 2709 2711 2710
f 2710 2711 2712
f 2711 2713 2712
f 2712 2713 2714
f 2713 2715 2714
f 2714 2715 2716
f 2715 2717 2716
f 2716 2717 2718
f 2717 2719 2718
f 2718 2719 2720
f 2719 2721 2720
f 2720 2721 2722
f 2721 2723 2722
f 2722 2723 2724
f 2723 2725 2724
f 2724 2725 2726
f 2725 2727 2726
f 2726 2727 2728
f 2727 2729 2728
f 2728 2729 2730
f 2729 2731 2730
f 2730 2731 2732
f 2731 2733 2732
f 2732 2733 2734
f 2733 2705 2734
f 2734 2705 2735
f 2705 334 2735
f 2735 334 333
f 2736 2737 2738
f 2739 2740 2741
f 2742 2743 2744
f 2745 2746 2747
f 2748 2749 2750
f 2749 2751 2750
f 2750 2751 2752
f 2753 2754 2755
f 2756 2757 2751
f 2757 2758 2751
f 2751 2758 2752
f 2759 2760 2747
f 2760 2761 2747
f 2747 2761 2745
f 2739 2741 2736
f 2736 2741 2737
f 2741 2762 2737
f 2737 2762 2738
f 2762 2763 2738
f 2764 2765 2763
f 2765 2766 2763
f 2763 2766 2738
f 2767 2768 2769
f 2769 2770 2767
f 2770 2771 2767
f 2767 2771 2764
f 2771 2772 2764
f 2764 2772 2765
f 2773 2774 2775
f 2775 2776 2773
f 2776 2777 2773
f 2773 2777 2768
f 2777 2778 2768
f 2768 2778 2769
f 2779 2780 2781
f 2781 2782 2779
f 2782 2783 2779
f 2779 2783 2774
f 2783 2784 2774
f 2774 2784 2775
f 2785 2786 2787
f 2787 2788 2785
f 2788 2789 2785
f 2785 2789 2780
f 2789 2790 2780
f 2780 2790 2781
f 2748 2791 2749
f 2791 2792 2749
f 2749 2792 2793
f 2792 2794 2793
f 2793 2794 2786
f 2794 2787 2786
f 2795 2796 2797
f 2796 2798 2797
f 2797 2798 2799
f 2798 2800 2799
f 2799 2800 2801
f 2800 2802 2801
f 2801 2802 2803
f 2802 2804 2803
f 2803 2804 2805
f 2804 2806 2805
f 2805 2806 2807
f 2806 2808 2807
f 2807 2808 2809
f 2808 2810 2809
f 2809 2810 2811
f 2810 2812 2811
f 2811 2812 2813
f 2814 2813 2815
f 2816 2817 2818
f 2817 2819 2818
f 2820 2812 2821
f 2812 2810 2821
f 2821 2810 2822
f 2810 2808 2822
f 2822 2808 2823
f 2808 2806 2823
f 2823 2806 2824
f 2806 2804 2824
f 2824 2804 2825
f 2804 2802 2825
f 2825 2802 2826
f 2802 2800 2826
f 2826 2800 2827
f 2800 2798 2827
f 2827 2798 2828
f 2798 2796 2828
f 2829 2816 2830
f 2816 2818 2830
f 2830 2818 2831
f 2818 2819 2831
f 2831 2819 2832
f 2796 2833 2828
f 2833 2834 2828
f 2828 2834 2835
f 2836 2829 2837
f 2829 2830 2837
f 2837 2830 2838
f 2830 2831 2838
f 2838 2831 2839
f 2831 2832 2839
f 2839 2832 2840
f 2841 2820 2842
f 2820 2821 2842
f 2842 2821 2843
f 2821 2822 2843
f 2843 2822 2844
f 2822 2823 2844
f 2844 2823 2845
f 2823 2824 2845
f 2845 2824 2846
f 2824 2825 2846
f 2846 2825 2847
f 2825 2826 2847
f 2847 2826 2848
f 2826 2827 2848
f 2848 2827 2849
f 2827 2828 2849
f 2849 2828 2850
f 2828 2835 2850
f 2850 2835 2851
f 2852 2841 2853
f 2841 2842 2853
f 2853 2842 2854
f 2842 2843 2854
f 2854 2843 2855
f 2843 2844 2855
f 2855 2844 2856
f 2844 2845 2856
f 2856 2845 2857
f 2845 2846 2857
f 2857 2846 2858
f 2846 2847 2858
f 2858 2847 2859
f 2847 2848 2859
f 2859 2848 2860
f 2848 2849 2860
f 2860 2849 2861
f 2849 2850 2861
f 2861 2850 2862
f 2850 2851 2862
f 2863 2836 2864
f 2836 2837 2864
f 2864 2837 2865
f 2837 2838 2865
f 2865 2838 2866
f 2838 2839 2866
f 2866 2839 2867
f 2839 2840 2867
f 2867 2840 2868
f 2869 2852 2870
f 2852 2853 2870
f 2870 2853 2871
f 2853 2854 2871
f 2871 2854 2872
f 2854 2855 2872
f 2872 2855 2873
f 2855 2856 2873
f 2873 2856 2874
f 2856 2857 2874
f 2874 2857 2875
f 2857 2858 2875
f 2875 2858 2876
f 2858 2859 2876
f 2876 2859 2877
f 2859 2860 2877
f 2877 2860 2878
f 2860 2861 2878
f 2878 2861 2879
f 2861 2862 2879
f 2879 2862 2880
f 2881 2863 2882
f 2863 2864 2882
f 2882 2864 2883
f 2864 2865 2883
f 2883 2865 2884
f 2865 2866 2884
f 2884 2866 2885
f 2866 2867 2885
f 2885 2867 2886
f 2867 2868 2886
f 2886 2868 2887
f 2851 2888 2862
f 2888 2889 2862
f 2862 2889 2880
f 2889 2890 2880
f 2880 2890 2891
f 2892 2881 2893
f 2881 2882 2893
f 2893 2882 2894
f 2882 2883 2894
f 2894 2883 2895
f 2883 2884 2895
f 2895 2884 2896
f 2884 2885 2896
f 2896 2885 2897
f 2885 2886 2897
f 2897 2886 2898
f 2886 2887 2898
f 2898 2887 2899
f 2900 2869 2901
f 2869 2870 2901
f 2901 2870 2902
f 2870 2871 2902
f 2902 2871 2903
f 2871 2872 2903
f 2903 2872 2904
f 2872 2873 2904
f 2904 2873 2905
f 2873 2874 2905
f 2905 2874 2906
f 2874 2875 2906
f 2906 2875 2907
f 2875 2876 2907
f 2907 2876 2908
f 2876 2877 2908
f 2908 2877 2909
f 2877 2878 2909
f 2909 2878 2910
f 2878 2879 2910
f 2910 2879 2911
f 2879 2880 2911
f 2911 2880 2912
f 2880 2891 2912
f 2912 2891 2753
f 2762 2900 2763
f 2900 2901 2763
f 2763 2901 2764
f 2901 2902 2764
f 2764 2902 2767
f 2902 2903 2767
f 2767 2903 2768
f 2903 2904 2768
f 2768 2904 2773
f 2904 2905 2773
f 2773 2905 2774
f 2905 2906 2774
f 2774 2906 2779
f 2906 2907 2779
f 2779 2907 2780
f 2907 2908 2780
f 2780 2908 2785
f 2908 2909 2785
f 2785 2909 2786
f 2909 2910 2786
f 2786 2910 2793
f 2910 2911 2793
f 2793 2911 2749
f 2911 2912 2749
f 2749 2912 2751
f 2912 2753 2751
f 2751 2753 2756
f 2753 2755 2756
f 2913 2892 2914
f 2892 2893 2914
f 2914 2893 2915
f 2893 2894 2915
f 2915 2894 2916
f 2894 2895 2916
f 2916 2895 2917
f 2895 2896 2917
f 2917 2896 2918
f 2896 2897 2918
f 2918 2897 2919
f 2897 2898 2919
f 2919 2898 2920
f 2898 2899 2920
f 2920 2899 2921
f 2813 2812 2815
f 2812 2820 2815
f 2815 2820 2922
f 2820 2841 2922
f 2922 2841 2923
f 2841 2852 2923
f 2923 2852 2924
f 2852 2869 2924
f 2924 2869 2925
f 2869 2900 2925
f 2925 2900 2926
f 2900 2762 2926
f 2926 2762 2927
f 2762 2741 2927
f 2927 2741 2744
f 2741 2740 2744
f 2744 2740 2742
f 2814 2815 2928
f 2815 2922 2928
f 2928 2922 2929
f 2922 2923 2929
f 2929 2923 2930
f 2923 2924 2930
f 2930 2924 2931
f 2924 2925 2931
f 2931 2925 2932
f 2925 2926 2932
f 2932 2926 2933
f 2926 2927 2933
f 2933 2927 2934
f 2927 2744 2934
f 2934 2744 2747
f 2744 2743 2747
f 2747 2743 2759
f 2746 2913 2747
f 2913 2914 2747
f 2747 2914 2934
f 2914 2915 2934
f 2934 2915 2933
f 2915 2916 2933
f 2933 2916 2932
f 2916 2917 2932
f 2932 2917 2931
f 2917 2918 2931
f 2931 2918 2930
f 2918 2919 2930
f 2930 2919 2929
f 2919 2920 2929
f 2929 2920 2928
f 2920 2921 2928
f 2928 2921 2814
f 2935 2851 2835
f 2936 2937 2938
f 2939 2940 2941
f 2940 2942 2941
f 2942 2943 2941
f 2941 2943 2944
f 2944 2945 2753
f 2945 2946 2753
f 2946 2754 2753
f 2947 2948 2939
f 2948 2949 2939
f 2939 2949 2950
f 2950 2951 2939
f 2951 2952 2939
f 2939 2952 2953
f 2953 2954 2939
f 2954 2955 2939
f 2939 2955 2940
f 2938 2937 2956
f 2937 2957 2956
f 2957 2958 2956
f 2958 2959 2956
f 2956 2959 2960
f 2960 2961 2956
f 2961 2962 2956
f 2956 2962 2939
f 2962 2963 2939
f 2939 2963 2947
f 2964 2965 2966
f 2965 2967 2966
f 2966 2967 2938
f 2967 2968 2938
f 2938 2968 2969
f 2969 2970 2938
f 2938 2970 2936
f 2971 2972 2973
f 2971 2974 2972
f 2974 2975 2972
f 2972 2975 2976
f 2975 2977 2976
f 2977 2978 2976
f 2976 2978 2964
f 2978 2979 2964
f 2964 2979 2965
f 2973 2972 2980
f 2972 2981 2980
f 2980 2981 2982
f 2983 2984 2985
f 2984 2986 2985
f 2986 2987 2985
f 2985 2987 2981
f 2987 2988 2981
f 2981 2988 2982
f 2983 2985 2989
f 2985 2990 2989
f 2989 2990 2991
f 2991 2990 2992
f 2990 2993 2992
f 2992 2993 2994
f 2995 2996 2993
f 2993 2996 2994
f 2997 2998 2999
f 2998 3000 2999
f 2999 3000 3001
f 3000 3002 3001
f 3001 3002 2993
f 3002 3003 2993
f 2993 3003 2995
f 2997 2999 3004
f 2999 3005 3004
f 3004 3005 3006
f 3007 3008 3009
f 3008 3010 3009
f 3009 3010 3005
f 3010 3011 3005
f 3005 3011 3006
f 3012 3013 3014
f 3013 3015 3014
f 3014 3015 3016
f 3015 3007 3016
f 3016 3007 3017
f 3007 3009 3017
f 3018 2648 3019
f 2648 3020 3019
f 3019 3020 3021
f 3020 3022 3021
f 3021 3022 3012
f 3022 3023 3012
f 3012 3023 3013
f 3018 3024 2648
f 3024 3025 2648
f 2648 3025 3026
f 2944 2753 2941
f 2753 2891 2941
f 2941 2891 3027
f 2891 2890 3027
f 3027 2890 3028
f 3028 2890 3029
f 2890 2889 3029
f 3029 2889 3030
f 3030 2889 2935
f 2889 2888 2935
f 2935 2888 2851
f 2834 3031 2835
f 3031 3032 2835
f 2835 3032 2935
f 2834 2833 3031
f 2833 2796 3031
f 3031 2796 3033
f 3033 2796 3034
f 2796 2795 3034
f 3034 2795 3035
f 3036 3037 3038
f 3039 3040 3041
f 3041 3040 3042
f 3040 3043 3042
f 3042 3043 3044
f 3043 3045 3044
f 3044 3045 3046
f 3045 3047 3046
f 3046 3047 3048
f 3047 3049 3048
f 3048 3049 3050
f 3050 3049 3038
f 3049 3051 3038
f 3038 3051 3036
f 3041 3052 3039
f 3052 3053 3039
f 3039 3053 3054
f 3053 3055 3054
f 3054 3055 3056
f 3055 3057 3056
f 3056 3057 3058
f 3058 3057 3059
f 3057 3060 3059
f 3059 3060 3061
f 3060 3062 3061
f 3062 3063 3061
f 3061 3063 3064
f 3064 3063 3065
f 3063 3066 3065
f 3065 3066 3067
f 3066 3068 3067
f 3067 3068 3069
f 3068 3070 3069
f 3070 3071 3069
f 3069 3071 3072
f 3071 3073 3072
f 3072 3073 3074
f 3073 3075 3074
f 3074 3075 3076
f 3075 3077 3076
f 3076 3077 3078
f 3077 3079 3078
f 3078 3079 3080
f 3079 3081 3080
f 3080 3081 3082
f 3081 3083 3082
f 3082 3083 3084
f 3085 3086 3087
f 3086 3088 3087
f 3087 3088 3089
f 3088 3084 3089
f 3084 3083 3089
f 3090 3091 3092
f 3090 3092 3093
f 3092 3094 3093
f 3093 3094 3085
f 3085 3094 3086
f 3095 3096 3097
f 3095 3097 3098
f 3097 3099 3098
f 3098 3099 3090
f 3090 3099 3091
f 3100 3101 3102
f 3101 3103 3102
f 3100 3102 3104
f 3102 3105 3104
f 3104 3105 3095
f 3105 3106 3095
f 3095 3106 3096
f 3025 3107 3108
f 3108 3109 3025
f 3109 3110 3025
f 3025 3110 3026
f 3110 3111 3026
f 3026 3111 3101
f 3101 3111 3103
f 3112 3113 3018
f 3113 3107 3018
f 3025 3024 3107
f 3107 3024 3018
f 3112 3018 3114
f 3018 3019 3114
f 3114 3019 3115
f 1094 1093 3116
f 1093 3117 3116
f 3116 3117 3118
f 3117 3119 3118
f 3118 3119 3120
f 3120 3119 3121
f 3119 3122 3121
f 3121 3122 3123
f 3123 3122 3124
f 3122 3125 3124
f 3124 3125 3126
f 3126 3125 3127
f 3125 3128 3127
f 3127 3128 3129
f 3129 3128 3130
f 3128 3131 3130
f 3130 3131 3132
f 3132 3131 3133
f 3131 3134 3133
f 3133 3134 3135
f 3136 3137 3138
f 3139 3140 3141
f 3139 3141 3142
f 3143 3136 3144
f 3136 3138 3144
f 3144 3138 3141
f 3138 3145 3141
f 3141 3145 3142
f 1635 3146 3147
f 3147 3148 1635
f 3148 3149 1635
f 1635 3149 3150
f 3151 3152 270
f 224 225 3153
f 225 226 3153
f 3153 226 3154
f 226 227 3154
f 3154 227 3155
f 3155 227 3156
f 227 228 3156
f 3156 228 3157
f 228 229 3157
f 3157 229 3158
f 3158 229 3159
f 229 230 3159
f 3159 230 3160
f 230 231 3160
f 3160 231 3161
f 3162 3163 3164
f 3163 3165 3164
f 3165 3166 3164
f 3166 3167 3164
f 3164 3167 3168
f 3161 231 3169
f 231 232 3169
f 3169 232 3168
f 232 233 3168
f 3168 233 3164
f 3170 3171 234
f 234 3171 233
f 3171 3172 233
f 233 3172 3164
f 3172 3162 3164
f 3173 3174 235
f 3174 3175 235
f 235 3175 234
f 3175 3176 234
f 234 3176 3170
f 236 3177 3178
f 3178 3179 236
f 3179 3180 236
f 236 3180 235
f 3180 3181 235
f 235 3181 3173
f 3177 236 3182
f 236 237 3182
f 3182 237 3183
f 3184 3185 238
f 3185 3186 238
f 238 3186 237
f 3186 3187 237
f 237 3187 3183
f 3188 3189 239
f 3189 3190 239
f 239 3190 238
f 3190 3191 238
f 238 3191 3184
f 3188 239 3192
f 239 240 3192
f 3192 240 3193
f 3194 3195 241
f 3195 3193 241
f 241 3193 240
f 3194 241 3196
f 241 242 3196
f 3196 242 3197
f 3198 3199 243
f 3199 3200 243
f 243 3200 242
f 3200 3201 242
f 242 3201 3197
f 244 3202 243
f 3202 3203 243
f 243 3203 3198
f 3204 3205 245
f 245 3205 244
f 3205 3206 244
f 244 3206 3202
f 3204 245 3207
f 245 246 3207
f 3207 246 3208
f 3208 246 3209
f 246 247 3209
f 3209 247 3210
f 3211 3212 248
f 3212 3213 248
f 248 3213 247
f 3213 3214 247
f 247 3214 3210
f 3211 248 3215
f 248 249 3215
f 3215 249 3216
f 3216 249 3217
f 249 250 3217
f 3217 250 3218
f 3218 250 3219
f 250 251 3219
f 3219 251 3220
f 3220 251 3221
f 251 252 3221
f 3221 252 3222
f 3222 252 3223
f 252 253 3223
f 3223 253 3224
f 3225 3226 254
f 3226 3227 254
f 254 3227 253
f 3227 3224 253
f 256 3228 255
f 3228 3229 255
f 255 3229 254
f 3229 3230 254
f 254 3230 3225
f 257 3231 256
f 3231 3232 256
f 256 3232 3228
f 257 258 3233
f 3233 3234 257
f 3234 3235 257
f 257 3235 3231
f 259 3236 258
f 3236 3237 258
f 3237 3238 258
f 258 3238 3233
f 260 3239 259
f 3239 3240 259
f 259 3240 3236
f 3241 260 3242
f 260 261 3242
f 3241 3243 260
f 3243 3244 260
f 260 3244 3239
f 262 3245 261
f 3245 3246 261
f 261 3246 3242
f 3247 3248 263
f 3248 3249 263
f 263 3249 262
f 3249 3250 262
f 262 3250 3245
f 264 3251 263
f 3251 3252 263
f 263 3252 3247
f 3253 3254 264
f 3254 3255 264
f 264 3255 3251
f 3256 265 3257
f 265 266 3257
f 3257 266 3258
f 3256 3259 265
f 3259 3260 265
f 265 3260 264
f 264 3260 3253
f 3261 3262 267
f 3262 3263 267
f 267 3263 266
f 3263 3264 266
f 266 3264 3258
f 3265 3266 268
f 3266 3267 268
f 268 3267 267
f 3267 3268 267
f 267 3268 3261
f 3269 3270 269
f 3270 3271 269
f 269 3271 268
f 3271 3272 268
f 268 3272 3265
f 270 3152 269
f 3152 3273 269
f 269 3273 3269
f 271 3274 270
f 3274 3275 270
f 270 3275 3276
f 3276 3277 270
f 3277 3278 270
f 270 3278 3151
f 3279 3280 271
f 3280 3281 271
f 271 3281 3274
f 3279 271 3282
f 271 272 3282
f 3282 272 3283
f 272 273 3283
f 3283 273 3284
f 3284 273 3285
f 273 274 3285
f 3285 274 3286
f 274 275 3286
f 3286 275 3287
f 275 276 3287
f 3287 276 3288
f 3288 276 3289
f 276 277 3289
f 3289 277 3290
f 277 278 3290
f 3290 278 222
f 1145 1147 1581
f 1145 1581 1200
f 1581 1166 1200
f 1200 1166 1167
f 1167 1170 1200
f 1170 1172 1200
f 1200 1172 1174
f 1174 1176 1200
f 1176 1178 1200
f 1200 1178 1180
f 1180 1182 1200
f 1182 1184 1200
f 1200 1184 1186
f 1186 1188 1200
f 1188 1190 1200
f 1200 1190 1192
f 1192 1194 1200
f 1194 1196 1200
f 1200 1196 1198
f 3291 3292 3293
f 3292 3294 3293
f 3293 3294 3295
f 3295 3294 3296
f 3294 3297 3296
f 3296 3297 3298
f 3299 3300 3301
f 3302 3303 3304
f 3303 3305 3304
f 3304 3305 3306
f 3305 3307 3306
f 3306 3307 3308
f 3307 3309 3308
f 3310 3292 3311
f 3292 3291 3311
f 3311 3291 3312
f 3291 3313 3312
f 3297 3314 3298
f 3298 3314 3315
f 3314 3316 3315
f 3315 3316 3317
f 3316 3318 3317
f 3317 3318 3319
f 3320 3321 3322
f 3321 3323 3322
f 3322 3323 3324
f 3301 3325 3299
f 3325 3326 3299
f 3299 3326 3309
f 3326 3327 3309
f 3309 3327 3308
f 3318 3328 3319
f 3328 3329 3319
f 3319 3329 3330
f 3329 3331 3330
f 3330 3331 3332
f 3331 3333 3332
f 3332 3333 3334
f 3333 3335 3334
f 3334 3335 3336
f 3323 3337 3324
f 3337 3338 3324
f 3324 3338 3300
f 3338 3339 3300
f 3300 3339 3301
f 3302 3340 3303
f 3340 3341 3303
f 3303 3341 3342
f 3341 3343 3342
f 3342 3343 3344
f 3343 3345 3344
f 3344 3345 3313
f 3345 3346 3313
f 3313 3346 3312
f 2152 2153 1099
f 2152 1099 2151
f 2156 2157 1099
f 2164 2165 1099
f 2165 2166 1099
f 1099 2166 2167
f 3347 3348 1099
f 3348 3349 1099
f 2817 2816 1624
f 2816 2829 1624
f 1624 2829 2836
f 1624 3350 2698
f 1107 1105 1109
f 1105 1103 1109
f 3350 3351 3352
f 1099 2160 2161
f 2145 2146 1099
f 2146 2147 1099
f 1099 2147 2148
f 2148 2149 1099
f 2149 2150 1099
f 1099 2150 2151
f 3352 3353 3350
f 3353 2682 3350
f 3350 2682 2698
f 2698 2624 1624
f 2624 2623 1624
f 1624 2623 1715
f 2623 1716 1715
f 2153 2154 1099
f 2154 2155 1099
f 1099 2155 2156
f 2157 2158 1099
f 2158 2159 1099
f 1099 2159 2160
f 3354 3355 1099
f 3349 3356 1099
f 3356 3357 1099
f 1099 3357 1097
f 3357 3358 1097
f 1097 3358 1103
f 3358 3359 1103
f 1103 3359 1109
f 3359 3360 1109
f 1109 3360 1111
f 3360 2817 1111
f 1111 2817 1101
f 2817 1624 1101
f 1101 1624 1099
f 1624 1625 1099
f 1099 1625 2145
f 2892 2913 1624
f 2913 2746 1624
f 1624 2746 3350
f 2746 2745 3350
f 2161 2162 1099
f 2162 2163 1099
f 1099 2163 2164
f 3355 3361 1099
f 3361 3362 1099
f 1099 3362 3347
f 2836 2863 1624
f 2863 2881 1624
f 1624 2881 2892
f 2167 2592 1099
f 2592 3363 1099
f 1099 3363 3364
f 3365 1099 3366
f 1099 3367 3366
f 3364 3368 1099
f 3368 3369 1099
f 1099 3369 3367
f 3365 3370 1099
f 3370 3371 1099
f 1099 3371 3372
f 3372 3373 1099
f 3373 3374 1099
f 1099 3374 3354
f 3375 3322 3324
f 3146 3376 3377
f 3376 3378 3377
f 3377 3378 3379
f 3380 3381 3382
f 3379 3383 3377
f 3383 3384 3377
f 3377 3384 3382
f 3384 3385 3382
f 3385 3386 3382
f 3386 3387 3382
f 3382 3387 3388
f 3388 3389 3382
f 3389 3390 3382
f 3382 3390 3380
f 3381 3391 3382
f 3391 3392 3382
f 3382 3392 3393
f 3393 3394 3382
f 3394 3395 3382
f 3382 3395 3396
f 3396 3397 3382
f 3397 3398 3382
f 3382 3398 3399
f 3399 3400 3382
f 3400 3401 3382
f 3382 3401 3375
f 3377 3402 3146
f 3402 3403 3146
f 3146 3403 3147
f 3375 3324 3382
f 3324 3300 3382
f 3382 3300 3404
f 3300 3299 3404
f 3404 3299 3405
f 3299 3309 3405
f 3405 3309 3406
f 3309 3307 3406
f 3406 3307 3407
f 3307 3305 3407
f 3407 3305 3408
f 3305 3303 3408
f 3408 3303 3409
f 3303 3342 3409
f 3409 3342 3410
f 3344 3411 3342
f 3411 3412 3342
f 3342 3412 3410
f 3413 3414 3313
f 3414 3415 3313
f 3313 3415 3344
f 3415 3416 3344
f 3344 3416 3411
f 3313 3291 3413
f 3291 3293 3413
f 3413 3293 3417
f 3293 3295 3417
f 3417 3295 3418
f 3295 3296 3418
f 3418 3296 3419
f 3296 3298 3419
f 3419 3298 3420
f 3298 3315 3420
f 3420 3315 3421
f 3315 3317 3421
f 3421 3317 3422
f 3319 3330 3423
f 3330 3332 3423
f 3423 3332 3334
f 3423 3424 3319
f 3424 3425 3319
f 3319 3425 3317
f 3425 3426 3317
f 3317 3426 3422
f 3336 1250 3334
f 1250 3427 3334
f 3334 3427 3423
f 1250 1249 3427
f 1249 1311 3427
f 1311 1309 3427
f 1309 1308 3427
f 3427 1308 3428
f 1308 1306 3428
f 3428 1306 1302
f 1302 1300 3428
f 1300 1297 3428
f 1297 1296 3428
f 1296 1294 3428
f 3428 1294 1292
f 1292 1290 3428
f 1290 1288 3428
f 3428 1288 1285
f 1285 1283 3428
f 3428 1283 1281
f 1281 1279 3428
f 3428 1279 1277
f 1277 1275 3428
f 1275 1273 3428
f 3428 1273 1271
f 1271 1269 3428
f 1269 1267 3428
f 1267 1266 3428
f 1266 1264 3428
f 3428 1264 3429
f 1264 3430 3429
f 1264 1262 3430
f 1262 1261 3430
f 1261 1252 3430
f 1252 1255 3430
f 3430 1255 1257
f 1257 1259 3430
f 3430 1259 3431
f 1259 3432 3431
f 3432 3433 3431
f 3431 3433 3434
f 3433 3435 3434
f 3434 3435 3436
f 3435 3437 3436
f 3437 3438 3436
f 3436 3438 3439
f 3438 1096 3439
f 3439 1096 1094
f 3440 3441 3442
f 3441 3443 3442
f 3442 3443 3444
f 3445 3446 3447
f 3444 3443 3448
f 3443 3449 3448
f 3448 3449 3450
f 3449 3451 3450
f 3450 3451 3452
f 3451 3453 3452
f 3452 3453 3454
f 3453 3455 3454
f 3454 3455 3456
f 3455 3457 3456
f 3456 3457 3458
f 3457 3459 3458
f 3458 3459 3460
f 3459 3461 3460
f 3460 3461 3462
f 3461 3463 3462
f 3463 3464 3462
f 3462 3464 3465
f 3464 3466 3465
f 3466 3467 3465
f 3465 3467 3468
f 3467 3469 3468
f 3469 3470 3468
f 3470 3471 3468
f 3468 3471 3472
f 3471 3473 3472
f 3473 3474 3472
f 3472 3474 3475
f 3447 3476 3445
f 3476 3477 3445
f 3445 3477 3478
f 3477 3479 3478
f 3478 3479 3480
f 3479 3481 3480
f 3480 3481 3482
f 3481 3483 3482
f 3482 3483 3484
f 3483 3485 3484
f 3484 3485 3486
f 3485 3487 3486
f 3486 3487 3488
f 3487 3489 3488
f 3488 3489 3490
f 3489 3491 3490
f 3490 3491 3492
f 3491 3493 3492
f 3492 3493 3494
f 3493 3495 3494
f 3494 3495 3496
f 3495 3497 3496
f 3496 3497 3498
f 3497 3499 3498
f 3498 3499 3500
f 3499 3501 3500
f 3500 3501 3502
f 3501 3503 3502
f 3502 3503 3504
f 3503 3505 3504
f 3504 3505 3506
f 3505 3507 3506
f 3506 3507 3508
f 3507 3509 3508
f 3508 3509 3510
f 3509 3511 3510
f 3510 3511 3512
f 3511 3513 3512
f 3512 3513 3514
f 3513 3515 3514
f 3514 3515 3516
f 3515 3517 3516
f 3516 3517 3518
f 3517 3519 3518
f 3518 3519 3520
f 3519 3521 3520
f 3520 3521 3522
f 3521 3475 3522
f 3522 3475 3523
f 3475 3474 3523
f 3524 3525 3526
f 3527 3528 3529
f 3530 3531 3532
f 3533 3534 3535
f 3536 3537 3538
f 1481 1480 3539
f 3540 3541 3542
f 3543 3544 3545
f 3546 3547 3548
f 3549 3550 3551
f 3552 1506 3553
f 1506 1504 3553
f 3553 3554 3552
f 3554 3555 3552
f 3552 3555 3556
f 3555 3557 3556
f 3556 3557 3558
f 3558 3557 3559
f 3557 3560 3559
f 3559 3560 3561
f 3560 3562 3561
f 3561 3562 3563
f 3562 3564 3563
f 3563 3564 3565
f 3566 3567 3568
f 3567 3569 3568
f 3568 3569 3564
f 3569 3565 3564
f 3570 3571 3572
f 3571 3573 3572
f 3572 3573 3574
f 3575 3576 3570
f 3576 3577 3570
f 3570 3577 3571
f 3570 3578 3575
f 3578 3579 3575
f 3575 3579 3580
f 3579 3581 3580
f 3547 3582 3548
f 3582 3583 3548
f 3548 3583 3584
f 3583 3585 3584
f 3584 3585 3586
f 3543 3545 3587
f 3588 3589 3590
f 3589 3591 3590
f 3592 3593 3594
f 3593 3595 3594
f 3594 3595 3596
f 3597 3598 3599
f 3598 3600 3599
f 3600 3598 3601
f 3598 3602 3601
f 3601 3602 3603
f 3604 3605 3606
f 3607 3605 3608
f 3605 3604 3608
f 3608 3604 3609
f 1484 3610 1491
f 3610 1489 1491
f 1481 3539 1484
f 1504 1502 3553
f 1502 1500 3553
f 3553 1500 1498
f 1498 1493 3553
f 3553 1493 3554
f 1493 1495 3554
f 3554 1495 1487
f 3544 3611 3545
f 3611 3612 3545
f 3545 3612 3613
f 3612 3614 3613
f 3613 3614 3615
f 3616 3615 3617
f 3618 3614 3619
f 3614 3612 3619
f 3619 3612 3620
f 3612 3611 3620
f 3620 3546 3619
f 3546 3548 3619
f 3619 3548 3618
f 3548 3584 3618
f 3618 3584 3621
f 3584 3586 3621
f 3621 3586 3622
f 3623 3624 3625
f 3624 3626 3625
f 3625 3626 3627
f 3626 3628 3627
f 3627 3628 3629
f 3628 3630 3629
f 3629 3630 3631
f 3630 3632 3631
f 3631 3632 3633
f 3632 3634 3633
f 3633 3634 3635
f 3634 3636 3635
f 3635 3636 3637
f 3638 3623 3639
f 3623 3625 3639
f 3639 3625 3640
f 3625 3627 3640
f 3640 3627 3641
f 3627 3629 3641
f 3641 3629 3642
f 3629 3631 3642
f 3642 3631 3643
f 3631 3633 3643
f 3643 3633 3644
f 3633 3635 3644
f 3644 3635 3645
f 3635 3637 3645
f 3645 3637 3646
f 3615 3614 3617
f 3614 3618 3617
f 3617 3618 3647
f 3618 3621 3647
f 3647 3621 3648
f 3621 3622 3648
f 3648 3622 3649
f 3622 3650 3649
f 3649 3650 3651
f 3652 3653 3654
f 3654 3655 3652
f 3655 3656 3652
f 3652 3656 3657
f 3656 3658 3657
f 3657 3658 3659
f 3658 3660 3659
f 3659 3660 3661
f 3660 3662 3661
f 3661 3662 3616
f 3616 3617 3661
f 3617 3647 3661
f 3661 3647 3659
f 3647 3648 3659
f 3659 3648 3657
f 3648 3649 3657
f 3657 3649 3652
f 3649 3651 3652
f 3652 3651 3653
f 3582 3549 3583
f 3549 3551 3583
f 3583 3551 3585
f 3551 3663 3585
f 3585 3663 3586
f 3586 3663 3622
f 3663 3664 3622
f 3622 3664 3650
f 3665 3528 3666
f 3528 3527 3666
f 3666 3527 3667
f 3527 3668 3667
f 3667 3668 3638
f 3668 3669 3638
f 3638 3669 3623
f 3669 3670 3623
f 3623 3670 3624
f 3671 3672 3673
f 3672 3674 3673
f 3673 3674 3675
f 3674 3676 3675
f 3675 3676 3677
f 3676 3678 3677
f 3677 3678 3679
f 3678 3680 3679
f 3679 3680 3681
f 3665 3682 3683
f 3684 3566 3685
f 3566 3568 3685
f 3685 3568 3686
f 3672 3687 3674
f 3687 3688 3674
f 3674 3688 3676
f 3688 3534 3676
f 3676 3534 3678
f 3534 3533 3678
f 3678 3533 3680
f 3535 3534 3689
f 3534 3688 3689
f 3689 3688 3690
f 3688 3687 3690
f 3690 3687 3691
f 3687 3672 3691
f 3691 3672 3692
f 3672 3671 3692
f 3692 3671 3536
f 3536 3538 3692
f 3538 3693 3692
f 3692 3693 3691
f 3693 3694 3691
f 3691 3694 3690
f 3694 3695 3690
f 3690 3695 3689
f 3695 3696 3689
f 3689 3696 3535
f 3697 3681 3698
f 3681 3680 3698
f 3698 3680 3699
f 3680 3533 3699
f 3699 3533 3700
f 3533 3535 3700
f 3700 3535 3701
f 3535 3696 3701
f 3701 3696 3702
f 3696 3695 3702
f 3702 3695 3655
f 3695 3694 3655
f 3655 3694 3656
f 3694 3693 3656
f 3656 3693 3658
f 3693 3538 3658
f 3658 3538 3660
f 3538 3537 3660
f 3660 3537 3662
f 3703 3704 3705
f 3704 3706 3705
f 3705 3706 3707
f 3708 3709 3706
f 3707 3710 3705
f 3710 3711 3705
f 3705 3711 3703
f 3711 3712 3703
f 3574 3713 3572
f 3713 3714 3572
f 3572 3714 3570
f 3714 3715 3570
f 3570 3715 3578
f 3715 3716 3578
f 3578 3716 3579
f 3716 3717 3579
f 3579 3717 3581
f 3713 3712 3714
f 3712 3711 3714
f 3714 3711 3715
f 3711 3710 3715
f 3715 3710 3716
f 3710 3707 3716
f 3716 3707 3717
f 3707 3718 3717
f 3717 3718 3719
f 3720 3581 3719
f 3581 3717 3719
f 3709 3721 3706
f 3706 3721 3707
f 3721 3722 3707
f 3707 3722 3718
f 3723 3724 3725
f 3724 3723 3531
f 3723 3726 3531
f 3531 3726 3532
f 3727 3725 3728
f 3725 3724 3728
f 3728 3724 3729
f 3724 3531 3729
f 3530 3730 3531
f 3730 3731 3531
f 3531 3731 3729
f 3732 3733 3730
f 3733 3734 3730
f 3730 3734 3731
f 3734 3735 3731
f 3731 3735 3729
f 3735 3736 3729
f 3729 3736 3728
f 3736 3737 3728
f 3728 3737 3727
f 3532 3738 3530
f 3738 3739 3530
f 3530 3739 3730
f 3739 3740 3730
f 3730 3740 3732
f 3529 3741 3732
f 3741 3742 3732
f 3732 3742 3733
f 3742 3743 3733
f 3733 3743 3734
f 3743 3744 3734
f 3734 3744 3735
f 3744 3745 3735
f 3735 3745 3736
f 3745 3746 3736
f 3736 3746 3737
f 3665 3683 3528
f 3683 3747 3528
f 3528 3747 3529
f 3747 3748 3529
f 3529 3748 3741
f 3748 3749 3741
f 3741 3749 3742
f 3749 3750 3742
f 3742 3750 3743
f 3750 3751 3743
f 3743 3751 3744
f 3751 3539 3744
f 3744 3539 3745
f 3539 1480 3745
f 3745 1480 3746
f 3686 3568 3752
f 3568 3564 3752
f 3752 3564 3753
f 3564 3562 3753
f 3753 3562 3754
f 3562 3560 3754
f 3754 3560 3755
f 3560 3557 3755
f 3755 3557 3756
f 3557 3555 3756
f 3756 3555 3757
f 3555 3554 3757
f 3757 3554 3610
f 3554 1487 3610
f 3610 1487 1489
f 1484 3539 3610
f 3539 3751 3610
f 3610 3751 3757
f 3751 3750 3757
f 3757 3750 3756
f 3750 3749 3756
f 3756 3749 3755
f 3749 3748 3755
f 3755 3748 3754
f 3748 3747 3754
f 3754 3747 3753
f 3747 3683 3753
f 3753 3683 3752
f 3683 3682 3752
f 3752 3682 3686
f 3526 3609 3758
f 3609 3604 3758
f 3758 3604 3759
f 3604 3606 3759
f 3759 3606 3760
f 3761 3762 3763
f 3762 3764 3763
f 3763 3764 3765
f 3764 3525 3765
f 3765 3525 3766
f 3525 3524 3766
f 3766 3524 3767
f 3526 3525 3609
f 3525 3764 3609
f 3609 3764 3608
f 3764 3762 3608
f 3608 3762 3607
f 3762 3761 3607
f 3607 3761 3768
f 3769 3592 3770
f 3592 3594 3770
f 3770 3594 3771
f 3594 3596 3771
f 3771 3596 3772
f 3773 3769 3774
f 3769 3770 3774
f 3774 3770 3775
f 3770 3771 3775
f 3775 3771 3776
f 3771 3772 3776
f 3776 3772 3777
f 3599 3773 3597
f 3773 3774 3597
f 3597 3774 3778
f 3774 3775 3778
f 3778 3775 3779
f 3775 3776 3779
f 3779 3776 3780
f 3776 3777 3780
f 3780 3777 3781
f 3782 3603 3783
f 3603 3602 3783
f 3783 3602 3784
f 3602 3598 3784
f 3784 3598 3785
f 3598 3597 3785
f 3785 3597 3786
f 3597 3778 3786
f 3786 3778 3787
f 3778 3779 3787
f 3787 3779 3788
f 3779 3780 3788
f 3788 3780 3789
f 3780 3781 3789
f 3789 3781 3790
f 3791 3792 3793
f 3792 3794 3793
f 3793 3794 3795
f 3794 3796 3795
f 3795 3796 3797
f 3796 3798 3797
f 3797 3798 3799
f 3798 3800 3799
f 3799 3800 3801
f 3800 3802 3801
f 3801 3802 3803
f 3802 3804 3803
f 3803 3804 3805
f 3804 3806 3805
f 3805 3806 3807
f 3806 3808 3807
f 3807 3808 3809
f 3808 3810 3809
f 3809 3810 3811
f 3810 3812 3811
f 3811 3812 3783
f 3593 3540 3595
f 3540 3542 3595
f 3595 3542 3596
f 3542 3813 3596
f 3596 3813 3772
f 3813 3814 3772
f 3772 3814 3777
f 3814 3815 3777
f 3777 3815 3781
f 3815 3816 3781
f 3781 3816 3790
f 3816 3817 3790
f 3790 3817 3818
f 3817 3819 3818
f 3818 3819 3820
f 3819 3821 3820
f 3820 3821 3822
f 3821 3823 3822
f 3822 3823 3824
f 3823 3825 3824
f 3826 3588 3827
f 3588 3590 3827
f 3827 3590 3828
f 3590 3829 3828
f 3828 3829 3830
f 3829 3831 3830
f 3830 3831 3832
f 3831 3833 3832
f 3832 3833 3834
f 3833 3835 3834
f 3834 3835 3836
f 3835 3837 3836
f 3836 3837 3838
f 3839 3826 3840
f 3826 3827 3840
f 3840 3827 3841
f 3827 3828 3841
f 3841 3828 3842
f 3828 3830 3842
f 3842 3830 3843
f 3830 3832 3843
f 3843 3832 3844
f 3832 3834 3844
f 3844 3834 3845
f 3834 3836 3845
f 3845 3836 3846
f 3836 3838 3846
f 3846 3838 3847
f 3848 3847 3849
f 3847 3838 3849
f 3849 3838 3850
f 3838 3837 3850
f 3850 3837 3851
f 3837 3835 3851
f 3851 3835 3852
f 3835 3833 3852
f 3852 3833 3853
f 3833 3831 3853
f 3853 3831 3854
f 3831 3829 3854
f 3854 3829 3855
f 3829 3590 3855
f 3855 3590 3856
f 3590 3591 3856
f 3856 3591 3857
f 3541 3839 3542
f 3839 3840 3542
f 3542 3840 3813
f 3840 3841 3813
f 3813 3841 3814
f 3841 3842 3814
f 3814 3842 3815
f 3842 3843 3815
f 3815 3843 3816
f 3843 3844 3816
f 3816 3844 3817
f 3844 3845 3817
f 3817 3845 3819
f 3845 3846 3819
f 3819 3846 3821
f 3846 3847 3821
f 3821 3847 3823
f 3847 3848 3823
f 3823 3848 3825
f 3825 3791 3824
f 3791 3793 3824
f 3824 3793 3822
f 3793 3795 3822
f 3822 3795 3820
f 3795 3797 3820
f 3820 3797 3818
f 3797 3799 3818
f 3818 3799 3790
f 3799 3801 3790
f 3790 3801 3789
f 3801 3803 3789
f 3789 3803 3788
f 3803 3805 3788
f 3788 3805 3787
f 3805 3807 3787
f 3787 3807 3786
f 3807 3809 3786
f 3786 3809 3785
f 3809 3811 3785
f 3785 3811 3784
f 3811 3783 3784
f 1480 1479 3746
f 1479 3858 3746
f 3746 3858 3737
f 3858 3768 3737
f 3737 3768 3727
f 3768 3761 3727
f 3727 3761 3725
f 3761 3763 3725
f 3725 3763 3723
f 3763 3765 3723
f 3723 3765 3726
f 3765 3766 3726
f 3726 3766 3532
f 3766 3767 3532
f 3532 3767 3738
f 3574 3697 3713
f 3697 3698 3713
f 3713 3698 3712
f 3698 3699 3712
f 3712 3699 3703
f 3699 3700 3703
f 3703 3700 3704
f 3700 3701 3704
f 3704 3701 3706
f 3701 3702 3706
f 3706 3702 3708
f 3702 3655 3708
f 3708 3655 3654
f 3573 3684 3574
f 3684 3685 3574
f 3574 3685 3697
f 3685 3686 3697
f 3697 3686 3681
f 3686 3682 3681
f 3681 3682 3679
f 3682 3665 3679
f 3679 3665 3677
f 3665 3666 3677
f 3677 3666 3675
f 3666 3667 3675
f 3675 3667 3673
f 3667 3638 3673
f 3673 3638 3671
f 3638 3639 3671
f 3671 3639 3536
f 3639 3640 3536
f 3536 3640 3537
f 3640 3641 3537
f 3537 3641 3662
f 3641 3642 3662
f 3662 3642 3616
f 3642 3643 3616
f 3616 3643 3615
f 3643 3644 3615
f 3615 3644 3613
f 3644 3645 3613
f 3613 3645 3545
f 3645 3646 3545
f 3545 3646 3587
f 3646 3637 3587
f 3587 3637 3857
f 3637 3636 3857
f 3857 3636 3856
f 3636 3634 3856
f 3856 3634 3855
f 3634 3632 3855
f 3855 3632 3854
f 3632 3630 3854
f 3854 3630 3853
f 3630 3628 3853
f 3853 3628 3852
f 3628 3626 3852
f 3852 3626 3851
f 3626 3624 3851
f 3851 3624 3850
f 3624 3670 3850
f 3850 3670 3849
f 3670 3669 3849
f 3849 3669 3848
f 3669 3668 3848
f 3848 3668 3825
f 3668 3527 3825
f 3825 3527 3791
f 3527 3529 3791
f 3791 3529 3792
f 3529 3732 3792
f 3792 3732 3794
f 3732 3740 3794
f 3794 3740 3796
f 3740 3739 3796
f 3796 3739 3798
f 3739 3738 3798
f 3798 3738 3800
f 3738 3767 3800
f 3800 3767 3802
f 3767 3524 3802
f 3802 3524 3804
f 3524 3526 3804
f 3804 3526 3806
f 3526 3758 3806
f 3806 3758 3808
f 3758 3759 3808
f 3808 3759 3810
f 3759 3760 3810
f 3810 3760 3812
f 3859 3353 3352
f 3860 3861 3862
f 3008 3863 3010
f 3863 3864 3010
f 3010 3864 3011
f 3865 3866 3867
f 3866 3868 3867
f 3867 3868 3869
f 3865 3870 3866
f 3870 3871 3866
f 3872 3873 3869
f 3873 3874 3869
f 3869 3874 3867
f 3872 3875 3876
f 3875 3877 3876
f 3878 3879 3880
f 3880 3879 3877
f 3879 3881 3877
f 3877 3881 3876
f 3882 3883 3884
f 3883 3885 3884
f 3884 3885 3886
f 3861 3887 3862
f 3862 3887 3888
f 3889 3890 3891
f 3890 3860 3891
f 3892 3893 3889
f 3893 3894 3889
f 3889 3894 3890
f 3895 3896 3892
f 3896 3897 3892
f 3892 3897 3893
f 3898 3899 3895
f 3899 3900 3895
f 3895 3900 3896
f 3901 3902 3898
f 3902 3903 3898
f 3898 3903 3899
f 3904 3905 3901
f 3905 3906 3901
f 3901 3906 3902
f 3907 3908 3904
f 3908 3909 3904
f 3904 3909 3905
f 3910 3911 3912
f 3912 3911 3907
f 3911 3913 3907
f 3907 3913 3908
f 3914 3915 3916
f 3915 3917 3916
f 3916 3917 3910
f 3917 3918 3910
f 3910 3918 3911
f 3007 3866 3008
f 3866 3871 3008
f 3008 3871 3863
f 3872 3869 3875
f 3869 3868 3875
f 3875 3868 3919
f 3868 3866 3919
f 3919 3866 3920
f 3866 3007 3920
f 3920 3007 3015
f 3015 3921 3920
f 3921 3922 3920
f 3920 3922 3919
f 3922 3923 3919
f 3919 3923 3875
f 3923 3924 3875
f 3875 3924 3877
f 3924 3886 3877
f 3877 3886 3880
f 3886 3885 3880
f 3880 3885 3878
f 3015 3925 3921
f 3925 3926 3921
f 3921 3926 3922
f 3926 3927 3922
f 3922 3927 3923
f 3927 3928 3923
f 3923 3928 3924
f 3928 3929 3924
f 3924 3929 3886
f 3929 3888 3886
f 3886 3888 3884
f 3888 3887 3884
f 3884 3887 3882
f 3015 3013 3925
f 3013 3023 3925
f 3925 3023 3022
f 3860 3862 3891
f 3862 3888 3891
f 3891 3888 3930
f 3888 3929 3930
f 3930 3929 3931
f 3929 3928 3931
f 3931 3928 3932
f 3928 3927 3932
f 3932 3927 3933
f 3927 3926 3933
f 3933 3926 3934
f 3926 3925 3934
f 3934 3925 3935
f 3925 3022 3935
f 3935 3022 3020
f 3020 3936 3935
f 3936 3937 3935
f 3935 3937 3934
f 3937 3938 3934
f 3934 3938 3933
f 3938 3939 3933
f 3933 3939 3932
f 3939 3940 3932
f 3932 3940 3931
f 3940 3941 3931
f 3931 3941 3930
f 3941 3942 3930
f 3930 3942 3891
f 3942 3943 3891
f 3891 3943 3889
f 3943 3944 3889
f 3889 3944 3892
f 3944 3945 3892
f 3892 3945 3895
f 3945 3946 3895
f 3895 3946 3898
f 3946 3947 3898
f 3898 3947 3901
f 3947 3948 3901
f 3901 3948 3904
f 3948 3949 3904
f 3904 3949 3907
f 3949 3950 3907
f 3907 3950 3912
f 3950 3951 3912
f 3912 3951 3910
f 3951 3859 3910
f 3910 3859 3916
f 3859 3352 3916
f 3916 3352 3914
f 3352 3351 3914
f 2682 3353 2680
f 3353 3859 2680
f 2680 3859 2678
f 3859 3951 2678
f 2678 3951 2676
f 3951 3950 2676
f 2676 3950 2674
f 3950 3949 2674
f 2674 3949 2672
f 3949 3948 2672
f 2672 3948 2670
f 3948 3947 2670
f 2670 3947 2668
f 3947 3946 2668
f 2668 3946 2666
f 3946 3945 2666
f 2666 3945 2664
f 3945 3944 2664
f 2664 3944 2662
f 3944 3943 2662
f 2662 3943 2660
f 3943 3942 2660
f 2660 3942 2658
f 3942 3941 2658
f 2658 3941 2656
f 3941 3940 2656
f 2656 3940 2654
f 3940 3939 2654
f 2654 3939 2652
f 3939 3938 2652
f 2652 3938 2650
f 3938 3937 2650
f 2650 3937 2647
f 3937 3936 2647
f 2647 3936 2648
f 3936 3020 2648
f 3952 3953 3954
f 3955 3956 3957
f 3958 3959 3960
f 3961 3962 3963
f 3964 3965 3966
f 3966 3965 3967
f 3965 3968 3967
f 3969 3970 3971
f 3970 3972 3971
f 3971 3972 3966
f 3972 3973 3966
f 3966 3973 3964
f 3969 3971 3974
f 3971 3975 3974
f 3974 3975 3976
f 3977 3978 3979
f 3978 3980 3979
f 3979 3980 3975
f 3980 3981 3975
f 3975 3981 3976
f 3979 3982 3977
f 3977 3982 3983
f 3984 3985 3986
f 3985 3987 3986
f 3986 3987 3988
f 3987 3989 3988
f 3988 3989 3982
f 3982 3989 3983
f 3990 3991 3992
f 3986 3993 3984
f 3993 3990 3984
f 3984 3990 3994
f 3990 3992 3994
f 3995 3996 3988
f 3996 3997 3988
f 3988 3997 3986
f 3997 3998 3986
f 3986 3998 3993
f 3999 4000 4001
f 4002 4003 4004
f 3961 3963 4005
f 3968 4006 3967
f 4006 4007 3967
f 3967 4007 3960
f 4007 4008 3960
f 3960 4008 3958
f 3956 3403 3957
f 3403 4009 3957
f 3957 4009 4010
f 4009 4011 4010
f 4010 4011 4012
f 4011 4013 4012
f 4012 4013 4014
f 4013 4015 4014
f 4014 4015 4016
f 4015 4017 4016
f 4016 4017 4018
f 4017 4019 4018
f 4018 4019 4020
f 4019 4021 4020
f 4022 3955 4023
f 3955 3957 4023
f 4023 3957 4024
f 3957 4010 4024
f 4024 4010 4025
f 4010 4012 4025
f 4025 4012 4026
f 4012 4014 4026
f 4026 4014 4027
f 4014 4016 4027
f 4027 4016 4028
f 4016 4018 4028
f 4028 4018 3963
f 4018 4020 3963
f 3963 4020 4005
f 4020 4021 4005
f 4005 4021 4029
f 3953 4022 3954
f 4022 4023 3954
f 3954 4023 4030
f 4023 4024 4030
f 4030 4024 4031
f 4024 4025 4031
f 4031 4025 4032
f 4025 4026 4032
f 4032 4026 4033
f 4026 4027 4033
f 4033 4027 4034
f 4027 4028 4034
f 4034 4028 4035
f 4028 3963 4035
f 4035 3963 4036
f 3963 3962 4036
f 4037 3952 4038
f 3952 3954 4038
f 4038 3954 4039
f 3954 4030 4039
f 4039 4030 4040
f 4030 4031 4040
f 4040 4031 4041
f 4031 4032 4041
f 4041 4032 4042
f 4032 4033 4042
f 4042 4033 4043
f 4033 4034 4043
f 4043 4034 4044
f 4034 4035 4044
f 4044 4035 4045
f 4035 4036 4045
f 4046 4037 4047
f 4037 4038 4047
f 4047 4038 4048
f 4038 4039 4048
f 4048 4039 4049
f 4039 4040 4049
f 4049 4040 4050
f 4040 4041 4050
f 4050 4041 4051
f 4041 4042 4051
f 4051 4042 4052
f 4042 4043 4052
f 4052 4043 4004
f 4043 4044 4004
f 4004 4044 4002
f 4044 4045 4002
f 4003 3999 4004
f 3999 4001 4004
f 4004 4001 4052
f 4001 4053 4052
f 4052 4053 4051
f 4053 4054 4051
f 4051 4054 4050
f 4054 4055 4050
f 4050 4055 4049
f 4055 4056 4049
f 4049 4056 4048
f 4056 4057 4048
f 4048 4057 4047
f 4057 4058 4047
f 4058 4059 4060
f 4058 4060 4047
f 4060 4061 4047
f 4047 4061 4046
f 3960 4059 3967
f 4059 4058 3967
f 3967 4058 3966
f 4058 4057 3966
f 3966 4057 3971
f 4057 4056 3971
f 3971 4056 3975
f 4056 4055 3975
f 3975 4055 3979
f 4055 4054 3979
f 3979 4054 3982
f 4054 4053 3982
f 3982 4053 3988
f 4053 4001 3988
f 3988 4001 3995
f 4001 4000 3995
f 4062 4063 4064
f 4065 4066 4067
f 4068 4069 4064
f 4070 4071 4072
f 4071 4073 4072
f 4072 4073 4074
f 4073 4075 4074
f 4075 4076 4077
f 4076 4078 4077
f 4079 4080 4078
f 4078 4080 4077
f 4081 4082 4083
f 4082 4084 4083
f 4085 4086 4081
f 4081 4086 4082
f 4087 4088 4089
f 4088 4090 4089
f 4089 4090 4091
f 4090 4092 4091
f 4091 4092 4093
f 4089 1439 1441
f 4087 4089 4094
f 4089 1441 4094
f 4094 1441 1430
f 4095 1433 1435
f 4070 4096 4071
f 4096 4097 4071
f 4071 4097 4098
f 4099 4073 4100
f 4073 4071 4100
f 4100 4071 4101
f 4071 4098 4101
f 4099 4102 4073
f 4102 4076 4073
f 4073 4076 4075
f 4103 4078 4104
f 4078 4076 4104
f 4104 4076 4105
f 4076 4102 4105
f 4103 4106 4078
f 4106 4083 4078
f 4078 4083 4079
f 4083 4084 4079
f 4107 4081 4108
f 4081 4083 4108
f 4108 4083 4109
f 4083 4106 4109
f 4107 4065 4081
f 4065 4067 4081
f 4081 4067 4085
f 4067 4110 4085
f 4066 4062 4067
f 4062 4064 4067
f 4067 4064 4110
f 4064 4069 4110
f 4063 4111 4064
f 4111 4091 4064
f 4064 4091 4068
f 4091 4093 4068
f 1435 1437 4095
f 1437 1439 4095
f 4095 1439 4112
f 1439 4089 4112
f 4112 4089 4113
f 4089 4091 4113
f 4113 4091 4114
f 4091 4111 4114
f 4115 4116 4117
f 4118 4119 4120
f 4115 4117 4121
f 4121 4117 4122
f 4117 4123 4122
f 4122 4123 4124
f 4123 4125 4124
f 4124 4125 4126
f 4125 4127 4126
f 4126 4127 4128
f 4127 4129 4128
f 4128 4129 4130
f 4129 4131 4130
f 4130 4131 4132
f 4131 4133 4132
f 4132 4133 4134
f 4133 4135 4134
f 4134 4135 4136
f 4135 4137 4136
f 4136 4137 4138
f 4137 4139 4138
f 4138 4139 4140
f 4139 4141 4140
f 4140 4141 4142
f 4141 4143 4142
f 4142 4143 4144
f 4143 4145 4144
f 4144 4145 4146
f 4145 4147 4146
f 4146 4147 4148
f 4147 4149 4148
f 4148 4149 4150
f 4149 4118 4150
f 4150 4118 4151
f 4118 4120 4151
f 4151 4120 4152
f 4153 4154 4155
f 4154 4156 4157
f 4158 4159 4160
f 4161 4162 4163
f 4164 4165 4166
f 4167 4168 4169
f 4170 4171 4167
f 4171 4172 4167
f 4167 4172 4168
f 4173 4174 4175
f 4174 4176 4175
f 4175 4176 4170
f 4177 4178 4179
f 4179 4180 4177
f 4177 4180 4181
f 4181 4180 4175
f 4180 4182 4175
f 4175 4182 4173
f 4183 4184 4185
f 4184 4186 4185
f 4185 4186 4187
f 4183 4188 4184
f 4188 4189 4184
f 4184 4189 4177
f 4177 4189 4178
f 4187 4186 4190
f 4186 4191 4190
f 4190 4191 4192
f 4193 4194 4195
f 4195 4194 4191
f 4194 4192 4191
f 4196 4197 4198
f 4197 4199 4198
f 4198 4199 4195
f 4199 4193 4195
f 4198 4200 4196
f 4196 4200 4201
f 4200 4202 4201
f 4201 4202 4203
f 4204 4205 4206
f 4207 4208 4204
f 4208 4209 4204
f 4204 4209 4205
f 4210 4211 4212
f 4211 4213 4212
f 4212 4213 4207
f 4213 4208 4207
f 4214 4215 4211
f 4211 4215 4213
f 4216 4217 4218
f 4219 4220 4221
f 4222 4223 4224
f 4170 4167 4175
f 4167 4225 4175
f 4175 4225 4181
f 4225 4226 4181
f 4227 4200 4228
f 4200 4198 4228
f 4228 4198 4229
f 4198 4195 4229
f 4229 4195 4230
f 4195 4191 4230
f 4230 4191 4231
f 4191 4186 4231
f 4231 4186 4232
f 4186 4184 4232
f 4232 4184 4233
f 4184 4177 4233
f 4233 4177 4166
f 4177 4181 4166
f 4166 4181 4164
f 4181 4226 4164
f 4234 4227 4235
f 4227 4228 4235
f 4235 4228 4236
f 4228 4229 4236
f 4236 4229 4237
f 4229 4230 4237
f 4237 4230 4238
f 4230 4231 4238
f 4238 4231 4239
f 4231 4232 4239
f 4239 4232 4240
f 4232 4233 4240
f 4240 4233 4241
f 4233 4166 4241
f 4241 4166 4242
f 4166 4165 4242
f 4243 4234 4244
f 4234 4235 4244
f 4244 4235 4245
f 4235 4236 4245
f 4245 4236 4246
f 4236 4237 4246
f 4246 4237 4247
f 4237 4238 4247
f 4247 4238 4248
f 4238 4239 4248
f 4248 4239 4249
f 4239 4240 4249
f 4249 4240 4224
f 4240 4241 4224
f 4224 4241 4222
f 4241 4242 4222
f 4162 4243 4163
f 4243 4244 4163
f 4163 4244 4250
f 4244 4245 4250
f 4250 4245 4251
f 4245 4246 4251
f 4251 4246 4252
f 4246 4247 4252
f 4252 4247 4253
f 4247 4248 4253
f 4253 4248 4254
f 4248 4249 4254
f 4254 4249 4221
f 4249 4224 4221
f 4221 4224 4219
f 4224 4223 4219
f 4220 4216 4221
f 4216 4218 4221
f 4221 4218 4254
f 4218 4255 4254
f 4254 4255 4253
f 4255 4256 4253
f 4253 4256 4252
f 4256 4257 4252
f 4252 4257 4251
f 4257 4258 4251
f 4251 4258 4250
f 4258 4259 4250
f 4250 4259 4163
f 4259 4260 4163
f 4163 4260 4161
f 4261 4262 4260
f 4262 4263 4260
f 4260 4263 4161
f 4210 4212 4264
f 4212 4207 4264
f 4264 4207 4265
f 4207 4204 4265
f 4265 4204 4266
f 4158 4160 4267
f 4160 4268 4267
f 4267 4268 4269
f 4268 4270 4269
f 4269 4270 4271
f 4154 4157 4155
f 4157 4272 4155
f 4155 4272 4273
f 4272 4274 4273
f 4273 4274 4275
f 4206 4276 4204
f 4276 4277 4204
f 4204 4277 4266
f 4277 4278 4266
f 4266 4278 4279
f 4279 4270 4266
f 4270 4268 4266
f 4266 4268 4265
f 4268 4160 4265
f 4265 4160 4264
f 4160 4159 4264
f 4264 4159 4210
f 4279 4280 4270
f 4280 4281 4270
f 4270 4281 4271
f 4281 4282 4271
f 4271 4282 4283
f 4283 4274 4271
f 4274 4272 4271
f 4271 4272 4269
f 4272 4157 4269
f 4269 4157 4267
f 4157 4156 4267
f 4267 4156 4158
f 4283 4284 4274
f 4284 4285 4274
f 4274 4285 4275
f 4285 4286 4275
f 4275 4286 4287
f 4153 4155 4288
f 4155 4273 4288
f 4288 4273 4289
f 4273 4275 4289
f 4289 4275 4290
f 4275 4287 4290
f 4217 4214 4218
f 4214 4211 4218
f 4218 4211 4255
f 4211 4210 4255
f 4255 4210 4256
f 4210 4159 4256
f 4256 4159 4257
f 4159 4158 4257
f 4257 4158 4258
f 4158 4156 4258
f 4258 4156 4259
f 4156 4154 4259
f 4259 4154 4260
f 4154 4153 4260
f 4260 4153 4261
f 4153 4288 4261
f 4261 4288 4291
f 4288 4289 4291
f 4291 4289 4292
f 4289 4290 4292
f 4292 4290 4293
f 4290 4287 4293
f 4293 4287 4294
f 4295 4296 4297
f 4296 4298 4297
f 4299 4300 4298
f 4300 4301 4298
f 4298 4301 4297
f 4302 4303 4304
f 4305 4306 4307
f 4308 4309 4304
f 4309 4305 4304
f 4304 4305 4302
f 4305 4307 4302
f 4302 4307 4310
f 4311 4312 4309
f 4312 4313 4309
f 4309 4313 4305
f 4313 4314 4305
f 4305 4314 4306
f 4308 4299 4309
f 4299 4298 4309
f 4309 4298 4311
f 4298 4296 4311
f 4311 4296 4315
f 4316 4317 4318
f 4317 4319 4320
f 4319 4321 4322
f 4321 4323 4324
f 4323 4325 4326
f 4327 4328 4329
f 4330 4331 4332
f 4333 4334 4335
f 4336 4337 4338
f 3134 3131 4339
f 3131 4340 4339
f 4339 4340 4341
f 4338 4337 4340
f 4337 4342 4340
f 4340 4342 4341
f 4336 4338 4343
f 4338 4344 4343
f 4343 4344 4345
f 4344 4346 4345
f 4345 4346 4347
f 4347 4346 4348
f 4346 4349 4348
f 4348 4349 4350
f 4350 4349 4351
f 4349 4352 4351
f 4351 4352 4353
f 4353 4352 4354
f 4352 4355 4354
f 4354 4355 4356
f 4356 4355 4357
f 4355 4326 4357
f 4357 4326 4358
f 4358 4326 4359
f 4326 4325 4359
f 4333 4335 4360
f 4361 4362 4363
f 4362 4364 4363
f 4363 4364 4365
f 4364 4366 4365
f 4365 4366 4367
f 4366 4368 4367
f 4367 4368 4369
f 4370 4371 4368
f 4371 4372 4368
f 4368 4372 4369
f 4373 4374 4370
f 4374 4375 4370
f 4370 4375 4371
f 4376 4377 4378
f 4377 4379 4378
f 4378 4379 4380
f 4379 4381 4380
f 4380 4381 4373
f 4381 4382 4373
f 4373 4382 4374
f 4376 4378 4383
f 4378 4384 4383
f 4383 4384 4385
f 4384 4329 4385
f 4385 4329 4386
f 4386 4329 4387
f 4329 4328 4387
f 4387 4328 4388
f 4389 4390 4391
f 4390 4327 4391
f 4392 4393 4394
f 4393 4389 4394
f 4395 4396 4397
f 4396 4392 4397
f 4398 4399 4395
f 4399 4398 4400
f 4401 4400 4402
f 4403 4404 4402
f 4404 4405 4402
f 4402 4405 4401
f 4402 4406 4403
f 4406 4407 4403
f 4403 4407 4408
f 4407 4409 4408
f 4327 4329 4391
f 4329 4384 4391
f 4391 4384 4410
f 4384 4378 4410
f 4410 4378 4411
f 4378 4380 4411
f 4411 4380 4412
f 4380 4373 4412
f 4412 4373 4413
f 4373 4370 4413
f 4413 4370 4414
f 4370 4368 4414
f 4414 4368 4415
f 4368 4366 4415
f 4415 4366 4416
f 4366 4364 4416
f 4416 4364 4417
f 4364 4362 4417
f 4417 4362 4418
f 4389 4391 4394
f 4391 4410 4394
f 4394 4410 4419
f 4410 4411 4419
f 4419 4411 4420
f 4411 4412 4420
f 4420 4412 4421
f 4412 4413 4421
f 4421 4413 4422
f 4413 4414 4422
f 4422 4414 4423
f 4414 4415 4423
f 4423 4415 4424
f 4415 4416 4424
f 4424 4416 4425
f 4416 4417 4425
f 4425 4417 4426
f 4417 4418 4426
f 4426 4418 4427
f 4392 4394 4397
f 4394 4419 4397
f 4397 4419 4428
f 4419 4420 4428
f 4428 4420 4429
f 4420 4421 4429
f 4429 4421 4430
f 4421 4422 4430
f 4430 4422 4431
f 4422 4423 4431
f 4431 4423 4432
f 4423 4424 4432
f 4432 4424 4433
f 4424 4425 4433
f 4433 4425 4434
f 4425 4426 4434
f 4434 4426 4435
f 4426 4427 4435
f 4435 4427 4436
f 4395 4397 4398
f 4397 4428 4398
f 4398 4428 4437
f 4428 4429 4437
f 4437 4429 4438
f 4429 4430 4438
f 4438 4430 4439
f 4430 4431 4439
f 4439 4431 4440
f 4431 4432 4440
f 4440 4432 4441
f 4432 4433 4441
f 4441 4433 4442
f 4433 4434 4442
f 4442 4434 4443
f 4434 4435 4443
f 4443 4435 4444
f 4435 4436 4444
f 4444 4436 4445
f 4400 4398 4402
f 4398 4437 4402
f 4402 4437 4406
f 4437 4438 4406
f 4406 4438 4407
f 4438 4439 4407
f 4407 4439 4409
f 4439 4440 4409
f 4409 4440 4446
f 4440 4441 4446
f 4446 4441 4447
f 4441 4442 4447
f 4447 4442 4448
f 4442 4443 4448
f 4448 4443 4449
f 4443 4444 4449
f 4449 4444 4450
f 4444 4445 4450
f 4450 4445 4451
f 4452 4453 4451
f 4453 4454 4451
f 4451 4454 4450
f 4454 4455 4450
f 4450 4455 4449
f 4455 4456 4449
f 4449 4456 4448
f 4456 4457 4448
f 4448 4457 4447
f 4457 4458 4447
f 4447 4458 4446
f 4458 4459 4446
f 4446 4459 4409
f 4459 4460 4409
f 4409 4460 4408
f 4461 4452 4462
f 4452 4451 4462
f 4462 4451 4463
f 4451 4445 4463
f 4463 4445 4464
f 4445 4436 4464
f 4464 4436 4465
f 4436 4427 4465
f 4465 4427 4466
f 4427 4418 4466
f 4466 4418 4332
f 4418 4362 4332
f 4332 4362 4330
f 4362 4361 4330
f 4467 4461 4468
f 4461 4462 4468
f 4468 4462 4469
f 4462 4463 4469
f 4469 4463 4470
f 4463 4464 4470
f 4470 4464 4471
f 4464 4465 4471
f 4471 4465 4472
f 4465 4466 4472
f 4472 4466 4335
f 4466 4332 4335
f 4335 4332 4360
f 4332 4331 4360
f 4334 4473 4335
f 4473 4474 4335
f 4335 4474 4472
f 4474 4475 4472
f 4472 4475 4471
f 4475 4476 4471
f 4471 4476 4470
f 4476 4477 4470
f 4470 4477 4469
f 4477 4478 4469
f 4469 4478 4468
f 4478 4479 4468
f 4468 4479 4467
f 4480 4481 4479
f 4481 4482 4479
f 4479 4482 4467
f 4323 4326 4324
f 4326 4355 4324
f 4324 4355 4483
f 4355 4352 4483
f 4483 4352 4484
f 4352 4349 4484
f 4484 4349 4485
f 4349 4346 4485
f 4485 4346 4486
f 4346 4344 4486
f 4486 4344 4487
f 4344 4338 4487
f 4487 4338 4488
f 4338 4340 4488
f 4488 4340 4489
f 4340 3131 4489
f 4489 3131 3128
f 4321 4324 4322
f 4324 4483 4322
f 4322 4483 4490
f 4483 4484 4490
f 4490 4484 4491
f 4484 4485 4491
f 4491 4485 4492
f 4485 4486 4492
f 4492 4486 4493
f 4486 4487 4493
f 4493 4487 4494
f 4487 4488 4494
f 4494 4488 4495
f 4488 4489 4495
f 4495 4489 4496
f 4489 3128 4496
f 4496 3128 3125
f 4319 4322 4320
f 4322 4490 4320
f 4320 4490 4497
f 4490 4491 4497
f 4497 4491 4498
f 4491 4492 4498
f 4498 4492 4499
f 4492 4493 4499
f 4499 4493 4500
f 4493 4494 4500
f 4500 4494 4501
f 4494 4495 4501
f 4501 4495 4502
f 4495 4496 4502
f 4502 4496 4503
f 4496 3125 4503
f 4503 3125 3122
f 4317 4320 4318
f 4320 4497 4318
f 4318 4497 4504
f 4497 4498 4504
f 4504 4498 4505
f 4498 4499 4505
f 4505 4499 4506
f 4499 4500 4506
f 4506 4500 4507
f 4500 4501 4507
f 4507 4501 4508
f 4501 4502 4508
f 4508 4502 4509
f 4502 4503 4509
f 4509 4503 4510
f 4503 3122 4510
f 4510 3122 3119
f 4316 4318 4511
f 4318 4504 4511
f 4511 4504 4512
f 4504 4505 4512
f 4512 4505 4513
f 4505 4506 4513
f 4513 4506 4514
f 4506 4507 4514
f 4514 4507 4515
f 4507 4508 4515
f 4515 4508 4516
f 4508 4509 4516
f 4516 4509 4517
f 4509 4510 4517
f 4517 4510 4518
f 4510 3119 4518
f 4518 3119 3117
f 4473 4359 4474
f 4359 4325 4474
f 4474 4325 4475
f 4325 4323 4475
f 4475 4323 4476
f 4323 4321 4476
f 4476 4321 4477
f 4321 4319 4477
f 4477 4319 4478
f 4319 4317 4478
f 4478 4317 4479
f 4317 4316 4479
f 4479 4316 4480
f 4316 4511 4480
f 4480 4511 4519
f 4511 4512 4519
f 4519 4512 4520
f 4512 4513 4520
f 4520 4513 4521
f 4513 4514 4521
f 4521 4514 4522
f 4514 4515 4522
f 4522 4515 4523
f 4515 4516 4523
f 4523 4516 4524
f 4516 4517 4524
f 4524 4517 4525
f 4517 4518 4525
f 4525 4518 4526
f 4518 3117 4526
f 4526 3117 1093
f 1798 4527 2610
f 4527 4528 2610
f 592 594 4529
f 4530 688 634
f 592 4529 589
f 589 4529 4531
f 4529 4532 4531
f 4531 4532 4533
f 4532 4534 4533
f 4533 4534 4535
f 4534 4536 4535
f 4535 4536 4537
f 4536 4538 4537
f 4537 4538 4539
f 4538 4540 4539
f 4539 4540 4541
f 4540 4542 4541
f 4541 4542 4543
f 4542 4544 4543
f 4543 4544 4545
f 4544 4546 4545
f 4545 4546 4547
f 4546 4548 4547
f 4547 4548 4549
f 4548 4550 4549
f 4549 4550 4551
f 4550 4552 4551
f 4551 4552 4553
f 4552 4554 4553
f 4553 4554 4555
f 4554 4556 4555
f 4555 4556 4557
f 4556 4558 4557
f 4557 4558 4559
f 4558 4530 4559
f 4559 4530 4560
f 4530 634 4560
f 4560 634 633
f 1168 1164 1199
f 1199 1164 1146
f 1164 4401 1146
f 1146 4401 1148
f 1173 1171 1199
f 1171 1169 1199
f 1199 1169 1168
f 1179 1177 1199
f 1177 1175 1199
f 1199 1175 1173
f 1185 1183 1199
f 1183 1181 1199
f 1199 1181 1179
f 1191 1189 1199
f 1189 1187 1199
f 1199 1187 1185
f 1197 1195 1199
f 1195 1193 1199
f 1199 1193 1191
f 1259 1258 4561
f 1259 4561 3432
f 4561 4562 3432
f 3432 4562 3433
f 4563 4564 4565
f 3433 4562 3435
f 4562 4566 3435
f 3435 4566 3437
f 4566 4567 3437
f 3437 4567 3438
f 4567 4528 3438
f 3438 4528 1096
f 4565 4564 4568
f 4564 4569 4568
f 4568 4569 4570
f 4569 4571 4570
f 4571 4572 4570
f 4570 4572 4573
f 4572 4574 4573
f 4573 4574 4575
f 1096 4528 1095
f 4528 4527 1095
f 1095 4527 4576
f 4527 4577 4576
f 4576 4577 4578
f 4577 4579 4578
f 4578 4579 4580
f 4579 4581 4580
f 4581 4582 4580
f 4580 4582 4583
f 4582 4584 4583
f 4583 4584 4585
f 4584 4586 4585
f 4585 4586 4587
f 4586 4588 4587
f 4587 4588 4589
f 4588 4590 4589
f 4589 4590 4591
f 4590 4592 4591
f 4591 4592 4593
f 4594 4595 4596
f 4595 4597 4596
f 4596 4597 4565
f 4597 4598 4565
f 4565 4598 4563
f 4592 4599 4593
f 4593 4599 4594
f 4599 4600 4594
f 4594 4600 4595
f 4601 4602 4603
f 4603 4604 4601
f 4604 4605 4601
f 4601 4605 4606
f 4605 4607 4606
f 4607 4608 4606
f 4606 4608 4609
f 4608 4610 4609
f 4609 4610 4611
f 4610 4612 4611
f 4611 4612 4613
f 4612 4614 4613
f 4613 4614 4615
f 4614 1248 4615
f 4615 1248 1247
f 4574 4616 4575
f 4616 4617 4575
f 4575 4617 4618
f 4617 4619 4618
f 4618 4619 4602
f 4619 4620 4602
f 4602 4620 4603
f 4005 4621 4622
f 3990 4623 3991
f 4623 4624 3991
f 4625 4626 4627
f 4628 4629 4624
f 4629 4630 4624
f 4624 4630 3991
f 4625 4627 4624
f 4627 4628 4624
f 4169 4631 4632
f 4632 4631 4625
f 4631 4633 4625
f 4625 4633 4626
f 4632 4634 4169
f 4169 4634 4167
f 4635 4226 4634
f 4226 4225 4634
f 4634 4225 4167
f 4226 4635 4164
f 4635 4636 4164
f 4164 4636 4165
f 4165 4636 4242
f 4636 4637 4242
f 4242 4637 4222
f 4222 4637 4223
f 4637 4638 4223
f 4223 4638 4219
f 4219 4638 4220
f 4638 4639 4220
f 4220 4639 4216
f 4216 4639 4217
f 4639 4640 4217
f 4217 4640 4214
f 4214 4640 4215
f 4640 4641 4215
f 4641 4642 4215
f 4215 4642 4213
f 4213 4642 4208
f 4642 4643 4208
f 4208 4643 4209
f 4643 4644 4209
f 4209 4644 4205
f 4644 4645 4205
f 4205 4645 4206
f 4005 4029 4621
f 4029 4646 4621
f 4036 3962 4622
f 3962 3961 4622
f 4622 3961 4005
f 4622 4647 4036
f 4647 4648 4036
f 4036 4648 4045
f 4649 4003 4648
f 4003 4002 4648
f 4648 4002 4045
f 4650 4000 4649
f 4000 3999 4649
f 4649 3999 4003
f 4651 3996 4650
f 3996 3995 4650
f 4650 3995 4000
f 3990 3993 4623
f 3993 3998 4623
f 4623 3998 4651
f 3998 3997 4651
f 4651 3997 3996
f 4652 4653 4654
f 4655 4652 4656
f 4657 4655 4658
f 4659 4657 4660
f 4661 4662 4659
f 4662 4661 4663
f 4664 4663 4665
f 4666 4664 4667
f 4668 4666 4669
f 4646 4668 4670
f 4652 4654 4656
f 4654 4671 4656
f 4656 4671 4672
f 4671 4673 4672
f 4672 4673 4674
f 4673 4675 4674
f 4674 4675 4676
f 4675 4677 4676
f 4676 4677 4678
f 4677 4679 4678
f 4678 4679 4680
f 4679 4681 4680
f 4680 4681 4682
f 4681 4683 4682
f 4682 4683 4684
f 4683 4685 4684
f 4684 4685 4686
f 4685 4687 4686
f 4686 4687 4688
f 4687 4689 4688
f 4688 4689 4690
f 4689 4691 4690
f 4690 4691 4692
f 4691 4693 4692
f 4692 4693 4694
f 4693 4695 4694
f 4694 4695 4696
f 4695 4697 4696
f 4696 4697 4698
f 4697 4699 4698
f 4698 4699 4700
f 4699 4701 4700
f 4700 4701 4702
f 4701 4703 4702
f 4702 4703 4704
f 4703 4705 4704
f 4704 4705 4706
f 4705 4707 4706
f 4706 4707 4708
f 4707 4709 4708
f 4708 4709 4710
f 4709 4711 4710
f 4710 4711 4712
f 4711 4713 4712
f 4712 4713 4714
f 4655 4656 4658
f 4656 4672 4658
f 4658 4672 4715
f 4672 4674 4715
f 4715 4674 4716
f 4674 4676 4716
f 4716 4676 4717
f 4676 4678 4717
f 4717 4678 4718
f 4678 4680 4718
f 4718 4680 4719
f 4680 4682 4719
f 4719 4682 4720
f 4682 4684 4720
f 4720 4684 4721
f 4684 4686 4721
f 4721 4686 4722
f 4686 4688 4722
f 4722 4688 4723
f 4688 4690 4723
f 4723 4690 4724
f 4690 4692 4724
f 4724 4692 4725
f 4692 4694 4725
f 4725 4694 4726
f 4694 4696 4726
f 4726 4696 4727
f 4696 4698 4727
f 4727 4698 4728
f 4698 4700 4728
f 4728 4700 4729
f 4700 4702 4729
f 4729 4702 4730
f 4702 4704 4730
f 4730 4704 4731
f 4704 4706 4731
f 4731 4706 4732
f 4706 4708 4732
f 4732 4708 4733
f 4708 4710 4733
f 4733 4710 4734
f 4710 4712 4734
f 4734 4712 4735
f 4712 4714 4735
f 4735 4714 4736
f 4657 4658 4660
f 4658 4715 4660
f 4660 4715 4737
f 4715 4716 4737
f 4737 4716 4738
f 4716 4717 4738
f 4738 4717 4739
f 4717 4718 4739
f 4739 4718 4740
f 4718 4719 4740
f 4740 4719 4741
f 4719 4720 4741
f 4741 4720 4742
f 4720 4721 4742
f 4742 4721 4743
f 4721 4722 4743
f 4743 4722 4744
f 4722 4723 4744
f 4744 4723 4745
f 4723 4724 4745
f 4745 4724 4746
f 4724 4725 4746
f 4746 4725 4747
f 4725 4726 4747
f 4747 4726 4748
f 4726 4727 4748
f 4748 4727 4749
f 4727 4728 4749
f 4749 4728 4750
f 4728 4729 4750
f 4750 4729 4751
f 4729 4730 4751
f 4751 4730 4752
f 4730 4731 4752
f 4752 4731 4753
f 4731 4732 4753
f 4753 4732 4754
f 4732 4733 4754
f 4754 4733 4755
f 4733 4734 4755
f 4755 4734 4756
f 4734 4735 4756
f 4756 4735 4757
f 4735 4736 4757
f 4757 4736 4758
f 4659 4660 4759
f 4660 4737 4759
f 4759 4737 4760
f 4737 4738 4760
f 4760 4738 4761
f 4738 4739 4761
f 4761 4739 4762
f 4739 4740 4762
f 4762 4740 4763
f 4740 4741 4763
f 4763 4741 4764
f 4741 4742 4764
f 4764 4742 4765
f 4742 4743 4765
f 4765 4743 4766
f 4743 4744 4766
f 4766 4744 4767
f 4744 4745 4767
f 4767 4745 4768
f 4745 4746 4768
f 4768 4746 4769
f 4746 4747 4769
f 4769 4747 4770
f 4747 4748 4770
f 4770 4748 4771
f 4748 4749 4771
f 4771 4749 4772
f 4749 4750 4772
f 4772 4750 4773
f 4750 4751 4773
f 4773 4751 4774
f 4751 4752 4774
f 4774 4752 4775
f 4752 4753 4775
f 4775 4753 4776
f 4753 4754 4776
f 4776 4754 4777
f 4754 4755 4777
f 4777 4755 4778
f 4755 4756 4778
f 4778 4756 4779
f 4756 4757 4779
f 4779 4757 4780
f 4757 4758 4780
f 4780 4758 4781
f 4659 4759 4661
f 4759 4760 4661
f 4661 4760 4782
f 4760 4761 4782
f 4782 4761 4783
f 4761 4762 4783
f 4783 4762 4784
f 4762 4763 4784
f 4784 4763 4785
f 4763 4764 4785
f 4785 4764 4786
f 4764 4765 4786
f 4786 4765 4787
f 4765 4766 4787
f 4787 4766 4788
f 4766 4767 4788
f 4788 4767 4789
f 4767 4768 4789
f 4789 4768 4790
f 4768 4769 4790
f 4790 4769 4791
f 4769 4770 4791
f 4791 4770 4792
f 4770 4771 4792
f 4792 4771 4793
f 4771 4772 4793
f 4793 4772 4794
f 4772 4773 4794
f 4794 4773 4795
f 4773 4774 4795
f 4795 4774 4796
f 4774 4775 4796
f 4796 4775 4797
f 4775 4776 4797
f 4797 4776 4798
f 4776 4777 4798
f 4798 4777 4799
f 4777 4778 4799
f 4799 4778 4800
f 4778 4779 4800
f 4800 4779 4801
f 4779 4780 4801
f 4801 4780 4802
f 4780 4781 4802
f 4802 4781 4803
f 4663 4661 4665
f 4661 4782 4665
f 4665 4782 4804
f 4782 4783 4804
f 4804 4783 4805
f 4783 4784 4805
f 4805 4784 4806
f 4784 4785 4806
f 4806 4785 4807
f 4785 4786 4807
f 4807 4786 4808
f 4786 4787 4808
f 4808 4787 4809
f 4787 4788 4809
f 4809 4788 4810
f 4788 4789 4810
f 4810 4789 4811
f 4789 4790 4811
f 4811 4790 4812
f 4790 4791 4812
f 4812 4791 4813
f 4791 4792 4813
f 4813 4792 4814
f 4792 4793 4814
f 4814 4793 4815
f 4793 4794 4815
f 4815 4794 4816
f 4794 4795 4816
f 4816 4795 4817
f 4795 4796 4817
f 4817 4796 4818
f 4796 4797 4818
f 4818 4797 4819
f 4797 4798 4819
f 4819 4798 4820
f 4798 4799 4820
f 4820 4799 4821
f 4799 4800 4821
f 4821 4800 4822
f 4800 4801 4822
f 4822 4801 4823
f 4801 4802 4823
f 4823 4802 4824
f 4802 4803 4824
f 4824 4803 4825
f 4664 4665 4667
f 4665 4804 4667
f 4667 4804 4826
f 4804 4805 4826
f 4826 4805 4827
f 4805 4806 4827
f 4827 4806 4828
f 4806 4807 4828
f 4828 4807 4829
f 4807 4808 4829
f 4829 4808 4830
f 4808 4809 4830
f 4830 4809 4831
f 4809 4810 4831
f 4831 4810 4832
f 4810 4811 4832
f 4832 4811 4833
f 4811 4812 4833
f 4833 4812 4834
f 4812 4813 4834
f 4834 4813 4835
f 4813 4814 4835
f 4835 4814 4836
f 4814 4815 4836
f 4836 4815 4837
f 4815 4816 4837
f 4837 4816 4838
f 4816 4817 4838
f 4838 4817 4839
f 4817 4818 4839
f 4839 4818 4840
f 4818 4819 4840
f 4840 4819 4841
f 4819 4820 4841
f 4841 4820 4842
f 4820 4821 4842
f 4842 4821 4843
f 4821 4822 4843
f 4843 4822 4844
f 4822 4823 4844
f 4844 4823 4845
f 4823 4824 4845
f 4845 4824 4846
f 4824 4825 4846
f 4846 4825 4847
f 4666 4667 4669
f 4667 4826 4669
f 4669 4826 4848
f 4826 4827 4848
f 4848 4827 4849
f 4827 4828 4849
f 4849 4828 4850
f 4828 4829 4850
f 4850 4829 4851
f 4829 4830 4851
f 4851 4830 4852
f 4830 4831 4852
f 4852 4831 4853
f 4831 4832 4853
f 4853 4832 4854
f 4832 4833 4854
f 4854 4833 4855
f 4833 4834 4855
f 4855 4834 4856
f 4834 4835 4856
f 4856 4835 4857
f 4835 4836 4857
f 4857 4836 4858
f 4836 4837 4858
f 4858 4837 4859
f 4837 4838 4859
f 4859 4838 4860
f 4838 4839 4860
f 4860 4839 4861
f 4839 4840 4861
f 4861 4840 4862
f 4840 4841 4862
f 4862 4841 4863
f 4841 4842 4863
f 4863 4842 4864
f 4842 4843 4864
f 4864 4843 4865
f 4843 4844 4865
f 4865 4844 4866
f 4844 4845 4866
f 4866 4845 4867
f 4845 4846 4867
f 4867 4846 4868
f 4846 4847 4868
f 4868 4847 4869
f 4668 4669 4670
f 4669 4848 4670
f 4670 4848 4870
f 4848 4849 4870
f 4870 4849 4871
f 4849 4850 4871
f 4871 4850 4872
f 4850 4851 4872
f 4872 4851 4873
f 4851 4852 4873
f 4873 4852 4874
f 4852 4853 4874
f 4874 4853 4875
f 4853 4854 4875
f 4875 4854 4876
f 4854 4855 4876
f 4876 4855 4877
f 4855 4856 4877
f 4877 4856 4878
f 4856 4857 4878
f 4878 4857 4879
f 4857 4858 4879
f 4879 4858 4880
f 4858 4859 4880
f 4880 4859 4881
f 4859 4860 4881
f 4881 4860 4882
f 4860 4861 4882
f 4882 4861 4883
f 4861 4862 4883
f 4883 4862 4884
f 4862 4863 4884
f 4884 4863 4885
f 4863 4864 4885
f 4885 4864 4886
f 4864 4865 4886
f 4886 4865 4887
f 4865 4866 4887
f 4887 4866 4888
f 4866 4867 4888
f 4888 4867 4889
f 4867 4868 4889
f 4889 4868 4890
f 4868 4869 4890
f 4890 4869 4891
f 4646 4670 4621
f 4670 4870 4621
f 4621 4870 4622
f 4870 4871 4622
f 4622 4871 4647
f 4871 4872 4647
f 4647 4872 4648
f 4872 4873 4648
f 4648 4873 4649
f 4873 4874 4649
f 4649 4874 4650
f 4874 4875 4650
f 4650 4875 4651
f 4875 4876 4651
f 4651 4876 4623
f 4876 4877 4623
f 4623 4877 4624
f 4877 4878 4624
f 4624 4878 4625
f 4878 4879 4625
f 4625 4879 4632
f 4879 4880 4632
f 4632 4880 4634
f 4880 4881 4634
f 4634 4881 4635
f 4881 4882 4635
f 4635 4882 4636
f 4882 4883 4636
f 4636 4883 4637
f 4883 4884 4637
f 4637 4884 4638
f 4884 4885 4638
f 4638 4885 4639
f 4885 4886 4639
f 4639 4886 4640
f 4886 4887 4640
f 4640 4887 4641
f 4887 4888 4641
f 4641 4888 4642
f 4888 4889 4642
f 4642 4889 4643
f 4889 4890 4643
f 4643 4890 4644
f 4890 4891 4644
f 4644 4891 4645
f 654 659 4892
f 4893 4894 4895
f 654 4892 656
f 4896 4893 4897
f 4893 4895 4897
f 4897 4895 4892
f 4895 4898 4892
f 4892 4898 656
f 4899 4900 4901
f 4902 4903 3441
f 4903 3443 3441
f 4904 3446 4905
f 3446 3445 4905
f 4904 4905 4906
f 4905 4907 4906
f 4906 4907 4908
f 4907 4909 4908
f 4908 4909 4910
f 4909 4911 4910
f 4910 4911 4912
f 4911 4913 4912
f 4912 4913 4901
f 4913 4914 4901
f 4901 4914 4899
f 4903 4915 3443
f 4915 4916 3443
f 3443 4916 3449
f 4916 4917 3449
f 4917 4918 3449
f 3449 4918 3451
f 4918 4919 3451
f 3451 4919 3453
f 4919 4920 3453
f 4920 4921 3453
f 3453 4921 3455
f 4921 4922 3455
f 3455 4922 3457
f 4922 4923 3457
f 4923 4924 3457
f 3457 4924 3459
f 4924 4925 3459
f 3459 4925 3461
f 4925 4926 3461
f 3461 4926 3463
f 3463 4926 3464
f 3464 4926 3466
f 4926 4927 3466
f 3466 4927 3467
f 4927 4928 3467
f 3467 4928 3469
f 4928 4929 3469
f 3469 4929 3470
f 3470 4929 3471
f 4929 4930 3471
f 3471 4930 3473
f 4930 4931 3473
f 3473 4931 3474
f 4931 4932 3474
f 3474 4932 3523
f 4932 4933 3523
f 3523 4933 3522
f 4933 4934 3522
f 3522 4934 3520
f 4934 4935 3520
f 4935 4936 3520
f 3520 4936 3518
f 4936 4937 3518
f 3518 4937 3516
f 4937 4938 3516
f 4938 4939 3516
f 3516 4939 3514
f 4939 4940 3514
f 4940 4941 3514
f 3514 4941 3512
f 4941 4942 3512
f 4942 4943 3512
f 3512 4943 3510
f 4943 4944 3510
f 4944 4945 3510
f 3510 4945 3508
f 4945 4946 3508
f 4946 4947 3508
f 3508 4947 3506
f 4947 4948 3506
f 4948 4949 3506
f 3506 4949 3504
f 4949 4950 3504
f 4950 4951 3504
f 3504 4951 3502
f 4951 4952 3502
f 4952 4953 3502
f 3502 4953 3500
f 4953 4954 3500
f 4954 4955 3500
f 3500 4955 3498
f 4955 4956 3498
f 4956 4957 3498
f 3498 4957 3496
f 4957 4958 3496
f 4958 4959 3496
f 3496 4959 3494
f 4959 4960 3494
f 4960 4961 3494
f 3494 4961 3492
f 4961 4962 3492
f 4962 4963 3492
f 3492 4963 3490
f 4963 4964 3490
f 4964 4965 3490
f 3490 4965 3488
f 4965 4966 3488
f 4966 4967 3488
f 3488 4967 3486
f 4967 4968 3486
f 4968 4969 3486
f 3486 4969 3484
f 4969 4970 3484
f 4970 4971 3484
f 3484 4971 3482
f 4971 4972 3482
f 4972 4973 3482
f 3482 4973 3480
f 4973 4974 3480
f 4974 4975 3480
f 3480 4975 3478
f 4975 4976 3478
f 4976 4977 3478
f 3478 4977 3445
f 4977 4978 3445
f 3445 4978 4905
f 1330 1433 4095
f 4979 4388 1363
f 4979 1363 4980
f 1363 1360 4980
f 1360 1358 4980
f 4980 1358 1357
f 1334 1332 4980
f 1340 1338 4980
f 1338 1336 4980
f 4980 1336 1334
f 1346 1344 4980
f 1344 1342 4980
f 4980 1342 1340
f 1353 1350 4980
f 1350 1349 4980
f 4980 1349 1346
f 1357 1356 4980
f 1356 1354 4980
f 4980 1354 1353
f 1332 1330 4980
f 1330 4095 4980
f 4980 4095 4981
f 4095 4112 4981
f 4981 4112 4982
f 4112 4113 4982
f 4982 4113 4983
f 4113 4114 4983
f 4983 4114 4984
f 4114 4111 4984
f 4984 4111 4985
f 4111 4063 4985
f 4985 4063 4986
f 4063 4062 4986
f 4062 4066 4986
f 4986 4066 4987
f 4066 4065 4987
f 4065 4107 4987
f 4987 4107 4988
f 4107 4108 4988
f 4988 4108 4989
f 4108 4109 4989
f 4109 4106 4989
f 4989 4106 4990
f 4106 4103 4990
f 4103 4104 4990
f 4990 4104 4991
f 4104 4105 4991
f 4105 4102 4991
f 4991 4102 4992
f 4102 4099 4992
f 4098 4993 4101
f 4993 4992 4101
f 4101 4992 4100
f 4992 4099 4100
f 4994 4995 4996
f 4995 4997 4996
f 4997 4998 4996
f 4996 4998 4999
f 4998 5000 4999
f 5000 5001 4999
f 4999 5001 5002
f 5001 5003 5002
f 5003 5004 5002
f 5002 5004 5005
f 5004 5006 5005
f 5005 5006 5007
f 5006 5008 5007
f 5007 5008 5009
f 5008 5010 5009
f 5010 5011 5009
f 5009 5011 5012
f 5011 5013 5012
f 5013 5014 5012
f 5012 5014 5015
f 5014 5016 5015
f 5015 5016 5017
f 5016 5018 5017
f 5018 5019 5017
f 5017 5019 5020
f 5019 5021 5020
f 5020 5021 5022
f 5021 5023 5022
f 5022 5023 5024
f 5023 5025 5024
f 5025 5026 5024
f 5024 5026 5027
f 5026 5028 5027
f 5027 5028 5029
f 5028 5030 5029
f 5030 5031 5029
f 5029 5031 5032
f 5031 5033 5032
f 5032 5033 5034
f 5033 5035 5034
f 5035 5036 5034
f 5034 5036 5037
f 5036 5038 5037
f 5037 5038 5039
f 5038 5040 5039
f 5040 5041 5039
f 5039 5041 5042
f 5041 5043 5042
f 5042 5043 5044
f 5043 5045 5044
f 5045 5046 5044
f 5044 5046 5047
f 5046 5048 5047
f 5047 5048 5049
f 5048 5050 5049
f 5049 5050 5051
f 3441 3440 5052
f 3440 5051 5052
f 5052 5051 5053
f 5051 5050 5053
f 5054 5055 5056
f 5057 5058 5055
f 5059 5060 5061
f 5060 5062 5061
f 5061 5062 3447
f 5062 5063 3447
f 3447 5063 5064
f 5065 5066 5061
f 5054 5067 5055
f 5067 5068 5055
f 5055 5068 5069
f 5069 5070 5055
f 5070 5071 5055
f 5055 5071 5072
f 5072 5073 5055
f 5073 5074 5055
f 5055 5074 5057
f 5066 5075 5061
f 5075 5076 5061
f 5061 5076 5059
f 5058 5077 5055
f 5077 5078 5055
f 5055 5078 5079
f 5080 5081 5082
f 5081 5083 5082
f 5082 5083 5084
f 5085 3483 5086
f 3483 3481 5086
f 5086 3481 5087
f 5088 5089 5056
f 5089 5090 5056
f 5091 5054 5092
f 5054 5093 5092
f 5094 5095 5096
f 5095 5055 5096
f 5096 5055 5097
f 5098 5099 5100
f 5099 5101 5100
f 5100 5101 5102
f 5102 5103 5100
f 5103 5104 5100
f 5100 5104 5105
f 3505 5106 5107
f 3442 5108 3440
f 5108 5109 3440
f 3440 5109 5051
f 5110 5111 3477
f 5111 5112 3477
f 3477 5112 3479
f 5112 5113 3479
f 5113 5114 3479
f 5114 5115 3479
f 3479 5115 3481
f 5115 5116 3481
f 3481 5116 5087
f 5098 5100 5056
f 5100 5117 5056
f 5056 5117 5088
f 5090 5118 5056
f 5118 5119 5056
f 5056 5119 5054
f 5119 5120 5054
f 5054 5120 5093
f 5091 5121 5054
f 5121 5122 5054
f 5054 5122 5123
f 5124 5125 5126
f 5125 5127 5126
f 5126 5127 5128
f 5065 5061 5129
f 5061 5130 5129
f 5129 5130 5131
f 5079 5132 5055
f 5132 5133 5055
f 5055 5133 5097
f 5134 5135 5082
f 5135 5136 5082
f 5082 5136 5137
f 5138 5139 5082
f 5139 5140 5082
f 3505 5107 3507
f 5141 3509 5142
f 3509 3507 5142
f 5142 3507 5143
f 3507 5107 5143
f 5144 5145 3513
f 5146 3444 5147
f 3444 3448 5147
f 5147 3448 5148
f 5146 5149 3444
f 5149 5150 3444
f 3444 5150 3442
f 5150 5151 3442
f 3442 5151 5108
f 5152 5153 5154
f 5084 5155 5082
f 5155 5156 5082
f 5082 5156 5134
f 5137 5157 5082
f 5157 5158 5082
f 5082 5158 5138
f 5140 5159 5082
f 5159 5160 5082
f 5082 5160 5161
f 5160 5162 5161
f 5161 5162 5104
f 5162 5163 5104
f 5104 5163 5105
f 3454 5164 5165
f 3450 5166 3448
f 5166 5167 3448
f 3448 5167 5148
f 5168 5169 3487
f 5169 5170 3487
f 5170 5171 3487
f 3487 5171 5172
f 5109 5173 5051
f 5173 5174 5051
f 5051 5174 5049
f 5174 5175 5049
f 5049 5175 5047
f 5175 5176 5047
f 5047 5176 5044
f 5177 5178 5179
f 5180 5181 5064
f 5181 5182 5064
f 5182 5183 5064
f 5183 5184 5064
f 5064 5184 5185
f 5128 5186 5126
f 5186 5187 5126
f 5126 5187 5188
f 5187 5189 5188
f 5188 5189 5190
f 5106 3505 5191
f 3505 3503 5191
f 5191 3503 5192
f 3503 3501 5192
f 5192 3501 5193
f 5145 5194 3513
f 5194 5195 3513
f 3513 5195 3515
f 5195 5196 3515
f 3515 5196 5197
f 5198 3517 5199
f 3517 3515 5199
f 5199 3515 5200
f 3515 5197 5200
f 5198 5201 3517
f 5201 5202 3517
f 3517 5202 3519
f 5202 5203 3519
f 3519 5203 5204
f 3454 5165 3452
f 5165 5205 3452
f 5205 5206 3452
f 3452 5206 3450
f 5206 5207 3450
f 3450 5207 5166
f 3487 5208 3489
f 5208 5209 3489
f 5176 5210 5044
f 5210 5211 5044
f 5044 5211 5042
f 5211 5212 5042
f 5153 5005 5007
f 5154 5153 5213
f 5153 5022 5213
f 5213 5022 5214
f 5154 5215 5152
f 5215 5216 5152
f 5152 5216 5217
f 5218 5219 5220
f 5219 5221 5220
f 5220 5221 5222
f 5223 5224 5225
f 5177 5179 5226
f 5218 5220 5064
f 5220 5227 5064
f 5064 5227 5180
f 5228 3447 5229
f 3447 5064 5229
f 5229 5064 5230
f 5064 5185 5230
f 5228 5231 3447
f 5231 5232 3447
f 3447 5232 5233
f 5234 5235 5236
f 5123 5237 5054
f 5237 5238 5054
f 5054 5238 5172
f 5238 5239 5172
f 5239 5240 5172
f 5172 5240 3487
f 5240 5241 3487
f 3487 5241 5208
f 5193 3501 5242
f 3501 3499 5242
f 5242 3499 5243
f 3499 3497 5243
f 5243 3497 5244
f 3497 3495 5244
f 5244 3495 5245
f 3495 3493 5245
f 5245 3493 5209
f 3493 3491 5209
f 5209 3491 3489
f 5022 5024 5214
f 5024 5027 5214
f 5214 5027 5029
f 5007 5009 5153
f 5009 5012 5153
f 5153 5012 5015
f 5222 5246 5220
f 5246 5247 5220
f 5220 5247 5248
f 5247 5249 5248
f 5250 5251 5252
f 5178 5253 5179
f 5253 5254 5179
f 5179 5254 5095
f 5255 5256 5257
f 5258 5259 5260
f 5259 5261 5260
f 5260 5261 5262
f 5261 5263 5262
f 5262 5263 5124
f 5263 5264 5124
f 5124 5264 5125
f 5190 5265 5188
f 5265 5266 5188
f 5188 5266 5234
f 5266 5267 5234
f 5234 5267 5235
f 5268 5269 5270
f 5269 5234 5270
f 5270 5234 5271
f 5234 5236 5271
f 5268 5272 5269
f 5272 5273 5269
f 5269 5273 5274
f 5273 5275 5274
f 5275 5276 5274
f 5274 5276 5277
f 5144 3513 5278
f 3513 3511 5278
f 5278 3511 5279
f 5164 3454 5280
f 3454 3456 5280
f 5280 3456 5281
f 3456 3458 5281
f 5281 3458 5282
f 3458 3460 5282
f 5282 3460 5283
f 3460 3462 5283
f 5283 3462 5284
f 3462 3465 5284
f 5284 3465 5285
f 3465 3468 5285
f 5285 3468 5286
f 5085 5287 3483
f 5287 5288 3483
f 3483 5288 3485
f 5015 5017 5153
f 5017 5020 5153
f 5153 5020 5022
f 5094 5289 5095
f 5289 5290 5095
f 5095 5290 5179
f 5290 5291 5179
f 5179 5291 5225
f 5252 5251 5292
f 5224 5293 5225
f 5293 5294 5225
f 5225 5294 5179
f 5255 5257 5295
f 5257 5296 5295
f 5296 5297 5295
f 5295 5297 5260
f 5297 5298 5260
f 5260 5298 5299
f 5299 5300 5301
f 5300 5302 5301
f 5301 5302 5303
f 5303 5304 5301
f 5304 5305 5301
f 5301 5305 5306
f 5301 5307 5299
f 5307 5308 5299
f 5299 5308 5260
f 5308 5309 5260
f 5260 5309 5258
f 5233 5310 3447
f 5310 5311 3447
f 3447 5311 5312
f 5312 5313 3447
f 5313 5314 3447
f 3447 5314 3476
f 5315 5316 5317
f 5316 5318 5317
f 5317 5318 5319
f 5318 5320 5319
f 5319 5320 5321
f 5320 5277 5321
f 5321 5277 5322
f 5277 5276 5322
f 5323 5315 5324
f 5315 5317 5324
f 5324 5317 5325
f 5317 5326 5325
f 5325 5326 5130
f 5326 5327 5130
f 5130 5327 5131
f 5141 5328 3509
f 5328 5329 3509
f 3509 5329 3511
f 5329 5330 3511
f 3511 5330 5279
f 5331 5332 5333
f 5332 5080 5333
f 5333 5080 5334
f 5080 5082 5334
f 5288 5335 3485
f 5335 5336 3485
f 3485 5336 3487
f 5336 5337 3487
f 3487 5337 5168
f 5216 5338 5217
f 5338 5339 5217
f 5217 5339 5255
f 5339 5340 5255
f 5255 5340 5256
f 5314 5341 3476
f 5341 5342 3476
f 3476 5342 3477
f 5342 5343 3477
f 3477 5343 5110
f 5324 5344 5345
f 5204 5332 3519
f 5332 5331 3519
f 3519 5331 3521
f 5331 5346 3521
f 3521 5346 3475
f 5346 5286 3475
f 3475 5286 3472
f 5286 3468 3472
f 5029 5032 5214
f 5032 5034 5214
f 5214 5034 5347
f 5034 5037 5347
f 5347 5037 5212
f 5037 5039 5212
f 5212 5039 5042
f 5223 5225 5251
f 5225 5348 5251
f 5251 5348 5292
f 5349 5350 5252
f 5226 5179 5351
f 5179 5352 5351
f 5351 5352 5353
f 5353 5354 5351
f 5354 5355 5351
f 5351 5355 5356
f 5345 5357 5324
f 5357 5358 5324
f 5324 5358 5323
f 5306 5305 5359
f 5305 5360 5359
f 5359 5360 5356
f 5360 5361 5356
f 5356 5361 5351
f 5249 5247 5362
f 5247 5363 5362
f 5362 5363 5364
f 5363 5365 5364
f 5364 5365 5252
f 5365 5366 5252
f 5252 5366 5349
f 5350 5367 5252
f 5367 5368 5252
f 5252 5368 5250
f 5369 5370 4713
f 4653 5369 4654
f 5369 4671 4654
f 4713 4711 5369
f 4711 4709 5369
f 5369 4709 4707
f 4096 5371 4097
f 5371 4098 4097
f 4707 4705 5369
f 4705 4703 5369
f 5369 4703 4701
f 4701 4699 5369
f 4699 4697 5369
f 5369 4697 4695
f 5372 5373 4653
f 5373 5374 4653
f 4653 5374 5375
f 5376 5377 4653
f 5377 5378 4653
f 4653 5378 5379
f 5380 5381 4653
f 5381 5382 4653
f 4653 5382 5369
f 5369 5383 5384
f 5383 5385 5384
f 5384 5385 5386
f 4695 4693 5369
f 4693 4691 5369
f 5369 4691 4689
f 5375 5387 4653
f 5387 5388 4653
f 4653 5388 5376
f 5389 5390 4653
f 5390 5391 4653
f 4653 5391 5392
f 5384 5393 5369
f 5393 5394 5369
f 5369 5394 5395
f 5395 5396 5369
f 5396 5397 5369
f 5369 5397 5398
f 5399 5400 5372
f 5400 5401 5372
f 5372 5401 5373
f 5399 5402 5400
f 5402 5403 5400
f 5400 5403 5404
f 5379 5405 4653
f 5405 5406 4653
f 4653 5406 5389
f 5371 5407 4098
f 5407 5370 4098
f 4098 5370 4993
f 5370 5369 4993
f 4993 5369 5408
f 5369 5398 5408
f 4689 4687 5369
f 4687 4685 5369
f 5369 4685 4683
f 4683 4681 5369
f 4681 4679 5369
f 5369 4679 4677
f 5392 5409 4653
f 5409 5410 4653
f 4653 5410 5380
f 5411 5412 5413
f 5412 5386 5413
f 5412 5414 5386
f 5414 5415 5386
f 5386 5415 5416
f 5416 5417 5386
f 5417 5418 5386
f 5386 5418 5419
f 4677 4675 5369
f 4675 4673 5369
f 5369 4673 4671
f 5419 5420 5386
f 5420 5421 5386
f 5386 5421 5384
f 5422 5423 5424
f 5425 3037 5424
f 3037 3036 5424
f 5424 3036 5422
f 1057 1059 5426
f 5427 5428 1060
f 1060 5428 5426
f 5426 1059 1060
f 5429 5430 5431
f 695 629 693
f 629 630 693
f 693 630 690
f 2591 2735 333
f 724 726 5432
f 5433 5434 874
f 5434 5435 874
f 874 5435 5432
f 5436 5437 395
f 395 5437 393
f 393 5437 5438
f 716 718 5432
f 718 719 5432
f 911 913 1014
f 1014 913 1013
f 1013 913 916
f 5439 5440 5430
f 5430 5440 5431
f 2708 2710 389
f 2710 2712 389
f 2712 2714 389
f 2714 2716 389
f 389 2716 5441
f 2716 2718 5441
f 5441 2718 2720
f 2720 2722 5441
f 2722 2724 5441
f 5441 2724 2726
f 2726 2728 5441
f 2728 2730 5441
f 5441 2730 5442
f 885 886 5443
f 886 888 5443
f 5443 888 890
f 719 721 5432
f 721 723 5432
f 5432 723 724
f 5444 5445 5446
f 5446 5445 5447
f 5448 5449 890
f 5449 5450 890
f 856 746 748
f 5450 5451 890
f 5451 5452 890
f 890 5452 5453
f 878 879 5443
f 5454 874 5455
f 874 5456 5455
f 422 424 531
f 5432 531 533
f 5457 4128 4130
f 4130 4132 5457
f 4132 4134 5457
f 5457 4134 4136
f 1060 4150 4151
f 5458 5459 2732
f 2732 5459 2730
f 333 335 2591
f 856 748 854
f 748 751 854
f 854 751 853
f 5456 874 5443
f 874 876 5443
f 5443 876 878
f 5436 395 5460
f 395 397 5460
f 5461 414 5432
f 5432 414 416
f 4531 4533 690
f 4533 4535 690
f 690 4535 4537
f 911 1014 908
f 1014 1016 908
f 1039 1040 5462
f 5463 5464 2732
f 863 865 740
f 5465 5466 5467
f 5467 5466 5468
f 5466 5469 5468
f 5468 5469 5470
f 5454 5471 874
f 5471 5472 874
f 874 5472 5433
f 630 632 690
f 4537 4539 690
f 4539 4541 690
f 690 4541 5473
f 4541 4543 5473
f 5473 4543 4545
f 4545 4547 5473
f 4547 4549 5473
f 5473 4549 4551
f 4144 4146 1060
f 4146 4148 1060
f 1060 4148 4150
f 1008 1552 1554
f 1008 1560 5474
f 1560 1562 5474
f 5474 1562 1564
f 5475 1579 950
f 892 1031 890
f 1031 1033 890
f 1389 5476 1384
f 5476 5429 1384
f 1384 5429 1385
f 5429 5431 1385
f 1389 1391 5476
f 1391 1393 5476
f 5476 1393 1395
f 5477 5478 391
f 5478 5479 391
f 5479 2704 391
f 391 2704 389
f 2704 2706 389
f 389 2706 2708
f 2730 5459 5480
f 2735 2591 2734
f 2591 2588 2734
f 2734 2588 2732
f 2588 2587 2732
f 2732 2587 5463
f 5464 5481 2732
f 5481 5482 2732
f 5482 5483 2732
f 5483 5484 2732
f 2732 5484 5458
f 736 738 871
f 5485 1451 1453
f 5486 5487 5488
f 2187 2189 5489
f 879 881 5443
f 881 882 5443
f 5443 882 885
f 401 403 5490
f 403 5491 5490
f 695 696 629
f 629 696 627
f 696 698 627
f 4551 4553 5473
f 4553 4555 5473
f 5473 4555 5492
f 4128 5457 4126
f 4136 4138 5457
f 4138 4140 5457
f 5457 4140 1060
f 4140 4142 1060
f 1060 4142 4144
f 1564 1566 5474
f 1566 1568 5474
f 5474 1568 1570
f 1570 1572 5474
f 1572 1574 5474
f 5474 1574 5493
f 1020 1022 902
f 1022 899 902
f 1054 1055 5494
f 5494 1055 5426
f 1055 1057 5426
f 1395 1397 5476
f 1397 1399 5476
f 5476 1399 5495
f 1399 1401 5495
f 1401 1403 5495
f 1403 1405 5495
f 5495 1405 1407
f 5462 5496 890
f 890 5496 5497
f 5439 5430 5498
f 5430 5499 5498
f 393 5438 391
f 5438 5500 391
f 391 5501 5502
f 5503 5442 2730
f 761 777 759
f 1467 1469 758
f 1469 1471 758
f 5504 5505 5506
f 2197 2199 5507
f 2199 2201 5507
f 405 407 5461
f 441 444 516
f 516 444 514
f 444 446 514
f 514 446 512
f 1071 1073 5508
f 4898 4560 633
f 5509 5510 4126
f 5511 5512 4126
f 5457 5513 4126
f 5513 5514 4126
f 4126 5514 5515
f 1554 1556 1008
f 1556 1558 1008
f 1008 1558 1560
f 895 897 1022
f 897 899 1022
f 1044 1046 5516
f 5517 5518 5519
f 5500 5520 391
f 5521 5501 391
f 5480 5522 2730
f 5522 5523 2730
f 5524 5525 2730
f 335 339 2591
f 339 338 2591
f 354 358 340
f 338 340 2591
f 2591 340 358
f 740 742 863
f 740 865 867
f 1453 1455 5485
f 1455 1457 5485
f 5485 1457 1459
f 2181 2183 5489
f 2183 2185 5489
f 5489 2185 2187
f 2189 2191 5489
f 2191 2193 5489
f 5489 2193 5507
f 2193 2195 5507
f 5507 2195 2197
f 1071 5508 1069
f 1083 452 1081
f 452 5508 1081
f 1081 5508 1079
f 533 534 5432
f 5432 534 536
f 701 703 620
f 703 705 620
f 620 705 619
f 4555 5526 5527
f 5528 5526 4557
f 4557 5526 4555
f 5510 5529 4126
f 5529 5530 4126
f 4126 5530 5511
f 5515 5531 4126
f 4126 5531 5532
f 4126 5532 5533
f 5533 5534 4126
f 5534 5535 4126
f 5536 5537 1576
f 1576 5537 1574
f 950 952 5475
f 1018 1020 904
f 2621 1416 1417
f 5448 890 5446
f 890 5444 5446
f 5502 5538 391
f 5538 5477 391
f 5523 5539 2730
f 5525 5540 2730
f 5540 5541 2730
f 2730 5541 5503
f 351 355 340
f 355 354 340
f 1459 1461 5485
f 1461 1463 5485
f 5485 1463 758
f 1463 1465 758
f 758 1465 1467
f 5488 5542 5486
f 5542 5543 5486
f 5486 5543 5544
f 5488 5487 5545
f 416 418 5432
f 5432 418 531
f 418 419 531
f 531 419 422
f 433 523 431
f 524 526 428
f 1073 1075 5508
f 1075 1077 5508
f 5508 1077 1079
f 1083 1085 452
f 1085 1087 452
f 452 1087 1089
f 536 609 5432
f 5432 609 716
f 716 609 610
f 705 706 619
f 5546 5492 4555
f 5547 5548 4557
f 5512 3142 4126
f 4126 3142 4124
f 3142 3145 4124
f 4124 3145 4122
f 3145 3138 4122
f 4122 3138 4121
f 3138 3137 4121
f 5535 5549 4126
f 5550 5551 1060
f 5551 5552 1060
f 5553 5554 1576
f 5555 1048 5556
f 1048 1049 5556
f 5556 1049 1051
f 5555 5557 1048
f 5497 5558 890
f 5558 5444 890
f 5520 5521 391
f 5539 5559 2730
f 5559 5560 2730
f 2730 5560 5524
f 346 352 340
f 352 351 340
f 734 736 871
f 5561 5562 1449
f 5563 5564 1449
f 1451 5485 1449
f 5565 5566 403
f 403 5566 5491
f 5490 5567 401
f 5461 407 409
f 433 435 523
f 523 435 521
f 435 437 521
f 613 615 714
f 714 615 617
f 587 588 690
f 588 590 690
f 590 589 690
f 690 589 4531
f 5527 5568 4555
f 5568 5569 4555
f 5570 5571 4555
f 4560 4898 4559
f 4898 4895 4559
f 4559 4895 4557
f 4895 4894 4557
f 4557 4894 5547
f 5548 5572 4557
f 5572 5573 4557
f 5573 5574 4557
f 5574 5575 4557
f 4557 5575 5528
f 633 635 4898
f 5549 5576 4126
f 5576 5577 4126
f 4126 5577 5509
f 4151 4152 1060
f 1060 5578 5579
f 5552 5580 1060
f 5580 5581 1060
f 1060 5581 5427
f 930 931 1011
f 931 933 1011
f 933 932 1011
f 1011 932 1008
f 932 1550 1008
f 1008 1550 1552
f 1574 5537 5582
f 1579 5475 1578
f 5475 5583 1578
f 1578 5583 1576
f 5583 5584 1576
f 1576 5584 5553
f 5554 5585 1576
f 5585 5586 1576
f 5586 5587 1576
f 5587 5588 1576
f 1576 5588 5536
f 893 895 1022
f 1020 902 904
f 1023 1025 892
f 1033 1034 890
f 1034 1036 890
f 890 1036 5462
f 1036 1039 5462
f 5589 5590 1413
f 1407 1409 5495
f 1409 1411 5495
f 5495 1411 5590
f 1411 1413 5590
f 5517 5519 5591
f 345 349 340
f 349 347 340
f 726 728 5432
f 728 730 5432
f 5432 730 874
f 730 732 874
f 874 732 871
f 732 734 871
f 867 869 740
f 5562 5592 1449
f 5592 5593 1449
f 1449 5593 5563
f 5564 5594 1449
f 1449 5594 1447
f 5594 5595 1447
f 1447 5595 1445
f 5595 5596 1445
f 1445 5596 777
f 5596 759 777
f 5485 5597 1449
f 5597 5598 1449
f 1449 5598 5599
f 5600 5504 5506
f 409 411 5461
f 5461 411 414
f 5601 5602 1067
f 5603 5604 1067
f 5569 5605 4555
f 5571 5606 4555
f 5606 5607 4555
f 4555 5607 5546
f 4152 5608 1060
f 5609 5578 1060
f 1013 916 1011
f 916 920 1011
f 1011 923 926
f 5610 5493 1574
f 1025 1027 892
f 1027 1029 892
f 892 1029 1031
f 1043 1044 5516
f 5611 5612 1413
f 5613 5614 1413
f 1416 2621 1415
f 2621 2613 1415
f 1415 2613 1413
f 2613 2612 1413
f 1413 2612 5615
f 5615 5616 1413
f 1413 5616 5617
f 5617 5618 1413
f 1413 5618 5619
f 5619 5620 1413
f 5620 5621 1413
f 1417 5622 2621
f 5517 5623 5518
f 5624 5625 5447
f 5447 5625 5626
f 347 346 340
f 863 742 861
f 861 742 744
f 738 740 871
f 871 740 869
f 761 764 777
f 764 804 777
f 777 804 778
f 774 778 804
f 5599 5627 1449
f 1449 5627 5628
f 1449 5628 5629
f 5629 5630 1449
f 5630 5631 1449
f 828 829 757
f 829 831 757
f 831 830 757
f 757 830 755
f 830 848 755
f 755 848 753
f 848 851 753
f 753 851 751
f 851 853 751
f 5453 5632 890
f 5632 5633 890
f 890 5633 5443
f 5633 5634 5443
f 5443 5634 5506
f 5634 5600 5506
f 5545 5635 5488
f 5636 5637 2179
f 5638 5639 2179
f 2181 5489 2179
f 5640 5641 5642
f 5641 5643 5642
f 5643 5644 5642
f 5642 5644 5645
f 5644 5646 5645
f 5645 5646 5469
f 5646 5470 5469
f 405 5461 403
f 5461 5565 403
f 429 431 523
f 526 527 428
f 5602 5647 1067
f 5647 5648 1067
f 1067 5648 5603
f 610 612 716
f 716 612 714
f 714 612 613
f 706 708 619
f 619 708 710
f 632 571 690
f 571 573 690
f 690 580 583
f 5605 5649 4555
f 5649 5650 4555
f 4555 5650 5570
f 3137 5651 4121
f 5651 5652 4121
f 5652 5653 4121
f 4121 5653 5654
f 5655 5654 5653
f 5579 5656 1060
f 5656 5550 1060
f 920 918 1011
f 921 923 1011
f 5582 5657 1574
f 5657 5658 1574
f 5659 5660 1574
f 952 956 5475
f 956 955 5475
f 971 975 957
f 955 957 5475
f 5475 957 975
f 1023 892 1022
f 892 893 1022
f 1040 1041 5462
f 5462 1041 5516
f 1041 1043 5516
f 5557 5661 1048
f 5612 5662 1413
f 5662 5663 1413
f 1413 5663 5613
f 5614 5664 1413
f 5664 5665 1413
f 1413 5665 5589
f 5621 5666 1413
f 5666 5667 1413
f 5667 5668 1413
f 1413 5668 5611
f 5447 5626 5446
f 340 342 345
f 771 775 804
f 5631 5669 1449
f 1471 1473 758
f 1473 1474 758
f 758 1474 757
f 1474 818 757
f 757 821 824
f 5544 5543 5670
f 5505 5488 5506
f 5506 5488 5635
f 5637 5671 2179
f 5671 5672 2179
f 2179 5672 5638
f 5639 5673 2179
f 2179 5673 2177
f 5673 5674 2177
f 2177 5674 2175
f 5674 5675 2175
f 2175 5675 2171
f 5675 5676 2171
f 5489 5677 2179
f 5677 5678 2179
f 2179 5678 5679
f 2201 2203 5507
f 2203 2204 5507
f 5507 2204 5642
f 2204 2205 5642
f 5642 5680 5681
f 424 426 531
f 531 426 529
f 426 428 529
f 529 428 527
f 5604 1721 1067
f 1067 1721 1065
f 1721 1723 1065
f 1065 1723 1063
f 1723 1717 1063
f 1063 1717 473
f 1717 503 473
f 1069 5508 1067
f 617 619 714
f 714 619 712
f 619 710 712
f 573 575 690
f 576 580 690
f 583 585 690
f 585 587 690
f 5682 5683 5653
f 5608 5609 1060
f 926 928 1011
f 928 930 1011
f 5658 5684 1574
f 5660 5685 1574
f 5685 5686 1574
f 1574 5686 5610
f 967 972 957
f 972 971 957
f 1046 1048 5516
f 5516 1048 5687
f 1048 5661 5687
f 5624 5447 5517
f 5447 5623 5517
f 744 859 861
f 768 772 804
f 775 774 804
f 5669 5688 1449
f 5688 5689 1449
f 1449 5689 5561
f 818 816 757
f 819 821 757
f 5679 5690 2179
f 2179 5690 5691
f 2179 5691 5692
f 5692 5693 2179
f 5693 5694 2179
f 2205 5695 5642
f 5696 5680 5642
f 401 5567 399
f 5567 5697 399
f 524 428 523
f 428 429 523
f 5508 5698 1067
f 5698 5699 1067
f 1067 5699 5700
f 550 551 450
f 551 553 450
f 553 552 450
f 552 559 450
f 450 559 448
f 559 509 448
f 448 509 446
f 509 512 446
f 635 638 4898
f 638 637 4898
f 655 656 639
f 637 639 4898
f 4898 639 656
f 5701 5702 5653
f 5702 5703 5653
f 5683 5655 5653
f 918 921 1011
f 5684 5704 1574
f 5704 5705 1574
f 1574 5705 5659
f 963 968 957
f 904 906 1018
f 765 769 804
f 772 771 804
f 824 826 757
f 826 828 757
f 5706 5544 5670
f 5676 5707 2171
f 5707 5708 2171
f 5708 5709 2171
f 2171 5709 5710
f 5711 5710 5709
f 5694 5712 2179
f 5681 5713 5642
f 5713 5640 5642
f 5700 5714 1067
f 1067 5714 5715
f 1067 5715 5716
f 5716 5717 1067
f 5717 5718 1067
f 1089 1091 452
f 1091 1092 452
f 452 1092 450
f 1092 540 450
f 450 543 546
f 620 622 701
f 622 623 701
f 575 577 690
f 577 576 690
f 650 655 639
f 5719 5653 5720
f 5653 5721 5720
f 5703 5682 5653
f 962 966 957
f 966 964 957
f 968 967 957
f 5722 5723 1052
f 1052 5723 1051
f 1051 5723 5556
f 5622 5724 2621
f 5724 5725 2621
f 5726 2618 5727
f 5725 5727 2621
f 2621 5727 2618
f 5519 5728 5591
f 804 766 765
f 769 768 804
f 816 819 757
f 5729 5730 5709
f 5712 5731 2179
f 5731 5732 2179
f 2179 5732 5636
f 5695 5696 5642
f 517 519 439
f 439 519 437
f 519 521 437
f 503 455 473
f 455 454 473
f 454 456 473
f 473 456 474
f 470 474 456
f 5718 5733 1067
f 540 538 450
f 541 543 450
f 646 651 639
f 5719 5701 5653
f 964 963 957
f 5734 5726 5727
f 746 856 744
f 856 857 744
f 744 857 859
f 5735 5736 5709
f 5736 5737 5709
f 5730 5711 5709
f 397 399 5460
f 5460 399 5697
f 466 471 456
f 5733 5738 1067
f 5738 5739 1067
f 1067 5739 5601
f 546 548 450
f 548 550 450
f 645 649 639
f 649 647 639
f 651 650 639
f 957 959 962
f 1016 1018 908
f 1018 906 908
f 5740 5741 5727
f 5465 5467 5670
f 5467 5742 5670
f 5670 5742 5706
f 5743 5709 5744
f 5709 5745 5744
f 5737 5729 5709
f 464 469 456
f 469 467 456
f 471 470 456
f 538 541 450
f 698 700 627
f 627 700 625
f 700 701 625
f 625 701 623
f 647 646 639
f 1054 5494 1052
f 5494 5746 1052
f 1052 5746 5722
f 5747 5748 5727
f 5748 5749 5727
f 5741 5734 5727
f 5499 5750 5498
f 5498 5750 5751
f 5750 5591 5751
f 5751 5591 5728
f 5743 5735 5709
f 441 516 439
f 516 517 439
f 463 456 460
f 456 458 460
f 467 466 456
f 639 641 645
f 645 641 681
f 5749 5740 5727
f 463 464 456
f 5727 5752 5747
f 1123 1125 4405
f 1125 1127 4405
f 1127 1120 4405
f 4405 1120 1122
f 1122 1134 4405
f 4405 1134 1136
f 1136 1138 4405
f 4405 1138 1140
f 1140 1142 4405
f 1142 1130 4405
f 4405 1130 1132
f 1132 1149 4405
f 4405 1149 4401
f 1149 1151 4401
f 1151 1153 4401
f 4401 1153 1155
f 1155 1157 4401
f 1157 1159 4401
f 4401 1159 1148
f 1239 4404 1241
f 4404 1243 1241
f 1237 1238 4404
f 1239 1223 4404
f 4404 1223 1225
f 1225 1227 4404
f 1227 1229 4404
f 4404 1229 1231
f 1231 1233 4404
f 1233 1235 4404
f 4404 1235 1237
f 1238 1219 4404
f 1219 1217 4404
f 4404 1217 1215
f 1215 1213 4404
f 1213 1211 4404
f 4404 1211 1209
f 1209 1207 4404
f 1207 1205 4404
f 4404 1205 1202
f 1202 1113 4404
f 4404 1113 1115
f 1115 1117 4404
f 1117 1119 4404
f 4404 1119 4405
f 1119 1123 4405
f 4615 1247 4404
f 1247 1245 4404
f 4404 1245 1243
f 1095 4576 1093
f 4576 4526 1093
f 4596 4480 4594
f 4480 4519 4594
f 4594 4519 4593
f 4519 4520 4593
f 4593 4520 4591
f 4520 4521 4591
f 4591 4521 4589
f 4521 4522 4589
f 4589 4522 4587
f 4522 4523 4587
f 4587 4523 4585
f 4523 4524 4585
f 4585 4524 4583
f 4524 4525 4583
f 4583 4525 4580
f 4525 4526 4580
f 4580 4526 4578
f 4526 4576 4578
f 4467 4482 4596
f 4482 4481 4596
f 4596 4481 4480
f 4404 4403 4615
f 4403 4408 4615
f 4615 4408 4613
f 4408 4460 4613
f 4613 4460 4611
f 4460 4459 4611
f 4611 4459 4609
f 4459 4458 4609
f 4609 4458 4606
f 4458 4457 4606
f 4606 4457 4601
f 4457 4456 4601
f 4601 4456 4602
f 4456 4455 4602
f 4602 4455 4618
f 4455 4454 4618
f 4618 4454 4575
f 4454 4453 4575
f 4575 4453 4573
f 4453 4452 4573
f 4573 4452 4570
f 4452 4461 4570
f 4570 4461 4568
f 4461 4467 4568
f 4568 4467 4565
f 4467 4596 4565
f 5753 5754 5755
f 3720 5756 5757
f 5756 5758 5757
f 5757 5758 5759
f 5758 5760 5759
f 5760 5758 5761
f 5758 5762 5761
f 5761 5762 5763
f 5764 5765 5762
f 5765 5766 5762
f 5762 5766 5763
f 5767 5768 5769
f 5768 5770 5769
f 5769 5770 5764
f 5770 5771 5764
f 5764 5771 5765
f 5767 5769 5772
f 5769 5773 5772
f 5772 5773 5774
f 5775 5776 5777
f 5777 5776 5773
f 5776 5778 5773
f 5773 5778 5774
f 5775 5777 5779
f 5777 5780 5779
f 5779 5780 5781
f 5782 5783 5780
f 5783 5781 5780
f 5784 5785 5786
f 5785 5787 5786
f 5786 5787 5782
f 5782 5787 5783
f 5784 5786 5788
f 5786 5789 5788
f 5788 5789 5790
f 5789 5371 5790
f 5790 5371 4096
f 5791 5792 5793
f 5792 4206 5793
f 4713 5370 4714
f 5370 5794 4714
f 4714 5794 4736
f 5794 5795 4736
f 4736 5795 4758
f 5795 5796 4758
f 4758 5796 4781
f 5796 5797 4781
f 4781 5797 4803
f 5797 5798 4803
f 4803 5798 4825
f 5798 5799 4825
f 4825 5799 4847
f 5799 5800 4847
f 4847 5800 4869
f 5800 5801 4869
f 4869 5801 4891
f 5801 5802 4891
f 4891 5802 4645
f 5802 5793 4645
f 5793 4206 4645
f 5370 5407 5794
f 5407 5803 5794
f 5794 5803 5795
f 5803 5804 5795
f 5795 5804 5796
f 5804 5805 5796
f 5796 5805 5797
f 5805 5806 5797
f 5797 5806 5798
f 5806 5807 5798
f 5798 5807 5799
f 5807 5808 5799
f 5799 5808 5800
f 5808 5809 5800
f 5800 5809 5801
f 5809 5810 5801
f 5801 5810 5802
f 5810 5811 5802
f 5802 5811 5793
f 5811 5755 5793
f 5793 5755 5791
f 5755 5754 5791
f 5407 5371 5803
f 5371 5789 5803
f 5803 5789 5804
f 5789 5786 5804
f 5804 5786 5805
f 5786 5782 5805
f 5805 5782 5806
f 5782 5780 5806
f 5806 5780 5807
f 5780 5777 5807
f 5807 5777 5808
f 5777 5773 5808
f 5808 5773 5809
f 5773 5769 5809
f 5809 5769 5810
f 5769 5764 5810
f 5810 5764 5811
f 5764 5762 5811
f 5811 5762 5755
f 5762 5758 5755
f 5755 5758 5753
f 5758 5756 5753
f 5812 5813 5814
f 5812 5814 5815
f 5816 5817 5815
f 5813 5818 5814
f 5818 5819 5814
f 5814 5819 5820
f 5820 5821 5814
f 5821 5822 5814
f 5814 5822 5823
f 5823 5824 5825
f 5823 5825 5814
f 5825 5826 5814
f 5814 5826 4994
f 5002 4294 4999
f 4294 5814 4999
f 4999 5814 4996
f 5814 4994 4996
f 3599 3600 5827
f 3600 3601 5827
f 5827 3601 5828
f 3601 3603 5828
f 5828 3603 3782
f 5827 5829 3599
f 5829 5830 3599
f 3599 5830 3773
f 5830 5831 3773
f 3773 5831 3769
f 5831 5832 3769
f 3769 5832 3592
f 5833 5834 3839
f 3839 3541 5833
f 3541 3540 5833
f 5833 3540 5832
f 3540 3593 5832
f 5832 3593 3592
f 3591 3589 5835
f 3589 3588 5835
f 5835 3588 5834
f 3588 3826 5834
f 5834 3826 3839
f 5835 5836 3591
f 5836 5837 3591
f 3591 5837 3857
f 5837 5838 3857
f 3857 5838 3587
f 5838 5839 3587
f 3587 5839 3543
f 5839 5840 3543
f 3543 5840 3544
f 5840 5841 3544
f 3544 5841 3611
f 5842 3546 5841
f 3546 3620 5841
f 5841 3620 3611
f 5815 5814 5816
f 5814 5843 5816
f 5816 5843 5844
f 5843 5845 5844
f 5844 5845 5846
f 5845 5847 5846
f 5846 5847 5848
f 5847 3550 5848
f 5848 3550 5849
f 3550 3549 5849
f 5849 3549 5850
f 3549 3582 5850
f 5850 3582 5842
f 3582 3547 5842
f 5842 3547 3546
f 1164 1162 4401
f 1162 4400 4401
f 1369 1371 4388
f 4327 1377 4328
f 1377 1376 4328
f 4328 1376 4388
f 1376 1367 4388
f 4388 1367 1369
f 1371 1372 4388
f 1372 1364 4388
f 4388 1364 1363
f 1326 1315 4327
f 1315 1379 4327
f 4327 1379 1377
f 4327 4390 1326
f 4390 4389 1326
f 1326 4389 1324
f 4389 4393 1324
f 4393 4392 1324
f 1324 4392 1322
f 4392 4396 1322
f 1162 1318 4400
f 1318 1320 4400
f 4400 1320 4399
f 1320 1322 4399
f 4399 1322 4395
f 1322 4396 4395
f 3375 1699 3322
f 1699 3320 3322
f 5851 5852 5853
f 5854 5855 5856
f 5857 5858 5859
f 5857 5859 5860
f 5861 5860 5862
f 5862 5860 5863
f 5860 5859 5863
f 5856 5855 5862
f 5855 5864 5862
f 5862 5864 5861
f 5854 5856 5852
f 5856 5865 5852
f 5852 5865 5853
f 5851 5853 5866
f 5866 5853 5867
f 5868 5869 5867
f 5869 5870 5867
f 5867 5870 5866
f 5867 5871 5868
f 5871 5872 5868
f 5868 5872 5873
f 5872 5874 5873
f 5875 5876 5877
f 5872 5878 5874
f 5878 5879 5874
f 5874 5879 5877
f 5877 5879 5875
f 5880 5881 5882
f 5881 5883 5882
f 5876 5875 5883
f 5875 5884 5883
f 5883 5884 5882
f 5885 5886 5887
f 5880 5882 5887
f 5887 5882 5885
f 5888 5889 5890
f 5889 5891 5890
f 5886 5885 5891
f 5885 5892 5891
f 5891 5892 5890
f 5890 5893 5888
f 5888 5893 5894
f 5893 5895 5894
f 5894 5895 5896
f 5895 5897 5896
f 5896 5897 5898
f 5897 5899 5898
f 5898 5899 5900
f 5899 5901 5900
f 5899 5902 5901
f 5901 5902 5903
f 5902 5904 5903
f 5903 5904 5905
f 5906 5907 5908
f 5904 5909 5905
f 5905 5909 5910
f 5909 5906 5910
f 5910 5906 5908
f 5906 5911 5907
f 5911 5912 5907
f 5907 5912 5913
f 5912 5914 5913
f 5915 5916 5917
f 5916 5918 5917
f 5917 5918 5919
f 5918 5920 5919
f 5919 5920 5921
f 5920 5922 5921
f 5921 5922 5914
f 5922 5913 5914
f 5923 5924 5925
f 5924 5926 5925
f 5925 5926 5927
f 5926 5928 5927
f 5927 5928 5929
f 5928 5930 5929
f 5929 5930 5915
f 5930 5931 5915
f 5915 5931 5916
f 5925 5932 5923
f 5923 5932 5933
f 5932 5934 5933
f 5933 5934 5935
f 5934 5936 5935
f 5935 5936 5937
f 5936 5938 5937
f 5937 5938 5939
f 5938 5940 5939
f 5939 5940 5941
f 5940 5942 5941
f 5941 5942 5943
f 5942 5944 5943
f 5943 5944 5945
f 5944 5946 5945
f 5945 5946 5947
f 5946 5948 5947
f 5947 5948 5949
f 5948 5950 5949
f 5949 5950 5951
f 5950 5952 5951
f 5951 5952 5953
f 5952 5954 5953
f 5953 5954 5955
f 5954 5956 5955
f 5955 5956 5957
f 5956 5958 5957
f 5958 5959 5957
f 5957 5959 5960
f 5959 5961 5960
f 5960 5961 5962
f 5962 5961 5963
f 5963 5961 5964
f 5961 5965 5964
f 5964 5965 5966
f 5965 5967 5966
f 5966 5967 5968
f 5967 5969 5968
f 5969 5970 5968
f 5971 5972 5973
f 5972 5974 5973
f 5973 5974 5975
f 5974 5976 5975
f 5975 5976 5977
f 5976 5978 5977
f 5978 5979 5977
f 5977 5979 5980
f 5979 5981 5980
f 5980 5981 5970
f 5981 5982 5970
f 5970 5982 5968
f 5983 5984 5971
f 5984 5985 5971
f 5985 5986 5971
f 5971 5986 5972
f 5987 5988 5989
f 5988 5990 5989
f 5989 5990 5991
f 5990 5992 5991
f 5992 5993 5991
f 5991 5993 5994
f 5993 5995 5994
f 5994 5995 5983
f 5995 5996 5983
f 5983 5996 5984
f 5997 3115 3019
f 5998 5999 6000
f 5999 6001 6000
f 4900 6002 5999
f 6002 6003 5999
f 5999 6003 6001
f 6004 6005 3019
f 6005 6006 3019
f 3019 6006 6007
f 6008 6007 6009
f 6007 6010 6009
f 6009 6010 6011
f 6010 6012 6011
f 6008 6013 6007
f 6013 6014 6007
f 6007 6014 6015
f 3027 6016 2941
f 6016 6017 2941
f 2941 6017 2939
f 6018 2976 6019
f 2976 2964 6019
f 2964 2966 6019
f 2966 2938 6019
f 6019 2938 6017
f 2938 2956 6017
f 6017 2956 2939
f 6015 6020 6007
f 6020 6021 6007
f 6007 6021 3019
f 6021 6022 3019
f 3019 6022 5997
f 6023 6024 6025
f 6024 6026 6025
f 6025 6026 6010
f 6026 6027 6010
f 6010 6027 6012
f 5998 6028 5999
f 6028 6029 5999
f 5999 6029 6030
f 6029 6031 6030
f 6031 6032 6030
f 6030 6032 6033
f 6032 6034 6033
f 6033 6034 6035
f 6034 6016 6035
f 6035 6016 6036
f 6036 6016 6037
f 6016 3150 6037
f 6037 3150 6038
f 2935 3032 3150
f 3032 3031 3150
f 3019 3021 6004
f 3021 3012 6004
f 6004 3012 6039
f 3012 3014 6039
f 6039 3014 6040
f 3014 3016 6040
f 6040 3016 6041
f 3016 3017 6041
f 6041 3017 6042
f 3017 3009 6042
f 6042 3009 6043
f 3009 3005 6043
f 6043 3005 6044
f 3005 2999 6044
f 6044 2999 6045
f 2999 3001 6045
f 3001 2993 6045
f 6045 2993 6046
f 2993 2990 6046
f 6046 2990 6047
f 2990 2985 6047
f 6047 2985 6048
f 2985 2981 6048
f 6048 2981 6018
f 2981 2972 6018
f 6018 2972 2976
f 3027 3028 6016
f 3028 3029 6016
f 6016 3029 3150
f 3029 3030 3150
f 3150 3030 2935
f 3031 3033 3150
f 3033 3034 3150
f 3150 3034 1635
f 3034 3035 1635
f 1635 3035 1634
f 3135 3134 6049
f 3134 6050 6049
f 6049 6050 6051
f 6050 6052 6051
f 6051 6052 6053
f 6052 6054 6053
f 6054 6055 6053
f 6053 6055 6056
f 6055 6057 6056
f 6056 6057 6058
f 6057 6059 6058
f 6058 6059 6060
f 6059 6061 6060
f 6061 6062 6060
f 6060 6062 6063
f 6062 6064 6063
f 6064 6065 6063
f 6063 6065 6066
f 6065 6067 6066
f 6066 6067 6068
f 6067 6069 6068
f 6069 6070 6068
f 6068 6070 6071
f 6070 6072 6071
f 6071 6072 6073
f 6072 6074 6073
f 6074 6075 6073
f 6073 6075 6076
f 6075 6077 6076
f 6077 5369 6076
f 6076 5369 5382
f 6078 6079 6080
f 691 6081 722
f 6082 6083 6084
f 6084 6083 6085
f 6086 6087 6088
f 6087 6089 6088
f 6090 6091 6092
f 6093 6094 6095
f 6094 6096 6095
f 6092 6097 6087
f 6086 6088 6098
f 6092 6087 6090
f 6084 6099 6082
f 6097 6089 6087
f 6100 6101 6094
f 6093 6095 6102
f 6100 6094 6084
f 6094 6103 6084
f 6084 6103 6099
f 6101 6104 6094
f 6104 6096 6094
f 6088 6105 6098
f 6105 6106 6098
f 6095 6107 6102
f 6108 6109 6110
f 360 359 6111
f 6108 6110 6112
f 6113 6114 6115
f 386 388 6116
f 6116 388 387
f 380 379 6117
f 368 367 6111
f 6118 6119 6120
f 6119 6121 6120
f 374 373 6117
f 6110 6122 6112
f 6122 6123 6112
f 6112 6123 6124
f 6123 6125 6124
f 6115 6114 6126
f 6127 2169 6128
f 366 369 6117
f 384 383 6117
f 383 385 6117
f 6117 385 6116
f 385 386 6116
f 6125 6129 6124
f 6129 6130 6124
f 6124 6130 6131
f 6130 6132 6131
f 6131 6132 6133
f 6114 6134 6126
f 6134 6135 6126
f 6126 6135 6118
f 6135 6136 6118
f 6118 6136 6119
f 6137 6138 6083
f 6138 6139 6083
f 6083 6139 6085
f 6139 6092 6085
f 6092 6091 6085
f 6117 379 381
f 6113 6115 6140
f 6115 6141 6140
f 6140 6141 6142
f 6143 6144 6120
f 6116 387 6145
f 387 2705 6145
f 6145 2705 6146
f 2705 2733 6146
f 6146 2733 6147
f 2733 2731 6147
f 6147 2731 6148
f 2731 2729 6148
f 6148 2729 6149
f 2729 2727 6149
f 6149 2727 6150
f 2727 2725 6150
f 6150 2725 6151
f 2725 2723 6151
f 6151 2723 6152
f 2723 2721 6152
f 6152 2721 6153
f 2721 2719 6153
f 6153 2719 6154
f 2719 2717 6154
f 6154 2717 6155
f 2717 2715 6155
f 6155 2715 6156
f 6109 6108 6157
f 6108 6111 6157
f 6157 6111 6158
f 6111 367 6158
f 6158 367 6117
f 367 366 6117
f 6117 373 375
f 381 382 6117
f 382 384 6117
f 6111 359 362
f 362 365 6111
f 365 368 6111
f 6159 6160 6161
f 6160 6131 6161
f 6161 6131 6162
f 6131 6133 6162
f 6163 6164 6165
f 6164 6166 6165
f 6165 6166 6141
f 6166 6167 6141
f 6141 6167 6142
f 6168 6169 6120
f 6170 2619 6171
f 6171 2619 6172
f 2619 2620 6172
f 6172 2620 6173
f 2620 2617 6173
f 6173 2617 6174
f 2617 2615 6174
f 6174 2615 6175
f 6128 2169 6176
f 6177 2198 6178
f 2198 2196 6178
f 6178 2196 6179
f 2196 2194 6179
f 6179 2194 6180
f 2194 2192 6180
f 6180 2192 6181
f 2192 2190 6181
f 6181 2190 6182
f 2190 2188 6182
f 6182 2188 6183
f 2188 2186 6183
f 6183 2186 6184
f 2186 2184 6184
f 6184 2184 6185
f 2184 2182 6185
f 6185 2182 6186
f 2182 2180 6186
f 6186 2180 6187
f 2180 2178 6187
f 6187 2178 6188
f 2178 2176 6188
f 6188 2176 6127
f 2176 2170 6127
f 6127 2170 2169
f 6189 2173 6190
f 6190 2173 6191
f 2173 2172 6191
f 6191 2172 6192
f 2172 2202 6192
f 6192 2202 6177
f 2202 2200 6177
f 6177 2200 2198
f 6193 6194 6195
f 6196 6197 6198
f 6138 6199 6139
f 6199 6198 6139
f 6139 6198 6200
f 369 372 6117
f 372 374 6117
f 375 378 6117
f 378 380 6117
f 6111 361 360
f 6159 6201 6160
f 6201 6202 6160
f 6160 6202 6165
f 6202 6203 6165
f 6165 6203 6163
f 6204 6205 6206
f 6207 6208 6121
f 6144 6209 6120
f 6120 6209 6210
f 6189 6211 6212
f 6198 6197 6200
f 6213 6214 6215
f 6121 6216 6217
f 6210 6218 6120
f 6218 6168 6120
f 6189 6219 2173
f 6137 6083 6194
f 6083 6220 6194
f 6220 6221 6194
f 6194 6221 6195
f 6215 6222 6198
f 6222 6196 6198
f 6223 6224 6121
f 6225 6226 6121
f 6226 6227 6121
f 6121 6227 6228
f 6217 6229 6121
f 6121 6229 6120
f 6229 6230 6120
f 6120 6230 6143
f 6231 6232 6171
f 6233 6170 6171
f 6234 6235 6206
f 6235 6236 6206
f 6206 6236 6237
f 6205 6238 6206
f 6206 6238 6234
f 6193 6239 6194
f 6194 6239 6189
f 6189 6239 6240
f 6121 6208 6241
f 6228 6242 6121
f 6121 6242 6216
f 6243 6244 6206
f 6206 6244 6245
f 6240 6246 6189
f 6246 6211 6189
f 6212 6247 6189
f 6189 6247 6248
f 6189 6248 6219
f 2702 6249 6215
f 6215 6250 6222
f 6224 6251 6121
f 6251 6207 6121
f 6241 6252 6121
f 6252 6225 6121
f 6253 6254 6206
f 6206 6254 6255
f 6245 6256 6206
f 6256 6204 6206
f 6249 6257 6215
f 6257 6213 6215
f 6176 6223 6128
f 6128 6223 6121
f 6258 6259 6260
f 6260 6261 6258
f 6258 6261 6262
f 6258 6263 6171
f 6171 6263 6231
f 6232 6264 6171
f 6264 6265 6171
f 6265 6266 6171
f 6171 6266 6233
f 6266 6267 6233
f 6233 6267 6236
f 6267 6237 6236
f 6255 6268 6206
f 6268 6243 6206
f 2715 2713 6156
f 2713 2711 6156
f 6156 2711 6269
f 2711 2709 6269
f 6269 2709 6270
f 2709 2707 6270
f 6270 2707 6271
f 2707 2703 6271
f 6271 2703 6272
f 2703 2702 6272
f 6272 2702 6215
f 6169 6273 6120
f 6273 6274 6120
f 6120 6274 6275
f 6274 6276 6275
f 6275 6276 6259
f 6276 6277 6259
f 6259 6277 6278
f 6262 6279 6258
f 6279 6263 6258
f 6280 6281 6206
f 6281 6282 6206
f 6206 6282 6283
f 6283 6253 6206
f 6215 6214 6284
f 6284 6285 6215
f 6285 6250 6215
f 6278 6286 6259
f 6286 6287 6259
f 6259 6287 6288
f 6288 6289 6259
f 6289 6260 6259
f 6280 6290 6079
f 6079 6281 6280
f 6291 2589 6292
f 6292 2589 6293
f 2589 2590 6293
f 6293 2590 6294
f 2590 2585 6294
f 6294 2585 6111
f 2585 361 6111
f 6295 6296 6297
f 6298 6299 6292
f 6300 6291 6292
f 6301 6302 6297
f 6302 6303 6297
f 6297 6303 6304
f 6296 6305 6297
f 6297 6305 6301
f 6306 6307 6297
f 6297 6307 6308
f 6309 6310 6297
f 6297 6310 6311
f 6308 6312 6297
f 6312 6295 6297
f 6313 6314 6315
f 6315 6316 6313
f 6313 6316 6317
f 6313 6318 6292
f 6292 6318 6298
f 6299 6319 6292
f 6319 6320 6292
f 6320 6321 6292
f 6292 6321 6300
f 6321 6322 6300
f 6300 6322 6303
f 6322 6304 6303
f 6311 6323 6297
f 6323 6306 6297
f 1720 1719 6314
f 1719 6324 6314
f 6317 6325 6313
f 6325 6318 6313
f 6326 6327 6297
f 6327 6328 6297
f 6297 6328 6329
f 6329 6309 6297
f 6324 6330 6314
f 6330 6331 6314
f 6314 6331 6332
f 6332 6333 6314
f 6333 6315 6314
f 451 6334 6335
f 6334 6336 6335
f 6335 6336 6326
f 6336 6327 6326
f 6334 430 427
f 423 421 6334
f 421 420 6334
f 6334 420 417
f 392 390 6334
f 6334 390 6336
f 451 449 6334
f 449 447 6334
f 6334 398 396
f 447 445 6334
f 445 443 6334
f 443 442 6334
f 6334 442 440
f 427 425 6334
f 425 423 6334
f 417 415 6334
f 6334 415 413
f 396 394 6334
f 394 392 6334
f 413 412 6334
f 6334 412 410
f 410 408 6334
f 434 432 6334
f 6334 432 430
f 402 400 6334
f 6334 400 398
f 440 438 6334
f 6334 438 436
f 408 406 6334
f 6334 406 404
f 436 434 6334
f 404 402 6334
f 6314 6337 1720
f 6337 6338 1720
f 1720 6338 1722
f 6338 6339 1722
f 1722 6339 507
f 6339 6340 6341
f 689 688 6342
f 6343 6344 6345
f 6346 6347 6348
f 6347 6349 6348
f 6349 6350 6348
f 6350 6351 6348
f 6348 6351 6352
f 6351 6353 6352
f 6352 6353 6354
f 6355 570 6356
f 6356 570 6357
f 570 1062 6357
f 6357 1062 6358
f 1062 1090 6358
f 6358 1090 6359
f 603 604 6360
f 6361 6362 6363
f 6362 6360 6363
f 6363 6360 606
f 6360 605 606
f 596 598 6364
f 485 484 6365
f 1090 1088 6359
f 1088 1086 6359
f 6359 1086 6366
f 1086 1084 6366
f 6366 1084 6367
f 1084 1082 6367
f 6367 1082 6368
f 1082 1080 6368
f 6368 1080 6369
f 1080 1078 6369
f 6369 1078 6370
f 1078 1076 6370
f 6370 1076 6371
f 1076 1074 6371
f 6371 1074 6372
f 1074 1072 6372
f 6372 1072 6373
f 1072 1070 6373
f 6373 1070 6374
f 1070 1068 6374
f 6374 1068 6375
f 1068 1066 6375
f 6375 1066 6376
f 1066 1064 6376
f 6376 1064 6377
f 560 6378 558
f 6379 6380 6346
f 6380 6381 6346
f 6346 6381 6382
f 6382 6383 6346
f 6383 6384 6346
f 6346 6384 6347
f 508 507 6339
f 6365 496 495
f 1064 1061 6377
f 1061 479 6377
f 6377 479 6385
f 6355 565 566
f 6360 604 605
f 658 657 6386
f 6387 6388 6389
f 6388 6352 6389
f 6389 6352 6390
f 6352 6354 6390
f 477 480 6365
f 491 490 6365
f 490 492 6365
f 6365 492 494
f 6355 569 570
f 6364 602 6360
f 602 603 6360
f 594 593 6364
f 6364 601 602
f 684 683 6342
f 6342 683 685
f 6391 4896 6392
f 6346 663 665
f 6393 6394 6340
f 6394 6395 6340
f 6340 6395 6341
f 6365 484 486
f 494 497 6365
f 6365 497 496
f 560 562 6378
f 6378 562 6355
f 6355 562 563
f 6396 6397 6378
f 6397 557 6378
f 557 556 6378
f 6378 556 558
f 593 595 6364
f 595 596 6364
f 669 673 6342
f 673 675 6342
f 677 676 6342
f 6342 676 679
f 685 687 6342
f 687 689 6342
f 6398 6399 6400
f 6387 6401 6388
f 6401 6402 6388
f 6388 6402 6403
f 6402 6404 6403
f 6403 6404 6405
f 480 483 6365
f 483 485 6365
f 486 489 6365
f 489 491 6365
f 6385 479 478
f 563 564 6355
f 564 565 6355
f 566 567 6355
f 6355 567 568
f 6355 568 569
f 6406 4536 6407
f 4536 4534 6407
f 6407 4534 6408
f 4534 4532 6408
f 6408 4532 6409
f 4532 4529 6409
f 6409 4529 6410
f 4529 594 6410
f 6410 594 6364
f 6379 6346 6411
f 6346 665 6411
f 6411 665 6412
f 665 668 6412
f 6412 668 6413
f 668 672 6413
f 6413 672 6414
f 672 671 6414
f 6414 671 6415
f 671 670 6415
f 6415 670 6342
f 670 669 6342
f 675 678 6342
f 6342 678 677
f 679 682 6342
f 682 684 6342
f 688 4530 6342
f 4530 4558 6342
f 6342 4558 4556
f 6405 6416 6403
f 6416 6417 6403
f 6403 6417 6418
f 6417 6419 6418
f 6419 6420 6418
f 6420 6421 6418
f 6418 6421 6393
f 6421 6422 6393
f 6393 6422 6394
f 6341 6423 6339
f 6423 6424 6339
f 6339 6424 6365
f 501 500 6339
f 6339 500 502
f 478 477 6385
f 6385 477 6365
f 6364 598 599
f 599 600 6364
f 600 601 6364
f 4556 4554 6342
f 4554 4552 6342
f 6342 4552 6425
f 4552 4550 6425
f 6425 4550 6426
f 4550 4548 6426
f 6426 4548 6427
f 4548 4546 6427
f 6427 4546 6428
f 4546 4544 6428
f 6428 4544 6429
f 4544 4542 6429
f 6429 4542 6430
f 4542 4540 6430
f 6430 4540 6406
f 4540 4538 6406
f 6406 4538 4536
f 6392 4896 6431
f 4896 4897 6431
f 6431 4897 6432
f 4897 4892 6432
f 6432 4892 6433
f 4892 659 6433
f 6433 659 6386
f 657 662 6386
f 662 664 6386
f 6386 664 6346
f 6346 664 663
f 495 498 6365
f 498 499 6365
f 6365 499 6339
f 499 501 6339
f 502 506 6339
f 506 508 6339
f 6434 6435 6392
f 6436 6391 6392
f 6437 6438 6400
f 6438 6439 6400
f 6400 6439 6440
f 6399 6441 6400
f 6400 6441 6437
f 6442 6443 6400
f 6400 6443 6444
f 6445 6446 6400
f 6400 6446 6447
f 6444 6448 6400
f 6448 6398 6400
f 6386 659 658
f 6449 6450 6451
f 6451 6452 6449
f 6449 6452 6453
f 6449 6454 6392
f 6392 6454 6434
f 6435 6455 6392
f 6455 6456 6392
f 6456 6457 6392
f 6392 6457 6436
f 6457 6458 6436
f 6436 6458 6439
f 6458 6440 6439
f 6447 6459 6400
f 6459 6442 6400
f 6345 6344 6450
f 6344 6460 6450
f 6450 6460 6461
f 6453 6462 6449
f 6462 6454 6449
f 6463 6464 6400
f 6464 6465 6400
f 6400 6465 6466
f 6466 6445 6400
f 6461 6467 6450
f 6467 6468 6450
f 6450 6468 6469
f 6469 6470 6450
f 6470 6451 6450
f 6463 756 6081
f 6081 6464 6463
f 6396 6361 6397
f 6361 6363 6397
f 6397 6363 510
f 6363 631 510
f 631 607 510
f 607 535 510
f 510 535 511
f 614 611 624
f 611 626 624
f 608 607 631
f 631 628 611
f 614 624 616
f 631 611 608
f 513 511 535
f 628 626 611
f 535 532 518
f 520 518 528
f 518 515 535
f 535 515 513
f 532 530 518
f 530 528 518
f 624 621 616
f 528 525 520
f 616 621 618
f 520 525 522
f 692 691 713
f 727 725 6081
f 6081 725 722
f 737 735 6081
f 735 733 6081
f 722 720 691
f 720 717 691
f 756 754 6081
f 6081 754 752
f 733 731 6081
f 731 729 6081
f 6081 729 727
f 717 715 691
f 715 713 691
f 713 694 692
f 752 750 6081
f 750 749 6081
f 749 747 6081
f 6081 747 745
f 739 737 6081
f 745 743 6081
f 6081 743 741
f 704 702 707
f 707 702 709
f 702 699 709
f 709 699 711
f 699 697 711
f 711 697 713
f 713 697 694
f 741 739 6081
f 4125 4123 4139
f 6471 4119 4123
f 6472 1386 6473
f 1386 6474 6473
f 4147 4145 4123
f 6475 6476 1386
f 1386 6476 6477
f 1386 6478 6479
f 4123 1386 6471
f 6471 1386 6480
f 4147 4123 4149
f 4123 4119 4149
f 4149 4119 4118
f 6481 6482 6483
f 1577 6484 6485
f 6479 6486 1386
f 1386 6486 6480
f 4145 4143 4123
f 4143 4141 4123
f 4123 4141 4139
f 6481 6483 6487
f 1386 6488 6489
f 6490 6491 1577
f 6491 6492 1577
f 1577 6492 6484
f 6493 6494 6495
f 6494 6496 6495
f 6495 6496 6497
f 6498 6499 6500
f 6499 6501 6500
f 6500 6501 6502
f 6501 6503 6502
f 6504 6505 6506
f 6507 6508 1386
f 1386 6508 6475
f 4133 4131 4135
f 4131 4129 4135
f 4135 4129 4137
f 4137 4129 4139
f 4129 4127 4139
f 4139 4127 4125
f 6498 6509 6499
f 6509 6510 6499
f 6499 6510 6511
f 6510 6512 6511
f 6511 6512 6513
f 6485 6514 1577
f 6514 6515 1577
f 1577 6515 6516
f 6516 6517 1577
f 6517 6518 1577
f 1577 6518 6519
f 6493 6520 6494
f 6520 6521 6494
f 6494 6521 6501
f 6521 6522 6501
f 6501 6522 6503
f 1386 6477 6523
f 6523 6524 1386
f 6524 6478 1386
f 6513 6525 6511
f 6525 6526 6511
f 6511 6526 6481
f 6526 6527 6481
f 6481 6527 6482
f 6528 6529 6530
f 6531 6532 4123
f 6532 6533 4123
f 4123 6533 1386
f 6533 6534 1386
f 1386 6534 6488
f 6489 6535 1386
f 6535 6536 1386
f 1386 6536 6474
f 6537 6538 6539
f 6540 6541 6175
f 6542 6543 6505
f 6544 6545 4123
f 6546 6547 6548
f 6548 6547 1382
f 6549 6550 6539
f 6483 6551 6487
f 6551 6552 6487
f 6487 6552 6529
f 6552 6553 6529
f 6529 6553 6530
f 6554 6555 6556
f 6555 6528 6556
f 6556 6528 6557
f 6528 6530 6557
f 6558 6559 6560
f 6561 6562 6563
f 6562 6564 6563
f 6564 6565 6563
f 6565 6566 6563
f 6563 6566 6567
f 6566 6568 6567
f 6567 6568 6569
f 6570 6571 6572
f 6345 6573 6343
f 6573 6574 6343
f 6343 6574 6575
f 6574 6570 6575
f 6575 6570 813
f 6472 6576 1386
f 6576 6577 1386
f 1386 6577 1387
f 6577 6578 1387
f 1387 6578 1388
f 6578 6579 1388
f 1388 6579 1390
f 6579 6580 1390
f 1390 6580 1392
f 6580 6581 1392
f 1392 6581 1394
f 6581 6582 1394
f 1394 6582 1396
f 6582 6583 1396
f 1396 6583 1398
f 6583 6584 1398
f 1398 6584 1400
f 6584 6585 1400
f 1400 6585 1402
f 6585 6586 1402
f 1402 6586 1404
f 6586 6587 1404
f 1404 6587 1406
f 6587 6588 1406
f 1406 6588 1408
f 6588 6589 1408
f 1408 6589 1410
f 6589 6590 1410
f 1410 6590 1412
f 6590 6591 1412
f 1412 6591 1414
f 6591 6592 1414
f 1414 6592 1381
f 6592 6593 1381
f 1381 6593 1382
f 6593 6548 1382
f 6594 6595 6539
f 6596 6597 6539
f 6597 6598 6539
f 6539 6598 6548
f 6598 6546 6548
f 6175 6599 6600
f 6507 1386 6505
f 1386 6601 6505
f 6505 6601 6542
f 6545 6602 4123
f 6602 6603 4123
f 4123 6603 6604
f 6560 6605 6558
f 6605 6606 6558
f 6558 6606 6561
f 6606 6607 6561
f 6561 6607 6562
f 6569 6608 6567
f 6608 6609 6567
f 6567 6609 6610
f 6609 6611 6610
f 6611 6612 6610
f 6612 6613 6610
f 6610 6613 6614
f 6613 6615 6614
f 6614 6615 6616
f 6572 6571 6617
f 6571 6618 6617
f 6617 6618 6619
f 812 814 6570
f 6539 6538 6620
f 2615 2614 6175
f 6497 6496 6621
f 6496 6622 6621
f 6621 6622 6623
f 6622 6175 6623
f 6623 6175 6624
f 6175 6600 6624
f 6624 6600 6625
f 6506 6626 6627
f 837 6628 836
f 6629 894 891
f 6625 6600 6539
f 6600 6594 6539
f 6539 6550 6630
f 6620 6631 6539
f 6631 6596 6539
f 6175 6541 6632
f 6632 6599 6175
f 6633 6634 6635
f 6619 6618 6636
f 6618 6637 6636
f 6636 6637 6638
f 6572 6639 6570
f 6639 6640 6570
f 6570 6640 6641
f 808 811 6570
f 6642 847 6643
f 6643 847 6644
f 847 1444 6644
f 6644 1444 6645
f 1444 1472 6645
f 6645 1472 6646
f 884 883 6629
f 6629 883 6647
f 883 880 6647
f 6647 880 6648
f 914 912 915
f 912 949 915
f 939 941 6649
f 1567 1565 6650
f 6595 6651 6539
f 6651 6549 6539
f 6630 6652 6539
f 6652 6537 6539
f 6543 6653 6505
f 6626 6506 6654
f 6506 6655 6654
f 1005 1007 6656
f 6656 1007 1006
f 6604 6657 4123
f 6657 6658 4123
f 4123 6658 6659
f 6659 6660 4123
f 6660 6661 4123
f 4123 6661 6531
f 6616 6662 6614
f 6662 6663 6614
f 6614 6663 6637
f 6663 6664 6637
f 6637 6664 6638
f 814 813 6570
f 810 809 6641
f 6648 870 868
f 946 947 6665
f 912 910 949
f 949 910 909
f 6175 2614 6540
f 6542 6601 6666
f 6653 6667 6505
f 6505 6667 6506
f 6519 6668 1577
f 6668 6669 1577
f 1577 6669 1549
f 6669 6670 1549
f 1549 6670 1006
f 6670 6656 1006
f 6641 809 6570
f 809 808 6570
f 6642 842 843
f 835 834 6628
f 6628 834 836
f 880 877 6648
f 6648 877 875
f 6629 6665 905
f 6649 945 6665
f 945 946 6665
f 6542 6666 6635
f 6627 6671 6506
f 6506 6671 6504
f 4123 4117 6544
f 4117 4116 6544
f 6544 4116 6672
f 811 812 6570
f 810 6641 807
f 6641 6673 807
f 807 6673 803
f 6674 783 6675
f 6642 846 847
f 875 873 6648
f 873 872 6648
f 6648 872 870
f 898 896 6629
f 6629 896 894
f 891 889 6629
f 889 887 6629
f 6629 887 884
f 937 936 6649
f 6649 944 945
f 6490 1577 6650
f 1577 1575 6650
f 6650 1575 1573
f 1573 1571 6650
f 1571 1569 6650
f 6650 1569 1567
f 1559 1557 6650
f 1557 1555 6650
f 6650 1555 1553
f 6635 6676 6633
f 6634 6677 6635
f 6635 6677 6542
f 6678 6679 6680
f 6679 6681 6680
f 6680 6681 6682
f 6681 6683 6682
f 6682 6683 6684
f 999 998 6685
f 789 788 6673
f 1472 1470 6646
f 1470 1468 6646
f 6646 1468 6686
f 1468 1466 6686
f 6686 1466 6687
f 1466 1464 6687
f 6687 1464 6688
f 1464 1462 6688
f 6688 1462 6689
f 1462 1460 6689
f 6689 1460 6690
f 1460 1458 6690
f 6690 1458 6691
f 1458 1456 6691
f 6691 1456 6692
f 1456 1454 6692
f 6692 1454 6693
f 1454 1452 6693
f 6693 1452 6694
f 1452 1450 6694
f 6694 1450 6695
f 1450 1448 6695
f 6695 1448 6696
f 1448 1446 6696
f 6696 1446 6674
f 1446 1443 6674
f 6674 1443 783
f 837 839 6628
f 6628 839 6642
f 6642 839 840
f 860 6628 862
f 6628 6648 862
f 936 938 6649
f 938 939 6649
f 1565 1563 6650
f 1563 1561 6650
f 6650 1561 1559
f 6697 6698 6699
f 993 992 6685
f 801 800 6673
f 6673 800 803
f 840 841 6642
f 841 842 6642
f 843 844 6642
f 6642 844 845
f 6642 845 846
f 858 855 849
f 849 855 850
f 947 948 6665
f 6665 948 949
f 1553 1551 6650
f 1551 1548 6650
f 6650 1548 6700
f 1548 937 6700
f 6700 937 6649
f 6701 6702 6555
f 987 986 6679
f 1003 1002 6685
f 1002 1004 6685
f 6685 1004 6656
f 1004 1005 6656
f 6672 4116 6703
f 781 784 6673
f 795 794 6673
f 794 796 6673
f 6673 796 799
f 6675 783 782
f 6628 860 835
f 835 860 849
f 860 858 849
f 6649 941 942
f 942 943 6649
f 943 944 6649
f 6633 6676 6704
f 6676 6705 6704
f 6654 6655 6706
f 6655 6707 6706
f 6708 6709 6555
f 980 979 6679
f 985 988 6685
f 6685 998 1000
f 6673 788 790
f 799 802 6673
f 6673 802 801
f 868 866 6648
f 905 903 6629
f 6629 903 901
f 909 907 949
f 949 907 6665
f 6665 907 905
f 6710 6711 6683
f 6712 6684 6683
f 6713 6714 6699
f 6714 6715 6699
f 6699 6715 6716
f 6698 6717 6699
f 6699 6717 6713
f 6685 992 994
f 1000 1001 6685
f 1001 1003 6685
f 784 787 6673
f 787 789 6673
f 790 793 6673
f 793 795 6673
f 855 852 850
f 866 864 6648
f 6648 864 862
f 901 900 6629
f 6629 900 898
f 6718 6719 6554
f 6702 6720 6555
f 6555 6720 6721
f 6722 6723 6699
f 6699 6723 6724
f 994 997 6685
f 997 999 6685
f 782 781 6675
f 6675 781 6673
f 6706 6707 6725
f 6554 6726 6727
f 6721 6728 6555
f 6728 6708 6555
f 6729 6730 6699
f 6699 6730 6731
f 6724 6732 6699
f 6732 6697 6699
f 986 985 6679
f 985 6685 6679
f 6679 6685 6559
f 6685 6733 6559
f 6559 6733 6560
f 988 991 6685
f 991 993 6685
f 6734 6735 6554
f 6736 6737 6554
f 6737 6738 6554
f 6554 6738 6739
f 6727 6740 6554
f 6554 6740 6555
f 6740 6741 6555
f 6555 6741 6701
f 6742 6743 6744
f 6744 6745 6742
f 6742 6745 6746
f 6742 6747 6683
f 6683 6747 6710
f 6711 6748 6683
f 6748 6749 6683
f 6749 6750 6683
f 6683 6750 6712
f 6750 6751 6712
f 6712 6751 6715
f 6751 6716 6715
f 6731 6752 6699
f 6752 6722 6699
f 6678 978 6679
f 6679 979 981
f 981 984 6679
f 984 987 6679
f 6554 6719 6753
f 6739 6754 6554
f 6554 6754 6726
f 6709 3143 6555
f 3143 3144 6555
f 6555 3144 6755
f 3144 3141 6755
f 6755 3141 6743
f 3141 3140 6743
f 6743 3140 6756
f 6746 6757 6742
f 6757 6747 6742
f 6758 6759 6699
f 6759 6760 6699
f 6699 6760 6761
f 6761 6729 6699
f 6735 6762 6554
f 6762 6718 6554
f 6753 6763 6554
f 6763 6736 6554
f 6756 6764 6743
f 6764 6765 6743
f 6743 6765 6766
f 6766 6767 6743
f 6767 6744 6743
f 1009 6759 1035
f 978 977 6679
f 6679 977 980
f 6703 6734 6672
f 6672 6734 6554
f 1037 6758 1058
f 6758 1037 6759
f 6759 1037 1035
f 1010 1009 1028
f 1017 1015 1028
f 1037 1058 1056
f 1010 1028 1012
f 1037 1056 1053
f 1053 1038 1037
f 1035 1032 1009
f 1032 1030 1009
f 1009 1030 1028
f 1015 1012 1028
f 1047 1045 1050
f 1050 1045 1053
f 1045 1042 1053
f 1053 1042 1038
f 1028 1026 1017
f 1026 1024 1017
f 1017 1024 1019
f 1019 1024 1021
f 6768 6769 6079
f 6079 6769 6770
f 6771 6772 6079
f 6772 6773 6079
f 6079 6773 6080
f 6290 6774 6079
f 6774 6775 6079
f 6775 6776 6079
f 6776 6777 6079
f 6777 6778 6079
f 6778 6779 6079
f 6770 6780 6079
f 6079 6780 6771
f 6080 6781 6078
f 6781 6782 6078
f 6782 6783 6078
f 6784 6785 6783
f 6783 6785 6078
f 6786 6768 6079
f 6779 6787 6079
f 6787 6788 6079
f 6788 6789 6079
f 6789 6790 6079
f 6079 6790 6786
f 6791 6792 6793
f 6793 6792 6794
f 6792 6795 6794
f 6794 6795 6783
f 6795 6784 6783
f 976 978 6678
f 6796 5584 5583
f 976 6678 975
f 6682 6796 6680
f 6796 5583 6680
f 6680 5583 6678
f 5583 5475 6678
f 6678 5475 975
f 6797 6798 192
f 6799 6800 194
f 6801 6802 196
f 6803 203 6804
f 203 202 6804
f 6804 202 6805
f 202 201 6805
f 201 200 6805
f 6805 200 6806
f 198 6807 199
f 6807 6808 199
f 6808 6809 199
f 199 6809 200
f 6809 6806 200
f 196 6802 197
f 6802 6810 197
f 6810 6811 197
f 197 6811 198
f 6811 6812 198
f 198 6812 6807
f 194 6800 195
f 6800 6813 195
f 6813 6814 195
f 195 6814 196
f 6814 6815 196
f 196 6815 6801
f 192 6798 193
f 193 6798 6816
f 6816 6817 193
f 6817 6818 193
f 193 6818 194
f 6818 6819 194
f 194 6819 6799
f 191 6820 192
f 6820 6821 192
f 192 6821 6797
f 190 6822 191
f 6822 6823 191
f 6823 6824 191
f 6824 6825 191
f 191 6825 6820
f 6826 6827 189
f 6827 6828 189
f 6828 6829 189
f 6829 6830 189
f 189 6830 190
f 6830 6831 190
f 190 6831 6822
f 187 6832 188
f 6832 6833 188
f 6833 6834 188
f 6834 6835 188
f 188 6835 189
f 6835 6836 189
f 189 6836 6826
f 6837 6838 185
f 185 6838 186
f 6838 6839 186
f 186 6839 187
f 6839 6840 187
f 187 6840 6832
f 184 6841 185
f 185 6841 6837
f 6842 6843 183
f 183 6843 184
f 6843 6844 184
f 184 6844 6841
f 183 182 6842
f 182 181 6842
f 6842 181 6845
f 6845 181 6846
f 181 180 6846
f 6846 180 6847
f 178 6848 179
f 179 6848 180
f 6848 6849 180
f 180 6849 6847
f 177 6850 178
f 6850 6851 178
f 178 6851 6848
f 176 6852 177
f 6852 6853 177
f 177 6853 6850
f 175 6854 176
f 6854 6855 176
f 176 6855 6852
f 174 6856 175
f 6856 6857 175
f 175 6857 6854
f 173 6858 174
f 6858 6859 174
f 174 6859 6856
f 172 6860 173
f 6860 6861 173
f 173 6861 6858
f 171 6862 172
f 6862 6863 172
f 172 6863 6860
f 170 6864 171
f 171 6864 6862
f 6865 6866 169
f 6866 6867 169
f 169 6867 170
f 170 6867 6864
f 6865 169 6868
f 169 168 6868
f 6868 168 6869
f 168 167 6869
f 6869 167 6870
f 166 6871 167
f 6871 6872 167
f 167 6872 6870
f 6873 6874 165
f 6874 6875 165
f 165 6875 166
f 166 6875 6871
f 6873 165 6876
f 165 164 6876
f 6876 164 6877
f 6877 164 6878
f 164 163 6878
f 6878 163 6879
f 6879 163 6880
f 163 162 6880
f 6880 162 6881
f 6881 162 6882
f 162 161 6882
f 6882 161 6883
f 160 6884 161
f 6884 6883 161
f 159 6885 160
f 6885 6886 160
f 160 6886 6884
f 6887 6888 158
f 6888 6889 158
f 158 6889 159
f 6889 6890 159
f 159 6890 6885
f 6887 158 6891
f 158 157 6891
f 6891 157 6892
f 6892 157 6893
f 157 156 6893
f 6893 156 6894
f 6894 156 6895
f 156 155 6895
f 6895 155 6896
f 154 6897 155
f 6897 6898 155
f 155 6898 6896
f 6899 6900 153
f 6900 6901 153
f 153 6901 154
f 6901 6902 154
f 154 6902 6897
f 6903 6904 151
f 151 6904 152
f 6904 6905 152
f 152 6905 153
f 6905 6906 153
f 153 6906 6899
f 6903 151 6907
f 151 150 6907
f 6907 150 6908
f 6908 150 6909
f 150 149 6909
f 6909 149 6910
f 6910 149 6911
f 149 148 6911
f 6911 148 6912
f 147 6913 148
f 6913 6914 148
f 148 6914 6912
f 146 6915 147
f 6915 6916 147
f 147 6916 6913
f 145 6917 146
f 6917 6918 146
f 146 6918 6915
f 6919 6920 216
f 216 6920 145
f 6920 6921 145
f 145 6921 6917
f 6919 216 6922
f 216 215 6922
f 6922 215 6923
f 214 6924 215
f 6924 6925 215
f 215 6925 6923
f 213 212 6926
f 6926 6927 213
f 6927 6928 213
f 213 6928 214
f 6928 6929 214
f 214 6929 6924
f 211 210 6930
f 6930 6931 211
f 6931 6932 211
f 211 6932 212
f 6932 6933 212
f 212 6933 6926
f 209 208 6934
f 6934 6935 209
f 209 6935 210
f 6935 6936 210
f 210 6936 6930
f 207 206 6937
f 6937 6938 207
f 6938 6939 207
f 207 6939 208
f 6939 6940 208
f 208 6940 6934
f 205 204 6941
f 6941 6942 205
f 205 6942 206
f 6942 6943 206
f 206 6943 6937
f 6803 6944 203
f 6944 6945 203
f 203 6945 204
f 6945 6946 204
f 204 6946 6941
f 6947 4203 4202
f 6948 3952 4037
f 4296 4295 6949
f 3952 6948 3953
f 4296 6949 4315
f 4046 5345 4037
f 5345 5344 4037
f 4037 5344 6948
f 6950 6951 5323
f 3959 6950 3960
f 6950 5323 3960
f 3960 5323 4059
f 5323 5358 4059
f 4059 5358 4060
f 5358 5357 4060
f 4060 5357 4061
f 5357 5345 4061
f 4061 5345 4046
f 6951 6952 5323
f 6952 6953 5323
f 5323 6953 6954
f 6954 6955 5323
f 6955 6956 5323
f 5323 6956 5315
f 6956 6957 5315
f 5315 6957 6958
f 6958 6959 5315
f 6959 6960 5315
f 5315 6960 6961
f 6962 5316 6963
f 5316 5315 6963
f 5315 6961 6963
f 6962 6964 5316
f 6964 6965 5316
f 5316 6965 5318
f 6965 6966 5318
f 6967 5320 6968
f 5320 5318 6968
f 6968 5318 6969
f 5318 6966 6969
f 6967 6970 5320
f 6970 6971 5320
f 5320 6971 5277
f 6971 6972 5277
f 6972 6973 5277
f 6973 6974 5277
f 5277 6974 5274
f 6974 6975 5274
f 5274 6975 6976
f 6976 6977 5274
f 6977 6978 5274
f 5274 6978 5269
f 6978 6979 5269
f 5269 6979 6947
f 6947 4202 5269
f 4202 4200 5269
f 5269 4200 5234
f 4200 4227 5234
f 5234 4227 5188
f 4227 4234 5188
f 5188 4234 5126
f 4234 4243 5126
f 5126 4243 5124
f 4243 4162 5124
f 5124 4162 5262
f 4162 4161 5262
f 5262 4161 5260
f 4161 4263 5260
f 5260 4263 5295
f 4263 4262 5295
f 4262 4261 5295
f 5295 4261 5255
f 4261 4291 5255
f 5255 4291 5217
f 4291 4292 5217
f 5217 4292 5152
f 4292 4293 5152
f 5152 4293 5153
f 5153 4293 5005
f 4293 4294 5005
f 5005 4294 5002
f 6948 4315 3953
f 4315 6949 3953
f 3953 6949 4022
f 6949 6038 4022
f 4022 6038 3955
f 6038 3150 3955
f 3955 3150 3956
f 3150 3149 3956
f 3149 3148 3956
f 3148 3147 3956
f 3956 3147 3403
f 6174 6175 6980
f 6981 6573 6982
f 6573 6345 6982
f 6982 6345 6983
f 6345 6450 6983
f 6983 6450 6984
f 6450 6449 6984
f 6984 6449 6985
f 6449 6392 6985
f 6985 6392 6986
f 6392 6431 6986
f 6986 6431 6987
f 6431 6432 6987
f 6987 6432 6988
f 6432 6433 6988
f 6988 6433 6989
f 6433 6386 6989
f 6989 6386 6990
f 6386 6346 6990
f 6990 6346 6991
f 6346 6348 6991
f 6991 6348 6992
f 6348 6352 6992
f 6992 6352 6993
f 6352 6388 6993
f 6993 6388 6994
f 6388 6403 6994
f 6994 6403 6995
f 6403 6418 6995
f 6995 6418 6996
f 6418 6393 6996
f 6996 6393 6997
f 6393 6340 6997
f 6997 6340 6998
f 6340 6339 6998
f 6998 6339 6999
f 6339 6338 6999
f 6999 6338 7000
f 6338 6337 7000
f 7000 6337 7001
f 6337 6314 7001
f 7001 6314 7002
f 6314 6313 7002
f 7002 6313 7003
f 6313 6292 7003
f 7003 6292 7004
f 6292 6293 7004
f 7004 6293 7005
f 6293 6294 7005
f 7005 6294 7006
f 6294 6111 7006
f 7006 6111 7007
f 6111 6108 7007
f 7007 6108 7008
f 6108 6112 7008
f 7008 6112 7009
f 6112 6124 7009
f 7009 6124 7010
f 6124 6131 7010
f 7010 6131 7011
f 6131 6160 7011
f 7011 6160 7012
f 6160 6165 7012
f 7012 6165 7013
f 6165 6141 7013
f 7013 6141 7014
f 6141 6115 7014
f 7014 6115 7015
f 6115 6126 7015
f 7015 6126 7016
f 6126 6118 7016
f 7016 6118 7017
f 6118 6120 7017
f 7017 6120 7018
f 6120 6275 7018
f 7018 6275 7019
f 6275 6259 7019
f 7019 6259 7020
f 6259 6258 7020
f 7020 6258 7021
f 6258 6171 7021
f 7021 6171 7022
f 6171 6172 7022
f 7022 6172 7023
f 6172 6173 7023
f 7023 6173 7024
f 6173 6174 7024
f 7024 6174 7025
f 6174 6980 7025
f 6175 6622 6980
f 6622 6496 6980
f 6980 6496 7026
f 6496 6494 7026
f 7026 6494 7027
f 6494 6501 7027
f 7027 6501 7028
f 6501 6499 7028
f 7028 6499 7029
f 6499 6511 7029
f 7029 6511 7030
f 6511 6481 7030
f 7030 6481 7031
f 6481 6487 7031
f 7031 6487 7032
f 6487 6529 7032
f 7032 6529 7033
f 6529 6528 7033
f 7033 6528 7034
f 6528 6555 7034
f 7034 6555 7035
f 6555 6755 7035
f 7035 6755 7036
f 6755 6743 7036
f 7036 6743 7037
f 6743 6742 7037
f 7037 6742 7038
f 6742 6683 7038
f 7038 6683 7039
f 6683 6681 7039
f 7039 6681 7040
f 6681 6679 7040
f 7040 6679 7041
f 6679 6559 7041
f 7041 6559 7042
f 6559 6558 7042
f 7042 6558 7043
f 6558 6561 7043
f 7043 6561 7044
f 6561 6563 7044
f 7044 6563 7045
f 6563 6567 7045
f 7045 6567 7046
f 6567 6610 7046
f 7046 6610 7047
f 6610 6614 7047
f 7047 6614 7048
f 6614 6637 7048
f 7048 6637 7049
f 6637 6618 7049
f 7049 6618 7050
f 6618 6571 7050
f 7050 6571 7051
f 6571 6570 7051
f 7051 6570 6981
f 6570 6574 6981
f 6981 6574 6573
f 5778 5776 7052
f 7053 7054 7055
f 4086 4085 7056
f 7057 4074 4075
f 7058 7059 7060
f 7061 5775 5779
f 7062 7063 7064
f 7060 7059 7065
f 7066 7067 7068
f 7069 7070 7071
f 7072 7073 7074
f 7073 1526 7074
f 7074 1526 1522
f 1522 1524 7074
f 1524 1523 7074
f 7074 1523 1515
f 1515 1518 7074
f 1518 1509 7074
f 7074 1509 1511
f 1541 1535 7073
f 1535 1537 7073
f 7073 1537 1533
f 1533 1532 7073
f 7073 1532 1526
f 1419 1475 7075
f 7075 1475 1476
f 1476 1544 7075
f 1544 1542 7075
f 7075 1542 1541
f 4088 4087 7076
f 4087 4094 7076
f 7076 4094 7077
f 4094 1430 7077
f 7077 1430 1421
f 3581 3720 5757
f 3575 7078 3576
f 3576 7079 3577
f 3577 7079 3571
f 3571 7079 3573
f 7079 7080 3573
f 3573 7080 3684
f 3684 7080 3566
f 7080 7081 3566
f 3566 7081 3567
f 7082 3565 7081
f 3565 3569 7081
f 7081 3569 3567
f 3559 3561 7083
f 3561 3563 7083
f 1511 1508 7074
f 1508 1506 7074
f 7074 1506 3552
f 3565 7084 7085
f 7084 7086 7085
f 7085 7086 7087
f 7070 7069 7088
f 7069 7089 7088
f 7088 7089 7090
f 3575 3580 7078
f 3580 7091 7078
f 7078 7091 7092
f 7092 5760 5761
f 3565 7082 7084
f 7084 7082 7086
f 7082 7081 7086
f 7086 7081 7093
f 7081 7080 7093
f 7093 7080 7094
f 7080 7079 7094
f 7094 7079 7095
f 7079 3576 7095
f 7095 3576 7096
f 3576 7078 7096
f 7096 7078 7097
f 7078 7092 7097
f 7097 7092 7098
f 7092 5761 7098
f 7098 5761 5763
f 3580 3581 7091
f 3581 5757 7091
f 7091 5757 7092
f 5757 5759 7092
f 7092 5759 5760
f 7071 7099 7069
f 7099 7100 7069
f 7069 7100 7089
f 7100 7101 7089
f 7089 7101 7102
f 7101 7103 7102
f 7102 7103 7104
f 7103 7105 7104
f 7104 7105 7106
f 7105 7107 7106
f 7108 7107 7109
f 7107 7105 7109
f 7109 7105 7110
f 7105 7103 7110
f 7110 7103 7111
f 7103 7101 7111
f 7111 7101 7112
f 7101 7100 7112
f 7112 7100 7113
f 7100 7099 7113
f 7114 7115 7116
f 7115 7117 7116
f 7116 7117 7118
f 7117 7119 7118
f 7118 7119 7120
f 7119 7121 7120
f 7120 7121 7122
f 7123 7124 7122
f 7115 7125 7117
f 7125 7126 7117
f 7117 7126 7119
f 7126 7127 7119
f 7119 7127 7121
f 7127 7128 7121
f 7129 7130 7124
f 5771 7126 5765
f 7126 7125 5765
f 5765 7125 5766
f 7125 5763 5766
f 7071 7066 7099
f 7066 7131 7099
f 7099 7131 7113
f 7131 7132 7113
f 7113 7132 7112
f 7132 7133 7112
f 7112 7133 7111
f 7133 7134 7111
f 7111 7134 7110
f 7134 7135 7110
f 7110 7135 7109
f 7135 7136 7109
f 7109 7136 7108
f 7066 7068 7131
f 7068 7137 7131
f 7131 7137 7132
f 7137 7138 7132
f 7132 7138 7133
f 7138 7139 7133
f 7133 7139 7134
f 7139 7140 7134
f 7134 7140 7135
f 7140 7141 7135
f 7135 7141 7136
f 7142 7062 7143
f 7144 7145 7146
f 7145 7147 7146
f 7130 7148 7149
f 7148 7150 7149
f 7149 7150 7151
f 7124 7123 7129
f 7123 7052 7129
f 7129 7052 7061
f 7052 5776 7061
f 7061 5776 5775
f 7062 7064 7143
f 7064 7151 7143
f 7143 7151 7152
f 7151 7150 7152
f 7152 7150 7153
f 7150 5781 7153
f 7153 5781 5783
f 7130 7129 7148
f 7129 7061 7148
f 7148 7061 7150
f 7061 5779 7150
f 7150 5779 5781
f 5790 7154 7144
f 7154 7155 7144
f 7144 7155 7145
f 7156 5785 7146
f 5785 5784 7146
f 7146 5784 7144
f 5784 5788 7144
f 7144 5788 5790
f 7142 7143 7157
f 7143 7152 7157
f 7157 7152 7158
f 7152 7153 7158
f 7158 7153 7159
f 7153 5783 7159
f 7159 5783 5787
f 7160 7161 4080
f 4080 7161 4077
f 4077 7161 4075
f 7161 7162 4075
f 7163 7164 7165
f 7164 7166 7165
f 7165 7166 7167
f 7168 7058 7169
f 7058 7060 7169
f 7169 7060 7063
f 7060 7065 7063
f 7063 7065 7064
f 4075 7162 7057
f 7162 7170 7057
f 7057 7170 7171
f 4074 7057 4072
f 7057 7171 4072
f 4072 7171 4070
f 7171 7155 4070
f 4070 7155 4096
f 5787 5785 7159
f 5785 7156 7159
f 7159 7156 7158
f 7156 7146 7158
f 7158 7146 7157
f 7146 7147 7157
f 7157 7147 7142
f 7147 7172 7142
f 7142 7172 7062
f 7172 7173 7062
f 7062 7173 7063
f 7173 7167 7063
f 7063 7167 7169
f 7167 7166 7169
f 7169 7166 7168
f 7166 7164 7168
f 4088 7076 4090
f 7076 7174 4090
f 4090 7174 4092
f 7174 7175 4092
f 4092 7175 4093
f 1541 7073 7075
f 7075 7073 7176
f 7073 7072 7176
f 7176 7072 7177
f 4093 7175 4068
f 7175 7178 4068
f 4068 7178 4069
f 7179 7178 7180
f 7178 7175 7180
f 7180 7175 7181
f 7175 7174 7181
f 7181 7174 7182
f 7174 7076 7182
f 7182 7076 7183
f 7076 7077 7183
f 7183 7077 7184
f 7077 1421 7184
f 4085 4110 7185
f 7185 4110 4069
f 4080 4079 7160
f 4079 4084 7160
f 7160 4084 7186
f 7186 4084 7187
f 4084 4082 7187
f 7187 4082 4086
f 4085 7185 7056
f 7185 7188 7056
f 7056 7188 7189
f 7188 7190 7189
f 7189 7190 7191
f 7190 7192 7191
f 7191 7192 7193
f 7054 7053 7194
f 7053 7195 7194
f 7194 7195 7196
f 7195 7197 7196
f 7196 7197 7198
f 4086 7056 7187
f 7056 7189 7187
f 7187 7189 7186
f 7189 7191 7186
f 7186 7191 7160
f 7191 7193 7160
f 7160 7193 7161
f 7193 7199 7161
f 7161 7199 7162
f 7199 7200 7162
f 7162 7200 7170
f 7201 7202 7203
f 7202 7204 7203
f 7203 7204 7205
f 7204 7206 7205
f 7205 7206 7207
f 7208 7209 7210
f 7209 7211 7210
f 7210 7211 7212
f 7211 7213 7212
f 7212 7213 7214
f 7215 7216 7217
f 7216 7218 7217
f 7217 7218 7219
f 7218 7220 7219
f 7219 7220 7221
f 7220 7222 7221
f 7221 7222 7223
f 7222 7224 7223
f 7223 7224 7225
f 3558 3559 7226
f 3559 7227 7226
f 7226 7227 7228
f 7227 7215 7228
f 7228 7215 7090
f 7215 7217 7090
f 7090 7217 7088
f 7217 7219 7088
f 7088 7219 7070
f 7219 7221 7070
f 7070 7221 7071
f 7221 7223 7071
f 7071 7223 7066
f 7223 7225 7066
f 7066 7225 7067
f 5763 7125 7098
f 7125 7115 7098
f 7098 7115 7097
f 7115 7114 7097
f 7097 7114 7096
f 7114 7229 7096
f 7096 7229 7095
f 7229 7230 7095
f 7095 7230 7094
f 7230 7231 7094
f 7094 7231 7093
f 7231 7232 7093
f 7093 7232 7086
f 7232 7233 7086
f 7086 7233 7087
f 7233 7083 7087
f 7087 7083 7085
f 7083 3563 7085
f 7085 3563 3565
f 7234 7055 7235
f 7055 7054 7235
f 7235 7054 7236
f 7054 7194 7236
f 7236 7194 7237
f 7194 7196 7237
f 7237 7196 7238
f 7196 7198 7238
f 7238 7198 7239
f 7240 7234 7241
f 7234 7235 7241
f 7241 7235 7242
f 7235 7236 7242
f 7242 7236 7207
f 7236 7237 7207
f 7207 7237 7205
f 7237 7238 7205
f 7205 7238 7203
f 7238 7239 7203
f 7203 7239 7201
f 7202 7208 7204
f 7208 7210 7204
f 7204 7210 7206
f 7210 7212 7206
f 7206 7212 7207
f 7212 7214 7207
f 7207 7214 7242
f 7214 7243 7242
f 7242 7243 7241
f 7243 7244 7241
f 7241 7244 7240
f 7244 7245 7240
f 7197 7177 7198
f 7177 7072 7198
f 7198 7072 7239
f 7072 7074 7239
f 7239 7074 7201
f 7074 3552 7201
f 7201 3552 7202
f 3552 3556 7202
f 7202 3556 7208
f 3556 3558 7208
f 7208 3558 7209
f 3558 7226 7209
f 7209 7226 7211
f 7226 7228 7211
f 7211 7228 7213
f 7228 7090 7213
f 7213 7090 7214
f 7090 7089 7214
f 7214 7089 7243
f 7089 7102 7243
f 7243 7102 7244
f 7102 7104 7244
f 7244 7104 7245
f 7104 7106 7245
f 4069 7178 7185
f 7178 7179 7185
f 7185 7179 7188
f 7179 7246 7188
f 7188 7246 7190
f 7246 7163 7190
f 7190 7163 7192
f 7163 7165 7192
f 7192 7165 7193
f 7165 7167 7193
f 7193 7167 7199
f 7167 7173 7199
f 7199 7173 7200
f 7173 7172 7200
f 7200 7172 7170
f 7172 7147 7170
f 7170 7147 7171
f 7147 7145 7171
f 7171 7145 7155
f 7154 4096 7155
f 5790 4096 7154
f 5771 5770 7126
f 5770 5768 7126
f 7126 5768 7127
f 5768 5767 7127
f 7127 5767 7128
f 5767 5772 7128
f 7128 5772 5774
f 7122 7121 7123
f 7121 7128 7123
f 7123 7128 7052
f 7128 5774 7052
f 7052 5774 5778
f 1421 1419 7184
f 1419 7075 7184
f 7184 7075 7183
f 7075 7176 7183
f 7183 7176 7182
f 7176 7177 7182
f 7182 7177 7181
f 7177 7197 7181
f 7181 7197 7180
f 7197 7195 7180
f 7180 7195 7179
f 7195 7053 7179
f 7179 7053 7246
f 7053 7055 7246
f 7246 7055 7163
f 7055 7234 7163
f 7163 7234 7164
f 7234 7240 7164
f 7164 7240 7168
f 7240 7245 7168
f 7168 7245 7058
f 7245 7106 7058
f 7058 7106 7059
f 7106 7107 7059
f 7059 7107 7065
f 7107 7108 7065
f 7065 7108 7064
f 7108 7136 7064
f 7064 7136 7151
f 7136 7141 7151
f 7151 7141 7149
f 7141 7140 7149
f 7149 7140 7130
f 7140 7139 7130
f 7130 7139 7124
f 7139 7138 7124
f 7124 7138 7122
f 7138 7137 7122
f 7122 7137 7120
f 7137 7068 7120
f 7120 7068 7118
f 7068 7067 7118
f 7118 7067 7116
f 7067 7225 7116
f 7116 7225 7114
f 7225 7224 7114
f 7114 7224 7229
f 7224 7222 7229
f 7229 7222 7230
f 7222 7220 7230
f 7230 7220 7231
f 7220 7218 7231
f 7231 7218 7232
f 7218 7216 7232
f 7232 7216 7233
f 7216 7215 7233
f 7233 7215 7083
f 7215 7227 7083
f 7083 7227 3559
f 4904 4303 3446
f 4303 4302 3446
f 3446 4302 4310
f 4986 4987 7247
f 4345 4347 7248
f 7249 4386 4387
f 4386 7249 4385
f 7249 7250 4385
f 4385 7250 4383
f 4381 4379 7251
f 4379 4377 7251
f 7251 4377 7252
f 4377 4376 7252
f 7252 4376 7250
f 4376 4383 7250
f 4381 7251 4382
f 7251 7253 4382
f 4382 7253 4374
f 7253 7254 4374
f 4374 7254 4375
f 7255 4367 7256
f 4367 4369 7256
f 7256 4369 7257
f 4369 4372 7257
f 7257 4372 7254
f 4372 4371 7254
f 7254 4371 4375
f 7258 4363 7255
f 4363 4365 7255
f 7255 4365 4367
f 4360 4331 7259
f 4331 4330 7259
f 7259 4330 7258
f 4330 4361 7258
f 7258 4361 4363
f 4360 7259 4333
f 7259 7260 4333
f 4333 7260 4334
f 7260 7261 4334
f 4334 7261 4473
f 7261 7262 4473
f 4473 7262 4359
f 7262 7263 4359
f 4359 7263 4358
f 4358 7263 4357
f 7263 7264 4357
f 4357 7264 4356
f 4356 7264 4354
f 7264 7265 4354
f 4354 7265 4353
f 4353 7265 4351
f 7265 7266 4351
f 4351 7266 4350
f 7248 4347 7266
f 4347 4348 7266
f 7266 4348 4350
f 4345 7248 4343
f 7248 7267 4343
f 4343 7267 4336
f 7267 7268 4336
f 4336 7268 4337
f 4337 7268 4342
f 7268 7269 4342
f 4342 7269 4341
f 4341 7269 4339
f 7269 6050 4339
f 4339 6050 3134
f 4992 4993 5408
f 4990 4991 7270
f 4988 4989 7271
f 7272 4985 4986
f 4982 4983 7273
f 4983 4984 7273
f 4980 4981 7274
f 4981 4982 7274
f 4980 7249 4979
f 7249 4387 4979
f 4979 4387 4388
f 4992 5408 7275
f 5408 5398 7275
f 7275 5398 7276
f 5398 5397 7276
f 7276 5397 7277
f 5397 5396 7277
f 7277 5396 7278
f 5396 5395 7278
f 7278 5395 7279
f 5395 5394 7279
f 7279 5394 7280
f 5394 5393 7280
f 7280 5393 7281
f 5393 5384 7281
f 7281 5384 7282
f 5384 5421 7282
f 7282 5421 7283
f 5421 5420 7283
f 7283 5420 7284
f 5420 5419 7284
f 7284 5419 7285
f 5419 5418 7285
f 7285 5418 7286
f 5418 5417 7286
f 7286 5417 7287
f 5417 5416 7287
f 7287 5416 7288
f 5416 5415 7288
f 7288 5415 7289
f 5415 5414 7289
f 7289 5414 7290
f 5414 5412 7290
f 7290 5412 7291
f 5412 5411 7291
f 7291 5411 7292
f 5411 5413 7292
f 7292 5413 7293
f 5413 5386 7293
f 7293 5386 7294
f 5386 5385 7294
f 7294 5385 7295
f 5385 5383 7295
f 7295 5383 7296
f 4990 7270 7297
f 7270 7298 7297
f 7297 7298 7299
f 7298 7300 7299
f 7299 7300 7301
f 7300 7302 7301
f 7301 7302 7303
f 7302 7304 7303
f 7303 7304 7305
f 7304 7306 7305
f 7305 7306 7307
f 7306 7308 7307
f 7307 7308 7309
f 7308 7310 7309
f 7309 7310 7311
f 7310 7312 7311
f 7311 7312 7313
f 7312 7314 7313
f 7313 7314 7315
f 7314 7316 7315
f 7315 7316 7317
f 7316 7318 7317
f 7317 7318 7319
f 7318 7320 7319
f 7319 7320 7321
f 7320 7322 7321
f 7321 7322 7323
f 7322 7324 7323
f 7323 7324 7325
f 7324 7326 7325
f 7325 7326 7327
f 7326 7328 7327
f 7327 7328 7329
f 7328 7330 7329
f 7329 7330 7331
f 7330 7332 7331
f 7331 7332 7333
f 7332 7334 7333
f 7333 7334 7335
f 7334 7336 7335
f 7335 7336 7337
f 7336 7338 7337
f 7337 7338 7339
f 4988 7271 7340
f 7271 7341 7340
f 7340 7341 7342
f 7341 7343 7342
f 7342 7343 7344
f 7343 7345 7344
f 7344 7345 7346
f 7345 7347 7346
f 7346 7347 7348
f 7347 7349 7348
f 7348 7349 7350
f 7349 7351 7350
f 7350 7351 7352
f 7351 7353 7352
f 7352 7353 7354
f 7353 7355 7354
f 7354 7355 7356
f 7355 7357 7356
f 7356 7357 7358
f 7357 7359 7358
f 7358 7359 7360
f 7359 7361 7360
f 7360 7361 7362
f 7361 7363 7362
f 7362 7363 7364
f 7363 7365 7364
f 7364 7365 7366
f 7365 7367 7366
f 7366 7367 7368
f 7367 7369 7368
f 7368 7369 7370
f 7369 7371 7370
f 7370 7371 7372
f 7371 7373 7372
f 7372 7373 7374
f 7373 7375 7374
f 7374 7375 7376
f 7375 7377 7376
f 7376 7377 7378
f 7377 7379 7378
f 7378 7379 7380
f 7379 7381 7380
f 7380 7381 7382
f 4986 7247 7272
f 7247 7383 7272
f 7272 7383 7384
f 7383 7385 7384
f 7384 7385 7386
f 7385 7387 7386
f 7386 7387 7388
f 7387 7389 7388
f 7388 7389 7390
f 7389 7391 7390
f 7390 7391 7392
f 7391 7393 7392
f 7392 7393 7394
f 7393 7395 7394
f 7394 7395 7396
f 7395 7397 7396
f 7396 7397 7398
f 7397 7399 7398
f 7398 7399 7400
f 7399 7401 7400
f 7400 7401 7402
f 7401 7403 7402
f 7402 7403 7404
f 7403 7405 7404
f 7404 7405 7406
f 7405 7407 7406
f 7406 7407 7408
f 7407 7409 7408
f 7408 7409 7410
f 7409 7411 7410
f 7410 7411 7412
f 7411 7413 7412
f 7412 7413 7414
f 7413 7415 7414
f 7414 7415 7416
f 7415 7417 7416
f 7416 7417 7418
f 7417 7419 7418
f 7418 7419 7420
f 7419 7421 7420
f 7420 7421 7422
f 7421 7423 7422
f 7422 7423 7424
f 4982 7273 7274
f 7273 7425 7274
f 7274 7425 7426
f 7425 7427 7426
f 7426 7427 7428
f 7427 7429 7428
f 7428 7429 7430
f 7429 7431 7430
f 7430 7431 7432
f 7431 7433 7432
f 7432 7433 7434
f 7433 7435 7434
f 7434 7435 7436
f 7435 7437 7436
f 7436 7437 7438
f 7437 7439 7438
f 7438 7439 7440
f 7439 7441 7440
f 7440 7441 7442
f 7441 7443 7442
f 7442 7443 7444
f 7443 7445 7444
f 7444 7445 7446
f 7445 7447 7446
f 7446 7447 7448
f 7447 7449 7448
f 7448 7449 7450
f 7449 7451 7450
f 7450 7451 7452
f 7451 7453 7452
f 7452 7453 7454
f 7453 7455 7454
f 7454 7455 7456
f 7455 7457 7456
f 7456 7457 7458
f 7457 7459 7458
f 7458 7459 7460
f 7459 7461 7460
f 7460 7461 7462
f 7461 7463 7462
f 7462 7463 7464
f 7463 7465 7464
f 7464 7465 7466
f 5383 5369 6077
f 5383 6077 7296
f 7296 6077 6075
f 6075 7338 7296
f 7338 7336 7296
f 7296 7336 7295
f 7336 7334 7295
f 7295 7334 7294
f 7334 7332 7294
f 7294 7332 7293
f 7332 7330 7293
f 7293 7330 7292
f 7330 7328 7292
f 7292 7328 7291
f 7328 7326 7291
f 7291 7326 7290
f 7326 7324 7290
f 7290 7324 7289
f 7324 7322 7289
f 7289 7322 7288
f 7322 7320 7288
f 7288 7320 7287
f 7320 7318 7287
f 7287 7318 7286
f 7318 7316 7286
f 7286 7316 7285
f 7316 7314 7285
f 7285 7314 7284
f 7314 7312 7284
f 7284 7312 7283
f 7312 7310 7283
f 7283 7310 7282
f 7310 7308 7282
f 7282 7308 7281
f 7308 7306 7281
f 7281 7306 7280
f 7306 7304 7280
f 7280 7304 7279
f 7304 7302 7279
f 7279 7302 7278
f 7302 7300 7278
f 7278 7300 7277
f 7300 7298 7277
f 7277 7298 7276
f 7298 7270 7276
f 7276 7270 7275
f 7270 4991 7275
f 7275 4991 4992
f 6075 6074 7338
f 6074 6072 7338
f 7338 6072 7339
f 7339 6072 6070
f 6070 7381 7339
f 7381 7379 7339
f 7339 7379 7337
f 7379 7377 7337
f 7337 7377 7335
f 7377 7375 7335
f 7335 7375 7333
f 7375 7373 7333
f 7333 7373 7331
f 7373 7371 7331
f 7331 7371 7329
f 7371 7369 7329
f 7329 7369 7327
f 7369 7367 7327
f 7327 7367 7325
f 7367 7365 7325
f 7325 7365 7323
f 7365 7363 7323
f 7323 7363 7321
f 7363 7361 7321
f 7321 7361 7319
f 7361 7359 7319
f 7319 7359 7317
f 7359 7357 7317
f 7317 7357 7315
f 7357 7355 7315
f 7315 7355 7313
f 7355 7353 7313
f 7313 7353 7311
f 7353 7351 7311
f 7311 7351 7309
f 7351 7349 7309
f 7309 7349 7307
f 7349 7347 7307
f 7307 7347 7305
f 7347 7345 7305
f 7305 7345 7303
f 7345 7343 7303
f 7303 7343 7301
f 7343 7341 7301
f 7301 7341 7299
f 7341 7271 7299
f 7299 7271 7297
f 7271 4989 7297
f 7297 4989 4990
f 6070 6069 7381
f 6069 6067 7381
f 7381 6067 7382
f 7382 6067 6065
f 6065 7423 7382
f 7423 7421 7382
f 7382 7421 7380
f 7421 7419 7380
f 7380 7419 7378
f 7419 7417 7378
f 7378 7417 7376
f 7417 7415 7376
f 7376 7415 7374
f 7415 7413 7374
f 7374 7413 7372
f 7413 7411 7372
f 7372 7411 7370
f 7411 7409 7370
f 7370 7409 7368
f 7409 7407 7368
f 7368 7407 7366
f 7407 7405 7366
f 7366 7405 7364
f 7405 7403 7364
f 7364 7403 7362
f 7403 7401 7362
f 7362 7401 7360
f 7401 7399 7360
f 7360 7399 7358
f 7399 7397 7358
f 7358 7397 7356
f 7397 7395 7356
f 7356 7395 7354
f 7395 7393 7354
f 7354 7393 7352
f 7393 7391 7352
f 7352 7391 7350
f 7391 7389 7350
f 7350 7389 7348
f 7389 7387 7348
f 7348 7387 7346
f 7387 7385 7346
f 7346 7385 7344
f 7385 7383 7344
f 7344 7383 7342
f 7383 7247 7342
f 7342 7247 7340
f 7247 4987 7340
f 7340 4987 4988
f 6065 6064 7423
f 6064 6062 7423
f 7423 6062 7424
f 6062 6061 7424
f 7424 6061 6059
f 6059 7465 7424
f 7465 7463 7424
f 7424 7463 7422
f 7463 7461 7422
f 7422 7461 7420
f 7461 7459 7420
f 7420 7459 7418
f 7459 7457 7418
f 7418 7457 7416
f 7457 7455 7416
f 7416 7455 7414
f 7455 7453 7414
f 7414 7453 7412
f 7453 7451 7412
f 7412 7451 7410
f 7451 7449 7410
f 7410 7449 7408
f 7449 7447 7408
f 7408 7447 7406
f 7447 7445 7406
f 7406 7445 7404
f 7445 7443 7404
f 7404 7443 7402
f 7443 7441 7402
f 7402 7441 7400
f 7441 7439 7400
f 7400 7439 7398
f 7439 7437 7398
f 7398 7437 7396
f 7437 7435 7396
f 7396 7435 7394
f 7435 7433 7394
f 7394 7433 7392
f 7433 7431 7392
f 7392 7431 7390
f 7431 7429 7390
f 7390 7429 7388
f 7429 7427 7388
f 7388 7427 7386
f 7427 7425 7386
f 7386 7425 7384
f 7425 7273 7384
f 7384 7273 7272
f 7273 4984 7272
f 7272 4984 4985
f 6059 6057 7465
f 6057 6055 7465
f 7465 6055 7466
f 6055 6054 7466
f 7466 6054 6052
f 4980 7274 7249
f 7274 7426 7249
f 7249 7426 7250
f 7426 7428 7250
f 7250 7428 7252
f 7428 7430 7252
f 7252 7430 7251
f 7430 7432 7251
f 7251 7432 7253
f 7432 7434 7253
f 7253 7434 7254
f 7434 7436 7254
f 7254 7436 7257
f 7436 7438 7257
f 7257 7438 7256
f 7438 7440 7256
f 7256 7440 7255
f 7440 7442 7255
f 7255 7442 7258
f 7442 7444 7258
f 7258 7444 7259
f 7444 7446 7259
f 7259 7446 7260
f 7446 7448 7260
f 7260 7448 7261
f 7448 7450 7261
f 7261 7450 7262
f 7450 7452 7262
f 7262 7452 7263
f 7452 7454 7263
f 7263 7454 7264
f 7454 7456 7264
f 7264 7456 7265
f 7456 7458 7265
f 7265 7458 7266
f 7458 7460 7266
f 7266 7460 7248
f 7460 7462 7248
f 7248 7462 7267
f 7462 7464 7267
f 7267 7464 7268
f 7464 7466 7268
f 7268 7466 7269
f 7466 6052 7269
f 7269 6052 6050
f 6859 6858 7467
f 7468 7469 6837
f 7469 7470 6837
f 6837 7470 6838
f 6835 6834 7471
f 6834 6833 7471
f 7471 6833 7472
f 6833 6832 7472
f 7472 6832 7473
f 6832 6840 7473
f 7473 6840 7470
f 6840 6839 7470
f 7470 6839 6838
f 6835 7471 6836
f 7471 7474 6836
f 6836 7474 7475
f 7476 6830 7477
f 6830 6829 7477
f 7477 6829 7478
f 6829 6828 7478
f 7478 6828 7479
f 6828 6827 7479
f 7479 6827 7475
f 6827 6826 7475
f 7475 6826 6836
f 6824 6823 7480
f 7480 6823 7481
f 6823 6822 7481
f 7481 6822 7476
f 6822 6831 7476
f 7476 6831 6830
f 7482 6821 7483
f 6821 6820 7483
f 7483 6820 7480
f 6820 6825 7480
f 7480 6825 6824
f 7484 6816 7485
f 6816 6798 7485
f 7485 6798 7486
f 7486 6798 7482
f 6798 6797 7482
f 7482 6797 6821
f 7487 7488 7489
f 6819 6818 7484
f 6818 6817 7484
f 7484 6817 6816
f 7484 7490 6819
f 7490 7491 6819
f 6819 7491 6799
f 7491 6800 6799
f 6800 7491 6813
f 7491 7492 6813
f 6813 7492 6814
f 7492 7493 6814
f 6814 7493 6815
f 7493 7494 6815
f 6815 7494 6801
f 6801 7494 6802
f 7494 7495 6802
f 6802 7495 6810
f 7489 7496 7497
f 7496 7498 7497
f 7499 7500 7501
f 6810 7495 6811
f 7495 7502 6811
f 6811 7502 6812
f 7502 7503 6812
f 6812 7503 6807
f 7501 7500 7504
f 7505 6808 7503
f 6808 6807 7503
f 7506 7507 6805
f 6805 6806 7506
f 7506 6806 7505
f 6806 6809 7505
f 7505 6809 6808
f 7508 6803 7509
f 6803 6804 7509
f 7509 6804 7507
f 6804 6805 7507
f 7510 6945 7508
f 6945 6944 7508
f 7508 6944 6803
f 7511 7512 7513
f 7513 7512 7514
f 6942 6941 7515
f 7515 6941 7510
f 6941 6946 7510
f 7510 6946 6945
f 6942 7515 6943
f 7515 7516 6943
f 6943 7516 6937
f 7516 7517 6937
f 6937 7517 6938
f 6938 7517 6939
f 7517 7518 6939
f 6939 7518 6940
f 7519 6935 7518
f 6935 6934 7518
f 7518 6934 6940
f 6935 7519 6936
f 7519 7520 6936
f 6936 7520 6930
f 7520 7521 6930
f 6930 7521 6931
f 7522 7523 7524
f 7524 7523 7525
f 6931 7521 6932
f 7521 7526 6932
f 6932 7526 6933
f 6933 7526 6926
f 7526 7527 6926
f 6926 7527 6927
f 6927 7527 6928
f 7527 7528 6928
f 6928 7528 6929
f 6929 7528 6924
f 7528 7529 6924
f 6924 7529 6925
f 6925 7529 6923
f 7529 7530 6923
f 6923 7530 6922
f 7530 7531 6922
f 6922 7531 6919
f 7532 6921 7533
f 6921 6920 7533
f 7533 6920 7531
f 6920 6919 7531
f 7534 6918 7532
f 6918 6917 7532
f 7532 6917 6921
f 7535 6913 7536
f 6913 6916 7536
f 7536 6916 7534
f 6916 6915 7534
f 7534 6915 6918
f 7537 6912 7535
f 6912 6914 7535
f 7535 6914 6913
f 7538 6910 7537
f 6910 6911 7537
f 7537 6911 6912
f 6903 6907 7539
f 7539 6907 7540
f 6907 6908 7540
f 7540 6908 7538
f 6908 6909 7538
f 7538 6909 6910
f 6903 7539 6904
f 7539 7541 6904
f 6904 7541 6905
f 7541 7542 6905
f 6905 7542 6906
f 7542 7543 6906
f 6906 7543 6899
f 7544 6897 7545
f 6897 6902 7545
f 7545 6902 7546
f 6902 6901 7546
f 7546 6901 7543
f 6901 6900 7543
f 7543 6900 6899
f 7547 6896 7544
f 6896 6898 7544
f 7544 6898 6897
f 7548 6894 7547
f 6894 6895 7547
f 7547 6895 6896
f 7549 6892 7548
f 6892 6893 7548
f 7548 6893 6894
f 7550 6888 7551
f 6888 6887 7551
f 7551 6887 7549
f 6887 6891 7549
f 7549 6891 6892
f 7552 6890 7550
f 6890 6889 7550
f 7550 6889 6888
f 7553 6886 7552
f 6886 6885 7552
f 7552 6885 6890
f 6881 6882 7554
f 6882 6883 7554
f 7554 6883 7555
f 7555 6883 7553
f 6883 6884 7553
f 7553 6884 6886
f 6881 7554 6880
f 7554 7556 6880
f 6880 7556 6879
f 7556 7557 6879
f 6879 7557 6878
f 6878 7557 6877
f 7557 7558 6877
f 6877 7558 6876
f 6876 7558 6873
f 7558 7559 6873
f 6873 7559 6874
f 7559 7560 6874
f 6874 7560 6875
f 7561 7562 7563
f 7562 7564 7563
f 7563 7564 7565
f 6869 6870 7566
f 7566 6870 7567
f 6870 6872 7567
f 7567 6872 7568
f 6872 6871 7568
f 7568 6871 7560
f 6871 6875 7560
f 6869 7566 6868
f 7566 7569 6868
f 6868 7569 6865
f 7569 7570 6865
f 6865 7570 6866
f 7570 7571 6866
f 6866 7571 6867
f 7572 7573 6862
f 6862 6864 7572
f 7572 6864 7571
f 6864 6867 7571
f 7574 7575 7576
f 7576 7575 7577
f 7575 7578 7577
f 7579 7580 7581
f 7467 6858 7582
f 6858 6861 7582
f 6861 6860 7582
f 7582 6860 7573
f 6860 6863 7573
f 7573 6863 6862
f 6859 7467 6856
f 7467 7583 6856
f 6856 7583 6857
f 7583 7584 6857
f 6857 7584 6854
f 6854 7584 6855
f 7584 7585 6855
f 6855 7585 6852
f 7580 7586 7581
f 7587 7588 7589
f 6852 7585 6853
f 7585 7590 6853
f 6853 7590 6850
f 7591 6848 7592
f 7592 6848 7590
f 6848 6851 7590
f 7590 6851 6850
f 7593 6847 7591
f 6847 6849 7591
f 7591 6849 6848
f 7594 7595 7596
f 7556 7554 7597
f 7554 7555 7597
f 7519 7518 7598
f 7518 7517 7598
f 7598 7517 7599
f 7517 7516 7599
f 7599 7516 7600
f 7516 7515 7600
f 7495 7494 7601
f 7494 7493 7601
f 7481 7476 7477
f 6842 6845 7602
f 7602 6845 7593
f 6845 6846 7593
f 7593 6846 6847
f 7603 7604 7605
f 7604 7606 7605
f 7607 7608 7609
f 7608 7610 7609
f 7610 7611 7609
f 7612 7613 7611
f 7613 7614 7611
f 7611 7614 7609
f 7614 7615 7609
f 7609 7615 7607
f 7615 7616 7607
f 7616 7617 7618
f 7617 7619 7618
f 7619 7620 7618
f 7605 7621 7603
f 7621 7622 7603
f 7623 7624 7586
f 7624 7581 7586
f 7579 7625 7578
f 7625 7577 7578
f 7561 7626 7627
f 7626 7628 7627
f 7537 7535 7629
f 7535 7630 7629
f 7630 7631 7629
f 7499 7632 7633
f 7632 7634 7633
f 7615 7635 7616
f 7635 7617 7616
f 7620 7636 7637
f 7637 7636 7606
f 7636 7605 7606
f 7638 7639 7640
f 7639 7641 7640
f 7589 7642 7587
f 7642 7643 7587
f 7581 7644 7579
f 7644 7625 7579
f 7574 7645 7565
f 7645 7563 7565
f 7646 7647 7648
f 7647 7649 7648
f 7513 7650 7511
f 7650 7651 7511
f 7635 7652 7617
f 7652 7619 7617
f 7596 7653 7594
f 7653 7654 7594
f 7489 7655 7487
f 7655 7656 7487
f 7614 7657 7615
f 7615 7652 7635
f 7620 7658 7636
f 7658 7659 7636
f 7659 7605 7636
f 7653 7660 7654
f 7660 7661 7654
f 7642 7662 7643
f 7662 7623 7643
f 7663 7664 7665
f 7664 7666 7665
f 7525 7667 7668
f 7667 7669 7668
f 7650 7670 7651
f 7670 7671 7651
f 7671 7672 7673
f 7672 7674 7673
f 7673 7674 7675
f 7674 7504 7675
f 7655 7676 7656
f 7676 7612 7656
f 7657 7652 7615
f 7659 7677 7605
f 7677 7621 7605
f 7660 7678 7661
f 7678 7679 7661
f 7661 7679 7589
f 7679 7642 7589
f 7625 7680 7577
f 7680 7681 7577
f 7577 7681 7576
f 7681 7574 7576
f 7682 7683 7684
f 7683 7685 7684
f 7686 7538 7687
f 7538 7537 7687
f 7666 7688 7689
f 7688 7690 7689
f 7690 7691 7692
f 7691 7693 7692
f 7692 7693 7522
f 7693 7523 7522
f 7670 7694 7671
f 7694 7672 7671
f 7501 7695 7499
f 7695 7632 7499
f 7676 7696 7612
f 7696 7613 7612
f 7652 7697 7619
f 7619 7697 7620
f 7697 7658 7620
f 7621 7698 7622
f 7698 7699 7622
f 7639 7700 7641
f 7700 7596 7641
f 7547 7701 7702
f 7688 7703 7690
f 7703 7691 7690
f 7694 7704 7672
f 7704 7705 7672
f 7672 7705 7674
f 7705 7504 7674
f 7632 7706 7634
f 7706 7498 7634
f 7497 7707 7489
f 7707 7655 7489
f 7696 7708 7613
f 7613 7708 7614
f 7614 7708 7657
f 7652 7709 7697
f 7697 7710 7658
f 7710 7659 7658
f 7639 7711 7700
f 7711 7712 7700
f 7700 7712 7596
f 7712 7713 7596
f 7596 7713 7653
f 7713 7660 7653
f 7678 7714 7679
f 7714 7642 7679
f 7625 7715 7680
f 7715 7716 7680
f 7680 7716 7681
f 7716 7717 7681
f 7681 7717 7574
f 7717 7645 7574
f 7701 7718 7702
f 7719 7720 7663
f 7720 7664 7663
f 7703 7721 7691
f 7721 7693 7691
f 7722 7723 7724
f 7723 7514 7724
f 7513 7725 7650
f 7725 7670 7650
f 7705 7726 7504
f 7726 7501 7504
f 7695 7706 7632
f 7676 7727 7696
f 7708 7728 7657
f 7728 7652 7657
f 7697 7729 7710
f 7710 7677 7659
f 7642 7730 7662
f 7730 7731 7662
f 7662 7731 7623
f 7731 7624 7623
f 7716 7732 7717
f 7732 7733 7717
f 7717 7733 7645
f 7733 7734 7645
f 7645 7734 7563
f 7734 7561 7563
f 7683 7735 7685
f 7735 7736 7685
f 7701 7737 7718
f 7737 7738 7718
f 7721 7739 7693
f 7739 7523 7693
f 7723 7740 7514
f 7740 7741 7514
f 7514 7741 7513
f 7741 7725 7513
f 7695 7742 7706
f 7742 7743 7706
f 7743 7498 7706
f 7744 7676 7655
f 7727 7745 7696
f 7745 7746 7696
f 7696 7746 7708
f 7747 7728 7708
f 7728 7709 7652
f 7711 7748 7712
f 7748 7749 7712
f 7712 7749 7713
f 7749 7660 7713
f 7547 7750 7701
f 7719 7751 7720
f 7751 7664 7720
f 7664 7752 7666
f 7752 7688 7666
f 7740 7753 7741
f 7753 7754 7741
f 7741 7754 7725
f 7754 7670 7725
f 7705 7755 7726
f 7755 7756 7726
f 7726 7756 7501
f 7756 7695 7501
f 7497 7757 7707
f 7757 7744 7707
f 7744 7758 7676
f 7758 7727 7676
f 7745 7759 7746
f 7746 7747 7708
f 7747 7760 7728
f 7709 7761 7697
f 7761 7729 7697
f 7729 7762 7710
f 7762 7677 7710
f 7699 7763 7638
f 7763 7639 7638
f 7733 7764 7734
f 7764 7765 7734
f 7734 7765 7561
f 7765 7626 7561
f 7750 7766 7701
f 7766 7737 7701
f 7535 7767 7630
f 7767 7631 7630
f 7751 7768 7664
f 7768 7752 7664
f 7752 7769 7688
f 7769 7703 7688
f 7525 7770 7667
f 7770 7669 7667
f 7754 7771 7670
f 7771 7694 7670
f 7756 7772 7695
f 7772 7742 7695
f 7757 7773 7744
f 7773 7774 7744
f 7758 7745 7727
f 7760 7709 7728
f 7677 7775 7621
f 7775 7698 7621
f 7699 7776 7763
f 7776 7639 7763
f 7714 7777 7642
f 7777 7730 7642
f 7625 7778 7715
f 7778 7779 7715
f 7715 7779 7716
f 7779 7732 7716
f 7764 7780 7765
f 7765 7628 7626
f 7683 7781 7735
f 7781 7736 7735
f 7766 7782 7737
f 7782 7738 7737
f 7767 7783 7631
f 7783 7719 7631
f 7768 7784 7752
f 7784 7769 7752
f 7769 7785 7703
f 7785 7786 7703
f 7703 7786 7721
f 7786 7739 7721
f 7770 7787 7669
f 7787 7722 7669
f 7771 7788 7694
f 7788 7704 7694
f 7756 7789 7772
f 7789 7790 7772
f 7772 7790 7742
f 7790 7743 7742
f 7758 7791 7745
f 7791 7759 7745
f 7759 7792 7746
f 7792 7747 7746
f 7782 7793 7738
f 7793 7794 7738
f 7738 7794 7646
f 7794 7647 7646
f 7783 7795 7719
f 7795 7751 7719
f 7784 7796 7769
f 7796 7785 7769
f 7525 7797 7770
f 7797 7787 7770
f 7787 7798 7722
f 7798 7723 7722
f 7754 7799 7771
f 7799 7788 7771
f 7788 7800 7704
f 7800 7801 7704
f 7704 7801 7705
f 7801 7755 7705
f 7790 7802 7743
f 7802 7803 7743
f 7743 7803 7498
f 7803 7804 7498
f 7498 7804 7497
f 7804 7757 7497
f 7774 7805 7758
f 7791 7806 7759
f 7806 7792 7759
f 7760 7807 7709
f 7807 7761 7709
f 7775 7808 7698
f 7808 7699 7698
f 7749 7809 7660
f 7809 7678 7660
f 7714 7810 7777
f 7810 7730 7777
f 7625 7811 7778
f 7811 7812 7778
f 7778 7812 7779
f 7812 7813 7779
f 7779 7813 7732
f 7813 7814 7732
f 7732 7814 7733
f 7814 7764 7733
f 7780 7815 7765
f 7815 7628 7765
f 7816 7817 7818
f 7817 7819 7818
f 7535 7536 7767
f 7536 7783 7767
f 7796 7820 7785
f 7820 7821 7785
f 7785 7821 7786
f 7821 7739 7786
f 7797 7822 7787
f 7822 7798 7787
f 7798 7823 7723
f 7823 7740 7723
f 7799 7824 7788
f 7824 7800 7788
f 7800 7825 7801
f 7825 7826 7801
f 7801 7826 7755
f 7826 7827 7755
f 7755 7827 7756
f 7827 7789 7756
f 7789 7828 7790
f 7828 7802 7790
f 7802 7829 7803
f 7829 7804 7803
f 7805 7830 7758
f 7830 7791 7758
f 7747 7831 7760
f 7831 7832 7760
f 7832 7807 7760
f 7808 7833 7699
f 7833 7776 7699
f 7749 7591 7809
f 7591 7834 7809
f 7809 7834 7678
f 7834 7835 7678
f 7678 7835 7714
f 7835 7810 7714
f 7730 7836 7731
f 7836 7624 7731
f 7581 7837 7644
f 7837 7625 7644
f 7812 7569 7813
f 7569 7838 7813
f 7813 7838 7814
f 7838 7839 7814
f 7814 7839 7764
f 7839 7780 7764
f 7840 7841 7842
f 7841 7843 7842
f 7817 7844 7819
f 7844 7548 7819
f 7536 7534 7783
f 7534 7795 7783
f 7822 7845 7798
f 7845 7823 7798
f 7823 7846 7740
f 7846 7753 7740
f 7824 7847 7800
f 7847 7825 7800
f 7827 7848 7789
f 7848 7828 7789
f 7828 7849 7802
f 7849 7829 7802
f 7829 7850 7804
f 7850 7757 7804
f 7830 7851 7791
f 7851 7806 7791
f 7792 7852 7747
f 7852 7831 7747
f 7807 7729 7761
f 7762 7853 7677
f 7853 7775 7677
f 7775 7854 7808
f 7854 7833 7808
f 7736 7817 7816
f 7782 7855 7793
f 7855 7856 7793
f 7793 7856 7794
f 7856 7857 7794
f 7794 7857 7647
f 7857 7649 7647
f 7534 7532 7795
f 7532 7751 7795
f 7821 7858 7739
f 7858 7859 7739
f 7739 7859 7523
f 7859 7525 7523
f 7845 7860 7823
f 7860 7846 7823
f 7846 7861 7753
f 7861 7862 7753
f 7753 7862 7754
f 7862 7799 7754
f 7825 7863 7826
f 7863 7827 7826
f 7757 7864 7773
f 7773 7864 7774
f 7864 7805 7774
f 7851 7865 7806
f 7865 7792 7806
f 7852 7832 7831
f 7832 7866 7807
f 7866 7729 7807
f 7854 7867 7833
f 7867 7776 7833
f 7591 7592 7834
f 7592 7868 7834
f 7834 7868 7835
f 7868 7810 7835
f 7730 7869 7836
f 7869 7870 7836
f 7836 7870 7624
f 7870 7581 7624
f 7581 7871 7837
f 7871 7872 7837
f 7837 7872 7625
f 7872 7811 7625
f 7838 7873 7839
f 7873 7874 7839
f 7839 7874 7780
f 7874 7815 7780
f 7840 7557 7841
f 7557 7875 7841
f 7841 7875 7843
f 7875 7876 7843
f 7843 7876 7682
f 7876 7877 7682
f 7682 7877 7683
f 7877 7781 7683
f 7551 7844 7817
f 7859 7878 7525
f 7878 7797 7525
f 7860 7879 7846
f 7879 7861 7846
f 7863 7880 7827
f 7880 7848 7827
f 7848 7881 7828
f 7881 7849 7828
f 7805 7882 7830
f 7882 7851 7830
f 7852 7883 7832
f 7853 7884 7775
f 7884 7854 7775
f 7867 7885 7776
f 7885 7886 7776
f 7776 7886 7639
f 7886 7711 7639
f 7810 7887 7730
f 7887 7869 7730
f 7870 7888 7581
f 7888 7871 7581
f 7871 7572 7872
f 7572 7811 7872
f 7811 7889 7812
f 7889 7569 7812
f 7873 7568 7874
f 7874 7890 7815
f 7815 7890 7628
f 7890 7891 7628
f 7628 7891 7840
f 7891 7557 7840
f 7557 7556 7875
f 7556 7597 7875
f 7875 7597 7876
f 7597 7555 7876
f 7876 7555 7877
f 7555 7892 7877
f 7877 7892 7781
f 7892 7736 7781
f 7736 7550 7817
f 7550 7551 7817
f 7551 7549 7844
f 7549 7548 7844
f 7857 7686 7649
f 7821 7526 7858
f 7526 7893 7858
f 7858 7893 7859
f 7893 7878 7859
f 7797 7894 7822
f 7894 7845 7822
f 7879 7895 7861
f 7895 7862 7861
f 7880 7896 7848
f 7896 7881 7848
f 7882 7897 7851
f 7897 7865 7851
f 7883 7866 7832
f 7884 7898 7854
f 7898 7867 7854
f 7886 7899 7711
f 7899 7900 7711
f 7711 7900 7748
f 7900 7749 7748
f 7547 7901 7750
f 7901 7766 7750
f 7856 7902 7857
f 7893 7903 7878
f 7903 7904 7878
f 7878 7904 7797
f 7904 7894 7797
f 7895 7905 7862
f 7905 7906 7862
f 7862 7906 7799
f 7906 7824 7799
f 7881 7907 7849
f 7907 7908 7849
f 7849 7908 7829
f 7908 7909 7829
f 7829 7909 7850
f 7909 7910 7850
f 7850 7910 7757
f 7910 7911 7757
f 7757 7911 7864
f 7805 7912 7882
f 7912 7897 7882
f 7897 7913 7865
f 7865 7913 7792
f 7792 7913 7852
f 7883 7914 7866
f 7914 7915 7866
f 7866 7915 7729
f 7729 7915 7762
f 7915 7853 7762
f 7884 7473 7898
f 7473 7916 7898
f 7898 7916 7867
f 7916 7917 7867
f 7867 7917 7885
f 7917 7918 7885
f 7885 7918 7886
f 7918 7899 7886
f 7900 7919 7749
f 7919 7591 7749
f 7810 7920 7887
f 7920 7869 7887
f 7811 7921 7889
f 7921 7569 7889
f 7568 7922 7874
f 7922 7923 7874
f 7874 7923 7890
f 7923 7924 7890
f 7890 7924 7891
f 7924 7557 7891
f 7532 7925 7751
f 7925 7768 7751
f 7904 7926 7894
f 7926 7845 7894
f 7905 7509 7906
f 7509 7927 7906
f 7906 7927 7824
f 7927 7847 7824
f 7896 7928 7881
f 7928 7907 7881
f 7907 7929 7908
f 7929 7909 7908
f 7910 7930 7911
f 7911 7805 7864
f 7912 7931 7897
f 7931 7932 7897
f 7897 7932 7913
f 7913 7933 7852
f 7852 7933 7883
f 7933 7914 7883
f 7914 7934 7915
f 7934 7935 7915
f 7915 7935 7853
f 7935 7884 7853
f 7473 7470 7916
f 7470 7917 7916
f 7918 7936 7899
f 7936 7937 7899
f 7899 7937 7900
f 7937 7919 7900
f 7868 7938 7810
f 7938 7920 7810
f 7869 7939 7870
f 7939 7888 7870
f 7888 7573 7871
f 7573 7572 7871
f 7555 7553 7892
f 7553 7736 7892
f 7902 7539 7857
f 7539 7686 7857
f 7925 7940 7768
f 7940 7784 7768
f 7820 7941 7821
f 7941 7526 7821
f 7926 7942 7845
f 7942 7860 7845
f 7927 7943 7847
f 7943 7825 7847
f 7928 7944 7907
f 7944 7929 7907
f 7929 7945 7909
f 7945 7910 7909
f 7934 7471 7935
f 7935 7473 7884
f 7937 7593 7919
f 7593 7591 7919
f 7553 7946 7736
f 7946 7550 7736
f 7547 7544 7901
f 7544 7766 7901
f 7532 7533 7925
f 7533 7940 7925
f 7879 7947 7895
f 7947 7905 7895
f 7509 7948 7927
f 7948 7943 7927
f 7943 7949 7825
f 7949 7863 7825
f 7945 7490 7910
f 7490 7930 7910
f 7930 7950 7911
f 7950 7951 7911
f 7911 7951 7805
f 7951 7912 7805
f 7931 7952 7932
f 7932 7953 7913
f 7913 7953 7933
f 7953 7954 7933
f 7954 7955 7933
f 7933 7955 7914
f 7955 7934 7914
f 7868 7956 7938
f 7956 7920 7938
f 7869 7957 7939
f 7957 7582 7939
f 7939 7582 7888
f 7582 7573 7888
f 7544 7545 7766
f 7545 7782 7766
f 7533 7531 7940
f 7531 7784 7940
f 7784 7529 7796
f 7529 7820 7796
f 7820 7527 7941
f 7527 7526 7941
f 7903 7958 7904
f 7958 7926 7904
f 7942 7959 7860
f 7959 7879 7860
f 7947 7960 7905
f 7960 7509 7905
f 7948 7506 7943
f 7506 7949 7943
f 7863 7961 7880
f 7961 7962 7880
f 7880 7962 7896
f 7962 7928 7896
f 7950 7963 7951
f 7963 7964 7951
f 7951 7964 7912
f 7964 7965 7912
f 7912 7965 7931
f 7965 7952 7931
f 7952 7953 7932
f 7954 7966 7955
f 7966 7934 7955
f 7471 7472 7935
f 7472 7473 7935
f 7917 7967 7918
f 7967 7936 7918
f 7811 7968 7921
f 7968 7569 7921
f 7569 7566 7838
f 7566 7567 7838
f 7838 7567 7873
f 7567 7568 7873
f 7568 7969 7922
f 7969 7970 7922
f 7922 7970 7923
f 7970 7971 7923
f 7923 7971 7924
f 7971 7557 7924
f 7545 7546 7782
f 7546 7855 7782
f 7539 7540 7686
f 7540 7538 7686
f 7529 7528 7820
f 7528 7527 7820
f 7958 7972 7926
f 7972 7942 7926
f 7879 7510 7947
f 7510 7960 7947
f 7506 7505 7949
f 7505 7863 7949
f 7961 7973 7962
f 7973 7974 7962
f 7962 7974 7928
f 7974 7944 7928
f 7966 7975 7934
f 7975 7471 7934
f 7470 7976 7917
f 7976 7967 7917
f 7967 7977 7936
f 7977 7978 7936
f 7936 7978 7937
f 7978 7593 7937
f 7592 7590 7868
f 7590 7956 7868
f 7553 7552 7946
f 7552 7550 7946
f 7546 7543 7855
f 7543 7856 7855
f 7903 7979 7958
f 7979 7972 7958
f 7942 7600 7959
f 7600 7879 7959
f 7510 7508 7960
f 7508 7509 7960
f 7863 7980 7961
f 7980 7973 7961
f 7944 7492 7929
f 7492 7491 7929
f 7929 7491 7945
f 7491 7490 7945
f 7930 7981 7950
f 7981 7963 7950
f 7963 7482 7964
f 7482 7483 7964
f 7964 7483 7965
f 7483 7982 7965
f 7965 7982 7952
f 7982 7983 7952
f 7952 7983 7953
f 7983 7954 7953
f 7954 7478 7966
f 7478 7479 7966
f 7479 7975 7966
f 7470 7469 7976
f 7469 7468 7976
f 7976 7468 7967
f 7468 7977 7967
f 7590 7984 7956
f 7984 7985 7956
f 7956 7985 7920
f 7985 7986 7920
f 7920 7986 7869
f 7986 7987 7869
f 7869 7987 7957
f 7987 7582 7957
f 7572 7988 7811
f 7988 7570 7811
f 7811 7570 7968
f 7570 7569 7968
f 7568 7560 7969
f 7560 7559 7969
f 7969 7559 7970
f 7559 7558 7970
f 7970 7558 7971
f 7558 7557 7971
f 7893 7989 7903
f 7989 7979 7903
f 7509 7507 7948
f 7507 7506 7948
f 7973 7601 7974
f 7601 7944 7974
f 7490 7981 7930
f 7483 7480 7982
f 7982 7481 7983
f 7481 7477 7983
f 7477 7990 7983
f 7983 7990 7954
f 7990 7478 7954
f 7479 7475 7975
f 7475 7474 7975
f 7474 7471 7975
f 7468 7991 7977
f 7991 7602 7977
f 7977 7602 7978
f 7602 7593 7978
f 7526 7521 7893
f 7521 7989 7893
f 7490 7992 7981
f 7992 7486 7981
f 7981 7486 7963
f 7486 7482 7963
f 7590 7585 7984
f 7585 7584 7984
f 7984 7584 7985
f 7584 7583 7985
f 7985 7583 7986
f 7583 7467 7986
f 7986 7467 7987
f 7467 7582 7987
f 7572 7571 7988
f 7571 7570 7988
f 7531 7530 7784
f 7530 7529 7784
f 7521 7520 7989
f 7520 7979 7989
f 7972 7599 7942
f 7599 7600 7942
f 7485 7486 7992
f 7480 7481 7982
f 7477 7478 7990
f 7543 7542 7856
f 7542 7541 7856
f 7856 7541 7902
f 7541 7539 7902
f 7520 7519 7979
f 7519 7598 7979
f 7979 7598 7972
f 7598 7599 7972
f 7600 7515 7879
f 7515 7510 7879
f 7505 7503 7863
f 7503 7502 7863
f 7863 7502 7980
f 7502 7495 7980
f 7980 7495 7973
f 7495 7601 7973
f 7601 7493 7944
f 7493 7492 7944
f 7490 7484 7992
f 7484 7485 7992
f 6837 6841 7468
f 7468 6841 7991
f 6841 6844 7991
f 7991 6844 6843
f 7707 7744 7655
f 7744 7774 7758
f 7991 6843 7602
f 7602 6843 6842
f 5008 5006 7993
f 7994 7995 5003
f 7995 7996 5003
f 7996 7997 5003
f 7997 7998 5003
f 5003 7998 5004
f 7998 7999 5004
f 5004 7999 5006
f 7999 8000 5006
f 5006 8000 7993
f 8001 8002 5000
f 8002 8003 5000
f 8003 8004 5000
f 5000 8004 8005
f 8005 8006 5000
f 8006 8007 5000
f 5000 8007 5001
f 8007 8008 5001
f 5001 8008 5003
f 5003 8008 7994
f 8001 5000 8009
f 5000 4998 8009
f 8009 4998 8010
f 8011 8012 8013
f 4998 4997 8010
f 4997 8011 8010
f 8010 8011 8014
f 8011 8013 8014
f 5824 8015 5825
f 8015 8016 5825
f 8016 8017 5825
f 8017 8018 5825
f 5825 8018 8011
f 8018 8019 8011
f 8011 8019 8012
f 5826 5825 4994
f 5825 8011 4994
f 4994 8011 4995
f 8011 4997 4995
f 8020 3441 8021
f 7993 8022 5008
f 5008 8022 5010
f 8022 8023 5010
f 5010 8023 5011
f 8023 8024 5011
f 5011 8024 5013
f 8024 8025 5013
f 5013 8025 5014
f 8025 8026 5014
f 5014 8026 5016
f 8026 8027 5016
f 5016 8027 5018
f 8027 8028 5018
f 5018 8028 5019
f 8028 8029 5019
f 5019 8029 5021
f 8029 8030 5021
f 5021 8030 5023
f 8030 8031 5023
f 5023 8031 5025
f 8031 8032 5025
f 5025 8032 5026
f 8032 8033 5026
f 5026 8033 5028
f 8033 8034 5028
f 8034 8035 5028
f 5028 8035 5030
f 8035 8036 5030
f 5030 8036 5031
f 5031 8036 5033
f 8036 8037 5033
f 5033 8037 5035
f 8037 8038 5035
f 5035 8038 5036
f 8038 8039 5036
f 5036 8039 5038
f 8039 8040 5038
f 5038 8040 5040
f 8040 8041 5040
f 5040 8041 5041
f 8041 8042 5041
f 5041 8042 5043
f 8042 8043 5043
f 5043 8043 5045
f 8043 8044 5045
f 5045 8044 5046
f 8044 8045 5046
f 5046 8045 5048
f 8045 8046 5048
f 5048 8046 5050
f 8046 8047 5050
f 5050 8047 5053
f 8047 8048 5053
f 5053 8048 5052
f 8048 8049 5052
f 5052 8049 3441
f 8049 8050 3441
f 3441 8050 8021
f 8020 8051 3441
f 8051 8052 3441
f 3441 8052 8053
f 3441 8053 8054
f 8054 8055 3441
f 8055 8056 3441
f 8056 4902 3441
f 3720 3719 5756
f 3719 8057 5756
f 5756 8057 5753
f 8057 5754 5753
f 5792 5791 8058
f 8059 4277 4276
f 3550 5847 3551
f 5847 5845 3551
f 3551 5845 3663
f 5845 8060 3663
f 3663 8060 3664
f 8060 8061 3664
f 3664 8061 3650
f 3654 3653 8062
f 8062 3653 8061
f 3653 3651 8061
f 8061 3651 3650
f 3654 8062 3708
f 8062 8063 3708
f 3708 8063 3709
f 8064 3721 8063
f 3721 3709 8063
f 3719 3718 8057
f 8057 3718 8064
f 3718 3722 8064
f 8064 3722 3721
f 4277 8059 4278
f 8059 8065 4278
f 4278 8065 4279
f 4279 8065 4280
f 8065 8066 4280
f 4280 8066 4281
f 4281 8066 4282
f 8066 8067 4282
f 4282 8067 4283
f 4283 8067 4284
f 8067 8068 4284
f 4284 8068 4285
f 4285 8068 4286
f 8068 8069 4286
f 4286 8069 4287
f 8069 5814 4287
f 4287 5814 4294
f 5843 5814 8070
f 5814 8069 8070
f 8070 8069 8071
f 8069 8068 8071
f 8071 8068 8072
f 8068 8067 8072
f 8072 8067 8073
f 8067 8066 8073
f 8073 8066 8074
f 8066 8065 8074
f 8074 8065 8058
f 8065 8059 8058
f 8058 8059 5792
f 8059 4276 5792
f 5792 4276 4206
f 5845 5843 8060
f 5843 8070 8060
f 8060 8070 8061
f 8070 8071 8061
f 8061 8071 8062
f 8071 8072 8062
f 8062 8072 8063
f 8072 8073 8063
f 8063 8073 8064
f 8073 8074 8064
f 8064 8074 8057
f 8074 8058 8057
f 8057 8058 5754
f 8058 5791 5754
f 5130 5061 4310
f 4310 4307 5130
f 4307 4306 5130
f 5130 4306 5325
f 4306 4314 5325
f 4314 4313 5325
f 5325 4313 5324
f 4313 4312 5324
f 5324 4312 5344
f 4312 4311 5344
f 5344 4311 6948
f 4311 4315 6948
f 1228 1747 1745
f 1228 1226 1747
f 1226 1224 1747
f 1747 1224 1222
f 1222 1221 1747
f 1221 1240 1747
f 1747 1240 1242
f 1242 1244 1747
f 1244 1246 1747
f 1126 1124 1745
f 1745 1124 1118
f 1118 1116 1745
f 1116 1114 1745
f 1745 1114 1201
f 1201 1203 1745
f 1203 1204 1745
f 1745 1204 1206
f 1206 1208 1745
f 1208 1210 1745
f 1745 1210 1212
f 1212 1214 1745
f 1214 1216 1745
f 1745 1216 1218
f 1218 1220 1745
f 1220 1236 1745
f 1745 1236 1234
f 1234 1232 1745
f 1232 1230 1745
f 1745 1230 1228
f 1147 1160 1581
f 1160 1158 1581
f 1581 1158 1156
f 1156 1154 1581
f 1154 1152 1581
f 1581 1152 1743
f 1152 1150 1743
f 1743 1150 1133
f 1133 1131 1743
f 1131 1144 1743
f 1743 1144 1143
f 1143 1141 1743
f 1141 1139 1743
f 1139 1137 1743
f 1137 1135 1743
f 1743 1135 1121
f 1121 1129 1743
f 1743 1129 1745
f 1129 1128 1745
f 1745 1128 1126
f 1751 1750 4612
f 1750 1748 4612
f 4612 1748 4614
f 1748 1747 4614
f 4614 1747 1248
f 1747 1246 1248
f 1751 4612 1753
f 4612 4610 1753
f 1753 4610 1755
f 4610 4608 1755
f 1755 4608 1756
f 4608 4607 1756
f 1756 4607 1758
f 4607 4605 1758
f 1758 4605 1759
f 4598 1776 1775
f 4605 4604 1759
f 4604 4603 1759
f 1759 4603 1761
f 4603 4620 1761
f 1761 4620 1762
f 4620 4619 1762
f 1762 4619 1764
f 4619 4617 1764
f 1764 4617 1766
f 4617 4616 1766
f 1766 4616 1767
f 4616 4574 1767
f 1767 4574 1769
f 4574 4572 1769
f 1769 4572 1770
f 4572 4571 1770
f 1770 4571 1772
f 4571 4569 1772
f 1772 4569 1773
f 4569 4564 1773
f 1773 4564 1775
f 4564 4563 1775
f 1775 4563 4598
f 4598 4597 1776
f 4597 4595 1776
f 1776 4595 1778
f 4595 4600 1778
f 4600 4599 1778
f 1778 4599 1780
f 1790 1787 4586
f 1787 1786 4586
f 4586 1786 4588
f 1786 1784 4588
f 4588 1784 4590
f 1784 1782 4590
f 4590 1782 4592
f 1782 1780 4592
f 4592 1780 4599
f 1790 4586 1791
f 4586 4584 1791
f 1791 4584 1793
f 4584 4582 1793
f 1793 4582 1794
f 4582 4581 1794
f 4581 4579 1794
f 1794 4579 1796
f 4579 4577 1796
f 4577 4527 1796
f 1796 4527 1798
f 760 759 5596
f 5595 5594 6344
f 5594 8075 6344
f 6344 8075 6460
f 5595 6344 5596
f 6344 6343 5596
f 5596 6343 760
f 6343 6575 760
f 760 6575 813
f 3321 3320 8076
f 3320 1699 8076
f 8076 1699 8077
f 1699 1698 8077
f 8078 5676 5675
f 8079 6277 6276
f 8079 6276 5673
f 6273 8078 6274
f 8078 5675 6274
f 6274 5675 6276
f 5675 5674 6276
f 6276 5674 5673
f 7027 7028 6023
f 7029 8049 8080
f 8080 8081 7029
f 8081 8082 7029
f 7029 8082 7028
f 8082 8083 7028
f 7028 8083 6023
f 4902 8056 7029
f 8056 8055 7029
f 8055 8054 7029
f 7029 8054 8053
f 7029 8053 8052
f 8052 8051 7029
f 8051 8020 7029
f 8049 7029 8050
f 8050 7029 8021
f 7029 8020 8021
f 7031 4915 7030
f 4915 4903 7030
f 7030 4903 7029
f 4903 4902 7029
f 7032 4917 7031
f 4917 4916 7031
f 7031 4916 4915
f 7033 4918 7032
f 7032 4918 4917
f 7034 4920 7033
f 4920 4919 7033
f 7033 4919 4918
f 7035 4921 7034
f 7034 4921 4920
f 7036 4923 7035
f 4923 4922 7035
f 7035 4922 4921
f 7037 4924 7036
f 7036 4924 4923
f 7038 4926 7037
f 4926 4925 7037
f 7037 4925 4924
f 7039 4927 7038
f 4927 4926 7038
f 7040 4929 7039
f 4929 4928 7039
f 7039 4928 4927
f 7041 4930 7040
f 4930 4929 7040
f 7042 4932 7041
f 4932 4931 7041
f 7041 4931 4930
f 7043 4934 7042
f 4934 4933 7042
f 7042 4933 4932
f 7044 4935 7043
f 4935 4934 7043
f 7045 4937 7044
f 4937 4936 7044
f 7044 4936 4935
f 7046 4938 7045
f 4938 4937 7045
f 7047 4940 7046
f 4940 4939 7046
f 7046 4939 4938
f 7048 4942 7047
f 4942 4941 7047
f 7047 4941 4940
f 7049 4944 7048
f 4944 4943 7048
f 7048 4943 4942
f 7050 4946 7049
f 4946 4945 7049
f 7049 4945 4944
f 7051 4948 7050
f 4948 4947 7050
f 7050 4947 4946
f 6981 4950 7051
f 4950 4949 7051
f 7051 4949 4948
f 6982 4952 6981
f 4952 4951 6981
f 6981 4951 4950
f 6983 4954 6982
f 4954 4953 6982
f 6982 4953 4952
f 6984 4956 6983
f 4956 4955 6983
f 6983 4955 4954
f 6985 4958 6984
f 4958 4957 6984
f 6984 4957 4956
f 6986 4960 6985
f 4960 4959 6985
f 6985 4959 4958
f 6987 4962 6986
f 4962 4961 6986
f 6986 4961 4960
f 6988 4964 6987
f 4964 4963 6987
f 6987 4963 4962
f 6989 4966 6988
f 4966 4965 6988
f 6988 4965 4964
f 6990 4968 6989
f 4968 4967 6989
f 6989 4967 4966
f 6991 4970 6990
f 4970 4969 6990
f 6990 4969 4968
f 6992 4972 6991
f 4972 4971 6991
f 6991 4971 4970
f 6993 4974 6992
f 4974 4973 6992
f 6992 4973 4972
f 6994 4976 6993
f 4976 4975 6993
f 6993 4975 4974
f 6995 4978 6994
f 4978 4977 6994
f 6994 4977 4976
f 6996 4907 6995
f 4907 4905 6995
f 6995 4905 4978
f 6997 4911 6996
f 4911 4909 6996
f 6996 4909 4907
f 6998 4914 6997
f 4914 4913 6997
f 6997 4913 4911
f 6023 6025 7027
f 6025 6010 7027
f 7027 6010 7026
f 6010 6007 7026
f 7026 6007 6980
f 6007 6006 6980
f 6980 6006 7025
f 6006 6005 7025
f 7025 6005 7024
f 6005 6004 7024
f 7024 6004 7023
f 6004 6039 7023
f 7023 6039 7022
f 6039 6040 7022
f 7022 6040 7021
f 6040 6041 7021
f 7021 6041 7020
f 6041 6042 7020
f 7020 6042 7019
f 6042 6043 7019
f 7019 6043 7018
f 6043 6044 7018
f 7018 6044 7017
f 6044 6045 7017
f 7017 6045 7016
f 6045 6046 7016
f 7016 6046 7015
f 6046 6047 7015
f 7015 6047 7014
f 6047 6048 7014
f 7014 6048 7013
f 6048 6018 7013
f 7013 6018 7012
f 6018 6019 7012
f 7012 6019 7011
f 6019 6017 7011
f 7011 6017 7010
f 6017 6016 7010
f 7010 6016 7009
f 6016 6034 7009
f 7009 6034 7008
f 6034 6032 7008
f 7008 6032 7007
f 6032 6031 7007
f 7007 6031 7006
f 6031 6029 7006
f 7006 6029 7005
f 6029 6028 7005
f 7005 6028 7004
f 6028 5998 7004
f 7004 5998 7003
f 5998 6000 7003
f 7003 6000 7002
f 6000 6001 7002
f 7002 6001 7001
f 6001 6003 7001
f 7001 6003 7000
f 6003 6002 7000
f 7000 6002 6999
f 6002 4900 6999
f 6999 4900 6998
f 4900 4899 6998
f 6998 4899 4914
f 8084 8085 3310
f 8085 3292 3310
f 6139 6200 8086
f 5500 5438 8086
f 5438 6092 8086
f 8086 6092 6139
f 8087 8088 8089
f 8090 8091 8092
f 8091 8093 8092
f 8092 8093 8094
f 8093 8095 8094
f 8094 8095 8096
f 8095 8085 8096
f 8096 8085 8084
f 8087 8089 8097
f 8089 8098 8097
f 8098 8099 8097
f 8097 8099 8100
f 8099 8101 8100
f 8100 8101 8102
f 8101 8103 8102
f 8102 8103 8090
f 8103 8104 8090
f 8090 8104 8091
f 5646 5644 6082
f 5644 8105 6082
f 6082 8105 6083
f 8105 6220 6083
f 6084 6085 5471
f 6085 5472 5471
f 8106 8107 8108
f 8109 8110 8111
f 8110 8112 8111
f 8111 8112 8108
f 8112 8113 8108
f 8108 8113 8106
f 8114 8115 8116
f 8111 8117 8109
f 8117 8118 8109
f 8109 8118 8119
f 8120 8121 8122
f 8121 8123 8122
f 8122 8123 8124
f 8124 8123 8125
f 8123 8114 8125
f 8125 8114 8126
f 8114 8116 8126
f 8122 8127 8120
f 8127 8128 8120
f 8120 8128 8129
f 8128 8130 8129
f 8129 8130 8131
f 8130 8132 8131
f 8131 8132 8133
f 8118 8134 8119
f 8134 8135 8119
f 8119 8135 8136
f 8135 8137 8136
f 8136 8137 8138
f 8137 8139 8138
f 8138 8139 8115
f 8139 8140 8115
f 8115 8140 8116
f 5425 5424 8141
f 5424 8142 8141
f 8141 8142 8143
f 8142 8144 8143
f 8143 8144 8145
f 8145 8144 8146
f 8144 8147 8146
f 8146 8147 8148
f 8132 8149 8133
f 8149 8150 8133
f 8133 8150 8151
f 8150 8152 8151
f 8151 8152 8148
f 8152 8153 8148
f 8148 8153 8146
f 5489 5507 8154
f 5507 6290 8154
f 8154 6290 6280
f 8155 6281 6079
f 6078 5476 6079
f 5476 5495 6079
f 6079 5495 8155
f 6080 6773 5451
f 6773 5452 5451
f 8089 8088 3335
f 3335 3333 8089
f 3333 3331 8089
f 8089 3331 8098
f 3331 3329 8098
f 8098 3329 8099
f 3329 3328 8099
f 8099 3328 8101
f 3328 3318 8101
f 3318 3316 8101
f 8101 3316 8103
f 3316 3314 8103
f 8103 3314 8104
f 8104 3314 8091
f 3314 3297 8091
f 8091 3297 8093
f 3297 3294 8093
f 8093 3294 8095
f 3294 3292 8095
f 8095 3292 8085
f 1385 5431 1386
f 5431 6601 1386
f 8156 3302 3304
f 8156 3304 8157
f 3304 3306 8157
f 3306 3308 8157
f 8157 3308 8158
f 3308 3327 8158
f 3327 3326 8158
f 8158 3326 8159
f 3326 3325 8159
f 3325 3301 8159
f 8159 3301 8160
f 3301 3339 8160
f 8160 3339 8161
f 3339 3338 8161
f 3338 3337 8161
f 8161 3337 8076
f 3337 3323 8076
f 8076 3323 3321
f 5427 5581 6505
f 5581 8162 6505
f 6505 8162 6507
f 6543 6542 5558
f 6542 5444 5558
f 3290 3340 8156
f 3340 3302 8156
f 5457 1060 8163
f 1060 1058 8163
f 8163 1058 6758
f 5424 5423 8142
f 5423 8164 8142
f 8142 8164 8144
f 8164 8165 8144
f 8144 8165 8147
f 8165 8166 8147
f 8147 8166 8148
f 8166 8167 8148
f 8148 8167 8151
f 8167 8168 8151
f 8151 8168 8133
f 8168 8169 8133
f 8133 8169 8131
f 8170 8121 8171
f 8121 8120 8171
f 8171 8120 8172
f 8120 8129 8172
f 8172 8129 8173
f 8129 8131 8173
f 8173 8131 8174
f 8131 8169 8174
f 8114 8123 8170
f 8170 8123 8121
f 8170 8175 8114
f 8175 8176 8114
f 8114 8176 8115
f 8176 8177 8115
f 8115 8177 8138
f 8177 8178 8138
f 8138 8178 8136
f 8178 8179 8136
f 8136 8179 8119
f 8179 8180 8119
f 8180 8181 8119
f 8119 8181 8109
f 8181 8182 8109
f 8182 8183 8109
f 8109 8183 8110
f 8183 8184 8110
f 8184 8185 8110
f 8110 8185 8112
f 8185 8186 8112
f 8186 8187 8112
f 8112 8187 8113
f 8113 8187 8106
f 8187 8188 8106
f 8106 8188 8107
f 6759 1009 8189
f 1009 1008 8189
f 8189 1008 5474
f 1035 1037 1036
f 1037 1039 1036
f 2216 8111 8108
f 3037 5425 8141
f 2648 3026 3101
f 3104 3095 2649
f 2648 3101 2649
f 3101 3100 2649
f 2649 3100 3104
f 3095 3098 2649
f 3098 3090 2649
f 2649 3090 3093
f 3089 3083 2699
f 3093 3085 2649
f 3085 3087 2649
f 2649 3087 2699
f 3087 3089 2699
f 3083 3081 2699
f 3081 3079 2699
f 2699 3079 3077
f 3077 3075 2699
f 3075 3073 2699
f 2699 3073 3071
f 3071 3070 2699
f 2699 3070 3068
f 3068 3066 2699
f 3066 3063 2699
f 2699 3063 3062
f 3062 3060 2699
f 3060 3057 2699
f 3057 3055 2699
f 3055 3053 2699
f 2699 3053 3052
f 3052 3041 2699
f 3041 3042 2699
f 2699 3042 3044
f 3044 3046 2699
f 3046 3048 2699
f 2699 3048 3050
f 3037 8141 3038
f 3050 3038 2699
f 3038 8141 2699
f 2699 8141 2700
f 8141 8143 2700
f 2700 8143 2625
f 8143 8145 2625
f 2625 8145 2626
f 8145 8146 2626
f 2626 8146 2646
f 8146 8153 2646
f 2646 8153 2341
f 8153 8152 2341
f 2341 8152 2328
f 8132 2326 8149
f 2326 2328 8149
f 8149 2328 8150
f 2328 8152 8150
f 2319 2325 8130
f 2325 2323 8130
f 8130 2323 8132
f 2323 2322 8132
f 8132 2322 2326
f 8130 8128 2319
f 8128 8127 2319
f 2319 8127 2321
f 8127 8122 2321
f 2321 8122 2487
f 8122 8124 2487
f 2312 2317 8124
f 2317 2437 8124
f 8124 2437 2487
f 8124 8125 2312
f 8125 8126 2312
f 2312 8126 2313
f 8126 8116 2313
f 2313 8116 2315
f 8116 8140 2315
f 2315 8140 2308
f 8140 8139 2308
f 2308 8139 8137
f 8134 2311 8135
f 2311 2309 8135
f 8135 2309 8137
f 8137 2309 2308
f 2213 2212 8117
f 2212 2210 8117
f 8117 2210 8118
f 2210 2209 8118
f 8118 2209 8134
f 2209 2398 8134
f 8134 2398 2311
f 8111 2216 8117
f 2216 2215 8117
f 8117 2215 2213
f 2307 2306 8108
f 2306 2564 8108
f 8108 2564 2216
f 920 916 919
f 916 915 919
f 919 915 949
f 848 830 849
f 830 833 849
f 849 833 835
f 880 883 881
f 883 882 881
f 2307 8108 8107
f 2305 2307 3782
f 2307 8107 3782
f 3782 8107 5828
f 8107 8188 5828
f 1479 2285 3858
f 2285 2248 3858
f 1478 2272 1479
f 2272 2271 1479
f 2271 2274 1479
f 2274 2275 1479
f 1479 2275 2277
f 2280 2281 1479
f 2281 2283 1479
f 1479 2283 2285
f 2277 2279 1479
f 1479 2279 2280
f 2291 3607 2289
f 3607 3768 2289
f 3606 3605 2297
f 3782 3783 2305
f 2305 3783 2303
f 3783 3812 2303
f 2303 3812 2301
f 3812 3760 2301
f 2301 3760 2300
f 3760 3606 2300
f 2300 3606 2298
f 3606 2297 2298
f 2248 2288 3858
f 3858 2288 3768
f 2288 2289 3768
f 2291 2293 3607
f 2293 2295 3607
f 3607 2295 3605
f 3605 2295 2297
f 5485 758 8190
f 758 756 8190
f 8190 756 6463
f 3336 3335 8088
f 8087 1251 8088
f 1251 1250 8088
f 8088 1250 3336
f 6081 691 690
f 6464 6081 8191
f 6081 690 8191
f 8191 690 5473
f 722 725 723
f 725 724 723
f 6363 606 572
f 571 632 572
f 632 631 572
f 572 631 6363
f 509 559 510
f 559 555 510
f 510 555 6397
f 555 557 6397
f 535 607 536
f 607 609 536
f 452 451 5508
f 451 6335 5508
f 5508 6335 8192
f 6335 6326 8192
f 5828 8188 5827
f 8188 8187 5827
f 5827 8187 5829
f 5422 5817 5423
f 5817 5816 5423
f 5423 5816 8164
f 5816 5844 8164
f 8164 5844 8165
f 5844 5846 8165
f 8165 5846 8166
f 5846 5848 8166
f 8166 5848 8167
f 5848 5849 8167
f 8167 5849 8168
f 5849 5850 8168
f 5831 8184 5832
f 8184 8183 5832
f 5832 8183 5833
f 5834 8179 5835
f 8179 8178 5835
f 5835 8178 5836
f 5829 8187 5830
f 8187 8186 5830
f 5830 8186 5831
f 8186 8185 5831
f 5831 8185 8184
f 8183 8182 5833
f 8182 8181 5833
f 5833 8181 5834
f 8181 8180 5834
f 5834 8180 8179
f 8178 8177 5836
f 8177 8176 5836
f 5836 8176 5837
f 8176 8175 5837
f 5837 8175 5838
f 8175 8170 5838
f 5838 8170 5839
f 8170 8171 5839
f 5839 8171 5840
f 8171 8172 5840
f 5840 8172 5841
f 8172 8173 5841
f 5841 8173 5842
f 8173 8174 5842
f 5842 8174 5850
f 8174 8169 5850
f 5850 8169 8168
f 8193 6327 6336
f 390 389 6336
f 389 5441 6336
f 6336 5441 8193
f 417 420 418
f 420 419 418
f 5063 6146 5064
f 6146 6147 5064
f 5064 6147 5218
f 6147 6148 5218
f 5218 6148 5219
f 6148 6149 5219
f 5219 6149 5221
f 6149 6150 5221
f 5221 6150 5222
f 6150 6151 5222
f 5222 6151 5246
f 6151 6152 5246
f 5246 6152 5247
f 6152 6153 5247
f 5247 6153 5363
f 6153 6154 5363
f 5363 6154 5365
f 6154 6155 5365
f 5365 6155 5366
f 6155 6156 5366
f 5366 6156 5349
f 6156 6269 5349
f 5349 6269 5350
f 6269 6270 5350
f 5350 6270 5367
f 6270 6271 5367
f 5367 6271 5368
f 6271 6272 5368
f 5368 6272 5250
f 6272 6215 5250
f 5250 6215 5251
f 6215 6198 5251
f 5251 6198 5223
f 6198 6199 5223
f 5223 6199 5224
f 6199 6138 5224
f 5224 6138 5293
f 6138 6137 5293
f 5293 6137 5294
f 6137 6194 5294
f 5294 6194 5179
f 6194 6189 5179
f 5179 6189 5352
f 6189 6190 5352
f 5352 6190 5353
f 6190 6191 5353
f 5353 6191 5354
f 6191 6192 5354
f 5354 6192 5355
f 6192 6177 5355
f 5355 6177 5356
f 6177 6178 5356
f 5356 6178 5359
f 6178 6179 5359
f 5359 6179 5306
f 6179 6180 5306
f 5306 6180 5301
f 6180 6181 5301
f 5301 6181 5307
f 6181 6182 5307
f 5307 6182 5308
f 6182 6183 5308
f 5308 6183 5309
f 6183 6184 5309
f 5309 6184 5258
f 6184 6185 5258
f 5258 6185 5259
f 6185 6186 5259
f 5259 6186 5261
f 6186 6187 5261
f 5261 6187 5263
f 6187 6188 5263
f 5263 6188 5264
f 6188 6127 5264
f 5264 6127 5125
f 6127 6128 5125
f 5125 6128 5127
f 6128 6121 5127
f 5127 6121 5128
f 6121 6119 5128
f 5128 6119 5186
f 6119 6136 5186
f 5186 6136 5187
f 6136 6135 5187
f 5187 6135 5189
f 6135 6134 5189
f 5189 6134 5190
f 6134 6114 5190
f 5190 6114 5265
f 6114 6113 5265
f 5265 6113 5266
f 6113 6140 5266
f 5266 6140 5267
f 6140 6142 5267
f 5267 6142 5235
f 6142 6167 5235
f 5235 6167 5236
f 6167 6166 5236
f 5236 6166 5271
f 6166 6164 5271
f 5271 6164 5270
f 6164 6163 5270
f 5270 6163 5268
f 6163 6203 5268
f 5268 6203 5272
f 6203 6202 5272
f 5272 6202 5273
f 6202 6201 5273
f 5273 6201 5275
f 6201 6159 5275
f 5275 6159 5276
f 6159 6161 5276
f 5276 6161 5322
f 6161 6162 5322
f 5322 6162 5321
f 6162 6133 5321
f 5321 6133 5319
f 6133 6132 5319
f 5319 6132 5317
f 6132 6130 5317
f 5317 6130 5326
f 6130 6129 5326
f 5326 6129 5327
f 6129 6125 5327
f 5327 6125 5131
f 6125 6123 5131
f 5131 6123 5129
f 6123 6122 5129
f 5129 6122 5065
f 6122 6110 5065
f 5065 6110 5066
f 6110 6109 5066
f 5066 6109 5075
f 6109 6157 5075
f 5075 6157 5076
f 6157 6158 5076
f 5076 6158 5059
f 6158 6117 5059
f 5059 6117 5060
f 6117 6116 5060
f 5060 6116 5062
f 6116 6145 5062
f 5062 6145 5063
f 6145 6146 5063
f 5055 6473 5056
f 6473 6474 5056
f 5056 6474 5098
f 6474 6536 5098
f 5098 6536 5099
f 6536 6535 5099
f 5099 6535 5101
f 6535 6489 5101
f 5101 6489 5102
f 6489 6488 5102
f 5102 6488 5103
f 6488 6534 5103
f 5103 6534 5104
f 6534 6533 5104
f 5104 6533 5161
f 6533 6532 5161
f 5161 6532 5082
f 6532 6531 5082
f 5082 6531 5334
f 6531 6661 5334
f 5334 6661 5333
f 6661 6660 5333
f 5333 6660 5331
f 6660 6659 5331
f 5331 6659 5346
f 6659 6658 5346
f 5346 6658 5286
f 6658 6657 5286
f 5286 6657 5285
f 6657 6604 5285
f 5285 6604 5284
f 6604 6603 5284
f 5284 6603 5283
f 6603 6602 5283
f 5283 6602 5282
f 6602 6545 5282
f 5282 6545 5281
f 6545 6544 5281
f 5281 6544 5280
f 6544 6672 5280
f 5280 6672 5164
f 6672 6554 5164
f 5164 6554 5165
f 6554 6556 5165
f 5165 6556 5205
f 6556 6557 5205
f 5205 6557 5206
f 6557 6530 5206
f 5206 6530 5207
f 6530 6553 5207
f 5207 6553 5166
f 6553 6552 5166
f 5166 6552 5167
f 6552 6551 5167
f 5167 6551 5148
f 6551 6483 5148
f 5148 6483 5147
f 6483 6482 5147
f 5147 6482 5146
f 6482 6527 5146
f 5146 6527 5149
f 6527 6526 5149
f 5149 6526 5150
f 6526 6525 5150
f 5150 6525 5151
f 6525 6513 5151
f 5151 6513 5108
f 6513 6512 5108
f 5108 6512 5109
f 6512 6510 5109
f 5109 6510 5173
f 6510 6509 5173
f 5173 6509 5174
f 6509 6498 5174
f 5174 6498 5175
f 6498 6500 5175
f 5175 6500 5176
f 6500 6502 5176
f 5176 6502 5210
f 6502 6503 5210
f 5210 6503 5211
f 6503 6522 5211
f 5211 6522 5212
f 6522 6521 5212
f 5212 6521 5347
f 6521 6520 5347
f 5347 6520 5214
f 6520 6493 5214
f 5214 6493 5213
f 6493 6495 5213
f 5213 6495 5154
f 6495 6497 5154
f 5154 6497 5215
f 6497 6621 5215
f 5215 6621 5216
f 6621 6623 5216
f 5216 6623 5338
f 6623 6624 5338
f 5338 6624 5339
f 6624 6625 5339
f 5339 6625 5340
f 6625 6539 5340
f 5340 6539 5256
f 6539 6548 5256
f 5256 6548 5257
f 6548 6593 5257
f 5257 6593 5296
f 6593 6592 5296
f 5296 6592 5297
f 6592 6591 5297
f 5297 6591 5298
f 6591 6590 5298
f 5298 6590 5299
f 6590 6589 5299
f 5299 6589 5300
f 6589 6588 5300
f 5300 6588 5302
f 6588 6587 5302
f 5302 6587 5303
f 6587 6586 5303
f 5303 6586 5304
f 6586 6585 5304
f 5304 6585 5305
f 6585 6584 5305
f 5305 6584 5360
f 6584 6583 5360
f 5360 6583 5361
f 6583 6582 5361
f 5361 6582 5351
f 6582 6581 5351
f 5351 6581 5226
f 6581 6580 5226
f 5226 6580 5177
f 6580 6579 5177
f 5177 6579 5178
f 6579 6578 5178
f 5178 6578 5253
f 6578 6577 5253
f 5253 6577 5254
f 6577 6576 5254
f 5254 6576 5095
f 6576 6472 5095
f 5095 6472 5055
f 6472 6473 5055
f 5243 6696 5242
f 6696 6674 5242
f 5242 6674 5193
f 6674 6675 5193
f 5193 6675 5192
f 6675 6673 5192
f 5192 6673 5191
f 6673 6641 5191
f 5191 6641 5106
f 6641 6640 5106
f 5106 6640 5107
f 6640 6639 5107
f 5107 6639 5143
f 6639 6572 5143
f 5143 6572 5142
f 6572 6617 5142
f 5142 6617 5141
f 6617 6619 5141
f 5141 6619 5328
f 6619 6636 5328
f 5328 6636 5329
f 6636 6638 5329
f 5329 6638 5330
f 6638 6664 5330
f 5330 6664 5279
f 6664 6663 5279
f 5279 6663 5278
f 6663 6662 5278
f 5278 6662 5144
f 6662 6616 5144
f 5144 6616 5145
f 6616 6615 5145
f 5145 6615 5194
f 6615 6613 5194
f 5194 6613 5195
f 6613 6612 5195
f 5195 6612 5196
f 6612 6611 5196
f 5196 6611 5197
f 6611 6609 5197
f 5197 6609 5200
f 6609 6608 5200
f 5200 6608 5199
f 6608 6569 5199
f 5199 6569 5198
f 6569 6568 5198
f 5198 6568 5201
f 6568 6566 5201
f 5201 6566 5202
f 6566 6565 5202
f 5202 6565 5203
f 6565 6564 5203
f 5203 6564 5204
f 6564 6562 5204
f 5204 6562 5332
f 6562 6607 5332
f 5332 6607 5080
f 6607 6606 5080
f 5080 6606 5081
f 6606 6605 5081
f 5081 6605 5083
f 6605 6560 5083
f 5083 6560 5084
f 6560 6733 5084
f 5084 6733 5155
f 6733 6685 5155
f 5155 6685 5156
f 6685 6656 5156
f 5156 6656 5134
f 6656 6670 5134
f 5134 6670 5135
f 6670 6669 5135
f 5135 6669 5136
f 6669 6668 5136
f 5136 6668 5137
f 6668 6519 5137
f 5137 6519 5157
f 6519 6518 5157
f 5157 6518 5158
f 6518 6517 5158
f 5158 6517 5138
f 6517 6516 5138
f 5138 6516 5139
f 6516 6515 5139
f 5139 6515 5140
f 6515 6514 5140
f 5140 6514 5159
f 6514 6485 5159
f 5159 6485 5160
f 6485 6484 5160
f 5160 6484 5162
f 6484 6492 5162
f 5162 6492 5163
f 6492 6491 5163
f 5163 6491 5105
f 6491 6490 5105
f 5105 6490 5100
f 6490 6650 5100
f 5100 6650 5117
f 6650 6700 5117
f 5117 6700 5088
f 6700 6649 5088
f 5088 6649 5089
f 6649 6665 5089
f 5089 6665 5090
f 6665 6629 5090
f 5090 6629 5118
f 6629 6647 5118
f 5118 6647 5119
f 6647 6648 5119
f 5119 6648 5120
f 6648 6628 5120
f 5120 6628 5093
f 6628 6642 5093
f 5093 6642 5092
f 6642 6643 5092
f 5092 6643 5091
f 6643 6644 5091
f 5091 6644 5121
f 6644 6645 5121
f 5121 6645 5122
f 6645 6646 5122
f 5122 6646 5123
f 6646 6686 5123
f 5123 6686 5237
f 6686 6687 5237
f 5237 6687 5238
f 6687 6688 5238
f 5238 6688 5239
f 6688 6689 5239
f 5239 6689 5240
f 6689 6690 5240
f 5240 6690 5241
f 6690 6691 5241
f 5241 6691 5208
f 6691 6692 5208
f 5208 6692 5209
f 6692 6693 5209
f 5209 6693 5245
f 6693 6694 5245
f 5245 6694 5244
f 6694 6695 5244
f 5244 6695 5243
f 6695 6696 5243
f 5111 6401 5112
f 6401 6387 5112
f 5112 6387 5113
f 6387 6389 5113
f 5113 6389 5114
f 6389 6390 5114
f 5114 6390 5115
f 6390 6354 5115
f 5115 6354 5116
f 6354 6353 5116
f 5116 6353 5087
f 6353 6351 5087
f 5087 6351 5086
f 6351 6350 5086
f 5086 6350 5085
f 6350 6349 5085
f 5085 6349 5287
f 6349 6347 5287
f 5287 6347 5288
f 6347 6384 5288
f 5288 6384 5335
f 6384 6383 5335
f 5335 6383 5336
f 6383 6382 5336
f 5336 6382 5337
f 6382 6381 5337
f 5337 6381 5168
f 6381 6380 5168
f 5168 6380 5169
f 6380 6379 5169
f 5169 6379 5170
f 6379 6411 5170
f 5170 6411 5171
f 6411 6412 5171
f 5171 6412 5172
f 6412 6413 5172
f 5172 6413 5054
f 6413 6414 5054
f 5054 6414 5067
f 6414 6415 5067
f 5067 6415 5068
f 6415 6342 5068
f 5068 6342 5069
f 6342 6425 5069
f 5069 6425 5070
f 6425 6426 5070
f 5070 6426 5071
f 6426 6427 5071
f 5071 6427 5072
f 6427 6428 5072
f 5072 6428 5073
f 6428 6429 5073
f 5073 6429 5074
f 6429 6430 5074
f 5074 6430 5057
f 6430 6406 5057
f 5057 6406 5058
f 6406 6407 5058
f 5058 6407 5077
f 6407 6408 5077
f 5077 6408 5078
f 6408 6409 5078
f 5078 6409 5079
f 6409 6410 5079
f 5079 6410 5132
f 6410 6364 5132
f 5132 6364 5133
f 6364 6360 5133
f 5133 6360 5097
f 6360 6362 5097
f 5097 6362 5096
f 6362 6361 5096
f 5096 6361 5094
f 6361 6396 5094
f 5094 6396 5289
f 6396 6378 5289
f 5289 6378 5290
f 6378 6355 5290
f 5290 6355 5291
f 6355 6356 5291
f 5291 6356 5225
f 6356 6357 5225
f 5225 6357 5348
f 6357 6358 5348
f 5348 6358 5292
f 6358 6359 5292
f 5292 6359 5252
f 6359 6366 5252
f 5252 6366 5364
f 6366 6367 5364
f 5364 6367 5362
f 6367 6368 5362
f 5362 6368 5249
f 6368 6369 5249
f 5249 6369 5248
f 6369 6370 5248
f 5248 6370 5220
f 6370 6371 5220
f 5220 6371 5227
f 6371 6372 5227
f 5227 6372 5180
f 6372 6373 5180
f 5180 6373 5181
f 6373 6374 5181
f 5181 6374 5182
f 6374 6375 5182
f 5182 6375 5183
f 6375 6376 5183
f 5183 6376 5184
f 6376 6377 5184
f 5184 6377 5185
f 6377 6385 5185
f 5185 6385 5230
f 6385 6365 5230
f 5230 6365 5229
f 6365 6424 5229
f 5229 6424 5228
f 6424 6423 5228
f 5228 6423 5231
f 6423 6341 5231
f 5231 6341 5232
f 6341 6395 5232
f 5232 6395 5233
f 6395 6394 5233
f 5233 6394 5310
f 6394 6422 5310
f 5310 6422 5311
f 6422 6421 5311
f 5311 6421 5312
f 6421 6420 5312
f 5312 6420 5313
f 6420 6419 5313
f 5313 6419 5314
f 6419 6417 5314
f 5314 6417 5341
f 6417 6416 5341
f 5341 6416 5342
f 6416 6405 5342
f 5342 6405 5343
f 6405 6404 5343
f 5343 6404 5110
f 6404 6402 5110
f 5110 6402 5111
f 6402 6401 5111
f 3350 2745 8194
f 2745 2761 8194
f 2776 2775 8194
f 2761 2760 8194
f 2760 2759 8194
f 8194 2759 2743
f 2738 2766 8194
f 2766 2765 8194
f 8194 2765 2772
f 2787 8194 2788
f 8194 2789 2788
f 2743 2742 8194
f 2742 2740 8194
f 8194 2740 2739
f 2772 2771 8194
f 2771 2770 8194
f 8194 2770 2769
f 2769 2778 8194
f 2778 2777 8194
f 8194 2777 2776
f 2787 2794 8194
f 8194 2794 2792
f 2739 2736 8194
f 2736 2738 8194
f 2775 2784 8194
f 2784 2783 8194
f 8194 2783 2782
f 2782 2781 8194
f 2781 2790 8194
f 8194 2790 2789
f 8194 2792 8195
f 2792 2791 8195
f 8195 2791 2748
f 2758 8196 2752
f 8196 8195 2752
f 2752 8195 2750
f 8195 2748 2750
f 2755 2754 8197
f 2758 2757 8196
f 8196 2757 8197
f 2757 2756 8197
f 8197 2756 2755
f 2754 2946 8197
f 8197 2946 8198
f 2946 2945 8198
f 2945 2944 8198
f 8198 2944 8199
f 2940 8200 2942
f 8200 8199 2942
f 2942 8199 2943
f 8199 2944 2943
f 2940 2955 8200
f 8200 2955 8201
f 2955 2954 8201
f 2954 2953 8201
f 8201 2953 8202
f 2953 2952 8202
f 2952 2951 8202
f 8202 2951 8203
f 2951 2950 8203
f 2950 2949 8203
f 8203 2949 8204
f 2949 2948 8204
f 2948 2947 8204
f 8204 2947 8205
f 2961 8206 2962
f 8206 8205 2962
f 2962 8205 2963
f 8205 2947 2963
f 2961 2960 8206
f 2960 2959 8206
f 8206 2959 8207
f 2959 2958 8207
f 2958 2957 8207
f 8207 2957 8208
f 2957 2937 8208
f 8208 2937 8209
f 2937 2936 8209
f 2936 2970 8209
f 8209 2970 8210
f 2970 2969 8210
f 8210 2969 8211
f 2965 8212 2967
f 8212 8211 2967
f 2967 8211 2968
f 8211 2969 2968
f 2965 2979 8212
f 2979 2978 8212
f 8212 2978 8213
f 2978 2977 8213
f 2977 2975 8213
f 8213 2975 8214
f 2973 8215 2971
f 8215 8214 2971
f 2971 8214 2974
f 8214 2975 2974
f 2973 2980 8215
f 8215 2980 8216
f 2980 2982 8216
f 2982 2988 8216
f 8216 2988 8217
f 2988 2987 8217
f 2987 2986 8217
f 8217 2986 8218
f 8218 2986 8219
f 2986 2984 8219
f 2984 2983 8219
f 8219 2983 8220
f 2983 2989 8220
f 2989 2991 8220
f 8220 2991 8221
f 2991 2992 8221
f 2992 2994 8221
f 8221 2994 8222
f 2994 2996 8222
f 2996 2995 8222
f 8222 2995 8223
f 2995 3003 8223
f 8223 3003 8224
f 3003 3002 8224
f 3002 3000 8224
f 8224 3000 8225
f 3004 8226 2997
f 8226 8225 2997
f 2997 8225 2998
f 8225 3000 2998
f 3864 8227 3011
f 8227 8226 3011
f 3011 8226 3006
f 8226 3004 3006
f 3864 3863 8227
f 3863 3871 8227
f 8227 3871 8228
f 3871 3870 8228
f 8228 3870 8229
f 3874 8230 3867
f 8230 8229 3867
f 3867 8229 3865
f 8229 3870 3865
f 8231 8232 8158
f 8158 8232 8157
f 8232 8233 8157
f 8233 8234 8157
f 8157 8234 8156
f 8234 8235 8156
f 8156 8235 3290
f 8231 8158 8236
f 8158 8159 8236
f 8236 8159 8237
f 8159 8160 8237
f 8237 8160 8238
f 8160 8161 8238
f 8238 8161 8239
f 8161 8076 8239
f 8239 8076 8077
f 3861 8230 3887
f 8230 3882 3887
f 3878 3885 8230
f 3885 3883 8230
f 8230 3883 3882
f 3861 3860 8230
f 8230 3860 3890
f 3872 8230 3873
f 8230 3874 3873
f 3872 3876 8230
f 8230 3876 3881
f 3881 3879 8230
f 3879 3878 8230
f 3350 8240 8241
f 8242 8243 3351
f 8243 8244 3351
f 3351 8244 3914
f 8244 8245 3914
f 3914 8245 3915
f 8245 8246 3915
f 3915 8246 3917
f 8247 3893 3897
f 8246 8248 3917
f 8248 8249 3917
f 3917 8249 3918
f 8249 8250 3918
f 8247 3897 8251
f 8252 8253 3350
f 8253 8254 3350
f 3350 8254 8240
f 8255 8256 3351
f 8256 8257 3351
f 3351 8257 8242
f 3893 8247 3894
f 8247 8258 3894
f 3894 8258 3890
f 8213 8259 8212
f 8259 8260 8212
f 8212 8260 8211
f 8260 8261 8211
f 8261 8262 8211
f 8211 8262 8210
f 8214 8263 8213
f 8263 8264 8213
f 8213 8264 8259
f 8265 8266 3351
f 8266 8267 3351
f 3351 8267 8255
f 8250 8268 3918
f 8268 8269 3918
f 3918 8269 3911
f 8269 8270 3911
f 8270 8271 3911
f 3911 8271 3913
f 8262 8272 8210
f 8272 8273 8210
f 8210 8273 8209
f 8215 8274 8214
f 8274 8275 8214
f 8214 8275 8263
f 8273 8276 8209
f 8276 8277 8209
f 8209 8277 8208
f 8258 8278 3890
f 8278 8279 3890
f 3890 8279 8230
f 8279 8280 8230
f 8216 8281 8215
f 8281 8282 8215
f 8215 8282 8274
f 8283 8284 8194
f 8284 8285 8194
f 8194 8285 3350
f 8285 8286 3350
f 3350 8286 8252
f 8287 8288 3350
f 8288 8289 3350
f 3350 8289 3351
f 8289 8290 3351
f 3351 8290 8265
f 8271 8291 3913
f 8291 8292 3913
f 3913 8292 3908
f 8292 8293 3908
f 3908 8293 3909
f 8293 8294 3909
f 3909 8294 3905
f 8277 8295 8208
f 8295 8296 8208
f 8208 8296 8207
f 8217 8297 8216
f 8297 8298 8216
f 8216 8298 8281
f 8280 8299 8230
f 8299 8300 8230
f 8230 8300 8229
f 8300 8301 8229
f 8229 8301 8228
f 8301 8302 8228
f 8228 8302 8227
f 8302 8303 8227
f 8227 8303 8226
f 8303 8304 8226
f 8226 8304 8225
f 8304 8305 8225
f 8225 8305 8224
f 8305 8306 8224
f 8224 8306 8223
f 8306 8307 8223
f 8223 8307 8222
f 8307 8308 8222
f 8222 8308 8221
f 8296 8309 8207
f 8309 8310 8207
f 8207 8310 8206
f 8311 8312 3350
f 8312 8313 3350
f 3350 8313 8287
f 8218 8314 8217
f 8314 8315 8217
f 8217 8315 8297
f 3897 3896 8251
f 3896 3900 8251
f 8251 3900 8316
f 3900 3899 8316
f 8316 3899 8317
f 3899 3903 8317
f 8317 3903 8318
f 3903 3902 8318
f 8318 3902 8319
f 3902 3906 8319
f 8319 3906 8320
f 3906 3905 8320
f 8320 3905 8321
f 3905 8294 8321
f 8310 8322 8206
f 8322 8323 8206
f 8206 8323 8205
f 8219 8324 8218
f 8324 8325 8218
f 8218 8325 8314
f 8241 8326 3350
f 8326 8327 3350
f 3350 8327 8311
f 8323 8328 8205
f 8328 8329 8205
f 8205 8329 8204
f 8220 8330 8219
f 8330 8331 8219
f 8219 8331 8324
f 8329 8332 8204
f 8332 8333 8204
f 8204 8333 8203
f 8308 8334 8221
f 8334 8335 8221
f 8221 8335 8220
f 8335 8336 8220
f 8220 8336 8330
f 8333 8337 8203
f 8337 8338 8203
f 8203 8338 8202
f 8338 8339 8202
f 8202 8339 8201
f 8339 8340 8201
f 8201 8340 8200
f 8340 8341 8200
f 8200 8341 8199
f 8341 8342 8199
f 8199 8342 8198
f 8342 8343 8198
f 8198 8343 8197
f 8343 8344 8197
f 8197 8344 8196
f 8344 8345 8196
f 8196 8345 8195
f 8345 8346 8195
f 8195 8346 8194
f 8346 8347 8194
f 8194 8347 8283
f 8348 8349 8350
f 8351 8352 8353
f 5987 5989 8354
f 8355 8356 8357
f 8358 8359 8360
f 8357 8356 8361
f 8356 8362 8361
f 8362 8363 8361
f 8361 8363 8358
f 8363 8364 8358
f 8358 8364 8359
f 8365 5859 5858
f 8355 8357 8366
f 8357 8365 8366
f 8366 8365 8367
f 8365 5858 8367
f 5987 8368 8369
f 5987 8354 8368
f 8368 8354 8370
f 8354 8371 8370
f 8370 8371 8372
f 8372 8371 8373
f 8371 8374 8373
f 8373 8374 8375
f 8375 8374 8376
f 8374 8377 8376
f 8376 8377 8378
f 8378 8377 8379
f 8377 8380 8379
f 8379 8380 8381
f 8381 8380 8382
f 8380 8383 8382
f 8382 8383 8384
f 8385 8386 8383
f 8386 8384 8383
f 8387 8388 8385
f 8388 8389 8385
f 8385 8389 8386
f 8390 8391 8387
f 8391 8392 8387
f 8387 8392 8388
f 8393 8394 8395
f 8394 8396 8395
f 8395 8396 8390
f 8396 8397 8390
f 8390 8397 8391
f 8393 8395 8398
f 8395 8399 8398
f 8398 8399 8400
f 8400 8399 8401
f 8399 8402 8401
f 8401 8402 8403
f 8403 8402 8404
f 8402 8405 8404
f 8404 8405 8406
f 8353 8352 8405
f 8352 8407 8405
f 8405 8407 8406
f 8408 8409 8353
f 8409 8410 8353
f 8353 8410 8351
f 8411 8412 8413
f 8413 8414 8411
f 8414 8415 8411
f 8411 8415 8408
f 8415 8416 8408
f 8408 8416 8409
f 8350 8349 8417
f 8349 8418 8417
f 8418 8419 8417
f 8417 8419 8412
f 8419 8420 8412
f 8412 8420 8413
f 8421 8422 8423
f 8423 8424 8421
f 8424 8425 8421
f 8421 8425 8350
f 8425 8426 8350
f 8350 8426 8348
f 8427 8428 8429
f 8428 8430 8429
f 8429 8430 8422
f 8430 8431 8422
f 8422 8431 8423
f 8429 8432 8427
f 8432 8433 8427
f 8427 8433 8434
f 8435 8436 8433
f 8436 8434 8433
f 8437 8438 8439
f 8439 8440 8437
f 8440 8441 8437
f 8437 8441 8435
f 8441 8442 8435
f 8435 8442 8436
f 8443 8444 8445
f 8445 8446 8443
f 8446 8447 8443
f 8443 8447 8438
f 8447 8448 8438
f 8438 8448 8439
f 8449 8450 8451
f 8451 8452 8449
f 8449 8452 8444
f 8452 8453 8444
f 8444 8453 8445
f 8359 8454 8360
f 8360 8454 8450
f 8454 8455 8450
f 8450 8455 8451
f 5859 8456 5863
f 5863 8456 5862
f 8456 8457 5862
f 5862 8457 5856
f 8457 8458 5856
f 5856 8458 5865
f 5865 8458 5853
f 8458 8459 5853
f 5853 8459 5867
f 8459 8460 5867
f 5867 8460 5871
f 5871 8460 5872
f 8460 8461 5872
f 5872 8461 5878
f 5878 8461 5879
f 8461 8462 5879
f 5879 8462 5875
f 8462 8463 5875
f 5875 8463 5884
f 5884 8463 5882
f 8463 8464 5882
f 5882 8464 5885
f 8464 8465 5885
f 5885 8465 5892
f 5892 8465 5890
f 8465 8466 5890
f 5890 8466 5893
f 8466 8467 5893
f 5893 8467 5895
f 5899 5897 8468
f 8468 5897 8467
f 5897 5895 8467
f 5899 8468 5902
f 8468 8469 5902
f 5902 8469 5904
f 5911 5906 8470
f 5906 5909 8470
f 8470 5909 8469
f 5909 5904 8469
f 5911 8470 5912
f 8470 8471 5912
f 5912 8471 5914
f 5914 8471 5921
f 8471 8472 5921
f 5921 8472 5919
f 5919 8472 5917
f 8472 8473 5917
f 5917 8473 5915
f 5915 8473 5929
f 8473 8474 5929
f 5929 8474 5927
f 5927 8474 5925
f 8474 8475 5925
f 5925 8475 5932
f 5936 5934 8476
f 8476 5934 8475
f 5934 5932 8475
f 5936 8476 5938
f 8476 8477 5938
f 5938 8477 5940
f 5944 5942 8478
f 8478 5942 8477
f 5942 5940 8477
f 5944 8478 5946
f 8478 8479 5946
f 5946 8479 5948
f 5952 5950 8480
f 8480 5950 8479
f 5950 5948 8479
f 8481 8482 5958
f 5958 5956 8481
f 8481 5956 8480
f 5956 5954 8480
f 8480 5954 5952
f 8483 8484 5965
f 5965 5961 8483
f 8483 5961 8482
f 5961 5959 8482
f 8482 5959 5958
f 8485 8486 5970
f 5970 5969 8485
f 8485 5969 8484
f 5969 5967 8484
f 8484 5967 5965
f 8487 8488 5975
f 5975 5977 8487
f 8487 5977 8486
f 5977 5980 8486
f 8486 5980 5970
f 8489 8490 5983
f 5983 5971 8489
f 8489 5971 8488
f 5971 5973 8488
f 8488 5973 5975
f 5989 5991 8491
f 8491 5991 8490
f 5991 5994 8490
f 8490 5994 5983
f 8492 8473 8493
f 8473 8472 8493
f 8493 8472 8494
f 8472 8471 8494
f 8494 8471 8495
f 8471 8470 8495
f 8495 8470 8496
f 8470 8469 8496
f 8496 8469 8497
f 8469 8468 8497
f 8497 8468 8498
f 8468 8467 8498
f 8498 8467 8499
f 8467 8466 8499
f 8499 8466 8500
f 8466 8465 8500
f 8500 8465 8501
f 8465 8464 8501
f 8501 8464 8502
f 8464 8463 8502
f 8502 8463 8503
f 8463 8462 8503
f 8503 8462 8504
f 8462 8461 8504
f 8504 8461 8505
f 8461 8460 8505
f 8505 8460 8506
f 8460 8459 8506
f 8506 8459 8507
f 8459 8458 8507
f 8507 8458 8508
f 8458 8457 8508
f 8508 8457 8509
f 8457 8456 8509
f 8509 8456 8510
f 8456 5859 8510
f 8510 5859 8511
f 5859 8365 8511
f 8511 8365 8512
f 8365 8357 8512
f 8512 8357 8513
f 8357 8361 8513
f 8513 8361 8514
f 8361 8358 8514
f 8514 8358 8515
f 8358 8360 8515
f 8515 8360 8516
f 8360 8450 8516
f 8516 8450 8517
f 8450 8449 8517
f 8517 8449 8518
f 8449 8444 8518
f 8518 8444 8519
f 8444 8443 8519
f 8519 8443 8520
f 8443 8438 8520
f 8520 8438 8521
f 8438 8437 8521
f 8521 8437 8522
f 8437 8435 8522
f 8522 8435 8523
f 8435 8433 8523
f 8523 8433 8524
f 8433 8432 8524
f 8524 8432 8525
f 8432 8429 8525
f 8525 8429 8526
f 8429 8422 8526
f 8526 8422 8527
f 8422 8421 8527
f 8527 8421 8528
f 8421 8350 8528
f 8350 8417 8528
f 8528 8417 8529
f 8417 8412 8529
f 8529 8412 8530
f 8412 8411 8530
f 8530 8411 8531
f 8411 8408 8531
f 8531 8408 8532
f 8408 8353 8532
f 8532 8353 8533
f 8353 8405 8533
f 8533 8405 8534
f 8405 8402 8534
f 8534 8402 8535
f 8402 8399 8535
f 8535 8399 8536
f 8399 8395 8536
f 8536 8395 8537
f 8395 8390 8537
f 8537 8390 8538
f 8390 8387 8538
f 8538 8387 8539
f 8387 8385 8539
f 8539 8385 8540
f 8385 8383 8540
f 8540 8383 8541
f 8383 8380 8541
f 8541 8380 8542
f 8380 8377 8542
f 8542 8377 8543
f 8377 8374 8543
f 8543 8374 8544
f 8374 8371 8544
f 8544 8371 8545
f 8371 8354 8545
f 8545 8354 8546
f 8354 5989 8546
f 8546 5989 8547
f 5989 8491 8547
f 8547 8491 8548
f 8491 8490 8548
f 8548 8490 8549
f 8490 8489 8549
f 8549 8489 8550
f 8489 8488 8550
f 8550 8488 8551
f 8488 8487 8551
f 8551 8487 8552
f 8487 8486 8552
f 8552 8486 8553
f 8486 8485 8553
f 8553 8485 8554
f 8485 8484 8554
f 8554 8484 8555
f 8484 8483 8555
f 8555 8483 8556
f 8483 8482 8556
f 8556 8482 8557
f 8482 8481 8557
f 8557 8481 8558
f 8481 8480 8558
f 8558 8480 8559
f 8480 8479 8559
f 8559 8479 8560
f 8479 8478 8560
f 8560 8478 8561
f 8478 8477 8561
f 8561 8477 8562
f 8477 8476 8562
f 8562 8476 8563
f 8476 8475 8563
f 8563 8475 8492
f 8475 8474 8492
f 8492 8474 8473
f 8246 8245 8493
f 8245 8492 8493
f 8246 8493 8248
f 8493 8494 8248
f 8248 8494 8249
f 8249 8494 8250
f 8494 8495 8250
f 8250 8495 8268
f 8268 8495 8269
f 8495 8496 8269
f 8269 8496 8270
f 8270 8496 8271
f 8496 8497 8271
f 8271 8497 8291
f 8291 8497 8292
f 8497 8498 8292
f 8292 8498 8293
f 8293 8498 8294
f 8498 8499 8294
f 8294 8499 8321
f 8321 8499 8320
f 8499 8500 8320
f 8320 8500 8319
f 8319 8500 8318
f 8500 8501 8318
f 8318 8501 8317
f 8501 8502 8317
f 8317 8502 8316
f 8502 8503 8316
f 8316 8503 8251
f 8503 8504 8251
f 8251 8504 8247
f 8504 8505 8247
f 8247 8505 8258
f 8505 8506 8258
f 8258 8506 8278
f 8506 8507 8278
f 8278 8507 8279
f 8507 8508 8279
f 8279 8508 8280
f 8508 8509 8280
f 8280 8509 8299
f 8509 8510 8299
f 8299 8510 8300
f 8510 8511 8300
f 8300 8511 8301
f 8511 8512 8301
f 8301 8512 8302
f 8512 8513 8302
f 8302 8513 8303
f 8513 8514 8303
f 8303 8514 8304
f 8514 8515 8304
f 8304 8515 8305
f 8515 8516 8305
f 8305 8516 8306
f 8516 8517 8306
f 8306 8517 8307
f 8517 8518 8307
f 8307 8518 8308
f 8518 8519 8308
f 8308 8519 8334
f 8520 8521 8331
f 8331 8330 8520
f 8330 8336 8520
f 8520 8336 8519
f 8336 8335 8519
f 8519 8335 8334
f 8522 8523 8315
f 8315 8314 8522
f 8314 8325 8522
f 8522 8325 8521
f 8325 8324 8521
f 8521 8324 8331
f 8524 8525 8282
f 8282 8281 8524
f 8281 8298 8524
f 8524 8298 8523
f 8298 8297 8523
f 8523 8297 8315
f 8526 8527 8264
f 8264 8263 8526
f 8263 8275 8526
f 8526 8275 8525
f 8275 8274 8525
f 8525 8274 8282
f 8529 8261 8528
f 8261 8260 8528
f 8528 8260 8527
f 8260 8259 8527
f 8527 8259 8264
f 8530 8272 8529
f 8272 8262 8529
f 8529 8262 8261
f 8531 8276 8530
f 8276 8273 8530
f 8530 8273 8272
f 8532 8295 8531
f 8295 8277 8531
f 8531 8277 8276
f 8533 8309 8532
f 8309 8296 8532
f 8532 8296 8295
f 8534 8322 8533
f 8322 8310 8533
f 8533 8310 8309
f 8535 8328 8534
f 8328 8323 8534
f 8534 8323 8322
f 8536 8332 8535
f 8332 8329 8535
f 8535 8329 8328
f 8555 8240 8554
f 8240 8254 8554
f 8554 8254 8553
f 8254 8253 8553
f 8553 8253 8552
f 8253 8252 8552
f 8552 8252 8551
f 8252 8286 8551
f 8551 8286 8550
f 8286 8285 8550
f 8550 8285 8549
f 8285 8284 8549
f 8549 8284 8548
f 8284 8283 8548
f 8548 8283 8547
f 8283 8347 8547
f 8547 8347 8546
f 8347 8346 8546
f 8546 8346 8545
f 8346 8345 8545
f 8545 8345 8544
f 8345 8344 8544
f 8544 8344 8543
f 8344 8343 8543
f 8543 8343 8542
f 8343 8342 8542
f 8542 8342 8541
f 8342 8341 8541
f 8541 8341 8540
f 8341 8340 8540
f 8540 8340 8539
f 8340 8339 8539
f 8539 8339 8538
f 8339 8338 8538
f 8538 8338 8537
f 8338 8337 8537
f 8537 8337 8536
f 8337 8333 8536
f 8536 8333 8332
f 8556 8326 8555
f 8326 8241 8555
f 8555 8241 8240
f 8557 8311 8556
f 8311 8327 8556
f 8556 8327 8326
f 8558 8313 8557
f 8313 8312 8557
f 8557 8312 8311
f 8559 8288 8558
f 8288 8287 8558
f 8558 8287 8313
f 8560 8290 8559
f 8290 8289 8559
f 8559 8289 8288
f 8561 8266 8560
f 8266 8265 8560
f 8560 8265 8290
f 8562 8255 8561
f 8255 8267 8561
f 8561 8267 8266
f 8563 8257 8562
f 8257 8256 8562
f 8562 8256 8255
f 8245 8244 8492
f 8244 8243 8492
f 8492 8243 8563
f 8243 8242 8563
f 8563 8242 8257
f 8363 8362 8564
f 8356 8355 8565
f 8566 4193 4199
f 8566 8567 8568
f 8569 8568 8567
f 8569 8570 8571
f 8572 8573 8571
f 8572 8574 8573
f 8575 8576 8574
f 8576 8573 8574
f 8577 8576 8575
f 8578 8579 8577
f 8578 8577 8575
f 8578 8580 8579
f 8581 8580 8578
f 8581 8582 8583
f 8583 8580 8581
f 8584 8585 8582
f 8584 8582 8581
f 8586 8585 8584
f 8587 8588 8586
f 8589 8588 8587
f 8590 8589 8587
f 8591 8592 8590
f 8592 8589 8590
f 8593 8594 8595
f 8595 8596 8591
f 8597 8598 8593
f 8598 8594 8593
f 8599 8600 8601
f 8366 8367 8599
f 8367 5858 8599
f 8599 5858 8602
f 8599 8602 8600
f 8566 4199 8567
f 4199 4197 8567
f 8355 8366 8565
f 8366 8599 8565
f 8565 8599 8603
f 8599 8601 8603
f 8603 8601 8604
f 8601 8597 8604
f 8597 8593 8604
f 8604 8593 8605
f 8593 8595 8605
f 8595 8591 8605
f 8605 8591 8606
f 8591 8590 8606
f 8606 8590 8607
f 8590 8587 8607
f 8607 8587 8608
f 8587 8586 8608
f 8608 8586 8609
f 8586 8584 8609
f 8584 8581 8609
f 8609 8581 8610
f 8581 8578 8610
f 8610 8578 8611
f 8578 8575 8611
f 8611 8575 8612
f 8575 8574 8612
f 8612 8574 8613
f 8574 8572 8613
f 8613 8572 8614
f 8569 8567 8570
f 8570 8567 4197
f 8362 8356 8564
f 8356 8565 8564
f 8564 8565 8615
f 8565 8603 8615
f 8615 8603 8616
f 8603 8604 8616
f 8616 8604 8617
f 8604 8605 8617
f 8617 8605 8618
f 8605 8606 8618
f 8618 8606 8619
f 8606 8607 8619
f 8619 8607 8620
f 8607 8608 8620
f 8620 8608 8621
f 8621 8608 8622
f 8608 8609 8622
f 8622 8609 8623
f 8609 8610 8623
f 8623 8610 8624
f 8610 8611 8624
f 8611 8612 8624
f 8624 8612 8625
f 8612 8613 8625
f 8625 8613 8626
f 8613 8614 8626
f 8626 8614 4196
f 8364 8363 8627
f 8363 8564 8627
f 8627 8564 8628
f 8564 8615 8628
f 8628 8615 8629
f 8615 8616 8629
f 8629 8616 8630
f 8616 8617 8630
f 8630 8617 8631
f 8617 8618 8631
f 8631 8618 8632
f 8618 8619 8632
f 8632 8619 8633
f 8619 8620 8633
f 8633 8620 8634
f 8620 8621 8634
f 8634 8621 8635
f 8621 8622 8635
f 8635 8622 8636
f 8622 8623 8636
f 8636 8623 8637
f 8623 8624 8637
f 8637 8624 8638
f 8624 8625 8638
f 8638 8625 8639
f 8625 8626 8639
f 8639 8626 8640
f 8626 4196 8640
f 8640 4196 4201
f 8571 8570 8572
f 8572 8570 8614
f 8570 4197 8614
f 8614 4197 4196
f 4201 4203 8640
f 4203 8641 8640
f 8640 8641 8639
f 8641 8642 8639
f 8639 8642 8638
f 8642 8643 8638
f 8638 8643 8637
f 8643 8644 8637
f 8637 8644 8636
f 8644 8645 8636
f 8636 8645 8635
f 8645 8646 8635
f 8635 8646 8634
f 8634 8646 8633
f 8646 8647 8633
f 8633 8647 8632
f 8647 8648 8632
f 8632 8648 8631
f 8648 8649 8631
f 8631 8649 8630
f 8649 8650 8630
f 8630 8650 8629
f 8650 8651 8629
f 8629 8651 8628
f 8651 8652 8628
f 8628 8652 8627
f 8364 8627 8359
f 8627 8652 8359
f 8653 8654 8655
f 8654 8656 8657
f 8656 8658 8659
f 8376 8378 8660
f 8378 8661 8660
f 8662 8660 8661
f 8663 8662 8661
f 8664 8663 8665
f 8378 8379 8661
f 8379 8381 8661
f 8661 8381 8666
f 8381 8382 8666
f 8666 8382 8667
f 8382 8384 8667
f 8384 8386 8667
f 8667 8386 8668
f 8386 8389 8668
f 8668 8389 8669
f 8389 8388 8669
f 8388 8392 8669
f 8669 8392 8670
f 8392 8391 8670
f 8391 8397 8670
f 8670 8397 8671
f 8397 8396 8671
f 8671 8396 8672
f 8396 8394 8672
f 8394 8393 8672
f 8393 8398 8672
f 8672 8398 8673
f 8398 8400 8673
f 8673 8400 8674
f 8400 8401 8674
f 8401 8403 8674
f 8674 8403 8675
f 8403 8404 8675
f 8675 8404 8676
f 8404 8406 8676
f 8406 8407 8676
f 8676 8407 8677
f 8407 8352 8677
f 8352 8351 8677
f 8351 8410 8677
f 8410 8409 8677
f 8677 8409 8678
f 8409 8416 8678
f 8416 8415 8678
f 8678 8415 8679
f 8415 8414 8679
f 8679 8414 8680
f 8414 8413 8680
f 8413 8420 8680
f 8680 8420 8681
f 8420 8419 8681
f 8419 8418 8681
f 8418 8349 8681
f 8681 8349 8682
f 8349 8348 8682
f 8348 8426 8682
f 8682 8426 8683
f 8426 8425 8683
f 8683 8425 8684
f 8425 8424 8684
f 8424 8423 8684
f 8684 8423 8685
f 8423 8431 8685
f 8431 8430 8685
f 8685 8430 8686
f 8430 8428 8686
f 8428 8427 8686
f 8686 8427 8687
f 8427 8434 8687
f 8687 8434 8688
f 8434 8436 8688
f 8436 8442 8688
f 8442 8441 8688
f 8688 8441 8689
f 8441 8440 8689
f 8440 8439 8689
f 8689 8439 8690
f 8439 8448 8690
f 8448 8447 8690
f 8690 8447 8691
f 8447 8446 8691
f 8691 8446 8692
f 8446 8445 8692
f 8445 8453 8692
f 8692 8453 8693
f 8453 8452 8693
f 8693 8452 8694
f 8452 8451 8694
f 8695 8694 8454
f 8454 8694 8455
f 8694 8451 8455
f 8696 8697 8698
f 8697 8699 8698
f 8698 8699 8700
f 8699 8701 8700
f 8701 8702 8703
f 8702 8704 8703
f 8704 8705 8706
f 8705 8707 8706
f 8707 8708 8709
f 8708 8710 8709
f 8710 8711 8712
f 8711 8713 8712
f 8713 8714 8715
f 8714 8716 8715
f 8717 8718 8719
f 8718 8720 8719
f 8721 8722 8723
f 8722 8724 8723
f 8723 8724 8725
f 8724 8726 8725
f 8725 8726 8727
f 8726 8728 8727
f 8728 8729 8730
f 8729 8731 8730
f 8730 8731 8732
f 8731 8733 8732
f 8734 8735 8736
f 8735 8737 8736
f 8736 8737 8738
f 8658 8696 8659
f 8696 8698 8659
f 8659 8698 8739
f 8698 8700 8739
f 8700 8701 8740
f 8701 8703 8740
f 8703 8704 8741
f 8704 8706 8741
f 8706 8707 8742
f 8707 8709 8742
f 8709 8710 8743
f 8710 8712 8743
f 8712 8713 8715
f 8715 8716 8744
f 8716 8717 8745
f 8717 8719 8745
f 8745 8719 8746
f 8719 8720 8746
f 8747 8721 8748
f 8721 8723 8748
f 8748 8723 8749
f 8723 8725 8749
f 8727 8728 8750
f 8728 8730 8750
f 8733 8751 8752
f 8751 8734 8752
f 8656 8659 8657
f 8659 8739 8657
f 8739 8700 8753
f 8700 8740 8753
f 8740 8703 8754
f 8703 8741 8754
f 8741 8706 8755
f 8706 8742 8755
f 8742 8709 8756
f 8709 8743 8756
f 8743 8712 8757
f 8712 8715 8757
f 8757 8715 8744
f 8744 8716 8758
f 8716 8745 8758
f 8758 8745 8759
f 8745 8746 8759
f 8746 8720 8760
f 8720 8761 8760
f 8760 8761 8762
f 8761 8747 8762
f 8762 8747 8763
f 8747 8748 8763
f 8725 8727 8764
f 8727 8750 8764
f 8732 8733 8765
f 8733 8752 8765
f 8752 8734 8766
f 8734 8736 8766
f 8766 8736 8767
f 8736 8738 8767
f 8767 8738 8768
f 8657 8739 8769
f 8739 8753 8769
f 8753 8740 8770
f 8740 8754 8770
f 8754 8741 8771
f 8741 8755 8771
f 8755 8742 8772
f 8742 8756 8772
f 8756 8743 8773
f 8743 8757 8773
f 8744 8758 8774
f 8749 8725 8775
f 8725 8764 8775
f 8750 8730 8776
f 8730 8732 8776
f 8776 8732 8777
f 8732 8765 8777
f 8765 8752 8778
f 8752 8766 8778
f 8778 8766 8779
f 8766 8767 8779
f 8779 8767 8780
f 8767 8768 8780
f 8769 8753 8781
f 8753 8770 8781
f 8770 8754 8782
f 8754 8771 8782
f 8771 8755 8783
f 8755 8772 8783
f 8772 8756 8784
f 8756 8773 8784
f 8757 8744 8785
f 8744 8774 8785
f 8759 8746 8786
f 8746 8760 8786
f 8763 8748 8787
f 8748 8749 8787
f 8787 8749 8788
f 8749 8775 8788
f 8764 8750 8789
f 8750 8776 8789
f 8789 8776 8790
f 8776 8777 8790
f 8765 8778 8791
f 8778 8779 8791
f 8781 8770 8792
f 8770 8782 8792
f 8782 8771 8793
f 8771 8783 8793
f 8783 8772 8794
f 8772 8784 8794
f 8773 8757 8795
f 8757 8785 8795
f 8795 8785 8796
f 8785 8774 8796
f 8774 8758 8797
f 8758 8759 8797
f 8797 8759 8798
f 8759 8786 8798
f 8786 8760 8799
f 8760 8762 8799
f 8799 8762 8800
f 8762 8763 8800
f 8800 8763 8801
f 8763 8787 8801
f 8775 8764 8802
f 8764 8789 8802
f 8802 8789 8803
f 8789 8790 8803
f 8777 8765 8804
f 8765 8791 8804
f 8791 8779 8805
f 8779 8780 8805
f 8780 8768 8806
f 8654 8657 8655
f 8657 8769 8655
f 8769 8781 8807
f 8781 8792 8807
f 8792 8782 8808
f 8782 8793 8808
f 8784 8773 8809
f 8773 8795 8809
f 8809 8795 8810
f 8795 8796 8810
f 8796 8774 8811
f 8774 8797 8811
f 8798 8786 8812
f 8786 8799 8812
f 8812 8799 8813
f 8799 8800 8813
f 8813 8800 8814
f 8800 8801 8814
f 8788 8775 8815
f 8775 8802 8815
f 8815 8802 8816
f 8802 8803 8816
f 8790 8777 8817
f 8777 8804 8817
f 8805 8780 8818
f 8780 8806 8818
f 8818 8806 8819
f 8655 8769 8820
f 8769 8807 8820
f 8794 8784 8821
f 8784 8809 8821
f 8821 8809 8822
f 8809 8810 8822
f 8810 8796 8811
f 8811 8797 8823
f 8797 8798 8824
f 8798 8812 8824
f 8824 8812 8825
f 8812 8813 8825
f 8801 8787 8826
f 8787 8788 8826
f 8826 8788 8827
f 8788 8815 8827
f 8803 8790 8828
f 8790 8817 8828
f 8804 8791 8829
f 8791 8805 8829
f 8653 8655 8830
f 8655 8820 8830
f 8783 8794 8831
f 8794 8821 8831
f 8831 8821 8832
f 8821 8822 8832
f 8822 8810 8833
f 8810 8811 8833
f 8833 8811 8834
f 8811 8823 8834
f 8823 8797 8835
f 8797 8824 8835
f 8825 8813 8836
f 8813 8814 8836
f 8814 8801 8837
f 8801 8826 8837
f 8816 8803 8838
f 8803 8828 8838
f 8817 8804 8839
f 8804 8829 8839
f 8829 8805 8840
f 8805 8818 8840
f 8830 8820 8841
f 8820 8807 8841
f 8793 8783 8831
f 8831 8832 8842
f 8836 8814 8843
f 8814 8837 8843
f 8827 8815 8844
f 8815 8816 8844
f 8844 8816 8845
f 8816 8838 8845
f 8828 8817 8846
f 8817 8839 8846
f 8846 8839 8847
f 8839 8829 8847
f 8847 8829 8848
f 8829 8840 8848
f 8840 8818 8849
f 8818 8819 8849
f 8849 8819 8850
f 8808 8793 8851
f 8793 8831 8851
f 8851 8831 8852
f 8831 8842 8852
f 8834 8823 8853
f 8823 8835 8853
f 8835 8824 8854
f 8824 8825 8854
f 8854 8825 8855
f 8825 8836 8855
f 8837 8826 8856
f 8826 8827 8856
f 8856 8827 8857
f 8827 8844 8857
f 8838 8828 8858
f 8828 8846 8858
f 8858 8846 8859
f 8846 8847 8859
f 8658 8656 8664
f 8664 8656 8860
f 8656 8654 8860
f 8860 8654 8861
f 8654 8653 8861
f 8861 8653 3959
f 8841 8807 8862
f 8807 8792 8862
f 8792 8808 8863
f 8808 8851 8863
f 8833 8834 8864
f 8834 8853 8864
f 8853 8835 6962
f 8835 8854 6962
f 6962 8854 6964
f 8854 8855 6964
f 8855 8836 8865
f 8836 8843 8865
f 8865 8843 8866
f 8843 8837 8866
f 8866 8837 8867
f 8837 8856 8867
f 8867 8856 6967
f 8856 8857 6967
f 8857 8844 8868
f 8844 8845 8868
f 8845 8838 8869
f 8838 8858 8869
f 8869 8858 8870
f 8858 8859 8870
f 8848 8840 8871
f 8840 8849 8871
f 8871 8849 8872
f 8849 8850 8872
f 8872 8850 8873
f 8862 8792 6954
f 8792 8863 6954
f 8832 8822 6960
f 8822 8833 6960
f 6964 8855 6965
f 8855 8865 6965
f 6965 8865 6966
f 8865 8866 6966
f 8866 8867 6968
f 8867 6967 6968
f 6967 8857 6970
f 8857 8868 6970
f 8868 8845 6972
f 8845 8869 6972
f 8454 8359 8695
f 8359 8652 8695
f 8668 8669 8874
f 8669 8670 8874
f 8874 8670 8875
f 8670 8671 8875
f 8676 8677 8876
f 8683 8684 8877
f 8684 8685 8877
f 8877 8685 8878
f 8685 8686 8878
f 8878 8686 8879
f 8686 8687 8879
f 8879 8687 8880
f 8687 8688 8880
f 8880 8688 8881
f 8688 8689 8881
f 8693 8694 8882
f 8694 8695 8882
f 8882 8695 8883
f 8695 8652 8883
f 8666 8667 8884
f 8667 8668 8884
f 8884 8668 8885
f 8668 8874 8885
f 8671 8672 8886
f 8672 8673 8886
f 8886 8673 8887
f 8673 8674 8887
f 8876 8677 8888
f 8677 8678 8888
f 8682 8683 8889
f 8683 8877 8889
f 8883 8652 8651
f 8661 8666 8890
f 8666 8884 8890
f 8885 8874 8891
f 8874 8875 8891
f 8875 8671 8892
f 8671 8886 8892
f 8679 8680 8893
f 8680 8681 8893
f 8893 8681 8894
f 8681 8682 8894
f 8894 8682 8895
f 8682 8889 8895
f 8878 8879 8896
f 8879 8880 8896
f 8896 8880 8897
f 8880 8881 8897
f 8881 8689 8898
f 8689 8690 8898
f 8898 8690 8899
f 8690 8691 8899
f 8899 8691 8900
f 8691 8692 8900
f 8692 8693 8901
f 8693 8882 8901
f 8901 8882 8902
f 8882 8883 8902
f 8902 8883 8903
f 8883 8651 8903
f 8663 8661 8904
f 8661 8890 8904
f 8890 8884 8905
f 8884 8885 8905
f 8891 8875 8906
f 8875 8892 8906
f 8892 8886 8907
f 8886 8887 8907
f 8675 8676 8908
f 8676 8876 8908
f 8678 8679 8909
f 8679 8893 8909
f 8889 8877 8910
f 8877 8878 8910
f 8910 8878 8911
f 8878 8896 8911
f 8897 8881 8912
f 8881 8898 8912
f 8912 8898 8913
f 8898 8899 8913
f 8913 8899 8914
f 8899 8900 8914
f 8900 8692 8915
f 8692 8901 8915
f 8915 8901 8916
f 8901 8902 8916
f 8903 8651 8650
f 8904 8890 8917
f 8890 8905 8917
f 8906 8892 8918
f 8892 8907 8918
f 8674 8675 8919
f 8675 8908 8919
f 8919 8908 8920
f 8908 8876 8920
f 8888 8678 8921
f 8678 8909 8921
f 8895 8889 8922
f 8889 8910 8922
f 8922 8910 8923
f 8910 8911 8923
f 8914 8900 8924
f 8900 8915 8924
f 8924 8915 8925
f 8915 8916 8925
f 8916 8902 8926
f 8902 8903 8926
f 8663 8904 8927
f 8904 8917 8927
f 8891 8906 8928
f 8906 8918 8928
f 8887 8674 8929
f 8674 8919 8929
f 8929 8919 8930
f 8919 8920 8930
f 8920 8876 8931
f 8876 8888 8931
f 8888 8921 8931
f 8909 8893 8932
f 8893 8894 8932
f 8932 8894 8933
f 8894 8895 8933
f 8933 8895 8934
f 8895 8922 8934
f 8911 8896 8935
f 8896 8897 8935
f 8935 8897 8936
f 8897 8912 8936
f 8936 8912 8937
f 8912 8913 8937
f 8937 8913 8938
f 8913 8914 8938
f 8938 8914 8939
f 8914 8924 8939
f 8939 8924 8940
f 8924 8925 8940
f 8925 8916 8941
f 8916 8926 8941
f 8926 8903 8942
f 8903 8650 8942
f 8905 8885 8943
f 8885 8891 8943
f 8943 8891 8944
f 8891 8928 8944
f 8907 8887 8945
f 8887 8929 8945
f 8945 8929 8946
f 8929 8930 8946
f 8920 8931 8947
f 8947 8931 8948
f 8931 8921 8948
f 8921 8909 8949
f 8909 8932 8949
f 8949 8932 8950
f 8932 8933 8950
f 8923 8911 8951
f 8911 8935 8951
f 8951 8935 8952
f 8935 8936 8952
f 8952 8936 8953
f 8936 8937 8953
f 8940 8925 8954
f 8925 8941 8954
f 8942 8650 8649
f 8917 8905 8955
f 8905 8943 8955
f 8955 8943 8956
f 8943 8944 8956
f 8918 8907 8945
f 8945 8946 8957
f 8930 8920 8958
f 8920 8947 8958
f 8948 8921 8959
f 8921 8949 8959
f 8959 8949 8960
f 8949 8950 8960
f 8934 8922 8961
f 8922 8923 8961
f 8961 8923 8962
f 8923 8951 8962
f 8962 8951 8963
f 8951 8952 8963
f 8953 8937 8964
f 8937 8938 8964
f 8964 8938 8965
f 8938 8939 8965
f 8965 8939 8966
f 8939 8940 8966
f 8966 8940 8967
f 8940 8954 8967
f 8941 8926 8968
f 8926 8942 8968
f 8968 8942 8969
f 8942 8649 8969
f 8969 8649 8648
f 8927 8917 8970
f 8917 8955 8970
f 8970 8955 8697
f 8955 8956 8697
f 8928 8918 8971
f 8918 8945 8971
f 8971 8945 8972
f 8945 8957 8972
f 8946 8930 8973
f 8930 8958 8973
f 8947 8948 8974
f 8948 8959 8974
f 8974 8959 8975
f 8959 8960 8975
f 8950 8933 8976
f 8933 8934 8976
f 8976 8934 8977
f 8934 8961 8977
f 8977 8961 8978
f 8961 8962 8978
f 8963 8952 8979
f 8952 8953 8979
f 8979 8953 8980
f 8953 8964 8980
f 8980 8964 8981
f 8964 8965 8981
f 8954 8941 8982
f 8941 8968 8982
f 8982 8968 8983
f 8968 8969 8983
f 8983 8969 8984
f 8969 8648 8984
f 8663 8927 8665
f 8927 8970 8665
f 8665 8970 8696
f 8970 8697 8696
f 8944 8928 8985
f 8928 8971 8985
f 8985 8971 8986
f 8971 8972 8986
f 8957 8946 8708
f 8946 8973 8708
f 8958 8947 8987
f 8947 8974 8987
f 8987 8974 8714
f 8974 8975 8714
f 8960 8950 8718
f 8950 8976 8718
f 8978 8962 8988
f 8962 8963 8988
f 8988 8963 8722
f 8963 8979 8722
f 8722 8979 8724
f 8979 8980 8724
f 8724 8980 8726
f 8980 8981 8726
f 8965 8966 8989
f 8966 8967 8989
f 8989 8967 8990
f 8967 8954 8990
f 8990 8954 8991
f 8954 8982 8991
f 8991 8982 8992
f 8982 8983 8992
f 8984 8648 8647
f 8664 8665 8658
f 8665 8696 8658
f 8956 8944 8993
f 8944 8985 8993
f 8993 8985 8702
f 8985 8986 8702
f 8986 8972 8705
f 8972 8957 8705
f 8705 8957 8707
f 8957 8708 8707
f 8973 8958 8711
f 8958 8987 8711
f 8975 8960 8717
f 8960 8718 8717
f 8977 8978 8994
f 8978 8988 8994
f 8994 8988 8721
f 8988 8722 8721
f 8981 8965 8729
f 8965 8989 8729
f 8990 8991 8751
f 8991 8992 8751
f 8992 8983 8735
f 8983 8984 8735
f 8735 8984 8737
f 8984 8647 8737
f 8735 8734 8992
f 8734 8751 8992
f 8751 8733 8990
f 8733 8731 8990
f 8990 8731 8989
f 8731 8729 8989
f 8729 8728 8981
f 8728 8726 8981
f 8721 8747 8994
f 8747 8761 8994
f 8994 8761 8977
f 8761 8720 8977
f 8977 8720 8976
f 8720 8718 8976
f 8717 8716 8975
f 8716 8714 8975
f 8714 8713 8987
f 8713 8711 8987
f 8711 8710 8973
f 8710 8708 8973
f 8705 8704 8986
f 8704 8702 8986
f 8702 8701 8993
f 8701 8699 8993
f 8993 8699 8956
f 8699 8697 8956
f 8647 8646 8737
f 8737 8646 8738
f 8646 8645 8738
f 8738 8645 8768
f 8645 8644 8768
f 8768 8644 8806
f 8644 8643 8806
f 8806 8643 8819
f 8643 8642 8819
f 8819 8642 8850
f 8642 8641 8850
f 8850 8641 8873
f 8641 4203 8873
f 3959 8653 6950
f 8653 8830 6950
f 6950 8830 6951
f 8830 8841 6951
f 6951 8841 6952
f 8841 8862 6952
f 6952 8862 6953
f 8862 6954 6953
f 6954 8863 6955
f 8863 8851 6955
f 6955 8851 6956
f 8851 8852 6956
f 6956 8852 6957
f 8852 8842 6957
f 6957 8842 6958
f 8842 8832 6958
f 6958 8832 6959
f 8832 6960 6959
f 6960 8833 6961
f 8833 8864 6961
f 6961 8864 6963
f 8864 8853 6963
f 8853 6962 6963
f 6966 8866 6969
f 8866 6968 6969
f 6970 8868 6971
f 8868 6972 6971
f 6972 8869 6973
f 8869 8870 6973
f 6973 8870 6974
f 8870 8859 6974
f 6974 8859 6975
f 8859 8847 6975
f 6975 8847 6976
f 8847 8848 6976
f 6976 8848 6977
f 8848 8871 6977
f 6977 8871 6978
f 8871 8872 6978
f 6978 8872 6979
f 8872 8873 6979
f 6979 8873 6947
f 8873 4203 6947
f 5995 5993 8995
f 5985 5984 8996
f 5974 5972 8997
f 5981 5979 8998
f 5963 5964 8999
f 5957 5960 9000
f 5951 5953 9001
f 5947 5949 9002
f 5943 5945 9003
f 5939 5941 9004
f 5935 5937 9005
f 5923 5933 9006
f 5928 5926 9007
f 5918 5916 9008
f 5922 5920 9009
f 5907 5913 9010
f 9011 9012 9013
f 9013 9012 9014
f 9014 9015 9016
f 9016 9015 3965
f 9017 9018 9011
f 5988 5987 9019
f 8602 5858 5857
f 8601 8600 9020
f 4193 8566 4194
f 4194 8566 9021
f 8566 8568 9021
f 9021 8568 9022
f 8568 8569 9022
f 9022 8569 9023
f 8569 8571 9023
f 9023 8571 9024
f 8571 8573 9024
f 8573 8576 9024
f 9024 8576 9025
f 8576 8577 9025
f 5857 5860 8602
f 8602 5860 9026
f 5860 5861 9026
f 9026 5861 9027
f 8597 8601 9028
f 8601 9020 9028
f 9028 9020 9029
f 4192 4194 9030
f 4194 9021 9030
f 9030 9021 9031
f 9021 9022 9031
f 9031 9022 9032
f 9022 9023 9032
f 9032 9023 9033
f 9023 9024 9033
f 9033 9024 9034
f 9024 9025 9034
f 8598 8597 9028
f 9028 9029 9035
f 9035 9029 9036
f 9029 9037 9036
f 9036 9037 9038
f 9030 9031 9039
f 9039 9031 9040
f 9031 9032 9040
f 9032 9033 9040
f 9040 9033 9041
f 9041 9033 9042
f 9033 9034 9042
f 9042 9034 9043
f 9039 4190 9030
f 4190 4192 9030
f 5861 5864 9027
f 9027 5864 9037
f 5864 5855 9037
f 9037 5855 9038
f 8594 8598 9044
f 8598 9028 9044
f 9044 9028 9035
f 9036 9038 9045
f 9045 9038 9046
f 4190 9039 4187
f 4187 9039 9047
f 9039 9040 9047
f 9047 9040 9048
f 9040 9041 9048
f 9048 9041 9049
f 9041 9042 9049
f 9049 9042 9050
f 9042 9043 9050
f 9050 9043 9051
f 8595 8594 9052
f 8594 9044 9052
f 9052 9044 9053
f 9044 9035 9053
f 9053 9035 9036
f 9045 9046 9054
f 9054 9046 9055
f 4185 4187 9056
f 4187 9047 9056
f 9056 9047 9057
f 9047 9048 9057
f 9057 9048 9058
f 9048 9049 9058
f 9058 9049 9059
f 9049 9050 9059
f 9059 9050 9060
f 9050 9051 9060
f 9060 9051 9061
f 5855 5854 9038
f 5854 5852 9038
f 9038 5852 9046
f 5852 5851 9046
f 9046 5851 9055
f 5851 5866 9055
f 8596 8595 9062
f 8595 9052 9062
f 9062 9052 9063
f 9052 9053 9063
f 9063 9053 9064
f 9053 9036 9064
f 9064 9036 9045
f 9054 9055 9065
f 9065 9055 9066
f 4183 4185 9067
f 4185 9056 9067
f 9067 9056 9068
f 9056 9057 9068
f 9068 9057 9069
f 9057 9058 9069
f 9069 9058 9070
f 9058 9059 9070
f 9070 9059 9071
f 9059 9060 9071
f 9071 9060 9072
f 9072 9060 9073
f 9060 9061 9073
f 9073 9061 9074
f 8591 8596 8592
f 8592 8596 9062
f 9054 9065 9075
f 9065 9066 9076
f 4183 9067 4188
f 4188 9067 9077
f 9077 9067 9078
f 9067 9068 9078
f 9078 9068 9079
f 9068 9069 9079
f 9079 9069 9070
f 9070 9071 9080
f 9080 9071 9072
f 9072 9073 9081
f 9081 9073 9074
f 5866 5870 9055
f 5870 5869 9055
f 9055 5869 9066
f 5869 5868 9066
f 9066 5868 9076
f 8589 8592 9082
f 8592 9062 9082
f 9082 9062 9083
f 9062 9063 9083
f 9083 9063 9084
f 9063 9064 9084
f 9084 9064 9085
f 9064 9045 9085
f 9085 9045 9086
f 9045 9054 9086
f 9086 9054 9075
f 9075 9065 9087
f 9087 9065 9088
f 9065 9076 9088
f 9088 9076 9089
f 4189 4188 9090
f 4188 9077 9090
f 9090 9077 9091
f 9077 9078 9091
f 9091 9078 9092
f 9078 9079 9092
f 9092 9079 9093
f 9079 9070 9093
f 9093 9070 9094
f 9070 9080 9094
f 9094 9080 9095
f 9080 9072 9095
f 9095 9072 9096
f 9072 9081 9096
f 9096 9081 9097
f 9081 9074 9097
f 9097 9074 9098
f 9074 9099 9098
f 9098 9099 9100
f 9082 9083 9101
f 9101 9083 9102
f 9083 9084 9102
f 9102 9084 9103
f 9084 9085 9103
f 9103 9085 9104
f 9085 9086 9104
f 9104 9086 9105
f 9086 9075 9105
f 9105 9075 9087
f 9088 9089 9106
f 9106 9089 9107
f 4189 9090 4178
f 4178 9090 9108
f 9090 9091 9108
f 9108 9091 9109
f 9091 9092 9109
f 9109 9092 9110
f 9092 9093 9110
f 9110 9093 9111
f 9093 9094 9111
f 9111 9094 9112
f 9094 9095 9112
f 9112 9095 9113
f 9095 9096 9113
f 9096 9097 9113
f 9113 9097 9114
f 9097 9098 9114
f 9114 9098 9115
f 9098 9100 9115
f 9115 9100 9116
f 5868 5873 9076
f 5873 5874 9076
f 9076 5874 9089
f 5874 5877 9089
f 9089 5877 9107
f 8588 8589 9082
f 9104 9105 9117
f 9105 9087 9118
f 9087 9088 9118
f 9118 9088 9106
f 9106 9107 9119
f 9119 9107 9120
f 4179 4178 9121
f 4178 9108 9121
f 9121 9108 9122
f 9108 9109 9122
f 9122 9109 9123
f 9109 9110 9123
f 9123 9110 9124
f 9124 9110 9125
f 9110 9111 9125
f 9125 9111 9126
f 9111 9112 9126
f 9126 9112 9127
f 9112 9113 9127
f 9127 9113 9128
f 9113 9114 9128
f 9128 9114 9129
f 9114 9115 9129
f 9129 9115 9130
f 9115 9116 9130
f 9130 9116 9131
f 5877 5876 9107
f 5876 5883 9107
f 9107 5883 5881
f 8586 8588 9132
f 8588 9082 9132
f 9132 9082 9101
f 9103 9104 9133
f 9133 9104 9117
f 9117 9105 9134
f 9134 9105 9118
f 9118 9106 9135
f 9135 9106 9136
f 9106 9119 9136
f 9119 9120 9137
f 4180 4179 9138
f 4179 9121 9138
f 9121 9122 9138
f 9122 9123 9139
f 9123 9124 9139
f 9124 9125 9140
f 9125 9126 9140
f 9127 9128 9141
f 9141 9128 9142
f 9128 9129 9142
f 5880 9143 5881
f 9143 9120 5881
f 5881 9120 9107
f 8585 8586 9132
f 9132 9101 9144
f 9144 9101 9145
f 9101 9102 9145
f 9145 9102 9146
f 9102 9103 9146
f 9146 9103 9133
f 9133 9117 9147
f 9147 9117 9134
f 4182 9138 9148
f 9138 9122 9148
f 9148 9122 9149
f 9122 9139 9149
f 9149 9139 9150
f 9139 9124 9150
f 9124 9140 9150
f 9150 9140 9151
f 9140 9126 9151
f 9126 9127 9151
f 9151 9127 9152
f 9127 9141 9152
f 9141 9142 9152
f 9152 9142 9153
f 9142 9129 9153
f 9129 9130 9153
f 9153 9130 9154
f 9154 9130 9155
f 9130 9131 9155
f 4182 4180 9138
f 5880 5887 9143
f 5887 5886 9143
f 9143 5886 9156
f 8582 8585 9157
f 8585 9132 9157
f 9157 9132 9144
f 9133 9147 9158
f 9147 9134 9159
f 9134 9118 9159
f 9159 9118 9135
f 9136 9119 9160
f 9160 9119 9137
f 4173 4182 9161
f 4182 9148 9161
f 9148 9149 9161
f 9161 9149 9162
f 9149 9150 9162
f 9162 9150 9163
f 9150 9151 9163
f 9163 9151 9164
f 9151 9152 9164
f 9164 9152 9165
f 9152 9153 9165
f 9165 9153 9166
f 9153 9154 9166
f 9166 9154 9167
f 9154 9155 9167
f 9167 9155 9168
f 8583 8582 9169
f 8582 9157 9169
f 9169 9157 9144
f 9144 9145 9170
f 9170 9145 9171
f 9145 9146 9171
f 9171 9146 9172
f 9146 9133 9172
f 9172 9133 9158
f 9158 9147 9173
f 9173 9147 9174
f 9147 9159 9174
f 9174 9159 9175
f 9159 9135 9175
f 9175 9135 9176
f 9135 9136 9176
f 9176 9136 9160
f 9160 9137 9177
f 9177 9137 9178
f 9178 9179 9180
f 9180 9179 9181
f 4174 4173 9182
f 4173 9161 9182
f 9182 9161 9183
f 9161 9162 9183
f 9183 9162 9184
f 9162 9163 9184
f 9184 9163 9185
f 9163 9164 9185
f 9185 9164 9186
f 9164 9165 9186
f 9186 9165 9187
f 9165 9166 9187
f 9187 9166 9188
f 9166 9167 9188
f 9188 9167 9189
f 9167 9168 9189
f 9189 9168 9190
f 8580 8583 9169
f 9169 9144 9191
f 9191 9144 9170
f 9172 9158 9192
f 9192 9158 9173
f 9160 9177 9193
f 9193 9177 9194
f 9177 9178 9194
f 9194 9178 9180
f 4176 4174 9195
f 4174 9182 9195
f 9195 9182 9196
f 9182 9183 9196
f 9196 9183 9197
f 9183 9184 9197
f 9197 9184 9198
f 9184 9185 9198
f 9198 9185 9199
f 9199 9185 9200
f 9185 9186 9200
f 9200 9186 9201
f 9186 9187 9201
f 9201 9187 9202
f 9187 9188 9202
f 9202 9188 9203
f 9188 9189 9203
f 9203 9189 9204
f 9189 9190 9204
f 9204 9190 9205
f 5886 5891 9156
f 5891 5889 9156
f 9156 5889 9179
f 5889 5888 9179
f 9179 5888 9181
f 5888 5894 9181
f 9181 5894 9206
f 8579 8580 9207
f 8580 9169 9207
f 9207 9169 9191
f 9172 9192 9208
f 9192 9173 9100
f 9173 9174 9100
f 9100 9174 9209
f 9174 9175 9209
f 9209 9175 9210
f 9175 9176 9210
f 9176 9160 9210
f 9210 9160 9193
f 9181 9206 9211
f 9211 9206 9212
f 4170 4176 9213
f 4176 9195 9213
f 9213 9195 9214
f 9214 9195 9215
f 9195 9196 9215
f 9215 9196 9216
f 9216 9196 9217
f 9196 9197 9217
f 9217 9197 9218
f 9197 9198 9218
f 9218 9198 9219
f 9198 9199 9219
f 9219 9199 9220
f 9199 9200 9220
f 9220 9200 9221
f 9200 9201 9221
f 9221 9201 9222
f 9201 9202 9222
f 9222 9202 9223
f 9223 9202 9224
f 9202 9203 9224
f 9224 9203 9225
f 9203 9204 9225
f 9225 9204 9226
f 9204 9205 9226
f 9226 9205 9227
f 5894 5896 9206
f 5896 5898 9206
f 9206 5898 5900
f 8577 8579 9025
f 8579 9207 9025
f 9025 9207 9228
f 9207 9191 9228
f 9228 9191 9229
f 9191 9170 9229
f 9229 9170 9230
f 9170 9171 9230
f 9230 9171 9231
f 9171 9172 9231
f 9231 9172 9208
f 9208 9192 9099
f 9099 9192 9100
f 9100 9209 9116
f 9116 9209 9131
f 9209 9210 9131
f 9193 9194 9168
f 9168 9194 9190
f 9194 9180 9190
f 9190 9180 9205
f 9180 9181 9205
f 9205 9181 9211
f 9211 9212 9232
f 9232 9212 9233
f 4170 9213 4171
f 4171 9213 9234
f 9213 9214 9234
f 9226 9227 9235
f 5901 9236 5900
f 9236 9212 5900
f 5900 9212 9206
f 9237 9233 9236
f 9233 9212 9236
f 9179 9178 9156
f 9178 9137 9156
f 9156 9137 9143
f 9137 9120 9143
f 9037 9029 9027
f 9029 9020 9027
f 9027 9020 9026
f 9020 8600 9026
f 9026 8600 8602
f 4171 9234 4172
f 4172 9234 9238
f 9234 9214 9238
f 9238 9214 9239
f 9214 9215 9239
f 9239 9215 9240
f 9215 9216 9240
f 9216 9217 9240
f 9240 9217 9241
f 9217 9218 9241
f 9241 9218 9242
f 9218 9219 9242
f 9242 9219 9243
f 9219 9220 9243
f 9243 9220 9244
f 9220 9221 9244
f 9244 9221 9245
f 9221 9222 9245
f 9222 9223 9245
f 9245 9223 9246
f 9223 9224 9246
f 9246 9224 9247
f 9224 9225 9247
f 9247 9225 9248
f 9225 9226 9248
f 9226 9235 9248
f 9248 9235 9233
f 4168 4172 9249
f 4172 9238 9249
f 9249 9238 9250
f 9238 9239 9250
f 9250 9239 9251
f 9239 9240 9251
f 9251 9240 9252
f 9240 9241 9252
f 9252 9241 9253
f 9241 9242 9253
f 9253 9242 9254
f 9242 9243 9254
f 9254 9243 9255
f 9243 9244 9255
f 9255 9244 9256
f 9244 9245 9256
f 9256 9245 9257
f 9245 9246 9257
f 9257 9246 9258
f 9246 9247 9258
f 9258 9247 9259
f 9247 9248 9259
f 9259 9248 9260
f 9248 9233 9260
f 5901 5903 9236
f 5903 5905 9236
f 9236 5905 9237
f 5905 5910 9237
f 9237 5910 5908
f 4169 4168 9261
f 4168 9249 9261
f 9261 9249 9262
f 9249 9250 9262
f 9262 9250 9263
f 9250 9251 9263
f 9263 9251 9264
f 9251 9252 9264
f 9264 9252 9265
f 9252 9253 9265
f 9265 9253 9266
f 9253 9254 9266
f 9266 9254 9267
f 9254 9255 9267
f 9267 9255 9268
f 9268 9255 9269
f 9255 9256 9269
f 9269 9256 9270
f 9256 9257 9270
f 9270 9257 9271
f 9257 9258 9271
f 9271 9258 9272
f 9258 9259 9272
f 9272 9259 9273
f 9259 9260 9273
f 9273 9260 9274
f 9025 9228 9034
f 9034 9228 9043
f 9228 9229 9043
f 9043 9229 9051
f 9229 9230 9051
f 9051 9230 9061
f 9230 9231 9061
f 9061 9231 9074
f 9231 9208 9074
f 9074 9208 9099
f 9131 9210 9155
f 9210 9193 9155
f 9155 9193 9168
f 9205 9211 9227
f 9227 9211 9235
f 9211 9232 9235
f 9235 9232 9233
f 9233 9237 9260
f 9260 9237 9274
f 9237 5908 9274
f 4631 4169 9275
f 4169 9261 9275
f 9275 9261 9276
f 9276 9261 9277
f 9261 9262 9277
f 9277 9262 9278
f 9262 9263 9278
f 9278 9263 9279
f 9263 9264 9279
f 9279 9264 9280
f 9264 9265 9280
f 9280 9265 9281
f 9265 9266 9281
f 9281 9266 9282
f 9266 9267 9282
f 9282 9267 9283
f 9267 9268 9283
f 9283 9268 9284
f 9268 9269 9284
f 9284 9269 9285
f 9269 9270 9285
f 9285 9270 9286
f 9286 9270 9287
f 9270 9271 9287
f 9271 9272 9287
f 9287 9272 9288
f 9288 9272 9289
f 9272 9273 9289
f 9289 9273 9290
f 9273 9274 9290
f 9290 9274 9010
f 9010 9274 5907
f 9274 5908 5907
f 4631 9275 4633
f 4633 9275 9291
f 9275 9276 9291
f 9291 9276 9292
f 9276 9277 9292
f 9292 9277 9293
f 9277 9278 9293
f 9293 9278 9294
f 9278 9279 9294
f 9279 9280 9294
f 9294 9280 9295
f 9280 9281 9295
f 9295 9281 9296
f 9281 9282 9296
f 9296 9282 9297
f 9282 9283 9297
f 9297 9283 9298
f 9283 9284 9298
f 9298 9284 9299
f 9284 9285 9299
f 9299 9285 9300
f 9285 9286 9300
f 9300 9286 9301
f 9286 9287 9301
f 9301 9287 9302
f 9287 9288 9302
f 9302 9288 9303
f 9288 9289 9303
f 9303 9289 9304
f 9289 9290 9304
f 9304 9290 9009
f 9290 9010 9009
f 9009 9010 5922
f 9010 5913 5922
f 4633 9291 4626
f 4626 9291 9305
f 9291 9292 9305
f 9305 9292 9306
f 9292 9293 9306
f 9306 9293 9307
f 9293 9294 9307
f 9307 9294 9308
f 9294 9295 9308
f 9308 9295 9309
f 9295 9296 9309
f 9309 9296 9310
f 9296 9297 9310
f 9310 9297 9311
f 9297 9298 9311
f 9311 9298 9312
f 9298 9299 9312
f 9312 9299 9313
f 9299 9300 9313
f 9313 9300 9314
f 9300 9301 9314
f 9314 9301 9315
f 9301 9302 9315
f 9315 9302 9316
f 9302 9303 9316
f 9316 9303 9317
f 9303 9304 9317
f 9317 9304 9008
f 9304 9009 9008
f 9008 9009 5918
f 9009 5920 5918
f 4627 4626 9318
f 4626 9305 9318
f 9318 9305 9319
f 9305 9306 9319
f 9319 9306 9320
f 9306 9307 9320
f 9320 9307 9321
f 9307 9308 9321
f 9321 9308 9322
f 9308 9309 9322
f 9322 9309 9323
f 9323 9309 9324
f 9309 9310 9324
f 9324 9310 9325
f 9310 9311 9325
f 9325 9311 9326
f 9311 9312 9326
f 9326 9312 9327
f 9312 9313 9327
f 9327 9313 9328
f 9313 9314 9328
f 9328 9314 9329
f 9314 9315 9329
f 9329 9315 9330
f 9315 9316 9330
f 9330 9316 9331
f 9316 9317 9331
f 9331 9317 9332
f 9317 9008 9332
f 9332 9008 5931
f 9008 5916 5931
f 5928 9007 5930
f 4628 4627 9333
f 4627 9318 9333
f 9333 9318 9334
f 9334 9318 9335
f 9318 9319 9335
f 9335 9319 9336
f 9319 9320 9336
f 9336 9320 9337
f 9320 9321 9337
f 9337 9321 9338
f 9321 9322 9338
f 9338 9322 9339
f 9322 9323 9339
f 9339 9323 9340
f 9323 9324 9340
f 9340 9324 9341
f 9324 9325 9341
f 9341 9325 9342
f 9325 9326 9342
f 9342 9326 9343
f 9326 9327 9343
f 9343 9327 9344
f 9344 9327 9345
f 9327 9328 9345
f 9345 9328 9346
f 9328 9329 9346
f 9346 9329 9347
f 9329 9330 9347
f 9347 9330 9348
f 9330 9331 9348
f 9348 9331 9007
f 9331 9332 9007
f 9007 9332 5930
f 9332 5931 5930
f 4628 9333 9349
f 9333 9334 9349
f 9334 9335 9350
f 9335 9336 9350
f 9336 9337 9351
f 9337 9338 9351
f 9338 9339 9352
f 9339 9340 9352
f 9340 9341 9353
f 9341 9342 9353
f 9342 9343 9354
f 9343 9344 9354
f 9344 9345 9355
f 9345 9346 9355
f 9346 9347 9356
f 9347 9348 9356
f 9348 9007 9357
f 9357 9007 5924
f 9007 5926 5924
f 4628 9349 4629
f 4629 9349 9358
f 9349 9334 9358
f 9358 9334 9359
f 9334 9350 9359
f 9359 9350 9360
f 9350 9336 9360
f 9360 9336 9361
f 9336 9351 9361
f 9361 9351 9362
f 9351 9338 9362
f 9362 9338 9363
f 9338 9352 9363
f 9363 9352 9364
f 9352 9340 9364
f 9364 9340 9365
f 9340 9353 9365
f 9365 9353 9366
f 9353 9342 9366
f 9366 9342 9367
f 9342 9354 9367
f 9367 9354 9368
f 9354 9344 9368
f 9368 9344 9369
f 9344 9355 9369
f 9369 9355 9370
f 9355 9346 9370
f 9370 9346 9371
f 9346 9356 9371
f 9356 9348 9371
f 9371 9348 9006
f 9348 9357 9006
f 9006 9357 5923
f 9357 5924 5923
f 5933 5935 9006
f 5935 9005 9006
f 9006 9005 9371
f 9005 9372 9371
f 9371 9372 9370
f 9372 9373 9370
f 9370 9373 9369
f 9373 9374 9369
f 9369 9374 9368
f 9374 9375 9368
f 9368 9375 9367
f 9375 9376 9367
f 9367 9376 9366
f 9376 9377 9366
f 9366 9377 9365
f 9377 9378 9365
f 9365 9378 9364
f 9378 9379 9364
f 9364 9379 9363
f 9379 9380 9363
f 9363 9380 9362
f 9380 9381 9362
f 9362 9381 9361
f 9381 9382 9361
f 9361 9382 9360
f 9382 9383 9360
f 9360 9383 9359
f 9383 9384 9359
f 9359 9384 9358
f 9384 9385 9358
f 9358 9385 4629
f 4629 9385 4630
f 9385 3991 4630
f 3991 9385 3992
f 3992 9385 9386
f 9386 9385 9387
f 9385 9384 9387
f 9387 9384 9388
f 9388 9384 9389
f 9384 9383 9389
f 9383 9382 9389
f 9389 9382 9390
f 9390 9382 9391
f 9382 9381 9391
f 9381 9380 9391
f 9391 9380 9392
f 9392 9380 9393
f 9380 9379 9393
f 9379 9378 9393
f 9393 9378 9394
f 9378 9377 9394
f 9394 9377 9395
f 9377 9376 9395
f 9376 9375 9395
f 9395 9375 9396
f 9375 9374 9396
f 9374 9373 9396
f 9396 9373 9397
f 9373 9372 9397
f 9397 9372 9398
f 9372 9005 9398
f 9398 9005 9004
f 9004 9005 5939
f 9005 5937 5939
f 3992 9386 3994
f 3994 9386 9399
f 9386 9387 9399
f 9399 9387 9400
f 9387 9388 9400
f 9388 9389 9400
f 9400 9389 9401
f 9389 9390 9401
f 9401 9390 9402
f 9390 9391 9402
f 9402 9391 9403
f 9391 9392 9403
f 9403 9392 9404
f 9392 9393 9404
f 9404 9393 9405
f 9393 9394 9405
f 9405 9394 9406
f 9394 9395 9406
f 9406 9395 9407
f 9395 9396 9407
f 9407 9396 9408
f 9396 9397 9408
f 9408 9397 9409
f 9397 9398 9409
f 9409 9398 9003
f 9398 9004 9003
f 9003 9004 5943
f 9004 5941 5943
f 3984 3994 9410
f 9410 3994 9411
f 3994 9399 9411
f 9411 9399 9412
f 9399 9400 9412
f 9412 9400 9413
f 9400 9401 9413
f 9413 9401 9414
f 9401 9402 9414
f 9414 9402 9415
f 9402 9403 9415
f 9415 9403 9416
f 9403 9404 9416
f 9416 9404 9417
f 9404 9405 9417
f 9417 9405 9418
f 9405 9406 9418
f 9418 9406 9419
f 9406 9407 9419
f 9419 9407 9420
f 9407 9408 9420
f 9420 9408 9421
f 9408 9409 9421
f 9421 9409 9002
f 9409 9003 9002
f 9002 9003 5947
f 9003 5945 5947
f 3984 9410 3985
f 3985 9410 9422
f 9410 9411 9422
f 9422 9411 9423
f 9411 9412 9423
f 9423 9412 9424
f 9412 9413 9424
f 9424 9413 9425
f 9413 9414 9425
f 9425 9414 9426
f 9414 9415 9426
f 9426 9415 9427
f 9415 9416 9427
f 9427 9416 9428
f 9416 9417 9428
f 9428 9417 9429
f 9417 9418 9429
f 9429 9418 9430
f 9418 9419 9430
f 9430 9419 9431
f 9419 9420 9431
f 9431 9420 9432
f 9420 9421 9432
f 9432 9421 9001
f 9421 9002 9001
f 9001 9002 5951
f 9002 5949 5951
f 5957 9000 5955
f 3987 3985 9433
f 3985 9422 9433
f 9433 9422 9434
f 9422 9423 9434
f 9434 9423 9435
f 9423 9424 9435
f 9435 9424 9436
f 9424 9425 9436
f 9436 9425 9437
f 9425 9426 9437
f 9437 9426 9438
f 9426 9427 9438
f 9438 9427 9439
f 9427 9428 9439
f 9439 9428 9440
f 9428 9429 9440
f 9440 9429 9441
f 9429 9430 9441
f 9441 9430 9442
f 9430 9431 9442
f 9442 9431 9443
f 9431 9432 9443
f 9443 9432 9000
f 9432 9001 9000
f 9000 9001 5955
f 9001 5953 5955
f 5960 5962 9000
f 5962 9444 9000
f 9000 9444 9443
f 9444 9445 9443
f 9443 9445 9442
f 9445 9446 9442
f 9442 9446 9441
f 9446 9447 9441
f 9441 9447 9440
f 9447 9448 9440
f 9440 9448 9439
f 9448 9449 9439
f 9439 9449 9438
f 9449 9450 9438
f 9438 9450 9437
f 9450 9451 9437
f 9437 9451 9436
f 9451 9452 9436
f 9436 9452 9435
f 9452 9453 9435
f 9435 9453 9434
f 9453 9454 9434
f 9434 9454 9433
f 9454 9455 9433
f 9433 9455 3987
f 3983 3989 9455
f 9455 3989 3987
f 5968 9456 5966
f 5964 5966 8999
f 5966 9456 8999
f 8999 9456 9457
f 9456 9458 9457
f 9457 9458 9459
f 9458 9460 9459
f 9459 9460 9461
f 9460 9462 9461
f 9461 9462 9463
f 9462 9464 9463
f 9463 9464 9465
f 9464 9466 9465
f 9465 9466 9467
f 9466 9468 9467
f 9467 9468 9469
f 9468 9470 9469
f 9469 9470 9471
f 9470 9472 9471
f 9471 9472 9473
f 9472 9474 9473
f 9473 9474 9475
f 9474 9476 9475
f 9475 9476 9477
f 9476 9478 9477
f 9477 9478 3983
f 9478 3977 3983
f 5962 5963 9444
f 5963 8999 9444
f 8999 9457 9444
f 9444 9457 9445
f 9457 9459 9445
f 9445 9459 9446
f 9459 9461 9446
f 9446 9461 9447
f 9461 9463 9447
f 9447 9463 9448
f 9463 9465 9448
f 9448 9465 9449
f 9465 9467 9449
f 9449 9467 9450
f 9467 9469 9450
f 9450 9469 9451
f 9469 9471 9451
f 9451 9471 9452
f 9471 9473 9452
f 9452 9473 9453
f 9473 9475 9453
f 9453 9475 9454
f 9475 9477 9454
f 9454 9477 9455
f 9477 3983 9455
f 5982 5981 9479
f 5981 8998 9479
f 9479 8998 9480
f 8998 9481 9480
f 9481 9482 9480
f 9482 9483 9484
f 9483 9485 9484
f 9484 9485 9486
f 9485 9487 9486
f 9486 9487 9488
f 9487 9489 9488
f 9488 9489 9490
f 9489 9491 9490
f 9490 9491 9492
f 9492 9491 9493
f 9491 9494 9493
f 9494 9495 9493
f 9493 9495 9496
f 9495 9497 9496
f 9496 9497 9498
f 9498 9497 3978
f 9497 3980 3978
f 5979 5978 8998
f 5978 9499 8998
f 8998 9499 9481
f 9499 9500 9481
f 9481 9500 9482
f 9500 9501 9482
f 9482 9501 9483
f 9501 9502 9483
f 9483 9502 9485
f 9502 9503 9485
f 9485 9503 9487
f 9503 9504 9487
f 9487 9504 9489
f 9504 9505 9489
f 9489 9505 9491
f 9505 9506 9491
f 9491 9506 9494
f 9506 9507 9494
f 9494 9507 9495
f 9507 9508 9495
f 9495 9508 9497
f 9508 3981 9497
f 9497 3981 3980
f 5974 8997 5976
f 5978 5976 9499
f 5976 8997 9499
f 9499 8997 9500
f 8997 9509 9500
f 9500 9509 9501
f 9509 9510 9501
f 9501 9510 9502
f 9510 9511 9502
f 9502 9511 9503
f 9503 9511 9504
f 9511 9512 9504
f 9504 9512 9505
f 9512 9513 9505
f 9505 9513 9506
f 9513 9514 9506
f 9506 9514 9507
f 9514 9515 9507
f 9507 9515 9508
f 9515 9516 9508
f 9508 9516 3981
f 9516 3976 3981
f 5972 5986 8997
f 5986 9517 8997
f 8997 9517 9509
f 9517 9518 9509
f 9509 9518 9510
f 9518 9519 9510
f 9510 9519 9511
f 9519 9520 9511
f 9511 9520 9512
f 9520 9521 9512
f 9512 9521 9513
f 9521 9522 9513
f 9513 9522 9514
f 9522 9523 9514
f 9523 9524 9514
f 9514 9524 9515
f 9515 9524 9516
f 9524 9525 9516
f 9516 9525 3976
f 9525 3974 3976
f 5986 5985 9517
f 5985 8996 9517
f 9517 8996 9518
f 8996 9526 9518
f 9526 9527 9518
f 9518 9527 9519
f 9527 9528 9519
f 9519 9528 9520
f 9528 9529 9520
f 9529 9530 9520
f 9520 9530 9521
f 9530 9531 9521
f 9521 9531 9522
f 9531 9532 9522
f 9522 9532 9523
f 9532 9533 9523
f 9523 9533 9524
f 9533 9534 9524
f 9534 9535 9524
f 9524 9535 9525
f 9535 9536 9525
f 9525 9536 3974
f 9536 3969 3974
f 5984 5996 8996
f 9526 9537 9527
f 9527 9537 9528
f 9537 9538 9528
f 9528 9538 9529
f 9538 9539 9529
f 9529 9539 9530
f 9539 9540 9530
f 9530 9540 9531
f 9540 9541 9531
f 9531 9541 9532
f 9541 9542 9532
f 9532 9542 9533
f 9534 9543 9535
f 9535 9543 9536
f 9543 3970 9536
f 9536 3970 3969
f 5996 5995 8996
f 5995 8995 8996
f 8995 9544 8996
f 8996 9544 9526
f 9526 9544 9537
f 9544 9545 9537
f 9537 9545 9538
f 9545 9546 9538
f 9538 9546 9539
f 9546 9547 9539
f 9539 9547 9540
f 9547 9548 9540
f 9540 9548 9541
f 9548 9549 9541
f 9541 9549 9542
f 9542 9549 9533
f 9549 9550 9533
f 9533 9550 9534
f 9550 9551 9534
f 9534 9551 9543
f 9551 3972 9543
f 9543 3972 3970
f 5993 5992 8995
f 5992 9552 8995
f 8995 9552 9544
f 9552 9553 9544
f 9544 9553 9545
f 9553 9554 9545
f 9545 9554 9546
f 9554 9555 9546
f 9546 9555 9547
f 9547 9555 9548
f 9555 9556 9548
f 9548 9556 9549
f 9556 9557 9549
f 9549 9557 9550
f 9557 9558 9550
f 9550 9558 9551
f 9558 9559 9551
f 9551 9559 3972
f 9559 9560 3972
f 9560 3973 3972
f 5992 5990 9552
f 5990 9561 9552
f 9552 9561 9553
f 9561 9562 9553
f 9553 9562 9554
f 9562 9563 9554
f 9563 9564 9554
f 9554 9564 9555
f 9564 9565 9555
f 9555 9565 9556
f 9565 9566 9556
f 9556 9566 9557
f 9566 9567 9557
f 9557 9567 9558
f 9567 9568 9558
f 9558 9568 9559
f 9568 9569 9559
f 9559 9569 9560
f 9569 9570 9560
f 9560 9570 3973
f 9570 3964 3973
f 5990 5988 9561
f 5988 9019 9561
f 9561 9019 9562
f 9019 9571 9562
f 9571 9572 9562
f 9562 9572 9563
f 9572 9573 9563
f 9563 9573 9564
f 9573 9574 9564
f 9564 9574 9565
f 9574 9575 9565
f 9575 9576 9565
f 9565 9576 9566
f 9576 9577 9566
f 9566 9577 9567
f 9577 9018 9567
f 9567 9018 9568
f 9018 9017 9568
f 9568 9017 9569
f 9017 9011 9569
f 9011 9013 9569
f 9569 9013 9570
f 9013 9014 9570
f 9014 9016 9570
f 9570 9016 3964
f 9016 3965 3964
f 5968 5982 9456
f 5982 9479 9456
f 9456 9479 9458
f 9479 9480 9458
f 9458 9480 9460
f 9460 9480 9462
f 9480 9482 9462
f 9462 9482 9464
f 9482 9484 9464
f 9464 9484 9466
f 9484 9486 9466
f 9466 9486 9468
f 9486 9488 9468
f 9468 9488 9470
f 9488 9490 9470
f 9470 9490 9472
f 9490 9492 9472
f 9472 9492 9474
f 9492 9493 9474
f 9474 9493 9476
f 9493 9496 9476
f 9476 9496 9478
f 9496 9498 9478
f 9478 9498 3977
f 9498 3978 3977
f 8660 8662 9578
f 9018 9577 9579
f 9574 9573 9580
f 9019 5987 8369
f 9019 8369 9571
f 9571 9581 9572
f 9572 9580 9573
f 9576 9575 9579
f 9582 9011 9018
f 9014 9012 9583
f 9583 9015 9014
f 3968 3965 9015
f 9571 8369 9581
f 8369 8368 9581
f 8368 8370 9581
f 9581 8370 9584
f 8370 8372 9584
f 9584 8372 9585
f 9574 9580 9586
f 9580 9587 9586
f 9586 9587 9588
f 9587 9589 9588
f 9590 9591 9592
f 9575 9586 9579
f 9586 9588 9579
f 9018 9579 9593
f 9579 9594 9593
f 9594 9595 9596
f 9595 9597 9596
f 9596 9597 9598
f 9597 9592 9598
f 9598 9592 9599
f 4006 9600 4007
f 9600 9598 4007
f 4007 9598 4008
f 9598 3958 4008
f 8372 8373 9585
f 8373 8375 9585
f 9585 8375 9578
f 8375 8376 9578
f 9578 8376 8660
f 9572 9581 9580
f 9580 9581 9587
f 9581 9584 9587
f 9587 9584 9589
f 9584 9585 9589
f 9589 9585 9590
f 9585 9578 9590
f 9590 9578 9591
f 9578 8662 9591
f 9591 8662 8663
f 9591 8663 9592
f 9592 9597 9590
f 9597 9595 9590
f 9590 9595 9589
f 9595 9588 9589
f 9586 9575 9574
f 8663 8664 9592
f 9595 9594 9588
f 9594 9579 9588
f 9579 9577 9576
f 9592 8664 9599
f 9599 8664 8860
f 8860 9601 9599
f 9601 9598 9599
f 9598 9600 9596
f 9600 9602 9596
f 9596 9602 9594
f 9602 9582 9594
f 9594 9582 9593
f 9582 9018 9593
f 9601 8860 8861
f 8861 3958 9601
f 3958 9598 9601
f 9600 4006 9602
f 4006 9583 9602
f 9602 9583 9582
f 9583 9012 9582
f 9582 9012 9011
f 8861 3959 3958
f 9015 9583 3968
f 9583 4006 3968
f 3447 3446 5061
f 3446 4310 5061
f 4900 5999 4303
f 4910 4912 4303
f 4912 4901 4303
f 4303 4901 4900
f 4904 4906 4303
f 4906 4908 4303
f 4303 4908 4910
f 6038 6949 6037
f 6949 4295 6037
f 6037 4295 6036
f 4295 4297 6036
f 4297 4301 6036
f 6036 4301 6035
f 4303 5999 4304
f 5999 6030 4304
f 4304 6030 4308
f 6030 6033 4308
f 4308 6033 4299
f 6033 6035 4299
f 4299 6035 4300
f 6035 4301 4300
f 8049 8048 8080
f 8048 8047 8080
f 8047 8046 8080
f 8080 8046 8081
f 8081 8046 8082
f 8082 8046 8045
f 8042 6026 8043
f 6026 6024 8043
f 8043 6024 8044
f 6024 6023 8044
f 8044 6023 8045
f 6023 8083 8045
f 8045 8083 8082
f 8042 8041 6026
f 8041 8040 6026
f 6026 8040 6027
f 6027 8040 6012
f 8040 8039 6012
f 6012 8039 6011
f 8039 8038 6011
f 8038 8037 6011
f 6011 8037 6009
f 8037 8036 6009
f 8036 8035 6009
f 6009 8035 6008
f 8035 8034 6008
f 6008 8034 6013
f 8034 8033 6013
f 6013 8033 6014
f 8033 8032 6014
f 8032 8031 6014
f 6014 8031 6015
f 8031 8030 6015
f 8030 8029 6015
f 6015 8029 6020
f 8029 8028 6020
f 6020 8028 6021
f 8028 8027 6021
f 6021 8027 6022
f 8027 8026 6022
f 8022 3115 8023
f 3115 5997 8023
f 8023 5997 8024
f 5997 6022 8024
f 8024 6022 8025
f 6022 8026 8025
f 8018 8017 3069
f 8013 8012 3080
f 8015 5824 3061
f 3115 8022 3114
f 3114 8022 3112
f 8022 7993 3112
f 3112 7993 3113
f 7993 8000 3113
f 3113 8000 3107
f 8000 7999 3107
f 7999 7998 3107
f 3107 7998 3108
f 3108 7998 3109
f 7998 7997 3109
f 3109 7997 3110
f 7997 7996 3110
f 3110 7996 3111
f 7996 7995 3111
f 3111 7995 3103
f 7995 7994 3103
f 3103 7994 3102
f 8007 3105 8008
f 3105 3102 8008
f 3102 7994 8008
f 8004 3099 8005
f 3099 3097 8005
f 8005 3097 8006
f 3097 3096 8006
f 8006 3096 8007
f 3096 3106 8007
f 8007 3106 3105
f 8010 3086 8009
f 3086 3094 8009
f 8009 3094 8001
f 8001 3094 8002
f 3094 3092 8002
f 8002 3092 8003
f 3092 3091 8003
f 8003 3091 8004
f 3091 3099 8004
f 3080 3082 8013
f 8013 3082 8014
f 3082 3084 8014
f 8014 3084 8010
f 3084 3088 8010
f 8010 3088 3086
f 3069 3072 8018
f 3072 3074 8018
f 8018 3074 8019
f 3074 3076 8019
f 8019 3076 8012
f 3076 3078 8012
f 8012 3078 3080
f 3061 3064 8015
f 3064 3065 8015
f 8015 3065 8016
f 3065 3067 8016
f 8016 3067 8017
f 3067 3069 8017
f 5815 3036 5812
f 3036 3051 5812
f 5812 3051 5813
f 3051 3049 5813
f 5813 3049 5818
f 3049 3047 5818
f 3047 3045 5818
f 5818 3045 5819
f 3045 3043 5819
f 5819 3043 5820
f 3043 3040 5820
f 5820 3040 5821
f 3040 3039 5821
f 3039 3054 5821
f 5821 3054 5822
f 3054 3056 5822
f 5822 3056 5823
f 3056 3058 5823
f 3058 3059 5823
f 5823 3059 5824
f 3059 3061 5824
f 3036 5815 5422
f 5815 5817 5422
f 3146 1635 3376
f 1635 1633 3376
f 3376 1633 3378
f 1633 1631 3378
f 1631 1629 3378
f 3378 1629 3379
f 1629 1627 3379
f 3379 1627 3383
f 1627 1636 3383
f 1636 1638 3383
f 3383 1638 3384
f 1638 1640 3384
f 3384 1640 3385
f 1640 1643 3385
f 1643 1645 3385
f 3385 1645 3386
f 1645 1647 3386
f 3386 1647 3387
f 1647 1653 3387
f 1653 1655 3387
f 3387 1655 3388
f 1655 1657 3388
f 3388 1657 3389
f 1657 1648 3389
f 3389 1648 3390
f 1648 1650 3390
f 1650 1652 3390
f 3390 1652 3380
f 1652 1661 3380
f 3380 1661 3381
f 1661 1663 3381
f 3381 1663 3391
f 1663 1665 3391
f 3391 1665 3392
f 1665 1671 3392
f 1671 1673 3392
f 3392 1673 3393
f 1673 1668 3393
f 3393 1668 3394
f 1668 1667 3394
f 3394 1667 3395
f 1667 1677 3395
f 3395 1677 3396
f 1677 1680 3396
f 1680 1682 3396
f 3396 1682 3397
f 1682 1684 3397
f 3397 1684 3398
f 1684 1686 3398
f 1686 1688 3398
f 3398 1688 3399
f 1688 1690 3399
f 3399 1690 3400
f 1699 3375 1697
f 3375 3401 1697
f 1697 3401 1695
f 3401 3400 1695
f 1695 3400 1693
f 3400 1690 1693
f 6756 3140 3139
f 9603 6764 6756
f 9604 9605 6765
f 6765 9605 6766
f 9605 6767 6766
f 9606 6744 6767
f 9607 9608 6745
f 6745 9608 6746
f 9608 6757 6746
f 9609 6747 6757
f 9610 9611 6710
f 6710 9611 6711
f 9611 6748 6711
f 9612 6749 6748
f 9612 9613 6750
f 6750 9613 6751
f 9613 6716 6751
f 6716 9614 6699
f 5513 5457 8163
f 5513 8163 9614
f 9614 8163 6699
f 8163 6758 6699
f 6716 9613 9614
f 9613 5514 9614
f 9614 5514 5513
f 5532 5531 9612
f 9612 5531 9613
f 5531 5515 9613
f 9613 5515 5514
f 9612 6750 6749
f 6748 9611 9612
f 9611 5533 9612
f 9612 5533 5532
f 5549 5535 9610
f 9610 5535 9611
f 5535 5534 9611
f 9611 5534 5533
f 5549 9610 9609
f 9609 9610 6747
f 9610 6710 6747
f 6757 9608 9609
f 9608 5576 9609
f 9609 5576 5549
f 5510 5509 9607
f 9607 5509 9608
f 5509 5577 9608
f 9608 5577 5576
f 5510 9607 9606
f 9606 9607 6744
f 9607 6745 6744
f 6767 9605 9606
f 9605 5529 9606
f 9606 5529 5510
f 5512 5511 9604
f 9604 5511 9605
f 5511 5530 9605
f 9605 5530 5529
f 5512 9604 9603
f 9603 9604 6764
f 9604 6765 6764
f 6756 3139 9603
f 3139 3142 9603
f 9603 3142 5512
f 6759 8189 6760
f 9615 9616 6761
f 9617 6729 6761
f 9618 9619 6730
f 6730 9619 6731
f 9619 6752 6731
f 9620 6722 6752
f 9620 9621 6723
f 6723 9621 6724
f 9621 6732 6724
f 9622 6697 6732
f 6697 9622 6698
f 9623 9624 6717
f 6717 9624 6713
f 9624 6714 6713
f 9625 6715 6714
f 6715 9625 6712
f 9625 9626 6712
f 6712 9626 6684
f 9626 6796 6684
f 6684 6796 6682
f 5585 5554 9626
f 9626 5554 6796
f 5554 5553 6796
f 6796 5553 5584
f 5586 5585 9625
f 9625 5585 9626
f 6714 9624 9625
f 9624 5587 9625
f 9625 5587 5586
f 5537 5536 9623
f 9623 5536 9624
f 5536 5588 9624
f 9624 5588 5587
f 5537 9623 9622
f 9622 9623 6698
f 9623 6717 6698
f 6732 9621 9622
f 9621 5582 9622
f 9622 5582 5537
f 5684 5658 9620
f 9620 5658 9621
f 5658 5657 9621
f 9621 5657 5582
f 9620 6723 6722
f 6752 9619 9620
f 9619 5704 9620
f 9620 5704 5684
f 5660 5659 9618
f 9618 5659 9619
f 5659 5705 9619
f 9619 5705 5704
f 5660 9618 9617
f 9617 9618 6729
f 9618 6730 6729
f 6761 9616 9617
f 9616 5685 9617
f 9617 5685 5660
f 5493 5610 9615
f 9615 5610 9616
f 5610 5686 9616
f 9616 5686 5685
f 5493 9615 8189
f 8189 9615 6760
f 9615 6761 6760
f 8189 5474 5493
f 6278 6277 8079
f 9627 6286 6278
f 9628 9629 6287
f 6287 9629 6288
f 9629 6289 6288
f 9630 6260 6289
f 9631 9632 6261
f 6261 9632 6262
f 9632 6279 6262
f 9633 6263 6279
f 9634 9635 6231
f 6231 9635 6232
f 9635 6264 6232
f 9636 6265 6264
f 9636 9637 6266
f 6266 9637 6267
f 9637 6237 6267
f 6237 9638 6206
f 5677 5489 8154
f 5677 8154 9638
f 9638 8154 6206
f 8154 6280 6206
f 6237 9637 9638
f 9637 5678 9638
f 9638 5678 5677
f 5691 5690 9636
f 9636 5690 9637
f 5690 5679 9637
f 9637 5679 5678
f 9636 6266 6265
f 6264 9635 9636
f 9635 5692 9636
f 9636 5692 5691
f 5712 5694 9634
f 9634 5694 9635
f 5694 5693 9635
f 9635 5693 5692
f 5712 9634 9633
f 9633 9634 6263
f 9634 6231 6263
f 6279 9632 9633
f 9632 5731 9633
f 9633 5731 5712
f 5637 5636 9631
f 9631 5636 9632
f 5636 5732 9632
f 9632 5732 5731
f 5637 9631 9630
f 9630 9631 6260
f 9631 6261 6260
f 6289 9629 9630
f 9629 5671 9630
f 9630 5671 5637
f 5639 5638 9628
f 9628 5638 9629
f 5638 5672 9629
f 9629 5672 5671
f 5639 9628 9627
f 9627 9628 6286
f 9628 6287 6286
f 6278 8079 9627
f 8079 5673 9627
f 9627 5673 5639
f 6281 8155 6282
f 9639 9640 6283
f 9641 6253 6283
f 9642 9643 6254
f 6254 9643 6255
f 9643 6268 6255
f 9644 6243 6268
f 9644 9645 6244
f 6244 9645 6245
f 9645 6256 6245
f 9646 6204 6256
f 6204 9646 6205
f 9647 9648 6238
f 6238 9648 6234
f 9648 6235 6234
f 9649 6236 6235
f 6236 9649 6233
f 9649 9650 6233
f 6233 9650 6170
f 9650 2611 6170
f 6170 2611 2619
f 5617 5616 9650
f 9650 5616 2611
f 5616 5615 2611
f 2611 5615 2612
f 5618 5617 9649
f 9649 5617 9650
f 6235 9648 9649
f 9648 5619 9649
f 9649 5619 5618
f 5666 5621 9647
f 9647 5621 9648
f 5621 5620 9648
f 9648 5620 5619
f 5666 9647 9646
f 9646 9647 6205
f 9647 6238 6205
f 6256 9645 9646
f 9645 5667 9646
f 9646 5667 5666
f 5612 5611 9644
f 9644 5611 9645
f 5611 5668 9645
f 9645 5668 5667
f 9644 6244 6243
f 6268 9643 9644
f 9643 5662 9644
f 9644 5662 5612
f 5614 5613 9642
f 9642 5613 9643
f 5613 5663 9643
f 9643 5663 5662
f 5614 9642 9641
f 9641 9642 6253
f 9642 6254 6253
f 6283 9640 9641
f 9640 5664 9641
f 9641 5664 5614
f 5590 5589 9639
f 9639 5589 9640
f 5589 5665 9640
f 9640 5665 5664
f 5590 9639 8155
f 8155 9639 6282
f 9639 6283 6282
f 8155 5495 5590
f 6324 1719 1718
f 9651 6330 6324
f 9652 9653 6331
f 6331 9653 6332
f 9653 6333 6332
f 9654 6315 6333
f 9655 9656 6316
f 6316 9656 6317
f 9656 6325 6317
f 9657 6318 6325
f 9658 9659 6298
f 6298 9659 6299
f 9659 6319 6299
f 9660 6320 6319
f 9660 9661 6321
f 6321 9661 6322
f 9661 6304 6322
f 6304 9662 6297
f 5698 5508 8192
f 5698 8192 9662
f 9662 8192 6297
f 8192 6326 6297
f 6304 9661 9662
f 9661 5699 9662
f 9662 5699 5698
f 5715 5714 9660
f 9660 5714 9661
f 5714 5700 9661
f 9661 5700 5699
f 9660 6321 6320
f 6319 9659 9660
f 9659 5716 9660
f 9660 5716 5715
f 5733 5718 9658
f 9658 5718 9659
f 5718 5717 9659
f 9659 5717 5716
f 5733 9658 9657
f 9657 9658 6318
f 9658 6298 6318
f 6325 9656 9657
f 9656 5738 9657
f 9657 5738 5733
f 5602 5601 9655
f 9655 5601 9656
f 5601 5739 9656
f 9656 5739 5738
f 5602 9655 9654
f 9654 9655 6315
f 9655 6316 6315
f 6333 9653 9654
f 9653 5647 9654
f 9654 5647 5602
f 5604 5603 9652
f 9652 5603 9653
f 5603 5648 9653
f 9653 5648 5647
f 5604 9652 9651
f 9651 9652 6330
f 9652 6331 6330
f 6324 1718 9651
f 1718 1721 9651
f 9651 1721 5604
f 6327 8193 6328
f 9663 9664 6329
f 9665 6309 6329
f 9666 9667 6310
f 6310 9667 6311
f 9667 6323 6311
f 9668 6306 6323
f 9668 9669 6307
f 6307 9669 6308
f 9669 6312 6308
f 9670 6295 6312
f 6295 9670 6296
f 9671 9672 6305
f 6305 9672 6301
f 9672 6302 6301
f 9673 6303 6302
f 6303 9673 6300
f 9673 9674 6300
f 6300 9674 6291
f 9674 2586 6291
f 6291 2586 2589
f 5481 5464 9674
f 9674 5464 2586
f 5464 5463 2586
f 2586 5463 2587
f 5482 5481 9673
f 9673 5481 9674
f 6302 9672 9673
f 9672 5483 9673
f 9673 5483 5482
f 5459 5458 9671
f 9671 5458 9672
f 5458 5484 9672
f 9672 5484 5483
f 5459 9671 9670
f 9670 9671 6296
f 9671 6305 6296
f 6312 9669 9670
f 9669 5480 9670
f 9670 5480 5459
f 5539 5523 9668
f 9668 5523 9669
f 5523 5522 9669
f 9669 5522 5480
f 9668 6307 6306
f 6323 9667 9668
f 9667 5559 9668
f 9668 5559 5539
f 5525 5524 9666
f 9666 5524 9667
f 5524 5560 9667
f 9667 5560 5559
f 5525 9666 9665
f 9665 9666 6309
f 9666 6310 6309
f 6329 9664 9665
f 9664 5540 9665
f 9665 5540 5525
f 5442 5503 9663
f 9663 5503 9664
f 5503 5541 9664
f 9664 5541 5540
f 5442 9663 8193
f 8193 9663 6328
f 9663 6329 6328
f 8193 5441 5442
f 6461 6460 8075
f 9675 6467 6461
f 9676 9677 6468
f 6468 9677 6469
f 9677 6470 6469
f 9678 6451 6470
f 9679 9680 6452
f 6452 9680 6453
f 9680 6462 6453
f 9681 6454 6462
f 9682 9683 6434
f 6434 9683 6435
f 9683 6455 6435
f 9684 6456 6455
f 9684 9685 6457
f 6457 9685 6458
f 9685 6440 6458
f 6440 9686 6400
f 5597 5485 8190
f 5597 8190 9686
f 9686 8190 6400
f 8190 6463 6400
f 6440 9685 9686
f 9685 5598 9686
f 9686 5598 5597
f 5628 5627 9684
f 9684 5627 9685
f 5627 5599 9685
f 9685 5599 5598
f 9684 6457 6456
f 6455 9683 9684
f 9683 5629 9684
f 9684 5629 5628
f 5669 5631 9682
f 9682 5631 9683
f 5631 5630 9683
f 9683 5630 5629
f 5669 9682 9681
f 9681 9682 6454
f 9682 6434 6454
f 6462 9680 9681
f 9680 5688 9681
f 9681 5688 5669
f 5562 5561 9679
f 9679 5561 9680
f 5561 5689 9680
f 9680 5689 5688
f 5562 9679 9678
f 9678 9679 6451
f 9679 6452 6451
f 6470 9677 9678
f 9677 5592 9678
f 9678 5592 5562
f 5564 5563 9676
f 9676 5563 9677
f 5563 5593 9677
f 9677 5593 5592
f 5564 9676 9675
f 9675 9676 6467
f 9676 6468 6467
f 6461 8075 9675
f 8075 5594 9675
f 9675 5594 5564
f 6464 8191 6465
f 9687 9688 6466
f 9689 6445 6466
f 9690 9691 6446
f 6446 9691 6447
f 9691 6459 6447
f 9692 6442 6459
f 9692 9693 6443
f 6443 9693 6444
f 9693 6448 6444
f 9694 6398 6448
f 6398 9694 6399
f 9695 9696 6441
f 6441 9696 6437
f 9696 6438 6437
f 9697 6439 6438
f 6439 9697 6436
f 9697 9698 6436
f 6436 9698 6391
f 9698 4893 6391
f 6391 4893 4896
f 5572 5548 9698
f 9698 5548 4893
f 5548 5547 4893
f 4893 5547 4894
f 5573 5572 9697
f 9697 5572 9698
f 6438 9696 9697
f 9696 5574 9697
f 9697 5574 5573
f 5526 5528 9695
f 9695 5528 9696
f 5528 5575 9696
f 9696 5575 5574
f 5526 9695 9694
f 9694 9695 6399
f 9695 6441 6399
f 6448 9693 9694
f 9693 5527 9694
f 9694 5527 5526
f 5605 5569 9692
f 9692 5569 9693
f 5569 5568 9693
f 9693 5568 5527
f 9692 6443 6442
f 6459 9691 9692
f 9691 5649 9692
f 9692 5649 5605
f 5571 5570 9690
f 9690 5570 9691
f 5570 5650 9691
f 9691 5650 5649
f 5571 9690 9689
f 9689 9690 6445
f 9690 6446 6445
f 6466 9688 9689
f 9688 5606 9689
f 9689 5606 5571
f 5492 5546 9687
f 9687 5546 9688
f 5546 5607 9688
f 9688 5607 5606
f 5492 9687 8191
f 8191 9687 6465
f 9687 6466 6465
f 8191 5473 5492
f 7628 7840 9699
f 7684 7685 9700
f 7687 7537 9701
f 7719 7663 9702
f 7669 7722 9703
f 9704 9705 9706
f 9705 9707 9706
f 9706 9707 9708
f 9709 9710 9707
f 9710 9711 9707
f 9707 9711 9708
f 9712 9713 9709
f 9713 9714 9709
f 9709 9714 9710
f 9715 9716 9717
f 9716 9718 9717
f 9717 9718 9712
f 9718 9719 9712
f 9712 9719 9713
f 9715 9717 9720
f 9717 9721 9720
f 9720 9721 9722
f 9722 9721 9723
f 9721 9724 9723
f 9723 9724 9725
f 9724 9726 9725
f 9725 9726 9727
f 9727 9726 9728
f 9726 9729 9728
f 9728 9729 9730
f 9730 9729 9731
f 9729 9732 9731
f 9731 9732 9733
f 9732 9734 9733
f 9733 9734 9735
f 9734 9736 9735
f 9735 9736 9737
f 9737 9736 9738
f 9736 9739 9738
f 9739 9740 9738
f 9738 9740 9741
f 9741 9740 9742
f 9740 9743 9742
f 7722 7724 9743
f 7724 7514 9743
f 7514 7512 9743
f 9743 7512 9742
f 9742 7512 9744
f 7512 7511 9744
f 9744 7511 7651
f 7669 9703 7668
f 7690 7692 9745
f 7689 7690 9746
f 7692 7522 9745
f 9745 7522 7524
f 7663 7665 9702
f 9702 7665 7666
f 7719 9747 7631
f 9747 9701 7631
f 7537 7629 9701
f 9701 7629 7631
f 9748 7686 9749
f 7686 7687 9749
f 7646 7648 9748
f 7648 7649 9748
f 9748 7649 7686
f 7646 9748 7738
f 9748 9750 7738
f 7738 9750 7718
f 9750 9751 7718
f 7718 9751 7702
f 9752 7547 9751
f 7547 7702 9751
f 7685 7736 9700
f 9700 7736 7816
f 7816 7818 9700
f 7818 7819 9700
f 9700 7819 9752
f 7819 7548 9752
f 9752 7548 7547
f 7843 7682 9753
f 9699 7840 9753
f 7840 7842 9753
f 9753 7842 7843
f 9700 9754 7684
f 9754 9753 7684
f 9753 7682 7684
f 7562 7561 9699
f 7561 7627 9699
f 9699 7627 7628
f 9755 7575 9756
f 7575 7574 9756
f 9756 7574 7565
f 7575 9755 7578
f 9755 9757 7578
f 7578 9757 7579
f 7643 7623 9758
f 7623 7586 9758
f 9758 7586 9759
f 7586 7580 9759
f 9759 7580 9757
f 9757 7580 7579
f 9760 9761 9762
f 7661 7589 9762
f 7589 7588 9762
f 9762 7588 9760
f 7588 7587 9760
f 9760 7587 7643
f 9761 9760 9763
f 9760 9764 9763
f 9763 9764 9765
f 9766 9767 9768
f 9766 9768 9764
f 9768 9769 9764
f 9764 9769 9765
f 9767 9766 9770
f 9766 9771 9770
f 9770 9771 9772
f 9773 9774 9775
f 9774 9776 9775
f 9775 9776 9771
f 9776 9777 9771
f 9771 9777 9772
f 9773 9775 9778
f 9775 4646 9778
f 9778 4646 4029
f 6076 5382 5381
f 6073 6076 9779
f 9780 6056 6058
f 6051 9705 6049
f 9705 9704 6049
f 6049 9704 3135
f 7690 9745 9746
f 9745 9781 9746
f 9746 9781 9782
f 9781 9783 9782
f 9782 9783 9784
f 9783 9785 9784
f 9784 9785 9786
f 9785 9787 9786
f 9786 9787 9788
f 9787 9789 9788
f 9788 9789 9790
f 9789 9791 9790
f 9790 9791 9792
f 9791 9793 9792
f 9792 9793 9794
f 9793 9795 9794
f 9794 9795 9796
f 9795 9797 9796
f 9796 9797 9798
f 9797 9799 9798
f 9798 9799 9800
f 9799 9801 9800
f 9800 9801 9802
f 9801 9803 9802
f 9802 9803 9804
f 9803 9805 9804
f 9804 9805 9806
f 9805 6060 9806
f 9806 6060 6063
f 7525 7668 7524
f 7668 9807 7524
f 7524 9807 9745
f 9807 9808 9745
f 9745 9808 9781
f 9808 9809 9781
f 9781 9809 9783
f 9809 9810 9783
f 9783 9810 9785
f 9810 9811 9785
f 9785 9811 9787
f 9811 9812 9787
f 9787 9812 9789
f 9812 9813 9789
f 9789 9813 9791
f 9813 9814 9791
f 9791 9814 9793
f 9814 9815 9793
f 9793 9815 9795
f 9815 9816 9795
f 9795 9816 9797
f 9816 9817 9797
f 9797 9817 9799
f 9817 9818 9799
f 9799 9818 9801
f 9818 9819 9801
f 9801 9819 9803
f 9819 9780 9803
f 9803 9780 9805
f 9780 6058 9805
f 9805 6058 6060
f 7719 9702 9747
f 9702 9820 9747
f 9747 9820 9821
f 9820 9822 9821
f 9821 9822 9823
f 9822 9824 9823
f 9823 9824 9825
f 9824 9826 9825
f 9825 9826 9827
f 9826 9828 9827
f 9827 9828 9829
f 9828 9830 9829
f 9829 9830 9831
f 9830 9832 9831
f 9831 9832 9833
f 9832 9834 9833
f 9833 9834 9835
f 9834 9836 9835
f 9835 9836 9837
f 9836 9838 9837
f 9837 9838 9839
f 9838 9840 9839
f 9839 9840 9841
f 9840 9842 9841
f 9841 9842 9843
f 9842 9844 9843
f 9843 9844 9845
f 9844 9846 9845
f 9845 9846 9847
f 9846 6066 9847
f 9847 6066 6068
f 7666 7689 9702
f 7689 9746 9702
f 9702 9746 9820
f 9746 9782 9820
f 9820 9782 9822
f 9782 9784 9822
f 9822 9784 9824
f 9784 9786 9824
f 9824 9786 9826
f 9786 9788 9826
f 9826 9788 9828
f 9788 9790 9828
f 9828 9790 9830
f 9790 9792 9830
f 9830 9792 9832
f 9792 9794 9832
f 9832 9794 9834
f 9794 9796 9834
f 9834 9796 9836
f 9796 9798 9836
f 9836 9798 9838
f 9798 9800 9838
f 9838 9800 9840
f 9800 9802 9840
f 9840 9802 9842
f 9802 9804 9842
f 9842 9804 9844
f 9804 9806 9844
f 9844 9806 9846
f 9806 6063 9846
f 9846 6063 6066
f 9703 9848 7668
f 7668 9848 9807
f 9848 9849 9807
f 9807 9849 9808
f 9849 9850 9808
f 9808 9850 9809
f 9850 9851 9809
f 9809 9851 9810
f 9851 9852 9810
f 9810 9852 9811
f 9852 9853 9811
f 9811 9853 9812
f 9853 9854 9812
f 9812 9854 9813
f 9854 9855 9813
f 9813 9855 9814
f 9855 9856 9814
f 9814 9856 9815
f 9856 9857 9815
f 9815 9857 9816
f 9857 9858 9816
f 9816 9858 9817
f 9858 9859 9817
f 9817 9859 9818
f 9859 9860 9818
f 9818 9860 9819
f 9860 9861 9819
f 9819 9861 9780
f 9861 6053 9780
f 9780 6053 6056
f 7722 9743 9703
f 9743 9740 9703
f 9703 9740 9848
f 9740 9739 9848
f 9848 9739 9849
f 9739 9736 9849
f 9849 9736 9850
f 9736 9734 9850
f 9850 9734 9851
f 9734 9732 9851
f 9851 9732 9852
f 9732 9729 9852
f 9852 9729 9853
f 9729 9726 9853
f 9853 9726 9854
f 9726 9724 9854
f 9854 9724 9855
f 9724 9721 9855
f 9855 9721 9856
f 9721 9717 9856
f 9856 9717 9857
f 9717 9712 9857
f 9857 9712 9858
f 9712 9709 9858
f 9858 9709 9859
f 9709 9707 9859
f 9859 9707 9860
f 9707 9705 9860
f 9860 9705 9861
f 9705 6051 9861
f 9861 6051 6053
f 7687 9701 9749
f 9701 9747 9749
f 9749 9747 9862
f 9747 9821 9862
f 9862 9821 9863
f 9821 9823 9863
f 9863 9823 9864
f 9823 9825 9864
f 9864 9825 9865
f 9825 9827 9865
f 9865 9827 9866
f 9827 9829 9866
f 9866 9829 9867
f 9829 9831 9867
f 9867 9831 9868
f 9831 9833 9868
f 9868 9833 9869
f 9833 9835 9869
f 9869 9835 9870
f 9835 9837 9870
f 9870 9837 9871
f 9837 9839 9871
f 9871 9839 9872
f 9839 9841 9872
f 9872 9841 9873
f 9841 9843 9873
f 9873 9843 9874
f 9843 9845 9874
f 9874 9845 9875
f 9845 9847 9875
f 9875 9847 9876
f 9847 6068 9876
f 9876 6068 6071
f 9754 9877 9753
f 9877 9878 9753
f 9753 9878 9699
f 9878 9879 9699
f 9699 9879 7562
f 9879 9756 7562
f 7562 9756 7564
f 9756 7565 7564
f 9877 9880 9878
f 9880 9881 9878
f 9878 9881 9879
f 9881 9882 9879
f 9879 9882 9756
f 9882 9883 9756
f 9756 9883 9755
f 9883 9884 9755
f 9755 9884 9757
f 9884 9885 9757
f 9757 9885 9759
f 9885 9886 9759
f 9880 9887 9881
f 9887 9888 9881
f 9881 9888 9882
f 9888 9889 9882
f 9882 9889 9883
f 9889 9890 9883
f 9883 9890 9884
f 9890 9891 9884
f 9884 9891 9885
f 9891 9892 9885
f 9885 9892 9886
f 9892 9893 9886
f 9887 9894 9888
f 9894 9895 9888
f 9888 9895 9889
f 9895 9896 9889
f 9889 9896 9890
f 9896 9897 9890
f 9890 9897 9891
f 9897 9898 9891
f 9891 9898 9892
f 9898 9899 9892
f 9892 9899 9893
f 9899 9900 9893
f 6076 5381 9779
f 5381 5380 9779
f 9779 5380 9901
f 5380 5410 9901
f 9901 5410 9902
f 5410 5409 9902
f 9902 5409 9903
f 5409 5392 9903
f 9903 5392 9904
f 5392 5391 9904
f 9904 5391 9905
f 5391 5390 9905
f 9905 5390 9906
f 5390 5389 9906
f 9906 5389 9907
f 5389 5406 9907
f 9907 5406 9908
f 5406 5405 9908
f 9908 5405 9909
f 5405 5379 9909
f 9909 5379 9910
f 5379 5378 9910
f 9910 5378 9911
f 5378 5377 9911
f 9911 5377 9912
f 5377 5376 9912
f 9912 5376 9913
f 5376 5388 9913
f 9913 5388 9914
f 5388 5387 9914
f 9914 5387 9915
f 5387 5375 9915
f 9915 5375 9916
f 5375 5374 9916
f 9916 5374 9917
f 5374 5373 9917
f 9917 5373 9918
f 5373 5401 9918
f 9918 5401 9919
f 5401 5400 9919
f 9919 5400 9920
f 5400 5404 9920
f 9920 5404 9921
f 5404 5403 9921
f 9921 5403 9922
f 5403 5402 9922
f 9922 5402 9923
f 5402 5399 9923
f 9923 5399 9924
f 5399 5372 9924
f 9924 5372 9925
f 5372 4653 9925
f 9925 4653 4652
f 6073 9779 9926
f 9779 9901 9926
f 9926 9901 9927
f 9901 9902 9927
f 9927 9902 9928
f 9902 9903 9928
f 9928 9903 9929
f 9903 9904 9929
f 9929 9904 9930
f 9904 9905 9930
f 9930 9905 9931
f 9905 9906 9931
f 9931 9906 9932
f 9906 9907 9932
f 9932 9907 9933
f 9907 9908 9933
f 9933 9908 9934
f 9908 9909 9934
f 9934 9909 9935
f 9909 9910 9935
f 9935 9910 9936
f 9910 9911 9936
f 9936 9911 9937
f 9911 9912 9937
f 9937 9912 9938
f 9912 9913 9938
f 9938 9913 9939
f 9913 9914 9939
f 9939 9914 9940
f 9914 9915 9940
f 9940 9915 9941
f 9915 9916 9941
f 9941 9916 9942
f 9916 9917 9942
f 9942 9917 9943
f 9917 9918 9943
f 9943 9918 9944
f 9918 9919 9944
f 9944 9919 9945
f 9919 9920 9945
f 9945 9920 9946
f 9920 9921 9946
f 9946 9921 9947
f 9921 9922 9947
f 9947 9922 9948
f 9922 9923 9948
f 9948 9923 9949
f 9923 9924 9949
f 9949 9924 9950
f 9924 9925 9950
f 9950 9925 9951
f 9925 4652 9951
f 9951 4652 4655
f 4655 9894 9951
f 9894 9887 9951
f 9951 9887 9950
f 9887 9880 9950
f 9950 9880 9949
f 9880 9877 9949
f 9949 9877 9948
f 9877 9754 9948
f 9948 9754 9947
f 9754 9700 9947
f 9947 9700 9946
f 9700 9752 9946
f 9946 9752 9945
f 9752 9751 9945
f 9945 9751 9944
f 9751 9750 9944
f 9944 9750 9943
f 9750 9748 9943
f 9943 9748 9942
f 9748 9749 9942
f 9942 9749 9941
f 9749 9862 9941
f 9941 9862 9940
f 9862 9863 9940
f 9940 9863 9939
f 9863 9864 9939
f 9939 9864 9938
f 9864 9865 9938
f 9938 9865 9937
f 9865 9866 9937
f 9937 9866 9936
f 9866 9867 9936
f 9936 9867 9935
f 9867 9868 9935
f 9935 9868 9934
f 9868 9869 9934
f 9934 9869 9933
f 9869 9870 9933
f 9933 9870 9932
f 9870 9871 9932
f 9932 9871 9931
f 9871 9872 9931
f 9931 9872 9930
f 9872 9873 9930
f 9930 9873 9929
f 9873 9874 9929
f 9929 9874 9928
f 9874 9875 9928
f 9928 9875 9927
f 9875 9876 9927
f 9927 9876 9926
f 9876 6071 9926
f 9926 6071 6073
f 4655 4657 9894
f 4657 4659 9894
f 9894 4659 9895
f 9895 4659 9896
f 4659 4662 9896
f 9896 4662 9897
f 4662 4663 9897
f 9897 4663 9898
f 4663 4664 9898
f 9898 4664 9899
f 4664 4666 9899
f 9899 4666 9900
f 4666 4668 9900
f 9900 4668 4646
f 7643 9758 9760
f 9758 9759 9760
f 9760 9759 9764
f 9759 9886 9764
f 9764 9886 9766
f 9886 9893 9766
f 9766 9893 9771
f 9893 9900 9771
f 9771 9900 9775
f 9900 4646 9775
f 1417 1383 5622
f 9952 5622 1383
f 9953 5725 5724
f 5727 9954 5752
f 9954 9955 5752
f 9956 5747 5752
f 5740 5749 9957
f 9957 5749 5748
f 5734 5741 9958
f 9958 5741 5740
f 9959 9960 5734
f 9961 5726 5734
f 9962 2616 5726
f 5726 2616 2618
f 6541 6540 9962
f 9962 6540 2616
f 2616 6540 2614
f 6632 6541 9961
f 6541 9962 9961
f 9961 9962 5726
f 5734 9960 9961
f 9960 6599 9961
f 9961 6599 6632
f 6594 6600 9959
f 9959 6600 9960
f 6600 6599 9960
f 6595 6594 9958
f 6594 9959 9958
f 9958 9959 5734
f 9963 9964 5740
f 5740 9964 9958
f 9964 6651 9958
f 9958 6651 6595
f 6550 6549 9963
f 9963 6549 9964
f 9964 6549 6651
f 6630 6550 9957
f 6550 9963 9957
f 9957 9963 5740
f 5747 9965 5748
f 9965 9966 5748
f 5748 9966 9957
f 9966 6652 9957
f 9957 6652 6630
f 6538 6537 9965
f 9965 6537 9966
f 9966 6537 6652
f 6620 6538 9956
f 6538 9965 9956
f 9956 9965 5747
f 5752 9955 9956
f 9955 6631 9956
f 9956 6631 6620
f 6597 6596 9954
f 9954 6596 9955
f 9955 6596 6631
f 6598 6597 9953
f 6597 9954 9953
f 9953 9954 5725
f 9954 5727 5725
f 5622 9952 5724
f 5724 9952 9953
f 9952 6546 9953
f 9953 6546 6598
f 1382 6547 1383
f 1383 6547 9952
f 6547 6546 9952
f 7487 7656 9967
f 4029 4021 9968
f 9776 9774 9969
f 9774 9773 9969
f 9969 9773 9968
f 9773 9778 9968
f 9968 9778 4029
f 9776 9969 9777
f 9969 9970 9777
f 9777 9970 9772
f 9769 9768 9971
f 9768 9767 9971
f 9971 9767 9970
f 9767 9770 9970
f 9970 9770 9772
f 9769 9971 9765
f 9971 9972 9765
f 9765 9972 9763
f 7595 7594 9973
f 9973 7594 7654
f 9763 9972 9761
f 9972 9973 9761
f 9761 9973 9762
f 9973 7654 9762
f 9762 7654 7661
f 9974 7640 7641
f 7641 7596 9974
f 7596 7595 9974
f 9974 7595 9975
f 7606 7604 9976
f 7604 7603 9976
f 9976 7603 7622
f 7640 9977 7638
f 9977 9976 7638
f 7638 9976 7699
f 9976 7622 7699
f 7656 7612 9967
f 9967 7612 7611
f 7611 7610 9967
f 7610 7608 9967
f 9967 7608 9978
f 7608 7607 9978
f 7607 7616 9978
f 9978 7616 7618
f 7618 7620 9978
f 9978 7620 7637
f 7633 9979 7499
f 9979 7500 7499
f 7633 7634 9979
f 7634 7498 9979
f 9979 7498 7496
f 7496 7489 9979
f 7489 7488 9979
f 9979 9980 7500
f 7500 9981 7504
f 9981 7675 7504
f 9742 9744 9982
f 9744 7651 9982
f 9982 7651 9983
f 7651 7671 9983
f 9983 7671 7673
f 9984 9738 9985
f 9738 9741 9985
f 9985 9741 9982
f 9741 9742 9982
f 9735 9737 9986
f 9986 9737 9984
f 9737 9738 9984
f 9735 9986 9733
f 9986 9987 9733
f 9733 9987 9731
f 9987 9988 9731
f 9988 9989 9731
f 9731 9989 9730
f 9722 9723 9990
f 9723 9725 9990
f 9990 9725 9991
f 9725 9727 9991
f 9991 9727 9989
f 9727 9728 9989
f 9989 9728 9730
f 9722 9990 9720
f 9990 9992 9720
f 9720 9992 9715
f 9992 9993 9715
f 9715 9993 9716
f 9994 9713 9719
f 9994 9719 9993
f 9719 9718 9993
f 9993 9718 9716
f 9713 9994 9714
f 9994 9995 9714
f 9714 9995 9710
f 9710 9995 9711
f 9995 9996 9711
f 9711 9996 9708
f 9708 9996 9706
f 9996 9997 9706
f 9706 9997 9704
f 9997 3133 9704
f 9704 3133 3135
f 9998 3130 3132
f 9999 3127 3129
f 3123 3124 10000
f 3124 3126 10000
f 3120 3121 10001
f 3121 3123 10001
f 3116 3118 10002
f 3118 3120 10002
f 3116 10003 1094
f 1094 10003 3439
f 10003 10004 3439
f 3439 10004 3436
f 10004 10005 3436
f 3436 10005 3434
f 10005 10006 3434
f 3434 10006 3431
f 10006 10007 3431
f 3431 10007 3430
f 10007 10008 3430
f 3430 10008 3429
f 3429 10008 3428
f 10008 10009 3428
f 3428 10009 3427
f 10009 10010 3427
f 3427 10010 3423
f 10010 10011 3423
f 3423 10011 3424
f 7675 9981 7673
f 9981 10012 7673
f 7673 10012 9983
f 10012 10013 9983
f 9983 10013 9982
f 10013 10014 9982
f 9982 10014 9985
f 10014 10015 9985
f 9985 10015 9984
f 10015 10016 9984
f 9984 10016 9986
f 10016 10017 9986
f 9986 10017 9987
f 10017 10018 9987
f 9987 10018 9988
f 10018 10019 9988
f 9988 10019 9989
f 10019 10020 9989
f 9989 10020 9991
f 10020 10021 9991
f 9991 10021 9990
f 10021 10022 9990
f 9990 10022 9992
f 10022 10023 9992
f 9992 10023 9993
f 10023 10024 9993
f 9993 10024 9994
f 10024 10025 9994
f 9994 10025 9995
f 10025 10026 9995
f 9995 10026 9996
f 10026 9998 9996
f 9996 9998 9997
f 9998 3132 9997
f 9997 3132 3133
f 7500 9980 9981
f 9980 10027 9981
f 9981 10027 10012
f 10027 10028 10012
f 10012 10028 10013
f 10028 10029 10013
f 10013 10029 10014
f 10029 10030 10014
f 10014 10030 10015
f 10030 10031 10015
f 10015 10031 10016
f 10031 10032 10016
f 10016 10032 10017
f 10032 10033 10017
f 10017 10033 10018
f 10033 10034 10018
f 10018 10034 10019
f 10034 10035 10019
f 10019 10035 10020
f 10035 10036 10020
f 10020 10036 10021
f 10036 10037 10021
f 10021 10037 10022
f 10037 10038 10022
f 10022 10038 10023
f 10038 10039 10023
f 10023 10039 10024
f 10039 10040 10024
f 10024 10040 10025
f 10040 10041 10025
f 10025 10041 10026
f 10041 9999 10026
f 10026 9999 9998
f 9999 3129 9998
f 9998 3129 3130
f 7487 9967 7488
f 9967 10042 7488
f 7488 10042 9979
f 10042 10043 9979
f 9979 10043 9980
f 10043 10044 9980
f 9980 10044 10027
f 10044 10045 10027
f 10027 10045 10028
f 10045 10046 10028
f 10028 10046 10029
f 10046 10047 10029
f 10029 10047 10030
f 10047 10048 10030
f 10030 10048 10031
f 10048 10049 10031
f 10031 10049 10032
f 10049 10050 10032
f 10032 10050 10033
f 10050 10051 10033
f 10033 10051 10034
f 10051 10052 10034
f 10034 10052 10035
f 10052 10053 10035
f 10035 10053 10036
f 10053 10054 10036
f 10036 10054 10037
f 10054 10055 10037
f 10037 10055 10038
f 10055 10056 10038
f 10038 10056 10039
f 10056 10057 10039
f 10039 10057 10040
f 10057 10058 10040
f 10040 10058 10041
f 10058 10000 10041
f 10041 10000 9999
f 10000 3126 9999
f 9999 3126 3127
f 3424 10011 3425
f 10011 10059 3425
f 3425 10059 3426
f 10059 10060 3426
f 3426 10060 3422
f 10060 10061 3422
f 3422 10061 3421
f 10061 10062 3421
f 3421 10062 3420
f 10062 10063 3420
f 3420 10063 3419
f 10063 10064 3419
f 3419 10064 3418
f 10064 10065 3418
f 3418 10065 3417
f 10065 10066 3417
f 3417 10066 3413
f 10066 10067 3413
f 3413 10067 3414
f 10068 3408 10069
f 3408 3409 10069
f 10069 3409 10070
f 3409 3410 10070
f 10070 3410 10071
f 3410 3412 10071
f 10071 3412 10072
f 3412 3411 10072
f 10072 3411 10073
f 3411 3416 10073
f 10073 3416 10067
f 3416 3415 10067
f 10067 3415 3414
f 3405 3406 10068
f 3406 3407 10068
f 10068 3407 3408
f 10068 10074 3405
f 10074 10075 3405
f 3405 10075 3404
f 10075 10076 3404
f 3404 10076 3382
f 10076 10077 3382
f 3382 10077 3377
f 7595 9973 9975
f 9973 9972 9975
f 9975 9972 10078
f 9972 9971 10078
f 10078 9971 10079
f 9971 9970 10079
f 10079 9970 10080
f 9970 9969 10080
f 10080 9969 10081
f 9969 9968 10081
f 10081 9968 10082
f 9968 4021 10082
f 10082 4021 4019
f 7640 9974 9977
f 9974 9975 9977
f 9977 9975 10083
f 9975 10078 10083
f 10083 10078 10084
f 10078 10079 10084
f 10084 10079 10085
f 10079 10080 10085
f 10085 10080 10086
f 10080 10081 10086
f 10086 10081 10087
f 10081 10082 10087
f 10087 10082 10088
f 10082 4019 10088
f 10088 4019 4017
f 7637 7606 9978
f 7606 9976 9978
f 9978 9976 10089
f 9976 9977 10089
f 10089 9977 10090
f 9977 10083 10090
f 10090 10083 10091
f 10083 10084 10091
f 10091 10084 10092
f 10084 10085 10092
f 10092 10085 10093
f 10085 10086 10093
f 10093 10086 10094
f 10086 10087 10094
f 10094 10087 10095
f 10087 10088 10095
f 10095 10088 10096
f 10088 4017 10096
f 10096 4017 4015
f 3123 10000 10001
f 10000 10058 10001
f 10001 10058 10097
f 10058 10057 10097
f 10097 10057 10098
f 10057 10056 10098
f 10098 10056 10099
f 10056 10055 10099
f 10099 10055 10100
f 10055 10054 10100
f 10100 10054 10101
f 10054 10053 10101
f 10101 10053 10102
f 10053 10052 10102
f 10102 10052 10103
f 10052 10051 10103
f 10103 10051 10104
f 10051 10050 10104
f 10104 10050 10105
f 10050 10049 10105
f 10105 10049 10106
f 10049 10048 10106
f 10106 10048 10107
f 10048 10047 10107
f 10107 10047 10108
f 10047 10046 10108
f 10108 10046 10109
f 10046 10045 10109
f 10109 10045 10110
f 10045 10044 10110
f 10110 10044 10111
f 10044 10043 10111
f 10111 10043 10112
f 10043 10042 10112
f 10112 10042 10113
f 10042 9967 10113
f 10113 9967 10114
f 9967 9978 10114
f 10114 9978 10115
f 9978 10089 10115
f 10115 10089 10116
f 10089 10090 10116
f 10116 10090 10117
f 10090 10091 10117
f 10117 10091 10118
f 10091 10092 10118
f 10118 10092 10119
f 10092 10093 10119
f 10119 10093 10120
f 10093 10094 10120
f 10120 10094 10121
f 10094 10095 10121
f 10121 10095 10122
f 10095 10096 10122
f 10122 10096 10123
f 10096 4015 10123
f 10123 4015 4013
f 3120 10001 10002
f 10001 10097 10002
f 10002 10097 10124
f 10097 10098 10124
f 10124 10098 10125
f 10098 10099 10125
f 10125 10099 10126
f 10099 10100 10126
f 10126 10100 10127
f 10100 10101 10127
f 10127 10101 10128
f 10101 10102 10128
f 10128 10102 10129
f 10102 10103 10129
f 10129 10103 10130
f 10103 10104 10130
f 10130 10104 10131
f 10104 10105 10131
f 10131 10105 10132
f 10105 10106 10132
f 10132 10106 10133
f 10106 10107 10133
f 10133 10107 10134
f 10107 10108 10134
f 10134 10108 10135
f 10108 10109 10135
f 10135 10109 10136
f 10109 10110 10136
f 10136 10110 10137
f 10110 10111 10137
f 10137 10111 10138
f 10111 10112 10138
f 10138 10112 10139
f 10112 10113 10139
f 10139 10113 10140
f 10113 10114 10140
f 10140 10114 10141
f 10114 10115 10141
f 10141 10115 10142
f 10115 10116 10142
f 10142 10116 10143
f 10116 10117 10143
f 10143 10117 10144
f 10117 10118 10144
f 10144 10118 10145
f 10118 10119 10145
f 10145 10119 10146
f 10119 10120 10146
f 10146 10120 10147
f 10120 10121 10147
f 10147 10121 10148
f 10121 10122 10148
f 10148 10122 10149
f 10122 10123 10149
f 10149 10123 10150
f 10123 4013 10150
f 10150 4013 4011
f 3116 10002 10003
f 10002 10124 10003
f 10003 10124 10004
f 10124 10125 10004
f 10004 10125 10005
f 10125 10126 10005
f 10005 10126 10006
f 10126 10127 10006
f 10006 10127 10007
f 10127 10128 10007
f 10007 10128 10008
f 10128 10129 10008
f 10008 10129 10009
f 10129 10130 10009
f 10009 10130 10010
f 10130 10131 10010
f 10010 10131 10011
f 10131 10132 10011
f 10011 10132 10059
f 10132 10133 10059
f 10059 10133 10060
f 10133 10134 10060
f 10060 10134 10061
f 10134 10135 10061
f 10061 10135 10062
f 10135 10136 10062
f 10062 10136 10063
f 10136 10137 10063
f 10063 10137 10064
f 10137 10138 10064
f 10064 10138 10065
f 10138 10139 10065
f 10065 10139 10066
f 10139 10140 10066
f 10066 10140 10067
f 10140 10141 10067
f 10067 10141 10073
f 10141 10142 10073
f 10073 10142 10072
f 10142 10143 10072
f 10072 10143 10071
f 10143 10144 10071
f 10071 10144 10070
f 10144 10145 10070
f 10070 10145 10069
f 10145 10146 10069
f 10069 10146 10068
f 10146 10147 10068
f 10068 10147 10074
f 10147 10148 10074
f 10074 10148 10075
f 10148 10149 10075
f 10075 10149 10076
f 10149 10150 10076
f 10076 10150 10077
f 10150 4011 10077
f 10077 4011 4009
f 4009 3403 10077
f 3403 3402 10077
f 10077 3402 3377
f 10151 5708 5707
f 5709 10152 5745
f 10152 10153 5745
f 5744 5745 10154
f 5744 10155 5743
f 5735 5743 10156
f 5729 5737 10157
f 10157 5737 5736
f 5711 5730 10158
f 10158 5730 5729
f 2171 5710 2168
f 5711 10159 5710
f 10159 2168 5710
f 6223 6176 10159
f 10159 6176 2168
f 2168 6176 2169
f 6224 6223 10158
f 6223 10159 10158
f 10158 10159 5711
f 10160 10161 5729
f 5729 10161 10158
f 10161 6251 10158
f 10158 6251 6224
f 6208 6207 10160
f 10160 6207 10161
f 10161 6207 6251
f 6241 6208 10157
f 6208 10160 10157
f 10157 10160 5729
f 5735 10162 5736
f 10162 10163 5736
f 5736 10163 10157
f 10163 6252 10157
f 10157 6252 6241
f 6226 6225 10162
f 10162 6225 10163
f 10163 6225 6252
f 6227 6226 10156
f 6226 10162 10156
f 10156 10162 5735
f 10155 10164 5743
f 5743 10164 10156
f 10164 6228 10156
f 10156 6228 6227
f 6217 6216 10155
f 6216 6242 10155
f 10155 6242 10164
f 10164 6242 6228
f 6229 6217 10154
f 6217 10155 10154
f 10154 10155 5744
f 5745 10153 10154
f 10153 6230 10154
f 10154 6230 6229
f 6209 6144 10152
f 10152 6144 10153
f 6144 6143 10153
f 10153 6143 6230
f 6210 6209 10151
f 6209 10152 10151
f 10151 10152 5708
f 10152 5709 5708
f 5676 8078 5707
f 8078 10165 5707
f 5707 10165 10151
f 10165 6218 10151
f 10151 6218 6210
f 6169 6168 8078
f 8078 6168 10165
f 10165 6168 6218
f 6273 6169 8078
f 10166 5695 2174
f 5695 2205 2174
f 5696 5695 10166
f 10167 5680 10168
f 5680 5696 10168
f 10169 5681 10167
f 5681 5680 10167
f 10170 5713 5681
f 10171 5640 10170
f 10170 5640 5713
f 5641 5640 10171
f 5644 5643 10172
f 8105 6221 6220
f 6195 6221 10172
f 6221 8105 10172
f 10172 8105 5644
f 6195 10172 6193
f 10172 10173 6193
f 5643 5641 10172
f 10172 5641 10173
f 5641 10171 10173
f 10173 10171 6193
f 10171 6239 6193
f 6239 10171 6240
f 10171 10170 6240
f 6240 10170 6246
f 5681 10169 10170
f 10169 6211 10170
f 10170 6211 6246
f 10169 10167 6211
f 6211 10167 6212
f 6212 10167 6247
f 10167 10168 6247
f 10166 10168 5696
f 10168 6248 6247
f 10168 10166 6248
f 6248 10166 6219
f 10166 2174 6219
f 6219 2174 2173
f 10174 5520 8086
f 5520 5500 8086
f 5521 5520 10174
f 10175 5501 10176
f 5501 5521 10176
f 10177 5502 10175
f 5502 5501 10175
f 10178 5538 5502
f 10179 5477 10178
f 10178 5477 5538
f 5478 5477 10179
f 2704 5479 10180
f 2701 6249 2702
f 6257 6249 10180
f 6249 2701 10180
f 10180 2701 2704
f 6257 10180 6213
f 10180 10181 6213
f 5479 5478 10180
f 10180 5478 10181
f 5478 10179 10181
f 10181 10179 6213
f 10179 6214 6213
f 6214 10179 6284
f 10179 10178 6284
f 6284 10178 6285
f 5502 10177 10178
f 10177 6250 10178
f 10178 6250 6285
f 10177 10175 6250
f 6250 10175 6222
f 10175 10176 6222
f 10174 10176 5521
f 10176 6196 6222
f 10176 10174 6196
f 6196 10174 6197
f 10174 8086 6197
f 6197 8086 6200
f 3199 10182 10183
f 3266 3265 10184
f 3271 3270 10185
f 312 314 10185
f 10186 284 10187
f 284 282 10187
f 10188 289 10186
f 289 292 10186
f 10186 292 284
f 301 287 10189
f 10189 287 10188
f 287 289 10188
f 301 10189 299
f 10189 10190 299
f 299 10190 297
f 297 10190 295
f 10190 10191 295
f 295 10191 331
f 10192 329 330
f 10185 314 10184
f 314 316 10184
f 316 318 10184
f 10184 318 10192
f 10192 318 329
f 10193 321 10194
f 321 323 10194
f 10194 323 10195
f 323 325 10195
f 10195 325 310
f 309 306 10196
f 10196 306 10193
f 306 305 10193
f 10193 305 321
f 10197 3281 3280
f 10198 3275 10197
f 3275 3274 10197
f 10197 3274 3281
f 3151 3278 10199
f 3278 3277 10199
f 10199 3277 10198
f 3277 3276 10198
f 10198 3276 3275
f 3151 10199 3152
f 10199 10200 3152
f 3152 10200 3273
f 3270 3269 10185
f 3269 10195 10185
f 10185 10195 312
f 10195 310 312
f 10184 3265 10185
f 3265 3272 10185
f 10185 3272 3271
f 3262 3261 10192
f 3261 3268 10192
f 10192 3268 10184
f 3268 3267 10184
f 10184 3267 3266
f 3262 10192 3263
f 10192 10201 3263
f 3263 10201 3264
f 3259 3256 10202
f 3256 3257 10202
f 10202 3257 10201
f 3257 3258 10201
f 10201 3258 3264
f 3259 10202 3260
f 10202 10203 3260
f 10204 3252 3251
f 3251 3255 10204
f 3255 3254 10204
f 10204 3254 10203
f 3254 3253 10203
f 10203 3253 3260
f 3252 10204 3247
f 10204 10205 3247
f 3247 10205 3248
f 3248 10206 3249
f 10206 3250 3249
f 3250 10206 3245
f 10206 10207 3245
f 3245 10207 3246
f 3239 3244 10208
f 3244 3243 10208
f 3243 3241 10208
f 10208 3241 10207
f 3241 3242 10207
f 10207 3242 3246
f 3238 3237 10209
f 3237 3236 10209
f 10209 3236 10208
f 3236 3240 10208
f 10208 3240 3239
f 10210 10211 3235
f 3235 3234 10210
f 3234 3233 10210
f 10210 3233 10209
f 10209 3233 3238
f 3228 10211 3229
f 10211 3230 3229
f 3228 3232 10211
f 3232 3231 10211
f 10211 3231 3235
f 3223 3224 10212
f 10212 3224 10213
f 3224 3227 10213
f 10213 3227 3226
f 3223 10212 3222
f 10212 10214 3222
f 3222 10214 3221
f 10215 10216 3217
f 3217 3218 10215
f 3218 3219 10215
f 10215 3219 10214
f 3219 3220 10214
f 10214 3220 3221
f 10217 3215 10216
f 3215 3216 10216
f 10216 3216 3217
f 10218 3212 10217
f 3212 3211 10217
f 10217 3211 3215
f 3209 3210 10219
f 3210 3214 10219
f 10219 3214 3213
f 3209 10219 3208
f 10219 10220 3208
f 3208 10220 3207
f 10221 10222 3204
f 3204 10222 3205
f 10222 3206 3205
f 3199 3198 10182
f 3198 3203 10182
f 10182 3203 3202
f 3197 3201 10223
f 3201 3200 10223
f 10223 3200 3199
f 3193 3195 10224
f 3195 3194 10224
f 10224 3194 3196
f 3190 3189 10225
f 3189 3188 10225
f 3192 3193 10226
f 3182 3183 10227
f 3183 3187 10227
f 3186 3185 10228
f 3185 3184 10228
f 10228 3184 3191
f 3179 3178 10229
f 3178 3177 10229
f 3174 3173 10230
f 3173 3181 10230
f 10230 3181 3180
f 3176 3175 10231
f 3171 10232 10233
f 10233 10232 10234
f 10235 3162 10233
f 3162 3172 10233
f 10233 3172 3171
f 3165 3163 10236
f 10236 3163 10235
f 3163 3162 10235
f 3165 10236 3166
f 10236 10237 3166
f 3166 10237 3167
f 2608 2609 10238
f 10239 10240 10241
f 10240 10238 10241
f 10241 10238 10242
f 10238 2609 10242
f 10242 2609 2610
f 10243 10244 10239
f 10244 10245 10239
f 10239 10245 10240
f 10243 10246 10244
f 10246 10247 10244
f 10244 10247 10248
f 10247 10249 10248
f 10248 10249 10250
f 10249 10251 10250
f 10251 10252 10250
f 10250 10252 10253
f 10254 10255 10256
f 10255 10257 10256
f 10256 10257 10253
f 10257 10258 10253
f 10253 10258 10250
f 10258 10259 10250
f 10250 10259 10248
f 10259 10260 10248
f 10248 10260 10244
f 10260 10261 10244
f 10244 10261 10245
f 10261 10262 10245
f 10245 10262 10240
f 10262 10263 10240
f 10240 10263 10238
f 10263 10264 10238
f 10238 10264 2608
f 10264 2607 2608
f 10255 10265 10257
f 10265 10266 10257
f 10257 10266 10258
f 10266 10267 10258
f 10258 10267 10259
f 10267 10268 10259
f 10259 10268 10260
f 10268 10269 10260
f 10260 10269 10261
f 10269 10270 10261
f 10261 10270 10262
f 10270 10271 10262
f 10262 10271 10263
f 10271 10272 10263
f 10263 10272 10264
f 10272 10273 10264
f 10264 10273 2607
f 10273 2606 2607
f 3171 3170 10232
f 3170 3176 10232
f 10232 3176 10234
f 3176 10231 10234
f 10234 10231 10274
f 10231 10275 10274
f 10274 10275 10276
f 10275 10277 10276
f 10276 10277 10278
f 10277 10279 10278
f 10278 10279 10280
f 10279 10281 10280
f 10280 10281 10282
f 10281 10283 10282
f 10282 10283 10284
f 10283 10285 10284
f 10284 10285 10286
f 10285 10287 10286
f 10286 10287 10288
f 10287 10289 10288
f 10288 10289 2605
f 10289 2604 2605
f 3175 3174 10231
f 3174 10230 10231
f 10231 10230 10275
f 10230 10290 10275
f 10275 10290 10277
f 10290 10291 10277
f 10277 10291 10279
f 10291 10292 10279
f 10279 10292 10281
f 10292 10293 10281
f 10281 10293 10283
f 10293 10294 10283
f 10283 10294 10285
f 10294 10295 10285
f 10285 10295 10287
f 10295 10296 10287
f 10287 10296 10289
f 10296 10297 10289
f 10289 10297 2604
f 10297 2603 2604
f 3180 3179 10230
f 3179 10229 10230
f 10230 10229 10290
f 10229 10298 10290
f 10290 10298 10291
f 10298 10299 10291
f 10291 10299 10292
f 10299 10300 10292
f 10292 10300 10293
f 10300 10301 10293
f 10293 10301 10294
f 10301 10302 10294
f 10294 10302 10295
f 10302 10303 10295
f 10295 10303 10296
f 10303 10304 10296
f 10296 10304 10297
f 10304 10305 10297
f 10297 10305 2603
f 10305 2602 2603
f 3177 3182 10229
f 3182 10227 10229
f 10229 10227 10298
f 10227 10306 10298
f 10298 10306 10299
f 10306 10307 10299
f 10299 10307 10300
f 10307 10308 10300
f 10300 10308 10301
f 10308 10309 10301
f 10301 10309 10302
f 10309 10310 10302
f 10302 10310 10303
f 10310 10311 10303
f 10303 10311 10304
f 10311 10312 10304
f 10304 10312 10305
f 10312 10313 10305
f 10305 10313 2602
f 10313 2601 2602
f 3187 3186 10227
f 3186 10228 10227
f 10227 10228 10306
f 10228 10314 10306
f 10306 10314 10307
f 10314 10315 10307
f 10307 10315 10308
f 10315 10316 10308
f 10308 10316 10309
f 10316 10317 10309
f 10309 10317 10310
f 10317 10318 10310
f 10310 10318 10311
f 10318 10319 10311
f 10311 10319 10312
f 10319 10320 10312
f 10312 10320 10313
f 10320 10321 10313
f 10313 10321 2601
f 10321 2600 2601
f 3191 3190 10228
f 3190 10225 10228
f 10228 10225 10314
f 10225 10322 10314
f 10314 10322 10315
f 10322 10323 10315
f 10315 10323 10316
f 10323 10324 10316
f 10316 10324 10317
f 10324 10325 10317
f 10317 10325 10318
f 10325 10326 10318
f 10318 10326 10319
f 10326 10327 10319
f 10319 10327 10320
f 10327 10328 10320
f 10320 10328 10321
f 10328 10329 10321
f 10321 10329 2600
f 10329 2599 2600
f 3188 3192 10225
f 3192 10226 10225
f 10225 10226 10322
f 10226 10330 10322
f 10322 10330 10323
f 10330 10331 10323
f 10323 10331 10324
f 10331 10332 10324
f 10324 10332 10325
f 10332 10333 10325
f 10325 10333 10326
f 10333 10334 10326
f 10326 10334 10327
f 10334 10335 10327
f 10327 10335 10328
f 10335 10336 10328
f 10328 10336 10329
f 10336 10337 10329
f 10329 10337 2599
f 10337 2598 2599
f 3193 10224 10226
f 10226 10224 10330
f 10224 10338 10330
f 10330 10338 10331
f 10338 10339 10331
f 10331 10339 10332
f 10339 10340 10332
f 10332 10340 10333
f 10340 10341 10333
f 10333 10341 10334
f 10341 10342 10334
f 10334 10342 10335
f 10342 10343 10335
f 10335 10343 10336
f 10343 10344 10336
f 10336 10344 10337
f 10344 10345 10337
f 10337 10345 2598
f 10345 2597 2598
f 3196 3197 10224
f 3197 10223 10224
f 10224 10223 10338
f 10223 10346 10338
f 10338 10346 10339
f 10346 10347 10339
f 10339 10347 10340
f 10347 10348 10340
f 10340 10348 10341
f 10348 10349 10341
f 10341 10349 10342
f 10349 10350 10342
f 10342 10350 10343
f 10350 10351 10343
f 10343 10351 10344
f 10351 10352 10344
f 10344 10352 10345
f 10352 10353 10345
f 10345 10353 2597
f 10353 2596 2597
f 3199 10183 10223
f 10223 10183 10346
f 10183 10354 10346
f 10346 10354 10347
f 10354 10355 10347
f 10347 10355 10348
f 10355 10356 10348
f 10348 10356 10349
f 10356 10357 10349
f 10349 10357 10350
f 10357 10358 10350
f 10350 10358 10351
f 10358 10359 10351
f 10351 10359 10352
f 10359 10360 10352
f 10352 10360 10353
f 10360 10361 10353
f 10353 10361 2596
f 10361 2595 2596
f 10252 10362 10253
f 10362 10363 10253
f 10253 10363 10256
f 10363 10364 10256
f 10256 10364 10254
f 10364 10365 10254
f 2605 2606 10288
f 2606 10273 10288
f 10288 10273 10286
f 10273 10272 10286
f 10286 10272 10284
f 10272 10271 10284
f 10284 10271 10282
f 10271 10270 10282
f 10282 10270 10280
f 10270 10269 10280
f 10280 10269 10278
f 10269 10268 10278
f 10278 10268 10276
f 10268 10267 10276
f 10276 10267 10274
f 10267 10266 10274
f 10274 10266 10234
f 10266 10265 10234
f 10234 10265 10233
f 10265 10255 10233
f 10233 10255 10235
f 10255 10254 10235
f 10235 10254 10236
f 10254 10365 10236
f 10236 10365 10237
f 3202 3206 10182
f 3206 10222 10182
f 10182 10222 10183
f 10222 10366 10183
f 10183 10366 10354
f 10366 10367 10354
f 10354 10367 10355
f 10367 10368 10355
f 10355 10368 10356
f 10368 10369 10356
f 10356 10369 10357
f 10369 10370 10357
f 10357 10370 10358
f 10370 10371 10358
f 10358 10371 10359
f 10371 10372 10359
f 10359 10372 10360
f 10372 10373 10360
f 10360 10373 10361
f 10373 10374 10361
f 10361 10374 2595
f 10374 2594 2595
f 3204 3207 10221
f 3207 10220 10221
f 10221 10220 10222
f 10220 10375 10222
f 10222 10375 10366
f 10375 10376 10366
f 10366 10376 10367
f 10376 10377 10367
f 10367 10377 10368
f 10377 10378 10368
f 10368 10378 10369
f 10378 10379 10369
f 10369 10379 10370
f 10379 10380 10370
f 10370 10380 10371
f 10380 10381 10371
f 10371 10381 10372
f 10381 10382 10372
f 10372 10382 10373
f 10382 10383 10373
f 10373 10383 10374
f 10383 10384 10374
f 10374 10384 2594
f 10384 2593 2594
f 3213 3212 10219
f 3212 10218 10219
f 10219 10218 10220
f 10218 10385 10220
f 10220 10385 10375
f 10385 10386 10375
f 10375 10386 10376
f 10386 10387 10376
f 10376 10387 10377
f 10387 10388 10377
f 10377 10388 10378
f 10388 10389 10378
f 10378 10389 10379
f 10389 10390 10379
f 10379 10390 10380
f 10390 10391 10380
f 10380 10391 10381
f 10391 10392 10381
f 10381 10392 10382
f 10392 10393 10382
f 10382 10393 10383
f 10393 10394 10383
f 10383 10394 10384
f 10394 10395 10384
f 10384 10395 2593
f 10395 2592 2593
f 10396 10197 10397
f 10197 3280 10397
f 10397 3280 3279
f 302 309 10396
f 309 10196 10396
f 10396 10196 10197
f 10196 10193 10197
f 10197 10193 10198
f 10193 10194 10198
f 10198 10194 10199
f 10194 10195 10199
f 10199 10195 10200
f 10195 3269 10200
f 10200 3269 3273
f 3248 10205 10206
f 10205 10398 10206
f 10206 10398 10207
f 10398 10399 10207
f 10207 10399 10208
f 10399 10400 10208
f 10208 10400 10209
f 10400 10401 10209
f 10209 10401 10210
f 331 10191 330
f 10191 10402 330
f 330 10402 10192
f 10402 10403 10192
f 10192 10403 10201
f 10403 10404 10201
f 10201 10404 10202
f 10404 10405 10202
f 10202 10405 10203
f 10405 10406 10203
f 10203 10406 10204
f 10406 10407 10204
f 10204 10407 10205
f 10407 10408 10205
f 10205 10408 10398
f 10408 10409 10398
f 10398 10409 10399
f 10409 10410 10399
f 10399 10410 10400
f 10410 10411 10400
f 10400 10411 10401
f 10412 10187 10413
f 10187 282 10413
f 10413 282 281
f 3226 3225 10213
f 3225 3230 10213
f 10213 3230 10414
f 3230 10211 10414
f 10414 10211 10415
f 10211 10210 10415
f 10415 10210 10416
f 10210 10401 10416
f 10416 10401 10417
f 10401 10411 10417
f 10417 10411 10418
f 10418 10411 10419
f 10411 10410 10419
f 10419 10410 10420
f 10410 10409 10420
f 10420 10409 10421
f 10409 10408 10421
f 10421 10408 10422
f 10408 10407 10422
f 10422 10407 10423
f 10407 10406 10423
f 10423 10406 10424
f 10406 10405 10424
f 10424 10405 10425
f 10405 10404 10425
f 10425 10404 10426
f 10404 10403 10426
f 10426 10403 10427
f 10403 10402 10427
f 10427 10402 10428
f 10402 10191 10428
f 10428 10191 10429
f 10191 10190 10429
f 10429 10190 10430
f 10190 10189 10430
f 10430 10189 10431
f 10189 10188 10431
f 10431 10188 10432
f 10188 10186 10432
f 10432 10186 10433
f 10186 10187 10433
f 10433 10187 10434
f 10187 10412 10434
f 10434 10412 10435
f 10435 10436 10434
f 10436 10437 10434
f 10434 10437 10433
f 10437 10438 10433
f 10433 10438 10432
f 10438 10439 10432
f 10432 10439 10431
f 10439 10440 10431
f 10431 10440 10430
f 10440 10441 10430
f 10430 10441 10429
f 10441 10442 10429
f 10429 10442 10428
f 10442 10443 10428
f 10428 10443 10427
f 10443 10444 10427
f 10427 10444 10426
f 10444 10445 10426
f 10426 10445 10425
f 10445 10446 10425
f 10425 10446 10424
f 10446 10447 10424
f 10424 10447 10423
f 10447 10448 10423
f 10423 10448 10422
f 10448 10449 10422
f 10422 10449 10421
f 10449 10450 10421
f 10421 10450 10420
f 10450 10451 10420
f 10420 10451 10419
f 10451 10452 10419
f 10419 10452 10418
f 2819 10452 2832
f 10452 10451 2832
f 2832 10451 2840
f 10451 10450 2840
f 2840 10450 2868
f 10450 10449 2868
f 2868 10449 2887
f 10449 10448 2887
f 2887 10448 2899
f 10448 10447 2899
f 2899 10447 2921
f 10447 10446 2921
f 2921 10446 2814
f 10446 10445 2814
f 2814 10445 2813
f 10445 10444 2813
f 2813 10444 2811
f 10444 10443 2811
f 2811 10443 2809
f 10443 10442 2809
f 2809 10442 2807
f 10442 10441 2807
f 2807 10441 2805
f 10441 10440 2805
f 2805 10440 2803
f 10440 10439 2803
f 2803 10439 2801
f 10439 10438 2801
f 2801 10438 2799
f 10438 10437 2799
f 2799 10437 2797
f 10437 10436 2797
f 2797 10436 2795
f 10436 10435 2795
f 2592 10395 3363
f 10395 10394 3363
f 3363 10394 3364
f 10394 10393 3364
f 3364 10393 3368
f 10393 10392 3368
f 3368 10392 3369
f 10392 10391 3369
f 3369 10391 3367
f 10391 10390 3367
f 3367 10390 3366
f 10390 10389 3366
f 3366 10389 3365
f 10389 10388 3365
f 3365 10388 3370
f 10388 10387 3370
f 3370 10387 3371
f 10387 10386 3371
f 3371 10386 3372
f 10386 10385 3372
f 3372 10385 3373
f 10385 10218 3373
f 3373 10218 3374
f 10218 10217 3374
f 3374 10217 3354
f 10217 10216 3354
f 3354 10216 3355
f 10216 10215 3355
f 3355 10215 3361
f 10215 10214 3361
f 3361 10214 3362
f 10214 10212 3362
f 3362 10212 3347
f 10212 10213 3347
f 3347 10213 3348
f 10213 10414 3348
f 3348 10414 3349
f 10414 10415 3349
f 3349 10415 3356
f 10415 10416 3356
f 3356 10416 3357
f 10416 10417 3357
f 3357 10417 3358
f 10417 10418 3358
f 3358 10418 3359
f 10418 10452 3359
f 3359 10452 3360
f 10452 2819 3360
f 3360 2819 2817
f 5472 6085 5433
f 6085 6091 5433
f 5433 6091 5434
f 6091 6090 5434
f 5434 6090 5435
f 5435 6090 5432
f 6090 6087 5432
f 5432 6087 5461
f 5461 6087 5565
f 6087 6086 5565
f 5565 6086 5566
f 6086 6098 5566
f 5566 6098 5491
f 6098 6106 5491
f 5491 6106 5490
f 5490 6106 5567
f 6106 6105 5567
f 5567 6105 5697
f 6105 6088 5697
f 5697 6088 5460
f 6088 6089 5460
f 5460 6089 5436
f 6089 6097 5436
f 5436 6097 5437
f 6097 6092 5437
f 5437 6092 5438
f 6082 6099 5646
f 5646 6099 5470
f 5470 6099 5468
f 6099 6103 5468
f 5468 6103 5467
f 5467 6103 5742
f 6103 6094 5742
f 5742 6094 5706
f 6094 6093 5706
f 5706 6093 5544
f 6093 6102 5544
f 5544 6102 5486
f 6102 6107 5486
f 5486 6107 5487
f 5487 6107 5545
f 6107 6095 5545
f 5545 6095 5635
f 6095 6096 5635
f 5635 6096 5506
f 6096 6104 5506
f 5506 6104 5443
f 6104 6101 5443
f 5443 6101 5456
f 5456 6101 5455
f 6101 6100 5455
f 5455 6100 5454
f 6100 6084 5454
f 5454 6084 5471
f 5452 6773 6772
f 5452 6772 5453
f 6772 6771 5453
f 5453 6771 5632
f 6771 6780 5632
f 5632 6780 5633
f 5633 6780 5634
f 6780 6770 5634
f 5634 6770 5600
f 6770 6769 5600
f 5600 6769 5504
f 6769 6768 5504
f 6768 6786 5504
f 5504 6786 5505
f 6786 6790 5505
f 5505 6790 5488
f 6790 6789 5488
f 5488 6789 5542
f 6789 6788 5542
f 5542 6788 5543
f 6788 6787 5543
f 5543 6787 5670
f 6787 6779 5670
f 5670 6779 5465
f 6779 6778 5465
f 5465 6778 5466
f 6778 6777 5466
f 6777 6776 5466
f 5466 6776 5469
f 6776 6775 5469
f 5469 6775 5645
f 6775 6774 5645
f 5645 6774 5642
f 6774 6290 5642
f 5642 6290 5507
f 5476 6078 5429
f 6078 6785 5429
f 5429 6785 5430
f 6785 6784 5430
f 5430 6784 5499
f 6784 6795 5499
f 5499 6795 5750
f 5750 6795 5591
f 6795 6792 5591
f 5591 6792 5517
f 6792 6791 5517
f 5517 6791 5624
f 6791 6793 5624
f 5624 6793 5625
f 6793 6794 5625
f 5625 6794 5626
f 6794 6783 5626
f 6783 6782 5626
f 5626 6782 5446
f 6782 6781 5446
f 5446 6781 5448
f 5448 6781 5449
f 6781 6080 5449
f 5449 6080 5450
f 5450 6080 5451
f 6542 6677 5444
f 5444 6677 5445
f 6677 6634 5445
f 5445 6634 5447
f 5447 6634 5623
f 6634 6633 5623
f 5623 6633 5518
f 6633 6704 5518
f 5518 6704 5519
f 6704 6705 5519
f 5519 6705 5728
f 6705 6676 5728
f 5728 6676 5751
f 6676 6635 5751
f 5751 6635 5498
f 6635 6666 5498
f 5498 6666 5439
f 6666 6601 5439
f 5439 6601 5440
f 5440 6601 5431
f 3346 3345 220
f 3345 3343 220
f 220 3343 217
f 3343 3341 217
f 217 3341 221
f 3285 3286 8234
f 3285 8234 3284
f 3286 3287 8234
f 3287 3288 8234
f 8234 3288 3289
f 221 3341 222
f 3341 3340 222
f 222 3340 3290
f 3290 8235 3289
f 3289 8235 8234
f 10397 3279 3282
f 3284 8234 3283
f 8234 8233 3283
f 3283 8233 3282
f 10413 281 280
f 303 8232 8231
f 303 8231 332
f 8231 8236 332
f 332 8236 280
f 3282 8233 10397
f 8233 8232 10397
f 10397 8232 10396
f 8232 303 10396
f 10396 303 302
f 280 8236 10413
f 8236 8237 10413
f 10413 8237 10412
f 1698 1696 10435
f 8237 8238 10412
f 8238 8239 10412
f 10412 8239 10435
f 8239 8077 10435
f 10435 8077 1698
f 1639 1637 10435
f 1696 1694 10435
f 1694 1692 10435
f 10435 1692 1691
f 1691 1689 10435
f 1689 1687 10435
f 10435 1687 1685
f 1685 1683 10435
f 1683 1681 10435
f 10435 1681 1679
f 1679 1678 10435
f 1678 1676 10435
f 10435 1676 1666
f 1666 1675 10435
f 1675 1674 10435
f 10435 1674 1672
f 1672 1670 10435
f 1670 1669 10435
f 10435 1669 1664
f 1664 1662 10435
f 10435 1662 1651
f 1651 1649 10435
f 1649 1660 10435
f 10435 1660 1659
f 1659 1658 10435
f 1658 1656 10435
f 10435 1656 1654
f 1654 1646 10435
f 10435 1646 1644
f 1644 1642 10435
f 1642 1641 10435
f 10435 1641 1639
f 1637 1626 10435
f 1626 1628 10435
f 10435 1628 1630
f 1630 1632 10435
f 1632 1634 10435
f 10435 1634 2795
f 2795 1634 3035
f 220 219 3346
f 219 218 3346
f 3346 218 3312
f 218 223 3312
f 3312 223 3311
f 223 224 3311
f 3311 224 3310
f 224 3153 3310
f 3310 3153 8084
f 3153 3154 8084
f 8084 3154 8096
f 3154 3155 8096
f 3155 3156 8096
f 8096 3156 8094
f 3159 8092 3158
f 8092 8094 3158
f 3158 8094 3157
f 8094 3156 3157
f 3159 3160 8092
f 3160 3161 8092
f 8092 3161 8090
f 3167 10237 3168
f 10237 8090 3168
f 3168 8090 3169
f 8090 3161 3169
f 10237 10365 8090
f 10365 10364 8090
f 8090 10364 8102
f 10364 10363 8102
f 8102 10363 8100
f 10363 10362 8100
f 8100 10362 8097
f 10252 1251 10362
f 1251 8087 10362
f 10362 8087 8097
f 1287 1289 10252
f 1289 1291 10252
f 10252 1291 1293
f 1293 1295 10252
f 1295 1298 10252
f 10252 1298 1299
f 1299 1301 10252
f 1301 1303 10252
f 10252 1303 1304
f 1304 1305 10252
f 1305 1307 10252
f 10252 1307 1310
f 1310 1313 10252
f 1313 1312 10252
f 10252 1312 1251
f 1263 1265 10249
f 10249 1265 1268
f 1268 1270 10249
f 10249 1270 1272
f 1272 1274 10249
f 1274 1276 10249
f 10249 1276 1278
f 1278 1280 10249
f 1280 1282 10249
f 10249 1282 10251
f 1282 1284 10251
f 10251 1284 10252
f 1284 1286 10252
f 10252 1286 1287
f 1254 1253 10247
f 1253 1260 10247
f 10247 1260 10249
f 10249 1260 1263
f 4561 1258 10246
f 10246 1258 10247
f 1258 1256 10247
f 10247 1256 1254
f 4567 4566 10241
f 4566 4562 10241
f 10241 4562 10239
f 4562 4561 10239
f 10239 4561 10243
f 4561 10246 10243
f 10241 10242 4567
f 10242 2610 4567
f 4567 2610 4528
f 5427 6505 6504
f 5427 6504 5428
f 6504 6671 5428
f 5428 6671 5426
f 6671 6627 5426
f 5426 6627 5494
f 5494 6627 5746
f 6627 6626 5746
f 5746 6626 5722
f 6626 6654 5722
f 5722 6654 5723
f 6654 6706 5723
f 5723 6706 5556
f 6706 6725 5556
f 5556 6725 5555
f 5555 6725 5557
f 6725 6707 5557
f 5557 6707 5661
f 6707 6655 5661
f 5661 6655 5687
f 6655 6506 5687
f 5687 6506 5516
f 6506 6667 5516
f 5516 6667 5462
f 6667 6653 5462
f 5462 6653 5496
f 5496 6653 5497
f 6653 6543 5497
f 5497 6543 5558
f 10453 5608 4120
f 5608 4152 4120
f 5609 5608 10453
f 10454 5578 10455
f 5578 5609 10455
f 10456 5579 10454
f 5579 5578 10454
f 10457 5656 5579
f 10458 5550 10457
f 10457 5550 5656
f 5551 5550 10458
f 5580 5552 10459
f 8162 6508 6507
f 6475 6508 10459
f 6508 8162 10459
f 10459 8162 5580
f 5580 8162 5581
f 6475 10459 6476
f 10459 10460 6476
f 5552 5551 10459
f 10459 5551 10460
f 5551 10458 10460
f 10460 10458 6476
f 10458 6477 6476
f 6477 10458 6523
f 10458 10457 6523
f 6523 10457 6524
f 5579 10456 10457
f 10456 6478 10457
f 10457 6478 6524
f 10456 10454 6478
f 6478 10454 6479
f 6479 10454 6486
f 10454 10455 6486
f 10453 10455 5609
f 10455 6480 6486
f 10455 10453 6480
f 6480 10453 6471
f 10453 4120 6471
f 6471 4120 4119
f 10461 5652 5651
f 5653 10462 5721
f 10462 10463 5721
f 5720 5721 10464
f 5720 10465 5719
f 5701 5719 10466
f 5682 5703 10467
f 10467 5703 5702
f 5655 5683 10468
f 10468 5683 5682
f 4121 5654 4115
f 5655 10469 5654
f 10469 4115 5654
f 6734 6703 10469
f 10469 6703 4115
f 4115 6703 4116
f 6735 6734 10468
f 6734 10469 10468
f 10468 10469 5655
f 10470 10471 5682
f 5682 10471 10468
f 10471 6762 10468
f 10468 6762 6735
f 6719 6718 10470
f 10470 6718 10471
f 10471 6718 6762
f 6753 6719 10467
f 6719 10470 10467
f 10467 10470 5682
f 5701 10472 5702
f 10472 10473 5702
f 5702 10473 10467
f 10473 6763 10467
f 10467 6763 6753
f 6737 6736 10472
f 10472 6736 10473
f 10473 6736 6763
f 6738 6737 10466
f 6737 10472 10466
f 10466 10472 5701
f 10465 10474 5719
f 5719 10474 10466
f 10474 6739 10466
f 10466 6739 6738
f 6727 6726 10465
f 6726 6754 10465
f 10465 6754 10474
f 10474 6754 6739
f 6740 6727 10464
f 6727 10465 10464
f 10464 10465 5720
f 5721 10463 10464
f 10463 6741 10464
f 10464 6741 6740
f 6720 6702 10462
f 10462 6702 10463
f 6702 6701 10463
f 10463 6701 6741
f 6721 6720 10461
f 6720 10462 10461
f 10461 10462 5652
f 10462 5653 5652
f 3137 3136 5651
f 3136 10475 5651
f 5651 10475 10461
f 10475 6728 10461
f 10461 6728 6721
f 6709 6708 3136
f 3136 6708 10475
f 10475 6708 6728
f 3143 6709 3136
