Blender 4.0.2
Fra:1 Mem:42.38M (Peak 42.38M) | Time:00:00.00 | Mem:0.00M, Peak:0.00M | Scene, ViewLayer | Synchronizing object | render_floor_not_a_robot_part
Fra:1 Mem:42.38M (Peak 42.38M) | Time:00:00.00 | Mem:0.00M, Peak:0.00M | Scene, ViewLayer | Synchronizing object | left_shaft_knee
Fra:1 Mem:42.41M (Peak 42.41M) | Time:00:00.00 | Mem:0.00M, Peak:0.00M | Scene, ViewLayer | Synchronizing object | left_frame_distal
Fra:1 Mem:42.44M (Peak 42.44M) | Time:00:00.00 | Mem:0.00M, Peak:0.00M | Scene, ViewLayer | Synchronizing object | left_foot_ivory_low_hull
Fra:1 Mem:42.70M (Peak 42.70M) | Time:00:00.00 | Mem:0.00M, Peak:0.00M | Scene, ViewLayer | Synchronizing object | left_shaft_fold
Fra:1 Mem:42.84M (Peak 42.84M) | Time:00:00.00 | Mem:0.00M, Peak:0.00M | Scene, ViewLayer | Synchronizing object | left_heel_contact_pad
Fra:1 Mem:42.88M (Peak 42.88M) | Time:00:00.00 | Mem:0.00M, Peak:0.00M | Scene, ViewLayer | Synchronizing object | left_foot_heel_dark_guard
Fra:1 Mem:42.89M (Peak 42.89M) | Time:00:00.00 | Mem:0.00M, Peak:0.00M | Scene, ViewLayer | Synchronizing object | left_foot_heel_ivory_side_1
Fra:1 Mem:42.89M (Peak 42.89M) | Time:00:00.00 | Mem:0.00M, Peak:0.00M | Scene, ViewLayer | Synchronizing object | left_foot_heel_ivory_side_-1
Fra:1 Mem:42.89M (Peak 42.89M) | Time:00:00.00 | Mem:0.00M, Peak:0.00M | Scene, ViewLayer | Synchronizing object | left_foot_toe_ivory_side_1
Fra:1 Mem:43.03M (Peak 43.03M) | Time:00:00.00 | Mem:0.00M, Peak:0.00M | Scene, ViewLayer | Synchronizing object | left_pressure_carrier
Fra:1 Mem:43.05M (Peak 43.05M) | Time:00:00.00 | Mem:0.00M, Peak:0.00M | Scene, ViewLayer | Synchronizing object | left_foot_toe_ivory_side_-1
Fra:1 Mem:43.05M (Peak 43.05M) | Time:00:00.00 | Mem:0.00M, Peak:0.00M | Scene, ViewLayer | Synchronizing object | left_shaft_ankle
Fra:1 Mem:43.20M (Peak 43.20M) | Time:00:00.00 | Mem:0.00M, Peak:0.00M | Scene, ViewLayer | Synchronizing object | left_thigh_blue_armor
Fra:1 Mem:43.20M (Peak 43.20M) | Time:00:00.00 | Mem:0.00M, Peak:0.00M | Scene, ViewLayer | Synchronizing object | left_middle_blue_armor
Fra:1 Mem:43.25M (Peak 43.25M) | Time:00:00.00 | Mem:0.00M, Peak:0.00M | Scene, ViewLayer | Synchronizing object | left_foot_continuous_keel
Fra:1 Mem:43.25M (Peak 43.25M) | Time:00:00.00 | Mem:0.00M, Peak:0.00M | Scene, ViewLayer | Synchronizing object | left_thigh_lower_orange_panel
Fra:1 Mem:43.26M (Peak 43.26M) | Time:00:00.00 | Mem:0.00M, Peak:0.00M | Scene, ViewLayer | Synchronizing object | left_ankle_orange_rim_1
Fra:1 Mem:43.31M (Peak 43.31M) | Time:00:00.00 | Mem:0.00M, Peak:0.00M | Scene, ViewLayer | Synchronizing object | left_knee_joint_cover_-1
Fra:1 Mem:43.38M (Peak 43.38M) | Time:00:00.00 | Mem:0.00M, Peak:0.00M | Scene, ViewLayer | Synchronizing object | left_ankle_joint_cover_1
Fra:1 Mem:43.38M (Peak 43.38M) | Time:00:00.00 | Mem:0.00M, Peak:0.00M | Scene, ViewLayer | Synchronizing object | left_knee_joint_cover_1
Fra:1 Mem:43.44M (Peak 43.44M) | Time:00:00.00 | Mem:0.00M, Peak:0.00M | Scene, ViewLayer | Synchronizing object | left_ankle_orange_rim_-1
Fra:1 Mem:43.46M (Peak 43.46M) | Time:00:00.00 | Mem:0.00M, Peak:0.00M | Scene, ViewLayer | Synchronizing object | left_knee_orange_rim_1
Fra:1 Mem:43.46M (Peak 43.46M) | Time:00:00.00 | Mem:0.00M, Peak:0.00M | Scene, ViewLayer | Synchronizing object | left_fold_joint_cover_-1
Fra:1 Mem:43.49M (Peak 43.49M) | Time:00:00.00 | Mem:0.00M, Peak:0.00M | Scene, ViewLayer | Synchronizing object | left_ankle_joint_cover_-1
Fra:1 Mem:43.52M (Peak 43.52M) | Time:00:00.00 | Mem:0.00M, Peak:0.00M | Scene, ViewLayer | Synchronizing object | left_fold_orange_rim_1
Fra:1 Mem:43.53M (Peak 43.53M) | Time:00:00.00 | Mem:0.00M, Peak:0.00M | Scene, ViewLayer | Synchronizing object | left_fold_joint_cover_1
Fra:1 Mem:43.60M (Peak 43.60M) | Time:00:00.00 | Mem:0.00M, Peak:0.00M | Scene, ViewLayer | Initializing
Fra:1 Mem:41.78M (Peak 43.60M) | Time:00:00.00 | Mem:0.00M, Peak:0.00M | Scene, ViewLayer | Waiting for render to start
Fra:1 Mem:41.78M (Peak 43.60M) | Time:00:00.00 | Mem:0.00M, Peak:0.00M | Scene, ViewLayer | Loading render kernels (may take a few minutes the first time)
Fra:1 Mem:41.78M (Peak 43.60M) | Time:00:00.00 | Mem:0.00M, Peak:0.00M | Scene, ViewLayer | Updating Scene
Fra:1 Mem:41.78M (Peak 43.60M) | Time:00:00.00 | Mem:0.00M, Peak:0.00M | Scene, ViewLayer | Updating Shaders
Fra:1 Mem:41.87M (Peak 43.60M) | Time:00:00.00 | Mem:0.01M, Peak:0.01M | Scene, ViewLayer | Updating Procedurals
Fra:1 Mem:41.87M (Peak 43.60M) | Time:00:00.00 | Mem:0.01M, Peak:0.01M | Scene, ViewLayer | Updating Background
Fra:1 Mem:41.87M (Peak 43.60M) | Time:00:00.00 | Mem:0.01M, Peak:0.01M | Scene, ViewLayer | Updating Camera
Fra:1 Mem:41.87M (Peak 43.60M) | Time:00:00.00 | Mem:0.01M, Peak:0.01M | Scene, ViewLayer | Updating Meshes Flags
Fra:1 Mem:41.87M (Peak 43.60M) | Time:00:00.00 | Mem:0.01M, Peak:0.01M | Scene, ViewLayer | Updating Objects
Fra:1 Mem:41.87M (Peak 43.60M) | Time:00:00.00 | Mem:0.01M, Peak:0.01M | Scene, ViewLayer | Updating Objects | Copying Transformations to device
Fra:1 Mem:41.88M (Peak 43.60M) | Time:00:00.00 | Mem:0.01M, Peak:0.01M | Scene, ViewLayer | Updating Objects | Applying Static Transformations
Fra:1 Mem:41.88M (Peak 43.60M) | Time:00:00.00 | Mem:0.01M, Peak:0.01M | Scene, ViewLayer | Updating Particle Systems
Fra:1 Mem:41.88M (Peak 43.60M) | Time:00:00.00 | Mem:0.01M, Peak:0.01M | Scene, ViewLayer | Updating Particle Systems | Copying Particles to device
Fra:1 Mem:41.88M (Peak 43.60M) | Time:00:00.00 | Mem:0.01M, Peak:0.01M | Scene, ViewLayer | Updating Meshes
Fra:1 Mem:42.22M (Peak 43.60M) | Time:00:00.00 | Mem:0.01M, Peak:0.01M | Scene, ViewLayer | Updating Mesh | Computing attributes
Fra:1 Mem:42.36M (Peak 43.60M) | Time:00:00.00 | Mem:0.02M, Peak:0.02M | Scene, ViewLayer | Updating Mesh | Copying Attributes to device
Fra:1 Mem:42.35M (Peak 43.60M) | Time:00:00.00 | Mem:0.14M, Peak:0.14M | Scene, ViewLayer | Updating Scene BVH | Building
Fra:1 Mem:42.35M (Peak 43.60M) | Time:00:00.00 | Mem:0.14M, Peak:0.14M | Scene, ViewLayer | Updating Scene BVH | Building BVH
Fra:1 Mem:43.64M (Peak 43.64M) | Time:00:00.01 | Mem:0.14M, Peak:0.14M | Scene, ViewLayer | Updating Scene BVH | Packing BVH triangles and strands
Fra:1 Mem:43.72M (Peak 43.72M) | Time:00:00.01 | Mem:0.14M, Peak:0.14M | Scene, ViewLayer | Updating Scene BVH | Packing BVH nodes
Fra:1 Mem:43.78M (Peak 43.78M) | Time:00:00.01 | Mem:0.14M, Peak:0.14M | Scene, ViewLayer | Updating Scene BVH | Copying BVH to device
Fra:1 Mem:43.78M (Peak 43.78M) | Time:00:00.01 | Mem:0.86M, Peak:0.86M | Scene, ViewLayer | Updating Mesh | Computing normals
Fra:1 Mem:44.55M (Peak 44.55M) | Time:00:00.01 | Mem:0.86M, Peak:0.86M | Scene, ViewLayer | Updating Mesh | Copying Mesh to device
Fra:1 Mem:44.55M (Peak 44.55M) | Time:00:00.01 | Mem:1.63M, Peak:1.63M | Scene, ViewLayer | Updating Objects Flags
Fra:1 Mem:44.55M (Peak 44.55M) | Time:00:00.01 | Mem:1.63M, Peak:1.63M | Scene, ViewLayer | Updating Primitive Offsets
Fra:1 Mem:44.55M (Peak 44.55M) | Time:00:00.01 | Mem:1.63M, Peak:1.63M | Scene, ViewLayer | Updating Images
Fra:1 Mem:44.55M (Peak 44.55M) | Time:00:00.01 | Mem:1.63M, Peak:1.63M | Scene, ViewLayer | Updating Camera Volume
Fra:1 Mem:44.55M (Peak 44.55M) | Time:00:00.01 | Mem:1.63M, Peak:1.63M | Scene, ViewLayer | Updating Lookup Tables
Fra:1 Mem:44.55M (Peak 44.55M) | Time:00:00.01 | Mem:1.71M, Peak:1.71M | Scene, ViewLayer | Updating Lights
Fra:1 Mem:44.55M (Peak 44.55M) | Time:00:00.01 | Mem:1.71M, Peak:1.71M | Scene, ViewLayer | Updating Lights | Computing distribution
Fra:1 Mem:44.55M (Peak 44.55M) | Time:00:00.01 | Mem:1.71M, Peak:1.71M | Scene, ViewLayer | Updating Lights | Computing tree
Fra:1 Mem:44.55M (Peak 44.55M) | Time:00:00.01 | Mem:1.71M, Peak:1.71M | Scene, ViewLayer | Updating Integrator
Fra:1 Mem:45.55M (Peak 45.55M) | Time:00:00.01 | Mem:2.71M, Peak:2.71M | Scene, ViewLayer | Updating Film
Fra:1 Mem:45.55M (Peak 45.55M) | Time:00:00.01 | Mem:2.63M, Peak:2.71M | Scene, ViewLayer | Updating Lookup Tables
Fra:1 Mem:45.55M (Peak 45.55M) | Time:00:00.01 | Mem:2.71M, Peak:2.71M | Scene, ViewLayer | Updating Baking
Fra:1 Mem:45.55M (Peak 45.55M) | Time:00:00.01 | Mem:2.71M, Peak:2.71M | Scene, ViewLayer | Updating Device | Writing constant memory
Fra:1 Mem:45.56M (Peak 45.56M) | Time:00:00.01 | Mem:2.71M, Peak:2.71M | Scene, ViewLayer | Sample 0/40
Fra:1 Mem:79.56M (Peak 79.56M) | Time:00:00.28 | Remaining:00:10.32 | Mem:36.70M, Peak:36.70M | Scene, ViewLayer | Sample 1/40
Fra:1 Mem:94.67M (Peak 124.88M) | Time:00:08.84 | Mem:36.70M, Peak:36.70M | Scene, ViewLayer | Sample 40/40
Fra:1 Mem:94.67M (Peak 124.88M) | Time:00:08.84 | Mem:36.70M, Peak:36.70M | Scene, ViewLayer | Finished
Saved: '/home/ethan/Projects/Sai_Art/docs/uri_style/gorilla_v0_1/leg_design_r2/images/leg_left.png'
Time: 00:08.91 (Saving: 00:00.06)

Fra:1 Mem:42.72M (Peak 42.72M) | Time:00:00.00 | Mem:0.00M, Peak:0.00M | Scene, ViewLayer | Synchronizing object | render_floor_not_a_robot_part
Fra:1 Mem:42.72M (Peak 42.72M) | Time:00:00.00 | Mem:0.00M, Peak:0.00M | Scene, ViewLayer | Synchronizing object | left_frame_middle
Fra:1 Mem:42.81M (Peak 42.81M) | Time:00:00.00 | Mem:0.00M, Peak:0.00M | Scene, ViewLayer | Synchronizing object | left_shaft_knee
Fra:1 Mem:42.81M (Peak 42.81M) | Time:00:00.00 | Mem:0.00M, Peak:0.00M | Scene, ViewLayer | Synchronizing object | left_frame_distal
Fra:1 Mem:42.91M (Peak 42.91M) | Time:00:00.00 | Mem:0.00M, Peak:0.00M | Scene, ViewLayer | Synchronizing object | left_shaft_fold
Fra:1 Mem:42.93M (Peak 42.93M) | Time:00:00.00 | Mem:0.00M, Peak:0.00M | Scene, ViewLayer | Synchronizing object | left_toe_contact_pad
Fra:1 Mem:42.94M (Peak 42.94M) | Time:00:00.00 | Mem:0.00M, Peak:0.00M | Scene, ViewLayer | Synchronizing object | left_heel_contact_pad
Fra:1 Mem:42.94M (Peak 42.94M) | Time:00:00.00 | Mem:0.00M, Peak:0.00M | Scene, ViewLayer | Synchronizing object | left_pressure_carrier
Fra:1 Mem:42.99M (Peak 42.99M) | Time:00:00.00 | Mem:0.00M, Peak:0.00M | Scene, ViewLayer | Synchronizing object | left_shaft_ankle
Fra:1 Mem:43.01M (Peak 43.01M) | Time:00:00.00 | Mem:0.00M, Peak:0.00M | Scene, ViewLayer | Synchronizing object | left_thigh_blue_armor
Fra:1 Mem:43.01M (Peak 43.01M) | Time:00:00.00 | Mem:0.00M, Peak:0.00M | Scene, ViewLayer | Synchronizing object | left_middle_blue_armor
Fra:1 Mem:43.02M (Peak 43.02M) | Time:00:00.00 | Mem:0.00M, Peak:0.00M | Scene, ViewLayer | Synchronizing object | left_distal_blue_armor
Fra:1 Mem:43.03M (Peak 43.03M) | Time:00:00.00 | Mem:0.00M, Peak:0.00M | Scene, ViewLayer | Synchronizing object | left_thigh_lower_orange_panel
Fra:1 Mem:43.04M (Peak 43.04M) | Time:00:00.00 | Mem:0.00M, Peak:0.00M | Scene, ViewLayer | Synchronizing object | left_knee_joint_cover_-1
Fra:1 Mem:43.05M (Peak 43.05M) | Time:00:00.00 | Mem:0.00M, Peak:0.00M | Scene, ViewLayer | Synchronizing object | left_knee_orange_rim_-1
Fra:1 Mem:43.07M (Peak 43.07M) | Time:00:00.00 | Mem:0.00M, Peak:0.00M | Scene, ViewLayer | Synchronizing object | left_knee_joint_cover_1
Fra:1 Mem:43.07M (Peak 43.07M) | Time:00:00.00 | Mem:0.00M, Peak:0.00M | Scene, ViewLayer | Synchronizing object | left_knee_orange_rim_1
Fra:1 Mem:43.10M (Peak 43.10M) | Time:00:00.00 | Mem:0.00M, Peak:0.00M | Scene, ViewLayer | Synchronizing object | left_fold_joint_cover_-1
Fra:1 Mem:43.11M (Peak 43.11M) | Time:00:00.00 | Mem:0.00M, Peak:0.00M | Scene, ViewLayer | Synchronizing object | left_fold_orange_rim_-1
Fra:1 Mem:43.13M (Peak 43.13M) | Time:00:00.00 | Mem:0.00M, Peak:0.00M | Scene, ViewLayer | Synchronizing object | left_fold_joint_cover_1
Fra:1 Mem:43.14M (Peak 43.14M) | Time:00:00.00 | Mem:0.00M, Peak:0.00M | Scene, ViewLayer | Synchronizing object | left_fold_orange_rim_1
Fra:1 Mem:43.16M (Peak 43.16M) | Time:00:00.00 | Mem:0.00M, Peak:0.00M | Scene, ViewLayer | Synchronizing object | left_ankle_joint_cover_-1
Fra:1 Mem:43.20M (Peak 43.20M) | Time:00:00.00 | Mem:0.00M, Peak:0.00M | Scene, ViewLayer | Synchronizing object | left_foot_front_top_plate
Fra:1 Mem:43.21M (Peak 43.21M) | Time:00:00.00 | Mem:0.00M, Peak:0.00M | Scene, ViewLayer | Synchronizing object | left_foot_heel_dark_guard
Fra:1 Mem:43.21M (Peak 43.21M) | Time:00:00.00 | Mem:0.00M, Peak:0.00M | Scene, ViewLayer | Synchronizing object | left_foot_heel_ivory_side_1
Fra:1 Mem:43.21M (Peak 43.21M) | Time:00:00.00 | Mem:0.00M, Peak:0.00M | Scene, ViewLayer | Synchronizing object | left_foot_heel_ivory_side_-1
Fra:1 Mem:43.21M (Peak 43.21M) | Time:00:00.00 | Mem:0.00M, Peak:0.00M | Scene, ViewLayer | Synchronizing object | left_foot_toe_ivory_side_1
Fra:1 Mem:43.32M (Peak 43.32M) | Time:00:00.00 | Mem:0.00M, Peak:0.00M | Scene, ViewLayer | Synchronizing object | left_foot_toe_ivory_side_-1
Fra:1 Mem:43.44M (Peak 43.44M) | Time:00:00.00 | Mem:0.00M, Peak:0.00M | Scene, ViewLayer | Synchronizing object | left_foot_continuous_keel
Fra:1 Mem:43.44M (Peak 43.44M) | Time:00:00.00 | Mem:0.00M, Peak:0.00M | Scene, ViewLayer | Synchronizing object | left_ankle_orange_rim_1
Fra:1 Mem:43.46M (Peak 43.46M) | Time:00:00.00 | Mem:0.00M, Peak:0.00M | Scene, ViewLayer | Synchronizing object | left_ankle_joint_cover_1
Fra:1 Mem:43.60M (Peak 43.60M) | Time:00:00.00 | Mem:0.00M, Peak:0.00M | Scene, ViewLayer | Initializing
Fra:1 Mem:41.78M (Peak 43.60M) | Time:00:00.00 | Mem:0.00M, Peak:0.00M | Scene, ViewLayer | Waiting for render to start
Fra:1 Mem:41.78M (Peak 43.60M) | Time:00:00.00 | Mem:0.00M, Peak:0.00M | Scene, ViewLayer | Loading render kernels (may take a few minutes the first time)
Fra:1 Mem:41.78M (Peak 43.60M) | Time:00:00.00 | Mem:0.00M, Peak:0.00M | Scene, ViewLayer | Updating Scene
Fra:1 Mem:41.78M (Peak 43.60M) | Time:00:00.00 | Mem:0.00M, Peak:0.00M | Scene, ViewLayer | Updating Shaders
Fra:1 Mem:41.87M (Peak 43.60M) | Time:00:00.00 | Mem:0.01M, Peak:0.01M | Scene, ViewLayer | Updating Procedurals
Fra:1 Mem:41.87M (Peak 43.60M) | Time:00:00.00 | Mem:0.01M, Peak:0.01M | Scene, ViewLayer | Updating Background
Fra:1 Mem:41.87M (Peak 43.60M) | Time:00:00.00 | Mem:0.01M, Peak:0.01M | Scene, ViewLayer | Updating Camera
Fra:1 Mem:41.87M (Peak 43.60M) | Time:00:00.00 | Mem:0.01M, Peak:0.01M | Scene, ViewLayer | Updating Meshes Flags
Fra:1 Mem:41.87M (Peak 43.60M) | Time:00:00.00 | Mem:0.01M, Peak:0.01M | Scene, ViewLayer | Updating Objects
Fra:1 Mem:41.87M (Peak 43.60M) | Time:00:00.00 | Mem:0.01M, Peak:0.01M | Scene, ViewLayer | Updating Objects | Copying Transformations to device
Fra:1 Mem:41.88M (Peak 43.60M) | Time:00:00.00 | Mem:0.01M, Peak:0.01M | Scene, ViewLayer | Updating Objects | Applying Static Transformations
Fra:1 Mem:41.88M (Peak 43.60M) | Time:00:00.00 | Mem:0.01M, Peak:0.01M | Scene, ViewLayer | Updating Particle Systems
Fra:1 Mem:41.88M (Peak 43.60M) | Time:00:00.00 | Mem:0.01M, Peak:0.01M | Scene, ViewLayer | Updating Particle Systems | Copying Particles to device
Fra:1 Mem:41.88M (Peak 43.60M) | Time:00:00.00 | Mem:0.01M, Peak:0.01M | Scene, ViewLayer | Updating Meshes
Fra:1 Mem:42.22M (Peak 43.60M) | Time:00:00.00 | Mem:0.01M, Peak:0.01M | Scene, ViewLayer | Updating Mesh | Computing attributes
Fra:1 Mem:42.36M (Peak 43.60M) | Time:00:00.00 | Mem:0.02M, Peak:0.02M | Scene, ViewLayer | Updating Mesh | Copying Attributes to device
Fra:1 Mem:42.35M (Peak 43.60M) | Time:00:00.00 | Mem:0.14M, Peak:0.14M | Scene, ViewLayer | Updating Scene BVH | Building
Fra:1 Mem:42.35M (Peak 43.60M) | Time:00:00.00 | Mem:0.14M, Peak:0.14M | Scene, ViewLayer | Updating Scene BVH | Building BVH
Fra:1 Mem:43.64M (Peak 43.64M) | Time:00:00.00 | Mem:0.14M, Peak:0.14M | Scene, ViewLayer | Updating Scene BVH | Packing BVH triangles and strands
Fra:1 Mem:43.72M (Peak 43.72M) | Time:00:00.00 | Mem:0.14M, Peak:0.14M | Scene, ViewLayer | Updating Scene BVH | Packing BVH nodes
Fra:1 Mem:43.78M (Peak 43.78M) | Time:00:00.01 | Mem:0.14M, Peak:0.14M | Scene, ViewLayer | Updating Scene BVH | Copying BVH to device
Fra:1 Mem:43.78M (Peak 43.78M) | Time:00:00.01 | Mem:0.86M, Peak:0.86M | Scene, ViewLayer | Updating Mesh | Computing normals
Fra:1 Mem:44.55M (Peak 44.55M) | Time:00:00.01 | Mem:0.86M, Peak:0.86M | Scene, ViewLayer | Updating Mesh | Copying Mesh to device
Fra:1 Mem:44.55M (Peak 44.55M) | Time:00:00.01 | Mem:1.63M, Peak:1.63M | Scene, ViewLayer | Updating Objects Flags
Fra:1 Mem:44.55M (Peak 44.55M) | Time:00:00.01 | Mem:1.63M, Peak:1.63M | Scene, ViewLayer | Updating Primitive Offsets
Fra:1 Mem:44.55M (Peak 44.55M) | Time:00:00.01 | Mem:1.63M, Peak:1.63M | Scene, ViewLayer | Updating Images
Fra:1 Mem:44.55M (Peak 44.55M) | Time:00:00.01 | Mem:1.63M, Peak:1.63M | Scene, ViewLayer | Updating Camera Volume
Fra:1 Mem:44.55M (Peak 44.55M) | Time:00:00.01 | Mem:1.63M, Peak:1.63M | Scene, ViewLayer | Updating Lookup Tables
Fra:1 Mem:44.55M (Peak 44.55M) | Time:00:00.01 | Mem:1.71M, Peak:1.71M | Scene, ViewLayer | Updating Lights
Fra:1 Mem:44.55M (Peak 44.55M) | Time:00:00.01 | Mem:1.71M, Peak:1.71M | Scene, ViewLayer | Updating Lights | Computing distribution
Fra:1 Mem:44.55M (Peak 44.55M) | Time:00:00.01 | Mem:1.71M, Peak:1.71M | Scene, ViewLayer | Updating Lights | Computing tree
Fra:1 Mem:44.55M (Peak 44.55M) | Time:00:00.01 | Mem:1.71M, Peak:1.71M | Scene, ViewLayer | Updating Integrator
Fra:1 Mem:45.55M (Peak 45.55M) | Time:00:00.01 | Mem:2.71M, Peak:2.71M | Scene, ViewLayer | Updating Film
Fra:1 Mem:45.55M (Peak 45.55M) | Time:00:00.01 | Mem:2.63M, Peak:2.71M | Scene, ViewLayer | Updating Lookup Tables
Fra:1 Mem:45.55M (Peak 45.55M) | Time:00:00.01 | Mem:2.71M, Peak:2.71M | Scene, ViewLayer | Updating Baking
Fra:1 Mem:45.55M (Peak 45.55M) | Time:00:00.01 | Mem:2.71M, Peak:2.71M | Scene, ViewLayer | Updating Device | Writing constant memory
Fra:1 Mem:45.56M (Peak 45.56M) | Time:00:00.01 | Mem:2.71M, Peak:2.71M | Scene, ViewLayer | Sample 0/40
Fra:1 Mem:79.56M (Peak 79.56M) | Time:00:00.55 | Remaining:00:21.07 | Mem:36.70M, Peak:36.70M | Scene, ViewLayer | Sample 1/40
Fra:1 Mem:94.67M (Peak 124.88M) | Time:00:18.35 | Mem:36.70M, Peak:36.70M | Scene, ViewLayer | Sample 40/40
Fra:1 Mem:94.67M (Peak 124.88M) | Time:00:18.35 | Mem:36.70M, Peak:36.70M | Scene, ViewLayer | Finished
Saved: '/home/ethan/Projects/Sai_Art/docs/uri_style/gorilla_v0_1/leg_design_r2/images/leg_three_quarter.png'
Time: 00:18.40 (Saving: 00:00.04)

Fra:1 Mem:55.10M (Peak 55.10M) | Time:00:00.01 | Mem:0.00M, Peak:0.00M | Scene, ViewLayer | Synchronizing object | render_floor_not_a_robot_part
Fra:1 Mem:55.10M (Peak 55.10M) | Time:00:00.01 | Mem:0.00M, Peak:0.00M | Scene, ViewLayer | Synchronizing object | upper_crown_top_panel_line_01
Fra:1 Mem:55.10M (Peak 55.10M) | Time:00:00.01 | Mem:0.00M, Peak:0.00M | Scene, ViewLayer | Synchronizing object | upper_crown_top_panel_line_02
Fra:1 Mem:55.10M (Peak 55.10M) | Time:00:00.01 | Mem:0.00M, Peak:0.00M | Scene, ViewLayer | Synchronizing object | upper_crown_fastener_1
Fra:1 Mem:55.14M (Peak 55.14M) | Time:00:00.01 | Mem:0.00M, Peak:0.00M | Scene, ViewLayer | Synchronizing object | upper_crown_fastener_2
Fra:1 Mem:55.17M (Peak 55.17M) | Time:00:00.01 | Mem:0.00M, Peak:0.00M | Scene, ViewLayer | Synchronizing object | upper_crown_fastener_3
Fra:1 Mem:55.21M (Peak 55.21M) | Time:00:00.01 | Mem:0.00M, Peak:0.00M | Scene, ViewLayer | Synchronizing object | upper_central_indicator_gold_frame
Fra:1 Mem:55.24M (Peak 55.24M) | Time:00:00.01 | Mem:0.00M, Peak:0.00M | Scene, ViewLayer | Synchronizing object | upper_central_indicator_lit_strip
Fra:1 Mem:55.29M (Peak 55.29M) | Time:00:00.01 | Mem:0.00M, Peak:0.00M | Scene, ViewLayer | Synchronizing object | upper_rear_crown_panel_seam_00
Fra:1 Mem:55.29M (Peak 55.29M) | Time:00:00.01 | Mem:0.00M, Peak:0.00M | Scene, ViewLayer | Synchronizing object | upper_rear_crown_panel_seam_01
Fra:1 Mem:55.29M (Peak 55.29M) | Time:00:00.01 | Mem:0.00M, Peak:0.00M | Scene, ViewLayer | Synchronizing object | upper_rear_crown_panel_seam_02
Fra:1 Mem:55.29M (Peak 55.29M) | Time:00:00.01 | Mem:0.00M, Peak:0.00M | Scene, ViewLayer | Synchronizing object | upper_dark_central_waist_coupler
Fra:1 Mem:55.29M (Peak 55.29M) | Time:00:00.01 | Mem:0.00M, Peak:0.00M | Scene, ViewLayer | Synchronizing object | upper_dark_pelvis_inner_layer
Fra:1 Mem:55.30M (Peak 55.30M) | Time:00:00.01 | Mem:0.00M, Peak:0.00M | Scene, ViewLayer | Synchronizing object | upper_pelvis_front_black_latch
Fra:1 Mem:55.31M (Peak 55.31M) | Time:00:00.01 | Mem:0.00M, Peak:0.00M | Scene, ViewLayer | Synchronizing object | upper_left_deltoid_gold_marker
Fra:1 Mem:55.32M (Peak 55.32M) | Time:00:00.01 | Mem:0.00M, Peak:0.00M | Scene, ViewLayer | Synchronizing object | upper_left_upper_arm_gold_marker
Fra:1 Mem:55.32M (Peak 55.32M) | Time:00:00.01 | Mem:0.00M, Peak:0.00M | Scene, ViewLayer | Synchronizing object | upper_right_deltoid_gold_marker
Fra:1 Mem:55.33M (Peak 55.33M) | Time:00:00.01 | Mem:0.00M, Peak:0.00M | Scene, ViewLayer | Synchronizing object | upper_right_upper_arm_gold_marker
Fra:1 Mem:55.33M (Peak 55.33M) | Time:00:00.01 | Mem:0.00M, Peak:0.00M | Scene, ViewLayer | Synchronizing object | upper_right_forearm_gold_marker
Fra:1 Mem:55.33M (Peak 55.33M) | Time:00:00.01 | Mem:0.00M, Peak:0.00M | Scene, ViewLayer | Synchronizing object | upper_continuous_ivory_torso_armor_cover
Fra:1 Mem:55.36M (Peak 55.36M) | Time:00:00.01 | Mem:0.00M, Peak:0.00M | Scene, ViewLayer | Synchronizing object | upper_right_blue_rear_shoulder_edge_cover
Fra:1 Mem:55.37M (Peak 55.37M) | Time:00:00.01 | Mem:0.00M, Peak:0.00M | Scene, ViewLayer | Synchronizing object | upper_left_ivory_hood_window_side_lip
Fra:1 Mem:55.44M (Peak 55.44M) | Time:00:00.01 | Mem:0.00M, Peak:0.00M | Scene, ViewLayer | Synchronizing object | upper_right_ivory_hood_window_side_lip
Fra:1 Mem:55.49M (Peak 55.49M) | Time:00:00.01 | Mem:0.00M, Peak:0.00M | Scene, ViewLayer | Synchronizing object | upper_rear_service_door_shadow
Fra:1 Mem:55.50M (Peak 55.50M) | Time:00:00.01 | Mem:0.00M, Peak:0.00M | Scene, ViewLayer | Synchronizing object | upper_rear_blue_service_door
Fra:1 Mem:55.58M (Peak 55.58M) | Time:00:00.01 | Mem:0.00M, Peak:0.00M | Scene, ViewLayer | Synchronizing object | upper_rear_control_screen_glass
Fra:1 Mem:55.61M (Peak 55.61M) | Time:00:00.01 | Mem:0.00M, Peak:0.00M | Scene, ViewLayer | Synchronizing object | upper_rear_control_screen_header
Fra:1 Mem:55.68M (Peak 55.68M) | Time:00:00.01 | Mem:0.00M, Peak:0.00M | Scene, ViewLayer | Synchronizing object | upper_rear_control_screen_label_status
Fra:1 Mem:55.73M (Peak 55.73M) | Time:00:00.01 | Mem:0.00M, Peak:0.00M | Scene, ViewLayer | Synchronizing object | upper_rear_control_screen_zone_indicator_status
Fra:1 Mem:55.76M (Peak 55.76M) | Time:00:00.01 | Mem:0.00M, Peak:0.00M | Scene, ViewLayer | Synchronizing object | upper_rear_control_screen_touch_zone_task
Fra:1 Mem:55.74M (Peak 55.76M) | Time:00:00.01 | Mem:0.00M, Peak:0.00M | Scene, ViewLayer | Synchronizing object | upper_rear_control_screen_label_task
Fra:1 Mem:55.77M (Peak 55.77M) | Time:00:00.01 | Mem:0.00M, Peak:0.00M | Scene, ViewLayer | Synchronizing object | upper_rear_control_screen_touch_zone_local
Fra:1 Mem:55.78M (Peak 55.78M) | Time:00:00.01 | Mem:0.00M, Peak:0.00M | Scene, ViewLayer | Synchronizing object | upper_rear_control_screen_label_local
Fra:1 Mem:55.81M (Peak 55.81M) | Time:00:00.01 | Mem:0.00M, Peak:0.00M | Scene, ViewLayer | Synchronizing object | upper_rear_control_screen_zone_indicator_local
Fra:1 Mem:55.81M (Peak 55.81M) | Time:00:00.01 | Mem:0.00M, Peak:0.00M | Scene, ViewLayer | Synchronizing object | upper_rear_service_latch
Fra:1 Mem:55.84M (Peak 55.84M) | Time:00:00.01 | Mem:0.00M, Peak:0.00M | Scene, ViewLayer | Synchronizing object | upper_rear_door_upper_tab
Fra:1 Mem:55.86M (Peak 55.86M) | Time:00:00.01 | Mem:0.00M, Peak:0.00M | Scene, ViewLayer | Synchronizing object | upper_rear_door_screw_0
Fra:1 Mem:55.89M (Peak 55.90M) | Time:00:00.01 | Mem:0.00M, Peak:0.00M | Scene, ViewLayer | Synchronizing object | upper_rear_door_screw_2
Fra:1 Mem:55.91M (Peak 55.91M) | Time:00:00.01 | Mem:0.00M, Peak:0.00M | Scene, ViewLayer | Synchronizing object | upper_rear_door_screw_3
Fra:1 Mem:55.97M (Peak 55.97M) | Time:00:00.01 | Mem:0.00M, Peak:0.00M | Scene, ViewLayer | Synchronizing object | upper_ivory_crown_inset
Fra:1 Mem:56.03M (Peak 56.03M) | Time:00:00.01 | Mem:0.00M, Peak:0.00M | Scene, ViewLayer | Synchronizing object | upper_ivory_rear_pelvis_cartridge
Fra:1 Mem:56.09M (Peak 56.09M) | Time:00:00.01 | Mem:0.00M, Peak:0.00M | Scene, ViewLayer | Synchronizing object | upper_left_rear_yellow_pelvis_band
Fra:1 Mem:56.18M (Peak 56.18M) | Time:00:00.01 | Mem:0.00M, Peak:0.00M | Scene, ViewLayer | Synchronizing object | upper_right_rear_yellow_pelvis_band
Fra:1 Mem:56.23M (Peak 56.23M) | Time:00:00.01 | Mem:0.00M, Peak:0.00M | Scene, ViewLayer | Synchronizing object | upper_ivory_rear_short_waist_connector
Fra:1 Mem:56.32M (Peak 56.32M) | Time:00:00.01 | Mem:0.00M, Peak:0.00M | Scene, ViewLayer | Synchronizing object | upper_left_blue_shoulder_upper_return
Fra:1 Mem:56.40M (Peak 56.40M) | Time:00:00.01 | Mem:0.00M, Peak:0.00M | Scene, ViewLayer | Synchronizing object | upper_left_blue_rear_shoulder_guard
Fra:1 Mem:56.40M (Peak 56.40M) | Time:00:00.01 | Mem:0.00M, Peak:0.00M | Scene, ViewLayer | Synchronizing object | upper_left_blue_shoulder_diagonal_front_wing
Fra:1 Mem:56.56M (Peak 56.56M) | Time:00:00.01 | Mem:0.00M, Peak:0.00M | Scene, ViewLayer | Synchronizing object | upper_left_blue_chest_cheek_wrap
Fra:1 Mem:56.65M (Peak 56.65M) | Time:00:00.01 | Mem:0.00M, Peak:0.00M | Scene, ViewLayer | Synchronizing object | upper_left_blue_chest_cheek_side_return
Fra:1 Mem:56.90M (Peak 56.90M) | Time:00:00.01 | Mem:0.00M, Peak:0.00M | Scene, ViewLayer | Synchronizing object | upper_left_radiator_ivory_socket
Fra:1 Mem:56.92M (Peak 56.92M) | Time:00:00.01 | Mem:0.00M, Peak:0.00M | Scene, ViewLayer | Synchronizing object | upper_left_radiator_gold_trim
Fra:1 Mem:57.07M (Peak 57.07M) | Time:00:00.01 | Mem:0.00M, Peak:0.00M | Scene, ViewLayer | Synchronizing object | upper_left_radiator_black_well
Fra:1 Mem:57.07M (Peak 57.07M) | Time:00:00.01 | Mem:0.00M, Peak:0.00M | Scene, ViewLayer | Synchronizing object | upper_left_radiator_turning_plenum
Fra:1 Mem:57.08M (Peak 57.08M) | Time:00:00.01 | Mem:0.00M, Peak:0.00M | Scene, ViewLayer | Synchronizing object | upper_left_radiator_louver_00
Fra:1 Mem:57.09M (Peak 57.09M) | Time:00:00.01 | Mem:0.00M, Peak:0.00M | Scene, ViewLayer | Synchronizing object | upper_left_radiator_louver_01
Fra:1 Mem:57.17M (Peak 57.17M) | Time:00:00.01 | Mem:0.00M, Peak:0.00M | Scene, ViewLayer | Synchronizing object | upper_left_radiator_louver_02
Fra:1 Mem:57.17M (Peak 57.17M) | Time:00:00.01 | Mem:0.00M, Peak:0.00M | Scene, ViewLayer | Synchronizing object | upper_left_radiator_louver_03
Fra:1 Mem:57.19M (Peak 57.19M) | Time:00:00.01 | Mem:0.00M, Peak:0.00M | Scene, ViewLayer | Synchronizing object | upper_left_radiator_louver_04
Fra:1 Mem:57.20M (Peak 57.20M) | Time:00:00.01 | Mem:0.00M, Peak:0.00M | Scene, ViewLayer | Synchronizing object | upper_left_radiator_louver_05
Fra:1 Mem:57.21M (Peak 57.21M) | Time:00:00.01 | Mem:0.00M, Peak:0.00M | Scene, ViewLayer | Synchronizing object | upper_left_radiator_louver_06
Fra:1 Mem:57.22M (Peak 57.22M) | Time:00:00.01 | Mem:0.00M, Peak:0.00M | Scene, ViewLayer | Synchronizing object | upper_left_radiator_louver_07
Fra:1 Mem:57.23M (Peak 57.23M) | Time:00:00.01 | Mem:0.00M, Peak:0.00M | Scene, ViewLayer | Synchronizing object | upper_left_radiator_louver_08
Fra:1 Mem:57.24M (Peak 57.24M) | Time:00:00.01 | Mem:0.00M, Peak:0.00M | Scene, ViewLayer | Synchronizing object | upper_left_radiator_louver_09
Fra:1 Mem:57.25M (Peak 57.25M) | Time:00:00.01 | Mem:0.00M, Peak:0.00M | Scene, ViewLayer | Synchronizing object | upper_left_radiator_louver_10
Fra:1 Mem:57.26M (Peak 57.26M) | Time:00:00.01 | Mem:0.00M, Peak:0.00M | Scene, ViewLayer | Synchronizing object | upper_left_vent_fastener_0
Fra:1 Mem:57.29M (Peak 57.29M) | Time:00:00.01 | Mem:0.00M, Peak:0.00M | Scene, ViewLayer | Synchronizing object | upper_left_vent_fastener_1
Fra:1 Mem:57.33M (Peak 57.33M) | Time:00:00.01 | Mem:0.00M, Peak:0.00M | Scene, ViewLayer | Synchronizing object | upper_left_vent_fastener_2
Fra:1 Mem:57.36M (Peak 57.36M) | Time:00:00.01 | Mem:0.00M, Peak:0.00M | Scene, ViewLayer | Synchronizing object | upper_left_vent_fastener_3
Fra:1 Mem:57.38M (Peak 57.38M) | Time:00:00.01 | Mem:0.00M, Peak:0.00M | Scene, ViewLayer | Synchronizing object | upper_left_dark_torso_side_housing
Fra:1 Mem:57.45M (Peak 57.45M) | Time:00:00.01 | Mem:0.00M, Peak:0.00M | Scene, ViewLayer | Synchronizing object | upper_left_torso_side_layer_00
Fra:1 Mem:57.48M (Peak 57.48M) | Time:00:00.01 | Mem:0.00M, Peak:0.00M | Scene, ViewLayer | Synchronizing object | upper_left_torso_side_layer_01
Fra:1 Mem:57.57M (Peak 57.57M) | Time:00:00.01 | Mem:0.00M, Peak:0.00M | Scene, ViewLayer | Synchronizing object | upper_left_torso_side_layer_lip_01
Fra:1 Mem:57.59M (Peak 57.59M) | Time:00:00.01 | Mem:0.00M, Peak:0.00M | Scene, ViewLayer | Synchronizing object | upper_left_torso_side_layer_02
Fra:1 Mem:57.52M (Peak 57.59M) | Time:00:00.01 | Mem:0.00M, Peak:0.00M | Scene, ViewLayer | Synchronizing object | upper_left_torso_side_layer_lip_02
Fra:1 Mem:57.57M (Peak 57.59M) | Time:00:00.01 | Mem:0.00M, Peak:0.00M | Scene, ViewLayer | Synchronizing object | upper_left_torso_side_layer_lip_03
Fra:1 Mem:57.62M (Peak 57.62M) | Time:00:00.01 | Mem:0.00M, Peak:0.00M | Scene, ViewLayer | Synchronizing object | upper_left_blue_forearm_wrap
Fra:1 Mem:57.65M (Peak 57.65M) | Time:00:00.01 | Mem:0.00M, Peak:0.00M | Scene, ViewLayer | Synchronizing object | upper_left_ivory_shoulder_cap
Fra:1 Mem:57.77M (Peak 57.77M) | Time:00:00.01 | Mem:0.00M, Peak:0.00M | Scene, ViewLayer | Synchronizing object | right_foot_ivory_low_hull
Fra:1 Mem:57.87M (Peak 57.87M) | Time:00:00.01 | Mem:0.00M, Peak:0.00M | Scene, ViewLayer | Synchronizing object | upper_left_shoulder_open_bearing_seat
Fra:1 Mem:57.89M (Peak 57.89M) | Time:00:00.01 | Mem:0.00M, Peak:0.00M | Scene, ViewLayer | Synchronizing object | upper_left_ivory_lower_upper_arm
Fra:1 Mem:57.89M (Peak 57.89M) | Time:00:00.01 | Mem:0.00M, Peak:0.00M | Scene, ViewLayer | Synchronizing object | upper_left_blue_elbow_yoke
Fra:1 Mem:58.21M (Peak 58.21M) | Time:00:00.01 | Mem:0.00M, Peak:0.00M | Scene, ViewLayer | Synchronizing object | upper_right_blue_continuous_shoulder_sweep
Fra:1 Mem:58.26M (Peak 58.26M) | Time:00:00.01 | Mem:0.00M, Peak:0.00M | Scene, ViewLayer | Synchronizing object | upper_right_blue_shoulder_upper_return
Fra:1 Mem:58.42M (Peak 58.42M) | Time:00:00.01 | Mem:0.00M, Peak:0.00M | Scene, ViewLayer | Synchronizing object | upper_right_blue_rear_shoulder_guard
Fra:1 Mem:58.44M (Peak 58.44M) | Time:00:00.01 | Mem:0.00M, Peak:0.00M | Scene, ViewLayer | Synchronizing object | upper_right_blue_shoulder_diagonal_front_wing
Fra:1 Mem:58.62M (Peak 58.62M) | Time:00:00.01 | Mem:0.00M, Peak:0.00M | Scene, ViewLayer | Synchronizing object | right_foot_front_top_plate
Fra:1 Mem:58.71M (Peak 58.71M) | Time:00:00.01 | Mem:0.00M, Peak:0.00M | Scene, ViewLayer | Synchronizing object | upper_right_blue_chest_cheek_wrap
Fra:1 Mem:58.73M (Peak 58.73M) | Time:00:00.01 | Mem:0.00M, Peak:0.00M | Scene, ViewLayer | Synchronizing object | right_foot_heel_dark_guard
Fra:1 Mem:58.97M (Peak 58.97M) | Time:00:00.01 | Mem:0.00M, Peak:0.00M | Scene, ViewLayer | Synchronizing object | right_foot_heel_ivory_side_1
Fra:1 Mem:58.98M (Peak 58.98M) | Time:00:00.01 | Mem:0.00M, Peak:0.00M | Scene, ViewLayer | Synchronizing object | right_foot_heel_ivory_side_-1
Fra:1 Mem:58.99M (Peak 59.06M) | Time:00:00.01 | Mem:0.00M, Peak:0.00M | Scene, ViewLayer | Synchronizing object | right_foot_toe_ivory_side_1
Fra:1 Mem:59.09M (Peak 59.09M) | Time:00:00.01 | Mem:0.00M, Peak:0.00M | Scene, ViewLayer | Synchronizing object | upper_right_blue_chest_cheek_side_return
Fra:1 Mem:59.27M (Peak 59.27M) | Time:00:00.01 | Mem:0.00M, Peak:0.00M | Scene, ViewLayer | Synchronizing object | upper_right_radiator_ivory_socket
Fra:1 Mem:59.50M (Peak 59.50M) | Time:00:00.01 | Mem:0.00M, Peak:0.00M | Scene, ViewLayer | Synchronizing object | upper_right_radiator_gold_trim
Fra:1 Mem:59.52M (Peak 59.52M) | Time:00:00.01 | Mem:0.00M, Peak:0.00M | Scene, ViewLayer | Synchronizing object | right_foot_toe_ivory_side_-1
Fra:1 Mem:59.56M (Peak 59.56M) | Time:00:00.01 | Mem:0.00M, Peak:0.00M | Scene, ViewLayer | Synchronizing object | upper_right_radiator_black_well
Fra:1 Mem:59.60M (Peak 59.60M) | Time:00:00.01 | Mem:0.00M, Peak:0.00M | Scene, ViewLayer | Synchronizing object | upper_right_radiator_turning_plenum
Fra:1 Mem:59.62M (Peak 59.62M) | Time:00:00.01 | Mem:0.00M, Peak:0.00M | Scene, ViewLayer | Synchronizing object | upper_right_radiator_louver_00
Fra:1 Mem:59.72M (Peak 59.72M) | Time:00:00.01 | Mem:0.00M, Peak:0.00M | Scene, ViewLayer | Synchronizing object | upper_right_radiator_louver_01
Fra:1 Mem:59.73M (Peak 59.73M) | Time:00:00.01 | Mem:0.00M, Peak:0.00M | Scene, ViewLayer | Synchronizing object | upper_right_radiator_louver_03
Fra:1 Mem:59.75M (Peak 59.75M) | Time:00:00.01 | Mem:0.00M, Peak:0.00M | Scene, ViewLayer | Synchronizing object | upper_right_radiator_louver_04
Fra:1 Mem:59.78M (Peak 59.78M) | Time:00:00.01 | Mem:0.00M, Peak:0.00M | Scene, ViewLayer | Synchronizing object | upper_right_radiator_louver_05
Fra:1 Mem:59.72M (Peak 59.78M) | Time:00:00.01 | Mem:0.00M, Peak:0.00M | Scene, ViewLayer | Synchronizing object | upper_right_radiator_louver_06
Fra:1 Mem:59.70M (Peak 59.78M) | Time:00:00.01 | Mem:0.00M, Peak:0.00M | Scene, ViewLayer | Synchronizing object | right_foot_continuous_keel
Fra:1 Mem:59.71M (Peak 59.78M) | Time:00:00.01 | Mem:0.00M, Peak:0.00M | Scene, ViewLayer | Synchronizing object | upper_right_radiator_louver_08
Fra:1 Mem:59.72M (Peak 59.78M) | Time:00:00.01 | Mem:0.00M, Peak:0.00M | Scene, ViewLayer | Synchronizing object | upper_right_radiator_louver_09
Fra:1 Mem:59.75M (Peak 59.78M) | Time:00:00.01 | Mem:0.00M, Peak:0.00M | Scene, ViewLayer | Synchronizing object | upper_right_radiator_louver_10
Fra:1 Mem:59.77M (Peak 59.78M) | Time:00:00.01 | Mem:0.00M, Peak:0.00M | Scene, ViewLayer | Synchronizing object | right_ankle_joint_cover_1
Fra:1 Mem:59.78M (Peak 59.78M) | Time:00:00.01 | Mem:0.00M, Peak:0.00M | Scene, ViewLayer | Synchronizing object | upper_right_vent_fastener_0
Fra:1 Mem:59.80M (Peak 59.80M) | Time:00:00.01 | Mem:0.00M, Peak:0.00M | Scene, ViewLayer | Synchronizing object | right_ankle_orange_rim_-1
Fra:1 Mem:59.81M (Peak 59.81M) | Time:00:00.01 | Mem:0.00M, Peak:0.00M | Scene, ViewLayer | Synchronizing object | upper_right_vent_fastener_1
Fra:1 Mem:59.81M (Peak 59.81M) | Time:00:00.01 | Mem:0.00M, Peak:0.00M | Scene, ViewLayer | Synchronizing object | upper_right_vent_fastener_2
Fra:1 Mem:59.90M (Peak 59.90M) | Time:00:00.01 | Mem:0.00M, Peak:0.00M | Scene, ViewLayer | Synchronizing object | upper_right_vent_fastener_3
Fra:1 Mem:59.94M (Peak 59.94M) | Time:00:00.01 | Mem:0.00M, Peak:0.00M | Scene, ViewLayer | Synchronizing object | upper_right_dark_torso_side_housing
Fra:1 Mem:59.97M (Peak 59.97M) | Time:00:00.01 | Mem:0.00M, Peak:0.00M | Scene, ViewLayer | Synchronizing object | upper_right_torso_side_layer_00
Fra:1 Mem:59.98M (Peak 59.98M) | Time:00:00.01 | Mem:0.00M, Peak:0.00M | Scene, ViewLayer | Synchronizing object | upper_right_torso_side_layer_lip_00
Fra:1 Mem:60.00M (Peak 60.00M) | Time:00:00.01 | Mem:0.00M, Peak:0.00M | Scene, ViewLayer | Synchronizing object | upper_right_torso_side_layer_01
Fra:1 Mem:60.03M (Peak 60.03M) | Time:00:00.01 | Mem:0.00M, Peak:0.00M | Scene, ViewLayer | Synchronizing object | right_ankle_joint_cover_-1
Fra:1 Mem:60.06M (Peak 60.06M) | Time:00:00.01 | Mem:0.00M, Peak:0.00M | Scene, ViewLayer | Synchronizing object | upper_right_torso_side_layer_lip_02
Fra:1 Mem:60.07M (Peak 60.07M) | Time:00:00.01 | Mem:0.00M, Peak:0.00M | Scene, ViewLayer | Synchronizing object | right_fold_orange_rim_1
Fra:1 Mem:60.10M (Peak 60.10M) | Time:00:00.01 | Mem:0.00M, Peak:0.00M | Scene, ViewLayer | Synchronizing object | upper_right_torso_side_layer_03
Fra:1 Mem:60.13M (Peak 60.13M) | Time:00:00.01 | Mem:0.00M, Peak:0.00M | Scene, ViewLayer | Synchronizing object | right_fold_joint_cover_1
Fra:1 Mem:60.15M (Peak 60.15M) | Time:00:00.01 | Mem:0.00M, Peak:0.00M | Scene, ViewLayer | Synchronizing object | upper_right_torso_side_layer_lip_03
Fra:1 Mem:60.16M (Peak 60.16M) | Time:00:00.01 | Mem:0.00M, Peak:0.00M | Scene, ViewLayer | Synchronizing object | right_fold_orange_rim_-1
Fra:1 Mem:60.18M (Peak 60.18M) | Time:00:00.01 | Mem:0.00M, Peak:0.00M | Scene, ViewLayer | Synchronizing object | upper_right_blue_forearm_wrap
Fra:1 Mem:60.21M (Peak 60.21M) | Time:00:00.01 | Mem:0.00M, Peak:0.00M | Scene, ViewLayer | Synchronizing object | right_fold_joint_cover_-1
Fra:1 Mem:60.28M (Peak 60.28M) | Time:00:00.01 | Mem:0.00M, Peak:0.00M | Scene, ViewLayer | Synchronizing object | right_knee_orange_rim_1
Fra:1 Mem:60.35M (Peak 60.35M) | Time:00:00.01 | Mem:0.00M, Peak:0.00M | Scene, ViewLayer | Synchronizing object | upper_right_blue_deltoid_wrap
Fra:1 Mem:60.38M (Peak 60.38M) | Time:00:00.01 | Mem:0.00M, Peak:0.00M | Scene, ViewLayer | Synchronizing object | upper_right_shoulder_open_bearing_seat
Fra:1 Mem:60.40M (Peak 60.40M) | Time:00:00.01 | Mem:0.00M, Peak:0.00M | Scene, ViewLayer | Synchronizing object | upper_right_ivory_lower_upper_arm
Fra:1 Mem:60.46M (Peak 60.46M) | Time:00:00.01 | Mem:0.00M, Peak:0.00M | Scene, ViewLayer | Synchronizing object | right_knee_orange_rim_-1
Fra:1 Mem:60.49M (Peak 60.49M) | Time:00:00.01 | Mem:0.00M, Peak:0.00M | Scene, ViewLayer | Synchronizing object | right_knee_joint_cover_-1
Fra:1 Mem:60.50M (Peak 60.50M) | Time:00:00.01 | Mem:0.00M, Peak:0.00M | Scene, ViewLayer | Synchronizing object | right_thigh_lower_orange_panel
Fra:1 Mem:60.51M (Peak 60.51M) | Time:00:00.01 | Mem:0.00M, Peak:0.00M | Scene, ViewLayer | Synchronizing object | right_distal_blue_armor
Fra:1 Mem:60.53M (Peak 60.53M) | Time:00:00.01 | Mem:0.00M, Peak:0.00M | Scene, ViewLayer | Synchronizing object | right_middle_blue_armor
Fra:1 Mem:60.54M (Peak 60.54M) | Time:00:00.01 | Mem:0.00M, Peak:0.00M | Scene, ViewLayer | Synchronizing object | right_thigh_blue_armor
Fra:1 Mem:60.56M (Peak 60.56M) | Time:00:00.01 | Mem:0.00M, Peak:0.00M | Scene, ViewLayer | Synchronizing object | right_shaft_ankle
Fra:1 Mem:60.59M (Peak 60.59M) | Time:00:00.01 | Mem:0.00M, Peak:0.00M | Scene, ViewLayer | Synchronizing object | right_pressure_carrier
Fra:1 Mem:60.65M (Peak 60.65M) | Time:00:00.01 | Mem:0.00M, Peak:0.00M | Scene, ViewLayer | Synchronizing object | upper_left_shoulder_inner_barrel
Fra:1 Mem:60.68M (Peak 60.68M) | Time:00:00.01 | Mem:0.00M, Peak:0.00M | Scene, ViewLayer | Synchronizing object | upper_left_shoulder_barrel_band_0
Fra:1 Mem:60.70M (Peak 60.70M) | Time:00:00.01 | Mem:0.00M, Peak:0.00M | Scene, ViewLayer | Synchronizing object | upper_left_shoulder_barrel_band_1
Fra:1 Mem:60.73M (Peak 60.73M) | Time:00:00.01 | Mem:0.00M, Peak:0.00M | Scene, ViewLayer | Synchronizing object | upper_left_shoulder_negative_y_support_cheek
Fra:1 Mem:60.75M (Peak 60.75M) | Time:00:00.01 | Mem:0.00M, Peak:0.00M | Scene, ViewLayer | Synchronizing object | upper_left_shoulder_negative_y_recessed_face
Fra:1 Mem:60.76M (Peak 60.76M) | Time:00:00.01 | Mem:0.00M, Peak:0.00M | Scene, ViewLayer | Synchronizing object | upper_left_shoulder_negative_y_thin_rim
Fra:1 Mem:60.96M (Peak 60.96M) | Time:00:00.01 | Mem:0.00M, Peak:0.00M | Scene, ViewLayer | Synchronizing object | right_toe_contact_pad
Fra:1 Mem:61.22M (Peak 61.22M) | Time:00:00.01 | Mem:0.00M, Peak:0.00M | Scene, ViewLayer | Synchronizing object | right_shaft_fold
Fra:1 Mem:61.33M (Peak 61.33M) | Time:00:00.01 | Mem:0.00M, Peak:0.00M | Scene, ViewLayer | Synchronizing object | right_frame_distal
Fra:1 Mem:61.56M (Peak 61.56M) | Time:00:00.01 | Mem:0.00M, Peak:0.00M | Scene, ViewLayer | Synchronizing object | right_shaft_knee
Fra:1 Mem:61.58M (Peak 61.58M) | Time:00:00.01 | Mem:0.00M, Peak:0.00M | Scene, ViewLayer | Synchronizing object | upper_left_shoulder_positive_y_support_cheek
Fra:1 Mem:61.60M (Peak 61.60M) | Time:00:00.01 | Mem:0.00M, Peak:0.00M | Scene, ViewLayer | Synchronizing object | right_frame_middle
Fra:1 Mem:61.63M (Peak 61.63M) | Time:00:00.01 | Mem:0.00M, Peak:0.00M | Scene, ViewLayer | Synchronizing object | upper_left_shoulder_positive_y_recessed_face
Fra:1 Mem:61.68M (Peak 61.68M) | Time:00:00.01 | Mem:0.00M, Peak:0.00M | Scene, ViewLayer | Synchronizing object | upper_left_shoulder_positive_y_thin_rim
Fra:1 Mem:61.92M (Peak 61.92M) | Time:00:00.01 | Mem:0.00M, Peak:0.00M | Scene, ViewLayer | Synchronizing object | upper_left_shoulder_positive_y_central_cap
Fra:1 Mem:61.93M (Peak 61.93M) | Time:00:00.01 | Mem:0.00M, Peak:0.00M | Scene, ViewLayer | Synchronizing object | upper_left_elbow_inner_barrel
Fra:1 Mem:61.87M (Peak 61.93M) | Time:00:00.01 | Mem:0.00M, Peak:0.00M | Scene, ViewLayer | Synchronizing object | upper_left_elbow_barrel_band_0
Fra:1 Mem:61.89M (Peak 61.93M) | Time:00:00.01 | Mem:0.00M, Peak:0.00M | Scene, ViewLayer | Synchronizing object | upper_left_elbow_negative_y_support_cheek
Fra:1 Mem:61.91M (Peak 61.93M) | Time:00:00.01 | Mem:0.00M, Peak:0.00M | Scene, ViewLayer | Synchronizing object | upper_left_elbow_negative_y_recessed_face
Fra:1 Mem:61.92M (Peak 61.93M) | Time:00:00.01 | Mem:0.00M, Peak:0.00M | Scene, ViewLayer | Synchronizing object | upper_left_elbow_negative_y_thin_rim
Fra:1 Mem:62.03M (Peak 62.03M) | Time:00:00.01 | Mem:0.00M, Peak:0.00M | Scene, ViewLayer | Synchronizing object | upper_left_elbow_negative_y_central_cap
Fra:1 Mem:62.05M (Peak 62.05M) | Time:00:00.01 | Mem:0.00M, Peak:0.00M | Scene, ViewLayer | Synchronizing object | upper_left_elbow_negative_y_cap_step
Fra:1 Mem:62.10M (Peak 62.10M) | Time:00:00.01 | Mem:0.00M, Peak:0.00M | Scene, ViewLayer | Synchronizing object | upper_left_elbow_positive_y_support_cheek
Fra:1 Mem:62.20M (Peak 62.20M) | Time:00:00.01 | Mem:0.00M, Peak:0.00M | Scene, ViewLayer | Synchronizing object | upper_left_elbow_positive_y_recessed_face
Fra:1 Mem:62.22M (Peak 62.22M) | Time:00:00.01 | Mem:0.00M, Peak:0.00M | Scene, ViewLayer | Synchronizing object | upper_left_elbow_positive_y_thin_rim
Fra:1 Mem:62.28M (Peak 62.28M) | Time:00:00.01 | Mem:0.00M, Peak:0.00M | Scene, ViewLayer | Synchronizing object | upper_left_elbow_positive_y_central_cap
Fra:1 Mem:62.31M (Peak 62.31M) | Time:00:00.01 | Mem:0.00M, Peak:0.00M | Scene, ViewLayer | Synchronizing object | left_foot_ivory_low_hull
Fra:1 Mem:62.34M (Peak 62.34M) | Time:00:00.01 | Mem:0.00M, Peak:0.00M | Scene, ViewLayer | Synchronizing object | upper_left_elbow_positive_y_cap_step
Fra:1 Mem:62.37M (Peak 62.37M) | Time:00:00.01 | Mem:0.00M, Peak:0.00M | Scene, ViewLayer | Synchronizing object | upper_left_elbow_forward_recessed_face
Fra:1 Mem:62.39M (Peak 62.39M) | Time:00:00.01 | Mem:0.00M, Peak:0.00M | Scene, ViewLayer | Synchronizing object | left_foot_front_top_plate
Fra:1 Mem:62.40M (Peak 62.40M) | Time:00:00.01 | Mem:0.00M, Peak:0.00M | Scene, ViewLayer | Synchronizing object | upper_left_elbow_forward_thin_gold_ring
Fra:1 Mem:62.43M (Peak 62.43M) | Time:00:00.01 | Mem:0.00M, Peak:0.00M | Scene, ViewLayer | Synchronizing object | left_foot_heel_dark_guard
Fra:1 Mem:62.46M (Peak 62.46M) | Time:00:00.01 | Mem:0.00M, Peak:0.00M | Scene, ViewLayer | Synchronizing object | upper_left_elbow_forward_dark_center
Fra:1 Mem:62.46M (Peak 62.46M) | Time:00:00.01 | Mem:0.00M, Peak:0.00M | Scene, ViewLayer | Synchronizing object | left_foot_heel_ivory_side_1
Fra:1 Mem:62.48M (Peak 62.48M) | Time:00:00.01 | Mem:0.00M, Peak:0.00M | Scene, ViewLayer | Synchronizing object | left_foot_heel_ivory_side_-1
Fra:1 Mem:62.48M (Peak 62.48M) | Time:00:00.01 | Mem:0.00M, Peak:0.00M | Scene, ViewLayer | Synchronizing object | upper_left_wrist_inner_barrel
Fra:1 Mem:62.49M (Peak 62.49M) | Time:00:00.01 | Mem:0.00M, Peak:0.00M | Scene, ViewLayer | Synchronizing object | left_foot_toe_ivory_side_1
Fra:1 Mem:62.58M (Peak 62.58M) | Time:00:00.01 | Mem:0.00M, Peak:0.00M | Scene, ViewLayer | Synchronizing object | upper_left_wrist_barrel_band_0
Fra:1 Mem:62.60M (Peak 62.60M) | Time:00:00.01 | Mem:0.00M, Peak:0.00M | Scene, ViewLayer | Synchronizing object | upper_left_wrist_barrel_band_1
Fra:1 Mem:62.66M (Peak 62.66M) | Time:00:00.01 | Mem:0.00M, Peak:0.00M | Scene, ViewLayer | Synchronizing object | upper_left_wrist_negative_y_support_cheek
Fra:1 Mem:62.68M (Peak 62.68M) | Time:00:00.01 | Mem:0.00M, Peak:0.00M | Scene, ViewLayer | Synchronizing object | upper_left_wrist_negative_y_recessed_face
Fra:1 Mem:62.71M (Peak 62.71M) | Time:00:00.01 | Mem:0.00M, Peak:0.00M | Scene, ViewLayer | Synchronizing object | upper_left_wrist_negative_y_thin_rim
Fra:1 Mem:62.72M (Peak 62.72M) | Time:00:00.01 | Mem:0.00M, Peak:0.00M | Scene, ViewLayer | Synchronizing object | upper_left_wrist_negative_y_central_cap
Fra:1 Mem:62.75M (Peak 62.75M) | Time:00:00.01 | Mem:0.00M, Peak:0.00M | Scene, ViewLayer | Synchronizing object | left_foot_toe_ivory_side_-1
Fra:1 Mem:62.81M (Peak 62.81M) | Time:00:00.01 | Mem:0.00M, Peak:0.00M | Scene, ViewLayer | Synchronizing object | upper_left_wrist_negative_y_cap_step
Fra:1 Mem:62.85M (Peak 62.85M) | Time:00:00.01 | Mem:0.00M, Peak:0.00M | Scene, ViewLayer | Synchronizing object | upper_left_wrist_positive_y_support_cheek
Fra:1 Mem:62.92M (Peak 62.92M) | Time:00:00.01 | Mem:0.00M, Peak:0.00M | Scene, ViewLayer | Synchronizing object | upper_left_wrist_positive_y_recessed_face
Fra:1 Mem:62.93M (Peak 62.93M) | Time:00:00.01 | Mem:0.00M, Peak:0.00M | Scene, ViewLayer | Synchronizing object | upper_left_wrist_positive_y_thin_rim
Fra:1 Mem:62.93M (Peak 62.93M) | Time:00:00.01 | Mem:0.00M, Peak:0.00M | Scene, ViewLayer | Synchronizing object | left_foot_continuous_keel
Fra:1 Mem:62.95M (Peak 62.95M) | Time:00:00.01 | Mem:0.00M, Peak:0.00M | Scene, ViewLayer | Synchronizing object | left_ankle_orange_rim_1
Fra:1 Mem:62.98M (Peak 62.98M) | Time:00:00.01 | Mem:0.00M, Peak:0.00M | Scene, ViewLayer | Synchronizing object | upper_left_wrist_positive_y_cap_step
Fra:1 Mem:63.02M (Peak 63.02M) | Time:00:00.01 | Mem:0.00M, Peak:0.00M | Scene, ViewLayer | Synchronizing object | upper_left_palm_inner_carrier
Fra:1 Mem:63.06M (Peak 63.06M) | Time:00:00.01 | Mem:0.00M, Peak:0.00M | Scene, ViewLayer | Synchronizing object | left_ankle_joint_cover_1
Fra:1 Mem:63.08M (Peak 63.08M) | Time:00:00.01 | Mem:0.00M, Peak:0.00M | Scene, ViewLayer | Synchronizing object | upper_left_ivory_palm_dorsal
Fra:1 Mem:63.08M (Peak 63.08M) | Time:00:00.01 | Mem:0.00M, Peak:0.00M | Scene, ViewLayer | Synchronizing object | upper_left_ivory_palm_reverse_cover
Fra:1 Mem:63.08M (Peak 63.08M) | Time:00:00.01 | Mem:0.00M, Peak:0.00M | Scene, ViewLayer | Synchronizing object | upper_left_palm_lower_dark_seam
Fra:1 Mem:63.08M (Peak 63.08M) | Time:00:00.01 | Mem:0.00M, Peak:0.00M | Scene, ViewLayer | Synchronizing object | upper_left_palm_lower_exposed_hinge
Fra:1 Mem:63.11M (Peak 63.11M) | Time:00:00.01 | Mem:0.00M, Peak:0.00M | Scene, ViewLayer | Synchronizing object | upper_left_finger_1_root_joint
Fra:1 Mem:63.14M (Peak 63.14M) | Time:00:00.01 | Mem:0.00M, Peak:0.00M | Scene, ViewLayer | Synchronizing object | upper_left_finger_1_proximal_casting
Fra:1 Mem:63.14M (Peak 63.14M) | Time:00:00.01 | Mem:0.00M, Peak:0.00M | Scene, ViewLayer | Synchronizing object | upper_left_finger_1_ivory_reverse_first_pad
Fra:1 Mem:63.15M (Peak 63.15M) | Time:00:00.01 | Mem:0.00M, Peak:0.00M | Scene, ViewLayer | Synchronizing object | upper_left_finger_1_interphalangeal_joint
Fra:1 Mem:63.15M (Peak 63.15M) | Time:00:00.01 | Mem:0.00M, Peak:0.00M | Scene, ViewLayer | Synchronizing object | upper_left_finger_1_curved_distal
Fra:1 Mem:63.17M (Peak 63.17M) | Time:00:00.01 | Mem:0.00M, Peak:0.00M | Scene, ViewLayer | Synchronizing object | left_fold_orange_rim_1
Fra:1 Mem:63.17M (Peak 63.17M) | Time:00:00.01 | Mem:0.00M, Peak:0.00M | Scene, ViewLayer | Synchronizing object | upper_left_finger_2_root_joint
Fra:1 Mem:63.20M (Peak 63.20M) | Time:00:00.01 | Mem:0.00M, Peak:0.00M | Scene, ViewLayer | Synchronizing object | left_fold_joint_cover_1
Fra:1 Mem:63.21M (Peak 63.21M) | Time:00:00.01 | Mem:0.00M, Peak:0.00M | Scene, ViewLayer | Synchronizing object | upper_left_finger_2_ivory_first_pad
Fra:1 Mem:63.22M (Peak 63.22M) | Time:00:00.01 | Mem:0.00M, Peak:0.00M | Scene, ViewLayer | Synchronizing object | left_fold_orange_rim_-1
Fra:1 Mem:63.23M (Peak 63.23M) | Time:00:00.01 | Mem:0.00M, Peak:0.00M | Scene, ViewLayer | Synchronizing object | upper_left_finger_2_ivory_reverse_first_pad
Fra:1 Mem:63.24M (Peak 63.24M) | Time:00:00.01 | Mem:0.00M, Peak:0.00M | Scene, ViewLayer | Synchronizing object | upper_left_finger_2_curved_distal
Fra:1 Mem:63.27M (Peak 63.27M) | Time:00:00.01 | Mem:0.00M, Peak:0.00M | Scene, ViewLayer | Synchronizing object | upper_left_finger_2_tip_contact_pad
Fra:1 Mem:63.27M (Peak 63.27M) | Time:00:00.01 | Mem:0.00M, Peak:0.00M | Scene, ViewLayer | Synchronizing object | upper_left_finger_3_proximal_casting
Fra:1 Mem:63.28M (Peak 63.28M) | Time:00:00.01 | Mem:0.00M, Peak:0.00M | Scene, ViewLayer | Synchronizing object | upper_left_finger_3_ivory_first_pad
Fra:1 Mem:63.28M (Peak 63.28M) | Time:00:00.01 | Mem:0.00M, Peak:0.00M | Scene, ViewLayer | Synchronizing object | upper_left_finger_3_ivory_reverse_first_pad
Fra:1 Mem:63.31M (Peak 63.31M) | Time:00:00.01 | Mem:0.00M, Peak:0.00M | Scene, ViewLayer | Synchronizing object | upper_left_finger_3_interphalangeal_joint
Fra:1 Mem:63.31M (Peak 63.31M) | Time:00:00.01 | Mem:0.00M, Peak:0.00M | Scene, ViewLayer | Synchronizing object | upper_left_finger_3_curved_distal
Fra:1 Mem:63.32M (Peak 63.32M) | Time:00:00.01 | Mem:0.00M, Peak:0.00M | Scene, ViewLayer | Synchronizing object | left_knee_joint_cover_1
Fra:1 Mem:63.32M (Peak 63.32M) | Time:00:00.01 | Mem:0.00M, Peak:0.00M | Scene, ViewLayer | Synchronizing object | upper_left_thumb_root_web
Fra:1 Mem:63.34M (Peak 63.34M) | Time:00:00.01 | Mem:0.00M, Peak:0.00M | Scene, ViewLayer | Synchronizing object | upper_left_thumb_proximal_casting
Fra:1 Mem:63.35M (Peak 63.35M) | Time:00:00.01 | Mem:0.00M, Peak:0.00M | Scene, ViewLayer | Synchronizing object | upper_left_thumb_ivory_first_pad
Fra:1 Mem:63.36M (Peak 63.36M) | Time:00:00.01 | Mem:0.00M, Peak:0.00M | Scene, ViewLayer | Synchronizing object | left_knee_orange_rim_-1
Fra:1 Mem:63.38M (Peak 63.38M) | Time:00:00.01 | Mem:0.00M, Peak:0.00M | Scene, ViewLayer | Synchronizing object | upper_left_thumb_middle_pin
Fra:1 Mem:63.39M (Peak 63.39M) | Time:00:00.01 | Mem:0.00M, Peak:0.00M | Scene, ViewLayer | Synchronizing object | upper_left_palm_wrist_negative_y_short_neck
Fra:1 Mem:63.39M (Peak 63.39M) | Time:00:00.01 | Mem:0.00M, Peak:0.00M | Scene, ViewLayer | Synchronizing object | upper_left_palm_wrist_positive_y_short_neck
Fra:1 Mem:63.39M (Peak 63.39M) | Time:00:00.01 | Mem:0.00M, Peak:0.00M | Scene, ViewLayer | Synchronizing object | upper_right_shoulder_inner_barrel
Fra:1 Mem:63.41M (Peak 63.41M) | Time:00:00.01 | Mem:0.00M, Peak:0.00M | Scene, ViewLayer | Synchronizing object | upper_right_shoulder_barrel_band_0
Fra:1 Mem:63.42M (Peak 63.42M) | Time:00:00.01 | Mem:0.00M, Peak:0.00M | Scene, ViewLayer | Synchronizing object | upper_right_shoulder_barrel_band_1
Fra:1 Mem:63.44M (Peak 63.44M) | Time:00:00.01 | Mem:0.00M, Peak:0.00M | Scene, ViewLayer | Synchronizing object | upper_right_shoulder_negative_y_support_cheek
Fra:1 Mem:63.45M (Peak 63.45M) | Time:00:00.01 | Mem:0.00M, Peak:0.00M | Scene, ViewLayer | Synchronizing object | left_thigh_lower_orange_panel
Fra:1 Mem:63.45M (Peak 63.45M) | Time:00:00.01 | Mem:0.00M, Peak:0.00M | Scene, ViewLayer | Synchronizing object | upper_right_shoulder_negative_y_recessed_face
Fra:1 Mem:63.51M (Peak 63.51M) | Time:00:00.01 | Mem:0.00M, Peak:0.00M | Scene, ViewLayer | Synchronizing object | upper_right_shoulder_negative_y_thin_rim
Fra:1 Mem:63.52M (Peak 63.52M) | Time:00:00.01 | Mem:0.00M, Peak:0.00M | Scene, ViewLayer | Synchronizing object | left_distal_blue_armor
Fra:1 Mem:63.60M (Peak 63.60M) | Time:00:00.01 | Mem:0.00M, Peak:0.00M | Scene, ViewLayer | Synchronizing object | left_middle_blue_armor
Fra:1 Mem:63.63M (Peak 63.63M) | Time:00:00.01 | Mem:0.00M, Peak:0.00M | Scene, ViewLayer | Synchronizing object | upper_right_shoulder_positive_y_support_cheek
Fra:1 Mem:63.62M (Peak 63.63M) | Time:00:00.01 | Mem:0.00M, Peak:0.00M | Scene, ViewLayer | Synchronizing object | left_thigh_blue_armor
Fra:1 Mem:63.64M (Peak 63.64M) | Time:00:00.01 | Mem:0.00M, Peak:0.00M | Scene, ViewLayer | Synchronizing object | upper_right_shoulder_positive_y_thin_rim
Fra:1 Mem:63.65M (Peak 63.65M) | Time:00:00.01 | Mem:0.00M, Peak:0.00M | Scene, ViewLayer | Synchronizing object | left_shaft_ankle
Fra:1 Mem:63.68M (Peak 63.68M) | Time:00:00.01 | Mem:0.00M, Peak:0.00M | Scene, ViewLayer | Synchronizing object | upper_right_shoulder_positive_y_central_cap
Fra:1 Mem:63.70M (Peak 63.70M) | Time:00:00.01 | Mem:0.00M, Peak:0.00M | Scene, ViewLayer | Synchronizing object | upper_right_shoulder_positive_y_cap_step
Fra:1 Mem:63.74M (Peak 63.74M) | Time:00:00.01 | Mem:0.00M, Peak:0.00M | Scene, ViewLayer | Synchronizing object | upper_right_elbow_inner_barrel
Fra:1 Mem:63.85M (Peak 63.85M) | Time:00:00.01 | Mem:0.00M, Peak:0.00M | Scene, ViewLayer | Synchronizing object | upper_right_elbow_barrel_band_0
Fra:1 Mem:63.85M (Peak 63.85M) | Time:00:00.01 | Mem:0.00M, Peak:0.00M | Scene, ViewLayer | Synchronizing object | upper_right_elbow_negative_y_support_cheek
Fra:1 Mem:63.91M (Peak 63.91M) | Time:00:00.01 | Mem:0.00M, Peak:0.00M | Scene, ViewLayer | Synchronizing object | upper_right_elbow_negative_y_recessed_face
Fra:1 Mem:63.92M (Peak 63.92M) | Time:00:00.01 | Mem:0.00M, Peak:0.00M | Scene, ViewLayer | Synchronizing object | left_heel_contact_pad
Fra:1 Mem:63.92M (Peak 63.92M) | Time:00:00.01 | Mem:0.00M, Peak:0.00M | Scene, ViewLayer | Synchronizing object | upper_right_elbow_negative_y_central_cap
Fra:1 Mem:63.92M (Peak 63.92M) | Time:00:00.01 | Mem:0.00M, Peak:0.00M | Scene, ViewLayer | Synchronizing object | upper_right_elbow_negative_y_cap_step
Fra:1 Mem:63.93M (Peak 63.93M) | Time:00:00.01 | Mem:0.00M, Peak:0.00M | Scene, ViewLayer | Synchronizing object | left_toe_contact_pad
Fra:1 Mem:63.94M (Peak 63.94M) | Time:00:00.01 | Mem:0.00M, Peak:0.00M | Scene, ViewLayer | Synchronizing object | upper_right_elbow_positive_y_support_cheek
Fra:1 Mem:63.97M (Peak 63.97M) | Time:00:00.01 | Mem:0.00M, Peak:0.00M | Scene, ViewLayer | Synchronizing object | left_shaft_fold
Fra:1 Mem:64.02M (Peak 64.02M) | Time:00:00.01 | Mem:0.00M, Peak:0.00M | Scene, ViewLayer | Synchronizing object | upper_right_elbow_positive_y_recessed_face
Fra:1 Mem:64.03M (Peak 64.03M) | Time:00:00.01 | Mem:0.00M, Peak:0.00M | Scene, ViewLayer | Synchronizing object | upper_right_elbow_positive_y_thin_rim
Fra:1 Mem:64.08M (Peak 64.08M) | Time:00:00.01 | Mem:0.00M, Peak:0.00M | Scene, ViewLayer | Synchronizing object | upper_right_elbow_positive_y_central_cap
Fra:1 Mem:64.11M (Peak 64.11M) | Time:00:00.01 | Mem:0.00M, Peak:0.00M | Scene, ViewLayer | Synchronizing object | left_frame_distal
Fra:1 Mem:64.16M (Peak 64.16M) | Time:00:00.01 | Mem:0.00M, Peak:0.00M | Scene, ViewLayer | Synchronizing object | upper_right_elbow_positive_y_cap_step
Fra:1 Mem:64.26M (Peak 64.26M) | Time:00:00.01 | Mem:0.00M, Peak:0.00M | Scene, ViewLayer | Synchronizing object | upper_right_elbow_forward_shallow_cover
Fra:1 Mem:64.25M (Peak 64.26M) | Time:00:00.01 | Mem:0.00M, Peak:0.00M | Scene, ViewLayer | Synchronizing object | upper_right_elbow_forward_thin_gold_ring
Fra:1 Mem:64.34M (Peak 64.34M) | Time:00:00.01 | Mem:0.00M, Peak:0.00M | Scene, ViewLayer | Synchronizing object | upper_right_elbow_forward_dark_center
Fra:1 Mem:64.35M (Peak 64.35M) | Time:00:00.01 | Mem:0.00M, Peak:0.00M | Scene, ViewLayer | Synchronizing object | left_shaft_knee
Fra:1 Mem:64.37M (Peak 64.37M) | Time:00:00.01 | Mem:0.00M, Peak:0.00M | Scene, ViewLayer | Synchronizing object | upper_right_wrist_barrel_band_0
Fra:1 Mem:64.40M (Peak 64.40M) | Time:00:00.01 | Mem:0.00M, Peak:0.00M | Scene, ViewLayer | Synchronizing object | upper_right_wrist_barrel_band_1
Fra:1 Mem:64.42M (Peak 64.42M) | Time:00:00.01 | Mem:0.00M, Peak:0.00M | Scene, ViewLayer | Synchronizing object | upper_right_wrist_negative_y_support_cheek
Fra:1 Mem:64.43M (Peak 64.43M) | Time:00:00.01 | Mem:0.00M, Peak:0.00M | Scene, ViewLayer | Synchronizing object | left_frame_middle
Fra:1 Mem:64.50M (Peak 64.50M) | Time:00:00.01 | Mem:0.00M, Peak:0.00M | Scene, ViewLayer | Synchronizing object | upper_right_wrist_negative_y_recessed_face
Fra:1 Mem:64.53M (Peak 64.53M) | Time:00:00.01 | Mem:0.00M, Peak:0.00M | Scene, ViewLayer | Synchronizing object | upper_right_wrist_negative_y_thin_rim
Fra:1 Mem:64.56M (Peak 64.56M) | Time:00:00.01 | Mem:0.00M, Peak:0.00M | Scene, ViewLayer | Synchronizing object | upper_right_wrist_negative_y_central_cap
Fra:1 Mem:64.60M (Peak 64.60M) | Time:00:00.01 | Mem:0.00M, Peak:0.00M | Scene, ViewLayer | Synchronizing object | upper_right_wrist_negative_y_cap_step
Fra:1 Mem:64.62M (Peak 64.62M) | Time:00:00.01 | Mem:0.00M, Peak:0.00M | Scene, ViewLayer | Synchronizing object | upper_right_wrist_positive_y_support_cheek
Fra:1 Mem:64.67M (Peak 64.67M) | Time:00:00.01 | Mem:0.00M, Peak:0.00M | Scene, ViewLayer | Synchronizing object | upper_right_wrist_positive_y_recessed_face
Fra:1 Mem:64.67M (Peak 64.67M) | Time:00:00.01 | Mem:0.00M, Peak:0.00M | Scene, ViewLayer | Synchronizing object | left_frame_thigh
Fra:1 Mem:64.70M (Peak 64.70M) | Time:00:00.01 | Mem:0.00M, Peak:0.00M | Scene, ViewLayer | Synchronizing object | upper_right_wrist_positive_y_thin_rim
Fra:1 Mem:64.76M (Peak 64.76M) | Time:00:00.01 | Mem:0.00M, Peak:0.00M | Scene, ViewLayer | Synchronizing object | upper_right_wrist_positive_y_cap_step
Fra:1 Mem:64.87M (Peak 64.87M) | Time:00:00.01 | Mem:0.00M, Peak:0.00M | Scene, ViewLayer | Synchronizing object | upper_right_palm_inner_carrier
Fra:1 Mem:64.88M (Peak 64.88M) | Time:00:00.01 | Mem:0.00M, Peak:0.00M | Scene, ViewLayer | Synchronizing object | upper_right_ivory_palm_dorsal
Fra:1 Mem:64.88M (Peak 64.88M) | Time:00:00.01 | Mem:0.00M, Peak:0.00M | Scene, ViewLayer | Synchronizing object | upper_right_palm_lower_dark_seam
Fra:1 Mem:64.91M (Peak 64.91M) | Time:00:00.01 | Mem:0.00M, Peak:0.00M | Scene, ViewLayer | Synchronizing object | upper_right_palm_upper_exposed_hinge
Fra:1 Mem:64.89M (Peak 64.91M) | Time:00:00.01 | Mem:0.00M, Peak:0.00M | Scene, ViewLayer | Synchronizing object | upper_proposed_hip_pitch_carrier
Fra:1 Mem:64.96M (Peak 64.96M) | Time:00:00.01 | Mem:0.00M, Peak:0.00M | Scene, ViewLayer | Synchronizing object | upper_right_finger_1_proximal_casting
Fra:1 Mem:64.97M (Peak 64.97M) | Time:00:00.01 | Mem:0.00M, Peak:0.00M | Scene, ViewLayer | Synchronizing object | upper_right_finger_1_ivory_first_pad
Fra:1 Mem:64.97M (Peak 64.97M) | Time:00:00.01 | Mem:0.00M, Peak:0.00M | Scene, ViewLayer | Synchronizing object | upper_right_finger_1_ivory_reverse_first_pad
Fra:1 Mem:64.97M (Peak 64.97M) | Time:00:00.01 | Mem:0.00M, Peak:0.00M | Scene, ViewLayer | Synchronizing object | upper_right_finger_1_interphalangeal_joint
Fra:1 Mem:64.98M (Peak 64.98M) | Time:00:00.01 | Mem:0.00M, Peak:0.00M | Scene, ViewLayer | Synchronizing object | upper_right_finger_1_curved_distal
Fra:1 Mem:65.06M (Peak 65.06M) | Time:00:00.01 | Mem:0.00M, Peak:0.00M | Scene, ViewLayer | Synchronizing object | upper_right_finger_1_tip_contact_pad
Fra:1 Mem:65.06M (Peak 65.06M) | Time:00:00.01 | Mem:0.00M, Peak:0.00M | Scene, ViewLayer | Synchronizing object | upper_right_finger_2_root_joint
Fra:1 Mem:65.10M (Peak 65.10M) | Time:00:00.01 | Mem:0.00M, Peak:0.00M | Scene, ViewLayer | Synchronizing object | upper_right_finger_2_proximal_casting
Fra:1 Mem:65.10M (Peak 65.10M) | Time:00:00.01 | Mem:0.00M, Peak:0.00M | Scene, ViewLayer | Synchronizing object | upper_right_finger_2_ivory_reverse_first_pad
Fra:1 Mem:65.13M (Peak 65.13M) | Time:00:00.01 | Mem:0.00M, Peak:0.00M | Scene, ViewLayer | Synchronizing object | upper_right_finger_2_interphalangeal_joint
Fra:1 Mem:65.13M (Peak 65.13M) | Time:00:00.01 | Mem:0.00M, Peak:0.00M | Scene, ViewLayer | Synchronizing object | upper_right_finger_2_curved_distal
Fra:1 Mem:65.14M (Peak 65.14M) | Time:00:00.01 | Mem:0.00M, Peak:0.00M | Scene, ViewLayer | Synchronizing object | upper_right_finger_2_tip_contact_pad
Fra:1 Mem:65.16M (Peak 65.16M) | Time:00:00.01 | Mem:0.00M, Peak:0.00M | Scene, ViewLayer | Synchronizing object | upper_right_finger_3_root_joint
Fra:1 Mem:65.19M (Peak 65.19M) | Time:00:00.01 | Mem:0.00M, Peak:0.00M | Scene, ViewLayer | Synchronizing object | upper_right_finger_3_ivory_first_pad
Fra:1 Mem:65.20M (Peak 65.20M) | Time:00:00.01 | Mem:0.00M, Peak:0.00M | Scene, ViewLayer | Synchronizing object | upper_right_finger_3_ivory_reverse_first_pad
Fra:1 Mem:65.20M (Peak 65.20M) | Time:00:00.01 | Mem:0.00M, Peak:0.00M | Scene, ViewLayer | Synchronizing object | upper_right_finger_3_interphalangeal_joint
Fra:1 Mem:65.18M (Peak 65.20M) | Time:00:00.01 | Mem:0.00M, Peak:0.00M | Scene, ViewLayer | Synchronizing object | upper_right_finger_3_curved_distal
Fra:1 Mem:65.19M (Peak 65.20M) | Time:00:00.01 | Mem:0.00M, Peak:0.00M | Scene, ViewLayer | Synchronizing object | upper_right_finger_3_tip_contact_pad
Fra:1 Mem:65.19M (Peak 65.20M) | Time:00:00.01 | Mem:0.00M, Peak:0.00M | Scene, ViewLayer | Synchronizing object | upper_right_thumb_root_pin
Fra:1 Mem:65.20M (Peak 65.20M) | Time:00:00.01 | Mem:0.00M, Peak:0.00M | Scene, ViewLayer | Synchronizing object | upper_right_thumb_proximal_casting
Fra:1 Mem:65.21M (Peak 65.21M) | Time:00:00.01 | Mem:0.00M, Peak:0.00M | Scene, ViewLayer | Synchronizing object | upper_right_thumb_ivory_first_pad
Fra:1 Mem:65.22M (Peak 65.22M) | Time:00:00.01 | Mem:0.00M, Peak:0.00M | Scene, ViewLayer | Synchronizing object | upper_right_thumb_middle_pin
Fra:1 Mem:65.22M (Peak 65.22M) | Time:00:00.01 | Mem:0.00M, Peak:0.00M | Scene, ViewLayer | Synchronizing object | upper_right_thumb_black_terminal
Fra:1 Mem:65.22M (Peak 65.22M) | Time:00:00.01 | Mem:0.00M, Peak:0.00M | Scene, ViewLayer | Synchronizing object | upper_right_palm_wrist_negative_y_short_neck
Fra:1 Mem:65.23M (Peak 65.23M) | Time:00:00.01 | Mem:0.00M, Peak:0.00M | Scene, ViewLayer | Synchronizing object | upper_right_palm_wrist_positive_y_short_neck
Fra:1 Mem:65.23M (Peak 65.23M) | Time:00:00.01 | Mem:0.00M, Peak:0.00M | Scene, ViewLayer | Synchronizing object | upper_right_forearm_upper_edge_02_05
Fra:1 Mem:65.23M (Peak 65.23M) | Time:00:00.01 | Mem:0.00M, Peak:0.00M | Scene, ViewLayer | Synchronizing object | upper_left_structure_shoulder_crossmember
Fra:1 Mem:65.24M (Peak 65.24M) | Time:00:00.01 | Mem:0.00M, Peak:0.00M | Scene, ViewLayer | Synchronizing object | upper_right_forearm_upper_edge_02_04
Fra:1 Mem:65.24M (Peak 65.24M) | Time:00:00.01 | Mem:0.00M, Peak:0.00M | Scene, ViewLayer | Synchronizing object | upper_left_structure_upper_arm_box
Fra:1 Mem:65.24M (Peak 65.24M) | Time:00:00.01 | Mem:0.00M, Peak:0.00M | Scene, ViewLayer | Synchronizing object | upper_right_forearm_upper_edge_02_03
Fra:1 Mem:65.25M (Peak 65.25M) | Time:00:00.01 | Mem:0.00M, Peak:0.00M | Scene, ViewLayer | Synchronizing object | upper_left_structure_forearm_box
Fra:1 Mem:65.25M (Peak 65.25M) | Time:00:00.01 | Mem:0.00M, Peak:0.00M | Scene, ViewLayer | Synchronizing object | upper_right_forearm_upper_edge_02_02
Fra:1 Mem:65.25M (Peak 65.25M) | Time:00:00.01 | Mem:0.00M, Peak:0.00M | Scene, ViewLayer | Synchronizing object | upper_right_structure_shoulder_crossmember
Fra:1 Mem:65.26M (Peak 65.26M) | Time:00:00.01 | Mem:0.00M, Peak:0.00M | Scene, ViewLayer | Synchronizing object | upper_right_structure_upper_arm_box
Fra:1 Mem:65.26M (Peak 65.26M) | Time:00:00.01 | Mem:0.00M, Peak:0.00M | Scene, ViewLayer | Synchronizing object | upper_right_structure_forearm_box
Fra:1 Mem:65.27M (Peak 65.27M) | Time:00:00.01 | Mem:0.00M, Peak:0.00M | Scene, ViewLayer | Synchronizing object | upper_right_forearm_upper_edge_02_01
Fra:1 Mem:65.27M (Peak 65.27M) | Time:00:00.01 | Mem:0.00M, Peak:0.00M | Scene, ViewLayer | Synchronizing object | upper_left_forearm_upper_edge_00_01
Fra:1 Mem:65.27M (Peak 65.27M) | Time:00:00.01 | Mem:0.00M, Peak:0.00M | Scene, ViewLayer | Synchronizing object | upper_right_forearm_upper_edge_02_00
Fra:1 Mem:65.27M (Peak 65.27M) | Time:00:00.01 | Mem:0.00M, Peak:0.00M | Scene, ViewLayer | Synchronizing object | upper_left_forearm_upper_edge_00_02
Fra:1 Mem:65.28M (Peak 65.28M) | Time:00:00.01 | Mem:0.00M, Peak:0.00M | Scene, ViewLayer | Synchronizing object | upper_left_forearm_upper_edge_00_03
Fra:1 Mem:65.28M (Peak 65.28M) | Time:00:00.01 | Mem:0.00M, Peak:0.00M | Scene, ViewLayer | Synchronizing object | upper_left_forearm_upper_edge_00_04
Fra:1 Mem:65.28M (Peak 65.28M) | Time:00:00.01 | Mem:0.00M, Peak:0.00M | Scene, ViewLayer | Synchronizing object | upper_left_forearm_upper_edge_00_05
Fra:1 Mem:65.28M (Peak 65.28M) | Time:00:00.01 | Mem:0.00M, Peak:0.00M | Scene, ViewLayer | Synchronizing object | upper_left_forearm_upper_edge_00_06
Fra:1 Mem:65.28M (Peak 65.28M) | Time:00:00.01 | Mem:0.00M, Peak:0.00M | Scene, ViewLayer | Synchronizing object | upper_left_forearm_upper_edge_00_07
Fra:1 Mem:65.28M (Peak 65.28M) | Time:00:00.01 | Mem:0.00M, Peak:0.00M | Scene, ViewLayer | Synchronizing object | upper_left_forearm_upper_edge_01_00
Fra:1 Mem:65.29M (Peak 65.29M) | Time:00:00.01 | Mem:0.00M, Peak:0.00M | Scene, ViewLayer | Synchronizing object | upper_left_forearm_upper_edge_01_01
Fra:1 Mem:65.29M (Peak 65.29M) | Time:00:00.01 | Mem:0.00M, Peak:0.00M | Scene, ViewLayer | Synchronizing object | upper_left_forearm_upper_edge_01_02
Fra:1 Mem:65.29M (Peak 65.29M) | Time:00:00.01 | Mem:0.00M, Peak:0.00M | Scene, ViewLayer | Synchronizing object | upper_left_forearm_upper_edge_01_03
Fra:1 Mem:65.29M (Peak 65.29M) | Time:00:00.01 | Mem:0.00M, Peak:0.00M | Scene, ViewLayer | Synchronizing object | upper_left_forearm_upper_edge_01_04
Fra:1 Mem:65.29M (Peak 65.29M) | Time:00:00.01 | Mem:0.00M, Peak:0.00M | Scene, ViewLayer | Synchronizing object | upper_left_forearm_upper_edge_01_05
Fra:1 Mem:65.30M (Peak 65.30M) | Time:00:00.01 | Mem:0.00M, Peak:0.00M | Scene, ViewLayer | Synchronizing object | upper_left_forearm_upper_edge_01_06
Fra:1 Mem:65.30M (Peak 65.30M) | Time:00:00.01 | Mem:0.00M, Peak:0.00M | Scene, ViewLayer | Synchronizing object | upper_left_forearm_upper_edge_01_07
Fra:1 Mem:65.30M (Peak 65.30M) | Time:00:00.01 | Mem:0.00M, Peak:0.00M | Scene, ViewLayer | Synchronizing object | upper_left_forearm_upper_edge_02_00
Fra:1 Mem:65.30M (Peak 65.30M) | Time:00:00.01 | Mem:0.00M, Peak:0.00M | Scene, ViewLayer | Synchronizing object | upper_left_forearm_upper_edge_02_01
Fra:1 Mem:65.30M (Peak 65.30M) | Time:00:00.01 | Mem:0.00M, Peak:0.00M | Scene, ViewLayer | Synchronizing object | upper_right_forearm_upper_edge_01_06
Fra:1 Mem:65.30M (Peak 65.30M) | Time:00:00.01 | Mem:0.00M, Peak:0.00M | Scene, ViewLayer | Synchronizing object | upper_left_forearm_upper_edge_02_02
Fra:1 Mem:65.31M (Peak 65.31M) | Time:00:00.01 | Mem:0.00M, Peak:0.00M | Scene, ViewLayer | Synchronizing object | upper_right_forearm_upper_edge_01_05
Fra:1 Mem:65.31M (Peak 65.31M) | Time:00:00.01 | Mem:0.00M, Peak:0.00M | Scene, ViewLayer | Synchronizing object | upper_left_forearm_upper_edge_02_03
Fra:1 Mem:65.31M (Peak 65.31M) | Time:00:00.01 | Mem:0.00M, Peak:0.00M | Scene, ViewLayer | Synchronizing object | upper_left_forearm_upper_edge_02_04
Fra:1 Mem:65.31M (Peak 65.31M) | Time:00:00.01 | Mem:0.00M, Peak:0.00M | Scene, ViewLayer | Synchronizing object | upper_left_forearm_upper_edge_02_05
Fra:1 Mem:65.31M (Peak 65.31M) | Time:00:00.01 | Mem:0.00M, Peak:0.00M | Scene, ViewLayer | Synchronizing object | upper_left_forearm_upper_edge_02_06
Fra:1 Mem:65.32M (Peak 65.32M) | Time:00:00.01 | Mem:0.00M, Peak:0.00M | Scene, ViewLayer | Synchronizing object | upper_right_forearm_upper_edge_00_00
Fra:1 Mem:65.32M (Peak 65.32M) | Time:00:00.01 | Mem:0.00M, Peak:0.00M | Scene, ViewLayer | Synchronizing object | upper_right_forearm_upper_edge_00_01
Fra:1 Mem:65.32M (Peak 65.32M) | Time:00:00.01 | Mem:0.00M, Peak:0.00M | Scene, ViewLayer | Synchronizing object | upper_right_forearm_upper_edge_00_02
Fra:1 Mem:65.32M (Peak 65.32M) | Time:00:00.01 | Mem:0.00M, Peak:0.00M | Scene, ViewLayer | Synchronizing object | upper_right_forearm_upper_edge_00_03
Fra:1 Mem:65.32M (Peak 65.32M) | Time:00:00.01 | Mem:0.00M, Peak:0.00M | Scene, ViewLayer | Synchronizing object | upper_right_forearm_upper_edge_00_04
Fra:1 Mem:65.32M (Peak 65.32M) | Time:00:00.01 | Mem:0.00M, Peak:0.00M | Scene, ViewLayer | Synchronizing object | upper_right_forearm_upper_edge_00_05
Fra:1 Mem:65.33M (Peak 65.33M) | Time:00:00.01 | Mem:0.00M, Peak:0.00M | Scene, ViewLayer | Synchronizing object | upper_right_forearm_upper_edge_00_06
Fra:1 Mem:65.33M (Peak 65.33M) | Time:00:00.01 | Mem:0.00M, Peak:0.00M | Scene, ViewLayer | Synchronizing object | upper_right_forearm_upper_edge_01_00
Fra:1 Mem:65.33M (Peak 65.33M) | Time:00:00.01 | Mem:0.00M, Peak:0.00M | Scene, ViewLayer | Synchronizing object | upper_right_forearm_upper_edge_01_01
Fra:1 Mem:65.33M (Peak 65.33M) | Time:00:00.01 | Mem:0.00M, Peak:0.00M | Scene, ViewLayer | Synchronizing object | upper_right_forearm_upper_edge_01_02
Fra:1 Mem:65.33M (Peak 65.33M) | Time:00:00.01 | Mem:0.00M, Peak:0.00M | Scene, ViewLayer | Synchronizing object | upper_right_forearm_upper_edge_01_03
Fra:1 Mem:65.34M (Peak 65.34M) | Time:00:00.01 | Mem:0.00M, Peak:0.00M | Scene, ViewLayer | Initializing
Fra:1 Mem:51.10M (Peak 65.34M) | Time:00:00.01 | Mem:0.00M, Peak:0.00M | Scene, ViewLayer | Waiting for render to start
Fra:1 Mem:51.10M (Peak 65.34M) | Time:00:00.01 | Mem:0.00M, Peak:0.00M | Scene, ViewLayer | Loading render kernels (may take a few minutes the first time)
Fra:1 Mem:51.10M (Peak 65.34M) | Time:00:00.01 | Mem:0.00M, Peak:0.00M | Scene, ViewLayer | Updating Scene
Fra:1 Mem:51.10M (Peak 65.34M) | Time:00:00.01 | Mem:0.00M, Peak:0.00M | Scene, ViewLayer | Updating Shaders
Fra:1 Mem:51.20M (Peak 65.34M) | Time:00:00.01 | Mem:0.01M, Peak:0.01M | Scene, ViewLayer | Updating Procedurals
Fra:1 Mem:51.20M (Peak 65.34M) | Time:00:00.01 | Mem:0.01M, Peak:0.01M | Scene, ViewLayer | Updating Background
Fra:1 Mem:51.20M (Peak 65.34M) | Time:00:00.01 | Mem:0.01M, Peak:0.01M | Scene, ViewLayer | Updating Camera
Fra:1 Mem:51.20M (Peak 65.34M) | Time:00:00.01 | Mem:0.01M, Peak:0.01M | Scene, ViewLayer | Updating Meshes Flags
Fra:1 Mem:51.20M (Peak 65.34M) | Time:00:00.01 | Mem:0.01M, Peak:0.01M | Scene, ViewLayer | Updating Objects
Fra:1 Mem:51.20M (Peak 65.34M) | Time:00:00.01 | Mem:0.01M, Peak:0.01M | Scene, ViewLayer | Updating Objects | Copying Transformations to device
Fra:1 Mem:51.30M (Peak 65.34M) | Time:00:00.01 | Mem:0.11M, Peak:0.11M | Scene, ViewLayer | Updating Objects | Applying Static Transformations
Fra:1 Mem:51.30M (Peak 65.34M) | Time:00:00.01 | Mem:0.11M, Peak:0.11M | Scene, ViewLayer | Updating Particle Systems
Fra:1 Mem:51.30M (Peak 65.34M) | Time:00:00.01 | Mem:0.11M, Peak:0.11M | Scene, ViewLayer | Updating Particle Systems | Copying Particles to device
Fra:1 Mem:51.30M (Peak 65.34M) | Time:00:00.01 | Mem:0.11M, Peak:0.11M | Scene, ViewLayer | Updating Meshes
Fra:1 Mem:54.24M (Peak 65.34M) | Time:00:00.02 | Mem:0.11M, Peak:0.11M | Scene, ViewLayer | Updating Mesh | Computing attributes
Fra:1 Mem:55.44M (Peak 65.34M) | Time:00:00.02 | Mem:0.13M, Peak:0.13M | Scene, ViewLayer | Updating Mesh | Copying Attributes to device
Fra:1 Mem:55.38M (Peak 65.34M) | Time:00:00.02 | Mem:1.25M, Peak:1.25M | Scene, ViewLayer | Updating Scene BVH | Building
Fra:1 Mem:55.38M (Peak 65.34M) | Time:00:00.02 | Mem:1.25M, Peak:1.25M | Scene, ViewLayer | Updating Scene BVH | Building BVH
Fra:1 Mem:66.41M (Peak 66.41M) | Time:00:00.06 | Mem:1.25M, Peak:1.25M | Scene, ViewLayer | Updating Scene BVH | Packing BVH triangles and strands
Fra:1 Mem:67.15M (Peak 67.15M) | Time:00:00.06 | Mem:1.25M, Peak:1.25M | Scene, ViewLayer | Updating Scene BVH | Packing BVH nodes
Fra:1 Mem:67.16M (Peak 69.51M) | Time:00:00.07 | Mem:1.25M, Peak:1.25M | Scene, ViewLayer | Updating Scene BVH | Copying BVH to device
Fra:1 Mem:67.16M (Peak 69.51M) | Time:00:00.07 | Mem:7.14M, Peak:7.14M | Scene, ViewLayer | Updating Mesh | Computing normals
Fra:1 Mem:73.81M (Peak 73.81M) | Time:00:00.07 | Mem:7.14M, Peak:7.14M | Scene, ViewLayer | Updating Mesh | Copying Mesh to device
Fra:1 Mem:73.81M (Peak 73.81M) | Time:00:00.07 | Mem:13.78M, Peak:13.78M | Scene, ViewLayer | Updating Objects Flags
Fra:1 Mem:73.81M (Peak 73.81M) | Time:00:00.07 | Mem:13.79M, Peak:13.79M | Scene, ViewLayer | Updating Primitive Offsets
Fra:1 Mem:73.81M (Peak 73.81M) | Time:00:00.07 | Mem:13.79M, Peak:13.79M | Scene, ViewLayer | Updating Images
Fra:1 Mem:73.81M (Peak 73.81M) | Time:00:00.07 | Mem:13.79M, Peak:13.79M | Scene, ViewLayer | Updating Camera Volume
Fra:1 Mem:73.81M (Peak 73.81M) | Time:00:00.07 | Mem:13.79M, Peak:13.79M | Scene, ViewLayer | Updating Lookup Tables
Fra:1 Mem:73.81M (Peak 73.81M) | Time:00:00.07 | Mem:13.87M, Peak:13.87M | Scene, ViewLayer | Updating Lights
Fra:1 Mem:73.81M (Peak 73.81M) | Time:00:00.07 | Mem:13.87M, Peak:13.87M | Scene, ViewLayer | Updating Lights | Computing distribution
Fra:1 Mem:73.81M (Peak 73.81M) | Time:00:00.07 | Mem:13.87M, Peak:13.87M | Scene, ViewLayer | Updating Lights | Computing tree
Fra:1 Mem:73.81M (Peak 73.81M) | Time:00:00.07 | Mem:13.87M, Peak:13.87M | Scene, ViewLayer | Updating Integrator
Fra:1 Mem:74.81M (Peak 74.81M) | Time:00:00.07 | Mem:14.87M, Peak:14.87M | Scene, ViewLayer | Updating Film
Fra:1 Mem:74.81M (Peak 74.81M) | Time:00:00.07 | Mem:14.79M, Peak:14.87M | Scene, ViewLayer | Updating Lookup Tables
Fra:1 Mem:74.81M (Peak 74.81M) | Time:00:00.07 | Mem:14.88M, Peak:14.88M | Scene, ViewLayer | Updating Baking
Fra:1 Mem:74.81M (Peak 74.81M) | Time:00:00.07 | Mem:14.88M, Peak:14.88M | Scene, ViewLayer | Updating Device | Writing constant memory
Fra:1 Mem:74.82M (Peak 74.82M) | Time:00:00.07 | Mem:14.88M, Peak:14.88M | Scene, ViewLayer | Sample 0/40
Fra:1 Mem:108.82M (Peak 108.82M) | Time:00:00.77 | Remaining:00:27.05 | Mem:48.87M, Peak:48.87M | Scene, ViewLayer | Sample 1/40
Fra:1 Mem:108.82M (Peak 108.82M) | Time:00:19.24 | Remaining:00:04.06 | Mem:48.87M, Peak:48.87M | Scene, ViewLayer | Sample 33/40
Fra:1 Mem:123.93M (Peak 154.15M) | Time:00:23.58 | Mem:48.87M, Peak:48.87M | Scene, ViewLayer | Sample 40/40
Fra:1 Mem:123.93M (Peak 154.15M) | Time:00:23.58 | Mem:48.87M, Peak:48.87M | Scene, ViewLayer | Finished
Saved: '/home/ethan/Projects/Sai_Art/docs/uri_style/gorilla_v0_1/leg_design_r2/images/front.png'
Time: 00:23.65 (Saving: 00:00.06)

Fra:1 Mem:57.70M (Peak 57.70M) | Time:00:00.01 | Mem:0.00M, Peak:0.00M | Scene, ViewLayer | Synchronizing object | render_floor_not_a_robot_part
Fra:1 Mem:57.70M (Peak 57.70M) | Time:00:00.01 | Mem:0.00M, Peak:0.00M | Scene, ViewLayer | Synchronizing object | upper_crown_top_panel_line_01
Fra:1 Mem:57.70M (Peak 57.70M) | Time:00:00.01 | Mem:0.00M, Peak:0.00M | Scene, ViewLayer | Synchronizing object | upper_crown_fastener_0
Fra:1 Mem:57.73M (Peak 57.73M) | Time:00:00.01 | Mem:0.00M, Peak:0.00M | Scene, ViewLayer | Synchronizing object | upper_crown_top_panel_line_02
Fra:1 Mem:57.73M (Peak 57.73M) | Time:00:00.01 | Mem:0.00M, Peak:0.00M | Scene, ViewLayer | Synchronizing object | upper_crown_fastener_1
Fra:1 Mem:57.75M (Peak 57.75M) | Time:00:00.01 | Mem:0.00M, Peak:0.00M | Scene, ViewLayer | Synchronizing object | upper_crown_fastener_2
Fra:1 Mem:57.77M (Peak 57.77M) | Time:00:00.01 | Mem:0.00M, Peak:0.00M | Scene, ViewLayer | Synchronizing object | upper_crown_fastener_3
Fra:1 Mem:57.80M (Peak 57.80M) | Time:00:00.01 | Mem:0.00M, Peak:0.00M | Scene, ViewLayer | Synchronizing object | upper_central_indicator_gold_frame
Fra:1 Mem:57.82M (Peak 57.82M) | Time:00:00.01 | Mem:0.00M, Peak:0.00M | Scene, ViewLayer | Synchronizing object | upper_central_indicator_lit_strip
Fra:1 Mem:57.84M (Peak 57.84M) | Time:00:00.01 | Mem:0.00M, Peak:0.00M | Scene, ViewLayer | Synchronizing object | upper_rear_crown_panel_seam_00
Fra:1 Mem:57.84M (Peak 57.84M) | Time:00:00.01 | Mem:0.00M, Peak:0.00M | Scene, ViewLayer | Synchronizing object | upper_rear_crown_panel_seam_01
Fra:1 Mem:57.84M (Peak 57.84M) | Time:00:00.01 | Mem:0.00M, Peak:0.00M | Scene, ViewLayer | Synchronizing object | upper_dark_central_waist_coupler
Fra:1 Mem:57.84M (Peak 57.84M) | Time:00:00.01 | Mem:0.00M, Peak:0.00M | Scene, ViewLayer | Synchronizing object | upper_dark_pelvis_inner_layer
Fra:1 Mem:57.85M (Peak 57.85M) | Time:00:00.01 | Mem:0.00M, Peak:0.00M | Scene, ViewLayer | Synchronizing object | upper_pelvis_front_black_latch
Fra:1 Mem:57.86M (Peak 57.86M) | Time:00:00.01 | Mem:0.00M, Peak:0.00M | Scene, ViewLayer | Synchronizing object | upper_left_upper_arm_gold_marker
Fra:1 Mem:57.87M (Peak 57.87M) | Time:00:00.01 | Mem:0.00M, Peak:0.00M | Scene, ViewLayer | Synchronizing object | upper_left_forearm_gold_marker
Fra:1 Mem:57.89M (Peak 57.89M) | Time:00:00.01 | Mem:0.00M, Peak:0.00M | Scene, ViewLayer | Synchronizing object | upper_right_upper_arm_gold_marker
Fra:1 Mem:57.89M (Peak 57.89M) | Time:00:00.01 | Mem:0.00M, Peak:0.00M | Scene, ViewLayer | Synchronizing object | upper_right_forearm_gold_marker
Fra:1 Mem:57.89M (Peak 57.89M) | Time:00:00.01 | Mem:0.00M, Peak:0.00M | Scene, ViewLayer | Synchronizing object | upper_continuous_ivory_torso_armor_cover
Fra:1 Mem:58.05M (Peak 58.05M) | Time:00:00.01 | Mem:0.00M, Peak:0.00M | Scene, ViewLayer | Synchronizing object | upper_left_blue_rear_shoulder_edge_cover
Fra:1 Mem:58.03M (Peak 58.05M) | Time:00:00.01 | Mem:0.00M, Peak:0.00M | Scene, ViewLayer | Synchronizing object | upper_right_ivory_hood_window_side_lip
Fra:1 Mem:58.06M (Peak 58.06M) | Time:00:00.01 | Mem:0.00M, Peak:0.00M | Scene, ViewLayer | Synchronizing object | upper_rear_service_door_shadow
Fra:1 Mem:58.06M (Peak 58.06M) | Time:00:00.01 | Mem:0.00M, Peak:0.00M | Scene, ViewLayer | Synchronizing object | upper_rear_blue_service_door
Fra:1 Mem:58.07M (Peak 58.07M) | Time:00:00.01 | Mem:0.00M, Peak:0.00M | Scene, ViewLayer | Synchronizing object | upper_rear_control_screen_module_envelope
Fra:1 Mem:58.07M (Peak 58.07M) | Time:00:00.01 | Mem:0.00M, Peak:0.00M | Scene, ViewLayer | Synchronizing object | upper_rear_control_screen_glass
Fra:1 Mem:58.07M (Peak 58.07M) | Time:00:00.01 | Mem:0.00M, Peak:0.00M | Scene, ViewLayer | Synchronizing object | upper_rear_control_screen_header
Fra:1 Mem:58.11M (Peak 58.11M) | Time:00:00.01 | Mem:0.00M, Peak:0.00M | Scene, ViewLayer | Synchronizing object | upper_rear_control_screen_touch_zone_status
Fra:1 Mem:58.12M (Peak 58.12M) | Time:00:00.01 | Mem:0.00M, Peak:0.00M | Scene, ViewLayer | Synchronizing object | upper_rear_control_screen_label_status
Fra:1 Mem:58.15M (Peak 58.15M) | Time:00:00.01 | Mem:0.00M, Peak:0.00M | Scene, ViewLayer | Synchronizing object | upper_rear_control_screen_zone_indicator_status
Fra:1 Mem:58.16M (Peak 58.16M) | Time:00:00.01 | Mem:0.00M, Peak:0.00M | Scene, ViewLayer | Synchronizing object | upper_rear_control_screen_touch_zone_task
Fra:1 Mem:58.16M (Peak 58.16M) | Time:00:00.01 | Mem:0.00M, Peak:0.00M | Scene, ViewLayer | Synchronizing object | upper_rear_control_screen_label_task
Fra:1 Mem:58.18M (Peak 58.18M) | Time:00:00.01 | Mem:0.00M, Peak:0.00M | Scene, ViewLayer | Synchronizing object | upper_rear_control_screen_zone_indicator_task
Fra:1 Mem:58.19M (Peak 58.19M) | Time:00:00.01 | Mem:0.00M, Peak:0.00M | Scene, ViewLayer | Synchronizing object | upper_rear_control_screen_touch_zone_local
Fra:1 Mem:58.20M (Peak 58.20M) | Time:00:00.01 | Mem:0.00M, Peak:0.00M | Scene, ViewLayer | Synchronizing object | upper_rear_control_screen_label_local
Fra:1 Mem:58.21M (Peak 58.21M) | Time:00:00.01 | Mem:0.00M, Peak:0.00M | Scene, ViewLayer | Synchronizing object | upper_rear_control_screen_zone_indicator_local
Fra:1 Mem:58.23M (Peak 58.23M) | Time:00:00.01 | Mem:0.00M, Peak:0.00M | Scene, ViewLayer | Synchronizing object | upper_rear_service_latch
Fra:1 Mem:58.24M (Peak 58.24M) | Time:00:00.01 | Mem:0.00M, Peak:0.00M | Scene, ViewLayer | Synchronizing object | upper_rear_door_upper_tab
Fra:1 Mem:58.25M (Peak 58.25M) | Time:00:00.01 | Mem:0.00M, Peak:0.00M | Scene, ViewLayer | Synchronizing object | upper_rear_door_screw_0
Fra:1 Mem:58.28M (Peak 58.28M) | Time:00:00.01 | Mem:0.00M, Peak:0.00M | Scene, ViewLayer | Synchronizing object | upper_rear_door_screw_1
Fra:1 Mem:58.31M (Peak 58.31M) | Time:00:00.01 | Mem:0.00M, Peak:0.00M | Scene, ViewLayer | Synchronizing object | upper_rear_door_screw_2
Fra:1 Mem:58.31M (Peak 58.31M) | Time:00:00.01 | Mem:0.00M, Peak:0.00M | Scene, ViewLayer | Synchronizing object | upper_rear_door_screw_3
Fra:1 Mem:58.35M (Peak 58.35M) | Time:00:00.01 | Mem:0.00M, Peak:0.00M | Scene, ViewLayer | Synchronizing object | upper_ivory_crown_inset
Fra:1 Mem:58.40M (Peak 58.40M) | Time:00:00.01 | Mem:0.00M, Peak:0.00M | Scene, ViewLayer | Synchronizing object | upper_saffron_front_pelvis_cartridge
Fra:1 Mem:58.39M (Peak 58.40M) | Time:00:00.01 | Mem:0.00M, Peak:0.00M | Scene, ViewLayer | Synchronizing object | upper_ivory_rear_pelvis_cartridge
Fra:1 Mem:58.48M (Peak 58.47M) | Time:00:00.01 | Mem:0.00M, Peak:0.00M | Scene, ViewLayer | Synchronizing object | upper_left_rear_yellow_pelvis_band
Fra:1 Mem:58.50M (Peak 58.50M) | Time:00:00.01 | Mem:0.00M, Peak:0.00M | Scene, ViewLayer | Synchronizing object | upper_right_rear_yellow_pelvis_band
Fra:1 Mem:58.55M (Peak 58.55M) | Time:00:00.01 | Mem:0.00M, Peak:0.00M | Scene, ViewLayer | Synchronizing object | upper_ivory_rear_short_waist_connector
Fra:1 Mem:58.58M (Peak 58.58M) | Time:00:00.01 | Mem:0.00M, Peak:0.00M | Scene, ViewLayer | Synchronizing object | upper_left_blue_continuous_shoulder_sweep
Fra:1 Mem:58.64M (Peak 58.64M) | Time:00:00.01 | Mem:0.00M, Peak:0.00M | Scene, ViewLayer | Synchronizing object | upper_left_blue_shoulder_upper_return
Fra:1 Mem:58.68M (Peak 58.68M) | Time:00:00.01 | Mem:0.00M, Peak:0.00M | Scene, ViewLayer | Synchronizing object | upper_left_blue_rear_shoulder_guard
Fra:1 Mem:58.90M (Peak 58.90M) | Time:00:00.01 | Mem:0.00M, Peak:0.00M | Scene, ViewLayer | Synchronizing object | upper_left_blue_shoulder_diagonal_front_wing
Fra:1 Mem:58.94M (Peak 58.94M) | Time:00:00.01 | Mem:0.00M, Peak:0.00M | Scene, ViewLayer | Synchronizing object | upper_left_blue_chest_cheek_wrap
Fra:1 Mem:59.04M (Peak 59.04M) | Time:00:00.01 | Mem:0.00M, Peak:0.00M | Scene, ViewLayer | Synchronizing object | upper_left_blue_chest_cheek_side_return
Fra:1 Mem:59.08M (Peak 59.08M) | Time:00:00.01 | Mem:0.00M, Peak:0.00M | Scene, ViewLayer | Synchronizing object | upper_left_radiator_ivory_socket
Fra:1 Mem:59.10M (Peak 59.10M) | Time:00:00.01 | Mem:0.00M, Peak:0.00M | Scene, ViewLayer | Synchronizing object | upper_left_radiator_gold_trim
Fra:1 Mem:59.15M (Peak 59.15M) | Time:00:00.01 | Mem:0.00M, Peak:0.00M | Scene, ViewLayer | Synchronizing object | upper_left_radiator_black_well
Fra:1 Mem:59.23M (Peak 59.23M) | Time:00:00.01 | Mem:0.00M, Peak:0.00M | Scene, ViewLayer | Synchronizing object | upper_left_radiator_turning_plenum
Fra:1 Mem:59.22M (Peak 59.23M) | Time:00:00.01 | Mem:0.00M, Peak:0.00M | Scene, ViewLayer | Synchronizing object | upper_left_radiator_louver_00
Fra:1 Mem:59.23M (Peak 59.23M) | Time:00:00.01 | Mem:0.00M, Peak:0.00M | Scene, ViewLayer | Synchronizing object | upper_left_radiator_louver_01
Fra:1 Mem:59.23M (Peak 59.23M) | Time:00:00.01 | Mem:0.00M, Peak:0.00M | Scene, ViewLayer | Synchronizing object | upper_left_radiator_louver_02
Fra:1 Mem:59.24M (Peak 59.25M) | Time:00:00.01 | Mem:0.00M, Peak:0.00M | Scene, ViewLayer | Synchronizing object | upper_left_radiator_louver_03
Fra:1 Mem:59.32M (Peak 59.32M) | Time:00:00.01 | Mem:0.00M, Peak:0.00M | Scene, ViewLayer | Synchronizing object | upper_left_radiator_louver_04
Fra:1 Mem:59.33M (Peak 59.33M) | Time:00:00.01 | Mem:0.00M, Peak:0.00M | Scene, ViewLayer | Synchronizing object | upper_left_radiator_louver_05
Fra:1 Mem:59.34M (Peak 59.34M) | Time:00:00.01 | Mem:0.00M, Peak:0.00M | Scene, ViewLayer | Synchronizing object | upper_left_radiator_louver_06
Fra:1 Mem:59.34M (Peak 59.34M) | Time:00:00.01 | Mem:0.00M, Peak:0.00M | Scene, ViewLayer | Synchronizing object | upper_left_radiator_louver_07
Fra:1 Mem:59.35M (Peak 59.35M) | Time:00:00.01 | Mem:0.00M, Peak:0.00M | Scene, ViewLayer | Synchronizing object | upper_left_radiator_louver_08
Fra:1 Mem:59.35M (Peak 59.35M) | Time:00:00.01 | Mem:0.00M, Peak:0.00M | Scene, ViewLayer | Synchronizing object | upper_left_radiator_louver_09
Fra:1 Mem:59.30M (Peak 59.35M) | Time:00:00.01 | Mem:0.00M, Peak:0.00M | Scene, ViewLayer | Synchronizing object | upper_left_radiator_louver_10
Fra:1 Mem:59.31M (Peak 59.35M) | Time:00:00.01 | Mem:0.00M, Peak:0.00M | Scene, ViewLayer | Synchronizing object | upper_left_vent_fastener_1
Fra:1 Mem:59.33M (Peak 59.35M) | Time:00:00.01 | Mem:0.00M, Peak:0.00M | Scene, ViewLayer | Synchronizing object | upper_left_vent_fastener_2
Fra:1 Mem:59.35M (Peak 59.35M) | Time:00:00.01 | Mem:0.00M, Peak:0.00M | Scene, ViewLayer | Synchronizing object | upper_left_vent_fastener_3
Fra:1 Mem:59.37M (Peak 59.37M) | Time:00:00.01 | Mem:0.00M, Peak:0.00M | Scene, ViewLayer | Synchronizing object | upper_left_dark_torso_side_housing
Fra:1 Mem:59.39M (Peak 59.39M) | Time:00:00.01 | Mem:0.00M, Peak:0.00M | Scene, ViewLayer | Synchronizing object | upper_left_torso_side_layer_00
Fra:1 Mem:59.41M (Peak 59.41M) | Time:00:00.01 | Mem:0.00M, Peak:0.00M | Scene, ViewLayer | Synchronizing object | upper_left_torso_side_layer_lip_00
Fra:1 Mem:59.42M (Peak 59.42M) | Time:00:00.01 | Mem:0.00M, Peak:0.00M | Scene, ViewLayer | Synchronizing object | upper_left_torso_side_layer_01
Fra:1 Mem:59.44M (Peak 59.44M) | Time:00:00.01 | Mem:0.00M, Peak:0.00M | Scene, ViewLayer | Synchronizing object | upper_left_torso_side_layer_lip_01
Fra:1 Mem:59.44M (Peak 59.44M) | Time:00:00.01 | Mem:0.00M, Peak:0.00M | Scene, ViewLayer | Synchronizing object | upper_left_torso_side_layer_02
Fra:1 Mem:59.48M (Peak 59.48M) | Time:00:00.01 | Mem:0.00M, Peak:0.00M | Scene, ViewLayer | Synchronizing object | upper_left_torso_side_layer_lip_02
Fra:1 Mem:59.48M (Peak 59.48M) | Time:00:00.01 | Mem:0.00M, Peak:0.00M | Scene, ViewLayer | Synchronizing object | upper_left_torso_side_layer_03
Fra:1 Mem:59.51M (Peak 59.51M) | Time:00:00.01 | Mem:0.00M, Peak:0.00M | Scene, ViewLayer | Synchronizing object | upper_left_torso_side_layer_lip_03
Fra:1 Mem:59.56M (Peak 59.56M) | Time:00:00.01 | Mem:0.00M, Peak:0.00M | Scene, ViewLayer | Synchronizing object | upper_left_blue_forearm_wrap
Fra:1 Mem:59.58M (Peak 59.58M) | Time:00:00.01 | Mem:0.00M, Peak:0.00M | Scene, ViewLayer | Synchronizing object | upper_left_blue_deltoid_wrap
Fra:1 Mem:59.66M (Peak 59.66M) | Time:00:00.01 | Mem:0.00M, Peak:0.00M | Scene, ViewLayer | Synchronizing object | upper_left_ivory_shoulder_cap
Fra:1 Mem:59.67M (Peak 59.67M) | Time:00:00.01 | Mem:0.00M, Peak:0.00M | Scene, ViewLayer | Synchronizing object | upper_left_shoulder_open_bearing_seat
Fra:1 Mem:59.94M (Peak 59.94M) | Time:00:00.01 | Mem:0.00M, Peak:0.00M | Scene, ViewLayer | Synchronizing object | right_foot_front_top_plate
Fra:1 Mem:60.03M (Peak 60.03M) | Time:00:00.01 | Mem:0.00M, Peak:0.00M | Scene, ViewLayer | Synchronizing object | right_foot_heel_dark_guard
Fra:1 Mem:60.03M (Peak 60.03M) | Time:00:00.01 | Mem:0.00M, Peak:0.00M | Scene, ViewLayer | Synchronizing object | right_foot_heel_ivory_side_1
Fra:1 Mem:60.03M (Peak 60.03M) | Time:00:00.01 | Mem:0.00M, Peak:0.00M | Scene, ViewLayer | Synchronizing object | right_foot_heel_ivory_side_-1
Fra:1 Mem:60.03M (Peak 60.03M) | Time:00:00.01 | Mem:0.00M, Peak:0.00M | Scene, ViewLayer | Synchronizing object | right_foot_toe_ivory_side_1
Fra:1 Mem:60.22M (Peak 60.22M) | Time:00:00.01 | Mem:0.00M, Peak:0.00M | Scene, ViewLayer | Synchronizing object | right_foot_toe_ivory_side_-1
Fra:1 Mem:60.50M (Peak 60.50M) | Time:00:00.01 | Mem:0.00M, Peak:0.00M | Scene, ViewLayer | Synchronizing object | upper_right_blue_continuous_shoulder_sweep
Fra:1 Mem:60.47M (Peak 60.50M) | Time:00:00.01 | Mem:0.00M, Peak:0.00M | Scene, ViewLayer | Synchronizing object | upper_right_blue_shoulder_upper_return
Fra:1 Mem:60.52M (Peak 60.52M) | Time:00:00.01 | Mem:0.00M, Peak:0.00M | Scene, ViewLayer | Synchronizing object | upper_right_blue_rear_shoulder_guard
Fra:1 Mem:60.47M (Peak 60.52M) | Time:00:00.01 | Mem:0.00M, Peak:0.00M | Scene, ViewLayer | Synchronizing object | upper_right_blue_shoulder_diagonal_front_wing
Fra:1 Mem:60.79M (Peak 60.79M) | Time:00:00.01 | Mem:0.00M, Peak:0.00M | Scene, ViewLayer | Synchronizing object | right_ankle_orange_rim_1
Fra:1 Mem:60.84M (Peak 60.84M) | Time:00:00.01 | Mem:0.00M, Peak:0.00M | Scene, ViewLayer | Synchronizing object | upper_right_blue_chest_cheek_side_return
Fra:1 Mem:60.94M (Peak 60.94M) | Time:00:00.01 | Mem:0.00M, Peak:0.00M | Scene, ViewLayer | Synchronizing object | right_ankle_joint_cover_1
Fra:1 Mem:60.94M (Peak 60.94M) | Time:00:00.01 | Mem:0.00M, Peak:0.00M | Scene, ViewLayer | Synchronizing object | upper_right_radiator_gold_trim
Fra:1 Mem:61.01M (Peak 61.01M) | Time:00:00.01 | Mem:0.00M, Peak:0.00M | Scene, ViewLayer | Synchronizing object | right_ankle_orange_rim_-1
Fra:1 Mem:61.04M (Peak 61.04M) | Time:00:00.01 | Mem:0.00M, Peak:0.00M | Scene, ViewLayer | Synchronizing object | upper_right_radiator_black_well
Fra:1 Mem:61.04M (Peak 61.04M) | Time:00:00.01 | Mem:0.00M, Peak:0.00M | Scene, ViewLayer | Synchronizing object | right_ankle_joint_cover_-1
Fra:1 Mem:61.04M (Peak 61.04M) | Time:00:00.01 | Mem:0.00M, Peak:0.00M | Scene, ViewLayer | Synchronizing object | upper_right_radiator_louver_00
Fra:1 Mem:61.06M (Peak 61.06M) | Time:00:00.01 | Mem:0.00M, Peak:0.00M | Scene, ViewLayer | Synchronizing object | right_fold_orange_rim_1
Fra:1 Mem:61.06M (Peak 61.06M) | Time:00:00.01 | Mem:0.00M, Peak:0.00M | Scene, ViewLayer | Synchronizing object | upper_right_radiator_louver_02
Fra:1 Mem:61.16M (Peak 61.16M) | Time:00:00.01 | Mem:0.00M, Peak:0.00M | Scene, ViewLayer | Synchronizing object | right_fold_joint_cover_1
Fra:1 Mem:61.17M (Peak 61.17M) | Time:00:00.01 | Mem:0.00M, Peak:0.00M | Scene, ViewLayer | Synchronizing object | upper_right_radiator_louver_04
Fra:1 Mem:61.18M (Peak 61.18M) | Time:00:00.01 | Mem:0.00M, Peak:0.00M | Scene, ViewLayer | Synchronizing object | right_fold_orange_rim_-1
Fra:1 Mem:61.20M (Peak 61.20M) | Time:00:00.01 | Mem:0.00M, Peak:0.00M | Scene, ViewLayer | Synchronizing object | upper_right_radiator_louver_05
Fra:1 Mem:61.14M (Peak 61.20M) | Time:00:00.01 | Mem:0.00M, Peak:0.00M | Scene, ViewLayer | Synchronizing object | upper_right_radiator_louver_06
Fra:1 Mem:61.15M (Peak 61.20M) | Time:00:00.01 | Mem:0.00M, Peak:0.00M | Scene, ViewLayer | Synchronizing object | upper_right_radiator_louver_07
Fra:1 Mem:61.15M (Peak 61.20M) | Time:00:00.01 | Mem:0.00M, Peak:0.00M | Scene, ViewLayer | Synchronizing object | upper_right_radiator_louver_08
Fra:1 Mem:61.16M (Peak 61.20M) | Time:00:00.01 | Mem:0.00M, Peak:0.00M | Scene, ViewLayer | Synchronizing object | right_knee_orange_rim_1
Fra:1 Mem:61.19M (Peak 61.20M) | Time:00:00.01 | Mem:0.00M, Peak:0.00M | Scene, ViewLayer | Synchronizing object | upper_right_radiator_louver_09
Fra:1 Mem:61.20M (Peak 61.20M) | Time:00:00.01 | Mem:0.00M, Peak:0.00M | Scene, ViewLayer | Synchronizing object | right_knee_joint_cover_1
Fra:1 Mem:61.21M (Peak 61.21M) | Time:00:00.01 | Mem:0.00M, Peak:0.00M | Scene, ViewLayer | Synchronizing object | upper_right_vent_fastener_0
Fra:1 Mem:61.21M (Peak 61.21M) | Time:00:00.01 | Mem:0.00M, Peak:0.00M | Scene, ViewLayer | Synchronizing object | upper_right_vent_fastener_1
Fra:1 Mem:61.26M (Peak 61.26M) | Time:00:00.01 | Mem:0.00M, Peak:0.00M | Scene, ViewLayer | Synchronizing object | upper_right_vent_fastener_2
Fra:1 Mem:61.28M (Peak 61.28M) | Time:00:00.01 | Mem:0.00M, Peak:0.00M | Scene, ViewLayer | Synchronizing object | upper_right_vent_fastener_3
Fra:1 Mem:61.31M (Peak 61.31M) | Time:00:00.01 | Mem:0.00M, Peak:0.00M | Scene, ViewLayer | Synchronizing object | upper_right_dark_torso_side_housing
Fra:1 Mem:61.33M (Peak 61.33M) | Time:00:00.01 | Mem:0.00M, Peak:0.00M | Scene, ViewLayer | Synchronizing object | upper_right_torso_side_layer_lip_00
Fra:1 Mem:61.35M (Peak 61.35M) | Time:00:00.01 | Mem:0.00M, Peak:0.00M | Scene, ViewLayer | Synchronizing object | upper_right_torso_side_layer_01
Fra:1 Mem:61.39M (Peak 61.39M) | Time:00:00.01 | Mem:0.00M, Peak:0.00M | Scene, ViewLayer | Synchronizing object | upper_right_torso_side_layer_lip_01
Fra:1 Mem:61.40M (Peak 61.40M) | Time:00:00.01 | Mem:0.00M, Peak:0.00M | Scene, ViewLayer | Synchronizing object | upper_right_torso_side_layer_02
Fra:1 Mem:61.42M (Peak 61.42M) | Time:00:00.01 | Mem:0.00M, Peak:0.00M | Scene, ViewLayer | Synchronizing object | upper_right_torso_side_layer_03
Fra:1 Mem:61.46M (Peak 61.46M) | Time:00:00.01 | Mem:0.00M, Peak:0.00M | Scene, ViewLayer | Synchronizing object | right_thigh_lower_orange_panel
Fra:1 Mem:61.48M (Peak 61.48M) | Time:00:00.01 | Mem:0.00M, Peak:0.00M | Scene, ViewLayer | Synchronizing object | upper_right_torso_side_layer_lip_03
Fra:1 Mem:61.49M (Peak 61.49M) | Time:00:00.01 | Mem:0.00M, Peak:0.00M | Scene, ViewLayer | Synchronizing object | upper_right_blue_deltoid_wrap
Fra:1 Mem:61.51M (Peak 61.51M) | Time:00:00.01 | Mem:0.00M, Peak:0.00M | Scene, ViewLayer | Synchronizing object | right_distal_blue_armor
Fra:1 Mem:61.52M (Peak 61.52M) | Time:00:00.01 | Mem:0.00M, Peak:0.00M | Scene, ViewLayer | Synchronizing object | upper_right_ivory_shoulder_cap
Fra:1 Mem:61.67M (Peak 61.66M) | Time:00:00.01 | Mem:0.00M, Peak:0.00M | Scene, ViewLayer | Synchronizing object | upper_right_shoulder_open_bearing_seat
Fra:1 Mem:61.94M (Peak 61.94M) | Time:00:00.01 | Mem:0.00M, Peak:0.00M | Scene, ViewLayer | Synchronizing object | right_middle_blue_armor
Fra:1 Mem:61.96M (Peak 61.96M) | Time:00:00.01 | Mem:0.00M, Peak:0.00M | Scene, ViewLayer | Synchronizing object | upper_right_ivory_lower_upper_arm
Fra:1 Mem:61.96M (Peak 61.96M) | Time:00:00.01 | Mem:0.00M, Peak:0.00M | Scene, ViewLayer | Synchronizing object | upper_right_blue_elbow_yoke
Fra:1 Mem:62.09M (Peak 62.09M) | Time:00:00.01 | Mem:0.00M, Peak:0.00M | Scene, ViewLayer | Synchronizing object | right_shaft_ankle
Fra:1 Mem:62.11M (Peak 62.11M) | Time:00:00.01 | Mem:0.00M, Peak:0.00M | Scene, ViewLayer | Synchronizing object | upper_left_shoulder_inner_barrel
Fra:1 Mem:62.13M (Peak 62.13M) | Time:00:00.01 | Mem:0.00M, Peak:0.00M | Scene, ViewLayer | Synchronizing object | upper_left_shoulder_barrel_band_0
Fra:1 Mem:62.12M (Peak 62.13M) | Time:00:00.01 | Mem:0.00M, Peak:0.00M | Scene, ViewLayer | Synchronizing object | upper_left_shoulder_barrel_band_1
Fra:1 Mem:62.20M (Peak 62.20M) | Time:00:00.01 | Mem:0.00M, Peak:0.00M | Scene, ViewLayer | Synchronizing object | upper_left_shoulder_negative_y_support_cheek
Fra:1 Mem:62.23M (Peak 62.23M) | Time:00:00.01 | Mem:0.00M, Peak:0.00M | Scene, ViewLayer | Synchronizing object | upper_left_shoulder_negative_y_recessed_face
Fra:1 Mem:62.23M (Peak 62.23M) | Time:00:00.01 | Mem:0.00M, Peak:0.00M | Scene, ViewLayer | Synchronizing object | right_heel_contact_pad
Fra:1 Mem:62.23M (Peak 62.23M) | Time:00:00.01 | Mem:0.00M, Peak:0.00M | Scene, ViewLayer | Synchronizing object | upper_left_shoulder_negative_y_thin_rim
Fra:1 Mem:62.26M (Peak 62.26M) | Time:00:00.01 | Mem:0.00M, Peak:0.00M | Scene, ViewLayer | Synchronizing object | right_toe_contact_pad
Fra:1 Mem:62.29M (Peak 62.29M) | Time:00:00.01 | Mem:0.00M, Peak:0.00M | Scene, ViewLayer | Synchronizing object | right_shaft_fold
Fra:1 Mem:62.29M (Peak 62.29M) | Time:00:00.01 | Mem:0.00M, Peak:0.00M | Scene, ViewLayer | Synchronizing object | upper_left_shoulder_positive_y_support_cheek
Fra:1 Mem:62.32M (Peak 62.32M) | Time:00:00.01 | Mem:0.00M, Peak:0.00M | Scene, ViewLayer | Synchronizing object | right_frame_distal
Fra:1 Mem:62.47M (Peak 62.47M) | Time:00:00.01 | Mem:0.00M, Peak:0.00M | Scene, ViewLayer | Synchronizing object | upper_left_shoulder_positive_y_recessed_face
Fra:1 Mem:62.51M (Peak 62.51M) | Time:00:00.01 | Mem:0.00M, Peak:0.00M | Scene, ViewLayer | Synchronizing object | upper_left_shoulder_positive_y_thin_rim
Fra:1 Mem:62.56M (Peak 62.56M) | Time:00:00.01 | Mem:0.00M, Peak:0.00M | Scene, ViewLayer | Synchronizing object | upper_left_shoulder_positive_y_central_cap
Fra:1 Mem:62.56M (Peak 62.56M) | Time:00:00.01 | Mem:0.00M, Peak:0.00M | Scene, ViewLayer | Synchronizing object | right_shaft_knee
Fra:1 Mem:62.56M (Peak 62.56M) | Time:00:00.01 | Mem:0.00M, Peak:0.00M | Scene, ViewLayer | Synchronizing object | upper_left_shoulder_positive_y_cap_step
Fra:1 Mem:62.60M (Peak 62.60M) | Time:00:00.01 | Mem:0.00M, Peak:0.00M | Scene, ViewLayer | Synchronizing object | upper_left_elbow_inner_barrel
Fra:1 Mem:62.61M (Peak 62.61M) | Time:00:00.01 | Mem:0.00M, Peak:0.00M | Scene, ViewLayer | Synchronizing object | upper_left_elbow_barrel_band_0
Fra:1 Mem:62.70M (Peak 62.70M) | Time:00:00.01 | Mem:0.00M, Peak:0.00M | Scene, ViewLayer | Synchronizing object | upper_left_elbow_barrel_band_1
Fra:1 Mem:62.64M (Peak 62.70M) | Time:00:00.01 | Mem:0.00M, Peak:0.00M | Scene, ViewLayer | Synchronizing object | upper_left_elbow_negative_y_recessed_face
Fra:1 Mem:62.67M (Peak 62.70M) | Time:00:00.01 | Mem:0.00M, Peak:0.00M | Scene, ViewLayer | Synchronizing object | upper_left_elbow_negative_y_thin_rim
Fra:1 Mem:62.68M (Peak 62.70M) | Time:00:00.01 | Mem:0.00M, Peak:0.00M | Scene, ViewLayer | Synchronizing object | right_frame_thigh
Fra:1 Mem:62.78M (Peak 62.78M) | Time:00:00.01 | Mem:0.00M, Peak:0.00M | Scene, ViewLayer | Synchronizing object | upper_left_elbow_negative_y_cap_step
Fra:1 Mem:62.80M (Peak 62.80M) | Time:00:00.01 | Mem:0.00M, Peak:0.00M | Scene, ViewLayer | Synchronizing object | upper_left_elbow_positive_y_support_cheek
Fra:1 Mem:62.84M (Peak 62.84M) | Time:00:00.01 | Mem:0.00M, Peak:0.00M | Scene, ViewLayer | Synchronizing object | upper_left_elbow_positive_y_recessed_face
Fra:1 Mem:62.85M (Peak 62.85M) | Time:00:00.01 | Mem:0.00M, Peak:0.00M | Scene, ViewLayer | Synchronizing object | upper_left_elbow_positive_y_thin_rim
Fra:1 Mem:62.90M (Peak 62.90M) | Time:00:00.01 | Mem:0.00M, Peak:0.00M | Scene, ViewLayer | Synchronizing object | upper_left_elbow_positive_y_central_cap
Fra:1 Mem:62.90M (Peak 62.90M) | Time:00:00.01 | Mem:0.00M, Peak:0.00M | Scene, ViewLayer | Synchronizing object | left_foot_ivory_low_hull
Fra:1 Mem:62.93M (Peak 62.93M) | Time:00:00.01 | Mem:0.00M, Peak:0.00M | Scene, ViewLayer | Synchronizing object | upper_left_elbow_positive_y_cap_step
Fra:1 Mem:62.93M (Peak 62.93M) | Time:00:00.01 | Mem:0.00M, Peak:0.00M | Scene, ViewLayer | Synchronizing object | upper_left_elbow_forward_shallow_cover
Fra:1 Mem:62.98M (Peak 62.98M) | Time:00:00.01 | Mem:0.00M, Peak:0.00M | Scene, ViewLayer | Synchronizing object | upper_left_elbow_forward_recessed_face
Fra:1 Mem:62.97M (Peak 62.98M) | Time:00:00.01 | Mem:0.00M, Peak:0.00M | Scene, ViewLayer | Synchronizing object | upper_left_elbow_forward_thin_gold_ring
Fra:1 Mem:63.00M (Peak 63.00M) | Time:00:00.01 | Mem:0.00M, Peak:0.00M | Scene, ViewLayer | Synchronizing object | upper_left_elbow_forward_dark_center
Fra:1 Mem:63.04M (Peak 63.04M) | Time:00:00.01 | Mem:0.00M, Peak:0.00M | Scene, ViewLayer | Synchronizing object | left_foot_heel_dark_guard
Fra:1 Mem:63.05M (Peak 63.05M) | Time:00:00.01 | Mem:0.00M, Peak:0.00M | Scene, ViewLayer | Synchronizing object | upper_left_wrist_inner_barrel
Fra:1 Mem:63.05M (Peak 63.05M) | Time:00:00.01 | Mem:0.00M, Peak:0.00M | Scene, ViewLayer | Synchronizing object | left_foot_heel_ivory_side_1
Fra:1 Mem:63.05M (Peak 63.05M) | Time:00:00.01 | Mem:0.00M, Peak:0.00M | Scene, ViewLayer | Synchronizing object | upper_left_wrist_barrel_band_0
Fra:1 Mem:63.07M (Peak 63.07M) | Time:00:00.01 | Mem:0.00M, Peak:0.00M | Scene, ViewLayer | Synchronizing object | left_foot_heel_ivory_side_-1
Fra:1 Mem:63.09M (Peak 63.09M) | Time:00:00.01 | Mem:0.00M, Peak:0.00M | Scene, ViewLayer | Synchronizing object | upper_left_wrist_negative_y_support_cheek
Fra:1 Mem:63.10M (Peak 63.10M) | Time:00:00.01 | Mem:0.00M, Peak:0.00M | Scene, ViewLayer | Synchronizing object | upper_left_wrist_negative_y_recessed_face
Fra:1 Mem:63.17M (Peak 63.20M) | Time:00:00.01 | Mem:0.00M, Peak:0.00M | Scene, ViewLayer | Synchronizing object | upper_left_wrist_negative_y_thin_rim
Fra:1 Mem:63.21M (Peak 63.21M) | Time:00:00.01 | Mem:0.00M, Peak:0.00M | Scene, ViewLayer | Synchronizing object | upper_left_wrist_negative_y_central_cap
Fra:1 Mem:63.27M (Peak 63.27M) | Time:00:00.01 | Mem:0.00M, Peak:0.00M | Scene, ViewLayer | Synchronizing object | upper_left_wrist_negative_y_cap_step
Fra:1 Mem:63.34M (Peak 63.34M) | Time:00:00.01 | Mem:0.00M, Peak:0.00M | Scene, ViewLayer | Synchronizing object | upper_left_wrist_positive_y_support_cheek
Fra:1 Mem:63.34M (Peak 63.34M) | Time:00:00.01 | Mem:0.00M, Peak:0.00M | Scene, ViewLayer | Synchronizing object | upper_left_wrist_positive_y_recessed_face
Fra:1 Mem:63.34M (Peak 63.34M) | Time:00:00.01 | Mem:0.00M, Peak:0.00M | Scene, ViewLayer | Synchronizing object | upper_left_wrist_positive_y_central_cap
Fra:1 Mem:63.34M (Peak 63.34M) | Time:00:00.01 | Mem:0.00M, Peak:0.00M | Scene, ViewLayer | Synchronizing object | left_foot_toe_ivory_side_-1
Fra:1 Mem:63.36M (Peak 63.36M) | Time:00:00.01 | Mem:0.00M, Peak:0.00M | Scene, ViewLayer | Synchronizing object | upper_left_palm_inner_carrier
Fra:1 Mem:63.49M (Peak 63.49M) | Time:00:00.01 | Mem:0.00M, Peak:0.00M | Scene, ViewLayer | Synchronizing object | upper_left_ivory_palm_dorsal
Fra:1 Mem:63.52M (Peak 63.52M) | Time:00:00.01 | Mem:0.00M, Peak:0.00M | Scene, ViewLayer | Synchronizing object | upper_left_ivory_palm_reverse_cover
Fra:1 Mem:63.52M (Peak 63.52M) | Time:00:00.01 | Mem:0.00M, Peak:0.00M | Scene, ViewLayer | Synchronizing object | upper_left_palm_lower_dark_seam
Fra:1 Mem:63.55M (Peak 63.55M) | Time:00:00.01 | Mem:0.00M, Peak:0.00M | Scene, ViewLayer | Synchronizing object | upper_left_palm_lower_exposed_hinge
Fra:1 Mem:63.55M (Peak 63.55M) | Time:00:00.01 | Mem:0.00M, Peak:0.00M | Scene, ViewLayer | Synchronizing object | upper_left_finger_1_root_joint
Fra:1 Mem:63.54M (Peak 63.55M) | Time:00:00.01 | Mem:0.00M, Peak:0.00M | Scene, ViewLayer | Synchronizing object | left_foot_continuous_keel
Fra:1 Mem:63.55M (Peak 63.55M) | Time:00:00.01 | Mem:0.00M, Peak:0.00M | Scene, ViewLayer | Synchronizing object | upper_left_finger_1_ivory_first_pad
Fra:1 Mem:63.55M (Peak 63.55M) | Time:00:00.01 | Mem:0.00M, Peak:0.00M | Scene, ViewLayer | Synchronizing object | upper_left_finger_1_ivory_reverse_first_pad
Fra:1 Mem:63.55M (Peak 63.55M) | Time:00:00.01 | Mem:0.00M, Peak:0.00M | Scene, ViewLayer | Synchronizing object | left_ankle_orange_rim_1
Fra:1 Mem:63.57M (Peak 63.57M) | Time:00:00.01 | Mem:0.00M, Peak:0.00M | Scene, ViewLayer | Synchronizing object | upper_left_finger_1_interphalangeal_joint
Fra:1 Mem:63.58M (Peak 63.58M) | Time:00:00.01 | Mem:0.00M, Peak:0.00M | Scene, ViewLayer | Synchronizing object | left_ankle_joint_cover_1
Fra:1 Mem:63.58M (Peak 63.58M) | Time:00:00.01 | Mem:0.00M, Peak:0.00M | Scene, ViewLayer | Synchronizing object | upper_left_finger_1_tip_contact_pad
Fra:1 Mem:63.60M (Peak 63.60M) | Time:00:00.01 | Mem:0.00M, Peak:0.00M | Scene, ViewLayer | Synchronizing object | left_ankle_orange_rim_-1
Fra:1 Mem:63.61M (Peak 63.61M) | Time:00:00.01 | Mem:0.00M, Peak:0.00M | Scene, ViewLayer | Synchronizing object | upper_left_finger_2_root_joint
Fra:1 Mem:63.63M (Peak 63.63M) | Time:00:00.01 | Mem:0.00M, Peak:0.00M | Scene, ViewLayer | Synchronizing object | upper_left_finger_2_proximal_casting
Fra:1 Mem:63.62M (Peak 63.63M) | Time:00:00.01 | Mem:0.00M, Peak:0.00M | Scene, ViewLayer | Synchronizing object | upper_left_finger_2_ivory_first_pad
Fra:1 Mem:63.64M (Peak 63.64M) | Time:00:00.01 | Mem:0.00M, Peak:0.00M | Scene, ViewLayer | Synchronizing object | upper_left_finger_2_ivory_reverse_first_pad
Fra:1 Mem:63.64M (Peak 63.64M) | Time:00:00.01 | Mem:0.00M, Peak:0.00M | Scene, ViewLayer | Synchronizing object | upper_left_finger_2_curved_distal
Fra:1 Mem:63.64M (Peak 63.64M) | Time:00:00.01 | Mem:0.00M, Peak:0.00M | Scene, ViewLayer | Synchronizing object | upper_left_finger_2_tip_contact_pad
Fra:1 Mem:63.65M (Peak 63.65M) | Time:00:00.01 | Mem:0.00M, Peak:0.00M | Scene, ViewLayer | Synchronizing object | upper_left_finger_3_root_joint
Fra:1 Mem:63.65M (Peak 63.65M) | Time:00:00.01 | Mem:0.00M, Peak:0.00M | Scene, ViewLayer | Synchronizing object | upper_left_finger_3_proximal_casting
Fra:1 Mem:63.66M (Peak 63.66M) | Time:00:00.01 | Mem:0.00M, Peak:0.00M | Scene, ViewLayer | Synchronizing object | upper_left_finger_3_ivory_first_pad
Fra:1 Mem:63.68M (Peak 63.68M) | Time:00:00.01 | Mem:0.00M, Peak:0.00M | Scene, ViewLayer | Synchronizing object | upper_left_finger_3_ivory_reverse_first_pad
Fra:1 Mem:63.68M (Peak 63.68M) | Time:00:00.01 | Mem:0.00M, Peak:0.00M | Scene, ViewLayer | Synchronizing object | upper_left_finger_3_interphalangeal_joint
Fra:1 Mem:63.69M (Peak 63.69M) | Time:00:00.01 | Mem:0.00M, Peak:0.00M | Scene, ViewLayer | Synchronizing object | upper_left_finger_3_curved_distal
Fra:1 Mem:63.70M (Peak 63.70M) | Time:00:00.01 | Mem:0.00M, Peak:0.00M | Scene, ViewLayer | Synchronizing object | upper_left_finger_3_tip_contact_pad
Fra:1 Mem:63.70M (Peak 63.70M) | Time:00:00.01 | Mem:0.00M, Peak:0.00M | Scene, ViewLayer | Synchronizing object | upper_left_thumb_root_web
Fra:1 Mem:63.71M (Peak 63.71M) | Time:00:00.01 | Mem:0.00M, Peak:0.00M | Scene, ViewLayer | Synchronizing object | upper_left_thumb_root_pin
Fra:1 Mem:63.71M (Peak 63.71M) | Time:00:00.01 | Mem:0.00M, Peak:0.00M | Scene, ViewLayer | Synchronizing object | left_fold_orange_rim_-1
Fra:1 Mem:63.71M (Peak 63.71M) | Time:00:00.01 | Mem:0.00M, Peak:0.00M | Scene, ViewLayer | Synchronizing object | upper_left_thumb_proximal_casting
Fra:1 Mem:63.74M (Peak 63.74M) | Time:00:00.01 | Mem:0.00M, Peak:0.00M | Scene, ViewLayer | Synchronizing object | upper_left_thumb_ivory_first_pad
Fra:1 Mem:63.74M (Peak 63.74M) | Time:00:00.01 | Mem:0.00M, Peak:0.00M | Scene, ViewLayer | Synchronizing object | upper_left_thumb_middle_pin
Fra:1 Mem:63.74M (Peak 63.74M) | Time:00:00.01 | Mem:0.00M, Peak:0.00M | Scene, ViewLayer | Synchronizing object | upper_left_thumb_black_terminal
Fra:1 Mem:63.74M (Peak 63.74M) | Time:00:00.01 | Mem:0.00M, Peak:0.00M | Scene, ViewLayer | Synchronizing object | upper_left_palm_wrist_negative_y_short_neck
Fra:1 Mem:63.74M (Peak 63.74M) | Time:00:00.01 | Mem:0.00M, Peak:0.00M | Scene, ViewLayer | Synchronizing object | upper_left_palm_wrist_positive_y_short_neck
Fra:1 Mem:63.75M (Peak 63.75M) | Time:00:00.01 | Mem:0.00M, Peak:0.00M | Scene, ViewLayer | Synchronizing object | upper_right_shoulder_inner_barrel
Fra:1 Mem:63.75M (Peak 63.75M) | Time:00:00.01 | Mem:0.00M, Peak:0.00M | Scene, ViewLayer | Synchronizing object | upper_right_shoulder_barrel_band_0
Fra:1 Mem:63.79M (Peak 63.79M) | Time:00:00.01 | Mem:0.00M, Peak:0.00M | Scene, ViewLayer | Synchronizing object | upper_right_shoulder_barrel_band_1
Fra:1 Mem:63.80M (Peak 63.80M) | Time:00:00.01 | Mem:0.00M, Peak:0.00M | Scene, ViewLayer | Synchronizing object | upper_right_shoulder_negative_y_support_cheek
Fra:1 Mem:63.81M (Peak 63.81M) | Time:00:00.01 | Mem:0.00M, Peak:0.00M | Scene, ViewLayer | Synchronizing object | upper_right_shoulder_negative_y_recessed_face
Fra:1 Mem:63.83M (Peak 63.83M) | Time:00:00.01 | Mem:0.00M, Peak:0.00M | Scene, ViewLayer | Synchronizing object | left_knee_orange_rim_1
Fra:1 Mem:63.84M (Peak 63.85M) | Time:00:00.01 | Mem:0.00M, Peak:0.00M | Scene, ViewLayer | Synchronizing object | upper_right_shoulder_negative_y_central_cap
Fra:1 Mem:63.90M (Peak 63.90M) | Time:00:00.01 | Mem:0.00M, Peak:0.00M | Scene, ViewLayer | Synchronizing object | left_knee_joint_cover_1
Fra:1 Mem:63.91M (Peak 63.91M) | Time:00:00.01 | Mem:0.00M, Peak:0.00M | Scene, ViewLayer | Synchronizing object | upper_right_shoulder_positive_y_support_cheek
Fra:1 Mem:63.91M (Peak 63.91M) | Time:00:00.01 | Mem:0.00M, Peak:0.00M | Scene, ViewLayer | Synchronizing object | left_knee_orange_rim_-1
Fra:1 Mem:63.96M (Peak 63.96M) | Time:00:00.01 | Mem:0.00M, Peak:0.00M | Scene, ViewLayer | Synchronizing object | upper_right_shoulder_positive_y_thin_rim
Fra:1 Mem:63.97M (Peak 63.97M) | Time:00:00.01 | Mem:0.00M, Peak:0.00M | Scene, ViewLayer | Synchronizing object | upper_right_shoulder_positive_y_central_cap
Fra:1 Mem:63.98M (Peak 63.98M) | Time:00:00.01 | Mem:0.00M, Peak:0.00M | Scene, ViewLayer | Synchronizing object | left_knee_joint_cover_-1
Fra:1 Mem:63.99M (Peak 63.99M) | Time:00:00.01 | Mem:0.00M, Peak:0.00M | Scene, ViewLayer | Synchronizing object | upper_right_elbow_inner_barrel
Fra:1 Mem:64.01M (Peak 64.01M) | Time:00:00.01 | Mem:0.00M, Peak:0.00M | Scene, ViewLayer | Synchronizing object | left_thigh_lower_orange_panel
Fra:1 Mem:64.04M (Peak 64.04M) | Time:00:00.01 | Mem:0.00M, Peak:0.00M | Scene, ViewLayer | Synchronizing object | upper_right_elbow_barrel_band_0
Fra:1 Mem:64.05M (Peak 64.05M) | Time:00:00.01 | Mem:0.00M, Peak:0.00M | Scene, ViewLayer | Synchronizing object | left_distal_blue_armor
Fra:1 Mem:64.07M (Peak 64.07M) | Time:00:00.01 | Mem:0.00M, Peak:0.00M | Scene, ViewLayer | Synchronizing object | upper_right_elbow_barrel_band_1
Fra:1 Mem:64.08M (Peak 64.08M) | Time:00:00.01 | Mem:0.00M, Peak:0.00M | Scene, ViewLayer | Synchronizing object | upper_right_elbow_negative_y_support_cheek
Fra:1 Mem:64.09M (Peak 64.09M) | Time:00:00.01 | Mem:0.00M, Peak:0.00M | Scene, ViewLayer | Synchronizing object | upper_right_elbow_negative_y_recessed_face
Fra:1 Mem:64.15M (Peak 64.15M) | Time:00:00.01 | Mem:0.00M, Peak:0.00M | Scene, ViewLayer | Synchronizing object | left_thigh_blue_armor
Fra:1 Mem:64.16M (Peak 64.16M) | Time:00:00.01 | Mem:0.00M, Peak:0.00M | Scene, ViewLayer | Synchronizing object | upper_right_elbow_negative_y_central_cap
Fra:1 Mem:64.18M (Peak 64.18M) | Time:00:00.01 | Mem:0.00M, Peak:0.00M | Scene, ViewLayer | Synchronizing object | left_shaft_ankle
Fra:1 Mem:64.24M (Peak 64.24M) | Time:00:00.01 | Mem:0.00M, Peak:0.00M | Scene, ViewLayer | Synchronizing object | upper_right_elbow_positive_y_support_cheek
Fra:1 Mem:64.26M (Peak 64.26M) | Time:00:00.01 | Mem:0.00M, Peak:0.00M | Scene, ViewLayer | Synchronizing object | upper_right_elbow_positive_y_recessed_face
Fra:1 Mem:64.27M (Peak 64.27M) | Time:00:00.01 | Mem:0.00M, Peak:0.00M | Scene, ViewLayer | Synchronizing object | upper_right_elbow_positive_y_central_cap
Fra:1 Mem:64.36M (Peak 64.36M) | Time:00:00.01 | Mem:0.00M, Peak:0.00M | Scene, ViewLayer | Synchronizing object | upper_right_elbow_positive_y_cap_step
Fra:1 Mem:64.39M (Peak 64.39M) | Time:00:00.01 | Mem:0.00M, Peak:0.00M | Scene, ViewLayer | Synchronizing object | upper_right_elbow_forward_shallow_cover
Fra:1 Mem:64.42M (Peak 64.42M) | Time:00:00.01 | Mem:0.00M, Peak:0.00M | Scene, ViewLayer | Synchronizing object | left_heel_contact_pad
Fra:1 Mem:64.41M (Peak 64.42M) | Time:00:00.01 | Mem:0.00M, Peak:0.00M | Scene, ViewLayer | Synchronizing object | upper_right_elbow_forward_dark_center
Fra:1 Mem:64.41M (Peak 64.42M) | Time:00:00.01 | Mem:0.00M, Peak:0.00M | Scene, ViewLayer | Synchronizing object | left_toe_contact_pad
Fra:1 Mem:64.42M (Peak 64.42M) | Time:00:00.01 | Mem:0.00M, Peak:0.00M | Scene, ViewLayer | Synchronizing object | upper_right_wrist_inner_barrel
Fra:1 Mem:64.42M (Peak 64.42M) | Time:00:00.01 | Mem:0.00M, Peak:0.00M | Scene, ViewLayer | Synchronizing object | left_shaft_fold
Fra:1 Mem:64.46M (Peak 64.46M) | Time:00:00.01 | Mem:0.00M, Peak:0.00M | Scene, ViewLayer | Synchronizing object | upper_right_wrist_barrel_band_0
Fra:1 Mem:64.46M (Peak 64.46M) | Time:00:00.01 | Mem:0.00M, Peak:0.00M | Scene, ViewLayer | Synchronizing object | left_frame_distal
Fra:1 Mem:64.54M (Peak 64.54M) | Time:00:00.01 | Mem:0.00M, Peak:0.00M | Scene, ViewLayer | Synchronizing object | upper_right_wrist_barrel_band_1
Fra:1 Mem:64.58M (Peak 64.58M) | Time:00:00.01 | Mem:0.00M, Peak:0.00M | Scene, ViewLayer | Synchronizing object | upper_right_wrist_negative_y_support_cheek
Fra:1 Mem:64.63M (Peak 64.63M) | Time:00:00.01 | Mem:0.00M, Peak:0.00M | Scene, ViewLayer | Synchronizing object | left_shaft_knee
Fra:1 Mem:64.65M (Peak 64.65M) | Time:00:00.01 | Mem:0.00M, Peak:0.00M | Scene, ViewLayer | Synchronizing object | upper_right_wrist_negative_y_thin_rim
Fra:1 Mem:64.65M (Peak 64.65M) | Time:00:00.01 | Mem:0.00M, Peak:0.00M | Scene, ViewLayer | Synchronizing object | upper_right_wrist_negative_y_central_cap
Fra:1 Mem:64.69M (Peak 64.69M) | Time:00:00.01 | Mem:0.00M, Peak:0.00M | Scene, ViewLayer | Synchronizing object | left_frame_middle
Fra:1 Mem:64.77M (Peak 64.77M) | Time:00:00.01 | Mem:0.00M, Peak:0.00M | Scene, ViewLayer | Synchronizing object | upper_right_wrist_negative_y_cap_step
Fra:1 Mem:64.80M (Peak 64.80M) | Time:00:00.01 | Mem:0.00M, Peak:0.00M | Scene, ViewLayer | Synchronizing object | upper_right_wrist_positive_y_support_cheek
Fra:1 Mem:64.82M (Peak 64.82M) | Time:00:00.01 | Mem:0.00M, Peak:0.00M | Scene, ViewLayer | Synchronizing object | upper_right_wrist_positive_y_recessed_face
Fra:1 Mem:64.84M (Peak 64.84M) | Time:00:00.01 | Mem:0.00M, Peak:0.00M | Scene, ViewLayer | Synchronizing object | upper_right_wrist_positive_y_central_cap
Fra:1 Mem:64.84M (Peak 64.84M) | Time:00:00.01 | Mem:0.00M, Peak:0.00M | Scene, ViewLayer | Synchronizing object | left_frame_thigh
Fra:1 Mem:64.90M (Peak 64.90M) | Time:00:00.01 | Mem:0.00M, Peak:0.00M | Scene, ViewLayer | Synchronizing object | upper_right_palm_inner_carrier
Fra:1 Mem:64.92M (Peak 64.92M) | Time:00:00.01 | Mem:0.00M, Peak:0.00M | Scene, ViewLayer | Synchronizing object | upper_right_ivory_palm_dorsal
Fra:1 Mem:65.00M (Peak 65.00M) | Time:00:00.01 | Mem:0.00M, Peak:0.00M | Scene, ViewLayer | Synchronizing object | upper_right_ivory_palm_reverse_cover
Fra:1 Mem:65.02M (Peak 65.02M) | Time:00:00.01 | Mem:0.00M, Peak:0.00M | Scene, ViewLayer | Synchronizing object | upper_right_palm_lower_dark_seam
Fra:1 Mem:65.03M (Peak 65.03M) | Time:00:00.01 | Mem:0.00M, Peak:0.00M | Scene, ViewLayer | Synchronizing object | upper_right_palm_lower_exposed_hinge
Fra:1 Mem:65.03M (Peak 65.03M) | Time:00:00.01 | Mem:0.00M, Peak:0.00M | Scene, ViewLayer | Synchronizing object | upper_right_finger_1_root_joint
Fra:1 Mem:65.03M (Peak 65.03M) | Time:00:00.01 | Mem:0.00M, Peak:0.00M | Scene, ViewLayer | Synchronizing object | upper_proposed_hip_pitch_carrier
Fra:1 Mem:65.04M (Peak 65.04M) | Time:00:00.01 | Mem:0.00M, Peak:0.00M | Scene, ViewLayer | Synchronizing object | upper_right_finger_1_ivory_first_pad
Fra:1 Mem:65.14M (Peak 65.14M) | Time:00:00.01 | Mem:0.00M, Peak:0.00M | Scene, ViewLayer | Synchronizing object | upper_right_finger_1_ivory_reverse_first_pad
Fra:1 Mem:65.17M (Peak 65.17M) | Time:00:00.01 | Mem:0.00M, Peak:0.00M | Scene, ViewLayer | Synchronizing object | upper_right_finger_1_interphalangeal_joint
Fra:1 Mem:65.19M (Peak 65.19M) | Time:00:00.01 | Mem:0.00M, Peak:0.00M | Scene, ViewLayer | Synchronizing object | upper_right_finger_1_curved_distal
Fra:1 Mem:65.20M (Peak 65.20M) | Time:00:00.01 | Mem:0.00M, Peak:0.00M | Scene, ViewLayer | Synchronizing object | upper_right_finger_1_tip_contact_pad
Fra:1 Mem:65.18M (Peak 65.20M) | Time:00:00.01 | Mem:0.00M, Peak:0.00M | Scene, ViewLayer | Synchronizing object | upper_right_finger_2_root_joint
Fra:1 Mem:65.18M (Peak 65.20M) | Time:00:00.01 | Mem:0.00M, Peak:0.00M | Scene, ViewLayer | Synchronizing object | upper_right_finger_2_proximal_casting
Fra:1 Mem:65.19M (Peak 65.20M) | Time:00:00.01 | Mem:0.00M, Peak:0.00M | Scene, ViewLayer | Synchronizing object | upper_right_finger_2_ivory_first_pad
Fra:1 Mem:65.19M (Peak 65.20M) | Time:00:00.01 | Mem:0.00M, Peak:0.00M | Scene, ViewLayer | Synchronizing object | upper_right_finger_2_ivory_reverse_first_pad
Fra:1 Mem:65.20M (Peak 65.20M) | Time:00:00.01 | Mem:0.00M, Peak:0.00M | Scene, ViewLayer | Synchronizing object | upper_right_finger_2_interphalangeal_joint
Fra:1 Mem:65.20M (Peak 65.20M) | Time:00:00.01 | Mem:0.00M, Peak:0.00M | Scene, ViewLayer | Synchronizing object | upper_right_forearm_upper_edge_02_06
Fra:1 Mem:65.20M (Peak 65.20M) | Time:00:00.01 | Mem:0.00M, Peak:0.00M | Scene, ViewLayer | Synchronizing object | upper_right_finger_2_curved_distal
Fra:1 Mem:65.20M (Peak 65.20M) | Time:00:00.01 | Mem:0.00M, Peak:0.00M | Scene, ViewLayer | Synchronizing object | upper_right_forearm_upper_edge_02_05
Fra:1 Mem:65.20M (Peak 65.20M) | Time:00:00.01 | Mem:0.00M, Peak:0.00M | Scene, ViewLayer | Synchronizing object | upper_right_finger_2_tip_contact_pad
Fra:1 Mem:65.20M (Peak 65.20M) | Time:00:00.01 | Mem:0.00M, Peak:0.00M | Scene, ViewLayer | Synchronizing object | upper_right_forearm_upper_edge_02_04
Fra:1 Mem:65.20M (Peak 65.20M) | Time:00:00.01 | Mem:0.00M, Peak:0.00M | Scene, ViewLayer | Synchronizing object | upper_right_finger_3_root_joint
Fra:1 Mem:65.20M (Peak 65.20M) | Time:00:00.01 | Mem:0.00M, Peak:0.00M | Scene, ViewLayer | Synchronizing object | upper_right_forearm_upper_edge_02_03
Fra:1 Mem:65.21M (Peak 65.21M) | Time:00:00.01 | Mem:0.00M, Peak:0.00M | Scene, ViewLayer | Synchronizing object | upper_right_finger_3_proximal_casting
Fra:1 Mem:65.22M (Peak 65.22M) | Time:00:00.01 | Mem:0.00M, Peak:0.00M | Scene, ViewLayer | Synchronizing object | upper_right_forearm_upper_edge_02_02
Fra:1 Mem:65.22M (Peak 65.22M) | Time:00:00.01 | Mem:0.00M, Peak:0.00M | Scene, ViewLayer | Synchronizing object | upper_right_finger_3_ivory_first_pad
Fra:1 Mem:65.23M (Peak 65.23M) | Time:00:00.01 | Mem:0.00M, Peak:0.00M | Scene, ViewLayer | Synchronizing object | upper_right_finger_3_ivory_reverse_first_pad
Fra:1 Mem:65.23M (Peak 65.23M) | Time:00:00.01 | Mem:0.00M, Peak:0.00M | Scene, ViewLayer | Synchronizing object | upper_right_finger_3_interphalangeal_joint
Fra:1 Mem:65.23M (Peak 65.23M) | Time:00:00.01 | Mem:0.00M, Peak:0.00M | Scene, ViewLayer | Synchronizing object | upper_right_forearm_upper_edge_02_01
Fra:1 Mem:65.23M (Peak 65.23M) | Time:00:00.01 | Mem:0.00M, Peak:0.00M | Scene, ViewLayer | Synchronizing object | upper_right_finger_3_curved_distal
Fra:1 Mem:65.24M (Peak 65.24M) | Time:00:00.01 | Mem:0.00M, Peak:0.00M | Scene, ViewLayer | Synchronizing object | upper_right_forearm_upper_edge_02_00
Fra:1 Mem:65.24M (Peak 65.24M) | Time:00:00.01 | Mem:0.00M, Peak:0.00M | Scene, ViewLayer | Synchronizing object | upper_right_finger_3_tip_contact_pad
Fra:1 Mem:65.24M (Peak 65.24M) | Time:00:00.01 | Mem:0.00M, Peak:0.00M | Scene, ViewLayer | Synchronizing object | upper_right_thumb_root_web
Fra:1 Mem:65.24M (Peak 65.24M) | Time:00:00.01 | Mem:0.00M, Peak:0.00M | Scene, ViewLayer | Synchronizing object | upper_right_thumb_root_pin
Fra:1 Mem:65.24M (Peak 65.24M) | Time:00:00.01 | Mem:0.00M, Peak:0.00M | Scene, ViewLayer | Synchronizing object | upper_right_thumb_proximal_casting
Fra:1 Mem:65.25M (Peak 65.25M) | Time:00:00.01 | Mem:0.00M, Peak:0.00M | Scene, ViewLayer | Synchronizing object | upper_right_thumb_ivory_first_pad
Fra:1 Mem:65.25M (Peak 65.25M) | Time:00:00.01 | Mem:0.00M, Peak:0.00M | Scene, ViewLayer | Synchronizing object | upper_right_thumb_middle_pin
Fra:1 Mem:65.25M (Peak 65.25M) | Time:00:00.01 | Mem:0.00M, Peak:0.00M | Scene, ViewLayer | Synchronizing object | upper_right_thumb_black_terminal
Fra:1 Mem:65.25M (Peak 65.25M) | Time:00:00.01 | Mem:0.00M, Peak:0.00M | Scene, ViewLayer | Synchronizing object | upper_right_palm_wrist_negative_y_short_neck
Fra:1 Mem:65.26M (Peak 65.26M) | Time:00:00.01 | Mem:0.00M, Peak:0.00M | Scene, ViewLayer | Synchronizing object | upper_right_palm_wrist_positive_y_short_neck
Fra:1 Mem:65.26M (Peak 65.26M) | Time:00:00.01 | Mem:0.00M, Peak:0.00M | Scene, ViewLayer | Synchronizing object | upper_structure_spine_box
Fra:1 Mem:65.26M (Peak 65.26M) | Time:00:00.01 | Mem:0.00M, Peak:0.00M | Scene, ViewLayer | Synchronizing object | upper_left_structure_shoulder_crossmember
Fra:1 Mem:65.26M (Peak 65.26M) | Time:00:00.01 | Mem:0.00M, Peak:0.00M | Scene, ViewLayer | Synchronizing object | upper_left_structure_upper_arm_box
Fra:1 Mem:65.27M (Peak 65.27M) | Time:00:00.01 | Mem:0.00M, Peak:0.00M | Scene, ViewLayer | Synchronizing object | upper_left_structure_forearm_box
Fra:1 Mem:65.27M (Peak 65.27M) | Time:00:00.01 | Mem:0.00M, Peak:0.00M | Scene, ViewLayer | Synchronizing object | upper_right_structure_shoulder_crossmember
Fra:1 Mem:65.28M (Peak 65.28M) | Time:00:00.01 | Mem:0.00M, Peak:0.00M | Scene, ViewLayer | Synchronizing object | upper_right_structure_upper_arm_box
Fra:1 Mem:65.29M (Peak 65.29M) | Time:00:00.01 | Mem:0.00M, Peak:0.00M | Scene, ViewLayer | Synchronizing object | upper_right_structure_forearm_box
Fra:1 Mem:65.29M (Peak 65.29M) | Time:00:00.01 | Mem:0.00M, Peak:0.00M | Scene, ViewLayer | Synchronizing object | upper_left_forearm_upper_edge_00_00
Fra:1 Mem:65.29M (Peak 65.29M) | Time:00:00.01 | Mem:0.00M, Peak:0.00M | Scene, ViewLayer | Synchronizing object | upper_right_forearm_upper_edge_01_07
Fra:1 Mem:65.29M (Peak 65.29M) | Time:00:00.01 | Mem:0.00M, Peak:0.00M | Scene, ViewLayer | Synchronizing object | upper_left_forearm_upper_edge_00_01
Fra:1 Mem:65.29M (Peak 65.29M) | Time:00:00.01 | Mem:0.00M, Peak:0.00M | Scene, ViewLayer | Synchronizing object | upper_left_forearm_upper_edge_00_02
Fra:1 Mem:65.29M (Peak 65.29M) | Time:00:00.01 | Mem:0.00M, Peak:0.00M | Scene, ViewLayer | Synchronizing object | upper_left_forearm_upper_edge_00_03
Fra:1 Mem:65.29M (Peak 65.29M) | Time:00:00.01 | Mem:0.00M, Peak:0.00M | Scene, ViewLayer | Synchronizing object | upper_left_forearm_upper_edge_00_04
Fra:1 Mem:65.30M (Peak 65.30M) | Time:00:00.01 | Mem:0.00M, Peak:0.00M | Scene, ViewLayer | Synchronizing object | upper_left_forearm_upper_edge_00_05
Fra:1 Mem:65.30M (Peak 65.30M) | Time:00:00.01 | Mem:0.00M, Peak:0.00M | Scene, ViewLayer | Synchronizing object | upper_left_forearm_upper_edge_00_06
Fra:1 Mem:65.30M (Peak 65.30M) | Time:00:00.01 | Mem:0.00M, Peak:0.00M | Scene, ViewLayer | Synchronizing object | upper_left_forearm_upper_edge_00_07
Fra:1 Mem:65.30M (Peak 65.30M) | Time:00:00.01 | Mem:0.00M, Peak:0.00M | Scene, ViewLayer | Synchronizing object | upper_left_forearm_upper_edge_01_00
Fra:1 Mem:65.30M (Peak 65.30M) | Time:00:00.01 | Mem:0.00M, Peak:0.00M | Scene, ViewLayer | Synchronizing object | upper_left_forearm_upper_edge_01_01
Fra:1 Mem:65.30M (Peak 65.30M) | Time:00:00.01 | Mem:0.00M, Peak:0.00M | Scene, ViewLayer | Synchronizing object | upper_left_forearm_upper_edge_01_02
Fra:1 Mem:65.30M (Peak 65.30M) | Time:00:00.01 | Mem:0.00M, Peak:0.00M | Scene, ViewLayer | Synchronizing object | upper_left_forearm_upper_edge_01_03
Fra:1 Mem:65.31M (Peak 65.31M) | Time:00:00.01 | Mem:0.00M, Peak:0.00M | Scene, ViewLayer | Synchronizing object | upper_left_forearm_upper_edge_01_04
Fra:1 Mem:65.31M (Peak 65.31M) | Time:00:00.01 | Mem:0.00M, Peak:0.00M | Scene, ViewLayer | Synchronizing object | upper_left_forearm_upper_edge_01_05
Fra:1 Mem:65.31M (Peak 65.31M) | Time:00:00.01 | Mem:0.00M, Peak:0.00M | Scene, ViewLayer | Synchronizing object | upper_right_forearm_upper_edge_01_06
Fra:1 Mem:65.31M (Peak 65.31M) | Time:00:00.01 | Mem:0.00M, Peak:0.00M | Scene, ViewLayer | Synchronizing object | upper_left_forearm_upper_edge_01_06
Fra:1 Mem:65.31M (Peak 65.31M) | Time:00:00.01 | Mem:0.00M, Peak:0.00M | Scene, ViewLayer | Synchronizing object | upper_left_forearm_upper_edge_01_07
Fra:1 Mem:65.31M (Peak 65.31M) | Time:00:00.01 | Mem:0.00M, Peak:0.00M | Scene, ViewLayer | Synchronizing object | upper_left_forearm_upper_edge_02_00
Fra:1 Mem:65.31M (Peak 65.31M) | Time:00:00.01 | Mem:0.00M, Peak:0.00M | Scene, ViewLayer | Synchronizing object | upper_left_forearm_upper_edge_02_01
Fra:1 Mem:65.31M (Peak 65.31M) | Time:00:00.01 | Mem:0.00M, Peak:0.00M | Scene, ViewLayer | Synchronizing object | upper_left_forearm_upper_edge_02_02
Fra:1 Mem:65.31M (Peak 65.31M) | Time:00:00.01 | Mem:0.00M, Peak:0.00M | Scene, ViewLayer | Synchronizing object | upper_left_forearm_upper_edge_02_03
Fra:1 Mem:65.32M (Peak 65.32M) | Time:00:00.01 | Mem:0.00M, Peak:0.00M | Scene, ViewLayer | Synchronizing object | upper_left_forearm_upper_edge_02_04
Fra:1 Mem:65.32M (Peak 65.32M) | Time:00:00.01 | Mem:0.00M, Peak:0.00M | Scene, ViewLayer | Synchronizing object | upper_left_forearm_upper_edge_02_05
Fra:1 Mem:65.32M (Peak 65.32M) | Time:00:00.01 | Mem:0.00M, Peak:0.00M | Scene, ViewLayer | Synchronizing object | upper_left_forearm_upper_edge_02_06
Fra:1 Mem:65.32M (Peak 65.32M) | Time:00:00.01 | Mem:0.00M, Peak:0.00M | Scene, ViewLayer | Synchronizing object | upper_right_forearm_upper_edge_00_00
Fra:1 Mem:65.32M (Peak 65.32M) | Time:00:00.01 | Mem:0.00M, Peak:0.00M | Scene, ViewLayer | Synchronizing object | upper_right_forearm_upper_edge_00_01
Fra:1 Mem:65.32M (Peak 65.32M) | Time:00:00.01 | Mem:0.00M, Peak:0.00M | Scene, ViewLayer | Synchronizing object | upper_right_forearm_upper_edge_00_02
Fra:1 Mem:65.32M (Peak 65.32M) | Time:00:00.01 | Mem:0.00M, Peak:0.00M | Scene, ViewLayer | Synchronizing object | upper_right_forearm_upper_edge_00_03
Fra:1 Mem:65.32M (Peak 65.32M) | Time:00:00.01 | Mem:0.00M, Peak:0.00M | Scene, ViewLayer | Synchronizing object | upper_right_forearm_upper_edge_00_04
Fra:1 Mem:65.33M (Peak 65.33M) | Time:00:00.01 | Mem:0.00M, Peak:0.00M | Scene, ViewLayer | Synchronizing object | upper_right_forearm_upper_edge_00_05
Fra:1 Mem:65.33M (Peak 65.33M) | Time:00:00.01 | Mem:0.00M, Peak:0.00M | Scene, ViewLayer | Synchronizing object | upper_right_forearm_upper_edge_00_06
Fra:1 Mem:65.33M (Peak 65.33M) | Time:00:00.01 | Mem:0.00M, Peak:0.00M | Scene, ViewLayer | Synchronizing object | upper_right_forearm_upper_edge_01_00
Fra:1 Mem:65.33M (Peak 65.33M) | Time:00:00.01 | Mem:0.00M, Peak:0.00M | Scene, ViewLayer | Synchronizing object | upper_right_forearm_upper_edge_01_01
Fra:1 Mem:65.33M (Peak 65.33M) | Time:00:00.01 | Mem:0.00M, Peak:0.00M | Scene, ViewLayer | Synchronizing object | upper_right_forearm_upper_edge_01_02
Fra:1 Mem:65.33M (Peak 65.33M) | Time:00:00.01 | Mem:0.00M, Peak:0.00M | Scene, ViewLayer | Synchronizing object | upper_right_forearm_upper_edge_01_03
Fra:1 Mem:65.33M (Peak 65.33M) | Time:00:00.01 | Mem:0.00M, Peak:0.00M | Scene, ViewLayer | Synchronizing object | upper_right_forearm_upper_edge_01_04
Fra:1 Mem:65.33M (Peak 65.33M) | Time:00:00.01 | Mem:0.00M, Peak:0.00M | Scene, ViewLayer | Synchronizing object | upper_right_forearm_upper_edge_01_05
Fra:1 Mem:65.34M (Peak 65.34M) | Time:00:00.01 | Mem:0.00M, Peak:0.00M | Scene, ViewLayer | Initializing
Fra:1 Mem:51.10M (Peak 65.34M) | Time:00:00.01 | Mem:0.00M, Peak:0.00M | Scene, ViewLayer | Waiting for render to start
Fra:1 Mem:51.10M (Peak 65.34M) | Time:00:00.01 | Mem:0.00M, Peak:0.00M | Scene, ViewLayer | Loading render kernels (may take a few minutes the first time)
Fra:1 Mem:51.10M (Peak 65.34M) | Time:00:00.01 | Mem:0.00M, Peak:0.00M | Scene, ViewLayer | Updating Scene
Fra:1 Mem:51.10M (Peak 65.34M) | Time:00:00.01 | Mem:0.00M, Peak:0.00M | Scene, ViewLayer | Updating Shaders
Fra:1 Mem:51.20M (Peak 65.34M) | Time:00:00.01 | Mem:0.01M, Peak:0.01M | Scene, ViewLayer | Updating Procedurals
Fra:1 Mem:51.20M (Peak 65.34M) | Time:00:00.01 | Mem:0.01M, Peak:0.01M | Scene, ViewLayer | Updating Background
Fra:1 Mem:51.20M (Peak 65.34M) | Time:00:00.01 | Mem:0.01M, Peak:0.01M | Scene, ViewLayer | Updating Camera
Fra:1 Mem:51.20M (Peak 65.34M) | Time:00:00.01 | Mem:0.01M, Peak:0.01M | Scene, ViewLayer | Updating Meshes Flags
Fra:1 Mem:51.20M (Peak 65.34M) | Time:00:00.01 | Mem:0.01M, Peak:0.01M | Scene, ViewLayer | Updating Objects
Fra:1 Mem:51.20M (Peak 65.34M) | Time:00:00.01 | Mem:0.01M, Peak:0.01M | Scene, ViewLayer | Updating Objects | Copying Transformations to device
Fra:1 Mem:51.30M (Peak 65.34M) | Time:00:00.01 | Mem:0.11M, Peak:0.11M | Scene, ViewLayer | Updating Objects | Applying Static Transformations
Fra:1 Mem:51.30M (Peak 65.34M) | Time:00:00.01 | Mem:0.11M, Peak:0.11M | Scene, ViewLayer | Updating Particle Systems
Fra:1 Mem:51.30M (Peak 65.34M) | Time:00:00.01 | Mem:0.11M, Peak:0.11M | Scene, ViewLayer | Updating Particle Systems | Copying Particles to device
Fra:1 Mem:51.30M (Peak 65.34M) | Time:00:00.01 | Mem:0.11M, Peak:0.11M | Scene, ViewLayer | Updating Meshes
Fra:1 Mem:54.24M (Peak 65.34M) | Time:00:00.01 | Mem:0.11M, Peak:0.11M | Scene, ViewLayer | Updating Mesh | Computing attributes
Fra:1 Mem:55.44M (Peak 65.34M) | Time:00:00.01 | Mem:0.13M, Peak:0.13M | Scene, ViewLayer | Updating Mesh | Copying Attributes to device
Fra:1 Mem:55.38M (Peak 65.34M) | Time:00:00.02 | Mem:1.25M, Peak:1.25M | Scene, ViewLayer | Updating Scene BVH | Building
Fra:1 Mem:55.38M (Peak 65.34M) | Time:00:00.02 | Mem:1.25M, Peak:1.25M | Scene, ViewLayer | Updating Scene BVH | Building BVH
Fra:1 Mem:66.41M (Peak 66.41M) | Time:00:00.06 | Mem:1.25M, Peak:1.25M | Scene, ViewLayer | Updating Scene BVH | Packing BVH triangles and strands
Fra:1 Mem:67.15M (Peak 67.15M) | Time:00:00.06 | Mem:1.25M, Peak:1.25M | Scene, ViewLayer | Updating Scene BVH | Packing BVH nodes
Fra:1 Mem:67.16M (Peak 69.51M) | Time:00:00.06 | Mem:1.25M, Peak:1.25M | Scene, ViewLayer | Updating Scene BVH | Copying BVH to device
Fra:1 Mem:67.16M (Peak 69.51M) | Time:00:00.06 | Mem:7.14M, Peak:7.14M | Scene, ViewLayer | Updating Mesh | Computing normals
Fra:1 Mem:73.81M (Peak 73.81M) | Time:00:00.06 | Mem:7.14M, Peak:7.14M | Scene, ViewLayer | Updating Mesh | Copying Mesh to device
Fra:1 Mem:73.81M (Peak 73.81M) | Time:00:00.06 | Mem:13.78M, Peak:13.78M | Scene, ViewLayer | Updating Objects Flags
Fra:1 Mem:73.81M (Peak 73.81M) | Time:00:00.06 | Mem:13.79M, Peak:13.79M | Scene, ViewLayer | Updating Primitive Offsets
Fra:1 Mem:73.81M (Peak 73.81M) | Time:00:00.06 | Mem:13.79M, Peak:13.79M | Scene, ViewLayer | Updating Images
Fra:1 Mem:73.81M (Peak 73.81M) | Time:00:00.06 | Mem:13.79M, Peak:13.79M | Scene, ViewLayer | Updating Camera Volume
Fra:1 Mem:73.81M (Peak 73.81M) | Time:00:00.06 | Mem:13.79M, Peak:13.79M | Scene, ViewLayer | Updating Lookup Tables
Fra:1 Mem:73.81M (Peak 73.81M) | Time:00:00.06 | Mem:13.87M, Peak:13.87M | Scene, ViewLayer | Updating Lights
Fra:1 Mem:73.81M (Peak 73.81M) | Time:00:00.06 | Mem:13.87M, Peak:13.87M | Scene, ViewLayer | Updating Lights | Computing distribution
Fra:1 Mem:73.81M (Peak 73.81M) | Time:00:00.06 | Mem:13.87M, Peak:13.87M | Scene, ViewLayer | Updating Lights | Computing tree
Fra:1 Mem:73.81M (Peak 73.81M) | Time:00:00.06 | Mem:13.87M, Peak:13.87M | Scene, ViewLayer | Updating Integrator
Fra:1 Mem:74.81M (Peak 74.81M) | Time:00:00.06 | Mem:14.87M, Peak:14.87M | Scene, ViewLayer | Updating Film
Fra:1 Mem:74.81M (Peak 74.81M) | Time:00:00.06 | Mem:14.79M, Peak:14.87M | Scene, ViewLayer | Updating Lookup Tables
Fra:1 Mem:74.81M (Peak 74.81M) | Time:00:00.06 | Mem:14.88M, Peak:14.88M | Scene, ViewLayer | Updating Baking
Fra:1 Mem:74.81M (Peak 74.81M) | Time:00:00.06 | Mem:14.88M, Peak:14.88M | Scene, ViewLayer | Updating Device | Writing constant memory
Fra:1 Mem:74.82M (Peak 74.82M) | Time:00:00.06 | Mem:14.88M, Peak:14.88M | Scene, ViewLayer | Sample 0/40
Fra:1 Mem:108.82M (Peak 108.82M) | Time:00:00.44 | Remaining:00:14.55 | Mem:48.87M, Peak:48.87M | Scene, ViewLayer | Sample 1/40
Fra:1 Mem:123.93M (Peak 154.15M) | Time:00:12.56 | Mem:48.87M, Peak:48.87M | Scene, ViewLayer | Sample 40/40
Fra:1 Mem:123.93M (Peak 154.15M) | Time:00:12.56 | Mem:48.87M, Peak:48.87M | Scene, ViewLayer | Finished
Saved: '/home/ethan/Projects/Sai_Art/docs/uri_style/gorilla_v0_1/leg_design_r2/images/left.png'
Time: 00:12.63 (Saving: 00:00.06)

Fra:1 Mem:57.69M (Peak 57.69M) | Time:00:00.00 | Mem:0.00M, Peak:0.00M | Scene, ViewLayer | Synchronizing object | render_floor_not_a_robot_part
Fra:1 Mem:57.70M (Peak 57.70M) | Time:00:00.00 | Mem:0.00M, Peak:0.00M | Scene, ViewLayer | Synchronizing object | upper_crown_top_panel_line_01
Fra:1 Mem:57.70M (Peak 57.70M) | Time:00:00.00 | Mem:0.00M, Peak:0.00M | Scene, ViewLayer | Synchronizing object | upper_crown_top_panel_line_02
Fra:1 Mem:57.70M (Peak 57.70M) | Time:00:00.00 | Mem:0.00M, Peak:0.00M | Scene, ViewLayer | Synchronizing object | upper_crown_fastener_0
Fra:1 Mem:57.70M (Peak 57.70M) | Time:00:00.00 | Mem:0.00M, Peak:0.00M | Scene, ViewLayer | Synchronizing object | upper_crown_fastener_1
Fra:1 Mem:57.72M (Peak 57.72M) | Time:00:00.00 | Mem:0.00M, Peak:0.00M | Scene, ViewLayer | Synchronizing object | upper_crown_fastener_3
Fra:1 Mem:57.80M (Peak 57.80M) | Time:00:00.00 | Mem:0.00M, Peak:0.00M | Scene, ViewLayer | Synchronizing object | upper_central_indicator_recess
Fra:1 Mem:57.81M (Peak 57.81M) | Time:00:00.00 | Mem:0.00M, Peak:0.00M | Scene, ViewLayer | Synchronizing object | upper_central_indicator_gold_frame
Fra:1 Mem:57.82M (Peak 57.82M) | Time:00:00.00 | Mem:0.00M, Peak:0.00M | Scene, ViewLayer | Synchronizing object | upper_central_indicator_lit_strip
Fra:1 Mem:57.84M (Peak 57.84M) | Time:00:00.00 | Mem:0.00M, Peak:0.00M | Scene, ViewLayer | Synchronizing object | upper_rear_crown_panel_seam_00
Fra:1 Mem:57.85M (Peak 57.85M) | Time:00:00.00 | Mem:0.00M, Peak:0.00M | Scene, ViewLayer | Synchronizing object | upper_rear_crown_panel_seam_01
Fra:1 Mem:57.85M (Peak 57.85M) | Time:00:00.00 | Mem:0.00M, Peak:0.00M | Scene, ViewLayer | Synchronizing object | upper_dark_central_waist_coupler
Fra:1 Mem:57.85M (Peak 57.85M) | Time:00:00.00 | Mem:0.00M, Peak:0.00M | Scene, ViewLayer | Synchronizing object | upper_dark_pelvis_inner_layer
Fra:1 Mem:57.85M (Peak 57.85M) | Time:00:00.00 | Mem:0.00M, Peak:0.00M | Scene, ViewLayer | Synchronizing object | upper_pelvis_front_black_latch
Fra:1 Mem:57.86M (Peak 57.86M) | Time:00:00.00 | Mem:0.00M, Peak:0.00M | Scene, ViewLayer | Synchronizing object | upper_left_deltoid_gold_marker
Fra:1 Mem:57.87M (Peak 57.87M) | Time:00:00.00 | Mem:0.00M, Peak:0.00M | Scene, ViewLayer | Synchronizing object | upper_left_upper_arm_gold_marker
Fra:1 Mem:57.88M (Peak 57.88M) | Time:00:00.00 | Mem:0.00M, Peak:0.00M | Scene, ViewLayer | Synchronizing object | upper_left_forearm_gold_marker
Fra:1 Mem:57.87M (Peak 57.88M) | Time:00:00.00 | Mem:0.00M, Peak:0.00M | Scene, ViewLayer | Synchronizing object | upper_right_upper_arm_gold_marker
Fra:1 Mem:57.87M (Peak 57.88M) | Time:00:00.00 | Mem:0.00M, Peak:0.00M | Scene, ViewLayer | Synchronizing object | upper_right_forearm_gold_marker
Fra:1 Mem:57.88M (Peak 57.88M) | Time:00:00.00 | Mem:0.00M, Peak:0.00M | Scene, ViewLayer | Synchronizing object | upper_continuous_ivory_torso_armor_cover
Fra:1 Mem:57.88M (Peak 57.88M) | Time:00:00.00 | Mem:0.00M, Peak:0.00M | Scene, ViewLayer | Synchronizing object | upper_left_blue_rear_shoulder_edge_cover
Fra:1 Mem:57.99M (Peak 57.99M) | Time:00:00.00 | Mem:0.00M, Peak:0.00M | Scene, ViewLayer | Synchronizing object | upper_right_blue_rear_shoulder_edge_cover
Fra:1 Mem:58.02M (Peak 58.02M) | Time:00:00.00 | Mem:0.00M, Peak:0.00M | Scene, ViewLayer | Synchronizing object | upper_left_ivory_hood_window_side_lip
Fra:1 Mem:58.06M (Peak 58.06M) | Time:00:00.00 | Mem:0.00M, Peak:0.00M | Scene, ViewLayer | Synchronizing object | upper_right_ivory_hood_window_side_lip
Fra:1 Mem:58.07M (Peak 58.07M) | Time:00:00.00 | Mem:0.00M, Peak:0.00M | Scene, ViewLayer | Synchronizing object | upper_rear_service_door_shadow
Fra:1 Mem:58.08M (Peak 58.08M) | Time:00:00.00 | Mem:0.00M, Peak:0.00M | Scene, ViewLayer | Synchronizing object | upper_rear_blue_service_door
Fra:1 Mem:58.08M (Peak 58.08M) | Time:00:00.00 | Mem:0.00M, Peak:0.00M | Scene, ViewLayer | Synchronizing object | upper_rear_control_screen_module_envelope
Fra:1 Mem:58.08M (Peak 58.08M) | Time:00:00.00 | Mem:0.00M, Peak:0.00M | Scene, ViewLayer | Synchronizing object | upper_rear_control_screen_header
Fra:1 Mem:58.10M (Peak 58.10M) | Time:00:00.00 | Mem:0.00M, Peak:0.00M | Scene, ViewLayer | Synchronizing object | upper_rear_control_screen_touch_zone_status
Fra:1 Mem:58.12M (Peak 58.12M) | Time:00:00.00 | Mem:0.00M, Peak:0.00M | Scene, ViewLayer | Synchronizing object | upper_rear_control_screen_label_status
Fra:1 Mem:58.15M (Peak 58.15M) | Time:00:00.00 | Mem:0.00M, Peak:0.00M | Scene, ViewLayer | Synchronizing object | upper_rear_control_screen_zone_indicator_status
Fra:1 Mem:58.16M (Peak 58.16M) | Time:00:00.00 | Mem:0.00M, Peak:0.00M | Scene, ViewLayer | Synchronizing object | upper_rear_control_screen_touch_zone_task
Fra:1 Mem:58.17M (Peak 58.17M) | Time:00:00.00 | Mem:0.00M, Peak:0.00M | Scene, ViewLayer | Synchronizing object | upper_rear_control_screen_label_task
Fra:1 Mem:58.17M (Peak 58.17M) | Time:00:00.00 | Mem:0.00M, Peak:0.00M | Scene, ViewLayer | Synchronizing object | upper_rear_control_screen_touch_zone_local
Fra:1 Mem:58.19M (Peak 58.19M) | Time:00:00.00 | Mem:0.00M, Peak:0.00M | Scene, ViewLayer | Synchronizing object | upper_rear_control_screen_label_local
Fra:1 Mem:58.19M (Peak 58.19M) | Time:00:00.00 | Mem:0.00M, Peak:0.00M | Scene, ViewLayer | Synchronizing object | upper_rear_service_latch
Fra:1 Mem:58.23M (Peak 58.23M) | Time:00:00.00 | Mem:0.00M, Peak:0.00M | Scene, ViewLayer | Synchronizing object | upper_rear_door_upper_tab
Fra:1 Mem:58.23M (Peak 58.23M) | Time:00:00.00 | Mem:0.00M, Peak:0.00M | Scene, ViewLayer | Synchronizing object | upper_rear_door_screw_1
Fra:1 Mem:58.29M (Peak 58.29M) | Time:00:00.00 | Mem:0.00M, Peak:0.00M | Scene, ViewLayer | Synchronizing object | upper_rear_door_screw_2
Fra:1 Mem:58.32M (Peak 58.32M) | Time:00:00.00 | Mem:0.00M, Peak:0.00M | Scene, ViewLayer | Synchronizing object | upper_rear_door_screw_3
Fra:1 Mem:58.34M (Peak 58.34M) | Time:00:00.00 | Mem:0.00M, Peak:0.00M | Scene, ViewLayer | Synchronizing object | upper_saffron_front_pelvis_cartridge
Fra:1 Mem:58.41M (Peak 58.41M) | Time:00:00.00 | Mem:0.00M, Peak:0.00M | Scene, ViewLayer | Synchronizing object | upper_ivory_rear_pelvis_cartridge
Fra:1 Mem:58.46M (Peak 58.46M) | Time:00:00.00 | Mem:0.00M, Peak:0.00M | Scene, ViewLayer | Synchronizing object | upper_left_rear_yellow_pelvis_band
Fra:1 Mem:58.49M (Peak 58.49M) | Time:00:00.00 | Mem:0.00M, Peak:0.00M | Scene, ViewLayer | Synchronizing object | upper_right_rear_yellow_pelvis_band
Fra:1 Mem:58.54M (Peak 58.54M) | Time:00:00.00 | Mem:0.00M, Peak:0.00M | Scene, ViewLayer | Synchronizing object | upper_ivory_rear_short_waist_connector
Fra:1 Mem:58.58M (Peak 58.58M) | Time:00:00.00 | Mem:0.00M, Peak:0.00M | Scene, ViewLayer | Synchronizing object | upper_left_blue_continuous_shoulder_sweep
Fra:1 Mem:58.61M (Peak 58.61M) | Time:00:00.00 | Mem:0.00M, Peak:0.00M | Scene, ViewLayer | Synchronizing object | upper_left_blue_shoulder_upper_return
Fra:1 Mem:58.66M (Peak 58.66M) | Time:00:00.00 | Mem:0.00M, Peak:0.00M | Scene, ViewLayer | Synchronizing object | upper_left_blue_rear_shoulder_guard
Fra:1 Mem:58.83M (Peak 58.83M) | Time:00:00.00 | Mem:0.00M, Peak:0.00M | Scene, ViewLayer | Synchronizing object | upper_left_blue_shoulder_diagonal_front_wing
Fra:1 Mem:58.97M (Peak 58.97M) | Time:00:00.00 | Mem:0.00M, Peak:0.00M | Scene, ViewLayer | Synchronizing object | upper_left_blue_chest_cheek_wrap
Fra:1 Mem:59.02M (Peak 59.02M) | Time:00:00.00 | Mem:0.00M, Peak:0.00M | Scene, ViewLayer | Synchronizing object | upper_left_blue_chest_cheek_side_return
Fra:1 Mem:59.11M (Peak 59.11M) | Time:00:00.00 | Mem:0.00M, Peak:0.00M | Scene, ViewLayer | Synchronizing object | upper_left_radiator_ivory_socket
Fra:1 Mem:59.14M (Peak 59.14M) | Time:00:00.00 | Mem:0.00M, Peak:0.00M | Scene, ViewLayer | Synchronizing object | upper_left_radiator_gold_trim
Fra:1 Mem:59.19M (Peak 59.19M) | Time:00:00.00 | Mem:0.00M, Peak:0.00M | Scene, ViewLayer | Synchronizing object | upper_left_radiator_black_well
Fra:1 Mem:59.19M (Peak 59.19M) | Time:00:00.00 | Mem:0.00M, Peak:0.00M | Scene, ViewLayer | Synchronizing object | upper_left_radiator_turning_plenum
Fra:1 Mem:59.19M (Peak 59.19M) | Time:00:00.00 | Mem:0.00M, Peak:0.00M | Scene, ViewLayer | Synchronizing object | upper_left_radiator_louver_00
Fra:1 Mem:59.20M (Peak 59.20M) | Time:00:00.00 | Mem:0.00M, Peak:0.00M | Scene, ViewLayer | Synchronizing object | upper_left_radiator_louver_01
Fra:1 Mem:59.20M (Peak 59.20M) | Time:00:00.00 | Mem:0.00M, Peak:0.00M | Scene, ViewLayer | Synchronizing object | upper_left_radiator_louver_02
Fra:1 Mem:59.21M (Peak 59.21M) | Time:00:00.00 | Mem:0.00M, Peak:0.00M | Scene, ViewLayer | Synchronizing object | upper_left_radiator_louver_03
Fra:1 Mem:59.22M (Peak 59.22M) | Time:00:00.00 | Mem:0.00M, Peak:0.00M | Scene, ViewLayer | Synchronizing object | upper_left_radiator_louver_04
Fra:1 Mem:59.23M (Peak 59.23M) | Time:00:00.00 | Mem:0.00M, Peak:0.00M | Scene, ViewLayer | Synchronizing object | upper_left_radiator_louver_05
Fra:1 Mem:59.24M (Peak 59.24M) | Time:00:00.00 | Mem:0.00M, Peak:0.00M | Scene, ViewLayer | Synchronizing object | upper_left_radiator_louver_06
Fra:1 Mem:59.24M (Peak 59.24M) | Time:00:00.00 | Mem:0.00M, Peak:0.00M | Scene, ViewLayer | Synchronizing object | upper_left_radiator_louver_07
Fra:1 Mem:59.25M (Peak 59.25M) | Time:00:00.00 | Mem:0.00M, Peak:0.00M | Scene, ViewLayer | Synchronizing object | upper_left_radiator_louver_08
Fra:1 Mem:59.26M (Peak 59.26M) | Time:00:00.00 | Mem:0.00M, Peak:0.00M | Scene, ViewLayer | Synchronizing object | upper_left_radiator_louver_09
Fra:1 Mem:59.34M (Peak 59.34M) | Time:00:00.00 | Mem:0.00M, Peak:0.00M | Scene, ViewLayer | Synchronizing object | upper_left_radiator_louver_10
Fra:1 Mem:59.34M (Peak 59.34M) | Time:00:00.00 | Mem:0.00M, Peak:0.00M | Scene, ViewLayer | Synchronizing object | upper_left_vent_fastener_0
Fra:1 Mem:59.36M (Peak 59.36M) | Time:00:00.00 | Mem:0.00M, Peak:0.00M | Scene, ViewLayer | Synchronizing object | upper_left_vent_fastener_1
Fra:1 Mem:59.39M (Peak 59.39M) | Time:00:00.00 | Mem:0.00M, Peak:0.00M | Scene, ViewLayer | Synchronizing object | upper_left_vent_fastener_2
Fra:1 Mem:59.41M (Peak 59.41M) | Time:00:00.00 | Mem:0.00M, Peak:0.00M | Scene, ViewLayer | Synchronizing object | upper_left_vent_fastener_3
Fra:1 Mem:59.37M (Peak 59.41M) | Time:00:00.00 | Mem:0.00M, Peak:0.00M | Scene, ViewLayer | Synchronizing object | upper_left_dark_torso_side_housing
Fra:1 Mem:59.37M (Peak 59.41M) | Time:00:00.00 | Mem:0.00M, Peak:0.00M | Scene, ViewLayer | Synchronizing object | upper_left_torso_side_layer_lip_00
Fra:1 Mem:59.41M (Peak 59.41M) | Time:00:00.00 | Mem:0.00M, Peak:0.00M | Scene, ViewLayer | Synchronizing object | upper_left_torso_side_layer_01
Fra:1 Mem:59.43M (Peak 59.43M) | Time:00:00.00 | Mem:0.00M, Peak:0.00M | Scene, ViewLayer | Synchronizing object | upper_left_torso_side_layer_lip_01
Fra:1 Mem:59.45M (Peak 59.45M) | Time:00:00.00 | Mem:0.00M, Peak:0.00M | Scene, ViewLayer | Synchronizing object | upper_left_torso_side_layer_02
Fra:1 Mem:59.46M (Peak 59.46M) | Time:00:00.00 | Mem:0.00M, Peak:0.00M | Scene, ViewLayer | Synchronizing object | upper_left_torso_side_layer_lip_02
Fra:1 Mem:59.48M (Peak 59.48M) | Time:00:00.00 | Mem:0.00M, Peak:0.00M | Scene, ViewLayer | Synchronizing object | upper_left_torso_side_layer_lip_03
Fra:1 Mem:59.50M (Peak 59.50M) | Time:00:00.00 | Mem:0.00M, Peak:0.00M | Scene, ViewLayer | Synchronizing object | upper_left_blue_forearm_wrap
Fra:1 Mem:59.54M (Peak 59.54M) | Time:00:00.00 | Mem:0.00M, Peak:0.00M | Scene, ViewLayer | Synchronizing object | upper_left_blue_deltoid_wrap
Fra:1 Mem:59.58M (Peak 59.58M) | Time:00:00.00 | Mem:0.00M, Peak:0.00M | Scene, ViewLayer | Synchronizing object | upper_left_ivory_shoulder_cap
Fra:1 Mem:59.94M (Peak 59.94M) | Time:00:00.00 | Mem:0.00M, Peak:0.00M | Scene, ViewLayer | Synchronizing object | upper_left_shoulder_open_bearing_seat
Fra:1 Mem:59.94M (Peak 59.94M) | Time:00:00.00 | Mem:0.00M, Peak:0.00M | Scene, ViewLayer | Synchronizing object | upper_left_ivory_lower_upper_arm
Fra:1 Mem:59.97M (Peak 59.98M) | Time:00:00.00 | Mem:0.00M, Peak:0.00M | Scene, ViewLayer | Synchronizing object | upper_left_blue_elbow_yoke
Fra:1 Mem:60.00M (Peak 60.00M) | Time:00:00.00 | Mem:0.00M, Peak:0.00M | Scene, ViewLayer | Synchronizing object | upper_right_blue_continuous_shoulder_sweep
Fra:1 Mem:60.11M (Peak 60.11M) | Time:00:00.00 | Mem:0.00M, Peak:0.00M | Scene, ViewLayer | Synchronizing object | upper_right_blue_shoulder_upper_return
Fra:1 Mem:60.16M (Peak 60.16M) | Time:00:00.00 | Mem:0.00M, Peak:0.00M | Scene, ViewLayer | Synchronizing object | upper_right_blue_rear_shoulder_guard
Fra:1 Mem:60.16M (Peak 60.16M) | Time:00:00.00 | Mem:0.00M, Peak:0.00M | Scene, ViewLayer | Synchronizing object | upper_right_blue_shoulder_diagonal_front_wing
Fra:1 Mem:60.49M (Peak 60.49M) | Time:00:00.00 | Mem:0.00M, Peak:0.00M | Scene, ViewLayer | Synchronizing object | upper_right_blue_chest_cheek_wrap
Fra:1 Mem:60.61M (Peak 60.61M) | Time:00:00.00 | Mem:0.00M, Peak:0.00M | Scene, ViewLayer | Synchronizing object | upper_right_blue_chest_cheek_side_return
Fra:1 Mem:60.62M (Peak 60.62M) | Time:00:00.00 | Mem:0.00M, Peak:0.00M | Scene, ViewLayer | Synchronizing object | upper_right_radiator_ivory_socket
Fra:1 Mem:60.57M (Peak 60.62M) | Time:00:00.00 | Mem:0.00M, Peak:0.00M | Scene, ViewLayer | Synchronizing object | upper_right_radiator_gold_trim
Fra:1 Mem:60.69M (Peak 60.69M) | Time:00:00.00 | Mem:0.00M, Peak:0.00M | Scene, ViewLayer | Synchronizing object | upper_right_radiator_black_well
Fra:1 Mem:60.69M (Peak 60.69M) | Time:00:00.00 | Mem:0.00M, Peak:0.00M | Scene, ViewLayer | Synchronizing object | upper_right_radiator_turning_plenum
Fra:1 Mem:60.69M (Peak 60.69M) | Time:00:00.00 | Mem:0.00M, Peak:0.00M | Scene, ViewLayer | Synchronizing object | upper_right_radiator_louver_00
Fra:1 Mem:60.69M (Peak 60.69M) | Time:00:00.00 | Mem:0.00M, Peak:0.00M | Scene, ViewLayer | Synchronizing object | upper_right_radiator_louver_01
Fra:1 Mem:60.71M (Peak 60.71M) | Time:00:00.00 | Mem:0.00M, Peak:0.00M | Scene, ViewLayer | Synchronizing object | upper_right_radiator_louver_02
Fra:1 Mem:60.72M (Peak 60.72M) | Time:00:00.00 | Mem:0.00M, Peak:0.00M | Scene, ViewLayer | Synchronizing object | upper_right_radiator_louver_03
Fra:1 Mem:60.72M (Peak 60.72M) | Time:00:00.00 | Mem:0.00M, Peak:0.00M | Scene, ViewLayer | Synchronizing object | upper_right_radiator_louver_04
Fra:1 Mem:60.73M (Peak 60.73M) | Time:00:00.00 | Mem:0.00M, Peak:0.00M | Scene, ViewLayer | Synchronizing object | upper_right_radiator_louver_05
Fra:1 Mem:60.74M (Peak 60.81M) | Time:00:00.00 | Mem:0.00M, Peak:0.00M | Scene, ViewLayer | Synchronizing object | upper_right_radiator_louver_06
Fra:1 Mem:60.81M (Peak 60.81M) | Time:00:00.00 | Mem:0.00M, Peak:0.00M | Scene, ViewLayer | Synchronizing object | upper_right_radiator_louver_07
Fra:1 Mem:60.82M (Peak 60.82M) | Time:00:00.00 | Mem:0.00M, Peak:0.00M | Scene, ViewLayer | Synchronizing object | upper_right_radiator_louver_08
Fra:1 Mem:60.83M (Peak 60.83M) | Time:00:00.00 | Mem:0.00M, Peak:0.00M | Scene, ViewLayer | Synchronizing object | upper_right_radiator_louver_09
Fra:1 Mem:60.84M (Peak 60.84M) | Time:00:00.00 | Mem:0.00M, Peak:0.00M | Scene, ViewLayer | Synchronizing object | upper_right_radiator_louver_10
Fra:1 Mem:60.85M (Peak 60.85M) | Time:00:00.00 | Mem:0.00M, Peak:0.00M | Scene, ViewLayer | Synchronizing object | upper_right_vent_fastener_0
Fra:1 Mem:60.87M (Peak 60.87M) | Time:00:00.00 | Mem:0.00M, Peak:0.00M | Scene, ViewLayer | Synchronizing object | upper_right_vent_fastener_1
Fra:1 Mem:60.89M (Peak 60.89M) | Time:00:00.00 | Mem:0.00M, Peak:0.00M | Scene, ViewLayer | Synchronizing object | upper_right_vent_fastener_2
Fra:1 Mem:60.85M (Peak 60.89M) | Time:00:00.00 | Mem:0.00M, Peak:0.00M | Scene, ViewLayer | Synchronizing object | upper_right_vent_fastener_3
Fra:1 Mem:60.87M (Peak 60.89M) | Time:00:00.00 | Mem:0.00M, Peak:0.00M | Scene, ViewLayer | Synchronizing object | upper_right_dark_torso_side_housing
Fra:1 Mem:60.88M (Peak 60.89M) | Time:00:00.00 | Mem:0.00M, Peak:0.00M | Scene, ViewLayer | Synchronizing object | upper_right_torso_side_layer_00
Fra:1 Mem:60.89M (Peak 60.89M) | Time:00:00.00 | Mem:0.00M, Peak:0.00M | Scene, ViewLayer | Synchronizing object | upper_right_torso_side_layer_lip_00
Fra:1 Mem:60.92M (Peak 60.92M) | Time:00:00.00 | Mem:0.00M, Peak:0.00M | Scene, ViewLayer | Synchronizing object | upper_right_torso_side_layer_01
Fra:1 Mem:60.92M (Peak 60.92M) | Time:00:00.00 | Mem:0.00M, Peak:0.00M | Scene, ViewLayer | Synchronizing object | upper_right_torso_side_layer_lip_01
Fra:1 Mem:60.94M (Peak 60.94M) | Time:00:00.00 | Mem:0.00M, Peak:0.00M | Scene, ViewLayer | Synchronizing object | upper_right_torso_side_layer_02
Fra:1 Mem:60.97M (Peak 60.97M) | Time:00:00.00 | Mem:0.00M, Peak:0.00M | Scene, ViewLayer | Synchronizing object | upper_right_torso_side_layer_lip_02
Fra:1 Mem:60.98M (Peak 60.98M) | Time:00:00.00 | Mem:0.00M, Peak:0.00M | Scene, ViewLayer | Synchronizing object | upper_right_torso_side_layer_03
Fra:1 Mem:60.99M (Peak 60.99M) | Time:00:00.00 | Mem:0.00M, Peak:0.00M | Scene, ViewLayer | Synchronizing object | upper_right_torso_side_layer_lip_03
Fra:1 Mem:61.01M (Peak 61.01M) | Time:00:00.00 | Mem:0.00M, Peak:0.00M | Scene, ViewLayer | Synchronizing object | upper_right_blue_forearm_wrap
Fra:1 Mem:61.02M (Peak 61.02M) | Time:00:00.00 | Mem:0.00M, Peak:0.00M | Scene, ViewLayer | Synchronizing object | upper_right_blue_deltoid_wrap
Fra:1 Mem:61.05M (Peak 61.05M) | Time:00:00.00 | Mem:0.00M, Peak:0.00M | Scene, ViewLayer | Synchronizing object | upper_right_ivory_shoulder_cap
Fra:1 Mem:61.36M (Peak 61.36M) | Time:00:00.00 | Mem:0.00M, Peak:0.00M | Scene, ViewLayer | Synchronizing object | upper_right_shoulder_open_bearing_seat
Fra:1 Mem:61.46M (Peak 61.46M) | Time:00:00.00 | Mem:0.00M, Peak:0.00M | Scene, ViewLayer | Synchronizing object | upper_right_ivory_lower_upper_arm
Fra:1 Mem:61.49M (Peak 61.49M) | Time:00:00.00 | Mem:0.00M, Peak:0.00M | Scene, ViewLayer | Synchronizing object | upper_right_blue_elbow_yoke
Fra:1 Mem:61.59M (Peak 61.59M) | Time:00:00.00 | Mem:0.00M, Peak:0.00M | Scene, ViewLayer | Synchronizing object | upper_left_shoulder_inner_barrel
Fra:1 Mem:61.60M (Peak 61.60M) | Time:00:00.00 | Mem:0.00M, Peak:0.00M | Scene, ViewLayer | Synchronizing object | upper_left_shoulder_barrel_band_0
Fra:1 Mem:61.62M (Peak 61.62M) | Time:00:00.00 | Mem:0.00M, Peak:0.00M | Scene, ViewLayer | Synchronizing object | upper_left_shoulder_barrel_band_1
Fra:1 Mem:61.62M (Peak 61.62M) | Time:00:00.00 | Mem:0.00M, Peak:0.00M | Scene, ViewLayer | Synchronizing object | upper_left_shoulder_negative_y_support_cheek
Fra:1 Mem:61.65M (Peak 61.65M) | Time:00:00.00 | Mem:0.00M, Peak:0.00M | Scene, ViewLayer | Synchronizing object | upper_left_shoulder_negative_y_recessed_face
Fra:1 Mem:61.65M (Peak 61.65M) | Time:00:00.00 | Mem:0.00M, Peak:0.00M | Scene, ViewLayer | Synchronizing object | upper_left_shoulder_negative_y_thin_rim
Fra:1 Mem:61.69M (Peak 61.69M) | Time:00:00.00 | Mem:0.00M, Peak:0.00M | Scene, ViewLayer | Synchronizing object | upper_left_shoulder_negative_y_central_cap
Fra:1 Mem:61.79M (Peak 61.79M) | Time:00:00.00 | Mem:0.00M, Peak:0.00M | Scene, ViewLayer | Synchronizing object | upper_left_shoulder_negative_y_cap_step
Fra:1 Mem:61.80M (Peak 61.80M) | Time:00:00.00 | Mem:0.00M, Peak:0.00M | Scene, ViewLayer | Synchronizing object | upper_left_shoulder_positive_y_support_cheek
Fra:1 Mem:61.83M (Peak 61.83M) | Time:00:00.00 | Mem:0.00M, Peak:0.00M | Scene, ViewLayer | Synchronizing object | upper_left_shoulder_positive_y_recessed_face
Fra:1 Mem:61.83M (Peak 61.83M) | Time:00:00.01 | Mem:0.00M, Peak:0.00M | Scene, ViewLayer | Synchronizing object | upper_left_shoulder_positive_y_thin_rim
Fra:1 Mem:61.86M (Peak 61.86M) | Time:00:00.01 | Mem:0.00M, Peak:0.00M | Scene, ViewLayer | Synchronizing object | upper_left_shoulder_positive_y_central_cap
Fra:1 Mem:61.80M (Peak 61.86M) | Time:00:00.01 | Mem:0.00M, Peak:0.00M | Scene, ViewLayer | Synchronizing object | upper_left_shoulder_positive_y_cap_step
Fra:1 Mem:61.81M (Peak 61.86M) | Time:00:00.01 | Mem:0.00M, Peak:0.00M | Scene, ViewLayer | Synchronizing object | upper_left_elbow_inner_barrel
Fra:1 Mem:61.83M (Peak 61.86M) | Time:00:00.01 | Mem:0.00M, Peak:0.00M | Scene, ViewLayer | Synchronizing object | upper_left_elbow_barrel_band_0
Fra:1 Mem:61.84M (Peak 61.86M) | Time:00:00.01 | Mem:0.00M, Peak:0.00M | Scene, ViewLayer | Synchronizing object | upper_left_elbow_barrel_band_1
Fra:1 Mem:61.86M (Peak 61.86M) | Time:00:00.01 | Mem:0.00M, Peak:0.00M | Scene, ViewLayer | Synchronizing object | upper_left_elbow_negative_y_support_cheek
Fra:1 Mem:61.86M (Peak 61.86M) | Time:00:00.01 | Mem:0.00M, Peak:0.00M | Scene, ViewLayer | Synchronizing object | upper_left_elbow_negative_y_recessed_face
Fra:1 Mem:61.88M (Peak 61.88M) | Time:00:00.01 | Mem:0.00M, Peak:0.00M | Scene, ViewLayer | Synchronizing object | upper_left_elbow_negative_y_thin_rim
Fra:1 Mem:61.92M (Peak 61.92M) | Time:00:00.01 | Mem:0.00M, Peak:0.00M | Scene, ViewLayer | Synchronizing object | upper_left_elbow_negative_y_central_cap
Fra:1 Mem:61.93M (Peak 61.93M) | Time:00:00.01 | Mem:0.00M, Peak:0.00M | Scene, ViewLayer | Synchronizing object | upper_left_elbow_negative_y_cap_step
Fra:1 Mem:61.96M (Peak 61.96M) | Time:00:00.01 | Mem:0.00M, Peak:0.00M | Scene, ViewLayer | Synchronizing object | upper_left_elbow_positive_y_support_cheek
Fra:1 Mem:61.96M (Peak 61.97M) | Time:00:00.01 | Mem:0.00M, Peak:0.00M | Scene, ViewLayer | Synchronizing object | upper_left_elbow_positive_y_recessed_face
Fra:1 Mem:61.98M (Peak 61.98M) | Time:00:00.01 | Mem:0.00M, Peak:0.00M | Scene, ViewLayer | Synchronizing object | upper_left_elbow_positive_y_thin_rim
Fra:1 Mem:61.98M (Peak 61.98M) | Time:00:00.01 | Mem:0.00M, Peak:0.00M | Scene, ViewLayer | Synchronizing object | upper_left_elbow_positive_y_cap_step
Fra:1 Mem:62.06M (Peak 62.06M) | Time:00:00.01 | Mem:0.00M, Peak:0.00M | Scene, ViewLayer | Synchronizing object | upper_left_elbow_forward_shallow_cover
Fra:1 Mem:62.06M (Peak 62.06M) | Time:00:00.01 | Mem:0.00M, Peak:0.00M | Scene, ViewLayer | Synchronizing object | upper_left_elbow_forward_thin_gold_ring
Fra:1 Mem:62.07M (Peak 62.07M) | Time:00:00.01 | Mem:0.00M, Peak:0.00M | Scene, ViewLayer | Synchronizing object | upper_left_elbow_forward_dark_center
Fra:1 Mem:62.12M (Peak 62.12M) | Time:00:00.01 | Mem:0.00M, Peak:0.00M | Scene, ViewLayer | Synchronizing object | upper_left_wrist_inner_barrel
Fra:1 Mem:62.12M (Peak 62.12M) | Time:00:00.01 | Mem:0.00M, Peak:0.00M | Scene, ViewLayer | Synchronizing object | upper_left_wrist_barrel_band_0
Fra:1 Mem:62.16M (Peak 62.16M) | Time:00:00.01 | Mem:0.00M, Peak:0.00M | Scene, ViewLayer | Synchronizing object | upper_left_wrist_barrel_band_1
Fra:1 Mem:62.16M (Peak 62.16M) | Time:00:00.01 | Mem:0.00M, Peak:0.00M | Scene, ViewLayer | Synchronizing object | upper_left_wrist_negative_y_support_cheek
Fra:1 Mem:62.18M (Peak 62.18M) | Time:00:00.01 | Mem:0.00M, Peak:0.00M | Scene, ViewLayer | Synchronizing object | upper_left_wrist_negative_y_recessed_face
Fra:1 Mem:62.18M (Peak 62.18M) | Time:00:00.01 | Mem:0.00M, Peak:0.00M | Scene, ViewLayer | Synchronizing object | upper_left_wrist_negative_y_thin_rim
Fra:1 Mem:62.21M (Peak 62.21M) | Time:00:00.01 | Mem:0.00M, Peak:0.00M | Scene, ViewLayer | Synchronizing object | upper_left_wrist_negative_y_central_cap
Fra:1 Mem:62.24M (Peak 62.24M) | Time:00:00.01 | Mem:0.00M, Peak:0.00M | Scene, ViewLayer | Synchronizing object | upper_left_wrist_negative_y_cap_step
Fra:1 Mem:62.26M (Peak 62.26M) | Time:00:00.01 | Mem:0.00M, Peak:0.00M | Scene, ViewLayer | Synchronizing object | upper_left_wrist_positive_y_support_cheek
Fra:1 Mem:62.28M (Peak 62.28M) | Time:00:00.01 | Mem:0.00M, Peak:0.00M | Scene, ViewLayer | Synchronizing object | upper_left_wrist_positive_y_recessed_face
Fra:1 Mem:62.29M (Peak 62.29M) | Time:00:00.01 | Mem:0.00M, Peak:0.00M | Scene, ViewLayer | Synchronizing object | upper_left_wrist_positive_y_thin_rim
Fra:1 Mem:62.28M (Peak 62.29M) | Time:00:00.01 | Mem:0.00M, Peak:0.00M | Scene, ViewLayer | Synchronizing object | upper_left_wrist_positive_y_cap_step
Fra:1 Mem:62.36M (Peak 62.36M) | Time:00:00.01 | Mem:0.00M, Peak:0.00M | Scene, ViewLayer | Synchronizing object | upper_left_palm_inner_carrier
Fra:1 Mem:62.36M (Peak 62.36M) | Time:00:00.01 | Mem:0.00M, Peak:0.00M | Scene, ViewLayer | Synchronizing object | upper_left_ivory_palm_dorsal
Fra:1 Mem:62.36M (Peak 62.36M) | Time:00:00.01 | Mem:0.00M, Peak:0.00M | Scene, ViewLayer | Synchronizing object | upper_left_ivory_palm_reverse_cover
Fra:1 Mem:62.37M (Peak 62.37M) | Time:00:00.01 | Mem:0.00M, Peak:0.00M | Scene, ViewLayer | Synchronizing object | upper_left_palm_lower_dark_seam
Fra:1 Mem:62.36M (Peak 62.37M) | Time:00:00.01 | Mem:0.00M, Peak:0.00M | Scene, ViewLayer | Synchronizing object | upper_left_palm_upper_exposed_hinge
Fra:1 Mem:62.37M (Peak 62.37M) | Time:00:00.01 | Mem:0.00M, Peak:0.00M | Scene, ViewLayer | Synchronizing object | upper_left_finger_1_root_joint
Fra:1 Mem:62.39M (Peak 62.39M) | Time:00:00.01 | Mem:0.00M, Peak:0.00M | Scene, ViewLayer | Synchronizing object | right_foot_ivory_low_hull
Fra:1 Mem:62.39M (Peak 62.39M) | Time:00:00.01 | Mem:0.00M, Peak:0.00M | Scene, ViewLayer | Synchronizing object | upper_left_finger_1_ivory_reverse_first_pad
Fra:1 Mem:62.43M (Peak 62.43M) | Time:00:00.01 | Mem:0.00M, Peak:0.00M | Scene, ViewLayer | Synchronizing object | upper_left_finger_1_interphalangeal_joint
Fra:1 Mem:62.43M (Peak 62.43M) | Time:00:00.01 | Mem:0.00M, Peak:0.00M | Scene, ViewLayer | Synchronizing object | upper_left_finger_1_tip_contact_pad
Fra:1 Mem:62.45M (Peak 62.45M) | Time:00:00.01 | Mem:0.00M, Peak:0.00M | Scene, ViewLayer | Synchronizing object | upper_left_finger_2_root_joint
Fra:1 Mem:62.45M (Peak 62.45M) | Time:00:00.01 | Mem:0.00M, Peak:0.00M | Scene, ViewLayer | Synchronizing object | upper_left_finger_2_proximal_casting
Fra:1 Mem:62.47M (Peak 62.47M) | Time:00:00.01 | Mem:0.00M, Peak:0.00M | Scene, ViewLayer | Synchronizing object | upper_left_finger_2_ivory_first_pad
Fra:1 Mem:62.46M (Peak 62.47M) | Time:00:00.01 | Mem:0.00M, Peak:0.00M | Scene, ViewLayer | Synchronizing object | upper_left_finger_2_interphalangeal_joint
Fra:1 Mem:62.47M (Peak 62.47M) | Time:00:00.01 | Mem:0.00M, Peak:0.00M | Scene, ViewLayer | Synchronizing object | upper_left_finger_2_curved_distal
Fra:1 Mem:62.47M (Peak 62.47M) | Time:00:00.01 | Mem:0.00M, Peak:0.00M | Scene, ViewLayer | Synchronizing object | upper_left_finger_2_tip_contact_pad
Fra:1 Mem:62.47M (Peak 62.47M) | Time:00:00.01 | Mem:0.00M, Peak:0.00M | Scene, ViewLayer | Synchronizing object | upper_left_finger_3_root_joint
Fra:1 Mem:62.48M (Peak 62.48M) | Time:00:00.01 | Mem:0.00M, Peak:0.00M | Scene, ViewLayer | Synchronizing object | upper_left_finger_3_proximal_casting
Fra:1 Mem:62.48M (Peak 62.48M) | Time:00:00.01 | Mem:0.00M, Peak:0.00M | Scene, ViewLayer | Synchronizing object | upper_left_finger_3_ivory_first_pad
Fra:1 Mem:62.48M (Peak 62.48M) | Time:00:00.01 | Mem:0.00M, Peak:0.00M | Scene, ViewLayer | Synchronizing object | upper_left_finger_3_ivory_reverse_first_pad
Fra:1 Mem:62.48M (Peak 62.48M) | Time:00:00.01 | Mem:0.00M, Peak:0.00M | Scene, ViewLayer | Synchronizing object | upper_left_finger_3_interphalangeal_joint
Fra:1 Mem:62.48M (Peak 62.48M) | Time:00:00.01 | Mem:0.00M, Peak:0.00M | Scene, ViewLayer | Synchronizing object | upper_left_finger_3_curved_distal
Fra:1 Mem:62.50M (Peak 62.50M) | Time:00:00.01 | Mem:0.00M, Peak:0.00M | Scene, ViewLayer | Synchronizing object | upper_left_finger_3_tip_contact_pad
Fra:1 Mem:62.50M (Peak 62.50M) | Time:00:00.01 | Mem:0.00M, Peak:0.00M | Scene, ViewLayer | Synchronizing object | upper_left_thumb_root_web
Fra:1 Mem:62.50M (Peak 62.50M) | Time:00:00.01 | Mem:0.00M, Peak:0.00M | Scene, ViewLayer | Synchronizing object | upper_left_thumb_proximal_casting
Fra:1 Mem:62.51M (Peak 62.51M) | Time:00:00.01 | Mem:0.00M, Peak:0.00M | Scene, ViewLayer | Synchronizing object | upper_left_thumb_ivory_first_pad
Fra:1 Mem:62.52M (Peak 62.52M) | Time:00:00.01 | Mem:0.00M, Peak:0.00M | Scene, ViewLayer | Synchronizing object | upper_left_thumb_middle_pin
Fra:1 Mem:62.52M (Peak 62.52M) | Time:00:00.01 | Mem:0.00M, Peak:0.00M | Scene, ViewLayer | Synchronizing object | upper_left_palm_wrist_negative_y_short_neck
Fra:1 Mem:62.52M (Peak 62.52M) | Time:00:00.01 | Mem:0.00M, Peak:0.00M | Scene, ViewLayer | Synchronizing object | upper_left_palm_wrist_positive_y_short_neck
Fra:1 Mem:62.52M (Peak 62.52M) | Time:00:00.01 | Mem:0.00M, Peak:0.00M | Scene, ViewLayer | Synchronizing object | upper_right_shoulder_inner_barrel
Fra:1 Mem:62.54M (Peak 62.54M) | Time:00:00.01 | Mem:0.00M, Peak:0.00M | Scene, ViewLayer | Synchronizing object | upper_right_shoulder_barrel_band_0
Fra:1 Mem:62.56M (Peak 62.56M) | Time:00:00.01 | Mem:0.00M, Peak:0.00M | Scene, ViewLayer | Synchronizing object | upper_right_shoulder_barrel_band_1
Fra:1 Mem:62.57M (Peak 62.57M) | Time:00:00.01 | Mem:0.00M, Peak:0.00M | Scene, ViewLayer | Synchronizing object | upper_right_shoulder_negative_y_support_cheek
Fra:1 Mem:62.59M (Peak 62.59M) | Time:00:00.01 | Mem:0.00M, Peak:0.00M | Scene, ViewLayer | Synchronizing object | upper_right_shoulder_negative_y_recessed_face
Fra:1 Mem:62.60M (Peak 62.60M) | Time:00:00.01 | Mem:0.00M, Peak:0.00M | Scene, ViewLayer | Synchronizing object | upper_right_shoulder_negative_y_thin_rim
Fra:1 Mem:62.62M (Peak 62.62M) | Time:00:00.01 | Mem:0.00M, Peak:0.00M | Scene, ViewLayer | Synchronizing object | upper_right_shoulder_negative_y_cap_step
Fra:1 Mem:62.67M (Peak 62.67M) | Time:00:00.01 | Mem:0.00M, Peak:0.00M | Scene, ViewLayer | Synchronizing object | upper_right_shoulder_positive_y_support_cheek
Fra:1 Mem:62.68M (Peak 62.68M) | Time:00:00.01 | Mem:0.00M, Peak:0.00M | Scene, ViewLayer | Synchronizing object | upper_right_shoulder_positive_y_thin_rim
Fra:1 Mem:62.71M (Peak 62.71M) | Time:00:00.01 | Mem:0.00M, Peak:0.00M | Scene, ViewLayer | Synchronizing object | upper_right_shoulder_positive_y_central_cap
Fra:1 Mem:62.74M (Peak 62.74M) | Time:00:00.01 | Mem:0.00M, Peak:0.00M | Scene, ViewLayer | Synchronizing object | upper_right_shoulder_positive_y_cap_step
Fra:1 Mem:62.74M (Peak 62.74M) | Time:00:00.01 | Mem:0.00M, Peak:0.00M | Scene, ViewLayer | Synchronizing object | upper_right_elbow_barrel_band_0
Fra:1 Mem:62.80M (Peak 62.80M) | Time:00:00.01 | Mem:0.00M, Peak:0.00M | Scene, ViewLayer | Synchronizing object | upper_right_elbow_barrel_band_1
Fra:1 Mem:62.81M (Peak 62.81M) | Time:00:00.01 | Mem:0.00M, Peak:0.00M | Scene, ViewLayer | Synchronizing object | upper_right_elbow_negative_y_recessed_face
Fra:1 Mem:62.83M (Peak 62.83M) | Time:00:00.01 | Mem:0.00M, Peak:0.00M | Scene, ViewLayer | Synchronizing object | right_foot_heel_dark_guard
Fra:1 Mem:62.84M (Peak 62.84M) | Time:00:00.01 | Mem:0.00M, Peak:0.00M | Scene, ViewLayer | Synchronizing object | upper_right_elbow_negative_y_thin_rim
Fra:1 Mem:62.84M (Peak 62.84M) | Time:00:00.01 | Mem:0.00M, Peak:0.00M | Scene, ViewLayer | Synchronizing object | upper_right_elbow_negative_y_cap_step
Fra:1 Mem:62.88M (Peak 62.88M) | Time:00:00.01 | Mem:0.00M, Peak:0.00M | Scene, ViewLayer | Synchronizing object | right_foot_heel_ivory_side_1
Fra:1 Mem:62.91M (Peak 62.91M) | Time:00:00.01 | Mem:0.00M, Peak:0.00M | Scene, ViewLayer | Synchronizing object | upper_right_elbow_positive_y_support_cheek
Fra:1 Mem:62.91M (Peak 62.91M) | Time:00:00.01 | Mem:0.00M, Peak:0.00M | Scene, ViewLayer | Synchronizing object | upper_right_elbow_positive_y_thin_rim
Fra:1 Mem:62.96M (Peak 62.96M) | Time:00:00.01 | Mem:0.00M, Peak:0.00M | Scene, ViewLayer | Synchronizing object | upper_right_elbow_positive_y_central_cap
Fra:1 Mem:62.98M (Peak 62.98M) | Time:00:00.01 | Mem:0.00M, Peak:0.00M | Scene, ViewLayer | Synchronizing object | upper_right_elbow_positive_y_cap_step
Fra:1 Mem:62.98M (Peak 62.98M) | Time:00:00.01 | Mem:0.00M, Peak:0.00M | Scene, ViewLayer | Synchronizing object | upper_right_elbow_forward_shallow_cover
Fra:1 Mem:63.02M (Peak 63.02M) | Time:00:00.01 | Mem:0.00M, Peak:0.00M | Scene, ViewLayer | Synchronizing object | upper_right_elbow_forward_recessed_face
Fra:1 Mem:63.02M (Peak 63.02M) | Time:00:00.01 | Mem:0.00M, Peak:0.00M | Scene, ViewLayer | Synchronizing object | upper_right_elbow_forward_dark_center
Fra:1 Mem:63.06M (Peak 63.06M) | Time:00:00.01 | Mem:0.00M, Peak:0.00M | Scene, ViewLayer | Synchronizing object | upper_right_wrist_inner_barrel
Fra:1 Mem:63.08M (Peak 63.08M) | Time:00:00.01 | Mem:0.00M, Peak:0.00M | Scene, ViewLayer | Synchronizing object | upper_right_wrist_barrel_band_0
Fra:1 Mem:63.10M (Peak 63.10M) | Time:00:00.01 | Mem:0.00M, Peak:0.00M | Scene, ViewLayer | Synchronizing object | upper_right_wrist_barrel_band_1
Fra:1 Mem:63.12M (Peak 63.12M) | Time:00:00.01 | Mem:0.00M, Peak:0.00M | Scene, ViewLayer | Synchronizing object | upper_right_wrist_negative_y_support_cheek
Fra:1 Mem:63.13M (Peak 63.13M) | Time:00:00.01 | Mem:0.00M, Peak:0.00M | Scene, ViewLayer | Synchronizing object | upper_right_wrist_negative_y_recessed_face
Fra:1 Mem:63.14M (Peak 63.14M) | Time:00:00.01 | Mem:0.00M, Peak:0.00M | Scene, ViewLayer | Synchronizing object | upper_right_wrist_negative_y_central_cap
Fra:1 Mem:63.16M (Peak 63.16M) | Time:00:00.01 | Mem:0.00M, Peak:0.00M | Scene, ViewLayer | Synchronizing object | upper_right_wrist_negative_y_cap_step
Fra:1 Mem:63.22M (Peak 63.22M) | Time:00:00.01 | Mem:0.00M, Peak:0.00M | Scene, ViewLayer | Synchronizing object | upper_right_wrist_positive_y_support_cheek
Fra:1 Mem:63.22M (Peak 63.22M) | Time:00:00.01 | Mem:0.00M, Peak:0.00M | Scene, ViewLayer | Synchronizing object | upper_right_wrist_positive_y_recessed_face
Fra:1 Mem:63.23M (Peak 63.23M) | Time:00:00.01 | Mem:0.00M, Peak:0.00M | Scene, ViewLayer | Synchronizing object | upper_right_wrist_positive_y_thin_rim
Fra:1 Mem:63.25M (Peak 63.25M) | Time:00:00.01 | Mem:0.00M, Peak:0.00M | Scene, ViewLayer | Synchronizing object | upper_right_wrist_positive_y_cap_step
Fra:1 Mem:63.30M (Peak 63.30M) | Time:00:00.01 | Mem:0.00M, Peak:0.00M | Scene, ViewLayer | Synchronizing object | upper_right_ivory_palm_dorsal
Fra:1 Mem:63.30M (Peak 63.30M) | Time:00:00.01 | Mem:0.00M, Peak:0.00M | Scene, ViewLayer | Synchronizing object | upper_right_ivory_palm_reverse_cover
Fra:1 Mem:63.30M (Peak 63.30M) | Time:00:00.01 | Mem:0.00M, Peak:0.00M | Scene, ViewLayer | Synchronizing object | upper_right_palm_upper_exposed_hinge
Fra:1 Mem:63.31M (Peak 63.31M) | Time:00:00.01 | Mem:0.00M, Peak:0.00M | Scene, ViewLayer | Synchronizing object | upper_right_palm_lower_exposed_hinge
Fra:1 Mem:63.33M (Peak 63.33M) | Time:00:00.01 | Mem:0.00M, Peak:0.00M | Scene, ViewLayer | Synchronizing object | right_foot_toe_ivory_side_1
Fra:1 Mem:63.35M (Peak 63.35M) | Time:00:00.01 | Mem:0.00M, Peak:0.00M | Scene, ViewLayer | Synchronizing object | upper_right_finger_1_ivory_first_pad
Fra:1 Mem:63.43M (Peak 63.43M) | Time:00:00.01 | Mem:0.00M, Peak:0.00M | Scene, ViewLayer | Synchronizing object | upper_right_finger_1_ivory_reverse_first_pad
Fra:1 Mem:63.46M (Peak 63.46M) | Time:00:00.01 | Mem:0.00M, Peak:0.00M | Scene, ViewLayer | Synchronizing object | upper_right_finger_1_curved_distal
Fra:1 Mem:63.47M (Peak 63.47M) | Time:00:00.01 | Mem:0.00M, Peak:0.00M | Scene, ViewLayer | Synchronizing object | upper_right_finger_1_tip_contact_pad
Fra:1 Mem:63.49M (Peak 63.49M) | Time:00:00.01 | Mem:0.00M, Peak:0.00M | Scene, ViewLayer | Synchronizing object | upper_right_finger_2_proximal_casting
Fra:1 Mem:63.49M (Peak 63.49M) | Time:00:00.01 | Mem:0.00M, Peak:0.00M | Scene, ViewLayer | Synchronizing object | upper_right_finger_2_ivory_first_pad
Fra:1 Mem:63.48M (Peak 63.49M) | Time:00:00.01 | Mem:0.00M, Peak:0.00M | Scene, ViewLayer | Synchronizing object | right_foot_toe_ivory_side_-1
Fra:1 Mem:63.48M (Peak 63.49M) | Time:00:00.01 | Mem:0.00M, Peak:0.00M | Scene, ViewLayer | Synchronizing object | upper_right_finger_2_interphalangeal_joint
Fra:1 Mem:63.58M (Peak 63.58M) | Time:00:00.01 | Mem:0.00M, Peak:0.00M | Scene, ViewLayer | Synchronizing object | upper_right_finger_2_curved_distal
Fra:1 Mem:63.58M (Peak 63.58M) | Time:00:00.01 | Mem:0.00M, Peak:0.00M | Scene, ViewLayer | Synchronizing object | upper_right_finger_3_root_joint
Fra:1 Mem:63.59M (Peak 63.59M) | Time:00:00.01 | Mem:0.00M, Peak:0.00M | Scene, ViewLayer | Synchronizing object | upper_right_finger_3_proximal_casting
Fra:1 Mem:63.60M (Peak 63.60M) | Time:00:00.01 | Mem:0.00M, Peak:0.00M | Scene, ViewLayer | Synchronizing object | upper_right_finger_3_ivory_first_pad
Fra:1 Mem:63.62M (Peak 63.62M) | Time:00:00.01 | Mem:0.00M, Peak:0.00M | Scene, ViewLayer | Synchronizing object | upper_right_finger_3_ivory_reverse_first_pad
Fra:1 Mem:63.63M (Peak 63.63M) | Time:00:00.01 | Mem:0.00M, Peak:0.00M | Scene, ViewLayer | Synchronizing object | upper_right_finger_3_curved_distal
Fra:1 Mem:63.63M (Peak 63.63M) | Time:00:00.01 | Mem:0.00M, Peak:0.00M | Scene, ViewLayer | Synchronizing object | upper_right_finger_3_tip_contact_pad
Fra:1 Mem:63.64M (Peak 63.64M) | Time:00:00.01 | Mem:0.00M, Peak:0.00M | Scene, ViewLayer | Synchronizing object | upper_right_thumb_root_web
Fra:1 Mem:63.66M (Peak 63.66M) | Time:00:00.01 | Mem:0.00M, Peak:0.00M | Scene, ViewLayer | Synchronizing object | upper_right_thumb_proximal_casting
Fra:1 Mem:63.66M (Peak 63.66M) | Time:00:00.01 | Mem:0.00M, Peak:0.00M | Scene, ViewLayer | Synchronizing object | upper_right_thumb_ivory_first_pad
Fra:1 Mem:63.67M (Peak 63.67M) | Time:00:00.01 | Mem:0.00M, Peak:0.00M | Scene, ViewLayer | Synchronizing object | upper_right_thumb_middle_pin
Fra:1 Mem:63.67M (Peak 63.67M) | Time:00:00.01 | Mem:0.00M, Peak:0.00M | Scene, ViewLayer | Synchronizing object | upper_right_thumb_black_terminal
Fra:1 Mem:63.65M (Peak 63.67M) | Time:00:00.01 | Mem:0.00M, Peak:0.00M | Scene, ViewLayer | Synchronizing object | upper_right_palm_wrist_negative_y_short_neck
Fra:1 Mem:63.65M (Peak 63.67M) | Time:00:00.01 | Mem:0.00M, Peak:0.00M | Scene, ViewLayer | Synchronizing object | upper_right_palm_wrist_positive_y_short_neck
Fra:1 Mem:63.65M (Peak 63.67M) | Time:00:00.01 | Mem:0.00M, Peak:0.00M | Scene, ViewLayer | Synchronizing object | upper_structure_spine_box
Fra:1 Mem:63.66M (Peak 63.67M) | Time:00:00.01 | Mem:0.00M, Peak:0.00M | Scene, ViewLayer | Synchronizing object | upper_left_structure_shoulder_crossmember
Fra:1 Mem:63.66M (Peak 63.67M) | Time:00:00.01 | Mem:0.00M, Peak:0.00M | Scene, ViewLayer | Synchronizing object | upper_left_structure_upper_arm_box
Fra:1 Mem:63.67M (Peak 63.67M) | Time:00:00.01 | Mem:0.00M, Peak:0.00M | Scene, ViewLayer | Synchronizing object | upper_left_structure_forearm_box
Fra:1 Mem:63.68M (Peak 63.68M) | Time:00:00.01 | Mem:0.00M, Peak:0.00M | Scene, ViewLayer | Synchronizing object | upper_right_structure_upper_arm_box
Fra:1 Mem:63.68M (Peak 63.68M) | Time:00:00.01 | Mem:0.00M, Peak:0.00M | Scene, ViewLayer | Synchronizing object | upper_right_structure_forearm_box
Fra:1 Mem:63.68M (Peak 63.68M) | Time:00:00.01 | Mem:0.00M, Peak:0.00M | Scene, ViewLayer | Synchronizing object | upper_left_forearm_upper_edge_00_00
Fra:1 Mem:63.68M (Peak 63.68M) | Time:00:00.01 | Mem:0.00M, Peak:0.00M | Scene, ViewLayer | Synchronizing object | upper_left_forearm_upper_edge_00_01
Fra:1 Mem:63.68M (Peak 63.68M) | Time:00:00.01 | Mem:0.00M, Peak:0.00M | Scene, ViewLayer | Synchronizing object | upper_left_forearm_upper_edge_00_02
Fra:1 Mem:63.69M (Peak 63.69M) | Time:00:00.01 | Mem:0.00M, Peak:0.00M | Scene, ViewLayer | Synchronizing object | upper_left_forearm_upper_edge_00_03
Fra:1 Mem:63.69M (Peak 63.69M) | Time:00:00.01 | Mem:0.00M, Peak:0.00M | Scene, ViewLayer | Synchronizing object | upper_left_forearm_upper_edge_00_04
Fra:1 Mem:63.69M (Peak 63.69M) | Time:00:00.01 | Mem:0.00M, Peak:0.00M | Scene, ViewLayer | Synchronizing object | upper_left_forearm_upper_edge_00_05
Fra:1 Mem:63.69M (Peak 63.69M) | Time:00:00.01 | Mem:0.00M, Peak:0.00M | Scene, ViewLayer | Synchronizing object | upper_left_forearm_upper_edge_00_06
Fra:1 Mem:63.69M (Peak 63.69M) | Time:00:00.01 | Mem:0.00M, Peak:0.00M | Scene, ViewLayer | Synchronizing object | upper_left_forearm_upper_edge_00_07
Fra:1 Mem:63.69M (Peak 63.69M) | Time:00:00.01 | Mem:0.00M, Peak:0.00M | Scene, ViewLayer | Synchronizing object | upper_left_forearm_upper_edge_01_00
Fra:1 Mem:63.69M (Peak 63.69M) | Time:00:00.01 | Mem:0.00M, Peak:0.00M | Scene, ViewLayer | Synchronizing object | upper_left_forearm_upper_edge_01_01
Fra:1 Mem:63.70M (Peak 63.70M) | Time:00:00.01 | Mem:0.00M, Peak:0.00M | Scene, ViewLayer | Synchronizing object | upper_left_forearm_upper_edge_01_02
Fra:1 Mem:63.70M (Peak 63.70M) | Time:00:00.01 | Mem:0.00M, Peak:0.00M | Scene, ViewLayer | Synchronizing object | upper_left_forearm_upper_edge_01_03
Fra:1 Mem:63.70M (Peak 63.70M) | Time:00:00.01 | Mem:0.00M, Peak:0.00M | Scene, ViewLayer | Synchronizing object | upper_left_forearm_upper_edge_01_04
Fra:1 Mem:63.70M (Peak 63.70M) | Time:00:00.01 | Mem:0.00M, Peak:0.00M | Scene, ViewLayer | Synchronizing object | upper_left_forearm_upper_edge_01_05
Fra:1 Mem:63.70M (Peak 63.70M) | Time:00:00.01 | Mem:0.00M, Peak:0.00M | Scene, ViewLayer | Synchronizing object | upper_left_forearm_upper_edge_01_07
Fra:1 Mem:63.70M (Peak 63.70M) | Time:00:00.01 | Mem:0.00M, Peak:0.00M | Scene, ViewLayer | Synchronizing object | upper_left_forearm_upper_edge_02_00
Fra:1 Mem:63.70M (Peak 63.70M) | Time:00:00.01 | Mem:0.00M, Peak:0.00M | Scene, ViewLayer | Synchronizing object | upper_left_forearm_upper_edge_02_01
Fra:1 Mem:63.71M (Peak 63.71M) | Time:00:00.01 | Mem:0.00M, Peak:0.00M | Scene, ViewLayer | Synchronizing object | upper_left_forearm_upper_edge_02_02
Fra:1 Mem:63.71M (Peak 63.71M) | Time:00:00.01 | Mem:0.00M, Peak:0.00M | Scene, ViewLayer | Synchronizing object | upper_left_forearm_upper_edge_02_03
Fra:1 Mem:63.73M (Peak 63.73M) | Time:00:00.01 | Mem:0.00M, Peak:0.00M | Scene, ViewLayer | Synchronizing object | upper_left_forearm_upper_edge_02_04
Fra:1 Mem:63.73M (Peak 63.73M) | Time:00:00.01 | Mem:0.00M, Peak:0.00M | Scene, ViewLayer | Synchronizing object | upper_left_forearm_upper_edge_02_06
Fra:1 Mem:63.73M (Peak 63.73M) | Time:00:00.01 | Mem:0.00M, Peak:0.00M | Scene, ViewLayer | Synchronizing object | upper_right_forearm_upper_edge_00_00
Fra:1 Mem:63.74M (Peak 63.74M) | Time:00:00.01 | Mem:0.00M, Peak:0.00M | Scene, ViewLayer | Synchronizing object | upper_right_forearm_upper_edge_00_01
Fra:1 Mem:63.74M (Peak 63.74M) | Time:00:00.01 | Mem:0.00M, Peak:0.00M | Scene, ViewLayer | Synchronizing object | upper_right_forearm_upper_edge_00_02
Fra:1 Mem:63.74M (Peak 63.74M) | Time:00:00.01 | Mem:0.00M, Peak:0.00M | Scene, ViewLayer | Synchronizing object | upper_right_forearm_upper_edge_00_03
Fra:1 Mem:63.75M (Peak 63.75M) | Time:00:00.01 | Mem:0.00M, Peak:0.00M | Scene, ViewLayer | Synchronizing object | upper_right_forearm_upper_edge_00_04
Fra:1 Mem:63.75M (Peak 63.75M) | Time:00:00.01 | Mem:0.00M, Peak:0.00M | Scene, ViewLayer | Synchronizing object | upper_right_forearm_upper_edge_00_05
Fra:1 Mem:63.75M (Peak 63.75M) | Time:00:00.01 | Mem:0.00M, Peak:0.00M | Scene, ViewLayer | Synchronizing object | upper_right_forearm_upper_edge_00_06
Fra:1 Mem:63.75M (Peak 63.75M) | Time:00:00.01 | Mem:0.00M, Peak:0.00M | Scene, ViewLayer | Synchronizing object | upper_right_forearm_upper_edge_01_00
Fra:1 Mem:63.75M (Peak 63.75M) | Time:00:00.01 | Mem:0.00M, Peak:0.00M | Scene, ViewLayer | Synchronizing object | upper_right_forearm_upper_edge_01_01
Fra:1 Mem:63.75M (Peak 63.75M) | Time:00:00.01 | Mem:0.00M, Peak:0.00M | Scene, ViewLayer | Synchronizing object | upper_right_forearm_upper_edge_01_02
Fra:1 Mem:63.75M (Peak 63.75M) | Time:00:00.01 | Mem:0.00M, Peak:0.00M | Scene, ViewLayer | Synchronizing object | upper_right_forearm_upper_edge_01_03
Fra:1 Mem:63.75M (Peak 63.75M) | Time:00:00.01 | Mem:0.00M, Peak:0.00M | Scene, ViewLayer | Synchronizing object | upper_right_forearm_upper_edge_01_04
Fra:1 Mem:63.75M (Peak 63.75M) | Time:00:00.01 | Mem:0.00M, Peak:0.00M | Scene, ViewLayer | Synchronizing object | upper_right_forearm_upper_edge_01_05
Fra:1 Mem:63.76M (Peak 63.76M) | Time:00:00.01 | Mem:0.00M, Peak:0.00M | Scene, ViewLayer | Synchronizing object | upper_right_forearm_upper_edge_01_06
Fra:1 Mem:63.76M (Peak 63.76M) | Time:00:00.01 | Mem:0.00M, Peak:0.00M | Scene, ViewLayer | Synchronizing object | upper_right_forearm_upper_edge_01_07
Fra:1 Mem:63.76M (Peak 63.76M) | Time:00:00.01 | Mem:0.00M, Peak:0.00M | Scene, ViewLayer | Synchronizing object | upper_right_forearm_upper_edge_02_00
Fra:1 Mem:63.76M (Peak 63.76M) | Time:00:00.01 | Mem:0.00M, Peak:0.00M | Scene, ViewLayer | Synchronizing object | upper_right_forearm_upper_edge_02_01
Fra:1 Mem:63.76M (Peak 63.76M) | Time:00:00.01 | Mem:0.00M, Peak:0.00M | Scene, ViewLayer | Synchronizing object | upper_right_forearm_upper_edge_02_02
Fra:1 Mem:63.76M (Peak 63.76M) | Time:00:00.01 | Mem:0.00M, Peak:0.00M | Scene, ViewLayer | Synchronizing object | upper_right_forearm_upper_edge_02_03
Fra:1 Mem:63.76M (Peak 63.76M) | Time:00:00.01 | Mem:0.00M, Peak:0.00M | Scene, ViewLayer | Synchronizing object | upper_right_forearm_upper_edge_02_04
Fra:1 Mem:63.76M (Peak 63.76M) | Time:00:00.01 | Mem:0.00M, Peak:0.00M | Scene, ViewLayer | Synchronizing object | upper_right_forearm_upper_edge_02_05
Fra:1 Mem:63.77M (Peak 63.77M) | Time:00:00.01 | Mem:0.00M, Peak:0.00M | Scene, ViewLayer | Synchronizing object | upper_right_forearm_upper_edge_02_06
Fra:1 Mem:63.77M (Peak 63.77M) | Time:00:00.01 | Mem:0.00M, Peak:0.00M | Scene, ViewLayer | Synchronizing object | upper_right_forearm_upper_edge_02_07
Fra:1 Mem:63.77M (Peak 63.77M) | Time:00:00.01 | Mem:0.00M, Peak:0.00M | Scene, ViewLayer | Synchronizing object | upper_proposed_hip_pitch_carrier
Fra:1 Mem:63.83M (Peak 63.83M) | Time:00:00.01 | Mem:0.00M, Peak:0.00M | Scene, ViewLayer | Synchronizing object | left_frame_thigh
Fra:1 Mem:63.87M (Peak 63.87M) | Time:00:00.01 | Mem:0.00M, Peak:0.00M | Scene, ViewLayer | Synchronizing object | left_frame_middle
Fra:1 Mem:64.13M (Peak 64.13M) | Time:00:00.01 | Mem:0.00M, Peak:0.00M | Scene, ViewLayer | Synchronizing object | left_shaft_knee
Fra:1 Mem:64.13M (Peak 64.13M) | Time:00:00.01 | Mem:0.00M, Peak:0.00M | Scene, ViewLayer | Synchronizing object | left_frame_distal
Fra:1 Mem:64.18M (Peak 64.18M) | Time:00:00.01 | Mem:0.00M, Peak:0.00M | Scene, ViewLayer | Synchronizing object | left_shaft_fold
Fra:1 Mem:64.23M (Peak 64.23M) | Time:00:00.01 | Mem:0.00M, Peak:0.00M | Scene, ViewLayer | Synchronizing object | left_toe_contact_pad
Fra:1 Mem:64.24M (Peak 64.24M) | Time:00:00.01 | Mem:0.00M, Peak:0.00M | Scene, ViewLayer | Synchronizing object | left_heel_contact_pad
Fra:1 Mem:64.22M (Peak 64.24M) | Time:00:00.01 | Mem:0.00M, Peak:0.00M | Scene, ViewLayer | Synchronizing object | left_pressure_carrier
Fra:1 Mem:64.21M (Peak 64.24M) | Time:00:00.01 | Mem:0.00M, Peak:0.00M | Scene, ViewLayer | Synchronizing object | left_thigh_blue_armor
Fra:1 Mem:64.26M (Peak 64.26M) | Time:00:00.01 | Mem:0.00M, Peak:0.00M | Scene, ViewLayer | Synchronizing object | left_middle_blue_armor
Fra:1 Mem:64.31M (Peak 64.31M) | Time:00:00.01 | Mem:0.00M, Peak:0.00M | Scene, ViewLayer | Synchronizing object | left_distal_blue_armor
Fra:1 Mem:64.31M (Peak 64.31M) | Time:00:00.01 | Mem:0.00M, Peak:0.00M | Scene, ViewLayer | Synchronizing object | left_knee_joint_cover_-1
Fra:1 Mem:64.34M (Peak 64.34M) | Time:00:00.01 | Mem:0.00M, Peak:0.00M | Scene, ViewLayer | Synchronizing object | left_knee_orange_rim_-1
Fra:1 Mem:64.34M (Peak 64.34M) | Time:00:00.01 | Mem:0.00M, Peak:0.00M | Scene, ViewLayer | Synchronizing object | left_knee_orange_rim_1
Fra:1 Mem:64.38M (Peak 64.38M) | Time:00:00.01 | Mem:0.00M, Peak:0.00M | Scene, ViewLayer | Synchronizing object | left_fold_joint_cover_-1
Fra:1 Mem:64.39M (Peak 64.39M) | Time:00:00.01 | Mem:0.00M, Peak:0.00M | Scene, ViewLayer | Synchronizing object | left_fold_orange_rim_-1
Fra:1 Mem:64.40M (Peak 64.40M) | Time:00:00.01 | Mem:0.00M, Peak:0.00M | Scene, ViewLayer | Synchronizing object | left_fold_joint_cover_1
Fra:1 Mem:64.43M (Peak 64.43M) | Time:00:00.01 | Mem:0.00M, Peak:0.00M | Scene, ViewLayer | Synchronizing object | left_fold_orange_rim_1
Fra:1 Mem:64.45M (Peak 64.45M) | Time:00:00.01 | Mem:0.00M, Peak:0.00M | Scene, ViewLayer | Synchronizing object | left_ankle_joint_cover_-1
Fra:1 Mem:64.46M (Peak 64.46M) | Time:00:00.01 | Mem:0.00M, Peak:0.00M | Scene, ViewLayer | Synchronizing object | left_ankle_orange_rim_-1
Fra:1 Mem:64.48M (Peak 64.48M) | Time:00:00.01 | Mem:0.00M, Peak:0.00M | Scene, ViewLayer | Synchronizing object | left_ankle_joint_cover_1
Fra:1 Mem:64.49M (Peak 64.49M) | Time:00:00.01 | Mem:0.00M, Peak:0.00M | Scene, ViewLayer | Synchronizing object | left_ankle_orange_rim_1
Fra:1 Mem:64.51M (Peak 64.51M) | Time:00:00.01 | Mem:0.00M, Peak:0.00M | Scene, ViewLayer | Synchronizing object | left_foot_continuous_keel
Fra:1 Mem:64.51M (Peak 64.51M) | Time:00:00.01 | Mem:0.00M, Peak:0.00M | Scene, ViewLayer | Synchronizing object | left_foot_toe_ivory_side_-1
Fra:1 Mem:64.51M (Peak 64.51M) | Time:00:00.01 | Mem:0.00M, Peak:0.00M | Scene, ViewLayer | Synchronizing object | left_foot_heel_ivory_side_-1
Fra:1 Mem:64.63M (Peak 64.63M) | Time:00:00.01 | Mem:0.00M, Peak:0.00M | Scene, ViewLayer | Synchronizing object | left_foot_heel_ivory_side_1
Fra:1 Mem:64.72M (Peak 64.72M) | Time:00:00.01 | Mem:0.00M, Peak:0.00M | Scene, ViewLayer | Synchronizing object | left_foot_heel_dark_guard
Fra:1 Mem:64.74M (Peak 64.74M) | Time:00:00.01 | Mem:0.00M, Peak:0.00M | Scene, ViewLayer | Synchronizing object | left_foot_front_top_plate
Fra:1 Mem:64.75M (Peak 64.75M) | Time:00:00.01 | Mem:0.00M, Peak:0.00M | Scene, ViewLayer | Synchronizing object | left_foot_ivory_low_hull
Fra:1 Mem:64.83M (Peak 64.83M) | Time:00:00.01 | Mem:0.00M, Peak:0.00M | Scene, ViewLayer | Synchronizing object | right_frame_thigh
Fra:1 Mem:64.79M (Peak 64.83M) | Time:00:00.01 | Mem:0.00M, Peak:0.00M | Scene, ViewLayer | Synchronizing object | right_shaft_knee
Fra:1 Mem:65.01M (Peak 65.01M) | Time:00:00.01 | Mem:0.00M, Peak:0.00M | Scene, ViewLayer | Synchronizing object | right_frame_distal
Fra:1 Mem:65.08M (Peak 65.08M) | Time:00:00.01 | Mem:0.00M, Peak:0.00M | Scene, ViewLayer | Synchronizing object | right_fold_orange_rim_1
Fra:1 Mem:65.11M (Peak 65.11M) | Time:00:00.01 | Mem:0.00M, Peak:0.00M | Scene, ViewLayer | Synchronizing object | right_toe_contact_pad
Fra:1 Mem:65.13M (Peak 65.13M) | Time:00:00.01 | Mem:0.00M, Peak:0.00M | Scene, ViewLayer | Synchronizing object | right_heel_contact_pad
Fra:1 Mem:65.13M (Peak 65.13M) | Time:00:00.01 | Mem:0.00M, Peak:0.00M | Scene, ViewLayer | Synchronizing object | right_fold_joint_cover_1
Fra:1 Mem:65.14M (Peak 65.14M) | Time:00:00.01 | Mem:0.00M, Peak:0.00M | Scene, ViewLayer | Synchronizing object | right_shaft_ankle
Fra:1 Mem:65.16M (Peak 65.16M) | Time:00:00.01 | Mem:0.00M, Peak:0.00M | Scene, ViewLayer | Synchronizing object | right_thigh_blue_armor
Fra:1 Mem:65.21M (Peak 65.21M) | Time:00:00.01 | Mem:0.00M, Peak:0.00M | Scene, ViewLayer | Synchronizing object | right_middle_blue_armor
Fra:1 Mem:65.22M (Peak 65.22M) | Time:00:00.01 | Mem:0.00M, Peak:0.00M | Scene, ViewLayer | Synchronizing object | right_distal_blue_armor
Fra:1 Mem:65.25M (Peak 65.25M) | Time:00:00.01 | Mem:0.00M, Peak:0.00M | Scene, ViewLayer | Synchronizing object | right_thigh_lower_orange_panel
Fra:1 Mem:65.28M (Peak 65.28M) | Time:00:00.01 | Mem:0.00M, Peak:0.00M | Scene, ViewLayer | Synchronizing object | right_knee_joint_cover_-1
Fra:1 Mem:65.27M (Peak 65.28M) | Time:00:00.01 | Mem:0.00M, Peak:0.00M | Scene, ViewLayer | Synchronizing object | right_fold_joint_cover_-1
Fra:1 Mem:65.28M (Peak 65.28M) | Time:00:00.01 | Mem:0.00M, Peak:0.00M | Scene, ViewLayer | Synchronizing object | right_knee_joint_cover_1
Fra:1 Mem:65.29M (Peak 65.29M) | Time:00:00.01 | Mem:0.00M, Peak:0.00M | Scene, ViewLayer | Synchronizing object | right_knee_orange_rim_1
Fra:1 Mem:65.34M (Peak 65.34M) | Time:00:00.01 | Mem:0.00M, Peak:0.00M | Scene, ViewLayer | Initializing
Fra:1 Mem:51.10M (Peak 65.34M) | Time:00:00.01 | Mem:0.00M, Peak:0.00M | Scene, ViewLayer | Waiting for render to start
Fra:1 Mem:51.10M (Peak 65.34M) | Time:00:00.01 | Mem:0.00M, Peak:0.00M | Scene, ViewLayer | Loading render kernels (may take a few minutes the first time)
Fra:1 Mem:51.10M (Peak 65.34M) | Time:00:00.01 | Mem:0.00M, Peak:0.00M | Scene, ViewLayer | Updating Scene
Fra:1 Mem:51.10M (Peak 65.34M) | Time:00:00.01 | Mem:0.00M, Peak:0.00M | Scene, ViewLayer | Updating Shaders
Fra:1 Mem:51.20M (Peak 65.34M) | Time:00:00.01 | Mem:0.01M, Peak:0.01M | Scene, ViewLayer | Updating Procedurals
Fra:1 Mem:51.20M (Peak 65.34M) | Time:00:00.01 | Mem:0.01M, Peak:0.01M | Scene, ViewLayer | Updating Background
Fra:1 Mem:51.20M (Peak 65.34M) | Time:00:00.01 | Mem:0.01M, Peak:0.01M | Scene, ViewLayer | Updating Camera
Fra:1 Mem:51.20M (Peak 65.34M) | Time:00:00.01 | Mem:0.01M, Peak:0.01M | Scene, ViewLayer | Updating Meshes Flags
Fra:1 Mem:51.20M (Peak 65.34M) | Time:00:00.01 | Mem:0.01M, Peak:0.01M | Scene, ViewLayer | Updating Objects
Fra:1 Mem:51.20M (Peak 65.34M) | Time:00:00.01 | Mem:0.01M, Peak:0.01M | Scene, ViewLayer | Updating Objects | Copying Transformations to device
Fra:1 Mem:51.30M (Peak 65.34M) | Time:00:00.01 | Mem:0.11M, Peak:0.11M | Scene, ViewLayer | Updating Objects | Applying Static Transformations
Fra:1 Mem:51.30M (Peak 65.34M) | Time:00:00.01 | Mem:0.11M, Peak:0.11M | Scene, ViewLayer | Updating Particle Systems
Fra:1 Mem:51.30M (Peak 65.34M) | Time:00:00.01 | Mem:0.11M, Peak:0.11M | Scene, ViewLayer | Updating Particle Systems | Copying Particles to device
Fra:1 Mem:51.30M (Peak 65.34M) | Time:00:00.01 | Mem:0.11M, Peak:0.11M | Scene, ViewLayer | Updating Meshes
Fra:1 Mem:54.24M (Peak 65.34M) | Time:00:00.01 | Mem:0.11M, Peak:0.11M | Scene, ViewLayer | Updating Mesh | Computing attributes
Fra:1 Mem:55.44M (Peak 65.34M) | Time:00:00.01 | Mem:0.13M, Peak:0.13M | Scene, ViewLayer | Updating Mesh | Copying Attributes to device
Fra:1 Mem:55.38M (Peak 65.34M) | Time:00:00.01 | Mem:1.25M, Peak:1.25M | Scene, ViewLayer | Updating Scene BVH | Building
Fra:1 Mem:55.38M (Peak 65.34M) | Time:00:00.01 | Mem:1.25M, Peak:1.25M | Scene, ViewLayer | Updating Scene BVH | Building BVH
Fra:1 Mem:66.41M (Peak 66.41M) | Time:00:00.07 | Mem:1.25M, Peak:1.25M | Scene, ViewLayer | Updating Scene BVH | Packing BVH triangles and strands
Fra:1 Mem:67.15M (Peak 67.15M) | Time:00:00.07 | Mem:1.25M, Peak:1.25M | Scene, ViewLayer | Updating Scene BVH | Packing BVH nodes
Fra:1 Mem:67.16M (Peak 69.51M) | Time:00:00.07 | Mem:1.25M, Peak:1.25M | Scene, ViewLayer | Updating Scene BVH | Copying BVH to device
Fra:1 Mem:67.16M (Peak 69.51M) | Time:00:00.07 | Mem:7.14M, Peak:7.14M | Scene, ViewLayer | Updating Mesh | Computing normals
Fra:1 Mem:73.81M (Peak 73.81M) | Time:00:00.07 | Mem:7.14M, Peak:7.14M | Scene, ViewLayer | Updating Mesh | Copying Mesh to device
Fra:1 Mem:73.81M (Peak 73.81M) | Time:00:00.07 | Mem:13.78M, Peak:13.78M | Scene, ViewLayer | Updating Objects Flags
Fra:1 Mem:73.81M (Peak 73.81M) | Time:00:00.07 | Mem:13.79M, Peak:13.79M | Scene, ViewLayer | Updating Primitive Offsets
Fra:1 Mem:73.81M (Peak 73.81M) | Time:00:00.07 | Mem:13.79M, Peak:13.79M | Scene, ViewLayer | Updating Images
Fra:1 Mem:73.81M (Peak 73.81M) | Time:00:00.07 | Mem:13.79M, Peak:13.79M | Scene, ViewLayer | Updating Camera Volume
Fra:1 Mem:73.81M (Peak 73.81M) | Time:00:00.07 | Mem:13.79M, Peak:13.79M | Scene, ViewLayer | Updating Lookup Tables
Fra:1 Mem:73.81M (Peak 73.81M) | Time:00:00.07 | Mem:13.87M, Peak:13.87M | Scene, ViewLayer | Updating Lights
Fra:1 Mem:73.81M (Peak 73.81M) | Time:00:00.07 | Mem:13.87M, Peak:13.87M | Scene, ViewLayer | Updating Lights | Computing distribution
Fra:1 Mem:73.81M (Peak 73.81M) | Time:00:00.07 | Mem:13.87M, Peak:13.87M | Scene, ViewLayer | Updating Lights | Computing tree
Fra:1 Mem:73.81M (Peak 73.81M) | Time:00:00.07 | Mem:13.87M, Peak:13.87M | Scene, ViewLayer | Updating Integrator
Fra:1 Mem:74.81M (Peak 74.81M) | Time:00:00.07 | Mem:14.87M, Peak:14.87M | Scene, ViewLayer | Updating Film
Fra:1 Mem:74.81M (Peak 74.81M) | Time:00:00.07 | Mem:14.79M, Peak:14.87M | Scene, ViewLayer | Updating Lookup Tables
Fra:1 Mem:74.81M (Peak 74.81M) | Time:00:00.07 | Mem:14.88M, Peak:14.88M | Scene, ViewLayer | Updating Baking
Fra:1 Mem:74.81M (Peak 74.81M) | Time:00:00.07 | Mem:14.88M, Peak:14.88M | Scene, ViewLayer | Updating Device | Writing constant memory
Fra:1 Mem:74.82M (Peak 74.82M) | Time:00:00.07 | Mem:14.88M, Peak:14.88M | Scene, ViewLayer | Sample 0/40
Fra:1 Mem:108.82M (Peak 108.82M) | Time:00:00.76 | Remaining:00:26.82 | Mem:48.87M, Peak:48.87M | Scene, ViewLayer | Sample 1/40
Fra:1 Mem:108.82M (Peak 108.82M) | Time:00:18.99 | Remaining:00:04.01 | Mem:48.87M, Peak:48.87M | Scene, ViewLayer | Sample 33/40
Fra:1 Mem:123.93M (Peak 154.15M) | Time:00:23.27 | Mem:48.87M, Peak:48.87M | Scene, ViewLayer | Sample 40/40
Fra:1 Mem:123.93M (Peak 154.15M) | Time:00:23.27 | Mem:48.87M, Peak:48.87M | Scene, ViewLayer | Finished
Saved: '/home/ethan/Projects/Sai_Art/docs/uri_style/gorilla_v0_1/leg_design_r2/images/rear.png'
Time: 00:23.35 (Saving: 00:00.06)

Fra:1 Mem:57.70M (Peak 57.70M) | Time:00:00.00 | Mem:0.00M, Peak:0.00M | Scene, ViewLayer | Synchronizing object | render_floor_not_a_robot_part
Fra:1 Mem:57.70M (Peak 57.70M) | Time:00:00.00 | Mem:0.00M, Peak:0.00M | Scene, ViewLayer | Synchronizing object | upper_crown_top_panel_line_02
Fra:1 Mem:57.70M (Peak 57.70M) | Time:00:00.00 | Mem:0.00M, Peak:0.00M | Scene, ViewLayer | Synchronizing object | upper_crown_top_panel_line_01
Fra:1 Mem:57.71M (Peak 57.71M) | Time:00:00.00 | Mem:0.00M, Peak:0.00M | Scene, ViewLayer | Synchronizing object | upper_crown_fastener_0
Fra:1 Mem:57.73M (Peak 57.73M) | Time:00:00.00 | Mem:0.00M, Peak:0.00M | Scene, ViewLayer | Synchronizing object | upper_crown_fastener_1
Fra:1 Mem:57.76M (Peak 57.76M) | Time:00:00.00 | Mem:0.00M, Peak:0.00M | Scene, ViewLayer | Synchronizing object | upper_crown_fastener_2
Fra:1 Mem:57.76M (Peak 57.76M) | Time:00:00.00 | Mem:0.00M, Peak:0.00M | Scene, ViewLayer | Synchronizing object | upper_crown_fastener_3
Fra:1 Mem:57.80M (Peak 57.80M) | Time:00:00.00 | Mem:0.00M, Peak:0.00M | Scene, ViewLayer | Synchronizing object | upper_central_indicator_recess
Fra:1 Mem:57.82M (Peak 57.82M) | Time:00:00.00 | Mem:0.00M, Peak:0.00M | Scene, ViewLayer | Synchronizing object | upper_central_indicator_lit_strip
Fra:1 Mem:57.84M (Peak 57.84M) | Time:00:00.00 | Mem:0.00M, Peak:0.00M | Scene, ViewLayer | Synchronizing object | upper_rear_crown_panel_seam_01
Fra:1 Mem:57.84M (Peak 57.84M) | Time:00:00.00 | Mem:0.00M, Peak:0.00M | Scene, ViewLayer | Synchronizing object | upper_rear_crown_panel_seam_02
Fra:1 Mem:57.84M (Peak 57.84M) | Time:00:00.00 | Mem:0.00M, Peak:0.00M | Scene, ViewLayer | Synchronizing object | upper_dark_central_waist_coupler
Fra:1 Mem:57.84M (Peak 57.84M) | Time:00:00.00 | Mem:0.00M, Peak:0.00M | Scene, ViewLayer | Synchronizing object | upper_dark_pelvis_inner_layer
Fra:1 Mem:57.84M (Peak 57.84M) | Time:00:00.00 | Mem:0.00M, Peak:0.00M | Scene, ViewLayer | Synchronizing object | upper_pelvis_front_black_latch
Fra:1 Mem:57.86M (Peak 57.86M) | Time:00:00.00 | Mem:0.00M, Peak:0.00M | Scene, ViewLayer | Synchronizing object | upper_left_deltoid_gold_marker
Fra:1 Mem:57.86M (Peak 57.86M) | Time:00:00.00 | Mem:0.00M, Peak:0.00M | Scene, ViewLayer | Synchronizing object | upper_left_upper_arm_gold_marker
Fra:1 Mem:57.87M (Peak 57.87M) | Time:00:00.00 | Mem:0.00M, Peak:0.00M | Scene, ViewLayer | Synchronizing object | upper_left_forearm_gold_marker
Fra:1 Mem:57.89M (Peak 57.89M) | Time:00:00.00 | Mem:0.00M, Peak:0.00M | Scene, ViewLayer | Synchronizing object | upper_right_upper_arm_gold_marker
Fra:1 Mem:57.89M (Peak 57.89M) | Time:00:00.00 | Mem:0.00M, Peak:0.00M | Scene, ViewLayer | Synchronizing object | upper_right_forearm_gold_marker
Fra:1 Mem:57.89M (Peak 57.89M) | Time:00:00.00 | Mem:0.00M, Peak:0.00M | Scene, ViewLayer | Synchronizing object | upper_continuous_ivory_torso_armor_cover
Fra:1 Mem:58.02M (Peak 58.02M) | Time:00:00.00 | Mem:0.00M, Peak:0.00M | Scene, ViewLayer | Synchronizing object | upper_left_blue_rear_shoulder_edge_cover
Fra:1 Mem:58.03M (Peak 58.03M) | Time:00:00.00 | Mem:0.00M, Peak:0.00M | Scene, ViewLayer | Synchronizing object | upper_right_blue_rear_shoulder_edge_cover
Fra:1 Mem:58.04M (Peak 58.04M) | Time:00:00.00 | Mem:0.00M, Peak:0.00M | Scene, ViewLayer | Synchronizing object | upper_right_ivory_hood_window_side_lip
Fra:1 Mem:58.07M (Peak 58.07M) | Time:00:00.00 | Mem:0.00M, Peak:0.00M | Scene, ViewLayer | Synchronizing object | upper_rear_service_door_shadow
Fra:1 Mem:58.07M (Peak 58.07M) | Time:00:00.00 | Mem:0.00M, Peak:0.00M | Scene, ViewLayer | Synchronizing object | upper_rear_blue_service_door
Fra:1 Mem:58.08M (Peak 58.08M) | Time:00:00.00 | Mem:0.00M, Peak:0.00M | Scene, ViewLayer | Synchronizing object | upper_rear_control_screen_module_envelope
Fra:1 Mem:58.08M (Peak 58.08M) | Time:00:00.00 | Mem:0.00M, Peak:0.00M | Scene, ViewLayer | Synchronizing object | upper_rear_control_screen_header
Fra:1 Mem:58.12M (Peak 58.12M) | Time:00:00.00 | Mem:0.00M, Peak:0.00M | Scene, ViewLayer | Synchronizing object | upper_rear_control_screen_touch_zone_status
Fra:1 Mem:58.12M (Peak 58.12M) | Time:00:00.00 | Mem:0.00M, Peak:0.00M | Scene, ViewLayer | Synchronizing object | upper_rear_control_screen_label_status
Fra:1 Mem:58.13M (Peak 58.13M) | Time:00:00.00 | Mem:0.00M, Peak:0.00M | Scene, ViewLayer | Synchronizing object | upper_rear_control_screen_zone_indicator_status
Fra:1 Mem:58.15M (Peak 58.15M) | Time:00:00.00 | Mem:0.00M, Peak:0.00M | Scene, ViewLayer | Synchronizing object | upper_rear_control_screen_touch_zone_task
Fra:1 Mem:58.16M (Peak 58.16M) | Time:00:00.00 | Mem:0.00M, Peak:0.00M | Scene, ViewLayer | Synchronizing object | upper_rear_control_screen_label_task
Fra:1 Mem:58.17M (Peak 58.17M) | Time:00:00.00 | Mem:0.00M, Peak:0.00M | Scene, ViewLayer | Synchronizing object | upper_rear_control_screen_zone_indicator_task
Fra:1 Mem:58.18M (Peak 58.18M) | Time:00:00.00 | Mem:0.00M, Peak:0.00M | Scene, ViewLayer | Synchronizing object | upper_rear_control_screen_touch_zone_local
Fra:1 Mem:58.21M (Peak 58.21M) | Time:00:00.00 | Mem:0.00M, Peak:0.00M | Scene, ViewLayer | Synchronizing object | upper_rear_control_screen_label_local
Fra:1 Mem:58.23M (Peak 58.23M) | Time:00:00.00 | Mem:0.00M, Peak:0.00M | Scene, ViewLayer | Synchronizing object | upper_rear_control_screen_zone_indicator_local
Fra:1 Mem:58.23M (Peak 58.23M) | Time:00:00.00 | Mem:0.00M, Peak:0.00M | Scene, ViewLayer | Synchronizing object | upper_rear_service_latch
Fra:1 Mem:58.25M (Peak 58.25M) | Time:00:00.00 | Mem:0.00M, Peak:0.00M | Scene, ViewLayer | Synchronizing object | upper_rear_door_upper_tab
Fra:1 Mem:58.27M (Peak 58.27M) | Time:00:00.00 | Mem:0.00M, Peak:0.00M | Scene, ViewLayer | Synchronizing object | upper_rear_door_screw_0
Fra:1 Mem:58.30M (Peak 58.30M) | Time:00:00.00 | Mem:0.00M, Peak:0.00M | Scene, ViewLayer | Synchronizing object | upper_rear_door_screw_1
Fra:1 Mem:58.32M (Peak 58.32M) | Time:00:00.01 | Mem:0.00M, Peak:0.00M | Scene, ViewLayer | Synchronizing object | upper_rear_door_screw_2
Fra:1 Mem:58.34M (Peak 58.34M) | Time:00:00.01 | Mem:0.00M, Peak:0.00M | Scene, ViewLayer | Synchronizing object | upper_ivory_crown_inset
Fra:1 Mem:58.37M (Peak 58.37M) | Time:00:00.01 | Mem:0.00M, Peak:0.00M | Scene, ViewLayer | Synchronizing object | upper_saffron_front_pelvis_cartridge
Fra:1 Mem:58.41M (Peak 58.41M) | Time:00:00.01 | Mem:0.00M, Peak:0.00M | Scene, ViewLayer | Synchronizing object | upper_left_rear_yellow_pelvis_band
Fra:1 Mem:58.45M (Peak 58.45M) | Time:00:00.01 | Mem:0.00M, Peak:0.00M | Scene, ViewLayer | Synchronizing object | upper_right_rear_yellow_pelvis_band
Fra:1 Mem:58.49M (Peak 58.49M) | Time:00:00.01 | Mem:0.00M, Peak:0.00M | Scene, ViewLayer | Synchronizing object | upper_ivory_rear_short_waist_connector
Fra:1 Mem:58.53M (Peak 58.53M) | Time:00:00.01 | Mem:0.00M, Peak:0.00M | Scene, ViewLayer | Synchronizing object | upper_left_blue_continuous_shoulder_sweep
Fra:1 Mem:58.58M (Peak 58.58M) | Time:00:00.01 | Mem:0.00M, Peak:0.00M | Scene, ViewLayer | Synchronizing object | upper_left_blue_shoulder_upper_return
Fra:1 Mem:58.65M (Peak 58.65M) | Time:00:00.01 | Mem:0.00M, Peak:0.00M | Scene, ViewLayer | Synchronizing object | upper_left_blue_rear_shoulder_guard
Fra:1 Mem:58.65M (Peak 58.65M) | Time:00:00.01 | Mem:0.00M, Peak:0.00M | Scene, ViewLayer | Synchronizing object | upper_left_blue_shoulder_diagonal_front_wing
Fra:1 Mem:58.97M (Peak 58.98M) | Time:00:00.01 | Mem:0.00M, Peak:0.00M | Scene, ViewLayer | Synchronizing object | upper_left_blue_chest_cheek_wrap
Fra:1 Mem:59.12M (Peak 59.12M) | Time:00:00.01 | Mem:0.00M, Peak:0.00M | Scene, ViewLayer | Synchronizing object | upper_left_blue_chest_cheek_side_return
Fra:1 Mem:59.15M (Peak 59.15M) | Time:00:00.01 | Mem:0.00M, Peak:0.00M | Scene, ViewLayer | Synchronizing object | upper_left_radiator_ivory_socket
Fra:1 Mem:59.17M (Peak 59.17M) | Time:00:00.01 | Mem:0.00M, Peak:0.00M | Scene, ViewLayer | Synchronizing object | upper_left_radiator_gold_trim
Fra:1 Mem:59.28M (Peak 59.28M) | Time:00:00.01 | Mem:0.00M, Peak:0.00M | Scene, ViewLayer | Synchronizing object | upper_left_radiator_black_well
Fra:1 Mem:59.30M (Peak 59.30M) | Time:00:00.01 | Mem:0.00M, Peak:0.00M | Scene, ViewLayer | Synchronizing object | upper_left_radiator_turning_plenum
Fra:1 Mem:59.22M (Peak 59.30M) | Time:00:00.01 | Mem:0.00M, Peak:0.00M | Scene, ViewLayer | Synchronizing object | upper_left_radiator_louver_00
Fra:1 Mem:59.23M (Peak 59.30M) | Time:00:00.01 | Mem:0.00M, Peak:0.00M | Scene, ViewLayer | Synchronizing object | upper_left_radiator_louver_02
Fra:1 Mem:59.24M (Peak 59.30M) | Time:00:00.01 | Mem:0.00M, Peak:0.00M | Scene, ViewLayer | Synchronizing object | upper_left_radiator_louver_03
Fra:1 Mem:59.25M (Peak 59.30M) | Time:00:00.01 | Mem:0.00M, Peak:0.00M | Scene, ViewLayer | Synchronizing object | upper_left_radiator_louver_04
Fra:1 Mem:59.26M (Peak 59.30M) | Time:00:00.01 | Mem:0.00M, Peak:0.00M | Scene, ViewLayer | Synchronizing object | upper_left_radiator_louver_05
Fra:1 Mem:59.26M (Peak 59.30M) | Time:00:00.01 | Mem:0.00M, Peak:0.00M | Scene, ViewLayer | Synchronizing object | upper_left_radiator_louver_07
Fra:1 Mem:59.27M (Peak 59.30M) | Time:00:00.01 | Mem:0.00M, Peak:0.00M | Scene, ViewLayer | Synchronizing object | upper_left_radiator_louver_08
Fra:1 Mem:59.28M (Peak 59.30M) | Time:00:00.01 | Mem:0.00M, Peak:0.00M | Scene, ViewLayer | Synchronizing object | upper_left_radiator_louver_09
Fra:1 Mem:59.29M (Peak 59.30M) | Time:00:00.01 | Mem:0.00M, Peak:0.00M | Scene, ViewLayer | Synchronizing object | upper_left_radiator_louver_10
Fra:1 Mem:59.30M (Peak 59.30M) | Time:00:00.01 | Mem:0.00M, Peak:0.00M | Scene, ViewLayer | Synchronizing object | upper_left_vent_fastener_0
Fra:1 Mem:59.32M (Peak 59.32M) | Time:00:00.01 | Mem:0.00M, Peak:0.00M | Scene, ViewLayer | Synchronizing object | upper_left_vent_fastener_1
Fra:1 Mem:59.34M (Peak 59.34M) | Time:00:00.01 | Mem:0.00M, Peak:0.00M | Scene, ViewLayer | Synchronizing object | upper_left_vent_fastener_2
Fra:1 Mem:59.37M (Peak 59.37M) | Time:00:00.01 | Mem:0.00M, Peak:0.00M | Scene, ViewLayer | Synchronizing object | upper_left_vent_fastener_3
Fra:1 Mem:59.38M (Peak 59.38M) | Time:00:00.01 | Mem:0.00M, Peak:0.00M | Scene, ViewLayer | Synchronizing object | upper_left_dark_torso_side_housing
Fra:1 Mem:59.42M (Peak 59.42M) | Time:00:00.01 | Mem:0.00M, Peak:0.00M | Scene, ViewLayer | Synchronizing object | upper_left_torso_side_layer_00
Fra:1 Mem:59.42M (Peak 59.42M) | Time:00:00.01 | Mem:0.00M, Peak:0.00M | Scene, ViewLayer | Synchronizing object | right_foot_front_top_plate
Fra:1 Mem:59.47M (Peak 59.47M) | Time:00:00.01 | Mem:0.00M, Peak:0.00M | Scene, ViewLayer | Synchronizing object | upper_left_torso_side_layer_lip_00
Fra:1 Mem:59.48M (Peak 59.48M) | Time:00:00.01 | Mem:0.00M, Peak:0.00M | Scene, ViewLayer | Synchronizing object | upper_left_torso_side_layer_01
Fra:1 Mem:59.50M (Peak 59.50M) | Time:00:00.01 | Mem:0.00M, Peak:0.00M | Scene, ViewLayer | Synchronizing object | upper_left_torso_side_layer_lip_01
Fra:1 Mem:59.51M (Peak 59.51M) | Time:00:00.01 | Mem:0.00M, Peak:0.00M | Scene, ViewLayer | Synchronizing object | upper_left_torso_side_layer_02
Fra:1 Mem:59.56M (Peak 59.56M) | Time:00:00.01 | Mem:0.00M, Peak:0.00M | Scene, ViewLayer | Synchronizing object | upper_left_torso_side_layer_03
Fra:1 Mem:59.58M (Peak 59.58M) | Time:00:00.01 | Mem:0.00M, Peak:0.00M | Scene, ViewLayer | Synchronizing object | upper_left_blue_deltoid_wrap
Fra:1 Mem:59.60M (Peak 59.60M) | Time:00:00.01 | Mem:0.00M, Peak:0.00M | Scene, ViewLayer | Synchronizing object | upper_left_ivory_shoulder_cap
Fra:1 Mem:60.02M (Peak 60.02M) | Time:00:00.01 | Mem:0.00M, Peak:0.00M | Scene, ViewLayer | Synchronizing object | right_foot_heel_ivory_side_1
Fra:1 Mem:60.11M (Peak 60.11M) | Time:00:00.01 | Mem:0.00M, Peak:0.00M | Scene, ViewLayer | Synchronizing object | right_foot_heel_ivory_side_-1
Fra:1 Mem:60.16M (Peak 60.16M) | Time:00:00.01 | Mem:0.00M, Peak:0.00M | Scene, ViewLayer | Synchronizing object | right_foot_toe_ivory_side_1
Fra:1 Mem:60.21M (Peak 60.21M) | Time:00:00.01 | Mem:0.00M, Peak:0.00M | Scene, ViewLayer | Synchronizing object | upper_left_ivory_lower_upper_arm
Fra:1 Mem:60.27M (Peak 60.27M) | Time:00:00.01 | Mem:0.00M, Peak:0.00M | Scene, ViewLayer | Synchronizing object | upper_left_shoulder_open_bearing_seat
Fra:1 Mem:60.26M (Peak 60.27M) | Time:00:00.01 | Mem:0.00M, Peak:0.00M | Scene, ViewLayer | Synchronizing object | upper_right_blue_shoulder_upper_return
Fra:1 Mem:60.29M (Peak 60.29M) | Time:00:00.01 | Mem:0.00M, Peak:0.00M | Scene, ViewLayer | Synchronizing object | upper_right_blue_rear_shoulder_guard
Fra:1 Mem:60.65M (Peak 60.65M) | Time:00:00.01 | Mem:0.00M, Peak:0.00M | Scene, ViewLayer | Synchronizing object | upper_right_blue_shoulder_diagonal_front_wing
Fra:1 Mem:60.70M (Peak 60.70M) | Time:00:00.01 | Mem:0.00M, Peak:0.00M | Scene, ViewLayer | Synchronizing object | upper_right_blue_chest_cheek_wrap
Fra:1 Mem:60.81M (Peak 60.81M) | Time:00:00.01 | Mem:0.00M, Peak:0.00M | Scene, ViewLayer | Synchronizing object | upper_right_blue_chest_cheek_side_return
Fra:1 Mem:60.86M (Peak 60.86M) | Time:00:00.01 | Mem:0.00M, Peak:0.00M | Scene, ViewLayer | Synchronizing object | upper_right_radiator_ivory_socket
Fra:1 Mem:60.91M (Peak 60.91M) | Time:00:00.01 | Mem:0.00M, Peak:0.00M | Scene, ViewLayer | Synchronizing object | upper_right_radiator_black_well
Fra:1 Mem:60.91M (Peak 60.91M) | Time:00:00.01 | Mem:0.00M, Peak:0.00M | Scene, ViewLayer | Synchronizing object | upper_right_radiator_gold_trim
Fra:1 Mem:60.86M (Peak 60.91M) | Time:00:00.01 | Mem:0.00M, Peak:0.00M | Scene, ViewLayer | Synchronizing object | upper_right_radiator_louver_00
Fra:1 Mem:60.88M (Peak 60.91M) | Time:00:00.01 | Mem:0.00M, Peak:0.00M | Scene, ViewLayer | Synchronizing object | upper_right_radiator_louver_01
Fra:1 Mem:60.89M (Peak 60.91M) | Time:00:00.01 | Mem:0.00M, Peak:0.00M | Scene, ViewLayer | Synchronizing object | upper_right_radiator_louver_02
Fra:1 Mem:60.89M (Peak 60.91M) | Time:00:00.01 | Mem:0.00M, Peak:0.00M | Scene, ViewLayer | Synchronizing object | upper_right_radiator_louver_03
Fra:1 Mem:60.90M (Peak 60.91M) | Time:00:00.01 | Mem:0.00M, Peak:0.00M | Scene, ViewLayer | Synchronizing object | upper_right_radiator_louver_04
Fra:1 Mem:60.90M (Peak 60.91M) | Time:00:00.01 | Mem:0.00M, Peak:0.00M | Scene, ViewLayer | Synchronizing object | upper_right_radiator_louver_05
Fra:1 Mem:60.92M (Peak 60.92M) | Time:00:00.01 | Mem:0.00M, Peak:0.00M | Scene, ViewLayer | Synchronizing object | upper_right_radiator_louver_06
Fra:1 Mem:60.92M (Peak 60.92M) | Time:00:00.01 | Mem:0.00M, Peak:0.00M | Scene, ViewLayer | Synchronizing object | upper_right_radiator_louver_07
Fra:1 Mem:60.93M (Peak 60.93M) | Time:00:00.01 | Mem:0.00M, Peak:0.00M | Scene, ViewLayer | Synchronizing object | upper_right_radiator_louver_08
Fra:1 Mem:60.94M (Peak 60.94M) | Time:00:00.01 | Mem:0.00M, Peak:0.00M | Scene, ViewLayer | Synchronizing object | upper_right_radiator_louver_09
Fra:1 Mem:60.95M (Peak 60.95M) | Time:00:00.01 | Mem:0.00M, Peak:0.00M | Scene, ViewLayer | Synchronizing object | upper_right_radiator_louver_10
Fra:1 Mem:60.95M (Peak 60.95M) | Time:00:00.01 | Mem:0.00M, Peak:0.00M | Scene, ViewLayer | Synchronizing object | upper_right_vent_fastener_0
Fra:1 Mem:60.97M (Peak 60.97M) | Time:00:00.01 | Mem:0.00M, Peak:0.00M | Scene, ViewLayer | Synchronizing object | upper_right_vent_fastener_1
Fra:1 Mem:60.99M (Peak 60.99M) | Time:00:00.01 | Mem:0.00M, Peak:0.00M | Scene, ViewLayer | Synchronizing object | upper_right_vent_fastener_2
Fra:1 Mem:61.02M (Peak 61.02M) | Time:00:00.01 | Mem:0.00M, Peak:0.00M | Scene, ViewLayer | Synchronizing object | upper_right_dark_torso_side_housing
Fra:1 Mem:61.07M (Peak 61.07M) | Time:00:00.01 | Mem:0.00M, Peak:0.00M | Scene, ViewLayer | Synchronizing object | upper_right_torso_side_layer_00
Fra:1 Mem:61.07M (Peak 61.07M) | Time:00:00.01 | Mem:0.00M, Peak:0.00M | Scene, ViewLayer | Synchronizing object | upper_right_torso_side_layer_lip_00
Fra:1 Mem:61.10M (Peak 61.10M) | Time:00:00.01 | Mem:0.00M, Peak:0.00M | Scene, ViewLayer | Synchronizing object | upper_right_torso_side_layer_02
Fra:1 Mem:61.12M (Peak 61.12M) | Time:00:00.01 | Mem:0.00M, Peak:0.00M | Scene, ViewLayer | Synchronizing object | upper_right_torso_side_layer_lip_02
Fra:1 Mem:61.13M (Peak 61.13M) | Time:00:00.01 | Mem:0.00M, Peak:0.00M | Scene, ViewLayer | Synchronizing object | upper_right_torso_side_layer_03
Fra:1 Mem:61.15M (Peak 61.15M) | Time:00:00.01 | Mem:0.00M, Peak:0.00M | Scene, ViewLayer | Synchronizing object | upper_right_torso_side_layer_lip_03
Fra:1 Mem:61.16M (Peak 61.16M) | Time:00:00.01 | Mem:0.00M, Peak:0.00M | Scene, ViewLayer | Synchronizing object | upper_right_blue_forearm_wrap
Fra:1 Mem:61.23M (Peak 61.23M) | Time:00:00.01 | Mem:0.00M, Peak:0.00M | Scene, ViewLayer | Synchronizing object | upper_right_blue_deltoid_wrap
Fra:1 Mem:61.27M (Peak 61.27M) | Time:00:00.01 | Mem:0.00M, Peak:0.00M | Scene, ViewLayer | Synchronizing object | upper_right_ivory_shoulder_cap
Fra:1 Mem:61.35M (Peak 61.35M) | Time:00:00.01 | Mem:0.00M, Peak:0.00M | Scene, ViewLayer | Synchronizing object | upper_right_shoulder_open_bearing_seat
Fra:1 Mem:61.63M (Peak 61.63M) | Time:00:00.01 | Mem:0.00M, Peak:0.00M | Scene, ViewLayer | Synchronizing object | upper_right_ivory_lower_upper_arm
Fra:1 Mem:61.66M (Peak 61.66M) | Time:00:00.01 | Mem:0.00M, Peak:0.00M | Scene, ViewLayer | Synchronizing object | upper_right_blue_elbow_yoke
Fra:1 Mem:61.76M (Peak 61.76M) | Time:00:00.01 | Mem:0.00M, Peak:0.00M | Scene, ViewLayer | Synchronizing object | upper_left_shoulder_barrel_band_0
Fra:1 Mem:61.86M (Peak 61.86M) | Time:00:00.01 | Mem:0.00M, Peak:0.00M | Scene, ViewLayer | Synchronizing object | upper_left_shoulder_barrel_band_1
Fra:1 Mem:61.90M (Peak 61.90M) | Time:00:00.01 | Mem:0.00M, Peak:0.00M | Scene, ViewLayer | Synchronizing object | upper_left_shoulder_negative_y_support_cheek
Fra:1 Mem:61.91M (Peak 61.91M) | Time:00:00.01 | Mem:0.00M, Peak:0.00M | Scene, ViewLayer | Synchronizing object | upper_left_shoulder_negative_y_recessed_face
Fra:1 Mem:61.92M (Peak 61.92M) | Time:00:00.01 | Mem:0.00M, Peak:0.00M | Scene, ViewLayer | Synchronizing object | upper_left_shoulder_negative_y_thin_rim
Fra:1 Mem:61.95M (Peak 61.98M) | Time:00:00.01 | Mem:0.00M, Peak:0.00M | Scene, ViewLayer | Synchronizing object | upper_left_shoulder_negative_y_central_cap
Fra:1 Mem:62.00M (Peak 62.00M) | Time:00:00.01 | Mem:0.00M, Peak:0.00M | Scene, ViewLayer | Synchronizing object | upper_left_shoulder_negative_y_cap_step
Fra:1 Mem:62.09M (Peak 62.09M) | Time:00:00.01 | Mem:0.00M, Peak:0.00M | Scene, ViewLayer | Synchronizing object | upper_left_shoulder_positive_y_support_cheek
Fra:1 Mem:62.14M (Peak 62.14M) | Time:00:00.01 | Mem:0.00M, Peak:0.00M | Scene, ViewLayer | Synchronizing object | upper_left_shoulder_positive_y_recessed_face
Fra:1 Mem:62.14M (Peak 62.14M) | Time:00:00.01 | Mem:0.00M, Peak:0.00M | Scene, ViewLayer | Synchronizing object | upper_left_shoulder_positive_y_thin_rim
Fra:1 Mem:62.15M (Peak 62.15M) | Time:00:00.01 | Mem:0.00M, Peak:0.00M | Scene, ViewLayer | Synchronizing object | upper_left_shoulder_positive_y_central_cap
Fra:1 Mem:62.17M (Peak 62.17M) | Time:00:00.01 | Mem:0.00M, Peak:0.00M | Scene, ViewLayer | Synchronizing object | right_foot_continuous_keel
Fra:1 Mem:62.17M (Peak 62.17M) | Time:00:00.01 | Mem:0.00M, Peak:0.00M | Scene, ViewLayer | Synchronizing object | upper_left_elbow_inner_barrel
Fra:1 Mem:62.18M (Peak 62.18M) | Time:00:00.01 | Mem:0.00M, Peak:0.00M | Scene, ViewLayer | Synchronizing object | right_ankle_orange_rim_1
Fra:1 Mem:62.12M (Peak 62.18M) | Time:00:00.01 | Mem:0.00M, Peak:0.00M | Scene, ViewLayer | Synchronizing object | upper_left_elbow_barrel_band_1
Fra:1 Mem:62.13M (Peak 62.18M) | Time:00:00.01 | Mem:0.00M, Peak:0.00M | Scene, ViewLayer | Synchronizing object | upper_left_elbow_negative_y_support_cheek
Fra:1 Mem:62.15M (Peak 62.18M) | Time:00:00.01 | Mem:0.00M, Peak:0.00M | Scene, ViewLayer | Synchronizing object | upper_left_elbow_negative_y_recessed_face
Fra:1 Mem:62.15M (Peak 62.18M) | Time:00:00.01 | Mem:0.00M, Peak:0.00M | Scene, ViewLayer | Synchronizing object | upper_left_elbow_negative_y_thin_rim
Fra:1 Mem:62.18M (Peak 62.18M) | Time:00:00.01 | Mem:0.00M, Peak:0.00M | Scene, ViewLayer | Synchronizing object | upper_left_elbow_negative_y_central_cap
Fra:1 Mem:62.21M (Peak 62.21M) | Time:00:00.01 | Mem:0.00M, Peak:0.00M | Scene, ViewLayer | Synchronizing object | upper_left_elbow_negative_y_cap_step
Fra:1 Mem:62.23M (Peak 62.23M) | Time:00:00.01 | Mem:0.00M, Peak:0.00M | Scene, ViewLayer | Synchronizing object | upper_left_elbow_positive_y_support_cheek
Fra:1 Mem:62.24M (Peak 62.24M) | Time:00:00.01 | Mem:0.00M, Peak:0.00M | Scene, ViewLayer | Synchronizing object | upper_left_elbow_positive_y_recessed_face
Fra:1 Mem:62.25M (Peak 62.25M) | Time:00:00.01 | Mem:0.00M, Peak:0.00M | Scene, ViewLayer | Synchronizing object | upper_left_elbow_positive_y_thin_rim
Fra:1 Mem:62.28M (Peak 62.28M) | Time:00:00.01 | Mem:0.00M, Peak:0.00M | Scene, ViewLayer | Synchronizing object | upper_left_elbow_positive_y_central_cap
Fra:1 Mem:62.31M (Peak 62.31M) | Time:00:00.01 | Mem:0.00M, Peak:0.00M | Scene, ViewLayer | Synchronizing object | upper_left_elbow_positive_y_cap_step
Fra:1 Mem:62.31M (Peak 62.31M) | Time:00:00.01 | Mem:0.00M, Peak:0.00M | Scene, ViewLayer | Synchronizing object | upper_left_elbow_forward_shallow_cover
Fra:1 Mem:62.34M (Peak 62.34M) | Time:00:00.01 | Mem:0.00M, Peak:0.00M | Scene, ViewLayer | Synchronizing object | upper_left_elbow_forward_recessed_face
Fra:1 Mem:62.34M (Peak 62.34M) | Time:00:00.01 | Mem:0.00M, Peak:0.00M | Scene, ViewLayer | Synchronizing object | upper_left_elbow_forward_dark_center
Fra:1 Mem:62.35M (Peak 62.35M) | Time:00:00.01 | Mem:0.00M, Peak:0.00M | Scene, ViewLayer | Synchronizing object | upper_left_wrist_inner_barrel
Fra:1 Mem:62.37M (Peak 62.37M) | Time:00:00.01 | Mem:0.00M, Peak:0.00M | Scene, ViewLayer | Synchronizing object | upper_left_wrist_barrel_band_0
Fra:1 Mem:62.44M (Peak 62.44M) | Time:00:00.01 | Mem:0.00M, Peak:0.00M | Scene, ViewLayer | Synchronizing object | upper_left_wrist_barrel_band_1
Fra:1 Mem:62.46M (Peak 62.46M) | Time:00:00.01 | Mem:0.00M, Peak:0.00M | Scene, ViewLayer | Synchronizing object | upper_left_wrist_negative_y_support_cheek
Fra:1 Mem:62.46M (Peak 62.46M) | Time:00:00.01 | Mem:0.00M, Peak:0.00M | Scene, ViewLayer | Synchronizing object | upper_left_wrist_negative_y_thin_rim
Fra:1 Mem:62.47M (Peak 62.47M) | Time:00:00.01 | Mem:0.00M, Peak:0.00M | Scene, ViewLayer | Synchronizing object | upper_left_wrist_negative_y_central_cap
Fra:1 Mem:62.47M (Peak 62.47M) | Time:00:00.01 | Mem:0.00M, Peak:0.00M | Scene, ViewLayer | Synchronizing object | upper_left_wrist_negative_y_cap_step
Fra:1 Mem:62.50M (Peak 62.50M) | Time:00:00.01 | Mem:0.00M, Peak:0.00M | Scene, ViewLayer | Synchronizing object | upper_left_wrist_positive_y_support_cheek
Fra:1 Mem:62.52M (Peak 62.52M) | Time:00:00.01 | Mem:0.00M, Peak:0.00M | Scene, ViewLayer | Synchronizing object | upper_left_wrist_positive_y_recessed_face
Fra:1 Mem:62.53M (Peak 62.53M) | Time:00:00.01 | Mem:0.00M, Peak:0.00M | Scene, ViewLayer | Synchronizing object | upper_left_wrist_positive_y_thin_rim
Fra:1 Mem:62.55M (Peak 62.56M) | Time:00:00.01 | Mem:0.00M, Peak:0.00M | Scene, ViewLayer | Synchronizing object | upper_left_wrist_positive_y_central_cap
Fra:1 Mem:62.57M (Peak 62.57M) | Time:00:00.01 | Mem:0.00M, Peak:0.00M | Scene, ViewLayer | Synchronizing object | upper_left_palm_inner_carrier
Fra:1 Mem:62.62M (Peak 62.62M) | Time:00:00.01 | Mem:0.00M, Peak:0.00M | Scene, ViewLayer | Synchronizing object | upper_left_ivory_palm_dorsal
Fra:1 Mem:62.62M (Peak 62.62M) | Time:00:00.01 | Mem:0.00M, Peak:0.00M | Scene, ViewLayer | Synchronizing object | upper_left_ivory_palm_reverse_cover
Fra:1 Mem:62.62M (Peak 62.62M) | Time:00:00.01 | Mem:0.00M, Peak:0.00M | Scene, ViewLayer | Synchronizing object | upper_left_palm_lower_dark_seam
Fra:1 Mem:62.62M (Peak 62.62M) | Time:00:00.01 | Mem:0.00M, Peak:0.00M | Scene, ViewLayer | Synchronizing object | upper_left_palm_upper_exposed_hinge
Fra:1 Mem:62.64M (Peak 62.64M) | Time:00:00.01 | Mem:0.00M, Peak:0.00M | Scene, ViewLayer | Synchronizing object | upper_left_palm_lower_exposed_hinge
Fra:1 Mem:62.64M (Peak 62.64M) | Time:00:00.01 | Mem:0.00M, Peak:0.00M | Scene, ViewLayer | Synchronizing object | upper_left_finger_1_root_joint
Fra:1 Mem:62.65M (Peak 62.65M) | Time:00:00.01 | Mem:0.00M, Peak:0.00M | Scene, ViewLayer | Synchronizing object | upper_left_finger_1_proximal_casting
Fra:1 Mem:62.65M (Peak 62.65M) | Time:00:00.01 | Mem:0.00M, Peak:0.00M | Scene, ViewLayer | Synchronizing object | upper_left_finger_1_ivory_first_pad
Fra:1 Mem:62.69M (Peak 62.69M) | Time:00:00.01 | Mem:0.00M, Peak:0.00M | Scene, ViewLayer | Synchronizing object | upper_left_finger_1_ivory_reverse_first_pad
Fra:1 Mem:62.70M (Peak 62.70M) | Time:00:00.01 | Mem:0.00M, Peak:0.00M | Scene, ViewLayer | Synchronizing object | upper_left_finger_1_interphalangeal_joint
Fra:1 Mem:62.71M (Peak 62.71M) | Time:00:00.01 | Mem:0.00M, Peak:0.00M | Scene, ViewLayer | Synchronizing object | upper_left_finger_1_curved_distal
Fra:1 Mem:62.72M (Peak 62.72M) | Time:00:00.01 | Mem:0.00M, Peak:0.00M | Scene, ViewLayer | Synchronizing object | upper_left_finger_1_tip_contact_pad
Fra:1 Mem:62.71M (Peak 62.72M) | Time:00:00.01 | Mem:0.00M, Peak:0.00M | Scene, ViewLayer | Synchronizing object | upper_left_finger_2_proximal_casting
Fra:1 Mem:62.71M (Peak 62.72M) | Time:00:00.01 | Mem:0.00M, Peak:0.00M | Scene, ViewLayer | Synchronizing object | upper_left_finger_2_ivory_first_pad
Fra:1 Mem:62.72M (Peak 62.72M) | Time:00:00.01 | Mem:0.00M, Peak:0.00M | Scene, ViewLayer | Synchronizing object | upper_left_finger_2_ivory_reverse_first_pad
Fra:1 Mem:62.73M (Peak 62.73M) | Time:00:00.01 | Mem:0.00M, Peak:0.00M | Scene, ViewLayer | Synchronizing object | upper_left_finger_2_curved_distal
Fra:1 Mem:62.73M (Peak 62.73M) | Time:00:00.01 | Mem:0.00M, Peak:0.00M | Scene, ViewLayer | Synchronizing object | upper_left_finger_2_tip_contact_pad
Fra:1 Mem:62.74M (Peak 62.74M) | Time:00:00.01 | Mem:0.00M, Peak:0.00M | Scene, ViewLayer | Synchronizing object | upper_left_finger_3_root_joint
Fra:1 Mem:62.75M (Peak 62.75M) | Time:00:00.01 | Mem:0.00M, Peak:0.00M | Scene, ViewLayer | Synchronizing object | upper_left_finger_3_proximal_casting
Fra:1 Mem:62.76M (Peak 62.76M) | Time:00:00.01 | Mem:0.00M, Peak:0.00M | Scene, ViewLayer | Synchronizing object | upper_left_finger_3_ivory_first_pad
Fra:1 Mem:62.76M (Peak 62.76M) | Time:00:00.01 | Mem:0.00M, Peak:0.00M | Scene, ViewLayer | Synchronizing object | right_ankle_orange_rim_-1
Fra:1 Mem:62.76M (Peak 62.76M) | Time:00:00.01 | Mem:0.00M, Peak:0.00M | Scene, ViewLayer | Synchronizing object | upper_left_finger_3_curved_distal
Fra:1 Mem:62.78M (Peak 62.78M) | Time:00:00.01 | Mem:0.00M, Peak:0.00M | Scene, ViewLayer | Synchronizing object | upper_left_finger_3_tip_contact_pad
Fra:1 Mem:62.79M (Peak 62.79M) | Time:00:00.01 | Mem:0.00M, Peak:0.00M | Scene, ViewLayer | Synchronizing object | upper_left_thumb_root_web
Fra:1 Mem:62.79M (Peak 62.79M) | Time:00:00.01 | Mem:0.00M, Peak:0.00M | Scene, ViewLayer | Synchronizing object | upper_left_thumb_root_pin
Fra:1 Mem:62.81M (Peak 62.81M) | Time:00:00.01 | Mem:0.00M, Peak:0.00M | Scene, ViewLayer | Synchronizing object | upper_left_thumb_proximal_casting
Fra:1 Mem:62.80M (Peak 62.81M) | Time:00:00.01 | Mem:0.00M, Peak:0.00M | Scene, ViewLayer | Synchronizing object | upper_left_thumb_ivory_first_pad
Fra:1 Mem:62.81M (Peak 62.81M) | Time:00:00.01 | Mem:0.00M, Peak:0.00M | Scene, ViewLayer | Synchronizing object | upper_left_thumb_middle_pin
Fra:1 Mem:62.82M (Peak 62.82M) | Time:00:00.01 | Mem:0.00M, Peak:0.00M | Scene, ViewLayer | Synchronizing object | right_fold_orange_rim_1
Fra:1 Mem:62.82M (Peak 62.82M) | Time:00:00.01 | Mem:0.00M, Peak:0.00M | Scene, ViewLayer | Synchronizing object | upper_left_palm_wrist_negative_y_short_neck
Fra:1 Mem:62.85M (Peak 62.85M) | Time:00:00.01 | Mem:0.00M, Peak:0.00M | Scene, ViewLayer | Synchronizing object | upper_left_palm_wrist_positive_y_short_neck
Fra:1 Mem:62.85M (Peak 62.85M) | Time:00:00.01 | Mem:0.00M, Peak:0.00M | Scene, ViewLayer | Synchronizing object | upper_right_shoulder_inner_barrel
Fra:1 Mem:62.85M (Peak 62.85M) | Time:00:00.01 | Mem:0.00M, Peak:0.00M | Scene, ViewLayer | Synchronizing object | upper_right_shoulder_barrel_band_0
Fra:1 Mem:62.86M (Peak 62.86M) | Time:00:00.01 | Mem:0.00M, Peak:0.00M | Scene, ViewLayer | Synchronizing object | upper_right_shoulder_barrel_band_1
Fra:1 Mem:62.89M (Peak 62.89M) | Time:00:00.01 | Mem:0.00M, Peak:0.00M | Scene, ViewLayer | Synchronizing object | upper_right_shoulder_negative_y_support_cheek
Fra:1 Mem:62.91M (Peak 62.91M) | Time:00:00.01 | Mem:0.00M, Peak:0.00M | Scene, ViewLayer | Synchronizing object | upper_right_shoulder_negative_y_recessed_face
Fra:1 Mem:62.92M (Peak 62.92M) | Time:00:00.01 | Mem:0.00M, Peak:0.00M | Scene, ViewLayer | Synchronizing object | upper_right_shoulder_negative_y_thin_rim
Fra:1 Mem:62.94M (Peak 62.94M) | Time:00:00.01 | Mem:0.00M, Peak:0.00M | Scene, ViewLayer | Synchronizing object | upper_right_shoulder_negative_y_cap_step
Fra:1 Mem:62.99M (Peak 62.99M) | Time:00:00.01 | Mem:0.00M, Peak:0.00M | Scene, ViewLayer | Synchronizing object | upper_right_shoulder_positive_y_support_cheek
Fra:1 Mem:63.00M (Peak 63.00M) | Time:00:00.01 | Mem:0.00M, Peak:0.00M | Scene, ViewLayer | Synchronizing object | upper_right_shoulder_positive_y_recessed_face
Fra:1 Mem:63.01M (Peak 63.01M) | Time:00:00.01 | Mem:0.00M, Peak:0.00M | Scene, ViewLayer | Synchronizing object | upper_right_shoulder_positive_y_thin_rim
Fra:1 Mem:63.02M (Peak 63.02M) | Time:00:00.01 | Mem:0.00M, Peak:0.00M | Scene, ViewLayer | Synchronizing object | upper_right_shoulder_positive_y_cap_step
Fra:1 Mem:63.09M (Peak 63.09M) | Time:00:00.01 | Mem:0.00M, Peak:0.00M | Scene, ViewLayer | Synchronizing object | upper_right_elbow_inner_barrel
Fra:1 Mem:63.09M (Peak 63.09M) | Time:00:00.01 | Mem:0.00M, Peak:0.00M | Scene, ViewLayer | Synchronizing object | upper_right_elbow_barrel_band_1
Fra:1 Mem:63.12M (Peak 63.12M) | Time:00:00.01 | Mem:0.00M, Peak:0.00M | Scene, ViewLayer | Synchronizing object | upper_right_elbow_negative_y_support_cheek
Fra:1 Mem:63.14M (Peak 63.14M) | Time:00:00.01 | Mem:0.00M, Peak:0.00M | Scene, ViewLayer | Synchronizing object | upper_right_elbow_negative_y_central_cap
Fra:1 Mem:63.19M (Peak 63.19M) | Time:00:00.01 | Mem:0.00M, Peak:0.00M | Scene, ViewLayer | Synchronizing object | upper_right_elbow_negative_y_cap_step
Fra:1 Mem:63.22M (Peak 63.22M) | Time:00:00.01 | Mem:0.00M, Peak:0.00M | Scene, ViewLayer | Synchronizing object | upper_right_elbow_positive_y_support_cheek
Fra:1 Mem:63.25M (Peak 63.25M) | Time:00:00.01 | Mem:0.00M, Peak:0.00M | Scene, ViewLayer | Synchronizing object | upper_right_elbow_positive_y_recessed_face
Fra:1 Mem:63.25M (Peak 63.25M) | Time:00:00.01 | Mem:0.00M, Peak:0.00M | Scene, ViewLayer | Synchronizing object | right_fold_orange_rim_-1
Fra:1 Mem:63.25M (Peak 63.25M) | Time:00:00.01 | Mem:0.00M, Peak:0.00M | Scene, ViewLayer | Synchronizing object | upper_right_elbow_positive_y_cap_step
Fra:1 Mem:63.34M (Peak 63.34M) | Time:00:00.01 | Mem:0.00M, Peak:0.00M | Scene, ViewLayer | Synchronizing object | upper_right_elbow_forward_shallow_cover
Fra:1 Mem:63.36M (Peak 63.36M) | Time:00:00.01 | Mem:0.00M, Peak:0.00M | Scene, ViewLayer | Synchronizing object | upper_right_elbow_forward_recessed_face
Fra:1 Mem:63.36M (Peak 63.36M) | Time:00:00.01 | Mem:0.00M, Peak:0.00M | Scene, ViewLayer | Synchronizing object | upper_right_elbow_forward_dark_center
Fra:1 Mem:63.37M (Peak 63.37M) | Time:00:00.01 | Mem:0.00M, Peak:0.00M | Scene, ViewLayer | Synchronizing object | upper_right_wrist_inner_barrel
Fra:1 Mem:63.42M (Peak 63.42M) | Time:00:00.01 | Mem:0.00M, Peak:0.00M | Scene, ViewLayer | Synchronizing object | upper_right_wrist_barrel_band_0
Fra:1 Mem:63.44M (Peak 63.44M) | Time:00:00.01 | Mem:0.00M, Peak:0.00M | Scene, ViewLayer | Synchronizing object | upper_right_wrist_barrel_band_1
Fra:1 Mem:63.46M (Peak 63.46M) | Time:00:00.01 | Mem:0.00M, Peak:0.00M | Scene, ViewLayer | Synchronizing object | upper_right_wrist_negative_y_support_cheek
Fra:1 Mem:63.48M (Peak 63.48M) | Time:00:00.01 | Mem:0.00M, Peak:0.00M | Scene, ViewLayer | Synchronizing object | upper_right_wrist_negative_y_recessed_face
Fra:1 Mem:63.49M (Peak 63.49M) | Time:00:00.01 | Mem:0.00M, Peak:0.00M | Scene, ViewLayer | Synchronizing object | upper_right_wrist_negative_y_thin_rim
Fra:1 Mem:63.51M (Peak 63.51M) | Time:00:00.01 | Mem:0.00M, Peak:0.00M | Scene, ViewLayer | Synchronizing object | upper_right_wrist_negative_y_cap_step
Fra:1 Mem:63.57M (Peak 63.57M) | Time:00:00.01 | Mem:0.00M, Peak:0.00M | Scene, ViewLayer | Synchronizing object | upper_right_wrist_positive_y_support_cheek
Fra:1 Mem:63.57M (Peak 63.57M) | Time:00:00.01 | Mem:0.00M, Peak:0.00M | Scene, ViewLayer | Synchronizing object | upper_right_wrist_positive_y_thin_rim
Fra:1 Mem:63.60M (Peak 63.60M) | Time:00:00.01 | Mem:0.00M, Peak:0.00M | Scene, ViewLayer | Synchronizing object | upper_right_wrist_positive_y_central_cap
Fra:1 Mem:63.63M (Peak 63.63M) | Time:00:00.01 | Mem:0.00M, Peak:0.00M | Scene, ViewLayer | Synchronizing object | upper_right_wrist_positive_y_cap_step
Fra:1 Mem:63.65M (Peak 63.65M) | Time:00:00.01 | Mem:0.00M, Peak:0.00M | Scene, ViewLayer | Synchronizing object | upper_right_palm_inner_carrier
Fra:1 Mem:63.65M (Peak 63.65M) | Time:00:00.01 | Mem:0.00M, Peak:0.00M | Scene, ViewLayer | Synchronizing object | upper_right_ivory_palm_dorsal
Fra:1 Mem:63.66M (Peak 63.66M) | Time:00:00.01 | Mem:0.00M, Peak:0.00M | Scene, ViewLayer | Synchronizing object | upper_right_ivory_palm_reverse_cover
Fra:1 Mem:63.66M (Peak 63.66M) | Time:00:00.01 | Mem:0.00M, Peak:0.00M | Scene, ViewLayer | Synchronizing object | upper_right_palm_lower_dark_seam
Fra:1 Mem:63.66M (Peak 63.66M) | Time:00:00.01 | Mem:0.00M, Peak:0.00M | Scene, ViewLayer | Synchronizing object | upper_right_palm_upper_exposed_hinge
Fra:1 Mem:63.67M (Peak 63.67M) | Time:00:00.01 | Mem:0.00M, Peak:0.00M | Scene, ViewLayer | Synchronizing object | upper_right_finger_1_root_joint
Fra:1 Mem:63.68M (Peak 63.68M) | Time:00:00.01 | Mem:0.00M, Peak:0.00M | Scene, ViewLayer | Synchronizing object | upper_right_finger_1_proximal_casting
Fra:1 Mem:63.69M (Peak 63.69M) | Time:00:00.01 | Mem:0.00M, Peak:0.00M | Scene, ViewLayer | Synchronizing object | upper_right_finger_1_ivory_first_pad
Fra:1 Mem:63.69M (Peak 63.69M) | Time:00:00.01 | Mem:0.00M, Peak:0.00M | Scene, ViewLayer | Synchronizing object | upper_right_finger_1_interphalangeal_joint
Fra:1 Mem:63.69M (Peak 63.69M) | Time:00:00.01 | Mem:0.00M, Peak:0.00M | Scene, ViewLayer | Synchronizing object | upper_right_finger_1_curved_distal
Fra:1 Mem:63.69M (Peak 63.69M) | Time:00:00.01 | Mem:0.00M, Peak:0.00M | Scene, ViewLayer | Synchronizing object | upper_right_finger_1_tip_contact_pad
Fra:1 Mem:63.69M (Peak 63.69M) | Time:00:00.01 | Mem:0.00M, Peak:0.00M | Scene, ViewLayer | Synchronizing object | upper_right_finger_2_root_joint
Fra:1 Mem:63.70M (Peak 63.70M) | Time:00:00.01 | Mem:0.00M, Peak:0.00M | Scene, ViewLayer | Synchronizing object | upper_right_finger_2_proximal_casting
Fra:1 Mem:63.73M (Peak 63.73M) | Time:00:00.01 | Mem:0.00M, Peak:0.00M | Scene, ViewLayer | Synchronizing object | upper_right_finger_2_ivory_reverse_first_pad
Fra:1 Mem:63.74M (Peak 63.74M) | Time:00:00.01 | Mem:0.00M, Peak:0.00M | Scene, ViewLayer | Synchronizing object | upper_right_finger_2_curved_distal
Fra:1 Mem:63.74M (Peak 63.74M) | Time:00:00.01 | Mem:0.00M, Peak:0.00M | Scene, ViewLayer | Synchronizing object | upper_right_finger_2_tip_contact_pad
Fra:1 Mem:63.75M (Peak 63.75M) | Time:00:00.01 | Mem:0.00M, Peak:0.00M | Scene, ViewLayer | Synchronizing object | upper_right_finger_3_root_joint
Fra:1 Mem:63.76M (Peak 63.76M) | Time:00:00.01 | Mem:0.00M, Peak:0.00M | Scene, ViewLayer | Synchronizing object | upper_right_finger_3_proximal_casting
Fra:1 Mem:63.76M (Peak 63.76M) | Time:00:00.01 | Mem:0.00M, Peak:0.00M | Scene, ViewLayer | Synchronizing object | upper_right_finger_3_ivory_first_pad
Fra:1 Mem:63.76M (Peak 63.76M) | Time:00:00.01 | Mem:0.00M, Peak:0.00M | Scene, ViewLayer | Synchronizing object | upper_right_finger_3_ivory_reverse_first_pad
Fra:1 Mem:63.76M (Peak 63.76M) | Time:00:00.01 | Mem:0.00M, Peak:0.00M | Scene, ViewLayer | Synchronizing object | upper_right_finger_3_interphalangeal_joint
Fra:1 Mem:63.77M (Peak 63.77M) | Time:00:00.01 | Mem:0.00M, Peak:0.00M | Scene, ViewLayer | Synchronizing object | upper_right_finger_3_curved_distal
Fra:1 Mem:63.77M (Peak 63.77M) | Time:00:00.01 | Mem:0.00M, Peak:0.00M | Scene, ViewLayer | Synchronizing object | upper_right_finger_3_tip_contact_pad
Fra:1 Mem:63.79M (Peak 63.79M) | Time:00:00.01 | Mem:0.00M, Peak:0.00M | Scene, ViewLayer | Synchronizing object | upper_right_thumb_root_web
Fra:1 Mem:63.79M (Peak 63.79M) | Time:00:00.01 | Mem:0.00M, Peak:0.00M | Scene, ViewLayer | Synchronizing object | upper_right_thumb_proximal_casting
Fra:1 Mem:63.79M (Peak 63.79M) | Time:00:00.01 | Mem:0.00M, Peak:0.00M | Scene, ViewLayer | Synchronizing object | upper_right_thumb_ivory_first_pad
Fra:1 Mem:63.79M (Peak 63.79M) | Time:00:00.01 | Mem:0.00M, Peak:0.00M | Scene, ViewLayer | Synchronizing object | upper_right_thumb_middle_pin
Fra:1 Mem:63.80M (Peak 63.80M) | Time:00:00.01 | Mem:0.00M, Peak:0.00M | Scene, ViewLayer | Synchronizing object | upper_right_thumb_black_terminal
Fra:1 Mem:63.80M (Peak 63.80M) | Time:00:00.01 | Mem:0.00M, Peak:0.00M | Scene, ViewLayer | Synchronizing object | upper_right_palm_wrist_negative_y_short_neck
Fra:1 Mem:63.80M (Peak 63.80M) | Time:00:00.01 | Mem:0.00M, Peak:0.00M | Scene, ViewLayer | Synchronizing object | upper_right_palm_wrist_positive_y_short_neck
Fra:1 Mem:63.80M (Peak 63.80M) | Time:00:00.01 | Mem:0.00M, Peak:0.00M | Scene, ViewLayer | Synchronizing object | upper_structure_spine_box
Fra:1 Mem:63.80M (Peak 63.80M) | Time:00:00.01 | Mem:0.00M, Peak:0.00M | Scene, ViewLayer | Synchronizing object | upper_left_structure_shoulder_crossmember
Fra:1 Mem:63.81M (Peak 63.81M) | Time:00:00.01 | Mem:0.00M, Peak:0.00M | Scene, ViewLayer | Synchronizing object | upper_left_structure_upper_arm_box
Fra:1 Mem:63.81M (Peak 63.81M) | Time:00:00.01 | Mem:0.00M, Peak:0.00M | Scene, ViewLayer | Synchronizing object | upper_left_structure_forearm_box
Fra:1 Mem:63.82M (Peak 63.82M) | Time:00:00.01 | Mem:0.00M, Peak:0.00M | Scene, ViewLayer | Synchronizing object | upper_right_structure_shoulder_crossmember
Fra:1 Mem:63.83M (Peak 63.83M) | Time:00:00.01 | Mem:0.00M, Peak:0.00M | Scene, ViewLayer | Synchronizing object | upper_right_structure_upper_arm_box
Fra:1 Mem:63.85M (Peak 63.85M) | Time:00:00.01 | Mem:0.00M, Peak:0.00M | Scene, ViewLayer | Synchronizing object | upper_right_structure_forearm_box
Fra:1 Mem:63.85M (Peak 63.85M) | Time:00:00.01 | Mem:0.00M, Peak:0.00M | Scene, ViewLayer | Synchronizing object | upper_left_forearm_upper_edge_00_01
Fra:1 Mem:63.87M (Peak 63.87M) | Time:00:00.01 | Mem:0.00M, Peak:0.00M | Scene, ViewLayer | Synchronizing object | upper_left_forearm_upper_edge_00_02
Fra:1 Mem:63.87M (Peak 63.87M) | Time:00:00.01 | Mem:0.00M, Peak:0.00M | Scene, ViewLayer | Synchronizing object | upper_left_forearm_upper_edge_00_04
Fra:1 Mem:63.87M (Peak 63.87M) | Time:00:00.01 | Mem:0.00M, Peak:0.00M | Scene, ViewLayer | Synchronizing object | upper_left_forearm_upper_edge_00_05
Fra:1 Mem:63.87M (Peak 63.87M) | Time:00:00.01 | Mem:0.00M, Peak:0.00M | Scene, ViewLayer | Synchronizing object | upper_left_forearm_upper_edge_00_06
Fra:1 Mem:63.87M (Peak 63.87M) | Time:00:00.01 | Mem:0.00M, Peak:0.00M | Scene, ViewLayer | Synchronizing object | upper_left_forearm_upper_edge_00_07
Fra:1 Mem:63.87M (Peak 63.87M) | Time:00:00.01 | Mem:0.00M, Peak:0.00M | Scene, ViewLayer | Synchronizing object | upper_left_forearm_upper_edge_01_00
Fra:1 Mem:63.87M (Peak 63.87M) | Time:00:00.01 | Mem:0.00M, Peak:0.00M | Scene, ViewLayer | Synchronizing object | upper_left_forearm_upper_edge_01_01
Fra:1 Mem:63.88M (Peak 63.88M) | Time:00:00.01 | Mem:0.00M, Peak:0.00M | Scene, ViewLayer | Synchronizing object | upper_left_forearm_upper_edge_01_02
Fra:1 Mem:63.89M (Peak 63.89M) | Time:00:00.01 | Mem:0.00M, Peak:0.00M | Scene, ViewLayer | Synchronizing object | right_distal_blue_armor
Fra:1 Mem:63.89M (Peak 63.89M) | Time:00:00.01 | Mem:0.00M, Peak:0.00M | Scene, ViewLayer | Synchronizing object | upper_left_forearm_upper_edge_01_04
Fra:1 Mem:63.90M (Peak 63.90M) | Time:00:00.01 | Mem:0.00M, Peak:0.00M | Scene, ViewLayer | Synchronizing object | right_middle_blue_armor
Fra:1 Mem:63.90M (Peak 63.90M) | Time:00:00.01 | Mem:0.00M, Peak:0.00M | Scene, ViewLayer | Synchronizing object | upper_left_forearm_upper_edge_01_06
Fra:1 Mem:63.91M (Peak 63.91M) | Time:00:00.01 | Mem:0.00M, Peak:0.00M | Scene, ViewLayer | Synchronizing object | upper_left_forearm_upper_edge_01_07
Fra:1 Mem:63.91M (Peak 63.91M) | Time:00:00.01 | Mem:0.00M, Peak:0.00M | Scene, ViewLayer | Synchronizing object | upper_left_forearm_upper_edge_02_00
Fra:1 Mem:63.91M (Peak 63.91M) | Time:00:00.01 | Mem:0.00M, Peak:0.00M | Scene, ViewLayer | Synchronizing object | upper_left_forearm_upper_edge_02_01
Fra:1 Mem:63.91M (Peak 63.91M) | Time:00:00.01 | Mem:0.00M, Peak:0.00M | Scene, ViewLayer | Synchronizing object | upper_left_forearm_upper_edge_02_02
Fra:1 Mem:63.92M (Peak 63.92M) | Time:00:00.01 | Mem:0.00M, Peak:0.00M | Scene, ViewLayer | Synchronizing object | right_shaft_ankle
Fra:1 Mem:63.92M (Peak 63.92M) | Time:00:00.01 | Mem:0.00M, Peak:0.00M | Scene, ViewLayer | Synchronizing object | upper_left_forearm_upper_edge_02_04
Fra:1 Mem:63.94M (Peak 63.94M) | Time:00:00.01 | Mem:0.00M, Peak:0.00M | Scene, ViewLayer | Synchronizing object | upper_left_forearm_upper_edge_02_05
Fra:1 Mem:63.94M (Peak 63.94M) | Time:00:00.01 | Mem:0.00M, Peak:0.00M | Scene, ViewLayer | Synchronizing object | right_pressure_carrier
Fra:1 Mem:63.94M (Peak 63.94M) | Time:00:00.01 | Mem:0.00M, Peak:0.00M | Scene, ViewLayer | Synchronizing object | upper_right_forearm_upper_edge_00_00
Fra:1 Mem:64.00M (Peak 64.00M) | Time:00:00.01 | Mem:0.00M, Peak:0.00M | Scene, ViewLayer | Synchronizing object | upper_right_forearm_upper_edge_00_01
Fra:1 Mem:64.01M (Peak 64.01M) | Time:00:00.01 | Mem:0.00M, Peak:0.00M | Scene, ViewLayer | Synchronizing object | upper_right_forearm_upper_edge_00_02
Fra:1 Mem:64.00M (Peak 64.01M) | Time:00:00.01 | Mem:0.00M, Peak:0.00M | Scene, ViewLayer | Synchronizing object | upper_right_forearm_upper_edge_00_03
Fra:1 Mem:64.00M (Peak 64.01M) | Time:00:00.01 | Mem:0.00M, Peak:0.00M | Scene, ViewLayer | Synchronizing object | upper_right_forearm_upper_edge_00_04
Fra:1 Mem:64.00M (Peak 64.01M) | Time:00:00.01 | Mem:0.00M, Peak:0.00M | Scene, ViewLayer | Synchronizing object | upper_right_forearm_upper_edge_00_05
Fra:1 Mem:64.00M (Peak 64.01M) | Time:00:00.01 | Mem:0.00M, Peak:0.00M | Scene, ViewLayer | Synchronizing object | upper_right_forearm_upper_edge_00_06
Fra:1 Mem:64.00M (Peak 64.01M) | Time:00:00.01 | Mem:0.00M, Peak:0.00M | Scene, ViewLayer | Synchronizing object | upper_right_forearm_upper_edge_01_00
Fra:1 Mem:64.00M (Peak 64.01M) | Time:00:00.01 | Mem:0.00M, Peak:0.00M | Scene, ViewLayer | Synchronizing object | upper_right_forearm_upper_edge_01_01
Fra:1 Mem:64.01M (Peak 64.01M) | Time:00:00.01 | Mem:0.00M, Peak:0.00M | Scene, ViewLayer | Synchronizing object | upper_right_forearm_upper_edge_01_02
Fra:1 Mem:64.01M (Peak 64.01M) | Time:00:00.01 | Mem:0.00M, Peak:0.00M | Scene, ViewLayer | Synchronizing object | upper_right_forearm_upper_edge_01_03
Fra:1 Mem:64.01M (Peak 64.01M) | Time:00:00.01 | Mem:0.00M, Peak:0.00M | Scene, ViewLayer | Synchronizing object | upper_right_forearm_upper_edge_01_04
Fra:1 Mem:64.01M (Peak 64.01M) | Time:00:00.01 | Mem:0.00M, Peak:0.00M | Scene, ViewLayer | Synchronizing object | upper_right_forearm_upper_edge_01_05
Fra:1 Mem:64.01M (Peak 64.01M) | Time:00:00.01 | Mem:0.00M, Peak:0.00M | Scene, ViewLayer | Synchronizing object | upper_right_forearm_upper_edge_01_06
Fra:1 Mem:64.01M (Peak 64.01M) | Time:00:00.01 | Mem:0.00M, Peak:0.00M | Scene, ViewLayer | Synchronizing object | upper_right_forearm_upper_edge_01_07
Fra:1 Mem:64.01M (Peak 64.01M) | Time:00:00.01 | Mem:0.00M, Peak:0.00M | Scene, ViewLayer | Synchronizing object | upper_right_forearm_upper_edge_02_00
Fra:1 Mem:64.01M (Peak 64.01M) | Time:00:00.01 | Mem:0.00M, Peak:0.00M | Scene, ViewLayer | Synchronizing object | upper_right_forearm_upper_edge_02_01
Fra:1 Mem:64.01M (Peak 64.01M) | Time:00:00.01 | Mem:0.00M, Peak:0.00M | Scene, ViewLayer | Synchronizing object | upper_right_forearm_upper_edge_02_02
Fra:1 Mem:64.02M (Peak 64.02M) | Time:00:00.01 | Mem:0.00M, Peak:0.00M | Scene, ViewLayer | Synchronizing object | upper_right_forearm_upper_edge_02_03
Fra:1 Mem:64.02M (Peak 64.02M) | Time:00:00.01 | Mem:0.00M, Peak:0.00M | Scene, ViewLayer | Synchronizing object | upper_right_forearm_upper_edge_02_04
Fra:1 Mem:64.02M (Peak 64.02M) | Time:00:00.01 | Mem:0.00M, Peak:0.00M | Scene, ViewLayer | Synchronizing object | upper_right_forearm_upper_edge_02_05
Fra:1 Mem:64.02M (Peak 64.02M) | Time:00:00.01 | Mem:0.00M, Peak:0.00M | Scene, ViewLayer | Synchronizing object | upper_right_forearm_upper_edge_02_06
Fra:1 Mem:64.02M (Peak 64.02M) | Time:00:00.01 | Mem:0.00M, Peak:0.00M | Scene, ViewLayer | Synchronizing object | upper_right_forearm_upper_edge_02_07
Fra:1 Mem:64.02M (Peak 64.02M) | Time:00:00.01 | Mem:0.00M, Peak:0.00M | Scene, ViewLayer | Synchronizing object | upper_proposed_hip_pitch_carrier
Fra:1 Mem:64.02M (Peak 64.02M) | Time:00:00.01 | Mem:0.00M, Peak:0.00M | Scene, ViewLayer | Synchronizing object | left_frame_thigh
Fra:1 Mem:64.02M (Peak 64.02M) | Time:00:00.01 | Mem:0.00M, Peak:0.00M | Scene, ViewLayer | Synchronizing object | right_toe_contact_pad
Fra:1 Mem:64.02M (Peak 64.02M) | Time:00:00.01 | Mem:0.00M, Peak:0.00M | Scene, ViewLayer | Synchronizing object | left_frame_middle
Fra:1 Mem:64.03M (Peak 64.03M) | Time:00:00.01 | Mem:0.00M, Peak:0.00M | Scene, ViewLayer | Synchronizing object | right_shaft_fold
Fra:1 Mem:64.29M (Peak 64.29M) | Time:00:00.01 | Mem:0.00M, Peak:0.00M | Scene, ViewLayer | Synchronizing object | right_frame_distal
Fra:1 Mem:64.42M (Peak 64.42M) | Time:00:00.01 | Mem:0.00M, Peak:0.00M | Scene, ViewLayer | Synchronizing object | left_shaft_knee
Fra:1 Mem:64.48M (Peak 64.48M) | Time:00:00.01 | Mem:0.00M, Peak:0.00M | Scene, ViewLayer | Synchronizing object | right_shaft_knee
Fra:1 Mem:64.50M (Peak 64.50M) | Time:00:00.01 | Mem:0.00M, Peak:0.00M | Scene, ViewLayer | Synchronizing object | left_frame_distal
Fra:1 Mem:64.55M (Peak 64.55M) | Time:00:00.01 | Mem:0.00M, Peak:0.00M | Scene, ViewLayer | Synchronizing object | left_shaft_fold
Fra:1 Mem:64.60M (Peak 64.60M) | Time:00:00.01 | Mem:0.00M, Peak:0.00M | Scene, ViewLayer | Synchronizing object | right_frame_middle
Fra:1 Mem:64.69M (Peak 64.69M) | Time:00:00.01 | Mem:0.00M, Peak:0.00M | Scene, ViewLayer | Synchronizing object | left_toe_contact_pad
Fra:1 Mem:64.67M (Peak 64.69M) | Time:00:00.01 | Mem:0.00M, Peak:0.00M | Scene, ViewLayer | Synchronizing object | left_heel_contact_pad
Fra:1 Mem:64.69M (Peak 64.69M) | Time:00:00.01 | Mem:0.00M, Peak:0.00M | Scene, ViewLayer | Synchronizing object | left_shaft_ankle
Fra:1 Mem:64.69M (Peak 64.69M) | Time:00:00.01 | Mem:0.00M, Peak:0.00M | Scene, ViewLayer | Synchronizing object | left_thigh_blue_armor
Fra:1 Mem:64.71M (Peak 64.71M) | Time:00:00.01 | Mem:0.00M, Peak:0.00M | Scene, ViewLayer | Synchronizing object | right_frame_thigh
Fra:1 Mem:64.74M (Peak 64.74M) | Time:00:00.01 | Mem:0.00M, Peak:0.00M | Scene, ViewLayer | Synchronizing object | left_middle_blue_armor
Fra:1 Mem:64.85M (Peak 64.85M) | Time:00:00.01 | Mem:0.00M, Peak:0.00M | Scene, ViewLayer | Synchronizing object | left_distal_blue_armor
Fra:1 Mem:64.85M (Peak 64.85M) | Time:00:00.01 | Mem:0.00M, Peak:0.00M | Scene, ViewLayer | Synchronizing object | left_knee_joint_cover_-1
Fra:1 Mem:64.88M (Peak 64.88M) | Time:00:00.01 | Mem:0.00M, Peak:0.00M | Scene, ViewLayer | Synchronizing object | left_knee_orange_rim_-1
Fra:1 Mem:64.91M (Peak 64.91M) | Time:00:00.01 | Mem:0.00M, Peak:0.00M | Scene, ViewLayer | Synchronizing object | left_knee_joint_cover_1
Fra:1 Mem:64.92M (Peak 64.92M) | Time:00:00.01 | Mem:0.00M, Peak:0.00M | Scene, ViewLayer | Synchronizing object | left_knee_orange_rim_1
Fra:1 Mem:64.96M (Peak 64.96M) | Time:00:00.01 | Mem:0.00M, Peak:0.00M | Scene, ViewLayer | Synchronizing object | left_fold_joint_cover_-1
Fra:1 Mem:64.97M (Peak 64.97M) | Time:00:00.01 | Mem:0.00M, Peak:0.00M | Scene, ViewLayer | Synchronizing object | left_fold_orange_rim_-1
Fra:1 Mem:64.97M (Peak 64.97M) | Time:00:00.01 | Mem:0.00M, Peak:0.00M | Scene, ViewLayer | Synchronizing object | left_fold_joint_cover_1
Fra:1 Mem:64.97M (Peak 64.98M) | Time:00:00.01 | Mem:0.00M, Peak:0.00M | Scene, ViewLayer | Synchronizing object | left_fold_orange_rim_1
Fra:1 Mem:65.00M (Peak 65.00M) | Time:00:00.01 | Mem:0.00M, Peak:0.00M | Scene, ViewLayer | Synchronizing object | left_ankle_joint_cover_-1
Fra:1 Mem:65.03M (Peak 65.03M) | Time:00:00.01 | Mem:0.00M, Peak:0.00M | Scene, ViewLayer | Synchronizing object | left_ankle_orange_rim_-1
Fra:1 Mem:65.07M (Peak 65.07M) | Time:00:00.01 | Mem:0.00M, Peak:0.00M | Scene, ViewLayer | Synchronizing object | left_foot_front_top_plate
Fra:1 Mem:65.07M (Peak 65.07M) | Time:00:00.01 | Mem:0.00M, Peak:0.00M | Scene, ViewLayer | Synchronizing object | left_ankle_orange_rim_1
Fra:1 Mem:65.09M (Peak 65.09M) | Time:00:00.01 | Mem:0.00M, Peak:0.00M | Scene, ViewLayer | Synchronizing object | left_foot_continuous_keel
Fra:1 Mem:65.11M (Peak 65.11M) | Time:00:00.01 | Mem:0.00M, Peak:0.00M | Scene, ViewLayer | Synchronizing object | left_foot_heel_dark_guard
Fra:1 Mem:65.11M (Peak 65.11M) | Time:00:00.01 | Mem:0.00M, Peak:0.00M | Scene, ViewLayer | Synchronizing object | left_foot_heel_ivory_side_-1
Fra:1 Mem:65.11M (Peak 65.11M) | Time:00:00.01 | Mem:0.00M, Peak:0.00M | Scene, ViewLayer | Synchronizing object | left_foot_heel_ivory_side_1
Fra:1 Mem:65.34M (Peak 65.34M) | Time:00:00.01 | Mem:0.00M, Peak:0.00M | Scene, ViewLayer | Initializing
Fra:1 Mem:51.10M (Peak 65.34M) | Time:00:00.01 | Mem:0.00M, Peak:0.00M | Scene, ViewLayer | Waiting for render to start
Fra:1 Mem:51.10M (Peak 65.34M) | Time:00:00.01 | Mem:0.00M, Peak:0.00M | Scene, ViewLayer | Loading render kernels (may take a few minutes the first time)
Fra:1 Mem:51.10M (Peak 65.34M) | Time:00:00.01 | Mem:0.00M, Peak:0.00M | Scene, ViewLayer | Updating Scene
Fra:1 Mem:51.10M (Peak 65.34M) | Time:00:00.01 | Mem:0.00M, Peak:0.00M | Scene, ViewLayer | Updating Shaders
Fra:1 Mem:51.20M (Peak 65.34M) | Time:00:00.01 | Mem:0.01M, Peak:0.01M | Scene, ViewLayer | Updating Procedurals
Fra:1 Mem:51.20M (Peak 65.34M) | Time:00:00.01 | Mem:0.01M, Peak:0.01M | Scene, ViewLayer | Updating Background
Fra:1 Mem:51.20M (Peak 65.34M) | Time:00:00.01 | Mem:0.01M, Peak:0.01M | Scene, ViewLayer | Updating Camera
Fra:1 Mem:51.20M (Peak 65.34M) | Time:00:00.01 | Mem:0.01M, Peak:0.01M | Scene, ViewLayer | Updating Meshes Flags
Fra:1 Mem:51.20M (Peak 65.34M) | Time:00:00.01 | Mem:0.01M, Peak:0.01M | Scene, ViewLayer | Updating Objects
Fra:1 Mem:51.20M (Peak 65.34M) | Time:00:00.01 | Mem:0.01M, Peak:0.01M | Scene, ViewLayer | Updating Objects | Copying Transformations to device
Fra:1 Mem:51.30M (Peak 65.34M) | Time:00:00.01 | Mem:0.11M, Peak:0.11M | Scene, ViewLayer | Updating Objects | Applying Static Transformations
Fra:1 Mem:51.30M (Peak 65.34M) | Time:00:00.01 | Mem:0.11M, Peak:0.11M | Scene, ViewLayer | Updating Particle Systems
Fra:1 Mem:51.30M (Peak 65.34M) | Time:00:00.01 | Mem:0.11M, Peak:0.11M | Scene, ViewLayer | Updating Particle Systems | Copying Particles to device
Fra:1 Mem:51.30M (Peak 65.34M) | Time:00:00.01 | Mem:0.11M, Peak:0.11M | Scene, ViewLayer | Updating Meshes
Fra:1 Mem:54.24M (Peak 65.34M) | Time:00:00.01 | Mem:0.11M, Peak:0.11M | Scene, ViewLayer | Updating Mesh | Computing attributes
Fra:1 Mem:55.44M (Peak 65.34M) | Time:00:00.01 | Mem:0.13M, Peak:0.13M | Scene, ViewLayer | Updating Mesh | Copying Attributes to device
Fra:1 Mem:55.38M (Peak 65.34M) | Time:00:00.01 | Mem:1.25M, Peak:1.25M | Scene, ViewLayer | Updating Scene BVH | Building
Fra:1 Mem:55.38M (Peak 65.34M) | Time:00:00.01 | Mem:1.25M, Peak:1.25M | Scene, ViewLayer | Updating Scene BVH | Building BVH
Fra:1 Mem:66.41M (Peak 66.41M) | Time:00:00.06 | Mem:1.25M, Peak:1.25M | Scene, ViewLayer | Updating Scene BVH | Packing BVH triangles and strands
Fra:1 Mem:67.15M (Peak 67.15M) | Time:00:00.06 | Mem:1.25M, Peak:1.25M | Scene, ViewLayer | Updating Scene BVH | Packing BVH nodes
Fra:1 Mem:67.16M (Peak 69.51M) | Time:00:00.06 | Mem:1.25M, Peak:1.25M | Scene, ViewLayer | Updating Scene BVH | Copying BVH to device
Fra:1 Mem:67.16M (Peak 69.51M) | Time:00:00.06 | Mem:7.14M, Peak:7.14M | Scene, ViewLayer | Updating Mesh | Computing normals
Fra:1 Mem:73.81M (Peak 73.81M) | Time:00:00.06 | Mem:7.14M, Peak:7.14M | Scene, ViewLayer | Updating Mesh | Copying Mesh to device
Fra:1 Mem:73.81M (Peak 73.81M) | Time:00:00.06 | Mem:13.78M, Peak:13.78M | Scene, ViewLayer | Updating Objects Flags
Fra:1 Mem:73.81M (Peak 73.81M) | Time:00:00.06 | Mem:13.79M, Peak:13.79M | Scene, ViewLayer | Updating Primitive Offsets
Fra:1 Mem:73.81M (Peak 73.81M) | Time:00:00.06 | Mem:13.79M, Peak:13.79M | Scene, ViewLayer | Updating Images
Fra:1 Mem:73.81M (Peak 73.81M) | Time:00:00.06 | Mem:13.79M, Peak:13.79M | Scene, ViewLayer | Updating Camera Volume
Fra:1 Mem:73.81M (Peak 73.81M) | Time:00:00.06 | Mem:13.79M, Peak:13.79M | Scene, ViewLayer | Updating Lookup Tables
Fra:1 Mem:73.81M (Peak 73.81M) | Time:00:00.06 | Mem:13.87M, Peak:13.87M | Scene, ViewLayer | Updating Lights
Fra:1 Mem:73.81M (Peak 73.81M) | Time:00:00.06 | Mem:13.87M, Peak:13.87M | Scene, ViewLayer | Updating Lights | Computing distribution
Fra:1 Mem:73.81M (Peak 73.81M) | Time:00:00.06 | Mem:13.87M, Peak:13.87M | Scene, ViewLayer | Updating Lights | Computing tree
Fra:1 Mem:73.81M (Peak 73.81M) | Time:00:00.06 | Mem:13.87M, Peak:13.87M | Scene, ViewLayer | Updating Integrator
Fra:1 Mem:74.81M (Peak 74.81M) | Time:00:00.06 | Mem:14.87M, Peak:14.87M | Scene, ViewLayer | Updating Film
Fra:1 Mem:74.81M (Peak 74.81M) | Time:00:00.06 | Mem:14.79M, Peak:14.87M | Scene, ViewLayer | Updating Lookup Tables
Fra:1 Mem:74.81M (Peak 74.81M) | Time:00:00.06 | Mem:14.88M, Peak:14.88M | Scene, ViewLayer | Updating Baking
Fra:1 Mem:74.81M (Peak 74.81M) | Time:00:00.06 | Mem:14.88M, Peak:14.88M | Scene, ViewLayer | Updating Device | Writing constant memory
Fra:1 Mem:74.82M (Peak 74.82M) | Time:00:00.06 | Mem:14.88M, Peak:14.88M | Scene, ViewLayer | Sample 0/40
Fra:1 Mem:108.82M (Peak 108.82M) | Time:00:00.85 | Remaining:00:30.52 | Mem:48.87M, Peak:48.87M | Scene, ViewLayer | Sample 1/40
Fra:1 Mem:108.82M (Peak 108.82M) | Time:00:22.56 | Remaining:00:04.77 | Mem:48.87M, Peak:48.87M | Scene, ViewLayer | Sample 33/40
Fra:1 Mem:123.93M (Peak 154.15M) | Time:00:27.54 | Mem:48.87M, Peak:48.87M | Scene, ViewLayer | Sample 40/40
Fra:1 Mem:123.93M (Peak 154.15M) | Time:00:27.54 | Mem:48.87M, Peak:48.87M | Scene, ViewLayer | Finished
Saved: '/home/ethan/Projects/Sai_Art/docs/uri_style/gorilla_v0_1/leg_design_r2/images/top.png'
Time: 00:27.59 (Saving: 00:00.04)

Fra:1 Mem:57.69M (Peak 57.69M) | Time:00:00.00 | Mem:0.00M, Peak:0.00M | Scene, ViewLayer | Synchronizing object | render_floor_not_a_robot_part
Fra:1 Mem:57.70M (Peak 57.70M) | Time:00:00.00 | Mem:0.00M, Peak:0.00M | Scene, ViewLayer | Synchronizing object | upper_crown_top_panel_line_00
Fra:1 Mem:57.70M (Peak 57.70M) | Time:00:00.00 | Mem:0.00M, Peak:0.00M | Scene, ViewLayer | Synchronizing object | upper_crown_top_panel_line_01
Fra:1 Mem:57.70M (Peak 57.70M) | Time:00:00.00 | Mem:0.00M, Peak:0.00M | Scene, ViewLayer | Synchronizing object | upper_crown_top_panel_line_02
Fra:1 Mem:57.70M (Peak 57.70M) | Time:00:00.00 | Mem:0.00M, Peak:0.00M | Scene, ViewLayer | Synchronizing object | upper_crown_fastener_0
Fra:1 Mem:57.73M (Peak 57.73M) | Time:00:00.00 | Mem:0.00M, Peak:0.00M | Scene, ViewLayer | Synchronizing object | upper_crown_fastener_3
Fra:1 Mem:57.75M (Peak 57.75M) | Time:00:00.00 | Mem:0.00M, Peak:0.00M | Scene, ViewLayer | Synchronizing object | upper_central_indicator_recess
Fra:1 Mem:57.80M (Peak 57.80M) | Time:00:00.00 | Mem:0.00M, Peak:0.00M | Scene, ViewLayer | Synchronizing object | upper_central_indicator_gold_frame
Fra:1 Mem:57.81M (Peak 57.81M) | Time:00:00.00 | Mem:0.00M, Peak:0.00M | Scene, ViewLayer | Synchronizing object | upper_central_indicator_lit_strip
Fra:1 Mem:57.83M (Peak 57.83M) | Time:00:00.00 | Mem:0.00M, Peak:0.00M | Scene, ViewLayer | Synchronizing object | upper_rear_crown_panel_seam_01
Fra:1 Mem:57.83M (Peak 57.83M) | Time:00:00.00 | Mem:0.00M, Peak:0.00M | Scene, ViewLayer | Synchronizing object | upper_rear_crown_panel_seam_02
Fra:1 Mem:57.83M (Peak 57.83M) | Time:00:00.00 | Mem:0.00M, Peak:0.00M | Scene, ViewLayer | Synchronizing object | upper_dark_central_waist_coupler
Fra:1 Mem:57.86M (Peak 57.86M) | Time:00:00.00 | Mem:0.00M, Peak:0.00M | Scene, ViewLayer | Synchronizing object | upper_dark_pelvis_inner_layer
Fra:1 Mem:57.87M (Peak 57.87M) | Time:00:00.00 | Mem:0.00M, Peak:0.00M | Scene, ViewLayer | Synchronizing object | upper_pelvis_front_black_latch
Fra:1 Mem:57.87M (Peak 57.87M) | Time:00:00.00 | Mem:0.00M, Peak:0.00M | Scene, ViewLayer | Synchronizing object | upper_left_deltoid_gold_marker
Fra:1 Mem:57.88M (Peak 57.88M) | Time:00:00.00 | Mem:0.00M, Peak:0.00M | Scene, ViewLayer | Synchronizing object | upper_left_forearm_gold_marker
Fra:1 Mem:57.88M (Peak 57.88M) | Time:00:00.00 | Mem:0.00M, Peak:0.00M | Scene, ViewLayer | Synchronizing object | upper_right_deltoid_gold_marker
Fra:1 Mem:57.88M (Peak 57.88M) | Time:00:00.00 | Mem:0.00M, Peak:0.00M | Scene, ViewLayer | Synchronizing object | upper_right_upper_arm_gold_marker
Fra:1 Mem:57.88M (Peak 57.88M) | Time:00:00.00 | Mem:0.00M, Peak:0.00M | Scene, ViewLayer | Synchronizing object | upper_right_forearm_gold_marker
Fra:1 Mem:57.89M (Peak 57.89M) | Time:00:00.00 | Mem:0.00M, Peak:0.00M | Scene, ViewLayer | Synchronizing object | upper_continuous_ivory_torso_armor_cover
Fra:1 Mem:58.02M (Peak 58.02M) | Time:00:00.00 | Mem:0.00M, Peak:0.00M | Scene, ViewLayer | Synchronizing object | upper_left_blue_rear_shoulder_edge_cover
Fra:1 Mem:58.03M (Peak 58.03M) | Time:00:00.00 | Mem:0.00M, Peak:0.00M | Scene, ViewLayer | Synchronizing object | upper_left_ivory_hood_window_side_lip
Fra:1 Mem:58.05M (Peak 58.05M) | Time:00:00.00 | Mem:0.00M, Peak:0.00M | Scene, ViewLayer | Synchronizing object | upper_right_ivory_hood_window_side_lip
Fra:1 Mem:58.08M (Peak 58.08M) | Time:00:00.00 | Mem:0.00M, Peak:0.00M | Scene, ViewLayer | Synchronizing object | upper_rear_service_door_shadow
Fra:1 Mem:58.08M (Peak 58.08M) | Time:00:00.00 | Mem:0.00M, Peak:0.00M | Scene, ViewLayer | Synchronizing object | upper_rear_blue_service_door
Fra:1 Mem:58.09M (Peak 58.09M) | Time:00:00.00 | Mem:0.00M, Peak:0.00M | Scene, ViewLayer | Synchronizing object | upper_rear_control_screen_module_envelope
Fra:1 Mem:58.09M (Peak 58.09M) | Time:00:00.00 | Mem:0.00M, Peak:0.00M | Scene, ViewLayer | Synchronizing object | upper_rear_control_screen_glass
Fra:1 Mem:58.09M (Peak 58.09M) | Time:00:00.00 | Mem:0.00M, Peak:0.00M | Scene, ViewLayer | Synchronizing object | upper_rear_control_screen_header
Fra:1 Mem:58.13M (Peak 58.13M) | Time:00:00.00 | Mem:0.00M, Peak:0.00M | Scene, ViewLayer | Synchronizing object | upper_rear_control_screen_touch_zone_status
Fra:1 Mem:58.13M (Peak 58.13M) | Time:00:00.00 | Mem:0.00M, Peak:0.00M | Scene, ViewLayer | Synchronizing object | upper_rear_control_screen_label_status
Fra:1 Mem:58.16M (Peak 58.16M) | Time:00:00.00 | Mem:0.00M, Peak:0.00M | Scene, ViewLayer | Synchronizing object | upper_rear_control_screen_zone_indicator_status
Fra:1 Mem:58.16M (Peak 58.16M) | Time:00:00.00 | Mem:0.00M, Peak:0.00M | Scene, ViewLayer | Synchronizing object | upper_rear_control_screen_touch_zone_task
Fra:1 Mem:58.17M (Peak 58.17M) | Time:00:00.00 | Mem:0.00M, Peak:0.00M | Scene, ViewLayer | Synchronizing object | upper_rear_control_screen_label_task
Fra:1 Mem:58.19M (Peak 58.19M) | Time:00:00.00 | Mem:0.00M, Peak:0.00M | Scene, ViewLayer | Synchronizing object | upper_rear_control_screen_touch_zone_local
Fra:1 Mem:58.20M (Peak 58.20M) | Time:00:00.00 | Mem:0.00M, Peak:0.00M | Scene, ViewLayer | Synchronizing object | upper_rear_control_screen_label_local
Fra:1 Mem:58.22M (Peak 58.22M) | Time:00:00.00 | Mem:0.00M, Peak:0.00M | Scene, ViewLayer | Synchronizing object | upper_rear_control_screen_zone_indicator_local
Fra:1 Mem:58.24M (Peak 58.24M) | Time:00:00.00 | Mem:0.00M, Peak:0.00M | Scene, ViewLayer | Synchronizing object | upper_rear_door_upper_tab
Fra:1 Mem:58.26M (Peak 58.26M) | Time:00:00.00 | Mem:0.00M, Peak:0.00M | Scene, ViewLayer | Synchronizing object | upper_rear_service_latch
Fra:1 Mem:58.28M (Peak 58.28M) | Time:00:00.00 | Mem:0.00M, Peak:0.00M | Scene, ViewLayer | Synchronizing object | upper_rear_door_screw_2
Fra:1 Mem:58.30M (Peak 58.30M) | Time:00:00.00 | Mem:0.00M, Peak:0.00M | Scene, ViewLayer | Synchronizing object | upper_rear_door_screw_3
Fra:1 Mem:58.35M (Peak 58.35M) | Time:00:00.00 | Mem:0.00M, Peak:0.00M | Scene, ViewLayer | Synchronizing object | upper_saffron_front_pelvis_cartridge
Fra:1 Mem:58.43M (Peak 58.43M) | Time:00:00.01 | Mem:0.00M, Peak:0.00M | Scene, ViewLayer | Synchronizing object | upper_ivory_rear_pelvis_cartridge
Fra:1 Mem:58.48M (Peak 58.48M) | Time:00:00.01 | Mem:0.00M, Peak:0.00M | Scene, ViewLayer | Synchronizing object | upper_left_rear_yellow_pelvis_band
Fra:1 Mem:58.51M (Peak 58.51M) | Time:00:00.01 | Mem:0.00M, Peak:0.00M | Scene, ViewLayer | Synchronizing object | upper_right_rear_yellow_pelvis_band
Fra:1 Mem:58.56M (Peak 58.56M) | Time:00:00.01 | Mem:0.00M, Peak:0.00M | Scene, ViewLayer | Synchronizing object | upper_ivory_rear_short_waist_connector
Fra:1 Mem:58.60M (Peak 58.60M) | Time:00:00.01 | Mem:0.00M, Peak:0.00M | Scene, ViewLayer | Synchronizing object | upper_left_blue_continuous_shoulder_sweep
Fra:1 Mem:58.62M (Peak 58.62M) | Time:00:00.01 | Mem:0.00M, Peak:0.00M | Scene, ViewLayer | Synchronizing object | upper_left_blue_rear_shoulder_guard
Fra:1 Mem:59.00M (Peak 59.00M) | Time:00:00.01 | Mem:0.00M, Peak:0.00M | Scene, ViewLayer | Synchronizing object | right_foot_ivory_low_hull
Fra:1 Mem:59.12M (Peak 59.12M) | Time:00:00.01 | Mem:0.00M, Peak:0.00M | Scene, ViewLayer | Synchronizing object | upper_left_blue_shoulder_diagonal_front_wing
Fra:1 Mem:59.12M (Peak 59.12M) | Time:00:00.01 | Mem:0.00M, Peak:0.00M | Scene, ViewLayer | Synchronizing object | upper_left_blue_chest_cheek_side_return
Fra:1 Mem:59.14M (Peak 59.14M) | Time:00:00.01 | Mem:0.00M, Peak:0.00M | Scene, ViewLayer | Synchronizing object | right_foot_front_top_plate
Fra:1 Mem:59.15M (Peak 59.15M) | Time:00:00.01 | Mem:0.00M, Peak:0.00M | Scene, ViewLayer | Synchronizing object | upper_left_radiator_gold_trim
Fra:1 Mem:59.16M (Peak 59.16M) | Time:00:00.01 | Mem:0.00M, Peak:0.00M | Scene, ViewLayer | Synchronizing object | right_foot_heel_dark_guard
Fra:1 Mem:59.24M (Peak 59.24M) | Time:00:00.01 | Mem:0.00M, Peak:0.00M | Scene, ViewLayer | Synchronizing object | upper_left_radiator_black_well
Fra:1 Mem:59.24M (Peak 59.24M) | Time:00:00.01 | Mem:0.00M, Peak:0.00M | Scene, ViewLayer | Synchronizing object | upper_left_radiator_turning_plenum
Fra:1 Mem:59.24M (Peak 59.24M) | Time:00:00.01 | Mem:0.00M, Peak:0.00M | Scene, ViewLayer | Synchronizing object | upper_left_radiator_louver_00
Fra:1 Mem:59.24M (Peak 59.24M) | Time:00:00.01 | Mem:0.00M, Peak:0.00M | Scene, ViewLayer | Synchronizing object | right_foot_heel_ivory_side_1
Fra:1 Mem:59.25M (Peak 59.25M) | Time:00:00.01 | Mem:0.00M, Peak:0.00M | Scene, ViewLayer | Synchronizing object | upper_left_radiator_louver_01
Fra:1 Mem:59.25M (Peak 59.25M) | Time:00:00.01 | Mem:0.00M, Peak:0.00M | Scene, ViewLayer | Synchronizing object | upper_left_radiator_louver_02
Fra:1 Mem:59.29M (Peak 59.29M) | Time:00:00.01 | Mem:0.00M, Peak:0.00M | Scene, ViewLayer | Synchronizing object | upper_left_radiator_louver_04
Fra:1 Mem:59.30M (Peak 59.30M) | Time:00:00.01 | Mem:0.00M, Peak:0.00M | Scene, ViewLayer | Synchronizing object | upper_left_radiator_louver_05
Fra:1 Mem:59.31M (Peak 59.31M) | Time:00:00.01 | Mem:0.00M, Peak:0.00M | Scene, ViewLayer | Synchronizing object | upper_left_radiator_louver_06
Fra:1 Mem:59.32M (Peak 59.32M) | Time:00:00.01 | Mem:0.00M, Peak:0.00M | Scene, ViewLayer | Synchronizing object | upper_left_radiator_louver_07
Fra:1 Mem:59.32M (Peak 59.32M) | Time:00:00.01 | Mem:0.00M, Peak:0.00M | Scene, ViewLayer | Synchronizing object | right_foot_toe_ivory_side_1
Fra:1 Mem:59.41M (Peak 59.41M) | Time:00:00.01 | Mem:0.00M, Peak:0.00M | Scene, ViewLayer | Synchronizing object | upper_left_radiator_louver_08
Fra:1 Mem:59.47M (Peak 59.47M) | Time:00:00.01 | Mem:0.00M, Peak:0.00M | Scene, ViewLayer | Synchronizing object | upper_left_radiator_louver_09
Fra:1 Mem:59.44M (Peak 59.47M) | Time:00:00.01 | Mem:0.00M, Peak:0.00M | Scene, ViewLayer | Synchronizing object | right_foot_toe_ivory_side_-1
Fra:1 Mem:59.54M (Peak 59.54M) | Time:00:00.01 | Mem:0.00M, Peak:0.00M | Scene, ViewLayer | Synchronizing object | upper_left_radiator_louver_10
Fra:1 Mem:59.55M (Peak 59.55M) | Time:00:00.01 | Mem:0.00M, Peak:0.00M | Scene, ViewLayer | Synchronizing object | upper_left_vent_fastener_0
Fra:1 Mem:59.62M (Peak 59.62M) | Time:00:00.01 | Mem:0.00M, Peak:0.00M | Scene, ViewLayer | Synchronizing object | upper_left_vent_fastener_1
Fra:1 Mem:59.62M (Peak 59.63M) | Time:00:00.01 | Mem:0.00M, Peak:0.00M | Scene, ViewLayer | Synchronizing object | right_foot_continuous_keel
Fra:1 Mem:59.65M (Peak 59.65M) | Time:00:00.01 | Mem:0.00M, Peak:0.00M | Scene, ViewLayer | Synchronizing object | right_ankle_orange_rim_1
Fra:1 Mem:59.67M (Peak 59.67M) | Time:00:00.01 | Mem:0.00M, Peak:0.00M | Scene, ViewLayer | Synchronizing object | upper_left_vent_fastener_3
Fra:1 Mem:59.69M (Peak 59.69M) | Time:00:00.01 | Mem:0.00M, Peak:0.00M | Scene, ViewLayer | Synchronizing object | right_ankle_joint_cover_1
Fra:1 Mem:59.72M (Peak 59.72M) | Time:00:00.01 | Mem:0.00M, Peak:0.00M | Scene, ViewLayer | Synchronizing object | upper_left_torso_side_layer_lip_00
Fra:1 Mem:59.74M (Peak 59.74M) | Time:00:00.01 | Mem:0.00M, Peak:0.00M | Scene, ViewLayer | Synchronizing object | upper_left_torso_side_layer_01
Fra:1 Mem:59.78M (Peak 59.78M) | Time:00:00.01 | Mem:0.00M, Peak:0.00M | Scene, ViewLayer | Synchronizing object | upper_left_torso_side_layer_lip_01
Fra:1 Mem:59.78M (Peak 59.78M) | Time:00:00.01 | Mem:0.00M, Peak:0.00M | Scene, ViewLayer | Synchronizing object | right_ankle_orange_rim_-1
Fra:1 Mem:59.79M (Peak 59.79M) | Time:00:00.01 | Mem:0.00M, Peak:0.00M | Scene, ViewLayer | Synchronizing object | upper_left_torso_side_layer_03
Fra:1 Mem:59.85M (Peak 59.85M) | Time:00:00.01 | Mem:0.00M, Peak:0.00M | Scene, ViewLayer | Synchronizing object | upper_left_torso_side_layer_lip_03
Fra:1 Mem:59.84M (Peak 59.85M) | Time:00:00.01 | Mem:0.00M, Peak:0.00M | Scene, ViewLayer | Synchronizing object | upper_left_blue_forearm_wrap
Fra:1 Mem:59.91M (Peak 59.91M) | Time:00:00.01 | Mem:0.00M, Peak:0.00M | Scene, ViewLayer | Synchronizing object | upper_left_blue_deltoid_wrap
Fra:1 Mem:59.95M (Peak 59.95M) | Time:00:00.01 | Mem:0.00M, Peak:0.00M | Scene, ViewLayer | Synchronizing object | right_fold_orange_rim_1
Fra:1 Mem:59.96M (Peak 59.96M) | Time:00:00.01 | Mem:0.00M, Peak:0.00M | Scene, ViewLayer | Synchronizing object | upper_left_ivory_shoulder_cap
Fra:1 Mem:60.22M (Peak 60.22M) | Time:00:00.01 | Mem:0.00M, Peak:0.00M | Scene, ViewLayer | Synchronizing object | right_fold_joint_cover_1
Fra:1 Mem:60.32M (Peak 60.32M) | Time:00:00.01 | Mem:0.00M, Peak:0.00M | Scene, ViewLayer | Synchronizing object | right_fold_orange_rim_-1
Fra:1 Mem:60.40M (Peak 60.40M) | Time:00:00.01 | Mem:0.00M, Peak:0.00M | Scene, ViewLayer | Synchronizing object | upper_left_shoulder_open_bearing_seat
Fra:1 Mem:60.45M (Peak 60.45M) | Time:00:00.01 | Mem:0.00M, Peak:0.00M | Scene, ViewLayer | Synchronizing object | right_fold_joint_cover_-1
Fra:1 Mem:60.46M (Peak 60.46M) | Time:00:00.01 | Mem:0.00M, Peak:0.00M | Scene, ViewLayer | Synchronizing object | upper_left_ivory_lower_upper_arm
Fra:1 Mem:60.57M (Peak 60.57M) | Time:00:00.01 | Mem:0.00M, Peak:0.00M | Scene, ViewLayer | Synchronizing object | right_knee_orange_rim_1
Fra:1 Mem:60.58M (Peak 60.58M) | Time:00:00.01 | Mem:0.00M, Peak:0.00M | Scene, ViewLayer | Synchronizing object | upper_right_blue_continuous_shoulder_sweep
Fra:1 Mem:60.56M (Peak 60.58M) | Time:00:00.01 | Mem:0.00M, Peak:0.00M | Scene, ViewLayer | Synchronizing object | upper_right_blue_shoulder_upper_return
Fra:1 Mem:60.61M (Peak 60.61M) | Time:00:00.01 | Mem:0.00M, Peak:0.00M | Scene, ViewLayer | Synchronizing object | upper_right_blue_rear_shoulder_guard
Fra:1 Mem:60.61M (Peak 60.61M) | Time:00:00.01 | Mem:0.00M, Peak:0.00M | Scene, ViewLayer | Synchronizing object | upper_right_blue_chest_cheek_wrap
Fra:1 Mem:60.93M (Peak 60.93M) | Time:00:00.01 | Mem:0.00M, Peak:0.00M | Scene, ViewLayer | Synchronizing object | right_knee_orange_rim_-1
Fra:1 Mem:60.96M (Peak 60.96M) | Time:00:00.01 | Mem:0.00M, Peak:0.00M | Scene, ViewLayer | Synchronizing object | upper_right_blue_chest_cheek_side_return
Fra:1 Mem:60.97M (Peak 60.97M) | Time:00:00.01 | Mem:0.00M, Peak:0.00M | Scene, ViewLayer | Synchronizing object | right_knee_joint_cover_-1
Fra:1 Mem:61.05M (Peak 61.05M) | Time:00:00.01 | Mem:0.00M, Peak:0.00M | Scene, ViewLayer | Synchronizing object | upper_right_radiator_ivory_socket
Fra:1 Mem:61.07M (Peak 61.07M) | Time:00:00.01 | Mem:0.00M, Peak:0.00M | Scene, ViewLayer | Synchronizing object | right_thigh_lower_orange_panel
Fra:1 Mem:61.10M (Peak 61.10M) | Time:00:00.01 | Mem:0.00M, Peak:0.00M | Scene, ViewLayer | Synchronizing object | right_distal_blue_armor
Fra:1 Mem:61.11M (Peak 61.11M) | Time:00:00.01 | Mem:0.00M, Peak:0.00M | Scene, ViewLayer | Synchronizing object | upper_right_radiator_gold_trim
Fra:1 Mem:61.11M (Peak 61.11M) | Time:00:00.01 | Mem:0.00M, Peak:0.00M | Scene, ViewLayer | Synchronizing object | right_middle_blue_armor
Fra:1 Mem:61.16M (Peak 61.16M) | Time:00:00.01 | Mem:0.00M, Peak:0.00M | Scene, ViewLayer | Synchronizing object | right_thigh_blue_armor
Fra:1 Mem:61.16M (Peak 61.16M) | Time:00:00.01 | Mem:0.00M, Peak:0.00M | Scene, ViewLayer | Synchronizing object | upper_right_radiator_black_well
Fra:1 Mem:61.23M (Peak 61.23M) | Time:00:00.01 | Mem:0.00M, Peak:0.00M | Scene, ViewLayer | Synchronizing object | upper_right_radiator_turning_plenum
Fra:1 Mem:61.22M (Peak 61.23M) | Time:00:00.01 | Mem:0.00M, Peak:0.00M | Scene, ViewLayer | Synchronizing object | upper_right_radiator_louver_00
Fra:1 Mem:61.30M (Peak 61.30M) | Time:00:00.01 | Mem:0.00M, Peak:0.00M | Scene, ViewLayer | Synchronizing object | right_pressure_carrier
Fra:1 Mem:61.35M (Peak 61.35M) | Time:00:00.01 | Mem:0.00M, Peak:0.00M | Scene, ViewLayer | Synchronizing object | upper_right_radiator_louver_01
Fra:1 Mem:61.36M (Peak 61.36M) | Time:00:00.01 | Mem:0.00M, Peak:0.00M | Scene, ViewLayer | Synchronizing object | upper_right_radiator_louver_03
Fra:1 Mem:61.30M (Peak 61.36M) | Time:00:00.01 | Mem:0.00M, Peak:0.00M | Scene, ViewLayer | Synchronizing object | right_heel_contact_pad
Fra:1 Mem:61.31M (Peak 61.36M) | Time:00:00.01 | Mem:0.00M, Peak:0.00M | Scene, ViewLayer | Synchronizing object | upper_right_radiator_louver_05
Fra:1 Mem:61.31M (Peak 61.36M) | Time:00:00.01 | Mem:0.00M, Peak:0.00M | Scene, ViewLayer | Synchronizing object | right_toe_contact_pad
Fra:1 Mem:61.32M (Peak 61.36M) | Time:00:00.01 | Mem:0.00M, Peak:0.00M | Scene, ViewLayer | Synchronizing object | upper_right_radiator_louver_07
Fra:1 Mem:61.35M (Peak 61.36M) | Time:00:00.01 | Mem:0.00M, Peak:0.00M | Scene, ViewLayer | Synchronizing object | upper_right_radiator_louver_08
Fra:1 Mem:61.35M (Peak 61.36M) | Time:00:00.01 | Mem:0.00M, Peak:0.00M | Scene, ViewLayer | Synchronizing object | right_frame_distal
Fra:1 Mem:61.44M (Peak 61.44M) | Time:00:00.01 | Mem:0.00M, Peak:0.00M | Scene, ViewLayer | Synchronizing object | upper_right_radiator_louver_10
Fra:1 Mem:61.46M (Peak 61.46M) | Time:00:00.01 | Mem:0.00M, Peak:0.00M | Scene, ViewLayer | Synchronizing object | upper_right_vent_fastener_0
Fra:1 Mem:61.48M (Peak 61.48M) | Time:00:00.01 | Mem:0.00M, Peak:0.00M | Scene, ViewLayer | Synchronizing object | upper_right_vent_fastener_1
Fra:1 Mem:61.51M (Peak 61.51M) | Time:00:00.01 | Mem:0.00M, Peak:0.00M | Scene, ViewLayer | Synchronizing object | upper_right_vent_fastener_2
Fra:1 Mem:61.55M (Peak 61.55M) | Time:00:00.01 | Mem:0.00M, Peak:0.00M | Scene, ViewLayer | Synchronizing object | right_frame_middle
Fra:1 Mem:61.55M (Peak 61.55M) | Time:00:00.01 | Mem:0.00M, Peak:0.00M | Scene, ViewLayer | Synchronizing object | upper_right_dark_torso_side_housing
Fra:1 Mem:61.68M (Peak 61.68M) | Time:00:00.01 | Mem:0.00M, Peak:0.00M | Scene, ViewLayer | Synchronizing object | upper_right_torso_side_layer_00
Fra:1 Mem:61.70M (Peak 61.70M) | Time:00:00.01 | Mem:0.00M, Peak:0.00M | Scene, ViewLayer | Synchronizing object | upper_right_torso_side_layer_lip_00
Fra:1 Mem:61.70M (Peak 61.70M) | Time:00:00.01 | Mem:0.00M, Peak:0.00M | Scene, ViewLayer | Synchronizing object | upper_right_torso_side_layer_01
Fra:1 Mem:61.72M (Peak 61.72M) | Time:00:00.01 | Mem:0.00M, Peak:0.00M | Scene, ViewLayer | Synchronizing object | upper_right_torso_side_layer_02
Fra:1 Mem:61.85M (Peak 61.85M) | Time:00:00.01 | Mem:0.00M, Peak:0.00M | Scene, ViewLayer | Synchronizing object | upper_right_torso_side_layer_lip_02
Fra:1 Mem:61.87M (Peak 61.87M) | Time:00:00.01 | Mem:0.00M, Peak:0.00M | Scene, ViewLayer | Synchronizing object | upper_right_torso_side_layer_03
Fra:1 Mem:61.89M (Peak 61.89M) | Time:00:00.01 | Mem:0.00M, Peak:0.00M | Scene, ViewLayer | Synchronizing object | upper_right_torso_side_layer_lip_03
Fra:1 Mem:61.90M (Peak 61.90M) | Time:00:00.01 | Mem:0.00M, Peak:0.00M | Scene, ViewLayer | Synchronizing object | left_foot_ivory_low_hull
Fra:1 Mem:61.93M (Peak 61.93M) | Time:00:00.01 | Mem:0.00M, Peak:0.00M | Scene, ViewLayer | Synchronizing object | upper_right_blue_forearm_wrap
Fra:1 Mem:61.98M (Peak 61.98M) | Time:00:00.01 | Mem:0.00M, Peak:0.00M | Scene, ViewLayer | Synchronizing object | upper_right_blue_deltoid_wrap
Fra:1 Mem:62.05M (Peak 62.05M) | Time:00:00.01 | Mem:0.00M, Peak:0.00M | Scene, ViewLayer | Synchronizing object | upper_right_ivory_shoulder_cap
Fra:1 Mem:62.03M (Peak 62.05M) | Time:00:00.01 | Mem:0.00M, Peak:0.00M | Scene, ViewLayer | Synchronizing object | upper_right_ivory_lower_upper_arm
Fra:1 Mem:62.41M (Peak 62.41M) | Time:00:00.01 | Mem:0.00M, Peak:0.00M | Scene, ViewLayer | Synchronizing object | left_foot_heel_dark_guard
Fra:1 Mem:62.43M (Peak 62.43M) | Time:00:00.01 | Mem:0.00M, Peak:0.00M | Scene, ViewLayer | Synchronizing object | upper_right_blue_elbow_yoke
Fra:1 Mem:62.45M (Peak 62.45M) | Time:00:00.01 | Mem:0.00M, Peak:0.00M | Scene, ViewLayer | Synchronizing object | left_foot_heel_ivory_side_1
Fra:1 Mem:62.44M (Peak 62.45M) | Time:00:00.01 | Mem:0.00M, Peak:0.00M | Scene, ViewLayer | Synchronizing object | upper_left_shoulder_inner_barrel
Fra:1 Mem:62.45M (Peak 62.45M) | Time:00:00.01 | Mem:0.00M, Peak:0.00M | Scene, ViewLayer | Synchronizing object | left_foot_heel_ivory_side_-1
Fra:1 Mem:62.56M (Peak 62.56M) | Time:00:00.01 | Mem:0.00M, Peak:0.00M | Scene, ViewLayer | Synchronizing object | upper_left_shoulder_barrel_band_1
Fra:1 Mem:62.57M (Peak 62.57M) | Time:00:00.01 | Mem:0.00M, Peak:0.00M | Scene, ViewLayer | Synchronizing object | upper_left_shoulder_negative_y_support_cheek
Fra:1 Mem:62.65M (Peak 62.65M) | Time:00:00.01 | Mem:0.00M, Peak:0.00M | Scene, ViewLayer | Synchronizing object | upper_left_shoulder_negative_y_recessed_face
Fra:1 Mem:62.68M (Peak 62.68M) | Time:00:00.01 | Mem:0.00M, Peak:0.00M | Scene, ViewLayer | Synchronizing object | upper_left_shoulder_negative_y_thin_rim
Fra:1 Mem:62.71M (Peak 62.71M) | Time:00:00.01 | Mem:0.00M, Peak:0.00M | Scene, ViewLayer | Synchronizing object | upper_left_shoulder_negative_y_central_cap
Fra:1 Mem:62.75M (Peak 62.75M) | Time:00:00.01 | Mem:0.00M, Peak:0.00M | Scene, ViewLayer | Synchronizing object | upper_left_shoulder_negative_y_cap_step
Fra:1 Mem:62.77M (Peak 62.77M) | Time:00:00.01 | Mem:0.00M, Peak:0.00M | Scene, ViewLayer | Synchronizing object | upper_left_shoulder_positive_y_support_cheek
Fra:1 Mem:62.90M (Peak 62.90M) | Time:00:00.01 | Mem:0.00M, Peak:0.00M | Scene, ViewLayer | Synchronizing object | upper_left_shoulder_positive_y_recessed_face
Fra:1 Mem:62.90M (Peak 62.90M) | Time:00:00.01 | Mem:0.00M, Peak:0.00M | Scene, ViewLayer | Synchronizing object | upper_left_shoulder_positive_y_thin_rim
Fra:1 Mem:62.93M (Peak 62.93M) | Time:00:00.01 | Mem:0.00M, Peak:0.00M | Scene, ViewLayer | Synchronizing object | upper_left_shoulder_positive_y_central_cap
Fra:1 Mem:62.92M (Peak 62.93M) | Time:00:00.01 | Mem:0.00M, Peak:0.00M | Scene, ViewLayer | Synchronizing object | left_foot_toe_ivory_side_-1
Fra:1 Mem:63.02M (Peak 63.02M) | Time:00:00.01 | Mem:0.00M, Peak:0.00M | Scene, ViewLayer | Synchronizing object | upper_left_shoulder_positive_y_cap_step
Fra:1 Mem:63.04M (Peak 63.04M) | Time:00:00.01 | Mem:0.00M, Peak:0.00M | Scene, ViewLayer | Synchronizing object | upper_left_elbow_inner_barrel
Fra:1 Mem:63.08M (Peak 63.08M) | Time:00:00.01 | Mem:0.00M, Peak:0.00M | Scene, ViewLayer | Synchronizing object | upper_left_elbow_barrel_band_0
Fra:1 Mem:63.09M (Peak 63.09M) | Time:00:00.01 | Mem:0.00M, Peak:0.00M | Scene, ViewLayer | Synchronizing object | upper_left_elbow_barrel_band_1
Fra:1 Mem:63.11M (Peak 63.11M) | Time:00:00.01 | Mem:0.00M, Peak:0.00M | Scene, ViewLayer | Synchronizing object | upper_left_elbow_negative_y_support_cheek
Fra:1 Mem:63.07M (Peak 63.11M) | Time:00:00.01 | Mem:0.00M, Peak:0.00M | Scene, ViewLayer | Synchronizing object | upper_left_elbow_negative_y_recessed_face
Fra:1 Mem:63.04M (Peak 63.11M) | Time:00:00.01 | Mem:0.00M, Peak:0.00M | Scene, ViewLayer | Synchronizing object | left_foot_continuous_keel
Fra:1 Mem:63.11M (Peak 63.11M) | Time:00:00.01 | Mem:0.00M, Peak:0.00M | Scene, ViewLayer | Synchronizing object | upper_left_elbow_negative_y_cap_step
Fra:1 Mem:63.10M (Peak 63.11M) | Time:00:00.01 | Mem:0.00M, Peak:0.00M | Scene, ViewLayer | Synchronizing object | upper_left_elbow_positive_y_recessed_face
Fra:1 Mem:63.16M (Peak 63.16M) | Time:00:00.01 | Mem:0.00M, Peak:0.00M | Scene, ViewLayer | Synchronizing object | upper_left_elbow_positive_y_cap_step
Fra:1 Mem:63.17M (Peak 63.17M) | Time:00:00.01 | Mem:0.00M, Peak:0.00M | Scene, ViewLayer | Synchronizing object | left_ankle_joint_cover_1
Fra:1 Mem:63.17M (Peak 63.17M) | Time:00:00.01 | Mem:0.00M, Peak:0.00M | Scene, ViewLayer | Synchronizing object | upper_left_elbow_forward_shallow_cover
Fra:1 Mem:63.23M (Peak 63.23M) | Time:00:00.01 | Mem:0.00M, Peak:0.00M | Scene, ViewLayer | Synchronizing object | upper_left_elbow_forward_thin_gold_ring
Fra:1 Mem:63.29M (Peak 63.29M) | Time:00:00.01 | Mem:0.00M, Peak:0.00M | Scene, ViewLayer | Synchronizing object | left_ankle_orange_rim_-1
Fra:1 Mem:63.32M (Peak 63.32M) | Time:00:00.01 | Mem:0.00M, Peak:0.00M | Scene, ViewLayer | Synchronizing object | upper_left_elbow_forward_dark_center
Fra:1 Mem:63.34M (Peak 63.34M) | Time:00:00.01 | Mem:0.00M, Peak:0.00M | Scene, ViewLayer | Synchronizing object | upper_left_wrist_inner_barrel
Fra:1 Mem:63.35M (Peak 63.35M) | Time:00:00.01 | Mem:0.00M, Peak:0.00M | Scene, ViewLayer | Synchronizing object | upper_left_wrist_barrel_band_1
Fra:1 Mem:63.36M (Peak 63.36M) | Time:00:00.01 | Mem:0.00M, Peak:0.00M | Scene, ViewLayer | Synchronizing object | upper_left_wrist_negative_y_support_cheek
Fra:1 Mem:63.37M (Peak 63.37M) | Time:00:00.01 | Mem:0.00M, Peak:0.00M | Scene, ViewLayer | Synchronizing object | left_fold_orange_rim_1
Fra:1 Mem:63.39M (Peak 63.39M) | Time:00:00.01 | Mem:0.00M, Peak:0.00M | Scene, ViewLayer | Synchronizing object | upper_left_wrist_negative_y_recessed_face
Fra:1 Mem:63.39M (Peak 63.39M) | Time:00:00.01 | Mem:0.00M, Peak:0.00M | Scene, ViewLayer | Synchronizing object | left_fold_joint_cover_1
Fra:1 Mem:63.44M (Peak 63.44M) | Time:00:00.01 | Mem:0.00M, Peak:0.00M | Scene, ViewLayer | Synchronizing object | upper_left_wrist_negative_y_thin_rim
Fra:1 Mem:63.47M (Peak 63.47M) | Time:00:00.01 | Mem:0.00M, Peak:0.00M | Scene, ViewLayer | Synchronizing object | left_fold_orange_rim_-1
Fra:1 Mem:63.54M (Peak 63.54M) | Time:00:00.01 | Mem:0.00M, Peak:0.00M | Scene, ViewLayer | Synchronizing object | upper_left_wrist_positive_y_support_cheek
Fra:1 Mem:63.54M (Peak 63.54M) | Time:00:00.01 | Mem:0.00M, Peak:0.00M | Scene, ViewLayer | Synchronizing object | upper_left_wrist_positive_y_thin_rim
Fra:1 Mem:63.58M (Peak 63.58M) | Time:00:00.01 | Mem:0.00M, Peak:0.00M | Scene, ViewLayer | Synchronizing object | left_fold_joint_cover_-1
Fra:1 Mem:63.59M (Peak 63.59M) | Time:00:00.01 | Mem:0.00M, Peak:0.00M | Scene, ViewLayer | Synchronizing object | upper_left_wrist_positive_y_central_cap
Fra:1 Mem:63.60M (Peak 63.60M) | Time:00:00.01 | Mem:0.00M, Peak:0.00M | Scene, ViewLayer | Synchronizing object | upper_left_wrist_positive_y_cap_step
Fra:1 Mem:63.61M (Peak 63.61M) | Time:00:00.01 | Mem:0.00M, Peak:0.00M | Scene, ViewLayer | Synchronizing object | upper_left_palm_inner_carrier
Fra:1 Mem:63.63M (Peak 63.63M) | Time:00:00.01 | Mem:0.00M, Peak:0.00M | Scene, ViewLayer | Synchronizing object | upper_left_ivory_palm_dorsal
Fra:1 Mem:63.65M (Peak 63.65M) | Time:00:00.01 | Mem:0.00M, Peak:0.00M | Scene, ViewLayer | Synchronizing object | upper_left_ivory_palm_reverse_cover
Fra:1 Mem:63.66M (Peak 63.66M) | Time:00:00.01 | Mem:0.00M, Peak:0.00M | Scene, ViewLayer | Synchronizing object | upper_left_palm_lower_dark_seam
Fra:1 Mem:63.66M (Peak 63.66M) | Time:00:00.01 | Mem:0.00M, Peak:0.00M | Scene, ViewLayer | Synchronizing object | upper_left_palm_upper_exposed_hinge
Fra:1 Mem:63.67M (Peak 63.67M) | Time:00:00.01 | Mem:0.00M, Peak:0.00M | Scene, ViewLayer | Synchronizing object | upper_left_palm_lower_exposed_hinge
Fra:1 Mem:63.67M (Peak 63.67M) | Time:00:00.01 | Mem:0.00M, Peak:0.00M | Scene, ViewLayer | Synchronizing object | upper_left_finger_1_root_joint
Fra:1 Mem:63.70M (Peak 63.70M) | Time:00:00.01 | Mem:0.00M, Peak:0.00M | Scene, ViewLayer | Synchronizing object | upper_left_finger_1_proximal_casting
Fra:1 Mem:63.70M (Peak 63.70M) | Time:00:00.01 | Mem:0.00M, Peak:0.00M | Scene, ViewLayer | Synchronizing object | left_knee_orange_rim_-1
Fra:1 Mem:63.72M (Peak 63.72M) | Time:00:00.01 | Mem:0.00M, Peak:0.00M | Scene, ViewLayer | Synchronizing object | upper_left_finger_1_interphalangeal_joint
Fra:1 Mem:63.73M (Peak 63.73M) | Time:00:00.01 | Mem:0.00M, Peak:0.00M | Scene, ViewLayer | Synchronizing object | left_knee_joint_cover_-1
Fra:1 Mem:63.74M (Peak 63.74M) | Time:00:00.01 | Mem:0.00M, Peak:0.00M | Scene, ViewLayer | Synchronizing object | upper_left_finger_1_tip_contact_pad
Fra:1 Mem:63.75M (Peak 63.75M) | Time:00:00.01 | Mem:0.00M, Peak:0.00M | Scene, ViewLayer | Synchronizing object | left_thigh_lower_orange_panel
Fra:1 Mem:63.77M (Peak 63.77M) | Time:00:00.01 | Mem:0.00M, Peak:0.00M | Scene, ViewLayer | Synchronizing object | upper_left_finger_2_ivory_first_pad
Fra:1 Mem:63.77M (Peak 63.77M) | Time:00:00.01 | Mem:0.00M, Peak:0.00M | Scene, ViewLayer | Synchronizing object | left_distal_blue_armor
Fra:1 Mem:63.78M (Peak 63.78M) | Time:00:00.01 | Mem:0.00M, Peak:0.00M | Scene, ViewLayer | Synchronizing object | upper_left_finger_2_curved_distal
Fra:1 Mem:63.78M (Peak 63.78M) | Time:00:00.01 | Mem:0.00M, Peak:0.00M | Scene, ViewLayer | Synchronizing object | upper_left_finger_3_root_joint
Fra:1 Mem:63.79M (Peak 63.79M) | Time:00:00.01 | Mem:0.00M, Peak:0.00M | Scene, ViewLayer | Synchronizing object | upper_left_finger_3_proximal_casting
Fra:1 Mem:63.80M (Peak 63.80M) | Time:00:00.01 | Mem:0.00M, Peak:0.00M | Scene, ViewLayer | Synchronizing object | upper_left_finger_3_ivory_first_pad
Fra:1 Mem:63.80M (Peak 63.80M) | Time:00:00.01 | Mem:0.00M, Peak:0.00M | Scene, ViewLayer | Synchronizing object | upper_left_finger_3_ivory_reverse_first_pad
Fra:1 Mem:63.80M (Peak 63.80M) | Time:00:00.01 | Mem:0.00M, Peak:0.00M | Scene, ViewLayer | Synchronizing object | upper_left_finger_3_interphalangeal_joint
Fra:1 Mem:63.80M (Peak 63.80M) | Time:00:00.01 | Mem:0.00M, Peak:0.00M | Scene, ViewLayer | Synchronizing object | upper_left_finger_3_curved_distal
Fra:1 Mem:63.81M (Peak 63.81M) | Time:00:00.01 | Mem:0.00M, Peak:0.00M | Scene, ViewLayer | Synchronizing object | upper_left_finger_3_tip_contact_pad
Fra:1 Mem:63.81M (Peak 63.81M) | Time:00:00.01 | Mem:0.00M, Peak:0.00M | Scene, ViewLayer | Synchronizing object | upper_left_thumb_root_web
Fra:1 Mem:63.82M (Peak 63.82M) | Time:00:00.01 | Mem:0.00M, Peak:0.00M | Scene, ViewLayer | Synchronizing object | upper_left_thumb_root_pin
Fra:1 Mem:63.83M (Peak 63.83M) | Time:00:00.01 | Mem:0.00M, Peak:0.00M | Scene, ViewLayer | Synchronizing object | upper_left_thumb_proximal_casting
Fra:1 Mem:63.83M (Peak 63.83M) | Time:00:00.01 | Mem:0.00M, Peak:0.00M | Scene, ViewLayer | Synchronizing object | upper_left_thumb_middle_pin
Fra:1 Mem:63.84M (Peak 63.84M) | Time:00:00.01 | Mem:0.00M, Peak:0.00M | Scene, ViewLayer | Synchronizing object | upper_left_thumb_black_terminal
Fra:1 Mem:63.84M (Peak 63.84M) | Time:00:00.01 | Mem:0.00M, Peak:0.00M | Scene, ViewLayer | Synchronizing object | upper_left_palm_wrist_negative_y_short_neck
Fra:1 Mem:63.84M (Peak 63.84M) | Time:00:00.01 | Mem:0.00M, Peak:0.00M | Scene, ViewLayer | Synchronizing object | upper_left_palm_wrist_positive_y_short_neck
Fra:1 Mem:63.85M (Peak 63.85M) | Time:00:00.01 | Mem:0.00M, Peak:0.00M | Scene, ViewLayer | Synchronizing object | upper_right_shoulder_barrel_band_0
Fra:1 Mem:63.86M (Peak 63.86M) | Time:00:00.01 | Mem:0.00M, Peak:0.00M | Scene, ViewLayer | Synchronizing object | upper_right_shoulder_negative_y_support_cheek
Fra:1 Mem:63.88M (Peak 63.88M) | Time:00:00.01 | Mem:0.00M, Peak:0.00M | Scene, ViewLayer | Synchronizing object | upper_right_shoulder_negative_y_recessed_face
Fra:1 Mem:63.89M (Peak 63.89M) | Time:00:00.01 | Mem:0.00M, Peak:0.00M | Scene, ViewLayer | Synchronizing object | upper_right_shoulder_negative_y_thin_rim
Fra:1 Mem:63.93M (Peak 63.93M) | Time:00:00.01 | Mem:0.00M, Peak:0.00M | Scene, ViewLayer | Synchronizing object | upper_right_shoulder_negative_y_central_cap
Fra:1 Mem:63.93M (Peak 63.93M) | Time:00:00.01 | Mem:0.00M, Peak:0.00M | Scene, ViewLayer | Synchronizing object | upper_right_shoulder_negative_y_cap_step
Fra:1 Mem:63.96M (Peak 63.96M) | Time:00:00.01 | Mem:0.00M, Peak:0.00M | Scene, ViewLayer | Synchronizing object | upper_right_shoulder_positive_y_support_cheek
Fra:1 Mem:63.98M (Peak 63.98M) | Time:00:00.01 | Mem:0.00M, Peak:0.00M | Scene, ViewLayer | Synchronizing object | upper_right_shoulder_positive_y_recessed_face
Fra:1 Mem:64.02M (Peak 64.02M) | Time:00:00.01 | Mem:0.00M, Peak:0.00M | Scene, ViewLayer | Synchronizing object | left_thigh_blue_armor
Fra:1 Mem:64.02M (Peak 64.02M) | Time:00:00.01 | Mem:0.00M, Peak:0.00M | Scene, ViewLayer | Synchronizing object | left_shaft_ankle
Fra:1 Mem:64.04M (Peak 64.04M) | Time:00:00.01 | Mem:0.00M, Peak:0.00M | Scene, ViewLayer | Synchronizing object | left_pressure_carrier
Fra:1 Mem:64.09M (Peak 64.09M) | Time:00:00.01 | Mem:0.00M, Peak:0.00M | Scene, ViewLayer | Synchronizing object | left_heel_contact_pad
Fra:1 Mem:64.09M (Peak 64.09M) | Time:00:00.01 | Mem:0.00M, Peak:0.00M | Scene, ViewLayer | Synchronizing object | left_toe_contact_pad
Fra:1 Mem:64.18M (Peak 64.18M) | Time:00:00.01 | Mem:0.00M, Peak:0.00M | Scene, ViewLayer | Synchronizing object | upper_right_elbow_inner_barrel
Fra:1 Mem:64.16M (Peak 64.18M) | Time:00:00.01 | Mem:0.00M, Peak:0.00M | Scene, ViewLayer | Synchronizing object | upper_right_elbow_barrel_band_1
Fra:1 Mem:64.19M (Peak 64.19M) | Time:00:00.01 | Mem:0.00M, Peak:0.00M | Scene, ViewLayer | Synchronizing object | upper_right_elbow_negative_y_support_cheek
Fra:1 Mem:64.21M (Peak 64.21M) | Time:00:00.01 | Mem:0.00M, Peak:0.00M | Scene, ViewLayer | Synchronizing object | upper_right_elbow_negative_y_thin_rim
Fra:1 Mem:64.27M (Peak 64.27M) | Time:00:00.01 | Mem:0.00M, Peak:0.00M | Scene, ViewLayer | Synchronizing object | upper_right_elbow_negative_y_central_cap
Fra:1 Mem:64.28M (Peak 64.28M) | Time:00:00.01 | Mem:0.00M, Peak:0.00M | Scene, ViewLayer | Synchronizing object | upper_right_elbow_negative_y_cap_step
Fra:1 Mem:64.30M (Peak 64.30M) | Time:00:00.01 | Mem:0.00M, Peak:0.00M | Scene, ViewLayer | Synchronizing object | upper_right_elbow_positive_y_thin_rim
Fra:1 Mem:64.34M (Peak 64.34M) | Time:00:00.01 | Mem:0.00M, Peak:0.00M | Scene, ViewLayer | Synchronizing object | upper_right_elbow_positive_y_central_cap
Fra:1 Mem:64.35M (Peak 64.35M) | Time:00:00.01 | Mem:0.00M, Peak:0.00M | Scene, ViewLayer | Synchronizing object | upper_right_elbow_positive_y_cap_step
Fra:1 Mem:64.37M (Peak 64.37M) | Time:00:00.01 | Mem:0.00M, Peak:0.00M | Scene, ViewLayer | Synchronizing object | upper_right_elbow_forward_shallow_cover
Fra:1 Mem:64.39M (Peak 64.39M) | Time:00:00.01 | Mem:0.00M, Peak:0.00M | Scene, ViewLayer | Synchronizing object | upper_right_elbow_forward_recessed_face
Fra:1 Mem:64.39M (Peak 64.39M) | Time:00:00.01 | Mem:0.00M, Peak:0.00M | Scene, ViewLayer | Synchronizing object | upper_right_elbow_forward_thin_gold_ring
Fra:1 Mem:64.42M (Peak 64.42M) | Time:00:00.01 | Mem:0.00M, Peak:0.00M | Scene, ViewLayer | Synchronizing object | left_shaft_fold
Fra:1 Mem:64.46M (Peak 64.46M) | Time:00:00.01 | Mem:0.00M, Peak:0.00M | Scene, ViewLayer | Synchronizing object | upper_right_elbow_forward_dark_center
Fra:1 Mem:64.46M (Peak 64.46M) | Time:00:00.01 | Mem:0.00M, Peak:0.00M | Scene, ViewLayer | Synchronizing object | upper_right_wrist_inner_barrel
Fra:1 Mem:64.47M (Peak 64.47M) | Time:00:00.01 | Mem:0.00M, Peak:0.00M | Scene, ViewLayer | Synchronizing object | upper_right_wrist_barrel_band_0
Fra:1 Mem:64.49M (Peak 64.49M) | Time:00:00.01 | Mem:0.00M, Peak:0.00M | Scene, ViewLayer | Synchronizing object | upper_right_wrist_barrel_band_1
Fra:1 Mem:64.50M (Peak 64.50M) | Time:00:00.01 | Mem:0.00M, Peak:0.00M | Scene, ViewLayer | Synchronizing object | upper_right_wrist_negative_y_support_cheek
Fra:1 Mem:64.52M (Peak 64.52M) | Time:00:00.01 | Mem:0.00M, Peak:0.00M | Scene, ViewLayer | Synchronizing object | upper_right_wrist_negative_y_recessed_face
Fra:1 Mem:64.52M (Peak 64.52M) | Time:00:00.01 | Mem:0.00M, Peak:0.00M | Scene, ViewLayer | Synchronizing object | upper_right_wrist_negative_y_thin_rim
Fra:1 Mem:64.56M (Peak 64.56M) | Time:00:00.01 | Mem:0.00M, Peak:0.00M | Scene, ViewLayer | Synchronizing object | upper_right_wrist_negative_y_central_cap
Fra:1 Mem:64.57M (Peak 64.57M) | Time:00:00.01 | Mem:0.00M, Peak:0.00M | Scene, ViewLayer | Synchronizing object | upper_right_wrist_negative_y_cap_step
Fra:1 Mem:64.58M (Peak 64.58M) | Time:00:00.01 | Mem:0.00M, Peak:0.00M | Scene, ViewLayer | Synchronizing object | upper_right_wrist_positive_y_support_cheek
Fra:1 Mem:64.61M (Peak 64.61M) | Time:00:00.01 | Mem:0.00M, Peak:0.00M | Scene, ViewLayer | Synchronizing object | upper_right_wrist_positive_y_recessed_face
Fra:1 Mem:64.62M (Peak 64.62M) | Time:00:00.01 | Mem:0.00M, Peak:0.00M | Scene, ViewLayer | Synchronizing object | upper_right_wrist_positive_y_thin_rim
Fra:1 Mem:64.68M (Peak 64.68M) | Time:00:00.01 | Mem:0.00M, Peak:0.00M | Scene, ViewLayer | Synchronizing object | upper_right_wrist_positive_y_cap_step
Fra:1 Mem:64.71M (Peak 64.71M) | Time:00:00.01 | Mem:0.00M, Peak:0.00M | Scene, ViewLayer | Synchronizing object | upper_right_palm_inner_carrier
Fra:1 Mem:64.71M (Peak 64.71M) | Time:00:00.01 | Mem:0.00M, Peak:0.00M | Scene, ViewLayer | Synchronizing object | upper_right_ivory_palm_reverse_cover
Fra:1 Mem:64.72M (Peak 64.72M) | Time:00:00.01 | Mem:0.00M, Peak:0.00M | Scene, ViewLayer | Synchronizing object | upper_right_palm_lower_dark_seam
Fra:1 Mem:64.72M (Peak 64.72M) | Time:00:00.01 | Mem:0.00M, Peak:0.00M | Scene, ViewLayer | Synchronizing object | upper_right_palm_upper_exposed_hinge
Fra:1 Mem:64.73M (Peak 64.73M) | Time:00:00.01 | Mem:0.00M, Peak:0.00M | Scene, ViewLayer | Synchronizing object | upper_right_palm_lower_exposed_hinge
Fra:1 Mem:64.73M (Peak 64.73M) | Time:00:00.01 | Mem:0.00M, Peak:0.00M | Scene, ViewLayer | Synchronizing object | upper_right_finger_1_root_joint
Fra:1 Mem:64.74M (Peak 64.74M) | Time:00:00.01 | Mem:0.00M, Peak:0.00M | Scene, ViewLayer | Synchronizing object | upper_right_finger_1_proximal_casting
Fra:1 Mem:64.74M (Peak 64.74M) | Time:00:00.01 | Mem:0.00M, Peak:0.00M | Scene, ViewLayer | Synchronizing object | upper_right_finger_1_ivory_first_pad
Fra:1 Mem:64.80M (Peak 64.80M) | Time:00:00.01 | Mem:0.00M, Peak:0.00M | Scene, ViewLayer | Synchronizing object | upper_right_finger_1_ivory_reverse_first_pad
Fra:1 Mem:64.86M (Peak 64.86M) | Time:00:00.01 | Mem:0.00M, Peak:0.00M | Scene, ViewLayer | Synchronizing object | upper_right_finger_1_interphalangeal_joint
Fra:1 Mem:64.85M (Peak 64.86M) | Time:00:00.01 | Mem:0.00M, Peak:0.00M | Scene, ViewLayer | Synchronizing object | left_shaft_knee
Fra:1 Mem:64.85M (Peak 64.86M) | Time:00:00.01 | Mem:0.00M, Peak:0.00M | Scene, ViewLayer | Synchronizing object | upper_right_finger_2_root_joint
Fra:1 Mem:64.88M (Peak 64.88M) | Time:00:00.01 | Mem:0.00M, Peak:0.00M | Scene, ViewLayer | Synchronizing object | upper_right_finger_2_proximal_casting
Fra:1 Mem:64.88M (Peak 64.88M) | Time:00:00.01 | Mem:0.00M, Peak:0.00M | Scene, ViewLayer | Synchronizing object | upper_right_finger_2_ivory_first_pad
Fra:1 Mem:64.88M (Peak 64.88M) | Time:00:00.01 | Mem:0.00M, Peak:0.00M | Scene, ViewLayer | Synchronizing object | upper_right_finger_2_ivory_reverse_first_pad
Fra:1 Mem:64.88M (Peak 64.88M) | Time:00:00.01 | Mem:0.00M, Peak:0.00M | Scene, ViewLayer | Synchronizing object | upper_right_finger_2_curved_distal
Fra:1 Mem:64.89M (Peak 64.89M) | Time:00:00.01 | Mem:0.00M, Peak:0.00M | Scene, ViewLayer | Synchronizing object | upper_right_finger_2_tip_contact_pad
Fra:1 Mem:64.89M (Peak 64.89M) | Time:00:00.01 | Mem:0.00M, Peak:0.00M | Scene, ViewLayer | Synchronizing object | upper_right_finger_3_root_joint
Fra:1 Mem:64.90M (Peak 64.90M) | Time:00:00.01 | Mem:0.00M, Peak:0.00M | Scene, ViewLayer | Synchronizing object | upper_right_finger_3_proximal_casting
Fra:1 Mem:64.90M (Peak 64.90M) | Time:00:00.01 | Mem:0.00M, Peak:0.00M | Scene, ViewLayer | Synchronizing object | upper_right_finger_3_ivory_first_pad
Fra:1 Mem:64.97M (Peak 64.97M) | Time:00:00.01 | Mem:0.00M, Peak:0.00M | Scene, ViewLayer | Synchronizing object | upper_right_finger_3_ivory_reverse_first_pad
Fra:1 Mem:64.99M (Peak 64.99M) | Time:00:00.01 | Mem:0.00M, Peak:0.00M | Scene, ViewLayer | Synchronizing object | upper_right_finger_3_interphalangeal_joint
Fra:1 Mem:65.02M (Peak 65.02M) | Time:00:00.01 | Mem:0.00M, Peak:0.00M | Scene, ViewLayer | Synchronizing object | upper_right_finger_3_curved_distal
Fra:1 Mem:65.00M (Peak 65.02M) | Time:00:00.01 | Mem:0.00M, Peak:0.00M | Scene, ViewLayer | Synchronizing object | left_frame_thigh
Fra:1 Mem:65.07M (Peak 65.07M) | Time:00:00.01 | Mem:0.00M, Peak:0.00M | Scene, ViewLayer | Synchronizing object | upper_right_thumb_root_web
Fra:1 Mem:65.09M (Peak 65.09M) | Time:00:00.01 | Mem:0.00M, Peak:0.00M | Scene, ViewLayer | Synchronizing object | upper_right_thumb_root_pin
Fra:1 Mem:65.12M (Peak 65.12M) | Time:00:00.01 | Mem:0.00M, Peak:0.00M | Scene, ViewLayer | Synchronizing object | upper_right_thumb_proximal_casting
Fra:1 Mem:65.14M (Peak 65.14M) | Time:00:00.01 | Mem:0.00M, Peak:0.00M | Scene, ViewLayer | Synchronizing object | upper_right_thumb_ivory_first_pad
Fra:1 Mem:65.15M (Peak 65.15M) | Time:00:00.01 | Mem:0.00M, Peak:0.00M | Scene, ViewLayer | Synchronizing object | upper_right_thumb_middle_pin
Fra:1 Mem:65.13M (Peak 65.15M) | Time:00:00.01 | Mem:0.00M, Peak:0.00M | Scene, ViewLayer | Synchronizing object | upper_right_thumb_black_terminal
Fra:1 Mem:65.23M (Peak 65.23M) | Time:00:00.01 | Mem:0.00M, Peak:0.00M | Scene, ViewLayer | Synchronizing object | upper_right_palm_wrist_negative_y_short_neck
Fra:1 Mem:65.26M (Peak 65.26M) | Time:00:00.01 | Mem:0.00M, Peak:0.00M | Scene, ViewLayer | Synchronizing object | upper_right_palm_wrist_positive_y_short_neck
Fra:1 Mem:65.28M (Peak 65.28M) | Time:00:00.01 | Mem:0.00M, Peak:0.00M | Scene, ViewLayer | Synchronizing object | upper_structure_spine_box
Fra:1 Mem:65.26M (Peak 65.28M) | Time:00:00.01 | Mem:0.00M, Peak:0.00M | Scene, ViewLayer | Synchronizing object | upper_right_forearm_upper_edge_02_07
Fra:1 Mem:65.26M (Peak 65.28M) | Time:00:00.01 | Mem:0.00M, Peak:0.00M | Scene, ViewLayer | Synchronizing object | upper_left_structure_upper_arm_box
Fra:1 Mem:65.26M (Peak 65.28M) | Time:00:00.01 | Mem:0.00M, Peak:0.00M | Scene, ViewLayer | Synchronizing object | upper_right_forearm_upper_edge_02_06
Fra:1 Mem:65.27M (Peak 65.28M) | Time:00:00.01 | Mem:0.00M, Peak:0.00M | Scene, ViewLayer | Synchronizing object | upper_left_structure_forearm_box
Fra:1 Mem:65.27M (Peak 65.28M) | Time:00:00.01 | Mem:0.00M, Peak:0.00M | Scene, ViewLayer | Synchronizing object | upper_right_structure_shoulder_crossmember
Fra:1 Mem:65.28M (Peak 65.28M) | Time:00:00.01 | Mem:0.00M, Peak:0.00M | Scene, ViewLayer | Synchronizing object | upper_right_structure_upper_arm_box
Fra:1 Mem:65.28M (Peak 65.28M) | Time:00:00.01 | Mem:0.00M, Peak:0.00M | Scene, ViewLayer | Synchronizing object | upper_right_structure_forearm_box
Fra:1 Mem:65.28M (Peak 65.28M) | Time:00:00.01 | Mem:0.00M, Peak:0.00M | Scene, ViewLayer | Synchronizing object | upper_left_forearm_upper_edge_00_00
Fra:1 Mem:65.28M (Peak 65.28M) | Time:00:00.01 | Mem:0.00M, Peak:0.00M | Scene, ViewLayer | Synchronizing object | upper_left_forearm_upper_edge_00_01
Fra:1 Mem:65.29M (Peak 65.29M) | Time:00:00.01 | Mem:0.00M, Peak:0.00M | Scene, ViewLayer | Synchronizing object | upper_left_forearm_upper_edge_00_02
Fra:1 Mem:65.29M (Peak 65.29M) | Time:00:00.01 | Mem:0.00M, Peak:0.00M | Scene, ViewLayer | Synchronizing object | upper_left_forearm_upper_edge_00_04
Fra:1 Mem:65.29M (Peak 65.29M) | Time:00:00.01 | Mem:0.00M, Peak:0.00M | Scene, ViewLayer | Synchronizing object | upper_right_forearm_upper_edge_02_05
Fra:1 Mem:65.29M (Peak 65.29M) | Time:00:00.01 | Mem:0.00M, Peak:0.00M | Scene, ViewLayer | Synchronizing object | upper_left_forearm_upper_edge_00_07
Fra:1 Mem:65.29M (Peak 65.29M) | Time:00:00.01 | Mem:0.00M, Peak:0.00M | Scene, ViewLayer | Synchronizing object | upper_left_forearm_upper_edge_01_00
Fra:1 Mem:65.30M (Peak 65.30M) | Time:00:00.01 | Mem:0.00M, Peak:0.00M | Scene, ViewLayer | Synchronizing object | upper_left_forearm_upper_edge_01_01
Fra:1 Mem:65.30M (Peak 65.30M) | Time:00:00.01 | Mem:0.00M, Peak:0.00M | Scene, ViewLayer | Synchronizing object | upper_left_forearm_upper_edge_01_02
Fra:1 Mem:65.30M (Peak 65.30M) | Time:00:00.01 | Mem:0.00M, Peak:0.00M | Scene, ViewLayer | Synchronizing object | upper_left_forearm_upper_edge_01_03
Fra:1 Mem:65.30M (Peak 65.30M) | Time:00:00.01 | Mem:0.00M, Peak:0.00M | Scene, ViewLayer | Synchronizing object | upper_left_forearm_upper_edge_01_04
Fra:1 Mem:65.30M (Peak 65.30M) | Time:00:00.01 | Mem:0.00M, Peak:0.00M | Scene, ViewLayer | Synchronizing object | upper_left_forearm_upper_edge_01_05
Fra:1 Mem:65.30M (Peak 65.30M) | Time:00:00.01 | Mem:0.00M, Peak:0.00M | Scene, ViewLayer | Synchronizing object | upper_left_forearm_upper_edge_01_06
Fra:1 Mem:65.30M (Peak 65.30M) | Time:00:00.01 | Mem:0.00M, Peak:0.00M | Scene, ViewLayer | Synchronizing object | upper_left_forearm_upper_edge_01_07
Fra:1 Mem:65.30M (Peak 65.30M) | Time:00:00.01 | Mem:0.00M, Peak:0.00M | Scene, ViewLayer | Synchronizing object | upper_left_forearm_upper_edge_02_00
Fra:1 Mem:65.31M (Peak 65.31M) | Time:00:00.01 | Mem:0.00M, Peak:0.00M | Scene, ViewLayer | Synchronizing object | upper_left_forearm_upper_edge_02_01
Fra:1 Mem:65.31M (Peak 65.31M) | Time:00:00.01 | Mem:0.00M, Peak:0.00M | Scene, ViewLayer | Synchronizing object | upper_left_forearm_upper_edge_02_02
Fra:1 Mem:65.31M (Peak 65.31M) | Time:00:00.01 | Mem:0.00M, Peak:0.00M | Scene, ViewLayer | Synchronizing object | upper_left_forearm_upper_edge_02_03
Fra:1 Mem:65.31M (Peak 65.31M) | Time:00:00.01 | Mem:0.00M, Peak:0.00M | Scene, ViewLayer | Synchronizing object | upper_left_forearm_upper_edge_02_04
Fra:1 Mem:65.31M (Peak 65.31M) | Time:00:00.01 | Mem:0.00M, Peak:0.00M | Scene, ViewLayer | Synchronizing object | upper_left_forearm_upper_edge_02_05
Fra:1 Mem:65.31M (Peak 65.31M) | Time:00:00.01 | Mem:0.00M, Peak:0.00M | Scene, ViewLayer | Synchronizing object | upper_left_forearm_upper_edge_02_06
Fra:1 Mem:65.31M (Peak 65.31M) | Time:00:00.01 | Mem:0.00M, Peak:0.00M | Scene, ViewLayer | Synchronizing object | upper_right_forearm_upper_edge_00_00
Fra:1 Mem:65.31M (Peak 65.31M) | Time:00:00.01 | Mem:0.00M, Peak:0.00M | Scene, ViewLayer | Synchronizing object | upper_right_forearm_upper_edge_00_01
Fra:1 Mem:65.31M (Peak 65.31M) | Time:00:00.01 | Mem:0.00M, Peak:0.00M | Scene, ViewLayer | Synchronizing object | upper_right_forearm_upper_edge_00_02
Fra:1 Mem:65.32M (Peak 65.32M) | Time:00:00.01 | Mem:0.00M, Peak:0.00M | Scene, ViewLayer | Synchronizing object | upper_right_forearm_upper_edge_00_03
Fra:1 Mem:65.32M (Peak 65.32M) | Time:00:00.01 | Mem:0.00M, Peak:0.00M | Scene, ViewLayer | Synchronizing object | upper_right_forearm_upper_edge_00_04
Fra:1 Mem:65.32M (Peak 65.32M) | Time:00:00.01 | Mem:0.00M, Peak:0.00M | Scene, ViewLayer | Synchronizing object | upper_right_forearm_upper_edge_00_05
Fra:1 Mem:65.32M (Peak 65.32M) | Time:00:00.01 | Mem:0.00M, Peak:0.00M | Scene, ViewLayer | Synchronizing object | upper_right_forearm_upper_edge_00_06
Fra:1 Mem:65.32M (Peak 65.32M) | Time:00:00.01 | Mem:0.00M, Peak:0.00M | Scene, ViewLayer | Synchronizing object | upper_right_forearm_upper_edge_01_00
Fra:1 Mem:65.32M (Peak 65.32M) | Time:00:00.01 | Mem:0.00M, Peak:0.00M | Scene, ViewLayer | Synchronizing object | upper_right_forearm_upper_edge_01_01
Fra:1 Mem:65.32M (Peak 65.32M) | Time:00:00.01 | Mem:0.00M, Peak:0.00M | Scene, ViewLayer | Synchronizing object | upper_right_forearm_upper_edge_02_03
Fra:1 Mem:65.33M (Peak 65.33M) | Time:00:00.01 | Mem:0.00M, Peak:0.00M | Scene, ViewLayer | Synchronizing object | upper_right_forearm_upper_edge_01_03
Fra:1 Mem:65.33M (Peak 65.33M) | Time:00:00.01 | Mem:0.00M, Peak:0.00M | Scene, ViewLayer | Synchronizing object | upper_right_forearm_upper_edge_01_05
Fra:1 Mem:65.33M (Peak 65.33M) | Time:00:00.01 | Mem:0.00M, Peak:0.00M | Scene, ViewLayer | Synchronizing object | upper_right_forearm_upper_edge_01_06
Fra:1 Mem:65.33M (Peak 65.33M) | Time:00:00.01 | Mem:0.00M, Peak:0.00M | Scene, ViewLayer | Synchronizing object | upper_right_forearm_upper_edge_02_02
Fra:1 Mem:65.33M (Peak 65.33M) | Time:00:00.01 | Mem:0.00M, Peak:0.00M | Scene, ViewLayer | Synchronizing object | upper_right_forearm_upper_edge_01_07
Fra:1 Mem:65.33M (Peak 65.33M) | Time:00:00.01 | Mem:0.00M, Peak:0.00M | Scene, ViewLayer | Synchronizing object | upper_right_forearm_upper_edge_02_00
Fra:1 Mem:65.33M (Peak 65.33M) | Time:00:00.01 | Mem:0.00M, Peak:0.00M | Scene, ViewLayer | Synchronizing object | upper_right_forearm_upper_edge_02_01
Fra:1 Mem:65.34M (Peak 65.34M) | Time:00:00.01 | Mem:0.00M, Peak:0.00M | Scene, ViewLayer | Initializing
Fra:1 Mem:51.10M (Peak 65.34M) | Time:00:00.01 | Mem:0.00M, Peak:0.00M | Scene, ViewLayer | Waiting for render to start
Fra:1 Mem:51.10M (Peak 65.34M) | Time:00:00.01 | Mem:0.00M, Peak:0.00M | Scene, ViewLayer | Loading render kernels (may take a few minutes the first time)
Fra:1 Mem:51.10M (Peak 65.34M) | Time:00:00.01 | Mem:0.00M, Peak:0.00M | Scene, ViewLayer | Updating Scene
Fra:1 Mem:51.10M (Peak 65.34M) | Time:00:00.01 | Mem:0.00M, Peak:0.00M | Scene, ViewLayer | Updating Shaders
Fra:1 Mem:51.20M (Peak 65.34M) | Time:00:00.01 | Mem:0.01M, Peak:0.01M | Scene, ViewLayer | Updating Procedurals
Fra:1 Mem:51.20M (Peak 65.34M) | Time:00:00.01 | Mem:0.01M, Peak:0.01M | Scene, ViewLayer | Updating Background
Fra:1 Mem:51.20M (Peak 65.34M) | Time:00:00.01 | Mem:0.01M, Peak:0.01M | Scene, ViewLayer | Updating Camera
Fra:1 Mem:51.20M (Peak 65.34M) | Time:00:00.01 | Mem:0.01M, Peak:0.01M | Scene, ViewLayer | Updating Meshes Flags
Fra:1 Mem:51.20M (Peak 65.34M) | Time:00:00.01 | Mem:0.01M, Peak:0.01M | Scene, ViewLayer | Updating Objects
Fra:1 Mem:51.20M (Peak 65.34M) | Time:00:00.01 | Mem:0.01M, Peak:0.01M | Scene, ViewLayer | Updating Objects | Copying Transformations to device
Fra:1 Mem:51.30M (Peak 65.34M) | Time:00:00.01 | Mem:0.11M, Peak:0.11M | Scene, ViewLayer | Updating Objects | Applying Static Transformations
Fra:1 Mem:51.30M (Peak 65.34M) | Time:00:00.01 | Mem:0.11M, Peak:0.11M | Scene, ViewLayer | Updating Particle Systems
Fra:1 Mem:51.30M (Peak 65.34M) | Time:00:00.01 | Mem:0.11M, Peak:0.11M | Scene, ViewLayer | Updating Particle Systems | Copying Particles to device
Fra:1 Mem:51.30M (Peak 65.34M) | Time:00:00.01 | Mem:0.11M, Peak:0.11M | Scene, ViewLayer | Updating Meshes
Fra:1 Mem:54.24M (Peak 65.34M) | Time:00:00.02 | Mem:0.11M, Peak:0.11M | Scene, ViewLayer | Updating Mesh | Computing attributes
Fra:1 Mem:55.44M (Peak 65.34M) | Time:00:00.02 | Mem:0.13M, Peak:0.13M | Scene, ViewLayer | Updating Mesh | Copying Attributes to device
Fra:1 Mem:55.38M (Peak 65.34M) | Time:00:00.02 | Mem:1.25M, Peak:1.25M | Scene, ViewLayer | Updating Scene BVH | Building
Fra:1 Mem:55.38M (Peak 65.34M) | Time:00:00.02 | Mem:1.25M, Peak:1.25M | Scene, ViewLayer | Updating Scene BVH | Building BVH
Fra:1 Mem:66.41M (Peak 66.41M) | Time:00:00.07 | Mem:1.25M, Peak:1.25M | Scene, ViewLayer | Updating Scene BVH | Packing BVH triangles and strands
Fra:1 Mem:67.15M (Peak 67.15M) | Time:00:00.07 | Mem:1.25M, Peak:1.25M | Scene, ViewLayer | Updating Scene BVH | Packing BVH nodes
Fra:1 Mem:67.16M (Peak 69.51M) | Time:00:00.08 | Mem:1.25M, Peak:1.25M | Scene, ViewLayer | Updating Scene BVH | Copying BVH to device
Fra:1 Mem:67.16M (Peak 69.51M) | Time:00:00.08 | Mem:7.14M, Peak:7.14M | Scene, ViewLayer | Updating Mesh | Computing normals
Fra:1 Mem:73.81M (Peak 73.81M) | Time:00:00.08 | Mem:7.14M, Peak:7.14M | Scene, ViewLayer | Updating Mesh | Copying Mesh to device
Fra:1 Mem:73.81M (Peak 73.81M) | Time:00:00.08 | Mem:13.78M, Peak:13.78M | Scene, ViewLayer | Updating Objects Flags
Fra:1 Mem:73.81M (Peak 73.81M) | Time:00:00.08 | Mem:13.79M, Peak:13.79M | Scene, ViewLayer | Updating Primitive Offsets
Fra:1 Mem:73.81M (Peak 73.81M) | Time:00:00.08 | Mem:13.79M, Peak:13.79M | Scene, ViewLayer | Updating Images
Fra:1 Mem:73.81M (Peak 73.81M) | Time:00:00.08 | Mem:13.79M, Peak:13.79M | Scene, ViewLayer | Updating Camera Volume
Fra:1 Mem:73.81M (Peak 73.81M) | Time:00:00.08 | Mem:13.79M, Peak:13.79M | Scene, ViewLayer | Updating Lookup Tables
Fra:1 Mem:73.81M (Peak 73.81M) | Time:00:00.08 | Mem:13.87M, Peak:13.87M | Scene, ViewLayer | Updating Lights
Fra:1 Mem:73.81M (Peak 73.81M) | Time:00:00.08 | Mem:13.87M, Peak:13.87M | Scene, ViewLayer | Updating Lights | Computing distribution
Fra:1 Mem:73.81M (Peak 73.81M) | Time:00:00.08 | Mem:13.87M, Peak:13.87M | Scene, ViewLayer | Updating Lights | Computing tree
Fra:1 Mem:73.81M (Peak 73.81M) | Time:00:00.08 | Mem:13.87M, Peak:13.87M | Scene, ViewLayer | Updating Integrator
Fra:1 Mem:74.81M (Peak 74.81M) | Time:00:00.08 | Mem:14.87M, Peak:14.87M | Scene, ViewLayer | Updating Film
Fra:1 Mem:74.81M (Peak 74.81M) | Time:00:00.08 | Mem:14.79M, Peak:14.87M | Scene, ViewLayer | Updating Lookup Tables
Fra:1 Mem:74.81M (Peak 74.81M) | Time:00:00.08 | Mem:14.88M, Peak:14.88M | Scene, ViewLayer | Updating Baking
Fra:1 Mem:74.81M (Peak 74.81M) | Time:00:00.08 | Mem:14.88M, Peak:14.88M | Scene, ViewLayer | Updating Device | Writing constant memory
Fra:1 Mem:74.82M (Peak 74.82M) | Time:00:00.08 | Mem:14.88M, Peak:14.88M | Scene, ViewLayer | Sample 0/40
Fra:1 Mem:108.82M (Peak 108.82M) | Time:00:01.00 | Remaining:00:35.69 | Mem:48.87M, Peak:48.87M | Scene, ViewLayer | Sample 1/40
Fra:1 Mem:108.82M (Peak 108.82M) | Time:00:25.19 | Remaining:00:05.32 | Mem:48.87M, Peak:48.87M | Scene, ViewLayer | Sample 33/40
Fra:1 Mem:123.93M (Peak 154.15M) | Time:00:30.82 | Mem:48.87M, Peak:48.87M | Scene, ViewLayer | Sample 40/40
Fra:1 Mem:123.93M (Peak 154.15M) | Time:00:30.82 | Mem:48.87M, Peak:48.87M | Scene, ViewLayer | Finished
Saved: '/home/ethan/Projects/Sai_Art/docs/uri_style/gorilla_v0_1/leg_design_r2/images/three_quarter.png'
Time: 00:30.88 (Saving: 00:00.05)

Info: Total files 0 | Changed 0 | Failed 0
Fra:1 Mem:45.32M (Peak 45.32M) | Time:00:00.00 | Mem:0.00M, Peak:0.00M | Scene, ViewLayer | Synchronizing object | render_floor_not_a_robot_part
Fra:1 Mem:45.33M (Peak 45.33M) | Time:00:00.00 | Mem:0.00M, Peak:0.00M | Scene, ViewLayer | Synchronizing object | left_frame_middle
Fra:1 Mem:45.39M (Peak 45.39M) | Time:00:00.00 | Mem:0.00M, Peak:0.00M | Scene, ViewLayer | Synchronizing object | left_shaft_knee
Fra:1 Mem:45.41M (Peak 45.41M) | Time:00:00.00 | Mem:0.00M, Peak:0.00M | Scene, ViewLayer | Synchronizing object | left_frame_distal
Fra:1 Mem:45.56M (Peak 45.56M) | Time:00:00.00 | Mem:0.00M, Peak:0.00M | Scene, ViewLayer | Synchronizing object | left_shaft_fold
Fra:1 Mem:45.57M (Peak 45.57M) | Time:00:00.00 | Mem:0.00M, Peak:0.00M | Scene, ViewLayer | Synchronizing object | left_toe_contact_pad
Fra:1 Mem:45.59M (Peak 45.59M) | Time:00:00.00 | Mem:0.00M, Peak:0.00M | Scene, ViewLayer | Synchronizing object | left_heel_contact_pad
Fra:1 Mem:45.57M (Peak 45.59M) | Time:00:00.00 | Mem:0.00M, Peak:0.00M | Scene, ViewLayer | Synchronizing object | left_pressure_carrier
Fra:1 Mem:45.64M (Peak 45.64M) | Time:00:00.00 | Mem:0.00M, Peak:0.00M | Scene, ViewLayer | Synchronizing object | left_shaft_ankle
Fra:1 Mem:45.66M (Peak 45.66M) | Time:00:00.00 | Mem:0.00M, Peak:0.00M | Scene, ViewLayer | Synchronizing object | left_thigh_blue_armor
Fra:1 Mem:45.66M (Peak 45.66M) | Time:00:00.00 | Mem:0.00M, Peak:0.00M | Scene, ViewLayer | Synchronizing object | left_middle_blue_armor
Fra:1 Mem:45.67M (Peak 45.67M) | Time:00:00.00 | Mem:0.00M, Peak:0.00M | Scene, ViewLayer | Synchronizing object | left_distal_blue_armor
Fra:1 Mem:45.67M (Peak 45.67M) | Time:00:00.00 | Mem:0.00M, Peak:0.00M | Scene, ViewLayer | Synchronizing object | left_thigh_lower_orange_panel
Fra:1 Mem:45.69M (Peak 45.69M) | Time:00:00.00 | Mem:0.00M, Peak:0.00M | Scene, ViewLayer | Synchronizing object | left_knee_joint_cover_-1
Fra:1 Mem:45.69M (Peak 45.69M) | Time:00:00.00 | Mem:0.00M, Peak:0.00M | Scene, ViewLayer | Synchronizing object | left_knee_orange_rim_-1
Fra:1 Mem:45.72M (Peak 45.72M) | Time:00:00.00 | Mem:0.00M, Peak:0.00M | Scene, ViewLayer | Synchronizing object | left_knee_joint_cover_1
Fra:1 Mem:45.73M (Peak 45.73M) | Time:00:00.00 | Mem:0.00M, Peak:0.00M | Scene, ViewLayer | Synchronizing object | left_knee_orange_rim_1
Fra:1 Mem:45.75M (Peak 45.75M) | Time:00:00.00 | Mem:0.00M, Peak:0.00M | Scene, ViewLayer | Synchronizing object | left_fold_joint_cover_-1
Fra:1 Mem:45.76M (Peak 45.76M) | Time:00:00.00 | Mem:0.00M, Peak:0.00M | Scene, ViewLayer | Synchronizing object | left_fold_orange_rim_-1
Fra:1 Mem:45.78M (Peak 45.78M) | Time:00:00.00 | Mem:0.00M, Peak:0.00M | Scene, ViewLayer | Synchronizing object | left_fold_joint_cover_1
Fra:1 Mem:45.79M (Peak 45.79M) | Time:00:00.00 | Mem:0.00M, Peak:0.00M | Scene, ViewLayer | Synchronizing object | left_fold_orange_rim_1
Fra:1 Mem:45.81M (Peak 45.81M) | Time:00:00.00 | Mem:0.00M, Peak:0.00M | Scene, ViewLayer | Synchronizing object | left_ankle_joint_cover_-1
Fra:1 Mem:45.82M (Peak 45.82M) | Time:00:00.00 | Mem:0.00M, Peak:0.00M | Scene, ViewLayer | Synchronizing object | left_ankle_orange_rim_-1
Fra:1 Mem:45.84M (Peak 45.84M) | Time:00:00.00 | Mem:0.00M, Peak:0.00M | Scene, ViewLayer | Synchronizing object | left_ankle_joint_cover_1
Fra:1 Mem:45.85M (Peak 45.85M) | Time:00:00.00 | Mem:0.00M, Peak:0.00M | Scene, ViewLayer | Synchronizing object | left_ankle_orange_rim_1
Fra:1 Mem:45.86M (Peak 45.86M) | Time:00:00.00 | Mem:0.00M, Peak:0.00M | Scene, ViewLayer | Synchronizing object | left_foot_continuous_keel
Fra:1 Mem:45.87M (Peak 45.87M) | Time:00:00.00 | Mem:0.00M, Peak:0.00M | Scene, ViewLayer | Synchronizing object | left_foot_toe_ivory_side_-1
Fra:1 Mem:45.87M (Peak 45.87M) | Time:00:00.00 | Mem:0.00M, Peak:0.00M | Scene, ViewLayer | Synchronizing object | left_foot_toe_ivory_side_1
Fra:1 Mem:46.10M (Peak 46.10M) | Time:00:00.00 | Mem:0.00M, Peak:0.00M | Scene, ViewLayer | Synchronizing object | left_foot_heel_ivory_side_-1
Fra:1 Mem:46.12M (Peak 46.12M) | Time:00:00.00 | Mem:0.00M, Peak:0.00M | Scene, ViewLayer | Synchronizing object | left_foot_heel_ivory_side_1
Fra:1 Mem:46.21M (Peak 46.21M) | Time:00:00.00 | Mem:0.00M, Peak:0.00M | Scene, ViewLayer | Initializing
Fra:1 Mem:44.38M (Peak 46.21M) | Time:00:00.00 | Mem:0.00M, Peak:0.00M | Scene, ViewLayer | Waiting for render to start
Fra:1 Mem:44.39M (Peak 46.21M) | Time:00:00.00 | Mem:0.00M, Peak:0.00M | Scene, ViewLayer | Loading render kernels (may take a few minutes the first time)
Fra:1 Mem:44.39M (Peak 46.21M) | Time:00:00.00 | Mem:0.00M, Peak:0.00M | Scene, ViewLayer | Updating Scene
Fra:1 Mem:44.39M (Peak 46.21M) | Time:00:00.00 | Mem:0.00M, Peak:0.00M | Scene, ViewLayer | Updating Shaders
Fra:1 Mem:44.47M (Peak 46.21M) | Time:00:00.00 | Mem:0.01M, Peak:0.01M | Scene, ViewLayer | Updating Procedurals
Fra:1 Mem:44.47M (Peak 46.21M) | Time:00:00.00 | Mem:0.01M, Peak:0.01M | Scene, ViewLayer | Updating Background
Fra:1 Mem:44.47M (Peak 46.21M) | Time:00:00.00 | Mem:0.01M, Peak:0.01M | Scene, ViewLayer | Updating Camera
Fra:1 Mem:44.47M (Peak 46.21M) | Time:00:00.00 | Mem:0.01M, Peak:0.01M | Scene, ViewLayer | Updating Meshes Flags
Fra:1 Mem:44.47M (Peak 46.21M) | Time:00:00.00 | Mem:0.01M, Peak:0.01M | Scene, ViewLayer | Updating Objects
Fra:1 Mem:44.47M (Peak 46.21M) | Time:00:00.00 | Mem:0.01M, Peak:0.01M | Scene, ViewLayer | Updating Objects | Copying Transformations to device
Fra:1 Mem:44.48M (Peak 46.21M) | Time:00:00.00 | Mem:0.01M, Peak:0.01M | Scene, ViewLayer | Updating Objects | Applying Static Transformations
Fra:1 Mem:44.48M (Peak 46.21M) | Time:00:00.00 | Mem:0.01M, Peak:0.01M | Scene, ViewLayer | Updating Particle Systems
Fra:1 Mem:44.48M (Peak 46.21M) | Time:00:00.00 | Mem:0.01M, Peak:0.01M | Scene, ViewLayer | Updating Particle Systems | Copying Particles to device
Fra:1 Mem:44.48M (Peak 46.21M) | Time:00:00.00 | Mem:0.01M, Peak:0.01M | Scene, ViewLayer | Updating Meshes
Fra:1 Mem:44.82M (Peak 46.21M) | Time:00:00.00 | Mem:0.01M, Peak:0.01M | Scene, ViewLayer | Updating Mesh | Computing attributes
Fra:1 Mem:44.96M (Peak 46.21M) | Time:00:00.00 | Mem:0.02M, Peak:0.02M | Scene, ViewLayer | Updating Mesh | Copying Attributes to device
Fra:1 Mem:44.95M (Peak 46.21M) | Time:00:00.00 | Mem:0.14M, Peak:0.14M | Scene, ViewLayer | Updating Scene BVH | Building
Fra:1 Mem:44.95M (Peak 46.21M) | Time:00:00.00 | Mem:0.14M, Peak:0.14M | Scene, ViewLayer | Updating Scene BVH | Building BVH
Fra:1 Mem:46.24M (Peak 46.24M) | Time:00:00.00 | Mem:0.14M, Peak:0.14M | Scene, ViewLayer | Updating Scene BVH | Packing BVH triangles and strands
Fra:1 Mem:46.32M (Peak 46.32M) | Time:00:00.00 | Mem:0.14M, Peak:0.14M | Scene, ViewLayer | Updating Scene BVH | Packing BVH nodes
Fra:1 Mem:46.37M (Peak 46.37M) | Time:00:00.00 | Mem:0.14M, Peak:0.14M | Scene, ViewLayer | Updating Scene BVH | Copying BVH to device
Fra:1 Mem:46.37M (Peak 46.37M) | Time:00:00.00 | Mem:0.85M, Peak:0.85M | Scene, ViewLayer | Updating Mesh | Computing normals
Fra:1 Mem:47.14M (Peak 47.14M) | Time:00:00.00 | Mem:0.85M, Peak:0.85M | Scene, ViewLayer | Updating Mesh | Copying Mesh to device
Fra:1 Mem:47.14M (Peak 47.14M) | Time:00:00.00 | Mem:1.62M, Peak:1.62M | Scene, ViewLayer | Updating Objects Flags
Fra:1 Mem:47.14M (Peak 47.14M) | Time:00:00.00 | Mem:1.62M, Peak:1.62M | Scene, ViewLayer | Updating Primitive Offsets
Fra:1 Mem:47.14M (Peak 47.14M) | Time:00:00.00 | Mem:1.62M, Peak:1.62M | Scene, ViewLayer | Updating Images
Fra:1 Mem:47.14M (Peak 47.14M) | Time:00:00.00 | Mem:1.62M, Peak:1.62M | Scene, ViewLayer | Updating Camera Volume
Fra:1 Mem:47.14M (Peak 47.14M) | Time:00:00.00 | Mem:1.62M, Peak:1.62M | Scene, ViewLayer | Updating Lookup Tables
Fra:1 Mem:47.14M (Peak 47.14M) | Time:00:00.00 | Mem:1.71M, Peak:1.71M | Scene, ViewLayer | Updating Lights
Fra:1 Mem:47.14M (Peak 47.14M) | Time:00:00.00 | Mem:1.71M, Peak:1.71M | Scene, ViewLayer | Updating Lights | Computing distribution
Fra:1 Mem:47.14M (Peak 47.14M) | Time:00:00.00 | Mem:1.71M, Peak:1.71M | Scene, ViewLayer | Updating Lights | Computing tree
Fra:1 Mem:47.15M (Peak 47.15M) | Time:00:00.00 | Mem:1.71M, Peak:1.71M | Scene, ViewLayer | Updating Integrator
Fra:1 Mem:48.15M (Peak 48.15M) | Time:00:00.00 | Mem:2.71M, Peak:2.71M | Scene, ViewLayer | Updating Film
Fra:1 Mem:48.15M (Peak 48.15M) | Time:00:00.00 | Mem:2.63M, Peak:2.71M | Scene, ViewLayer | Updating Lookup Tables
Fra:1 Mem:48.15M (Peak 48.15M) | Time:00:00.00 | Mem:2.71M, Peak:2.71M | Scene, ViewLayer | Updating Baking
Fra:1 Mem:48.15M (Peak 48.15M) | Time:00:00.00 | Mem:2.71M, Peak:2.71M | Scene, ViewLayer | Updating Device | Writing constant memory
Fra:1 Mem:48.15M (Peak 48.15M) | Time:00:00.00 | Mem:2.71M, Peak:2.71M | Scene, ViewLayer | Sample 0/40
Fra:1 Mem:82.15M (Peak 82.15M) | Time:00:00.24 | Remaining:00:09.27 | Mem:36.70M, Peak:36.70M | Scene, ViewLayer | Sample 1/40
Fra:1 Mem:97.26M (Peak 127.47M) | Time:00:08.13 | Mem:36.70M, Peak:36.70M | Scene, ViewLayer | Sample 40/40
Fra:1 Mem:97.26M (Peak 127.47M) | Time:00:08.13 | Mem:36.70M, Peak:36.70M | Scene, ViewLayer | Finished
Saved: '/home/ethan/Projects/Sai_Art/docs/uri_style/gorilla_v0_1/leg_design_r2/images/leg_deep_crouch_left.png'
Time: 00:08.20 (Saving: 00:00.06)

Fra:1 Mem:57.70M (Peak 57.70M) | Time:00:00.00 | Mem:0.00M, Peak:0.00M | Scene, ViewLayer | Synchronizing object | render_floor_not_a_robot_part
Fra:1 Mem:57.70M (Peak 57.70M) | Time:00:00.00 | Mem:0.00M, Peak:0.00M | Scene, ViewLayer | Synchronizing object | upper_crown_top_panel_line_01
Fra:1 Mem:57.71M (Peak 57.71M) | Time:00:00.00 | Mem:0.00M, Peak:0.00M | Scene, ViewLayer | Synchronizing object | upper_crown_fastener_0
Fra:1 Mem:57.73M (Peak 57.73M) | Time:00:00.00 | Mem:0.00M, Peak:0.00M | Scene, ViewLayer | Synchronizing object | upper_crown_fastener_1
Fra:1 Mem:57.75M (Peak 57.75M) | Time:00:00.00 | Mem:0.00M, Peak:0.00M | Scene, ViewLayer | Synchronizing object | upper_crown_fastener_2
Fra:1 Mem:57.78M (Peak 57.78M) | Time:00:00.01 | Mem:0.00M, Peak:0.00M | Scene, ViewLayer | Synchronizing object | upper_crown_fastener_3
Fra:1 Mem:57.80M (Peak 57.80M) | Time:00:00.01 | Mem:0.00M, Peak:0.00M | Scene, ViewLayer | Synchronizing object | upper_central_indicator_recess
Fra:1 Mem:57.82M (Peak 57.82M) | Time:00:00.01 | Mem:0.00M, Peak:0.00M | Scene, ViewLayer | Synchronizing object | upper_central_indicator_gold_frame
Fra:1 Mem:57.83M (Peak 57.83M) | Time:00:00.01 | Mem:0.00M, Peak:0.00M | Scene, ViewLayer | Synchronizing object | upper_central_indicator_lit_strip
Fra:1 Mem:57.84M (Peak 57.84M) | Time:00:00.01 | Mem:0.00M, Peak:0.00M | Scene, ViewLayer | Synchronizing object | upper_rear_crown_panel_seam_00
Fra:1 Mem:57.86M (Peak 57.86M) | Time:00:00.01 | Mem:0.00M, Peak:0.00M | Scene, ViewLayer | Synchronizing object | upper_rear_crown_panel_seam_01
Fra:1 Mem:57.86M (Peak 57.86M) | Time:00:00.01 | Mem:0.00M, Peak:0.00M | Scene, ViewLayer | Synchronizing object | upper_rear_crown_panel_seam_02
Fra:1 Mem:57.86M (Peak 57.86M) | Time:00:00.01 | Mem:0.00M, Peak:0.00M | Scene, ViewLayer | Synchronizing object | upper_dark_central_waist_coupler
Fra:1 Mem:57.86M (Peak 57.86M) | Time:00:00.01 | Mem:0.00M, Peak:0.00M | Scene, ViewLayer | Synchronizing object | upper_dark_pelvis_inner_layer
Fra:1 Mem:57.86M (Peak 57.86M) | Time:00:00.01 | Mem:0.00M, Peak:0.00M | Scene, ViewLayer | Synchronizing object | upper_pelvis_front_black_latch
Fra:1 Mem:57.88M (Peak 57.88M) | Time:00:00.01 | Mem:0.00M, Peak:0.00M | Scene, ViewLayer | Synchronizing object | upper_left_deltoid_gold_marker
Fra:1 Mem:57.89M (Peak 57.89M) | Time:00:00.01 | Mem:0.00M, Peak:0.00M | Scene, ViewLayer | Synchronizing object | upper_left_upper_arm_gold_marker
Fra:1 Mem:57.89M (Peak 57.89M) | Time:00:00.01 | Mem:0.00M, Peak:0.00M | Scene, ViewLayer | Synchronizing object | upper_left_forearm_gold_marker
Fra:1 Mem:57.89M (Peak 57.89M) | Time:00:00.01 | Mem:0.00M, Peak:0.00M | Scene, ViewLayer | Synchronizing object | upper_right_deltoid_gold_marker
Fra:1 Mem:57.89M (Peak 57.89M) | Time:00:00.01 | Mem:0.00M, Peak:0.00M | Scene, ViewLayer | Synchronizing object | upper_right_upper_arm_gold_marker
Fra:1 Mem:57.89M (Peak 57.89M) | Time:00:00.01 | Mem:0.00M, Peak:0.00M | Scene, ViewLayer | Synchronizing object | upper_right_forearm_gold_marker
Fra:1 Mem:57.89M (Peak 57.89M) | Time:00:00.01 | Mem:0.00M, Peak:0.00M | Scene, ViewLayer | Synchronizing object | upper_continuous_ivory_torso_armor_cover
Fra:1 Mem:57.89M (Peak 57.89M) | Time:00:00.01 | Mem:0.00M, Peak:0.00M | Scene, ViewLayer | Synchronizing object | upper_left_blue_rear_shoulder_edge_cover
Fra:1 Mem:58.00M (Peak 58.00M) | Time:00:00.01 | Mem:0.00M, Peak:0.00M | Scene, ViewLayer | Synchronizing object | upper_right_blue_rear_shoulder_edge_cover
Fra:1 Mem:58.04M (Peak 58.04M) | Time:00:00.01 | Mem:0.00M, Peak:0.00M | Scene, ViewLayer | Synchronizing object | upper_left_ivory_hood_window_side_lip
Fra:1 Mem:58.09M (Peak 58.09M) | Time:00:00.01 | Mem:0.00M, Peak:0.00M | Scene, ViewLayer | Synchronizing object | upper_right_ivory_hood_window_side_lip
Fra:1 Mem:58.09M (Peak 58.09M) | Time:00:00.01 | Mem:0.00M, Peak:0.00M | Scene, ViewLayer | Synchronizing object | upper_rear_blue_service_door
Fra:1 Mem:58.10M (Peak 58.10M) | Time:00:00.01 | Mem:0.00M, Peak:0.00M | Scene, ViewLayer | Synchronizing object | upper_rear_control_screen_module_envelope
Fra:1 Mem:58.10M (Peak 58.10M) | Time:00:00.01 | Mem:0.00M, Peak:0.00M | Scene, ViewLayer | Synchronizing object | upper_rear_control_screen_glass
Fra:1 Mem:58.10M (Peak 58.10M) | Time:00:00.01 | Mem:0.00M, Peak:0.00M | Scene, ViewLayer | Synchronizing object | upper_rear_control_screen_header
Fra:1 Mem:58.13M (Peak 58.13M) | Time:00:00.01 | Mem:0.00M, Peak:0.00M | Scene, ViewLayer | Synchronizing object | upper_rear_control_screen_touch_zone_status
Fra:1 Mem:58.14M (Peak 58.14M) | Time:00:00.01 | Mem:0.00M, Peak:0.00M | Scene, ViewLayer | Synchronizing object | upper_rear_control_screen_label_status
Fra:1 Mem:58.18M (Peak 58.18M) | Time:00:00.01 | Mem:0.00M, Peak:0.00M | Scene, ViewLayer | Synchronizing object | upper_rear_control_screen_zone_indicator_status
Fra:1 Mem:58.17M (Peak 58.18M) | Time:00:00.01 | Mem:0.00M, Peak:0.00M | Scene, ViewLayer | Synchronizing object | upper_rear_control_screen_touch_zone_task
Fra:1 Mem:58.18M (Peak 58.18M) | Time:00:00.01 | Mem:0.00M, Peak:0.00M | Scene, ViewLayer | Synchronizing object | upper_rear_control_screen_label_task
Fra:1 Mem:58.18M (Peak 58.18M) | Time:00:00.01 | Mem:0.00M, Peak:0.00M | Scene, ViewLayer | Synchronizing object | upper_rear_control_screen_zone_indicator_task
Fra:1 Mem:58.21M (Peak 58.21M) | Time:00:00.01 | Mem:0.00M, Peak:0.00M | Scene, ViewLayer | Synchronizing object | upper_rear_control_screen_touch_zone_local
Fra:1 Mem:58.21M (Peak 58.21M) | Time:00:00.01 | Mem:0.00M, Peak:0.00M | Scene, ViewLayer | Synchronizing object | upper_rear_control_screen_label_local
Fra:1 Mem:58.21M (Peak 58.21M) | Time:00:00.01 | Mem:0.00M, Peak:0.00M | Scene, ViewLayer | Synchronizing object | upper_rear_control_screen_zone_indicator_local
Fra:1 Mem:58.22M (Peak 58.22M) | Time:00:00.01 | Mem:0.00M, Peak:0.00M | Scene, ViewLayer | Synchronizing object | upper_rear_service_latch
Fra:1 Mem:58.23M (Peak 58.23M) | Time:00:00.01 | Mem:0.00M, Peak:0.00M | Scene, ViewLayer | Synchronizing object | upper_rear_door_upper_tab
Fra:1 Mem:58.24M (Peak 58.24M) | Time:00:00.01 | Mem:0.00M, Peak:0.00M | Scene, ViewLayer | Synchronizing object | upper_rear_door_screw_0
Fra:1 Mem:58.28M (Peak 58.28M) | Time:00:00.01 | Mem:0.00M, Peak:0.00M | Scene, ViewLayer | Synchronizing object | upper_rear_door_screw_1
Fra:1 Mem:58.28M (Peak 58.28M) | Time:00:00.01 | Mem:0.00M, Peak:0.00M | Scene, ViewLayer | Synchronizing object | upper_rear_door_screw_2
Fra:1 Mem:58.32M (Peak 58.32M) | Time:00:00.01 | Mem:0.00M, Peak:0.00M | Scene, ViewLayer | Synchronizing object | upper_rear_door_screw_3
Fra:1 Mem:58.34M (Peak 58.34M) | Time:00:00.01 | Mem:0.00M, Peak:0.00M | Scene, ViewLayer | Synchronizing object | upper_ivory_crown_inset
Fra:1 Mem:58.39M (Peak 58.39M) | Time:00:00.01 | Mem:0.00M, Peak:0.00M | Scene, ViewLayer | Synchronizing object | upper_saffron_front_pelvis_cartridge
Fra:1 Mem:58.41M (Peak 58.41M) | Time:00:00.01 | Mem:0.00M, Peak:0.00M | Scene, ViewLayer | Synchronizing object | upper_left_rear_yellow_pelvis_band
Fra:1 Mem:58.45M (Peak 58.45M) | Time:00:00.01 | Mem:0.00M, Peak:0.00M | Scene, ViewLayer | Synchronizing object | upper_right_rear_yellow_pelvis_band
Fra:1 Mem:58.58M (Peak 58.58M) | Time:00:00.01 | Mem:0.00M, Peak:0.00M | Scene, ViewLayer | Synchronizing object | upper_ivory_rear_short_waist_connector
Fra:1 Mem:58.61M (Peak 58.61M) | Time:00:00.01 | Mem:0.00M, Peak:0.00M | Scene, ViewLayer | Synchronizing object | upper_left_blue_continuous_shoulder_sweep
Fra:1 Mem:58.65M (Peak 58.65M) | Time:00:00.01 | Mem:0.00M, Peak:0.00M | Scene, ViewLayer | Synchronizing object | upper_left_blue_rear_shoulder_guard
Fra:1 Mem:58.68M (Peak 58.68M) | Time:00:00.01 | Mem:0.00M, Peak:0.00M | Scene, ViewLayer | Synchronizing object | upper_left_blue_shoulder_diagonal_front_wing
Fra:1 Mem:58.97M (Peak 58.97M) | Time:00:00.01 | Mem:0.00M, Peak:0.00M | Scene, ViewLayer | Synchronizing object | upper_left_blue_chest_cheek_wrap
Fra:1 Mem:59.11M (Peak 59.11M) | Time:00:00.01 | Mem:0.00M, Peak:0.00M | Scene, ViewLayer | Synchronizing object | upper_left_blue_chest_cheek_side_return
Fra:1 Mem:59.14M (Peak 59.14M) | Time:00:00.01 | Mem:0.00M, Peak:0.00M | Scene, ViewLayer | Synchronizing object | upper_left_radiator_ivory_socket
Fra:1 Mem:59.25M (Peak 59.25M) | Time:00:00.01 | Mem:0.00M, Peak:0.00M | Scene, ViewLayer | Synchronizing object | upper_left_radiator_gold_trim
Fra:1 Mem:59.22M (Peak 59.25M) | Time:00:00.01 | Mem:0.00M, Peak:0.00M | Scene, ViewLayer | Synchronizing object | upper_left_radiator_turning_plenum
Fra:1 Mem:59.23M (Peak 59.25M) | Time:00:00.01 | Mem:0.00M, Peak:0.00M | Scene, ViewLayer | Synchronizing object | upper_left_radiator_louver_00
Fra:1 Mem:59.23M (Peak 59.25M) | Time:00:00.01 | Mem:0.00M, Peak:0.00M | Scene, ViewLayer | Synchronizing object | upper_left_radiator_louver_01
Fra:1 Mem:59.23M (Peak 59.25M) | Time:00:00.01 | Mem:0.00M, Peak:0.00M | Scene, ViewLayer | Synchronizing object | upper_left_radiator_louver_02
Fra:1 Mem:59.25M (Peak 59.25M) | Time:00:00.01 | Mem:0.00M, Peak:0.00M | Scene, ViewLayer | Synchronizing object | upper_left_radiator_louver_03
Fra:1 Mem:59.25M (Peak 59.25M) | Time:00:00.01 | Mem:0.00M, Peak:0.00M | Scene, ViewLayer | Synchronizing object | upper_left_radiator_louver_04
Fra:1 Mem:59.26M (Peak 59.26M) | Time:00:00.01 | Mem:0.00M, Peak:0.00M | Scene, ViewLayer | Synchronizing object | upper_left_radiator_louver_05
Fra:1 Mem:59.27M (Peak 59.27M) | Time:00:00.01 | Mem:0.00M, Peak:0.00M | Scene, ViewLayer | Synchronizing object | upper_left_radiator_louver_06
Fra:1 Mem:59.27M (Peak 59.27M) | Time:00:00.01 | Mem:0.00M, Peak:0.00M | Scene, ViewLayer | Synchronizing object | upper_left_radiator_louver_07
Fra:1 Mem:59.28M (Peak 59.28M) | Time:00:00.01 | Mem:0.00M, Peak:0.00M | Scene, ViewLayer | Synchronizing object | upper_left_radiator_louver_08
Fra:1 Mem:59.29M (Peak 59.29M) | Time:00:00.01 | Mem:0.00M, Peak:0.00M | Scene, ViewLayer | Synchronizing object | upper_left_radiator_louver_09
Fra:1 Mem:59.29M (Peak 59.29M) | Time:00:00.01 | Mem:0.00M, Peak:0.00M | Scene, ViewLayer | Synchronizing object | upper_left_radiator_louver_10
Fra:1 Mem:59.31M (Peak 59.31M) | Time:00:00.01 | Mem:0.00M, Peak:0.00M | Scene, ViewLayer | Synchronizing object | upper_left_vent_fastener_0
Fra:1 Mem:59.32M (Peak 59.32M) | Time:00:00.01 | Mem:0.00M, Peak:0.00M | Scene, ViewLayer | Synchronizing object | upper_left_vent_fastener_1
Fra:1 Mem:59.33M (Peak 59.33M) | Time:00:00.01 | Mem:0.00M, Peak:0.00M | Scene, ViewLayer | Synchronizing object | upper_left_vent_fastener_2
Fra:1 Mem:59.39M (Peak 59.39M) | Time:00:00.01 | Mem:0.00M, Peak:0.00M | Scene, ViewLayer | Synchronizing object | upper_left_vent_fastener_3
Fra:1 Mem:59.42M (Peak 59.42M) | Time:00:00.01 | Mem:0.00M, Peak:0.00M | Scene, ViewLayer | Synchronizing object | upper_left_dark_torso_side_housing
Fra:1 Mem:59.43M (Peak 59.43M) | Time:00:00.01 | Mem:0.00M, Peak:0.00M | Scene, ViewLayer | Synchronizing object | upper_left_torso_side_layer_00
Fra:1 Mem:59.45M (Peak 59.45M) | Time:00:00.01 | Mem:0.00M, Peak:0.00M | Scene, ViewLayer | Synchronizing object | upper_left_torso_side_layer_lip_00
Fra:1 Mem:59.45M (Peak 59.45M) | Time:00:00.01 | Mem:0.00M, Peak:0.00M | Scene, ViewLayer | Synchronizing object | right_foot_heel_dark_guard
Fra:1 Mem:59.48M (Peak 59.48M) | Time:00:00.01 | Mem:0.00M, Peak:0.00M | Scene, ViewLayer | Synchronizing object | upper_left_torso_side_layer_01
Fra:1 Mem:59.50M (Peak 59.50M) | Time:00:00.01 | Mem:0.00M, Peak:0.00M | Scene, ViewLayer | Synchronizing object | upper_left_torso_side_layer_lip_01
Fra:1 Mem:59.51M (Peak 59.51M) | Time:00:00.01 | Mem:0.00M, Peak:0.00M | Scene, ViewLayer | Synchronizing object | upper_left_torso_side_layer_02
Fra:1 Mem:59.53M (Peak 59.53M) | Time:00:00.01 | Mem:0.00M, Peak:0.00M | Scene, ViewLayer | Synchronizing object | upper_left_torso_side_layer_lip_02
Fra:1 Mem:59.55M (Peak 59.55M) | Time:00:00.01 | Mem:0.00M, Peak:0.00M | Scene, ViewLayer | Synchronizing object | upper_left_torso_side_layer_03
Fra:1 Mem:59.55M (Peak 59.55M) | Time:00:00.01 | Mem:0.00M, Peak:0.00M | Scene, ViewLayer | Synchronizing object | upper_left_torso_side_layer_lip_03
Fra:1 Mem:59.58M (Peak 59.58M) | Time:00:00.01 | Mem:0.00M, Peak:0.00M | Scene, ViewLayer | Synchronizing object | upper_left_blue_forearm_wrap
Fra:1 Mem:59.58M (Peak 59.58M) | Time:00:00.01 | Mem:0.00M, Peak:0.00M | Scene, ViewLayer | Synchronizing object | right_foot_heel_ivory_side_-1
Fra:1 Mem:59.64M (Peak 59.64M) | Time:00:00.01 | Mem:0.00M, Peak:0.00M | Scene, ViewLayer | Synchronizing object | right_foot_toe_ivory_side_1
Fra:1 Mem:59.75M (Peak 59.75M) | Time:00:00.01 | Mem:0.00M, Peak:0.00M | Scene, ViewLayer | Synchronizing object | upper_left_ivory_shoulder_cap
Fra:1 Mem:60.15M (Peak 60.15M) | Time:00:00.01 | Mem:0.00M, Peak:0.00M | Scene, ViewLayer | Synchronizing object | upper_left_shoulder_open_bearing_seat
Fra:1 Mem:60.14M (Peak 60.15M) | Time:00:00.01 | Mem:0.00M, Peak:0.00M | Scene, ViewLayer | Synchronizing object | right_foot_toe_ivory_side_-1
Fra:1 Mem:60.25M (Peak 60.25M) | Time:00:00.01 | Mem:0.00M, Peak:0.00M | Scene, ViewLayer | Synchronizing object | upper_left_blue_elbow_yoke
Fra:1 Mem:60.45M (Peak 60.45M) | Time:00:00.01 | Mem:0.00M, Peak:0.00M | Scene, ViewLayer | Synchronizing object | upper_right_blue_continuous_shoulder_sweep
Fra:1 Mem:60.50M (Peak 60.50M) | Time:00:00.01 | Mem:0.00M, Peak:0.00M | Scene, ViewLayer | Synchronizing object | upper_right_blue_shoulder_upper_return
Fra:1 Mem:60.46M (Peak 60.50M) | Time:00:00.01 | Mem:0.00M, Peak:0.00M | Scene, ViewLayer | Synchronizing object | upper_right_blue_rear_shoulder_guard
Fra:1 Mem:60.54M (Peak 60.54M) | Time:00:00.01 | Mem:0.00M, Peak:0.00M | Scene, ViewLayer | Synchronizing object | right_foot_continuous_keel
Fra:1 Mem:60.76M (Peak 60.76M) | Time:00:00.01 | Mem:0.00M, Peak:0.00M | Scene, ViewLayer | Synchronizing object | upper_right_blue_shoulder_diagonal_front_wing
Fra:1 Mem:60.75M (Peak 60.76M) | Time:00:00.01 | Mem:0.00M, Peak:0.00M | Scene, ViewLayer | Synchronizing object | right_ankle_orange_rim_1
Fra:1 Mem:60.89M (Peak 60.89M) | Time:00:00.01 | Mem:0.00M, Peak:0.00M | Scene, ViewLayer | Synchronizing object | upper_right_blue_chest_cheek_side_return
Fra:1 Mem:60.95M (Peak 60.95M) | Time:00:00.01 | Mem:0.00M, Peak:0.00M | Scene, ViewLayer | Synchronizing object | upper_right_radiator_ivory_socket
Fra:1 Mem:60.96M (Peak 60.96M) | Time:00:00.01 | Mem:0.00M, Peak:0.00M | Scene, ViewLayer | Synchronizing object | right_ankle_joint_cover_1
Fra:1 Mem:61.06M (Peak 61.06M) | Time:00:00.01 | Mem:0.00M, Peak:0.00M | Scene, ViewLayer | Synchronizing object | right_ankle_orange_rim_-1
Fra:1 Mem:61.07M (Peak 61.07M) | Time:00:00.01 | Mem:0.00M, Peak:0.00M | Scene, ViewLayer | Synchronizing object | right_ankle_joint_cover_-1
Fra:1 Mem:61.02M (Peak 61.07M) | Time:00:00.01 | Mem:0.00M, Peak:0.00M | Scene, ViewLayer | Synchronizing object | upper_right_radiator_turning_plenum
Fra:1 Mem:61.02M (Peak 61.07M) | Time:00:00.01 | Mem:0.00M, Peak:0.00M | Scene, ViewLayer | Synchronizing object | upper_right_radiator_louver_00
Fra:1 Mem:61.02M (Peak 61.07M) | Time:00:00.01 | Mem:0.00M, Peak:0.00M | Scene, ViewLayer | Synchronizing object | upper_right_radiator_louver_01
Fra:1 Mem:61.06M (Peak 61.07M) | Time:00:00.01 | Mem:0.00M, Peak:0.00M | Scene, ViewLayer | Synchronizing object | upper_right_radiator_louver_02
Fra:1 Mem:61.06M (Peak 61.07M) | Time:00:00.01 | Mem:0.00M, Peak:0.00M | Scene, ViewLayer | Synchronizing object | upper_right_radiator_louver_03
Fra:1 Mem:61.07M (Peak 61.07M) | Time:00:00.01 | Mem:0.00M, Peak:0.00M | Scene, ViewLayer | Synchronizing object | right_fold_joint_cover_1
Fra:1 Mem:61.08M (Peak 61.08M) | Time:00:00.01 | Mem:0.00M, Peak:0.00M | Scene, ViewLayer | Synchronizing object | upper_right_radiator_louver_05
Fra:1 Mem:61.09M (Peak 61.09M) | Time:00:00.01 | Mem:0.00M, Peak:0.00M | Scene, ViewLayer | Synchronizing object | right_fold_orange_rim_-1
Fra:1 Mem:61.09M (Peak 61.09M) | Time:00:00.01 | Mem:0.00M, Peak:0.00M | Scene, ViewLayer | Synchronizing object | upper_right_radiator_louver_06
Fra:1 Mem:61.10M (Peak 61.10M) | Time:00:00.01 | Mem:0.00M, Peak:0.00M | Scene, ViewLayer | Synchronizing object | upper_right_radiator_louver_07
Fra:1 Mem:61.12M (Peak 61.12M) | Time:00:00.01 | Mem:0.00M, Peak:0.00M | Scene, ViewLayer | Synchronizing object | upper_right_radiator_louver_08
Fra:1 Mem:61.14M (Peak 61.14M) | Time:00:00.01 | Mem:0.00M, Peak:0.00M | Scene, ViewLayer | Synchronizing object | upper_right_radiator_louver_10
Fra:1 Mem:61.19M (Peak 61.19M) | Time:00:00.01 | Mem:0.00M, Peak:0.00M | Scene, ViewLayer | Synchronizing object | upper_right_vent_fastener_0
Fra:1 Mem:61.19M (Peak 61.19M) | Time:00:00.01 | Mem:0.00M, Peak:0.00M | Scene, ViewLayer | Synchronizing object | upper_right_vent_fastener_1
Fra:1 Mem:61.26M (Peak 61.26M) | Time:00:00.01 | Mem:0.00M, Peak:0.00M | Scene, ViewLayer | Synchronizing object | upper_right_vent_fastener_2
Fra:1 Mem:61.28M (Peak 61.28M) | Time:00:00.01 | Mem:0.00M, Peak:0.00M | Scene, ViewLayer | Synchronizing object | upper_right_dark_torso_side_housing
Fra:1 Mem:61.30M (Peak 61.30M) | Time:00:00.01 | Mem:0.00M, Peak:0.00M | Scene, ViewLayer | Synchronizing object | right_knee_joint_cover_1
Fra:1 Mem:61.31M (Peak 61.31M) | Time:00:00.01 | Mem:0.00M, Peak:0.00M | Scene, ViewLayer | Synchronizing object | upper_right_torso_side_layer_lip_00
Fra:1 Mem:61.37M (Peak 61.37M) | Time:00:00.01 | Mem:0.00M, Peak:0.00M | Scene, ViewLayer | Synchronizing object | upper_right_torso_side_layer_01
Fra:1 Mem:61.37M (Peak 61.37M) | Time:00:00.01 | Mem:0.00M, Peak:0.00M | Scene, ViewLayer | Synchronizing object | right_knee_orange_rim_-1
Fra:1 Mem:61.39M (Peak 61.39M) | Time:00:00.01 | Mem:0.00M, Peak:0.00M | Scene, ViewLayer | Synchronizing object | upper_right_torso_side_layer_02
Fra:1 Mem:61.41M (Peak 61.41M) | Time:00:00.01 | Mem:0.00M, Peak:0.00M | Scene, ViewLayer | Synchronizing object | upper_right_torso_side_layer_03
Fra:1 Mem:61.44M (Peak 61.44M) | Time:00:00.01 | Mem:0.00M, Peak:0.00M | Scene, ViewLayer | Synchronizing object | upper_right_torso_side_layer_lip_03
Fra:1 Mem:61.49M (Peak 61.49M) | Time:00:00.01 | Mem:0.00M, Peak:0.00M | Scene, ViewLayer | Synchronizing object | upper_right_blue_forearm_wrap
Fra:1 Mem:61.49M (Peak 61.49M) | Time:00:00.01 | Mem:0.00M, Peak:0.00M | Scene, ViewLayer | Synchronizing object | upper_right_ivory_shoulder_cap
Fra:1 Mem:61.80M (Peak 61.80M) | Time:00:00.01 | Mem:0.00M, Peak:0.00M | Scene, ViewLayer | Synchronizing object | upper_right_shoulder_open_bearing_seat
Fra:1 Mem:61.91M (Peak 61.91M) | Time:00:00.01 | Mem:0.00M, Peak:0.00M | Scene, ViewLayer | Synchronizing object | upper_right_ivory_lower_upper_arm
Fra:1 Mem:61.93M (Peak 61.93M) | Time:00:00.01 | Mem:0.00M, Peak:0.00M | Scene, ViewLayer | Synchronizing object | right_distal_blue_armor
Fra:1 Mem:61.96M (Peak 61.96M) | Time:00:00.01 | Mem:0.00M, Peak:0.00M | Scene, ViewLayer | Synchronizing object | upper_right_blue_elbow_yoke
Fra:1 Mem:61.97M (Peak 61.97M) | Time:00:00.01 | Mem:0.00M, Peak:0.00M | Scene, ViewLayer | Synchronizing object | right_middle_blue_armor
Fra:1 Mem:62.06M (Peak 62.06M) | Time:00:00.01 | Mem:0.00M, Peak:0.00M | Scene, ViewLayer | Synchronizing object | upper_left_shoulder_inner_barrel
Fra:1 Mem:62.06M (Peak 62.06M) | Time:00:00.01 | Mem:0.00M, Peak:0.00M | Scene, ViewLayer | Synchronizing object | right_thigh_blue_armor
Fra:1 Mem:62.08M (Peak 62.08M) | Time:00:00.01 | Mem:0.00M, Peak:0.00M | Scene, ViewLayer | Synchronizing object | upper_left_shoulder_barrel_band_0
Fra:1 Mem:62.09M (Peak 62.09M) | Time:00:00.01 | Mem:0.00M, Peak:0.00M | Scene, ViewLayer | Synchronizing object | right_shaft_ankle
Fra:1 Mem:62.19M (Peak 62.19M) | Time:00:00.01 | Mem:0.00M, Peak:0.00M | Scene, ViewLayer | Synchronizing object | upper_left_shoulder_barrel_band_1
Fra:1 Mem:62.21M (Peak 62.21M) | Time:00:00.01 | Mem:0.00M, Peak:0.00M | Scene, ViewLayer | Synchronizing object | right_pressure_carrier
Fra:1 Mem:62.26M (Peak 62.26M) | Time:00:00.01 | Mem:0.00M, Peak:0.00M | Scene, ViewLayer | Synchronizing object | upper_left_shoulder_negative_y_support_cheek
Fra:1 Mem:62.23M (Peak 62.26M) | Time:00:00.01 | Mem:0.00M, Peak:0.00M | Scene, ViewLayer | Synchronizing object | upper_left_shoulder_negative_y_recessed_face
Fra:1 Mem:62.23M (Peak 62.26M) | Time:00:00.01 | Mem:0.00M, Peak:0.00M | Scene, ViewLayer | Synchronizing object | right_heel_contact_pad
Fra:1 Mem:62.26M (Peak 62.26M) | Time:00:00.01 | Mem:0.00M, Peak:0.00M | Scene, ViewLayer | Synchronizing object | upper_left_shoulder_negative_y_cap_step
Fra:1 Mem:62.27M (Peak 62.27M) | Time:00:00.01 | Mem:0.00M, Peak:0.00M | Scene, ViewLayer | Synchronizing object | right_toe_contact_pad
Fra:1 Mem:62.28M (Peak 62.28M) | Time:00:00.01 | Mem:0.00M, Peak:0.00M | Scene, ViewLayer | Synchronizing object | upper_left_shoulder_positive_y_support_cheek
Fra:1 Mem:62.29M (Peak 62.29M) | Time:00:00.01 | Mem:0.00M, Peak:0.00M | Scene, ViewLayer | Synchronizing object | right_shaft_fold
Fra:1 Mem:62.33M (Peak 62.33M) | Time:00:00.01 | Mem:0.00M, Peak:0.00M | Scene, ViewLayer | Synchronizing object | upper_left_shoulder_positive_y_recessed_face
Fra:1 Mem:62.33M (Peak 62.33M) | Time:00:00.01 | Mem:0.00M, Peak:0.00M | Scene, ViewLayer | Synchronizing object | upper_left_shoulder_positive_y_thin_rim
Fra:1 Mem:62.38M (Peak 62.38M) | Time:00:00.01 | Mem:0.00M, Peak:0.00M | Scene, ViewLayer | Synchronizing object | upper_left_shoulder_positive_y_central_cap
Fra:1 Mem:62.38M (Peak 62.38M) | Time:00:00.01 | Mem:0.00M, Peak:0.00M | Scene, ViewLayer | Synchronizing object | right_frame_distal
Fra:1 Mem:62.39M (Peak 62.39M) | Time:00:00.01 | Mem:0.00M, Peak:0.00M | Scene, ViewLayer | Synchronizing object | upper_left_elbow_inner_barrel
Fra:1 Mem:62.48M (Peak 62.48M) | Time:00:00.01 | Mem:0.00M, Peak:0.00M | Scene, ViewLayer | Synchronizing object | upper_left_elbow_barrel_band_0
Fra:1 Mem:62.51M (Peak 62.51M) | Time:00:00.01 | Mem:0.00M, Peak:0.00M | Scene, ViewLayer | Synchronizing object | right_shaft_knee
Fra:1 Mem:62.54M (Peak 62.54M) | Time:00:00.01 | Mem:0.00M, Peak:0.00M | Scene, ViewLayer | Synchronizing object | upper_left_elbow_barrel_band_1
Fra:1 Mem:62.56M (Peak 62.56M) | Time:00:00.01 | Mem:0.00M, Peak:0.00M | Scene, ViewLayer | Synchronizing object | upper_left_elbow_negative_y_support_cheek
Fra:1 Mem:62.56M (Peak 62.56M) | Time:00:00.01 | Mem:0.00M, Peak:0.00M | Scene, ViewLayer | Synchronizing object | right_frame_middle
Fra:1 Mem:62.58M (Peak 62.58M) | Time:00:00.01 | Mem:0.00M, Peak:0.00M | Scene, ViewLayer | Synchronizing object | upper_left_elbow_negative_y_central_cap
Fra:1 Mem:62.59M (Peak 62.59M) | Time:00:00.01 | Mem:0.00M, Peak:0.00M | Scene, ViewLayer | Synchronizing object | upper_left_elbow_negative_y_cap_step
Fra:1 Mem:62.69M (Peak 62.69M) | Time:00:00.01 | Mem:0.00M, Peak:0.00M | Scene, ViewLayer | Synchronizing object | upper_left_elbow_positive_y_support_cheek
Fra:1 Mem:62.76M (Peak 62.76M) | Time:00:00.01 | Mem:0.00M, Peak:0.00M | Scene, ViewLayer | Synchronizing object | upper_left_elbow_positive_y_recessed_face
Fra:1 Mem:62.76M (Peak 62.76M) | Time:00:00.01 | Mem:0.00M, Peak:0.00M | Scene, ViewLayer | Synchronizing object | upper_left_elbow_positive_y_thin_rim
Fra:1 Mem:62.76M (Peak 62.76M) | Time:00:00.01 | Mem:0.00M, Peak:0.00M | Scene, ViewLayer | Synchronizing object | upper_left_elbow_positive_y_cap_step
Fra:1 Mem:62.92M (Peak 62.92M) | Time:00:00.01 | Mem:0.00M, Peak:0.00M | Scene, ViewLayer | Synchronizing object | upper_left_elbow_forward_shallow_cover
Fra:1 Mem:62.95M (Peak 62.95M) | Time:00:00.01 | Mem:0.00M, Peak:0.00M | Scene, ViewLayer | Synchronizing object | upper_left_elbow_forward_recessed_face
Fra:1 Mem:62.95M (Peak 62.95M) | Time:00:00.01 | Mem:0.00M, Peak:0.00M | Scene, ViewLayer | Synchronizing object | upper_left_elbow_forward_dark_center
Fra:1 Mem:62.99M (Peak 62.99M) | Time:00:00.01 | Mem:0.00M, Peak:0.00M | Scene, ViewLayer | Synchronizing object | upper_left_wrist_inner_barrel
Fra:1 Mem:62.97M (Peak 62.99M) | Time:00:00.01 | Mem:0.00M, Peak:0.00M | Scene, ViewLayer | Synchronizing object | upper_left_wrist_barrel_band_0
Fra:1 Mem:63.02M (Peak 63.02M) | Time:00:00.01 | Mem:0.00M, Peak:0.00M | Scene, ViewLayer | Synchronizing object | upper_left_wrist_barrel_band_1
Fra:1 Mem:63.04M (Peak 63.04M) | Time:00:00.01 | Mem:0.00M, Peak:0.00M | Scene, ViewLayer | Synchronizing object | upper_left_wrist_negative_y_support_cheek
Fra:1 Mem:63.07M (Peak 63.07M) | Time:00:00.01 | Mem:0.00M, Peak:0.00M | Scene, ViewLayer | Synchronizing object | upper_left_wrist_negative_y_recessed_face
Fra:1 Mem:63.07M (Peak 63.07M) | Time:00:00.01 | Mem:0.00M, Peak:0.00M | Scene, ViewLayer | Synchronizing object | upper_left_wrist_negative_y_thin_rim
Fra:1 Mem:63.10M (Peak 63.10M) | Time:00:00.01 | Mem:0.00M, Peak:0.00M | Scene, ViewLayer | Synchronizing object | upper_left_wrist_negative_y_central_cap
Fra:1 Mem:63.13M (Peak 63.13M) | Time:00:00.01 | Mem:0.00M, Peak:0.00M | Scene, ViewLayer | Synchronizing object | left_foot_heel_dark_guard
Fra:1 Mem:63.14M (Peak 63.14M) | Time:00:00.01 | Mem:0.00M, Peak:0.00M | Scene, ViewLayer | Synchronizing object | upper_left_wrist_positive_y_support_cheek
Fra:1 Mem:63.17M (Peak 63.17M) | Time:00:00.01 | Mem:0.00M, Peak:0.00M | Scene, ViewLayer | Synchronizing object | left_foot_heel_ivory_side_1
Fra:1 Mem:63.17M (Peak 63.17M) | Time:00:00.01 | Mem:0.00M, Peak:0.00M | Scene, ViewLayer | Synchronizing object | upper_left_wrist_positive_y_recessed_face
Fra:1 Mem:63.17M (Peak 63.17M) | Time:00:00.01 | Mem:0.00M, Peak:0.00M | Scene, ViewLayer | Synchronizing object | left_foot_heel_ivory_side_-1
Fra:1 Mem:63.18M (Peak 63.18M) | Time:00:00.01 | Mem:0.00M, Peak:0.00M | Scene, ViewLayer | Synchronizing object | left_foot_toe_ivory_side_1
Fra:1 Mem:63.32M (Peak 63.32M) | Time:00:00.01 | Mem:0.00M, Peak:0.00M | Scene, ViewLayer | Synchronizing object | upper_left_wrist_positive_y_cap_step
Fra:1 Mem:63.33M (Peak 63.33M) | Time:00:00.01 | Mem:0.00M, Peak:0.00M | Scene, ViewLayer | Synchronizing object | upper_left_palm_inner_carrier
Fra:1 Mem:63.36M (Peak 63.36M) | Time:00:00.01 | Mem:0.00M, Peak:0.00M | Scene, ViewLayer | Synchronizing object | upper_left_ivory_palm_dorsal
Fra:1 Mem:63.36M (Peak 63.36M) | Time:00:00.01 | Mem:0.00M, Peak:0.00M | Scene, ViewLayer | Synchronizing object | upper_left_ivory_palm_reverse_cover
Fra:1 Mem:63.39M (Peak 63.39M) | Time:00:00.01 | Mem:0.00M, Peak:0.00M | Scene, ViewLayer | Synchronizing object | upper_left_palm_lower_dark_seam
Fra:1 Mem:63.39M (Peak 63.39M) | Time:00:00.01 | Mem:0.00M, Peak:0.00M | Scene, ViewLayer | Synchronizing object | upper_left_palm_upper_exposed_hinge
Fra:1 Mem:63.38M (Peak 63.39M) | Time:00:00.01 | Mem:0.00M, Peak:0.00M | Scene, ViewLayer | Synchronizing object | upper_left_palm_lower_exposed_hinge
Fra:1 Mem:63.44M (Peak 63.44M) | Time:00:00.01 | Mem:0.00M, Peak:0.00M | Scene, ViewLayer | Synchronizing object | upper_left_finger_1_root_joint
Fra:1 Mem:63.49M (Peak 63.49M) | Time:00:00.01 | Mem:0.00M, Peak:0.00M | Scene, ViewLayer | Synchronizing object | upper_left_finger_1_proximal_casting
Fra:1 Mem:63.51M (Peak 63.51M) | Time:00:00.01 | Mem:0.00M, Peak:0.00M | Scene, ViewLayer | Synchronizing object | upper_left_finger_1_ivory_first_pad
Fra:1 Mem:63.54M (Peak 63.54M) | Time:00:00.01 | Mem:0.00M, Peak:0.00M | Scene, ViewLayer | Synchronizing object | upper_left_finger_1_ivory_reverse_first_pad
Fra:1 Mem:63.52M (Peak 63.54M) | Time:00:00.01 | Mem:0.00M, Peak:0.00M | Scene, ViewLayer | Synchronizing object | left_foot_continuous_keel
Fra:1 Mem:63.56M (Peak 63.56M) | Time:00:00.01 | Mem:0.00M, Peak:0.00M | Scene, ViewLayer | Synchronizing object | upper_left_finger_1_curved_distal
Fra:1 Mem:63.57M (Peak 63.57M) | Time:00:00.01 | Mem:0.00M, Peak:0.00M | Scene, ViewLayer | Synchronizing object | upper_left_finger_1_tip_contact_pad
Fra:1 Mem:63.58M (Peak 63.58M) | Time:00:00.01 | Mem:0.00M, Peak:0.00M | Scene, ViewLayer | Synchronizing object | upper_left_finger_2_root_joint
Fra:1 Mem:63.59M (Peak 63.59M) | Time:00:00.01 | Mem:0.00M, Peak:0.00M | Scene, ViewLayer | Synchronizing object | upper_left_finger_2_proximal_casting
Fra:1 Mem:63.60M (Peak 63.60M) | Time:00:00.01 | Mem:0.00M, Peak:0.00M | Scene, ViewLayer | Synchronizing object | upper_left_finger_2_ivory_first_pad
Fra:1 Mem:63.60M (Peak 63.60M) | Time:00:00.01 | Mem:0.00M, Peak:0.00M | Scene, ViewLayer | Synchronizing object | upper_left_finger_2_ivory_reverse_first_pad
Fra:1 Mem:63.60M (Peak 63.60M) | Time:00:00.01 | Mem:0.00M, Peak:0.00M | Scene, ViewLayer | Synchronizing object | upper_left_finger_2_interphalangeal_joint
Fra:1 Mem:63.60M (Peak 63.60M) | Time:00:00.01 | Mem:0.00M, Peak:0.00M | Scene, ViewLayer | Synchronizing object | upper_left_finger_2_curved_distal
Fra:1 Mem:63.61M (Peak 63.61M) | Time:00:00.01 | Mem:0.00M, Peak:0.00M | Scene, ViewLayer | Synchronizing object | upper_left_finger_2_tip_contact_pad
Fra:1 Mem:63.62M (Peak 63.62M) | Time:00:00.01 | Mem:0.00M, Peak:0.00M | Scene, ViewLayer | Synchronizing object | upper_left_finger_3_root_joint
Fra:1 Mem:63.62M (Peak 63.62M) | Time:00:00.01 | Mem:0.00M, Peak:0.00M | Scene, ViewLayer | Synchronizing object | upper_left_finger_3_proximal_casting
Fra:1 Mem:63.63M (Peak 63.63M) | Time:00:00.01 | Mem:0.00M, Peak:0.00M | Scene, ViewLayer | Synchronizing object | left_ankle_orange_rim_-1
Fra:1 Mem:63.64M (Peak 63.64M) | Time:00:00.01 | Mem:0.00M, Peak:0.00M | Scene, ViewLayer | Synchronizing object | upper_left_finger_3_ivory_first_pad
Fra:1 Mem:63.66M (Peak 63.66M) | Time:00:00.01 | Mem:0.00M, Peak:0.00M | Scene, ViewLayer | Synchronizing object | left_ankle_joint_cover_-1
Fra:1 Mem:63.67M (Peak 63.67M) | Time:00:00.01 | Mem:0.00M, Peak:0.00M | Scene, ViewLayer | Synchronizing object | upper_left_finger_3_ivory_reverse_first_pad
Fra:1 Mem:63.67M (Peak 63.67M) | Time:00:00.01 | Mem:0.00M, Peak:0.00M | Scene, ViewLayer | Synchronizing object | left_fold_orange_rim_1
Fra:1 Mem:63.67M (Peak 63.67M) | Time:00:00.01 | Mem:0.00M, Peak:0.00M | Scene, ViewLayer | Synchronizing object | upper_left_finger_3_curved_distal
Fra:1 Mem:63.70M (Peak 63.70M) | Time:00:00.01 | Mem:0.00M, Peak:0.00M | Scene, ViewLayer | Synchronizing object | upper_left_finger_3_tip_contact_pad
Fra:1 Mem:63.70M (Peak 63.70M) | Time:00:00.01 | Mem:0.00M, Peak:0.00M | Scene, ViewLayer | Synchronizing object | upper_left_thumb_root_web
Fra:1 Mem:63.70M (Peak 63.70M) | Time:00:00.01 | Mem:0.00M, Peak:0.00M | Scene, ViewLayer | Synchronizing object | upper_left_thumb_root_pin
Fra:1 Mem:63.70M (Peak 63.70M) | Time:00:00.01 | Mem:0.00M, Peak:0.00M | Scene, ViewLayer | Synchronizing object | upper_left_thumb_proximal_casting
Fra:1 Mem:63.72M (Peak 63.72M) | Time:00:00.01 | Mem:0.00M, Peak:0.00M | Scene, ViewLayer | Synchronizing object | upper_left_thumb_ivory_first_pad
Fra:1 Mem:63.73M (Peak 63.73M) | Time:00:00.01 | Mem:0.00M, Peak:0.00M | Scene, ViewLayer | Synchronizing object | left_fold_orange_rim_-1
Fra:1 Mem:63.73M (Peak 63.73M) | Time:00:00.01 | Mem:0.00M, Peak:0.00M | Scene, ViewLayer | Synchronizing object | upper_left_thumb_black_terminal
Fra:1 Mem:63.75M (Peak 63.75M) | Time:00:00.01 | Mem:0.00M, Peak:0.00M | Scene, ViewLayer | Synchronizing object | left_fold_joint_cover_-1
Fra:1 Mem:63.77M (Peak 63.77M) | Time:00:00.01 | Mem:0.00M, Peak:0.00M | Scene, ViewLayer | Synchronizing object | upper_left_palm_wrist_positive_y_short_neck
Fra:1 Mem:63.78M (Peak 63.78M) | Time:00:00.01 | Mem:0.00M, Peak:0.00M | Scene, ViewLayer | Synchronizing object | upper_right_shoulder_barrel_band_0
Fra:1 Mem:63.79M (Peak 63.79M) | Time:00:00.01 | Mem:0.00M, Peak:0.00M | Scene, ViewLayer | Synchronizing object | left_knee_joint_cover_1
Fra:1 Mem:63.83M (Peak 63.83M) | Time:00:00.01 | Mem:0.00M, Peak:0.00M | Scene, ViewLayer | Synchronizing object | upper_right_shoulder_barrel_band_1
Fra:1 Mem:63.84M (Peak 63.84M) | Time:00:00.01 | Mem:0.00M, Peak:0.00M | Scene, ViewLayer | Synchronizing object | left_knee_orange_rim_-1
Fra:1 Mem:63.85M (Peak 63.85M) | Time:00:00.01 | Mem:0.00M, Peak:0.00M | Scene, ViewLayer | Synchronizing object | upper_right_shoulder_negative_y_thin_rim
Fra:1 Mem:63.93M (Peak 63.93M) | Time:00:00.01 | Mem:0.00M, Peak:0.00M | Scene, ViewLayer | Synchronizing object | left_knee_joint_cover_-1
Fra:1 Mem:63.93M (Peak 63.93M) | Time:00:00.01 | Mem:0.00M, Peak:0.00M | Scene, ViewLayer | Synchronizing object | upper_right_shoulder_negative_y_central_cap
Fra:1 Mem:63.94M (Peak 63.94M) | Time:00:00.01 | Mem:0.00M, Peak:0.00M | Scene, ViewLayer | Synchronizing object | upper_right_shoulder_positive_y_support_cheek
Fra:1 Mem:63.95M (Peak 63.95M) | Time:00:00.01 | Mem:0.00M, Peak:0.00M | Scene, ViewLayer | Synchronizing object | upper_right_shoulder_positive_y_recessed_face
Fra:1 Mem:64.00M (Peak 64.00M) | Time:00:00.01 | Mem:0.00M, Peak:0.00M | Scene, ViewLayer | Synchronizing object | upper_right_shoulder_positive_y_thin_rim
Fra:1 Mem:64.00M (Peak 64.00M) | Time:00:00.01 | Mem:0.00M, Peak:0.00M | Scene, ViewLayer | Synchronizing object | upper_right_shoulder_positive_y_cap_step
Fra:1 Mem:64.08M (Peak 64.08M) | Time:00:00.01 | Mem:0.00M, Peak:0.00M | Scene, ViewLayer | Synchronizing object | upper_right_elbow_inner_barrel
Fra:1 Mem:64.10M (Peak 64.10M) | Time:00:00.01 | Mem:0.00M, Peak:0.00M | Scene, ViewLayer | Synchronizing object | left_middle_blue_armor
Fra:1 Mem:64.10M (Peak 64.10M) | Time:00:00.01 | Mem:0.00M, Peak:0.00M | Scene, ViewLayer | Synchronizing object | upper_right_elbow_barrel_band_1
Fra:1 Mem:64.10M (Peak 64.10M) | Time:00:00.01 | Mem:0.00M, Peak:0.00M | Scene, ViewLayer | Synchronizing object | left_thigh_blue_armor
Fra:1 Mem:64.15M (Peak 64.15M) | Time:00:00.01 | Mem:0.00M, Peak:0.00M | Scene, ViewLayer | Synchronizing object | upper_right_elbow_negative_y_recessed_face
Fra:1 Mem:64.15M (Peak 64.15M) | Time:00:00.01 | Mem:0.00M, Peak:0.00M | Scene, ViewLayer | Synchronizing object | upper_right_elbow_negative_y_central_cap
Fra:1 Mem:64.19M (Peak 64.19M) | Time:00:00.01 | Mem:0.00M, Peak:0.00M | Scene, ViewLayer | Synchronizing object | upper_right_elbow_negative_y_cap_step
Fra:1 Mem:64.24M (Peak 64.24M) | Time:00:00.01 | Mem:0.00M, Peak:0.00M | Scene, ViewLayer | Synchronizing object | upper_right_elbow_positive_y_support_cheek
Fra:1 Mem:64.27M (Peak 64.27M) | Time:00:00.01 | Mem:0.00M, Peak:0.00M | Scene, ViewLayer | Synchronizing object | upper_right_elbow_positive_y_recessed_face
Fra:1 Mem:64.27M (Peak 64.27M) | Time:00:00.01 | Mem:0.00M, Peak:0.00M | Scene, ViewLayer | Synchronizing object | upper_right_elbow_positive_y_thin_rim
Fra:1 Mem:64.32M (Peak 64.32M) | Time:00:00.01 | Mem:0.00M, Peak:0.00M | Scene, ViewLayer | Synchronizing object | upper_right_elbow_positive_y_cap_step
Fra:1 Mem:64.36M (Peak 64.36M) | Time:00:00.01 | Mem:0.00M, Peak:0.00M | Scene, ViewLayer | Synchronizing object | left_heel_contact_pad
Fra:1 Mem:64.35M (Peak 64.36M) | Time:00:00.01 | Mem:0.00M, Peak:0.00M | Scene, ViewLayer | Synchronizing object | upper_right_elbow_forward_recessed_face
Fra:1 Mem:64.42M (Peak 64.42M) | Time:00:00.01 | Mem:0.00M, Peak:0.00M | Scene, ViewLayer | Synchronizing object | left_toe_contact_pad
Fra:1 Mem:64.43M (Peak 64.43M) | Time:00:00.01 | Mem:0.00M, Peak:0.00M | Scene, ViewLayer | Synchronizing object | upper_right_elbow_forward_dark_center
Fra:1 Mem:64.42M (Peak 64.43M) | Time:00:00.01 | Mem:0.00M, Peak:0.00M | Scene, ViewLayer | Synchronizing object | upper_right_wrist_inner_barrel
Fra:1 Mem:64.43M (Peak 64.43M) | Time:00:00.01 | Mem:0.00M, Peak:0.00M | Scene, ViewLayer | Synchronizing object | upper_right_wrist_barrel_band_0
Fra:1 Mem:64.52M (Peak 64.52M) | Time:00:00.01 | Mem:0.00M, Peak:0.00M | Scene, ViewLayer | Synchronizing object | upper_right_wrist_barrel_band_1
Fra:1 Mem:64.52M (Peak 64.52M) | Time:00:00.01 | Mem:0.00M, Peak:0.00M | Scene, ViewLayer | Synchronizing object | upper_right_wrist_negative_y_recessed_face
Fra:1 Mem:64.57M (Peak 64.59M) | Time:00:00.01 | Mem:0.00M, Peak:0.00M | Scene, ViewLayer | Synchronizing object | upper_right_wrist_negative_y_thin_rim
Fra:1 Mem:64.68M (Peak 64.68M) | Time:00:00.01 | Mem:0.00M, Peak:0.00M | Scene, ViewLayer | Synchronizing object | upper_right_wrist_negative_y_cap_step
Fra:1 Mem:64.70M (Peak 64.70M) | Time:00:00.01 | Mem:0.00M, Peak:0.00M | Scene, ViewLayer | Synchronizing object | left_shaft_knee
Fra:1 Mem:64.72M (Peak 64.72M) | Time:00:00.01 | Mem:0.00M, Peak:0.00M | Scene, ViewLayer | Synchronizing object | upper_right_wrist_positive_y_recessed_face
Fra:1 Mem:64.75M (Peak 64.75M) | Time:00:00.01 | Mem:0.00M, Peak:0.00M | Scene, ViewLayer | Synchronizing object | upper_right_wrist_positive_y_thin_rim
Fra:1 Mem:64.75M (Peak 64.75M) | Time:00:00.01 | Mem:0.00M, Peak:0.00M | Scene, ViewLayer | Synchronizing object | upper_right_wrist_positive_y_cap_step
Fra:1 Mem:64.91M (Peak 64.91M) | Time:00:00.01 | Mem:0.00M, Peak:0.00M | Scene, ViewLayer | Synchronizing object | upper_right_palm_inner_carrier
Fra:1 Mem:64.92M (Peak 64.92M) | Time:00:00.01 | Mem:0.00M, Peak:0.00M | Scene, ViewLayer | Synchronizing object | upper_right_ivory_palm_dorsal
Fra:1 Mem:64.91M (Peak 64.92M) | Time:00:00.01 | Mem:0.00M, Peak:0.00M | Scene, ViewLayer | Synchronizing object | left_frame_thigh
Fra:1 Mem:64.91M (Peak 64.92M) | Time:00:00.01 | Mem:0.00M, Peak:0.00M | Scene, ViewLayer | Synchronizing object | upper_right_palm_upper_exposed_hinge
Fra:1 Mem:65.00M (Peak 65.00M) | Time:00:00.01 | Mem:0.00M, Peak:0.00M | Scene, ViewLayer | Synchronizing object | upper_right_palm_lower_exposed_hinge
Fra:1 Mem:65.04M (Peak 65.04M) | Time:00:00.01 | Mem:0.00M, Peak:0.00M | Scene, ViewLayer | Synchronizing object | upper_right_finger_1_root_joint
Fra:1 Mem:65.04M (Peak 65.04M) | Time:00:00.01 | Mem:0.00M, Peak:0.00M | Scene, ViewLayer | Synchronizing object | upper_right_finger_1_ivory_first_pad
Fra:1 Mem:65.07M (Peak 65.07M) | Time:00:00.01 | Mem:0.00M, Peak:0.00M | Scene, ViewLayer | Synchronizing object | upper_right_finger_1_ivory_reverse_first_pad
Fra:1 Mem:65.05M (Peak 65.07M) | Time:00:00.01 | Mem:0.00M, Peak:0.00M | Scene, ViewLayer | Synchronizing object | upper_proposed_hip_pitch_carrier
Fra:1 Mem:65.05M (Peak 65.07M) | Time:00:00.01 | Mem:0.00M, Peak:0.00M | Scene, ViewLayer | Synchronizing object | upper_right_finger_1_tip_contact_pad
Fra:1 Mem:65.06M (Peak 65.07M) | Time:00:00.01 | Mem:0.00M, Peak:0.00M | Scene, ViewLayer | Synchronizing object | upper_right_finger_2_root_joint
Fra:1 Mem:65.07M (Peak 65.07M) | Time:00:00.01 | Mem:0.00M, Peak:0.00M | Scene, ViewLayer | Synchronizing object | upper_right_finger_2_proximal_casting
Fra:1 Mem:65.07M (Peak 65.07M) | Time:00:00.01 | Mem:0.00M, Peak:0.00M | Scene, ViewLayer | Synchronizing object | upper_right_finger_2_ivory_reverse_first_pad
Fra:1 Mem:65.15M (Peak 65.15M) | Time:00:00.01 | Mem:0.00M, Peak:0.00M | Scene, ViewLayer | Synchronizing object | upper_right_finger_2_interphalangeal_joint
Fra:1 Mem:65.21M (Peak 65.21M) | Time:00:00.01 | Mem:0.00M, Peak:0.00M | Scene, ViewLayer | Synchronizing object | upper_right_finger_2_curved_distal
Fra:1 Mem:65.21M (Peak 65.23M) | Time:00:00.01 | Mem:0.00M, Peak:0.00M | Scene, ViewLayer | Synchronizing object | upper_right_finger_3_root_joint
Fra:1 Mem:65.21M (Peak 65.23M) | Time:00:00.01 | Mem:0.00M, Peak:0.00M | Scene, ViewLayer | Synchronizing object | upper_right_forearm_upper_edge_02_07
Fra:1 Mem:65.22M (Peak 65.23M) | Time:00:00.01 | Mem:0.00M, Peak:0.00M | Scene, ViewLayer | Synchronizing object | upper_right_finger_3_ivory_first_pad
Fra:1 Mem:65.22M (Peak 65.23M) | Time:00:00.01 | Mem:0.00M, Peak:0.00M | Scene, ViewLayer | Synchronizing object | upper_right_finger_3_interphalangeal_joint
Fra:1 Mem:65.23M (Peak 65.23M) | Time:00:00.01 | Mem:0.00M, Peak:0.00M | Scene, ViewLayer | Synchronizing object | upper_right_finger_3_curved_distal
Fra:1 Mem:65.23M (Peak 65.23M) | Time:00:00.01 | Mem:0.00M, Peak:0.00M | Scene, ViewLayer | Synchronizing object | upper_right_forearm_upper_edge_02_06
Fra:1 Mem:65.24M (Peak 65.24M) | Time:00:00.01 | Mem:0.00M, Peak:0.00M | Scene, ViewLayer | Synchronizing object | upper_right_finger_3_tip_contact_pad
Fra:1 Mem:65.24M (Peak 65.24M) | Time:00:00.01 | Mem:0.00M, Peak:0.00M | Scene, ViewLayer | Synchronizing object | upper_right_thumb_root_web
Fra:1 Mem:65.24M (Peak 65.24M) | Time:00:00.01 | Mem:0.00M, Peak:0.00M | Scene, ViewLayer | Synchronizing object | upper_right_forearm_upper_edge_02_05
Fra:1 Mem:65.24M (Peak 65.24M) | Time:00:00.01 | Mem:0.00M, Peak:0.00M | Scene, ViewLayer | Synchronizing object | upper_right_thumb_proximal_casting
Fra:1 Mem:65.24M (Peak 65.24M) | Time:00:00.01 | Mem:0.00M, Peak:0.00M | Scene, ViewLayer | Synchronizing object | upper_right_forearm_upper_edge_02_04
Fra:1 Mem:65.25M (Peak 65.25M) | Time:00:00.01 | Mem:0.00M, Peak:0.00M | Scene, ViewLayer | Synchronizing object | upper_right_thumb_ivory_first_pad
Fra:1 Mem:65.25M (Peak 65.25M) | Time:00:00.01 | Mem:0.00M, Peak:0.00M | Scene, ViewLayer | Synchronizing object | upper_right_thumb_middle_pin
Fra:1 Mem:65.26M (Peak 65.26M) | Time:00:00.01 | Mem:0.00M, Peak:0.00M | Scene, ViewLayer | Synchronizing object | upper_right_forearm_upper_edge_02_03
Fra:1 Mem:65.26M (Peak 65.26M) | Time:00:00.01 | Mem:0.00M, Peak:0.00M | Scene, ViewLayer | Synchronizing object | upper_right_palm_wrist_negative_y_short_neck
Fra:1 Mem:65.26M (Peak 65.26M) | Time:00:00.01 | Mem:0.00M, Peak:0.00M | Scene, ViewLayer | Synchronizing object | upper_right_forearm_upper_edge_02_02
Fra:1 Mem:65.26M (Peak 65.26M) | Time:00:00.01 | Mem:0.00M, Peak:0.00M | Scene, ViewLayer | Synchronizing object | upper_right_palm_wrist_positive_y_short_neck
Fra:1 Mem:65.27M (Peak 65.27M) | Time:00:00.01 | Mem:0.00M, Peak:0.00M | Scene, ViewLayer | Synchronizing object | upper_left_structure_shoulder_crossmember
Fra:1 Mem:65.27M (Peak 65.27M) | Time:00:00.01 | Mem:0.00M, Peak:0.00M | Scene, ViewLayer | Synchronizing object | upper_left_structure_upper_arm_box
Fra:1 Mem:65.28M (Peak 65.28M) | Time:00:00.01 | Mem:0.00M, Peak:0.00M | Scene, ViewLayer | Synchronizing object | upper_left_structure_forearm_box
Fra:1 Mem:65.28M (Peak 65.28M) | Time:00:00.01 | Mem:0.00M, Peak:0.00M | Scene, ViewLayer | Synchronizing object | upper_right_structure_upper_arm_box
Fra:1 Mem:65.29M (Peak 65.29M) | Time:00:00.01 | Mem:0.00M, Peak:0.00M | Scene, ViewLayer | Synchronizing object | upper_right_structure_forearm_box
Fra:1 Mem:65.29M (Peak 65.29M) | Time:00:00.01 | Mem:0.00M, Peak:0.00M | Scene, ViewLayer | Synchronizing object | upper_left_forearm_upper_edge_00_01
Fra:1 Mem:65.29M (Peak 65.29M) | Time:00:00.01 | Mem:0.00M, Peak:0.00M | Scene, ViewLayer | Synchronizing object | upper_left_forearm_upper_edge_00_02
Fra:1 Mem:65.29M (Peak 65.29M) | Time:00:00.01 | Mem:0.00M, Peak:0.00M | Scene, ViewLayer | Synchronizing object | upper_left_forearm_upper_edge_00_03
Fra:1 Mem:65.30M (Peak 65.30M) | Time:00:00.01 | Mem:0.00M, Peak:0.00M | Scene, ViewLayer | Synchronizing object | upper_right_forearm_upper_edge_01_06
Fra:1 Mem:65.30M (Peak 65.30M) | Time:00:00.01 | Mem:0.00M, Peak:0.00M | Scene, ViewLayer | Synchronizing object | upper_left_forearm_upper_edge_00_04
Fra:1 Mem:65.30M (Peak 65.30M) | Time:00:00.01 | Mem:0.00M, Peak:0.00M | Scene, ViewLayer | Synchronizing object | upper_right_forearm_upper_edge_01_05
Fra:1 Mem:65.30M (Peak 65.30M) | Time:00:00.01 | Mem:0.00M, Peak:0.00M | Scene, ViewLayer | Synchronizing object | upper_left_forearm_upper_edge_00_05
Fra:1 Mem:65.30M (Peak 65.30M) | Time:00:00.01 | Mem:0.00M, Peak:0.00M | Scene, ViewLayer | Synchronizing object | upper_right_forearm_upper_edge_01_04
Fra:1 Mem:65.30M (Peak 65.30M) | Time:00:00.01 | Mem:0.00M, Peak:0.00M | Scene, ViewLayer | Synchronizing object | upper_left_forearm_upper_edge_00_06
Fra:1 Mem:65.30M (Peak 65.30M) | Time:00:00.01 | Mem:0.00M, Peak:0.00M | Scene, ViewLayer | Synchronizing object | upper_right_forearm_upper_edge_01_03
Fra:1 Mem:65.30M (Peak 65.30M) | Time:00:00.01 | Mem:0.00M, Peak:0.00M | Scene, ViewLayer | Synchronizing object | upper_left_forearm_upper_edge_00_07
Fra:1 Mem:65.31M (Peak 65.31M) | Time:00:00.01 | Mem:0.00M, Peak:0.00M | Scene, ViewLayer | Synchronizing object | upper_right_forearm_upper_edge_01_02
Fra:1 Mem:65.31M (Peak 65.31M) | Time:00:00.01 | Mem:0.00M, Peak:0.00M | Scene, ViewLayer | Synchronizing object | upper_left_forearm_upper_edge_01_00
Fra:1 Mem:65.31M (Peak 65.31M) | Time:00:00.01 | Mem:0.00M, Peak:0.00M | Scene, ViewLayer | Synchronizing object | upper_right_forearm_upper_edge_01_01
Fra:1 Mem:65.31M (Peak 65.31M) | Time:00:00.01 | Mem:0.00M, Peak:0.00M | Scene, ViewLayer | Synchronizing object | upper_left_forearm_upper_edge_01_01
Fra:1 Mem:65.31M (Peak 65.31M) | Time:00:00.01 | Mem:0.00M, Peak:0.00M | Scene, ViewLayer | Synchronizing object | upper_left_forearm_upper_edge_01_03
Fra:1 Mem:65.31M (Peak 65.31M) | Time:00:00.01 | Mem:0.00M, Peak:0.00M | Scene, ViewLayer | Synchronizing object | upper_left_forearm_upper_edge_01_04
Fra:1 Mem:65.32M (Peak 65.32M) | Time:00:00.01 | Mem:0.00M, Peak:0.00M | Scene, ViewLayer | Synchronizing object | upper_left_forearm_upper_edge_01_05
Fra:1 Mem:65.32M (Peak 65.32M) | Time:00:00.01 | Mem:0.00M, Peak:0.00M | Scene, ViewLayer | Synchronizing object | upper_left_forearm_upper_edge_01_06
Fra:1 Mem:65.32M (Peak 65.32M) | Time:00:00.01 | Mem:0.00M, Peak:0.00M | Scene, ViewLayer | Synchronizing object | upper_left_forearm_upper_edge_01_07
Fra:1 Mem:65.32M (Peak 65.32M) | Time:00:00.01 | Mem:0.00M, Peak:0.00M | Scene, ViewLayer | Synchronizing object | upper_left_forearm_upper_edge_02_00
Fra:1 Mem:65.32M (Peak 65.32M) | Time:00:00.01 | Mem:0.00M, Peak:0.00M | Scene, ViewLayer | Synchronizing object | upper_left_forearm_upper_edge_02_01
Fra:1 Mem:65.32M (Peak 65.32M) | Time:00:00.01 | Mem:0.00M, Peak:0.00M | Scene, ViewLayer | Synchronizing object | upper_left_forearm_upper_edge_02_02
Fra:1 Mem:65.32M (Peak 65.32M) | Time:00:00.01 | Mem:0.00M, Peak:0.00M | Scene, ViewLayer | Synchronizing object | upper_right_forearm_upper_edge_01_00
Fra:1 Mem:65.32M (Peak 65.32M) | Time:00:00.01 | Mem:0.00M, Peak:0.00M | Scene, ViewLayer | Synchronizing object | upper_left_forearm_upper_edge_02_03
Fra:1 Mem:65.33M (Peak 65.33M) | Time:00:00.01 | Mem:0.00M, Peak:0.00M | Scene, ViewLayer | Synchronizing object | upper_left_forearm_upper_edge_02_05
Fra:1 Mem:65.33M (Peak 65.33M) | Time:00:00.01 | Mem:0.00M, Peak:0.00M | Scene, ViewLayer | Synchronizing object | upper_left_forearm_upper_edge_02_06
Fra:1 Mem:65.33M (Peak 65.33M) | Time:00:00.01 | Mem:0.00M, Peak:0.00M | Scene, ViewLayer | Synchronizing object | upper_right_forearm_upper_edge_00_01
Fra:1 Mem:65.33M (Peak 65.33M) | Time:00:00.01 | Mem:0.00M, Peak:0.00M | Scene, ViewLayer | Synchronizing object | upper_right_forearm_upper_edge_00_02
Fra:1 Mem:65.33M (Peak 65.33M) | Time:00:00.01 | Mem:0.00M, Peak:0.00M | Scene, ViewLayer | Synchronizing object | upper_right_forearm_upper_edge_00_03
Fra:1 Mem:65.34M (Peak 65.34M) | Time:00:00.01 | Mem:0.00M, Peak:0.00M | Scene, ViewLayer | Synchronizing object | upper_right_forearm_upper_edge_00_04
Fra:1 Mem:65.34M (Peak 65.34M) | Time:00:00.01 | Mem:0.00M, Peak:0.00M | Scene, ViewLayer | Initializing
Fra:1 Mem:51.10M (Peak 65.34M) | Time:00:00.01 | Mem:0.00M, Peak:0.00M | Scene, ViewLayer | Waiting for render to start
Fra:1 Mem:51.10M (Peak 65.34M) | Time:00:00.01 | Mem:0.00M, Peak:0.00M | Scene, ViewLayer | Loading render kernels (may take a few minutes the first time)
Fra:1 Mem:51.10M (Peak 65.34M) | Time:00:00.01 | Mem:0.00M, Peak:0.00M | Scene, ViewLayer | Updating Scene
Fra:1 Mem:51.10M (Peak 65.34M) | Time:00:00.01 | Mem:0.00M, Peak:0.00M | Scene, ViewLayer | Updating Shaders
Fra:1 Mem:51.20M (Peak 65.34M) | Time:00:00.01 | Mem:0.01M, Peak:0.01M | Scene, ViewLayer | Updating Procedurals
Fra:1 Mem:51.20M (Peak 65.34M) | Time:00:00.01 | Mem:0.01M, Peak:0.01M | Scene, ViewLayer | Updating Background
Fra:1 Mem:51.20M (Peak 65.34M) | Time:00:00.01 | Mem:0.01M, Peak:0.01M | Scene, ViewLayer | Updating Camera
Fra:1 Mem:51.20M (Peak 65.34M) | Time:00:00.01 | Mem:0.01M, Peak:0.01M | Scene, ViewLayer | Updating Meshes Flags
Fra:1 Mem:51.20M (Peak 65.34M) | Time:00:00.01 | Mem:0.01M, Peak:0.01M | Scene, ViewLayer | Updating Objects
Fra:1 Mem:51.20M (Peak 65.34M) | Time:00:00.01 | Mem:0.01M, Peak:0.01M | Scene, ViewLayer | Updating Objects | Copying Transformations to device
Fra:1 Mem:51.30M (Peak 65.34M) | Time:00:00.01 | Mem:0.11M, Peak:0.11M | Scene, ViewLayer | Updating Objects | Applying Static Transformations
Fra:1 Mem:51.30M (Peak 65.34M) | Time:00:00.01 | Mem:0.11M, Peak:0.11M | Scene, ViewLayer | Updating Particle Systems
Fra:1 Mem:51.30M (Peak 65.34M) | Time:00:00.01 | Mem:0.11M, Peak:0.11M | Scene, ViewLayer | Updating Particle Systems | Copying Particles to device
Fra:1 Mem:51.30M (Peak 65.34M) | Time:00:00.01 | Mem:0.11M, Peak:0.11M | Scene, ViewLayer | Updating Meshes
Fra:1 Mem:54.24M (Peak 65.34M) | Time:00:00.02 | Mem:0.11M, Peak:0.11M | Scene, ViewLayer | Updating Mesh | Computing attributes
Fra:1 Mem:55.44M (Peak 65.34M) | Time:00:00.02 | Mem:0.13M, Peak:0.13M | Scene, ViewLayer | Updating Mesh | Copying Attributes to device
Fra:1 Mem:55.38M (Peak 65.34M) | Time:00:00.02 | Mem:1.25M, Peak:1.25M | Scene, ViewLayer | Updating Scene BVH | Building
Fra:1 Mem:55.38M (Peak 65.34M) | Time:00:00.02 | Mem:1.25M, Peak:1.25M | Scene, ViewLayer | Updating Scene BVH | Building BVH
Fra:1 Mem:66.42M (Peak 66.42M) | Time:00:00.06 | Mem:1.25M, Peak:1.25M | Scene, ViewLayer | Updating Scene BVH | Packing BVH triangles and strands
Fra:1 Mem:67.15M (Peak 67.15M) | Time:00:00.06 | Mem:1.25M, Peak:1.25M | Scene, ViewLayer | Updating Scene BVH | Packing BVH nodes
Fra:1 Mem:67.12M (Peak 69.49M) | Time:00:00.07 | Mem:1.25M, Peak:1.25M | Scene, ViewLayer | Updating Scene BVH | Copying BVH to device
Fra:1 Mem:67.12M (Peak 69.49M) | Time:00:00.07 | Mem:7.12M, Peak:7.12M | Scene, ViewLayer | Updating Mesh | Computing normals
Fra:1 Mem:73.77M (Peak 73.77M) | Time:00:00.08 | Mem:7.12M, Peak:7.12M | Scene, ViewLayer | Updating Mesh | Copying Mesh to device
Fra:1 Mem:73.77M (Peak 73.77M) | Time:00:00.08 | Mem:13.76M, Peak:13.76M | Scene, ViewLayer | Updating Objects Flags
Fra:1 Mem:73.77M (Peak 73.77M) | Time:00:00.08 | Mem:13.77M, Peak:13.77M | Scene, ViewLayer | Updating Primitive Offsets
Fra:1 Mem:73.77M (Peak 73.77M) | Time:00:00.08 | Mem:13.77M, Peak:13.77M | Scene, ViewLayer | Updating Images
Fra:1 Mem:73.77M (Peak 73.77M) | Time:00:00.08 | Mem:13.77M, Peak:13.77M | Scene, ViewLayer | Updating Camera Volume
Fra:1 Mem:73.77M (Peak 73.77M) | Time:00:00.08 | Mem:13.77M, Peak:13.77M | Scene, ViewLayer | Updating Lookup Tables
Fra:1 Mem:73.77M (Peak 73.77M) | Time:00:00.08 | Mem:13.85M, Peak:13.85M | Scene, ViewLayer | Updating Lights
Fra:1 Mem:73.77M (Peak 73.77M) | Time:00:00.08 | Mem:13.85M, Peak:13.85M | Scene, ViewLayer | Updating Lights | Computing distribution
Fra:1 Mem:73.77M (Peak 73.77M) | Time:00:00.08 | Mem:13.85M, Peak:13.85M | Scene, ViewLayer | Updating Lights | Computing tree
Fra:1 Mem:73.77M (Peak 73.77M) | Time:00:00.08 | Mem:13.85M, Peak:13.85M | Scene, ViewLayer | Updating Integrator
Fra:1 Mem:74.77M (Peak 74.77M) | Time:00:00.08 | Mem:14.85M, Peak:14.85M | Scene, ViewLayer | Updating Film
Fra:1 Mem:74.78M (Peak 74.78M) | Time:00:00.08 | Mem:14.77M, Peak:14.85M | Scene, ViewLayer | Updating Lookup Tables
Fra:1 Mem:74.78M (Peak 74.78M) | Time:00:00.08 | Mem:14.86M, Peak:14.86M | Scene, ViewLayer | Updating Baking
Fra:1 Mem:74.78M (Peak 74.78M) | Time:00:00.08 | Mem:14.86M, Peak:14.86M | Scene, ViewLayer | Updating Device | Writing constant memory
Fra:1 Mem:74.78M (Peak 74.78M) | Time:00:00.08 | Mem:14.86M, Peak:14.86M | Scene, ViewLayer | Sample 0/40
Fra:1 Mem:108.79M (Peak 108.79M) | Time:00:00.44 | Remaining:00:14.36 | Mem:48.85M, Peak:48.85M | Scene, ViewLayer | Sample 1/40
Fra:1 Mem:123.89M (Peak 154.11M) | Time:00:12.01 | Mem:48.85M, Peak:48.85M | Scene, ViewLayer | Sample 40/40
Fra:1 Mem:123.89M (Peak 154.11M) | Time:00:12.01 | Mem:48.85M, Peak:48.85M | Scene, ViewLayer | Finished
Saved: '/home/ethan/Projects/Sai_Art/docs/uri_style/gorilla_v0_1/leg_design_r2/images/deep_crouch_left.png'
Time: 00:12.08 (Saving: 00:00.06)

Info: Saved "leg_design_context.blend"
Info: Saved "leg_design_deep_crouch.blend"
ART_RENDER_DONE 9

Blender quit
