# generated by mjcf2godot
v -0.0018311217 0.014167269 -0.016617677
v 0.001407647 0.014122215 -0.016745567
v -0.0018698874 0.014213892 -0.017615835
v 0.0018895472 0.014139072 -0.017275719
v 0.002394289 0.014154573 -0.017784216
v 0.0035435805 0.012709158 -0.019399128
v 0.0035631188 0.01268566 -0.01889605
v -0.0019516063 0.012785602 -0.019182139
v 0.0025101612 0.01266028 -0.01798614
v 0.00019394588 0.012571422 -0.0152681
v -0.0017965421 0.012599112 -0.015189502
v 0.00065575257 0.012593953 -0.01591446
v 0.0015386784 0.012629637 -0.016989856
v -0.0018730428 0.01777968 -0.018951925
v 0.0036221437 0.017703237 -0.019168914
v -0.0017179786 0.017593191 -0.014959287
v 0.00027250931 0.017565501 -0.015037886
v 0.000734316 0.017588032 -0.015684247
v 0.003641682 0.017679739 -0.018665836
v 0.0025887242 0.017654359 -0.017755926
v 0.0016172418 0.017623715 -0.016759642
v -0.0018384621 0.016211528 -0.017523749
v 0.0024257147 0.016152208 -0.017692131
v -0.0021390777 -0.0091750741 -0.016193233
v -0.00014859024 -0.0092027638 -0.016271833
v -0.0022941419 -0.008988585 -0.020185871
v 0.0003132165 -0.0091802329 -0.016918192
v 0.0032205827 -0.009088526 -0.019899783
v 0.0032010444 -0.0090650282 -0.020402861
v 0.0021676251 -0.009113906 -0.018989873
v 0.0011961422 -0.0091445501 -0.017993589
v -0.0022522212 -0.012600996 -0.017851622
v -0.0022176412 -0.014169153 -0.016423447
v -0.0022207957 -0.010603364 -0.017759537
v -0.0022595619 -0.010556741 -0.018757696
v -0.0022909869 -0.012554373 -0.018849781
v -0.0023727053 -0.013982663 -0.020416084
v 0.003122481 -0.014059106 -0.020633074
v 0.0031420193 -0.014082604 -0.020129996
v 0.0020890617 -0.014107984 -0.019220086
v -0.00022715367 -0.014196843 -0.016502046
v 0.00023465307 -0.014174311 -0.017148406
v 0.0011175788 -0.014138629 -0.018223802
v 0.00098654787 -0.01264605 -0.017979513
v 0.0014684477 -0.012629193 -0.018509664
v 0.0019731898 -0.012613692 -0.019018161
v 0.0057989094 -0.0057773304 0.013812663
v 0.0070977713 -0.0057953993 0.013761375
v 0.0059874614 0.0062084619 0.014365176
v 0.0072863233 0.0061903935 0.014313888
v -0.0017996964 0.016164905 -0.016525591
v 0.0014390726 0.016119851 -0.016653481
v 0.0060417339 0.0061431907 0.0157626
v 0.0073405957 0.0061251223 0.015711311
v 0.0019209724 0.016136708 -0.017183634
v 0.0071520437 -0.0058606705 0.015158798
v 0.005853182 -0.0058426021 0.015210087
v 0.0020046153 -0.01061606 -0.018926076
v 0.0010179729 -0.010648418 -0.017887427
v 0.0014998732 -0.010631561 -0.018417579
v 0.0057913551 -0.0042242257 -0.019876619
v 0.0044924932 -0.0042061568 -0.019825331
v 0.0059799071 0.0077615671 -0.019324106
v 0.0046810453 0.0077796355 -0.019272818
v 0.0059256346 0.0078268383 -0.020721532
v 0.0046267727 0.0078449072 -0.020670244
v 0.0044382207 -0.0041408856 -0.021222757
v 0.0057370826 -0.004158954 -0.021274045
v 0.0045165542 0.015406312 0.004290875
v 0.0040546021 -0.013958874 0.0029372181
v 0.004202736 0.015783728 -0.0037894103
v 0.0032874079 -0.013036201 -0.016816729
v 0.00374936 0.016328985 -0.015463072
v 0.0046792267 0.017551413 0.0076547893
v 0.0036589661 0.01877844 -0.018615189
v 0.0026060085 0.01875306 -0.017705279
v 0.0016345257 0.018722416 -0.016708995
v 0.00075159983 0.018686733 -0.015633599
v -3.6330087e-05 0.01864627 -0.014486939
v -0.00072351819 0.018601324 -0.013277371
v -0.0013049568 0.018552219 -0.012013717
v -0.001776404 0.018499316 -0.010705191
v -0.0025060425 0.018257785 -0.0052166176
v 0.002513149 0.017665732 0.0059140644
v -0.0025005764 0.018321791 -0.0066070042
v 0.0035589244 0.017607027 0.0068306934
v -0.0021344229 0.018442999 -0.0093613338
v -0.0023764019 0.01838368 -0.0079919429
v -0.0021615559 0.018125294 -0.0024600144
v -0.0018141136 0.018057776 -0.0011138983
v -0.0013529658 0.017990063 0.00019761285
v -0.00078147818 0.017922652 0.0014649565
v -0.00010381717 0.017856032 0.0026788916
v 0.00067507604 0.017790691 0.0038305681
v -0.0023927603 0.018192126 -0.0038309201
v 0.0015495237 0.017727103 0.0049115853
v 0.003024694 -0.016352715 0.0052652401
v 0.0019789186 -0.01629401 0.0043486112
v -0.0030348073 -0.015637949 -0.0081724578
v -0.002310634 -0.015460426 -0.012270645
v -0.0018391873 -0.015407523 -0.013579171
v 0.0041449961 -0.016408327 0.0060893352
v -0.0026686538 -0.015516743 -0.010926787
v -0.0012577491 -0.015358418 -0.014842825
v -0.00057056098 -0.015313472 -0.016052393
v 0.00021736939 -0.015273009 -0.017199053
v 0.0011002952 -0.015237326 -0.018274449
v 0.0020717778 -0.015206683 -0.019270733
v 0.0031247353 -0.015181303 -0.020180643
v 0.0010152932 -0.016232639 0.0033461321
v -0.0029269912 -0.015767616 -0.0053963738
v -0.0030402725 -0.015701958 -0.0067820713
v -0.0018871967 -0.015969679 -0.0013678409
v -0.0023483436 -0.015901967 -0.0026793518
v -0.0026957859 -0.015834448 -0.004025468
v -0.0029106328 -0.015576062 -0.0095573966
v 0.00014084555 -0.016169051 0.0022651139
v -0.00063804763 -0.01610371 0.0011134379
v -0.0013157091 -0.01603709 -0.00010049717
v 0.0069928364 0.00043708001 0.0089082906
v 0.0059937115 0.00045097888 0.0089477432
v 0.0069901481 0.00024517235 0.0089078182
v 0.0059910232 0.00025907116 0.0089472709
v 0.0069881294 5.3945503e-05 0.008924063
v 0.0059890045 6.7844436e-05 0.0089635157
v 0.0069867956 -0.00013514391 0.0089568991
v 0.0059876706 -0.00012124509 0.0089963517
v 0.0069861568 -0.00032065999 0.0090060776
v 0.0059870319 -0.00030676118 0.0090455302
v 0.006986218 -0.00050119067 0.0090712256
v 0.005987093 -0.00048729185 0.0091106783
v 0.0069869786 -0.00067535908 0.0091518458
v 0.0059878536 -0.00066146038 0.0091912984
v 0.0069884328 -0.00084184284 0.0092473246
v 0.0059893079 -0.0008279439 0.0092867773
v 0.0069905696 -0.0009993773 0.0093569352
v 0.0059914446 -0.00098547837 0.0093963879
v 0.0069933727 -0.0011467563 0.0094798446
v 0.0059942478 -0.0011328576 0.0095192972
v 0.0069968209 -0.0012828624 0.0096151163
v 0.0059976959 -0.0012689635 0.009654569
v 0.0070008878 -0.0014066593 0.0097617208
v 0.0060017627 -0.0013927604 0.0098011735
v 0.0070055424 -0.0015172035 0.0099185435
v 0.0060064175 -0.0015033048 0.0099579952
v 0.0070107494 -0.0016136604 0.010084389
v 0.0060116245 -0.0015997615 0.010123843
v 0.0070164693 -0.0016952844 0.010257998
v 0.0060173444 -0.0016813855 0.010297451
v 0.0070226583 -0.0017614619 0.010438045
v 0.0060235334 -0.0017475632 0.010477499
v 0.0070292695 -0.0018116896 0.010623165
v 0.0060301444 -0.0017977906 0.010662617
v 0.0070362523 -0.0018455839 0.010811944
v 0.0060371274 -0.001831685 0.010851398
v 0.0070435539 -0.0018628842 0.011002948
v 0.006044429 -0.0018489853 0.011042402
v 0.0070511185 -0.0018634628 0.011194723
v 0.0060519936 -0.0018495639 0.011234177
v 0.0070588887 -0.0018473113 0.01138581
v 0.0060597638 -0.0018334126 0.011425264
v 0.0070668053 -0.0018145558 0.011574756
v 0.0060676803 -0.0018006569 0.011614207
v 0.0070748079 -0.0017654458 0.011760117
v 0.006075683 -0.0017515469 0.011799571
v 0.0070828357 -0.0017003555 0.011940488
v 0.0060837108 -0.0016864566 0.011979942
v 0.0070908278 -0.0016197729 0.012114496
v 0.0060917029 -0.0016058739 0.012153948
v 0.007098723 -0.0015243219 0.012280814
v 0.0060995981 -0.001510423 0.012320267
v 0.0071064616 -0.0014147229 0.012438178
v 0.0061073366 -0.0014008239 0.01247763
v 0.0071139844 -0.001291811 0.01258539
v 0.0061148595 -0.0012779123 0.012624842
v 0.0071212342 -0.0011565224 0.012721328
v 0.0061221093 -0.0011426235 0.012760782
v 0.0071281561 -0.0010098824 0.012844961
v 0.0061290312 -0.00099598354 0.012884415
v 0.007134697 -0.00085301428 0.012955346
v 0.0061355722 -0.00083911539 0.0129948
v 0.0071408075 -0.00068710928 0.013051643
v 0.0061416825 -0.0006732103 0.013091095
v 0.0071464408 -0.0005134271 0.013133119
v 0.0061473159 -0.00049952812 0.01317257
v 0.0071515542 -0.0003332924 0.013199153
v 0.0061524293 -0.00031939351 0.013238606
v 0.0071561087 -0.00014807626 0.013249243
v 0.0061569838 -0.00013417748 0.013288697
v 0.0071600697 4.0814606e-05 0.01328301
v 0.0061609448 5.4713381e-05 0.013322464
v 0.0071634071 0.00023194158 0.013300196
v 0.0061642821 0.00024584049 0.013339647
v 0.0071660953 0.00042384556 0.013300667
v 0.0061669704 0.0004377444 0.013340121
v 0.007168114 0.0006150723 0.013284423
v 0.0061689891 0.00062897122 0.013323875
v 0.0071694478 0.00080416178 0.013251586
v 0.006170323 0.00081806061 0.01329104
v 0.0071700867 0.00098968161 0.013202408
v 0.0061709616 0.0010035805 0.013241859
v 0.0071700255 0.0011702086 0.01313726
v 0.0061709006 0.0011841074 0.013176713
v 0.0071692649 0.0013443807 0.01305664
v 0.00617014 0.0013582796 0.013096092
v 0.0071678107 0.0015108645 0.012961161
v 0.0061686858 0.0015247633 0.013000614
v 0.0071656739 0.0016683951 0.012851551
v 0.0061665489 0.001682294 0.012891003
v 0.0071628707 0.0018157742 0.012728641
v 0.0061637457 0.0018296731 0.012768093
v 0.0071594226 0.0019518803 0.012593369
v 0.0061602977 0.0019657791 0.012632822
v 0.0071553558 0.0020756808 0.012446764
v 0.0061562308 0.0020895797 0.012486218
v 0.007150701 0.0021862252 0.012289942
v 0.0061515761 0.002200124 0.012329395
v 0.007145494 0.0022826782 0.012124096
v 0.006146369 0.002296577 0.012163548
v 0.0071397742 0.0023643059 0.011950488
v 0.0061406493 0.0023782048 0.011989941
v 0.0071335852 0.0024304836 0.01177044
v 0.0061344602 0.0024443825 0.011809892
v 0.0071269741 0.002480711 0.011585322
v 0.0061278492 0.0024946099 0.011624774
v 0.0071199912 0.0025146054 0.011396541
v 0.0061208663 0.0025285043 0.011435995
v 0.0071126896 0.0025319057 0.011205537
v 0.0061135646 0.0025458047 0.011244989
v 0.007105125 0.0025324844 0.011013762
v 0.006106 0.0025463833 0.011053214
v 0.0070973548 0.002516333 0.010822675
v 0.00609823 0.0025302318 0.010862129
v 0.0070894383 0.0024835774 0.010633732
v 0.0060903133 0.0024974762 0.010673183
v 0.0070814356 0.0024344673 0.010448368
v 0.0060823107 0.0024483662 0.010487822
v 0.0070734077 0.0023693734 0.010267997
v 0.0060742828 0.0023832723 0.010307451
v 0.0070654156 0.0022887944 0.010093989
v 0.0060662907 0.0023026933 0.010133442
v 0.0070575204 0.0021933434 0.0099276716
v 0.0060583955 0.0022072422 0.0099671243
v 0.0070497819 0.0020837407 0.0097703079
v 0.006050657 0.0020976395 0.0098097605
v 0.007042259 0.0019608289 0.0096230957
v 0.0060431341 0.0019747278 0.0096625483
v 0.0070350092 0.0018255402 0.0094871568
v 0.0060358843 0.0018394391 0.0095266094
v 0.0070280874 0.0016789039 0.0093635243
v 0.0060289625 0.0016928028 0.009402977
v 0.0070215465 0.0015220358 0.00925314
v 0.0060224214 0.0015359346 0.0092925927
v 0.0070154359 0.0013561271 0.0091568427
v 0.006016311 0.0013700259 0.0091962954
v 0.0070098026 0.0011824487 0.0090753668
v 0.0060106777 0.0011963475 0.0091148203
v 0.0070046892 0.0010023102 0.0090093326
v 0.0060055643 0.0010162091 0.0090487853
v 0.0070001348 0.00081709416 0.0089592419
v 0.0060010097 0.00083099304 0.0089986946
v 0.0069961737 0.00062820336 0.0089254751
v 0.0059970488 0.00064210223 0.0089649278
v 0.020078103 -0.016467061 -0.0089334469
v 0.020073991 -0.016728463 -0.0089454969
v 0.020132194 -0.016737916 -0.0086457878
v 0.020181212 -0.016496395 -0.0083322583
v 0.020002742 -0.016720422 -0.0092424457
v 0.019922933 -0.016437428 -0.0095233307
v 0.019918585 -0.016713811 -0.0095360713
v 0.019821679 -0.016708638 -0.0098258129
v 0.019716883 -0.016407722 -0.010097422
v 0.019712208 -0.016704919 -0.010111123
v 0.019590382 -0.016702656 -0.010391452
v 0.019461523 -0.01637817 -0.01065135
v 0.019456431 -0.016701852 -0.010666271
v 0.019310611 -0.016702517 -0.010935057
v 0.019158794 -0.016348996 -0.011180901
v 0.0191532 -0.016704641 -0.011197295
v 0.018984497 -0.016708224 -0.01145249
v 0.018811002 -0.016320425 -0.011682045
v 0.018804823 -0.016713255 -0.011700153
v 0.01861452 -0.016719732 -0.011939813
v 0.018420793 -0.01629267 -0.012150965
v 0.018413951 -0.016727636 -0.012171015
v 0.018203496 -0.016736957 -0.012393318
v 0.017991137 -0.016265944 -0.012584094
v 0.017983558 -0.016747672 -0.012606301
v 0.017525304 -0.016240451 -0.012978135
v 0.017516922 -0.016773212 -0.013002694
v 0.017026838 -0.016216385 -0.01333009
v 0.017017593 -0.016804054 -0.013357179
v 0.016499534 -0.01619393 -0.01363728
v 0.016489371 -0.016839975 -0.013667061
v 0.015947405 -0.016173256 -0.013897368
v 0.015936275 -0.016880695 -0.013929979
v 0.015374652 -0.016154518 -0.014108374
v 0.015362517 -0.016925902 -0.014143933
v 0.014785636 -0.016137861 -0.014268689
v 0.014772462 -0.016975256 -0.014307291
v 0.014184838 -0.016123413 -0.0143771
v 0.014170601 -0.017028383 -0.014418816
v 0.01357683 -0.016111283 -0.014432775
v 0.013561514 -0.017084872 -0.014477655
v 0.012966241 -0.016101561 -0.014435292
v 0.012949837 -0.0171443 -0.014483359
v 0.012357718 -0.016094324 -0.014384635
v 0.012340227 -0.017206211 -0.01443589
v 0.01175589 -0.016089625 -0.014281187
v 0.011737319 -0.017270133 -0.014335606
v 0.01116534 -0.016087501 -0.014125734
v 0.011145706 -0.017335583 -0.014183267
v 0.01059056 -0.016087967 -0.013919463
v 0.010569888 -0.01740206 -0.01398004
v 0.010035927 -0.01609102 -0.01366394
v 0.010014248 -0.017469062 -0.013727464
v 0.00950566 -0.016096639 -0.013361111
v 0.0094830156 -0.017536071 -0.013427466
v 0.0090037962 -0.016104777 -0.013013281
v 0.0089802336 -0.017602585 -0.013082326
v 0.0085341526 -0.016115376 -0.012623099
v 0.0085097265 -0.017668096 -0.012694675
v 0.0081003062 -0.016128352 -0.012193532
v 0.0080750772 -0.017732103 -0.012267461
v 0.0078722439 -0.017763389 -0.012040021
v 0.0077055575 -0.01614361 -0.011727849
v 0.0076795929 -0.01779412 -0.011803933
v 0.0074974904 -0.017824235 -0.011559645
v 0.0073529109 -0.01616103 -0.011229596
v 0.0073262833 -0.017853677 -0.011307623
v 0.0071662976 -0.017882389 -0.011048344
v 0.0070450506 -0.016180482 -0.010702562
v 0.0070178381 -0.017910316 -0.010782303
v 0.0068811863 -0.017937408 -0.010510009
v 0.0067843194 -0.016201816 -0.010150762
v 0.0067566041 -0.01796361 -0.010231976
v 0.0066443267 -0.017988876 -0.0099487367
v 0.0065727013 -0.016224872 -0.0095783945
v 0.0065445693 -0.018013155 -0.0096608297
v 0.0064575206 -0.018036399 -0.0093687999
v 0.006411807 -0.016249473 -0.0089898132
v 0.0063833477 -0.018058568 -0.0090732076
v 0.0063221909 -0.018079617 -0.0087746127
v 0.0063028615 -0.016275433 -0.0083895001
v 0.0062741665 -0.018099508 -0.0084735851
v 0.0062393661 -0.0181182 -0.0081706955
v 0.006246693 -0.016302552 -0.0077820221
v 0.0062178558 -0.018135662 -0.0078665236
v 0.0062096777 -0.018151857 -0.0075616458
v 0.0062437304 -0.016330625 -0.0071720029
v 0.0062148457 -0.018166754 -0.0072566436
v 0.0062333511 -0.018180327 -0.0069520974
v 0.0062939946 -0.016359439 -0.0065640855
v 0.0062651575 -0.018192549 -0.006648587
v 0.0063102059 -0.018203396 -0.0063466911
v 0.0063971047 -0.016388775 -0.0059628971
v 0.0063684097 -0.01821285 -0.0060469821
v 0.0064396581 -0.018220889 -0.0057500331
v 0.0065522745 -0.016418408 -0.0053730131
v 0.0065238152 -0.018227503 -0.0054564076
v 0.0066207211 -0.018232673 -0.0051666657
v 0.0067583241 -0.016448114 -0.0047989214
v 0.006730192 -0.018236397 -0.0048813564
v 0.0068520185 -0.018238658 -0.0046010269
v 0.0070136849 -0.016477664 -0.0042449934
v 0.0069859695 -0.018239459 -0.0043262073
v 0.0071317888 -0.018238796 -0.0040574217
v 0.007316413 -0.016506838 -0.0037154425
v 0.0072892005 -0.018236672 -0.0037951833
v 0.0074579036 -0.018233092 -0.0035399888
v 0.007664205 -0.016535411 -0.0032143007
v 0.0076375776 -0.018228056 -0.0032923272
v 0.0078278803 -0.018221582 -0.0030526659
v 0.0080544142 -0.016563166 -0.0027453794
v 0.0080284497 -0.018213676 -0.0028214635
v 0.0082389034 -0.018204357 -0.0025991609
v 0.0084840706 -0.016589891 -0.0023122515
v 0.0084588416 -0.018193642 -0.0023861799
v 0.0089499042 -0.016615383 -0.0019182086
v 0.0089254778 -0.018168103 -0.001989785
v 0.0094483701 -0.016639449 -0.0015662545
v 0.0094248076 -0.018137257 -0.0016352993
v 0.0099756736 -0.016661904 -0.0012590632
v 0.0099530293 -0.018101338 -0.0013254174
v 0.010527803 -0.01668258 -0.00099897633
v 0.010506124 -0.01806062 -0.0010625003
v 0.011100555 -0.016701316 -0.00078797091
v 0.011079883 -0.01801541 -0.00084854698
v 0.011689572 -0.016717973 -0.00062765374
v 0.011669938 -0.017966055 -0.00068518674
v 0.01229037 -0.016732421 -0.00051924503
v 0.012271799 -0.017912931 -0.0005736633
v 0.012898377 -0.016744553 -0.00046357037
v 0.012880886 -0.01785644 -0.00051482535
v 0.013508966 -0.016754273 -0.00046105094
v 0.013492562 -0.017797014 -0.00050911859
v 0.014117489 -0.016761512 -0.00051170962
v 0.014102174 -0.017735101 -0.0005565893
v 0.014719317 -0.016766211 -0.00061515761
v 0.014705081 -0.017671181 -0.00065687455
v 0.015309867 -0.016768335 -0.00077060927
v 0.015296694 -0.01760573 -0.00080921098
v 0.015884646 -0.016767867 -0.00097688174
v 0.015872512 -0.017539251 -0.0010124404
v 0.01643928 -0.016764814 -0.0012324042
v 0.016428151 -0.017472253 -0.0012650154
v 0.016969547 -0.016759197 -0.0015352326
v 0.016959384 -0.017405242 -0.0015650132
v 0.017471412 -0.016751057 -0.0018830627
v 0.017462167 -0.017338726 -0.0019101525
v 0.017941054 -0.01674046 -0.0022732448
v 0.017932674 -0.017273219 -0.0022978037
v 0.018374901 -0.016727481 -0.0027028135
v 0.018367323 -0.017209209 -0.0027250198
v 0.01876965 -0.016712226 -0.0031684946
v 0.019122297 -0.016694806 -0.0036667497
v 0.019116116 -0.017087636 -0.0036848581
v 0.01894491 -0.017117078 -0.0034328343
v 0.018762808 -0.017147192 -0.0031885457
v 0.018570157 -0.017177922 -0.0029524581
v 0.019430157 -0.016675354 -0.0041937814
v 0.019690888 -0.016654018 -0.0047455816
v 0.019685797 -0.0169777 -0.0047605026
v 0.019561214 -0.017003906 -0.0044824699
v 0.019424563 -0.017030997 -0.0042101756
v 0.019276102 -0.017058926 -0.0039441348
v 0.019902506 -0.016630962 -0.0053179493
v 0.0200634 -0.016606361 -0.0059065306
v 0.020059052 -0.016882744 -0.0059192712
v 0.019984879 -0.016904913 -0.0056236791
v 0.019897831 -0.016928161 -0.0053316494
v 0.019798073 -0.016952439 -0.0050437424
v 0.020172346 -0.016580403 -0.0065068439
v 0.020228515 -0.016553282 -0.0071143218
v 0.020224544 -0.016805652 -0.0071259553
v 0.020203034 -0.016823114 -0.0068217834
v 0.020168233 -0.016841805 -0.0065188938
v 0.02012021 -0.016861697 -0.0062178662
v 0.020177242 -0.016748764 -0.0083438918
v 0.020209049 -0.016760988 -0.0080403815
v 0.020231477 -0.016525209 -0.007724341
v 0.020227554 -0.016774561 -0.0077358354
v 0.020232723 -0.016789459 -0.0074308332
v 0.0058341616 -0.01405727 -0.0063950394
v 0.0053460459 -0.01355297 -0.0063088685
v 0.0059446365 -0.0140887 -0.0057509082
v 0.0054638863 -0.013586496 -0.0056217964
v 0.0061108906 -0.014120451 -0.0051188896
v 0.0056412229 -0.013620362 -0.0049476429
v 0.0063316571 -0.014152278 -0.0045037914
v 0.0058767084 -0.013654312 -0.0042915385
v 0.0066052576 -0.014183941 -0.003910296
v 0.0061685486 -0.013688085 -0.0036584756
v 0.0069296098 -0.014215198 -0.0033429202
v 0.0065145239 -0.013721426 -0.0030532748
v 0.0073022442 -0.014245812 -0.0028059817
v 0.0069120006 -0.013754079 -0.002480541
v 0.0077203256 -0.014275548 -0.0023035671
v 0.0073579541 -0.013785799 -0.0019446321
v 0.0081806719 -0.014304181 -0.0018395007
v 0.0078489903 -0.013816342 -0.0014496286
v 0.008679779 -0.014331495 -0.001417314
v 0.008381371 -0.013845477 -0.00099929433
v 0.0092138492 -0.01435728 -0.0010402182
v 0.0089510465 -0.01387298 -0.0005970602
v 0.009778818 -0.014381339 -0.00071108563
v 0.0095536787 -0.013898644 -0.00024598573
v 0.010370385 -0.014403492 -0.00043242119
v 0.010184685 -0.013922273 5.1256715e-05
v 0.010984048 -0.014423566 -0.00020634429
v 0.010839258 -0.013943686 0.00029240606
v 0.011615137 -0.014441413 -3.4575776e-05
v 0.01151242 -0.013962722 0.00047562588
v 0.01225885 -0.014456893 8.1576054e-05
v 0.012199046 -0.013979235 0.00059952137
v 0.012910286 -0.014469891 0.00014122859
v 0.012893912 -0.013993098 0.0006631503
v 0.013564488 -0.014480307 0.0001439276
v 0.013591727 -0.014004209 0.00066602797
v 0.014216478 -0.014488061 8.9650771e-05
v 0.014287184 -0.014012481 0.00060813339
v 0.014861292 -0.014493096 -2.1187203e-05
v 0.014974986 -0.014017851 0.00048990678
v 0.015494025 -0.014495372 -0.00018774249
v 0.0156499 -0.014020279 0.00031224797
v 0.01610986 -0.014494873 -0.00040874855
v 0.016306791 -0.014019745 7.6508024e-05
v 0.016704111 -0.0144916 -0.00068252282
v 0.016940658 -0.014016255 -0.00021551814
v 0.017272253 -0.01448558 -0.0010069808
v 0.017546677 -0.014009835 -0.00056160777
v 0.017809966 -0.014476861 -0.0013796552
v 0.018120237 -0.014000533 -0.00095912666
v 0.018313155 -0.014465505 -0.0017977096
v 0.018656972 -0.013988421 -0.0014050497
v 0.01877799 -0.014451601 -0.0022579597
v 0.019152796 -0.01397359 -0.0018959854
v 0.019200936 -0.014435254 -0.0027569049
v 0.019603938 -0.013956153 -0.0024281926
v 0.019578771 -0.01441659 -0.0032907483
v 0.020006963 -0.013936245 -0.0029976257
v 0.019908621 -0.014395749 -0.0038554261
v 0.020358803 -0.013914014 -0.0035999476
v 0.020187977 -0.01437289 -0.0044466405
v 0.020656782 -0.013889631 -0.0042305764
v 0.02041471 -0.014348187 -0.0050598928
v 0.02089863 -0.013863281 -0.0048847133
v 0.020587097 -0.014321829 -0.0056905154
v 0.02108251 -0.013835167 -0.0055573773
v 0.020703824 -0.014294016 -0.0063337084
v 0.021207019 -0.013805499 -0.0062434499
v 0.020764004 -0.014264959 -0.0069845782
v 0.021271211 -0.013774505 -0.0069377099
v 0.020767179 -0.01423488 -0.0076381689
v 0.021274597 -0.013742421 -0.0076348739
v 0.020713324 -0.014204009 -0.0082895077
v 0.021217153 -0.013709491 -0.0083296358
v 0.020602849 -0.014172577 -0.0089336388
v 0.021099313 -0.013675965 -0.0090167078
v 0.020436596 -0.014140828 -0.0095656575
v 0.020921975 -0.013642099 -0.0096908614
v 0.020215829 -0.014109001 -0.010180756
v 0.02068649 -0.013608149 -0.010346966
v 0.019942227 -0.014077338 -0.010774251
v 0.02039465 -0.013574375 -0.010980029
v 0.019617876 -0.014046081 -0.011341627
v 0.020048674 -0.013541035 -0.011585229
v 0.019245242 -0.014015468 -0.011878565
v 0.019651198 -0.013508381 -0.012157963
v 0.01882716 -0.01398573 -0.01238098
v 0.019205244 -0.013476661 -0.012693872
v 0.018366814 -0.013957096 -0.012845046
v 0.018714209 -0.013446118 -0.013188878
v 0.017867707 -0.013929783 -0.013267233
v 0.018181828 -0.013416984 -0.01363921
v 0.017333636 -0.013903999 -0.013644329
v 0.017612152 -0.01338948 -0.014041444
v 0.016768668 -0.013879939 -0.013973462
v 0.017009519 -0.013363817 -0.014392519
v 0.016177101 -0.013857786 -0.014252126
v 0.016378515 -0.013340188 -0.014689761
v 0.015563437 -0.013837712 -0.014478203
v 0.015723941 -0.013318774 -0.01493091
v 0.014932348 -0.013819865 -0.014649971
v 0.015050778 -0.013299738 -0.01511413
v 0.014288636 -0.013804385 -0.014766124
v 0.014364152 -0.013283225 -0.015238026
v 0.0136372 -0.013791388 -0.014825776
v 0.013669286 -0.013269362 -0.015301656
v 0.012982997 -0.013780972 -0.014828474
v 0.012971471 -0.013258252 -0.015304532
v 0.012331008 -0.013773216 -0.014774198
v 0.012276015 -0.01324998 -0.015246639
v 0.011686193 -0.013768183 -0.01466336
v 0.011588213 -0.013244609 -0.015128411
v 0.01105346 -0.013765907 -0.014496805
v 0.010913298 -0.013242182 -0.014950752
v 0.010437626 -0.013766406 -0.014275798
v 0.010256407 -0.013242715 -0.014715012
v 0.0098433754 -0.013769678 -0.014002024
v 0.0096225408 -0.013246205 -0.014422986
v 0.0092752323 -0.013775697 -0.013677566
v 0.0090165205 -0.013252625 -0.014076897
v 0.0087375197 -0.013784417 -0.013304892
v 0.0084429618 -0.013261927 -0.013679378
v 0.008234331 -0.013795773 -0.012886838
v 0.0079062266 -0.01327404 -0.013233455
v 0.0077694958 -0.013809676 -0.012426587
v 0.0074104023 -0.013288871 -0.012742521
v 0.0073465504 -0.013826024 -0.011927642
v 0.0069592605 -0.013306307 -0.012210312
v 0.0069687148 -0.013844688 -0.011393799
v 0.0065562359 -0.013326216 -0.011640879
v 0.0066388644 -0.01386553 -0.010829121
v 0.0062043954 -0.013348446 -0.011038557
v 0.006359509 -0.013888388 -0.010237906
v 0.0059064167 -0.013372829 -0.010407928
v 0.0061327756 -0.01391309 -0.0096246541
v 0.0056645681 -0.013399179 -0.0097537908
v 0.0059603897 -0.013939449 -0.0089940316
v 0.0054806887 -0.013427294 -0.0090811271
v 0.0058436617 -0.013967261 -0.0083508386
v 0.0053561799 -0.013456962 -0.0083950543
v 0.0057834814 -0.013996319 -0.0076999688
v 0.005291987 -0.013487955 -0.0077007944
v 0.005780307 -0.014026398 -0.0070463782
v 0.0052886009 -0.01352004 -0.0070036304
v 0.0057441679 -0.016323676 -0.0071522766
v 0.0057980225 -0.016354548 -0.0065009378
v 0.0059084974 -0.016385978 -0.0058568066
v 0.0060747515 -0.016417728 -0.0052247879
v 0.006295518 -0.016449556 -0.0046096898
v 0.0065691184 -0.016481219 -0.0040161944
v 0.0068934707 -0.016512475 -0.0034488186
v 0.0072661051 -0.016543089 -0.0029118801
v 0.0076841864 -0.016572826 -0.0024094658
v 0.0081445329 -0.016601459 -0.0019453989
v 0.0086436398 -0.016628773 -0.0015232122
v 0.0091777102 -0.016654558 -0.0011461164
v 0.009742679 -0.016678617 -0.00081698427
v 0.010334246 -0.01670077 -0.00053831936
v 0.010947909 -0.016720844 -0.00031224293
v 0.011578998 -0.016738691 -0.00014047442
v 0.012222711 -0.016754171 -2.4322589e-05
v 0.012874147 -0.016767169 3.5329947e-05
v 0.013528349 -0.016777584 3.8028962e-05
v 0.014180339 -0.01678534 -1.6247921e-05
v 0.014825154 -0.016790373 -0.00012708587
v 0.015457886 -0.016792649 -0.00029364111
v 0.016073721 -0.016792151 -0.00051464716
v 0.016667971 -0.016788878 -0.00078842097
v 0.017236115 -0.01678286 -0.0011128796
v 0.017773826 -0.016774139 -0.0014855538
v 0.018277015 -0.016762783 -0.0019036082
v 0.018741851 -0.01674888 -0.0023638584
v 0.019164796 -0.016732532 -0.0028628036
v 0.019542632 -0.016713869 -0.0033966466
v 0.019872482 -0.016693028 -0.0039613243
v 0.020151837 -0.016670168 -0.0045525389
v 0.020378571 -0.016645466 -0.0051657913
v 0.020550957 -0.016619107 -0.0057964138
v 0.020667684 -0.016591295 -0.0064396067
v 0.020727865 -0.016562237 -0.0070904766
v 0.020731039 -0.016532158 -0.0077440673
v 0.020677185 -0.016501286 -0.0083954061
v 0.02056671 -0.016469856 -0.0090395373
v 0.020400456 -0.016438106 -0.0096715559
v 0.020179689 -0.01640628 -0.010286654
v 0.019906089 -0.016374617 -0.01088015
v 0.019581737 -0.016343359 -0.011447525
v 0.019209102 -0.016312747 -0.011984464
v 0.018791021 -0.016283008 -0.012486878
v 0.018330675 -0.016254375 -0.012950945
v 0.017831567 -0.016227061 -0.013373131
v 0.017297497 -0.016201278 -0.013750228
v 0.016732528 -0.016177217 -0.01407936
v 0.016140962 -0.016155066 -0.014358024
v 0.015527299 -0.01613499 -0.014584101
v 0.014896209 -0.016117145 -0.01475587
v 0.014252497 -0.016101663 -0.014872022
v 0.01360106 -0.016088665 -0.014931675
v 0.012946858 -0.01607825 -0.014934373
v 0.012294869 -0.016070496 -0.014880097
v 0.011650054 -0.016065461 -0.014769259
v 0.011017321 -0.016063185 -0.014602703
v 0.010401487 -0.016063685 -0.014381697
v 0.0098072364 -0.016066956 -0.014107923
v 0.0092390929 -0.016072976 -0.013783464
v 0.0087013806 -0.016081697 -0.01341079
v 0.008198192 -0.016093051 -0.012992736
v 0.0077333567 -0.016106954 -0.012532486
v 0.0073104113 -0.016123302 -0.01203354
v 0.0069325755 -0.016141967 -0.011499697
v 0.0066027253 -0.016162808 -0.010935019
v 0.0063233698 -0.016185666 -0.010343805
v 0.0060966364 -0.01621037 -0.0097305526
v 0.0059242506 -0.016236727 -0.00909993
v 0.0058075225 -0.016264541 -0.0084567371
v 0.0057473423 -0.016293597 -0.0078058672
v 0.0060623347 0.016516535 -0.02032096
v 0.0061383992 0.021351773 -0.020098068
v 0.015169386 0.016157037 -0.015630175
v 0.018039567 0.019422278 -0.014023539
v 0.01798645 0.016045834 -0.014179183
v 0.016736916 0.018905794 0.0029613632
v 0.01667994 0.01528395 0.0027944059
v 0.017409359 0.015285347 0.0025151536
v 0.017464882 0.01881478 0.0026778515
v 0.018112641 0.015289944 0.0021754367
v 0.018166756 0.018729934 0.0023340118
v 0.018784773 0.015297706 0.0017776768
v 0.018837539 0.018651855 0.0019322942
v 0.019420963 0.015308579 0.0013247099
v 0.019472444 0.018581115 0.001475565
v 0.020016675 0.015322484 0.00081976477
v 0.020066948 0.018518206 0.00096707879
v 0.02056766 0.015339323 0.00026644256
v 0.02061681 0.018463573 0.00041046252
v 0.021069993 0.015358976 -0.00033131334
v 0.02111811 0.01841762 -0.0001903181
v 0.02152009 0.015381301 -0.00096923729
v 0.021567274 0.018380665 -0.00083097449
v 0.021914743 0.015406142 -0.0016427869
v 0.0219611 0.018352975 -0.001506946
v 0.022251137 0.015433319 -0.002347155
v 0.02229678 0.018334743 -0.0022134071
v 0.022526874 0.01546264 -0.0030773215
v 0.02257192 0.018326103 -0.0029453234
v 0.02273999 0.015493897 -0.0038280823
v 0.02278456 0.018327108 -0.0036974789
v 0.022888964 0.015526863 -0.0045940803
v 0.022933183 0.018337764 -0.0044645052
v 0.022972733 0.015561307 -0.0053698581
v 0.023016729 0.018357994 -0.0052409384
v 0.018732295 0.019308365 -0.013631082
v 0.016057851 0.019463234 -0.008235621
v 0.016145853 0.019314665 -0.0049331737
v 0.016105918 0.019316106 -0.0048315337
v 0.015383006 0.019282427 -0.0015408691
v 0.016216192 0.019104866 -8.5213894e-05
v 0.016226166 0.019099524 1.0106733e-05
v 0.016182016 0.019313904 -0.0050385767
v 0.016231973 0.01909476 0.000105797
v 0.016493324 0.018936618 0.0030472083
v 0.016233606 0.019090576 0.00020167871
v 0.016181332 0.019313914 -0.0050364317
v 0.015482272 0.019367532 -0.0039447643
v 0.015314883 0.019385365 -0.0038044162
v 0.016161514 0.019124205 -0.00036713539
v 0.016183836 0.019117211 -0.00027401368
v 0.016202073 0.01911076 -0.00017998
v 0.016231059 0.019086985 0.00029756554
v 0.016224338 0.019083985 0.00039327808
v 0.016213456 0.019081589 0.00048863184
v 0.015208957 0.019158633 0.0020572807
v 0.015658358 0.019040607 0.003382223
v 0.015366368 0.019140972 0.0019470308
v 0.015513671 0.019125281 0.0018235254
v 0.016061605 0.019318242 -0.0047317082
v 0.016012998 0.01932107 -0.0046338821
v 0.015960188 0.019324579 -0.0045382476
v 0.0067996522 0.020576673 -0.0035609493
v 0.006634246 0.020603951 -0.0036565611
v 0.0050604608 0.019997105 0.016447802
v 0.0064778843 0.020630535 -0.0037663002
v 0.0063317583 0.020656229 -0.0038893264
v 0.01229637 0.019974434 -0.0077629793
v 0.012475246 0.01995436 -0.0078882646
v 0.0091674518 0.020395066 -0.0072585621
v 0.012664246 0.019932195 -0.0079975315
v 0.016070504 0.019148257 -0.0006392636
v 0.016104795 0.019139744 -0.00054993387
v 0.01613515 0.019131717 -0.0004591672
v 0.016198432 0.019079803 0.00058344655
v 0.016179297 0.019078624 0.00067754095
v 0.016156086 0.019078057 0.00077073762
v 0.0092981165 0.02023792 -0.0038941695
v 0.012142207 0.019712841 -0.00089073482
v 0.01219229 0.019709161 -0.00097280765
v 0.0086724927 0.020476694 -0.0075446757
v 0.008845685 0.020448935 -0.0074639144
v 0.012864298 0.019907828 -0.0080909297
v 0.0090110903 0.02042165 -0.0073683011
v 0.012861934 0.019908118 -0.0080899491
v 0.015226645 0.019309011 -0.0016506065
v 0.015136007 0.019405432 -0.0036791312
v 0.015061239 0.019336289 -0.0017462201
v 0.010015505 0.020199624 -0.0054201274
v 0.010008784 0.020196631 -0.0053244144
v 0.01133066 0.020015463 -0.0054536124
v 0.0099979011 0.020194235 -0.0052290605
v 0.011346704 0.020008761 -0.0053459223
v 0.0099828775 0.020192442 -0.0051342473
v 0.011367429 0.020001427 -0.0052390649
v 0.0075533603 0.019650057 0.016334774
v 0.0075580111 0.01969709 0.01517823
v 0.0076615898 0.019729994 0.014025698
v 0.0078633344 0.019748528 0.012885655
v 0.0097651556 0.020197033 -0.0045005938
v 0.0097186831 0.020200121 -0.0044164346
v 0.012562775 0.019675042 -0.0014130001
v 0.0096686018 0.020203801 -0.0043343618
v 0.0063472196 0.020787679 -0.0071306928
v 0.0064945225 0.02077199 -0.0072542
v 0.0041228344 0.02112475 -0.007694488
v 0.0066519338 0.02075433 -0.0073644502
v 0.006818254 0.020734834 -0.0074606046
v 0.010018051 0.020203222 -0.0055160157
v 0.011319327 0.020021529 -0.0055619296
v 0.01001642 0.020207406 -0.0056118954
v 0.011312727 0.020026944 -0.0056706699
v 0.010010611 0.02021217 -0.0057075877
v 0.011310873 0.020031697 -0.0057796254
v 0.010000639 0.020217503 -0.0058029069
v 0.015903278 0.01932876 -0.0044449826
v 0.015842374 0.019333608 -0.0043542653
v 0.015777594 0.019339126 -0.0042662696
v 0.0056347251 0.020813438 -0.0053172761
v 0.0056289175 0.020818202 -0.0054129665
v 0.0056272849 0.020822387 -0.005508848
v 0.015709059 0.019345285 -0.0041811624
v 0.015636901 0.019352081 -0.0040991056
v 0.009963743 0.020191263 -0.0050401527
v 0.0099405324 0.020190696 -0.0049469572
v 0.011392795 0.019993488 -0.0051332463
v 0.0099132896 0.020190743 -0.004854838
v 0.015944723 0.019176631 -0.00089694088
v 0.015990393 0.01916672 -0.00081293304
v 0.016032347 0.019157257 -0.00072698515
v 0.016128843 0.019078096 0.0008628562
v 0.016097622 0.019078754 0.0009537237
v 0.016062479 0.019080025 0.0010431664
v 0.010268146 0.019624724 0.0076594663
v 0.011003538 0.019557938 0.0067629009
v 0.013188398 0.019436268 0.0022375064
v 0.011812529 0.01947805 0.0059322151
v 0.013368058 0.019408234 0.0023028018
v 0.01268917 0.019385656 0.0051735156
v 0.013552817 0.01938013 0.0023521329
v 0.012839917 0.019720925 -0.0034743293
v 0.012643107 0.019752478 -0.0035661032
v 0.013033809 0.019622188 -0.0017429101
v 0.011539575 0.019955918 -0.0047243255
v 0.011496215 0.019966149 -0.0048240086
v 0.011457249 0.019975828 -0.004925521
v 0.011422754 0.019984951 -0.0050286642
v 0.0098820679 0.020191401 -0.0047639706
v 0.0098469254 0.020192671 -0.0046745273
v 0.0098079297 0.020194546 -0.0045866788
v 0.0081617631 0.01975257 0.011766482
v 0.0085546815 0.019742081 0.010676406
v 0.0090391995 0.019717138 0.0096234383
v 0.012245884 0.019704889 -0.0010526371
v 0.012302891 0.019700043 -0.0011300735
v 0.0094341904 0.020224324 -0.0040299907
v 0.012363202 0.019694617 -0.0012049687
v 0.0094976894 0.020218345 -0.0041022009
v 0.0124267 0.019688638 -0.0012771787
v 0.0095579992 0.020212926 -0.0041770937
v 0.0096150062 0.020208073 -0.0042545303
v 0.011897148 0.019721699 -0.00026701656
v 0.011920359 0.019722273 -0.00036021198
v 0.0091508137 0.020253611 -0.0037706621
v 0.011947602 0.019722227 -0.00045233088
v 0.011978824 0.019721569 -0.00054319839
v 0.0088270823 0.020290775 -0.0035642574
v 0.012233855 0.019602622 0.0014690341
v 0.012181021 0.01961336 0.0013893773
v 0.0056770545 0.020795752 -0.0050331538
v 0.0056588171 0.0208022 -0.0051271874
v 0.0056446984 0.020808104 -0.0052219551
v 0.011549647 0.020041547 -0.0068356894
v 0.011598254 0.020038722 -0.0069335137
v 0.0098892409 0.020252383 -0.0062676267
v 0.0099459594 0.020236842 -0.0060848284
v 0.0099682818 0.020229857 -0.0059917081
v 0.011372587 0.020045285 -0.0063203782
v 0.011313767 0.020035779 -0.0058885896
v 0.011321404 0.020039189 -0.0059973514
v 0.0099865202 0.020223407 -0.0058976746
v 0.011333771 0.020041908 -0.0061057096
v 0.011350842 0.020043942 -0.006213452
v 0.012277463 0.019813685 -0.0037994584
v 0.012455146 0.01978348 -0.0036747559
v 0.012710077 0.019659351 -0.0015365055
v 0.012867488 0.019641691 -0.0016467554
v 0.015042637 0.019178136 0.0021534357
v 0.014868672 0.019199323 0.0022347637
v 0.014619179 0.019166126 0.0038938159
v 0.014688386 0.019222045 0.0023006463
v 0.011850279 0.019700799 0.00040041859
v 0.011844472 0.019705564 0.00030472646
v 0.0089934035 0.020271279 -0.0036604136
v 0.011842839 0.019709748 0.00020884659
v 0.011845386 0.019713338 0.00011295791
v 0.007337263 0.020492776 -0.0033655614
v 0.0071525034 0.020520871 -0.0034148921
v 0.0069728436 0.020548914 -0.0034801861
v 0.0056298321 0.020825982 -0.0056047346
v 0.005636553 0.020828977 -0.0057004475
v 0.0056474351 0.020831374 -0.0057958013
v 0.015786321 0.019208825 -0.0011357608
v 0.01584259 0.019197702 -0.0010585097
v 0.015895424 0.019186963 -0.00097885338
v 0.016023484 0.019081908 0.001131014
v 0.01598071 0.019084394 0.0012171001
v 0.015934237 0.019087482 0.0013012592
v 0.011892609 0.019683113 0.00068453901
v 0.011874371 0.019689561 0.00059050525
v 0.011860252 0.019695457 0.00049573737
v 0.0081196196 0.020560785 -0.0076922931
v 0.0083080732 0.020532832 -0.0076593024
v 0.0084928337 0.020504736 -0.0076099698
v 0.011695169 0.019922165 -0.0044381122
v 0.011639148 0.019933909 -0.0045311942
v 0.01158725 0.019945168 -0.0046266574
v 0.013741271 0.019352185 0.0023851251
v 0.013627019 0.019281421 0.0044923803
v 0.013931985 0.019324603 0.0024015277
v 0.012013965 0.019720296 -0.00063264203
v 0.012052961 0.019718416 -0.0007204886
v 0.012095736 0.019715929 -0.00080657573
v 0.005699377 0.020788765 -0.0049400336
v 0.0057257409 0.020781251 -0.0048480019
v 0.009854951 0.020260903 -0.0063569579
v 0.011398963 0.020045925 -0.0064262836
v 0.011429921 0.020045878 -0.0065309641
v 0.0099195961 0.020244356 -0.00617686
v 0.0114654 0.020045126 -0.0066342221
v 0.011505334 0.020043685 -0.0067358622
v 0.011852107 0.019716338 1.7247211e-05
v 0.011862989 0.019718734 -7.8106516e-05
v 0.011878013 0.01972052 -0.00017292215
v 0.0056624587 0.020833166 -0.0058906146
v 0.0056815942 0.020834346 -0.0059847092
v 0.005704805 0.020834912 -0.0060779047
v 0.0069922194 0.020713639 -0.0075419322
v 0.0071725044 0.020690925 -0.0076078155
v 0.0073577383 0.020666845 -0.0076577495
v 0.015598008 0.019244296 -0.0013516341
v 0.015663913 0.019232141 -0.0012824621
v 0.015726724 0.019220313 -0.001210458
v 0.015884156 0.019091162 0.001383332
v 0.015830561 0.019095434 0.0014631633
v 0.015773554 0.01910028 0.0015405988
v 0.011971651 0.019660586 0.00096045951
v 0.011941295 0.019668606 0.00086969155
v 0.011914931 0.019676119 0.00077765978
v 0.0058285439 0.020755705 -0.0045801842
v 0.0057903859 0.020764704 -0.0046679059
v 0.0057560965 0.020773225 -0.0047572352
v 0.0096798701 0.020299602 -0.006696546
v 0.0097291688 0.02028927 -0.0066146357
v 0.011974351 0.020007709 -0.0074682904
v 0.011651064 0.020035213 -0.0070291483
v 0.011707974 0.02003103 -0.0071224132
v 0.0098167934 0.020269904 -0.0064446796
v 0.011768878 0.020026183 -0.0072131306
v 0.011833659 0.020020671 -0.0073011258
v 0.011886875 0.019884273 -0.0041749229
v 0.011819151 0.019897323 -0.0042598086
v 0.011755209 0.019909962 -0.0043475943
v 0.015529133 0.019256741 -0.0014178427
v 0.015713244 0.019105706 0.001615494
v 0.015649745 0.019111685 0.0016877031
v 0.014503153 0.019246117 0.0023505809
v 0.014314381 0.019271363 0.0023841894
v 0.014123508 0.019297593 0.0024012148
v 0.0096270355 0.02031034 -0.0067762025
v 0.0097748391 0.020279367 -0.0065306255
v 0.011902193 0.020014507 -0.0073862335
v 0.0096117579 0.019677919 0.0086153216
v 0.013015206 0.019464034 0.0021567455
v 0.0128498 0.019491312 0.0020611319
v 0.012693439 0.019517896 0.0019513944
v 0.012547312 0.019543582 0.0018283671
v 0.0057320474 0.020834866 -0.0061700258
v 0.0057632694 0.020834208 -0.0062608931
v 0.0057984119 0.020832935 -0.0063503347
v 0.012086052 0.019633603 0.0012234575
v 0.012044098 0.019643066 0.0011375105
v 0.01200594 0.019652066 0.0010497889
v 0.0079079539 0.020410232 -0.0033164789
v 0.0077164314 0.020437242 -0.0033161671
v 0.0075257176 0.020464824 -0.0033325688
v 0.005965467 0.020726007 -0.0043283159
v 0.0059161674 0.020736339 -0.0044102262
v 0.0058704983 0.020746242 -0.0044942364
v 0.0075465098 0.020641599 -0.0076913589
v 0.0077373832 0.020615369 -0.0077083833
v 0.0079289057 0.020588366 -0.0077086967
v 0.013044075 0.019689065 -0.0034001311
v 0.013207774 0.019601 -0.0018242393
v 0.013388058 0.019578279 -0.001890121
v 0.012349721 0.019580008 0.0016209842
v 0.012290125 0.019591498 0.0015462851
v 0.0094483585 0.020344788 -0.0070001563
v 0.0095111693 0.020332953 -0.0069281528
v 0.0095707664 0.020321462 -0.0068534536
v 0.012111409 0.019842875 -0.0039392601
v 0.012033143 0.019857017 -0.0040144968
v 0.011958251 0.01987083 -0.0040931009
v 0.012131722 0.019623692 0.0013074662
v 0.012478438 0.019556027 0.0017621594
v 0.012412532 0.019568182 0.0016929874
v 0.0086531178 0.02031197 -0.0034829297
v 0.0084728318 0.020334684 -0.0034170483
v 0.0082875989 0.020358763 -0.0033671123
v 0.0080988273 0.020384009 -0.0033335049
v 0.0058374066 0.02083106 -0.0064381832
v 0.0058801816 0.020828575 -0.0065242681
v 0.0059266542 0.020825487 -0.0066084273
v 0.0061341668 0.020692654 -0.0040967092
v 0.0060745706 0.020704144 -0.0041714084
v 0.0060183017 0.020715268 -0.0042486593
v 0.01212898 0.01999226 -0.0076226335
v 0.0093135788 0.02036938 -0.0071355354
v 0.0093824536 0.020356933 -0.0070693269
v 0.014335174 0.019448138 -0.0019746005
v 0.014523628 0.019420193 -0.0019416076
v 0.014333956 0.019504849 -0.0033458346
v 0.014888047 0.019364055 -0.0018269811
v 0.014947006 0.019427595 -0.0035698642
v 0.014708387 0.01939209 -0.0018922773
v 0.014749318 0.019451673 -0.0034774466
v 0.014544449 0.019477493 -0.0034025794
v 0.0059767354 0.020821807 -0.0066905
v 0.0060303301 0.020817536 -0.0067703316
v 0.0060873371 0.020812682 -0.0068477681
v 0.0062628836 0.020668673 -0.003955535
v 0.0061969778 0.020680821 -0.0040247055
v 0.0061476477 0.020807263 -0.0069226611
v 0.0062111467 0.020801284 -0.0069948711
v 0.01414446 0.01947572 -0.0019910024
v 0.014119443 0.019533533 -0.0033076445
v 0.013952937 0.019502731 -0.0019906903
v 0.013902541 0.019563339 -0.0032882982
v 0.013762064 0.01952896 -0.0019736643
v 0.013684902 0.019594034 -0.003287942
v 0.013573292 0.019554206 -0.0019400568
v 0.013468182 0.019625372 -0.0033065807
v 0.013254029 0.019657137 -0.0033440719
v 0.021966554 0.018551688 -0.0063454407
v 0.021976527 0.018546354 -0.0062501216
v 0.022942261 0.018447553 -0.0071583425
v 0.021264032 0.01857211 -0.004436703
v 0.018600162 0.018938141 -0.0041990947
v 0.0184438 0.018964726 -0.0043088338
v 0.018297674 0.018990412 -0.0044318603
v 0.021982335 0.018541589 -0.0061544294
v 0.021983967 0.018537405 -0.0060585496
v 0.0208116 0.018783118 -0.0080064483
v 0.020977006 0.018755841 -0.0079108347
v 0.022579669 0.018562723 -0.0087109588
v 0.021133367 0.018729256 -0.0078010956
v 0.021279494 0.018703563 -0.0076780694
v 0.018313135 0.01912187 -0.0076732264
v 0.018460438 0.01910618 -0.0077967336
v 0.018617849 0.019088513 -0.0079069841
v 0.021911876 0.018571027 -0.0066273622
v 0.021934197 0.01856404 -0.006534242
v 0.021952435 0.01855759 -0.0064402085
v 0.021981421 0.018533807 -0.0059626613
v 0.021974699 0.018530814 -0.0058669483
v 0.021963817 0.018528418 -0.0057715945
v 0.019118419 0.018855056 -0.0039574259
v 0.018938759 0.018883098 -0.00402272
v 0.018765568 0.018910857 -0.0041034833
v 0.016238666 0.019314507 -0.0052470176
v 0.017984217 0.019049451 -0.0047911933
v 0.017846098 0.019162758 -0.007066802
v 0.01789257 0.019159671 -0.0071509611
v 0.018040486 0.019038327 -0.0047139423
v 0.018100083 0.019026837 -0.0046392431
v 0.021820866 0.018595086 -0.0068994918
v 0.021855156 0.018586566 -0.0068101606
v 0.021885511 0.018578539 -0.006719394
v 0.021116729 0.018587802 -0.0043131957
v 0.020959319 0.018605462 -0.0042029476
v 0.020792998 0.018624958 -0.0041067913
v 0.020273989 0.018867016 -0.0082018363
v 0.020458749 0.018838919 -0.0081525037
v 0.020638409 0.018810877 -0.0080872098
v 0.021948794 0.018526625 -0.0056767813
v 0.021929658 0.018525446 -0.0055826866
v 0.021906448 0.018524879 -0.0054894911
v 0.01794265 0.019155991 -0.007233034
v 0.017996245 0.019151719 -0.0073128654
v 0.018053253 0.019146865 -0.0073903021
v 0.016280592 0.019344329 -0.0061137852
v 0.016291925 0.019338263 -0.0060054663
v 0.017595747 0.019160167 -0.0061472684
v 0.018228799 0.019002856 -0.0044980688
v 0.018162894 0.019015004 -0.0045672394
v 0.018113563 0.019141446 -0.007465195
v 0.018177062 0.019135467 -0.0075374051
v 0.017642971 0.019129935 -0.0055756877
v 0.017624733 0.019136383 -0.0056697213
v 0.016297485 0.019324011 -0.0056788081
v 0.017610614 0.019142287 -0.005764489
v 0.01630038 0.019328094 -0.0057877704
v 0.017600641 0.019147621 -0.00585981
v 0.016298525 0.019332847 -0.0058967259
v 0.017594833 0.019152386 -0.0059555004
v 0.017593201 0.01915657 -0.0060513819
v 0.017729184 0.019168391 -0.0068034269
v 0.017764327 0.019167118 -0.0068928685
v 0.016218458 0.019366304 -0.0064341495
v 0.01878417 0.019069017 -0.0080031385
v 0.018958135 0.019047822 -0.0080844661
v 0.01913842 0.019025108 -0.0081503493
v 0.017602469 0.01916316 -0.0062429814
v 0.017613351 0.019165557 -0.0063383353
v 0.016264548 0.019351031 -0.0062214735
v 0.017628374 0.019167349 -0.0064331484
v 0.016243824 0.019358362 -0.0063283311
v 0.022794566 0.018500729 -0.0079427207
v 0.021740755 0.01861355 -0.0070731595
v 0.021782709 0.018604087 -0.0069872135
v 0.017665292 0.019122948 -0.0054825675
v 0.016289848 0.019320603 -0.0055700444
v 0.017691657 0.019115435 -0.0053905358
v 0.016277482 0.019317884 -0.0054616863
v 0.017722012 0.019107408 -0.0052997691
v 0.016188499 0.019374841 -0.0065387316
v 0.021592951 0.018644524 -0.0073187364
v 0.021645786 0.018633793 -0.0072390796
v 0.021695085 0.018623461 -0.0071571693
v 0.021879205 0.018524926 -0.0053973719
v 0.021847983 0.018525584 -0.0053065045
v 0.021812841 0.018526854 -0.0052170612
v 0.021773846 0.018528737 -0.0051292124
v 0.017756301 0.019098888 -0.0052104397
v 0.01626041 0.019315848 -0.0053539438
v 0.017794459 0.019089888 -0.0051227181
v 0.017931382 0.01906019 -0.0048708498
v 0.017882083 0.019070522 -0.0049527601
v 0.017836413 0.019080425 -0.0050367703
v 0.01764751 0.019168529 -0.0065272431
v 0.01767072 0.019169095 -0.0066204386
v 0.017697963 0.019169049 -0.0067125597
v 0.019703298 0.01894956 -0.0082509169
v 0.019894821 0.018922549 -0.0082512305
v 0.020085535 0.018894968 -0.008234827
v 0.021536682 0.018655655 -0.0073959871
v 0.021477085 0.018667136 -0.0074706867
v 0.021731071 0.018531224 -0.0050431274
v 0.021684598 0.018534304 -0.0049589685
v 0.021634517 0.018537992 -0.0048768954
v 0.021580922 0.018542256 -0.0047970642
v 0.019303179 0.018826959 -0.0039080954
v 0.019491633 0.018799007 -0.0038751028
v 0.019682346 0.018771425 -0.003858701
v 0.019873869 0.018744422 -0.0038590125
v 0.020064743 0.018718193 -0.0038760387
v 0.020253514 0.018692946 -0.0039096463
v 0.020438748 0.018668867 -0.0039595823
v 0.020619033 0.018646153 -0.0040254635
v 0.019323653 0.019001029 -0.0082002833
v 0.019512425 0.018975782 -0.0082338928
v 0.021348369 0.018691116 -0.0076118609
v 0.021414274 0.018678971 -0.0075426903
v 0.021523915 0.018547109 -0.0047196277
v 0.021463605 0.018552529 -0.0046447348
v 0.021400106 0.018558507 -0.0045725246
v 0.015156107 0.019576319 -0.0078926395
v 0.015333789 0.019546107 -0.0077679393
v 0.015499843 0.019516917 -0.0076281357
v 0.014567178 0.019670726 -0.0081672647
v 0.014771336 0.019638867 -0.0080930666
v 0.014968145 0.019607311 -0.0080012926
v 0.017803323 0.019165245 -0.006980717
v 0.016115887 0.019393437 -0.0067413118
v 0.016115038 0.019393642 -0.0067433872
v 0.016071677 0.019403874 -0.0068430703
v 0.015916082 0.019437625 -0.0071292836
v 0.015972105 0.019425882 -0.0070362034
v 0.016024002 0.019414623 -0.0069407384
v 0.015724377 0.019475519 -0.0073924729
v 0.015792102 0.019462469 -0.0073075871
v 0.015856043 0.019449829 -0.0072198015
v 0.01557811 0.019502774 -0.0075528988
v 0.015653002 0.019488968 -0.0074742946
v 0.015766781 0.019654228 -0.011872124
v 0.015768413 0.019650044 -0.011776242
v 0.015765866 0.019646454 -0.011680354
v 0.014596046 0.019895757 -0.013724141
v 0.014761452 0.01986848 -0.013628527
v 0.014917813 0.019841896 -0.013518791
v 0.01506394 0.019816209 -0.013395763
v 0.012228246 0.020077365 -0.010026527
v 0.012082119 0.020103051 -0.010149553
v 0.015736881 0.019670229 -0.012157901
v 0.015751 0.019664333 -0.012063135
v 0.015760973 0.019658992 -0.011967814
v 0.015048478 0.019684749 -0.010154396
v 0.014901176 0.019700441 -0.01003089
v 0.015759145 0.019643453 -0.011584643
v 0.015748262 0.019641057 -0.011489289
v 0.015733239 0.019639272 -0.011394474
v 0.011379279 0.020265032 -0.011673195
v 0.011377647 0.020269216 -0.011769075
v 0.015669957 0.019691186 -0.012437088
v 0.015696322 0.019683671 -0.012345057
v 0.015718643 0.019676679 -0.012251935
v 0.012902865 0.0199677 -0.0096751204
v 0.012723206 0.019995737 -0.0097404147
v 0.012550013 0.020023503 -0.0098211756
v 0.012384607 0.02005078 -0.0099167892
v 0.011409179 0.02024903 -0.011387416
v 0.01139506 0.020254926 -0.011482182
v 0.011385087 0.020260268 -0.011577503
v 0.015714104 0.019638092 -0.011300379
v 0.015690893 0.019637526 -0.011207183
v 0.012244884 0.020218819 -0.013514426
v 0.012402295 0.020201157 -0.013624677
v 0.012568616 0.020181656 -0.013720831
v 0.012742581 0.020160468 -0.01380216
v 0.015567154 0.019716726 -0.012704906
v 0.015605312 0.019707725 -0.012617185
v 0.015639601 0.019699213 -0.012527855
v 0.015663651 0.019637565 -0.011115065
v 0.015632428 0.019638223 -0.011024197
v 0.015597287 0.019639493 -0.010934754
v 0.011476103 0.020228073 -0.011108229
v 0.011449738 0.020235587 -0.01120026
v 0.011427416 0.020242581 -0.011293382
v 0.011380194 0.020272804 -0.011864963
v 0.011386914 0.020275807 -0.011960674
v 0.0036454997 0.02169882 -0.01998504
v 0.011397797 0.020278203 -0.012056028
v 0.013869981 0.020007607 -0.013952521
v 0.014058435 0.019979662 -0.013919529
v 0.014243195 0.019951558 -0.013870198
v 0.014422854 0.019923524 -0.013804902
v 0.01141282 0.020279988 -0.012150843
v 0.011431956 0.020281168 -0.012244938
v 0.011455166 0.020281742 -0.012338133
v 0.015430232 0.019746432 -0.012956774
v 0.015479531 0.019736099 -0.012874862
v 0.0155252 0.019726189 -0.012790854
v 0.015558291 0.019641376 -0.010846907
v 0.015515517 0.019643863 -0.010760822
v 0.015469045 0.019646949 -0.010676661
v 0.011578906 0.020202534 -0.010840411
v 0.011540748 0.020211533 -0.010928132
v 0.011506458 0.020220055 -0.011017462
v 0.014743765 0.019718101 -0.0099206404
v 0.014577444 0.019737604 -0.0098244854
v 0.014403479 0.019758792 -0.0097431584
v 0.014357223 0.019702662 -0.0082233237
v 0.014223194 0.019781513 -0.0096772748
v 0.01403796 0.019805585 -0.0096273393
v 0.012922866 0.020137747 -0.013868043
v 0.0131081 0.020113675 -0.013917978
v 0.013296871 0.020088429 -0.013951585
v 0.011482409 0.020281695 -0.012430252
v 0.011513631 0.020281037 -0.01252112
v 0.011548773 0.020279765 -0.012610563
v 0.015261532 0.019779782 -0.013188379
v 0.015321128 0.019768292 -0.013113682
v 0.015377397 0.01975717 -0.013036431
v 0.015418963 0.019650631 -0.010594588
v 0.015365368 0.019654902 -0.010514759
v 0.015308361 0.019659749 -0.010437322
v 0.013066803 0.019882306 -0.0081648161
v 0.013276079 0.019911653 -0.0095927951
v 0.013087625 0.019939598 -0.0096257882
v 0.011715828 0.020172829 -0.010588544
v 0.011666529 0.020183161 -0.010670455
v 0.011620859 0.020193071 -0.010754463
v 0.013487744 0.020062199 -0.013968611
v 0.013679267 0.020035188 -0.013968924
v 0.015248051 0.019665175 -0.010362427
v 0.015184552 0.019671154 -0.010290217
v 0.011587768 0.020277882 -0.01269841
v 0.011630543 0.020275397 -0.012784497
v 0.011677014 0.02027231 -0.012868656
v 0.015132815 0.019803763 -0.013329555
v 0.01519872 0.01979161 -0.013260383
v 0.013277296 0.019854943 -0.0082215612
v 0.01349181 0.019826258 -0.0082597513
v 0.013466793 0.019884072 -0.0095763934
v 0.011884528 0.020139476 -0.010356938
v 0.011824932 0.020150966 -0.010431635
v 0.011768662 0.020162088 -0.010508886
v 0.011727097 0.02026863 -0.012950729
v 0.011780692 0.020264358 -0.013030559
v 0.011837698 0.020259512 -0.013107994
v 0.012013245 0.020115495 -0.010215762
v 0.011947339 0.020127651 -0.010284934
v 0.011898009 0.020254085 -0.01318289
v 0.011961508 0.020248104 -0.013255099
v 0.012097582 0.020234509 -0.013390921
v 0.013658315 0.019857061 -0.0095767073
v 0.013708711 0.019796451 -0.0082790976
v 0.013849189 0.019830831 -0.0095937317
v 0.01392635 0.019765757 -0.0082794538
v 0.014143071 0.019734419 -0.0082608151
v 0.020570183 0.018986594 -0.012115603
v 0.020002351 0.019089707 -0.012673532
v 0.01938819 0.019197234 -0.013179956
v 0.021955182 0.01871123 -0.010176201
v 0.021550263 0.018796645 -0.010862252
v 0.021087442 0.018888664 -0.011510334
v 0.022299175 0.018633063 -0.0094573129
v 0.0030250202 -0.017743562 -0.021803229
v 0.0044399813 -0.019445279 0.014629614
v 0.022466784 -0.016600567 -0.0068524349
v 0.022392319 -0.016511008 -0.008769839
v 0.0055272901 -0.017494955 -0.021888799
v 0.022244182 -0.016485794 -0.0095555063
v 0.022382812 -0.01664791 -0.0060772515
v 0.02202859 -0.016467942 -0.010325779
v 0.02223352 -0.016701118 -0.0053121868
v 0.021747154 -0.016457584 -0.011074898
v 0.0072538911 -0.018992314 0.011099806
v 0.0070512232 -0.019069536 0.012237144
v 0.0069470878 -0.019137822 0.013388043
v 0.0069422512 -0.019196672 0.014544044
v 0.022019974 -0.016759816 -0.0045626909
v 0.021401975 -0.016454806 -0.011797262
v 0.021743693 -0.01682358 -0.003834112
v 0.017472228 -0.016642066 -0.015686009
v 0.013040425 -0.018006926 0.0027734866
v 0.020995636 -0.016459619 -0.012487471
v 0.014036396 -0.017880029 0.0021860867
v 0.0090094972 -0.018606334 0.006850519
v 0.0084346434 -0.018713025 0.0078519104
v 0.007948154 -0.0188134 0.0088991003
v 0.0075536025 -0.018906725 0.0099843911
v 0.015079548 -0.017752942 0.0016861387
v 0.016162214 -0.017626602 0.0012773172
v 0.016892953 -0.017541357 0.0010019299
v 0.017597512 -0.017455607 0.00066595464
v 0.018270868 -0.017369964 0.00027178428
v 0.018908223 -0.017285039 -0.0001777693
v 0.019505031 -0.017201437 -0.00067950146
v 0.020057038 -0.017119759 -0.0012298346
v 0.021011249 -0.016964465 -0.0024602909
v 0.021406652 -0.016891959 -0.0031316437
v 0.020531173 -0.016471989 -0.013140366
v 0.012098958 -0.018132698 0.0034440197
v 0.011218916 -0.018256424 0.004192756
v 0.010406769 -0.018377192 0.0050141927
v 0.0096684872 -0.018494116 0.0059022895
v 0.020560307 -0.017040579 -0.0018248467
v 0.020012062 -0.01649183 -0.013751064
v 0.019442179 -0.016518987 -0.014314999
v 0.018825789 -0.016553256 -0.014827958
v 0.018167499 -0.016594387 -0.015286102
v 0.016217988 -0.014081236 0.0014407491
v 0.015137276 -0.014083344 0.0018552966
v 0.014096014 -0.014090266 0.0023607849
v 0.013101855 -0.014101949 0.0029534957
v 0.01216211 -0.014118308 0.0036290718
v 0.011283685 -0.014139222 0.0043825482
v 0.01047304 -0.014164539 0.0052083847
v 0.0097361325 -0.01419407 0.0061005103
v 0.0090783802 -0.014227602 0.0070523671
v 0.0085046185 -0.014264884 0.0080569574
v 0.0080190669 -0.014305645 0.0091068958
v 0.0076252922 -0.014349585 0.010194463
v 0.007326191 -0.01439638 0.011311666
v 0.0071239624 -0.014445686 0.012450292
v 0.0070200917 -0.014497141 0.013601966
v 0.0070153436 -0.014550367 0.014758227
v 0.017524498 -0.013319352 -0.01553284
v 0.018218559 -0.013348542 -0.015136478
v 0.018875711 -0.013379844 -0.014681672
v 0.019491041 -0.013413028 -0.014171822
v 0.020059947 -0.013447841 -0.013610744
v 0.020578179 -0.013484027 -0.013002629
v 0.021041859 -0.013521312 -0.012352023
v 0.021447522 -0.013559419 -0.011663792
v 0.021792138 -0.013598063 -0.010943082
v 0.022073125 -0.013636955 -0.010195278
v 0.022288388 -0.013675805 -0.0094259734
v 0.022436313 -0.01371432 -0.0086409191
v 0.0056003825 -0.01284865 -0.021674616
v 0.022510781 -0.013803879 -0.006723515
v 0.022427012 -0.013838322 -0.0059477372
v 0.022278038 -0.013871289 -0.0051817392
v 0.022064922 -0.013902545 -0.0044309783
v 0.021789185 -0.013931866 -0.0037008119
v 0.02145279 -0.013959044 -0.0029964437
v 0.021058137 -0.013983884 -0.0023228941
v 0.020608041 -0.01400621 -0.0016849702
v 0.020105708 -0.014025863 -0.0010872143
v 0.019554723 -0.014042702 -0.00053389214
v 0.018959011 -0.014056607 -2.8947038e-05
v 0.018322821 -0.01406748 0.00042401988
v 0.017650689 -0.014075242 0.00082177981
v 0.016947406 -0.014079838 0.0011614967
v 0.0057105249 -0.012981114 -0.018838636
v 0.0061724771 0.016384071 -0.01748498
v 0.0060333337 0.00011358232 0.010070024
v 0.0060340006 0.00020812704 0.010053606
v 0.0060350101 0.00030374224 0.010045484
v 0.0060363542 0.00039969423 0.01004572
v 0.0060380227 0.000495256 0.010054311
v 0.0060400033 0.00058969947 0.010071195
v 0.0060422805 0.00068231127 0.01009624
v 0.0060448372 0.00077237676 0.010129257
v 0.0060476539 0.00085921777 0.010169996
v 0.0060507091 0.00094217032 0.010218143
v 0.0060539796 0.0010206063 0.010273335
v 0.0060574405 0.0010939225 0.010335153
v 0.0060610655 0.0011615706 0.010403122
v 0.0060648269 0.0012230265 0.010476728
v 0.0060686961 0.0012778241 0.01055541
v 0.0060726438 0.0013255514 0.010638569
v 0.0060766398 0.0013658391 0.010725573
v 0.0060806537 0.0013983861 0.010815758
v 0.006084655 0.0014229411 0.01090844
v 0.0060886134 0.0014393207 0.011002911
v 0.0060924983 0.0014473947 0.011098454
v 0.0060962807 0.0014471072 0.011194341
v 0.0060999316 0.0014384551 0.011289846
v 0.006103423 0.0014215098 0.011384235
v 0.0061067285 0.0013963942 0.011476794
v 0.006109823 0.0013633054 0.011566818
v 0.0061126829 0.0013224915 0.011653622
v 0.0061152865 0.0012742668 0.011736546
v 0.0061176139 0.0012189928 0.011814957
v 0.0061196473 0.0011570962 0.011888259
v 0.0061213712 0.0010890432 0.011955894
v 0.0061227728 0.00101535 0.012017348
v 0.0061238413 0.00093658648 0.012072154
v 0.0061245683 0.00085334278 0.012119894
v 0.0061249487 0.0007662585 0.012160205
v 0.0061249792 0.0006759932 0.012192778
v 0.0061246599 0.00058323698 0.012217368
v 0.006123993 0.00048868853 0.012233786
v 0.0061229836 0.00039307699 0.012241908
v 0.0061216394 0.00029712508 0.012241671
v 0.0061199709 0.00020156332 0.01223308
v 0.0061179902 0.00010711613 0.012216196
v 0.0061157131 1.4508052e-05 0.01219115
v 0.0061131564 -7.5561159e-05 0.012158133
v 0.0061103397 -0.00016239843 0.012117395
v 0.0061072844 -0.00024535475 0.012069247
v 0.006104014 -0.00032378689 0.012014055
v 0.0061005531 -0.00039710698 0.011952239
v 0.0060969281 -0.00046475122 0.011884268
v 0.0060931667 -0.00052620719 0.011810663
v 0.0060892974 -0.00058100854 0.011731981
v 0.0060853498 -0.00062873204 0.011648821
v 0.0060813539 -0.00066902352 0.011561819
v 0.0060773398 -0.0007015704 0.011471632
v 0.0060733385 -0.00072612549 0.011378951
v 0.0060693802 -0.0007425015 0.011284479
v 0.0060654952 -0.00075057893 0.011188937
v 0.0060617129 -0.00075028777 0.011093049
v 0.0060580621 -0.00074163958 0.010997547
v 0.0060545706 -0.00072469051 0.010903156
v 0.0060512651 -0.00069957855 0.010810596
v 0.0060481705 -0.00066648968 0.010720573
v 0.0060453107 -0.00062567582 0.010633769
v 0.0060427072 -0.00057744754 0.010550847
v 0.0060403798 -0.00052217731 0.010472435
v 0.0060383464 -0.000460277 0.010399133
v 0.0060366224 -0.0003922239 0.010331497
v 0.0060352207 -0.00031853442 0.010270042
v 0.0060341523 -0.00023976716 0.010215236
v 0.0060334252 -0.00015652713 0.010167496
v 0.006033045 -6.9439206e-05 0.010127188
v 0.0060330143 2.0822396e-05 0.010094613
v 0.012885009 0.015464982 0.00016229321
v 0.012901212 0.015460372 0.00025676566
v 0.015051083 0.015448071 -0.00021003513
v 0.015026699 0.015452727 -0.00030273077
v 0.015611755 0.015625018 -0.0042399213
v 0.01221223 0.015667003 -0.0039906094
v 0.012390253 0.015658409 -0.0038649106
v 0.0133897 0.015506279 -0.00090581146
v 0.012578576 0.015650389 -0.0037551987
v 0.013473027 0.015507162 -0.00095339833
v 0.014562596 0.015402163 0.00095254105
v 0.0070890618 0.015281732 0.0061155167
v 0.014479268 0.01540128 0.0010001284
v 0.014392111 0.0154008 0.0010402822
v 0.013650506 0.015507716 -0.0010259664
v 0.012775766 0.015643004 -0.0036623105
v 0.01298032 0.015636313 -0.0035869522
v 0.013229164 0.015428769 0.00083043876
v 0.013302366 0.015424762 0.00089235913
v 0.013827297 0.01540637 0.0011121966
v 0.013922841 0.015404464 0.0011209452
v 0.01401879 0.015402937 0.0011213413
v 0.014114416 0.015401799 0.0011133803
v 0.014208989 0.015401061 0.0010971245
v 0.014301789 0.015400727 0.0010726961
v 0.014571599 0.015487462 -0.00090093558
v 0.014649929 0.01548368 -0.00084562864
v 0.014723132 0.015479674 -0.00078370774
v 0.013560184 0.015507642 -0.00099355262
v 0.012081204 0.015674076 -0.0040993103
v 0.013310835 0.015505 -0.00085115161
v 0.013237034 0.015503335 -0.00078983695
v 0.012925596 0.015455716 0.0003494613
v 0.012957975 0.015451048 0.00043967551
v 0.0053266132 0.015362537 0.004964052
v 0.013380697 0.015420981 0.00094766611
v 0.013463559 0.015417452 0.00099593925
v 0.013550322 0.015414203 0.0010368096
v 0.013640326 0.015411259 0.0010699683
v 0.013732886 0.015408641 0.0010951607
v 0.0077881433 0.014968806 0.012665324
v 0.0075859146 0.0149195 0.013803948
v 0.007482044 0.014868045 0.014955624
v 0.0074772959 0.014814819 0.016111883
v 0.014900885 0.015412282 0.00061758873
v 0.014949263 0.015415338 0.00053476946
v 0.014990236 0.015418691 0.0004480578
v 0.015023489 0.015422314 0.00035811424
v 0.015074719 0.015434521 7.5827555e-05
v 0.015075185 0.015438932 -2.0033843e-05
v 0.015067286 0.01544346 -0.0001155622
v 0.01431197 0.015497184 -0.0010232387
v 0.015076388 0.015615642 -0.0038538304
v 0.014401974 0.015494239 -0.00099008003
v 0.015255626 0.015618548 -0.0039780565
v 0.015423355 0.015622334 -0.0041174079
v 0.014488737 0.015490991 -0.00094920916
v 0.013190683 0.015630365 -0.0035296954
v 0.013405254 0.015625204 -0.0034909778
v 0.013743307 0.015507382 -0.0010503949
v 0.013622399 0.015620871 -0.0034710942
v 0.013168858 0.015501295 -0.00072233373
v 0.013106826 0.015498898 -0.00064915582
v 0.01305141 0.015496161 -0.0005708591
v 0.013003032 0.015493104 -0.00048803987
v 0.01296206 0.015489752 -0.00040132727
v 0.012928806 0.015486128 -0.00031138323
v 0.012903523 0.015482263 -0.00021889205
v 0.012998103 0.015446404 0.00052672174
v 0.013045675 0.015441819 0.00060993709
v 0.0061857862 0.01532093 0.0055734511
v 0.013100328 0.015437329 0.00068868774
v 0.013161647 0.015432968 0.00076237559
v 0.011745638 0.015225964 0.005736205
v 0.010934992 0.015200647 0.0065620416
v 0.014715261 0.015405108 0.00083656797
v 0.014783437 0.015407147 0.00076906469
v 0.014845469 0.015409544 0.00069588634
v 0.015048773 0.01542618 0.00026562308
v 0.015065893 0.01543026 0.00017128832
v 0.01499432 0.015457395 -0.00039294495
v 0.014954192 0.015462039 -0.00047999121
v 0.014906621 0.015466623 -0.00056320753
v 0.014851968 0.015471113 -0.00064195814
v 0.014790649 0.015475475 -0.00071564506
v 0.014057796 0.015614815 -0.0034882869
v 0.014124999 0.015502072 -0.001065467
v 0.014029455 0.015503979 -0.0010742147
v 0.012886403 0.015478183 -0.00012455779
v 0.012877576 0.015473921 -2.9096572e-05
v 0.01287711 0.01546951 6.6762533e-05
v 0.010198085 0.015171114 0.0074541671
v 0.0095403326 0.015137584 0.008406024
v 0.0089665707 0.015100302 0.0094106142
v 0.013840466 0.0156174 -0.0034701956
v 0.013933505 0.015505506 -0.0010746117
v 0.01383788 0.015506643 -0.0010666498
v 0.013563808 0.015263236 0.0043071525
v 0.012624062 0.015246878 0.0049827287
v 0.008481019 0.015059541 0.010460552
v 0.0080872445 0.015015601 0.011548121
v 0.014272735 0.015613137 -0.0035252322
v 0.014483646 0.015612378 -0.003580751
v 0.01421941 0.015499802 -0.0010484307
v 0.014688924 0.015612544 -0.0036544203
v 0.014887007 0.015613635 -0.0037456777
v 0.01464146 0.015403442 0.00089788214
v 0.015599228 0.015281841 0.0032089535
v 0.014557966 0.01527492 0.0037144417
v 0.019402478 0.0156076 -0.0051557085
v 0.019495038 0.015604982 -0.0051305163
v 0.018687749 0.015652057 -0.0058762145
v 0.016048296 0.015653205 -0.0050003837
v 0.016123874 0.015661439 -0.0052048011
v 0.020063941 0.015597068 -0.0051529807
v 0.019971141 0.015597402 -0.0051285524
v 0.019876568 0.01559814 -0.0051122956
v 0.016181336 0.015670226 -0.0054150092
v 0.016220245 0.015679496 -0.0056294062
v 0.018663365 0.015656713 -0.0059689119
v 0.018813563 0.015692502 -0.0067965349
v 0.018765185 0.015689445 -0.0067137158
v 0.015475966 0.015789749 -0.0077671581
v 0.018724212 0.015686092 -0.0066270051
v 0.015594691 0.015782258 -0.007645164
v 0.018760256 0.015642745 -0.0056989541
v 0.018807827 0.015638161 -0.0056157397
v 0.01886248 0.01563367 -0.0055369891
v 0.018923799 0.015629309 -0.005463302
v 0.019589449 0.015602712 -0.0051134804
v 0.019684993 0.015600805 -0.0051047307
v 0.019780943 0.015599278 -0.0051043354
v 0.020154264 0.015597142 -0.0051853945
v 0.02024142 0.015597621 -0.0052255486
v 0.020324748 0.015598504 -0.0052731358
v 0.019072987 0.015701341 -0.0070768292
v 0.019151852 0.015702621 -0.0071314873
v 0.01923518 0.015703503 -0.0071790745
v 0.018665675 0.015678603 -0.0064445701
v 0.018648555 0.015674524 -0.0063502338
v 0.016131169 0.015730559 -0.0067067233
v 0.015845228 0.015638638 -0.0046150874
v 0.015955178 0.015645585 -0.0048033121
v 0.019412659 0.015704056 -0.0072516424
v 0.019322336 0.015703983 -0.0072192286
v 0.018647161 0.015661323 -0.0060633847
v 0.016240305 0.015689182 -0.0058463641
v 0.018639263 0.015665851 -0.0061589136
v 0.016241364 0.015699208 -0.0060642271
v 0.018639728 0.015670263 -0.0062547745
v 0.016223412 0.015709499 -0.0062813411
v 0.016186587 0.015719976 -0.0064960509
v 0.0155783 0.015626968 -0.0042708234
v 0.015610383 0.015628092 -0.0043061569
v 0.015719282 0.015632417 -0.0044371391
v 0.021503811 0.015843874 -0.010998366
v 0.020074122 0.015693525 -0.0072489146
v 0.02104013 0.015881159 -0.011648972
v 0.019981562 0.015696142 -0.0072741068
v 0.020521899 0.015917345 -0.012257087
v 0.019887151 0.015698412 -0.0072911427
v 0.019952993 0.015952158 -0.012818165
v 0.019791607 0.015700319 -0.0072998923
v 0.019337664 0.015985341 -0.013328015
v 0.019695657 0.015701847 -0.0073002876
v 0.018680512 0.016016644 -0.013782821
v 0.019600033 0.015702984 -0.0072923276
v 0.019505459 0.015703723 -0.0072760707
v 0.01605758 0.015741168 -0.0069117566
v 0.015966379 0.015751723 -0.0071095883
v 0.018690959 0.01568247 -0.0065370612
v 0.015858262 0.015762142 -0.0072987136
v 0.015734051 0.015772346 -0.007477692
v 0.018720128 0.015647388 -0.0057860004
v 0.018991316 0.015625109 -0.0053952374
v 0.019064519 0.015621104 -0.0053333168
v 0.019142849 0.015617322 -0.0052780098
v 0.019225711 0.015613793 -0.0052297378
v 0.019312474 0.015610544 -0.005188867
v 0.020403613 0.015599783 -0.0053277939
v 0.020477413 0.015601449 -0.0053891081
v 0.02054559 0.015603488 -0.0054566114
v 0.020607621 0.015605886 -0.0055297916
v 0.020663037 0.015608623 -0.0056080882
v 0.020711415 0.01561168 -0.0056909072
v 0.020752388 0.015615032 -0.005777618
v 0.018999187 0.015699676 -0.007015515
v 0.01893101 0.015697637 -0.0069480117
v 0.018868979 0.01569524 -0.0068748315
v 0.020785642 0.015618655 -0.0058675619
v 0.020810926 0.015622521 -0.0059600531
v 0.020828045 0.0156266 -0.0060543893
v 0.020836872 0.015630862 -0.0061498505
v 0.020837338 0.015635274 -0.0062457096
v 0.022898266 0.015650866 -0.0072872624
v 0.020829438 0.015639802 -0.0063412402
v 0.020813236 0.015644411 -0.0064357112
v 0.020788851 0.015649068 -0.0065284086
v 0.020756472 0.015653736 -0.0066186227
v 0.022750339 0.015689381 -0.0080723165
v 0.020716345 0.01565838 -0.006705669
v 0.020668773 0.015662964 -0.0067888833
v 0.02061412 0.015667454 -0.006867634
v 0.022535078 0.015728231 -0.0088416212
v 0.020552801 0.015671815 -0.0069413211
v 0.020485284 0.015676015 -0.0070093857
v 0.02225409 0.015767122 -0.0095894253
v 0.020412082 0.015680021 -0.0070713063
v 0.020333751 0.015683803 -0.0071266134
v 0.021909475 0.015805766 -0.010310135
v 0.020250889 0.015687331 -0.0071748853
v 0.020164126 0.015690581 -0.007215756
v 0.014585891 0.016007538 -0.012187956
v 0.014561507 0.016012195 -0.012280652
v 0.014023544 0.016050459 -0.01292713
v 0.013936781 0.016053708 -0.012968001
v 0.013846777 0.016056653 -0.01300116
v 0.013754217 0.016059269 -0.013026352
v 0.013659806 0.01606154 -0.013043388
v 0.013564262 0.016063446 -0.013052136
v 0.013468312 0.016064974 -0.013052533
v 0.013372687 0.016066111 -0.013044571
v 0.013278114 0.01606685 -0.013028316
v 0.013185314 0.016067184 -0.013003888
v 0.013094991 0.01606711 -0.012971474
v 0.013007834 0.016066631 -0.012931319
v 0.006659058 0.01584131 -0.0058768012
v 0.0066502309 0.015837049 -0.0057813419
v 0.014257939 0.016039143 -0.012761629
v 0.014184737 0.016043149 -0.01282355
v 0.014106406 0.01604693 -0.012878857
v 0.014609527 0.015993989 -0.011902094
v 0.014609992 0.015998401 -0.011997954
v 0.014602093 0.016002929 -0.012093483
v 0.012924506 0.016065748 -0.012883733
v 0.012845643 0.016064469 -0.012829073
v 0.012771841 0.016062803 -0.012767758
v 0.012411917 0.016028978 -0.011911159
v 0.008261392 0.015854118 -0.0067014528
v 0.0081746287 0.015857367 -0.0067423235
v 0.0072456826 0.015870289 -0.0067056418
v 0.0071623548 0.015869407 -0.0066580547
v 0.014529127 0.016016863 -0.012370866
v 0.014489 0.016021507 -0.012457912
v 0.014441428 0.016026091 -0.012541129
v 0.014386775 0.016030581 -0.012619879
v 0.014325456 0.016034943 -0.012693566
v 0.004504729 0.016350983 -0.016198066
v 0.012496868 0.01604922 -0.012379248
v 0.012463613 0.016045596 -0.012289304
v 0.01243833 0.016041731 -0.012196813
v 0.013743796 0.015960529 -0.010880796
v 0.014081849 0.015842707 -0.0084402128
v 0.013864704 0.015847039 -0.0084600962
v 0.014558297 0.015981783 -0.011619807
v 0.01458358 0.015985649 -0.011712298
v 0.0146007 0.015989727 -0.011806633
v 0.00780211 0.015867105 -0.0068264598
v 0.0077061603 0.015868633 -0.0068268551
v 0.0076105353 0.015869771 -0.006818895
v 0.0075159621 0.015870509 -0.0068026382
v 0.012703665 0.016060764 -0.012700255
v 0.012641634 0.016058366 -0.012627076
v 0.0053140081 0.016369382 -0.016873348
v 0.012586217 0.016055629 -0.01254878
v 0.01253784 0.016052572 -0.012465961
v 0.01242121 0.016037652 -0.012102479
v 0.012412383 0.01603339 -0.012007018
v 0.0066497658 0.015832638 -0.0056854809
v 0.006657664 0.01582811 -0.0055899521
v 0.0066738676 0.015823499 -0.0054954794
v 0.0066982508 0.015818843 -0.0054027819
v 0.0067306305 0.015814175 -0.0053125677
v 0.0067707583 0.015809531 -0.0052255215
v 0.0074129806 0.015774386 -0.0046822759
v 0.0075055402 0.015771768 -0.0046570837
v 0.013429306 0.015853096 -0.0084429037
v 0.013362104 0.015965839 -0.010865724
v 0.013457648 0.015963933 -0.010856976
v 0.014435693 0.01597175 -0.011360331
v 0.01448407 0.015974807 -0.011443153
v 0.014525043 0.01597816 -0.011529863
v 0.012419816 0.01602445 -0.011815628
v 0.01243602 0.016019841 -0.011721155
v 0.012460404 0.016015184 -0.01162846
v 0.0070834897 0.015868127 -0.0066033967
v 0.0070096891 0.015866463 -0.0065420824
v 0.0069415135 0.015864423 -0.006474579
v 0.0077914457 0.015766064 -0.0046309029
v 0.0078870708 0.015764927 -0.0046388629
v 0.007981643 0.015764188 -0.0046551197
v 0.0080744441 0.015763854 -0.0046795481
v 0.013646636 0.015850512 -0.008460995
v 0.013553598 0.015962405 -0.010856581
v 0.013649223 0.015961268 -0.010864541
v 0.015441242 0.015791803 -0.0077998534
v 0.014318245 0.015966615 -0.011208856
v 0.014380277 0.015969012 -0.011282035
v 0.012492782 0.016010516 -0.011538246
v 0.012532911 0.016005872 -0.011451199
v 0.012580483 0.016001288 -0.011367985
v 0.0080846245 0.015860311 -0.006775482
v 0.0079920649 0.015862929 -0.0068006742
v 0.0078976534 0.0158652 -0.00681771
v 0.007423161 0.015870842 -0.0067782098
v 0.0073328387 0.01587077 -0.0067457959
v 0.0068794809 0.015862026 -0.0064013989
v 0.0068240652 0.015859288 -0.0063231023
v 0.006775687 0.015856231 -0.0062402832
v 0.0067347151 0.015852879 -0.0061535725
v 0.0067014612 0.015849256 -0.0060636287
v 0.0066761773 0.01584539 -0.0059711375
v 0.0068183297 0.015804947 -0.0051423071
v 0.0068729829 0.015800457 -0.0050635564
v 0.0069343012 0.015796095 -0.0049898694
v 0.0070018194 0.015791895 -0.0049218048
v 0.0070750215 0.01578789 -0.0048598842
v 0.0071533514 0.015784108 -0.0048045771
v 0.007236214 0.015780579 -0.0047563052
v 0.0073229774 0.015777331 -0.0047154345
v 0.0075999517 0.015769498 -0.0046400477
v 0.0076954961 0.015767592 -0.0046312981
v 0.0081647665 0.015763928 -0.0047119619
v 0.0082519234 0.015764407 -0.0047521161
v 0.0083352513 0.01576529 -0.0047997032
v 0.0084141154 0.015766569 -0.0048543613
v 0.008487917 0.015768235 -0.0049156756
v 0.0085560926 0.015770274 -0.0049831788
v 0.0086181243 0.015772672 -0.005056359
v 0.0086735399 0.015775409 -0.0051346556
v 0.0087219181 0.015778466 -0.0052174746
v 0.013085129 0.015973671 -0.010941111
v 0.013175134 0.015970727 -0.010907954
v 0.012600096 0.015854275 -0.0081855127
v 0.013267693 0.01596811 -0.010882759
v 0.012231477 0.015849362 -0.0079531342
v 0.012063748 0.015845578 -0.0078137844
v 0.012998366 0.015976921 -0.010981981
v 0.011908802 0.015840942 -0.007660367
v 0.011767821 0.015835494 -0.0074940513
v 0.015274873 0.015800907 -0.007940583
v 0.015096849 0.015809502 -0.0080662798
v 0.014250069 0.015964576 -0.011141353
v 0.014176268 0.015962911 -0.011080039
v 0.0084225846 0.015846808 -0.0065978737
v 0.0083442538 0.015850589 -0.0066531808
v 0.012696454 0.015992437 -0.011215546
v 0.012635135 0.015996798 -0.011289232
v 0.0088237384 0.015811197 -0.0059622786
v 0.0087993543 0.015815855 -0.0060549759
v 0.011266858 0.015788414 -0.0063017843
v 0.0086792754 0.015829751 -0.0063154507
v 0.0086246223 0.01583424 -0.0063942015
v 0.012410714 0.01585227 -0.0080773601
v 0.011641875 0.015829272 -0.0073161031
v 0.011531925 0.015822325 -0.0071278784
v 0.011438807 0.015814706 -0.0069308068
v 0.014908526 0.015817522 -0.0081759919
v 0.014014076 0.015960749 -0.010977792
v 0.014097403 0.015961631 -0.011025379
v 0.013836596 0.015960196 -0.010905224
v 0.014506783 0.015831598 -0.0083442383
v 0.01429642 0.015837547 -0.008401495
v 0.014711338 0.015824906 -0.00826888
v 0.013926919 0.015960269 -0.01093764
v 0.0087961449 0.015785442 -0.0053941293
v 0.011753052 0.015695565 -0.0044534986
v 0.0087628901 0.015781818 -0.0053041854
v 0.011892413 0.015685653 -0.0042860264
v 0.012045861 0.015676108 -0.0041313369
v 0.013214368 0.015854775 -0.0084059583
v 0.013003457 0.015855533 -0.0083504396
v 0.012798179 0.015855366 -0.0082767701
v 0.011429523 0.015726742 -0.0050194339
v 0.011520723 0.015716189 -0.0048216021
v 0.01162884 0.015705769 -0.0046324768
v 0.0087268468 0.015825166 -0.0062322364
v 0.0087669756 0.015820522 -0.0061451902
v 0.01136323 0.015806471 -0.0067263895
v 0.011305767 0.015797686 -0.0065161812
v 0.011355934 0.015737351 -0.0052244672
v 0.0088214278 0.015789307 -0.0054866204
v 0.0088385481 0.015793386 -0.0055809567
v 0.0084957866 0.015842801 -0.0065359531
v 0.012763971 0.015988237 -0.011147482
v 0.008563304 0.015838601 -0.0064678885
v 0.012837174 0.01598423 -0.011085562
v 0.012915504 0.015980449 -0.011030255
v 0.008839941 0.015806588 -0.0058678076
v 0.011246798 0.015778729 -0.0060848283
v 0.0088478403 0.01580206 -0.005772277
v 0.011245739 0.015768703 -0.0058669634
v 0.0088473742 0.015797649 -0.0056764178
v 0.011263691 0.015758412 -0.0056498512
v 0.011300517 0.015747935 -0.0054351395
v 0.0045899258 0.0014601691 0.01106209
v 0.004593811 0.0014682429 0.011157634
v 0.0046012441 0.0014593034 0.011349024
v 0.0046047355 0.0014423581 0.011443413
v 0.0045558833 -0.00070384217 0.010962336
v 0.0045525777 -0.00067873045 0.010869777
v 0.0045975933 0.0014679554 0.011253522
v 0.004562378 0.0011824189 0.010462301
v 0.0045661395 0.0012438747 0.010535908
v 0.0045700087 0.0012986724 0.010614588
v 0.0045739564 0.0013463997 0.010697748
v 0.0045779523 0.0013866874 0.010784752
v 0.0045819663 0.0014192343 0.010874938
v 0.0045859676 0.0014437894 0.010967618
v 0.0045494831 -0.00064564149 0.010779751
v 0.0045466232 -0.00060482752 0.010692947
v 0.0045440199 -0.00055659924 0.010610025
v 0.0045346464 0.00013443062 0.010129203
v 0.0045353132 0.00022897535 0.010112784
v 0.0045363226 0.00032459055 0.010104663
v 0.0045376667 0.00042054254 0.010104898
v 0.0045520217 0.00096301854 0.010277324
v 0.0045552922 0.0010414545 0.010332516
v 0.0045587532 0.0011147708 0.010394332
v 0.004608041 0.0014172425 0.011535972
v 0.0046111356 0.0013841537 0.011625996
v 0.0046139954 0.0013433398 0.0117128
v 0.0045866626 -0.00060788383 0.011708002
v 0.0045826664 -0.0006481751 0.011620998
v 0.0045706929 -0.00072165316 0.01134366
v 0.0045668078 -0.00072973074 0.011248115
v 0.0045630255 -0.00072943958 0.011152228
v 0.0045593747 -0.00072079116 0.011056725
v 0.0045416923 -0.00050132889 0.010531614
v 0.0045396591 -0.0004394287 0.010458312
v 0.0045379349 -0.00037137559 0.010390675
v 0.0045393355 0.00051610422 0.010113491
v 0.0045413159 0.00061054777 0.010130373
v 0.0045435932 0.00070315949 0.010155421
v 0.0045461497 0.00079322506 0.010188436
v 0.0045489666 0.0008800661 0.010229174
v 0.0045786525 -0.00068072222 0.011530811
v 0.0045746512 -0.00070527715 0.011438131
v 0.0045365333 -0.00029768612 0.010329221
v 0.004535465 -0.00021891887 0.010274415
v 0.0045347378 -0.0001356789 0.010226677
v 0.0045982407 -0.00044390299 0.011943449
v 0.0045944793 -0.00050535889 0.011869842
v 0.00459061 -0.00056016023 0.011791159
v 0.0045343575 -4.8590897e-05 0.010186366
v 0.004534327 4.1670694e-05 0.010153791
v 0.0046165991 0.0012951151 0.011795724
v 0.0046189264 0.0012398411 0.011874136
v 0.0046209599 0.0011779445 0.011947438
v 0.004622684 0.0011098915 0.012015074
v 0.0046240855 0.0010361982 0.012076529
v 0.004625154 0.00095743473 0.012131335
v 0.004625881 0.00087419108 0.012179073
v 0.0046262613 0.0007871068 0.012219383
v 0.0046262917 0.00069684151 0.012251956
v 0.0046259725 0.00060408528 0.012276547
v 0.0046253056 0.00050953683 0.012292965
v 0.0046242962 0.0004139253 0.012301087
v 0.0046229521 0.00031797336 0.012300851
v 0.0046212835 0.00022241162 0.012292258
v 0.0046193029 0.00012796435 0.012275376
v 0.0046170256 3.5356277e-05 0.012250331
v 0.0046144689 -5.4712856e-05 0.012217312
v 0.0046116524 -0.00014155021 0.012176575
v 0.0046085969 -0.00022450633 0.012128426
v 0.0046053265 -0.00030293858 0.012073234
v 0.0046018656 -0.00037625867 0.012011418
v 0.018719241 0.017480339 -0.0064541842
v 0.017671899 0.017512246 -0.0067889339
v 0.018693958 0.017476473 -0.0063616931
v 0.017621333 0.017504514 -0.0066039498
v 0.018676838 0.017472393 -0.0062673568
v 0.017587093 0.017496355 -0.006415281
v 0.018668011 0.017468131 -0.0061718975
v 0.01756944 0.017487833 -0.0062243586
v 0.018667546 0.017463721 -0.0060760366
v 0.017568509 0.017479009 -0.0060326386
v 0.018675444 0.017459193 -0.0059805077
v 0.017584306 0.017469952 -0.0058415792
v 0.018691648 0.017454582 -0.005886035
v 0.017616712 0.017460733 -0.0056526335
v 0.018716031 0.017449926 -0.0057933376
v 0.017665479 0.017451421 -0.0054672424
v 0.01874841 0.017445258 -0.0057031234
v 0.017730238 0.017442084 -0.005286814
v 0.018788539 0.017440613 -0.0056160772
v 0.017810494 0.017432797 -0.0051127216
v 0.01883611 0.01743603 -0.0055328627
v 0.017905637 0.017423627 -0.0049462909
v 0.018890763 0.01743154 -0.0054541121
v 0.018014943 0.017414648 -0.0047887896
v 0.018952081 0.017427179 -0.005380425
v 0.018137581 0.017405925 -0.0046414136
v 0.019019599 0.017422978 -0.0053123604
v 0.018272615 0.017397526 -0.0045052881
v 0.019092802 0.017418973 -0.0052504398
v 0.01841902 0.017389514 -0.0043814469
v 0.019171132 0.01741519 -0.0051951328
v 0.018575681 0.017381951 -0.0042708309
v 0.019253994 0.017411661 -0.0051468608
v 0.018741404 0.017374893 -0.0041742871
v 0.019340757 0.017408414 -0.00510599
v 0.018914931 0.017368394 -0.0040925438
v 0.019430761 0.017405469 -0.0050728315
v 0.019094939 0.017362506 -0.0040262285
v 0.01952332 0.017402852 -0.0050476392
v 0.019280058 0.017357271 -0.003975844
v 0.019617732 0.01740058 -0.0050306034
v 0.019468881 0.017352731 -0.0039417722
v 0.019713276 0.017398675 -0.0050218537
v 0.019659969 0.017348917 -0.0039242748
v 0.019809226 0.017397146 -0.0050214585
v 0.019851868 0.017345863 -0.0039234824
v 0.019904851 0.01739601 -0.0050294185
v 0.020043119 0.017343587 -0.0039394043
v 0.019999423 0.017395271 -0.0050456754
v 0.020232264 0.017342111 -0.0039719162
v 0.020092224 0.017394937 -0.0050701037
v 0.020417865 0.017341443 -0.0040207729
v 0.020182547 0.017395011 -0.0051025175
v 0.020598511 0.017341589 -0.0040856005
v 0.020269703 0.017395491 -0.0051426716
v 0.020772824 0.01734255 -0.0041659069
v 0.020353032 0.017396374 -0.0051902588
v 0.020939479 0.017344316 -0.004261083
v 0.020431896 0.017397653 -0.0052449169
v 0.021097208 0.017346874 -0.0043703992
v 0.020505696 0.017399318 -0.0053062311
v 0.02124481 0.017350205 -0.0044930296
v 0.020573872 0.017401358 -0.0053737344
v 0.021381162 0.017354282 -0.0046280362
v 0.020635904 0.017403754 -0.0054469146
v 0.021505226 0.017359077 -0.0047743928
v 0.02069132 0.017406492 -0.0055252112
v 0.021616058 0.017364553 -0.0049309878
v 0.020739699 0.017409549 -0.0056080303
v 0.021712813 0.017370665 -0.005096626
v 0.02078067 0.0174129 -0.005694741
v 0.021794758 0.017377371 -0.0052700493
v 0.020813925 0.017416524 -0.0057846849
v 0.021861267 0.017384617 -0.0054499371
v 0.020839208 0.01742039 -0.0058771761
v 0.021911834 0.017392349 -0.0056349194
v 0.020856328 0.01742447 -0.0059715123
v 0.021946074 0.017400508 -0.0058235881
v 0.020865155 0.017428732 -0.0060669734
v 0.021963726 0.01740903 -0.0060145105
v 0.02086562 0.017433142 -0.0061628326
v 0.021964658 0.017417855 -0.0062062305
v 0.020857721 0.01743767 -0.0062583632
v 0.02194886 0.017426909 -0.0063972901
v 0.020841519 0.017442281 -0.0063528342
v 0.021916454 0.01743613 -0.0065862357
v 0.020817134 0.017446937 -0.0064455315
v 0.021867686 0.017445442 -0.0067716267
v 0.020784755 0.017451606 -0.0065357457
v 0.021802928 0.017454779 -0.006952057
v 0.020744628 0.017456248 -0.006622792
v 0.021722672 0.017464067 -0.0071261475
v 0.020697055 0.017460833 -0.0067060064
v 0.021627529 0.017473234 -0.0072925782
v 0.020642403 0.017465324 -0.006784757
v 0.021518222 0.017482216 -0.0074500795
v 0.020581084 0.017469685 -0.0068584441
v 0.021395586 0.017490938 -0.0075974555
v 0.020513567 0.017473884 -0.0069265088
v 0.02126055 0.017499337 -0.0077335811
v 0.020440365 0.01747789 -0.0069884293
v 0.021114146 0.017507349 -0.0078574224
v 0.020362034 0.017481673 -0.0070437363
v 0.020957485 0.017514913 -0.0079680381
v 0.020279172 0.0174852 -0.0070920084
v 0.020791761 0.01752197 -0.0080645839
v 0.020192409 0.017488449 -0.0071328791
v 0.020618235 0.017528469 -0.0081463253
v 0.020102405 0.017491394 -0.0071660376
v 0.020438227 0.017534357 -0.0082126405
v 0.020009845 0.017494011 -0.0071912299
v 0.020253107 0.017539592 -0.0082630269
v 0.019915434 0.017496283 -0.0072082657
v 0.020064285 0.017544132 -0.008297097
v 0.01981989 0.017498188 -0.0072170154
v 0.019873196 0.017547946 -0.008314596
v 0.01972394 0.017499717 -0.0072174106
v 0.019681297 0.017551001 -0.0083153867
v 0.019628315 0.017500853 -0.0072094506
v 0.019490048 0.017553276 -0.0082994667
v 0.019533742 0.017501592 -0.0071931937
v 0.019300902 0.017554753 -0.0082669529
v 0.019440942 0.017501925 -0.0071687654
v 0.0191153 0.01755542 -0.008218098
v 0.019350619 0.017501852 -0.0071363516
v 0.018934656 0.017555272 -0.0081532687
v 0.019263462 0.017501373 -0.0070961975
v 0.018760341 0.017554314 -0.0080729622
v 0.019180135 0.017500489 -0.0070486104
v 0.018593686 0.017552547 -0.007977788
v 0.019101271 0.017499211 -0.0069939523
v 0.018435957 0.01754999 -0.0078684699
v 0.019027469 0.017497545 -0.006932638
v 0.018288355 0.017546659 -0.0077458395
v 0.018959293 0.017495506 -0.0068651347
v 0.018152004 0.01754258 -0.0076108331
v 0.018897262 0.017493109 -0.0067919545
v 0.01802794 0.017537785 -0.0074644764
v 0.018841845 0.017490371 -0.0067136579
v 0.017917108 0.017532311 -0.0073078813
v 0.018793468 0.017487314 -0.0066308389
v 0.017820352 0.017526198 -0.007142243
v 0.018752495 0.017483961 -0.0065441281
v 0.017738408 0.017519492 -0.0069688198
v 0.0066271096 -0.014083454 0.0047618599
v 0.0040427769 -0.013014202 -0.017551723
v 0.0048520559 -0.012995804 -0.018227004
v 0.0057238339 -0.014044256 0.0042197942
v 0.004864661 -0.014002648 0.0036103951
v 0.0124402 0.017826847 -0.011828282
v 0.012448099 0.017822319 -0.011732751
v 0.012464302 0.01781771 -0.011638278
v 0.012488687 0.017813054 -0.011545583
v 0.012521065 0.017808386 -0.011455368
v 0.012561193 0.017803741 -0.011368322
v 0.012608765 0.017799156 -0.011285108
v 0.012663418 0.017794667 -0.011206355
v 0.012724737 0.017790306 -0.011132668
v 0.012792254 0.017786106 -0.011064606
v 0.012865457 0.017782101 -0.011002685
v 0.012943787 0.017778318 -0.010947378
v 0.013026649 0.017774789 -0.010899104
v 0.013113412 0.01777154 -0.010858233
v 0.013203416 0.017768597 -0.010825077
v 0.013295976 0.017765978 -0.010799883
v 0.013390387 0.017763708 -0.010782847
v 0.013485931 0.017761801 -0.010774099
v 0.01358188 0.017760274 -0.010773704
v 0.013677506 0.017759136 -0.010781664
v 0.013772079 0.017758399 -0.010797919
v 0.013864879 0.017758064 -0.010822347
v 0.013955202 0.017758137 -0.010854763
v 0.014042359 0.017758618 -0.010894915
v 0.014125686 0.017759502 -0.010942502
v 0.014204551 0.01776078 -0.010997162
v 0.014278351 0.017762446 -0.011058476
v 0.014346528 0.017764484 -0.01112598
v 0.014408559 0.017766882 -0.011199158
v 0.014463975 0.01776962 -0.011277455
v 0.014512353 0.017772675 -0.011360275
v 0.014553326 0.017776028 -0.011446986
v 0.014586579 0.017779652 -0.01153693
v 0.014611863 0.017783518 -0.011629421
v 0.014628983 0.017787598 -0.011723756
v 0.014637809 0.017791858 -0.011819217
v 0.014638275 0.01779627 -0.011915078
v 0.014630376 0.017800798 -0.012010607
v 0.014614174 0.017805409 -0.012105079
v 0.01458979 0.017810065 -0.012197775
v 0.01455741 0.017814733 -0.012287989
v 0.014517283 0.017819376 -0.012375035
v 0.014469711 0.017823961 -0.012458251
v 0.014415058 0.017828451 -0.012537002
v 0.014353739 0.017832813 -0.012610689
v 0.014286222 0.017837011 -0.012678752
v 0.014213019 0.017841018 -0.012740672
v 0.014134689 0.017844799 -0.012795979
v 0.014051827 0.017848328 -0.012844254
v 0.013965064 0.017851577 -0.012885124
v 0.01387506 0.017854522 -0.012918283
v 0.0137825 0.017857139 -0.012943475
v 0.013688089 0.017859409 -0.012960511
v 0.013592545 0.017861316 -0.012969259
v 0.013496595 0.017862843 -0.012969656
v 0.01340097 0.017863981 -0.012961694
v 0.013306397 0.01786472 -0.012945439
v 0.013213596 0.017865053 -0.01292101
v 0.013123274 0.01786498 -0.012888597
v 0.013036117 0.0178645 -0.012848443
v 0.01295279 0.017863617 -0.012800855
v 0.012873925 0.017862338 -0.012746195
v 0.012800124 0.017860673 -0.012684881
v 0.012731948 0.017858633 -0.012617378
v 0.012669916 0.017856235 -0.0125442
v 0.0126145 0.017853499 -0.012465903
v 0.012566123 0.017850442 -0.012383084
v 0.01252515 0.017847089 -0.012296372
v 0.012491896 0.017843467 -0.012206428
v 0.012466613 0.017839601 -0.012113936
v 0.012449493 0.017835521 -0.012019602
v 0.012440666 0.017831259 -0.011924141
v 0.0066780486 0.017630506 -0.005602604
v 0.0066859468 0.017625978 -0.0055070752
v 0.0067021504 0.01762137 -0.0054126023
v 0.0067265336 0.017616711 -0.005319905
v 0.0067589133 0.017612045 -0.0052296907
v 0.0067990411 0.0176074 -0.0051426445
v 0.0068466125 0.017602815 -0.0050594302
v 0.0069012657 0.017598327 -0.0049806794
v 0.006962584 0.017593964 -0.0049069924
v 0.0070301022 0.017589765 -0.0048389278
v 0.0071033042 0.017585758 -0.0047770072
v 0.0071816342 0.017581977 -0.0047217001
v 0.0072644968 0.017578448 -0.0046734282
v 0.0073512602 0.017575199 -0.0046325575
v 0.0074412634 0.017572254 -0.004599399
v 0.0075338231 0.017569638 -0.0045742067
v 0.0076282345 0.017567367 -0.0045571708
v 0.0077237789 0.017565461 -0.0045484211
v 0.0078197285 0.017563933 -0.0045480259
v 0.0079153536 0.017562795 -0.0045559859
v 0.0080099259 0.017562058 -0.0045722427
v 0.0081027269 0.017561724 -0.0045966711
v 0.0081930492 0.017561796 -0.0046290849
v 0.0082802063 0.017562278 -0.004669239
v 0.008363534 0.017563159 -0.0047168262
v 0.0084423982 0.017564438 -0.0047714843
v 0.0085161997 0.017566103 -0.0048327986
v 0.0085843753 0.017568143 -0.0049003019
v 0.0086464071 0.017570541 -0.004973482
v 0.0087018227 0.017573279 -0.0050517785
v 0.0087502009 0.017576335 -0.0051345977
v 0.0087911728 0.017579688 -0.0052213084
v 0.0088244277 0.017583311 -0.0053112523
v 0.0088497107 0.017587177 -0.0054037434
v 0.0088668308 0.017591255 -0.0054980797
v 0.008875657 0.017595517 -0.0055935409
v 0.008876123 0.017599929 -0.0056893999
v 0.0088682239 0.017604457 -0.0057849306
v 0.0088520212 0.017609066 -0.0058794016
v 0.0088276372 0.017613724 -0.0059720989
v 0.0087952583 0.017618391 -0.0060623132
v 0.0087551297 0.017623035 -0.0061493594
v 0.0087075583 0.01762762 -0.0062325737
v 0.0086529051 0.017632109 -0.0063113245
v 0.0085915868 0.017636472 -0.0063850115
v 0.0085240695 0.017640671 -0.0064530762
v 0.0084508674 0.017644677 -0.0065149967
v 0.0083725366 0.017648458 -0.0065703038
v 0.0082896749 0.017651987 -0.0066185757
v 0.0082029115 0.017655236 -0.0066594464
v 0.0081129073 0.017658181 -0.0066926049
v 0.0080203477 0.017660798 -0.0067177972
v 0.0079259362 0.017663068 -0.0067348332
v 0.0078303928 0.017664975 -0.0067435827
v 0.0077344432 0.017666502 -0.0067439781
v 0.0076388181 0.01766764 -0.006736018
v 0.0075442448 0.017668377 -0.0067197612
v 0.0074514438 0.017668712 -0.0066953328
v 0.0073611215 0.017668639 -0.006662919
v 0.0072739654 0.017668158 -0.006622765
v 0.0071906376 0.017667276 -0.0065751776
v 0.0071117725 0.017665998 -0.0065205196
v 0.0070379719 0.017664332 -0.0064592053
v 0.0069697963 0.017662293 -0.0063917021
v 0.0069077637 0.017659894 -0.0063185219
v 0.006852348 0.017657156 -0.0062402254
v 0.0068039698 0.017654101 -0.0061574063
v 0.0067629979 0.017650748 -0.0060706955
v 0.0067297439 0.017647124 -0.0059807517
v 0.00670446 0.017643258 -0.0058882605
v 0.0066873409 0.01763918 -0.0057939242
v 0.0066785138 0.017634918 -0.0056984649
v 0.012905393 0.017267378 0.00014963926
v 0.012913292 0.017262852 0.00024517004
v 0.012929495 0.017258242 0.00033964292
v 0.012953879 0.017253586 0.00043233855
v 0.012986258 0.017248917 0.00052255276
v 0.013026386 0.017244272 0.00060959896
v 0.013073958 0.017239688 0.00069281384
v 0.013128611 0.017235199 0.000771565
v 0.013189929 0.017230838 0.00084525284
v 0.013257447 0.017226637 0.00091331551
v 0.013330649 0.017222632 0.00097523596
v 0.01340898 0.01721885 0.0010305433
v 0.013491841 0.017215321 0.001078816
v 0.013578605 0.017212071 0.0011196868
v 0.013668609 0.017209128 0.0011528451
v 0.013761169 0.01720651 0.0011780375
v 0.013855579 0.01720424 0.0011950733
v 0.013951123 0.017202333 0.001203822
v 0.014047073 0.017200806 0.0012042185
v 0.014142698 0.017199668 0.0011962575
v 0.014237271 0.01719893 0.0011800013
v 0.014330072 0.017198596 0.0011555733
v 0.014420395 0.017198671 0.0011231595
v 0.014507551 0.01719915 0.0010830052
v 0.014590879 0.017200033 0.0010354179
v 0.014669743 0.017201312 0.00098075893
v 0.014743545 0.017202977 0.00091944473
v 0.01481172 0.017205015 0.00085194144
v 0.014873752 0.017207414 0.00077876313
v 0.014929168 0.017210151 0.00070046552
v 0.014977546 0.017213207 0.00061764668
v 0.015018518 0.01721656 0.00053093502
v 0.015051772 0.017220184 0.00044099103
v 0.015077056 0.01722405 0.00034849984
v 0.015094176 0.017228129 0.00025416558
v 0.015103002 0.017232389 0.00015870431
v 0.015103467 0.017236802 6.2843412e-05
v 0.015095569 0.01724133 -3.268544e-05
v 0.015079366 0.01724594 -0.00012715834
v 0.015054982 0.017250596 -0.00021985398
v 0.015022603 0.017255265 -0.00031006816
v 0.014982475 0.017259908 -0.00039711446
v 0.014934903 0.017264492 -0.00048033027
v 0.014880251 0.017268983 -0.00055908089
v 0.014818932 0.017273344 -0.00063276827
v 0.014751415 0.017277543 -0.00070083101
v 0.014678212 0.01728155 -0.00076275138
v 0.014599882 0.01728533 -0.00081805883
v 0.014517019 0.017288859 -0.00086633241
v 0.014430256 0.017292109 -0.00090720324
v 0.014340252 0.017295054 -0.00094036148
v 0.014247693 0.01729767 -0.0009655539
v 0.014153282 0.01729994 -0.00098258977
v 0.014057738 0.017301847 -0.00099133746
v 0.013961788 0.017303375 -0.00099173494
v 0.013866162 0.017304512 -0.00098377297
v 0.01377159 0.017305251 -0.00096751768
v 0.013678789 0.017305584 -0.0009430897
v 0.013588467 0.017305511 -0.00091067583
v 0.01350131 0.017305032 -0.00087052154
v 0.013417982 0.017304149 -0.0008229342
v 0.013339118 0.01730287 -0.00076827435
v 0.013265317 0.017301204 -0.00070696016
v 0.013197141 0.017299165 -0.00063945694
v 0.013135109 0.017296768 -0.00056627855
v 0.013079693 0.017294031 -0.00048798187
v 0.013031315 0.017290973 -0.00040516311
v 0.012990343 0.01728762 -0.00031845052
v 0.012957088 0.017283998 -0.0002285064
v 0.012931805 0.017280132 -0.00013601526
v 0.012914685 0.017276053 -4.1681003e-05
v 0.012905859 0.017271791 5.3780219e-05
v 0.012510463 0.017201185 0.0017203885
v 0.012656868 0.017193172 0.0018442307
v 0.012813528 0.01718561 0.0019548452
v 0.012979252 0.017178552 0.0020513909
v 0.013152779 0.017172054 0.0021331321
v 0.013332787 0.017166166 0.0021994482
v 0.013517906 0.01716093 0.0022498339
v 0.013706729 0.017156388 0.0022839046
v 0.013897816 0.017152577 0.0023014029
v 0.014089716 0.017149522 0.0023021946
v 0.014280966 0.017147246 0.0022862735
v 0.014470112 0.01714577 0.0022537606
v 0.014655714 0.017145103 0.002204905
v 0.014836358 0.017145248 0.0021400764
v 0.015010672 0.017146209 0.0020597693
v 0.015177327 0.017147974 0.0019645945
v 0.015335056 0.017150533 0.0018552767
v 0.015482658 0.017153864 0.0017326484
v 0.01561901 0.017157941 0.0015976409
v 0.015743074 0.017162736 0.0014512832
v 0.015853905 0.017168212 0.001294689
v 0.015950662 0.017174325 0.0011290509
v 0.016032606 0.017181031 0.0009556276
v 0.016099114 0.017188276 0.00077574088
v 0.016149681 0.017196008 0.00059075762
v 0.016183921 0.017204167 0.00040208771
v 0.016201573 0.01721269 0.00021116524
v 0.016202505 0.017221512 1.9445176e-05
v 0.016186708 0.017230568 -0.00017161433
v 0.016154302 0.017239789 -0.00036055781
v 0.016105534 0.017249102 -0.00054595094
v 0.016040776 0.017258439 -0.0007263793
v 0.01596052 0.017267726 -0.00090047183
v 0.015865376 0.017276894 -0.0010669021
v 0.01575607 0.017285875 -0.0012244034
v 0.015633433 0.017294597 -0.0013717777
v 0.015498398 0.017302997 -0.0015079049
v 0.015351993 0.017311008 -0.0016317464
v 0.015195333 0.017318572 -0.0017423604
v 0.015029608 0.01732563 -0.0018389061
v 0.014856082 0.017332127 -0.0019206476
v 0.014676074 0.017338016 -0.0019869646
v 0.014490955 0.017343252 -0.0020373491
v 0.014302133 0.017347792 -0.002071421
v 0.014111045 0.017351605 -0.0020889183
v 0.013919145 0.01735466 -0.0020897107
v 0.013727895 0.017356934 -0.002073789
v 0.013538749 0.017358412 -0.0020412769
v 0.013353148 0.017359079 -0.0019924202
v 0.013172503 0.017358932 -0.0019275928
v 0.01299819 0.017357973 -0.0018472844
v 0.012831534 0.017356207 -0.0017521102
v 0.012673805 0.017353649 -0.0016427921
v 0.012526203 0.017350318 -0.0015201636
v 0.012389851 0.017346239 -0.0013851569
v 0.012265788 0.017341444 -0.0012387987
v 0.012154956 0.01733597 -0.0010822054
v 0.0120582 0.017329855 -0.00091656731
v 0.011976255 0.017323151 -0.00074314392
v 0.011909747 0.017315904 -0.00056325638
v 0.01185918 0.017308174 -0.00037827399
v 0.01182494 0.017300015 -0.0001896031
v 0.011807288 0.01729149 1.3174109e-06
v 0.011806356 0.017282668 0.00019303745
v 0.011822154 0.017273612 0.00038409696
v 0.011854559 0.017264393 0.0005730424
v 0.011903327 0.01725508 0.0007584346
v 0.011968086 0.017245743 0.00093886388
v 0.012048341 0.017236456 0.0011129555
v 0.012143485 0.017227286 0.0012793857
v 0.012252791 0.017218307 0.0014368874
v 0.012375428 0.017209585 0.0015842622
v 0.00591614 0.017590414 -0.0044728583
v 0.0060254464 0.017581434 -0.004315357
v 0.0061480832 0.017572711 -0.004167981
v 0.0062831185 0.017564312 -0.0040318555
v 0.0064295226 0.0175563 -0.0039080143
v 0.0065861835 0.017548737 -0.0037973983
v 0.0067519078 0.017541678 -0.0037008545
v 0.0069254336 0.017535181 -0.0036191111
v 0.007105442 0.017529292 -0.003552796
v 0.0072905613 0.017524058 -0.0035024114
v 0.0074793841 0.017519516 -0.0034683397
v 0.0076704719 0.017515704 -0.0034508422
v 0.0078623711 0.017512648 -0.0034500498
v 0.0080536213 0.017510374 -0.0034659717
v 0.0082427669 0.017508898 -0.0034984835
v 0.0084283681 0.01750823 -0.0035473402
v 0.0086090137 0.017508376 -0.0036121679
v 0.0087833267 0.017509337 -0.0036924743
v 0.0089499823 0.017511101 -0.0037876505
v 0.0091077106 0.017513659 -0.0038969667
v 0.0092553127 0.01751699 -0.004019597
v 0.0093916648 0.017521069 -0.0041546036
v 0.0095157283 0.017525864 -0.0043009602
v 0.0096265606 0.01753134 -0.0044575552
v 0.0097233169 0.017537453 -0.0046231934
v 0.0098052608 0.017544158 -0.0047966167
v 0.0098717696 0.017551404 -0.0049765045
v 0.0099223363 0.017559136 -0.0051614868
v 0.0099565759 0.017567293 -0.0053501556
v 0.0099742292 0.017575817 -0.0055410779
v 0.0099751604 0.01758464 -0.005732798
v 0.0099593629 0.017593696 -0.0059238574
v 0.0099269565 0.017602915 -0.0061128031
v 0.0098781894 0.017612229 -0.0062981941
v 0.0098134309 0.017621565 -0.0064786244
v 0.0097331745 0.017630852 -0.006652715
v 0.0096380315 0.017640021 -0.0068191456
v 0.0095287252 0.017649001 -0.006976647
v 0.0094060876 0.017657725 -0.0071240228
v 0.0092710532 0.017666124 -0.0072601484
v 0.0091246481 0.017674136 -0.0073839895
v 0.0089679873 0.0176817 -0.0074946055
v 0.0088022638 0.017688757 -0.0075911513
v 0.0086287372 0.017695254 -0.0076728928
v 0.0084487297 0.017701144 -0.0077392079
v 0.0082636094 0.017706377 -0.0077895943
v 0.0080747876 0.017710919 -0.0078236643
v 0.0078836997 0.017714731 -0.0078411635
v 0.0076918005 0.017717788 -0.0078419541
v 0.0075005503 0.017720061 -0.0078260339
v 0.0073114048 0.017721538 -0.0077935204
v 0.0071258027 0.017722207 -0.0077446654
v 0.006945158 0.01772206 -0.0076798361
v 0.006770844 0.017721099 -0.0075995297
v 0.0066041893 0.017719334 -0.0075043554
v 0.0064464601 0.017716777 -0.0073950373
v 0.006298858 0.017713446 -0.0072724069
v 0.0061625068 0.017709367 -0.0071374004
v 0.0060384425 0.017704572 -0.0069910437
v 0.0059276111 0.017699097 -0.0068344487
v 0.0058308548 0.017692983 -0.0066688105
v 0.0057489109 0.017686278 -0.0064953872
v 0.0056824021 0.017679032 -0.0063155013
v 0.0056318353 0.0176713 -0.0061305171
v 0.0055975947 0.017663141 -0.0059418483
v 0.0055799426 0.017654618 -0.0057509261
v 0.0055790114 0.017645796 -0.005559206
v 0.0055948087 0.017636739 -0.0053681465
v 0.0056272141 0.017627519 -0.0051792008
v 0.0056759824 0.017618207 -0.0049938098
v 0.0057407407 0.01760887 -0.0048133814
v 0.0058209972 0.017599583 -0.004639289
v 0.01516824 0.017854066 -0.013349699
v 0.015033206 0.017862465 -0.013485826
v 0.0148868 0.017870477 -0.013609668
v 0.01473014 0.01787804 -0.013720282
v 0.014564416 0.017885098 -0.013816827
v 0.014390889 0.017891595 -0.013898569
v 0.014210881 0.017897485 -0.013964886
v 0.014025762 0.017902718 -0.01401527
v 0.01383694 0.01790726 -0.014049342
v 0.013645852 0.017911072 -0.01406684
v 0.013453952 0.017914128 -0.014067632
v 0.013262702 0.017916402 -0.01405171
v 0.013073557 0.01791788 -0.014019199
v 0.012887955 0.017918548 -0.013970342
v 0.01270731 0.0179184 -0.013905514
v 0.012532997 0.017917441 -0.013825205
v 0.012366341 0.017915675 -0.013730032
v 0.012208612 0.017913117 -0.013620713
v 0.012061011 0.017909786 -0.013498084
v 0.011924659 0.017905707 -0.013363078
v 0.011800595 0.017900912 -0.013216719
v 0.011689764 0.017895439 -0.013060126
v 0.011593007 0.017889324 -0.012894488
v 0.011511062 0.01788262 -0.012721065
v 0.011444554 0.017875372 -0.012541177
v 0.011393988 0.017867642 -0.012356195
v 0.011359747 0.017859483 -0.012167524
v 0.011342095 0.017850959 -0.011976604
v 0.011341163 0.017842136 -0.011784884
v 0.011356961 0.01783308 -0.011593822
v 0.011389366 0.017823861 -0.011404879
v 0.011438134 0.017814547 -0.011219486
v 0.011502893 0.017805212 -0.011039057
v 0.011583149 0.017795924 -0.010864965
v 0.011678293 0.017786755 -0.010698536
v 0.011787599 0.017777775 -0.010541033
v 0.011910236 0.017769053 -0.010393659
v 0.01204527 0.017760654 -0.010257531
v 0.012191675 0.01775264 -0.01013369
v 0.012348336 0.017745077 -0.010023076
v 0.01251406 0.017738021 -0.0099265302
v 0.012687586 0.017731522 -0.009844789
v 0.012867594 0.017725634 -0.0097784738
v 0.013052714 0.017720399 -0.0097280872
v 0.013241536 0.017715857 -0.0096940156
v 0.013432624 0.017712045 -0.0096765183
v 0.013624523 0.017708991 -0.0096757274
v 0.013815774 0.017706715 -0.0096916476
v 0.014004919 0.017705238 -0.0097241596
v 0.014190521 0.017704571 -0.0097730161
v 0.014371166 0.017704717 -0.0098378457
v 0.014545479 0.017705677 -0.0099181519
v 0.014712134 0.017707442 -0.010013327
v 0.014869864 0.017710001 -0.010122644
v 0.015017465 0.017713331 -0.010245273
v 0.015153817 0.01771741 -0.010380279
v 0.015277881 0.017722205 -0.010526638
v 0.015388713 0.01772768 -0.010683231
v 0.015485469 0.017733793 -0.010848871
v 0.015567413 0.017740499 -0.011022293
v 0.015633921 0.017747745 -0.01120218
v 0.015684488 0.017755477 -0.011387163
v 0.015718728 0.017763636 -0.011575833
v 0.015736381 0.017772158 -0.011766754
v 0.015737312 0.017780981 -0.011958476
v 0.015721514 0.017790037 -0.012149535
v 0.015689109 0.017799258 -0.012338479
v 0.015640341 0.01780857 -0.012523872
v 0.015575582 0.017817905 -0.0127043
v 0.015495327 0.017827195 -0.012878393
v 0.015400184 0.017836362 -0.013044823
v 0.015290877 0.017845342 -0.013202325
f 1 2 3
f 2 4 3
f 3 4 5
f 6 7 8
f 7 9 8
f 10 11 12
f 11 8 12
f 12 8 13
f 8 9 13
f 14 15 8
f 15 6 8
f 16 17 14
f 17 18 14
f 19 15 20
f 15 14 20
f 20 14 21
f 14 18 21
f 16 11 17
f 11 10 17
f 22 3 23
f 3 5 23
f 24 25 26
f 25 27 26
f 28 29 30
f 29 26 30
f 30 26 31
f 26 27 31
f 32 33 34
f 33 24 34
f 34 24 35
f 24 26 35
f 35 26 36
f 26 37 36
f 36 37 32
f 37 33 32
f 26 29 37
f 29 38 37
f 38 39 37
f 39 40 37
f 41 33 42
f 33 37 42
f 42 37 43
f 37 40 43
f 33 41 24
f 41 25 24
f 32 44 36
f 44 45 36
f 36 45 46
f 47 48 49
f 48 50 49
f 51 52 1
f 52 2 1
f 53 49 54
f 49 50 54
f 52 51 55
f 51 22 55
f 55 22 23
f 48 47 56
f 47 57 56
f 36 46 35
f 46 58 35
f 57 47 53
f 47 49 53
f 59 34 60
f 34 35 60
f 60 35 58
f 61 62 63
f 62 64 63
f 32 34 44
f 34 59 44
f 65 63 66
f 63 64 66
f 23 5 4
f 23 4 55
f 4 2 55
f 55 2 52
f 62 61 67
f 61 68 67
f 58 46 45
f 58 45 60
f 45 44 60
f 60 44 59
f 64 62 66
f 62 67 66
f 69 70 71
f 70 72 71
f 71 72 73
f 3 8 1
f 8 11 1
f 1 11 51
f 11 16 51
f 51 16 22
f 16 14 22
f 22 14 3
f 14 8 3
f 74 75 76
f 76 77 74
f 77 78 74
f 74 78 79
f 79 80 74
f 80 81 74
f 74 81 82
f 83 84 85
f 84 86 85
f 85 86 74
f 82 87 74
f 87 88 74
f 74 88 85
f 89 90 91
f 91 92 89
f 92 93 89
f 89 93 94
f 83 95 84
f 95 89 84
f 84 89 96
f 89 94 96
f 97 98 99
f 100 101 102
f 100 102 103
f 101 104 102
f 104 105 102
f 102 105 106
f 106 107 102
f 107 108 102
f 102 108 109
f 110 111 98
f 111 112 98
f 98 112 99
f 113 114 115
f 97 99 102
f 99 116 102
f 102 116 103
f 110 117 111
f 117 118 111
f 111 118 115
f 118 119 115
f 115 119 113
f 120 121 122
f 121 123 122
f 122 123 124
f 123 125 124
f 124 125 126
f 125 127 126
f 126 127 128
f 127 129 128
f 128 129 130
f 129 131 130
f 130 131 132
f 131 133 132
f 132 133 134
f 133 135 134
f 134 135 136
f 135 137 136
f 136 137 138
f 137 139 138
f 138 139 140
f 139 141 140
f 140 141 142
f 141 143 142
f 142 143 144
f 143 145 144
f 144 145 146
f 145 147 146
f 146 147 148
f 147 149 148
f 148 149 150
f 149 151 150
f 150 151 152
f 151 153 152
f 152 153 154
f 153 155 154
f 154 155 156
f 155 157 156
f 156 157 158
f 157 159 158
f 158 159 160
f 159 161 160
f 160 161 162
f 161 163 162
f 162 163 164
f 163 165 164
f 164 165 166
f 165 167 166
f 166 167 168
f 167 169 168
f 168 169 170
f 169 171 170
f 170 171 172
f 171 173 172
f 172 173 174
f 173 175 174
f 174 175 176
f 175 177 176
f 176 177 178
f 177 179 178
f 178 179 180
f 179 181 180
f 180 181 182
f 181 183 182
f 182 183 184
f 183 185 184
f 184 185 186
f 185 187 186
f 186 187 188
f 187 189 188
f 188 189 190
f 189 191 190
f 190 191 192
f 191 193 192
f 192 193 194
f 193 195 194
f 194 195 196
f 195 197 196
f 196 197 198
f 197 199 198
f 198 199 200
f 199 201 200
f 200 201 202
f 201 203 202
f 202 203 204
f 203 205 204
f 204 205 206
f 205 207 206
f 206 207 208
f 207 209 208
f 208 209 210
f 209 211 210
f 210 211 212
f 211 213 212
f 212 213 214
f 213 215 214
f 214 215 216
f 215 217 216
f 216 217 218
f 217 219 218
f 218 219 220
f 219 221 220
f 220 221 222
f 221 223 222
f 222 223 224
f 223 225 224
f 224 225 226
f 225 227 226
f 226 227 228
f 227 229 228
f 228 229 230
f 229 231 230
f 230 231 232
f 231 233 232
f 232 233 234
f 233 235 234
f 234 235 236
f 235 237 236
f 236 237 238
f 237 239 238
f 238 239 240
f 239 241 240
f 240 241 242
f 241 243 242
f 242 243 244
f 243 245 244
f 244 245 246
f 245 247 246
f 246 247 248
f 247 249 248
f 248 249 250
f 249 251 250
f 250 251 252
f 251 253 252
f 252 253 254
f 253 255 254
f 254 255 256
f 255 257 256
f 256 257 258
f 257 259 258
f 258 259 260
f 259 261 260
f 260 261 262
f 261 263 262
f 262 263 120
f 263 121 120
f 264 265 266
f 264 266 267
f 265 264 268
f 264 269 268
f 268 269 270
f 270 269 271
f 269 272 271
f 271 272 273
f 273 272 274
f 272 275 274
f 274 275 276
f 276 275 277
f 275 278 277
f 277 278 279
f 279 278 280
f 278 281 280
f 280 281 282
f 282 281 283
f 281 284 283
f 283 284 285
f 285 284 286
f 284 287 286
f 286 287 288
f 287 289 288
f 288 289 290
f 289 291 290
f 290 291 292
f 291 293 292
f 292 293 294
f 293 295 294
f 294 295 296
f 295 297 296
f 296 297 298
f 297 299 298
f 298 299 300
f 299 301 300
f 300 301 302
f 301 303 302
f 302 303 304
f 303 305 304
f 304 305 306
f 305 307 306
f 306 307 308
f 307 309 308
f 308 309 310
f 309 311 310
f 310 311 312
f 311 313 312
f 312 313 314
f 313 315 314
f 314 315 316
f 315 317 316
f 316 317 318
f 317 319 318
f 318 319 320
f 319 321 320
f 320 321 322
f 321 323 322
f 322 323 324
f 324 323 325
f 323 326 325
f 325 326 327
f 327 326 328
f 326 329 328
f 328 329 330
f 330 329 331
f 329 332 331
f 331 332 333
f 333 332 334
f 332 335 334
f 334 335 336
f 336 335 337
f 335 338 337
f 337 338 339
f 339 338 340
f 338 341 340
f 340 341 342
f 342 341 343
f 341 344 343
f 343 344 345
f 345 344 346
f 344 347 346
f 346 347 348
f 348 347 349
f 347 350 349
f 349 350 351
f 351 350 352
f 350 353 352
f 352 353 354
f 354 353 355
f 353 356 355
f 355 356 357
f 357 356 358
f 356 359 358
f 358 359 360
f 360 359 361
f 359 362 361
f 361 362 363
f 363 362 364
f 362 365 364
f 364 365 366
f 366 365 367
f 365 368 367
f 367 368 369
f 369 368 370
f 368 371 370
f 370 371 372
f 372 371 373
f 371 374 373
f 373 374 375
f 375 374 376
f 374 377 376
f 376 377 378
f 377 379 378
f 378 379 380
f 379 381 380
f 380 381 382
f 381 383 382
f 382 383 384
f 383 385 384
f 384 385 386
f 385 387 386
f 386 387 388
f 387 389 388
f 388 389 390
f 389 391 390
f 390 391 392
f 391 393 392
f 392 393 394
f 393 395 394
f 394 395 396
f 395 397 396
f 396 397 398
f 397 399 398
f 398 399 400
f 399 401 400
f 400 401 402
f 401 403 402
f 402 403 404
f 403 405 404
f 404 405 406
f 405 407 406
f 406 407 408
f 407 409 408
f 408 409 410
f 409 411 410
f 410 411 412
f 411 413 412
f 412 413 414
f 415 416 417
f 417 418 415
f 418 419 415
f 415 419 413
f 419 420 413
f 413 420 414
f 421 422 423
f 423 424 421
f 424 425 421
f 421 425 416
f 425 426 416
f 416 426 417
f 427 428 429
f 429 430 427
f 430 431 427
f 427 431 422
f 431 432 422
f 422 432 423
f 433 434 435
f 435 436 433
f 436 437 433
f 433 437 428
f 437 438 428
f 428 438 429
f 266 439 267
f 439 440 267
f 267 440 441
f 440 442 441
f 441 442 434
f 442 443 434
f 434 443 435
f 444 445 446
f 445 447 446
f 446 447 448
f 447 449 448
f 448 449 450
f 449 451 450
f 450 451 452
f 451 453 452
f 452 453 454
f 453 455 454
f 454 455 456
f 455 457 456
f 456 457 458
f 457 459 458
f 458 459 460
f 459 461 460
f 460 461 462
f 461 463 462
f 462 463 464
f 463 465 464
f 464 465 466
f 465 467 466
f 466 467 468
f 467 469 468
f 468 469 470
f 469 471 470
f 470 471 472
f 471 473 472
f 472 473 474
f 473 475 474
f 474 475 476
f 475 477 476
f 476 477 478
f 477 479 478
f 478 479 480
f 479 481 480
f 480 481 482
f 481 483 482
f 482 483 484
f 483 485 484
f 484 485 486
f 485 487 486
f 486 487 488
f 487 489 488
f 488 489 490
f 489 491 490
f 490 491 492
f 491 493 492
f 492 493 494
f 493 495 494
f 494 495 496
f 495 497 496
f 496 497 498
f 497 499 498
f 498 499 500
f 499 501 500
f 500 501 502
f 501 503 502
f 502 503 504
f 503 505 504
f 504 505 506
f 505 507 506
f 506 507 508
f 507 509 508
f 508 509 510
f 509 511 510
f 510 511 512
f 511 513 512
f 512 513 514
f 513 515 514
f 514 515 516
f 515 517 516
f 516 517 518
f 517 519 518
f 518 519 520
f 519 521 520
f 520 521 522
f 521 523 522
f 522 523 524
f 523 525 524
f 524 525 526
f 525 527 526
f 526 527 528
f 527 529 528
f 528 529 530
f 529 531 530
f 530 531 532
f 531 533 532
f 532 533 534
f 533 535 534
f 534 535 536
f 535 537 536
f 536 537 538
f 537 539 538
f 538 539 540
f 539 541 540
f 540 541 542
f 541 543 542
f 542 543 544
f 543 545 544
f 544 545 546
f 545 547 546
f 546 547 548
f 547 549 548
f 548 549 550
f 549 551 550
f 550 551 552
f 551 553 552
f 552 553 554
f 553 555 554
f 554 555 556
f 555 557 556
f 556 557 558
f 557 559 558
f 558 559 560
f 559 561 560
f 560 561 562
f 561 563 562
f 562 563 564
f 563 565 564
f 564 565 566
f 565 567 566
f 566 567 568
f 567 569 568
f 568 569 570
f 569 571 570
f 570 571 572
f 571 573 572
f 572 573 574
f 573 575 574
f 574 575 576
f 575 577 576
f 576 577 578
f 577 579 578
f 578 579 580
f 579 581 580
f 580 581 582
f 581 583 582
f 582 583 584
f 583 585 584
f 584 585 586
f 585 587 586
f 586 587 444
f 587 445 444
f 588 586 589
f 586 444 589
f 589 444 590
f 444 446 590
f 590 446 591
f 446 448 591
f 591 448 592
f 448 450 592
f 592 450 593
f 450 452 593
f 593 452 594
f 452 454 594
f 594 454 595
f 454 456 595
f 595 456 596
f 456 458 596
f 596 458 597
f 458 460 597
f 597 460 598
f 460 462 598
f 598 462 599
f 462 464 599
f 599 464 600
f 464 466 600
f 600 466 601
f 466 468 601
f 601 468 602
f 468 470 602
f 602 470 603
f 470 472 603
f 603 472 604
f 472 474 604
f 604 474 605
f 474 476 605
f 605 476 606
f 476 478 606
f 606 478 607
f 478 480 607
f 607 480 608
f 480 482 608
f 608 482 609
f 482 484 609
f 609 484 610
f 484 486 610
f 610 486 611
f 486 488 611
f 611 488 612
f 488 490 612
f 612 490 613
f 490 492 613
f 613 492 614
f 492 494 614
f 614 494 615
f 494 496 615
f 615 496 616
f 496 498 616
f 616 498 617
f 498 500 617
f 617 500 618
f 500 502 618
f 618 502 619
f 502 504 619
f 619 504 620
f 504 506 620
f 620 506 621
f 506 508 621
f 621 508 622
f 508 510 622
f 622 510 623
f 510 512 623
f 623 512 624
f 512 514 624
f 624 514 625
f 514 516 625
f 625 516 626
f 516 518 626
f 626 518 627
f 518 520 627
f 627 520 628
f 520 522 628
f 628 522 629
f 522 524 629
f 629 524 630
f 524 526 630
f 630 526 631
f 526 528 631
f 631 528 632
f 528 530 632
f 632 530 633
f 530 532 633
f 633 532 634
f 532 534 634
f 634 534 635
f 534 536 635
f 635 536 636
f 536 538 636
f 636 538 637
f 538 540 637
f 637 540 638
f 540 542 638
f 638 542 639
f 542 544 639
f 639 544 640
f 544 546 640
f 640 546 641
f 546 548 641
f 641 548 642
f 548 550 642
f 642 550 643
f 550 552 643
f 643 552 644
f 552 554 644
f 644 554 645
f 554 556 645
f 645 556 646
f 556 558 646
f 646 558 647
f 558 560 647
f 647 560 648
f 560 562 648
f 648 562 649
f 562 564 649
f 649 564 650
f 564 566 650
f 650 566 651
f 566 568 651
f 651 568 652
f 568 570 652
f 652 570 653
f 570 572 653
f 653 572 654
f 572 574 654
f 654 574 655
f 574 576 655
f 655 576 656
f 576 578 656
f 656 578 657
f 578 580 657
f 657 580 658
f 580 582 658
f 658 582 659
f 582 584 659
f 659 584 588
f 584 586 588
f 660 661 662
f 661 663 662
f 662 663 664
f 665 666 667
f 665 667 668
f 667 669 668
f 668 669 670
f 669 671 670
f 670 671 672
f 671 673 672
f 672 673 674
f 673 675 674
f 674 675 676
f 675 677 676
f 676 677 678
f 677 679 678
f 678 679 680
f 679 681 680
f 680 681 682
f 681 683 682
f 682 683 684
f 683 685 684
f 684 685 686
f 685 687 686
f 686 687 688
f 687 689 688
f 688 689 690
f 689 691 690
f 690 691 692
f 691 693 692
f 692 693 694
f 695 663 696
f 697 698 699
f 700 701 702
f 701 703 702
f 702 703 704
f 703 705 704
f 697 699 706
f 699 707 708
f 709 710 702
f 710 711 702
f 702 711 700
f 705 712 704
f 712 713 704
f 704 713 714
f 715 716 717
f 716 704 717
f 717 704 718
f 698 719 699
f 719 720 699
f 699 720 721
f 722 723 724
f 723 725 724
f 724 725 726
f 727 728 729
f 728 730 729
f 731 732 702
f 732 733 702
f 702 733 709
f 714 734 704
f 734 735 704
f 704 735 736
f 737 738 739
f 740 741 742
f 741 743 742
f 743 729 742
f 742 729 744
f 729 730 744
f 699 708 745
f 708 746 745
f 745 746 747
f 748 749 750
f 749 751 750
f 750 751 752
f 751 753 752
f 752 753 754
f 755 756 724
f 756 757 724
f 724 757 758
f 759 760 761
f 760 762 761
f 763 764 765
f 764 766 765
f 765 766 767
f 748 750 768
f 750 769 768
f 768 769 770
f 769 771 770
f 770 771 772
f 771 773 772
f 772 773 774
f 721 775 699
f 775 776 699
f 699 776 777
f 778 779 765
f 779 780 765
f 777 781 699
f 781 782 699
f 699 782 707
f 753 783 754
f 783 784 754
f 754 784 785
f 784 786 785
f 787 788 702
f 788 789 702
f 702 789 731
f 736 790 704
f 790 791 704
f 704 791 792
f 793 794 795
f 794 796 795
f 795 796 797
f 796 798 797
f 797 798 799
f 800 801 802
f 803 804 759
f 804 805 759
f 759 805 806
f 786 807 785
f 807 808 785
f 785 808 806
f 808 809 806
f 806 809 759
f 758 810 724
f 810 811 724
f 724 811 812
f 739 813 737
f 813 814 737
f 737 814 815
f 814 816 815
f 815 816 817
f 816 818 817
f 817 818 819
f 818 761 819
f 819 761 820
f 761 762 820
f 821 822 823
f 822 824 823
f 823 824 825
f 826 827 828
f 829 830 765
f 830 831 765
f 765 831 778
f 832 833 834
f 835 836 837
f 773 838 774
f 838 839 774
f 774 839 840
f 839 841 840
f 840 841 836
f 841 842 836
f 836 842 837
f 843 761 844
f 761 845 844
f 844 845 801
f 845 846 801
f 801 846 802
f 715 847 716
f 847 848 716
f 716 848 849
f 848 850 849
f 851 852 853
f 852 854 853
f 853 854 855
f 856 857 724
f 857 858 724
f 724 858 722
f 780 859 765
f 859 860 765
f 765 860 861
f 862 863 702
f 863 864 702
f 702 864 787
f 792 865 704
f 865 866 704
f 704 866 867
f 868 869 853
f 869 870 853
f 853 870 851
f 871 872 742
f 872 873 742
f 742 873 740
f 874 875 759
f 875 876 759
f 759 876 803
f 799 798 877
f 798 878 877
f 877 878 879
f 825 880 823
f 880 881 823
f 823 881 737
f 881 882 737
f 737 882 738
f 829 765 883
f 765 724 883
f 883 724 884
f 834 833 885
f 837 886 835
f 886 887 835
f 835 887 888
f 887 889 888
f 888 889 834
f 889 890 834
f 834 890 832
f 855 891 853
f 891 892 853
f 853 892 823
f 892 893 823
f 823 893 821
f 861 894 765
f 894 895 765
f 765 895 896
f 767 897 765
f 897 898 765
f 765 898 899
f 900 901 702
f 901 902 702
f 702 902 862
f 867 903 704
f 903 904 704
f 704 904 905
f 906 907 853
f 907 908 853
f 853 908 868
f 909 910 724
f 910 911 724
f 724 911 884
f 912 913 914
f 833 915 885
f 915 916 885
f 885 916 917
f 916 918 917
f 917 918 919
f 920 921 759
f 921 922 759
f 759 922 874
f 706 699 702
f 699 923 702
f 702 923 900
f 905 924 704
f 924 925 704
f 704 925 718
f 850 926 849
f 926 927 849
f 849 927 878
f 927 928 878
f 878 928 879
f 912 914 929
f 913 930 914
f 930 917 914
f 914 917 931
f 917 919 931
f 793 795 932
f 795 933 932
f 932 933 812
f 933 934 812
f 812 934 724
f 934 935 724
f 724 935 936
f 896 937 765
f 937 938 765
f 765 938 939
f 940 941 853
f 941 942 853
f 853 942 906
f 943 944 724
f 944 945 724
f 724 945 856
f 946 947 724
f 947 948 724
f 724 948 909
f 899 949 765
f 949 950 765
f 765 950 742
f 950 951 742
f 742 951 871
f 800 802 952
f 802 953 952
f 952 953 954
f 724 955 956
f 957 958 914
f 958 959 914
f 914 959 929
f 843 960 761
f 960 961 761
f 761 961 759
f 961 962 759
f 759 962 920
f 826 828 853
f 828 963 853
f 853 963 940
f 936 964 724
f 964 965 724
f 724 965 955
f 826 966 827
f 966 967 827
f 827 967 956
f 967 968 956
f 956 968 724
f 968 969 724
f 724 969 943
f 939 970 765
f 970 971 765
f 765 971 972
f 973 974 724
f 974 975 724
f 724 975 946
f 727 729 976
f 729 977 976
f 976 977 914
f 977 978 914
f 914 978 957
f 979 980 981
f 747 746 982
f 746 983 982
f 982 983 984
f 983 985 984
f 984 985 980
f 985 986 980
f 980 986 981
f 972 987 765
f 987 988 765
f 765 988 989
f 726 990 724
f 990 991 724
f 724 991 973
f 989 992 765
f 992 993 765
f 765 993 763
f 979 981 994
f 981 995 994
f 994 995 996
f 995 997 996
f 996 997 998
f 997 999 998
f 998 999 1000
f 999 1001 1000
f 1000 1001 954
f 1001 1002 954
f 954 1002 952
f 1003 1004 1005
f 686 688 1006
f 1007 1008 704
f 1008 1009 704
f 1005 1004 694
f 1004 1010 694
f 694 1010 1011
f 1012 1013 1014
f 1013 1015 1014
f 1014 1015 1016
f 1017 1018 696
f 1018 1019 696
f 1020 1021 1005
f 1021 1022 1005
f 1005 1022 1003
f 1011 1023 694
f 1023 1024 694
f 694 1024 1025
f 1026 1027 704
f 1027 1028 704
f 704 1028 1007
f 1029 702 1030
f 1031 1032 696
f 1030 702 1033
f 702 704 1033
f 1033 704 1034
f 1035 1036 1005
f 1036 1037 1005
f 1005 1037 1020
f 1006 1038 686
f 1038 1039 686
f 686 1039 684
f 1039 1040 684
f 684 1040 682
f 1041 1042 1014
f 1042 1043 1014
f 1014 1043 1012
f 1025 1044 694
f 1044 1045 694
f 694 1045 1046
f 1032 1047 696
f 1047 1048 696
f 696 1048 1049
f 1050 1051 1052
f 1009 1053 704
f 1053 1054 704
f 704 1054 1034
f 1049 1055 696
f 1055 1056 696
f 696 1056 1017
f 1057 1058 1059
f 1058 1060 1059
f 1059 1060 1061
f 1060 1062 1061
f 1061 1062 1063
f 1062 1064 1063
f 1063 1064 1051
f 1064 1065 1051
f 1051 1065 1052
f 1066 1067 1068
f 1019 1069 696
f 1069 1070 696
f 696 1070 1071
f 1052 1072 1050
f 1072 1073 1050
f 1050 1073 1074
f 1073 1075 1074
f 1074 1075 1076
f 1077 1078 1005
f 1078 1079 1005
f 1005 1079 1035
f 1057 1059 1080
f 1059 1081 1080
f 1080 1081 1082
f 1081 1083 1082
f 1082 1083 1084
f 1068 1067 1085
f 1086 1087 1077
f 1087 1088 1077
f 1077 1088 1078
f 1046 1089 694
f 1089 1090 694
f 694 1090 692
f 1090 1091 692
f 692 1091 1092
f 1084 1083 1093
f 1083 1094 1093
f 1093 1094 1095
f 1030 1096 1029
f 1096 1097 1029
f 1029 1097 1094
f 1097 1098 1094
f 1094 1098 1095
f 1075 1099 1076
f 1099 1100 1076
f 1076 1100 1068
f 1100 1101 1068
f 1068 1101 1066
f 1102 1103 1014
f 1103 1104 1014
f 1014 1104 1041
f 1086 1077 1105
f 1077 1014 1105
f 1105 1014 1106
f 1092 1107 692
f 1107 1108 692
f 692 1108 690
f 1108 1109 690
f 690 1109 1110
f 704 665 1026
f 665 668 1026
f 1026 668 1111
f 668 670 1111
f 1111 670 1112
f 670 672 1112
f 1112 672 1113
f 672 674 1113
f 1113 674 1114
f 674 676 1114
f 1114 676 1115
f 676 678 1115
f 1115 678 1116
f 678 680 1116
f 1116 680 1117
f 680 682 1117
f 1117 682 1118
f 682 1040 1118
f 1071 1119 696
f 1119 1120 696
f 696 1120 1102
f 1016 1121 1014
f 1121 1122 1014
f 1014 1122 1106
f 1110 1123 690
f 1123 1124 690
f 690 1124 688
f 1124 1125 688
f 688 1125 1006
f 1126 1127 696
f 1127 1128 696
f 1129 1130 696
f 1130 1131 696
f 696 1131 1126
f 1067 1132 1085
f 1132 1031 1085
f 1085 1031 1133
f 1031 696 1133
f 1133 696 1134
f 696 1135 1134
f 1136 1137 696
f 1137 1138 696
f 696 1138 1135
f 1139 1140 696
f 1140 1141 696
f 696 1141 1136
f 1128 1142 696
f 1142 1143 696
f 696 1143 1139
f 1144 1145 663
f 1145 1146 663
f 1147 1148 663
f 1148 1149 663
f 663 1149 1150
f 765 1151 1152
f 1153 1154 663
f 1154 1155 663
f 663 1155 1144
f 696 1156 1157
f 1146 1158 663
f 1158 1159 663
f 663 1159 1160
f 765 1161 1162
f 1163 1164 663
f 1164 1165 663
f 663 1165 1153
f 1166 1167 742
f 1167 1168 742
f 742 1168 765
f 1168 1169 765
f 765 1169 1151
f 1170 1171 765
f 1171 1172 765
f 765 1172 1161
f 1160 1173 663
f 1173 1174 663
f 663 1174 696
f 1175 1176 661
f 1176 1177 661
f 661 1177 1178
f 1179 1180 663
f 1180 1181 663
f 663 1181 1163
f 1174 1182 696
f 1182 1183 696
f 696 1183 1184
f 1185 1186 765
f 1186 1187 765
f 765 1187 1170
f 1162 1188 765
f 1188 1189 765
f 765 1189 1190
f 1189 1191 1190
f 1192 1193 661
f 1193 1194 661
f 661 1194 663
f 1194 1195 663
f 663 1195 1147
f 1191 1196 1190
f 1196 1197 1190
f 1190 1197 1198
f 1199 1200 663
f 1200 1201 663
f 663 1201 1179
f 1184 1202 696
f 1202 1203 696
f 696 1203 1204
f 1205 1206 765
f 1206 1207 765
f 765 1207 1185
f 1157 1208 696
f 1208 1209 696
f 696 1209 1129
f 1209 1210 1129
f 1129 1210 1211
f 1210 1212 1211
f 1211 1212 1213
f 1178 1214 661
f 1214 1215 661
f 661 1215 1216
f 1198 1217 1190
f 1217 1218 1190
f 1190 1218 1219
f 1220 1221 663
f 1221 1222 663
f 663 1222 1199
f 1204 1223 696
f 1223 1224 696
f 696 1224 1225
f 1226 1227 742
f 1227 1228 742
f 742 1228 1166
f 1229 1230 765
f 1230 1231 765
f 765 1231 1205
f 1216 1232 661
f 1232 1233 661
f 661 1233 1192
f 1225 1234 696
f 1234 1235 696
f 696 1235 1156
f 1219 1236 1190
f 1236 1237 1190
f 1190 1237 1238
f 1150 1239 663
f 1239 1240 663
f 663 1240 1220
f 1226 1241 1227
f 1241 1242 1227
f 1227 1242 1243
f 1244 1245 765
f 1245 1246 765
f 765 1246 1229
f 1238 1247 1190
f 1247 1248 1190
f 1190 1248 1249
f 1152 1250 765
f 1250 1251 765
f 765 1251 1244
f 1249 1252 1190
f 1252 1253 1190
f 1190 1253 661
f 1253 1254 661
f 661 1254 1175
f 1243 1242 1255
f 1242 1256 1255
f 1255 1256 1257
f 1256 1258 1257
f 1257 1258 1213
f 1258 1259 1213
f 1213 1259 1211
f 1260 1261 696
f 1261 1262 696
f 696 1262 695
f 1263 1264 696
f 1264 1265 696
f 696 1265 1260
f 1102 1014 696
f 1014 1266 696
f 696 1266 1263
f 320 322 1267
f 322 324 1267
f 1268 380 382
f 348 349 1267
f 348 1267 346
f 349 351 1267
f 351 352 1267
f 1267 352 1268
f 435 443 1269
f 443 442 1269
f 1269 442 1270
f 442 440 1270
f 352 354 1268
f 354 355 1268
f 1268 355 357
f 1271 316 1267
f 316 318 1267
f 1267 318 320
f 342 343 1267
f 343 345 1267
f 1267 345 346
f 357 358 1268
f 358 360 1268
f 1268 360 361
f 440 439 1270
f 439 266 1270
f 1270 266 1272
f 382 384 1268
f 384 386 1268
f 1268 386 388
f 1273 437 1269
f 437 436 1269
f 1269 436 435
f 266 265 1272
f 265 268 1272
f 1272 268 1274
f 310 312 1271
f 312 314 1271
f 1271 314 316
f 337 339 1267
f 339 340 1267
f 1267 340 342
f 361 363 1268
f 363 364 1268
f 1268 364 366
f 1275 429 1273
f 429 438 1273
f 1273 438 437
f 268 270 1274
f 270 271 1274
f 1274 271 1276
f 1277 1278 1268
f 1278 1279 1268
f 1268 1279 1280
f 1281 431 1275
f 431 430 1275
f 1275 430 429
f 333 334 1267
f 334 336 1267
f 1267 336 337
f 366 367 1268
f 367 369 1268
f 1268 369 370
f 271 273 1276
f 273 274 1276
f 1276 274 1282
f 1283 423 1281
f 423 432 1281
f 1281 432 431
f 296 298 1284
f 298 300 1284
f 1284 300 1271
f 300 302 1271
f 1271 302 304
f 392 394 1285
f 274 276 1282
f 276 277 1282
f 1282 277 1286
f 304 306 1271
f 306 308 1271
f 1271 308 310
f 328 330 1267
f 330 331 1267
f 1267 331 333
f 370 372 1268
f 372 373 1268
f 1268 373 375
f 1285 394 1287
f 375 376 1268
f 376 378 1268
f 1268 378 380
f 1288 1289 388
f 1289 1290 388
f 388 1290 1268
f 1290 1291 1268
f 1268 1291 1277
f 394 396 1287
f 396 398 1287
f 1287 398 1292
f 398 400 1292
f 1292 400 1293
f 400 402 1293
f 1293 402 1294
f 402 404 1294
f 1294 404 1295
f 404 406 1295
f 1295 406 1296
f 406 408 1296
f 1296 408 1297
f 408 410 1297
f 1297 410 1298
f 410 412 1298
f 1298 412 1299
f 1300 426 1301
f 426 425 1301
f 1301 425 1283
f 425 424 1283
f 1283 424 423
f 277 279 1286
f 279 280 1286
f 1286 280 1302
f 324 325 1267
f 325 327 1267
f 1267 327 328
f 1285 1303 392
f 1303 1304 392
f 392 1304 390
f 1304 1305 390
f 390 1305 388
f 1305 1306 388
f 388 1306 1288
f 1307 418 1300
f 418 417 1300
f 1300 417 426
f 280 282 1302
f 282 283 1302
f 1302 283 1308
f 412 414 1299
f 414 420 1299
f 1299 420 1307
f 420 419 1307
f 1307 419 418
f 283 285 1308
f 285 286 1308
f 1308 286 1309
f 286 288 1309
f 1309 288 1310
f 288 290 1310
f 1310 290 1311
f 290 292 1311
f 1311 292 1284
f 292 294 1284
f 1284 294 296
f 1293 1312 1313
f 1293 1313 1292
f 1313 1314 1292
f 1292 1314 1287
f 1314 1315 1287
f 1287 1315 1285
f 1315 1316 1285
f 1285 1316 1303
f 1316 1317 1303
f 1303 1317 1304
f 1317 1318 1304
f 1304 1318 1305
f 1318 1319 1305
f 1305 1319 1306
f 1319 1320 1306
f 1306 1320 1288
f 1320 1321 1288
f 1288 1321 1289
f 1321 1322 1289
f 1289 1322 1290
f 1322 1323 1290
f 1290 1323 1291
f 1323 1324 1291
f 1291 1324 1277
f 1324 1325 1277
f 1277 1325 1278
f 1325 1326 1278
f 1278 1326 1279
f 1326 1327 1279
f 1279 1327 1280
f 1284 1328 1329
f 1284 1329 1311
f 1329 1330 1311
f 1311 1330 1310
f 1330 1331 1310
f 1310 1331 1309
f 1331 1332 1309
f 1309 1332 1308
f 1332 1333 1308
f 1308 1333 1302
f 1333 1334 1302
f 1302 1334 1286
f 1334 1335 1286
f 1286 1335 1282
f 1335 1336 1282
f 1282 1336 1276
f 1336 1337 1276
f 1276 1337 1274
f 1337 1338 1274
f 1274 1338 1272
f 1338 1339 1272
f 1272 1339 1270
f 1284 1271 1328
f 1271 1340 1328
f 1269 1341 1342
f 1269 1342 1273
f 1342 1343 1273
f 1273 1343 1275
f 1343 1344 1275
f 1275 1344 1281
f 1344 1345 1281
f 1281 1345 1283
f 1345 1346 1283
f 1283 1346 1301
f 1346 1347 1301
f 1301 1347 1300
f 1347 1348 1300
f 1300 1348 1307
f 1348 1349 1307
f 1307 1349 1299
f 1349 1350 1299
f 1299 1350 1298
f 1350 1351 1298
f 1298 1351 1297
f 1351 1352 1297
f 1297 1352 1296
f 1352 1353 1296
f 1296 1353 1295
f 1353 1354 1295
f 1295 1354 1294
f 1354 1312 1294
f 1294 1312 1293
f 1270 1339 1269
f 1339 1341 1269
f 63 65 660
f 1355 1340 68
f 68 61 1355
f 61 63 1355
f 1355 63 1356
f 63 660 1356
f 1357 127 1358
f 127 125 1358
f 1358 125 1359
f 125 123 1359
f 1359 123 1360
f 123 121 1360
f 1360 121 1361
f 121 263 1361
f 1361 263 1362
f 263 261 1362
f 1362 261 1363
f 261 259 1363
f 1363 259 1364
f 259 257 1364
f 1364 257 1365
f 257 255 1365
f 1365 255 1366
f 255 253 1366
f 1366 253 1367
f 253 251 1367
f 1367 251 1368
f 251 249 1368
f 1368 249 1369
f 249 247 1369
f 1369 247 1370
f 247 245 1370
f 1370 245 1371
f 245 243 1371
f 1371 243 1372
f 243 241 1372
f 1372 241 1373
f 241 239 1373
f 1373 239 1374
f 239 237 1374
f 1374 237 1375
f 237 235 1375
f 1375 235 1376
f 235 233 1376
f 1376 233 1377
f 233 231 1377
f 1377 231 1378
f 231 229 1378
f 1378 229 1379
f 229 227 1379
f 1379 227 1380
f 227 225 1380
f 1380 225 1381
f 225 223 1381
f 1381 223 1382
f 223 221 1382
f 1382 221 1383
f 221 219 1383
f 1383 219 1384
f 219 217 1384
f 1384 217 1385
f 217 215 1385
f 1385 215 1386
f 215 213 1386
f 1386 213 1387
f 213 211 1387
f 1387 211 1388
f 211 209 1388
f 1388 209 1389
f 209 207 1389
f 1389 207 1390
f 207 205 1390
f 1390 205 1391
f 205 203 1391
f 1391 203 1392
f 203 201 1392
f 1392 201 1393
f 201 199 1393
f 1393 199 1394
f 199 197 1394
f 1394 197 1395
f 197 195 1395
f 1395 195 1396
f 195 193 1396
f 1396 193 1397
f 193 191 1397
f 1397 191 1398
f 191 189 1398
f 1398 189 1399
f 189 187 1399
f 1399 187 1400
f 187 185 1400
f 1400 185 1401
f 185 183 1401
f 1401 183 1402
f 183 181 1402
f 1402 181 1403
f 181 179 1403
f 1403 179 1404
f 179 177 1404
f 1404 177 1405
f 177 175 1405
f 1405 175 1406
f 175 173 1406
f 1406 173 1407
f 173 171 1407
f 1407 171 1408
f 171 169 1408
f 1408 169 1409
f 169 167 1409
f 1409 167 1410
f 167 165 1410
f 1410 165 1411
f 165 163 1411
f 1411 163 1412
f 163 161 1412
f 1412 161 1413
f 161 159 1413
f 1413 159 1414
f 159 157 1414
f 1414 157 1415
f 157 155 1415
f 1415 155 1416
f 155 153 1416
f 1416 153 1417
f 153 151 1417
f 1417 151 1418
f 151 149 1418
f 1418 149 1419
f 149 147 1419
f 1419 147 1420
f 147 145 1420
f 1420 145 1421
f 145 143 1421
f 1421 143 1422
f 143 141 1422
f 1422 141 1423
f 141 139 1423
f 1423 139 1424
f 139 137 1424
f 1424 137 1425
f 137 135 1425
f 1425 135 1426
f 135 133 1426
f 1426 133 1427
f 133 131 1427
f 1427 131 1428
f 131 129 1428
f 1428 129 1357
f 129 127 1357
f 381 599 383
f 599 600 383
f 383 600 385
f 600 601 385
f 385 601 387
f 601 602 387
f 387 602 389
f 602 603 389
f 389 603 391
f 603 604 391
f 391 604 393
f 604 605 393
f 393 605 395
f 605 606 395
f 395 606 397
f 606 607 397
f 397 607 399
f 607 608 399
f 399 608 401
f 608 609 401
f 401 609 403
f 609 610 403
f 403 610 405
f 610 611 405
f 405 611 407
f 611 612 407
f 407 612 409
f 612 613 409
f 409 613 411
f 613 614 411
f 411 614 413
f 614 615 413
f 413 615 415
f 615 616 415
f 415 616 416
f 616 617 416
f 416 617 421
f 617 618 421
f 421 618 422
f 618 619 422
f 422 619 427
f 619 620 427
f 427 620 428
f 620 621 428
f 428 621 433
f 621 622 433
f 433 622 434
f 622 623 434
f 434 623 441
f 623 624 441
f 441 624 267
f 624 625 267
f 267 625 264
f 625 626 264
f 264 626 269
f 626 627 269
f 269 627 272
f 627 628 272
f 272 628 275
f 628 629 275
f 275 629 278
f 629 630 278
f 278 630 281
f 630 631 281
f 281 631 284
f 631 632 284
f 284 632 287
f 632 633 287
f 287 633 289
f 633 634 289
f 289 634 291
f 634 635 291
f 291 635 293
f 635 636 293
f 293 636 295
f 636 637 295
f 295 637 297
f 637 638 297
f 297 638 299
f 638 639 299
f 299 639 301
f 639 640 301
f 301 640 303
f 640 641 303
f 303 641 305
f 641 642 305
f 305 642 307
f 642 643 307
f 307 643 309
f 643 644 309
f 309 644 311
f 644 645 311
f 311 645 313
f 645 646 313
f 313 646 315
f 646 647 315
f 315 647 317
f 647 648 317
f 317 648 319
f 648 649 319
f 319 649 321
f 649 650 321
f 321 650 323
f 650 651 323
f 323 651 326
f 651 652 326
f 326 652 329
f 652 653 329
f 329 653 332
f 653 654 332
f 332 654 335
f 654 655 335
f 335 655 338
f 655 656 338
f 338 656 341
f 656 657 341
f 341 657 344
f 657 658 344
f 344 658 347
f 658 659 347
f 347 659 350
f 659 588 350
f 350 588 353
f 588 589 353
f 353 589 356
f 589 590 356
f 356 590 359
f 590 591 359
f 359 591 362
f 591 592 362
f 362 592 365
f 592 593 365
f 365 593 368
f 593 594 368
f 368 594 371
f 594 595 371
f 371 595 374
f 595 596 374
f 374 596 377
f 596 597 377
f 377 597 379
f 597 598 379
f 379 598 381
f 598 599 381
f 1429 1430 69
f 1431 1432 1433
f 1434 1435 1436
f 1435 1437 1436
f 1436 1437 1438
f 1439 1440 1441
f 1440 1442 1441
f 1443 1444 1445
f 1446 1447 1440
f 1448 1449 1440
f 1449 1450 1440
f 1440 1450 1451
f 1451 1452 1440
f 1452 1453 1440
f 1440 1453 1442
f 1454 1433 1455
f 1433 1456 1455
f 1444 1443 1437
f 1443 1457 1437
f 1437 1457 1438
f 1434 1436 1458
f 1436 1459 1458
f 1458 1459 1460
f 1430 1461 69
f 1461 1462 69
f 69 1462 1463
f 1447 1464 1440
f 1464 1465 1440
f 1440 1465 1466
f 1466 1467 1440
f 1467 1468 1440
f 1440 1468 1448
f 1469 1470 1440
f 1470 1471 1440
f 1440 1471 1472
f 1473 1474 666
f 1474 1475 666
f 666 1475 1476
f 1477 1478 666
f 1478 1479 666
f 1480 1481 1482
f 1481 1483 1482
f 1483 1484 1482
f 1484 1433 1482
f 1482 1433 1485
f 1433 1454 1485
f 1445 1486 1443
f 1486 1487 1443
f 1443 1487 1488
f 1487 1489 1488
f 1490 1491 71
f 1491 1492 71
f 71 1492 1493
f 1493 1494 71
f 1494 1495 71
f 71 1495 1496
f 1462 1497 1463
f 1497 1498 1463
f 1463 1498 1499
f 1498 1500 1499
f 1499 1500 1440
f 1500 1501 1440
f 1440 1501 1446
f 1440 1502 1503
f 1504 1505 666
f 1505 1506 666
f 666 1506 1473
f 1476 1507 666
f 1507 1508 666
f 666 1508 1477
f 1432 1509 1433
f 1509 1510 1433
f 1433 1510 1511
f 1511 1512 1433
f 1512 1513 1433
f 1433 1513 1456
f 1514 1515 1516
f 1496 1517 71
f 1517 1518 71
f 71 1518 69
f 1518 1519 69
f 69 1519 1429
f 1503 1520 1440
f 1520 1521 1440
f 1440 1521 1522
f 1514 1516 1523
f 1516 1524 1523
f 1523 1524 1489
f 1524 1525 1489
f 1489 1525 1488
f 1439 1526 1440
f 1526 1527 1440
f 1440 1527 1502
f 1522 1528 1440
f 1528 1529 1440
f 1440 1529 1469
f 1514 1530 1515
f 1530 1531 1515
f 1515 1531 1532
f 1531 1533 1532
f 1532 1533 1480
f 1533 1534 1480
f 1480 1534 1481
f 1504 666 1535
f 666 1536 1535
f 1535 1536 1439
f 1536 1537 1439
f 1439 1537 1526
f 689 687 1433
f 687 685 1433
f 1433 685 683
f 683 681 1433
f 681 679 1433
f 1433 679 677
f 1433 671 669
f 677 675 1433
f 675 673 1433
f 1433 673 671
f 1479 1431 666
f 1431 1433 666
f 666 1433 667
f 1433 669 667
f 1538 1539 1433
f 1540 1541 1542
f 1543 689 1544
f 689 1545 1544
f 1542 1546 1540
f 1546 1547 1540
f 1540 1547 1548
f 1549 1550 1551
f 1550 1552 1551
f 1551 1552 1553
f 1554 1555 1433
f 1555 1556 1433
f 1433 1556 1557
f 1539 1558 1433
f 1558 1559 1433
f 1433 1559 689
f 1559 1560 689
f 689 1560 1545
f 1543 1561 689
f 1561 1562 689
f 689 1562 1563
f 1564 662 1565
f 662 1566 1565
f 1567 1568 1569
f 1554 1570 1571
f 664 1572 662
f 1572 1573 662
f 662 1573 1566
f 1548 1547 1574
f 1547 1575 1574
f 1574 1575 1576
f 1575 1577 1576
f 1576 1577 1578
f 1577 1579 1578
f 1578 1579 1568
f 1579 1580 1568
f 1568 1580 1569
f 1484 1581 1433
f 1581 1582 1433
f 1433 1582 1554
f 1582 1583 1554
f 1554 1583 1570
f 1584 1585 1586
f 1585 1587 1586
f 1586 1587 1588
f 1587 1589 1588
f 1588 1589 1590
f 1589 1591 1590
f 1590 1591 1592
f 1591 1593 1592
f 1592 1593 1594
f 1593 1595 1594
f 1594 1595 664
f 1595 1596 664
f 664 1596 1572
f 1569 1597 1567
f 1597 1598 1567
f 1567 1598 1599
f 1598 1600 1599
f 1599 1600 1552
f 1600 1601 1552
f 1552 1601 1553
f 1541 1540 1571
f 1540 1602 1571
f 1571 1602 1554
f 1557 1603 1433
f 1603 1604 1433
f 1433 1604 1605
f 1605 1606 1433
f 1606 1607 1433
f 1433 1607 1538
f 1563 1608 689
f 1608 1609 689
f 689 1609 1610
f 1610 1611 689
f 1611 1612 689
f 689 1612 691
f 1612 1613 691
f 1613 1614 691
f 691 1614 693
f 1564 1615 662
f 1615 1616 662
f 662 1616 1551
f 1616 1617 1551
f 1551 1617 1549
f 1614 1618 693
f 1618 1619 693
f 693 1619 1620
f 1620 1621 693
f 1621 1622 693
f 693 1622 1623
f 1622 1624 1623
f 1623 1624 1625
f 1625 1626 1623
f 1626 1627 1623
f 1623 1627 1628
f 1627 1629 1628
f 1629 1630 1628
f 1630 1631 1628
f 1628 1631 1632
f 1631 1633 1632
f 1633 1634 1632
f 1632 1634 1635
f 1634 1636 1635
f 1636 1637 1635
f 1635 1637 1638
f 1637 1639 1638
f 1638 1639 1584
f 1639 1640 1584
f 1584 1640 1585
f 1641 1642 662
f 660 662 1643
f 660 1643 1356
f 1643 1644 1356
f 1356 1644 1645
f 1645 1646 1356
f 1646 1647 1356
f 1356 1647 1648
f 1648 1649 1356
f 1649 1650 1356
f 1356 1650 1651
f 1651 1652 1356
f 1652 1653 1356
f 1356 1653 1654
f 1655 1656 71
f 1657 1658 662
f 1658 1659 662
f 662 1659 1643
f 1551 1660 1661
f 1551 1661 662
f 1661 1662 662
f 662 1662 1641
f 1654 1663 1356
f 1663 1664 1356
f 1356 1664 1665
f 1666 1667 1668
f 1669 1670 73
f 1642 1671 662
f 1671 1672 662
f 662 1672 1673
f 1673 1674 662
f 1674 1675 662
f 662 1675 1657
f 1676 1677 73
f 1677 1678 73
f 73 1678 1679
f 1680 1681 1682
f 1683 1684 1551
f 1684 1685 1551
f 1551 1685 1660
f 1686 1687 73
f 1687 1688 73
f 73 1688 1689
f 1665 1690 1356
f 1690 1691 1356
f 1356 1691 1692
f 1691 1693 1692
f 1692 1693 1676
f 1693 1694 1676
f 1676 1694 1677
f 1679 1695 73
f 1695 1696 73
f 73 1696 1666
f 1656 1697 71
f 1697 1698 71
f 71 1698 1699
f 1699 1700 71
f 1700 1701 71
f 71 1701 1702
f 1703 1704 71
f 1705 1706 1707
f 1708 1709 1551
f 1709 1710 1551
f 1551 1710 1683
f 1666 1711 1667
f 1711 1712 1667
f 1667 1712 1713
f 1670 1714 73
f 1714 1715 73
f 73 1715 1716
f 1717 1458 71
f 1458 1460 71
f 71 1460 1490
f 1717 1718 1458
f 1718 1719 1458
f 1458 1719 1720
f 1705 1707 1721
f 1707 1722 1721
f 1721 1722 1682
f 1722 1723 1682
f 1682 1723 1680
f 1724 1725 1551
f 1725 1726 1551
f 1551 1726 1708
f 1713 1727 1667
f 1727 1728 1667
f 1667 1728 1729
f 1668 1730 1666
f 1730 1731 1666
f 1666 1731 73
f 1731 1732 73
f 73 1732 1686
f 1689 1733 73
f 1733 1734 73
f 73 1734 1669
f 1716 1735 73
f 1735 1736 73
f 73 1736 1737
f 1737 1738 73
f 1738 1739 73
f 73 1739 71
f 1739 1740 71
f 71 1740 1655
f 1702 1741 71
f 1741 1742 71
f 71 1742 1743
f 1743 1744 71
f 1744 1745 71
f 71 1745 1746
f 1746 1747 71
f 1747 1748 71
f 71 1748 1703
f 1704 1749 71
f 1749 1750 71
f 71 1750 1717
f 1720 1751 1458
f 1751 1752 1458
f 1458 1752 1753
f 1753 1754 1458
f 1754 1755 1458
f 1458 1755 1756
f 1756 1757 1458
f 1757 1758 1458
f 1458 1758 1759
f 1760 1761 1762
f 1761 1763 1762
f 1764 1765 1766
f 1765 1767 1766
f 1766 1767 1768
f 1724 1769 1725
f 1769 1770 1725
f 1725 1770 1771
f 1770 1772 1771
f 1773 1774 1775
f 1774 1667 1775
f 1775 1667 1776
f 1667 1729 1776
f 1777 1778 1779
f 1766 1780 1781
f 1760 1762 1766
f 1762 1782 1766
f 1766 1782 1764
f 1768 1783 1766
f 1783 1784 1766
f 1766 1784 1785
f 1786 1787 1770
f 1787 1788 1770
f 1770 1788 1772
f 1789 1790 1680
f 1790 1791 1680
f 1680 1791 1681
f 1786 1792 1787
f 1792 1790 1787
f 1787 1790 1793
f 1790 1789 1793
f 1794 1795 1796
f 1795 1797 1796
f 1796 1797 1759
f 1797 1798 1759
f 1759 1798 1458
f 1705 1799 1706
f 1799 1800 1706
f 1706 1800 1763
f 1800 1801 1763
f 1763 1801 1762
f 1802 1803 1794
f 1803 1804 1794
f 1794 1804 1795
f 1780 1766 1805
f 1766 1785 1805
f 1805 1785 1806
f 1785 1807 1806
f 1806 1807 1778
f 1807 1808 1778
f 1778 1808 1779
f 1802 1794 1809
f 1794 1810 1809
f 1809 1810 1811
f 1773 1775 1812
f 1775 1813 1812
f 1812 1813 1814
f 1813 1815 1814
f 1814 1815 1781
f 1815 1816 1781
f 1781 1816 1766
f 1777 1779 1817
f 1779 1818 1817
f 1817 1818 1819
f 1818 1820 1819
f 1819 1820 1821
f 1820 1822 1821
f 1821 1822 1811
f 1822 1823 1811
f 1811 1823 1809
f 15 19 75
f 29 28 7
f 1190 1267 6
f 6 15 1190
f 15 75 1190
f 1190 75 765
f 75 74 765
f 765 74 724
f 74 1824 1825
f 1826 1827 724
f 1828 1829 102
f 109 1267 102
f 1267 1268 102
f 7 6 29
f 6 1267 29
f 29 1267 38
f 1267 109 38
f 38 109 39
f 74 1825 724
f 1825 1830 724
f 724 1830 1826
f 1831 1832 74
f 1832 1833 74
f 1833 1834 74
f 74 1834 1835
f 1835 1836 74
f 1836 1837 74
f 74 1837 1824
f 1829 1838 102
f 1838 1839 102
f 102 1839 1840
f 102 1841 1842
f 102 1842 74
f 1842 1843 74
f 74 1843 1844
f 1845 1846 74
f 1846 1847 74
f 74 1847 1831
f 1827 1848 724
f 1848 1849 724
f 724 1849 1850
f 1851 1852 1268
f 1853 1854 1268
f 1854 1855 1268
f 1268 1855 102
f 1855 1856 102
f 102 1856 1828
f 1840 1857 102
f 1857 1858 102
f 102 1858 1859
f 1844 1860 74
f 1860 1861 74
f 74 1861 1862
f 1862 1863 74
f 1863 1864 74
f 74 1864 1845
f 1852 1865 1268
f 1865 1866 1268
f 1268 1866 1853
f 1859 1867 102
f 1867 1868 102
f 102 1868 1869
f 1870 1871 1268
f 1871 1872 1268
f 1268 1872 1851
f 1869 1873 102
f 1873 1874 102
f 102 1874 1841
f 1850 1875 724
f 1875 1876 724
f 724 1876 1877
f 1877 1878 724
f 1878 1879 724
f 724 1879 1880
f 1880 1881 724
f 1881 1882 724
f 724 1882 1883
f 1883 1884 724
f 1884 1885 724
f 724 1885 1268
f 1885 1886 1268
f 1268 1886 1887
f 1887 1888 1268
f 1888 1889 1268
f 1268 1889 1890
f 1890 1891 1268
f 1891 1892 1268
f 1268 1892 1893
f 1893 1894 1268
f 1894 1895 1268
f 1268 1895 1870
f 1896 1897 1898
f 1897 1899 1898
f 1898 1899 1900
f 1899 1901 1900
f 1900 1901 1902
f 1901 1903 1902
f 1902 1903 1904
f 1903 1905 1904
f 1904 1905 1906
f 1905 1907 1906
f 1906 1907 1908
f 1907 1909 1908
f 1908 1909 1910
f 1909 1911 1910
f 1910 1911 1912
f 1911 1913 1912
f 1912 1913 1914
f 1913 1915 1914
f 1914 1915 1916
f 1915 1917 1916
f 1916 1917 1918
f 1917 1919 1918
f 1918 1919 1920
f 1919 1921 1920
f 1920 1921 1922
f 1921 1923 1922
f 1922 1923 1924
f 1923 1925 1924
f 1924 1925 1926
f 1925 1927 1926
f 1926 1927 1928
f 1927 1929 1928
f 1928 1929 1930
f 1929 1931 1930
f 1930 1931 1932
f 1931 1933 1932
f 1932 1933 1934
f 1933 1935 1934
f 1934 1935 1936
f 1935 1937 1936
f 1936 1937 1938
f 1937 1939 1938
f 1938 1939 1940
f 1939 1941 1940
f 1940 1941 1942
f 1941 1943 1942
f 1942 1943 1944
f 1943 1945 1944
f 1944 1945 1946
f 1945 1947 1946
f 1946 1947 1948
f 1947 1949 1948
f 1948 1949 1950
f 1949 1951 1950
f 1950 1951 1952
f 1951 1953 1952
f 1952 1953 1954
f 1953 1955 1954
f 1954 1955 1956
f 1955 1957 1956
f 1956 1957 1958
f 1957 1959 1958
f 1958 1959 1960
f 1959 1961 1960
f 1960 1961 1962
f 1961 1963 1962
f 1962 1963 1964
f 1963 1965 1964
f 1964 1965 1966
f 1965 1967 1966
f 1966 1967 1968
f 1967 1969 1968
f 1968 1969 1970
f 1969 1971 1970
f 1970 1971 1972
f 1971 1973 1972
f 1972 1973 1974
f 1973 1975 1974
f 1974 1975 1976
f 1975 1977 1976
f 1976 1977 1978
f 1977 1979 1978
f 1978 1979 1980
f 1979 1981 1980
f 1980 1981 1982
f 1981 1983 1982
f 1982 1983 1984
f 1983 1985 1984
f 1984 1985 1986
f 1985 1987 1986
f 1986 1987 1988
f 1987 1989 1988
f 1988 1989 1990
f 1989 1991 1990
f 1990 1991 1992
f 1991 1993 1992
f 1992 1993 1994
f 1993 1995 1994
f 1994 1995 1996
f 1995 1997 1996
f 1996 1997 1998
f 1997 1999 1998
f 1998 1999 2000
f 1999 2001 2000
f 2000 2001 2002
f 2001 2003 2002
f 2002 2003 2004
f 2003 2005 2004
f 2004 2005 2006
f 2005 2007 2006
f 2006 2007 2008
f 2007 2009 2008
f 2008 2009 2010
f 2009 2011 2010
f 2010 2011 2012
f 2011 2013 2012
f 2012 2013 2014
f 2013 2015 2014
f 2014 2015 2016
f 2015 2017 2016
f 2016 2017 2018
f 2017 2019 2018
f 2018 2019 2020
f 2019 2021 2020
f 2020 2021 2022
f 2021 2023 2022
f 2022 2023 2024
f 2023 2025 2024
f 2024 2025 2026
f 2025 2027 2026
f 2026 2027 2028
f 2027 2029 2028
f 2028 2029 2030
f 2029 2031 2030
f 2030 2031 2032
f 2031 2033 2032
f 2032 2033 2034
f 2033 2035 2034
f 2034 2035 2036
f 2035 2037 2036
f 2036 2037 2038
f 2037 2039 2038
f 2038 2039 1896
f 2039 1897 1896
f 39 109 108
f 39 108 40
f 108 107 40
f 40 107 43
f 107 106 43
f 43 106 42
f 18 17 79
f 17 10 79
f 42 106 41
f 106 105 41
f 41 105 25
f 10 12 27
f 12 13 27
f 27 13 31
f 13 9 31
f 31 9 30
f 9 7 30
f 30 7 28
f 79 78 18
f 78 77 18
f 18 77 21
f 77 76 21
f 21 76 20
f 76 75 20
f 20 75 19
f 27 25 10
f 25 105 10
f 10 105 79
f 105 104 79
f 79 104 80
f 104 101 80
f 80 101 81
f 101 100 81
f 81 100 82
f 100 103 82
f 82 103 87
f 103 116 87
f 87 116 88
f 116 99 88
f 88 99 85
f 99 112 85
f 85 112 83
f 112 111 83
f 83 111 95
f 111 115 95
f 95 115 89
f 115 114 89
f 89 114 90
f 114 113 90
f 90 113 91
f 113 119 91
f 91 119 92
f 119 118 92
f 92 118 93
f 118 117 93
f 93 117 94
f 117 110 94
f 94 110 96
f 110 98 96
f 96 98 84
f 98 97 84
f 84 97 86
f 97 102 86
f 86 102 74
f 1472 755 724
f 1327 56 57
f 1268 1280 1327
f 1327 57 1268
f 57 53 1268
f 1268 53 724
f 53 54 724
f 724 54 1472
f 1005 694 1623
f 694 693 1623
f 660 65 66
f 67 1267 66
f 1267 1190 66
f 66 1190 660
f 1190 661 660
f 67 68 1267
f 68 1340 1267
f 1267 1340 1271
f 1005 1623 1628
f 1005 1628 1077
f 1628 1632 1077
f 1077 1632 1014
f 1632 1635 1014
f 1014 1635 1266
f 1635 1638 1266
f 1266 1638 1263
f 1638 1584 1263
f 1263 1584 1264
f 1584 1586 1264
f 1264 1586 1265
f 1586 1588 1265
f 1265 1588 1260
f 1588 1590 1260
f 1260 1590 1261
f 1590 1592 1261
f 1261 1592 1262
f 1592 1594 1262
f 1262 1594 695
f 1594 664 695
f 695 664 663
f 755 1472 1471
f 755 1471 756
f 1471 1470 756
f 756 1470 757
f 1470 1469 757
f 757 1469 758
f 1469 1529 758
f 758 1529 810
f 1529 1528 810
f 810 1528 811
f 1528 1522 811
f 811 1522 812
f 1522 1521 812
f 812 1521 932
f 1521 1520 932
f 932 1520 793
f 1520 1503 793
f 793 1503 794
f 1503 1502 794
f 794 1502 796
f 1502 1527 796
f 796 1527 798
f 1527 1526 798
f 798 1526 878
f 1526 1537 878
f 878 1537 849
f 1537 1536 849
f 849 1536 716
f 716 1536 704
f 1536 666 704
f 704 666 665
f 56 1327 48
f 1327 2040 48
f 1472 54 1440
f 54 50 1440
f 50 224 1440
f 224 226 1440
f 1440 226 228
f 228 230 1440
f 230 232 1440
f 1440 232 234
f 1440 240 242
f 162 164 48
f 200 50 198
f 50 196 198
f 212 214 50
f 214 216 50
f 50 216 218
f 234 236 1440
f 236 238 1440
f 1440 238 240
f 146 148 2040
f 154 156 2040
f 156 158 2040
f 2040 158 48
f 158 160 48
f 48 160 162
f 164 166 48
f 166 168 48
f 48 168 170
f 200 202 50
f 202 204 50
f 50 204 206
f 206 208 50
f 208 210 50
f 50 210 212
f 218 220 50
f 220 222 50
f 50 222 224
f 242 244 1440
f 244 246 1440
f 1440 246 248
f 148 150 2040
f 150 152 2040
f 2040 152 154
f 140 142 2040
f 142 144 2040
f 2040 144 146
f 170 172 48
f 172 174 48
f 48 174 176
f 176 178 48
f 178 180 48
f 48 180 182
f 182 184 48
f 184 186 48
f 48 186 188
f 188 190 48
f 190 192 48
f 48 192 50
f 192 194 50
f 50 194 196
f 248 250 1440
f 250 252 1440
f 1440 252 254
f 254 256 1440
f 256 258 1440
f 1440 258 260
f 260 262 1440
f 262 120 1440
f 1440 120 2040
f 120 122 2040
f 122 124 2040
f 124 126 2040
f 2040 126 128
f 128 130 2040
f 130 132 2040
f 2040 132 134
f 134 136 2040
f 136 138 2040
f 2040 138 140
f 73 72 1676
f 72 2041 1676
f 1676 2041 1692
f 2041 2042 1692
f 1692 2042 1356
f 2042 1355 1356
f 1360 1844 1359
f 1844 1843 1359
f 1359 1843 1358
f 1843 1842 1358
f 1358 1842 1357
f 1842 1841 1357
f 1357 1841 1428
f 1841 1874 1428
f 1428 1874 1427
f 1874 1873 1427
f 1427 1873 1426
f 1873 1869 1426
f 1426 1869 1425
f 1869 1868 1425
f 1425 1868 1424
f 1868 1867 1424
f 1424 1867 1423
f 1867 1859 1423
f 1423 1859 1422
f 1859 1858 1422
f 1422 1858 1421
f 1858 1857 1421
f 1421 1857 1420
f 1857 1840 1420
f 1420 1840 1419
f 1840 1839 1419
f 1419 1839 1418
f 1839 1838 1418
f 1418 1838 1417
f 1838 1829 1417
f 1417 1829 1416
f 1829 1828 1416
f 1416 1828 1415
f 1828 1856 1415
f 1415 1856 1414
f 1856 1855 1414
f 1414 1855 1413
f 1855 1854 1413
f 1413 1854 1412
f 1854 1853 1412
f 1412 1853 1411
f 1853 1866 1411
f 1411 1866 1410
f 1866 1865 1410
f 1410 1865 1409
f 1865 1852 1409
f 1409 1852 1408
f 1852 1851 1408
f 1408 1851 1407
f 1851 1872 1407
f 1407 1872 1406
f 1872 1871 1406
f 1406 1871 1405
f 1871 1870 1405
f 1405 1870 1404
f 1870 1895 1404
f 1404 1895 1403
f 1895 1894 1403
f 1403 1894 1402
f 1894 1893 1402
f 1402 1893 1401
f 1893 1892 1401
f 1401 1892 1400
f 1892 1891 1400
f 1400 1891 1399
f 1891 1890 1399
f 1399 1890 1398
f 1890 1889 1398
f 1398 1889 1397
f 1889 1888 1397
f 1397 1888 1396
f 1888 1887 1396
f 1396 1887 1395
f 1887 1886 1395
f 1395 1886 1394
f 1886 1885 1394
f 1394 1885 1393
f 1885 1884 1393
f 1393 1884 1392
f 1884 1883 1392
f 1392 1883 1391
f 1883 1882 1391
f 1391 1882 1390
f 1882 1881 1390
f 1390 1881 1389
f 1881 1880 1389
f 1389 1880 1388
f 1880 1879 1388
f 1388 1879 1387
f 1879 1878 1387
f 1387 1878 1386
f 1878 1877 1386
f 1386 1877 1385
f 1877 1876 1385
f 1385 1876 1384
f 1876 1875 1384
f 1384 1875 1383
f 1875 1850 1383
f 1383 1850 1382
f 1850 1849 1382
f 1382 1849 1381
f 1849 1848 1381
f 1381 1848 1380
f 1848 1827 1380
f 1380 1827 1379
f 1827 1826 1379
f 1379 1826 1378
f 1826 1830 1378
f 1378 1830 1377
f 1830 1825 1377
f 1377 1825 1376
f 1825 1824 1376
f 1376 1824 1375
f 1824 1837 1375
f 1375 1837 1374
f 1837 1836 1374
f 1374 1836 1373
f 1836 1835 1373
f 1373 1835 1372
f 1835 1834 1372
f 1372 1834 1371
f 1834 1833 1371
f 1371 1833 1370
f 1833 1832 1370
f 1370 1832 1369
f 1832 1831 1369
f 1369 1831 1368
f 1831 1847 1368
f 1368 1847 1367
f 1847 1846 1367
f 1367 1846 1366
f 1846 1845 1366
f 1366 1845 1365
f 1845 1864 1365
f 1365 1864 1364
f 1864 1863 1364
f 1364 1863 1363
f 1863 1862 1363
f 1363 1862 1362
f 1862 1861 1362
f 1362 1861 1361
f 1861 1860 1361
f 1361 1860 1360
f 1860 1844 1360
f 1440 2040 1499
f 2040 2043 1499
f 1499 2043 1463
f 2043 2044 1463
f 1463 2044 69
f 2044 70 69
f 553 551 1355
f 1355 551 1340
f 1355 561 559
f 459 457 70
f 457 455 70
f 70 455 453
f 559 557 1355
f 557 555 1355
f 1355 555 553
f 551 549 1340
f 549 547 1340
f 1340 547 1328
f 547 545 1328
f 1328 545 543
f 2040 479 477
f 477 475 2040
f 475 473 2040
f 2040 473 471
f 453 451 70
f 451 449 70
f 70 449 447
f 447 445 70
f 445 587 70
f 70 587 72
f 587 585 72
f 585 583 72
f 583 581 72
f 72 581 579
f 1325 2040 1326
f 2040 1327 1326
f 471 469 2040
f 469 467 2040
f 2040 467 2043
f 467 465 2043
f 2043 465 2044
f 465 463 2044
f 2044 463 70
f 463 461 70
f 70 461 459
f 579 577 72
f 577 575 72
f 72 575 573
f 2040 1319 1318
f 543 541 1328
f 541 539 1328
f 1328 539 1329
f 539 537 1329
f 1329 537 1330
f 537 535 1330
f 1330 535 1331
f 535 533 1331
f 1331 533 1332
f 533 531 1332
f 1332 531 1333
f 531 529 1333
f 1333 529 1334
f 529 527 1334
f 1334 527 1335
f 527 525 1335
f 1335 525 1336
f 525 523 1336
f 1336 523 1337
f 523 521 1337
f 1337 521 1338
f 521 519 1338
f 1338 519 1339
f 519 517 1339
f 1339 517 1341
f 1325 1324 2040
f 1324 1323 2040
f 2040 1323 1322
f 517 515 1341
f 515 513 1341
f 1341 513 1342
f 513 511 1342
f 1342 511 1343
f 511 509 1343
f 1343 509 1344
f 509 507 1344
f 1344 507 1345
f 507 505 1345
f 1345 505 1346
f 505 503 1346
f 1346 503 1347
f 503 501 1347
f 1347 501 1348
f 501 499 1348
f 1348 499 1349
f 499 497 1349
f 1349 497 1350
f 497 495 1350
f 1350 495 1351
f 495 493 1351
f 1351 493 1352
f 493 491 1352
f 1352 491 1353
f 491 489 1353
f 1353 489 1354
f 489 487 1354
f 1354 487 1312
f 487 485 1312
f 1312 485 1313
f 485 483 1313
f 1313 483 1314
f 483 481 1314
f 1314 481 1315
f 481 479 1315
f 1315 479 1316
f 479 2040 1316
f 1316 2040 1317
f 2040 1318 1317
f 573 571 72
f 571 569 72
f 72 569 2041
f 569 567 2041
f 2041 567 2042
f 567 565 2042
f 2042 565 1355
f 565 563 1355
f 1355 563 561
f 1322 1321 2040
f 1321 1320 2040
f 2040 1320 1319
f 1051 1050 1579
f 773 1820 1818
f 1779 839 1818
f 839 838 1818
f 1818 838 773
f 1808 842 1779
f 842 841 1779
f 1779 841 839
f 1807 886 1808
f 886 837 1808
f 1808 837 842
f 1785 889 1807
f 889 887 1807
f 1807 887 886
f 1784 832 1785
f 832 890 1785
f 1785 890 889
f 1783 915 1784
f 915 833 1784
f 1784 833 832
f 1768 918 1783
f 918 916 1783
f 1783 916 915
f 1801 730 1762
f 730 728 1762
f 1762 728 1782
f 728 727 1782
f 1782 727 1764
f 727 976 1764
f 1764 976 1765
f 976 914 1765
f 1765 914 1767
f 914 931 1767
f 1767 931 1768
f 931 919 1768
f 1768 919 918
f 1724 1127 1769
f 1127 1126 1769
f 1769 1126 1770
f 1126 1131 1770
f 1770 1131 1786
f 1131 1130 1786
f 1786 1130 1792
f 1130 1129 1792
f 1792 1129 1790
f 1129 1211 1790
f 1790 1211 1791
f 1211 1259 1791
f 1791 1259 1681
f 1259 1258 1681
f 1681 1258 1682
f 1258 1256 1682
f 1682 1256 1721
f 1256 1242 1721
f 1721 1242 1705
f 1242 1241 1705
f 1705 1241 1799
f 1241 1226 1799
f 1799 1226 1800
f 1226 742 1800
f 1800 742 1801
f 742 744 1801
f 1801 744 730
f 1553 1601 1140
f 1140 1139 1553
f 1139 1143 1553
f 1553 1143 1551
f 1143 1142 1551
f 1551 1142 1724
f 1142 1128 1724
f 1724 1128 1127
f 1600 1598 1138
f 1138 1137 1600
f 1137 1136 1600
f 1600 1136 1601
f 1136 1141 1601
f 1601 1141 1140
f 1597 1569 1085
f 1085 1133 1597
f 1133 1134 1597
f 1597 1134 1598
f 1134 1135 1598
f 1598 1135 1138
f 1579 1050 1580
f 1050 1074 1580
f 1074 1076 1580
f 1580 1076 1569
f 1076 1068 1569
f 1569 1068 1085
f 1051 1579 1063
f 1579 1577 1063
f 1063 1577 1061
f 1577 1575 1061
f 1061 1575 1059
f 1059 1575 1081
f 1575 1547 1081
f 1081 1547 1083
f 1083 1547 1094
f 1547 1546 1094
f 1094 1546 1029
f 1541 697 1542
f 697 706 1542
f 1542 706 1546
f 706 702 1546
f 1546 702 1029
f 1571 719 1541
f 719 698 1541
f 1541 698 697
f 1570 721 1571
f 721 720 1571
f 1571 720 719
f 1797 961 1798
f 961 960 1798
f 1798 960 1458
f 960 843 1458
f 1458 843 1434
f 843 844 1434
f 1434 844 1435
f 844 801 1435
f 1435 801 1437
f 801 800 1437
f 1437 800 1444
f 800 952 1444
f 1444 952 1445
f 952 1002 1445
f 1445 1002 1486
f 1002 1001 1486
f 1486 1001 1487
f 1001 999 1487
f 1487 999 1489
f 999 997 1489
f 1489 997 1523
f 997 995 1523
f 1523 995 1514
f 995 981 1514
f 1514 981 1530
f 981 986 1530
f 1530 986 1531
f 986 985 1531
f 1531 985 1533
f 985 983 1533
f 1533 983 1534
f 983 746 1534
f 1534 746 1481
f 746 708 1481
f 1481 708 1483
f 708 707 1483
f 1483 707 1484
f 707 782 1484
f 1484 782 1581
f 782 781 1581
f 1581 781 1582
f 781 777 1582
f 1582 777 1583
f 777 776 1583
f 1583 776 1570
f 776 775 1570
f 1570 775 721
f 1795 920 1797
f 920 962 1797
f 1797 962 961
f 1804 922 1795
f 922 921 1795
f 1795 921 920
f 1803 875 1804
f 875 874 1804
f 1804 874 922
f 1802 803 1803
f 803 876 1803
f 1803 876 875
f 1809 805 1802
f 805 804 1802
f 1802 804 803
f 1823 785 1809
f 785 806 1809
f 1809 806 805
f 1822 752 1823
f 752 754 1823
f 1823 754 785
f 773 771 1820
f 771 769 1820
f 1820 769 1822
f 769 750 1822
f 1822 750 752
f 1666 2045 1711
f 2045 2046 1711
f 1711 2046 1712
f 2046 2047 1712
f 1712 2047 1713
f 2047 2048 1713
f 1713 2048 1727
f 2048 2049 1727
f 1727 2049 1728
f 2049 2050 1728
f 1728 2050 1729
f 2050 2051 1729
f 1729 2051 1776
f 2051 2052 1776
f 1776 2052 1775
f 2052 2053 1775
f 1775 2053 1813
f 2053 2054 1813
f 1813 2054 1815
f 2054 2055 1815
f 1815 2055 1816
f 2055 2056 1816
f 1816 2056 1766
f 2056 2057 1766
f 1766 2057 1760
f 2057 2058 1760
f 1760 2058 1761
f 2058 2059 1761
f 1761 2059 1763
f 2059 2060 1763
f 1763 2060 1706
f 2060 2061 1706
f 1706 2061 1707
f 2061 2062 1707
f 1707 2062 1722
f 2062 2063 1722
f 1722 2063 1723
f 2063 2064 1723
f 1723 2064 1680
f 2064 2065 1680
f 1680 2065 1789
f 2065 2066 1789
f 1789 2066 1793
f 2066 2067 1793
f 1793 2067 1787
f 2067 2068 1787
f 1787 2068 1788
f 2068 2069 1788
f 1788 2069 1772
f 2069 2070 1772
f 1772 2070 1771
f 2070 2071 1771
f 1771 2071 1725
f 2071 2072 1725
f 1725 2072 1726
f 2072 2073 1726
f 1726 2073 1708
f 2073 2074 1708
f 1708 2074 1709
f 2074 2075 1709
f 1709 2075 1710
f 2075 2076 1710
f 1710 2076 1683
f 2076 2077 1683
f 1683 2077 1684
f 2077 2078 1684
f 1684 2078 1685
f 2078 2079 1685
f 1685 2079 1660
f 2079 2080 1660
f 1660 2080 1661
f 2080 2081 1661
f 1661 2081 1662
f 2081 2082 1662
f 1662 2082 1641
f 2082 2083 1641
f 1641 2083 1642
f 2083 2084 1642
f 1642 2084 1671
f 2084 2085 1671
f 1671 2085 1672
f 2085 2086 1672
f 1672 2086 1673
f 2086 2087 1673
f 1673 2087 1674
f 2087 2088 1674
f 1674 2088 1675
f 2088 2089 1675
f 1675 2089 1657
f 2089 2090 1657
f 1657 2090 1658
f 2090 2091 1658
f 1658 2091 1659
f 2091 2092 1659
f 1659 2092 1643
f 2092 2093 1643
f 1643 2093 1644
f 2093 2094 1644
f 1644 2094 1645
f 2094 2095 1645
f 1645 2095 1646
f 2095 2096 1646
f 1646 2096 1647
f 2096 2097 1647
f 1647 2097 1648
f 2097 2098 1648
f 1648 2098 1649
f 2098 2099 1649
f 1649 2099 1650
f 2099 2100 1650
f 1650 2100 1651
f 2100 2101 1651
f 1651 2101 1652
f 2101 2102 1652
f 1652 2102 1653
f 2102 2103 1653
f 1653 2103 1654
f 2103 2104 1654
f 1654 2104 1663
f 2104 2105 1663
f 1663 2105 1664
f 2105 2106 1664
f 1664 2106 1665
f 2106 2107 1665
f 1665 2107 1690
f 2107 2108 1690
f 1690 2108 1691
f 2108 2109 1691
f 1691 2109 1693
f 2109 2110 1693
f 1693 2110 1694
f 2110 2111 1694
f 1694 2111 1677
f 2111 2112 1677
f 1677 2112 1678
f 2112 2113 1678
f 1678 2113 1679
f 2113 2114 1679
f 1679 2114 1695
f 2114 2115 1695
f 1695 2115 1696
f 2115 2116 1696
f 1696 2116 1666
f 2116 2045 1666
f 1697 2117 1698
f 2117 2118 1698
f 1698 2118 1699
f 2118 2119 1699
f 1699 2119 1700
f 2119 2120 1700
f 1700 2120 1701
f 2120 2121 1701
f 1701 2121 1702
f 2121 2122 1702
f 1702 2122 1741
f 2122 2123 1741
f 1741 2123 1742
f 2123 2124 1742
f 1742 2124 1743
f 2124 2125 1743
f 1743 2125 1744
f 2125 2126 1744
f 1744 2126 1745
f 2126 2127 1745
f 1745 2127 1746
f 2127 2128 1746
f 1746 2128 1747
f 2128 2129 1747
f 1747 2129 1748
f 2129 2130 1748
f 1748 2130 1703
f 2130 2131 1703
f 1703 2131 1704
f 2131 2132 1704
f 1704 2132 1749
f 2132 2133 1749
f 1749 2133 1750
f 2133 2134 1750
f 1750 2134 1717
f 2134 2135 1717
f 1717 2135 1718
f 2135 2136 1718
f 1718 2136 1719
f 2136 2137 1719
f 1719 2137 1720
f 2137 2138 1720
f 1720 2138 1751
f 2138 2139 1751
f 1751 2139 1752
f 2139 2140 1752
f 1752 2140 1753
f 2140 2141 1753
f 1753 2141 1754
f 2141 2142 1754
f 1754 2142 1755
f 2142 2143 1755
f 1755 2143 1756
f 2143 2144 1756
f 1756 2144 1757
f 2144 2145 1757
f 1757 2145 1758
f 2145 2146 1758
f 1758 2146 1759
f 2146 2147 1759
f 1759 2147 1796
f 2147 2148 1796
f 1796 2148 1794
f 2148 2149 1794
f 1794 2149 1810
f 2149 2150 1810
f 1810 2150 1811
f 2150 2151 1811
f 1811 2151 1821
f 2151 2152 1821
f 1821 2152 1819
f 2152 2153 1819
f 1819 2153 1817
f 2153 2154 1817
f 1817 2154 1777
f 2154 2155 1777
f 1777 2155 1778
f 2155 2156 1778
f 1778 2156 1806
f 2156 2157 1806
f 1806 2157 1805
f 2157 2158 1805
f 1805 2158 1780
f 2158 2159 1780
f 1780 2159 1781
f 2159 2160 1781
f 1781 2160 1814
f 2160 2161 1814
f 1814 2161 1812
f 2161 2162 1812
f 1812 2162 1773
f 2162 2163 1773
f 1773 2163 1774
f 2163 2164 1774
f 1774 2164 1667
f 2164 2165 1667
f 1667 2165 1668
f 2165 2166 1668
f 1668 2166 1730
f 2166 2167 1730
f 1730 2167 1731
f 2167 2168 1731
f 1731 2168 1732
f 2168 2169 1732
f 1732 2169 1686
f 2169 2170 1686
f 1686 2170 1687
f 2170 2171 1687
f 1687 2171 1688
f 2171 2172 1688
f 1688 2172 1689
f 2172 2173 1689
f 1689 2173 1733
f 2173 2174 1733
f 1733 2174 1734
f 2174 2175 1734
f 1734 2175 1669
f 2175 2176 1669
f 1669 2176 1670
f 2176 2177 1670
f 1670 2177 1714
f 2177 2178 1714
f 1714 2178 1715
f 2178 2179 1715
f 1715 2179 1716
f 2179 2180 1716
f 1716 2180 1735
f 2180 2181 1735
f 1735 2181 1736
f 2181 2182 1736
f 1736 2182 1737
f 2182 2183 1737
f 1737 2183 1738
f 2183 2184 1738
f 1738 2184 1739
f 2184 2185 1739
f 1739 2185 1740
f 2185 2186 1740
f 1740 2186 1655
f 2186 2187 1655
f 1655 2187 1656
f 2187 2188 1656
f 1656 2188 1697
f 2188 2117 1697
f 1519 2189 1429
f 2189 2190 1429
f 1429 2190 1430
f 2190 2191 1430
f 1430 2191 1461
f 2191 2192 1461
f 1461 2192 1462
f 2192 2193 1462
f 1462 2193 1497
f 2193 2194 1497
f 1497 2194 1498
f 2194 2195 1498
f 1498 2195 1500
f 2195 2196 1500
f 1500 2196 1501
f 2196 2197 1501
f 1501 2197 1446
f 2197 2198 1446
f 1446 2198 1447
f 2198 2199 1447
f 1447 2199 1464
f 2199 2200 1464
f 1464 2200 1465
f 2200 2201 1465
f 1465 2201 1466
f 2201 2202 1466
f 1466 2202 1467
f 2202 2203 1467
f 1467 2203 1468
f 2203 2204 1468
f 1468 2204 1448
f 2204 2205 1448
f 1448 2205 1449
f 2205 2206 1449
f 1449 2206 1450
f 2206 2207 1450
f 1450 2207 1451
f 2207 2208 1451
f 1451 2208 1452
f 2208 2209 1452
f 1452 2209 1453
f 2209 2210 1453
f 1453 2210 1442
f 2210 2211 1442
f 1442 2211 1441
f 2211 2212 1441
f 1441 2212 1439
f 2212 2213 1439
f 1439 2213 1535
f 2213 2214 1535
f 1535 2214 1504
f 2214 2215 1504
f 1504 2215 1505
f 2215 2216 1505
f 1505 2216 1506
f 2216 2217 1506
f 1506 2217 1473
f 2217 2218 1473
f 1473 2218 1474
f 2218 2219 1474
f 1474 2219 1475
f 2219 2220 1475
f 1475 2220 1476
f 2220 2221 1476
f 1476 2221 1507
f 2221 2222 1507
f 1507 2222 1508
f 2222 2223 1508
f 1508 2223 1477
f 2223 2224 1477
f 1477 2224 1478
f 2224 2225 1478
f 1478 2225 1479
f 2225 2226 1479
f 1479 2226 1431
f 2226 2227 1431
f 1431 2227 1432
f 2227 2228 1432
f 1432 2228 1509
f 2228 2229 1509
f 1509 2229 1510
f 2229 2230 1510
f 1510 2230 1511
f 2230 2231 1511
f 1511 2231 1512
f 2231 2232 1512
f 1512 2232 1513
f 2232 2233 1513
f 1513 2233 1456
f 2233 2234 1456
f 1456 2234 1455
f 2234 2235 1455
f 1455 2235 1454
f 2235 2236 1454
f 1454 2236 1485
f 2236 2237 1485
f 1485 2237 1482
f 2237 2238 1482
f 1482 2238 1480
f 2238 2239 1480
f 1480 2239 1532
f 2239 2240 1532
f 1532 2240 1515
f 2240 2241 1515
f 1515 2241 1516
f 2241 2242 1516
f 1516 2242 1524
f 2242 2243 1524
f 1524 2243 1525
f 2243 2244 1525
f 1525 2244 1488
f 2244 2245 1488
f 1488 2245 1443
f 2245 2246 1443
f 1443 2246 1457
f 2246 2247 1457
f 1457 2247 1438
f 2247 2248 1438
f 1438 2248 1436
f 2248 2249 1436
f 1436 2249 1459
f 2249 2250 1459
f 1459 2250 1460
f 2250 2251 1460
f 1460 2251 1490
f 2251 2252 1490
f 1490 2252 1491
f 2252 2253 1491
f 1491 2253 1492
f 2253 2254 1492
f 1492 2254 1493
f 2254 2255 1493
f 1493 2255 1494
f 2255 2256 1494
f 1494 2256 1495
f 2256 2257 1495
f 1495 2257 1496
f 2257 2258 1496
f 1496 2258 1517
f 2258 2259 1517
f 1517 2259 1518
f 2259 2260 1518
f 1518 2260 1519
f 2260 2189 1519
f 1576 1904 1574
f 1904 1906 1574
f 1574 1906 1548
f 1906 1908 1548
f 1548 1908 1540
f 1908 1910 1540
f 1540 1910 1602
f 1910 1912 1602
f 1602 1912 1554
f 1912 1914 1554
f 1554 1914 1555
f 1914 1916 1555
f 1555 1916 1556
f 1916 1918 1556
f 1556 1918 1557
f 1918 1920 1557
f 1557 1920 1603
f 1920 1922 1603
f 1603 1922 1604
f 1922 1924 1604
f 1604 1924 1605
f 1924 1926 1605
f 1605 1926 1606
f 1926 1928 1606
f 1606 1928 1607
f 1928 1930 1607
f 1607 1930 1538
f 1930 1932 1538
f 1538 1932 1539
f 1932 1934 1539
f 1539 1934 1558
f 1934 1936 1558
f 1558 1936 1559
f 1936 1938 1559
f 1559 1938 1560
f 1938 1940 1560
f 1560 1940 1545
f 1940 1942 1545
f 1545 1942 1544
f 1942 1944 1544
f 1544 1944 1543
f 1944 1946 1543
f 1543 1946 1561
f 1946 1948 1561
f 1561 1948 1562
f 1948 1950 1562
f 1562 1950 1563
f 1950 1952 1563
f 1563 1952 1608
f 1952 1954 1608
f 1608 1954 1609
f 1954 1956 1609
f 1609 1956 1610
f 1956 1958 1610
f 1610 1958 1611
f 1958 1960 1611
f 1611 1960 1612
f 1960 1962 1612
f 1612 1962 1613
f 1962 1964 1613
f 1613 1964 1614
f 1964 1966 1614
f 1614 1966 1618
f 1966 1968 1618
f 1618 1968 1619
f 1968 1970 1619
f 1619 1970 1620
f 1970 1972 1620
f 1620 1972 1621
f 1972 1974 1621
f 1621 1974 1622
f 1974 1976 1622
f 1622 1976 1624
f 1976 1978 1624
f 1624 1978 1625
f 1978 1980 1625
f 1625 1980 1626
f 1980 1982 1626
f 1626 1982 1627
f 1982 1984 1627
f 1627 1984 1629
f 1984 1986 1629
f 1629 1986 1630
f 1986 1988 1630
f 1630 1988 1631
f 1988 1990 1631
f 1631 1990 1633
f 1990 1992 1633
f 1633 1992 1634
f 1992 1994 1634
f 1634 1994 1636
f 1994 1996 1636
f 1636 1996 1637
f 1996 1998 1637
f 1637 1998 1639
f 1998 2000 1639
f 1639 2000 1640
f 2000 2002 1640
f 1640 2002 1585
f 2002 2004 1585
f 1585 2004 1587
f 2004 2006 1587
f 1587 2006 1589
f 2006 2008 1589
f 1589 2008 1591
f 2008 2010 1591
f 1591 2010 1593
f 2010 2012 1593
f 1593 2012 1595
f 2012 2014 1595
f 1595 2014 1596
f 2014 2016 1596
f 1596 2016 1572
f 2016 2018 1572
f 1572 2018 1573
f 2018 2020 1573
f 1573 2020 1566
f 2020 2022 1566
f 1566 2022 1565
f 2022 2024 1565
f 1565 2024 1564
f 2024 2026 1564
f 1564 2026 1615
f 2026 2028 1615
f 1615 2028 1616
f 2028 2030 1616
f 1616 2030 1617
f 2030 2032 1617
f 1617 2032 1549
f 2032 2034 1549
f 1549 2034 1550
f 2034 2036 1550
f 1550 2036 1552
f 2036 2038 1552
f 1552 2038 1599
f 2038 1896 1599
f 1599 1896 1567
f 1896 1898 1567
f 1567 1898 1568
f 1898 1900 1568
f 1568 1900 1578
f 1900 1902 1578
f 1578 1902 1576
f 1902 1904 1576
f 1052 1065 1903
f 1065 1905 1903
f 1052 1903 1072
f 1903 1901 1072
f 1072 1901 1073
f 1073 1901 1075
f 1901 1899 1075
f 1075 1899 1099
f 1099 1899 1100
f 1899 1897 1100
f 1100 1897 1101
f 1101 1897 1066
f 1897 2039 1066
f 1066 2039 1067
f 1067 2039 1132
f 2039 2037 1132
f 1132 2037 1031
f 1031 2037 1032
f 2037 2035 1032
f 1032 2035 1047
f 1047 2035 1048
f 2035 2033 1048
f 1048 2033 1049
f 1049 2033 1055
f 2033 2031 1055
f 1055 2031 1056
f 2031 2029 1056
f 1056 2029 1017
f 2029 2027 1017
f 1017 2027 1018
f 2027 2025 1018
f 1018 2025 1019
f 2025 2023 1019
f 1019 2023 1069
f 2023 2021 1069
f 1069 2021 1070
f 2021 2019 1070
f 1070 2019 1071
f 2019 2017 1071
f 1071 2017 1119
f 2017 2015 1119
f 1119 2015 1120
f 2015 2013 1120
f 1120 2013 1102
f 2013 2011 1102
f 1102 2011 1103
f 2011 2009 1103
f 1103 2009 1104
f 2009 2007 1104
f 1104 2007 1041
f 2007 2005 1041
f 1041 2005 1042
f 2005 2003 1042
f 1042 2003 1043
f 2003 2001 1043
f 1043 2001 1012
f 2001 1999 1012
f 1012 1999 1013
f 1999 1997 1013
f 1013 1997 1015
f 1997 1995 1015
f 1015 1995 1016
f 1993 1991 1105
f 1105 1106 1993
f 1106 1122 1993
f 1993 1122 1995
f 1122 1121 1995
f 1995 1121 1016
f 1989 1987 1078
f 1078 1088 1989
f 1088 1087 1989
f 1989 1087 1991
f 1087 1086 1991
f 1991 1086 1105
f 1985 1983 1037
f 1037 1036 1985
f 1036 1035 1985
f 1985 1035 1987
f 1035 1079 1987
f 1987 1079 1078
f 1981 1979 1003
f 1003 1022 1981
f 1022 1021 1981
f 1981 1021 1983
f 1021 1020 1983
f 1983 1020 1037
f 1975 1011 1977
f 1011 1010 1977
f 1977 1010 1979
f 1010 1004 1979
f 1979 1004 1003
f 1973 1024 1975
f 1024 1023 1975
f 1975 1023 1011
f 1971 1044 1973
f 1044 1025 1973
f 1973 1025 1024
f 1969 1046 1971
f 1046 1045 1971
f 1971 1045 1044
f 1967 1090 1969
f 1090 1089 1969
f 1969 1089 1046
f 1965 1092 1967
f 1092 1091 1967
f 1967 1091 1090
f 1963 1108 1965
f 1108 1107 1965
f 1965 1107 1092
f 1961 1110 1963
f 1110 1109 1963
f 1963 1109 1108
f 1923 1008 1925
f 1008 1007 1925
f 1925 1007 1927
f 1007 1028 1927
f 1927 1028 1929
f 1028 1027 1929
f 1929 1027 1931
f 1027 1026 1931
f 1931 1026 1933
f 1026 1111 1933
f 1933 1111 1935
f 1111 1112 1935
f 1935 1112 1937
f 1112 1113 1937
f 1937 1113 1939
f 1113 1114 1939
f 1939 1114 1941
f 1114 1115 1941
f 1941 1115 1943
f 1115 1116 1943
f 1943 1116 1945
f 1116 1117 1945
f 1945 1117 1947
f 1117 1118 1947
f 1947 1118 1949
f 1118 1040 1949
f 1949 1040 1951
f 1040 1039 1951
f 1951 1039 1953
f 1039 1038 1953
f 1953 1038 1955
f 1038 1006 1955
f 1955 1006 1957
f 1006 1125 1957
f 1957 1125 1959
f 1125 1124 1959
f 1959 1124 1961
f 1124 1123 1961
f 1961 1123 1110
f 1921 1053 1923
f 1053 1009 1923
f 1923 1009 1008
f 1919 1034 1921
f 1034 1054 1921
f 1921 1054 1053
f 1917 1030 1919
f 1030 1033 1919
f 1919 1033 1034
f 1915 1097 1917
f 1097 1096 1917
f 1917 1096 1030
f 1913 1095 1915
f 1095 1098 1915
f 1915 1098 1097
f 1911 1084 1913
f 1084 1093 1913
f 1913 1093 1095
f 1909 1080 1911
f 1080 1082 1911
f 1911 1082 1084
f 1907 1058 1909
f 1058 1057 1909
f 1909 1057 1080
f 1065 1064 1905
f 1064 1062 1905
f 1905 1062 1907
f 1062 1060 1907
f 1907 1060 1058
f 2198 2261 2199
f 2261 2262 2199
f 2199 2262 2200
f 2262 2263 2200
f 2200 2263 2201
f 2263 2264 2201
f 2201 2264 2202
f 2264 2265 2202
f 2202 2265 2203
f 2265 2266 2203
f 2203 2266 2204
f 2266 2267 2204
f 2204 2267 2205
f 2267 2268 2205
f 2205 2268 2206
f 2268 2269 2206
f 2206 2269 2207
f 2269 2270 2207
f 2207 2270 2208
f 2270 2271 2208
f 2208 2271 2209
f 2271 2272 2209
f 2209 2272 2210
f 2272 2273 2210
f 2210 2273 2211
f 2273 2274 2211
f 2211 2274 2212
f 2274 2275 2212
f 2212 2275 2213
f 2275 2276 2213
f 2213 2276 2214
f 2276 2277 2214
f 2214 2277 2215
f 2277 2278 2215
f 2215 2278 2216
f 2278 2279 2216
f 2216 2279 2217
f 2279 2280 2217
f 2217 2280 2218
f 2280 2281 2218
f 2218 2281 2219
f 2281 2282 2219
f 2219 2282 2220
f 2282 2283 2220
f 2220 2283 2221
f 2283 2284 2221
f 2221 2284 2222
f 2284 2285 2222
f 2222 2285 2223
f 2285 2286 2223
f 2223 2286 2224
f 2286 2287 2224
f 2224 2287 2225
f 2287 2288 2225
f 2225 2288 2226
f 2288 2289 2226
f 2226 2289 2227
f 2289 2290 2227
f 2227 2290 2228
f 2290 2291 2228
f 2228 2291 2229
f 2291 2292 2229
f 2229 2292 2230
f 2292 2293 2230
f 2230 2293 2231
f 2293 2294 2231
f 2231 2294 2232
f 2294 2295 2232
f 2232 2295 2233
f 2295 2296 2233
f 2233 2296 2234
f 2296 2297 2234
f 2234 2297 2235
f 2297 2298 2235
f 2235 2298 2236
f 2298 2299 2236
f 2236 2299 2237
f 2299 2300 2237
f 2237 2300 2238
f 2300 2301 2238
f 2238 2301 2239
f 2301 2302 2239
f 2239 2302 2240
f 2302 2303 2240
f 2240 2303 2241
f 2303 2304 2241
f 2241 2304 2242
f 2304 2305 2242
f 2242 2305 2243
f 2305 2306 2243
f 2243 2306 2244
f 2306 2307 2244
f 2244 2307 2245
f 2307 2308 2245
f 2245 2308 2246
f 2308 2309 2246
f 2246 2309 2247
f 2309 2310 2247
f 2247 2310 2248
f 2310 2311 2248
f 2248 2311 2249
f 2311 2312 2249
f 2249 2312 2250
f 2312 2313 2250
f 2250 2313 2251
f 2313 2314 2251
f 2251 2314 2252
f 2314 2315 2252
f 2252 2315 2253
f 2315 2316 2253
f 2253 2316 2254
f 2316 2317 2254
f 2254 2317 2255
f 2317 2318 2255
f 2255 2318 2256
f 2318 2319 2256
f 2256 2319 2257
f 2319 2320 2257
f 2257 2320 2258
f 2320 2321 2258
f 2258 2321 2259
f 2321 2322 2259
f 2259 2322 2260
f 2322 2323 2260
f 2260 2323 2189
f 2323 2324 2189
f 2189 2324 2190
f 2324 2325 2190
f 2190 2325 2191
f 2325 2326 2191
f 2191 2326 2192
f 2326 2327 2192
f 2192 2327 2193
f 2327 2328 2193
f 2193 2328 2194
f 2328 2329 2194
f 2194 2329 2195
f 2329 2330 2195
f 2195 2330 2196
f 2330 2331 2196
f 2196 2331 2197
f 2331 2332 2197
f 2197 2332 2198
f 2332 2261 2198
f 855 854 2323
f 854 2324 2323
f 855 2323 891
f 2323 2322 891
f 891 2322 892
f 892 2322 893
f 2322 2321 893
f 893 2321 821
f 821 2321 822
f 2321 2320 822
f 822 2320 824
f 824 2320 825
f 2320 2319 825
f 825 2319 880
f 880 2319 881
f 2319 2318 881
f 881 2318 882
f 882 2318 738
f 2318 2317 738
f 738 2317 739
f 739 2317 813
f 2317 2316 813
f 813 2316 814
f 814 2316 816
f 2316 2315 816
f 816 2315 818
f 2315 2314 818
f 818 2314 761
f 2314 2313 761
f 761 2313 845
f 2313 2312 845
f 845 2312 846
f 2312 2311 846
f 846 2311 802
f 2311 2310 802
f 802 2310 953
f 2310 2309 953
f 953 2309 954
f 2309 2308 954
f 954 2308 1000
f 2308 2307 1000
f 1000 2307 998
f 2307 2306 998
f 998 2306 996
f 2306 2305 996
f 996 2305 994
f 2305 2304 994
f 994 2304 979
f 2304 2303 979
f 979 2303 980
f 2303 2302 980
f 980 2302 984
f 2302 2301 984
f 984 2301 982
f 2301 2300 982
f 982 2300 747
f 2300 2299 747
f 747 2299 745
f 2299 2298 745
f 745 2298 699
f 2298 2297 699
f 699 2297 923
f 2296 2295 862
f 862 902 2296
f 902 901 2296
f 2296 901 2297
f 901 900 2297
f 2297 900 923
f 2294 2293 788
f 788 787 2294
f 787 864 2294
f 2294 864 2295
f 864 863 2295
f 2295 863 862
f 2292 2291 733
f 733 732 2292
f 732 731 2292
f 2292 731 2293
f 731 789 2293
f 2293 789 788
f 2290 2289 700
f 700 711 2290
f 711 710 2290
f 2290 710 2291
f 710 709 2291
f 2291 709 733
f 2287 705 2288
f 705 703 2288
f 2288 703 2289
f 703 701 2289
f 2289 701 700
f 2286 713 2287
f 713 712 2287
f 2287 712 705
f 2285 734 2286
f 734 714 2286
f 2286 714 713
f 2284 736 2285
f 736 735 2285
f 2285 735 734
f 2283 791 2284
f 791 790 2284
f 2284 790 736
f 2282 865 2283
f 865 792 2283
f 2283 792 791
f 2281 867 2282
f 867 866 2282
f 2282 866 865
f 2280 904 2281
f 904 903 2281
f 2281 903 867
f 2261 935 2262
f 935 934 2262
f 2262 934 2263
f 934 933 2263
f 2263 933 2264
f 933 795 2264
f 2264 795 2265
f 795 797 2265
f 2265 797 2266
f 797 799 2266
f 2266 799 2267
f 799 877 2267
f 2267 877 2268
f 877 879 2268
f 2268 879 2269
f 879 928 2269
f 2269 928 2270
f 928 927 2270
f 2270 927 2271
f 927 926 2271
f 2271 926 2272
f 926 850 2272
f 2272 850 2273
f 850 848 2273
f 2273 848 2274
f 848 847 2274
f 2274 847 2275
f 847 715 2275
f 2275 715 2276
f 715 717 2276
f 2276 717 2277
f 717 718 2277
f 2277 718 2278
f 718 925 2278
f 2278 925 2279
f 925 924 2279
f 2279 924 2280
f 924 905 2280
f 2280 905 904
f 2332 964 2261
f 964 936 2261
f 2261 936 935
f 2331 955 2332
f 955 965 2332
f 2332 965 964
f 2330 827 2331
f 827 956 2331
f 2331 956 955
f 2329 963 2330
f 963 828 2330
f 2330 828 827
f 2328 941 2329
f 941 940 2329
f 2329 940 963
f 2327 906 2328
f 906 942 2328
f 2328 942 941
f 2326 908 2327
f 908 907 2327
f 2327 907 906
f 2325 869 2326
f 869 868 2326
f 2326 868 908
f 854 852 2324
f 852 851 2324
f 2324 851 2325
f 851 870 2325
f 2325 870 869
f 2123 2333 2124
f 2333 2334 2124
f 2124 2334 2125
f 2334 2335 2125
f 2125 2335 2126
f 2335 2336 2126
f 2126 2336 2127
f 2336 2337 2127
f 2127 2337 2128
f 2337 2338 2128
f 2128 2338 2129
f 2338 2339 2129
f 2129 2339 2130
f 2339 2340 2130
f 2130 2340 2131
f 2340 2341 2131
f 2131 2341 2132
f 2341 2342 2132
f 2132 2342 2133
f 2342 2343 2133
f 2133 2343 2134
f 2343 2344 2134
f 2134 2344 2135
f 2344 2345 2135
f 2135 2345 2136
f 2345 2346 2136
f 2136 2346 2137
f 2346 2347 2137
f 2137 2347 2138
f 2347 2348 2138
f 2138 2348 2139
f 2348 2349 2139
f 2139 2349 2140
f 2349 2350 2140
f 2140 2350 2141
f 2350 2351 2141
f 2141 2351 2142
f 2351 2352 2142
f 2142 2352 2143
f 2352 2353 2143
f 2143 2353 2144
f 2353 2354 2144
f 2144 2354 2145
f 2354 2355 2145
f 2145 2355 2146
f 2355 2356 2146
f 2146 2356 2147
f 2356 2357 2147
f 2147 2357 2148
f 2357 2358 2148
f 2148 2358 2149
f 2358 2359 2149
f 2149 2359 2150
f 2359 2360 2150
f 2150 2360 2151
f 2360 2361 2151
f 2151 2361 2152
f 2361 2362 2152
f 2152 2362 2153
f 2362 2363 2153
f 2153 2363 2154
f 2363 2364 2154
f 2154 2364 2155
f 2364 2365 2155
f 2155 2365 2156
f 2365 2366 2156
f 2156 2366 2157
f 2366 2367 2157
f 2157 2367 2158
f 2367 2368 2158
f 2158 2368 2159
f 2368 2369 2159
f 2159 2369 2160
f 2369 2370 2160
f 2160 2370 2161
f 2370 2371 2161
f 2161 2371 2162
f 2371 2372 2162
f 2162 2372 2163
f 2372 2373 2163
f 2163 2373 2164
f 2373 2374 2164
f 2164 2374 2165
f 2374 2375 2165
f 2165 2375 2166
f 2375 2376 2166
f 2166 2376 2167
f 2376 2377 2167
f 2167 2377 2168
f 2377 2378 2168
f 2168 2378 2169
f 2378 2379 2169
f 2169 2379 2170
f 2379 2380 2170
f 2170 2380 2171
f 2380 2381 2171
f 2171 2381 2172
f 2381 2382 2172
f 2172 2382 2173
f 2382 2383 2173
f 2173 2383 2174
f 2383 2384 2174
f 2174 2384 2175
f 2384 2385 2175
f 2175 2385 2176
f 2385 2386 2176
f 2176 2386 2177
f 2386 2387 2177
f 2177 2387 2178
f 2387 2388 2178
f 2178 2388 2179
f 2388 2389 2179
f 2179 2389 2180
f 2389 2390 2180
f 2180 2390 2181
f 2390 2391 2181
f 2181 2391 2182
f 2391 2392 2182
f 2182 2392 2183
f 2392 2393 2183
f 2183 2393 2184
f 2393 2394 2184
f 2184 2394 2185
f 2394 2395 2185
f 2185 2395 2186
f 2395 2396 2186
f 2186 2396 2187
f 2396 2397 2187
f 2187 2397 2188
f 2397 2398 2188
f 2188 2398 2117
f 2398 2399 2117
f 2117 2399 2118
f 2399 2400 2118
f 2118 2400 2119
f 2400 2401 2119
f 2119 2401 2120
f 2401 2402 2120
f 2120 2402 2121
f 2402 2403 2121
f 2121 2403 2122
f 2403 2404 2122
f 2122 2404 2123
f 2404 2333 2123
f 859 780 2398
f 780 2399 2398
f 859 2398 860
f 2398 2397 860
f 860 2397 861
f 861 2397 894
f 2397 2396 894
f 894 2396 895
f 895 2396 896
f 2396 2395 896
f 896 2395 937
f 937 2395 938
f 2395 2394 938
f 938 2394 939
f 939 2394 970
f 2394 2393 970
f 970 2393 971
f 971 2393 972
f 2393 2392 972
f 972 2392 987
f 987 2392 988
f 2392 2391 988
f 988 2391 989
f 989 2391 992
f 2391 2390 992
f 992 2390 993
f 2390 2389 993
f 993 2389 763
f 2389 2388 763
f 763 2388 764
f 2388 2387 764
f 764 2387 766
f 2387 2386 766
f 766 2386 767
f 2386 2385 767
f 767 2385 897
f 2385 2384 897
f 897 2384 898
f 2384 2383 898
f 898 2383 899
f 2383 2382 899
f 899 2382 949
f 2382 2381 949
f 949 2381 950
f 2381 2380 950
f 950 2380 951
f 2380 2379 951
f 951 2379 871
f 2379 2378 871
f 871 2378 872
f 2378 2377 872
f 872 2377 873
f 2377 2376 873
f 873 2376 740
f 2376 2375 740
f 740 2375 741
f 2375 2374 741
f 741 2374 743
f 2374 2373 743
f 743 2373 729
f 2373 2372 729
f 729 2372 977
f 2371 2370 959
f 959 958 2371
f 958 957 2371
f 2371 957 2372
f 957 978 2372
f 2372 978 977
f 2369 2368 930
f 930 913 2369
f 913 912 2369
f 2369 912 2370
f 912 929 2370
f 2370 929 959
f 2367 2366 888
f 888 834 2367
f 834 885 2367
f 2367 885 2368
f 885 917 2368
f 2368 917 930
f 2365 2364 774
f 774 840 2365
f 840 836 2365
f 2365 836 2366
f 836 835 2366
f 2366 835 888
f 2362 768 2363
f 768 770 2363
f 2363 770 2364
f 770 772 2364
f 2364 772 774
f 2361 749 2362
f 749 748 2362
f 2362 748 768
f 2360 753 2361
f 753 751 2361
f 2361 751 749
f 2359 784 2360
f 784 783 2360
f 2360 783 753
f 2358 807 2359
f 807 786 2359
f 2359 786 784
f 2357 809 2358
f 809 808 2358
f 2358 808 807
f 2356 760 2357
f 760 759 2357
f 2357 759 809
f 2355 820 2356
f 820 762 2356
f 2356 762 760
f 2336 725 2337
f 725 723 2337
f 2337 723 2338
f 723 722 2338
f 2338 722 2339
f 722 858 2339
f 2339 858 2340
f 858 857 2340
f 2340 857 2341
f 857 856 2341
f 2341 856 2342
f 856 945 2342
f 2342 945 2343
f 945 944 2343
f 2343 944 2344
f 944 943 2344
f 2344 943 2345
f 943 969 2345
f 2345 969 2346
f 969 968 2346
f 2346 968 2347
f 968 967 2347
f 2347 967 2348
f 967 966 2348
f 2348 966 2349
f 966 826 2349
f 2349 826 2350
f 826 853 2350
f 2350 853 2351
f 853 823 2351
f 2351 823 2352
f 823 737 2352
f 2352 737 2353
f 737 815 2353
f 2353 815 2354
f 815 817 2354
f 2354 817 2355
f 817 819 2355
f 2355 819 820
f 2335 990 2336
f 990 726 2336
f 2336 726 725
f 2334 973 2335
f 973 991 2335
f 2335 991 990
f 2333 975 2334
f 975 974 2334
f 2334 974 973
f 2404 947 2333
f 947 946 2333
f 2333 946 975
f 2403 909 2404
f 909 948 2404
f 2404 948 947
f 2402 911 2403
f 911 910 2403
f 2403 910 909
f 2401 883 2402
f 883 884 2402
f 2402 884 911
f 2400 830 2401
f 830 829 2401
f 2401 829 883
f 780 779 2399
f 779 778 2399
f 2399 778 2400
f 778 831 2400
f 2400 831 830
f 2089 2405 2090
f 2405 2406 2090
f 2090 2406 2091
f 2406 2407 2091
f 2091 2407 2092
f 2407 2408 2092
f 2092 2408 2093
f 2408 2409 2093
f 2093 2409 2094
f 2409 2410 2094
f 2094 2410 2095
f 2410 2411 2095
f 2095 2411 2096
f 2411 2412 2096
f 2096 2412 2097
f 2412 2413 2097
f 2097 2413 2098
f 2413 2414 2098
f 2098 2414 2099
f 2414 2415 2099
f 2099 2415 2100
f 2415 2416 2100
f 2100 2416 2101
f 2416 2417 2101
f 2101 2417 2102
f 2417 2418 2102
f 2102 2418 2103
f 2418 2419 2103
f 2103 2419 2104
f 2419 2420 2104
f 2104 2420 2105
f 2420 2421 2105
f 2105 2421 2106
f 2421 2422 2106
f 2106 2422 2107
f 2422 2423 2107
f 2107 2423 2108
f 2423 2424 2108
f 2108 2424 2109
f 2424 2425 2109
f 2109 2425 2110
f 2425 2426 2110
f 2110 2426 2111
f 2426 2427 2111
f 2111 2427 2112
f 2427 2428 2112
f 2112 2428 2113
f 2428 2429 2113
f 2113 2429 2114
f 2429 2430 2114
f 2114 2430 2115
f 2430 2431 2115
f 2115 2431 2116
f 2431 2432 2116
f 2116 2432 2045
f 2432 2433 2045
f 2045 2433 2046
f 2433 2434 2046
f 2046 2434 2047
f 2434 2435 2047
f 2047 2435 2048
f 2435 2436 2048
f 2048 2436 2049
f 2436 2437 2049
f 2049 2437 2050
f 2437 2438 2050
f 2050 2438 2051
f 2438 2439 2051
f 2051 2439 2052
f 2439 2440 2052
f 2052 2440 2053
f 2440 2441 2053
f 2053 2441 2054
f 2441 2442 2054
f 2054 2442 2055
f 2442 2443 2055
f 2055 2443 2056
f 2443 2444 2056
f 2056 2444 2057
f 2444 2445 2057
f 2057 2445 2058
f 2445 2446 2058
f 2058 2446 2059
f 2446 2447 2059
f 2059 2447 2060
f 2447 2448 2060
f 2060 2448 2061
f 2448 2449 2061
f 2061 2449 2062
f 2449 2450 2062
f 2062 2450 2063
f 2450 2451 2063
f 2063 2451 2064
f 2451 2452 2064
f 2064 2452 2065
f 2452 2453 2065
f 2065 2453 2066
f 2453 2454 2066
f 2066 2454 2067
f 2454 2455 2067
f 2067 2455 2068
f 2455 2456 2068
f 2068 2456 2069
f 2456 2457 2069
f 2069 2457 2070
f 2457 2458 2070
f 2070 2458 2071
f 2458 2459 2071
f 2071 2459 2072
f 2459 2460 2072
f 2072 2460 2073
f 2460 2461 2073
f 2073 2461 2074
f 2461 2462 2074
f 2074 2462 2075
f 2462 2463 2075
f 2075 2463 2076
f 2463 2464 2076
f 2076 2464 2077
f 2464 2465 2077
f 2077 2465 2078
f 2465 2466 2078
f 2078 2466 2079
f 2466 2467 2079
f 2079 2467 2080
f 2467 2468 2080
f 2080 2468 2081
f 2468 2469 2081
f 2081 2469 2082
f 2469 2470 2082
f 2082 2470 2083
f 2470 2471 2083
f 2083 2471 2084
f 2471 2472 2084
f 2084 2472 2085
f 2472 2473 2085
f 2085 2473 2086
f 2473 2474 2086
f 2086 2474 2087
f 2474 2475 2087
f 2087 2475 2088
f 2475 2476 2088
f 2088 2476 2089
f 2476 2405 2089
f 1188 1162 2432
f 1162 2433 2432
f 1188 2432 1189
f 2432 2431 1189
f 1189 2431 1191
f 1191 2431 1196
f 2431 2430 1196
f 1196 2430 1197
f 1197 2430 1198
f 2430 2429 1198
f 1198 2429 1217
f 1217 2429 1218
f 2429 2428 1218
f 1218 2428 1219
f 1219 2428 1236
f 2428 2427 1236
f 1236 2427 1237
f 1237 2427 1238
f 2427 2426 1238
f 1238 2426 1247
f 1247 2426 1248
f 2426 2425 1248
f 1248 2425 1249
f 1249 2425 1252
f 2425 2424 1252
f 1252 2424 1253
f 2424 2423 1253
f 1253 2423 1254
f 2423 2422 1254
f 1254 2422 1175
f 2422 2421 1175
f 1175 2421 1176
f 2421 2420 1176
f 1176 2420 1177
f 2420 2419 1177
f 1177 2419 1178
f 2419 2418 1178
f 1178 2418 1214
f 2418 2417 1214
f 1214 2417 1215
f 2417 2416 1215
f 1215 2416 1216
f 2416 2415 1216
f 1216 2415 1232
f 2415 2414 1232
f 1232 2414 1233
f 2414 2413 1233
f 1233 2413 1192
f 2413 2412 1192
f 1192 2412 1193
f 2412 2411 1193
f 1193 2411 1194
f 2411 2410 1194
f 1194 2410 1195
f 2410 2409 1195
f 1195 2409 1147
f 2409 2408 1147
f 1147 2408 1148
f 2408 2407 1148
f 1148 2407 1149
f 2407 2406 1149
f 1149 2406 1150
f 2405 2476 1221
f 1221 1220 2405
f 1220 1240 2405
f 2405 1240 2406
f 1240 1239 2406
f 2406 1239 1150
f 2475 2474 1201
f 1201 1200 2475
f 1200 1199 2475
f 2475 1199 2476
f 1199 1222 2476
f 2476 1222 1221
f 2473 2472 1163
f 1163 1181 2473
f 1181 1180 2473
f 2473 1180 2474
f 1180 1179 2474
f 2474 1179 1201
f 2471 2470 1154
f 1154 1153 2471
f 1153 1165 2471
f 2471 1165 2472
f 1165 1164 2472
f 2472 1164 1163
f 2468 1145 2469
f 1145 1144 2469
f 2469 1144 2470
f 1144 1155 2470
f 2470 1155 1154
f 2467 1158 2468
f 1158 1146 2468
f 2468 1146 1145
f 2466 1160 2467
f 1160 1159 2467
f 2467 1159 1158
f 2465 1174 2466
f 1174 1173 2466
f 2466 1173 1160
f 2464 1183 2465
f 1183 1182 2465
f 2465 1182 1174
f 2463 1202 2464
f 1202 1184 2464
f 2464 1184 1183
f 2462 1204 2463
f 1204 1203 2463
f 2463 1203 1202
f 2461 1224 2462
f 1224 1223 2462
f 2462 1223 1204
f 2442 1151 2443
f 1151 1169 2443
f 2443 1169 2444
f 1169 1168 2444
f 2444 1168 2445
f 1168 1167 2445
f 2445 1167 2446
f 1167 1166 2446
f 2446 1166 2447
f 1166 1228 2447
f 2447 1228 2448
f 1228 1227 2448
f 2448 1227 2449
f 1227 1243 2449
f 2449 1243 2450
f 1243 1255 2450
f 2450 1255 2451
f 1255 1257 2451
f 2451 1257 2452
f 1257 1213 2452
f 2452 1213 2453
f 1213 1212 2453
f 2453 1212 2454
f 1212 1210 2454
f 2454 1210 2455
f 1210 1209 2455
f 2455 1209 2456
f 1209 1208 2456
f 2456 1208 2457
f 1208 1157 2457
f 2457 1157 2458
f 1157 1156 2458
f 2458 1156 2459
f 1156 1235 2459
f 2459 1235 2460
f 1235 1234 2460
f 2460 1234 2461
f 1234 1225 2461
f 2461 1225 1224
f 2441 1250 2442
f 1250 1152 2442
f 2442 1152 1151
f 2440 1244 2441
f 1244 1251 2441
f 2441 1251 1250
f 2439 1246 2440
f 1246 1245 2440
f 2440 1245 1244
f 2438 1230 2439
f 1230 1229 2439
f 2439 1229 1246
f 2437 1205 2438
f 1205 1231 2438
f 2438 1231 1230
f 2436 1207 2437
f 1207 1206 2437
f 2437 1206 1205
f 2435 1186 2436
f 1186 1185 2436
f 2436 1185 1207
f 2434 1170 2435
f 1170 1187 2435
f 2435 1187 1186
f 1162 1161 2433
f 1161 1172 2433
f 2433 1172 2434
f 1172 1171 2434
f 2434 1171 1170
