# generated by mjcf2godot
v 0.0047097641 0.0076240337 0.0082298316
v 0.0046820866 0.0076757902 0.0081630502
v 0.0040239042 0.007629 0.0084398318
v 0.00048634995 0.0076238052 0.009466303
v 0.00048339445 0.0076824255 0.0095248813
v 0.0012105874 0.007629 0.0095737664
v 0.00048346031 0.0076302338 0.0095805204
v 0.0004546688 0.0076410348 0.0093413027
v 0.00047431706 0.0076622106 0.0093937473
v 0.0011778058 0.007629 0.0092755215
v 0.0004511876 0.0076449704 0.0096405478
v 0.004819399 0.0076224123 0.0083581967
v 0.0047767779 0.0076605652 0.0083206067
v 0.00415757 0.007629 0.0087084541
v 0.0046597153 0.0076141284 0.008120608
v 0.0019120675 0.007629 0.0091524053
v 0.0019709459 0.007629 0.0094465813
v 0.0026342059 0.007629 0.0089712594
v 0.0027187257 0.007629 0.0092591079
v 0.0033396424 0.007629 0.0087332319
v 0.0034491541 0.007629 0.0090125402
v 0.0047415465 0.0076832342 0.0082721071
v 0.0012105874 0.0066290001 0.0095737664
v 0.00046445749 0.0066355868 0.0096369203
v 0.00047999091 0.0065974338 0.0095822554
v 0.00048340761 0.0065747657 0.0095224068
v 0.00047446822 0.0065822099 0.0093985166
v 0.00047368873 0.0066290001 0.0093749998
v 0.0011778058 0.0066290001 0.0092755215
v 0.0004630298 0.0066290001 0.0093399784
v 0.0047087388 0.0066341947 0.0082264984
v 0.004742895 0.0065755743 0.0082741803
v 0.00415757 0.0066290001 0.0087084541
v 0.0047729204 0.0066277663 0.0083210221
v 0.0046600599 0.0066290001 0.0081076197
v 0.0046700274 0.0066290001 0.0081428433
v 0.0040239042 0.0066290001 0.0084398318
v 0.0046831716 0.0066290001 0.00817862
v 0.0048071167 0.0066388874 0.0083678583
v 0.00048728948 0.0066339668 0.0094696613
v 0.0033396424 0.0066290001 0.0087332319
v 0.0034491541 0.0066290001 0.0090125402
v 0.0026342059 0.0066290001 0.0089712594
v 0.0027187257 0.0066290001 0.0092591079
v 0.0019120675 0.0066290001 0.0091524053
v 0.0019709459 0.0066290001 0.0094465813
v 0.0047625725 0.0066950506 0.0083943134
v 0.0047372982 0.0067351382 0.0084112197
v 0.0047099076 0.0067814401 0.0084298518
v 0.0046848969 0.0068381551 0.008444223
v 0.0046620814 0.006897448 0.0084561402
v 0.0046499202 0.0069523441 0.0084634744
v 0.0046386749 0.007007131 0.0084727736
v 0.004632388 0.0070667037 0.008473907
v 0.0046253183 0.007094242 0.008469297
v 0.0046299195 0.0071290788 0.0084753618
v 0.0046299745 0.0071870175 0.0084765194
v 0.0046378982 0.0072410958 0.0084705794
v 0.0046447713 0.0073010961 0.0084648946
v 0.0046616474 0.0073602467 0.0084566096
v 0.0046843865 0.0074189331 0.0084442426
v 0.0047091593 0.0074758645 0.0084310113
v 0.0047373332 0.0075229177 0.0084111992
v 0.0047626246 0.007563023 0.0083942845
v 0.00049012422 0.0076092252 0.0096382661
v 0.00055442337 0.0075392063 0.0096410573
v 0.00059530767 0.0074765599 0.0096380044
v 0.0006241179 0.0074198446 0.0096365739
v 0.00064975413 0.0073605523 0.0096342642
v 0.0006639504 0.007305656 0.00963386
v 0.00067843776 0.0072508686 0.0096356025
v 0.00068433978 0.0071912962 0.0096331568
v 0.00068779435 0.007163758 0.0096254585
v 0.00068720232 0.007128921 0.009633046
v 0.00068777625 0.0070938902 0.0096254604
v 0.00068554398 0.0070639412 0.0096256196
v 0.0006805064 0.0070238815 0.0096259763
v 0.00067472883 0.0069995668 0.0096335601
v 0.0006639249 0.0069522477 0.0096338619
v 0.00065037288 0.006897753 0.0096344244
v 0.00062455726 0.0068390668 0.009636315
v 0.00059656321 0.0067821353 0.0096385762
v 0.00056215201 0.0067350821 0.009637142
v 0.00053173024 0.0066949768 0.009636586
v 0.0046044413 0.0075629942 0.0081359534
v 0.0045655158 0.0075131534 0.0081314085
v 0.0044704324 0.0072944463 0.0081740594
v 0.0044618302 0.0072445234 0.0081764063
v 0.0045338578 0.0074655265 0.0081337797
v 0.0045275225 0.0074169848 0.0081825213
v 0.0044933178 0.0073623317 0.008159635
v 0.0044935292 0.0073161571 0.0081988977
v 0.0044742359 0.0071834676 0.0082115954
v 0.0044585902 0.0071301401 0.0081826285
v 0.0044742215 0.0070748672 0.0082116056
v 0.0044710336 0.0070101084 0.0081832375
v 0.004493458 0.0069421184 0.0081989238
v 0.0044925387 0.00689781 0.0081593379
v 0.0045273791 0.0068413723 0.0081826052
v 0.0045917651 0.0067038009 0.0081045715
v 0.0046346185 0.0066595214 0.0081221493
v 0.0045327779 0.0067943825 0.0081349336
v 0.0045638441 0.0067466554 0.0081329871
v 0.00049084949 0.0066586848 0.0093406387
v 0.00051622418 0.0067022462 0.0092997769
v 0.00056305819 0.0067470454 0.0093324142
v 0.00058334105 0.0067924735 0.009293754
v 0.0006150229 0.0068410152 0.0093313348
v 0.00063142419 0.0068956682 0.0092935882
v 0.00064948795 0.0069471752 0.009306352
v 0.00066317414 0.0070070702 0.0093014225
v 0.00067556929 0.0070745324 0.0093269855
v 0.00067306973 0.0071278597 0.0092941564
v 0.00067558628 0.0071831328 0.0093269845
v 0.00066293147 0.0072478914 0.0093013965
v 0.00065254763 0.0073158817 0.0093267163
v 0.00063191959 0.00736019 0.0092929168
v 0.00061313319 0.0074139306 0.0093117835
v 0.00051883526 0.007554199 0.0093004903
v 0.00049228832 0.0075984787 0.0093384473
v 0.00058487366 0.0074636174 0.0092941424
v 0.00055768777 0.0075113453 0.0093092997
v 0.0079480421 0.007629 0.0049245543
v 0.0083063713 0.0076419848 0.0042911963
v 0.0082926464 0.0075993151 0.0043267276
v 0.0082697703 0.0075514987 0.0043627405
v 0.0082551681 0.0075109546 0.0043889944
v 0.0082079249 0.0072684197 0.0044780112
v 0.0081740303 0.0072445234 0.0044661853
v 0.0082115766 0.0074655265 0.0043913847
v 0.0082326003 0.0074169848 0.0044358148
v 0.0081914507 0.0073623318 0.0044350535
v 0.0082128572 0.007316157 0.0044679692
v 0.0082034918 0.0071834676 0.0044890827
v 0.0081746674 0.0071301401 0.004473172
v 0.0082034843 0.0070748672 0.0044890981
v 0.0079480421 0.0066290001 0.0049245543
v 0.0081854651 0.0070101084 0.0044669573
v 0.0082128106 0.0069421184 0.0044680297
v 0.0081906349 0.00689781 0.0044352248
v 0.0082325258 0.0068413723 0.0044359634
v 0.0082697079 0.0067066726 0.0043628587
v 0.0082900554 0.0066595214 0.0043271262
v 0.0082112926 0.0067943825 0.0043929395
v 0.0082550554 0.0067473344 0.0043891611
v 0.0083133162 0.0066299523 0.004308896
v 0.0060055598 0.0066290001 0.0071662985
v 0.0054391006 0.0066290001 0.0076069603
v 0.00546286 0.0066586848 0.0075924745
v 0.0054621163 0.0067022462 0.0075443824
v 0.0055191594 0.0067470454 0.0075465165
v 0.0055847045 0.0072421048 0.0074562849
v 0.0056006543 0.0072677689 0.007487005
v 0.0060055598 0.007629 0.0071662985
v 0.0055934687 0.006954739 0.0074911959
v 0.005584019 0.0070134766 0.007455219
v 0.0055153223 0.0067924732 0.0075030293
v 0.0055490581 0.0068414571 0.0075029623
v 0.0055556826 0.006895668 0.0074768936
v 0.0056108746 0.0070745324 0.0074811218
v 0.0055910249 0.0071278597 0.0074548562
v 0.0056108891 0.0071831329 0.0074811125
v 0.0055913625 0.0073158815 0.0074933422
v 0.0055557361 0.00736019 0.007476062
v 0.0055624277 0.0074166277 0.0075174197
v 0.0054646989 0.0075541991 0.0075435707
v 0.0054628861 0.0075984787 0.0075898537
v 0.0055168213 0.0074636175 0.0075025269
v 0.0055021455 0.0075113452 0.0075299767
v 0.0054391006 0.007629 0.0076069603
v 0.0065566988 0.0066290001 0.006665755
v 0.0065566988 0.007629 0.006665755
v 0.0070662654 0.0066290001 0.0061229476
v 0.0070662654 0.007629 0.0061229476
v 0.0075310285 0.0066290001 0.0055413185
v 0.0075310285 0.007629 0.0055413185
v 0.0085680096 0.0066388874 0.0044405697
v 0.0085448392 0.0066950506 0.0044869076
v 0.0082057167 0.0066290001 0.0050782691
v 0.0085327171 0.0067351378 0.0045147938
v 0.0085197466 0.0067814401 0.0045452769
v 0.0085064771 0.0068381553 0.0045708887
v 0.0084937273 0.0068974475 0.0045932493
v 0.0084874614 0.0069523441 0.0046059945
v 0.0084830283 0.0070071315 0.0046198968
v 0.0084783521 0.0070667037 0.0046242493
v 0.0084699143 0.007094242 0.0046241934
v 0.0084770613 0.0071290788 0.0046268067
v 0.0084777337 0.0071870178 0.0046277516
v 0.0082057167 0.007629 0.0050782691
v 0.0084811889 0.0072410958 0.0046184705
v 0.0084838972 0.0073010962 0.0046099717
v 0.0084936155 0.0073602471 0.0045938784
v 0.0085060589 0.0074189331 0.0045711807
v 0.0085197447 0.0074758647 0.0045466562
v 0.0085327357 0.0075229179 0.0045147588
v 0.0085448672 0.0075630231 0.004486855
v 0.0085680115 0.0076191157 0.0044405669
v 0.005600773 0.0076238247 0.0078588663
v 0.005657301 0.0075629493 0.0078193065
v 0.0061943808 0.007629 0.0073994746
v 0.0056831783 0.0075228619 0.007803339
v 0.0057115054 0.0074765602 0.0077861626
v 0.0057349687 0.0074198447 0.0077693829
v 0.0057552864 0.0073605521 0.0077535798
v 0.0057670099 0.0073056558 0.0077455648
v 0.0057801402 0.0072508688 0.0077391983
v 0.005783783 0.0071912962 0.0077339503
v 0.0057825262 0.007163758 0.0077256047
v 0.0057861309 0.007128921 0.0077323088
v 0.0061943808 0.0066290001 0.0073994746
v 0.0057871619 0.0070709825 0.0077328397
v 0.0057784666 0.0070169043 0.0077375801
v 0.0057704404 0.0069569041 0.0077414703
v 0.0057558932 0.0068977532 0.0077533795
v 0.0057351983 0.0068390671 0.007768927
v 0.0057128707 0.0067821356 0.0077859642
v 0.0056831462 0.0067350824 0.0078033622
v 0.0056572531 0.0066949768 0.0078193409
v 0.0056147298 0.0066388842 0.0078488369
v 0.0067652741 0.0066290001 0.0068813995
v 0.0067652741 0.007629 0.0068813995
v 0.0072929903 0.0066290001 0.0063194059
v 0.0072929903 0.007629 0.0063194059
v 0.0077741614 0.0066290001 0.0057170814
v 0.0077741614 0.007629 0.0057170814
v 0.0055863347 0.0066277665 0.0077982721
v 0.0084088242 0.0066341952 0.0043748374
v 0.0084633364 0.006575575 0.0043964832
v 0.0085139202 0.0066277661 0.0044196564
v 0.0055548719 0.0065747661 0.0077494135
v 0.0054803721 0.0065822092 0.0076500228
v 0.0054670006 0.0066290001 0.0076306592
v 0.0083539954 0.0065829664 0.004337401
v 0.0055296209 0.0066339668 0.0077029414
v 0.0093487345 0.007629 -0.00015423327
v 0.009307761 0.0076419851 -0.00088077525
v 0.0093154248 0.0075993151 -0.00084346426
v 0.0092810134 0.0075314389 -0.00077740537
v 0.0093175604 0.0075109545 -0.00077082022
v 0.0092821803 0.0074655263 -0.00074524232
v 0.009304222 0.0074165431 -0.0007197022
v 0.0092888589 0.0073623318 -0.00069762444
v 0.0093246626 0.0073161571 -0.00068150715
v 0.0093011318 0.0072509296 -0.00066731286
v 0.0093281988 0.0071834676 -0.00065868183
v 0.0092953483 0.0071301403 -0.00065648396
v 0.0093282016 0.0070748672 -0.00065866489
v 0.0093487345 0.0066290001 -0.00015423327
v 0.0093010722 0.0070101084 -0.0006675493
v 0.0093033093 0.0069496444 -0.0006814515
v 0.0092882656 0.00689781 -0.00069703899
v 0.0093239045 0.0068413723 -0.00071906581
v 0.0093156623 0.0067066726 -0.00080066772
v 0.0093134607 0.0066595214 -0.00084172845
v 0.009282782 0.0067943827 -0.00074378038
v 0.0093175557 0.0067473344 -0.00077061888
v 0.0093109331 0.006616965 -0.00087937123
v 0.008701104 0.0066438716 0.0034565962
v 0.0086693841 0.0066883656 0.0033903033
v 0.008926593 0.0066290001 0.0027818267
v 0.0087126896 0.0067065012 0.0033928828
v 0.0087229686 0.0067470454 0.0033646549
v 0.008727073 0.0069635537 0.0032616327
v 0.008728171 0.0070134766 0.0032527844
v 0.0086962285 0.0067924737 0.0033301454
v 0.0087245724 0.0068414569 0.0033118493
v 0.0087160517 0.0068956682 0.0032863376
v 0.0087549456 0.006941843 0.0032809602
v 0.0087647692 0.0070745324 0.0032600559
v 0.0087338688 0.0071278597 0.0032486917
v 0.0087647757 0.0071831328 0.0032600403
v 0.008926593 0.007629 0.0027818267
v 0.0087362428 0.0072478914 0.0032609216
v 0.0087549614 0.0073158817 0.0032808854
v 0.0087156466 0.00736019 0.0032856086
v 0.0087436375 0.0074166278 0.0033167842
v 0.0086755597 0.0075541991 0.0033916197
v 0.0086990579 0.0075984787 0.0034315355
v 0.0086972185 0.0074636172 0.0033289123
v 0.0086997126 0.007511345 0.0033599384
v 0.0086860277 0.007641035 0.0034669416
v 0.0091196264 0.0066290001 0.0020627746
v 0.0091196264 0.007629 0.0020627746
v 0.0092548376 0.0066290001 0.0013306438
v 0.0092548376 0.007629 0.0013306438
v 0.0093313681 0.0066290001 0.00059007594
v 0.0093313681 0.007629 0.00059007594
v 0.0096486092 0.0066290001 -0.00016423003
v 0.0096066373 0.0066130297 -0.00092540441
v 0.0096099202 0.0066487748 -0.00088653915
v 0.0096218374 0.0067187898 -0.00082328593
v 0.0096246304 0.0067814399 -0.00078238906
v 0.0096273145 0.0068381553 -0.00075366852
v 0.009628677 0.0068974475 -0.00072796466
v 0.0096302966 0.0069523441 -0.00071385524
v 0.0096340834 0.0070071315 -0.0006997634
v 0.0096325029 0.0070667037 -0.00069357342
v 0.0096253746 0.007094242 -0.00068905837
v 0.0096328 0.0071290788 -0.00069072415
v 0.0096338766 0.0071870178 -0.00069029324
v 0.0096486092 0.007629 -0.00016423003
v 0.0096317644 0.0072410958 -0.00069996829
v 0.0096294482 0.0073010963 -0.00070858232
v 0.0096289229 0.007360247 -0.00072737478
v 0.0096271199 0.0074189331 -0.00075319669
v 0.0096253746 0.0074758647 -0.00078122781
v 0.0096190583 0.0075229179 -0.00081508459
v 0.0096141782 0.0075630231 -0.00084511759
v 0.0096099193 0.0076092316 -0.00088654544
v 0.0096073265 0.007629 -0.00090659495
v 0.008966814 0.0076191126 0.0035673097
v 0.0089866614 0.0075629494 0.0035194539
v 0.0092115041 0.007629 0.0028759028
v 0.0089997968 0.0075228622 0.0034920307
v 0.0090143413 0.0074765601 0.0034622665
v 0.0090250077 0.0074198446 0.0034354654
v 0.0090335573 0.0073605524 0.0034111868
v 0.0090390856 0.007305656 0.0033981052
v 0.0090466889 0.0072508686 0.0033856511
v 0.0090469171 0.0071912962 0.0033792666
v 0.0090462242 0.0071383751 0.0033755413
v 0.0090413431 0.0070938902 0.0033729429
v 0.0092115041 0.0066290001 0.0028759028
v 0.0090405599 0.0070639412 0.0033750398
v 0.0090387922 0.0070238815 0.0033797705
v 0.0090432905 0.0069995668 0.0033881763
v 0.0090390772 0.0069522477 0.0033981292
v 0.0090339587 0.006897753 0.0034106899
v 0.0090249546 0.0068390668 0.0034349581
v 0.0090153825 0.0067821353 0.0034613618
v 0.0089977349 0.0067189439 0.0034999218
v 0.0089668131 0.0066388842 0.0035673127
v 0.009411677 0.0066290001 0.002131422
v 0.009411677 0.007629 0.002131422
v 0.0095517833 0.0066290001 0.0013733382
v 0.0095517833 0.007629 0.0013733382
v 0.009630929 0.0066290001 0.00060648945
v 0.009630929 0.007629 0.00060648945
v 0.0089155885 0.0066277663 0.0035401267
v 0.0087462964 0.0065822099 0.0034726992
v 0.0094375603 0.0066084982 -0.00086954688
v 0.009496731 0.0065755743 -0.00087706399
v 0.009555219 0.0065990357 -0.00088973312
v 0.0088627043 0.0065747659 0.0035160334
v 0.0093656408 0.0065957893 -0.00086738685
v 0.0088163384 0.0066339668 0.0034905913
v 0.0077812721 0.007629 -0.0051840531
v 0.0073540064 0.007641985 -0.0057731081
v 0.0073806236 0.0075993151 -0.0057458622
v 0.0073873897 0.0075314387 -0.0056716871
v 0.0074216945 0.0075109546 -0.0056859051
v 0.0074774076 0.0073032611 -0.0056118896
v 0.0074582051 0.0072445234 -0.0055800323
v 0.0074057609 0.0074655267 -0.0056452598
v 0.0074381109 0.0074165431 -0.005635691
v 0.0074371232 0.0073623318 -0.0056088125
v 0.0074912712 0.0071834676 -0.00559732
v 0.0074648249 0.0071301401 -0.005577711
v 0.007491282 0.0070748672 -0.005597307
v 0.0077812721 0.0066290001 -0.0051840531
v 0.0074636571 0.0070101084 -0.0055901144
v 0.007475992 0.0069421184 -0.0056145425
v 0.0074369407 0.0068978098 -0.005607999
v 0.0074550125 0.0068413723 -0.0056457968
v 0.0074070573 0.0067943825 -0.005644356
v 0.0074007094 0.006746655 -0.0056748284
v 0.0073979215 0.0066951326 -0.0057153433
v 0.0073508553 0.0066531856 -0.0057315674
v 0.0073574332 0.0066169648 -0.0057736417
v 0.0090134975 0.0066290001 -0.0024858553
v 0.0091788743 0.0066160149 -0.0017771993
v 0.0091757162 0.0066586848 -0.0018151582
v 0.0091639135 0.0067065012 -0.0018561573
v 0.0091572993 0.0067470454 -0.0018854616
v 0.009116146 0.0067924735 -0.0019000361
v 0.0091301 0.0068414571 -0.0019307512
v 0.0091091387 0.0068956682 -0.001947606
v 0.0091192026 0.0069471752 -0.0019673033
v 0.0091123751 0.0070070702 -0.0019801477
v 0.0091359143 0.0070745324 -0.0019960549
v 0.0091037743 0.0071278597 -0.0019889088
v 0.0091359115 0.0071831329 -0.0019960719
v 0.0090134975 0.007629 -0.0024858553
v 0.0091123844 0.0072478914 -0.0019799041
v 0.0091184473 0.0073083559 -0.0019671967
v 0.0091084039 0.0073601899 -0.0019480007
v 0.0091488066 0.0074166278 -0.0019369072
v 0.0091638865 0.0075513275 -0.0018562883
v 0.0091733423 0.0075984788 -0.0018162707
v 0.0091163118 0.0074636174 -0.0019016081
v 0.0091572378 0.0075106657 -0.0018856533
v 0.0091790215 0.007629 -0.0017875277
v 0.0087871395 0.0066290001 -0.0031951222
v 0.0087871395 0.007629 -0.0031951222
v 0.0085050662 0.0066290001 -0.0038841305
v 0.0085050662 0.007629 -0.0038841305
v 0.0081690664 0.0066290001 -0.0045485116
v 0.0081690664 0.007629 -0.0045485116
v 0.0075880012 0.0066341754 -0.0059626085
v 0.0076310944 0.0066950506 -0.0059087249
v 0.0080281377 0.0066290001 -0.0053545875
v 0.0076514247 0.0067351382 -0.0058861143
v 0.0076737653 0.0067814399 -0.0058616536
v 0.0076915503 0.0068381553 -0.0058389433
v 0.0077065926 0.006897448 -0.0058180556
v 0.007715584 0.0069523441 -0.0058070627
v 0.0077263887 0.0070071312 -0.0057972545
v 0.0077295487 0.0070710984 -0.0057909969
v 0.0077301955 0.0071290788 -0.0057889569
v 0.0077248372 0.0071641098 -0.0057835538
v 0.0080281377 0.007629 -0.0053545875
v 0.0077234956 0.0071940586 -0.0057853452
v 0.0077204669 0.0072341185 -0.0057893867
v 0.0077224157 0.007258433 -0.0057987204
v 0.0077155686 0.0073057524 -0.0058070827
v 0.0077071188 0.0073602466 -0.0058176928
v 0.007691642 0.0074189331 -0.0058384408
v 0.0076750193 0.0074758644 -0.0058610785
v 0.0076514005 0.0075229177 -0.005886146
v 0.0076310576 0.007563023 -0.0059087724
v 0.0075985666 0.0076191157 -0.0059490531
v 0.0094719988 0.0076191126 -0.0018468102
v 0.0094628215 0.0075629494 -0.0018977991
v 0.0093040422 0.007629 -0.0025607479
v 0.0094590469 0.0075228622 -0.0019279708
v 0.0094551903 0.0074765599 -0.001960873
v 0.0094496731 0.0074198446 -0.0019891864
v 0.0094437397 0.0073605524 -0.0020142329
v 0.0094413182 0.007305656 -0.0020282269
v 0.009440982 0.0072508686 -0.0020428152
v 0.0094383222 0.0071869014 -0.0020493014
v 0.0094353792 0.0071233451 -0.002048384
v 0.0093040422 0.0066290001 -0.0025607479
v 0.0094300883 0.0070639412 -0.0020484283
v 0.0094410081 0.0070096954 -0.0020423698
v 0.0094413238 0.0069522477 -0.002028202
v 0.0094438095 0.0068977527 -0.0020148683
v 0.0094493537 0.0068390668 -0.0019895843
v 0.0094555768 0.0067821353 -0.0019621971
v 0.0094590553 0.0067350821 -0.0019279319
v 0.0094628336 0.0066949768 -0.0018977406
v 0.0094719988 0.0066388842 -0.0018468071
v 0.0090699412 0.0066290001 -0.0032952669
v 0.0090699412 0.007629 -0.0032952669
v 0.0087779558 0.0066290001 -0.0040087552
v 0.0087779558 0.007629 -0.0040087552
v 0.0084299475 0.0066290001 -0.0046966584
v 0.0084299475 0.007629 -0.0046966584
v 0.0094164193 0.0065974338 -0.0018387959
v 0.0093566936 0.0065747654 -0.0018336605
v 0.0092353367 0.0065822099 -0.0018071807
v 0.00921217 0.0066290001 -0.0018030623
v 0.0073953543 0.0066290001 -0.005781334
v 0.0074288954 0.0066290001 -0.0057994361
v 0.007472649 0.006634195 -0.005831557
v 0.0075149841 0.0065755745 -0.0058721514
v 0.0075573379 0.0065990366 -0.0059144307
v 0.0093039332 0.0066339668 -0.0018299963
v 0.0075570762 0.0076302334 -0.0059085373
v 0.0074078164 0.0076606107 -0.0057919562
v 0.0092908444 0.007620074 -0.0018253011
v 0.0093591439 0.0076824258 -0.0018339996
v 0.0094142084 0.0076302339 -0.001841983
v 0.0075131233 0.0076832339 -0.0058705216
v 0.0092257729 0.0076681762 -0.001802074
v 0.007475802 0.0076240335 -0.0058330461
v 0.0037433128 0.007629 -0.0085679727
v 0.0030654066 0.0076419851 -0.0088325186
v 0.0031025286 0.0075993151 -0.0088239886
v 0.0031483229 0.0075314388 -0.0087652463
v 0.0031694954 0.0075109546 -0.0087957546
v 0.0032563799 0.007303261 -0.00876361
v 0.0032574479 0.0072445233 -0.008726427
v 0.0031780649 0.0074655265 -0.0087529464
v 0.0032104531 0.007416543 -0.0087623872
v 0.0032241535 0.0073623317 -0.008739241
v 0.0032759195 0.0071834676 -0.0087588482
v 0.0032642726 0.0071301403 -0.008728053
v 0.0032759358 0.0070748672 -0.0087588426
v 0.0037433128 0.0066290001 -0.0085679727
v 0.003256584 0.0070101087 -0.0087378562
v 0.0032448682 0.0069496444 -0.0087456672
v 0.0032244397 0.00689781 -0.0087384578
v 0.0032117295 0.0068440697 -0.0087618526
v 0.0031180698 0.0067038011 -0.0087775836
v 0.0031032921 0.0066595214 -0.0088214815
v 0.0031796445 0.0067943827 -0.0087528868
v 0.0031578303 0.006746655 -0.0087750904
v 0.00307565 0.0066290001 -0.0088311933
v 0.0067588037 0.0066438716 -0.006478875
v 0.0067100918 0.0066950057 -0.00650917
v 0.0062386834 0.0066290001 -0.0069642957
v 0.0066714624 0.0067448466 -0.0065157764
v 0.0065856113 0.007242105 -0.0065889942
v 0.0066137498 0.0072677689 -0.0066091531
v 0.0062386834 0.007629 -0.0069642957
v 0.0065922479 0.0069635539 -0.0065834877
v 0.0065846548 0.0070134766 -0.0065881629
v 0.0066417551 0.0067924735 -0.0065269704
v 0.0066494083 0.0068410152 -0.006575523
v 0.0066101418 0.0068956682 -0.0065631998
v 0.0066214062 0.0069418432 -0.0066008126
v 0.006606472 0.0070745322 -0.0066184323
v 0.0065832988 0.0071278597 -0.0065950459
v 0.0066064608 0.0071831328 -0.0066184449
v 0.0066213447 0.0073158815 -0.0066008578
v 0.0066093102 0.00736019 -0.0065631351
v 0.0066492951 0.0074166278 -0.0065756441
v 0.0066890882 0.0075541991 -0.0064826311
v 0.0067351579 0.0075984788 -0.0064874241
v 0.006641045 0.0074636175 -0.0065283823
v 0.0066703029 0.007511345 -0.0065177624
v 0.0067554757 0.007629 -0.0064663152
v 0.0056647996 0.0066290001 -0.0074385904
v 0.0056647996 0.007629 -0.0074385904
v 0.0050549984 0.0066290001 -0.0078657201
v 0.0050549984 0.007629 -0.0078657201
v 0.0044131463 0.0066290001 -0.0082429783
v 0.0044131463 0.007629 -0.0082429783
v 0.0038587919 0.0066290001 -0.0088449005
v 0.0031489674 0.0066130297 -0.0091229245
v 0.0031856843 0.0066487748 -0.0091097659
v 0.0032481661 0.0067187933 -0.0090943292
v 0.0032865335 0.0067814401 -0.0090798816
v 0.0033137735 0.0068381553 -0.0090703923
v 0.0033377209 0.0068974475 -0.0090609534
v 0.0033512278 0.0069523441 -0.0090565659
v 0.0033656196 0.0070071312 -0.0090541566
v 0.0033705933 0.0070667037 -0.0090501472
v 0.0033717391 0.007094242 -0.0090417868
v 0.0033733086 0.0071290788 -0.0090492345
v 0.0033741479 0.0071870179 -0.0090500336
v 0.0038587919 0.007629 -0.0088449005
v 0.0033644699 0.0072410958 -0.0090521328
v 0.0033530164 0.0072969915 -0.00904573
v 0.0033421081 0.0073364283 -0.009052781
v 0.0033328275 0.0073664641 -0.0090627052
v 0.0033141223 0.0074189332 -0.0090700189
v 0.0032878993 0.0074758647 -0.0090800762
v 0.0032544779 0.0075229179 -0.0090883948
v 0.0032251314 0.0075630231 -0.0090964321
v 0.0031760209 0.0076191157 -0.0091127526
v 0.0069818085 0.0076238246 -0.0066621924
v 0.0069346067 0.0075629493 -0.0067125145
v 0.0064426146 0.007629 -0.0071843794
v 0.0069151192 0.0075228619 -0.0067358563
v 0.0068940867 0.0074765602 -0.0067614509
v 0.0068741383 0.0074198448 -0.0067822869
v 0.0068556045 0.0073605521 -0.0068001487
v 0.0068460025 0.0073056558 -0.0068106126
v 0.0068378325 0.0072508688 -0.006822703
v 0.0068321193 0.0071912962 -0.0068255617
v 0.0068240378 0.007163758 -0.00682313
v 0.0068301607 0.007128921 -0.0068276521
v 0.0064426146 0.0066290001 -0.0071843794
v 0.0068305393 0.0070709825 -0.0068287478
v 0.0068364686 0.0070169043 -0.0068208162
v 0.0068414619 0.0069569041 -0.0068134252
v 0.00685532 0.0068977532 -0.006800721
v 0.0068736544 0.0068390671 -0.0067824489
v 0.006893696 0.0067821356 -0.0067627738
v 0.0069151467 0.0067350824 -0.0067358279
v 0.0069346481 0.0066949768 -0.0067124722
v 0.006969895 0.0066388842 -0.006674579
v 0.0058485658 0.0066290001 -0.0076757321
v 0.0058485658 0.007629 -0.0076757321
v 0.0052171906 0.0066290001 -0.0081180964
v 0.0052171906 0.007629 -0.0081180964
v 0.0045525187 0.0066290001 -0.0085086502
v 0.0045525187 0.007629 -0.0085086502
v 0.0069274709 0.006597435 -0.0066377913
v 0.0067922261 0.0065822102 -0.0065132944
v 0.0030957437 0.0066290001 -0.0088617938
v 0.0031141737 0.0066290001 -0.0088951565
v 0.0031336152 0.006634195 -0.0089458326
v 0.0031472829 0.0065755743 -0.0090028696
v 0.0031600557 0.0065990357 -0.0090613352
v 0.0068800028 0.0065747659 -0.0066011819
v 0.0068375973 0.0066339666 -0.0065695738
v 0.0031601815 0.0076605661 -0.0090588793
v 0.0031004841 0.0076606111 -0.0088774661
v 0.0067749626 0.007629 -0.006497304
v 0.0067936142 0.0076750341 -0.0065152977
v 0.0068356746 0.0076238051 -0.0065666643
v 0.0068818808 0.0076824258 -0.0066027917
v 0.0069297573 0.0076589637 -0.0066386974
v 0.0031465983 0.0076832343 -0.0090004919
v 0.003135463 0.0076240332 -0.0089487895
v -0.0014831196 0.007629 -0.009231621
v -0.0021871016 0.007629 -0.0090920912
v -0.002168732 0.007610469 -0.0090950025
v -0.0021628591 0.0076042565 -0.0090964004
v -0.0021257531 0.0075629942 -0.0091036079
v -0.0020896844 0.0075131536 -0.0090882802
v -0.0020586413 0.0074655263 -0.0090816353
v -0.0020388304 0.0074169848 -0.0091266191
v -0.0020124586 0.0073623318 -0.0090950221
v -0.0019987226 0.0073108249 -0.0091123587
v -0.0019842021 0.0072509296 -0.0091114841
v -0.0019795112 0.0071834676 -0.0091395039
v -0.0019726602 0.0071301401 -0.0091073006
v -0.0019794947 0.0070748672 -0.0091395086
v -0.0014831196 0.0066290001 -0.009231621
v -0.0019844279 0.0070101087 -0.009111391
v -0.0019985058 0.0069496439 -0.0091116285
v -0.0020117946 0.00689781 -0.0090945182
v -0.0020386693 0.0068413723 -0.00912666
v -0.0020572802 0.0067943827 -0.009082439
v -0.0020876355 0.006746655 -0.0090893243
v -0.0021256476 0.0066951326 -0.0091036191
v -0.0021628425 0.0066537611 -0.0090964042
v -0.002168732 0.006647531 -0.0090950025
v -0.0021871016 0.0066290001 -0.0090920912
v 0.0014831326 0.0066290001 -0.009231621
v 0.0021871147 0.0066290001 -0.0090920912
v 0.002168745 0.006647531 -0.0090950025
v 0.0021628721 0.0066537434 -0.0090964004
v 0.0021257661 0.0066950057 -0.0091036079
v 0.0020896974 0.0067448463 -0.0090882802
v 0.0020586546 0.0067924737 -0.0090816353
v 0.0020388435 0.0068410152 -0.0091266191
v 0.0020124717 0.0068956682 -0.0090950221
v 0.0019987356 0.006947175 -0.0091123587
v 0.0019842151 0.0070070702 -0.0091114841
v 0.0019762053 0.0070715082 -0.0091214977
v 0.0019726732 0.0071278597 -0.0091073006
v 0.0019795077 0.0071831328 -0.0091395086
v 0.0014831326 0.007629 -0.009231621
v 0.001984441 0.0072478914 -0.009111391
v 0.0019985186 0.007308356 -0.0091116285
v 0.0020118076 0.00736019 -0.0090945182
v 0.0020386823 0.0074166278 -0.00912666
v 0.0021182806 0.0075513275 -0.0091068881
v 0.002177425 0.0076075145 -0.0090986691
v 0.0020572932 0.0074636172 -0.009082439
v 0.0020888068 0.0075106657 -0.0091130385
v 0.00074392796 0.0066290001 -0.0093203584
v 0.00074392796 0.007629 -0.0093203584
v 6.5330065e-09 0.0066290001 -0.0093499996
v 6.5330065e-09 0.007629 -0.0093499996
v -0.00074391492 0.0066290001 -0.0093203584
v -0.00074391492 0.007629 -0.0093203584
v -0.0022548835 0.0066388874 -0.0093832189
v -0.0022046901 0.0066950506 -0.0093960535
v -0.0015356912 0.0066290001 -0.0095270207
v -0.0021756766 0.0067351378 -0.0094051534
v -0.0021441458 0.0067814399 -0.0094153132
v -0.0021160995 0.0068381553 -0.0094220569
v -0.0020908511 0.0068974477 -0.0094270628
v -0.0020771159 0.0069523441 -0.0094306745
v -0.0020637063 0.0070071312 -0.0094364291
v -0.0020573544 0.0070667037 -0.0094357446
v -0.0020518708 0.007094242 -0.0094293315
v -0.0020545765 0.0071290788 -0.0094364449
v -0.002054303 0.0071870179 -0.0094375718
v -0.0015356912 0.007629 -0.0095270207
v -0.0020635794 0.0072410958 -0.0094341045
v -0.0020717762 0.0073010962 -0.009430586
v -0.0020903023 0.007360247 -0.0094273916
v -0.0021156047 0.0074189331 -0.0094219312
v -0.0021431022 0.0074758646 -0.0094162148
v -0.0021757155 0.0075229179 -0.0094051441
v -0.0022047483 0.0075630231 -0.0093960404
v -0.0022548866 0.0076191157 -0.0093832189
v 0.0022548966 0.0076191126 -0.0093832189
v 0.0022047032 0.0075629494 -0.0093960535
v 0.0015357042 0.007629 -0.0095270207
v 0.0021756897 0.0075228622 -0.0094051534
v 0.0021441588 0.0074765601 -0.0094153132
v 0.0021161125 0.0074198446 -0.0094220569
v 0.0020908641 0.0073605523 -0.0094270637
v 0.002077129 0.007305656 -0.0094306745
v 0.0020637193 0.0072508687 -0.0094364291
v 0.0020573675 0.0071912962 -0.0094357446
v 0.0020518838 0.007163758 -0.0094293315
v 0.0020545896 0.007128921 -0.0094364449
v 0.0015357042 0.0066290001 -0.0095270207
v 0.002054316 0.007070982 -0.0094375718
v 0.0020635924 0.0070169043 -0.0094341045
v 0.0020717892 0.0069569038 -0.009430586
v 0.0020903153 0.006897753 -0.0094273916
v 0.0021156177 0.0068390668 -0.0094219312
v 0.0021431153 0.0067821353 -0.0094162148
v 0.0021757286 0.0067350821 -0.0094051441
v 0.0022047614 0.0066949768 -0.0093960404
v 0.0022548996 0.0066388842 -0.0093832189
v 0.00077031349 0.0066290001 -0.0096192058
v 0.00077031349 0.007629 -0.0096192058
v 6.5330065e-09 0.0066290001 -0.00965
v 6.5330065e-09 0.007629 -0.00965
v -0.00077030045 0.0066290001 -0.0096192058
v -0.00077030045 0.007629 -0.0096192058
v 0.0022352803 0.0066277663 -0.0093286453
v 0.0021912395 0.0065973886 -0.0091444446
v -0.0022003162 0.006634195 -0.0092198696
v -0.0022196551 0.0065755745 -0.0092752414
v -0.0022405188 0.0065990357 -0.0093313312
v -0.0021876092 0.0066272683 -0.0091456478
v 0.0022189585 0.0065747657 -0.0092728721
v 0.0022003739 0.0066339668 -0.0092233565
v -0.0022352673 0.0076302339 -0.0093286453
v -0.0022189454 0.0076832344 -0.0092728721
v -0.0021912265 0.0076606113 -0.0091444446
v 0.0021876222 0.0076307318 -0.0091456478
v 0.0022003292 0.0076238051 -0.0092198696
v 0.0022196681 0.0076824257 -0.0092752414
v 0.0022405318 0.0076589644 -0.0093313312
v -0.0022003609 0.0076240332 -0.0092233565
v -0.0062386699 0.007629 -0.0069642957
v -0.0067609225 0.0076419851 -0.0064575473
v -0.0067377423 0.0075993151 -0.0064877715
v -0.0067056476 0.0075514987 -0.0065158807
v -0.0066842402 0.0075109546 -0.0065369574
v -0.0065922344 0.0072944461 -0.0065834877
v -0.0065846413 0.0072445234 -0.0065881629
v -0.0066417416 0.0074655266 -0.0065269704
v -0.0066368736 0.0074165431 -0.0065603527
v -0.0066101283 0.0073623317 -0.0065631998
v -0.0066213927 0.0073161569 -0.0066008126
v -0.0066064585 0.0071834677 -0.0066184323
v -0.0065832853 0.0071301401 -0.0065950464
v -0.0066064473 0.0070748672 -0.0066184449
v -0.0062386699 0.0066290001 -0.0069642957
v -0.0065953962 0.0070101084 -0.0065921253
v -0.0066213312 0.0069421184 -0.0066008578
v -0.0066092971 0.0068978098 -0.0065631351
v -0.0066492816 0.0068413723 -0.0065756441
v -0.0066890747 0.0067038009 -0.0064826311
v -0.0067508665 0.0066504854 -0.0064770869
v -0.0066410315 0.0067943825 -0.0065283823
v -0.0066702899 0.006746655 -0.0065177624
v -0.0037432998 0.0066290001 -0.0085679727
v -0.0030653935 0.0066160149 -0.0088325186
v -0.0031025156 0.0066586848 -0.0088239886
v -0.0031483099 0.006726561 -0.0087652463
v -0.0031694823 0.0067470454 -0.0087957546
v -0.0032563668 0.006954739 -0.00876361
v -0.0032574348 0.0070134768 -0.008726427
v -0.0031780519 0.0067924735 -0.0087529464
v -0.00321044 0.0068414571 -0.0087623872
v -0.0032241403 0.0068956682 -0.008739241
v -0.0032759064 0.0070745324 -0.0087588482
v -0.0032642595 0.0071278597 -0.008728053
v -0.0032759227 0.0071831329 -0.0087588426
v -0.0037432998 0.007629 -0.0085679727
v -0.003256571 0.0072478913 -0.0087378562
v -0.0032448552 0.0073083556 -0.0087456672
v -0.0032244266 0.00736019 -0.0087384578
v -0.0032117164 0.0074139305 -0.0087618526
v -0.003118057 0.007554199 -0.0087775836
v -0.003103279 0.0075984788 -0.0088214815
v -0.0031796314 0.0074636172 -0.0087528868
v -0.0031578173 0.0075113452 -0.0087750904
v -0.0030756369 0.007629 -0.0088311933
v -0.0044131328 0.0066290001 -0.0082429783
v -0.0044131328 0.007629 -0.0082429783
v -0.0050549849 0.0066290001 -0.0078657201
v -0.0050549849 0.007629 -0.0078657201
v -0.0056647861 0.0066290001 -0.0074385904
v -0.0056647861 0.007629 -0.0074385904
v -0.0064426011 0.0066290001 -0.0071843794
v -0.0069903738 0.0066130307 -0.006654196
v -0.0069631503 0.0066487748 -0.0066821287
v -0.0069345932 0.0066950506 -0.0067125145
v -0.0069151057 0.0067351382 -0.0067358563
v -0.0068940732 0.0067814399 -0.0067614509
v -0.0068741248 0.0068381551 -0.0067822869
v -0.006855591 0.006897448 -0.0068001487
v -0.006845989 0.0069523441 -0.0068106126
v -0.006837819 0.0070071312 -0.006822703
v -0.0068321058 0.0070667037 -0.0068255617
v -0.0068240243 0.007094242 -0.00682313
v -0.0068301472 0.0071290788 -0.0068276521
v -0.0068305258 0.0071870176 -0.0068287478
v -0.0064426011 0.007629 -0.0071843794
v -0.0068364551 0.0072410958 -0.0068208162
v -0.0068414484 0.0073010961 -0.0068134252
v -0.0068553065 0.0073602466 -0.006800721
v -0.0068736409 0.007418933 -0.0067824489
v -0.0068936825 0.0074758644 -0.0067627738
v -0.0069151332 0.0075229177 -0.0067358279
v -0.0069346346 0.007563023 -0.0067124722
v -0.0069789423 0.0076224123 -0.0066618511
v -0.003159791 0.0076238256 -0.0091184421
v -0.0032251747 0.0075629494 -0.0090964116
v -0.0038587789 0.007629 -0.0088449005
v -0.0032545021 0.0075228622 -0.0090883818
v -0.0032865205 0.0074765601 -0.0090798816
v -0.0033137605 0.0074198447 -0.0090703923
v -0.0033377078 0.0073605524 -0.0090609534
v -0.0033512148 0.007305656 -0.0090565659
v -0.0033656065 0.0072508687 -0.0090541566
v -0.0033716483 0.0071869014 -0.0090506008
v -0.0033732955 0.007128921 -0.0090492345
v -0.0038587789 0.0066290001 -0.0088449005
v -0.003371709 0.0070938902 -0.0090417933
v -0.0033696122 0.0070639412 -0.0090425756
v -0.0033648792 0.0070238815 -0.0090443376
v -0.0033614724 0.0069995668 -0.0090532411
v -0.0033511908 0.0069522477 -0.0090565743
v -0.0033383467 0.006897753 -0.0090609329
v -0.0033141091 0.0068390668 -0.0090700189
v -0.0032878863 0.0067821353 -0.0090800762
v -0.0032544648 0.0067350821 -0.0090883948
v -0.0032251184 0.0066949768 -0.0090964321
v -0.0031760079 0.0066388842 -0.0091127526
v -0.0045525052 0.0066290001 -0.0085086502
v -0.0045525052 0.007629 -0.0085086502
v -0.0052171771 0.0066290001 -0.0081180964
v -0.0052171771 0.007629 -0.0081180964
v -0.0058485523 0.0066290001 -0.0076757321
v -0.0058485523 0.007629 -0.0076757321
v -0.0031601684 0.006597434 -0.0090588793
v -0.0031004711 0.0065973891 -0.0088774661
v -0.006784844 0.0066272685 -0.0065110951
v -0.0068356611 0.006634195 -0.0065666643
v -0.0068818673 0.0065755743 -0.0066027917
v -0.0069297438 0.0065990364 -0.0066386974
v -0.0031465853 0.0065747657 -0.0090004919
v -0.00313545 0.0066339668 -0.0089487895
v -0.0069274574 0.0076605651 -0.0066377913
v -0.006784844 0.0076307317 -0.0065110951
v -0.0030957307 0.007629 -0.0088617938
v -0.0031141606 0.007629 -0.0088951565
v -0.0031336022 0.0076238051 -0.0089458326
v -0.0031472698 0.0076824257 -0.0090028696
v -0.0031600427 0.0076589644 -0.0090613352
v -0.0068799893 0.0076832342 -0.0066011819
v -0.0068498079 0.007629 -0.0065834309
v -0.0068263866 0.007629 -0.0065605902
v -0.009013484 0.007629 -0.0024858553
v -0.0091788608 0.0076419851 -0.0017771993
v -0.0091757027 0.0075993151 -0.0018151582
v -0.0091639 0.0075514987 -0.0018561573
v -0.0091572858 0.0075109546 -0.0018854616
v -0.0091161325 0.0074655265 -0.0019000361
v -0.0091300865 0.0074165431 -0.0019307512
v -0.0091091252 0.0073623317 -0.0019476061
v -0.0091191891 0.0073108248 -0.0019673033
v -0.0091123616 0.0072509296 -0.0019801477
v -0.0091359008 0.0071834676 -0.0019960549
v -0.0091037618 0.0071301401 -0.0019889088
v -0.009135898 0.0070748672 -0.0019960719
v -0.009013484 0.0066290001 -0.0024858553
v -0.0091123709 0.0070101087 -0.0019799041
v -0.0091184338 0.0069496442 -0.0019671967
v -0.0091083904 0.00689781 -0.0019480007
v -0.0091487931 0.0068413723 -0.0019369072
v -0.009163873 0.0067066726 -0.0018562883
v -0.0091733288 0.0066595211 -0.0018162707
v -0.0091162992 0.0067943827 -0.0019016081
v -0.0091572243 0.0067473344 -0.0018856533
v -0.009179008 0.0066290001 -0.0017875277
v -0.0077812586 0.0066290001 -0.0051840531
v -0.0073539929 0.0066160151 -0.0057731081
v -0.0073806101 0.0066586848 -0.0057458622
v -0.0073873762 0.0067265612 -0.0056716871
v -0.007421681 0.0067470454 -0.0056859051
v -0.0074773945 0.006954739 -0.0056118896
v -0.0074581916 0.0070134766 -0.0055800323
v -0.0074057474 0.0067924732 -0.0056452598
v -0.0074380974 0.0068414569 -0.005635691
v -0.0074371097 0.0068956682 -0.0056088125
v -0.0074912577 0.0070745324 -0.00559732
v -0.007464811 0.0071278597 -0.005577711
v -0.0074912685 0.0071831328 -0.005597307
v -0.0077812586 0.007629 -0.0051840531
v -0.0074636436 0.0072478914 -0.0055901144
v -0.0074759785 0.0073158815 -0.0056145425
v -0.0074369272 0.0073601901 -0.005607999
v -0.007454999 0.0074166278 -0.0056457968
v -0.0074070443 0.0074636175 -0.005644356
v -0.0074006964 0.0075113451 -0.0056748284
v -0.007397908 0.0075628674 -0.0057153433
v -0.0073508418 0.0076048145 -0.0057315674
v -0.0073574197 0.0076410352 -0.0057736417
v -0.0081690529 0.0066290001 -0.0045485116
v -0.0081690529 0.007629 -0.0045485116
v -0.0085050527 0.0066290001 -0.0038841305
v -0.0085050527 0.007629 -0.0038841305
v -0.008787126 0.0066290001 -0.0031951222
v -0.008787126 0.007629 -0.0031951222
v -0.0094719853 0.0066388874 -0.0018468102
v -0.009462808 0.0066950506 -0.0018977991
v -0.0093040287 0.0066290001 -0.0025607479
v -0.0094590334 0.0067351378 -0.0019279708
v -0.0094551768 0.0067814401 -0.001960873
v -0.0094496596 0.0068381553 -0.0019891864
v -0.0094437262 0.0068974475 -0.0020142329
v -0.0094413047 0.0069523441 -0.0020282269
v -0.0094409685 0.0070071315 -0.0020428152
v -0.0094383087 0.0070710987 -0.0020493014
v -0.0094353657 0.0071346547 -0.002048384
v -0.0094300748 0.0071940586 -0.0020484283
v -0.0093040287 0.007629 -0.0025607479
v -0.0094409946 0.0072483044 -0.0020423698
v -0.0094413103 0.0073057524 -0.002028202
v -0.009443796 0.0073602471 -0.0020148685
v -0.0094493402 0.0074189332 -0.0019895843
v -0.0094555633 0.0074758647 -0.0019621971
v -0.0094590418 0.0075229179 -0.0019279319
v -0.0094628201 0.0075630231 -0.0018977406
v -0.0094719853 0.0076191157 -0.0018468071
v -0.0075879877 0.0076238245 -0.0059626085
v -0.0076310809 0.0075629493 -0.0059087249
v -0.0080281242 0.007629 -0.0053545875
v -0.0076514112 0.0075228619 -0.0058861143
v -0.0076737518 0.0074765602 -0.0058616536
v -0.0076915368 0.0074198447 -0.0058389433
v -0.0077065791 0.0073605521 -0.0058180556
v -0.0077155705 0.0073056558 -0.0058070627
v -0.0077263752 0.0072508688 -0.0057972545
v -0.0077283911 0.0071912962 -0.005791193
v -0.0077248344 0.007163758 -0.0057835394
v -0.007730182 0.007128921 -0.0057889569
v -0.0080281242 0.0066290001 -0.0053545875
v -0.0077313206 0.0070709825 -0.0057891757
v -0.0077243133 0.0070169043 -0.0057961737
v -0.0077177079 0.0069569041 -0.0058021681
v -0.0077071053 0.0068977534 -0.0058176928
v -0.0076916285 0.0068390668 -0.0058384408
v -0.0076750058 0.0067821356 -0.0058610785
v -0.0076472082 0.0067189432 -0.0058931062
v -0.007605064 0.0066487685 -0.0059413212
v -0.0075792579 0.006614779 -0.0059692176
v -0.008429934 0.0066290001 -0.0046966584
v -0.008429934 0.007629 -0.0046966584
v -0.0087779423 0.0066290001 -0.0040087552
v -0.0087779423 0.007629 -0.0040087552
v -0.0090699277 0.0066290001 -0.0032952669
v -0.0090699277 0.007629 -0.0032952669
v -0.0075570627 0.0066277668 -0.0059085373
v -0.0092908309 0.0066379261 -0.0018253011
v -0.0093591304 0.0065755743 -0.0018339996
v -0.0094141949 0.0066277663 -0.001841983
v -0.0075131098 0.0065747661 -0.0058705216
v -0.0074078029 0.0065973893 -0.0057919562
v -0.0092257594 0.006589824 -0.001802074
v -0.0074757885 0.0066339666 -0.0058330461
v 0.0088286793 0.0070724749 -0.0017477234
v 0.0089961097 0.0071091239 -0.0016808033
v 0.0088294449 0.0070446079 -0.0017438533
v 0.0090883032 0.0070608564 -0.0016229081
v 0.0088313252 0.0070004327 -0.0017343019
v 0.0088389006 0.0068978915 -0.0016952591
v 0.0088358645 0.0069313316 -0.0017110256
v 0.0089997977 0.0069789727 -0.0016514447
v 0.0088335343 0.0069625886 -0.0017230194
v 0.008869868 0.0068718634 -0.0017252471
v 0.0088433058 0.0068571943 -0.0016721376
v 0.0090024176 0.006895824 -0.0016073434
v 0.0088557966 0.0067735038 -0.0016046779
v 0.0088528155 0.0067905468 -0.0016210372
v 0.0088814993 0.0067653538 -0.0016443514
v 0.0088473337 0.0068265517 -0.0016506759
v 0.0088594651 0.0067544795 -0.0015842978
v 0.0090192335 0.0068260952 -0.0015284722
v 0.0088647765 0.0067281091 -0.0015511146
v 0.0089104699 0.006707094 -0.0015272298
v 0.0090302799 0.0067777043 -0.0014475338
v 0.008874723 0.006689425 -0.00148932
v 0.0088826411 0.006671239 -0.0014487279
v 0.0088885671 0.0066584564 -0.0014118992
v 0.0089143089 0.0066322501 -0.0014161556
v 0.0090383545 0.0067450645 -0.0013525695
v 0.0088967776 0.006645949 -0.0013592029
v 0.0088926398 0.0066514463 -0.0013860271
v 0.0089025602 0.0066408637 -0.0013208115
v 0.0089253413 0.0066356083 -0.0012865515
v 0.0089459608 0.0066225397 -0.001196013
v 0.008918334 0.0066459264 -0.001201382
v 0.0089400273 0.0066404348 -0.0012467834
v 0.0089252845 0.0066561383 -0.0011573285
v 0.009074501 0.0067741779 -0.0011894358
v 0.0089307132 0.0066718018 -0.0011118541
v 0.0089679614 0.0066876168 -0.0010764091
v 0.0089698455 0.0066836263 -0.0010298873
v 0.0089399463 0.00670863 -0.0010380174
v 0.0089489587 0.0067564972 -0.00097256291
v 0.0089432655 0.0067280888 -0.0010090204
v 0.0090869872 0.0068289308 -0.0010705564
v 0.0089513131 0.0067946856 -0.00093493876
v 0.0090848759 0.0068680519 -0.0010105253
v 0.0089534896 0.0068196355 -0.00091386514
v 0.0089578435 0.0068857373 -0.00087012861
v 0.0089555068 0.0068468534 -0.00089388077
v 0.0090978101 0.006925355 -0.00098001547
v 0.0089601364 0.0069346231 -0.00084620968
v 0.0090921989 0.0069823918 -0.00093510937
v 0.0089612419 0.0069655977 -0.00083442443
v 0.0090053279 0.0070396975 -0.00078310146
v 0.008962841 0.0070297917 -0.00081706604
v 0.0090039468 0.0069958962 -0.00079271306
v 0.0089621453 0.0069974648 -0.00082466586
v 0.0089636364 0.0070960928 -0.0008082963
v 0.0089632266 0.0070544429 -0.00081282741
v 0.0090061615 0.0070841781 -0.00077730502
v 0.0091045324 0.0071423709 -0.00092037002
v 0.0089637332 0.0071291848 -0.00080722335
v 0.0090053279 0.0072183026 -0.00078310146
v 0.0089633355 0.0071955589 -0.00081162828
v 0.0089636326 0.007162525 -0.00080833698
v 0.0089621313 0.0072611028 -0.00082481959
v 0.0089629751 0.007220155 -0.00081559152
v 0.0089612317 0.0072927324 -0.00083453776
v 0.0090921803 0.0072541152 -0.00092540411
v 0.0089601169 0.0073238864 -0.00084642348
v 0.0089995826 0.0073463413 -0.00082306096
v 0.0089582235 0.0073650563 -0.00086621018
v 0.0090885286 0.0073382048 -0.00096771055
v 0.0090963731 0.0074066602 -0.0010531477
v 0.0089521653 0.0074443653 -0.00092003574
v 0.009116391 0.007381886 -0.0010042802
v 0.0089554798 0.0074115416 -0.00089415062
v 0.0089506193 0.0074968947 -0.00097016709
v 0.0089432339 0.0075301168 -0.0010093036
v 0.0090712917 0.0074586212 -0.0010933541
v 0.0089399249 0.0075494873 -0.0010382058
v 0.008972415 0.0075731514 -0.001077913
v 0.0089582831 0.0076122588 -0.0011103052
v 0.0089299551 0.0075870935 -0.0011127409
v 0.00892525 0.0076019372 -0.001157598
v 0.0090666332 0.007496721 -0.001223768
v 0.0089189114 0.007611955 -0.0012032101
v 0.0089503324 0.0076170609 -0.00124369
v 0.0090493013 0.0075095813 -0.0013158704
v 0.0089107018 0.0076172459 -0.0012730112
v 0.0089025146 0.0076171089 -0.00132112
v 0.0088967562 0.0076120281 -0.0013593435
v 0.0090647547 0.0074751145 -0.0013811654
v 0.0088921154 0.0076027373 -0.0014020282
v 0.0088755891 0.0075667919 -0.0014911043
v 0.0088826178 0.0075867046 -0.00144887
v 0.0090319926 0.0074782545 -0.001447438
v 0.0089004834 0.0075521952 -0.0015286844
v 0.0090147948 0.0074318859 -0.0015343545
v 0.0088632761 0.0075213121 -0.0015628335
v 0.008857325 0.0074951122 -0.0015928084
v 0.0090202421 0.007380625 -0.0015748804
v 0.0088522334 0.0074639734 -0.0016242171
v 0.0088471167 0.0074329523 -0.0016489482
v 0.0090115697 0.007330818 -0.0016163216
v 0.0088428382 0.0073969252 -0.0016746155
v 0.0088387423 0.0073617315 -0.0016937955
v 0.0088669204 0.0073463413 -0.0017457524
v 0.0088354743 0.0073218827 -0.0017130426
v 0.0088334468 0.0072941066 -0.0017234648
v 0.0090060981 0.0072430211 -0.0016572062
v 0.0088312153 0.0072551631 -0.0017348612
v 0.0088294235 0.0072127251 -0.0017439634
v 0.0090163865 0.0072000516 -0.0016890173
v 0.0088286803 0.0071855797 -0.0017477174
v 0.0088603415 0.0071738219 -0.0017915083
v 0.0088283059 0.0071639645 -0.0017496126
v 0.0088283059 0.0070940257 -0.001749612
v 0.00882806 0.0071289999 -0.0017508485
v 0.0097752244 0.007172566 -0.001905692
v 0.009786105 0.0072204285 -0.0019308773
v 0.0098156568 0.007213586 -0.0019112837
v 0.0098166179 0.0072379558 -0.0019063423
v 0.0096750774 0.0072407521 -0.0017450871
v 0.0098179497 0.0072644148 -0.0018994736
v 0.0098206562 0.0073054592 -0.0018854245
v 0.009826937 0.0073739306 -0.0018524045
v 0.0098235293 0.0073403402 -0.0018704035
v 0.0096856647 0.0073052416 -0.0017281137
v 0.0097958252 0.0074101705 -0.0018215178
v 0.0096469142 0.0073651005 -0.0016611414
v 0.0098357734 0.0074415774 -0.0018048936
v 0.0097125985 0.0074390621 -0.0016396431
v 0.0098480054 0.0075085634 -0.0017369295
v 0.0098069126 0.0075013029 -0.0017861516
v 0.0098444114 0.0074912835 -0.0017571827
v 0.0098408966 0.0074726366 -0.0017767644
v 0.0098529628 0.0075298179 -0.0017085828
v 0.0098609023 0.0075565717 -0.0016649229
v 0.009695803 0.0074774744 -0.0015993147
v 0.0098282297 0.0076061854 -0.0016378886
v 0.0098673713 0.0075773357 -0.0016232985
v 0.0097328091 0.0075150555 -0.0014489598
v 0.009881858 0.00760434 -0.0015418249
v 0.0097424241 0.007516606 -0.0015235377
v 0.0098735385 0.007592059 -0.001585362
v 0.0098894278 0.007616866 -0.001468376
v 0.009899392 0.0076188319 -0.0014149793
v 0.0099042545 0.0076170986 -0.0013805346
v 0.0097603586 0.0075352804 -0.0013796276
v 0.0099090312 0.0076129512 -0.001345823
v 0.009755187 0.0075091615 -0.0013143002
v 0.0099129605 0.007602918 -0.0012975315
v 0.0098855256 0.007623763 -0.0012393922
v 0.0099214681 0.0075886107 -0.0012508328
v 0.0099261862 0.0075731117 -0.0012128307
v 0.00978483 0.0074871816 -0.0012175543
v 0.0099333508 0.0075528326 -0.0011727339
v 0.0097802554 0.0074432919 -0.001164245
v 0.0099385895 0.007508405 -0.0011082928
v 0.0099426222 0.0074746773 -0.0010697671
v 0.0097988259 0.0073997405 -0.001108585
v 0.0099452056 0.0074489886 -0.0010454687
v 0.0099038382 0.0074146372 -0.0010159504
v 0.0099247892 0.0073922579 -0.00096630332
v 0.0099500187 0.0073862093 -0.00099861736
v 0.0099278076 0.0073515152 -0.00094530991
v 0.0099527419 0.0073364662 -0.00097111756
v 0.0099513617 0.0073636756 -0.00098515696
v 0.0099542395 0.0073004245 -0.00095564381
v 0.0097913316 0.0072418526 -0.0010381901
v 0.0099554334 0.0072630608 -0.00094312771
v 0.00995632 0.0072246801 -0.00093371943
v 0.0099193801 0.0072156989 -0.00092685459
v 0.0097776849 0.0071676349 -0.0010072009
v 0.0099570744 0.0071683546 -0.00092563776
v 0.0099572262 0.0071290316 -0.00092399916
v 0.0097926261 0.0071100065 -0.001022868
v 0.0099570735 0.0070895875 -0.00092564201
v 0.0099567466 0.0070588888 -0.0009291524
v 0.0099336898 0.0070375715 -0.00090439912
v 0.0099564821 0.0070418148 -0.00093199054
v 0.0097310164 0.0070315349 -0.0010543024
v 0.0099554334 0.0069949488 -0.0009431248
v 0.0099561496 0.0070244622 -0.00093552916
v 0.0099527382 0.0069214582 -0.00097115283
v 0.0099542423 0.0069576666 -0.00095560906
v 0.0097905223 0.0069799052 -0.0010501551
v 0.0099247892 0.006865742 -0.00096630332
v 0.0099513421 0.0068939748 -0.00098535195
v 0.0099474846 0.0068357201 -0.0010235678
v 0.0099500159 0.006871746 -0.0009986467
v 0.0099452131 0.006809082 -0.0010454063
v 0.0097946313 0.0068826788 -0.00109264
v 0.0099426138 0.0067832459 -0.0010698451
v 0.0097639507 0.0068473952 -0.00111539
v 0.0099391455 0.0067546774 -0.0011015825
v 0.0099080617 0.0067256655 -0.0010826452
v 0.0099028761 0.0066977035 -0.001118715
v 0.009934027 0.0067213011 -0.0011468322
v 0.0099367585 0.0067378977 -0.0011229237
v 0.0097549206 0.0067588041 -0.0012864769
v 0.0099263855 0.0066808773 -0.0012234582
v 0.0097843262 0.0067705255 -0.0012189144
v 0.0099299645 0.0067005536 -0.0011814954
v 0.0099137363 0.0066561437 -0.0012931839
v 0.0099090787 0.0066451031 -0.0013454727
v 0.0097696681 0.0067230827 -0.0013515253
v 0.0099042591 0.006640904 -0.0013805043
v 0.009849041 0.0066373987 -0.001412765
v 0.009853367 0.0066044876 -0.00146306
v 0.0098897528 0.0066411303 -0.0014637407
v 0.0097462016 0.006730924 -0.0014881613
v 0.0098849277 0.0066471469 -0.0015127148
v 0.0098788284 0.0066558664 -0.0015520595
v 0.0098732293 0.0066666059 -0.0015872859
v 0.0096524435 0.0068025299 -0.0014964423
v 0.0097012205 0.006766775 -0.0015626685
v 0.0098683119 0.0066781802 -0.0016175752
v 0.0097292571 0.006782428 -0.0016192612
v 0.0098605503 0.0067017485 -0.001665511
v 0.0098529442 0.006728256 -0.0017086888
v 0.0098480054 0.0067494366 -0.0017369295
v 0.0098117322 0.0067256655 -0.0017526313
v 0.0098426838 0.0067758855 -0.001766812
v 0.0096928321 0.0068748089 -0.0016755927
v 0.0098357641 0.0068164823 -0.0018049391
v 0.0098247055 0.0069056576 -0.0018642006
v 0.0098279559 0.0068748133 -0.0018470031
v 0.0096923739 0.0069260396 -0.0017216815
v 0.0098312956 0.0068476513 -0.0018291401
v 0.0097919863 0.0069064848 -0.0018899665
v 0.0098208257 0.0069501052 -0.0018845424
v 0.009783298 0.0069580515 -0.0018832088
v 0.0097875197 0.0069927276 -0.0019210368
v 0.0098171823 0.0070087247 -0.0019034321
v 0.0098155553 0.0070473867 -0.0019118064
v 0.0096827897 0.007082654 -0.0017730891
v 0.0098147041 0.0070797704 -0.0019161735
v 0.0098144787 0.0071646386 -0.0019173261
v 0.009784966 0.0071289999 -0.0019387948
v 0.0098142095 0.0071289999 -0.0019187022
v 0.0098143613 0.007101528 -0.0019179258
v 0.0095070081 0.0075461155 -0.0010395358
v 0.0095518131 0.0076302336 -0.00088491725
v 0.0092497293 0.0076388953 -0.00089765664
v 0.0093026834 0.0074507334 -0.00098128033
v 0.0092906638 0.0072592046 -0.00085314658
v 0.009304127 0.0071755856 -0.00093505669
v 0.0092895108 0.0070864545 -0.00083168687
v 0.0092823759 0.0069180064 -0.00087326495
v 0.0092664363 0.0067472154 -0.00078145965
v 0.009305102 0.0068168492 -0.0009945554
v 0.0092014421 0.0067679958 -0.0016537603
v 0.0091162736 0.0067011471 -0.00182586
v 0.0091112435 0.0067472154 -0.0018608497
v 0.0091471311 0.0070829446 -0.0018200986
v 0.0091475362 0.0071715453 -0.0018191543
v 0.0091524015 0.0073399935 -0.0017772546
v 0.0091112435 0.0075107845 -0.0018608497
v 0.0092083767 0.0074411533 -0.0016672811
v 0.0092376799 0.0075432716 -0.0016501696
v 0.009434066 0.0075462068 -0.0017092962
v 0.009448942 0.0070891416 -0.0018698742
v 0.0096655099 0.0071869602 -0.0018369294
v 0.0097357782 0.0072750428 -0.0019504364
v 0.0096697893 0.00729956 -0.0018071475
v 0.0096748958 0.0073686158 -0.0017716263
v 0.0096897923 0.0074830092 -0.0016680199
v 0.0097041486 0.0075413525 -0.0015681512
v 0.0097147136 0.0075648131 -0.0014947039
v 0.0097256864 0.007575017 -0.0014183371
v 0.0097367552 0.0075716831 -0.0013413777
v 0.0098341287 0.007674039 -0.0012663888
v 0.0097527683 0.007541584 -0.001229928
v 0.0097626068 0.007505712 -0.0011615711
v 0.0097713938 0.0074583759 -0.0011004281
v 0.0097788891 0.0074010421 -0.001048341
v 0.0097848449 0.007335435 -0.0010069075
v 0.0098888057 0.0073219903 -0.0008861055
v 0.0097905251 0.0072259415 -0.00096737702
v 0.0097919891 0.0071098433 -0.00095723427
v 0.0097343877 0.0070395161 -0.00099258018
v 0.0097848878 0.006923129 -0.0010066159
v 0.0097789366 0.0068574682 -0.0010479643
v 0.0097672224 0.0067749916 -0.0011294752
v 0.0098534964 0.0066403315 -0.0011316838
v 0.0097528605 0.0067166478 -0.0012293426
v 0.0098341287 0.0065839611 -0.0012663888
v 0.0097368418 0.0066864047 -0.0013407536
v 0.0097257805 0.0066829513 -0.0014177086
v 0.0096643188 0.0067261312 -0.0014799221
v 0.0096944042 0.0067522906 -0.0016359213
v 0.0097617267 0.0066967473 -0.0017699564
v 0.0096816907 0.0068271417 -0.0017243485
v 0.0097475641 0.0068053504 -0.0018684598
v 0.0096721689 0.0069225648 -0.0017905867
v 0.0096679239 0.0069944429 -0.0018201177
v 0.009734262 0.0070310162 -0.0019609824
v 0.0096650331 0.0071092074 -0.0018402331
v 0.0096199031 0.0071491442 -0.0018562058
v 0.0096214137 0.007230151 -0.0018457034
v 0.0096838002 0.0073334692 -0.0019598707
v 0.0096273611 0.0073451539 -0.0018043585
v 0.0096336 0.0074140847 -0.0017609501
v 0.009641452 0.0074743578 -0.001706358
v 0.0096506693 0.0075241311 -0.0016422298
v 0.009727793 0.007670816 -0.0016538956
v 0.0096664468 0.0075759122 -0.0015325018
v 0.0096777987 0.0075936492 -0.0014535632
v 0.0096894123 0.0075972619 -0.0013727747
v 0.0097009393 0.0075866476 -0.0012925926
v 0.0097928487 0.0076907744 -0.0012014262
v 0.009717311 0.0075448808 -0.0011787591
v 0.0097271197 0.007501027 -0.0011105278
v 0.0097356925 0.0074458652 -0.0010508755
v 0.009742778 0.007381083 -0.0010016033
v 0.0097481518 0.0073086381 -0.00096421873
v 0.0098459304 0.0072837293 -0.00083223455
v 0.0097526743 0.007190475 -0.00093279422
v 0.0098488296 0.0071289999 -0.00081207141
v 0.0097526845 0.00706812 -0.00093271796
v 0.0097481853 0.0069499159 -0.00096399079
v 0.0097428237 0.0068774234 -0.0010012851
v 0.0097357549 0.006812573 -0.0010504704
v 0.0098184377 0.0066710374 -0.0010234493
v 0.009722424 0.0067338637 -0.0011431953
v 0.009799706 0.0065871839 -0.0011537329
v 0.0097066464 0.0066820833 -0.0012529245
v 0.0097785231 0.0065402546 -0.0013010591
v 0.009689498 0.0066607644 -0.0013721813
v 0.0096778807 0.006664276 -0.0014529737
v 0.0096610582 0.0066958686 -0.0015699753
v 0.0097212095 0.0066112658 -0.0016996857
v 0.0096459736 0.0067569759 -0.0016748983
v 0.0097035889 0.0067062719 -0.0018222396
v 0.009633654 0.0068434368 -0.0017605913
v 0.009690068 0.0068300861 -0.0019162786
v 0.009624935 0.0069493618 -0.0018212085
v 0.0096214341 0.0070272629 -0.0018455778
v 0.0096789936 0.0070768959 -0.0019933054
v 0.0095391797 0.0071885229 -0.0018273267
v 0.0096236088 0.0072378692 -0.0020074419
v 0.0095774301 0.0072754499 -0.0018471922
v 0.0096306133 0.0073939615 -0.0019587272
v 0.0095487752 0.0073736155 -0.0017605875
v 0.0096383898 0.0074886051 -0.0019046408
v 0.009592443 0.0074584056 -0.0017427691
v 0.0096013604 0.0075158926 -0.0016807372
v 0.0096115659 0.0075616275 -0.0016097696
v 0.0096809615 0.0077181426 -0.0016085466
v 0.0096285942 0.0076052529 -0.0014913308
v 0.0096405924 0.0076164015 -0.0014078803
v 0.0096526837 0.0076127379 -0.0013237815
v 0.0096645013 0.0075943769 -0.0012415895
v 0.0097491865 0.0076972119 -0.0011340342
v 0.0096381998 0.0075127365 -0.0011386316
v 0.0097626552 0.0076425694 -0.0010403539
v 0.0096905411 0.0074888861 -0.0010604936
v 0.0096987199 0.0074262159 -0.0010035923
v 0.0097052299 0.0073545184 -0.00095832171
v 0.0097098725 0.0072759684 -0.00092606052
v 0.0097993475 0.0072378692 -0.00078515572
v 0.0097130269 0.0071505519 -0.00090410395
v 0.0098003636 0.0070743576 -0.00077808931
v 0.0097114576 0.0070236678 -0.00091502167
v 0.0097953223 0.0069145696 -0.00081315285
v 0.0096608244 0.0069187599 -0.00098126927
v 0.009788749 0.0068155237 -0.00085886857
v 0.009698773 0.0068322088 -0.0010032594
v 0.009690597 0.0067694808 -0.0010600984
v 0.0097626552 0.0066154307 -0.0010403539
v 0.0096757526 0.0066963759 -0.0011633283
v 0.0097419948 0.0065398574 -0.001184051
v 0.0096587252 0.0066527465 -0.0012817648
v 0.0097192547 0.0065044333 -0.0013422125
v 0.0096406687 0.0066415766 -0.0014073441
v 0.0096286715 0.0066526235 -0.0014908088
v 0.0096809615 0.0065398574 -0.0016085466
v 0.0096116357 0.0066961191 -0.0016092956
v 0.009660301 0.0066154307 -0.0017522437
v 0.0095967792 0.0067691173 -0.0017125995
v 0.0096431284 0.0067260027 -0.0018716837
v 0.0095851237 0.0068666328 -0.0017936909
v 0.0096306133 0.0068640384 -0.0019587272
v 0.0095416161 0.0069922769 -0.0018103873
v 0.0096252935 0.0069667328 -0.0019957245
v 0.009574827 0.0070650506 -0.001865294
v 0.0096222537 0.0071289999 -0.0020168699
v 0.0095645657 0.0071857753 -0.0020307939
v 0.0095059101 0.0072596249 -0.0018590112
v 0.0095336626 0.0073216306 -0.0018411809
v 0.0095766329 0.0074547118 -0.0019468616
v 0.0095202646 0.0074533117 -0.0017591828
v 0.0095514574 0.0075003783 -0.0017174153
v 0.0095613732 0.0075538866 -0.0016484617
v 0.0095724578 0.0075944795 -0.0015713558
v 0.0096329257 0.0077582268 -0.0015553392
v 0.0095905384 0.0076285851 -0.0014455954
v 0.0096030293 0.0076324637 -0.0013587341
v 0.0096154234 0.0076210361 -0.0012725255
v 0.009627348 0.0075946599 -0.001189591
v 0.0097032732 0.0076931494 -0.001066058
v 0.009609232 0.0074761946 -0.0010600413
v 0.0096527881 0.0074696251 -0.0010126591
v 0.0096604007 0.0073999578 -0.00095970048
v 0.0096661786 0.007322061 -0.00091951682
v 0.0096699421 0.0072382972 -0.00089333571
v 0.009749274 0.0071857753 -0.00074611515
v 0.0096715831 0.0071072514 -0.00088192544
v 0.0096293746 0.0070269558 -0.00091994569
v 0.0096683402 0.0069776875 -0.00090447741
v 0.0097409415 0.0068536965 -0.00080407362
v 0.0096340582 0.0068396014 -0.00096772231
v 0.0096528262 0.0067887282 -0.001012358
v 0.0096436164 0.0067293498 -0.0010764292
v 0.009611143 0.0066920911 -0.0011271015
v 0.0096274095 0.0066635191 -0.0011891657
v 0.009680914 0.0064997732 -0.0012215698
v 0.009609326 0.0066294124 -0.0013149262
v 0.0096569203 0.0064775766 -0.0013884544
v 0.0095906074 0.0066293444 -0.0014451402
v 0.0095783996 0.0066483224 -0.001530034
v 0.0096177405 0.0065386098 -0.0016609558
v 0.0095614272 0.0067038661 -0.001648071
v 0.0095186394 0.0067818056 -0.0016901289
v 0.009547082 0.0067883752 -0.0017478633
v 0.0095073946 0.0068760136 -0.0017683406
v 0.0095363345 0.0068961043 -0.0018225966
v 0.0095698035 0.0069062001 -0.0019943617
v 0.0095045513 0.0070414616 -0.0018684678
v 0.009528287 0.0071067862 -0.0018785773
v 0.0094820021 0.0071513542 -0.0018848957
v 0.0095064288 0.0072455283 -0.0020344775
v 0.0095107371 0.0073585159 -0.0020045108
v 0.0094902313 0.0073674504 -0.0018276663
v 0.0095222492 0.0075139039 -0.0019244441
v 0.0095329492 0.0076035107 -0.0018500204
v 0.0095106859 0.0075388659 -0.0016854025
v 0.0095214958 0.007587292 -0.0016102212
v 0.0095333366 0.0076217925 -0.0015278586
v 0.0095838953 0.0077898645 -0.0014956817
v 0.0095257091 0.0076466063 -0.0014152911
v 0.0096004794 0.0078000595 -0.0013803395
v 0.00956505 0.0076413704 -0.0013072877
v 0.009577567 0.0076219063 -0.0012202322
v 0.0095894125 0.0075874632 -0.0011378462
v 0.009600227 0.0075390928 -0.00106263
v 0.0096138085 0.0074437385 -0.00096817324
v 0.0096206984 0.0073677819 -0.00092024272
v 0.0096256074 0.0072845721 -0.00088609508
v 0.0096283855 0.0071966362 -0.00086676735
v 0.0096959809 0.0071289999 -0.00071611049
v 0.0096283967 0.007061733 -0.00086670955
v 0.0096234328 0.0069314142 -0.00090122715
v 0.0096831864 0.0067934702 -0.00080510029
v 0.0096736376 0.0066976513 -0.00087151057
v 0.0096051826 0.0067481262 -0.0010281642
v 0.0095745542 0.0067033562 -0.001075567
v 0.0095633895 0.0066580832 -0.0011532099
v 0.0095776145 0.0066362152 -0.0012198818
v 0.0096170625 0.0064681355 -0.0012649974
v 0.0095587114 0.0066127336 -0.0013513729
v 0.0095921562 0.006460494 -0.001438231
v 0.0095192979 0.0066173294 -0.0014598652
v 0.0095757612 0.0064808064 -0.0015522546
v 0.0095273575 0.0066514999 -0.0015694429
v 0.0095527286 0.0065478455 -0.0017124541
v 0.0094816613 0.0067173707 -0.0016844985
v 0.0094971473 0.0068142653 -0.0017795606
v 0.0094875416 0.0069310703 -0.0018463665
v 0.0095082319 0.0069553171 -0.0020219356
v 0.0094389927 0.0074790893 -0.0015613709
v 0.0094817525 0.0076152056 -0.0015668806
v 0.0094942043 0.00764282 -0.0014802818
v 0.0095136829 0.0076548285 -0.0013448025
v 0.0095266283 0.0076428779 -0.0012547655
v 0.0095134492 0.0076273077 -0.0011845585
v 0.0095838171 0.0077504684 -0.0010851683
v 0.0095506639 0.0075729689 -0.001087591
v 0.0096053027 0.0076542878 -0.00093573172
v 0.0095253636 0.0066697314 -0.001101691
v 0.0095134417 0.006630669 -0.0011846166
v 0.0095266656 0.0066151795 -0.0012545042
v 0.0094942062 0.0066007156 -0.0013183978
v 0.0095071869 0.0066031719 -0.0013899838
v 0.0094680956 0.0066167785 -0.0014999995
v 0.0095091986 0.006484639 -0.0016041551
v 0.0094758647 0.0066620832 -0.0016078299
v 0.0095403914 0.0065594601 -0.00096880311
v 0.0095254548 0.0064988624 -0.001072693
v 0.009461961 0.0066107752 -0.0012201529
v 0.0094485863 0.006636226 -0.0012929823
v 0.0094129594 0.0067191409 -0.0013714696
v 0.0094550878 0.0066009938 -0.001429583
v 0.009416085 0.0066248613 -0.0015392217
v 0.0094418193 0.0064988624 -0.0016543873
v 0.0094242564 0.0066798081 -0.0016440173
v 0.0093936932 0.0075316786 -0.0016181753
v 0.0094160887 0.0076331484 -0.0015391945
v 0.0094580271 0.0078005888 -0.0015416603
v 0.0094289447 0.0076573532 -0.0014497825
v 0.0094355487 0.0076634597 -0.0014038513
v 0.0094836375 0.0078242799 -0.0013635402
v 0.0094488573 0.0076634586 -0.0013112849
v 0.0094482119 0.0075528066 -0.0012635545
v 0.0094744705 0.0076152262 -0.0011331435
v 0.0095331112 0.0077311301 -0.0010194387
v 0.0094402705 0.0066882084 -0.0010454822
v 0.0094544424 0.0066540885 -0.0011095537
v 0.0094225372 0.0066233474 -0.0011688177
v 0.0094096439 0.0065990685 -0.0012584965
v 0.0094027661 0.0066062686 -0.0014689698
v 0.0093639812 0.0066413091 -0.0015760858
v 0.0093743151 0.0065230551 -0.0017012619
v 0.0093467098 0.0067557787 -0.0016271095
v 0.0093639803 0.0076166891 -0.0015760909
v 0.0093765242 0.0076487686 -0.0014888461
v 0.0093963447 0.0076671066 -0.0013509921
v 0.0094581603 0.0077864886 -0.00111811
v 0.0094346351 0.0075950154 -0.001084677
v 0.009481217 0.0077021482 -0.00095774266
v 0.0094942844 0.0076832344 -0.00087669897
v 0.0093886435 0.0066655973 -0.0010795622
v 0.0094064495 0.0064955851 -0.0010540386
v 0.0093702779 0.0066121364 -0.0012073032
v 0.0093572049 0.0065959379 -0.0012982255
v 0.0093470823 0.0066496726 -0.0013580086
v 0.0093373444 0.0066020259 -0.0014363616
v 0.0093294943 0.0066696171 -0.0014803343
v 0.0093303958 0.0064722524 -0.001583002
v 0.0093124912 0.0066655782 -0.0016092183
v 0.0093274473 0.0075566309 -0.0016724937
v 0.0093146826 0.0077342618 -0.0016922897
v 0.0093245164 0.0076318268 -0.001525579
v 0.0093635463 0.0076593333 -0.0014167722
v 0.0093834188 0.0076593212 -0.0012785557
v 0.0093963735 0.0076391369 -0.0011884534
v 0.0094064495 0.007762415 -0.0010540386
v 0.0093942417 0.0075673401 -0.0010406264
v 0.0094283486 0.0076643855 -0.00090172937
v 0.0094426277 0.0076240334 -0.00086535022
v 0.0093615765 0.006561393 -0.00094446095
v 0.0093567271 0.0066383661 -0.0011400817
v 0.0093184013 0.0066095042 -0.0012472023
v 0.0092633388 0.0065010012 -0.0016277182
v 0.0092623041 0.0066968618 -0.0016373705
v 0.0092872262 0.0075769075 -0.0016234681
v 0.0092633388 0.0077569989 -0.0016277182
v 0.0092859233 0.0076385368 -0.0014730854
v 0.0092878912 0.0078113931 -0.0014569578
v 0.0093245369 0.0076595147 -0.0013639686
v 0.0093136097 0.0078192833 -0.0012780808
v 0.0093441897 0.0076474089 -0.0012272807
v 0.0093567523 0.007619558 -0.0011399063
v 0.0093543215 0.0077290864 -0.00099492455
v 0.0093632194 0.0076606112 -0.00086753912
v 0.0093224973 0.0066871726 -0.0010561833
v 0.009287351 0.0065110786 -0.001044214
v 0.009304859 0.0066294243 -0.0011788606
v 0.0092856952 0.0066057184 -0.0013121515
v 0.0092727134 0.0066097277 -0.0014024345
v 0.0092212309 0.006470431 -0.0015040895
v 0.0092539194 0.0066451559 -0.0015331527
v 0.0091978295 0.0065385433 -0.0016668532
v 0.0092480641 0.0075936632 -0.0015738734
v 0.0092131582 0.0077696832 -0.0015602388
v 0.0092484776 0.0076366066 -0.001420208
v 0.0092679386 0.0076085217 -0.0013537648
v 0.009285738 0.007652267 -0.0013118523
v 0.0092631935 0.0078004427 -0.0012122342
v 0.0093049 0.0076284865 -0.0011785746
v 0.0093169019 0.0075935243 -0.0010950923
v 0.0093019989 0.0076874986 -0.00094233824
v 0.009288735 0.0068089618 -0.0010868414
v 0.0092712839 0.0066736791 -0.0010937755
v 0.0092212383 0.0065035209 -0.0010958161
v 0.0092533634 0.0066279051 -0.001218408
v 0.0091970956 0.006465912 -0.0012637324
v 0.009234369 0.0066162821 -0.0013505205
v 0.0092217477 0.0066279938 -0.0014383072
v 0.0091564406 0.0065035209 -0.0015464932
v 0.0092038328 0.0066738658 -0.001562904
v 0.0091901564 0.0067587964 -0.0016081935
v 0.0091279496 0.0076388953 -0.0017446527
v 0.0091948763 0.0075224244 -0.0015753695
v 0.0091414752 0.0077054447 -0.0016505776
v 0.0092096592 0.007603228 -0.0015223794
v 0.0091643224 0.0077719405 -0.0014916765
v 0.0092124336 0.0076261314 -0.0013685546
v 0.009247144 0.0076378027 -0.0012616584
v 0.0092133565 0.0077719405 -0.0011506328
v 0.0092655609 0.0076030714 -0.0011335792
v 0.0092768522 0.0075617315 -0.0010550522
v 0.0091239561 0.0072373284 -0.0018043435
v 0.0090467355 0.0073494322 -0.0019125837
v 0.0091334109 0.0073975333 -0.0017385713
v 0.009062663 0.0075432771 -0.0018018064
v 0.0091453448 0.0074973592 -0.0016555752
v 0.0090803171 0.0076569441 -0.0016790232
v 0.0090941631 0.007713116 -0.0015827209
v 0.0091719974 0.0076053545 -0.0014702118
v 0.0091169991 0.0077637093 -0.0014238928
v 0.0091964689 0.0076279115 -0.0012999967
v 0.0092087521 0.0076165049 -0.0012145753
v 0.0091642973 0.0077346326 -0.0010949271
v 0.0092261836 0.007571855 -0.0010933382
v 0.0092366284 0.0075250463 -0.0010206911
v 0.0091977839 0.0075847309 -0.00086202348
v 0.0092497405 0.0074328184 -0.00092948855
v 0.00921236 0.0074512503 -0.00076064279
v 0.00925901 0.0073198833 -0.0008650242
v 0.0092246479 0.0071289999 -0.00067517497
v 0.0092627138 0.0070206715 -0.00083925846
v 0.0092191168 0.0069085677 -0.0007136475
v 0.0092532572 0.0068604675 -0.00090503132
v 0.0092457107 0.0067914337 -0.00095752089
v 0.0091787877 0.0065708459 -0.00099414527
v 0.0092204998 0.0066675233 -0.0011328595
v 0.009156666 0.0065064601 -0.0011480044
v 0.0092025783 0.006633849 -0.0012575219
v 0.0091329266 0.0064844993 -0.0013131156
v 0.0091840236 0.0066339093 -0.0013865623
v 0.0091719294 0.0066527916 -0.0014706752
v 0.0090941631 0.0065448839 -0.0015827209
v 0.00915512 0.0067079473 -0.0015875988
v 0.0091409108 0.0067917927 -0.0016864119
v 0.0090577921 0.0067593296 -0.0018356859
v 0.009130277 0.0068986224 -0.0017603737
v 0.0090467355 0.0069085677 -0.0019125837
v 0.0091239393 0.0070211497 -0.0018044511
v 0.0091099686 0.0071289219 -0.0017932028
v 0.0090817942 0.0071922426 -0.0017889032
v 0.009084387 0.007274326 -0.0017708478
v 0.0090889793 0.007351988 -0.0017389431
v 0.0090954092 0.0074228839 -0.0016941906
v 0.0090167692 0.0075664138 -0.0017383266
v 0.0091080929 0.0075118716 -0.0016059965
v 0.0091181884 0.0075570115 -0.0015357762
v 0.0090489101 0.0077102906 -0.001514784
v 0.0091350323 0.0076000115 -0.0014186223
v 0.0091468992 0.0076109354 -0.0013360986
v 0.0091588537 0.0076072204 -0.001252951
v 0.0091705334 0.0075889764 -0.0011717037
v 0.0091162252 0.0076896389 -0.0010465958
v 0.009186771 0.0075356902 -0.0010587662
v 0.0091962612 0.007484462 -0.00099276656
v 0.0091464587 0.0075266262 -0.00083631589
v 0.0092077705 0.0073879523 -0.00091269482
v 0.0091588071 0.0073904302 -0.00075043258
v 0.0092153375 0.0072737884 -0.00086008889
v 0.0091657185 0.0072364182 -0.00070236708
v 0.0092184397 0.0071497607 -0.0008385155
v 0.0092179116 0.007065758 -0.00084219719
v 0.0092153132 0.0069836756 -0.00086025595
v 0.0092107274 0.0069060101 -0.00089215182
v 0.0092042892 0.0068351157 -0.00093690659
v 0.0091961997 0.0067731553 -0.00099317297
v 0.0091867039 0.0067220084 -0.0010592354
v 0.0091162252 0.0065683612 -0.0010465958
v 0.0091704589 0.0066688567 -0.0011722349
v 0.0090943074 0.0065198013 -0.0011990402
v 0.0091528075 0.0066470635 -0.0012950001
v 0.0090713475 0.0065127573 -0.0013587305
v 0.0091349541 0.0066581081 -0.0014191654
v 0.0091235416 0.0066834384 -0.001498529
v 0.0090350027 0.0065932796 -0.001611515
v 0.0091080267 0.0067464664 -0.0016064406
v 0.0090167692 0.0066915861 -0.0017383266
v 0.0090953654 0.0068355667 -0.0016945234
v 0.0090027789 0.0068197016 -0.0018356325
v 0.0090864107 0.0069446579 -0.001756787
v 0.0089939844 0.0069688953 -0.0018968016
v 0.0090817849 0.0070663147 -0.0017889745
v 0.0089441438 0.0071802564 -0.0018778604
v 0.0090430195 0.0072293529 -0.0017560749
v 0.0090464747 0.0073061869 -0.0017320418
v 0.0090517804 0.0073776338 -0.0016951625
v 0.0090587728 0.0074415241 -0.0016465627
v 0.0089737226 0.0075795115 -0.0016721368
v 0.0090719333 0.007519033 -0.0015550124
v 0.0090821071 0.0075561942 -0.0014842428
v 0.0090058588 0.007697062 -0.001448623
v 0.0090986977 0.0075873511 -0.0013688452
v 0.0091101539 0.0075908142 -0.0012891609
v 0.0091215253 0.0075802395 -0.0012100929
v 0.0091324553 0.0075559644 -0.0011340393
v 0.0090693685 0.0076383104 -0.001006903
v 0.0091473248 0.0074955539 -0.001030636
v 0.0091557747 0.007441077 -0.00097186762
v 0.0091543843 0.0073733461 -0.00096380994
v 0.009165616 0.0073421785 -0.00090342141
v 0.0091061688 0.0073301424 -0.00075095139
v 0.0091714796 0.0072287529 -0.00086264409
v 0.009110898 0.0071802564 -0.00071806068
v 0.0091729651 0.0071085297 -0.00085231054
v 0.0091714591 0.0070286478 -0.00086277302
v 0.0091680048 0.0069518153 -0.00088680888
v 0.0091627038 0.0068803673 -0.00092368507
v 0.009155717 0.0068164732 -0.00097228061
v 0.009147255 0.0067620723 -0.0010311174
v 0.0091375804 0.0067188238 -0.001098414
v 0.0090561465 0.0065763659 -0.0010988655
v 0.0091214387 0.0066776258 -0.0012106851
v 0.0090348155 0.0065431368 -0.0012472259
v 0.0091043303 0.006667191 -0.0013296845
v 0.0090129871 0.0065498334 -0.0013990437
v 0.0090874175 0.0066882219 -0.0014473033
v 0.0090768312 0.0067191134 -0.001520967
v 0.0089795154 0.0066472558 -0.001631848
v 0.0090627701 0.0067883945 -0.001618766
v 0.0089634063 0.0067509758 -0.0017438865
v 0.0090517348 0.0068808839 -0.0016954873
v 0.008951667 0.0068804579 -0.0018255359
v 0.0090444807 0.0069902848 -0.001745903
v 0.0090619989 0.0070759581 -0.0017086273
v 0.0090415135 0.0071091425 -0.0017665628
v 0.0090031393 0.0071484753 -0.0017376556
v 0.0090059845 0.007261352 -0.0017178696
v 0.0090101624 0.0073320473 -0.0016888231
v 0.0090160251 0.0073965712 -0.001648066
v 0.0090233798 0.0074529755 -0.0015968468
v 0.0089336506 0.007582188 -0.0016050528
v 0.0090367536 0.0075186556 -0.0015038498
v 0.0090468249 0.0075478916 -0.0014338298
v 0.0089651386 0.0076738354 -0.0013860484
v 0.0090628865 0.0075677232 -0.0013220727
v 0.0090737736 0.0075643227 -0.0012463828
v 0.0090844112 0.0075476941 -0.0011724286
v 0.0090944723 0.007518351 -0.0011024533
v 0.0090239712 0.007582188 -0.00097686143
v 0.0091078246 0.0074525378 -0.0010095499
v 0.0090469962 0.0074056202 -0.00081671371
v 0.0091233228 0.0072967489 -0.00090174101
v 0.0090548622 0.0072721891 -0.00076200729
v 0.0091275398 0.0071859977 -0.00087246366
v 0.0090575453 0.0071289999 -0.00074334795
v 0.009127524 0.0070713645 -0.00087254027
v 0.0091251575 0.0069966471 -0.0008889915
v 0.0091209796 0.0069259499 -0.00091803427
v 0.0091151216 0.0068614242 -0.00095879127
v 0.0091077613 0.006805034 -0.0010100247
v 0.0090991149 0.0067584825 -0.0010701658
v 0.0090894478 0.0067231873 -0.0011373939
v 0.0089991887 0.006594611 -0.0011492254
v 0.0090736814 0.0066935908 -0.0012470126
v 0.0089788104 0.0065757596 -0.0012909571
v 0.0090573702 0.0066936792 -0.0013604796
v 0.0089584331 0.006594611 -0.0014326888
v 0.0090416141 0.0067234285 -0.0014700591
v 0.0090319526 0.0067588197 -0.0015372383
v 0.0089282014 0.0067051934 -0.0016429535
v 0.0090194654 0.0068325709 -0.0016241047
v 0.0089143154 0.0068116743 -0.0017395322
v 0.0090101131 0.0069265187 -0.001689123
v 0.0089048243 0.0069397808 -0.0018055413
v -0.0081687893 0.0051289997 0.00071467712
v -0.0089657453 0.0051289997 0.00078440169
v -0.0081999933 0.0051289997 3.6932258e-15
v -0.0089999929 0.0051289997 3.6932258e-15
v -0.0081687893 0.0051289997 -0.00071467707
v -0.0089657453 0.0051289997 -0.00078440164
v -0.0080754168 0.0051289997 -0.001423915
v -0.0088632626 0.0051289997 -0.0015628335
v -0.0079205853 0.0051289997 -0.0021223164
v -0.008693326 0.0051289997 -0.0023293715
v -0.0077054726 0.0051289997 -0.0028045653
v -0.0084572264 0.0051289997 -0.0030781814
v -0.0074317169 0.0051289997 -0.0034654698
v -0.0081567632 0.0051289997 -0.0038035646
v -0.0071014015 0.0051289997 -0.0041000001
v -0.0077942221 0.0051289997 -0.0044999999
v -0.00671704 0.0051289997 -0.0047033267
v -0.0073723618 0.0051289997 -0.0051621879
v -0.0062815577 0.0051289997 -0.0052708584
v -0.0068943931 0.0051289997 -0.0057850886
v -0.0057982688 0.0051289997 -0.0057982757
v -0.0063639542 0.0051289997 -0.006363961
v -0.0052708515 0.0051289997 -0.0062815646
v -0.0057850818 0.0051289997 -0.0068944
v -0.0047033199 0.0051289997 -0.0067170468
v -0.0051621811 0.0051289997 -0.0073723687
v -0.0040999933 0.0051289997 -0.0071014083
v -0.0044999931 0.0051289997 -0.0077942289
v -0.0034654632 0.0051289997 -0.0074317237
v -0.003803558 0.0051289997 -0.0081567695
v -0.0028045587 0.0051289997 -0.0077054795
v -0.0030781748 0.0051289997 -0.0084572328
v -0.0021223098 0.0051289997 -0.0079205917
v -0.0023293649 0.0051289997 -0.0086933324
v -0.0014239085 0.0051289997 -0.0080754232
v -0.001562827 0.0051289997 -0.008863269
v -0.00071467058 0.0051289997 -0.0081687957
v -0.00078439515 0.0051289997 -0.0089657517
v 6.5330065e-09 0.0051289997 -0.0081999997
v 6.5330065e-09 0.0051289997 -0.0089999992
v 0.00071468361 0.0051289997 -0.0081687957
v 0.00078440818 0.0051289997 -0.0089657517
v 0.0014239216 0.0051289997 -0.0080754232
v 0.0015628401 0.0051289997 -0.008863269
v 0.0021223228 0.0051289997 -0.0079205917
v 0.0023293779 0.0051289997 -0.0086933324
v 0.0028045718 0.0051289997 -0.0077054795
v 0.0030781878 0.0051289997 -0.0084572328
v 0.0034654762 0.0051289997 -0.0074317237
v 0.003803571 0.0051289997 -0.0081567695
v 0.0041000068 0.0051289997 -0.0071014083
v 0.0045000066 0.0051289997 -0.0077942289
v 0.0047033334 0.0051289997 -0.0067170468
v 0.0051621946 0.0051289997 -0.0073723687
v 0.005270865 0.0051289997 -0.0062815646
v 0.0057850953 0.0051289997 -0.0068944
v 0.0057982823 0.0051289997 -0.0057982757
v 0.0063639677 0.0051289997 -0.006363961
v 0.0062815712 0.0051289997 -0.0052708584
v 0.0068944066 0.0051289997 -0.0057850886
v 0.0067170535 0.0051289997 -0.0047033267
v 0.0073723753 0.0051289997 -0.0051621879
v 0.007101415 0.0051289997 -0.0041000001
v 0.0077942356 0.0051289997 -0.0044999999
v 0.0074317304 0.0051289997 -0.0034654698
v 0.0081567767 0.0051289997 -0.0038035646
v 0.0077054861 0.0051289997 -0.0028045653
v 0.0084572399 0.0051289997 -0.0030781814
v 0.0079205988 0.0051289997 -0.0021223164
v 0.0086933395 0.0051289997 -0.0023293715
v 0.0080754303 0.0051289997 -0.001423915
v 0.0088632761 0.0051289997 -0.0015628335
v 0.0081688028 0.0051289997 -0.00071467707
v 0.0089657588 0.0051289997 -0.00078440164
v 0.0082000068 0.0051289997 3.6932258e-15
v 0.0090000064 0.0051289997 3.6932258e-15
v 0.0081688028 0.0051289997 0.00071467712
v 0.0089657588 0.0051289997 0.00078440169
v 0.0080754303 0.0051289997 0.0014239151
v 0.0088632761 0.0051289997 0.0015628336
v 0.0079205988 0.0051289997 0.0021223162
v 0.0086933395 0.0051289997 0.0023293713
v 0.0077054861 0.0051289997 0.0028045651
v 0.0084572399 0.0051289997 0.0030781812
v 0.0074317304 0.0051289997 0.0034654696
v 0.0081567767 0.0051289997 0.0038035644
v 0.007101415 0.0051289997 0.0040999999
v 0.0077942356 0.0051289997 0.0044999997
v 0.0067170535 0.0051289997 0.0047033265
v 0.0073723753 0.0051289997 0.0051621878
v 0.0062815712 0.0051289997 0.0052708582
v 0.0068944066 0.0051289997 0.0057850884
v 0.0057982823 0.0051289997 0.0057982755
v 0.0063639677 0.0051289997 0.0063639608
v 0.005270865 0.0051289997 0.0062815644
v 0.0057850953 0.0051289997 0.0068943998
v 0.0047033334 0.0051289997 0.0067170466
v 0.0051621946 0.0051289997 0.0073723685
v 0.0041000068 0.0051289997 0.0071014081
v 0.0045000066 0.0051289997 0.0077942288
v 0.0034654762 0.0051289997 0.0074317235
v 0.003803571 0.0051289997 0.0081567703
v 0.0028045718 0.0051289997 0.0077054793
v 0.0030781878 0.0051289997 0.0084572336
v 0.0021223228 0.0051289997 0.0079205925
v 0.0023293779 0.0051289997 0.0086933332
v 0.0014239216 0.0051289997 0.0080754239
v 0.0015628401 0.0051289997 0.0088632697
v 0.00071468361 0.0051289997 0.0081687964
v 0.00078440818 0.0051289997 0.0089657525
v 6.5330065e-09 0.0051289997 0.0082000004
v 6.5330065e-09 0.0051289997 0.009
v -0.00071467058 0.0051289997 0.0081687964
v -0.00078439515 0.0051289997 0.0089657525
v -0.0014239085 0.0051289997 0.0080754239
v -0.001562827 0.0051289997 0.0088632697
v -0.0021223098 0.0051289997 0.0079205925
v -0.0023293649 0.0051289997 0.0086933332
v -0.0028045587 0.0051289997 0.0077054793
v -0.0030781748 0.0051289997 0.0084572336
v -0.0034654632 0.0051289997 0.0074317235
v -0.003803558 0.0051289997 0.0081567703
v -0.0040999933 0.0051289997 0.0071014081
v -0.0044999931 0.0051289997 0.0077942288
v -0.0047033199 0.0051289997 0.0067170466
v -0.0051621811 0.0051289997 0.0073723685
v -0.0052708515 0.0051289997 0.0062815644
v -0.0057850818 0.0051289997 0.0068943998
v -0.0057982688 0.0051289997 0.0057982755
v -0.0063639542 0.0051289997 0.0063639608
v -0.0062815577 0.0051289997 0.0052708582
v -0.0068943931 0.0051289997 0.0057850884
v -0.00671704 0.0051289997 0.0047033265
v -0.0073723618 0.0051289997 0.0051621878
v -0.0071014015 0.0051289997 0.0040999999
v -0.0077942221 0.0051289997 0.0044999997
v -0.0074317169 0.0051289997 0.0034654696
v -0.0081567632 0.0051289997 0.0038035644
v -0.0077054726 0.0051289997 0.0028045651
v -0.0084572264 0.0051289997 0.0030781812
v -0.0079205853 0.0051289997 0.0021223162
v -0.008693326 0.0051289997 0.0023293713
v -0.0080754168 0.0051289997 0.0014239151
v -0.0088632626 0.0051289997 0.0015628336
v 0.0090179986 0.0066729899 0.0043193976
v 0.0088915362 0.0067652225 0.0042757475
v 0.0089205394 0.0067344812 0.0042171682
v 0.0088818094 0.0072371326 0.0045949513
v 0.0088857964 0.0072689598 0.0045872358
v 0.0088005953 0.0072465497 0.0044273449
v 0.0089312533 0.0074487504 0.0044971354
v 0.0089451887 0.0074801933 0.0044703157
v 0.0088305215 0.007384508 0.0043417899
v 0.0080355492 0.0067952775 0.0040534007
v 0.0080421672 0.0067797344 0.0040402547
v 0.008058469 0.0067653538 0.004079949
v 0.008087314 0.0075566204 0.0039491084
v 0.0080791677 0.0075454104 0.0039657479
v 0.0081027143 0.0075743737 0.0039830645
v 0.0079805797 0.0072145215 0.0041605834
v 0.0079780158 0.0071713094 0.0041654966
v 0.008130288 0.0071765465 0.0041567994
v 0.0080031755 0.0072621037 0.0042010247
v 0.0079845481 0.0072544824 0.0041529628
v 0.0081485326 0.0072881629 0.0041288062
v 0.0079906399 0.0072975994 0.0041412291
v 0.0080069976 0.0073755778 0.0041095134
v 0.0079974618 0.0073344544 0.0041280407
v 0.0080245186 0.0073861367 0.0041542914
v 0.0082108492 0.007350572 0.0040700919
v 0.0080196701 0.0074188581 0.0040847211
v 0.008036392 0.007464434 0.0040517653
v 0.008058469 0.0074926461 0.004079949
v 0.0082476654 0.0074135519 0.0040046553
v 0.008052611 0.0075001637 0.0040193888
v 0.0080682992 0.0075285471 0.0039878058
v 0.0081006393 0.0075725801 0.0039216936
v 0.0081192462 0.0075950898 0.0039468653
v 0.0081448343 0.0075861156 0.0039071272
v 0.0081542397 0.0076257498 0.0038702403
v 0.0081270619 0.0075977824 0.0038631222
v 0.0083120617 0.0075074343 0.0038732327
v 0.0081530849 0.0076118396 0.0038114613
v 0.0081387816 0.0076047503 0.0038419188
v 0.0081676256 0.0076166476 0.0037802122
v 0.0083280972 0.0074907824 0.0038175708
v 0.0081831843 0.0076186759 0.0037463951
v 0.008233188 0.0076152171 0.0037175858
v 0.0082074471 0.0076161049 0.0036929489
v 0.0082481515 0.0076114887 0.0036759518
v 0.0082648268 0.0076257498 0.0036280897
v 0.0082314138 0.0076059026 0.0036392218
v 0.0082399708 0.0076002295 0.003619803
v 0.0082826011 0.0076122588 0.0035891681
v 0.0082545534 0.0075878361 0.0035864123
v 0.0082988136 0.0075724564 0.0035649425
v 0.0084497642 0.0074286347 0.0036613398
v 0.0082829038 0.0075530327 0.0035204435
v 0.0083316735 0.0075282665 0.0035020201
v 0.0084376291 0.0073930786 0.0035860472
v 0.0083079648 0.0075069321 0.0034608868
v 0.0083218042 0.0074730177 0.0034274798
v 0.0083324418 0.0074413542 0.0034015466
v 0.0084493218 0.0073535098 0.0035316734
v 0.0083407678 0.0074114503 0.0033810729
v 0.008394548 0.0073861367 0.0033440389
v 0.0084730082 0.0072673625 0.0034995174
v 0.0083575577 0.0073310551 0.0033393646
v 0.0083534711 0.0073543429 0.0033495728
v 0.008348875 0.0073772658 0.0033610127
v 0.0083625244 0.0072969801 0.0033269023
v 0.0083670954 0.007257341 0.0033153919
v 0.0084158902 0.0072621037 0.0032973056
v 0.0083692905 0.0072321581 0.0033098463
v 0.0084807232 0.0071798758 0.0034674061
v 0.0083708523 0.0072092235 0.0033058949
v 0.0083722419 0.0071806917 0.0033023757
v 0.0084789696 0.0070787052 0.0034616025
v 0.0083722363 0.007077166 0.0033023894
v 0.0083729702 0.0071029366 0.003300527
v 0.0084231703 0.0071289999 0.0032813655
v 0.0083732179 0.0071288902 0.0032998986
v 0.0083729776 0.0071546988 0.0033005096
v 0.0083708551 0.0070488149 0.0033058893
v 0.0083594036 0.0069391002 0.0033347343
v 0.0083637622 0.006970463 0.0033237919
v 0.0084690165 0.007010568 0.0034670137
v 0.0083670712 0.0070004078 0.0033154536
v 0.0083692914 0.0070258471 0.0033098454
v 0.0084608498 0.0069521299 0.003498082
v 0.0083516252 0.0068943646 0.0033541689
v 0.0083845344 0.0068340249 0.0033659662
v 0.0083438319 0.0068585606 0.0033735115
v 0.0083235132 0.0067897123 0.0034233298
v 0.0083327873 0.0068177892 0.0034007001
v 0.0084459663 0.0068850265 0.0035662017
v 0.0083383091 0.006837028 0.0033871382
v 0.0083469984 0.0067586553 0.00346702
v 0.0083320702 0.006707732 0.0034808462
v 0.0083009361 0.0067363618 0.0034777123
v 0.0083163513 0.0066836263 0.0035152653
v 0.0082850524 0.006708267 0.0035153869
v 0.0083008644 0.0066880198 0.0035619914
v 0.0082826011 0.0066457413 0.0035891681
v 0.0082546736 0.0066702798 0.0035861369
v 0.0082313942 0.0066520857 0.0036392667
v 0.0082399922 0.0066577863 0.0036197551
v 0.0082648268 0.0066322501 0.0036280897
v 0.0082211161 0.0066467108 0.0036624264
v 0.0083491683 0.0067661571 0.0037637694
v 0.0082038112 0.0066410756 0.0037010102
v 0.0081784998 0.0066395196 0.0037566276
v 0.0081880374 0.0066391245 0.003735792
v 0.0082095333 0.0066147268 0.0037491649
v 0.0081676117 0.0066413557 0.0037802417
v 0.0083104291 0.0067686135 0.0038511403
v 0.0081531091 0.006646149 0.0038114098
v 0.0081542397 0.0066322501 0.0038702403
v 0.0081301455 0.0066588287 0.0038601613
v 0.0081389837 0.0066531304 0.0038414904
v 0.0081178017 0.0066685706 0.0038860435
v 0.0081364654 0.0066457413 0.0039091617
v 0.0081249832 0.0066856494 0.0039343377
v 0.0081027143 0.0066836263 0.0039830645
v 0.0080841894 0.0067056451 0.0039554941
v 0.0082475909 0.0068466504 0.0040064048
v 0.0080676351 0.0067305936 0.0039891474
v 0.0080535433 0.0067559575 0.0040175243
v 0.0080255198 0.0068217491 0.0040732188
v 0.0080458776 0.0067984316 0.0041075199
v 0.0080345322 0.0068340249 0.0041323639
v 0.008017516 0.0068455894 0.0040889535
v 0.0081651353 0.0069479413 0.004112204
v 0.0080061883 0.0068856025 0.0041110878
v 0.0080121236 0.0068635909 0.0040995105
v 0.0081849343 0.0070272101 0.0041491244
v 0.0079902683 0.0069627102 0.0041419472
v 0.0080087802 0.0069531082 0.0041887526
v 0.0079981165 0.0069203732 0.0041267713
v 0.0079991419 0.0070396975 0.0042098573
v 0.0079806067 0.007043141 0.0041605317
v 0.0079848582 0.0070009275 0.0041523668
v 0.0079771907 0.0071289999 0.0041670775
v 0.0081352203 0.0071098447 0.0041550565
v 0.0079780177 0.007086659 0.0041654938
v 0.0079803693 0.0070461604 0.0041609871
v 0.0092924417 0.0071828932 0.0036946795
v 0.0090960341 0.0071482066 0.0037456156
v 0.0092908193 0.0072128937 0.0036987559
v 0.009110803 0.007209389 0.0037442852
v 0.0092808877 0.0073064762 0.0037236066
v 0.0092835289 0.0072876747 0.0037170182
v 0.0092666394 0.007309079 0.0036880138
v 0.0092878148 0.0072491573 0.0037062926
v 0.0092736019 0.00734892 0.0037417094
v 0.0090785783 0.0073035776 0.0037841901
v 0.0092667995 0.007381373 0.0037585296
v 0.0092479598 0.0074485509 0.0038046482
v 0.0092544763 0.0074280199 0.0037887717
v 0.0092402745 0.0074309971 0.0037457448
v 0.0092605411 0.0074065602 0.0037739253
v 0.0090727026 0.0073925739 0.0038292728
v 0.009237339 0.0074773271 0.0038303513
v 0.0092248537 0.0075062091 0.0038603359
v 0.0092017001 0.0075323345 0.0038302121
v 0.0092132494 0.0075283878 0.0038879331
v 0.0090248419 0.0074456602 0.0039012934
v 0.0091944302 0.0075578977 0.0039322361
v 0.0091535442 0.0076061854 0.0039356592
v 0.0091810368 0.0075746707 0.0039634173
v 0.0089946904 0.0074939156 0.0039824922
v 0.0091663816 0.0075891678 0.0039971759
v 0.0091447926 0.0076027968 0.0040426747
v 0.0091297014 0.0076124851 0.0040802792
v 0.0089747126 0.0075168849 0.0040461485
v 0.0091121478 0.0076173538 0.0041193151
v 0.0089388939 0.0075343593 0.0040794787
v 0.009096523 0.0076188975 0.0041537191
v 0.0089398168 0.0075211194 0.0041374712
v 0.0090798673 0.0076172127 0.0041899825
v 0.008998126 0.0076048723 0.0042469114
v 0.0090618574 0.0076122882 0.0042288112
v 0.0088992727 0.0075005939 0.0042338505
v 0.0090213597 0.0075868983 0.0043143629
v 0.0089717119 0.0075284733 0.0044168345
v 0.0089916403 0.0075565224 0.004376131
v 0.0088481375 0.0074287777 0.0042940205
v 0.0089517462 0.007584976 0.0043775336
v 0.0089560871 0.0075017363 0.0044484333
v 0.0088137083 0.0073314124 0.0043774568
v 0.0089192309 0.0074148978 0.0045218849
v 0.0087873361 0.0073022456 0.0044081527
v 0.0088964805 0.0073300638 0.0045664784
v 0.0089077877 0.00737847 0.0045432839
v 0.0088906253 0.0073000004 0.0045778699
v 0.0088797503 0.0072156157 0.0045989299
v 0.0088457076 0.0072204285 0.0046097253
v 0.008878153 0.0071940283 0.0046020121
v 0.0087846389 0.007145306 0.0044113606
v 0.008877014 0.0071723714 0.0046042091
v 0.0088763304 0.0071506452 0.004605526
v 0.0088761051 0.0071288497 0.0046059619
v 0.0088763388 0.0071069846 0.0046055111
v 0.0088439856 0.0070863805 0.0045859706
v 0.0087882096 0.0070505427 0.0044047343
v 0.0088790127 0.007052353 0.0046003525
v 0.0088831291 0.0070096558 0.0045923981
v 0.008887307 0.0069783005 0.0045843091
v 0.0087965906 0.006989268 0.0043894056
v 0.0088925671 0.0069476116 0.0045740957
v 0.0088986952 0.0069174737 0.0045621636
v 0.0089058012 0.0068885205 0.0045482739
v 0.008773532 0.0069404939 0.0043484288
v 0.0089136178 0.0068607115 0.0045329401
v 0.0088819407 0.006827003 0.0045303869
v 0.0089192421 0.0068430664 0.0045218616
v 0.0088935562 0.0067905622 0.004504952
v 0.0089284426 0.0068174569 0.0045036626
v 0.008904434 0.0067804392 0.00445098
v 0.0089383491 0.006792927 0.0044839758
v 0.0088626018 0.0068119793 0.0043230689
v 0.0089562249 0.006756002 0.0044481567
v 0.0089757072 0.0067232746 0.0044087189
v 0.0089916524 0.0067014623 0.0043761059
v 0.0090449194 0.0066537816 0.0042649218
v 0.0090231264 0.0066104833 0.0042212325
v 0.0090618574 0.0066457117 0.0042288112
v 0.0089486532 0.0067385448 0.0041050985
v 0.0090743529 0.0066417913 0.0042019332
v 0.0090801709 0.0066044876 0.004096324
v 0.0091078712 0.006639856 0.0041287783
v 0.0090939321 0.006639202 0.0041608372
v 0.0089810623 0.006757429 0.0040117571
v 0.0091334714 0.0066483269 0.0040716714
v 0.0091188338 0.0066419911 0.0041045085
v 0.0091359152 0.0066342369 0.0039742602
v 0.0091673334 0.0066696325 0.0039949966
v 0.0091510771 0.0066567679 0.0040321098
v 0.0091813293 0.0066836577 0.0039627397
v 0.0090262399 0.0067885258 0.0039231897
v 0.0091944553 0.0067001389 0.0039321761
v 0.0090527267 0.0068209754 0.0038738655
v 0.0092091227 0.0067222539 0.0038977155
v 0.0090670635 0.0068709355 0.0038301629
v 0.0092336994 0.0067715134 0.0038391302
v 0.0092213184 0.0067447541 0.0038687609
v 0.0092228495 0.0068431446 0.0037610383
v 0.0092546234 0.0068304703 0.0037884134
v 0.0092445381 0.0067998221 0.0038129444
v 0.0092505265 0.006865742 0.0037232955
v 0.0092691148 0.0068871862 0.0037528117
v 0.0092813692 0.0069550326 0.0037224054
v 0.0092759479 0.0069212498 0.0037358963
v 0.0090921263 0.0069871946 0.0037665632
v 0.0092866525 0.0069966755 0.0037092049
v 0.0090908476 0.0070517048 0.0037534704
v 0.009289983 0.0070339789 0.0037008544
v 0.009278998 0.0070831111 0.0036609528
v 0.0092930563 0.0070936187 0.003693133
v 0.00929245 0.0070753033 0.0036946588
v 0.0092930554 0.0071644051 0.0036931344
v 0.0092935686 0.0071289999 0.0036918436
v 0.0083627964 0.0074900102 0.0041791195
v 0.0082325966 0.007556853 0.0043202489
v 0.0083038902 0.0074162416 0.004240903
v 0.0082815357 0.0073429051 0.0042824702
v 0.0081773282 0.0073012754 0.004441271
v 0.0083326597 0.0071755849 0.0042435675
v 0.008305995 0.0070807167 0.0042723668
v 0.0082769648 0.0070026478 0.0043057496
v 0.0081938126 0.0068476965 0.0044051743
v 0.0082179124 0.0067472154 0.0043524042
v 0.0083656583 0.0068168627 0.0041940318
v 0.0085703593 0.0067118142 0.0042979218
v 0.0086348376 0.0067679995 0.003583444
v 0.0086709179 0.0067472154 0.0033604597
v 0.0086790773 0.0070829444 0.0034141384
v 0.0086645272 0.0071528094 0.0035237369
v 0.0086635121 0.0072486853 0.00350236
v 0.0086603484 0.0073399946 0.0034530353
v 0.0086399366 0.0075996652 0.0034282998
v 0.0089155885 0.0076302336 0.0035401267
v 0.0088605687 0.0075462287 0.0036624711
v 0.009053265 0.007069236 0.0033835158
v 0.008860036 0.0067150871 0.0036586066
v 0.0091256557 0.0071481567 0.0036771832
v 0.0092491705 0.0072269838 0.0036130521
v 0.0091172887 0.0072629512 0.0036955144
v 0.0092307695 0.0073674691 0.0036533441
v 0.0090968537 0.0073686151 0.0037402535
v 0.009197891 0.0074917031 0.0037253377
v 0.0090657577 0.0074579501 0.0038083428
v 0.0091527759 0.0075912196 0.0038241266
v 0.009026116 0.0075248668 0.0038951437
v 0.0089962587 0.0075547013 0.0039605265
v 0.0089647018 0.0075716012 0.0040296278
v 0.0088132166 0.0074695784 0.0040743634
v 0.0088158541 0.0074634282 0.0041244672
v 0.0089381554 0.0076592365 0.0042940787
v 0.0088548374 0.0075251578 0.0042701856
v 0.0088838779 0.0075912196 0.0044129308
v 0.0088151621 0.007458385 0.0043570827
v 0.0088387628 0.0074917031 0.0045117195
v 0.0087840112 0.0073691514 0.0044252816
v 0.0087366414 0.0072776137 0.0044390554
v 0.0087593191 0.0072259422 0.0044793472
v 0.008784814 0.007178179 0.0046298498
v 0.0087550648 0.0071098433 0.0044886599
v 0.0087874832 0.0070310162 0.0046240053
v 0.0087634402 0.0069950489 0.0044703324
v 0.0087410419 0.0069382955 0.0043942369
v 0.0088387628 0.0067662968 0.0045117195
v 0.0088149637 0.006800051 0.0043575018
v 0.0088405965 0.0067526327 0.00430137
v 0.0088692654 0.006716644 0.0042386049
v 0.0089000866 0.0066931973 0.0041711017
v 0.0089321372 0.0066829804 0.0041009252
v 0.0089644326 0.0066863255 0.0040302001
v 0.0089960063 0.006703107 0.0039610778
v 0.0091173903 0.0066176014 0.0039016096
v 0.0090398949 0.0067522944 0.003864963
v 0.0090655603 0.0067996218 0.0038087702
v 0.0090874119 0.0068569657 0.0037609107
v 0.0091048155 0.0069225634 0.0037228259
v 0.0092385954 0.0069360096 0.0036362085
v 0.0091214089 0.0070320567 0.0036864941
v 0.0092518397 0.007079821 0.0036072076
v 0.0090948523 0.0071898798 0.003642585
v 0.0092126338 0.0072837293 0.0035724404
v 0.0090817253 0.0073080832 0.0036713236
v 0.0091878234 0.0074279139 0.0036267665
v 0.0090563421 0.0074140846 0.0037269088
v 0.0091483567 0.0075517282 0.003713187
v 0.0090204275 0.0075006588 0.0038055567
v 0.0090969226 0.0076467341 0.0038258123
v 0.0089764271 0.0075619066 0.0039019064
v 0.0089440618 0.007586519 0.0039727696
v 0.0089104159 0.007597234 0.0040464428
v 0.008867793 0.007670816 0.0043275351
v 0.0087972919 0.0075244569 0.0042941569
v 0.0088131151 0.0075869626 0.004447264
v 0.0087583337 0.0074458665 0.0043794577
v 0.008769315 0.0074719 0.0045431716
v 0.0087291526 0.0073456854 0.0044433543
v 0.0086878503 0.0072484439 0.0044580199
v 0.0087087781 0.0071904743 0.0044879675
v 0.0087244019 0.0071289999 0.0046415174
v 0.0087087464 0.00706812 0.0044880443
v 0.0087328649 0.0069742707 0.0046229878
v 0.0087218687 0.0069499166 0.0044593004
v 0.0087472547 0.0068439158 0.0044037145
v 0.008797141 0.0067062719 0.0044822408
v 0.008783174 0.00675734 0.0043250703
v 0.008811787 0.006713397 0.0042624193
v 0.0088431316 0.0066820885 0.0041937753
v 0.0088762615 0.0066643552 0.0041212308
v 0.0089101738 0.0066607284 0.0040469904
v 0.0089438206 0.0066713475 0.0039733023
v 0.0089761943 0.0066958667 0.003902411
v 0.0090969226 0.0066112658 0.0038258123
v 0.0090202328 0.0067569733 0.0038059884
v 0.0090452668 0.0068121316 0.0037511654
v 0.0090659384 0.0068769198 0.0037058901
v 0.0090816377 0.0069493597 0.0036715277
v 0.0092126338 0.0069742707 0.0035724404
v 0.0090948215 0.0070675254 0.0036426547
v 0.0092210958 0.0071289999 0.0035539106
v 0.009184167 0.0071836425 0.0035076506
v 0.0090602788 0.0072343312 0.0036139925
v 0.0091694512 0.0073434304 0.0035398737
v 0.0090422167 0.0073540384 0.0036535518
v 0.0091380572 0.0074886051 0.0036086174
v 0.009011891 0.0074584068 0.0037199509
v 0.0090921235 0.0076092734 0.0037091974
v 0.0089713766 0.0075403232 0.0038086599
v 0.0088976745 0.0075494797 0.003872106
v 0.008834908 0.0074934407 0.0039273118
v 0.0088080021 0.0075048774 0.0039862282
v 0.0087806799 0.0075048916 0.0040460559
v 0.0087852257 0.0075975798 0.0041501889
v 0.0087849342 0.0075798472 0.0042169186
v 0.0087944895 0.0076719568 0.0043609244
v 0.0087390991 0.0075162232 0.0043172793
v 0.0087405501 0.0075723224 0.0044790366
v 0.0087016665 0.0074262181 0.0043992483
v 0.0086991603 0.0074424762 0.0045696673
v 0.0086751871 0.0073159546 0.0044572311
v 0.008638941 0.007213169 0.0044705117
v 0.0086599153 0.0071505519 0.0044906767
v 0.0086652583 0.0070743576 0.0046439026
v 0.0086644965 0.0070236683 0.004480638
v 0.0086799741 0.0069145696 0.0046116793
v 0.0086825651 0.0069039616 0.0044410777
v 0.0087113681 0.0067693948 0.0045429355
v 0.008712888 0.0067995932 0.0043746782
v 0.0087573018 0.0066487266 0.004442356
v 0.0087533987 0.006717672 0.0042859711
v 0.0087847246 0.006678366 0.0042173713
v 0.0088184134 0.0066527423 0.0041436096
v 0.0088534385 0.0066415927 0.0040669198
v 0.0088887301 0.0066452623 0.0039896326
v 0.0089232281 0.0066636173 0.0039140991
v 0.0089558728 0.0066961212 0.0038426136
v 0.0090740977 0.0066154307 0.0037486683
v 0.008953132 0.0067935715 0.0037506692
v 0.0091088752 0.0066856778 0.0036725163
v 0.0090231162 0.0068317797 0.0036953791
v 0.0090421115 0.0069034811 0.00365378
v 0.009055652 0.0069820316 0.0036241346
v 0.0090128111 0.0070697261 0.0036199918
v 0.0090648646 0.0071074479 0.0036039561
v 0.00903135 0.0071507484 0.0035709985
v 0.0089801385 0.0072310443 0.0035955877
v 0.0090218831 0.0072803121 0.0035917253
v 0.0091198313 0.0074043035 0.0035158413
v 0.0089988087 0.007399563 0.0036422486
v 0.0090818743 0.007547727 0.0035989551
v 0.0089637015 0.0075003769 0.0037191232
v 0.0090297901 0.0076626149 0.003713003
v 0.0089189534 0.0075758841 0.0038171135
v 0.0087278264 0.0076030199 0.0041756038
v 0.0087256276 0.0075760982 0.0042404355
v 0.0087193579 0.0076626149 0.0043927551
v 0.0086808477 0.0075006918 0.0043384893
v 0.0086338671 0.0074156503 0.0043538184
v 0.0086457005 0.0073999602 0.0044154556
v 0.0086293176 0.0074043035 0.004589917
v 0.0086225823 0.0072807573 0.0044660749
v 0.008590759 0.007172905 0.0044757402
v 0.0086130605 0.0071072514 0.0044869244
v 0.0085981062 0.0070269558 0.0044321221
v 0.0086225236 0.006977687 0.004466202
v 0.0086293176 0.0068536965 0.004589917
v 0.0086455962 0.0068584356 0.0044156782
v 0.0086672746 0.0067102731 0.004506803
v 0.0086807052 0.0067576206 0.0043388036
v 0.0087193579 0.0065953851 0.0043927551
v 0.0087254571 0.0066821138 0.0042408136
v 0.0087591626 0.0066484619 0.0041670063
v 0.0087947838 0.0066294124 0.0040890043
v 0.0088312386 0.0066255416 0.0040091792
v 0.0088674205 0.0066369619 0.0039299553
v 0.0089022287 0.0066633372 0.0038537389
v 0.0089345996 0.0067038674 0.0037828492
v 0.0090485199 0.0066299807 0.0036719915
v 0.0089282144 0.0068444147 0.0036817211
v 0.0089509108 0.0068907888 0.0036632145
v 0.0089285851 0.0069714257 0.0036596743
v 0.0089750832 0.0070372288 0.0036102856
v 0.0089941949 0.0071962661 0.0035442383
v 0.0089797091 0.0073265838 0.0035759568
v 0.0090641261 0.0074645297 0.0035005548
v 0.0089517089 0.0074434405 0.0036372709
v 0.0090198249 0.0076035107 0.0035975616
v 0.0089120951 0.0075388629 0.0037240122
v 0.0089620904 0.0077101545 0.0037239831
v 0.0088635723 0.0076063566 0.0038302612
v 0.0088948563 0.0077771937 0.003871204
v 0.0088094457 0.0076413177 0.0039487806
v 0.0087720633 0.007645284 0.0040306392
v 0.0087349613 0.0076335565 0.0041118799
v 0.0086686725 0.0075998789 0.0042002927
v 0.0086660713 0.0075649355 0.0042627276
v 0.0086123312 0.0075439257 0.0042962627
v 0.008623129 0.0074782581 0.0043567576
v 0.0085909686 0.0073677817 0.004427181
v 0.0085607499 0.0073585159 0.0046027963
v 0.0085717824 0.007241031 0.0044691906
v 0.0085439377 0.0071289999 0.0046396087
v 0.0085685041 0.007061734 0.0044763683
v 0.008582989 0.0069314152 0.0044446549
v 0.0085812856 0.0067934702 0.0045578283
v 0.008610992 0.0068145619 0.0043833367
v 0.0086255867 0.0066544892 0.0044608218
v 0.0086506039 0.0067191328 0.0042966012
v 0.0086833222 0.0065478455 0.0043344003
v 0.0086991258 0.0066516438 0.0041903475
v 0.0087348104 0.0066245251 0.0041122114
v 0.0087719068 0.0066127373 0.0040309782
v 0.0088092929 0.0066166295 0.0039491173
v 0.0088458278 0.0066360967 0.0038691153
v 0.0088804041 0.0066705396 0.0037934036
v 0.008911974 0.0067189062 0.0037242802
v 0.0090198249 0.0066544892 0.0035975616
v 0.0090919754 0.0069553171 0.0034395739
v 0.0089958145 0.0071062724 0.0035406918
v 0.0088574795 0.0075728226 0.0037340605
v 0.0088120906 0.0076096281 0.0037779961
v 0.0088057576 0.0076309239 0.0038473177
v 0.0087572422 0.0076512474 0.0038980959
v 0.0087495495 0.0076548165 0.0039703952
v 0.0086997889 0.0076572791 0.004023902
v 0.0087200284 0.007804297 0.0041132028
v 0.0086742623 0.0076310037 0.00413525
v 0.0086088434 0.0075882408 0.0042230472
v 0.0086224324 0.0066851758 0.0042487429
v 0.0086352464 0.0066744081 0.004150526
v 0.0086741562 0.0066270752 0.0041354847
v 0.0086807611 0.0066067533 0.0040655671
v 0.0087446657 0.0064458948 0.0040592532
v 0.0087494377 0.0066031719 0.0039706406
v 0.0087214282 0.0067313072 0.0038859603
v 0.008774928 0.0066597621 0.0038446655
v 0.0088235757 0.0066426868 0.0038083004
v 0.0088573864 0.0066850291 0.0037342661
v 0.0085494232 0.0066895179 0.0042426678
v 0.0085872135 0.0067439695 0.0041420277
v 0.0086211378 0.0066600222 0.0040593286
v 0.0086578319 0.0065945402 0.0040052844
v 0.0087153299 0.0064337201 0.0039801545
v 0.0086905549 0.0066502903 0.003907326
v 0.0088002973 0.0066565856 0.0037487009
v 0.0088050889 0.0066895321 0.0036828375
v 0.0087847861 0.0075382335 0.0037343655
v 0.0088141153 0.0077823495 0.0037638444
v 0.0087349277 0.007647222 0.0038364692
v 0.008707857 0.0076610403 0.0039511178
v 0.0086385442 0.0076573439 0.0040475199
v 0.0086405755 0.0078005888 0.0041438443
v 0.0086135438 0.0076210425 0.0041576348
v 0.008549412 0.0075684666 0.0042426907
v 0.0085169405 0.0076605661 0.0044172214
v 0.0085586545 0.0066233441 0.0041109337
v 0.0086351086 0.0065908899 0.0039435214
v 0.0087034481 0.0066805513 0.0037788643
v 0.0087372654 0.0067040786 0.0037383012
v 0.0088649488 0.0076824255 0.003517073
v 0.0087633266 0.0075697888 0.003662764
v 0.0087412896 0.0076236548 0.0037667373
v 0.0086852044 0.0076598341 0.0038895452
v 0.0086351105 0.0076671063 0.0039435168
v 0.0086352865 0.0078260222 0.0040106395
v 0.008573333 0.0076042537 0.0040800356
v 0.008562661 0.0075722734 0.004120632
v 0.0085152893 0.0077349448 0.0042733968
v 0.0084610807 0.0076832338 0.0043954676
v 0.0084901911 0.0067518068 0.0041876742
v 0.0084971248 0.0067069089 0.0041306889
v 0.008517721 0.0066708637 0.0040985666
v 0.0085354971 0.0066121345 0.0040503027
v 0.0085851059 0.0065986662 0.003997397
v 0.0086124039 0.0065959346 0.0038819016
v 0.0086622045 0.0066067838 0.0038285757
v 0.0087205314 0.0066906587 0.0036451348
v 0.0087923876 0.0065936145 0.0035214738
v 0.0088102932 0.007649502 0.00349319
v 0.0087041904 0.0075924023 0.0036809171
v 0.0087284653 0.007762415 0.0036614439
v 0.008680898 0.0076391563 0.0037876432
v 0.0086561816 0.0078172784 0.0038197235
v 0.0086124206 0.0076620608 0.0038818656
v 0.0085804614 0.0078252366 0.0039855269
v 0.0085659849 0.0076512159 0.0040392679
v 0.0084819004 0.0075924235 0.0041676638
v 0.0084750226 0.0075573278 0.0042320377
v 0.0084114887 0.0076240331 0.0043770875
v 0.0085433836 0.006602517 0.003977721
v 0.0085511787 0.0064360798 0.0039051891
v 0.0086199196 0.0066105922 0.0038101281
v 0.0086496288 0.0064778681 0.0036896131
v 0.008644094 0.0066508894 0.0037025711
v 0.0086951035 0.0065289136 0.003590038
v 0.0087418959 0.0076622107 0.0034708554
v 0.0087162817 0.0076966069 0.0035436625
v 0.0086441219 0.0076070786 0.0037025115
v 0.0086496288 0.0077801319 0.0036896131
v 0.0086198414 0.0076474503 0.003810299
v 0.0085624738 0.0076595067 0.0039359172
v 0.0085011937 0.0078113931 0.00401464
v 0.0085057646 0.0076354103 0.0040600937
v 0.0084295275 0.0077569989 0.0041715665
v 0.0084258153 0.0075611375 0.0041805356
v 0.0083458696 0.0076606107 0.0043323142
v 0.0083990267 0.0067685434 0.0041724778
v 0.0084415304 0.0067753558 0.0041026621
v 0.0084472478 0.0066450379 0.0040779248
v 0.0084834232 0.0066176107 0.0039987116
v 0.0085210272 0.0066057205 0.0039163701
v 0.008558918 0.0066097322 0.0038334016
v 0.0085959437 0.0066295132 0.0037523249
v 0.008647416 0.0066873358 0.0036396178
v 0.0086793185 0.0066067102 0.003481917
v 0.0086473098 0.0075708274 0.0036398495
v 0.0085841885 0.0076133489 0.0037264015
v 0.008570567 0.0077875691 0.0037200497
v 0.0085587932 0.0076483098 0.003833674
v 0.0084972617 0.0078108009 0.0038805661
v 0.0085019919 0.0076482725 0.0039580496
v 0.0084239563 0.0077875691 0.0040410826
v 0.0084471323 0.0076128439 0.0040781781
v 0.0083556457 0.0077194569 0.00419066
v 0.008327557 0.0065257425 0.0041123148
v 0.0084251792 0.0066394742 0.0040170955
v 0.0084614663 0.0066201523 0.003937642
v 0.0084985935 0.0066162831 0.0038563431
v 0.0085354366 0.0066279954 0.0037756687
v 0.0085708743 0.0066549295 0.0036980697
v 0.0085826695 0.0065525552 0.0035536968
v 0.0085906789 0.006720177 0.0036086174
v 0.0086042921 0.0075131057 0.0035748348
v 0.0086030143 0.0076742448 0.0035091484
v 0.0085875795 0.0075843179 0.003661492
v 0.0085254761 0.007611015 0.0037513896
v 0.00849243 0.0077845087 0.0037512932
v 0.0084984258 0.0076417357 0.0038567091
v 0.0084203158 0.0077920882 0.0039092022
v 0.0084429842 0.0076300049 0.0039781103
v 0.0083498436 0.0077544792 0.0040635149
v 0.0083906923 0.007584134 0.0040926127
v 0.0083648108 0.0074992044 0.0041322148
v 0.0086292478 0.0072261677 0.0034583326
v 0.0086066595 0.007368166 0.0034749542
v 0.0086123471 0.0074986704 0.0033527311
v 0.0086014301 0.0074665666 0.0035235504
v 0.0085473026 0.0075080601 0.0036377682
v 0.0085268992 0.007687154 0.0035398366
v 0.0085278416 0.0075904744 0.0036846848
v 0.0084690575 0.0076001842 0.0037762624
v 0.0084163661 0.0077710482 0.0037818701
v 0.0084393958 0.007627908 0.0038783561
v 0.0083465402 0.0077637093 0.0039347684
v 0.0083860655 0.0076052091 0.0039951321
v 0.0082798817 0.007713116 0.0040807295
v 0.0083369894 0.0075500592 0.0041025853
v 0.0082955251 0.0074662052 0.0041933892
v 0.0082623998 0.0073682966 0.0042287874
v 0.0083297838 0.0072255216 0.0042004733
v 0.0082603509 0.0071095234 0.0042661018
v 0.0082569274 0.0069376667 0.0042779133
v 0.0082736325 0.006860467 0.0042413239
v 0.0081879341 0.0067147229 0.004282066
v 0.008308464 0.0067606399 0.0041650523
v 0.0082394651 0.006601056 0.0041692298
v 0.0083528396 0.0066859113 0.0040678791
v 0.0083014604 0.0065233674 0.0040334779
v 0.0084037429 0.0066413869 0.0039564216
v 0.0084395998 0.006630072 0.0038779105
v 0.0084757248 0.0066339088 0.0037988035
v 0.0085110266 0.0066527909 0.0037215048
v 0.0085444294 0.0066861455 0.0036483648
v 0.0085887772 0.0067609759 0.0035512595
v 0.0086131936 0.0068251815 0.0034977888
v 0.0086326089 0.0068986233 0.0034552784
v 0.0086446202 0.0069085677 0.0032820631
v 0.0086511068 0.0070211502 0.0034147703
v 0.0086072471 0.0071922426 0.0034050617
v 0.0085936778 0.0073138599 0.0034347765
v 0.0085539978 0.0073893244 0.0034975942
v 0.0085403465 0.0075266262 0.0033792925
v 0.0085438818 0.0074848413 0.0035438136
v 0.0084908868 0.0076357247 0.0034875934
v 0.0084520944 0.0076896389 0.0035725368
v 0.0084687343 0.007589141 0.0037083667
v 0.0084159656 0.0075812485 0.0037998463
v 0.0083434919 0.0077475966 0.0038103421
v 0.008382315 0.0076072211 0.0038975968
v 0.0082769825 0.0077265184 0.0039559783
v 0.0083317955 0.0075745537 0.0040082237
v 0.0082150048 0.0076647204 0.0040916897
v 0.0082865052 0.0075115302 0.0041073918
v 0.0081617844 0.0075664138 0.0042082275
v 0.0082495382 0.0074224322 0.004188341
v 0.008310145 0.0072514288 0.0041652041
v 0.0082083757 0.0071497607 0.0042784604
v 0.0082129671 0.0070243179 0.0042684087
v 0.0081020158 0.0069174274 0.0043391026
v 0.0082308885 0.0069060089 0.0042291669
v 0.0082496798 0.0068351218 0.0041880299
v 0.0081617844 0.0066915861 0.0042082275
v 0.0082866878 0.0067461257 0.0041069876
v 0.0082150048 0.0065932796 0.0040916897
v 0.0083320069 0.0066832242 0.0040077529
v 0.0082769825 0.0065314815 0.0039559783
v 0.0083825423 0.0066506978 0.0038970892
v 0.0084174436 0.0066470868 0.0038206746
v 0.008452072 0.0066581085 0.0037448473
v 0.0084853799 0.0066834414 0.0036719145
v 0.0085163538 0.0067223121 0.0036040911
v 0.0085086722 0.0066551276 0.0034486485
v 0.0085564081 0.0068033141 0.0035163869
v 0.0085776562 0.0068700524 0.0034698596
v 0.0085937672 0.0069446581 0.0034345783
v 0.0085917108 0.0069688953 0.0032668201
v 0.0086072779 0.0070663144 0.0034049956
v 0.0086004671 0.0071289999 0.0032476468
v 0.0085395419 0.0071802564 0.0032558086
v 0.0085568812 0.0072293518 0.0034117239
v 0.0085257378 0.0073301424 0.0032860347
v 0.008539703 0.0073427225 0.0034493347
v 0.0085026801 0.0074026796 0.0035243241
v 0.0084689159 0.0075448502 0.0034104578
v 0.0084862292 0.0074959241 0.0035664313
v 0.0084579869 0.007539173 0.003628275
v 0.0083797232 0.0076816341 0.0036057629
v 0.0084108666 0.0075803738 0.0037314483
v 0.0083783038 0.0075175438 0.0038386806
v 0.008274873 0.0077148632 0.003835353
v 0.0083277414 0.00758024 0.00391347
v 0.0082126076 0.0076816341 0.0039716939
v 0.0082806388 0.0075388994 0.0040165963
v 0.0081560372 0.0076107442 0.0040955664
v 0.0082396048 0.0074696052 0.0041064694
v 0.0081090156 0.0075070241 0.0041985283
v 0.0082073959 0.0073771195 0.0041769784
v 0.0082249374 0.0072841707 0.004167539
v 0.0081790204 0.0071890342 0.0042391186
v 0.0081775852 0.0071085297 0.004242266
v 0.0080555708 0.0070268774 0.0043155569
v 0.0081863247 0.0069897022 0.004223131
v 0.0080747486 0.0068804579 0.0042735631
v 0.0082075356 0.006880365 0.0041766766
v 0.0082279372 0.0068164755 0.0041320151
v 0.0081391281 0.0066784884 0.0041325911
v 0.0082663505 0.0067389574 0.0040478831
v 0.0081929166 0.0065959996 0.0040148105
v 0.0083118065 0.0066880406 0.0039483643
v 0.0082537422 0.0065498334 0.0038816225
v 0.0083611768 0.0066671563 0.003840248
v 0.0083946187 0.0066707284 0.0037670246
v 0.0084272942 0.0066882212 0.003695476
v 0.0084582113 0.0067191062 0.0036277768
v 0.0084864285 0.0067624416 0.0035659807
v 0.0084689159 0.0067131497 0.0034104578
v 0.0085218551 0.0068478346 0.0034884195
v 0.0085398203 0.0069158204 0.0034490741
v 0.0085526102 0.0069902866 0.0034210732
v 0.00853676 0.0070268774 0.0032619002
v 0.0085612826 0.0071091425 0.0034020777
v 0.0085133717 0.007148475 0.0034056538
v 0.0084777346 0.0072250692 0.0032726858
v 0.0085050662 0.0072613538 0.0034238299
v 0.0084596931 0.0073628095 0.0033121907
v 0.0084849114 0.0073652092 0.0034679744
v 0.0084542755 0.0074529685 0.0035350597
v 0.0084008223 0.0075348108 0.0036521143
v 0.0083108845 0.0076633891 0.0036380362
v 0.0083548094 0.0075644086 0.0037528492
v 0.0082761452 0.0075477082 0.0039250896
v 0.0081542733 0.0076304061 0.0039809662
v 0.0082330026 0.0074991828 0.004019563
v 0.0081036736 0.0075528066 0.0040917652
v 0.0081965534 0.0074254268 0.0040993913
v 0.0080631406 0.0074463256 0.0041805197
v 0.0081692741 0.0073314748 0.0041591356
v 0.0081530132 0.0072237294 0.0041947299
v 0.008148893 0.0071478331 0.0042037642
v 0.0081502993 0.0070713648 0.0042006782
v 0.0081626524 0.0069606587 0.0041736191
v 0.0080523679 0.0068523799 0.0042041088
v 0.0081864933 0.0068614249 0.0041214157
v 0.0082079947 0.0068050319 0.0040743383
v 0.0081195796 0.0066758121 0.0040569351
v 0.0082470162 0.0067393429 0.0039888792
v 0.0081727973 0.0066091242 0.0039404057
v 0.0082917775 0.0067002136 0.0038908663
v 0.0082313709 0.0065778649 0.0038121463
v 0.0083392218 0.0066903072 0.0037869812
v 0.0083707452 0.0067003561 0.0037179579
v 0.0084010635 0.0067234255 0.0036515674
v 0.0084292602 0.0067588253 0.0035898366
v 0.0084544721 0.0068054643 0.0035346271
v 0.0084274572 0.0067733839 0.0033827775
v 0.0084850539 0.0068933311 0.0034676575
v 0.0084997157 0.0069612522 0.0034355523
v 0.0085092552 0.0070342697 0.0034146618
v 0.0084803516 0.0070807818 0.0032669554
v 0.0081688028 0.0091289999 -0.00071467707
v 0.0089657588 0.0091289999 -0.00078440164
v 0.0080754303 0.0091289999 -0.001423915
v 0.0088632761 0.0091289999 -0.0015628335
v 0.0079205988 0.0091289999 -0.0021223164
v 0.0086933395 0.0091289999 -0.0023293715
v 0.0077054861 0.0091289999 -0.0028045653
v 0.0084572399 0.0091289999 -0.0030781814
v 0.0074317304 0.0091289999 -0.0034654698
v 0.0081567767 0.0091289999 -0.0038035646
v 0.007101415 0.0091289999 -0.0041000001
v 0.0077942356 0.0091289999 -0.0044999999
v 0.0067170535 0.0091289999 -0.0047033267
v 0.0073723753 0.0091289999 -0.0051621879
v 0.0062815712 0.0091289999 -0.0052708584
v 0.0068944066 0.0091289999 -0.0057850886
v 0.0057982823 0.0091289999 -0.0057982757
v 0.0063639677 0.0091289999 -0.006363961
v 0.005270865 0.0091289999 -0.0062815646
v 0.0057850953 0.0091289999 -0.0068944
v 0.0047033334 0.0091289999 -0.0067170468
v 0.0051621946 0.0091289999 -0.0073723687
v 0.0041000068 0.0091289999 -0.0071014083
v 0.0045000066 0.0091289999 -0.0077942289
v 0.0034654762 0.0091289999 -0.0074317237
v 0.003803571 0.0091289999 -0.0081567695
v 0.0028045718 0.0091289999 -0.0077054795
v 0.0030781878 0.0091289999 -0.0084572328
v 0.0021223228 0.0091289999 -0.0079205917
v 0.0023293779 0.0091289999 -0.0086933324
v 0.0014239216 0.0091289999 -0.0080754232
v 0.0015628401 0.0091289999 -0.008863269
v 0.00071468361 0.0091289999 -0.0081687957
v 0.00078440818 0.0091289999 -0.0089657517
v 6.5330065e-09 0.0091289999 -0.0081999997
v 6.5330065e-09 0.0091289999 -0.0089999992
v -0.00071467058 0.0091289999 -0.0081687957
v -0.00078439515 0.0091289999 -0.0089657517
v -0.0014239085 0.0091289999 -0.0080754232
v -0.001562827 0.0091289999 -0.008863269
v -0.0021223098 0.0091289999 -0.0079205917
v -0.0023293649 0.0091289999 -0.0086933324
v -0.0028045587 0.0091289999 -0.0077054795
v -0.0030781748 0.0091289999 -0.0084572328
v -0.0034654632 0.0091289999 -0.0074317237
v -0.003803558 0.0091289999 -0.0081567695
v -0.0040999933 0.0091289999 -0.0071014083
v -0.0044999931 0.0091289999 -0.0077942289
v -0.0047033199 0.0091289999 -0.0067170468
v -0.0051621811 0.0091289999 -0.0073723687
v -0.0052708515 0.0091289999 -0.0062815646
v -0.0057850818 0.0091289999 -0.0068944
v -0.0057982688 0.0091289999 -0.0057982757
v -0.0063639542 0.0091289999 -0.006363961
v -0.0062815577 0.0091289999 -0.0052708584
v -0.0068943931 0.0091289999 -0.0057850886
v -0.00671704 0.0091289999 -0.0047033267
v -0.0073723618 0.0091289999 -0.0051621879
v -0.0071014015 0.0091289999 -0.0041000001
v -0.0077942221 0.0091289999 -0.0044999999
v -0.0074317169 0.0091289999 -0.0034654698
v -0.0081567632 0.0091289999 -0.0038035646
v -0.0077054726 0.0091289999 -0.0028045653
v -0.0084572264 0.0091289999 -0.0030781814
v -0.0079205853 0.0091289999 -0.0021223164
v -0.008693326 0.0091289999 -0.0023293715
v -0.0080754168 0.0091289999 -0.001423915
v -0.0088632626 0.0091289999 -0.0015628335
v -0.0081687893 0.0091289999 -0.00071467707
v -0.0089657453 0.0091289999 -0.00078440164
v -0.0081999933 0.0091289999 3.6932258e-15
v -0.0089999929 0.0091289999 3.6932258e-15
v -0.0081687893 0.0091289999 0.00071467712
v -0.0089657453 0.0091289999 0.00078440169
v -0.0080754168 0.0091289999 0.0014239151
v -0.0088632626 0.0091289999 0.0015628336
v -0.0079205853 0.0091289999 0.0021223162
v -0.008693326 0.0091289999 0.0023293713
v -0.0077054726 0.0091289999 0.0028045651
v -0.0084572264 0.0091289999 0.0030781812
v -0.0074317169 0.0091289999 0.0034654696
v -0.0081567632 0.0091289999 0.0038035644
v -0.0071014015 0.0091289999 0.0040999999
v -0.0077942221 0.0091289999 0.0044999997
v -0.00671704 0.0091289999 0.0047033265
v -0.0073723618 0.0091289999 0.0051621878
v -0.0062815577 0.0091289999 0.0052708582
v -0.0068943931 0.0091289999 0.0057850884
v -0.0057982688 0.0091289999 0.0057982755
v -0.0063639542 0.0091289999 0.0063639608
v -0.0052708515 0.0091289999 0.0062815644
v -0.0057850818 0.0091289999 0.0068943998
v -0.0047033199 0.0091289999 0.0067170466
v -0.0051621811 0.0091289999 0.0073723685
v -0.0040999933 0.0091289999 0.0071014081
v -0.0044999931 0.0091289999 0.0077942288
v -0.0034654632 0.0091289999 0.0074317235
v -0.003803558 0.0091289999 0.0081567703
v -0.0028045587 0.0091289999 0.0077054793
v -0.0030781748 0.0091289999 0.0084572336
v -0.0021223098 0.0091289999 0.0079205925
v -0.0023293649 0.0091289999 0.0086933332
v -0.0014239085 0.0091289999 0.0080754239
v -0.001562827 0.0091289999 0.0088632697
v -0.00071467058 0.0091289999 0.0081687964
v -0.00078439515 0.0091289999 0.0089657525
v 6.5330065e-09 0.0091289999 0.0082000004
v 6.5330065e-09 0.0091289999 0.009
v 0.00071468361 0.0091289999 0.0081687964
v 0.00078440818 0.0091289999 0.0089657525
v 0.0014239216 0.0091289999 0.0080754239
v 0.0015628401 0.0091289999 0.0088632697
v 0.0021223228 0.0091289999 0.0079205925
v 0.0023293779 0.0091289999 0.0086933332
v 0.0028045718 0.0091289999 0.0077054793
v 0.0030781878 0.0091289999 0.0084572336
v 0.0034654762 0.0091289999 0.0074317235
v 0.003803571 0.0091289999 0.0081567703
v 0.0041000068 0.0091289999 0.0071014081
v 0.0045000066 0.0091289999 0.0077942288
v 0.0047033334 0.0091289999 0.0067170466
v 0.0051621946 0.0091289999 0.0073723685
v 0.005270865 0.0091289999 0.0062815644
v 0.0057850953 0.0091289999 0.0068943998
v 0.0057982823 0.0091289999 0.0057982755
v 0.0063639677 0.0091289999 0.0063639608
v 0.0062815712 0.0091289999 0.0052708582
v 0.0068944066 0.0091289999 0.0057850884
v 0.0067170535 0.0091289999 0.0047033265
v 0.0073723753 0.0091289999 0.0051621878
v 0.007101415 0.0091289999 0.0040999999
v 0.0077942356 0.0091289999 0.0044999997
v 0.0074317304 0.0091289999 0.0034654696
v 0.0081567767 0.0091289999 0.0038035644
v 0.0077054861 0.0091289999 0.0028045651
v 0.0084572399 0.0091289999 0.0030781812
v 0.0079205988 0.0091289999 0.0021223162
v 0.0086933395 0.0091289999 0.0023293713
v 0.0080754303 0.0091289999 0.0014239151
v 0.0088632761 0.0091289999 0.0015628336
v 0.0081688028 0.0091289999 0.00071467712
v 0.0089657588 0.0091289999 0.00078440169
v 0.0082000068 0.0091289999 3.6932258e-15
v 0.0090000064 0.0091289999 3.6932258e-15
v 0.0058097194 0.0070084903 0.0081392409
v 0.0056381475 0.0070222145 0.0080538712
v 0.005821686 0.007037572 0.0080996374
v 0.0051942652 0.0068564227 0.0073500899
v 0.0052129754 0.0068953471 0.0073365494
v 0.0052114713 0.0069296585 0.007535139
v 0.005258451 0.0070860867 0.0073040239
v 0.0053103364 0.0070841781 0.0073154242
v 0.0052550251 0.0070519644 0.0073064891
v 0.0052520919 0.0070486177 0.0075137102
v 0.0052483922 0.0070106404 0.0073112546
v 0.0052858915 0.0069531082 0.0073311342
v 0.0052349141 0.0069558014 0.0073209115
v 0.0052407847 0.0069768584 0.0073167099
v 0.0052238994 0.0069229501 0.0073287742
v 0.0052714481 0.0069116588 0.0073404162
v 0.0051549908 0.0067945624 0.0073774018
v 0.0051737686 0.0068213862 0.0073642506
v 0.0051800886 0.0068721935 0.0075426827
v 0.0051574402 0.0067350437 0.0074136848
v 0.0051171186 0.0068073916 0.0075794644
v 0.005094303 0.0067283626 0.0074194427
v 0.0051102482 0.0067430833 0.0074084703
v 0.0051285659 0.0067621214 0.0073958015
v 0.0050540615 0.0066872722 0.0074868988
v 0.0050587964 0.0067016565 0.0074417735
v 0.0050243603 0.0066710099 0.0075061772
v 0.0049913221 0.0066322501 0.0075204423
v 0.0049730416 0.0066569309 0.0075037395
v 0.0049012944 0.0066407196 0.007550633
v 0.004934062 0.0066462952 0.0075269583
v 0.0049851907 0.0067552574 0.007671642
v 0.0048742786 0.0066305973 0.0075877061
v 0.0048455421 0.006641161 0.0076132737
v 0.0048845306 0.0067668251 0.007742688
v 0.0047988917 0.0066461965 0.0076156802
v 0.0047195798 0.0066724151 0.0076632629
v 0.0047381113 0.0066642958 0.0076518207
v 0.0047313787 0.006645741 0.0076874978
v 0.0047619219 0.0066556575 0.0076370257
v 0.004691764 0.0066868608 0.0076803261
v 0.0048006058 0.0067988128 0.0077936718
v 0.0046606229 0.0067066279 0.0077007249
v 0.0045986047 0.0067606839 0.0077356528
v 0.0046273058 0.0067329738 0.0077193327
v 0.0047502473 0.0068307774 0.0078200627
v 0.004729049 0.0068537827 0.0078605808
v 0.0047010595 0.0069016059 0.0078598479
v 0.0045584354 0.0068097104 0.0077604627
v 0.0045317442 0.0068499857 0.0077758142
v 0.0046797658 0.0069611742 0.0078814592
v 0.0045113286 0.0068882556 0.0077876811
v 0.0044962883 0.0069233809 0.0077963731
v 0.0044817256 0.00696537 0.0078047546
v 0.0046374088 0.0070171495 0.0078909839
v 0.0044722466 0.0070019114 0.0078101898
v 0.0044590237 0.0070944509 0.0078177474
v 0.0044606065 0.0070736058 0.0078168441
v 0.0044483601 0.0070841781 0.0078693828
v 0.0046278837 0.0070574138 0.0079200225
v 0.0044639513 0.0070459122 0.0078149348
v 0.0044579494 0.0071292169 0.0078183603
v 0.004446714 0.0071289999 0.0078704407
v 0.0044586218 0.0071568946 0.0078179765
v 0.0046188382 0.0071758724 0.0078968829
v 0.0044600295 0.0071775204 0.0078171737
v 0.0044729721 0.0072595515 0.0078097749
v 0.0044662731 0.0072257082 0.0078136077
v 0.0044614554 0.0072621037 0.0078609673
v 0.0044818365 0.0072930007 0.0078046908
v 0.0046486801 0.0072780211 0.0078836562
v 0.0044938868 0.0073283581 0.0077977571
v 0.0045466658 0.0074320146 0.0077670979
v 0.0045271649 0.007400342 0.0077784852
v 0.0046781704 0.0073634488 0.007855683
v 0.0045046757 0.0073861367 0.0078331916
v 0.0045116206 0.0073703595 0.0077875116
v 0.0045728849 0.0074682365 0.0077516953
v 0.0045734297 0.0074926462 0.0077890054
v 0.0046349072 0.0075318237 0.0077138654
v 0.0046073568 0.0075064876 0.0077312564
v 0.0047458827 0.0074368084 0.0078148222
v 0.0045885851 0.0074867499 0.0077424123
v 0.0046794328 0.0075503912 0.0077277598
v 0.004829664 0.0074754938 0.0077747646
v 0.0046914883 0.0075709805 0.0076804947
v 0.0047254397 0.0075874686 0.0076621686
v 0.0048042221 0.0076354605 0.0076406839
v 0.0047965457 0.0076114427 0.0076177054
v 0.0047673744 0.0076257499 0.0076643647
v 0.0047618423 0.0076023168 0.0076370755
v 0.0048351537 0.0076174723 0.0075908731
v 0.0048416418 0.0076413164 0.0076166362
v 0.0048628554 0.0076188721 0.0075731561
v 0.0049728721 0.0074773785 0.0077088656
v 0.0048985246 0.007617151 0.0075520774
v 0.0049672483 0.0076026494 0.0075050894
v 0.0049338916 0.0076117411 0.00752707
v 0.0050197088 0.0074877421 0.0076586016
v 0.0050047638 0.0075881723 0.0074801342
v 0.0050704924 0.0074720922 0.0076213632
v 0.0050378211 0.0075717277 0.0074595226
v 0.0051192704 0.0075055322 0.00740223
v 0.0050842899 0.007536491 0.0074229146
v 0.0051372705 0.0074401024 0.0075610102
v 0.005130593 0.0074308069 0.0076460525
v 0.0051478168 0.0074730477 0.0073824142
v 0.0051852667 0.0074926462 0.0073958015
v 0.0051621946 0.0074537904 0.0073723685
v 0.0051971276 0.0074415732 0.0073994104
v 0.0052337416 0.0074239751 0.0073646488
v 0.0051890083 0.0074110591 0.0073535181
v 0.0052540207 0.0073861367 0.0073516163
v 0.0052129526 0.0073627065 0.0073365657
v 0.0052041581 0.0073820494 0.0073428065
v 0.0052238882 0.0073350825 0.0073287821
v 0.0052714481 0.0073463414 0.0073404162
v 0.0052468574 0.0072388583 0.0075124022
v 0.005237737 0.0072920823 0.0073188915
v 0.0052483098 0.0072477782 0.0073113138
v 0.0052809126 0.0072014839 0.0074985431
v 0.0052549948 0.0072062637 0.0073065105
v 0.0052584496 0.0071719346 0.0073040248
v 0.005265652 0.0071493684 0.0074802338
v 0.005259542 0.0071067813 0.0073032378
v 0.0052597413 0.0071401057 0.0073030944
v 0.0054393166 0.0066407268 0.0083912913
v 0.0053388977 0.0067393802 0.0082700768
v 0.0054777937 0.0066461718 0.0083662331
v 0.0053950774 0.0067496056 0.0082332104
v 0.0055098722 0.0066542547 0.008345134
v 0.005572675 0.0066518175 0.0082596665
v 0.0055769372 0.0066814386 0.0083004659
v 0.0055203682 0.0066667154 0.0082844742
v 0.0056110781 0.0067013706 0.0082774324
v 0.0054955601 0.0068064117 0.0081641557
v 0.0056391556 0.0067218024 0.0082583236
v 0.0056945111 0.006774197 0.008220252
v 0.0056698017 0.0067483027 0.0082373194
v 0.0055364503 0.0068502411 0.0081345992
v 0.0057206398 0.0068063104 0.008202095
v 0.0055301159 0.0069010005 0.0080797387
v 0.0057405198 0.0068356529 0.0081881922
v 0.0057483118 0.0068270048 0.0081467921
v 0.0057876066 0.0069316685 0.0081549793
v 0.005768914 0.0068874006 0.0081682125
v 0.0057690737 0.0068657437 0.008133449
v 0.0057554559 0.0068609099 0.0081777018
v 0.0056431743 0.0069794309 0.0080880405
v 0.0057982325 0.0069636317 0.0081474282
v 0.005820872 0.0070882769 0.0081312688
v 0.0058162131 0.0070449315 0.008134602
v 0.0056746302 0.0071117958 0.0080759138
v 0.0058222872 0.0071291238 0.0081302555
v 0.0056457005 0.0071794488 0.008072493
v 0.0058208711 0.0071697374 0.0081312697
v 0.0058162196 0.007213021 0.0081345974
v 0.0056324287 0.0072449719 0.008080291
v 0.0058097246 0.0072494856 0.0081392372
v 0.0057982078 0.0072944531 0.0081474449
v 0.0057656683 0.0073380221 0.0081263794
v 0.0057690737 0.0073922564 0.008133449
v 0.0057689475 0.007370526 0.0081681892
v 0.0057555244 0.0073969656 0.0081776543
v 0.0057483118 0.0074309952 0.0081467921
v 0.0057452682 0.0074147907 0.0081848627
v 0.0057247889 0.0074674359 0.0081619093
v 0.0057203707 0.0074520217 0.0082022812
v 0.005735771 0.0074299037 0.0081915207
v 0.00567685 0.0074760229 0.0081834173
v 0.0055199179 0.0074328307 0.0081516815
v 0.0056685524 0.0075109979 0.0082389213
v 0.0056332976 0.0075409022 0.0082623264
v 0.0056069496 0.0075849733 0.0082376398
v 0.0056106809 0.0075568861 0.0082777016
v 0.0055463111 0.0075898971 0.0083180344
v 0.0055844027 0.0075727131 0.0082954526
v 0.0054470075 0.0074928978 0.0082025979
v 0.0055054075 0.007605177 0.0083480872
v 0.0053978369 0.0075260993 0.008247238
v 0.0054778096 0.0076118251 0.0083662238
v 0.0054073192 0.0076165284 0.0084084779
v 0.0054499849 0.0076162814 0.0083843753
v 0.0052749284 0.0074373216 0.0082027916
v 0.005345403 0.0076161153 0.0083948033
v 0.0052503983 0.0075149789 0.0083317574
v 0.0053359701 0.0076120855 0.0084573928
v 0.0052929337 0.007602276 0.0084774591
v 0.0052339931 0.0076237601 0.008477325
v 0.0052597083 0.007588777 0.008505029
v 0.0052286421 0.0075741282 0.008524164
v 0.0051559906 0.0074362669 0.008325877
v 0.0051959131 0.0075544763 0.0085478354
v 0.0051218311 0.0074371877 0.0084054949
v 0.0051399583 0.0075111099 0.008578095
v 0.0050805218 0.0074490592 0.0086109158
v 0.0051096024 0.0074815823 0.0085960481
v 0.0050782452 0.0073906645 0.008437903
v 0.0050528708 0.007405639 0.0086295171
v 0.0050373536 0.007378119 0.0086385844
v 0.0050412018 0.0073377188 0.0084688807
v 0.0050228985 0.0073481938 0.0086469971
v 0.0049840526 0.0073515138 0.0086379511
v 0.0050104873 0.007317679 0.0086541953
v 0.0049692655 0.007309078 0.0086474543
v 0.0050022036 0.0072934012 0.008658985
v 0.0049978185 0.0072104299 0.0084978392
v 0.0049899931 0.0072482371 0.0086660286
v 0.0049783394 0.007168983 0.0086727276
v 0.0049832922 0.0072126003 0.0086698834
v 0.004944239 0.0070831113 0.0086635383
v 0.0049768847 0.0071289813 0.008673563
v 0.0049889835 0.0071461442 0.0085163055
v 0.0049810291 0.0070628346 0.0084725678
v 0.0049832661 0.0070455769 0.0086698983
v 0.0049783334 0.0070891 0.0086727314
v 0.0049962376 0.0069853562 0.0086624291
v 0.0049899693 0.0070098693 0.0086660417
v 0.0050096556 0.0070118267 0.0084837912
v 0.0050072104 0.0069643968 0.0084599111
v 0.0050177143 0.0069225078 0.0086500034
v 0.0050440493 0.006867509 0.0086346766
v 0.0050018949 0.0068657437 0.0086264847
v 0.0050226569 0.0068270048 0.0086131426
v 0.0050609366 0.0068395306 0.0086247887
v 0.0051099106 0.006750747 0.0085433232
v 0.0051026989 0.006786906 0.0086046638
v 0.0050800682 0.0068567559 0.0084516317
v 0.0051449758 0.0068053853 0.0083312806
v 0.0051702207 0.0067229437 0.0085614327
v 0.0051155242 0.006797741 0.0083906738
v 0.0051982936 0.0066518175 0.0085002672
v 0.0052232428 0.0066868501 0.0085274693
v 0.0052916573 0.0066570373 0.0084813558
v 0.0052463522 0.0066751061 0.0085132759
v 0.0052257257 0.0067509072 0.0083461948
v 0.0053413419 0.0066449094 0.0084540019
v 0.0052896871 0.0067232036 0.0083193615
v 0.0053720765 0.0066407196 0.0084345046
v 0.0054064149 0.0066391021 0.0084125357
v 0.0047675103 0.0075164896 0.0080103524
v 0.0046230021 0.0075996654 0.0080640916
v 0.0047133544 0.0074508977 0.0080429142
v 0.0046515919 0.0073429063 0.0080799781
v 0.0046145569 0.0071750552 0.008104849
v 0.0047209614 0.0071051897 0.0080748502
v 0.0046996644 0.0070093142 0.0080768861
v 0.0046503942 0.0069180074 0.0080807744
v 0.0047320665 0.0067735355 0.0080268936
v 0.0046816783 0.00660671 0.0080954418
v 0.0047077115 0.0065981921 0.0081491707
v 0.004886261 0.0067118908 0.008249082
v 0.0053788845 0.0066191043 0.0075783151
v 0.0054149001 0.0066583346 0.007555169
v 0.0053795108 0.0068417572 0.0076158181
v 0.0054393255 0.0069987961 0.0075801074
v 0.0054554788 0.0070829448 0.007564423
v 0.005576777 0.0071870127 0.007451137
v 0.0055598274 0.0073012755 0.0074620297
v 0.0055264442 0.0074103038 0.0074834841
v 0.0054149001 0.0075996654 0.007555169
v 0.0054717532 0.0076681764 0.0076434444
v 0.0053385214 0.0075432698 0.0077173797
v 0.0054401441 0.0067118801 0.007865664
v 0.0054190431 0.00660671 0.0076215662
v 0.0056889558 0.0071481563 0.0080271451
v 0.0056804556 0.0072253203 0.0080326073
v 0.0056608135 0.0072995577 0.0080452304
v 0.0056306233 0.0073686117 0.0080646317
v 0.0055908083 0.0074303879 0.0080902208
v 0.0056651814 0.0075612508 0.008144311
v 0.0055157433 0.0075053661 0.0081384605
v 0.0054576935 0.0075413503 0.0081757674
v 0.0053952702 0.0075648053 0.008215885
v 0.005300618 0.0075412989 0.008214923
v 0.0052776288 0.0076846909 0.0083933756
v 0.0052010322 0.007554887 0.0083407121
v 0.0051594453 0.0076403962 0.0084693277
v 0.0050852892 0.0074833919 0.0084150996
v 0.0050244022 0.0075279944 0.0085561149
v 0.0050159099 0.0074010385 0.0084596857
v 0.0049806957 0.0073354316 0.0084823141
v 0.0049555956 0.007263557 0.008498452
v 0.004941379 0.0071875908 0.0085075874
v 0.004938483 0.0071098435 0.0085094398
v 0.0049554335 0.0069950492 0.0084985564
v 0.0049968085 0.0068893843 0.0084719643
v 0.0049964252 0.0067662987 0.008574095
v 0.0050597775 0.0068000416 0.0084315067
v 0.0051977045 0.0065987658 0.0084447399
v 0.005232163 0.006693204 0.0083206998
v 0.0052970692 0.0066829767 0.0082789989
v 0.0054014295 0.0065668839 0.0083138136
v 0.0053947486 0.006693056 0.0082162222
v 0.0054571999 0.0067164049 0.008176085
v 0.0055974016 0.0066403336 0.0081878699
v 0.0055421505 0.0067746049 0.0081214955
v 0.0055416713 0.0068503156 0.0080600077
v 0.0057711496 0.0068468683 0.008076209
v 0.0056606082 0.0069578549 0.0080453627
v 0.0056537243 0.0070535919 0.0080053726
v 0.0058329396 0.0070798212 0.0080364993
v 0.005681752 0.0071898796 0.0079813855
v 0.0056669202 0.0072696538 0.0079909176
v 0.0056406485 0.0073451496 0.008007795
v 0.0056037644 0.007414085 0.0080315037
v 0.0055573641 0.0074743553 0.0080613237
v 0.005621433 0.0076187102 0.0081128659
v 0.0054730882 0.0075446005 0.0081154866
v 0.0054096056 0.007575912 0.0081562823
v 0.0053425154 0.0075936466 0.0081993988
v 0.0052395838 0.0075937224 0.0082655478
v 0.0052028021 0.0077064553 0.0083819035
v 0.0051401441 0.0075621341 0.0083294561
v 0.0050791593 0.0075244558 0.008368648
v 0.0050246075 0.0074747564 0.0084037021
v 0.0049477068 0.0075132749 0.0085458433
v 0.0049583928 0.0073810835 0.0084462598
v 0.0049266166 0.0073086403 0.0084666837
v 0.0049059109 0.0072307364 0.0084799867
v 0.0048968901 0.0071497444 0.0084857916
v 0.0048998457 0.0070681196 0.008483889
v 0.0048471822 0.0069742714 0.0086104464
v 0.0049264303 0.0069499196 0.0084667927
v 0.0048974243 0.0068300873 0.0085781574
v 0.0049778332 0.0068439128 0.008433768
v 0.004977348 0.0067062735 0.0085267941
v 0.0050505695 0.00675734 0.008387023
v 0.0050815067 0.0066112677 0.0084598552
v 0.0051396776 0.0066960974 0.0083297541
v 0.0052028021 0.0065515448 0.0083819035
v 0.0052390841 0.0066643526 0.008265871
v 0.0053077464 0.0066607377 0.0082217431
v 0.0054202999 0.0065402567 0.008242126
v 0.0054091231 0.0066819097 0.0081565915
v 0.0054726384 0.0067131248 0.0081157735
v 0.005621433 0.0066392898 0.0081128659
v 0.0055569925 0.0067832394 0.0080615621
v 0.0056232044 0.0068769179 0.00801901
v 0.0057887712 0.0068763479 0.0080053242
v 0.0056667596 0.0069877765 0.0079910163
v 0.0056607986 0.0070888357 0.0079574253
v 0.0058358915 0.0071289999 0.0079750413
v 0.0058298351 0.0071836423 0.0079161594
v 0.0056681272 0.0072343319 0.0079386406
v 0.0056466532 0.0073154536 0.0079524409
v 0.005613656 0.0073909111 0.007973649
v 0.0055701297 0.0074584063 0.0080016175
v 0.0055174122 0.0075158973 0.008035499
v 0.0055681302 0.0076719553 0.0080843478
v 0.0054246534 0.0075796415 0.008095113
v 0.0053564322 0.0076052564 0.0081389541
v 0.0052855064 0.0076164032 0.0081845349
v 0.0052584496 0.007753565 0.0082833668
v 0.0051787647 0.0076053704 0.0082531314
v 0.0051240281 0.0077181409 0.0083697544
v 0.0050780622 0.0075618813 0.0083178528
v 0.0050177032 0.0075162242 0.0083566414
v 0.004964927 0.0074588105 0.008390562
v 0.0048723768 0.0074886042 0.0085314805
v 0.0049034257 0.007354517 0.0084300818
v 0.0048760108 0.0072759663 0.0084477006
v 0.0048604866 0.00719295 0.0084576787
v 0.0048573257 0.0071079895 0.0084597109
v 0.0048666287 0.0070236694 0.0084537271
v 0.004808801 0.0069145703 0.0085723385
v 0.0049032157 0.0069039642 0.0084302168
v 0.0048723768 0.0067693958 0.0085314805
v 0.0049646234 0.0067995962 0.008390752
v 0.0049653959 0.0066487278 0.0084717017
v 0.0050466594 0.0067176706 0.0083380336
v 0.0050815188 0.0065607898 0.0083970739
v 0.0051437395 0.0066637833 0.0082756424
v 0.0052128315 0.006511574 0.0083126839
v 0.0052492444 0.0066416009 0.0082078366
v 0.0053207234 0.0066452547 0.0081619047
v 0.0054409255 0.0065234121 0.0081660975
v 0.0054242287 0.0066781557 0.0080953822
v 0.0054877081 0.0067173807 0.0080545884
v 0.0056434397 0.0066487278 0.0080359489
v 0.0055698261 0.0067991906 0.0080018159
v 0.0057364588 0.0067693958 0.0079761691
v 0.0056313307 0.0069034799 0.0079622896
v 0.0058000346 0.0069145703 0.0079353111
v 0.0056680224 0.00702314 0.0079387039
v 0.0056606519 0.0071290749 0.0079108089
v 0.0055560733 0.0071825907 0.0078908069
v 0.0056478598 0.0072803119 0.0078991488
v 0.0055752553 0.0073465769 0.0079025798
v 0.0057492095 0.0074547111 0.007902454
v 0.0055799398 0.0074355886 0.0079428008
v 0.0055300405 0.0075003786 0.0079748681
v 0.0054714393 0.0075538893 0.0080125317
v 0.0055062177 0.007719389 0.0080586154
v 0.0053711573 0.0076095364 0.0080769764
v 0.0052990199 0.0076285871 0.0081233367
v 0.0052251962 0.0076324633 0.0081707811
v 0.0051794567 0.0077705256 0.0082686119
v 0.0051161994 0.007609678 0.0082408287
v 0.0050430184 0.007719389 0.0083562959
v 0.0050158782 0.0075541342 0.0083052995
v 0.0049572324 0.0075006912 0.0083429892
v 0.0049072837 0.0074359565 0.0083750881
v 0.0048000265 0.0074547111 0.0085124573
v 0.0048519021 0.0073220619 0.0084106833
v 0.0048296482 0.0072382985 0.0084249847
v 0.0048199731 0.0071512136 0.0084311984
v 0.0048309949 0.0070674202 0.0083808856
v 0.0048370042 0.0070269554 0.0083770243
v 0.004901205 0.0069960394 0.0083025139
v 0.0047779509 0.006853697 0.0085266441
v 0.0048858456 0.0068584363 0.0083888661
v 0.0048548172 0.0067102738 0.0084772449
v 0.0049569455 0.0067576276 0.0083431708
v 0.0049602918 0.0065953863 0.0084094604
v 0.0050475684 0.0066821183 0.0082849342
v 0.0050871873 0.0065168635 0.0083279101
v 0.0051515445 0.0066370672 0.0082181118
v 0.0052268559 0.0064800567 0.0082381502
v 0.0052617879 0.0066255381 0.0081472652
v 0.005335056 0.0066369654 0.0081001775
v 0.0054620488 0.0065168635 0.0080870012
v 0.0054390703 0.0066818987 0.0080333328
v 0.0055014107 0.0067290634 0.0079932682
v 0.0055301322 0.0067723346 0.0079451719
v 0.0055797 0.0068220425 0.0079429544
v 0.0057492095 0.0068032889 0.007902454
v 0.0056350755 0.0069359409 0.007907364
v 0.0058039559 0.0069603996 0.0078672705
v 0.0056637696 0.0070629934 0.0078889247
v 0.0057890846 0.0073026827 0.0078090466
v 0.0056209059 0.0073265838 0.0078630814
v 0.0057062262 0.0075139033 0.0078622963
v 0.0055398361 0.0074779872 0.0079151852
v 0.0054839824 0.0075388645 0.0079510793
v 0.0054200853 0.0075872908 0.0079921432
v 0.0054368705 0.0077595888 0.0080354013
v 0.0053134558 0.007633475 0.0080606699
v 0.0052383288 0.0076452632 0.0081089497
v 0.0051626216 0.0076413678 0.0081576047
v 0.0050976786 0.0077771927 0.0082533866
v 0.0050529896 0.0076065037 0.0082280612
v 0.0049615249 0.0077101537 0.0083408872
v 0.0049546866 0.0075390915 0.0082912365
v 0.0048988003 0.0074782565 0.0083271502
v 0.0048526453 0.0074068155 0.0083568137
v 0.0047321517 0.0074126016 0.008488296
v 0.0048046501 0.0072845712 0.0083876582
v 0.0047882192 0.0071966362 0.0083982175
v 0.0047848837 0.0071066461 0.0084003633
v 0.0047548923 0.0067934707 0.0084736817
v 0.004874219 0.0068145624 0.0083429491
v 0.0048446066 0.0066544899 0.0084160253
v 0.004954437 0.0067191351 0.0082913976
v 0.0049615249 0.0065478462 0.0083408872
v 0.0050527004 0.0066516449 0.0082282456
v 0.0050976786 0.0064808073 0.0082533866
v 0.0051623096 0.0066166754 0.0081578068
v 0.0052437901 0.0064579415 0.008159486
v 0.0052446013 0.0066114039 0.008076901
v 0.0052896615 0.0066571325 0.0080372248
v 0.0053497863 0.0066360939 0.0080373226
v 0.0054823707 0.0065208144 0.0080061596
v 0.0053841539 0.0067728985 0.0079584815
v 0.0055818467 0.0066264268 0.0078970551
v 0.0056762451 0.0066976518 0.0078815645
v 0.0055857731 0.0068511843 0.0078856613
v 0.005755428 0.0068453984 0.0078306761
v 0.0056337735 0.0069734269 0.007854815
v 0.0057997436 0.0070124719 0.0078021958
v 0.005653518 0.0071062721 0.0078421248
v 0.00543801 0.00756341 0.0078991469
v 0.0055005921 0.0077228456 0.007924911
v 0.0053641533 0.0076152079 0.0079739954
v 0.0053614646 0.0077913488 0.0080143226
v 0.0052525119 0.0076507991 0.0080457427
v 0.0051821258 0.0076592966 0.0080635933
v 0.0051618859 0.0078121045 0.0081425834
v 0.0050988847 0.0076428776 0.008144474
v 0.0050295477 0.0076273054 0.0081616504
v 0.0049902576 0.0075959209 0.0082142841
v 0.0049262491 0.0075633774 0.008228036
v 0.0049566103 0.0066851756 0.0082359076
v 0.0049683715 0.0065075321 0.0082669485
v 0.0050613547 0.0066270778 0.0081685925
v 0.0051248644 0.0066411771 0.0080931321
v 0.00517518 0.0066031812 0.0080954418
v 0.0052360261 0.0067313051 0.0079842363
v 0.0053075489 0.0067359822 0.0079701491
v 0.0049286277 0.00672632 0.0081589561
v 0.0049628455 0.006656655 0.0081772994
v 0.0050029845 0.0066248508 0.008124161
v 0.0050285857 0.0064574113 0.0081574706
v 0.0050789772 0.0066006499 0.0080753233
v 0.0051573499 0.0065925018 0.0080249555
v 0.0052309486 0.006436366 0.0080274198
v 0.0053219211 0.0067439411 0.0079103582
v 0.0055849256 0.007658964 0.0078040007
v 0.005382993 0.0075936295 0.007879944
v 0.0054271629 0.0077591373 0.0079013206
v 0.0052749447 0.0075896224 0.007952874
v 0.0052356988 0.0076573517 0.0079746045
v 0.0052309486 0.0078216339 0.0080274198
v 0.0051179889 0.0076634558 0.0080502512
v 0.005072871 0.0076489465 0.0081065906
v 0.0049665847 0.0076152286 0.0081475539
v 0.0048875173 0.0077311299 0.0082481293
v 0.0049409757 0.0066413082 0.0081089422
v 0.0050151253 0.0066092288 0.0080612883
v 0.0050928348 0.0065929425 0.0080113471
v 0.0051808062 0.0066975023 0.0079563962
v 0.0052871157 0.0066233446 0.0078864902
v 0.0053628392 0.0067557794 0.0078261368
v 0.0055561981 0.0076824254 0.0077515015
v 0.0054850669 0.0077021482 0.007792611
v 0.0053236044 0.0076166855 0.0078630414
v 0.0053487702 0.0077864885 0.0078802038
v 0.0051717476 0.0076650601 0.0079606337
v 0.0051322931 0.0076671038 0.007985989
v 0.0050536857 0.0076589311 0.0080365077
v 0.0050229097 0.0075440771 0.0080578703
v 0.0049059524 0.0075950131 0.0081314504
v 0.004809839 0.0077021482 0.0082265543
v 0.0048441964 0.0067013699 0.008144461
v 0.0048208765 0.006523738 0.0081477793
v 0.0049533087 0.0066261784 0.008046037
v 0.0050127546 0.0064407216 0.0080244666
v 0.0051072694 0.0065939013 0.0079470932
v 0.0052670233 0.0064539179 0.0078610577
v 0.0052975144 0.0066440272 0.0078248302
v 0.0053335091 0.0067107474 0.007806308
v 0.0055199128 0.0076200737 0.0076929865
v 0.0053961209 0.0075566318 0.0077897603
v 0.0054088251 0.0077342619 0.0077699268
v 0.005261264 0.007631826 0.0078481253
v 0.005217165 0.0076512337 0.0079039833
v 0.0050636076 0.0078252368 0.0079917846
v 0.0049170565 0.007613976 0.0080693349
v 0.0048996864 0.0074761519 0.0080999698
v 0.004854908 0.0066810929 0.0080819599
v 0.0048360534 0.0065010009 0.0080666909
v 0.0049982544 0.0066105515 0.0079898372
v 0.0050316018 0.0064387164 0.0079410192
v 0.005121242 0.0066034846 0.0078838248
v 0.0051916295 0.0066105922 0.0078655625
v 0.0052817774 0.0064778678 0.0077802403
v 0.0053044583 0.0066721338 0.0077660772
v 0.0053348166 0.0075769069 0.0077735408
v 0.0053287598 0.0077569991 0.0077500468
v 0.0051914707 0.0076474469 0.0078656649
v 0.0051332114 0.0078192836 0.0078757185
v 0.0050752957 0.0076595065 0.0079403253
v 0.0049811832 0.0078113933 0.0079734208
v 0.0049604548 0.0076354087 0.0080141298
v 0.0048607325 0.0075858637 0.008051244
v 0.0047213759 0.0065705011 0.00806993
v 0.0048667442 0.0066643386 0.0080198845
v 0.0049377119 0.0066294231 0.0079742767
v 0.005012702 0.0066096872 0.0079260835
v 0.0050503605 0.0064471987 0.0078585049
v 0.0051337413 0.0066213728 0.0078227859
v 0.0052027095 0.0066295148 0.0078039727
v 0.0052927609 0.0065110783 0.0077027231
v 0.0053071671 0.0067067378 0.0077113303
v 0.0052734341 0.0075936596 0.0077585218
v 0.0052024669 0.007628579 0.0078041278
v 0.0051274763 0.0076483129 0.0078523219
v 0.0050503605 0.0078108013 0.0078585049
v 0.0050124491 0.0076482744 0.0079262447
v 0.0049019104 0.0077875694 0.0079539077
v 0.0049013516 0.0076128455 0.0079976436
v 0.0047984289 0.007544695 0.008059461
v 0.0047629748 0.0067448955 0.0080079561
v 0.0046977734 0.0065837548 0.0080160391
v 0.0047389732 0.0065525548 0.0079895616
v 0.00488051 0.0066547735 0.0079571385
v 0.004952295 0.0066279092 0.0079110064
v 0.0050269125 0.006616267 0.0078630526
v 0.0050677548 0.0064659115 0.0077782659
v 0.0051638784 0.006486059 0.0077164908
v 0.0052109526 0.0066549302 0.0077447765
v 0.0052989295 0.0065525548 0.007629699
v 0.0053063987 0.0075277055 0.0076884827
v 0.0052989295 0.0077054452 0.007629699
v 0.0052106397 0.0076032265 0.0077449767
v 0.0051388561 0.0076300941 0.0077911093
v 0.0050642381 0.0076417349 0.0078390645
v 0.004970148 0.0077920887 0.0078409942
v 0.0049519644 0.0076300036 0.0079112196
v 0.0048274349 0.0077544796 0.0079327108
v 0.0048460683 0.0075841329 0.0079792742
v 0.0046977734 0.0076742453 0.0080160391
v 0.0054411197 0.0071510287 0.0075437132
v 0.0054315182 0.007237327 0.0075498893
v 0.0054094645 0.0073203364 0.0075640608
v 0.0053756216 0.007397534 0.0075858076
v 0.0053310117 0.0074665695 0.0076144774
v 0.0053369238 0.0076227166 0.0075381337
v 0.0052469622 0.0075503201 0.0076684928
v 0.0052175501 0.0077131165 0.00761485
v 0.0051475416 0.0076053558 0.007732388
v 0.005076038 0.007624157 0.0077783395
v 0.0050028742 0.0076279113 0.0078253591
v 0.004894261 0.0077637097 0.0078226155
v 0.0048948762 0.0076052106 0.007894765
v 0.0047592723 0.0077131165 0.0079093682
v 0.0047955017 0.007550055 0.0079586295
v 0.0047284921 0.0074673816 0.0079833543
v 0.0046669699 0.0073971186 0.0080412323
v 0.0046348509 0.0072927177 0.0080435336
v 0.0046111995 0.0072368502 0.0080770733
v 0.0046512068 0.0070318318 0.008049237
v 0.004664446 0.0068898342 0.0080245132
v 0.0046882324 0.0068247943 0.0080275698
v 0.0047958505 0.0067076817 0.007958406
v 0.0047592723 0.0065448835 0.0079093682
v 0.0048952701 0.0066526424 0.0078945126
v 0.0049667743 0.0066338448 0.0078485602
v 0.0050399371 0.0066300892 0.0078015401
v 0.0051125379 0.0066414931 0.0077548822
v 0.0051738506 0.0065233669 0.007642934
v 0.005215578 0.0066861444 0.0076886633
v 0.0052773228 0.0067329494 0.0076489811
v 0.0053312888 0.006791795 0.0076143014
v 0.0053616145 0.0068897019 0.007576473
v 0.0054096237 0.0069381163 0.0075639574
v 0.00540945 0.0070458382 0.0075457272
v 0.0053999631 0.0071922429 0.0075179459
v 0.0053846121 0.0072743242 0.0075278118
v 0.005357506 0.0073519922 0.0075452294
v 0.0053194601 0.0074228784 0.0075696855
v 0.0052716427 0.0074848431 0.0076004126
v 0.0052574549 0.0076357251 0.007524467
v 0.0051848276 0.0075570089 0.0076562072
v 0.0051369539 0.0077102911 0.0076019088
v 0.0050852585 0.0076000111 0.0077201961
v 0.0050151215 0.0076109365 0.0077652711
v 0.0049444523 0.0076072251 0.0078106843
v 0.0048242786 0.0077265189 0.0078028523
v 0.0048421414 0.0075745593 0.0078764375
v 0.004698769 0.0076647207 0.0078835137
v 0.0047504276 0.0075115317 0.0079353781
v 0.0046755604 0.0074224364 0.0079834903
v 0.0046375904 0.0073514916 0.0080078946
v 0.0046233677 0.0072465832 0.008005151
v 0.0045952897 0.0071916855 0.0080350799
v 0.0044385705 0.0071289999 0.0080507327
v 0.004595347 0.007065757 0.0080350408
v 0.004622827 0.0069441394 0.008017382
v 0.0047932195 0.006923885 0.0079534197
v 0.0048092364 0.0068756364 0.0079516958
v 0.0048494849 0.0068355125 0.0079258302
v 0.0048949847 0.006804308 0.0078965904
v 0.0048914354 0.0067198934 0.0078500969
v 0.0049100521 0.0066579849 0.007832792
v 0.0049801914 0.0066470626 0.0077877188
v 0.0050508596 0.0066507809 0.0077423043
v 0.0051199107 0.0066690257 0.0076979263
v 0.0051788969 0.0065683607 0.0075749535
v 0.0052158965 0.0067223083 0.0076362373
v 0.005271991 0.0067735369 0.0076001891
v 0.0053197516 0.0068355609 0.0075694913
v 0.0053383519 0.0069370611 0.0075456606
v 0.0053847574 0.0069842097 0.0075277145
v 0.0053727047 0.007089347 0.0075235841
v 0.0054793644 0.0071289999 0.0073818545
v 0.0054236983 0.0071802564 0.0073557821
v 0.0053539898 0.0072293517 0.0074963219
v 0.0053335635 0.0073061841 0.007509448
v 0.0053022227 0.0073776323 0.0075295907
v 0.0052609208 0.0074415248 0.0075561352
v 0.0052109144 0.0074959284 0.0075882677
v 0.0051383621 0.0074882199 0.0076491976
v 0.0051229626 0.0075561966 0.0076447906
v 0.0050588872 0.0076970623 0.0075902319
v 0.0050248851 0.007587353 0.0077078211
v 0.0049571611 0.0075908139 0.0077513451
v 0.0048899597 0.007580244 0.0077945328
v 0.0047616267 0.0076816346 0.0077812694
v 0.0047945867 0.0075388937 0.0078558264
v 0.0046470657 0.0076107444 0.0078548942
v 0.0047114638 0.007469613 0.0079092443
v 0.0045518435 0.0075070243 0.0079160895
v 0.0046462554 0.0073771205 0.0079511482
v 0.0046150077 0.0073056162 0.0079712387
v 0.0046202077 0.0072030416 0.0079648964
v 0.0045858531 0.0071488576 0.0079899685
v 0.0044379786 0.0070777436 0.0079892663
v 0.0045947742 0.007028648 0.007984239
v 0.0044659327 0.0069278575 0.0079713011
v 0.0046295619 0.0069152791 0.0079618845
v 0.0049238771 0.0066706446 0.0077727338
v 0.0049916028 0.0066671878 0.0077292122
v 0.0050588038 0.0066777592 0.0076860254
v 0.0051234395 0.0067020355 0.0076444823
v 0.0051782096 0.0066196892 0.0075135477
v 0.0052113233 0.0067624488 0.0075880083
v 0.0052612706 0.006816924 0.0075559066
v 0.0053025007 0.0068808835 0.0075294095
v 0.0053096532 0.0069832582 0.0075218169
v 0.0053541011 0.0070292473 0.0074962512
v 0.0053093152 0.0071403166 0.0075427726
v 0.0053038571 0.0072613543 0.0074784894
v 0.0052791696 0.0073320491 0.0074943592
v 0.0052445319 0.0073965766 0.0075166178
v 0.005200994 0.0074529734 0.0075445975
v 0.005062449 0.0075478911 0.0076336413
v 0.0049850515 0.0076738356 0.0075791859
v 0.0049674653 0.0075677164 0.0076946815
v 0.0049031384 0.0075643177 0.0077360257
v 0.0048402797 0.0075477006 0.0077764181
v 0.0047075397 0.0076304063 0.0077575319
v 0.0047529053 0.0074991814 0.0078325676
v 0.0046050695 0.0075528069 0.0078233857
v 0.0046790771 0.0074254306 0.0078800147
v 0.0045229865 0.0074463258 0.0078761367
v 0.0046238161 0.0073314818 0.0079155242
v 0.0045992259 0.0072607399 0.0079313343
v 0.0044405882 0.0071772181 0.0079290917
v 0.0045825776 0.007109525 0.0079420371
v 0.0045993903 0.006996648 0.00793123
v 0.0044824232 0.0068951904 0.0079022054
v 0.004640206 0.0068927888 0.0079049965
v 0.0047269484 0.0067804231 0.0078492485
v 0.0047812846 0.0067393455 0.0078143314
v 0.0048407956 0.0067101071 0.0077760875
v 0.0048234144 0.0065841643 0.0076830638
v 0.0049357775 0.0066902813 0.007715044
v 0.0050001077 0.0066936778 0.0076737035
v 0.005062964 0.0067103015 0.0076333093
v 0.0051224369 0.006739647 0.0075950906
v 0.0051711842 0.0066758118 0.0074595654
v 0.0052013926 0.0068054612 0.0075443419
v 0.0052448607 0.0068619336 0.0075164078
v 0.0052794197 0.0069265199 0.0074941967
v 0.00535379 0.0069858107 0.0073422118
v 0.0053179075 0.0070720016 0.0074694659
v -0.0079999936 0.0053289999 3.6932258e-15
v -0.0079999936 0.008929 3.6932258e-15
v -0.0079695506 0.0053289999 0.00069724596
v -0.0079695506 0.008929 0.00069724596
v -0.0078784551 0.0053289999 0.0013891855
v -0.0078784551 0.008929 0.0013891855
v -0.0077273997 0.0053289999 0.0020705523
v -0.0077273997 0.008929 0.0020705523
v -0.0075175341 0.0053289999 0.0027361611
v -0.0075175341 0.008929 0.0027361611
v -0.0072504554 0.0053289999 0.003380946
v -0.0072504554 0.008929 0.003380946
v -0.0069281964 0.0053289999 0.0040000001
v -0.0069281964 0.008929 0.0040000001
v -0.0065532096 0.0053289999 0.0045886113
v -0.0065532096 0.008929 0.0045886113
v -0.0061283486 0.0053289999 0.0051423008
v -0.0061283486 0.008929 0.0051423008
v -0.0056568475 0.0053289999 0.0056568542
v -0.0056568475 0.008929 0.0056568542
v -0.0051422941 0.0053289999 0.0061283553
v -0.0051422941 0.008929 0.0061283553
v -0.0045886047 0.0053289999 0.0065532163
v -0.0045886047 0.008929 0.0065532163
v -0.0039999934 0.0053289999 0.0069282031
v -0.0039999934 0.008929 0.0069282031
v -0.0033809396 0.0053289999 0.0072504621
v -0.0033809396 0.008929 0.0072504621
v -0.0027361547 0.0053289999 0.0075175407
v -0.0027361547 0.008929 0.0075175407
v -0.0020705459 0.0053289999 0.0077274064
v -0.0020705459 0.008929 0.0077274064
v -0.0013891789 0.0053289999 0.0078784622
v -0.0013891789 0.008929 0.0078784622
v -0.00069723942 0.0053289999 0.0079695577
v -0.00069723942 0.008929 0.0079695577
v 6.5330065e-09 0.0053289999 0.0080000008
v 6.5330065e-09 0.008929 0.0080000008
v 0.00069725245 0.0053289999 0.0079695577
v 0.00069725245 0.008929 0.0079695577
v 0.0013891919 0.0053289999 0.0078784622
v 0.0013891919 0.008929 0.0078784622
v 0.002070559 0.0053289999 0.0077274064
v 0.002070559 0.008929 0.0077274064
v 0.0027361677 0.0053289999 0.0075175407
v 0.0027361677 0.008929 0.0075175407
v 0.0033809526 0.0053289999 0.0072504621
v 0.0033809526 0.008929 0.0072504621
v 0.0040000069 0.0053289999 0.0069282031
v 0.0040000069 0.008929 0.0069282031
v 0.0045886182 0.0053289999 0.0065532163
v 0.0045886182 0.008929 0.0065532163
v 0.0051423076 0.0053289999 0.0061283553
v 0.0051423076 0.008929 0.0061283553
v 0.005656861 0.0053289999 0.0056568542
v 0.005656861 0.008929 0.0056568542
v 0.0061283621 0.0053289999 0.0051423008
v 0.0061283621 0.008929 0.0051423008
v 0.0065532231 0.0053289999 0.0045886113
v 0.0065532231 0.008929 0.0045886113
v 0.0069282099 0.0053289999 0.0040000001
v 0.0069282099 0.008929 0.0040000001
v 0.0072504689 0.0053289999 0.003380946
v 0.0072504689 0.008929 0.003380946
v 0.0075175476 0.0053289999 0.0027361611
v 0.0075175476 0.008929 0.0027361611
v 0.0077274132 0.0053289999 0.0020705523
v 0.0077274132 0.008929 0.0020705523
v 0.0078784686 0.0053289999 0.0013891855
v 0.0078784686 0.008929 0.0013891855
v 0.0079695641 0.0053289999 0.00069724596
v 0.0079695641 0.008929 0.00069724596
v 0.0080000071 0.0053289999 3.6932258e-15
v 0.0080000071 0.008929 3.6932258e-15
v 0.0079695641 0.0053289999 -0.00069724592
v 0.0079695641 0.008929 -0.00069724592
v 0.0078784686 0.0053289999 -0.0013891854
v 0.0078784686 0.008929 -0.0013891854
v 0.0077274132 0.0053289999 -0.0020705525
v 0.0077274132 0.008929 -0.0020705525
v 0.0075175476 0.0053289999 -0.0027361613
v 0.0075175476 0.008929 -0.0027361613
v 0.0072504689 0.0053289999 -0.0033809462
v 0.0072504689 0.008929 -0.0033809462
v 0.0069282099 0.0053289999 -0.0040000003
v 0.0069282099 0.008929 -0.0040000003
v 0.0065532231 0.0053289999 -0.0045886115
v 0.0065532231 0.008929 -0.0045886115
v 0.0061283621 0.0053289999 -0.0051423009
v 0.0061283621 0.008929 -0.0051423009
v 0.005656861 0.0053289999 -0.0056568543
v 0.005656861 0.008929 -0.0056568543
v 0.0051423076 0.0053289999 -0.0061283555
v 0.0051423076 0.008929 -0.0061283555
v 0.0045886182 0.0053289999 -0.0065532165
v 0.0045886182 0.008929 -0.0065532165
v 0.0040000069 0.0053289999 -0.0069282033
v 0.0040000069 0.008929 -0.0069282033
v 0.0033809526 0.0053289999 -0.0072504623
v 0.0033809526 0.008929 -0.0072504623
v 0.0027361677 0.0053289999 -0.0075175409
v 0.0027361677 0.008929 -0.0075175409
v 0.002070559 0.0053289999 -0.0077274065
v 0.002070559 0.008929 -0.0077274065
v 0.0013891919 0.0053289999 -0.0078784615
v 0.0013891919 0.008929 -0.0078784615
v 0.00069725245 0.0053289999 -0.0079695569
v 0.00069725245 0.008929 -0.0079695569
v 6.5330065e-09 0.0053289999 -0.008
v 6.5330065e-09 0.008929 -0.008
v -0.00069723942 0.0053289999 -0.0079695569
v -0.00069723942 0.008929 -0.0079695569
v -0.0013891789 0.0053289999 -0.0078784615
v -0.0013891789 0.008929 -0.0078784615
v -0.0020705459 0.0053289999 -0.0077274065
v -0.0020705459 0.008929 -0.0077274065
v -0.0027361547 0.0053289999 -0.0075175409
v -0.0027361547 0.008929 -0.0075175409
v -0.0033809396 0.0053289999 -0.0072504623
v -0.0033809396 0.008929 -0.0072504623
v -0.0039999934 0.0053289999 -0.0069282033
v -0.0039999934 0.008929 -0.0069282033
v -0.0045886047 0.0053289999 -0.0065532165
v -0.0045886047 0.008929 -0.0065532165
v -0.0051422941 0.0053289999 -0.0061283555
v -0.0051422941 0.008929 -0.0061283555
v -0.0056568475 0.0053289999 -0.0056568543
v -0.0056568475 0.008929 -0.0056568543
v -0.0061283486 0.0053289999 -0.0051423009
v -0.0061283486 0.008929 -0.0051423009
v -0.0065532096 0.0053289999 -0.0045886115
v -0.0065532096 0.008929 -0.0045886115
v -0.0069281964 0.0053289999 -0.0040000003
v -0.0069281964 0.008929 -0.0040000003
v -0.0072504554 0.0053289999 -0.0033809462
v -0.0072504554 0.008929 -0.0033809462
v -0.0075175341 0.0053289999 -0.0027361613
v -0.0075175341 0.008929 -0.0027361613
v -0.0077273997 0.0053289999 -0.0020705525
v -0.0077273997 0.008929 -0.0020705525
v -0.0078784551 0.0053289999 -0.0013891854
v -0.0078784551 0.008929 -0.0013891854
v -0.0079695506 0.0053289999 -0.00069724592
v -0.0079695506 0.008929 -0.00069724592
v 0.00049688952 0.0070561509 0.009987648
v 0.00049259048 0.007032289 0.0099878613
v 0.00036629929 0.007082047 0.0098271495
v 0.00015597118 0.006663442 0.0099987773
v 0.00010148537 0.0066515551 0.0099963503
v 7.97152e-05 0.0067586998 0.0098336818
v -0.00050184585 0.0071532113 0.0099873994
v -0.00050000369 0.0071773905 0.0099874925
v -0.00039095464 0.0071474436 0.0098473163
v -0.00015590326 0.0075945741 0.0099987783
v -0.00010159054 0.0076064173 0.0099963475
v -7.9703396e-05 0.0074992934 0.0098337153
v -1.1878812e-05 0.0076185934 0.0089999851
v -4.7361306e-05 0.0076164747 0.0089998761
v -1.8067955e-05 0.0075120157 0.0091414465
v 1.1816357e-05 0.0066394029 0.0089999851
v 4.7203631e-05 0.0066415077 0.008999877
v 1.8066812e-05 0.0067460012 0.0091414269
v 0.00036360937 0.0070471278 0.0091538554
v 0.00046969903 0.0070463304 0.0089877354
v 0.00051232282 0.0070841781 0.0090251075
v 0.00047468891 0.0070844575 0.0089874737
v 0.00045936036 0.0069985577 0.00898827
v 0.00044949224 0.0069658892 0.0089887692
v 0.00034587719 0.006982162 0.0091501152
v 0.00043710344 0.0069338133 0.0089893792
v 0.00044538022 0.0068718634 0.0090251075
v 0.00041033982 0.0068796406 0.0089906411
v 0.00042161773 0.0069003833 0.0089901196
v 0.00039040818 0.0068480464 0.0089915268
v 0.00042127451 0.0068340249 0.0090251075
v 0.00027836638 0.006873103 0.0091466311
v 0.00037050765 0.0068207123 0.0089923706
v 0.00021808523 0.0068426308 0.0091645284
v 0.00028463758 0.0067361832 0.0089961629
v 0.00032248086 0.0067681706 0.0089942211
v 0.00034787319 0.0067941976 0.0089932721
v 0.00022702617 0.0066981983 0.0089971371
v 0.00024543312 0.0067089988 0.0089966528
v 0.00025714317 0.0066836263 0.0090251075
v 0.00020799089 0.006687841 0.0090302987
v 0.00011351474 0.0067985012 0.0092075136
v 0.00017467751 0.006673291 0.0089982994
v 7.5858892e-05 0.0067810161 0.0091674024
v 0.00012887741 0.0066574911 0.0089990705
v 8.0178315e-05 0.0066461885 0.0089996377
v -3.5495172e-05 0.0066406141 0.0089999227
v -4.7158172e-05 0.0067804655 0.0091713969
v -8.0398272e-05 0.0066462281 0.0089996358
v -0.00012259966 0.00665516 0.0090311658
v -0.00012286326 0.006805366 0.0092086814
v -0.00016360254 0.0066688025 0.0089988051
v -0.00020622582 0.0066872995 0.0089976372
v -0.00017119231 0.0068066503 0.0091586117
v -0.00023646293 0.0067037401 0.0089968894
v -0.00028193876 0.006728958 0.0090334084
v -0.0002675734 0.0067235293 0.0089960214
v -0.00033056192 0.0067350439 0.0090251075
v -0.00031537999 0.0067617594 0.0089944698
v -0.00033956146 0.0067851333 0.0089935925
v -0.00027410005 0.0068818427 0.0091555374
v -0.0003628131 0.0068114126 0.0089926817
v -0.00042126142 0.0068340249 0.0090251075
v -0.00039811313 0.0068595315 0.0089911906
v -0.00038489307 0.0068399493 0.0089917662
v -0.00041736933 0.0068925259 0.0089903161
v -0.00044536713 0.0068718634 0.0090251075
v -0.0004660833 0.0069116588 0.0090251075
v -0.00043211988 0.0069221692 0.0089896204
v -0.00045977129 0.0070002588 0.0089882486
v -0.00044947621 0.0069658813 0.0089887692
v -0.00035526647 0.0070163455 0.0091526093
v -0.00044141879 0.0069440825 0.0089891687
v -0.00046777295 0.0070348213 0.008987836
v -0.00050645374 0.0070396975 0.0090251075
v -0.00047073295 0.0070522168 0.0089876804
v -0.00038289576 0.0071126405 0.0091425221
v -0.0004744613 0.0070820079 0.0089874849
v -0.00051230978 0.0071738219 0.0090251075
v -0.00047440382 0.0071766019 0.0089874877
v -0.00047608363 0.0071530457 0.0089873992
v -0.00047665768 0.0071292141 0.0089873685
v -0.000476121 0.0071057492 0.0089873973
v -0.00047161497 0.0072000964 0.0089876348
v -0.00050645374 0.0072183026 0.0090251075
v -0.00046875226 0.0072176841 0.0089877848
v -0.00044934382 0.0072925045 0.0089887757
v -0.00045959759 0.0072583863 0.0089882569
v -0.00038201985 0.0072460102 0.0091253234
v -0.00044114501 0.0073146067 0.0089891817
v -0.0004660833 0.0073463413 0.0090251075
v -0.00043189799 0.0073363199 0.0089896306
v -0.00041727539 0.0073656508 0.0089903207
v -0.00044536713 0.0073861367 0.0090251075
v -0.00029585528 0.0073575908 0.0091523299
v -0.00039119282 0.0074087143 0.0089914914
v -0.00036250369 0.0074469562 0.0089926938
v -0.00033930934 0.0074731295 0.0089936018
v -0.00024844392 0.0074050933 0.0091533599
v -0.00031532193 0.0074962937 0.0089944717
v -0.00016919557 0.0073898485 0.0092325391
v -0.00028637648 0.0075206713 0.008995443
v -0.00024647132 0.007548298 0.0089971865
v -0.00020610007 0.0075707626 0.00899764
v -0.00013630226 0.0074661067 0.009159746
v -0.00017472774 0.0075846818 0.0089982985
v -0.00012535979 0.0076037377 0.0090340491
v -0.00014003251 0.007597293 0.0089989113
v -7.0188044e-05 0.0075071973 0.0091699962
v -8.0151733e-05 0.0076118157 0.0089996377
v 3.7507505e-05 0.0076167533 0.0090259885
v 8.930914e-05 0.0076354602 0.0090251075
v 8.0337789e-05 0.0076117862 0.0089996358
v 0.00011044326 0.0074753589 0.0091607574
v 0.00012862854 0.0076005814 0.0089990742
v 0.00017471409 0.0075846916 0.0089982985
v 0.00020619 0.0075707247 0.0089976381
v 0.00017108342 0.0074511338 0.0091587923
v 0.00023623441 0.0075544014 0.008996895
v 0.00027267652 0.0075285362 0.0090341628
v 0.00032252003 0.0074897924 0.0089942202
v 0.00030129761 0.0075081964 0.008994142
v 0.00033057501 0.0075229561 0.0090251075
v 0.00034729406 0.0074644108 0.0089932945
v 0.00027394324 0.0073760246 0.0091557087
v 0.0003697951 0.007438189 0.0089924004
v 0.00030868876 0.0073242712 0.009160289
v 0.00039116564 0.0074087755 0.0089914933
v 0.00041725344 0.007365716 0.0089903217
v 0.00044112996 0.0073146773 0.0089891836
v 0.00043299168 0.0073339058 0.0089895785
v 0.00046609639 0.0073463413 0.0090251075
v 0.00044934131 0.0072925497 0.0089887766
v 0.00048326532 0.0073048918 0.0090251075
v 0.00045923129 0.0072599114 0.0089882765
v 0.00035883844 0.0072107632 0.0091580119
v 0.00047161215 0.0072002079 0.0089876357
v 0.00046768642 0.0072237002 0.0089878406
v 0.00047441767 0.0071765937 0.0089874877
v 0.00051232282 0.0071738219 0.0090251075
v 0.00047495434 0.0071705527 0.0089874597
v 0.00047610557 0.0071051399 0.0089873992
v 0.00051427976 0.0071289999 0.0090251075
v 0.00047667086 0.0071289999 0.0089873685
v 0.00047610566 0.0071528581 0.0089873992
v 0.00050021242 0.0071753553 0.0099874822
v 0.00052451878 0.007174889 0.0099612823
v 0.0004968362 0.0072021939 0.0099876508
v 0.00051852339 0.0072204285 0.0099612823
v 0.00049345917 0.007221258 0.0099878184
v 0.00035436259 0.0072419909 0.0098293362
v 0.00048348718 0.0072618782 0.0099883046
v 0.00046732914 0.0073086985 0.0099890739
v 0.0004473681 0.0073517832 0.0099899866
v 0.00036509146 0.00729551 0.0098236449
v 0.0004559826 0.0073922579 0.0099612823
v 0.00043083026 0.0073811525 0.0099907158
v 0.00043130305 0.0074309971 0.0099612823
v 0.00041030309 0.0074116746 0.0099915782
v 0.00037459272 0.0074463831 0.0099451583
v 0.00038614971 0.0074425219 0.0099925421
v 0.00037230944 0.0075013029 0.0099612823
v 0.00034341658 0.0074864976 0.0099940993
v 0.00031713242 0.0075062542 0.0099482903
v 0.00030200361 0.0075602966 0.0099612823
v 0.00028820804 0.0075302104 0.0099958427
v 0.00017427157 0.0074661416 0.0098348049
v 0.00024506269 0.0075565517 0.009996992
v 0.000200261 0.0075782022 0.0099979894
v 0.00016728637 0.0075909683 0.0099986013
v 0.00011235555 0.0074962387 0.0098392939
v 0.00013382929 0.0076010974 0.0099990996
v 4.8542968e-05 0.0075066188 0.0098355183
v 9.6699417e-05 0.0076097471 0.0099995326
v 4.7369574e-05 0.0076165912 0.0099991759
v 6.5330065e-09 0.0076188979 0.01
v -2.0133907e-05 0.0075135511 0.0098400157
v -3.5131181e-05 0.0076175845 0.0099999331
v -7.2931909e-05 0.0076137122 0.0099997347
v -0.00018007247 0.007623763 0.0099612823
v -0.00020159272 0.0075776018 0.0099979624
v -0.0001726197 0.0074575468 0.0098273786
v -0.00024293365 0.0075577462 0.0099970451
v -0.00030199051 0.0075602966 0.0099612823
v -0.00027667234 0.0075379773 0.0099961724
v -0.00034422628 0.0074857223 0.0099940695
v -0.00031729794 0.0075089034 0.0099949654
v -0.00026162886 0.0074195752 0.0098461196
v -0.00029683218 0.007524315 0.0099955941
v -0.00037026318 0.0074602259 0.0099931428
v -0.00040332796 0.0074674379 0.0099612823
v -0.00038365639 0.0074453753 0.0099926371
v -0.00031425545 0.0073276907 0.009828783
v -0.00040894348 0.0074134454 0.0099916331
v -0.00043650085 0.0073714477 0.0099904671
v -0.00045326329 0.0073404681 0.0099897221
v -0.00034345404 0.0072678695 0.0098290019
v -0.00046749047 0.007308273 0.0099890655
v -0.0004844674 0.0072583259 0.0099513562
v -0.00048030971 0.007272892 0.0099884583
v -0.00051851035 0.0072204285 0.0099612823
v -0.00049523288 0.0072111608 0.009987729
v -0.00050245942 0.0071289459 0.0099873686
v -0.0005018359 0.0071045944 0.0099874003
v -0.00052450574 0.0070831111 0.0099612823
v -0.00050020358 0.0070826855 0.0099874822
v -0.00051851035 0.0070375715 0.0099612823
v -0.00049515168 0.0070463634 0.0099877337
v -0.0004789978 0.0069997237 0.0099467359
v -0.00048697705 0.00700829 0.009988136
v -0.00049475651 0.006948921 0.0099612823
v -0.00046744949 0.0069496297 0.0099890683
v -0.00045306602 0.0069171303 0.0099897314
v -0.00032857931 0.0069544694 0.009830262
v -0.00043630359 0.0068862083 0.0099904764
v -0.00032797791 0.0069033994 0.0098226661
v -0.0004089099 0.0068445053 0.0099916331
v -0.00040332796 0.0067905622 0.0099612823
v -0.00037694245 0.0068051818 0.0099928904
v -0.00035296713 0.0067802848 0.0099937687
v -0.00025170075 0.0068498264 0.0098329386
v -0.0003260785 0.0067564034 0.0099946786
v -0.00030199051 0.0066977035 0.0099612823
v -0.00027681139 0.006720112 0.0099961687
v -0.00029685989 0.0067337047 0.0099955931
v -0.00024299936 0.00670029 0.0099970432
v -0.00026325137 0.0066730239 0.0099612823
v -0.00014858684 0.0067692991 0.0098447375
v -0.00021264974 0.0066851153 0.0099977389
v -0.00010664999 0.0067405504 0.0098250316
v -0.00013252901 0.0066565891 0.0099991154
v -0.0001789236 0.0066713482 0.0099983936
v -8.21003e-05 0.0066457832 0.0099996584
v -9.142198e-05 0.0066104833 0.0099612823
v -2.4334235e-05 0.0066396767 0.0099999703
v -4.5727213e-05 0.0066411431 0.0099998958
v -4.5882344e-05 0.0066044876 0.0099612823
v 6.5330065e-09 0.0066391021 0.01
v 2.013971e-05 0.0067445867 0.0098399272
v 3.4927698e-05 0.0066404008 0.0099999331
v 7.2563509e-05 0.0066442335 0.0099997375
v 0.00018008554 0.0066342369 0.0099612823
v 0.00020133269 0.0066802801 0.0099979671
v 0.00017258413 0.0068005378 0.0098272771
v 0.00024273321 0.0067001405 0.0099970497
v 0.00030200361 0.0066977035 0.0099612823
v 0.00027668074 0.0067200196 0.0099961724
v 0.0003440151 0.0067720703 0.0099940769
v 0.00031729729 0.0067490857 0.0099949654
v 0.00026128485 0.006838824 0.0098457089
v 0.00029693823 0.0067337513 0.0099955913
v 0.00037005113 0.006797535 0.0099931512
v 0.00040334105 0.0067905622 0.0099612823
v 0.00038361145 0.0068125565 0.009992639
v 0.00031402032 0.0069304845 0.0098285632
v 0.00040900602 0.0068446231 0.0099916304
v 0.00044749156 0.0069064504 0.009989981
v 0.00043097677 0.0068770825 0.0099907093
v 0.00047719193 0.0069064848 0.0099612823
v 0.00046329025 0.006939289 0.0099892629
v 0.00049476954 0.006948921 0.0099612823
v 0.00047157271 0.0069598221 0.0099888755
v 0.00050858175 0.0069927276 0.0099612823
v 0.00048307472 0.00699455 0.0099883251
v 0.00050022005 0.007082719 0.0099874822
v 0.00050184264 0.0071535286 0.0099874003
v 0.00052652234 0.0071289999 0.0099612823
v 0.00050247245 0.0071289999 0.0099873686
v 0.00050184433 0.007104504 0.0099874003
v 0.00042785948 0.0066191048 0.0092833241
v 0.00047067168 0.0066583349 0.0092833241
v 0.00040811949 0.0068417528 0.0093152089
v 0.00060326402 0.0068476965 0.0092833241
v 0.00039858121 0.0070824145 0.0093424901
v 0.00043585108 0.0071772847 0.0093302004
v 0.00047827756 0.0072553496 0.0093176611
v 0.00035881062 0.0074844645 0.0093109956
v 0.00032176493 0.0075435628 0.0095620513
v 0.00068311172 0.007069236 0.0096406968
v 0.00043825968 0.0066067102 0.00934142
v -0.00068778132 0.007094242 0.0096254585
v -0.00068432675 0.0070667037 0.0096331568
v -0.00068718929 0.0071290788 0.009633046
v -0.00045281454 0.0076419851 0.0093383625
v -0.00026299007 0.0074747264 0.0093680056
v -0.00049083645 0.0075993151 0.0093406387
v -0.00035260854 0.0074507318 0.0093476403
v -0.00055132591 0.0075314391 0.0092971757
v -0.00058332802 0.0074655265 0.009293754
v -0.00056304515 0.0075109545 0.0093324142
v -0.00047773152 0.0072592046 0.0093175055
v -0.00065546669 0.0073032611 0.0093260495
v -0.00063141121 0.0073623317 0.0092935882
v -0.00066696719 0.0072445234 0.0092906741
v -0.00043183082 0.0071578809 0.0093332514
v -0.00067555625 0.0071834676 0.0093269855
v -0.0006730567 0.0071301401 0.0092941564
v -0.00049880601 0.0070864543 0.0093133118
v -0.00067557325 0.0070748672 0.0093269845
v -0.00066291844 0.0070101084 0.0093013965
v -0.00045663267 0.0069180083 0.0093121681
v -0.00061517587 0.0068413723 0.0093313282
v -0.00063190656 0.0068978098 0.0092929168
v -0.00058486057 0.0067943827 0.0092941424
v -0.00051882211 0.0067038011 0.0093004903
v -0.00047065859 0.0066583349 0.0092833241
v -0.00049227529 0.0066595214 0.0093384473
v -0.00047367564 0.0066290001 0.0093749998
v -0.00046301671 0.0066290001 0.0093399784
v -0.00043824659 0.0066067102 0.00934142
v 0.00044268858 0.0071869594 0.0098285399
v 0.00042589914 0.0072629499 0.0098285409
v 0.00037671899 0.0073686151 0.0098285409
v 0.00032938612 0.0074303894 0.0098285399
v 0.00027204692 0.0074830075 0.0098285409
v 0.00028213952 0.0076176686 0.0099142514
v 0.0001711534 0.007541354 0.0098285409
v 9.6948801e-05 0.0075648087 0.0098285409
v 4.9185548e-05 0.0076911187 0.0099142514
v -1.9150004e-05 0.0075750493 0.0098285409
v -9.7977218e-05 0.0076846934 0.0099142514
v -0.00013394337 0.0075548926 0.0098285409
v -0.00023846256 0.0076403986 0.0099142514
v -0.00023960871 0.0075057126 0.0098285409
v -0.00036269659 0.0075612528 0.0099142514
v -0.00032894433 0.0074308595 0.0098285409
v -0.00037636349 0.0073691513 0.0098285409
v -0.00038132881 0.0072867749 0.0097765563
v -0.00033437149 0.0072186937 0.009732542
v -0.00044259298 0.0071875902 0.0098285409
v -0.00044604324 0.0071098433 0.0098285409
v -0.00055568695 0.0070310162 0.0099142514
v -0.00042588628 0.0069950499 0.0098285409
v -0.0003961566 0.0069231292 0.0098285418
v -0.000332989 0.0068494658 0.0097911753
v -0.00030185393 0.0068000479 0.0098285427
v -0.00024014441 0.0067526306 0.0098285399
v -0.00017114087 0.006716645 0.0098285418
v -5.8583623e-05 0.0066863998 0.0098285409
v 1.9163078e-05 0.0066829504 0.0098285409
v 9.7990281e-05 0.0065733065 0.0099142514
v 0.00013395739 0.0067031047 0.0098285427
v 0.00023847562 0.0066176014 0.0099142514
v 0.0002396219 0.0067522871 0.0098285418
v 0.00036270969 0.0066967473 0.0099142514
v 0.00032895701 0.006827141 0.0098285409
v 0.00046222613 0.0068053504 0.0099142514
v 0.00039587478 0.0069225655 0.0098285409
v 0.00042570813 0.0069944431 0.0098285409
v 0.00040918309 0.007075298 0.0097765563
v 0.00034620522 0.0071289058 0.009732542
v 0.000457652 0.0072301504 0.0097861443
v 0.00043313493 0.007308083 0.0097861443
v 0.00051774061 0.0074279139 0.0098641453
v 0.00037202606 0.0074140825 0.0097861443
v 0.00031687019 0.0074743519 0.0097861443
v 0.00025208594 0.0075241271 0.0097861433
v 0.00025265952 0.007670816 0.0098641453
v 0.00014123044 0.0075759076 0.0097861443
v 6.1480377e-05 0.0075936422 0.0097861443
v 6.5330065e-09 0.0077268279 0.0098641453
v -6.0872315e-05 0.0075937193 0.0097861443
v -0.0001547227 0.0077064574 0.0098641453
v -0.00017907607 0.0075621274 0.0097861433
v -0.00029890737 0.0076467341 0.0098641453
v -0.00028507589 0.0075010194 0.0097861443
v -0.00042272159 0.0075517282 0.0098641453
v -0.00037164809 0.0074145588 0.0097861443
v -0.00041558783 0.0073456829 0.0097861443
v -0.00046822403 0.0071497437 0.0097861443
v -0.00046471271 0.007068121 0.0097861443
v -0.00057745085 0.0069742707 0.0098641453
v -0.000433121 0.0069499173 0.0097861433
v -0.00039544434 0.0068774257 0.0097861443
v -0.00032648401 0.0068023902 0.0097546693
v -0.00028555232 0.0067573452 0.0097861443
v -0.00021667696 0.0067134044 0.0097861443
v -0.0001412174 0.0066820927 0.0097861443
v -0.00010380519 0.0065402546 0.0098641453
v -2.0737085e-05 0.0066607696 0.0097861433
v 6.0885553e-05 0.0066642797 0.0097861443
v 0.00015473577 0.0065515427 0.0098641453
v 0.00017909001 0.0066958706 0.0097861452
v 0.00029892046 0.0066112658 0.0098641453
v 0.00028508861 0.006756981 0.0097861433
v 0.00042273468 0.0067062719 0.0098641453
v 0.00037166034 0.0068434417 0.0097861433
v 0.00051774061 0.0068300861 0.0098641453
v 0.00043290513 0.0069493629 0.0097861443
v 0.00045752188 0.0070272639 0.0097861443
v 0.0004837517 0.0071924128 0.0097428238
v 0.00046539042 0.0072754507 0.0097428238
v 0.00043288915 0.0073540388 0.0097428238
v 0.00051357591 0.0074886051 0.0098113375
v 0.00035989523 0.0074584096 0.0097428238
v 0.00029722691 0.0075158998 0.0097428247
v 0.0002255267 0.0075616331 0.0097428247
v 0.00021443689 0.0077181426 0.0098113375
v 0.00010586846 0.00760526 0.0097428238
v 2.1558536e-05 0.0076164072 0.0097428238
v -5.4635972e-05 0.0077535667 0.0098113375
v -0.00010532608 0.0076053773 0.0097428238
v -0.00021442383 0.0077181426 0.0098113375
v -0.00022503239 0.0075618828 0.0097428238
v -0.00035959861 0.0076425694 0.0098113375
v -0.00032940353 0.0074888893 0.0097428247
v -0.00048026687 0.0075319973 0.0098113375
v -0.00038386489 0.0073734043 0.0097021343
v -0.00054295024 0.0074424762 0.0098113375
v -0.00045063542 0.0073159555 0.0097428238
v -0.00060558302 0.0072912673 0.0098113375
v -0.00048366725 0.0071929503 0.0097428238
v -0.00048742516 0.0071079895 0.0097428247
v -0.00047637019 0.0070236676 0.0097428238
v -0.00042037704 0.0069547357 0.0097021343
v -0.00040358943 0.0069187599 0.0097021343
v -0.00054295024 0.0068155237 0.0098113375
v -0.00038722222 0.0068322105 0.0097428238
v -0.00031177246 0.00675732 0.0097153675
v -0.00026236236 0.0067176678 0.0097428247
v -0.00012912734 0.0067744636 0.0096679743
v -0.0001058553 0.0066527406 0.0097428238
v -5.4635972e-05 0.0065044333 0.0098113375
v 2.1016814e-05 0.0066415715 0.0097428229
v 0.00010533954 0.0066526212 0.0097428247
v 0.00021443689 0.0065398574 0.0098113375
v 0.00022504591 0.0066961163 0.0097428247
v 0.0003596117 0.0066154307 0.0098113375
v 0.00032941618 0.0067691113 0.0097428238
v 0.00048027996 0.0067260027 0.0098113375
v 0.00041133759 0.0068666319 0.0097428238
v 0.00056821841 0.0068640384 0.0098113375
v 0.00046522775 0.0069820321 0.0097428238
v 0.00048367999 0.0070650497 0.0097428238
v 0.00048513824 0.0071290746 0.0097153684
v 0.00064895116 0.0071857753 0.0097562181
v 0.00049204094 0.007237843 0.0096986456
v 0.0004351215 0.0073093409 0.0096622774
v 0.00059039675 0.0074043035 0.0097562181
v 0.00042514183 0.0073995649 0.0096986456
v 0.00049902592 0.007547727 0.0097562181
v 0.00034062762 0.0075003782 0.0096986447
v 0.00027096484 0.0075538861 0.0096986456
v 0.00019306707 0.0075944809 0.0096986456
v 0.00016860735 0.0077582268 0.0097562181
v 6.6013204e-05 0.0076285873 0.0096986447
v -2.1741991e-05 0.0076324603 0.0096986456
v -0.00011311197 0.0077705269 0.0097562181
v -0.00015130596 0.007609676 0.0096986456
v -0.00027529692 0.0077193902 0.0097562181
v -0.00027055782 0.0075541342 0.0096986447
v -0.00041872042 0.0076280194 0.0097562181
v -0.0003713723 0.0074696217 0.0096986456
v -0.00053360837 0.0075026412 0.0097562181
v -0.00045721926 0.0073421392 0.0096737131
v -0.00048053029 0.0072807568 0.0096986456
v -0.00064152043 0.0072421185 0.0097562181
v -0.0005034334 0.0071512136 0.0096986456
v -0.00046695789 0.0070674199 0.0096622774
v -0.00045981398 0.0070269558 0.0096622774
v -0.00036552333 0.0069960387 0.0096343052
v -0.00041319113 0.0068396003 0.0096737131
v -0.00037168467 0.0067887237 0.0096986447
v -0.00028929202 0.0067157304 0.0096737131
v -0.00016444347 0.0067765148 0.0096343052
v -6.6000075e-05 0.0066294136 0.0096986447
v 6.5330065e-09 0.0064775766 0.0097562181
v 6.5551938e-05 0.0066293493 0.0096986465
v 0.00015131957 0.0066483222 0.0096986465
v 0.00027531001 0.0065386098 0.0097562181
v 0.00027057068 0.0067038661 0.0096986447
v 0.00041873351 0.0066299807 0.0097562181
v 0.00037138641 0.0067883773 0.0096986456
v 0.0003973048 0.006876014 0.0096622774
v 0.00044688984 0.006896105 0.0096986456
v 0.00061214441 0.0069062001 0.0097562181
v 0.00049194082 0.0070197022 0.0096986456
v 0.00050255679 0.0070850948 0.0096737131
v 0.00051628949 0.0071513544 0.0096537326
v 0.0006608711 0.0072455283 0.0096991969
v 0.00049291219 0.0072842166 0.0096537326
v 0.00058116106 0.0074645297 0.0096991969
v 0.00041009963 0.0074434399 0.0096537326
v 0.00047451726 0.0076035107 0.0096991969
v 0.00031474224 0.0075388645 0.0096537326
v 0.00023878862 0.0075872915 0.0096537326
v 0.00015557978 0.0076217936 0.0096537326
v 0.00011653479 0.0077898645 0.0096991969
v 2.2734278e-05 0.0076452672 0.0096537326
v -6.7259777e-05 0.0076413703 0.0096537326
v -0.00013451639 0.0076308625 0.0096301617
v -0.00019757917 0.0076065025 0.0096537326
v -0.00033552319 0.0077101545 0.0096991969
v -0.00031443345 0.0075390931 0.0096537326
v -0.00047450417 0.0076035107 0.0096991969
v -0.00040985752 0.0074437354 0.0096537316
v -0.00058114802 0.0074645297 0.0096991969
v -0.00063058315 0.0073585159 0.0096991969
v -0.00050447125 0.0072410315 0.0096537326
v -0.00066849939 0.0071874867 0.0096991969
v -0.00051627716 0.0071066456 0.0096537326
v -0.00058114802 0.0067934702 0.0096991969
v -0.00051405485 0.0066976513 0.0096991969
v -0.00034925348 0.0067481262 0.0096537316
v -0.00018511883 0.0067731998 0.0095823346
v -0.00011202498 0.0066245218 0.0096537326
v -2.2721215e-05 0.0066127336 0.0096537326
v 5.8493218e-05 0.006460494 0.0096991969
v 0.00011167228 0.0066244447 0.0096537316
v 0.00019759152 0.0066514994 0.0096537316
v 0.00025983725 0.0066790552 0.0096301617
v 0.00031444552 0.0067189083 0.0096537316
v 0.00047451726 0.0066544892 0.0096991969
v 0.00040987119 0.0068142643 0.0096537326
v 0.00047736539 0.0069310692 0.0096537326
v 0.00064820022 0.0069553171 0.0096991969
v 0.0006608711 0.0070124717 0.0096991969
v 0.00028291304 0.007572823 0.0096082263
v 0.00015585219 0.0075053699 0.0095475711
v 0.00023453473 0.0077733609 0.0096406968
v 0.00011405539 0.0076428174 0.0096082263
v 4.6193878e-05 0.0076572854 0.00958519
v -2.2816434e-05 0.0076548267 0.0096082263
v -9.2110126e-05 0.0076512385 0.00958519
v -0.00018139632 0.007627308 0.00958519
v -0.00024290222 0.0075959158 0.0096082263
v -0.00030418701 0.0075633784 0.00958519
v -0.00046444446 0.0076224133 0.0096369203
v -0.00053171721 0.0075630231 0.009636586
v -0.00056213897 0.0075229179 0.009637142
v -0.00059655012 0.0074758647 0.0096385762
v -0.00062454428 0.0074189331 0.009636315
v -0.00065035984 0.007360247 0.0096344244
v -0.00066903589 0.0073010962 0.0096322702
v -0.00067789189 0.0072410958 0.0096333366
v -0.00068776927 0.007187018 0.00963405
v -0.00067842473 0.0070071315 0.0096356025
v -0.00066393736 0.0069523441 0.00963386
v -0.00064974104 0.0068974475 0.0096342642
v -0.00062410481 0.0068381553 0.0096365739
v -0.00059529464 0.0067814401 0.0096380044
v -0.00055441068 0.0067187935 0.0096410582
v -0.00049011118 0.0066487748 0.0096382661
v -0.00045117445 0.0066130295 0.0096405478
v -0.00039330317 0.0065672955 0.0096406968
v -0.0001583908 0.0066270766 0.0096082263
v -9.2047749e-05 0.0066067533 0.00958519
v -5.9757431e-05 0.0064458948 0.0096406968
v 2.2829517e-05 0.0066031729 0.0096082263
v 9.2123065e-05 0.0066067629 0.00958519
v 0.0001581464 0.0066269954 0.0096082263
v 0.00022414843 0.0066484009 0.0095851891
v 0.00030419993 0.0066946217 0.00958519
v -0.0004791652 0.0065990355 0.0095845763
v -0.00030770482 0.0066895172 0.0095392907
v -0.00026823156 0.0066643684 0.0095392907
v -0.00018347384 0.0066248487 0.0095392907
v -0.00010754648 0.0066437527 0.0095364176
v -4.6737731e-05 0.0065945414 0.0095392907
v 6.5330065e-09 0.0064337201 0.0095811527
v 5.5961698e-05 0.0066502896 0.0095283626
v 0.00013887732 0.0066107841 0.0095392907
v 0.00019023077 0.006669819 0.0095364176
v 0.00026827026 0.0066643829 0.0095392907
v 0.00026824401 0.0075936302 0.0095392907
v 0.00013884899 0.0076472235 0.0095392907
v 0.00012074063 0.0078137171 0.0095811527
v -1.889969e-05 0.0075626807 0.0095318587
v -0.00017994517 0.0078005888 0.0095811527
v -0.00022674137 0.0076152278 0.0095392907
v -0.00034763344 0.0077311301 0.0095811527
v -0.00047997778 0.0076605662 0.0095822554
v -0.00048338139 0.0065755745 0.0095248813
v -0.00022740805 0.006641314 0.0094929639
v -0.00013926778 0.0066092316 0.0094929639
v 3.85949e-09 0.0065908929 0.0094929639
v 0.00018404712 0.0066233444 0.0094929639
v 0.00028037891 0.0067557801 0.0094831292
v 0.00026775471 0.0075492727 0.0094934808
v 0.00022742225 0.0076166884 0.0094929639
v 9.3450338e-05 0.0076589307 0.0094929639
v 6.0988075e-05 0.0078260222 0.009521007
v -0.00011585872 0.0076517297 0.0095161092
v -0.00018403426 0.0076346557 0.0094929639
v -0.0002690439 0.0075950144 0.0094929639
v -0.00040131613 0.0077021482 0.009521007
v -0.00048339449 0.0076832343 0.0095224068
v -0.00048633683 0.006634195 0.009466303
v -0.00044923523 0.0065936145 0.0094607048
v -0.00028736555 0.0066778447 0.0094698606
v -0.00018302757 0.0066261754 0.0094467126
v -9.2932127e-05 0.0066020324 0.0094467126
v -6.0906279e-05 0.0064327634 0.0094607048
v 4.6623847e-05 0.0065959316 0.0094467126
v 0.00011581833 0.0066067848 0.0094698606
v 0.00022613174 0.0066440258 0.0094467126
v 0.00034945461 0.0065237383 0.0094607048
v 0.00028229767 0.0075061914 0.0094625665
v 0.00016081816 0.0076391575 0.0094698606
v 4.6663377e-05 0.0076620628 0.0094467126
v -2.3364093e-05 0.0076633933 0.0094698606
v -9.2893383e-05 0.0076559754 0.0094467126
v -0.00018088111 0.0078040819 0.0094607048
v -0.00022611895 0.0076139744 0.0094467126
v -0.00030689899 0.0075673412 0.0094467126
v -0.00044923523 0.0076643855 0.0094607048
v -0.00048727638 0.0076240334 0.0094696613
v -0.00047505991 0.0065829659 0.0094008775
v -0.0003025957 0.0066969028 0.0094010424
v -0.00024510359 0.0066579393 0.0094237341
v -0.00013656022 0.0066194673 0.0094010424
v -2.3059771e-05 0.0065984853 0.0094237341
v 0.00011503326 0.0066105934 0.0094237341
v 0.00023699915 0.0064778681 0.0094006941
v 0.00026373364 0.0066721385 0.0094010424
v 0.00039744918 0.006561393 0.0094006941
v 0.00024511714 0.0076000617 0.0094237331
v 0.00023699915 0.0077801319 0.0094006941
v 0.00011484525 0.007647449 0.0094237341
v -2.3252275e-05 0.0076595063 0.0094237341
v -0.00015976443 0.0076354087 0.0094237341
v -0.00026372049 0.0075858616 0.0094010424
v -0.00047380867 0.0076606111 0.0093913725
v -0.00025776369 0.0066826333 0.0093564507
v -0.00020029405 0.0066450363 0.0093779111
v -6.8210104e-05 0.006609684 0.0093779111
v 2.3004417e-05 0.0066057296 0.0093779111
v 0.0001184 0.0064575573 0.00934142
v 0.00015765286 0.0066295132 0.0093779111
v 0.00028814803 0.0065110786 0.00934142
v 0.0002956161 0.006706735 0.0093564497
v 0.00028130333 0.0075708291 0.0093779111
v 0.00020030665 0.0076129626 0.0093779111
v 0.00017646957 0.0077875691 0.00934142
v 6.8222716e-05 0.0076483125 0.0093779111
v 6.5330065e-09 0.0078108009 0.00934142
v -6.8509975e-05 0.0076482756 0.0093779111
v -0.00017645651 0.0077875691 0.00934142
v -0.00020057365 0.0076128481 0.0093779111
v -0.00042784639 0.0066191048 0.0092833241
v -0.000381778 0.0065837552 0.0092833241
v -0.00028129705 0.0065257425 0.0092833241
v -0.00015412725 0.0066394802 0.0093325706
v -0.00011557734 0.0064734913 0.0092833241
v -2.2178038e-05 0.0066162698 0.0093325715
v 6.7193706e-05 0.0066202067 0.0093325715
v 0.00017228193 0.0064860595 0.0092833241
v 0.00019659052 0.0066549309 0.0093325706
v 0.00033281705 0.0065525552 0.0092833241
v 0.00027911173 0.0074811352 0.0093241086
v 0.00038179109 0.0076742448 0.0092833241
v 0.0002368024 0.007584317 0.0093325706
v 0.00015414037 0.0076185203 0.0093325706
v 0.00011559041 0.0077845087 0.0092833241
v 2.219123e-05 0.0076417334 0.0093325706
v -5.8006163e-05 0.0077920882 0.0092833241
v -0.00011126996 0.0076300048 0.0093325697
v -0.00022764926 0.0077544792 0.0092833241
v -0.00023714736 0.0075841319 0.0093325706
v 0.00046129382 0.007320337 0.0092878653
v 0.00055816048 0.0074512503 0.0092268357
v 0.00039605386 0.007433207 0.0092878653
v 0.00032225688 0.007687154 0.0092268357
v 0.00019089055 0.0075904758 0.0092878643
v 0.00010785596 0.0076166107 0.0092878653
v 5.6178467e-05 0.0077710482 0.0092268357
v -2.2021839e-05 0.0076279096 0.0092878653
v -0.00011190984 0.0077637093 0.0092268357
v -0.00015039872 0.0076052088 0.0092878643
v -0.0002723712 0.007713116 0.0092268357
v -0.00026852507 0.0075500538 0.0092878653
v -0.00033756127 0.0074970275 0.0092878643
v -0.00039633981 0.0074328181 0.0092878653
v -0.00055814744 0.0074512503 0.0092268357
v -0.00046146833 0.0073198837 0.0092878653
v -0.00061174488 0.0074165431 0.0093119372
v -0.00047117399 0.0072121611 0.009272437
v -0.00048749801 0.0070206715 0.0092878653
v -0.00064947643 0.0069496444 0.0093055902
v -0.00060562603 0.0069085677 0.0092268357
v -0.000421048 0.0068604677 0.0092878643
v -0.00055767462 0.0067466547 0.0093092997
v -0.00036802003 0.0067914332 0.0092878653
v -0.00030381157 0.0067326535 0.0092878653
v -0.00023037158 0.0066859162 0.0092878643
v -0.00022042568 0.0065233674 0.0092268357
v -0.00010784321 0.0066413885 0.0092878643
v -5.6165404e-05 0.0064869519 0.0092268357
v 2.2034773e-05 0.0066300927 0.0092878653
v 0.00010833488 0.0066414963 0.0092878653
v 0.00022043874 0.0065233674 0.0092268357
v 0.00023081954 0.0066861434 0.0092878643
v 0.00030421378 0.0067329522 0.0092878653
v 0.00036836543 0.0067917941 0.0092878653
v 0.00044308838 0.0068986228 0.0092878653
v 0.00047636174 0.006979063 0.0092878653
v 0.00044911762 0.0071484764 0.0092860771
v 0.00047090091 0.0072336825 0.0092439329
v 0.00058129715 0.0073405725 0.0091723748
v 0.00042776167 0.0073519919 0.0092439339
v 0.00050673116 0.0074838124 0.0091723748
v 0.0003554713 0.0074551045 0.0092439339
v 0.00039763277 0.0076028724 0.0091723748
v 0.00025895721 0.007535994 0.0092439339
v 0.00026143677 0.0076896389 0.0091723748
v 0.00014479551 0.0075891463 0.0092439339
v 6.2692472e-05 0.0076072994 0.0092439329
v 6.5330065e-09 0.0077475966 0.0091723748
v -6.3236318e-05 0.0076072252 0.0092439339
v -0.00016009805 0.0077265184 0.0091723748
v -0.00018485505 0.007574561 0.0092439339
v -0.00030929173 0.0076647204 0.0091723748
v -0.00029387645 0.0075115345 0.0092439329
v -0.00035583743 0.0074546899 0.0092439339
v -0.000406988 0.007387951 0.0092439329
v -0.00056063239 0.0073904302 0.0091723748
v -0.00046014073 0.0072737894 0.0092439339
v -0.00045224239 0.0071686535 0.0092339389
v -0.00048191141 0.0071076777 0.0092439339
v -0.00060919218 0.0070215819 0.0091723748
v -0.00045997207 0.0069836747 0.0092439339
v -0.00042774834 0.0069060082 0.0092439339
v -0.00038252695 0.0068351176 0.0092439339
v -0.00032568426 0.0067731553 0.0092439329
v -0.00025894412 0.0067220061 0.0092439339
v -0.00018433639 0.0066832226 0.0092439339
v -0.00016009805 0.0065314815 0.0091723748
v -6.2679452e-05 0.0066507008 0.0092439339
v 6.5330065e-09 0.0065104033 0.0091723748
v 6.3249577e-05 0.0066507727 0.0092439329
v 0.00014533207 0.0066690204 0.0092439329
v 0.00026143677 0.0065683612 0.0091723748
v 0.00025942991 0.0067223097 0.0092439348
v 0.00032611072 0.0067735357 0.0092439339
v 0.00038288318 0.0068355625 0.0092439329
v 0.00053572689 0.0068197016 0.0091723748
v 0.0004457843 0.0069446567 0.0092439329
v 0.00047102201 0.0070248662 0.0092439339
v 0.00048194898 0.0071082391 0.0092439339
v 0.00046181597 0.0071494699 0.0092008891
v 0.00057917298 0.0072311227 0.0091203464
v 0.00044078135 0.0072682974 0.00920089
v 0.00053300702 0.0073775422 0.0091203464
v 0.00038970925 0.0073776316 0.00920089
v 0.00045051807 0.0075070241 0.0091203464
v 0.00031208078 0.0074700232 0.0092008891
v 0.00033732742 0.0076107442 0.0091203464
v 0.00021318307 0.0075391724 0.00920089
v 0.00020114892 0.0076816341 0.0091203464
v 9.975887e-05 0.007580371 0.00920089
v 1.9863766e-05 0.0075908358 0.00920089
v -5.124985e-05 0.0077148632 0.0091203464
v -0.00010034481 0.0075802391 0.0092008891
v -0.00020113586 0.0076816341 0.0091203464
v -0.00021371467 0.0075388903 0.0092008891
v -0.00024644617 0.0074504644 0.0092129199
v -0.00031251964 0.0074696086 0.00920089
v -0.00036691706 0.0074101639 0.00920089
v -0.00030869822 0.0072728491 0.0092580583
v -0.00038626022 0.0072509688 0.009212919
v -0.0004513647 0.0072287525 0.00920089
v -0.00042586852 0.0071290909 0.0091983642
v -0.00045826059 0.0070683587 0.00920089
v -0.00056805543 0.0069767883 0.0091203464
v -0.00042694991 0.006951817 0.00920089
v -0.00038969543 0.0068803687 0.0092008909
v -0.00034060251 0.0068164732 0.0092008891
v -0.00028115764 0.006762076 0.00920089
v -0.00021317003 0.0067188277 0.00920089
v -0.00013870589 0.0066880401 0.00920089
v -0.00010211614 0.0065498334 0.0091203464
v -1.985069e-05 0.0066671643 0.00920089
v 5.1262914e-05 0.0065431368 0.0091203464
v 0.0001003582 0.006677759 0.0092008881
v 0.00017718924 0.0067020444 0.0092008909
v 0.00029405707 0.0066196896 0.0091203464
v 0.00028165834 0.0067624481 0.0092008891
v 0.00034102917 0.0068169263 0.00920089
v 0.00039004042 0.0068808846 0.0092008891
v 0.00053300702 0.0068804579 0.0091203464
v 0.00044096555 0.0069902878 0.00920089
v 0.00045835474 0.0070689666 0.0092008891
v 0.00043532779 0.0071866352 0.0091587886
v 0.00053439563 0.0072721891 0.0090711353
v 0.00040557756 0.0072973408 0.0091587886
v 0.00047912673 0.0074056202 0.0090711353
v 0.00034818856 0.0073965744 0.0091587886
v 0.00039120653 0.0075202 0.0090711353
v 0.00026707115 0.0074775731 0.0091587886
v 0.0002766267 0.0076081202 0.0090711353
v 0.0001677535 0.0075348162 0.0091587896
v 0.00014319566 0.0076633891 0.0090711353
v 5.7004648e-05 0.0075644046 0.0091587886
v -1.9468515e-05 0.0075676882 0.0091587886
v -0.00013234563 0.0075476993 0.0091587886
v -0.00023380293 0.0076304061 0.0090711353
v -0.00032396359 0.0074254282 0.0091587886
v -0.00037051577 0.0073646679 0.0091587886
v -0.00043539782 0.0071859981 0.0091587896
v -0.00055112853 0.0070807818 0.0090711353
v -0.00042863435 0.0070336437 0.0091587896
v -0.00051986933 0.0069397808 0.0090711353
v -0.00038935014 0.0069259516 0.0091587877
v -0.00034817594 0.0068614251 0.0091587877
v -0.00029642249 0.0068050291 0.0091587877
v -0.00023566137 0.0067584776 0.0091587886
v -9.4722857e-05 0.0067002188 0.0091587886
v -4.8211538e-05 0.0065778649 0.0090711353
v 1.9481709e-05 0.0066903097 0.0091587868
v 9.6075708e-05 0.0065841646 0.0090711353
v 0.00020305463 0.006739644 0.0091587886
v 0.00031733216 0.0066758121 0.0090711353
v 0.00029690799 0.0068054645 0.0091587896
v 0.00034857847 0.0068619362 0.0091587896
v 0.00038965934 0.0069265218 0.0091587886
v 0.00051988236 0.0069397808 0.0090711353
v 0.00042878798 0.0070342704 0.0091587877
v 0.00043872234 0.0071101667 0.0091587886
v -0.0086602473 0.0051289997 -0.005
v -0.0092664647 0.0051289997 -0.0053500003
v -0.0081915136 0.0051289997 -0.0057357644
v -0.0087649205 0.0051289997 -0.0061372678
v -0.0076604376 0.0051289997 -0.0064278763
v -0.0081966685 0.0051289997 -0.0068778276
v -0.0070710608 0.0051289997 -0.0070710677
v -0.007566036 0.0051289997 -0.0075660428
v -0.0064278694 0.0051289997 -0.0076604445
v -0.0068778207 0.0051289997 -0.0081966748
v -0.0057357575 0.0051289997 -0.00819152
v -0.0061372609 0.0051289997 -0.0087649269
v -0.0049999931 0.0051289997 -0.0086602537
v -0.0053499935 0.0051289997 -0.0092664711
v -0.0042261758 0.0051289997 -0.0090630777
v -0.0045220086 0.0051289997 -0.0096974928
v -0.0034201948 0.0051289997 -0.0093969261
v -0.003659609 0.0051289997 -0.010054711
v -0.0025881839 0.0051289997 -0.0096592583
v -0.0027693573 0.0051289997 -0.010335406
v -0.0017364753 0.0051289997 -0.0098480774
v -0.0018580289 0.0051289997 -0.010537442
v -0.00087155093 0.0051289997 -0.0099619465
v -0.00093255996 0.0051289997 -0.010659283
v 6.5330065e-09 0.0051289997 -0.0099999994
v 6.5330065e-09 0.0051289997 -0.0107
v 0.00087156397 0.0051289997 -0.0099619465
v 0.00093257299 0.0051289997 -0.010659283
v 0.0017364883 0.0051289997 -0.0098480774
v 0.001858042 0.0051289997 -0.010537442
v 0.0025881969 0.0051289997 -0.0096592583
v 0.0027693703 0.0051289997 -0.010335406
v 0.0034202079 0.0051289997 -0.0093969261
v 0.003659622 0.0051289997 -0.010054711
v 0.0042261893 0.0051289997 -0.0090630777
v 0.0045220221 0.0051289997 -0.0096974928
v 0.0050000066 0.0051289997 -0.0086602537
v 0.005350007 0.0051289997 -0.0092664711
v 0.005735771 0.0051289997 -0.00819152
v 0.0061372744 0.0051289997 -0.0087649269
v 0.0064278829 0.0051289997 -0.0076604445
v 0.0068778342 0.0051289997 -0.0081966748
v 0.0070710743 0.0051289997 -0.0070710677
v 0.0075660495 0.0051289997 -0.0075660428
v 0.0076604511 0.0051289997 -0.0064278763
v 0.008196682 0.0051289997 -0.0068778276
v 0.0081915271 0.0051289997 -0.0057357644
v 0.008764934 0.0051289997 -0.0061372678
v 0.0086602608 0.0051289997 -0.005
v 0.0092664782 0.0051289997 -0.0053500003
v 0.0090630848 0.0051289997 -0.0042261827
v 0.0096974999 0.0051289997 -0.0045220154
v 0.0093969332 0.0051289997 -0.0034202015
v 0.010054718 0.0051289997 -0.0036596156
v 0.0096592654 0.0051289997 -0.0025881905
v 0.010335413 0.0051289997 -0.0027693639
v 0.0098480845 0.0051289997 -0.0017364818
v 0.01053745 0.0051289997 -0.0018580354
v 0.0099619536 0.0051289997 -0.00087155743
v 0.01065929 0.0051289997 -0.00093256645
v 0.010000007 0.0051289997 3.6932258e-15
v 0.010700007 0.0051289997 3.6932258e-15
v 0.0099619536 0.0051289997 0.00087155747
v 0.01065929 0.0051289997 0.00093256649
v 0.0098480845 0.0051289997 0.0017364818
v 0.01053745 0.0051289997 0.0018580355
v 0.0096592654 0.0051289997 0.0025881903
v 0.010335413 0.0051289997 0.0027693637
v 0.0093969332 0.0051289997 0.0034202013
v 0.010054718 0.0051289997 0.0036596154
v 0.0090630848 0.0051289997 0.0042261825
v 0.0096974999 0.0051289997 0.0045220152
v 0.0086602608 0.0051289997 0.0049999998
v 0.0092664782 0.0051289997 0.0053500001
v 0.0081915271 0.0051289997 0.0057357642
v 0.008764934 0.0051289997 0.0061372676
v 0.0076604511 0.0051289997 0.0064278761
v 0.008196682 0.0051289997 0.0068778274
v 0.0070710743 0.0051289997 0.0070710675
v 0.0075660495 0.0051289997 0.0075660426
v 0.0064278829 0.0051289997 0.0076604443
v 0.0068778342 0.0051289997 0.0081966756
v 0.005735771 0.0051289997 0.0081915207
v 0.0061372744 0.0051289997 0.0087649276
v 0.0050000066 0.0051289997 0.0086602544
v 0.005350007 0.0051289997 0.0092664719
v 0.0042261893 0.0051289997 0.0090630785
v 0.0045220221 0.0051289997 0.0096974935
v 0.0034202079 0.0051289997 0.0093969269
v 0.003659622 0.0051289997 0.010054712
v 0.0025881969 0.0051289997 0.009659259
v 0.0027693703 0.0051289997 0.010335407
v 0.0017364883 0.0051289997 0.0098480782
v 0.001858042 0.0051289997 0.010537443
v 0.00087156397 0.0051289997 0.0099619472
v 0.00093257299 0.0051289997 0.010659283
v 6.5330065e-09 0.0051289997 0.01
v 6.5330065e-09 0.0051289997 0.010700001
v -0.00087155093 0.0051289997 0.0099619472
v -0.00093255996 0.0051289997 0.010659283
v -0.0017364753 0.0051289997 0.0098480782
v -0.0018580289 0.0051289997 0.010537443
v -0.0025881839 0.0051289997 0.009659259
v -0.0027693573 0.0051289997 0.010335407
v -0.0034201948 0.0051289997 0.0093969269
v -0.003659609 0.0051289997 0.010054712
v -0.0042261758 0.0051289997 0.0090630785
v -0.0045220086 0.0051289997 0.0096974935
v -0.0049999931 0.0051289997 0.0086602544
v -0.0053499935 0.0051289997 0.0092664719
v -0.0057357575 0.0051289997 0.0081915207
v -0.0061372609 0.0051289997 0.0087649276
v -0.0064278694 0.0051289997 0.0076604443
v -0.0068778207 0.0051289997 0.0081966756
v -0.0070710608 0.0051289997 0.0070710675
v -0.007566036 0.0051289997 0.0075660426
v -0.0076604376 0.0051289997 0.0064278761
v -0.0081966685 0.0051289997 0.0068778274
v -0.0081915136 0.0051289997 0.0057357642
v -0.0087649205 0.0051289997 0.0061372676
v -0.0086602473 0.0051289997 0.0049999998
v -0.0092664647 0.0051289997 0.0053500001
v -0.0090630713 0.0051289997 0.0042261825
v -0.0096974864 0.0051289997 0.0045220152
v -0.0093969198 0.0051289997 0.0034202013
v -0.010054705 0.0051289997 0.0036596154
v -0.0096592519 0.0051289997 0.0025881903
v -0.0103354 0.0051289997 0.0027693637
v -0.009848071 0.0051289997 0.0017364818
v -0.010537436 0.0051289997 0.0018580355
v -0.0099619401 0.0051289997 0.00087155747
v -0.010659276 0.0051289997 0.00093256649
v -0.009999993 0.0051289997 3.6932258e-15
v -0.010699994 0.0051289997 3.6932258e-15
v -0.0099619401 0.0051289997 -0.00087155743
v -0.010659276 0.0051289997 -0.00093256645
v -0.009848071 0.0051289997 -0.0017364818
v -0.010537436 0.0051289997 -0.0018580354
v -0.0096592519 0.0051289997 -0.0025881905
v -0.0103354 0.0051289997 -0.0027693639
v -0.0093969198 0.0051289997 -0.0034202015
v -0.010054705 0.0051289997 -0.0036596156
v -0.0090630713 0.0051289997 -0.0042261827
v -0.0096974864 0.0051289997 -0.0045220154
v -0.0081675982 0.0076166445 0.0037802417
v -0.0081530956 0.0076118511 0.0038114098
v 0.0068804065 0.0076028124 -0.00580173
v 0.0068590792 0.0076104756 -0.0058269311
v 0.0068336653 0.0076161587 -0.0058567027
v 0.0068266273 0.0076184849 -0.0059108493
v 0.0067781203 0.0076173397 -0.0059208978
v 0.0067707158 0.0076118293 -0.0059746118
v 0.0067229497 0.0076031198 -0.0059834687
v 0.0067174381 0.0075892822 -0.0060367087
v 0.0066696799 0.0075739497 -0.0060427921
v 0.0066432373 0.0075532521 -0.0060718605
v 0.0066271794 0.0075381838 -0.0060893824
v 0.0066139011 0.0075241699 -0.0061038016
v 0.0065966754 0.0075037165 -0.006122415
v 0.0065767772 0.0074760291 -0.0061437787
v 0.0065565079 0.0074430255 -0.006165411
v 0.0065401515 0.0074108554 -0.006182755
v 0.0065238073 0.0073728264 -0.0062000021
v 0.0065114892 0.0073372719 -0.0062129359
v 0.0064998216 0.0072958759 -0.0062251437
v 0.0064918448 0.0072580706 -0.0062334604
v 0.0064850433 0.0072137206 -0.006240537
v 0.0064822782 0.0071856533 -0.0062434092
v 0.0064809325 0.0071639829 -0.0062448057
v 0.006480058 0.0071289999 -0.0062457138
v 0.0064809325 0.0070940262 -0.0062448062
v 0.006482268 0.0070724768 -0.0062434195
v 0.0064850042 0.0070446107 -0.006240578
v 0.0064897866 0.0070112065 -0.0062356043
v 0.00649671 0.0069761296 -0.0062283893
v 0.0065081522 0.0069313348 -0.006216433
v 0.0065192294 0.0068978985 -0.0062048129
v 0.0065354363 0.0068571983 -0.0061877427
v 0.0065445022 0.0068378566 -0.0061781533
v 0.0065563468 0.0068152646 -0.0061655828
v 0.0065767358 0.0067820322 -0.0061438229
v 0.0065965138 0.006754489 -0.0061225892
v 0.0066202905 0.0067270842 -0.0060968637
v 0.0066430715 0.0067048935 -0.0060720417
v 0.0066678624 0.006686584 -0.0060479037
v 0.0067154143 0.0066698125 -0.0060402803
v 0.0067204896 0.0066561819 -0.0059889356
v 0.0067487371 0.0066461413 -0.0059543802
v 0.0067704797 0.0066415766 -0.0059296438
v 0.0067949358 0.0066394318 -0.0059015882
v 0.0068261058 0.0066406332 -0.0058655218
v 0.0068409729 0.0066430118 -0.0058481778
v 0.0068591817 0.0066475548 -0.0058268105
v 0.0068866175 0.0066581912 -0.0057965416
v 0.0069174378 0.0066748109 -0.0057575298
v 0.0069348838 0.0066871937 -0.0057365043
v 0.0069397574 0.0066910462 -0.0057306072
v 0.0069598008 0.0067088589 -0.0057062475
v 0.0069810452 0.006731571 -0.005680238
v 0.0070006924 0.006756764 -0.005656005
v 0.0070173887 0.0067820129 -0.0056352775
v 0.0070356831 0.0068148925 -0.0056124191
v 0.0070480455 0.0068409914 -0.0055968879
v 0.0070532218 0.0068531464 -0.005590363
v 0.0070638296 0.0068810495 -0.0055769515
v 0.0070723894 0.006906815 -0.0055660942
v 0.0070801221 0.0069343062 -0.0055562538
v 0.0070900933 0.0069780972 -0.0055435254
v 0.0070955881 0.0070101834 -0.0055364902
v 0.0071007733 0.0070526247 -0.0055298387
v 0.0071033866 0.0070892194 -0.0055264818
v 0.0071043551 0.0071293289 -0.0055252361
v 0.0071033745 0.0071690286 -0.0055264967
v 0.0071007598 0.0072055199 -0.0055298564
v 0.0070955644 0.0072479808 -0.0055365209
v 0.0070899816 0.0072804782 -0.0055436684
v 0.0070820122 0.0073164551 -0.0055538454
v 0.0070781095 0.0073314232 -0.0055588187
v 0.0070695069 0.0073601295 -0.0055697529
v 0.0070536833 0.0074032664 -0.0055892468
v 0.0070333348 0.0074477271 -0.0056153625
v 0.0070205929 0.0074706653 -0.0056312849
v 0.0070173426 0.0074760623 -0.0056353347
v 0.0070007222 0.0075011953 -0.0056559687
v 0.0069809358 0.0075265573 -0.0056803726
v 0.0069529365 0.0075540935 -0.0057122666
v 0.0069137721 0.0075854756 -0.005761928
v 0.0068944066 0.0075964139 -0.0057850886
v 0.0023333202 0.0066892522 -0.0086922735
v 0.0023559865 0.0066781883 -0.0086861584
v 0.0023791958 0.0066684839 -0.0086798292
v 0.0024117827 0.006657306 -0.0086708317
v 0.0024471777 0.0066483667 -0.0086609066
v 0.0024693145 0.0066442593 -0.0086546239
v 0.0024984512 0.0066407175 -0.0086462578
v 0.0025427723 0.0066410721 -0.0086339671
v 0.0025862022 0.0066417708 -0.0086519668
v 0.0026157254 0.0066466945 -0.0086115045
v 0.0026569399 0.0066565539 -0.0086009946
v 0.002700092 0.0066720549 -0.0085854257
v 0.002729794 0.0066857656 -0.0085760277
v 0.0027654835 0.0067053077 -0.0085659359
v 0.0028103532 0.006728554 -0.0085860813
v 0.0028287494 0.0067542851 -0.008543897
v 0.0028565451 0.0067821481 -0.0085346397
v 0.0028866655 0.0068176918 -0.0085245051
v 0.0029030433 0.0068406263 -0.0085189423
v 0.0029191296 0.0068662764 -0.0085134428
v 0.0029326759 0.0068910197 -0.0085087862
v 0.0029465463 0.0069204249 -0.0085039927
v 0.0029615918 0.0069599916 -0.0084987633
v 0.0029752003 0.0070069233 -0.0084940108
v 0.0029821622 0.0070416272 -0.0084915688
v 0.0029858402 0.0070675252 -0.0084902762
v 0.0029881401 0.0070928041 -0.0084894668
v 0.0029893969 0.0071289999 -0.0084890245
v 0.0029881408 0.0071651811 -0.0084894668
v 0.0029858598 0.0071903069 -0.0084902696
v 0.0029814793 0.0072204949 -0.0084918082
v 0.0029751025 0.0072514836 -0.0084940452
v 0.0029626852 0.0072945204 -0.0084983824
v 0.002947893 0.0073344086 -0.0085035261
v 0.0029338023 0.007364775 -0.0085083978
v 0.0029133537 0.0074010366 -0.0085154191
v 0.0029003234 0.0074373747 -0.0085634446
v 0.0028641988 0.0074677196 -0.0085320804
v 0.0028465316 0.0074866689 -0.0085379906
v 0.0028289126 0.0075035696 -0.008543843
v 0.0028022784 0.0075261037 -0.008552618
v 0.002773172 0.0075469771 -0.0085620979
v 0.0027766996 0.0075498723 -0.0086059492
v 0.0027419354 0.0075707028 -0.008608041
v 0.0027050427 0.0075867341 -0.0086112391
v 0.0026600987 0.0076004668 -0.0085997801
v 0.0026159636 0.0076112599 -0.0086114319
v 0.0025762126 0.0076152908 -0.0086265398
v 0.0025422662 0.0076182964 -0.0086603645
v 0.002498959 0.0076173263 -0.0086461106
v 0.0024564927 0.007611565 -0.0086601783
v 0.0024233656 0.0076025569 -0.0086994056
v 0.0023712304 0.0075860482 -0.0086814217
v 0.0023333202 0.0075687478 -0.0086922735
v 0.0023010175 0.0075501805 -0.0087008817
v 0.0022706091 0.0075292099 -0.0087088659
v 0.0022374222 0.0075021911 -0.0087191794
v 0.0022009828 0.007465177 -0.0087267231
v 0.0021733765 0.0074326265 -0.0087316228
v 0.0021355657 0.0073727026 -0.0087444006
v 0.0021132948 0.0073246731 -0.0087483717
v 0.0020980472 0.0072853883 -0.0087501328
v 0.0020823178 0.0072163729 -0.0087557962
v 0.0020746849 0.0071288521 -0.0087576086
v 0.0020757823 0.0070953286 -0.0087573478
v 0.002075752 0.0071622027 -0.0087573553
v 0.0020790359 0.007062076 -0.0087565767
v 0.0020829174 0.007037554 -0.0087556537
v 0.002092083 0.0069961118 -0.0087534688
v 0.0021015294 0.006964781 -0.0087512057
v 0.0021134447 0.006932964 -0.0087483354
v 0.0021349255 0.0068911648 -0.0087463573
v 0.0021606148 0.0068448732 -0.0087368056
v 0.002179605 0.0068185708 -0.0087320866
v 0.0022011322 0.0067926553 -0.0087266859
v 0.0022296072 0.0067634192 -0.0087194514
v 0.0022482236 0.0067466391 -0.0087146727
v 0.0022706985 0.0067287242 -0.0087088427
v 0.0023012559 0.0067076689 -0.0087008184
v -0.0023333072 0.0075687478 -0.0086922735
v -0.0023559735 0.0075798117 -0.0086861584
v -0.0023791827 0.0075895161 -0.0086798292
v -0.0024117697 0.007600694 -0.0086708317
v -0.0024471646 0.0076096334 -0.0086609066
v -0.0024693015 0.0076137407 -0.0086546239
v -0.0024984381 0.0076172824 -0.0086462578
v -0.0025427593 0.0076169278 -0.0086339671
v -0.0025861892 0.0076162292 -0.0086519668
v -0.0026157124 0.0076113056 -0.0086115045
v -0.0026569269 0.0076014461 -0.0086009946
v -0.002700079 0.0075859453 -0.0085854257
v -0.002729781 0.0075722342 -0.0085760277
v -0.0027654704 0.0075526922 -0.0085659359
v -0.0028103401 0.007529446 -0.0085860813
v -0.0028287363 0.0075037149 -0.008543897
v -0.0028565321 0.0074758521 -0.0085346397
v -0.0028866525 0.0074403082 -0.0085245051
v -0.0029030303 0.0074173737 -0.0085189423
v -0.0029191165 0.0073917236 -0.0085134428
v -0.0029326628 0.0073669801 -0.0085087862
v -0.0029465333 0.0073375751 -0.0085039927
v -0.0029615788 0.0072980084 -0.0084987633
v -0.0029751873 0.0072510766 -0.0084940108
v -0.0029821491 0.007216373 -0.0084915688
v -0.0029858272 0.0071904748 -0.0084902762
v -0.0029881271 0.007165196 -0.0084894668
v -0.0029893839 0.0071289999 -0.0084890245
v -0.0029881278 0.0070928187 -0.0084894668
v -0.0029858467 0.007067693 -0.0084902696
v -0.0029814662 0.0070375051 -0.0084918082
v -0.0029750895 0.0070065163 -0.0084940452
v -0.0029626722 0.0069634797 -0.0084983824
v -0.00294788 0.0069235914 -0.0085035261
v -0.0029337893 0.0068932249 -0.0085083978
v -0.0029133407 0.0068569636 -0.0085154191
v -0.0029003103 0.0068206255 -0.0085634446
v -0.0028641857 0.0067902804 -0.0085320804
v -0.0028465185 0.0067713311 -0.0085379906
v -0.0028288995 0.0067544306 -0.008543843
v -0.0028022653 0.0067318963 -0.008552618
v -0.002773159 0.006711023 -0.0085620979
v -0.0027766866 0.0067081278 -0.0086059492
v -0.0027419224 0.0066872974 -0.008608041
v -0.0027050297 0.0066712658 -0.0086112391
v -0.0026600857 0.0066575332 -0.0085997801
v -0.0026159505 0.0066467401 -0.0086114319
v -0.0025761996 0.0066427091 -0.0086265398
v -0.0025422531 0.0066397035 -0.0086603645
v -0.0024989459 0.0066406737 -0.0086461106
v -0.0024564797 0.0066464349 -0.0086601783
v -0.0024233526 0.0066554433 -0.0086994056
v -0.0023858433 0.0066694001 -0.008705014
v -0.0023407529 0.0066857395 -0.0086913729
v -0.0023010045 0.0067078195 -0.0087008817
v -0.0022705961 0.0067287901 -0.0087088659
v -0.0022374091 0.0067558089 -0.0087191794
v -0.0022009697 0.0067928232 -0.0087267231
v -0.0021733635 0.0068253734 -0.0087316228
v -0.0021355527 0.0068852975 -0.0087444006
v -0.0021132818 0.0069333269 -0.0087483717
v -0.0020980341 0.0069726118 -0.0087501338
v -0.0020844294 0.007029069 -0.0087552914
v -0.0020801802 0.0070541851 -0.0087563019
v -0.0020746719 0.007129148 -0.0087576086
v -0.0020757692 0.0071626714 -0.0087573478
v -0.002075739 0.0070957973 -0.0087573553
v -0.0020790228 0.007195924 -0.0087565767
v -0.0020829043 0.007220446 -0.0087556537
v -0.0020920699 0.0072618882 -0.0087534688
v -0.0021015164 0.0072932189 -0.0087512057
v -0.0021134317 0.007325036 -0.0087483354
v -0.0021349124 0.0073668354 -0.0087463573
v -0.0021606018 0.0074131269 -0.0087368056
v -0.0021795919 0.0074394294 -0.0087320866
v -0.0022011192 0.0074653447 -0.0087266859
v -0.0022295942 0.0074945808 -0.0087194514
v -0.0022482106 0.007511361 -0.0087146727
v -0.0022706855 0.0075292757 -0.0087088427
v -0.0023012429 0.0075503311 -0.0087008184
v -0.0069348703 0.0075708063 -0.0057365043
v -0.0069397951 0.0075669124 -0.0057305452
v -0.0069597235 0.007549204 -0.0057063257
v -0.0069809083 0.0075265738 -0.0056803898
v -0.0070006882 0.0075012232 -0.0056559938
v -0.0070173328 0.0074760566 -0.0056353301
v -0.0070355788 0.007443282 -0.0056125327
v -0.0070478523 0.0074174162 -0.0055971137
v -0.0070532083 0.0074048537 -0.005590363
v -0.0070637779 0.0073770537 -0.005577
v -0.0070723055 0.0073514152 -0.0055661836
v -0.0070800332 0.0073239962 -0.0055563497
v -0.0070899378 0.0072806331 -0.005543707
v -0.0070955341 0.0072480978 -0.0055365424
v -0.0071007262 0.007205729 -0.0055298815
v -0.007103361 0.0071690382 -0.0055264971
v -0.0071043416 0.0071289999 -0.0055252361
v -0.007103361 0.0070889682 -0.0055264971
v -0.0071007449 0.0070524654 -0.0055298578
v -0.0070955723 0.0070101662 -0.0055364935
v -0.0070900365 0.006977873 -0.0055435808
v -0.0070812146 0.0069286731 -0.0055619
v -0.0070609634 0.0068729963 -0.0055805646
v -0.0070505959 0.0068470148 -0.0055936557
v -0.0070333194 0.0068102687 -0.0056153649
v -0.0070205794 0.0067873347 -0.0056312849
v -0.0070172155 0.0067817516 -0.0056354763
v -0.0070006649 0.006756744 -0.0056560231
v -0.0069810145 0.006731551 -0.0056802589
v -0.006952917 0.0067038744 -0.0057123397
v -0.0069136655 0.0066724644 -0.0057620398
v -0.0068943931 0.0066615861 -0.0057850886
v -0.0068804326 0.0066552033 -0.0058016834
v -0.0068589777 0.0066474982 -0.0058270345
v -0.0068334558 0.0066418088 -0.0058569318
v -0.0068265253 0.0066394856 -0.0059109373
v -0.0067780742 0.0066406642 -0.0059209355
v -0.0067485382 0.0066461906 -0.0059545903
v -0.0067301879 0.0066519553 -0.0059753224
v -0.0067402127 0.006656875 -0.0060093762
v -0.0067173361 0.0066687391 -0.0060368097
v -0.0066695593 0.0066841269 -0.0060429104
v -0.0066428615 0.006705067 -0.0060722568
v -0.0066267729 0.0067202098 -0.0060898104
v -0.0066137246 0.0067340151 -0.0061039786
v -0.0065964765 0.0067545191 -0.0061226144
v -0.0065766044 0.0067822112 -0.0061439491
v -0.0065561428 0.0068156068 -0.0061657849
v -0.0065444161 0.0068380033 -0.0061782301
v -0.0065354069 0.0068572346 -0.0061877594
v -0.0065236439 0.0068855638 -0.00620016
v -0.0065113346 0.0069211774 -0.006213084
v -0.0064995831 0.0069630485 -0.0062253783
v -0.006493659 0.0069898682 -0.0062315572
v -0.0064897637 0.0070112642 -0.0062356136
v -0.006484967 0.007044809 -0.0062406022
v -0.0064822186 0.0070729361 -0.0062434567
v -0.006481237 0.0070874473 -0.006244476
v -0.0064805762 0.0071012358 -0.0062451615
v -0.0064800445 0.0071294467 -0.0062457133
v -0.0064809227 0.0071640614 -0.0062448025
v -0.006482261 0.0071856065 -0.0062434129
v -0.0064850103 0.0072135553 -0.0062405575
v -0.0064898066 0.0072470041 -0.0062355693
v -0.0064938113 0.0072688926 -0.0062313984
v -0.0064997778 0.007295753 -0.0062251749
v -0.0065081527 0.0073267129 -0.0062164181
v -0.0065192354 0.0073601553 -0.0062047915
v -0.0065354917 0.0074009595 -0.0061876696
v -0.0065505777 0.0074317629 -0.0061716909
v -0.006571057 0.0074674619 -0.0061498877
v -0.0065823791 0.0074844616 -0.0061377684
v -0.0065965371 0.0075035577 -0.0061225496
v -0.0066204614 0.0075311068 -0.006096663
v -0.0066431907 0.0075532232 -0.0060718964
v -0.0066678335 0.0075714106 -0.0060479064
v -0.0067154227 0.0075882109 -0.0060402691
v -0.006720653 0.0076018879 -0.0059887796
v -0.0067488046 0.0076118803 -0.005954288
v -0.0067704485 0.0076164204 -0.0059296639
v -0.0067949563 0.0076185665 -0.0059015482
v -0.0068262231 0.0076173528 -0.0058653691
v -0.0068411438 0.007614951 -0.0058479622
v -0.0068591738 0.0076104434 -0.005826804
v -0.0068865914 0.007599817 -0.0057965686
v -0.0069175975 0.0075830766 -0.0057573217
v -0.0088632626 0.006736688 -0.0015628335
v -0.0088573115 0.0067628877 -0.0015928084
v -0.0088522199 0.0067940267 -0.0016242171
v -0.0088471032 0.0068250477 -0.0016489482
v -0.0088428247 0.0068610747 -0.0016746155
v -0.0088387288 0.0068962684 -0.0016937955
v -0.0088354608 0.0069361174 -0.0017130426
v -0.0088334333 0.0069638934 -0.0017234648
v -0.0088312018 0.0070028369 -0.0017348612
v -0.00882941 0.0070452747 -0.0017439634
v -0.0088286668 0.0070724202 -0.0017477174
v -0.0088282924 0.0070940355 -0.0017496126
v -0.0088280465 0.0071289999 -0.0017508485
v -0.0088282924 0.0071639741 -0.001749612
v -0.0088286658 0.0071855251 -0.0017477234
v -0.0088294314 0.0072133922 -0.0017438533
v -0.0088313117 0.0072575674 -0.0017343019
v -0.0088335208 0.0072954114 -0.0017230194
v -0.008835851 0.0073266682 -0.0017110256
v -0.0088388871 0.0073601087 -0.0016952591
v -0.0088432923 0.0074008057 -0.0016721376
v -0.0088473202 0.0074314483 -0.0016506759
v -0.008852802 0.0074674532 -0.0016210372
v -0.0088604882 0.0075143523 -0.0015698834
v -0.0088557831 0.0074844962 -0.0016046779
v -0.0089106883 0.006640754 -0.0012730112
v -0.0089025011 0.0066408912 -0.00132112
v -0.0088679323 0.0075406829 -0.0015361161
v -0.0089104564 0.007550906 -0.0015272298
v -0.0088747095 0.007568575 -0.00148932
v -0.0088826276 0.0075867609 -0.0014487279
v -0.0088885536 0.0075995434 -0.0014118992
v -0.0088945644 0.0076107142 -0.0013670907
v -0.0089025467 0.0076171362 -0.0013208115
v -0.0089096797 0.0076176888 -0.001276151
v -0.0089503021 0.0076170558 -0.0012437782
v -0.0089183205 0.0076120738 -0.001201382
v -0.008925271 0.0076018616 -0.0011573285
v -0.0089558221 0.0075889191 -0.001123106
v -0.0089341502 0.007572117 -0.0010801954
v -0.0089399328 0.0075493698 -0.0010380174
v -0.008943252 0.0075299112 -0.0010090204
v -0.0089489452 0.0075015026 -0.00097256297
v -0.0089512996 0.0074633143 -0.00093493876
v -0.0089534761 0.0074383645 -0.00091386514
v -0.0089554384 0.0073964287 -0.00088495404
v -0.0089584112 0.0073613926 -0.00086414154
v -0.0089601229 0.0073233768 -0.00084620968
v -0.0089612284 0.0072924023 -0.00083442443
v -0.0089621318 0.0072605353 -0.00082466586
v -0.0089628275 0.0072282082 -0.00081706604
v -0.0089632131 0.0072035571 -0.00081282741
v -0.0089636229 0.0071619073 -0.0008082963
v -0.0089637197 0.0071288153 -0.00080722335
v -0.0089636191 0.0070954751 -0.00080833698
v -0.008963322 0.0070624411 -0.00081162828
v -0.0089629616 0.0070378451 -0.00081559152
v -0.0089621178 0.0069968972 -0.00082481959
v -0.0089612182 0.0069652676 -0.00083453776
v -0.0089601034 0.0069341137 -0.00084642348
v -0.0089587837 0.0069039954 -0.00086027905
v -0.0089576354 0.0068818921 -0.00087214131
v -0.0089554663 0.0068464583 -0.00089415062
v -0.0089534575 0.0068194052 -0.00091404652
v -0.0089519161 0.0067792755 -0.00094843089
v -0.0089467585 0.0067532054 -0.00097742803
v -0.0089432204 0.0067278832 -0.0010093036
v -0.0089399114 0.0067085127 -0.0010382058
v -0.0089724015 0.0066848487 -0.001077913
v -0.0089299416 0.0066709065 -0.0011127409
v -0.0089252365 0.0066560629 -0.001157598
v -0.0089188979 0.0066460449 -0.0012032101
v -0.0089503189 0.0066409391 -0.00124369
v -0.0088967427 0.0066459718 -0.0013593435
v -0.0088921019 0.0066552627 -0.0014020282
v -0.0088826043 0.0066712956 -0.00144887
v -0.0088755756 0.0066912082 -0.0014911043
v -0.0089004699 0.0067058048 -0.0015286844
v -0.0079780042 0.0071713409 0.0041654938
v -0.0079771772 0.0071289999 0.0041670775
v -0.0081389702 0.0076048697 0.0038414904
v -0.008130132 0.0075991714 0.0038601613
v -0.0081177882 0.0075894295 0.0038860435
v -0.0081249697 0.0075723504 0.0039343377
v -0.0080841759 0.0075523547 0.0039554941
v -0.0080676216 0.0075274063 0.0039891474
v -0.0080535298 0.0075020426 0.0040175243
v -0.0080421537 0.0074782655 0.0040402547
v -0.0080355357 0.0074627225 0.0040534007
v -0.0080255063 0.0074362509 0.0040732188
v -0.0080175025 0.0074124108 0.0040889535
v -0.0080121101 0.007394409 0.0040995105
v -0.0080061748 0.0073723976 0.0041110878
v -0.007998103 0.0073376268 0.0041267713
v -0.0079902548 0.0072952896 0.0041419472
v -0.0079848447 0.0072570726 0.0041523668
v -0.0079805932 0.0072148589 0.0041605317
v -0.0079803558 0.0072118397 0.0041609871
v -0.0079780023 0.0070866906 0.0041654966
v -0.0079805662 0.0070434784 0.0041605834
v -0.0079845346 0.0070035175 0.0041529628
v -0.0079906264 0.0069604005 0.0041412291
v -0.0079974483 0.0069235457 0.0041280407
v -0.0080791542 0.0067125895 0.0039657479
v -0.0080873005 0.0067013797 0.0039491084
v -0.0080069841 0.0068824222 0.0041095134
v -0.0080196566 0.0068391418 0.0040847211
v -0.0080363785 0.0067935659 0.0040517653
v -0.0080525975 0.0067578362 0.0040193888
v -0.0080682857 0.006729453 0.0039878058
v -0.0081006258 0.0066854198 0.0039216936
v -0.0081448208 0.0066718844 0.0039071272
v -0.0081270484 0.0066602175 0.0038631222
v -0.0081387681 0.0066532496 0.0038419188
v -0.0081530714 0.0066461606 0.0038114613
v -0.0081676121 0.0066413524 0.0037802122
v -0.0081831708 0.0066393242 0.0037463951
v -0.0082331745 0.0066427829 0.0037175858
v -0.0082074336 0.0066418951 0.0036929489
v -0.008248138 0.0066465112 0.0036759518
v -0.0082314003 0.0066520976 0.0036392218
v -0.0082399573 0.0066577705 0.003619803
v -0.0082545399 0.0066701638 0.0035864123
v -0.0082988001 0.0066855437 0.0035649425
v -0.0082828903 0.0067049671 0.0035204435
v -0.00833166 0.0067297335 0.0035020201
v -0.0083079513 0.006751068 0.0034608868
v -0.0083217907 0.0067849824 0.0034274798
v -0.0083324283 0.0068166457 0.0034015466
v -0.0083407543 0.0068465498 0.0033810729
v -0.0083488615 0.0068807342 0.0033610127
v -0.0083534576 0.0069036571 0.0033495728
v -0.0083575442 0.006926945 0.0033393646
v -0.0083625109 0.0069610198 0.0033269023
v -0.0083670819 0.007000659 0.0033153919
v -0.008369277 0.007025842 0.0033098463
v -0.0083708388 0.0070487765 0.0033058949
v -0.0083722284 0.0070773082 0.0033023757
v -0.0083729641 0.0071033012 0.0033005096
v -0.0083732044 0.0071291096 0.0032998986
v -0.0083729567 0.0071550634 0.003300527
v -0.0083722228 0.0071808341 0.0033023894
v -0.0083708416 0.0072091852 0.0033058893
v -0.0083692779 0.007232153 0.0033098454
v -0.0083670577 0.0072575923 0.0033154536
v -0.0083624765 0.0072972423 0.0033269896
v -0.0083575768 0.007330852 0.0033392812
v -0.0083516117 0.0073636352 0.0033541689
v -0.0083438184 0.0073994395 0.0033735115
v -0.0083382956 0.0074209722 0.0033871382
v -0.0083327738 0.0074402108 0.0034007001
v -0.0083234997 0.0074682877 0.0034233298
v -0.0083469849 0.0074993449 0.00346702
v -0.0083009226 0.0075216383 0.0034777123
v -0.0082850389 0.0075497329 0.0035153869
v -0.0083008509 0.0075699802 0.0035619914
v -0.0082546601 0.0075877203 0.0035861369
v -0.0082399787 0.0076002137 0.0036197551
v -0.0082313807 0.0076059145 0.0036392667
v -0.0082211026 0.0076112891 0.0036624264
v -0.0082037977 0.0076169245 0.0037010102
v -0.0081880239 0.0076188753 0.003735792
v -0.0081784863 0.0076184806 0.0037566276
v -0.0044963008 0.007334693 0.0077963578
v -0.0044818472 0.0072930801 0.0078046773
v -0.0044723039 0.0072563931 0.0078101488
v -0.0044639611 0.0072122483 0.0078149218
v -0.0044606195 0.0071846658 0.0078168292
v -0.0044590195 0.0071637347 0.0078177419
v -0.0044579359 0.0071289999 0.0078183603
v -0.0044593147 0.0070907572 0.0078175733
v -0.0044639234 0.0070460116 0.0078149432
v -0.0044707207 0.007008769 0.0078110554
v -0.0044817289 0.0069653146 0.0078047452
v -0.0051550011 0.007463408 0.0073773855
v -0.0051286349 0.0074957872 0.0073957442
v -0.0051021755 0.0075223548 0.0074140158
v -0.0050703983 0.0075490229 0.0074357911
v -0.0050410463 0.0075686743 0.0074557135
v -0.0050243761 0.0075869912 0.0075061502
v -0.0049729289 0.0076011078 0.0075038386
v -0.0049340639 0.0076117015 0.007526948
v -0.0049013791 0.0076172671 0.0075505594
v -0.0048742609 0.0076274098 0.0075877164
v -0.0048454774 0.0076168263 0.0076133231
v -0.004798875 0.0076118074 0.00761563
v -0.0047621068 0.0076024065 0.0076369018
v -0.0047381797 0.0075937371 0.0076517704
v -0.0047194965 0.007585551 0.0076633058
v -0.0046916527 0.0075710829 0.0076803862
v -0.0046606918 0.0075514307 0.0077006481
v -0.0046476151 0.0075295748 0.0077467858
v -0.0046042416 0.0075033536 0.0077331028
v -0.0045798186 0.0074763654 0.0077475863
v -0.0045527059 0.0074412803 0.0077635561
v -0.0045389633 0.0074204005 0.007771599
v -0.0045246815 0.0073959319 0.0077799227
v -0.0045112853 0.0073696823 0.0077876979
v -0.0051890288 0.0068469994 0.0073534943
v -0.0052040855 0.0068758268 0.0073428484
v -0.0052128744 0.0068951434 0.0073366118
v -0.0052239012 0.0069229941 0.0073287635
v -0.0052378408 0.0069663412 0.0073188072
v -0.0052483419 0.0070104498 0.0073112812
v -0.0052549967 0.0070518568 0.0073064993
v -0.0052584454 0.007086197 0.0073040178
v -0.005259733 0.0071180871 0.0073030907
v -0.0052595323 0.0071511197 0.0073032355
v -0.0052584445 0.0071718116 0.0073040183
v -0.0052550288 0.0072058897 0.007306476
v -0.0052483508 0.0072474969 0.0073112747
v -0.0052407023 0.0072814067 0.0073167592
v -0.0052348867 0.007302245 0.0073209213
v -0.0052239287 0.0073349349 0.0073287435
v -0.0052130192 0.0073625202 0.0073365089
v -0.0052042364 0.0073818577 0.0073427413
v -0.0051890377 0.007410982 0.0073534878
v -0.0051736354 0.0074367997 0.0073643344
v -0.0044938603 0.0069296794 0.007797765
v -0.0045205255 0.0068693372 0.0077796461
v -0.0045464502 0.0068262966 0.0077672162
v -0.0045728663 0.0067897701 0.0077516985
v -0.0045885944 0.0067712244 0.0077423988
v -0.0046072758 0.0067515791 0.0077312965
v -0.0046346586 0.006726374 0.007713979
v -0.0046793895 0.0067076132 0.0077277817
v -0.0046915005 0.0066870049 0.0076804793
v -0.0047253689 0.0066705443 0.0076621528
v -0.0047752939 0.0066567856 0.0076659065
v -0.0047964428 0.006646579 0.0076177957
v -0.0048351816 0.0066405238 0.0075908465
v -0.0048628093 0.0066391287 0.007573177
v -0.0048982913 0.0066408304 0.0075521915
v -0.0049338012 0.0066462426 0.0075271203
v -0.0049672525 0.0066553556 0.0075050778
v -0.0050045464 0.006669734 0.0074802706
v -0.0050352949 0.0066858992 0.007459599
v -0.0050861153 0.0067051382 0.0074648665
v -0.0050941238 0.0067282208 0.0074195563
v -0.0051190902 0.0067522895 0.0074023454
v -0.0051477298 0.0067848597 0.0073824659
v -0.0051679288 0.006812737 0.0073683373
v -0.010999993 0.0088289999 3.6932258e-15
v -0.010958135 0.005429 0.0009587132
v -0.010958135 0.0088289999 0.0009587132
v -0.010832879 0.005429 0.0019101299
v -0.010832879 0.0088289999 0.0019101299
v -0.010625178 0.005429 0.0028470095
v -0.010625178 0.0088289999 0.0028470095
v -0.010336612 0.005429 0.0037622216
v -0.010336612 0.0088289999 0.0037622216
v -0.0099693786 0.005429 0.0046488008
v -0.0099693786 0.0088289999 0.0046488008
v -0.009526273 0.005429 0.0054999999
v -0.009526273 0.0088289999 0.0054999999
v -0.0090106658 0.005429 0.0063093406
v -0.0090106658 0.0088289999 0.0063093406
v -0.0084264826 0.005429 0.0070706638
v -0.0084264826 0.0088289999 0.0070706638
v -0.007778168 0.005429 0.0077781746
v -0.007778168 0.0088289999 0.0077781746
v -0.0070706571 0.005429 0.0084264897
v -0.0070706571 0.0088289999 0.0084264897
v -0.006309334 0.005429 0.0090106729
v -0.006309334 0.0088289999 0.0090106729
v -0.0054999932 0.005429 0.0095262801
v -0.0054999932 0.0088289999 0.0095262801
v -0.0046487942 0.005429 0.0099693857
v -0.0046487942 0.0088289999 0.0099693857
v -0.0037622151 0.005429 0.010336619
v -0.0037622151 0.0088289999 0.010336619
v -0.0028470031 0.005429 0.010625185
v -0.0028470031 0.0088289999 0.010625185
v -0.0019101234 0.005429 0.010832886
v -0.0019101234 0.0088289999 0.010832886
v -0.00095870666 0.005429 0.010958142
v -0.00095870666 0.0088289999 0.010958142
v 6.5330065e-09 0.005429 0.011
v 6.5330065e-09 0.0088289999 0.011
v 0.0009587197 0.005429 0.010958142
v 0.0009587197 0.0088289999 0.010958142
v 0.0019101364 0.005429 0.010832886
v 0.0019101364 0.0088289999 0.010832886
v 0.0028470161 0.005429 0.010625185
v 0.0028470161 0.0088289999 0.010625185
v 0.0037622282 0.005429 0.010336619
v 0.0037622282 0.0088289999 0.010336619
v 0.0046488077 0.005429 0.0099693857
v 0.0046488077 0.0088289999 0.0099693857
v 0.0055000067 0.005429 0.0095262801
v 0.0055000067 0.0088289999 0.0095262801
v 0.0063093475 0.005429 0.0090106729
v 0.0063093475 0.0088289999 0.0090106729
v 0.0070706706 0.005429 0.0084264897
v 0.0070706706 0.0088289999 0.0084264897
v 0.0077781815 0.005429 0.0077781746
v 0.0077781815 0.0088289999 0.0077781746
v 0.0084264961 0.005429 0.0070706638
v 0.0084264961 0.0088289999 0.0070706638
v 0.0090106793 0.005429 0.0063093406
v 0.0090106793 0.0088289999 0.0063093406
v 0.0095262865 0.005429 0.0054999999
v 0.0095262865 0.0088289999 0.0054999999
v 0.0099693921 0.005429 0.0046488008
v 0.0099693921 0.0088289999 0.0046488008
v 0.010336626 0.005429 0.0037622216
v 0.010336626 0.0088289999 0.0037622216
v 0.010625191 0.005429 0.0028470095
v 0.010625191 0.0088289999 0.0028470095
v 0.010832892 0.005429 0.0019101299
v 0.010832892 0.0088289999 0.0019101299
v 0.010958148 0.005429 0.0009587132
v 0.010958148 0.0088289999 0.0009587132
v 0.011000007 0.005429 3.6932258e-15
v 0.011000007 0.0088289999 3.6932258e-15
v 0.010958148 0.005429 -0.00095871316
v 0.010958148 0.0088289999 -0.00095871316
v 0.010832892 0.005429 -0.0019101299
v 0.010832892 0.0088289999 -0.0019101299
v 0.010625191 0.005429 -0.0028470097
v 0.010625191 0.0088289999 -0.0028470097
v 0.010336626 0.005429 -0.0037622218
v 0.010336626 0.0088289999 -0.0037622218
v 0.0099693921 0.005429 -0.004648801
v 0.0099693921 0.0088289999 -0.004648801
v 0.0095262865 0.005429 -0.0055000001
v 0.0095262865 0.0088289999 -0.0055000001
v 0.0090106793 0.005429 -0.0063093408
v 0.0090106793 0.0088289999 -0.0063093408
v 0.0084264961 0.005429 -0.0070706639
v 0.0084264961 0.0088289999 -0.0070706639
v 0.0077781815 0.005429 -0.0077781748
v 0.0077781815 0.0088289999 -0.0077781748
v 0.0070706706 0.005429 -0.0084264889
v 0.0070706706 0.0088289999 -0.0084264889
v 0.0063093475 0.005429 -0.0090106722
v 0.0063093475 0.0088289999 -0.0090106722
v 0.0055000067 0.005429 -0.0095262794
v 0.0055000067 0.0088289999 -0.0095262794
v 0.0046488077 0.005429 -0.009969385
v 0.0046488077 0.0088289999 -0.009969385
v 0.0037622282 0.005429 -0.010336618
v 0.0037622282 0.0088289999 -0.010336618
v 0.0028470161 0.005429 -0.010625184
v 0.0028470161 0.0088289999 -0.010625184
v 0.0019101364 0.005429 -0.010832885
v 0.0019101364 0.0088289999 -0.010832885
v 0.0009587197 0.005429 -0.010958141
v 0.0009587197 0.0088289999 -0.010958141
v 6.5330065e-09 0.005429 -0.011
v 6.5330065e-09 0.0088289999 -0.011
v -0.00095870666 0.005429 -0.010958141
v -0.00095870666 0.0088289999 -0.010958141
v -0.0019101234 0.005429 -0.010832885
v -0.0019101234 0.0088289999 -0.010832885
v -0.0028470031 0.005429 -0.010625184
v -0.0028470031 0.0088289999 -0.010625184
v -0.0037622151 0.005429 -0.010336618
v -0.0037622151 0.0088289999 -0.010336618
v -0.0046487942 0.005429 -0.009969385
v -0.0046487942 0.0088289999 -0.009969385
v -0.0054999932 0.005429 -0.0095262794
v -0.0054999932 0.0088289999 -0.0095262794
v -0.006309334 0.005429 -0.0090106722
v -0.006309334 0.0088289999 -0.0090106722
v -0.0070706571 0.005429 -0.0084264889
v -0.0070706571 0.0088289999 -0.0084264889
v -0.007778168 0.005429 -0.0077781748
v -0.007778168 0.0088289999 -0.0077781748
v -0.0084264826 0.005429 -0.0070706639
v -0.0084264826 0.0088289999 -0.0070706639
v -0.0090106658 0.005429 -0.0063093408
v -0.0090106658 0.0088289999 -0.0063093408
v -0.009526273 0.005429 -0.0055000001
v -0.009526273 0.0088289999 -0.0055000001
v -0.0099693786 0.005429 -0.004648801
v -0.0099693786 0.0088289999 -0.004648801
v -0.010336612 0.005429 -0.0037622218
v -0.010336612 0.0088289999 -0.0037622218
v -0.010625178 0.005429 -0.0028470097
v -0.010625178 0.0088289999 -0.0028470097
v -0.010832879 0.005429 -0.0019101299
v -0.010832879 0.0088289999 -0.0019101299
v -0.010958135 0.005429 -0.00095871316
v -0.010958135 0.0088289999 -0.00095871316
v -0.010999993 0.005429 3.6932258e-15
v -0.0098529307 0.0075297441 -0.0017086888
v -0.0098479919 0.0075085634 -0.0017369295
v -0.009848071 0.0091289999 -0.0017364818
v -0.0057038369 0.0074690623 0.0082094608
v -0.0057357575 0.0074299037 0.0081915207
v -0.0057357575 0.0091289999 0.0081915207
v -0.0057207823 0.0068065225 0.008201986
v -0.0056946373 0.0067743553 0.0082201552
v -0.0056697459 0.0067482622 0.0082373483
v -0.0056390211 0.0067217062 0.0082584064
v -0.0056111 0.0067013936 0.0082774082
v -0.0055798816 0.0066839874 0.0082964342
v -0.0055464369 0.0066670595 0.0083208758
v -0.0055129945 0.0066555563 0.0083414609
v -0.0054775889 0.0066461336 0.0083663588
v -0.0054452287 0.0066413133 0.0083874477
v -0.0054064014 0.0066391021 0.0084125357
v -0.0053720565 0.0066407203 0.0084345093
v -0.0053411562 0.0066449403 0.0084541108
v -0.0053345861 0.0066461806 0.008458258
v -0.0053088202 0.0066522277 0.0084744537
v -0.005270682 0.0066648169 0.008498222
v -0.0052306291 0.0066829846 0.0085229272
v -0.0051870409 0.0067089327 0.0085495351
v -0.0051624456 0.006727096 0.0085644074
v -0.0051325795 0.0067529966 0.00858234
v -0.0051078645 0.0067783139 0.0085970726
v -0.0050845866 0.0068061264 0.0086108608
v -0.0050581938 0.0068454695 0.0086306179
v -0.0050232613 0.0069091633 0.0086467773
v -0.0050046889 0.0069577532 0.0086587839
v -0.0064278694 0.0091289999 0.0076604443
v -0.0057196918 0.0074132832 0.0081488932
v -0.005764365 0.0073791797 0.0081710884
v -0.0057821937 0.0073403832 0.0081588089
v -0.0057945575 0.0073039933 0.0081495525
v -0.0058096584 0.0072497344 0.0081392754
v -0.0058161945 0.0072131042 0.0081346057
v -0.0058222737 0.007128931 0.0081302555
v -0.0058208758 0.0070885197 0.0081312567
v -0.0058208767 0.0071694661 0.0081312558
v -0.0058162122 0.0070450232 0.0081345927
v -0.0058096584 0.0070082651 0.0081392754
v -0.0058076496 0.0069991747 0.0081407087
v -0.0057785173 0.0069599884 0.0081169628
v -0.0057849481 0.0069247907 0.008156855
v -0.0057728414 0.0068957041 0.0081654288
v -0.0057411238 0.0068816525 0.0081373373
v -0.0057444263 0.0068487091 0.008180479
v -0.0049999931 0.0091289999 0.0086602544
v -0.005010518 0.007317799 0.0086541692
v -0.0050211556 0.0073442117 0.008648002
v -0.0050368609 0.0073772026 0.0086388638
v -0.0050555903 0.0074100381 0.0086279161
v -0.0050701655 0.0074322506 0.0086193591
v -0.0050995203 0.0074705677 0.0085982563
v -0.0051309073 0.0075034093 0.0085833402
v -0.0051629322 0.0075313827 0.0085606299
v -0.0052000314 0.0075575963 0.0085416384
v -0.0052282938 0.0075739521 0.0085243698
v -0.0052594298 0.0075886611 0.008505192
v -0.0052958888 0.0076011963 0.0084836496
v -0.0053358839 0.0076120716 0.0084574394
v -0.0053652294 0.0076165773 0.008438853
v -0.0054022993 0.0076173324 0.008411921
v -0.0054496333 0.0076163221 0.0083845951
v -0.0054872541 0.0076099119 0.0083630079
v -0.0055432746 0.0075920162 0.0083208311
v -0.0055821592 0.007573922 0.008296953
v -0.0056091889 0.0075578565 0.0082787037
v -0.0056378653 0.0075373166 0.0082591999
v -0.0056560223 0.0075223232 0.008246778
v -0.0056778064 0.0075018115 0.0082317948
v -0.0049832768 0.0070454097 0.0086698843
v -0.0049783478 0.007088719 0.0086727155
v -0.004989939 0.0070099445 0.0086660519
v -0.0049768712 0.0071290346 0.008673563
v -0.0049783357 0.0071691208 0.0086727221
v -0.0042261758 0.0091289999 0.0090630785
v -0.0049832573 0.0072124557 0.0086698955
v -0.0049898939 0.0072478532 0.0086660771
v -0.0049999931 0.0072864626 0.0086602544
v -0.0050043871 0.0073003397 0.0086577166
v -0.0090618439 0.0076122882 0.0042288112
v -0.0090743394 0.0076162086 0.0042019332
v -0.0090630713 0.0091289999 0.0042261825
v -0.0090939177 0.007618798 0.0041608372
v -0.0091078577 0.007618144 0.0041287783
v -0.0091188203 0.007616009 0.0041045085
v -0.0091334579 0.0076096732 0.0040716714
v -0.0093969198 0.0091289999 0.0034202013
v -0.0091510636 0.0076012321 0.0040321098
v -0.0091673199 0.0075883675 0.0039949966
v -0.0091813158 0.0075743424 0.0039627397
v -0.0091944418 0.0075578611 0.0039321761
v -0.0092091092 0.0075357462 0.0038977155
v -0.0092213049 0.007513246 0.0038687609
v -0.0092336859 0.0074864867 0.0038391302
v -0.0092445246 0.007458178 0.0038129444
v -0.0092546099 0.0074275297 0.0037884134
v -0.009222836 0.0074148554 0.0037610383
v -0.0092691013 0.0073708137 0.0037528117
v -0.0092759344 0.0073367503 0.0037358963
v -0.0092813557 0.0073029675 0.0037224054
v -0.0092866391 0.0072613245 0.0037092049
v -0.0092899695 0.007224021 0.0037008544
v -0.0092924365 0.0071826967 0.0036946588
v -0.0092930428 0.0071643811 0.003693133
v -0.0092935551 0.0071289999 0.0036918436
v -0.0092930419 0.007093595 0.0036931344
v -0.0092924282 0.0070751068 0.0036946795
v -0.0092908058 0.0070451061 0.0036987559
v -0.0092878013 0.0070088428 0.0037062926
v -0.0092835154 0.0069703254 0.0037170182
v -0.0092808742 0.0069515236 0.0037236066
v -0.0092735884 0.00690908 0.0037417094
v -0.009266786 0.0068766271 0.0037585296
v -0.0092605276 0.0068514397 0.0037739253
v -0.0092544628 0.0068299802 0.0037887717
v -0.0092479463 0.0068094489 0.0038046482
v -0.0092373255 0.0067806729 0.0038303513
v -0.0092248402 0.006751791 0.0038603359
v -0.0092132359 0.0067296122 0.0038879331
v -0.0091944167 0.0067001023 0.0039322361
v -0.0091810233 0.0066833292 0.0039634173
v -0.0091663681 0.0066688323 0.0039971759
v -0.0091447791 0.0066552033 0.0040426747
v -0.0091296879 0.006645515 0.0040802792
v -0.0091121343 0.0066406462 0.0041193151
v -0.0090965095 0.0066391026 0.0041537191
v -0.0090798538 0.0066407873 0.0041899825
v -0.0090618439 0.0066457117 0.0042288112
v -0.0089981125 0.0066531278 0.0042469114
v -0.0090213462 0.0066711017 0.0043143629
v -0.0089916268 0.0067014777 0.004376131
v -0.0088760916 0.0071291503 0.0046059619
v -0.0088763253 0.0071510154 0.0046055111
v -0.0086602473 0.0091289999 0.0049999998
v -0.0088906118 0.0069579995 0.0045778699
v -0.0088857829 0.0069890401 0.0045872358
v -0.0088817959 0.0070208673 0.0045949513
v -0.0089192174 0.0068431023 0.0045218849
v -0.0089077742 0.00687953 0.0045432839
v -0.0089716984 0.0067295268 0.0044168345
v -0.0089560736 0.0067562639 0.0044484333
v -0.0089451752 0.0067778068 0.0044703157
v -0.0089312398 0.0068092496 0.0044971354
v -0.008896467 0.0069279362 0.0045664784
v -0.0088797368 0.0070423843 0.0045989299
v -0.0088781395 0.0070639717 0.0046020121
v -0.0088770005 0.0070856287 0.0046042091
v -0.008876317 0.0071073548 0.004605526
v -0.0088439721 0.0071716196 0.0045859706
v -0.0088789992 0.0072056471 0.0046003525
v -0.0088831156 0.007248344 0.0045923981
v -0.0088872935 0.0072796994 0.0045843091
v -0.0088925536 0.0073103885 0.0045740957
v -0.0088986817 0.0073405263 0.0045621636
v -0.0089057877 0.0073694795 0.0045482739
v -0.0089136043 0.0073972886 0.0045329401
v -0.0089192286 0.0074149335 0.0045218616
v -0.0089284291 0.007440543 0.0045036626
v -0.0089383356 0.007465073 0.0044839758
v -0.0089044205 0.0074775607 0.00445098
v -0.0089562114 0.0075019981 0.0044481567
v -0.0089756937 0.0075347256 0.0044087189
v -0.0089916389 0.0075565377 0.0043761059
v -0.0090093508 0.0075764037 0.0043395249
v -0.0090261071 0.0075914067 0.0043045635
v -0.0090449059 0.0076042184 0.0042649218
v -0.0096592519 0.0091289999 -0.0025881905
v -0.0098426703 0.0074821145 -0.001766812
v -0.0098357506 0.0074415178 -0.0018049391
v -0.0098312821 0.0074103487 -0.0018291401
v -0.0098279424 0.0073831868 -0.0018470031
v -0.009824692 0.0073523424 -0.0018642006
v -0.0098208122 0.0073078949 -0.0018845424
v -0.0097832845 0.0072999487 -0.0018832088
v -0.0098171688 0.0072492753 -0.0019034321
v -0.0098155418 0.0072106133 -0.0019118064
v -0.0098146906 0.0071782297 -0.0019161735
v -0.0098143478 0.0071564721 -0.0019179258
v -0.009814196 0.0071289999 -0.0019187022
v -0.0098146338 0.0070837698 -0.0019164644
v -0.0098156433 0.0070444139 -0.0019112837
v -0.0098172703 0.0070068148 -0.0019029079
v -0.0098206427 0.0069525408 -0.0018854245
v -0.0098235158 0.0069176598 -0.0018704035
v -0.009825886 0.0068934931 -0.001857911
v -0.009827961 0.0068746457 -0.0018468981
v -0.0098313324 0.0068472725 -0.0018288718
v -0.0098357599 0.0068164224 -0.0018048936
v -0.0098408831 0.0067853633 -0.0017767644
v -0.0098479919 0.0067494366 -0.0017369295
v -0.0098443979 0.0067667166 -0.0017571827
v -0.0098529493 0.0067281822 -0.0017085828
v -0.0098608888 0.0067014283 -0.0016649228
v -0.0098673578 0.0066806642 -0.0016232985
v -0.009873525 0.006665941 -0.001585362
v -0.0098818445 0.0066536601 -0.0015418249
v -0.0098894143 0.006641134 -0.001468376
v -0.0098993785 0.006639168 -0.0014149793
v -0.009904241 0.0066409014 -0.0013805346
v -0.0099090177 0.0066450488 -0.001345823
v -0.009912947 0.006655082 -0.0012975315
v -0.0099214546 0.0066693892 -0.0012508328
v -0.0099261727 0.0066848883 -0.0012128307
v -0.0099333373 0.0067051676 -0.0011727339
v -0.009938576 0.0067495949 -0.0011082928
v -0.0099426087 0.0067833228 -0.0010697671
v -0.0099451921 0.0068090114 -0.0010454687
v -0.009947459 0.0068355688 -0.0010236832
v -0.00994811 0.0068761924 -0.00099480138
v -0.0099527284 0.0069215338 -0.00097111756
v -0.009954226 0.0069575756 -0.00095564381
v -0.0099554199 0.0069949393 -0.00094312771
v -0.0099563065 0.0070333198 -0.00093371943
v -0.0099193666 0.0070423012 -0.00092685453
v -0.0099570609 0.0070896455 -0.00092563776
v -0.0099572127 0.0071289685 -0.00092399916
v -0.00995706 0.0071684125 -0.00092564201
v -0.0099619401 0.0091289999 -0.00087155743
v -0.0099567331 0.0071991113 -0.0009291524
v -0.0099564686 0.0072161851 -0.00093199054
v -0.0099561361 0.0072335378 -0.00093552916
v -0.0099554199 0.007263051 -0.0009431248
v -0.0099542288 0.0073003335 -0.00095560906
v -0.0099527247 0.0073365418 -0.00097115283
v -0.0099513286 0.0073640251 -0.00098535195
v -0.0099500024 0.007386254 -0.0009986467
v -0.0099449258 0.0074361098 -0.0010366901
v -0.0099426003 0.007474754 -0.0010698451
v -0.009935077 0.0075066235 -0.0011068429
v -0.0099340135 0.0075366987 -0.0011468322
v -0.009929951 0.0075574465 -0.0011814954
v -0.009926372 0.0075771228 -0.0012234582
v -0.0099137228 0.0076018564 -0.0012931839
v -0.0099090652 0.0076128968 -0.0013454727
v -0.0099042456 0.0076170959 -0.0013805043
v -0.0098490275 0.0076206013 -0.001412765
v -0.0098897393 0.0076168696 -0.0014637407
v -0.0098849142 0.0076108529 -0.0015127148
v -0.0098788149 0.0076021338 -0.0015520595
v -0.0098732158 0.007591394 -0.0015872859
v -0.0098682984 0.0075798198 -0.0016175752
v -0.0098605368 0.0075562515 -0.001665511
v -0.007635338 0.0076046153 -0.0064576576
v -0.0076113145 0.0076122327 -0.006485968
v -0.0076604376 0.0091289999 -0.0064278763
v -0.0075836882 0.0076171615 -0.0065182355
v -0.0075574962 0.0076188979 -0.0065485994
v -0.0075399058 0.0076182006 -0.0065688445
v -0.0075222014 0.007616092 -0.006589111
v -0.0070710608 0.0091289999 -0.0070710677
v -0.0075029859 0.0076121942 -0.0066109831
v -0.0074783692 0.007604556 -0.0066388045
v -0.0074495056 0.007592276 -0.0066711876
v -0.007435756 0.0075849115 -0.0066865115
v -0.0074190872 0.007574608 -0.0067050016
v -0.0073964789 0.0075579715 -0.0067299261
v -0.0073639134 0.0075284011 -0.0067655422
v -0.0073436897 0.007506295 -0.0067874972
v -0.0073215913 0.0074774083 -0.0068113218
v -0.0073024991 0.0074484466 -0.0068317941
v -0.0072906606 0.0074277123 -0.0068444266
v -0.0072524927 0.0074148731 -0.0068267655
v -0.0072642725 0.0073709993 -0.006872424
v -0.0072516149 0.0073366468 -0.006885781
v -0.0072399487 0.0072965835 -0.0068980452
v -0.0072318472 0.0072614764 -0.0069065398
v -0.0072272175 0.0072355287 -0.006911384
v -0.0072240157 0.0072126581 -0.0069147312
v -0.0072209637 0.0071823166 -0.0069179177
v -0.007219848 0.0071641245 -0.0069190823
v -0.0072188976 0.0071286672 -0.0069200737
v -0.0072194294 0.0071019236 -0.0069195191
v -0.0072202899 0.0070852156 -0.0069186213
v -0.0072209986 0.0070752342 -0.0069178809
v -0.0072240315 0.007045207 -0.0069147144
v -0.0072272846 0.0070220494 -0.0069113142
v -0.0072319598 0.0069959586 -0.0069064215
v -0.0072417052 0.0069547474 -0.0068962016
v -0.0072522943 0.0069193194 -0.0068850658
v -0.007264911 0.0068854877 -0.0068717488
v -0.0072863901 0.0068385779 -0.0068489687
v -0.0073026179 0.0068093565 -0.006831667
v -0.0073203703 0.0067822538 -0.0068126364
v -0.0073421088 0.0067535847 -0.006789208
v -0.0073634393 0.0067300532 -0.0067660595
v -0.0073869845 0.0067077473 -0.0067403532
v -0.0074027993 0.0066949701 -0.0067229803
v -0.0074193466 0.0066832203 -0.0067047142
v -0.0074441934 0.006668625 -0.0066771043
v -0.0074718136 0.0066557439 -0.0066461941
v -0.0074959395 0.0066478256 -0.0066189595
v -0.007532791 0.006640602 -0.0065769927
v -0.0075574892 0.0066391021 -0.0065486074
v -0.0075846158 0.006640778 -0.0065171696
v -0.0075730321 0.0066448698 -0.0064523147
v -0.0076451788 0.0066595428 -0.0064451751
v -0.0076878348 0.0066802032 -0.0063950802
v -0.0077130131 0.0067012206 -0.0063597049
v -0.0077399935 0.0067243703 -0.0063318555
v -0.0077594852 0.0067470855 -0.0063077375
v -0.0077854421 0.0067826196 -0.0062758896
v -0.0078017775 0.0068100501 -0.0062555704
v -0.0077881285 0.0068416257 -0.0062129168
v -0.0078380739 0.0068829035 -0.0062154938
v -0.0078532135 0.0069409938 -0.0061908756
v -0.0078573867 0.0069576603 -0.0061855778
v -0.0078617528 0.0069773617 -0.0061800276
v -0.0078671479 0.0070068162 -0.0061731572
v -0.0078731522 0.0070521595 -0.006165498
v -0.0078758884 0.007087842 -0.0061620028
v -0.0078769883 0.0071293291 -0.0061605969
v -0.0078758772 0.0071703737 -0.0061620167
v -0.0081915136 0.0091289999 -0.0057357644
v -0.0078731214 0.0072061497 -0.0061655376
v -0.0078671209 0.007251359 -0.0061731917
v -0.0078616401 0.0072811807 -0.0061801706
v -0.0078573867 0.0073003397 -0.0061855778
v -0.007853111 0.0073173917 -0.0061910046
v -0.0078447226 0.0073462658 -0.0062016292
v -0.0078309334 0.0073854743 -0.0062190337
v -0.0078178782 0.0074160773 -0.0062354376
v -0.0078019968 0.007447553 -0.0062552976
v -0.0077800516 0.007483652 -0.0062844093
v -0.0077440653 0.0075292032 -0.006326872
v -0.0077275333 0.0075460599 -0.0063470566
v -0.0077112939 0.0075603124 -0.0063667713
v -0.0076920453 0.0075749899 -0.0063900185
v -0.0076836126 0.0075806106 -0.0064001555
v -0.0076634532 0.0075922762 -0.006424279
v -0.0017364753 0.0091289999 -0.0098480774
v -0.0025881839 0.0091289999 -0.0096592583
v -0.0025840707 0.0075582157 -0.0096603582
v -0.0026159908 0.0075744492 -0.0096517639
v -0.0025472152 0.0075347124 -0.0096710563
v -0.0025090571 0.0075069264 -0.0096801125
v -0.0024832974 0.007483962 -0.0096867537
v -0.0024502536 0.0074503713 -0.0096932357
v -0.0024193469 0.0074091031 -0.0097029233
v -0.0023969326 0.0073737205 -0.009711729
v -0.0023662681 0.0073095068 -0.0097160028
v -0.0023424479 0.0072607075 -0.0096876208
v -0.0023405855 0.007222057 -0.0097222231
v -0.0023346727 0.0071814613 -0.0097236443
v -0.0023316478 0.0071289999 -0.0097243708
v -0.0023331963 0.0070903873 -0.0097239992
v -0.0023361919 0.0070623614 -0.0097232802
v -0.0023406539 0.0070356108 -0.0097222064
v -0.0023497173 0.006997031 -0.0097200206
v -0.0023610892 0.0069615884 -0.0097172638
v -0.0023716618 0.0069348483 -0.0097146887
v -0.0023946613 0.0068890707 -0.0097058943
v -0.0024197698 0.0068482888 -0.0097028181
v -0.0024393778 0.0068220339 -0.0096979072
v -0.0024552085 0.0068033334 -0.0096939091
v -0.0024833863 0.006773953 -0.0096867304
v -0.0025164937 0.0067460433 -0.0096798088
v -0.0025773463 0.006705671 -0.0096612066
v -0.0026159594 0.0066835653 -0.0096517723
v -0.002917693 0.006649864 -0.0095648846
v -0.0029690964 0.0066644422 -0.0095530866
v -0.002650165 0.006669351 -0.0096424349
v -0.0026860626 0.0066579409 -0.0096295621
v -0.0027433885 0.0066452153 -0.0096178507
v -0.0027952977 0.0066396127 -0.0096013682
v -0.0028217952 0.0066391443 -0.0095936131
v -0.0028932402 0.0066452605 -0.0095723081
v -0.0028571058 0.0066407741 -0.0095831571
v -0.0029989094 0.0066828107 -0.0094857538
v -0.0030498209 0.0067004751 -0.0095241196
v -0.0030863457 0.0067231933 -0.0095118048
v -0.0031208254 0.0067491872 -0.0094988007
v -0.0031576355 0.0067837614 -0.0094883764
v -0.0031796549 0.0068081451 -0.0094810199
v -0.003198076 0.0068313955 -0.0094748229
v -0.0032160799 0.006857321 -0.0094687264
v -0.0032310253 0.0068819778 -0.0094636377
v -0.0032470832 0.0069127552 -0.0094581392
v -0.0032598113 0.0069417615 -0.0094537601
v -0.0032682866 0.0069646326 -0.0094508339
v -0.0032797169 0.0070022951 -0.009446873
v -0.0032875519 0.0070377743 -0.0094441488
v -0.0032918542 0.0070653906 -0.0094426503
v -0.0032944223 0.0070912066 -0.0094417553
v -0.0032958728 0.0071291538 -0.0094412487
v -0.0032944079 0.0071670223 -0.00944176
v -0.0034201948 0.0091289999 -0.0093969261
v -0.003291751 0.0071934173 -0.0094426867
v -0.0032874744 0.0072206271 -0.0094441768
v -0.0032796029 0.0072561432 -0.0094469121
v -0.0032682456 0.007293492 -0.0094508469
v -0.0032532313 0.0073312196 -0.0094560241
v -0.0032308484 0.0073763378 -0.0094636973
v -0.0032070256 0.0074138474 -0.0094728978
v -0.0031795937 0.0074499268 -0.0094810404
v -0.0031573121 0.0074745727 -0.0094884845
v -0.0031226808 0.007505101 -0.0094971644
v -0.0030863031 0.0075348364 -0.0095118178
v -0.0030566736 0.0075537538 -0.0095213806
v -0.0030195045 0.0075729592 -0.0095344014
v -0.0029773922 0.0075909808 -0.0095464695
v -0.0029474576 0.007600649 -0.0095557548
v -0.0029006142 0.0076100245 -0.0095680697
v -0.0028471011 0.0076157028 -0.0095365509
v -0.0028216541 0.0076188584 -0.0095936541
v -0.0027804861 0.0076168292 -0.0096069114
v -0.0027348625 0.0076117018 -0.0096187569
v -0.0026884729 0.0076031529 -0.0095841555
v -0.0026593395 0.0075924643 -0.0096384628
v 0.0025840837 0.0066997843 -0.0096603582
v 0.0026160039 0.0066835509 -0.0096517639
v 0.0025601843 0.0067139276 -0.00966672
v 0.00251789 0.006743356 -0.0096758461
v 0.0024833104 0.0067740382 -0.0096867537
v 0.0024604956 0.0067973729 -0.0096925735
v 0.0024444782 0.0068158941 -0.0096966239
v 0.00241936 0.006848897 -0.0097029233
v 0.0023969456 0.0068842795 -0.009711729
v 0.0023662811 0.0069484933 -0.0097160028
v 0.0023424607 0.0069972925 -0.0096876208
v 0.0023405985 0.0070359429 -0.0097222231
v 0.0023346858 0.0070765387 -0.0097236443
v 0.0023316608 0.0071289999 -0.0097243708
v 0.0023332094 0.0071676128 -0.0097239992
v 0.0017364883 0.0091289999 -0.0098480774
v 0.002336205 0.0071956385 -0.0097232802
v 0.0023406669 0.007222389 -0.0097222064
v 0.0023497303 0.007260969 -0.0097200206
v 0.0023611023 0.0072964117 -0.0097172638
v 0.0023716749 0.0073231517 -0.0097146887
v 0.0023946743 0.0073689293 -0.0097058943
v 0.0024197828 0.0074097112 -0.0097028181
v 0.0024393909 0.0074359663 -0.0096979072
v 0.0024552215 0.0074546664 -0.0096939091
v 0.0024833993 0.007484047 -0.0096867304
v 0.0025165067 0.0075119567 -0.0096798088
v 0.0025773593 0.0075523291 -0.0096612066
v 0.0025881969 0.0091289999 -0.0096592583
v 0.0026159724 0.0075744346 -0.0096517723
v 0.002917706 0.0076081359 -0.0095648846
v 0.0029691095 0.0075935577 -0.0095530866
v 0.0034202079 0.0091289999 -0.0093969261
v 0.002650178 0.007588649 -0.0096424349
v 0.0026860756 0.0076000589 -0.0096295621
v 0.0027434016 0.0076127846 -0.0096178507
v 0.0027953107 0.0076183873 -0.0096013682
v 0.0028218082 0.0076188558 -0.0095936131
v 0.0028932532 0.0076127396 -0.0095723081
v 0.0028571188 0.0076172259 -0.0095831571
v 0.0029989225 0.0075751892 -0.0094857538
v 0.0030498339 0.0075575249 -0.0095241196
v 0.0030863588 0.0075348068 -0.0095118048
v 0.0031208384 0.0075088128 -0.0094988007
v 0.0031576485 0.0074742386 -0.0094883764
v 0.0031857665 0.0074448332 -0.0094823573
v 0.0032235656 0.0073883507 -0.0094661821
v 0.0032470962 0.0073452449 -0.0094581392
v 0.0032598244 0.0073162386 -0.0094537601
v 0.0032682996 0.0072933674 -0.0094508339
v 0.00327973 0.0072557049 -0.009446873
v 0.003287565 0.0072202257 -0.0094441488
v 0.0032918672 0.0071926095 -0.0094426503
v 0.0032944353 0.0071667934 -0.0094417553
v 0.0032958859 0.0071288462 -0.0094412487
v 0.0032944209 0.0070909775 -0.00944176
v 0.0032917641 0.0070645829 -0.0094426867
v 0.0032874874 0.0070373729 -0.0094441768
v 0.0032796159 0.0070018567 -0.0094469121
v 0.0032682586 0.0069645081 -0.0094508469
v 0.0032486012 0.0069589749 -0.0094118431
v 0.0032368642 0.0068917469 -0.0094645802
v 0.0032070386 0.0068441526 -0.0094728978
v 0.0031796067 0.0068080731 -0.0094810404
v 0.0031573251 0.0067834273 -0.0094884845
v 0.0031226939 0.006752899 -0.0094971644
v 0.0030863162 0.0067231638 -0.0095118178
v 0.0030566866 0.0067042463 -0.0095213806
v 0.0030195175 0.0066850408 -0.0095344014
v 0.0029774052 0.0066670192 -0.0095464695
v 0.0029474706 0.0066573509 -0.0095557548
v 0.0029006272 0.0066479753 -0.0095680697
v 0.0028568073 0.006640748 -0.0095832502
v 0.0028216671 0.0066391417 -0.0095936541
v 0.0027804992 0.0066411708 -0.0096069114
v 0.0027348755 0.0066462982 -0.0096187569
v 0.0026890712 0.0066574187 -0.0096328609
v 0.0026501189 0.0066693738 -0.0096424516
v 0.0076377334 0.0066541092 -0.0064548525
v 0.0076098952 0.0066454069 -0.0064876495
v 0.0075846657 0.0066407825 -0.0065171273
v 0.0075575027 0.0066391021 -0.0065486074
v 0.0075294271 0.0066419408 -0.0065789955
v 0.0075029491 0.0066458179 -0.0066110404
v 0.007478094 0.006653552 -0.0066391296
v 0.007442334 0.006669575 -0.0066791951
v 0.0074188157 0.0066835814 -0.0067053168
v 0.0073963946 0.0067001061 -0.0067300332
v 0.0073636139 0.0067299214 -0.0067658826
v 0.0073435393 0.006751903 -0.0067876746
v 0.0073214385 0.0067808224 -0.0068115006
v 0.0073024698 0.0068096249 -0.0068318398
v 0.007290486 0.0068306361 -0.0068446268
v 0.0072794722 0.0068522325 -0.0068563391
v 0.0072683024 0.0068769731 -0.0068681791
v 0.0072557956 0.0069095889 -0.0068813871
v 0.007242433 0.0069518833 -0.0068954519
v 0.0072373773 0.0069714117 -0.0069007586
v 0.0072317522 0.0069970715 -0.0069066534
v 0.007227144 0.0070230256 -0.0069114753
v 0.0072240049 0.0070455436 -0.0069147554
v 0.0072209674 0.0070758121 -0.006917928
v 0.0072198587 0.0070939317 -0.0069190851
v 0.0072189115 0.0071297147 -0.0069200737
v 0.0072194643 0.0071566218 -0.0069194963
v 0.0070710743 0.0091289999 -0.0070710677
v 0.0072203034 0.0071727842 -0.0069186213
v 0.0072210554 0.0071833117 -0.0069178362
v 0.0072240673 0.007212986 -0.0069146902
v 0.0072273135 0.0072360476 -0.0069112979
v 0.0072319836 0.0072620922 -0.0069064108
v 0.0072418044 0.0073035634 -0.0068961117
v 0.0072523879 0.0073389228 -0.006884981
v 0.0072603475 0.0073612106 -0.006876587
v 0.0072369457 0.0073766251 -0.0068385304
v 0.0072864459 0.0074194994 -0.006848924
v 0.0073028307 0.0074489736 -0.0068314542
v 0.007315329 0.0074685668 -0.0068180688
v 0.0073257966 0.007483442 -0.0068068193
v 0.007349422 0.0075127397 -0.0067812969
v 0.0073702785 0.007534943 -0.0067586313
v 0.0073871829 0.0075504113 -0.0067401506
v 0.0074030824 0.0075632344 -0.0067226832
v 0.0074194923 0.0075748673 -0.0067045685
v 0.0074442748 0.0075894148 -0.0066770288
v 0.0074717945 0.0076022433 -0.0066462304
v 0.00753296 0.0076174155 -0.0065768139
v 0.0075575139 0.0076188979 -0.0065485943
v 0.0076604511 0.0091289999 -0.0064278763
v 0.0074961095 0.0076102154 -0.0066187811
v 0.0075820235 0.0076174034 -0.0065201913
v 0.0076100056 0.0076125661 -0.00648752
v 0.0076345594 0.0076049456 -0.0064585964
v 0.0076604511 0.0075938486 -0.0064278763
v 0.0081915271 0.0091289999 -0.0057357644
v 0.0076878697 0.0075777826 -0.0063950541
v 0.0077062689 0.0075644733 -0.0063728742
v 0.0077278132 0.0075458077 -0.006346732
v 0.0077441067 0.007529172 -0.0063268376
v 0.0077776078 0.00748827 -0.0062864885
v 0.0078022799 0.0074470612 -0.0062549609
v 0.0078179494 0.0074159535 -0.0062353649
v 0.0078309842 0.0073853776 -0.0062189862
v 0.0078506211 0.0073401718 -0.0062010378
v 0.0078644513 0.0072659835 -0.0061766082
v 0.0078731647 0.0072058517 -0.0061654994
v 0.0078759084 0.0071700233 -0.0061619944
v 0.0078770018 0.0071287268 -0.0061605969
v 0.0078758972 0.0070877593 -0.0061620084
v 0.0078731489 0.0070519921 -0.0061655195
v 0.0078671195 0.0070065396 -0.0061732112
v 0.0078616554 0.0069768295 -0.0061801678
v 0.0078442909 0.006924536 -0.0061949511
v 0.0078213608 0.0068560006 -0.006228211
v 0.0078021379 0.0068106799 -0.0062551378
v 0.0077801899 0.0067745029 -0.0062843115
v 0.0077440513 0.0067287659 -0.0063269055
v 0.0077276623 0.0067120491 -0.0063469159
v 0.0076913864 0.0066860971 -0.0063859533
v 0.0076604511 0.0066641514 -0.0064278763
v 0.0096592654 0.0091289999 -0.0025881905
v 0.0098480845 0.0091289999 -0.0017364818
v 0.0099619536 0.0091289999 -0.00087155743
v 0.0093969332 0.0091289999 0.0034202013
v 0.0090630848 0.0091289999 0.0042261825
v 0.0086602608 0.0091289999 0.0049999998
v 0.0042261893 0.0091289999 0.0090630785
v 0.005735771 0.0091289999 0.0081915207
v 0.0050000066 0.0091289999 0.0086602544
v 0.0064278829 0.0091289999 0.0076604443
v 0.00087156397 0.0091289999 0.0099619472
v 6.5330065e-09 0.0091289999 0.01
v -0.00087155093 0.0091289999 0.0099619472
v -0.0081915136 0.0091289999 0.0057357642
v -0.0076604376 0.0091289999 0.0064278761
v -0.0070710608 0.0091289999 0.0070710675
v -0.0034201948 0.0091289999 0.0093969269
v -0.0025881839 0.0091289999 0.009659259
v -0.0017364753 0.0091289999 0.0098480782
v 0.0017364883 0.0091289999 0.0098480782
v 0.0025881969 0.0091289999 0.009659259
v 0.0034202079 0.0091289999 0.0093969269
v 0.0070710743 0.0091289999 0.0070710675
v 0.0076604511 0.0091289999 0.0064278761
v 0.0081915271 0.0091289999 0.0057357642
v 0.0096592654 0.0091289999 0.0025881903
v 0.0098480845 0.0091289999 0.0017364818
v 0.0099619536 0.0091289999 0.00087155747
v 0.010000007 0.0091289999 3.6932258e-15
v 0.0093969332 0.0091289999 -0.0034202015
v 0.0090630848 0.0091289999 -0.0042261827
v 0.0086602608 0.0091289999 -0.005
v 0.0064278829 0.0091289999 -0.0076604445
v 0.005735771 0.0091289999 -0.00819152
v 0.0050000066 0.0091289999 -0.0086602537
v 0.0042261893 0.0091289999 -0.0090630777
v 0.00087156397 0.0091289999 -0.0099619465
v 6.5330065e-09 0.0091289999 -0.0099999994
v -0.00087155093 0.0091289999 -0.0099619465
v -0.0042261758 0.0091289999 -0.0090630777
v -0.0049999931 0.0091289999 -0.0086602537
v -0.0057357575 0.0091289999 -0.00819152
v -0.0064278694 0.0091289999 -0.0076604445
v -0.0086602473 0.0091289999 -0.005
v -0.0090630713 0.0091289999 -0.0042261827
v -0.0093969198 0.0091289999 -0.0034202015
v -0.009999993 0.0091289999 3.6932258e-15
v -0.0099619401 0.0091289999 0.00087155747
v -0.009848071 0.0091289999 0.0017364818
v -0.0096592519 0.0091289999 0.0025881903
v -0.0048071032 0.0076191125 0.0083678583
v -0.004762559 0.0075629493 0.0083943134
v -0.0041575565 0.007629 0.0087084541
v -0.0047372847 0.0075228619 0.0084112197
v -0.0047098941 0.0074765599 0.0084298518
v -0.0046848834 0.0074198448 0.008444223
v -0.0046620679 0.0073605521 0.0084561402
v -0.0046499067 0.0073056558 0.0084634744
v -0.0046386614 0.0072508689 0.0084727736
v -0.0046323745 0.0071912962 0.008473907
v -0.0046253048 0.007163758 0.008469297
v -0.004629906 0.007128921 0.0084753618
v -0.0041575565 0.0066290001 0.0087084541
v -0.004629961 0.0070709825 0.0084765194
v -0.0046378847 0.0070169043 0.0084705794
v -0.0046447578 0.0069569041 0.0084648946
v -0.0046616339 0.0068977532 0.0084566096
v -0.004684373 0.0068390668 0.0084442426
v -0.0047091458 0.0067821356 0.0084310113
v -0.0047373197 0.0067350824 0.0084111992
v -0.0047626111 0.0066949768 0.0083942845
v -0.0048193855 0.0066355878 0.0083581967
v -0.0012105744 0.0066290001 0.0095737664
v -0.0012105744 0.007629 0.0095737664
v -0.0034491411 0.0066290001 0.0090125402
v -0.0034491411 0.007629 0.0090125402
v -0.0027187127 0.0066290001 0.0092591079
v -0.0027187127 0.007629 0.0092591079
v -0.0019709328 0.0066290001 0.0094465813
v -0.0019709328 0.007629 0.0094465813
v 0.01065929 0.0091289999 0.00093256649
v 0.01053745 0.0091289999 0.0018580355
v 0.010335413 0.0091289999 0.0027693637
v 0.010054718 0.0091289999 0.0036596154
v 0.0096974999 0.0091289999 0.0045220152
v 0.0092664782 0.0091289999 0.0053500001
v 0.008764934 0.0091289999 0.0061372676
v 0.008196682 0.0091289999 0.0068778274
v 0.0075660495 0.0091289999 0.0075660426
v 0.0068778342 0.0091289999 0.0081966756
v 0.0061372744 0.0091289999 0.0087649276
v 0.005350007 0.0091289999 0.0092664719
v 0.0045220221 0.0091289999 0.0096974935
v 0.003659622 0.0091289999 0.010054712
v 0.0027693703 0.0091289999 0.010335407
v 0.001858042 0.0091289999 0.010537443
v 0.00093257299 0.0091289999 0.010659283
v 6.5330065e-09 0.0091289999 0.010700001
v -0.00093255996 0.0091289999 0.010659283
v -0.0018580289 0.0091289999 0.010537443
v -0.0027693573 0.0091289999 0.010335407
v -0.003659609 0.0091289999 0.010054712
v -0.0045220086 0.0091289999 0.0096974935
v -0.0053499935 0.0091289999 0.0092664719
v -0.0061372609 0.0091289999 0.0087649276
v -0.0068778207 0.0091289999 0.0081966756
v -0.007566036 0.0091289999 0.0075660426
v -0.0081966685 0.0091289999 0.0068778274
v -0.0087649205 0.0091289999 0.0061372676
v -0.0092664647 0.0091289999 0.0053500001
v -0.0096974864 0.0091289999 0.0045220152
v -0.010054705 0.0091289999 0.0036596154
v -0.0103354 0.0091289999 0.0027693637
v -0.010537436 0.0091289999 0.0018580355
v -0.010659276 0.0091289999 0.00093256649
v -0.010699994 0.0091289999 3.6932258e-15
v -0.010659276 0.0091289999 -0.00093256645
v -0.010537436 0.0091289999 -0.0018580354
v -0.0103354 0.0091289999 -0.0027693639
v -0.010054705 0.0091289999 -0.0036596156
v -0.0096974864 0.0091289999 -0.0045220154
v -0.0092664647 0.0091289999 -0.0053500003
v -0.0087649205 0.0091289999 -0.0061372678
v -0.0081966685 0.0091289999 -0.0068778276
v -0.007566036 0.0091289999 -0.0075660428
v -0.0068778207 0.0091289999 -0.0081966748
v -0.0061372609 0.0091289999 -0.0087649269
v -0.0053499935 0.0091289999 -0.0092664711
v -0.0045220086 0.0091289999 -0.0096974928
v -0.003659609 0.0091289999 -0.010054711
v -0.0027693573 0.0091289999 -0.010335406
v -0.0018580289 0.0091289999 -0.010537442
v -0.00093255996 0.0091289999 -0.010659283
v 6.5330065e-09 0.0091289999 -0.0107
v 0.00093257299 0.0091289999 -0.010659283
v 0.001858042 0.0091289999 -0.010537442
v 0.0027693703 0.0091289999 -0.010335406
v 0.003659622 0.0091289999 -0.010054711
v 0.0045220221 0.0091289999 -0.0096974928
v 0.005350007 0.0091289999 -0.0092664711
v 0.0061372744 0.0091289999 -0.0087649269
v 0.0068778342 0.0091289999 -0.0081966748
v 0.0075660495 0.0091289999 -0.0075660428
v 0.008196682 0.0091289999 -0.0068778276
v 0.008764934 0.0091289999 -0.0061372678
v 0.0092664782 0.0091289999 -0.0053500003
v 0.0096974999 0.0091289999 -0.0045220154
v 0.010054718 0.0091289999 -0.0036596156
v 0.010335413 0.0091289999 -0.0027693639
v 0.01053745 0.0091289999 -0.0018580354
v 0.01065929 0.0091289999 -0.00093256645
v 0.010700007 0.0091289999 3.6932258e-15
v -0.0047767644 0.0065974347 0.0083206067
v -0.004741533 0.0065747659 0.0082721071
v -0.0046787544 0.0065973891 0.0081566902
v -0.0046677559 0.0066160149 0.0081007456
v -0.0040238907 0.0066290001 0.0084398318
v -0.0011777928 0.0066290001 0.0092755215
v -0.0047097506 0.0066339663 0.0082298316
v -0.0019120545 0.0066290001 0.0091524053
v -0.0026341928 0.0066290001 0.0089712594
v -0.0033396294 0.0066290001 0.0087332319
v 0.0076461702 0.0066342399 -0.0063871612
v 0.0075185921 0.0067256909 -0.0063886527
v 0.0066593054 0.0071091239 -0.0062776418
v 0.006664722 0.0070427126 -0.0062706527
v 0.0066800534 0.0069528645 -0.0062463596
v 0.0065042607 0.0069531082 -0.0062754113
v 0.0065448561 0.0068340249 -0.0062285616
v 0.0067281059 0.006868489 -0.0061998154
v 0.0067623162 0.0068254176 -0.0061624899
v 0.0068006769 0.0067918758 -0.0061202982
v 0.0067335635 0.0066322501 -0.0060107816
v 0.0068990525 0.006749811 -0.0060045636
v 0.0067622473 0.0066225395 -0.0059776791
v 0.0068500799 0.0066166835 -0.0058763145
v 0.0069678894 0.0067588222 -0.005925173
v 0.0070350848 0.0068016573 -0.0059565232
v 0.0069630563 0.00666291 -0.005745933
v 0.0069891165 0.0066836261 -0.0057158578
v 0.0070597536 0.006819897 -0.0058022552
v 0.0070588656 0.0067653538 -0.0056353631
v 0.0071234221 0.0068756906 -0.0057775635
v 0.0070966 0.0068340249 -0.0055918154
v 0.0071123859 0.0068718634 -0.0055735974
v 0.007125952 0.0069116588 -0.0055579414
v 0.0071508337 0.0070136721 -0.0056880541
v 0.0071562238 0.0070841781 -0.0055230056
v 0.0071821173 0.0070583172 -0.0057074652
v 0.0071593511 0.007147 -0.0056761607
v 0.007152389 0.0072183027 -0.0055274312
v 0.0071488775 0.0072481385 -0.0056979196
v 0.007125952 0.0073463414 -0.0055579414
v 0.0071213779 0.0073381659 -0.0057351385
v 0.0071313174 0.0073693652 -0.0058196039
v 0.0070588656 0.0074926462 -0.0056353631
v 0.0070626426 0.0074361329 -0.0058043004
v 0.0069891165 0.0075743738 -0.0057158578
v 0.0070108713 0.0074741059 -0.0058873725
v 0.0069078922 0.0076257499 -0.0058095954
v 0.0069509663 0.0074920114 -0.0059635091
v 0.0067913758 0.0076413164 -0.0059440626
v 0.0068969165 0.0074625378 -0.0061025923
v 0.0068082844 0.0074589358 -0.0061215964
v 0.0066275604 0.0075502681 -0.0061331159
v 0.0067524358 0.0074010343 -0.0061858968
v 0.0067204863 0.0073548041 -0.0062189299
v 0.0066941909 0.0073007501 -0.0062455438
v 0.0066633576 0.0072158808 -0.0062700939
v 0.0065042607 0.0073048918 -0.0062754113
v 0.0064852319 0.0071738219 -0.0062973714
v 0.0074249252 0.0067415155 -0.0064604386
v 0.0074683714 0.0066104863 -0.0065923516
v 0.0073562867 0.0067675578 -0.0065268051
v 0.0073182767 0.0067885801 -0.0065807291
v 0.0072844357 0.0068209875 -0.0066253698
v 0.0072506166 0.0068710107 -0.0066564051
v 0.0072458067 0.0068270048 -0.0068492052
v 0.0072148244 0.0069460646 -0.0067066286
v 0.0072042451 0.0069489222 -0.0068971697
v 0.0071952001 0.0069927286 -0.006907608
v 0.0071886897 0.007037572 -0.0069151214
v 0.0071847637 0.0070831113 -0.0069196523
v 0.0071847637 0.0071748885 -0.0069196523
v 0.0071834514 0.0071289999 -0.0069211666
v 0.0071886897 0.007220428 -0.0069151214
v 0.0071973165 0.007245391 -0.0067111227
v 0.0072157558 0.0073515138 -0.0068838853
v 0.0072458067 0.0074309952 -0.0068492052
v 0.0072844389 0.0075013006 -0.0068046209
v 0.0072641179 0.0074674359 -0.006828073
v 0.0072831551 0.0074313523 -0.0066129426
v 0.0073558476 0.0075849733 -0.0067222105
v 0.0073378661 0.0074804774 -0.0065520863
v 0.0074390054 0.0076375722 -0.0066262419
v 0.0074001418 0.0075053957 -0.00647617
v 0.0074513073 0.0075163874 -0.0064298893
v 0.0074976676 0.0075121823 -0.0063840319
v 0.0075486919 0.0074993499 -0.0063379264
v 0.0077006405 0.0075849733 -0.0063242988
v 0.0076280541 0.0074662134 -0.0062740101
v 0.0076322744 0.007399271 -0.006230143
v 0.0076589163 0.0073400924 -0.0061981046
v 0.0078407323 0.0073515138 -0.0061626244
v 0.0076880709 0.0072486495 -0.0061634594
v 0.007701318 0.0071758699 -0.0061525419
v 0.0076253822 0.0070579095 -0.0061416045
v 0.007582484 0.0071169051 -0.0061505489
v 0.0078612885 0.0069927286 -0.0061389018
v 0.0076695739 0.0069787175 -0.0061747163
v 0.0076306716 0.0069064979 -0.0061864737
v 0.0075878652 0.0069652981 -0.0061658552
v 0.0075334192 0.0069126567 -0.0062118872
v 0.0075878187 0.0068232779 -0.0062660888
v 0.0075584024 0.0067780727 -0.0063118544
v 0.0075582948 0.0066044909 -0.0064885748
v 0.0077332996 0.0071887639 -0.0057970598
v 0.0074499503 0.0075267639 -0.0060303343
v 0.0072503381 0.0075164874 -0.0058589714
v 0.0072953969 0.0074507309 -0.0058549159
v 0.0073545601 0.0072592064 -0.0057406212
v 0.0073656419 0.0071750557 -0.0057210164
v 0.007320802 0.0071051897 -0.0058220798
v 0.0073258474 0.0070093133 -0.005801289
v 0.0073367099 0.0069180083 -0.0057530697
v 0.0072928837 0.0068089297 -0.0058067861
v 0.007396254 0.0065981921 -0.005819535
v 0.0068949384 0.0068335667 -0.0063261144
v 0.0067883751 0.0068070973 -0.0063892185
v 0.0067395617 0.006915093 -0.0064421795
v 0.0067110306 0.0070829437 -0.0064764783
v 0.0065816452 0.0071870127 -0.0065804143
v 0.0065948388 0.0073012755 -0.0065651877
v 0.006620826 0.0074103038 -0.0065351972
v 0.0067076555 0.0075996654 -0.0064349902
v 0.0067727875 0.00765129 -0.0064485405
v 0.007135825 0.0071481563 -0.0067734263
v 0.0071424411 0.0072253208 -0.0067657899
v 0.0071577311 0.0072995579 -0.0067481446
v 0.0071812312 0.0073686162 -0.0067210305
v 0.007212226 0.0074303857 -0.0066852505
v 0.0072551814 0.0075612508 -0.0067665676
v 0.0072706582 0.0075053648 -0.0066178167
v 0.0073365371 0.0076403962 -0.0066726781
v 0.0073398089 0.0075547004 -0.0065380182
v 0.007428535 0.0076846909 -0.0065665069
v 0.0074149624 0.0075750191 -0.0064512841
v 0.007524906 0.0076911161 -0.0064552893
v 0.0074910012 0.007564945 -0.0063635326
v 0.0076190818 0.0076592341 -0.0063466044
v 0.0075627391 0.0075251596 -0.0062807408
v 0.0077046452 0.0075912174 -0.0062478591
v 0.0076252914 0.0074583788 -0.0062085526
v 0.0076597461 0.0074010378 -0.0061687879
v 0.0076871549 0.0073354308 -0.0061371523
v 0.0077066945 0.0072635549 -0.0061146059
v 0.0075812184 0.0071592672 -0.0061128238
v 0.007638274 0.0069709193 -0.0061141882
v 0.0077302193 0.0066967494 -0.0062183445
v 0.0075851853 0.006752635 -0.0062548333
v 0.0075400027 0.0067166452 -0.0063069836
v 0.0075883379 0.0065839636 -0.006382085
v 0.0074662904 0.0066864052 -0.0063920464
v 0.0074927004 0.0065647367 -0.0064924561
v 0.0073899685 0.0066863199 -0.0064801291
v 0.0073402037 0.0067031145 -0.0065375553
v 0.0073365371 0.0066176037 -0.0066726781
v 0.0072710107 0.0067522876 -0.0066174167
v 0.0072305559 0.0067996251 -0.0066640965
v 0.0071960997 0.0068569599 -0.0067038686
v 0.0071686858 0.0069225657 -0.0067355042
v 0.0071491504 0.0069944438 -0.0067580488
v 0.0071380844 0.0070704099 -0.0067708205
v 0.0070915564 0.0071898793 -0.0067597801
v 0.0071031044 0.0072696516 -0.0067464496
v 0.007123546 0.0073451514 -0.0067228606
v 0.0071522633 0.0074140843 -0.0066897209
v 0.0071883823 0.0074743545 -0.0066480372
v 0.0072302821 0.0076187102 -0.0067187893
v 0.0072539879 0.0075445985 -0.0065723258
v 0.0073209347 0.0076907724 -0.0066141711
v 0.0073292621 0.0075865174 -0.0064854525
v 0.0074207124 0.0077245508 -0.0064990214
v 0.0074090792 0.0075972645 -0.0063933428
v 0.0075228151 0.0077177434 -0.0063811886
v 0.0074879921 0.0075760892 -0.0063022669
v 0.007620285 0.007670814 -0.0062687021
v 0.0075606338 0.0075244543 -0.0062184372
v 0.0077064799 0.007586961 -0.0061692284
v 0.0076220471 0.0074458675 -0.0061475636
v 0.0076546411 0.0073810819 -0.0061099456
v 0.0076793672 0.0073086354 -0.0060814033
v 0.0076954847 0.0072307342 -0.0060627997
v 0.0077002088 0.0070681214 -0.0060573533
v 0.0076886632 0.0069883485 -0.0060706782
v 0.0076548483 0.0068774266 -0.006109703
v 0.007754734 0.006744725 -0.00611354
v 0.0076033876 0.0067836466 -0.0061690943
v 0.007679384 0.0066392898 -0.0062004985
v 0.0074541203 0.0067910704 -0.006226021
v 0.0074883664 0.0066820917 -0.0063018343
v 0.0075228151 0.0065402567 -0.0063811886
v 0.007409469 0.0066607679 -0.0063928879
v 0.0074207124 0.0065334492 -0.0064990214
v 0.0073296463 0.0066713501 -0.0064850111
v 0.0072786116 0.0066958648 -0.0065439116
v 0.0072590869 0.0066112677 -0.0066855472
v 0.0072091951 0.0067569768 -0.0066240184
v 0.0071697265 0.0068121351 -0.0066695657
v 0.0071371302 0.0068769191 -0.0067071836
v 0.0071123957 0.0069493627 -0.0067357282
v 0.0070962755 0.0070272639 -0.0067543305
v 0.0070892575 0.0071082563 -0.0067624358
v 0.0070439482 0.0071500098 -0.0067485586
v 0.0070511855 0.0072343312 -0.0067402088
v 0.0070679032 0.0073154505 -0.0067209132
v 0.00709359 0.0073909074 -0.006691272
v 0.0071274678 0.0074584077 -0.0066521783
v 0.007168507 0.0075158992 -0.0066048192
v 0.0072096402 0.0076719553 -0.0066619707
v 0.0072407143 0.0075796384 -0.0065214844
v 0.0073086608 0.0077345879 -0.0065476947
v 0.0073212644 0.0076126678 -0.0064285226
v 0.0074149233 0.0077559507 -0.0064250618
v 0.0074046694 0.0076127413 -0.00633227
v 0.0075211853 0.0077345879 -0.0063024285
v 0.0074852442 0.0075798465 -0.0062392821
v 0.0076202059 0.0076719553 -0.0061881529
v 0.0075574995 0.007516228 -0.006155897
v 0.0077052366 0.0075723211 -0.0060900218
v 0.0076165048 0.0074262163 -0.0060877978
v 0.0076464566 0.0073545194 -0.0060532336
v 0.0076677955 0.0072759667 -0.0060286062
v 0.0076798692 0.0071929486 -0.0060146643
v 0.0076823311 0.00710799 -0.0060118247
v 0.0076750934 0.0070236699 -0.0060201782
v 0.0076583822 0.0069425475 -0.0060394682
v 0.0077704831 0.0068155246 -0.0060147234
v 0.0076167232 0.0068322118 -0.0060875473
v 0.0075336618 0.0067934032 -0.0061212695
v 0.007448348 0.0068199682 -0.0061675632
v 0.007451005 0.0066731012 -0.0062368704
v 0.0074324685 0.0066527411 -0.0063001896
v 0.0074507061 0.006504435 -0.0063837656
v 0.0073493847 0.0066415727 -0.0063960725
v 0.0073436291 0.006511574 -0.0065073391
v 0.0072672388 0.0066636187 -0.0064908737
v 0.0072157753 0.0066961186 -0.0065502674
v 0.0071794323 0.0066154321 -0.0066968325
v 0.0071474269 0.0067691124 -0.0066291449
v 0.0071097806 0.0068317841 -0.0066725878
v 0.0070798306 0.0069034815 -0.0067071538
v 0.0070584917 0.0069820349 -0.0067317752
v 0.0070464073 0.0070650506 -0.0067457227
v 0.006996474 0.0071905799 -0.006680355
v 0.0069531568 0.0072421182 -0.0068737987
v 0.0070149775 0.0072803144 -0.0067145406
v 0.0070287085 0.007346577 -0.0066431552
v 0.0070038282 0.0074547111 -0.0068153209
v 0.0070678533 0.0074355875 -0.0066535143
v 0.007106696 0.0075003807 -0.0066086907
v 0.0071523164 0.0075538867 -0.0065560412
v 0.0071929817 0.007719389 -0.0065970263
v 0.0072303761 0.0076095356 -0.0064659534
v 0.0072991897 0.0077705256 -0.006474455
v 0.0073152089 0.0076324387 -0.0063680514
v 0.0074104464 0.0077779434 -0.0063460582
v 0.0074010321 0.0076210336 -0.0062690057
v 0.007519169 0.0077411366 -0.0062205853
v 0.0074819985 0.0075760975 -0.0061755656
v 0.0076179488 0.0076626139 -0.0061065877
v 0.0075525914 0.0075006939 -0.0060940982
v 0.007547016 0.0074156497 -0.0060449961
v 0.0075562906 0.0073672108 -0.0060365918
v 0.0075358644 0.007286574 -0.0060269056
v 0.0076519081 0.0072382983 -0.0059794826
v 0.0076400118 0.007172905 -0.0059551355
v 0.0077998575 0.0071289999 -0.0058966541
v 0.0076569642 0.0070634537 -0.0059736498
v 0.0076445329 0.0069776872 -0.0059879921
v 0.0076225412 0.0068965183 -0.0060133697
v 0.0075469336 0.0068421889 -0.0060450901
v 0.0075731624 0.0067887221 -0.0060703569
v 0.0075535516 0.006538611 -0.0061809058
v 0.0073963769 0.0066417054 -0.0062363074
v 0.0073729821 0.0066294098 -0.0063013799
v 0.0073732666 0.0064775777 -0.0063889661
v 0.0072868329 0.0066293509 -0.0064007995
v 0.0072628565 0.0064997744 -0.0065163859
v 0.0072036094 0.0066633444 -0.0064968421
v 0.0071525734 0.0067038661 -0.0065557422
v 0.00709384 0.0067818066 -0.0065679896
v 0.0070865548 0.0067883792 -0.0066319323
v 0.0070420953 0.0068760145 -0.0066277046
v 0.0070038282 0.0068032889 -0.0068153209
v 0.0070249296 0.0069359391 -0.0067030523
v 0.0070076061 0.0070197015 -0.0067230455
v 0.0070000731 0.0071067865 -0.0067317375
v 0.0069577203 0.0071513542 -0.0067120284
v 0.0069056966 0.0073026827 -0.0068414967
v 0.006983116 0.0073265848 -0.006682722
v 0.0069701963 0.0075139033 -0.0067670598
v 0.0070462294 0.0074779794 -0.0066098819
v 0.007089705 0.007538863 -0.0065597115
v 0.0071394437 0.0075872906 -0.0065023104
v 0.0071798719 0.0077595888 -0.0065250812
v 0.0072224473 0.007633473 -0.0064065178
v 0.0072918723 0.0077975049 -0.0063958262
v 0.0073104508 0.0076452821 -0.0063049571
v 0.0074064822 0.0077898636 -0.0062635588
v 0.0073974563 0.0076219027 -0.006204547
v 0.0075158922 0.0077371856 -0.0061372934
v 0.0074775352 0.007564935 -0.0061121309
v 0.0076126459 0.0076430606 -0.0060256339
v 0.0075452316 0.0074782604 -0.006034006
v 0.0077546488 0.0073026827 -0.0058617537
v 0.0077629464 0.007245528 -0.0058521778
v 0.0076339066 0.0071066456 -0.0059316709
v 0.0076262264 0.0070173341 -0.0059405329
v 0.0076085099 0.0069314145 -0.0059609796
v 0.007581291 0.0068514986 -0.0059923922
v 0.0075245292 0.006748126 -0.0060578981
v 0.0075822307 0.006579301 -0.0060607345
v 0.0074521818 0.0066707072 -0.0061413921
v 0.0073663162 0.0066680064 -0.0061907234
v 0.0073370517 0.0066173064 -0.0062382646
v 0.0073106957 0.0066127347 -0.0063046753
v 0.0072918723 0.0064604952 -0.0063958262
v 0.0072226867 0.0066244412 -0.006406244
v 0.0071798719 0.0064984112 -0.0065250812
v 0.0071341738 0.0066581209 -0.0064723991
v 0.0071104479 0.0065478462 -0.006605201
v 0.007065817 0.0067175253 -0.00654314
v 0.0070274083 0.0068142641 -0.0066316073
v 0.0069318961 0.0068453984 -0.0068112608
v 0.0069731025 0.0069734278 -0.0066942788
v 0.0069603121 0.0070613626 -0.0067090398
v 0.0070448422 0.0075634101 -0.006506818
v 0.0070614379 0.0077228456 -0.0065724297
v 0.0071294408 0.0076152076 -0.0064443653
v 0.0071697396 0.0077913488 -0.0064474429
v 0.0072163453 0.0076508034 -0.0063440721
v 0.0072534822 0.0076205553 -0.0062567076
v 0.0073063222 0.0076508408 -0.0062402339
v 0.0074021833 0.0077913488 -0.0061791885
v 0.0073932374 0.0076153093 -0.0061399267
v 0.0074125447 0.0075439425 -0.0060731392
v 0.0074431815 0.0066945868 -0.0060471116
v 0.0075104849 0.0065351544 -0.0060542017
v 0.0073396426 0.0067320057 -0.0061421572
v 0.0072742572 0.0066007191 -0.0062420597
v 0.0072464745 0.0066031761 -0.0063092994
v 0.007183688 0.006606761 -0.0063465835
v 0.0071578615 0.0066269954 -0.0064115656
v 0.0070703577 0.0066697629 -0.0064773733
v 0.0073849803 0.0066643724 -0.0060441891
v 0.0073002444 0.0066107797 -0.0061419789
v 0.0073200248 0.0064442832 -0.0061830781
v 0.0072093133 0.0065925027 -0.0062469194
v 0.0072012779 0.006436366 -0.0063201195
v 0.0071231176 0.0064574113 -0.0064103208
v 0.0070932948 0.0066369563 -0.0064159372
v 0.0070078003 0.0066895372 -0.0064794771
v 0.0070336654 0.0075936282 -0.0064496278
v 0.0070485382 0.0077591373 -0.0064963904
v 0.0071212302 0.0075896225 -0.0063530585
v 0.0071483243 0.0076573521 -0.006317305
v 0.0072012779 0.0078216339 -0.0063201195
v 0.0072093324 0.0076654976 -0.006246897
v 0.007265215 0.0075528087 -0.0061710562
v 0.0073294945 0.0076331386 -0.0061082226
v 0.007433384 0.0077591373 -0.0060522548
v 0.0073849976 0.007593615 -0.0060441691
v 0.0074583155 0.0065558519 -0.0059316355
v 0.0072843835 0.0067269065 -0.0060915748
v 0.0072355035 0.0065990697 -0.00614595
v 0.0072354397 0.0064319778 -0.0061888482
v 0.0071436001 0.0065929395 -0.0062520123
v 0.0071159403 0.0064399451 -0.0063267579
v 0.0070765761 0.0066537472 -0.0063301517
v 0.0070548987 0.0066857281 -0.0063660965
v 0.0069664072 0.0065230554 -0.0064993283
v 0.0069326947 0.0077021482 -0.0065382343
v 0.0070253855 0.0076166873 -0.006388439
v 0.0070387928 0.0077864885 -0.0064157905
v 0.0071435969 0.0076650584 -0.006252016
v 0.0072050218 0.0076650587 -0.006181128
v 0.0073232336 0.0076166908 -0.0060447041
v 0.0073504837 0.0075022211 -0.0059982376
v 0.0073721705 0.0067013657 -0.0059539579
v 0.0072922569 0.0066891481 -0.0060157507
v 0.0072683881 0.0064539179 -0.0060587396
v 0.0071699105 0.0065959362 -0.0061510211
v 0.0071499317 0.0064301038 -0.0061954452
v 0.0070810106 0.0066067852 -0.0062889658
v 0.0069641604 0.0066655791 -0.0063884702
v 0.0069394254 0.0067006758 -0.0064482979
v 0.0069664784 0.007506189 -0.0064100042
v 0.0069210918 0.0077342619 -0.0064595403
v 0.0070194954 0.0076318233 -0.0063246098
v 0.0070856002 0.0075518493 -0.0062636892
v 0.0071499317 0.0078278963 -0.0061954452
v 0.0072001934 0.007655976 -0.0061160727
v 0.0072282853 0.0075883809 -0.0060813456
v 0.0073064675 0.0077857476 -0.0060147933
v 0.0073145532 0.0075924186 -0.0059840955
v 0.007308779 0.0066810908 -0.0059556669
v 0.0072264981 0.0066225325 -0.0060506259
v 0.0071833741 0.0064466066 -0.0060652114
v 0.0071067594 0.0065984937 -0.0061888118
v 0.0070257827 0.0064466066 -0.0062470814
v 0.0070173631 0.0066225919 -0.0062919809
v 0.0069128086 0.0065010009 -0.006377461
v 0.0069293955 0.0067698149 -0.0063632411
v 0.0069614772 0.0076000616 -0.0063564764
v 0.00706503 0.0078192836 -0.0062017879
v 0.007137222 0.0076595066 -0.0061536563
v 0.0072963482 0.0077569991 -0.0059348322
v 0.0073029653 0.007561141 -0.0059277267
v 0.0072647787 0.0067068 -0.0059037047
v 0.0072456517 0.0066643363 -0.0059585484
v 0.0072124891 0.0064883163 -0.0059410973
v 0.007161502 0.0066176074 -0.006055662
v 0.0071022229 0.0066057172 -0.0061240747
v 0.0070424916 0.0066097256 -0.0061930079
v 0.0069442235 0.0064704305 -0.0062506926
v 0.0069560085 0.0066451536 -0.0062928145
v 0.0069097157 0.0067241412 -0.0063284455
v 0.0069031503 0.0075708283 -0.0063538166
v 0.0069561915 0.0076129621 -0.0062926035
v 0.0069442235 0.0077875694 -0.0062506926
v 0.0070426885 0.0076483106 -0.0061927816
v 0.0070597825 0.0078108013 -0.0061173305
v 0.0071322292 0.0076482722 -0.0060894462
v 0.007175341 0.0077875694 -0.0059839684
v 0.0072187122 0.0076128479 -0.0059896383
v 0.0072473923 0.007533859 -0.0059387461
v 0.0072486124 0.0067448941 -0.0058541373
v 0.0072338206 0.0065525548 -0.0058277637
v 0.0071815846 0.00665477 -0.0059632441
v 0.007128692 0.006486059 -0.005949088
v 0.0070968301 0.0066201511 -0.0060610595
v 0.0070383016 0.0066162847 -0.0061286046
v 0.0069802233 0.0066279977 -0.0061956314
v 0.0068667929 0.0065035204 -0.0062513362
v 0.0068977878 0.0066738628 -0.0062907646
v 0.0068261374 0.0075131096 -0.0063416959
v 0.0067658599 0.0076742453 -0.006367819
v 0.0068980234 0.0075843201 -0.0062904936
v 0.0069521565 0.0076185213 -0.006228021
v 0.0069401844 0.0077845092 -0.0061666375
v 0.0070385651 0.0076417329 -0.0061283005
v 0.0070538658 0.0077920887 -0.0060354421
v 0.0071259632 0.007630007 -0.006027436
v 0.0071649586 0.0077544796 -0.0059072344
v 0.0072083964 0.0075841343 -0.0059323042
v 0.0066925909 0.0071510285 -0.0064593098
v 0.0067000545 0.0072373297 -0.0064506928
v 0.0067172286 0.0073203369 -0.0064308765
v 0.0067435738 0.007397533 -0.0064004712
v 0.006778301 0.0074665679 -0.0063603954
v 0.0068437278 0.0075503177 -0.0062848889
v 0.0068943046 0.0075904762 -0.0062265192
v 0.0069486813 0.0076166105 -0.0061637662
v 0.0069364 0.0077710487 -0.0060847449
v 0.0070337334 0.0076279084 -0.0060656114
v 0.0070464744 0.0077637097 -0.0059577125
v 0.0071178016 0.0076052099 -0.0059685899
v 0.0071515541 0.0077131165 -0.0058364436
v 0.0071951582 0.0075500535 -0.0058793166
v 0.0072291673 0.0074673806 -0.0058165072
v 0.0072788589 0.0074328177 -0.0057827212
v 0.0073386978 0.0074512506 -0.005620468
v 0.0073215112 0.0073198855 -0.0057334943
v 0.0073162045 0.0072121606 -0.0057160641
v 0.0073053783 0.007031832 -0.0057493854
v 0.0072950383 0.0068604698 -0.0057640505
v 0.0072292394 0.00679073 -0.0058164244
v 0.0071948876 0.006707681 -0.0058796276
v 0.0071515541 0.0065448835 -0.0058364436
v 0.0071174956 0.0066526454 -0.0059689443
v 0.0070464744 0.0064942903 -0.0059577125
v 0.0070334107 0.0066300648 -0.0060659802
v 0.0069764608 0.006633907 -0.006131705
v 0.0069208133 0.0066527923 -0.0061959271
v 0.0068821025 0.0067301976 -0.0062378711
v 0.00690483 0.0068232886 -0.0062664534
v 0.0067434048 0.0068608831 -0.0064006691
v 0.0067073607 0.006979063 -0.0064422647
v 0.0065575379 0.0070170836 -0.0065219748
v 0.0066729391 0.0071922425 -0.0064149071
v 0.0066848865 0.0072743244 -0.0064011175
v 0.0067059894 0.0073519902 -0.0063767644
v 0.006735605 0.0074228793 -0.0063425886
v 0.0067728267 0.0074848429 -0.0062996299
v 0.0066996727 0.0076357251 -0.0062747785
v 0.006840403 0.0075570155 -0.0062216391
v 0.0068912909 0.0075891446 -0.0061629145
v 0.006945058 0.0076072938 -0.0061008656
v 0.006932026 0.007747597 -0.0060066288
v 0.007027522 0.0076072233 -0.0060056947
v 0.007036872 0.0077265189 -0.0058856295
v 0.0071071649 0.0075745607 -0.0059137816
v 0.0071345733 0.0076647207 -0.0057728766
v 0.0071785587 0.0075115333 -0.0058313889
v 0.0072062581 0.007420879 -0.0057841615
v 0.0072526296 0.0073879495 -0.0057459065
v 0.0072991664 0.0073904304 -0.005582926
v 0.0072874383 0.0072737888 -0.0057057357
v 0.0072747117 0.0071686533 -0.0057051606
v 0.0073371206 0.0071289999 -0.0055391245
v 0.0072992772 0.0070657573 -0.0056920723
v 0.0072778857 0.006944141 -0.005716764
v 0.0072828482 0.0068197014 -0.0056017582
v 0.0072366132 0.0068351155 -0.0057643872
v 0.0071782668 0.0067461232 -0.0058317241
v 0.0071318082 0.0067009857 -0.0058853404
v 0.0070705765 0.0065477089 -0.0058467329
v 0.0070542989 0.0066579837 -0.0059747897
v 0.006967332 0.0065127568 -0.005965883
v 0.0069721451 0.0066470859 -0.0060696053
v 0.0069175556 0.0066581095 -0.0061326037
v 0.0068650471 0.0066834373 -0.0061931988
v 0.0067530859 0.0068033157 -0.006322417
v 0.0066001916 0.0067741872 -0.0063895859
v 0.0067058189 0.0069065076 -0.0063769609
v 0.0065513609 0.0069174274 -0.0064459393
v 0.0066776613 0.0070248673 -0.0064094575
v 0.0066705004 0.0071082389 -0.0064177179
v 0.0066511522 0.0071494701 -0.0063743141
v 0.0066580784 0.007229351 -0.0063663242
v 0.0066739728 0.0073061852 -0.0063479753
v 0.0066983693 0.0073776343 -0.0063198205
v 0.0067305213 0.0074415279 -0.0062827166
v 0.0067694497 0.0074959266 -0.0062377915
v 0.0067001425 0.0076383108 -0.0061947858
v 0.006837914 0.007556195 -0.006158779
v 0.0068882487 0.0075803752 -0.0061006882
v 0.0069405681 0.0075908418 -0.0060403059
v 0.0069262704 0.0077148635 -0.0059338199
v 0.0070192905 0.0075802412 -0.0059494591
v 0.0070244253 0.0076816346 -0.0058205436
v 0.0070935322 0.0075388927 -0.0058637798
v 0.0071136032 0.0076107444 -0.0057176269
v 0.0071582363 0.0074696074 -0.0057891115
v 0.0071800852 0.0073733472 -0.005760037
v 0.0072221823 0.0073421805 -0.0057153051
v 0.0072546035 0.0073301425 -0.0055549034
v 0.0072491614 0.0072287539 -0.0056841705
v 0.0072214233 0.0071133374 -0.0057879282
v 0.0072490738 0.0070286478 -0.0056842743
v 0.0072546035 0.0069278575 -0.0055549034
v 0.0072219965 0.0069152767 -0.0057155216
v 0.0072081804 0.0067916788 -0.0056084787
v 0.0071766262 0.0068164744 -0.0057678876
v 0.0071402581 0.0066784882 -0.0056868653
v 0.0071160553 0.0067389632 -0.0058377852
v 0.0070692336 0.0067018046 -0.005891821
v 0.0070201887 0.0067335711 -0.0059667938
v 0.006992887 0.0066706483 -0.0059799292
v 0.0068927046 0.0065408986 -0.0059725569
v 0.0069138601 0.0066707266 -0.006071129
v 0.0068623519 0.0066882208 -0.0061305744
v 0.0068136158 0.0067191071 -0.0061868211
v 0.0066718066 0.0066472556 -0.0062274873
v 0.0067489149 0.006788392 -0.0062614932
v 0.0067132863 0.0068478329 -0.006302605
v 0.0065591771 0.0068349492 -0.0063574683
v 0.0066738252 0.0069523839 -0.0063481513
v 0.0065207032 0.006976788 -0.00640187
v 0.0066534213 0.0070689666 -0.0063716975
v 0.0066366817 0.0071866353 -0.0063267253
v 0.0066475642 0.007261353 -0.0063141641
v 0.0066667784 0.0073320502 -0.0062919879
v 0.0066937471 0.007396574 -0.0062608697
v 0.0067276375 0.0074529708 -0.0062217569
v 0.0067674292 0.0074995216 -0.0061758371
v 0.006702401 0.0076304063 -0.006117032
v 0.0068844312 0.0075644058 -0.0060408074
v 0.0069345108 0.0075676886 -0.0059830128
v 0.0069184254 0.0076738356 -0.0058677263
v 0.0070084303 0.007547699 -0.0058977069
v 0.0070086264 0.0076304063 -0.0057636291
v 0.0070764434 0.007499174 -0.0058192197
v 0.0070883927 0.0075528069 -0.0056715739
v 0.0071692707 0.0074056203 -0.0055782354
v 0.0071875115 0.0072967466 -0.0056910376
v 0.0072054642 0.0072721892 -0.005536466
v 0.0072068872 0.0071859984 -0.0056686714
v 0.0071959475 0.0069966473 -0.0056812983
v 0.0071838649 0.0068951904 -0.0055613928
v 0.0071641721 0.0068927895 -0.0057179682
v 0.0071158765 0.0068050268 -0.0057737018
v 0.0070633178 0.0066758118 -0.0057005115
v 0.007054352 0.0067393459 -0.0058447072
v 0.0069340903 0.0066902827 -0.0059834976
v 0.0068239372 0.0065778646 -0.0059767711
v 0.0068593102 0.0067003552 -0.0060697963
v 0.0068115226 0.0067234338 -0.0061249557
v 0.0067670748 0.0067588236 -0.0061762469
v 0.0066226346 0.0067051932 -0.0062090872
v 0.0067096052 0.0068325734 -0.006242572
v 0.0066791147 0.0068933306 -0.0062777545
v 0.0065271624 0.0068951904 -0.0063192682
v 0.0066474432 0.0069972611 -0.0063143089
v 0.0064987221 0.0070329307 -0.0063520899
v 0.0066344577 0.0071101665 -0.0063292911
v 0.0029470487 0.0071489477 -0.0086608442
v 0.0030286182 0.0072183026 -0.0085168403
v 0.0029296747 0.0072476204 -0.0086661369
v 0.0029898831 0.0073463413 -0.0085282136
v 0.0028831172 0.0073357179 -0.0086867973
v 0.002891589 0.0074926461 -0.0085570762
v 0.0028019072 0.0074340965 -0.0087031439
v 0.0026750823 0.0074640665 -0.0088127783
v 0.0026225934 0.0074979744 -0.0087696832
v 0.0025304488 0.0074955083 -0.0087986073
v 0.002453235 0.0074555419 -0.0088365652
v 0.0023693619 0.0074163502 -0.0088536559
v 0.0022959523 0.0075743737 -0.0087319702
v 0.0022912088 0.0073959952 -0.0088421475
v 0.0022707947 0.0073310982 -0.0088703498
v 0.0022194032 0.0072100481 -0.0088828724
v 0.002216365 0.0072813419 -0.0088609211
v 0.0022499468 0.0071376242 -0.0089174468
v 0.0020567281 0.0070396975 -0.0088022133
v 0.0022051567 0.0070970672 -0.0089050025
v 0.0022099598 0.0070038811 -0.0088679535
v 0.0022493626 0.0069486148 -0.0088686595
v 0.0022764609 0.0068845485 -0.0088515213
v 0.0023160547 0.0068546753 -0.008874809
v 0.0022254949 0.0067350439 -0.0087526586
v 0.002374032 0.0068039585 -0.00882854
v 0.0023341356 0.0066629102 -0.0087207589
v 0.0024647482 0.0067664824 -0.0088066669
v 0.002456988 0.0066225397 -0.008684686
v 0.0025644591 0.0067548329 -0.0087827925
v 0.0026585232 0.0067651441 -0.0087579001
v 0.0027407596 0.0068144802 -0.0087510362
v 0.00271144 0.0066457413 -0.0086099725
v 0.0028598511 0.0067350439 -0.008566395
v 0.0028460619 0.0068686741 -0.0086916747
v 0.0029468767 0.0068340249 -0.0085408414
v 0.002907645 0.0069293621 -0.0086985841
v 0.002915666 0.006985867 -0.0086766012
v 0.003019301 0.0069958962 -0.0085195765
v 0.0030286182 0.0070396975 -0.0085168403
v 0.0030342368 0.0070841781 -0.0085151909
v 0.0023089107 0.0072204285 -0.009703863
v 0.0023866424 0.0071614514 -0.0095355563
v 0.0024224664 0.007246472 -0.0095439103
v 0.0023485681 0.0073515152 -0.0096922187
v 0.0024605377 0.0073314737 -0.0095304498
v 0.0024194273 0.0074674379 -0.009671412
v 0.0025170315 0.0074259154 -0.009534109
v 0.0025705995 0.0074584173 -0.00950395
v 0.0026015488 0.0074938023 -0.0094761463
v 0.0026336394 0.007623763 -0.0096085142
v 0.002691658 0.0075176796 -0.0094781188
v 0.002762394 0.0076535123 -0.0095707081
v 0.002791249 0.0075306379 -0.0094513107
v 0.0028941489 0.0076475169 -0.009532021
v 0.0028970528 0.0075180202 -0.0094275992
v 0.0029781447 0.0074646374 -0.009392059
v 0.0030325747 0.0074268451 -0.009377929
v 0.0030645679 0.0073899585 -0.0093390044
v 0.0030818013 0.0073356161 -0.0093475996
v 0.0031127853 0.0073002096 -0.0093227053
v 0.0032811456 0.007309079 -0.0094183885
v 0.0031307414 0.0072092611 -0.0093355268
v 0.0033096897 0.007174889 -0.0094100075
v 0.0031339314 0.0071096158 -0.0093302052
v 0.0031370907 0.0070469481 -0.0093384139
v 0.0030648867 0.0069714362 -0.0092965845
v 0.0030801084 0.0069271467 -0.0093486613
v 0.0031934206 0.0067905622 -0.009444147
v 0.0030188272 0.0068439556 -0.0093674814
v 0.0029926938 0.0068007792 -0.0093609948
v 0.0029471749 0.0067866541 -0.0093940418
v 0.0029792085 0.0066342369 -0.0095070457
v 0.0028511046 0.0067480559 -0.0094209328
v 0.0028504541 0.0066044876 -0.0095448518
v 0.0027601195 0.0067387487 -0.0094515305
v 0.0026955903 0.0067483954 -0.0094671283
v 0.0026336394 0.0066342369 -0.0096085142
v 0.0025984687 0.0067825079 -0.0094993297
v 0.0025446101 0.0068252928 -0.009506839
v 0.0024194273 0.0067905622 -0.009671412
v 0.0024974076 0.0068435069 -0.0095046503
v 0.0024532466 0.0069158632 -0.0095499257
v 0.0024302388 0.0069808526 -0.0095406776
v 0.0023952068 0.0070567395 -0.0095330976
v 0.0023989913 0.0071099597 -0.0095578782
v 0.0033516241 0.007306476 -0.009063575
v 0.0029257114 0.0075252091 -0.0088678855
v 0.0029718755 0.0074507355 -0.0088696495
v 0.0030834442 0.007259203 -0.0088054804
v 0.0030438304 0.0071578809 -0.0088335281
v 0.0031024755 0.0070864552 -0.0087955264
v 0.0029674894 0.0067735315 -0.008832744
v 0.0030522896 0.0066067102 -0.0088395566
v 0.0030758465 0.0065981924 -0.0088944152
v 0.0022048992 0.0066191048 -0.0090278234
v 0.0021638211 0.0066583349 -0.009039885
v 0.0022564798 0.0068071029 -0.0090450212
v 0.0021867827 0.0069150963 -0.009063183
v 0.0021452613 0.0071715453 -0.0090765893
v 0.0021854022 0.0073399934 -0.0090636095
v 0.0020922625 0.0075107845 -0.0090608966
v 0.0023086946 0.0074411484 -0.0090688426
v 0.0023364294 0.0075432699 -0.0090883864
v 0.0023452807 0.0075463017 -0.009134472
v 0.0023604562 0.006715081 -0.0092905225
v 0.0023334457 0.0067133041 -0.0090848669
v 0.0023507432 0.0072253202 -0.0095532281
v 0.0023731398 0.0072995605 -0.0095466604
v 0.0023242997 0.007411133 -0.0096503278
v 0.0024289896 0.0074005326 -0.0095302552
v 0.0024103397 0.0075279963 -0.0096250638
v 0.0025080042 0.0074830101 -0.0095070606
v 0.0025224693 0.0076176686 -0.0095921397
v 0.0026399202 0.0075547016 -0.0094683241
v 0.0026991591 0.0076846934 -0.0095402595
v 0.0027500361 0.0075750231 -0.0094359923
v 0.0028246355 0.0075716759 -0.0094140811
v 0.0028975497 0.0075548913 -0.0093926765
v 0.0030219832 0.0076403986 -0.0094454695
v 0.0029989346 0.0075057114 -0.0093629077
v 0.003141185 0.0075612528 -0.0094104685
v 0.0030535383 0.0074363669 -0.0093079336
v 0.0031301484 0.00736915 -0.009324378
v 0.003150526 0.0072776145 -0.009279451
v 0.0031871784 0.0072259416 -0.0093076319
v 0.0033325227 0.007178179 -0.0093542865
v 0.0031970036 0.0071098435 -0.0093047466
v 0.0033263578 0.0070310162 -0.0093560969
v 0.0031776656 0.0069950503 -0.0093104258
v 0.0031090619 0.0068574668 -0.0093305685
v 0.0030586554 0.0068000519 -0.00934537
v 0.0028874814 0.0068241855 -0.0092713894
v 0.0028556769 0.0068037101 -0.0093049236
v 0.0028399294 0.0067260595 -0.0093554189
v 0.0028252446 0.0066863956 -0.0094139116
v 0.0027931738 0.0065647341 -0.0095126541
v 0.0027134146 0.0066863185 -0.0094467435
v 0.0026405018 0.0067031049 -0.0094681555
v 0.0025643643 0.0066176014 -0.0095798388
v 0.0025391174 0.0067522874 -0.0094979225
v 0.0024451627 0.0066967473 -0.0096148388
v 0.0023784302 0.0067662968 -0.0096344339
v 0.0024079003 0.0068888474 -0.0095364532
v 0.0023024904 0.0068905308 -0.0096567316
v 0.0023605714 0.0069944438 -0.0095503438
v 0.0023410679 0.0071092079 -0.0095560789
v 0.0023077917 0.0071491442 -0.009521661
v 0.0022141603 0.0072328118 -0.0096304469
v 0.0023280969 0.007269655 -0.0095157042
v 0.0023580517 0.0073451536 -0.0095069069
v 0.0023091822 0.0074719 -0.0096025454
v 0.0024253307 0.0074454206 -0.0094871471
v 0.0024103469 0.0075869626 -0.0095728409
v 0.0025152122 0.0075241298 -0.0094607562
v 0.0025847205 0.0075619029 -0.00944035
v 0.0026594668 0.007586521 -0.0094184024
v 0.0027290639 0.007724553 -0.0094792569
v 0.0027764116 0.0075972617 -0.0093840636
v 0.0028541388 0.0075866554 -0.0093612453
v 0.0029289112 0.0075621292 -0.0093392838
v 0.0030658632 0.0076467341 -0.0093803644
v 0.0030306205 0.0075010232 -0.0093094209
v 0.0031136877 0.0074145623 -0.0092850314
v 0.0031558464 0.0073456851 -0.0092726514
v 0.0031762407 0.0072484439 -0.0092338553
v 0.0032029077 0.0071904745 -0.0092588333
v 0.0033526691 0.0071289999 -0.0092961505
v 0.0032029857 0.00706812 -0.0092588119
v 0.0033331236 0.0069742707 -0.0093018893
v 0.0031726689 0.0069499157 -0.0092677116
v 0.0031365207 0.0068774222 -0.0092783278
v 0.0030888382 0.0068125754 -0.0092923274
v 0.0030310799 0.0067573391 -0.0093092887
v 0.0027769862 0.0066607663 -0.0093838932
v 0.0027290639 0.0065334471 -0.0094792569
v 0.0026600293 0.0066713594 -0.0094182311
v 0.002585253 0.0066958713 -0.0094401907
v 0.0024922516 0.0066112658 -0.0095487913
v 0.0024835444 0.0067569747 -0.0094700592
v 0.0024257153 0.0068121316 -0.009487039
v 0.0023091822 0.0067861 -0.0096025454
v 0.0023583176 0.0069123142 -0.0095068287
v 0.0022400387 0.0069245308 -0.0096228482
v 0.0023180924 0.0070272615 -0.0095186416
v 0.0022076287 0.0070768959 -0.0096323645
v 0.002280727 0.0071924127 -0.0094844574
v 0.0021831207 0.0072912673 -0.0095845224
v 0.0023300585 0.0073032643 -0.0094275648
v 0.0022189843 0.0073939615 -0.009573992
v 0.0023499324 0.0073909076 -0.0094641332
v 0.0023033605 0.0075319973 -0.0095492169
v 0.0024284294 0.0074885193 -0.0094410857
v 0.0024191409 0.0076425694 -0.0095152209
v 0.0025284921 0.0075616338 -0.0094117081
v 0.0026038629 0.0075942185 -0.0093895743
v 0.0026835173 0.0076126726 -0.009366186
v 0.0027641796 0.0077559524 -0.0094139088
v 0.0028057201 0.0076127401 -0.009330303
v 0.0028853945 0.0075943809 -0.0093069101
v 0.0029607983 0.0075618799 -0.0092847688
v 0.0031092181 0.0076425694 -0.0093125958
v 0.0030609423 0.0074888876 -0.0092553651
v 0.0032249985 0.0075319973 -0.0092785997
v 0.0031395431 0.0073913662 -0.0092322851
v 0.0031772628 0.0073159546 -0.0092212098
v 0.0031955601 0.0072131681 -0.0091872221
v 0.0032125369 0.0071505516 -0.0092108516
v 0.0033634468 0.0070743576 -0.0092379475
v 0.0032019534 0.0070236683 -0.0092139594
v 0.0033294577 0.0069145696 -0.0092479276
v 0.0031206603 0.0069187601 -0.0091954233
v 0.0032851428 0.0068155237 -0.00926094
v 0.0031164165 0.0068322132 -0.0092390744
v 0.0029565645 0.0068400138 -0.0092080018
v 0.0029048808 0.0068022736 -0.0092231795
v 0.0028962765 0.0066731031 -0.0092750989
v 0.0028464482 0.0066527474 -0.009318343
v 0.0028166086 0.0065044333 -0.009398514
v 0.0027247178 0.0066415729 -0.0093540881
v 0.0026597204 0.0065115724 -0.00944458
v 0.0026043588 0.0066636176 -0.009389429
v 0.0025289548 0.0066961191 -0.0094115712
v 0.0024191409 0.0066154307 -0.0095152209
v 0.0024288134 0.006769115 -0.009440973
v 0.0023736563 0.0068317862 -0.0094571659
v 0.0022432164 0.0068155237 -0.0095668767
v 0.002312493 0.0069420467 -0.0094751274
v 0.0021831207 0.0069667328 -0.0095845224
v 0.0022808034 0.0070650513 -0.0094844304
v 0.002162623 0.0071289999 -0.0095905416
v 0.0022741358 0.0071905798 -0.0094024451
v 0.0022603238 0.0072378436 -0.009444405
v 0.0021613087 0.0073518 -0.0095334813
v 0.0023062574 0.0073812839 -0.0094049308
v 0.0023486903 0.0074355919 -0.0094184592
v 0.0023066832 0.007589626 -0.0094907951
v 0.002437907 0.007528652 -0.0093922602
v 0.0024361324 0.0076931494 -0.009452785
v 0.0025471915 0.0075944771 -0.0093601706
v 0.0026275602 0.0076209335 -0.0093365727
v 0.0027111168 0.0076324434 -0.0093120407
v 0.0028031261 0.0077779447 -0.0093450263
v 0.0028368635 0.0076210316 -0.0092751157
v 0.0029172592 0.0075946613 -0.0092515113
v 0.0029920337 0.0075541328 -0.0092295535
v 0.0030275749 0.0074761943 -0.009181216
v 0.0030887672 0.0074696229 -0.0092011528
v 0.0032606504 0.0075026412 -0.0092106849
v 0.0031612108 0.0073618948 -0.0091798795
v 0.0031935018 0.0072807566 -0.0091703987
v 0.0032076023 0.0071729052 -0.0091402741
v 0.0032154974 0.0071072514 -0.00916394
v 0.0031633778 0.0070269561 -0.0091413395
v 0.003193635 0.0069776877 -0.0091703586
v 0.0033151258 0.0068536965 -0.0091946894
v 0.0031218675 0.0068395998 -0.0091654478
v 0.0030890671 0.0067887221 -0.0092010634
v 0.0028506266 0.0066417049 -0.0092450926
v 0.0027957638 0.0066294112 -0.0092871856
v 0.0027023738 0.0066584452 -0.0092767036
v 0.0026695405 0.0066293491 -0.0093242476
v 0.0025868793 0.0064997732 -0.009408522
v 0.0025476026 0.0066633386 -0.0093600523
v 0.0024728293 0.0067038728 -0.0093820035
v 0.0023468849 0.0066299807 -0.0094789905
v 0.0023760952 0.0067883787 -0.0094104107
v 0.0023520859 0.0068907865 -0.0093811281
v 0.0022867012 0.0069158602 -0.0094106743
v 0.0022713614 0.0069772442 -0.0094411621
v 0.0021331101 0.0070158815 -0.0095417608
v 0.0022493817 0.0071067865 -0.009447618
v 0.0022244113 0.0071513542 -0.0094081383
v 0.0022468353 0.0072842174 -0.0094015557
v 0.0021490352 0.0074126019 -0.009477656
v 0.0022051528 0.0075139039 -0.009461179
v 0.0023540871 0.0074779859 -0.009370064
v 0.0023187099 0.0076430614 -0.0094278349
v 0.0024532136 0.0075647376 -0.0093409574
v 0.0024604718 0.0077371865 -0.0093862103
v 0.002570506 0.0076217921 -0.0093065171
v 0.0026548798 0.0076413224 -0.0092817429
v 0.0027412255 0.0076452825 -0.0092563886
v 0.0028443939 0.0077898645 -0.0092734803
v 0.0028687059 0.0076219046 -0.0092189578
v 0.0029485696 0.0075874653 -0.0091955081
v 0.0030167019 0.0075405839 -0.0091454122
v 0.0031130367 0.0074437337 -0.0091472143
v 0.0032901997 0.0074645297 -0.0091425801
v 0.0031777979 0.0073269303 -0.0091282005
v 0.0032038197 0.0072410313 -0.0091205599
v 0.0033764627 0.0071289999 -0.0091172509
v 0.0032113916 0.007061734 -0.0091183359
v 0.0031779374 0.0069314142 -0.0091281595
v 0.0032901997 0.0067934702 -0.0091425801
v 0.0032258241 0.0066976513 -0.0091614822
v 0.0030548889 0.0067481267 -0.0091642892
v 0.0029863401 0.0066932636 -0.0091844179
v 0.002909689 0.0066516435 -0.0092069233
v 0.0027498151 0.0067313384 -0.0091794567
v 0.0027046849 0.0067310488 -0.0092110761
v 0.0026126343 0.0066244461 -0.0092941463
v 0.002512367 0.0064984105 -0.009370972
v 0.0025024069 0.0066581239 -0.0093019461
v 0.0024106475 0.0065478455 -0.0094008395
v 0.002418075 0.0067189081 -0.0093512746
v 0.0022772963 0.0066544892 -0.0094399951
v 0.0023265113 0.0068142613 -0.0093781618
v 0.0021275396 0.0068994841 -0.0094839675
v 0.0022357374 0.0070169695 -0.0094048135
v 0.0020911591 0.0070705133 -0.0094946498
v 0.0023541062 0.0076148435 -0.0093380125
v 0.0024736552 0.0075957961 -0.0092875293
v 0.0024910765 0.0077733609 -0.009316255
v 0.0025975271 0.0076428184 -0.0092511565
v 0.0026847993 0.0076548152 -0.0092255311
v 0.0027727443 0.0076508385 -0.0091997074
v 0.002832188 0.0076412222 -0.0091582449
v 0.0029000931 0.0076153104 -0.0091623148
v 0.0029549024 0.0075882379 -0.009122213
v 0.0030934825 0.0065672955 -0.0091393726
v 0.0029402578 0.0066622054 -0.0091505215
v 0.0027952439 0.0067385124 -0.0091481727
v 0.0026120811 0.0066067619 -0.009222874
v 0.0025552232 0.0066269972 -0.0092635775
v 0.0024357252 0.0066850263 -0.0092986669
v 0.0029827813 0.0066895186 -0.0090661893
v 0.0030328874 0.0065268698 -0.0090951068
v 0.0029050729 0.0066427601 -0.0090890067
v 0.0029274963 0.0064756506 -0.0091260528
v 0.002687521 0.006592502 -0.0091528861
v 0.0026411861 0.0064363658 -0.0092101205
v 0.00255429 0.0066107859 -0.0091920063
v 0.0025114617 0.0066248617 -0.009204581
v 0.002469972 0.0066427715 -0.0092167646
v 0.002365771 0.0065268698 -0.00929099
v 0.0023922659 0.0066895349 -0.009239581
v 0.0023922883 0.0075684828 -0.0092395745
v 0.002365771 0.0077311301 -0.00929099
v 0.0024984016 0.0076209854 -0.0092323894
v 0.0025543172 0.0076472218 -0.0091919979
v 0.0025834856 0.0078137171 -0.0092270631
v 0.0026426841 0.0076634606 -0.0091660513
v 0.0027162286 0.007661048 -0.0091684299
v 0.0028151728 0.0078137171 -0.0091590337
v 0.0028636081 0.0076331365 -0.0091011819
v 0.0029812646 0.0077591376 -0.0091102641
v 0.0029828057 0.0075684672 -0.0090661827
v 0.002932641 0.0066629856 -0.0090326291
v 0.0029119966 0.0064715113 -0.0090679178
v 0.0028081157 0.0066092327 -0.0090691928
v 0.0027480791 0.0065981644 -0.0091109449
v 0.0026294866 0.0065929427 -0.009121643
v 0.0025658065 0.0064399451 -0.0091695689
v 0.0024163292 0.0066629822 -0.0091842316
v 0.0024538485 0.0075710111 -0.0091737542
v 0.0025056254 0.0075776416 -0.0091660094
v 0.0025848246 0.0076589306 -0.009134757
v 0.0026744807 0.007667107 -0.0091084313
v 0.0027480398 0.0076598379 -0.0091109561
v 0.0028184017 0.0076042537 -0.0090667117
v 0.0028926821 0.0076166894 -0.0090443619
v 0.0030180553 0.0077349448 -0.0090367762
v 0.0029829119 0.0067013657 -0.0089944784
v 0.0028643457 0.0066348031 -0.0090286048
v 0.0027506268 0.0066020331 -0.0090378696
v 0.002687769 0.0066502794 -0.0090547508
v 0.0026653949 0.0064301038 -0.0090774788
v 0.0025723162 0.0066020262 -0.0090902267
v 0.0025136061 0.0066188645 -0.0091315905
v 0.002381993 0.0064955851 -0.0091606934
v 0.0024191879 0.0067818457 -0.0091522612
v 0.0022343504 0.0076643855 -0.0092040446
v 0.0023922452 0.0075801519 -0.0091672257
v 0.0025285506 0.0076458618 -0.0091030771
v 0.0026069495 0.0078252366 -0.0090946402
v 0.0027061822 0.0076620665 -0.0090509202
v 0.002779095 0.0076512159 -0.009053636
v 0.0029181493 0.0075924211 -0.0089886809
v 0.0029828472 0.0075573273 -0.0089910334
v 0.0029286586 0.0066810936 -0.0089616464
v 0.0029294665 0.0065010012 -0.0089373967
v 0.0028081022 0.0066225323 -0.0089970442
v 0.0025905422 0.0064387167 -0.0090369131
v 0.002517618 0.0066194447 -0.0090586884
v 0.0024599149 0.0066384439 -0.009099282
v 0.0023160619 0.0065289136 -0.0091175079
v 0.002419797 0.0076000619 -0.0091110613
v 0.0024210953 0.0077801319 -0.0090866672
v 0.0025885666 0.0076554865 -0.0090615056
v 0.0026484879 0.0078219201 -0.0090198988
v 0.0027364439 0.0076485111 -0.0089944365
v 0.002808278 0.0076354081 -0.0089969929
v 0.0029294665 0.0077569989 -0.0089373967
v 0.0029388722 0.007561137 -0.0089349985
v 0.0030070127 0.0065705014 -0.0088528512
v 0.0028739953 0.0066643386 -0.0089299405
v 0.0028555326 0.0064883168 -0.0088973293
v 0.002750701 0.0066176116 -0.0089661429
v 0.0026888044 0.0064497936 -0.0089462852
v 0.0026200036 0.006605734 -0.0090045199
v 0.002518191 0.0064575573 -0.008996382
v 0.0024669177 0.0066446188 -0.0090271026
v 0.0024098861 0.0066644776 -0.0090662153
v 0.0023046972 0.0077194569 -0.0090590693
v 0.0024498843 0.0076129594 -0.0090544714
v 0.0025334386 0.0076403887 -0.0090299366
v 0.0026202933 0.0076522804 -0.0090044342
v 0.0026888044 0.0078082064 -0.0089462852
v 0.0027639794 0.0076269007 -0.0089398758
v 0.0028345243 0.0076128477 -0.0089415299
v 0.0029588803 0.0077194569 -0.008866984
v 0.0029329348 0.0067448959 -0.0088437056
v 0.0029817405 0.0065837552 -0.008799722
v 0.0029347504 0.0065525552 -0.0088135196
v 0.0028175607 0.0066547705 -0.0088992534
v 0.002780718 0.0064860595 -0.0088587474
v 0.0026933779 0.0066201478 -0.0089357175
v 0.0026154211 0.006463379 -0.0089072833
v 0.0025648293 0.0066202042 -0.0089734631
v 0.0024501239 0.0064860595 -0.0089558192
v 0.0023455122 0.0065257425 -0.008986536
v 0.0023645505 0.0066962658 -0.0090322696
v 0.0022048992 0.0076388953 -0.0090278234
v 0.0023648788 0.007561948 -0.0090321746
v 0.0023455122 0.0077322575 -0.008986536
v 0.002481404 0.0076185227 -0.0089979587
v 0.0025652123 0.0076378513 -0.0089733494
v 0.0026509673 0.0076417189 -0.0089481702
v 0.002726323 0.0077845087 -0.0088747196
v 0.0028338551 0.0077544792 -0.008843145
v 0.0028568439 0.0075841347 -0.0088877199
v 0.0021489446 0.0072373282 -0.0090489868
v 0.0020184063 0.0073494322 -0.0090237098
v 0.0022127028 0.0073975314 -0.0090302654
v 0.0021257892 0.0075432771 -0.0089921789
v 0.0022931527 0.0074973598 -0.0090066424
v 0.0022448103 0.0076569441 -0.008957232
v 0.0023956548 0.0075720826 -0.0089765457
v 0.0023880033 0.0077346326 -0.0089151865
v 0.0025132196 0.0076166108 -0.0089420253
v 0.0025960354 0.0076279275 -0.0089177104
v 0.0026794777 0.0076240939 -0.0088932063
v 0.0027610131 0.0076052091 -0.0088692667
v 0.0028608511 0.007713116 -0.0087763459
v 0.0028743555 0.007550055 -0.0088359859
v 0.0029405942 0.0074970272 -0.0088165371
v 0.0029969939 0.0074328201 -0.0087999754
v 0.0031350513 0.0074512503 -0.008695833
v 0.0030594773 0.0073198812 -0.008781633
v 0.0030644496 0.0072121617 -0.0087640896
v 0.0030644762 0.0070459918 -0.0087640813
v 0.003196829 0.006962191 -0.0086776936
v 0.0030593066 0.0069376611 -0.0087816786
v 0.0031350513 0.0068067497 -0.008695833
v 0.0029967048 0.0068247934 -0.008800062
v 0.0028739574 0.0067076835 -0.0088361042
v 0.0028608511 0.0065448839 -0.0087763459
v 0.0027605637 0.0066526473 -0.0088693999
v 0.0027068895 0.0064942908 -0.0088215532
v 0.0026373661 0.0066300704 -0.0089055734
v 0.0025456098 0.0064869519 -0.0088689091
v 0.0025127602 0.0066414958 -0.0089421604
v 0.0024331131 0.0066677107 -0.0089655459
v 0.0022903096 0.0065708459 -0.0089438722
v 0.0023248142 0.0067329506 -0.0089973459
v 0.002162236 0.0066732693 -0.008981478
v 0.0022124499 0.0068608824 -0.0090303399
v 0.0021809812 0.0069652818 -0.0090234984
v 0.0020021838 0.006962191 -0.0090284735
v 0.0021416037 0.007064059 -0.0090511419
v 0.0019811126 0.0071289999 -0.0090346603
v 0.0021454729 0.0071922425 -0.0090042209
v 0.0021629797 0.0072743246 -0.00899908
v 0.0021938987 0.0073519904 -0.0089900015
v 0.0022372848 0.0074228825 -0.008977261
v 0.0021644677 0.0075664138 -0.0089240629
v 0.0023227793 0.0075118692 -0.0089521628
v 0.0022873937 0.0076647204 -0.0088879686
v 0.0024274492 0.0075747751 -0.0089214254
v 0.002430544 0.0077265184 -0.0088459352
v 0.0025441779 0.0076072947 -0.0088871518
v 0.002624783 0.007610908 -0.0088634869
v 0.0027047652 0.0075998879 -0.0088399999
v 0.0027816966 0.0075745596 -0.0088174088
v 0.0028809328 0.0076647204 -0.0087136893
v 0.0028863004 0.0075115315 -0.0087866947
v 0.0029457503 0.0074546859 -0.0087692399
v 0.0029948282 0.0073879484 -0.0087548286
v 0.0031220922 0.0073904302 -0.0086428789
v 0.0030458295 0.0072737886 -0.008739851
v 0.0030354322 0.0071686528 -0.0087324899
v 0.003066716 0.007107678 -0.0087337201
v 0.0030222824 0.0070115832 -0.0087363465
v 0.0031419075 0.0069174274 -0.00863706
v 0.0030147498 0.0069060087 -0.008748978
v 0.0030703619 0.0067741877 -0.0086580679
v 0.0029453887 0.0068028964 -0.0087693442
v 0.002885872 0.0067461283 -0.0087868214
v 0.0028178038 0.0067009883 -0.0088068075
v 0.0027871653 0.0065477093 -0.008741222
v 0.002704239 0.0066579912 -0.0088401545
v 0.0026358934 0.0065127573 -0.0087856395
v 0.0025838669 0.0066470917 -0.0088755
v 0.0024810962 0.0065198013 -0.0088310918
v 0.0024648868 0.0066690248 -0.008910433
v 0.0023903698 0.006701253 -0.0089323163
v 0.002243723 0.0066222754 -0.008900791
v 0.0022914333 0.0067735395 -0.0089613652
v 0.0022369644 0.0068355683 -0.0089773607
v 0.0021936486 0.0069065074 -0.0089900751
v 0.0021807805 0.0070114172 -0.0089834366
v 0.0019996413 0.0070215819 -0.00897246
v 0.0021419062 0.0071082391 -0.0090052687
v 0.002149092 0.0071494701 -0.0089582937
v 0.002159232 0.0072293521 -0.0089553153
v 0.0021825291 0.0073061852 -0.0089484738
v 0.0022182802 0.0073776314 -0.0089379806
v 0.0022653835 0.0074415271 -0.0089241477
v 0.0022067935 0.0075795115 -0.0088574091
v 0.0023541311 0.0075190342 -0.0088980893
v 0.0023310303 0.0076620006 -0.0088209301
v 0.0024591014 0.007569963 -0.0088672662
v 0.0024715189 0.0077081665 -0.0087796791
v 0.0025731437 0.0075908365 -0.0088337824
v 0.0026503813 0.0075872737 -0.0088110991
v 0.0027258513 0.0075697759 -0.0087889429
v 0.0027972639 0.0075389007 -0.0087679667
v 0.002893162 0.0076107442 -0.0086558728
v 0.0028920642 0.00746961 -0.008740137
v 0.0029442587 0.0074101656 -0.0087248111
v 0.0029857594 0.0073421801 -0.0087126229
v 0.0030997535 0.0073301424 -0.008595212
v 0.0030252882 0.0072287541 -0.0087010168
v 0.0030001109 0.0071290909 -0.0087057814
v 0.0030319043 0.0070683578 -0.0086990749
v 0.0029430056 0.0069854782 -0.0087407386
v 0.0030809152 0.0068804579 -0.008600744
v 0.0029661152 0.0068803663 -0.0087183934
v 0.0030017674 0.0067509758 -0.0086239833
v 0.0028916348 0.0067879684 -0.0087402571
v 0.0028302646 0.0067389578 -0.0087582773
v 0.0027616604 0.0067018011 -0.0087784236
v 0.0027155511 0.0065609381 -0.008708024
v 0.0026497976 0.0066706458 -0.0088112704
v 0.002569505 0.006540899 -0.0087509077
v 0.0025340114 0.0066707322 -0.008845273
v 0.0024234587 0.0065609381 -0.0087937905
v 0.0024221879 0.0067020388 -0.0088781049
v 0.0023536317 0.0067392919 -0.0088982327
v 0.0022067935 0.0066784884 -0.0088574091
v 0.0022649835 0.0068169233 -0.0089242632
v 0.0022179559 0.0068808814 -0.00893807
v 0.0021823051 0.006952382 -0.0089485409
v 0.0021890863 0.0070549584 -0.0089439206
v 0.0020073734 0.0070777436 -0.0089159641
v 0.0021626407 0.0071866361 -0.0089104339
v 0.0021785956 0.0072613523 -0.0089057541
v 0.0022067449 0.0073320509 -0.0088974839
v 0.0022462576 0.0073965741 -0.0088858871
v 0.0022959104 0.0074529733 -0.0088713035
v 0.0022511689 0.007582188 -0.008793091
v 0.002386061 0.0075186498 -0.00884484
v 0.0023740861 0.0076488758 -0.0087569995
v 0.0024894448 0.0075577773 -0.0088144835
v 0.0025093758 0.0076801351 -0.0087172749
v 0.0025990217 0.0075676866 -0.0087823072
v 0.0027418572 0.0075345735 -0.0087403633
v 0.0028069762 0.0074991737 -0.0087212497
v 0.0028968516 0.0075528066 -0.0086035017
v 0.0028911862 0.0074254322 -0.0086965138
v 0.002935847 0.0073646665 -0.0086834073
v 0.0029697192 0.0072967504 -0.0086734533
v 0.0030683831 0.0072721891 -0.0085531348
v 0.0029981069 0.0071859993 -0.0086651208
v 0.0030844507 0.0070807818 -0.0085484177
v 0.002991616 0.007033643 -0.0086670281
v 0.0029144178 0.0068614212 -0.0086896919
v 0.0029309941 0.0067378 -0.008593476
v 0.0028365795 0.0067804329 -0.0087125596
v 0.0027746109 0.0067393513 -0.008730753
v 0.0027067384 0.0067101078 -0.0087506777
v 0.0026478183 0.0065841646 -0.0086766245
v 0.002598407 0.0066902899 -0.0087824916
v 0.0025093758 0.0065778649 -0.0087172749
v 0.0024888432 0.0067003622 -0.0088146605
v 0.0023740861 0.0066091242 -0.0087569995
v 0.0023855129 0.0067396454 -0.0088449992
v 0.0023235993 0.0067808177 -0.0088631768
v 0.0022458821 0.0068619352 -0.008885997
v 0.0022064703 0.0069265234 -0.0088975724
v 0.0021784119 0.0069972608 -0.008905809
v -0.0096485957 0.0066290001 -0.00016423003
v -0.009607313 0.0066290001 -0.00090659495
v -0.0095517996 0.0066277663 -0.00088491725
v -0.0094942709 0.0065747657 -0.00087669897
v -0.0093632059 0.0065973889 -0.00086753912
v -0.0093077475 0.0066160149 -0.00088077525
v -0.009348721 0.0066290001 -0.00015423327
v -0.0086860142 0.006616965 0.0034669416
v -0.0087418824 0.0065957893 0.0034708554
v -0.0089265795 0.0066290001 0.0027818267
v -0.0088102797 0.0066084982 0.00349319
v -0.0088649353 0.0065755745 0.003517073
v -0.0092114906 0.0066290001 0.0028759028
v -0.008915575 0.0066277663 0.0035401267
v -0.0089668005 0.0066388874 0.0035673097
v -0.0094426142 0.0066339668 -0.00086535022
v -0.0091196129 0.0066290001 0.0020627746
v -0.0094116635 0.0066290001 0.002131422
v -0.0092548241 0.0066290001 0.0013306438
v -0.0095517698 0.0066290001 0.0013733382
v -0.0093313546 0.0066290001 0.00059007594
v -0.0096309155 0.0066290001 0.00060648945
v -0.0029470362 0.0071090524 -0.0086608432
v -0.0030286051 0.0070396975 -0.0085168403
v -0.0029296624 0.0070103794 -0.008666135
v -0.00298987 0.0069116588 -0.0085282136
v -0.0028831046 0.0069222817 -0.0086867964
v -0.0028915759 0.0067653538 -0.0085570762
v -0.0028018954 0.0068239012 -0.0087031402
v -0.002675069 0.0067939329 -0.0088127783
v -0.0026225811 0.006760029 -0.0087696869
v -0.0025304349 0.0067624893 -0.0087986054
v -0.0024115082 0.0067902041 -0.0088247001
v -0.0023693463 0.0068416475 -0.0088536531
v -0.0022911981 0.0068620065 -0.0088421484
v -0.0022707831 0.0069269024 -0.0088703508
v -0.0022156977 0.0070119408 -0.0088710884
v -0.0020954502 0.0069116588 -0.0087908391
v -0.0020567151 0.0070396975 -0.0088022133
v -0.002189789 0.0071172371 -0.0088732025
v -0.0020567151 0.0072183026 -0.0088022133
v -0.0022051435 0.0071609329 -0.0089050025
v -0.0022099437 0.0072541202 -0.0088679517
v -0.0022493517 0.0073093842 -0.0088686613
v -0.002276436 0.0073734606 -0.008851512
v -0.0023160428 0.0074033238 -0.008874809
v -0.0022254819 0.0075229561 -0.0087526586
v -0.0023740174 0.0074540432 -0.0088285381
v -0.0023341225 0.0075950898 -0.0087207589
v -0.0024647347 0.0074915183 -0.008806666
v -0.0024569749 0.0076354602 -0.008684686
v -0.0025644461 0.0075031671 -0.0087827925
v -0.0026585104 0.0074928523 -0.0087579029
v -0.0027407464 0.0074435185 -0.0087510381
v -0.0027114269 0.0076122588 -0.0086099725
v -0.0028598381 0.0075229561 -0.008566395
v -0.0028460475 0.0073893244 -0.0086916775
v -0.0029468637 0.007423975 -0.0085408414
v -0.0029076322 0.0073286384 -0.0086985841
v -0.0029156522 0.0072721327 -0.0086766031
v -0.003019288 0.0072621037 -0.0085195765
v -0.0030286051 0.0072183026 -0.0085168403
v -0.0030342238 0.0071738219 -0.0085151909
v -0.0023088977 0.0070375715 -0.009703863
v -0.0023866296 0.0070965487 -0.0095355563
v -0.0024224529 0.0070115278 -0.0095439112
v -0.002348555 0.0069064848 -0.0096922187
v -0.0024605247 0.0069265262 -0.0095304498
v -0.0024194142 0.0067905622 -0.009671412
v -0.002517018 0.0068320838 -0.0095341099
v -0.0025705865 0.006799582 -0.0095039509
v -0.0026015358 0.0067641976 -0.0094761463
v -0.0026336263 0.0066342369 -0.0096085142
v -0.0026916468 0.006740304 -0.0094781337
v -0.002762381 0.0066044876 -0.0095707081
v -0.0027912352 0.0067273652 -0.0094513079
v -0.0028941359 0.0066104833 -0.009532021
v -0.0028970502 0.0067399636 -0.0094276123
v -0.0029781309 0.0067933636 -0.0093920581
v -0.0030121403 0.0068203098 -0.0093552634
v -0.0030611884 0.0068588868 -0.0093735779
v -0.0032202369 0.006827003 -0.0094362699
v -0.0031008013 0.0069489033 -0.0093475474
v -0.0032811326 0.006948921 -0.0094183885
v -0.0033039241 0.0070375715 -0.0094116969
v -0.0032943853 0.0069927276 -0.0094144974
v -0.0033096767 0.0070831111 -0.0094100075
v -0.0031339179 0.0071483842 -0.0093302052
v -0.0030896987 0.0071962158 -0.0092874007
v -0.0030719929 0.0072359152 -0.009300999
v -0.0030648729 0.0072865635 -0.0092965845
v -0.0030800949 0.0073308532 -0.0093486603
v -0.0031934076 0.0074674379 -0.009444147
v -0.0030188155 0.0074140457 -0.0093674824
v -0.002992681 0.0074572208 -0.0093609948
v -0.0029471607 0.0074713448 -0.0093940409
v -0.0029791954 0.007623763 -0.0095070457
v -0.002851092 0.0075099455 -0.0094209338
v -0.0028064109 0.0076555158 -0.0095577795
v -0.0026976231 0.0074353496 -0.0093727192
v -0.0026327202 0.0074951578 -0.0094904616
v -0.0025538169 0.007584976 -0.0096319482
v -0.0025445968 0.0074327075 -0.009506839
v -0.0024972477 0.0073878978 -0.0095225662
v -0.0024532394 0.007342132 -0.0095499154
v -0.0024302262 0.0072771471 -0.0095406767
v -0.0023951938 0.0072012604 -0.0095330976
v -0.0023989787 0.0071480403 -0.0095578773
v -0.0023604408 0.0075429218 -0.0092905235
v -0.0023334317 0.007544697 -0.0090848669
v -0.0022048862 0.0076388953 -0.0090278234
v -0.0021638081 0.0075996652 -0.009039885
v -0.0022564663 0.0074508976 -0.0090450212
v -0.0021867682 0.0073429046 -0.009063183
v -0.0022151303 0.0071578809 -0.009076852
v -0.0021452487 0.0070864548 -0.0090765893
v -0.0021853899 0.0069180069 -0.0090636095
v -0.0022524586 0.0068089279 -0.0090460587
v -0.0021638081 0.0066583349 -0.009039885
v -0.0023364173 0.0067147313 -0.0090883864
v -0.0023452686 0.0067116996 -0.009134472
v -0.0029256984 0.0067327911 -0.0088678855
v -0.0029718606 0.0068072671 -0.0088696513
v -0.0030834312 0.0069987971 -0.0088054804
v -0.0030438178 0.0071001191 -0.0088335281
v -0.0031024627 0.0071715448 -0.0087955264
v -0.0029674764 0.0074844685 -0.008832744
v -0.0030522766 0.0076512898 -0.0088395566
v -0.0030758334 0.0076598076 -0.0088944152
v -0.0033715263 0.007069236 -0.0090577273
v -0.003049077 0.0071572045 -0.0092250608
v -0.0031090493 0.0074005335 -0.0093305685
v -0.0030586412 0.0074579473 -0.009345369
v -0.0028874688 0.0074338149 -0.0092713894
v -0.0028556637 0.0074542899 -0.0093049236
v -0.0028620272 0.0075648053 -0.0094031008
v -0.0027880033 0.0075750195 -0.0094248379
v -0.0027459739 0.0076911187 -0.0095265094
v -0.002607988 0.0076592365 -0.0095670257
v -0.0025714824 0.0075251621 -0.0094884146
v -0.0024826212 0.0075912196 -0.0096038362
v -0.0024798308 0.0074583815 -0.009515328
v -0.0023784172 0.0074917031 -0.0096344339
v -0.0024078877 0.0073691523 -0.0095364522
v -0.0023024774 0.0073674691 -0.0096567316
v -0.0023605586 0.007263556 -0.0095503438
v -0.0023410551 0.0071487919 -0.0095560789
v -0.0023507299 0.0070326797 -0.0095532291
v -0.002373127 0.0069584396 -0.0095466595
v -0.0023242866 0.0068468671 -0.0096503278
v -0.0024289768 0.0068574677 -0.0095302552
v -0.0024103266 0.0067300036 -0.0096250638
v -0.0025079912 0.0067749895 -0.0095070606
v -0.0025224562 0.0066403315 -0.0095921397
v -0.0026399072 0.0067032993 -0.0094683241
v -0.002699146 0.0065733065 -0.0095402595
v -0.0027500228 0.0066829783 -0.0094359914
v -0.002824622 0.0066863258 -0.0094140802
v -0.002897538 0.0067031061 -0.0093926774
v -0.0030219702 0.0066176014 -0.0094454695
v -0.0029989218 0.0067522883 -0.0093629077
v -0.0030846356 0.0068271436 -0.0093377369
v -0.0032366572 0.0068053504 -0.009382432
v -0.0031488445 0.006922566 -0.009318885
v -0.003301919 0.0069360096 -0.0093632691
v -0.0031871654 0.0070320583 -0.0093076319
v -0.003196964 0.0071092079 -0.0093047541
v -0.0031860543 0.0072696538 -0.0092637796
v -0.0032989131 0.0073816529 -0.0093119308
v -0.003136507 0.0073805773 -0.0092783278
v -0.0030888238 0.0074454237 -0.0092923265
v -0.0030310662 0.0075006602 -0.0093092877
v -0.0028160545 0.0075936471 -0.0093724202
v -0.0027377417 0.0075972633 -0.0093954146
v -0.0026794379 0.0077177455 -0.0094938247
v -0.002622114 0.0075760933 -0.0094293669
v -0.0025366256 0.007670816 -0.0095357584
v -0.0025156837 0.0075244555 -0.0094606165
v -0.0024103338 0.0075869626 -0.0095728409
v -0.0024257016 0.0074458694 -0.00948704
v -0.0023091692 0.0074719 -0.0096025454
v -0.0023583055 0.0073456851 -0.0095068268
v -0.0022400257 0.0073334692 -0.0096228482
v -0.0023180794 0.0072307383 -0.0095186416
v -0.0022076156 0.0071811041 -0.0096323645
v -0.002307778 0.0071088556 -0.0095216619
v -0.0022141472 0.0070251882 -0.0096304469
v -0.0023280836 0.0069883448 -0.0095157042
v -0.0023580391 0.0069128467 -0.009506906
v -0.0023091692 0.0067861 -0.0096025454
v -0.002425317 0.0068125784 -0.009487148
v -0.0024103338 0.0066710374 -0.0095728409
v -0.0025151994 0.0067338705 -0.0094607562
v -0.0025847079 0.0066960988 -0.0094403481
v -0.0026594538 0.0066714779 -0.0094184034
v -0.0027290508 0.0065334471 -0.0094792569
v -0.0027763986 0.0066607374 -0.0093840646
v -0.0028541246 0.0066713475 -0.0093612434
v -0.0029288994 0.006695869 -0.0093392847
v -0.0030658501 0.0066112658 -0.0093803644
v -0.003030607 0.0067569773 -0.0093094209
v -0.0031846492 0.0067062719 -0.0093454817
v -0.0031136738 0.0068434382 -0.0092850314
v -0.0032758066 0.0068300861 -0.0093187155
v -0.0031724367 0.0069493611 -0.0092677759
v -0.0031522496 0.0070348616 -0.0092259791
v -0.003080037 0.0070972637 -0.0092059398
v -0.0032090102 0.0071924124 -0.0092118835
v -0.0031867314 0.0072546339 -0.0091898121
v -0.0031774503 0.0073154544 -0.009221152
v -0.0032851298 0.0074424762 -0.00926094
v -0.0031164037 0.0074257869 -0.0092390744
v -0.002956552 0.0074179867 -0.0092080018
v -0.0029048673 0.0074557259 -0.0092231795
v -0.0028962633 0.0075848962 -0.0092750989
v -0.0028464354 0.0076052532 -0.009318343
v -0.0027238603 0.0075063181 -0.0092763264
v -0.00268402 0.0076127451 -0.009366036
v -0.0026084723 0.0077345895 -0.0094596246
v -0.002565962 0.0075798505 -0.0094007017
v -0.0024633883 0.0076719568 -0.0095022252
v -0.0024600965 0.0075162294 -0.0094317855
v -0.0023388017 0.0075723224 -0.0095388066
v -0.002373643 0.0074262139 -0.0094571659
v -0.0022432033 0.0074424762 -0.0095668767
v -0.0023124795 0.0073159536 -0.0094751284
v -0.0021831077 0.0072912673 -0.0095845224
v -0.0022807901 0.0071929488 -0.0094844304
v -0.00216261 0.0071289999 -0.0095905416
v -0.002280714 0.0070655873 -0.0094844574
v -0.0021831077 0.0069667328 -0.0095845224
v -0.0023300457 0.0069547357 -0.0094275648
v -0.0022189713 0.0068640384 -0.009573992
v -0.0023499185 0.0068670917 -0.0094641341
v -0.0023033475 0.0067260027 -0.0095492169
v -0.0024284159 0.0067694803 -0.0094410867
v -0.0024191279 0.0066154307 -0.0095152209
v -0.0025284796 0.0066963668 -0.0094117071
v -0.0026038496 0.0066637805 -0.0093895752
v -0.0026835043 0.0066453271 -0.009366186
v -0.0027641666 0.0065020475 -0.0094139088
v -0.002805707 0.0066452596 -0.009330303
v -0.0028853812 0.0066636196 -0.0093069091
v -0.002960786 0.0066961193 -0.0092847697
v -0.0031092051 0.0066154307 -0.0093125958
v -0.0030609288 0.0067691131 -0.0092553651
v -0.0032249854 0.0067260027 -0.0092785997
v -0.0031395303 0.0068666338 -0.0092322851
v -0.0033093619 0.0068640384 -0.0092538247
v -0.0031912378 0.0069820328 -0.0092171026
v -0.0032154839 0.0071507484 -0.00916394
v -0.0032020581 0.0072166601 -0.0091418965
v -0.0033359795 0.0073518 -0.0091885623
v -0.0031614052 0.0073614825 -0.009179819
v -0.0030806491 0.0074158107 -0.0091656275
v -0.0030890564 0.00746928 -0.0092010634
v -0.0028506136 0.0076162956 -0.0092450926
v -0.0027468896 0.0075164731 -0.0092344746
v -0.002627983 0.0076210358 -0.009336446
v -0.0025348626 0.0077411379 -0.009423792
v -0.0025093521 0.007576099 -0.0093712794
v -0.0024469784 0.0075026124 -0.0093516899
v -0.002405921 0.0075006954 -0.0094016507
v -0.0023635726 0.0074156503 -0.0093761809
v -0.0023247399 0.0073999603 -0.0094254879
v -0.0021821624 0.0074043035 -0.0095273541
v -0.0022713488 0.0072807557 -0.0094411621
v -0.002133097 0.0072421185 -0.0095417608
v -0.0022493689 0.0071512136 -0.009447618
v -0.0022741228 0.0070674202 -0.0094024451
v -0.0022603106 0.0070201562 -0.009444405
v -0.0021612956 0.0069062001 -0.0095334813
v -0.0023062439 0.0068767158 -0.0094049308
v -0.0023486777 0.0068224087 -0.0094184592
v -0.0023066702 0.006668374 -0.0094907951
v -0.0024378947 0.0067293491 -0.0093922593
v -0.0024361194 0.0065648508 -0.009452785
v -0.0025471782 0.0066635219 -0.0093601715
v -0.0026275471 0.0066370669 -0.0093365727
v -0.002711104 0.0066255539 -0.0093120417
v -0.0028031131 0.0064800553 -0.0093450263
v -0.0028368512 0.0066369661 -0.0092751166
v -0.0029172455 0.0066633398 -0.0092515113
v -0.0029920205 0.0067038677 -0.0092295535
v -0.0030275621 0.0067818056 -0.009181216
v -0.0030887553 0.0067883761 -0.0092011528
v -0.0031033768 0.006876014 -0.0091589546
v -0.0031611968 0.0068961057 -0.0091798786
v -0.0031532119 0.0069874626 -0.0091443216
v -0.0031489434 0.0070372299 -0.0091471445
v -0.0032075893 0.0070850948 -0.0091402741
v -0.0032151325 0.0071513542 -0.0091172341
v -0.0031927016 0.0072842161 -0.0091238195
v -0.0033161235 0.0074126019 -0.0091349646
v -0.0031380409 0.0074064999 -0.009139869
v -0.0030548768 0.0075098742 -0.0091642892
v -0.0029863284 0.0075647387 -0.0091844179
v -0.0029096766 0.007606358 -0.0092069233
v -0.0027498021 0.0075266615 -0.0091794567
v -0.0026552223 0.0076413712 -0.0092816386
v -0.0025708345 0.0076219065 -0.0093064174
v -0.0024604588 0.0077371865 -0.0093862103
v -0.0024887449 0.0074851022 -0.0092807613
v -0.0023543208 0.007478257 -0.0093699895
v -0.002280039 0.0073677809 -0.0093918011
v -0.0021275266 0.0073585159 -0.0094839675
v -0.0022357244 0.0072410306 -0.0094048135
v -0.0020911461 0.0071874867 -0.0094946498
v -0.0022243978 0.0071066456 -0.0094081383
v -0.0022468229 0.0069737829 -0.0094015557
v -0.0021490222 0.006845398 -0.009477656
v -0.0022051397 0.0067440962 -0.009461179
v -0.0023540745 0.0067800145 -0.0093700631
v -0.0023186968 0.0066149387 -0.0094278349
v -0.0024532017 0.0066932646 -0.0093409564
v -0.0024604588 0.0065208137 -0.0093862103
v -0.0025704936 0.0066362111 -0.0093065152
v -0.002654867 0.006616678 -0.0092817429
v -0.0027412127 0.0066127159 -0.0092563896
v -0.0028443809 0.0064681355 -0.0092734803
v -0.0028686922 0.006636097 -0.0092189578
v -0.0029485549 0.0066705373 -0.0091955081
v -0.003016684 0.0067174219 -0.0091454113
v -0.0031130244 0.0068142657 -0.0091472143
v -0.0031777851 0.0069310694 -0.0091281995
v -0.0030934694 0.0076907045 -0.0091393726
v -0.002940244 0.0075957937 -0.0091505215
v -0.0027952306 0.0075194865 -0.0091481727
v -0.0026850451 0.0076548284 -0.0092254547
v -0.0026120681 0.0076512395 -0.009222874
v -0.0025458047 0.0077913494 -0.0093001813
v -0.0025138056 0.0076153144 -0.0092757359
v -0.0023540948 0.0066431585 -0.0093380116
v -0.0024736417 0.0066622029 -0.0092875293
v -0.0024910634 0.006484639 -0.009316255
v -0.0025975138 0.0066151797 -0.0092511565
v -0.0026847862 0.0066031864 -0.0092255302
v -0.002772731 0.0066071626 -0.0091997074
v -0.0028321755 0.006616776 -0.0091582449
v -0.0029000808 0.0066426877 -0.0091623148
v -0.0029548903 0.0066697608 -0.009122213
v -0.0023922753 0.0066895174 -0.0092395745
v -0.0023657579 0.0065268698 -0.00929099
v -0.0024983885 0.0066370148 -0.0092323894
v -0.002554304 0.0066107766 -0.0091919979
v -0.0025834725 0.0064442829 -0.0092270631
v -0.0026426713 0.0065945414 -0.0091660513
v -0.0027162156 0.0065969514 -0.0091684299
v -0.0028151597 0.0064442829 -0.0091590337
v -0.002863595 0.0066248629 -0.0091011819
v -0.0029812516 0.0064988624 -0.0091102641
v -0.0029827922 0.0066895332 -0.0090661827
v -0.0029827685 0.0075684818 -0.0090661893
v -0.0030328743 0.0077311301 -0.0090951068
v -0.0029050608 0.0076152424 -0.0090890067
v -0.0029274833 0.0077823495 -0.0091260528
v -0.002687508 0.0076654969 -0.0091528861
v -0.0026244437 0.0076217686 -0.0091684094
v -0.0025542772 0.0076472142 -0.0091920063
v -0.002471149 0.0077823495 -0.0092600441
v -0.0024581258 0.0076014153 -0.0092442116
v -0.0023922524 0.0075684657 -0.009239581
v -0.0024538355 0.0066869889 -0.0091737542
v -0.0025056121 0.0066803578 -0.0091660094
v -0.0025848118 0.0065990715 -0.009134757
v -0.0026744676 0.0065908915 -0.0091084313
v -0.0027480265 0.0065981623 -0.0091109561
v -0.0028183889 0.0066537458 -0.0090667117
v -0.0028926691 0.0066413107 -0.0090443619
v -0.0030180423 0.0065230551 -0.0090367762
v -0.0029326275 0.0075950131 -0.0090326291
v -0.0029119835 0.0077864886 -0.0090679178
v -0.0028081026 0.0076487677 -0.0090691928
v -0.0027480659 0.0076598342 -0.0091109449
v -0.0026294733 0.0076650589 -0.0091216439
v -0.0024916469 0.0075893854 -0.0091626519
v -0.0024568019 0.0075539236 -0.0091803415
v -0.0022343374 0.0065936145 -0.0092040446
v -0.002392231 0.0066778463 -0.0091672257
v -0.0025285368 0.0066121361 -0.0091030771
v -0.0026069365 0.0064327634 -0.0090946402
v -0.0027061689 0.0065959314 -0.0090509193
v -0.0027790819 0.0066067848 -0.009053636
v -0.0029181361 0.0066655798 -0.0089886809
v -0.0029828339 0.0067006728 -0.0089910334
v -0.0029828991 0.0075566342 -0.0089944784
v -0.0028643331 0.0076231977 -0.0090286048
v -0.002750614 0.0076559683 -0.0090378696
v -0.002687756 0.0076077204 -0.0090547508
v -0.0026653819 0.0078278961 -0.0090774788
v -0.0025723032 0.0076559747 -0.0090902267
v -0.0025135928 0.0076391359 -0.0091315905
v -0.0023669652 0.0075673428 -0.0091505187
v -0.0022343374 0.0076643855 -0.0092040446
v -0.0024197844 0.006657939 -0.0091110613
v -0.0024210822 0.0064778681 -0.0090866672
v -0.0025885541 0.0066025153 -0.0090615056
v -0.0026484749 0.0064360798 -0.0090198988
v -0.0027364309 0.0066094891 -0.0089944365
v -0.0028082649 0.0066225914 -0.0089969929
v -0.0029294535 0.0065010012 -0.0089373967
v -0.0029388599 0.006696862 -0.0089349985
v -0.0029286451 0.0075769053 -0.0089616464
v -0.0029294535 0.0077569989 -0.0089373967
v -0.0028080894 0.0076354688 -0.0089970442
v -0.0025905292 0.0078192833 -0.0090369131
v -0.0025176057 0.0076385531 -0.0090586893
v -0.0024599012 0.0076195575 -0.009099282
v -0.0023160488 0.0077290864 -0.0091175079
v -0.0023046841 0.0065385433 -0.0090590693
v -0.0024498708 0.0066450395 -0.0090544714
v -0.0025334258 0.0066176128 -0.0090299375
v -0.0026202805 0.0066057193 -0.0090044342
v -0.0026887914 0.0064497936 -0.0089462852
v -0.0027639666 0.0066310983 -0.0089398758
v -0.0028345103 0.0066451552 -0.0089415308
v -0.0029588672 0.0065385433 -0.008866984
v -0.0030069996 0.0076874986 -0.0088528512
v -0.0028739825 0.0075936624 -0.0089299405
v -0.0028555195 0.0077696832 -0.0088973293
v -0.002750688 0.0076403898 -0.0089661429
v -0.0026887914 0.0078082064 -0.0089462852
v -0.0026199906 0.0076522644 -0.0090045199
v -0.002518178 0.0078004427 -0.008996382
v -0.0024669047 0.0076133814 -0.0090271026
v -0.0024098726 0.007593523 -0.0090662153
v -0.0022048862 0.0066191048 -0.0090278234
v -0.0023648671 0.0066960539 -0.0090321746
v -0.0024214734 0.0066767506 -0.0089955997
v -0.002481391 0.0066394779 -0.0089979587
v -0.0025651988 0.0066201469 -0.0089733494
v -0.0026509543 0.0066162803 -0.0089481702
v -0.0027263099 0.0064734913 -0.0088747196
v -0.0028338421 0.0065035209 -0.008843145
v -0.0028568301 0.0066738668 -0.0088877199
v -0.0029329218 0.0075131042 -0.0088437047
v -0.0029817275 0.0076742448 -0.008799722
v -0.0029347374 0.0077054447 -0.0088135196
v -0.0028175479 0.0076032304 -0.0088992525
v -0.002780705 0.0077719405 -0.0088587474
v -0.0026933649 0.0076378503 -0.0089357175
v -0.002615408 0.007794621 -0.0089072833
v -0.0025648158 0.0076377987 -0.0089734621
v -0.0024501109 0.0077719405 -0.0089558192
v -0.0023454991 0.0077322575 -0.008986536
v -0.0023645393 0.0075617317 -0.0090322696
v -0.0030644634 0.0072120083 -0.0087640813
v -0.003196816 0.0072958091 -0.0086776936
v -0.0030592941 0.0073203391 -0.0087816777
v -0.0031350383 0.0074512503 -0.008695833
v -0.0029966922 0.0074332072 -0.008800061
v -0.0028739441 0.0075503159 -0.0088361042
v -0.0028608381 0.007713116 -0.0087763459
v -0.0027605505 0.0076053525 -0.0088693999
v -0.0027068765 0.0077637093 -0.0088215532
v -0.002637353 0.0076279304 -0.0089055724
v -0.0025455968 0.0077710482 -0.0088689091
v -0.002512747 0.0076165052 -0.0089421604
v -0.0024331016 0.0075902864 -0.0089655468
v -0.0022902966 0.007687154 -0.0089438722
v -0.0023248007 0.00752505 -0.008997345
v -0.002162223 0.0075847309 -0.008981478
v -0.0022124357 0.0073971184 -0.0090303399
v -0.0021809689 0.0072927179 -0.0090234993
v -0.0021488254 0.0072368501 -0.0090490166
v -0.0021489314 0.0070206717 -0.0090489868
v -0.0020183933 0.0069085677 -0.0090237098
v -0.00221269 0.0068604686 -0.0090302654
v -0.0023246924 0.0067976589 -0.0089955159
v -0.0022019974 0.0066352839 -0.0089697983
v -0.0023594289 0.0067076807 -0.0089871787
v -0.0024552557 0.0066794186 -0.0089429623
v -0.0025132061 0.0066413883 -0.0089420244
v -0.0025960223 0.0066300734 -0.0089177104
v -0.0026794646 0.0066339042 -0.0088932054
v -0.0027610001 0.0066527902 -0.0088692658
v -0.0028608381 0.0065448839 -0.0087763459
v -0.0028743427 0.0067079443 -0.0088359859
v -0.0029405803 0.0067609741 -0.008816538
v -0.0029969811 0.0068251797 -0.0087999754
v -0.0031350383 0.0068067497 -0.008695833
v -0.0030594645 0.0069381188 -0.008781633
v -0.0030644368 0.0070458384 -0.0087640896
v -0.0030667027 0.0071503218 -0.0087337201
v -0.0030222693 0.0072464167 -0.0087363465
v -0.0031418945 0.0073405725 -0.00863706
v -0.003014737 0.0073519912 -0.0087489771
v -0.0030703489 0.0074838124 -0.0086580679
v -0.0029453763 0.0074551045 -0.0087693432
v -0.0028858585 0.007511871 -0.0087868223
v -0.0028177907 0.007557011 -0.0088068075
v -0.0027871523 0.0077102906 -0.008741222
v -0.0027042259 0.0076000102 -0.0088401536
v -0.0026358804 0.0077452427 -0.0087856395
v -0.0025838537 0.007610909 -0.0088755
v -0.0024810832 0.0077381987 -0.0088310918
v -0.0024648737 0.0075889749 -0.008910433
v -0.002390356 0.0075567481 -0.0089323154
v -0.00224371 0.0076357247 -0.008900791
v -0.0022914193 0.0074844615 -0.0089613652
v -0.0022369521 0.0074224314 -0.0089773607
v -0.0021936363 0.0073514922 -0.0089900751
v -0.0021807675 0.0072465828 -0.0089834366
v -0.0021453914 0.0071916854 -0.0090042423
v -0.0021419195 0.007107678 -0.0090052621
v -0.0019996283 0.0070215819 -0.00897246
v -0.0021629666 0.0069836752 -0.00899908
v -0.0021938859 0.0069060096 -0.0089900015
v -0.0022372725 0.006835118 -0.0089772619
v -0.0021644547 0.0066915861 -0.0089240629
v -0.00224371 0.0066222754 -0.008900791
v -0.0023908301 0.0067009864 -0.0089321729
v -0.0024886739 0.006690506 -0.0088930247
v -0.0025441649 0.0066507055 -0.0088871518
v -0.0026247699 0.0066470929 -0.0088634869
v -0.0027047524 0.0066581092 -0.008839998
v -0.0027816838 0.0066834389 -0.0088174079
v -0.0028809197 0.0065932796 -0.0087136893
v -0.0028862869 0.0067464696 -0.0087866956
v -0.0029457372 0.0068033138 -0.0087692399
v -0.0029948147 0.0068700517 -0.0087548295
v -0.0031220792 0.0068675697 -0.0086428789
v -0.0030458167 0.0069842114 -0.008739851
v -0.0030354192 0.0070893472 -0.0087324899
v -0.0030318915 0.0071896423 -0.008699074
v -0.0029429931 0.0072725221 -0.0087407377
v -0.0030809022 0.0073775422 -0.008600744
v -0.0029661027 0.007377634 -0.0087183924
v -0.0030017544 0.0075070241 -0.0086239833
v -0.0028916216 0.0074700314 -0.008740258
v -0.0028302511 0.0075190414 -0.0087582782
v -0.0027616473 0.0075561989 -0.0087784236
v -0.002715538 0.007697062 -0.008708024
v -0.0026497846 0.0075873542 -0.0088112704
v -0.002569492 0.007717101 -0.0087509077
v -0.0025339979 0.0075872693 -0.0088452721
v -0.0024234457 0.007697062 -0.0087937905
v -0.002422174 0.0075559626 -0.008878104
v -0.0023536182 0.0075187087 -0.0088982327
v -0.0022067805 0.0075795115 -0.0088574091
v -0.0022649702 0.0074410769 -0.0089242632
v -0.002217944 0.0073771177 -0.00893807
v -0.0021822932 0.0073056175 -0.0089485409
v -0.0021890728 0.0072030417 -0.0089439206
v -0.0021490513 0.0071488573 -0.0089583002
v -0.0021524767 0.0070683582 -0.0089572962
v -0.0020244403 0.0069767883 -0.008910949
v -0.0021825163 0.0069518149 -0.0089484748
v -0.0022182681 0.0068803689 -0.0089379806
v -0.0022653695 0.0068164723 -0.0089241467
v -0.0023224026 0.0067620698 -0.0089073978
v -0.0022873525 0.0066196896 -0.0088337507
v -0.0024227181 0.0067018029 -0.0088779438
v -0.0025204287 0.0067096093 -0.0088466244
v -0.0025731307 0.0066671636 -0.0088337824
v -0.0026503683 0.0066707277 -0.0088111
v -0.0027258382 0.0066882247 -0.0087889429
v -0.0027972509 0.0067190997 -0.0087679677
v -0.0028931489 0.0066472558 -0.0086558728
v -0.0028920514 0.0067883899 -0.008740137
v -0.0029442459 0.0068478339 -0.0087248111
v -0.0029857459 0.0069158202 -0.0087126229
v -0.0030997405 0.0069278575 -0.008595212
v -0.0030252747 0.0070292459 -0.0087010168
v -0.0030000978 0.0071289089 -0.0087057814
v -0.0030844377 0.0071772181 -0.0085484177
v -0.002991603 0.0072243571 -0.0086670281
v -0.0029144043 0.0073965783 -0.0086896919
v -0.0029309811 0.0075202 -0.008593476
v -0.0028365671 0.0074775686 -0.0087125577
v -0.0027745981 0.0075186492 -0.008730752
v -0.0027067256 0.0075478929 -0.0087506767
v -0.0026478053 0.0076738354 -0.0086766245
v -0.0025983939 0.0075677098 -0.0087824916
v -0.0025093628 0.0076801351 -0.0087172749
v -0.0024888297 0.007557639 -0.0088146595
v -0.002374073 0.0076488758 -0.0087569995
v -0.0023855008 0.0075183539 -0.0088450002
v -0.0023235872 0.0074771813 -0.0088631777
v -0.0022458686 0.0073960649 -0.008885996
v -0.0022064573 0.0073314767 -0.0088975724
v -0.0021783987 0.0072607392 -0.008905809
v -0.0021594006 0.0071095248 -0.0089113839
v -0.002169047 0.0070336439 -0.0089085564
v -0.0020568103 0.0069397808 -0.008850156
v -0.0022067309 0.0069259488 -0.0088974839
v -0.0022462439 0.0068614253 -0.0088858861
v -0.0022958969 0.0068050263 -0.0088713035
v -0.0023542035 0.0067584807 -0.0088541904
v -0.002331289 0.006627594 -0.0087695621
v -0.0024539204 0.0067101092 -0.0088249097
v -0.0025093628 0.0065778649 -0.0087172749
v -0.0025990082 0.0066903114 -0.0087823054
v -0.0027418439 0.0067234271 -0.0087403642
v -0.0028069627 0.0067588274 -0.0087212507
v -0.0028968386 0.0067051934 -0.0086035017
v -0.0028911734 0.0068325674 -0.0086965138
v -0.0029358342 0.0068933332 -0.0086834073
v -0.002969706 0.0069612499 -0.0086734533
v -0.00306837 0.0069858109 -0.0085531348
v -0.0029980938 0.0070720006 -0.0086651208
v -0.0082057032 0.0066290001 0.0050782691
v -0.008567998 0.0066388842 0.0044405669
v -0.008516927 0.0065974338 0.0044172214
v -0.0084610672 0.0065747661 0.0043954676
v -0.0083458561 0.0065973893 0.0043323142
v -0.0083063578 0.0066160153 0.0042911963
v -0.0079480286 0.0066290001 0.0049245543
v -0.0055270016 0.0066341952 0.0077006243
v -0.0055561846 0.0065755745 0.0077515015
v -0.0061943673 0.0066290001 0.0073994746
v -0.0055849121 0.0065990359 0.0078040007
v -0.0084114752 0.006633967 0.0043770875
v -0.0054327694 0.006616965 0.0076125948
v -0.0054669871 0.0066290001 0.0076306592
v -0.0060055463 0.0066290001 0.0071662985
v -0.00549407 0.0066290001 0.0076574775
v -0.0056007595 0.0066341754 0.0078588653
v -0.0065566853 0.0066290001 0.006665755
v -0.0067652606 0.0066290001 0.0068813995
v -0.0070662519 0.0066290001 0.0061229476
v -0.0072929768 0.0066290001 0.0063194059
v -0.007531015 0.0066290001 0.0055413185
v -0.0077741479 0.0066290001 0.0057170814
v -0.0073558341 0.0066730267 -0.0067222105
v -0.0071521152 0.0069340457 -0.0057436755
v -0.007106994 0.0068850784 -0.0057256404
v -0.0071523755 0.0070396972 -0.0055274312
v -0.0071488472 0.0070098037 -0.005697657
v -0.0071259385 0.0069116588 -0.0055579414
v -0.0070588521 0.0067653538 -0.0056353631
v -0.0070626272 0.0068219589 -0.0058043866
v -0.006989103 0.0066836261 -0.0057158578
v -0.0070108322 0.0067838392 -0.0058873357
v -0.0069078787 0.0066322501 -0.0058095954
v -0.0069507964 0.0067657084 -0.0059633386
v -0.0068901347 0.0067634216 -0.0060296199
v -0.0068076768 0.0067984728 -0.006121493
v -0.0066275469 0.006707732 -0.0061331159
v -0.0067644438 0.006827142 -0.0061919057
v -0.0067338606 0.0068719071 -0.0061992468
v -0.0065448426 0.0068340249 -0.0062285616
v -0.0065290567 0.0068718634 -0.0062467797
v -0.0066792623 0.0069790465 -0.0062540784
v -0.0064954122 0.0069958962 -0.006285607
v -0.0066622885 0.0070820799 -0.0062756553
v -0.0066590791 0.0071488888 -0.0062776488
v -0.0067250261 0.0071984437 -0.0062918669
v -0.0064954122 0.0072621037 -0.006285607
v -0.0066780958 0.0072790785 -0.0062549334
v -0.0065290567 0.0073861367 -0.0062467797
v -0.0067038557 0.0073624009 -0.0062192479
v -0.006582577 0.0074926462 -0.0061850139
v -0.0067619092 0.0074328915 -0.0061624596
v -0.0068005489 0.0074662221 -0.0061202548
v -0.00673355 0.0076257499 -0.0060107816
v -0.006898802 0.0075085539 -0.006004402
v -0.0067622338 0.0076354605 -0.0059776791
v -0.0068500664 0.0076413164 -0.0058763145
v -0.0069677772 0.0074993496 -0.0059250478
v -0.0069358989 0.0076122589 -0.0057772585
v -0.0069630428 0.00759509 -0.005745933
v -0.006989103 0.0075743738 -0.0057158578
v -0.0070597755 0.0074380712 -0.0058023195
v -0.0070588521 0.0074926462 -0.0056353631
v -0.0071234277 0.0073822803 -0.0057775505
v -0.0070965865 0.0074239751 -0.0055918154
v -0.0071123724 0.0073861367 -0.0055735974
v -0.0071259385 0.0073463414 -0.0055579414
v -0.0071508244 0.0072443324 -0.0056881649
v -0.0071821113 0.0071996641 -0.0057074615
v -0.0071562103 0.0071738219 -0.0055230056
v -0.0071593609 0.0071110016 -0.0056762123
v -0.007525801 0.0067470936 -0.0063608574
v -0.0075404842 0.006799044 -0.0063055242
v -0.0075086781 0.0068675236 -0.0062469855
v -0.0076433655 0.006861098 -0.006226027
v -0.0076696884 0.0069478414 -0.0061854837
v -0.00785223 0.0069489222 -0.00614934
v -0.007861275 0.0069927286 -0.0061389018
v -0.0078717114 0.0070831113 -0.0061268575
v -0.0076836355 0.0070564715 -0.0061333865
v -0.0076989594 0.0071470126 -0.0061536064
v -0.0076729863 0.0072119872 -0.0061605397
v -0.00785223 0.007309078 -0.00614934
v -0.0076997264 0.0073170574 -0.0061826437
v -0.0078106679 0.0074309952 -0.0061973046
v -0.0076380221 0.0073979808 -0.0062310706
v -0.0075876268 0.007430301 -0.0062385058
v -0.0075765678 0.0074572808 -0.0062579616
v -0.007700627 0.0075849733 -0.0063242988
v -0.0074657102 0.0074578514 -0.0063329754
v -0.007673946 0.0076061826 -0.0063550902
v -0.0074343618 0.0074891451 -0.0063669175
v -0.0074662406 0.0075347727 -0.0064415174
v -0.0074981798 0.0076535091 -0.006557935
v -0.0073799731 0.0075002614 -0.0065027374
v -0.0074103044 0.0076237601 -0.0066593486
v -0.0073181561 0.0074691654 -0.0065804586
v -0.0072842932 0.0074366643 -0.006624925
v -0.0072505826 0.0073869905 -0.0066564475
v -0.0072296315 0.0073922564 -0.0068678563
v -0.007203181 0.0072708122 -0.0067058938
v -0.0071951866 0.0072652715 -0.006907608
v -0.0071886762 0.007220428 -0.0069151214
v -0.0071847502 0.0071748885 -0.0069196523
v -0.0071847502 0.0070831113 -0.0069196523
v -0.0071834379 0.0071289999 -0.0069211666
v -0.0071886762 0.007037572 -0.0069151214
v -0.0071973258 0.007012742 -0.0067105811
v -0.0072157423 0.0069064862 -0.0068838853
v -0.007222533 0.0069289397 -0.006671025
v -0.0072315133 0.0068705705 -0.0065968638
v -0.0072050558 0.0069154339 -0.0066061202
v -0.0072831216 0.0068267047 -0.0066128528
v -0.0073378135 0.0067775646 -0.0065520532
v -0.0074389919 0.0066204277 -0.0066262419
v -0.0074000203 0.0067527845 -0.0064760475
v -0.0074638634 0.0067224615 -0.0064430927
v -0.0072503246 0.0067415124 -0.0058589709
v -0.0072953824 0.0068072713 -0.0058549183
v -0.0073545466 0.0069987938 -0.0057406217
v -0.0073656284 0.0070829444 -0.0057210169
v -0.007320788 0.0071528103 -0.0058220803
v -0.0073258344 0.0072486866 -0.005801289
v -0.0073366968 0.0073399922 -0.0057530688
v -0.0072928702 0.0074490703 -0.0058067861
v -0.0074726355 0.0076238051 -0.005831557
v -0.0074288819 0.007629 -0.0057994361
v -0.0073962405 0.0076598078 -0.005819535
v -0.0073953408 0.007629 -0.005781334
v -0.0074357793 0.0067118831 -0.0060143872
v -0.0068557274 0.0076643856 -0.0065349597
v -0.0069072137 0.0075467271 -0.006414048
v -0.0068466605 0.0074899873 -0.0063658968
v -0.0066819515 0.0075568532 -0.0064646384
v -0.0066588025 0.0075107848 -0.0064913538
v -0.0067110166 0.0071750564 -0.0064764783
v -0.0068046723 0.0071051904 -0.0064177109
v -0.0067848007 0.0070093147 -0.0064256709
v -0.0067386308 0.0069180099 -0.0064432771
v -0.0068567556 0.0067840625 -0.0063661492
v -0.0068790752 0.0067147344 -0.0063824729
v -0.0069114331 0.0067116978 -0.0064164573
v -0.0077200157 0.0071481565 -0.0060992251
v -0.0077133954 0.0072253211 -0.006106862
v -0.0076980984 0.0072995566 -0.0061245096
v -0.0076745998 0.0073686119 -0.0061516288
v -0.0076436054 0.007430387 -0.0061873995
v -0.0075419757 0.0075055644 -0.0062476286
v -0.0075399901 0.0075413553 -0.0063069841
v -0.0074153638 0.0075750438 -0.0064508022
v -0.0074285215 0.0076846909 -0.0065665069
v -0.0073401907 0.0075548866 -0.0065375558
v -0.0073365236 0.0076403962 -0.0066726781
v -0.0072709976 0.0075057128 -0.0066174177
v -0.0072305419 0.0074583747 -0.006664096
v -0.0071960862 0.0074010385 -0.0067038658
v -0.0071686723 0.0073354343 -0.0067355047
v -0.0071491369 0.0072635558 -0.0067580478
v -0.0071380709 0.0071875899 -0.00677082
v -0.0071358115 0.0071098435 -0.0067734268
v -0.0071424276 0.0070326793 -0.0067657899
v -0.0071577176 0.0069584417 -0.0067481455
v -0.0071607551 0.0069071249 -0.0066652602
v -0.0072706447 0.0067526355 -0.0066178163
v -0.0073365236 0.0066176037 -0.0066726781
v -0.0073397958 0.0067032977 -0.0065380196
v -0.0073895401 0.0066864065 -0.0064806036
v -0.0074926869 0.0065647367 -0.0064924561
v -0.0074658643 0.0066863213 -0.0063925233
v -0.0075883244 0.0065839636 -0.006382085
v -0.0075396004 0.0067164065 -0.0063074269
v -0.0075339216 0.0067810343 -0.0062346031
v -0.0077539727 0.0067300055 -0.0061909162
v -0.0076597354 0.0068569606 -0.0061687875
v -0.0078126953 0.0068468683 -0.0061231466
v -0.0076979429 0.0069578538 -0.0061246926
v -0.0078496102 0.0069829578 -0.0060805451
v -0.0078607944 0.0070798212 -0.006067637
v -0.0077001958 0.0071898787 -0.0060573529
v -0.0076886502 0.0072696515 -0.0060706782
v -0.0076682044 0.0073451494 -0.0060942705
v -0.0076395001 0.0074140876 -0.0061274093
v -0.0076033759 0.0074743548 -0.0061690943
v -0.0076793705 0.0076187102 -0.0062004985
v -0.007499838 0.0075475739 -0.0062405095
v -0.0074883543 0.0075759106 -0.0063018348
v -0.0075228016 0.0077177434 -0.0063811886
v -0.0074094555 0.0075972325 -0.0063928879
v -0.0073560064 0.0075937273 -0.0064545773
v -0.0073534937 0.0077064553 -0.0065765801
v -0.0072785981 0.0075621349 -0.0065439112
v -0.0072590734 0.0076467323 -0.0066855472
v -0.0072091816 0.0075010242 -0.0066240203
v -0.007169713 0.0074458662 -0.0066695675
v -0.0071371167 0.007381081 -0.0067071836
v -0.0071123822 0.0073086374 -0.0067357282
v -0.007096262 0.0072307361 -0.0067543305
v -0.007089244 0.0071497437 -0.0067624348
v -0.0070915434 0.0070681207 -0.0067597796
v -0.0071030909 0.0069883483 -0.0067464496
v -0.007123532 0.0069128486 -0.0067228611
v -0.0071694476 0.0068125768 -0.0066698735
v -0.0072088696 0.0067573421 -0.0066243784
v -0.0072539744 0.0067134005 -0.0065723267
v -0.0073209212 0.0065672275 -0.0066141711
v -0.0073292491 0.0066714805 -0.0064854534
v -0.0073822888 0.0066607637 -0.0064242437
v -0.0074889406 0.0065334492 -0.0064202664
v -0.0074621125 0.0066713501 -0.006332121
v -0.0075887179 0.0065672275 -0.0063051168
v -0.0075374229 0.0067131241 -0.0062452085
v -0.00760309 0.0067832364 -0.0061694282
v -0.0077547205 0.006744725 -0.00611354
v -0.0076546276 0.0068769181 -0.0061099456
v -0.0078096322 0.0068763479 -0.0060501682
v -0.0076885463 0.0069877723 -0.00607081
v -0.0077001618 0.007067524 -0.0060574069
v -0.0078463124 0.0071289999 -0.0060078372
v -0.0078239122 0.0071836423 -0.0059530471
v -0.0076750799 0.00723433 -0.0060201782
v -0.0076583696 0.0073154529 -0.0060394677
v -0.0076326828 0.0073909091 -0.0060691127
v -0.0075988041 0.0074584067 -0.0061082101
v -0.0075577649 0.0075158953 -0.0061555725
v -0.0076201924 0.0076719553 -0.0061881529
v -0.0074509911 0.0075848979 -0.0062368704
v -0.007432454 0.0076052567 -0.0063001896
v -0.0074506926 0.007753565 -0.0063837656
v -0.0073493698 0.0076164246 -0.0063960716
v -0.0072941512 0.007605372 -0.0064597974
v -0.0072744878 0.0077181409 -0.0065871171
v -0.0072157613 0.0075618788 -0.0065502651
v -0.0071794188 0.007642568 -0.0066968325
v -0.0071474134 0.0074888877 -0.0066291453
v -0.0071097671 0.0074262157 -0.0066725878
v -0.0070798171 0.0073545178 -0.0067071524
v -0.0070584782 0.0072759651 -0.0067317752
v -0.0070463938 0.0071929493 -0.0067457227
v -0.0070439347 0.00710799 -0.006748559
v -0.007051172 0.0070236687 -0.0067402088
v -0.0070678901 0.0069425498 -0.0067209123
v -0.0070935765 0.006867092 -0.0066912729
v -0.0071003984 0.0067260038 -0.0067880271
v -0.0071471522 0.0067694824 -0.0066294429
v -0.007191316 0.006717671 -0.0065784781
v -0.0072407008 0.0066783602 -0.0065214854
v -0.0073086473 0.0065234121 -0.0065476947
v -0.0073212513 0.0066453303 -0.0064285235
v -0.007376889 0.0066415706 -0.0063643163
v -0.0074862035 0.006511574 -0.0063427841
v -0.0074590363 0.006663615 -0.0062695151
v -0.0075884222 0.0065607898 -0.0062248177
v -0.0075346439 0.0067173805 -0.0061822567
v -0.0076788159 0.0066487278 -0.0061204975
v -0.0075985661 0.006799192 -0.0061084867
v -0.0077512253 0.0067693958 -0.0060369327
v -0.0076464445 0.0069034801 -0.0060532331
v -0.0078007148 0.0069145703 -0.0059798189
v -0.0076750151 0.0070231383 -0.0060202615
v -0.0076823116 0.0071074479 -0.0060118382
v -0.0076000195 0.0071553624 -0.0059861109
v -0.0076362265 0.0072166604 -0.0059594885
v -0.007644519 0.0072803128 -0.0059879921
v -0.0075758195 0.0073465776 -0.0060117399
v -0.0077426916 0.0074547111 -0.0059626113
v -0.0075916441 0.0074355876 -0.0060490129
v -0.0075528005 0.0075003775 -0.0060938393
v -0.007507182 0.0075538852 -0.0061464879
v -0.0075535381 0.007719389 -0.0061809058
v -0.007396363 0.0076162934 -0.0062363074
v -0.0073729681 0.00762859 -0.0063013794
v -0.0073732531 0.0077804222 -0.0063889661
v -0.0072868194 0.0076286489 -0.0064007995
v -0.0072306537 0.0076096781 -0.0064656195
v -0.0071929682 0.007719389 -0.0065970263
v -0.0071525599 0.0075541363 -0.0065557441
v -0.0070990457 0.0076280184 -0.0067054183
v -0.0070865413 0.0074696208 -0.0066319323
v -0.0070420818 0.0073819854 -0.0066277046
v -0.0070038147 0.0074547111 -0.0068153209
v -0.0070249161 0.0073220612 -0.0067030532
v -0.0070075926 0.0072382985 -0.0067230455
v -0.0070000596 0.0071512136 -0.0067317366
v -0.0069964605 0.0070674202 -0.0066803546
v -0.0069531433 0.0070158817 -0.0068737987
v -0.007014964 0.0069776856 -0.0067145411
v -0.007028695 0.0069114229 -0.0066431552
v -0.0070038147 0.0068032889 -0.0068153209
v -0.0070678403 0.0068224132 -0.0066535134
v -0.007071608 0.006668375 -0.0067370833
v -0.0071287279 0.0067293484 -0.006583246
v -0.0071772283 0.0066821236 -0.0065272694
v -0.0072303626 0.0066484642 -0.0064659534
v -0.0072991762 0.0064874744 -0.006474455
v -0.0073151949 0.0066255625 -0.0063680509
v -0.0073726664 0.0066293488 -0.0063017286
v -0.0074836628 0.0064997744 -0.0062615463
v -0.0074558866 0.0066633435 -0.0062056832
v -0.0075865483 0.006564852 -0.0061428101
v -0.0075305121 0.0067290669 -0.0061195605
v -0.0075297102 0.0068108683 -0.0060649524
v -0.0075914597 0.006822042 -0.0060492261
v -0.0077426916 0.0068032889 -0.0059626113
v -0.0076345678 0.0069359388 -0.0059994763
v -0.0077853079 0.0069603996 -0.0059134291
v -0.0076568949 0.0070629943 -0.0059737047
v -0.0077546353 0.0073026827 -0.0058617537
v -0.0076084964 0.0073265855 -0.0059609801
v -0.0076901356 0.0075139033 -0.0059361901
v -0.0075453825 0.0074779836 -0.006033816
v -0.0075019056 0.0075388627 -0.0060839905
v -0.0074521673 0.0075872908 -0.0061413926
v -0.0073663027 0.0075899934 -0.0061907234
v -0.0073370382 0.0076406931 -0.0062382646
v -0.0073106817 0.0076452633 -0.0063046749
v -0.0072918588 0.0077975049 -0.0063958262
v -0.0072226727 0.0076335571 -0.0064062431
v -0.0071664082 0.0076065014 -0.0064711767
v -0.0071078322 0.0075789444 -0.0065027821
v -0.0070898857 0.0075390885 -0.0065594857
v -0.0070194213 0.00760351 -0.0067102356
v -0.0070273948 0.0074437352 -0.0066316064
v -0.0069318826 0.0074126016 -0.0068112608
v -0.006973089 0.0072845721 -0.0066942783
v -0.0069602986 0.0071966373 -0.0067090402
v -0.0069577068 0.0071066456 -0.0067120289
v -0.0069056831 0.0069553173 -0.0068414967
v -0.0069831021 0.0069314152 -0.006682722
v -0.0069701828 0.0067440966 -0.0067670598
v -0.0070462159 0.0067800205 -0.0066098819
v -0.0070785254 0.0067454936 -0.0065228358
v -0.0071138681 0.0066932625 -0.0065318119
v -0.0071661819 0.0066516431 -0.0064714366
v -0.0072224333 0.0066245292 -0.0064065169
v -0.0072918588 0.0064604952 -0.0063958262
v -0.0073104368 0.0066127203 -0.0063049566
v -0.0073689253 0.0066244417 -0.0062374599
v -0.0073943876 0.0066407717 -0.0061720806
v -0.0074519508 0.0066705356 -0.0061416427
v -0.0075822172 0.006579301 -0.0060607345
v -0.007524336 0.0067478724 -0.0060581058
v -0.0075811485 0.0068511817 -0.0059925426
v -0.0077284363 0.0068453984 -0.0058919891
v -0.007618509 0.0069734274 -0.0059494237
v -0.0077629329 0.0070124719 -0.0058521778
v -0.0076338791 0.0071062724 -0.0059316853
v -0.0074431689 0.0075634144 -0.0060471111
v -0.0075104714 0.0077228456 -0.0060542017
v -0.0073396291 0.0075259942 -0.0061421572
v -0.0072742442 0.0076572829 -0.0062420602
v -0.0072464615 0.0076548249 -0.0063092994
v -0.0071836745 0.0076512383 -0.0063465835
v -0.0071578485 0.007631004 -0.0064115656
v -0.0070972166 0.0076095968 -0.0064463598
v -0.0070447938 0.0075633775 -0.0065068594
v -0.0071030089 0.0067042463 -0.0064370815
v -0.0071252433 0.0066306729 -0.0064140154
v -0.0071697261 0.0064666512 -0.0064474429
v -0.0072163313 0.0066071978 -0.0063440717
v -0.0072859481 0.0064432862 -0.0063133157
v -0.0073063087 0.0066071603 -0.0062402334
v -0.0073338978 0.0066167797 -0.0061732154
v -0.0073907797 0.0066484 -0.0061075702
v -0.0074465231 0.0066850319 -0.006078417
v -0.0070509391 0.0067629065 -0.0064183284
v -0.0071183874 0.006610778 -0.006351838
v -0.0071618834 0.0064442832 -0.0063655675
v -0.0072114298 0.0065969565 -0.0062795874
v -0.0072399394 0.0065945444 -0.0062115589
v -0.0072703275 0.0066006522 -0.00617649
v -0.0073294805 0.0066248634 -0.0061082231
v -0.0073849841 0.006664385 -0.0060441691
v -0.0075573244 0.0076589634 -0.0059144307
v -0.0073849668 0.0075936278 -0.0060441886
v -0.0073002314 0.0076472214 -0.0061419784
v -0.0073200113 0.0078137168 -0.0061830781
v -0.0072092998 0.0076654995 -0.0062469194
v -0.0072012644 0.0078216339 -0.0063201195
v -0.0071182291 0.0075430085 -0.006340671
v -0.0070336352 0.0075936145 -0.0064496473
v -0.0070253715 0.0066413112 -0.0063884394
v -0.0070387793 0.0064715115 -0.0064157905
v -0.0071131045 0.0065990673 -0.0062871902
v -0.0071555574 0.0064319778 -0.0062810216
v -0.0071889197 0.0066311591 -0.0062004846
v -0.0072654996 0.0066092285 -0.0061113169
v -0.0073232201 0.0066413093 -0.0060447041
v -0.0073504702 0.0067557791 -0.0059982376
v -0.0075149706 0.0076824255 -0.0058721514
v -0.007458302 0.0077021482 -0.0059316355
v -0.00728437 0.007531094 -0.0060915748
v -0.00723549 0.0076589291 -0.00614595
v -0.0072354262 0.0078260221 -0.0061888482
v -0.0071435871 0.0076650588 -0.0062520118
v -0.0071056781 0.0076015759 -0.0062862361
v -0.0070253743 0.0076166916 -0.0063884362
v -0.00697218 0.0075697908 -0.0064498262
v -0.0068557274 0.0065936145 -0.0065349597
v -0.0069686493 0.0066778456 -0.0064186217
v -0.0070194823 0.0066261781 -0.0063246094
v -0.0070314619 0.0064539179 -0.0063321512
v -0.0071087896 0.0065959362 -0.0062215432
v -0.0071473417 0.0066496722 -0.0061747433
v -0.0072001799 0.0066020257 -0.0061160732
v -0.007306454 0.0064722524 -0.0060147933
v -0.0073145393 0.0066655833 -0.0059840964
v -0.007372157 0.0075566345 -0.0059539579
v -0.0072922434 0.0075688517 -0.0060157502
v -0.0072683746 0.007804082 -0.0060587396
v -0.007169897 0.0076620633 -0.0061510211
v -0.0071499182 0.0078278963 -0.0061954452
v -0.0069933825 0.0077857476 -0.0063760971
v -0.0069641455 0.0075924229 -0.0063884706
v -0.0069614633 0.0066579372 -0.0063564769
v -0.0070467738 0.0066105515 -0.0062580231
v -0.0072266047 0.0066225921 -0.0060504876
v -0.0072963347 0.0065010009 -0.0059348322
v -0.0073029522 0.0066968585 -0.0059277263
v -0.0073087651 0.0075769077 -0.0059556678
v -0.0072264846 0.0076354663 -0.0060506264
v -0.0071833606 0.0078113933 -0.0060652114
v -0.0071067459 0.0076595056 -0.0061888123
v -0.0070257692 0.0078113933 -0.0062470814
v -0.0070173491 0.0076354084 -0.0062919809
v -0.0069127951 0.0077569991 -0.006377461
v -0.0068365263 0.0065385428 -0.006374966
v -0.0069561775 0.0066450365 -0.0062926035
v -0.00694421 0.0064704305 -0.0062506926
v -0.007042675 0.0066096879 -0.0061927816
v -0.007059769 0.0064471987 -0.0061173305
v -0.0071322157 0.0066097263 -0.0060894458
v -0.0071753275 0.0064704305 -0.0059839684
v -0.0072186983 0.0066451545 -0.0059896396
v -0.0072473788 0.0067241412 -0.0059387461
v -0.0072647647 0.0075511997 -0.0059037051
v -0.0072456386 0.0075936643 -0.0059585484
v -0.0072124756 0.0077696836 -0.0059410973
v -0.0071614885 0.0076403917 -0.0060556625
v -0.0071022094 0.0076522812 -0.0061240747
v -0.0070424781 0.007648273 -0.0061930079
v -0.00694421 0.0077875694 -0.0062506926
v -0.0069559936 0.007612849 -0.0062928154
v -0.0069029706 0.0075706647 -0.0063540089
v -0.0068726095 0.0066960462 -0.0063198047
v -0.006900463 0.0066767534 -0.0062584301
v -0.006952143 0.0066394781 -0.006228021
v -0.0069401709 0.0064734908 -0.0061666375
v -0.0070385521 0.0066162686 -0.0061283005
v -0.0070538523 0.0064659115 -0.0060354421
v -0.0071259502 0.0066279935 -0.0060274364
v -0.0071649451 0.0065035204 -0.0059072344
v -0.0072083829 0.0066738623 -0.0059323023
v -0.0072485989 0.0075131066 -0.0058541364
v -0.0072338071 0.0077054452 -0.0058277637
v -0.0071815711 0.007603228 -0.0059632455
v -0.0071286785 0.007771941 -0.005949088
v -0.0070968161 0.0076378503 -0.0060610591
v -0.0070382871 0.0076417188 -0.0061286042
v -0.0069802098 0.0076300027 -0.0061956314
v -0.0068667794 0.0077544796 -0.0062513362
v -0.0068977762 0.007584134 -0.0062907642
v -0.0068617843 0.0074992049 -0.0063214699
v -0.0073053648 0.0072261681 -0.0057493854
v -0.0072950248 0.0073975308 -0.0057640496
v -0.0072292259 0.0074672697 -0.0058164248
v -0.0071948741 0.0075503189 -0.0058796281
v -0.0071515406 0.0077131165 -0.0058364436
v -0.0071174821 0.0076053545 -0.0059689447
v -0.0070464609 0.0077637097 -0.0059577125
v -0.0070333977 0.0076279336 -0.0060659806
v -0.0069764487 0.0076240908 -0.0061317055
v -0.0069207998 0.0076052076 -0.0061959271
v -0.0067948017 0.0077131165 -0.0062481427
v -0.0068434456 0.0075500506 -0.0062852009
v -0.0067780686 0.0074662075 -0.0063606464
v -0.0066274412 0.0074986707 -0.0064412869
v -0.0067291346 0.0073593786 -0.006417119
v -0.0065765658 0.0073494324 -0.0064999998
v -0.0066999814 0.0072368486 -0.0064507682
v -0.0067305195 0.007031832 -0.0064127916
v -0.0067362555 0.0068898339 -0.00638534
v -0.0066274412 0.0067593293 -0.0064412869
v -0.006778287 0.006791432 -0.0063603954
v -0.0068386651 0.0067724412 -0.0062879842
v -0.0068437138 0.0067076824 -0.0062848889
v -0.0069004211 0.0066794165 -0.0061958848
v -0.0069486669 0.006641388 -0.0061637658
v -0.0069363865 0.0064869512 -0.0060847449
v -0.0070337195 0.006630092 -0.0060656114
v -0.0070464609 0.0064942903 -0.0059577125
v -0.0071177881 0.00665279 -0.0059685894
v -0.0071515406 0.0065448835 -0.0058364436
v -0.0071951451 0.0067079464 -0.0058793166
v -0.0072291538 0.0067906201 -0.0058165082
v -0.0072788454 0.0068251825 -0.0057827212
v -0.0073386843 0.0068067495 -0.005620468
v -0.0073214977 0.0069381144 -0.0057334943
v -0.007316191 0.0070458396 -0.0057160641
v -0.0072992637 0.0071922426 -0.0056920732
v -0.0072778722 0.0073138587 -0.0057167645
v -0.0072828347 0.0074382985 -0.0056017582
v -0.0072365997 0.0074228843 -0.0057643872
v -0.0071782533 0.007511876 -0.0058317246
v -0.0071317952 0.0075570113 -0.0058853427
v -0.007070563 0.0077102911 -0.0058467329
v -0.0070542858 0.0076000143 -0.0059747911
v -0.0069673185 0.0077452431 -0.005965883
v -0.0069721325 0.0076109122 -0.0060696058
v -0.0069175421 0.0075998906 -0.0061326037
v -0.0068650336 0.0075745622 -0.0061931988
v -0.0067294647 0.0076647207 -0.006240381
v -0.0067936385 0.0075115359 -0.006275592
v -0.006645567 0.0075664142 -0.0063372046
v -0.0067353614 0.0074224379 -0.0063428484
v -0.0065811898 0.0074382985 -0.0064114994
v -0.0066941737 0.0073133418 -0.006390385
v -0.0065407206 0.0072891047 -0.0064582034
v -0.0066728762 0.0071916858 -0.006414963
v -0.0065269175 0.0071289999 -0.0064741332
v -0.0066729246 0.0070657573 -0.0064149071
v -0.006694312 0.0069441384 -0.0063902229
v -0.00673498 0.0068686789 -0.0063280301
v -0.0066216916 0.0067313734 -0.0063647582
v -0.0067728122 0.0067731565 -0.0062996299
v -0.0068403871 0.0067009817 -0.0062216391
v -0.0069015378 0.0066905076 -0.0061358079
v -0.0069450436 0.0066507043 -0.0061008652
v -0.0069320125 0.0065104029 -0.0060066288
v -0.0070275085 0.0066507765 -0.0060056947
v -0.0070368585 0.006531481 -0.0058856295
v -0.0071071514 0.0066834389 -0.0059137811
v -0.0071345598 0.0065932792 -0.0057728766
v -0.0071785452 0.0067464673 -0.0058313893
v -0.0072062446 0.0068371204 -0.0057841606
v -0.0072526161 0.0068700501 -0.005745906
v -0.0072991529 0.0068675695 -0.005582926
v -0.0072874248 0.0069842111 -0.0057057357
v -0.0072746982 0.0070893468 -0.0057051606
v -0.0073371071 0.0071289999 -0.0055391245
v -0.0072214098 0.0071446627 -0.0057879287
v -0.0072490608 0.0072293522 -0.0056842739
v -0.00725459 0.0073301425 -0.0055549034
v -0.007221983 0.0073427237 -0.0057155207
v -0.0072081669 0.0074663211 -0.0056084787
v -0.0071766127 0.0074415262 -0.0057678866
v -0.0071402446 0.0075795118 -0.0056868653
v -0.0071160418 0.0075190364 -0.0058377856
v -0.0070692201 0.0075561955 -0.005891821
v -0.0069923687 0.0076970623 -0.0058575227
v -0.006992874 0.00758735 -0.0059799301
v -0.0068926911 0.0077171015 -0.0059725569
v -0.0069138452 0.0075872757 -0.006071128
v -0.0068623375 0.0075697803 -0.0061305744
v -0.0068136028 0.0075388922 -0.0061868211
v -0.0066717931 0.0076107444 -0.0062274873
v -0.006748901 0.0074696083 -0.0062614932
v -0.0065976686 0.0075070243 -0.0063130312
v -0.0066981416 0.0073771163 -0.0063200692
v -0.0065436501 0.0073775424 -0.006375372
v -0.0066647932 0.007267713 -0.006358557
v -0.0066996736 0.0071820414 -0.0063366723
v -0.00665112 0.0071488576 -0.0063743345
v -0.0065090323 0.0070777436 -0.006415323
v -0.0066580649 0.007028649 -0.0063663242
v -0.0065307927 0.0069278575 -0.0063902103
v -0.0066851417 0.0069152793 -0.0063350756
v -0.006774686 0.0068705777 -0.0062545199
v -0.0066203673 0.0067131495 -0.0062868359
v -0.0067694352 0.0067620728 -0.0062377915
v -0.006700129 0.0066196892 -0.0061947858
v -0.0068379005 0.006701805 -0.006158779
v -0.006903168 0.0067096139 -0.0060796059
v -0.0069405551 0.0066671589 -0.0060403064
v -0.0069262569 0.0065431365 -0.0059338199
v -0.007019277 0.006677759 -0.0059494596
v -0.0070244118 0.0065763654 -0.0058205436
v -0.0070935187 0.0067191067 -0.0058637793
v -0.0071135897 0.0066472556 -0.0057176269
v -0.0071582228 0.0067883929 -0.0057891119
v -0.0071800717 0.0068846532 -0.0057600374
v -0.0072221688 0.0069158195 -0.0057153046
v -0.00725459 0.0069278575 -0.0055549034
v -0.0072491479 0.0070292462 -0.005684171
v -0.007195934 0.0072613527 -0.0056812983
v -0.0071838514 0.0073628096 -0.0055613928
v -0.0071641586 0.0073652102 -0.0057179691
v -0.0071158626 0.0074529742 -0.0057737004
v -0.0070633043 0.0075821882 -0.0057005115
v -0.0070543385 0.0075186553 -0.0058447058
v -0.0070080149 0.0075478931 -0.0058981693
v -0.0069184119 0.0076738356 -0.0058677263
v -0.0069340772 0.0075677163 -0.005983498
v -0.0068239237 0.0076801354 -0.0059767711
v -0.0068592981 0.0075576426 -0.0060697967
v -0.0068115091 0.0075345663 -0.0061249557
v -0.0067670604 0.0074991769 -0.0061762469
v -0.0066226211 0.0075528069 -0.0062090872
v -0.0067095899 0.0074254274 -0.006242572
v -0.0065587249 0.0074463258 -0.0062828274
v -0.0066665739 0.007331479 -0.0062922115
v -0.0065150533 0.0073182194 -0.0063332269
v -0.0066344615 0.0071095248 -0.0063292702
v -0.0064987086 0.0070329307 -0.0063520899
v -0.0066475507 0.0069966471 -0.0063141641
v -0.0065271489 0.0068951904 -0.0063192682
v -0.0066793307 0.0068927904 -0.0062774928
v -0.0067674166 0.006758479 -0.0061758371
v -0.0067023875 0.0066275938 -0.006117032
v -0.0068354725 0.0067101059 -0.0060972931
v -0.0068239237 0.0065778646 -0.0059767711
v -0.0069344977 0.0066903123 -0.0059830133
v -0.0069184119 0.0065841643 -0.0058677263
v -0.0070084173 0.0067103024 -0.0058977079
v -0.0070086129 0.0066275938 -0.0057636291
v -0.0070764299 0.0067588267 -0.0058192202
v -0.0070883792 0.0067051932 -0.0056715739
v -0.0071338995 0.0068325704 -0.0057528891
v -0.007187498 0.0069612533 -0.0056910367
v -0.0072054507 0.0069858107 -0.005536466
v -0.0072068737 0.0070720016 -0.0056686714
v -0.0089960971 0.0071488762 -0.0016808028
v -0.0090882897 0.0071971436 -0.001622908
v -0.0089997824 0.0072790279 -0.0016514458
v -0.0088698545 0.0073861367 -0.0017252471
v -0.0090024041 0.0073621757 -0.0016073431
v -0.0088814858 0.0074926461 -0.0016443514
v -0.0090192219 0.007431904 -0.0015284716
v -0.0089023074 0.0075950898 -0.0014995357
v -0.0090447057 0.0074847421 -0.0014108495
v -0.0089205287 0.0076354602 -0.0013728003
v -0.00905395 0.0075041256 -0.001315845
v -0.0090621605 0.0075020147 -0.0012214627
v -0.009085682 0.0074583669 -0.001130008
v -0.0090869728 0.0074290699 -0.0010705559
v -0.0090848559 0.0073899525 -0.0010105177
v -0.0089966215 0.0073861367 -0.00084356624
v -0.0091189088 0.0073562018 -0.00098782578
v -0.0090921863 0.007275608 -0.00093510983
v -0.0090053144 0.0072183026 -0.00078310146
v -0.0090039333 0.0072621037 -0.00079271306
v -0.0090945445 0.0071407381 -0.00090477957
v -0.0090832233 0.0070462715 -0.00090158245
v -0.009006148 0.0070841781 -0.00077730502
v -0.0091270932 0.0069974627 -0.00094266362
v -0.0091238746 0.0069650946 -0.00095085437
v -0.0089966215 0.0068718634 -0.00084356624
v -0.0090867111 0.0068670715 -0.0010183295
v -0.0089931905 0.0068340249 -0.00086742661
v -0.0089802824 0.0067350439 -0.0009572029
v -0.0090712791 0.0067993802 -0.0010933551
v -0.0089582696 0.0066457413 -0.0011103052
v -0.0090666234 0.006761283 -0.0012237694
v -0.0090492878 0.0067484187 -0.0013158704
v -0.0090647375 0.0067828818 -0.0013811657
v -0.0090319735 0.00677974 -0.00144744
v -0.0090147785 0.0068261124 -0.001534356
v -0.0090202305 0.0068773763 -0.0015748791
v -0.0090115571 0.0069271828 -0.0016163207
v -0.0088669069 0.0069116588 -0.0017457524
v -0.0090060828 0.0070149781 -0.0016572078
v -0.0090163739 0.0070579484 -0.0016890166
v -0.008860328 0.0070841781 -0.0017915083
v -0.0096775859 0.0071097746 -0.0017675812
v -0.0096352964 0.0070593244 -0.0017435204
v -0.0096750639 0.0070172477 -0.0017450875
v -0.0097949912 0.006865742 -0.0018689731
v -0.0096713787 0.0069628163 -0.0017587165
v -0.0096897322 0.0068984259 -0.0016919708
v -0.0097125748 0.0068189477 -0.0016396323
v -0.0098068991 0.0067566972 -0.0017861516
v -0.0096957895 0.0067805255 -0.0015993145
v -0.0098282162 0.0066518147 -0.0016378886
v -0.0097327956 0.0067429446 -0.0014489597
v -0.0097424088 0.0067413956 -0.0015235372
v -0.0097603237 0.0067227433 -0.0013796288
v -0.0097551725 0.0067488401 -0.0013143006
v -0.0098855121 0.0066342369 -0.0012393922
v -0.0097848258 0.0067708098 -0.0012175506
v -0.0097802437 0.0068147069 -0.0011642443
v -0.0097988264 0.0068582507 -0.0011085754
v -0.0097774144 0.0069271872 -0.0010823899
v -0.0099277941 0.0069064848 -0.00094530991
v -0.009791319 0.0070161471 -0.0010381891
v -0.0097776705 0.0070903652 -0.0010072009
v -0.0097926126 0.0071479935 -0.0010228681
v -0.0099336763 0.0072204285 -0.00090439912
v -0.0098010113 0.0072452233 -0.0010297179
v -0.0097739368 0.0072954179 -0.0010389589
v -0.0099247757 0.0073922579 -0.00096630332
v -0.0097946289 0.00737533 -0.0010926327
v -0.0097752565 0.007414349 -0.0011451448
v -0.0099028626 0.0075602966 -0.001118715
v -0.0097549099 0.0074991987 -0.0012864766
v -0.0097843146 0.0074874766 -0.0012189136
v -0.0097696527 0.0075349152 -0.0013515252
v -0.0098533535 0.0076535123 -0.00146306
v -0.0097461871 0.0075270745 -0.0014881607
v -0.009652429 0.007455468 -0.0014964413
v -0.009701207 0.0074912248 -0.0015626686
v -0.0097292454 0.0074755739 -0.0016192627
v -0.0098117187 0.0075323345 -0.0017526313
v -0.0096928177 0.0073831903 -0.0016755913
v -0.0096923595 0.0073319599 -0.0017216801
v -0.0097919728 0.0073515152 -0.0018899665
v -0.0097875062 0.0072652723 -0.0019210368
v -0.0096827762 0.007175346 -0.0017730894
v -0.0092497158 0.0066191048 -0.00089765664
v -0.0093154113 0.0066586848 -0.00084346426
v -0.0092822209 0.0068300149 -0.0010501874
v -0.0092785766 0.0067022462 -0.00081253277
v -0.0092964254 0.0068951921 -0.0010168898
v -0.0093175469 0.0067470454 -0.00077082022
v -0.0092821668 0.0067924735 -0.00074524232
v -0.0092746781 0.0068476965 -0.00072403745
v -0.0093238743 0.0068410152 -0.00071923107
v -0.0092888454 0.0068956682 -0.0006976245
v -0.0092953348 0.0071278597 -0.00065648396
v -0.0092894973 0.0071715455 -0.00083168658
v -0.0093281881 0.0071831328 -0.00065866489
v -0.0093010587 0.0072478914 -0.0006675493
v -0.0092789165 0.0074134569 -0.00091952654
v -0.0093175422 0.0075106657 -0.00077061888
v -0.0092827685 0.0074636174 -0.00074378032
v -0.0092796551 0.007554199 -0.0008100498
v -0.0092558085 0.0075996652 -0.00085528024
v -0.0093134472 0.0075984787 -0.00084172845
v -0.0096253611 0.007163758 -0.00068905837
v -0.0096324894 0.0071912962 -0.00069357342
v -0.0096327865 0.007128921 -0.00069072415
v -0.0096397779 0.007069236 -0.00069586197
v -0.0096253592 0.0070938902 -0.00068907647
v -0.009625199 0.0070639412 -0.00069130862
v -0.0096315208 0.0069995668 -0.00070314387
v -0.0096248358 0.0070238815 -0.00069634585
v -0.0095069956 0.0067118838 -0.0010395354
v -0.0094489285 0.0071688584 -0.0018698751
v -0.0092014305 0.0074900021 -0.0016537581
v -0.0091162601 0.007556853 -0.00182586
v -0.00911123 0.0075107845 -0.0018608497
v -0.0091471176 0.0071750554 -0.0018200988
v -0.0091475227 0.0070864548 -0.0018191541
v -0.009152388 0.0069180069 -0.0017772541
v -0.00911123 0.0067472154 -0.0018608497
v -0.0092083623 0.0068168457 -0.0016672822
v -0.0092376673 0.0067147297 -0.0016501687
v -0.0094340516 0.0067117967 -0.0017092933
v -0.0097919747 0.0071481565 -0.00095723462
v -0.009892415 0.0072269838 -0.0008609077
v -0.0097891034 0.0072629495 -0.00097718996
v -0.0097821055 0.0073686154 -0.001025869
v -0.0097753627 0.0074303854 -0.0010727236
v -0.009767208 0.0074830081 -0.0011294754
v -0.0098534829 0.0076176686 -0.0011316838
v -0.0097528461 0.007541351 -0.001229343
v -0.0098341152 0.007674039 -0.0012663888
v -0.0097368273 0.0075715931 -0.0013407536
v -0.009725766 0.0075750486 -0.0014177084
v -0.0096643053 0.0075318689 -0.0014799222
v -0.0096943907 0.0075057089 -0.001635921
v -0.0097617132 0.0075612528 -0.0017699564
v -0.0096816781 0.0074308587 -0.001724349
v -0.0097475506 0.0074526496 -0.0018684598
v -0.0096721554 0.0073354354 -0.0017905871
v -0.0096679104 0.0072635569 -0.0018201174
v -0.0097342485 0.0072269838 -0.0019609824
v -0.0096650196 0.0071487924 -0.0018402327
v -0.0096188139 0.0070749692 -0.0017963194
v -0.0097378714 0.0069360096 -0.0019357845
v -0.0096748814 0.0068893848 -0.0017716251
v -0.0096816111 0.0068276167 -0.0017247664
v -0.0096897788 0.0067749905 -0.0016680202
v -0.0097041361 0.0067166464 -0.0015681517
v -0.009714701 0.0066931859 -0.0014947043
v -0.009725672 0.0066829844 -0.0014183369
v -0.0097367407 0.0066863185 -0.0013413778
v -0.0098341152 0.0065839611 -0.0012663888
v -0.009752753 0.006716418 -0.0012299284
v -0.0097625933 0.0067522878 -0.001161571
v -0.0098649494 0.0066967473 -0.0010519337
v -0.0097753049 0.0068271429 -0.0010731467
v -0.009879112 0.0068053504 -0.00095343017
v -0.0097848314 0.0069225653 -0.0010069078
v -0.0098887922 0.0069360096 -0.0008861055
v -0.0097905116 0.0070320583 -0.00096737708
v -0.009752671 0.0071898799 -0.00093271767
v -0.0098459169 0.0072837293 -0.00083223455
v -0.0097481727 0.0073080843 -0.00096399003
v -0.0098374167 0.0074279139 -0.0008913499
v -0.0097394732 0.0074140835 -0.00102448
v -0.0097316278 0.0074743563 -0.0010790714
v -0.0097224105 0.0075241367 -0.0011431949
v -0.0097996925 0.007670816 -0.0011537329
v -0.0097066329 0.0075759168 -0.0012529247
v -0.0097785096 0.0077177455 -0.0013010591
v -0.0096894845 0.0075972366 -0.0013721813
v -0.0096778672 0.007593723 -0.0014529734
v -0.0096610428 0.0075621296 -0.0015699742
v -0.009721196 0.0076467341 -0.0016996857
v -0.009645961 0.0075010245 -0.0016748988
v -0.0097035754 0.0075517282 -0.0018222396
v -0.0096336405 0.0074145638 -0.0017605922
v -0.0096900545 0.0074279139 -0.0019162786
v -0.0096249215 0.0073086383 -0.0018212087
v -0.0096214206 0.007230737 -0.0018455779
v -0.0096789801 0.0071811041 -0.0019933054
v -0.0096198896 0.0071088556 -0.0018562065
v -0.0096229014 0.0069883483 -0.0018352503
v -0.0096273467 0.0069128465 -0.0018043578
v -0.0096335865 0.0068439148 -0.0017609504
v -0.0096414376 0.0067836431 -0.0017063571
v -0.0096506558 0.0067338693 -0.0016422295
v -0.0097277795 0.0065871839 -0.0016538956
v -0.0096664333 0.006682088 -0.0015325018
v -0.0096777843 0.0066643517 -0.001453563
v -0.0096893988 0.0066607372 -0.0013727747
v -0.0097009239 0.0066713552 -0.0012925929
v -0.0097928352 0.0065672257 -0.0012014262
v -0.0097172966 0.0067131197 -0.0011787594
v -0.0097271062 0.0067569736 -0.0011105281
v -0.0098238967 0.0067062719 -0.00098538885
v -0.0097394267 0.0068434357 -0.0010248361
v -0.0098374167 0.0068300861 -0.0008913499
v -0.0097481383 0.006949362 -0.0009642189
v -0.0098459169 0.0069742707 -0.00083223455
v -0.0097526608 0.0070675252 -0.00093279451
v -0.0098488161 0.0071289999 -0.00081207141
v -0.0098003501 0.0071836425 -0.00077808931
v -0.0097114441 0.0072343325 -0.00091502138
v -0.0097953088 0.0073434304 -0.00081315285
v -0.0097052527 0.0073540376 -0.00095807357
v -0.009784553 0.0074886051 -0.0008879568
v -0.0096948629 0.0074584053 -0.0010303274
v -0.0096859436 0.0075158928 -0.0010923579
v -0.0096757391 0.007561625 -0.0011633278
v -0.0097419813 0.0077181426 -0.001184051
v -0.0096587117 0.0076052542 -0.0012817648
v -0.0097192412 0.0077535667 -0.0013422125
v -0.0096406571 0.0076164261 -0.0014073445
v -0.009628658 0.007605375 -0.0014908082
v -0.009680948 0.0077181426 -0.0016085466
v -0.0096116213 0.0075618802 -0.0016092951
v -0.0096602875 0.0076425694 -0.0017522437
v -0.0095967667 0.0074888834 -0.0017126
v -0.0096431149 0.0075319973 -0.0018716837
v -0.0095851102 0.0073913671 -0.0017936908
v -0.0096305998 0.0073939615 -0.0019587272
v -0.0095416026 0.0072657232 -0.0018103872
v -0.00962528 0.0072912673 -0.0019957245
v -0.0095748135 0.0071929495 -0.0018652944
v -0.0096222402 0.0071289999 -0.0020168699
v -0.0095748033 0.0070655878 -0.0018653654
v -0.00962528 0.0069667328 -0.0019957245
v -0.009579486 0.0069425461 -0.0018328073
v -0.0095850683 0.0068670899 -0.0017939794
v -0.0095924295 0.0067995948 -0.001742769
v -0.0096013469 0.006742108 -0.0016807366
v -0.0096115514 0.0066963731 -0.001609769
v -0.009680948 0.0065398574 -0.0016085466
v -0.0096285797 0.0066527476 -0.0014913307
v -0.0096405798 0.0066415969 -0.0014078804
v -0.0096526702 0.0066452619 -0.0013237815
v -0.0096644869 0.0066636236 -0.0012415896
v -0.009749173 0.0065607881 -0.0011340342
v -0.0096381863 0.0067452636 -0.0011386316
v -0.0097626417 0.0066154307 -0.0010403539
v -0.0096905266 0.0067691145 -0.001060494
v -0.0097798153 0.0067260027 -0.00092091386
v -0.0097021859 0.0068666333 -0.00097940639
v -0.0097923295 0.0068640384 -0.00083387047
v -0.009709859 0.0069820316 -0.00092606058
v -0.009799334 0.0070201309 -0.00078515572
v -0.0097130144 0.0071074479 -0.00090410337
v -0.0096715686 0.0071507486 -0.00088192579
v -0.0096293611 0.0072310441 -0.00091994581
v -0.0096683267 0.0072803126 -0.00090447753
v -0.009740928 0.0074043035 -0.00080407362
v -0.0096604235 0.0073995652 -0.00095945245
v -0.009613334 0.0074472844 -0.0010314247
v -0.0096483955 0.0075003789 -0.0010431063
v -0.0096384825 0.0075538874 -0.0011120599
v -0.0096273951 0.0075944799 -0.0011891658
v -0.0096809005 0.0077582268 -0.0012215698
v -0.0096093135 0.0076285883 -0.0013149262
v -0.0096569068 0.0077804235 -0.0013884544
v -0.0095905939 0.0076286542 -0.0014451401
v -0.0095783861 0.0076096757 -0.0015300333
v -0.009617727 0.0077193902 -0.0016609558
v -0.0095614146 0.0075541342 -0.0016480712
v -0.0095186259 0.0074761944 -0.0016901287
v -0.0095470685 0.0074696239 -0.0017478623
v -0.0095073811 0.0073819866 -0.0017683405
v -0.009536322 0.0073618961 -0.0018225974
v -0.00956979 0.0073518 -0.0019943617
v -0.0095045378 0.0072165383 -0.0018684678
v -0.0095282726 0.0071512136 -0.0018785769
v -0.0094974672 0.0070674199 -0.0018372972
v -0.0095298958 0.0070201565 -0.0018672895
v -0.00956979 0.0069062001 -0.0019943617
v -0.0095362903 0.0068965192 -0.0018228058
v -0.0095430033 0.0068224111 -0.0017761272
v -0.0095514448 0.0067576201 -0.001717417
v -0.0095613587 0.006704114 -0.0016484614
v -0.0095724443 0.0066635195 -0.0015713563
v -0.0096329122 0.0064997732 -0.0015553392
v -0.0095905249 0.0066294157 -0.0014455953
v -0.0096030158 0.0066255374 -0.001358734
v -0.0096154108 0.0066369617 -0.0012725253
v -0.0096273345 0.0066633412 -0.0011895915
v -0.0097032597 0.0065648508 -0.001066058
v -0.0096092194 0.0067818054 -0.0010600411
v -0.0096527755 0.006788374 -0.0010126582
v -0.0096204632 0.006876014 -0.00098183132
v -0.0096635192 0.0068961034 -0.00093792388
v -0.0096278552 0.0069874624 -0.00093041905
v -0.0096286496 0.0070372299 -0.00093547561
v -0.0096467619 0.0070850946 -0.00087927611
v -0.0096283841 0.007196267 -0.00086670896
v -0.0096234193 0.0073265857 -0.00090122733
v -0.0096831729 0.0074645297 -0.00080510029
v -0.0096138238 0.0074434373 -0.00096795345
v -0.0096002563 0.0075388662 -0.0010623359
v -0.0095894465 0.0075872932 -0.0011375168
v -0.0095776019 0.0076217879 -0.0012198809
v -0.009617049 0.0077898645 -0.0012649974
v -0.0095586979 0.0076452672 -0.001351373
v -0.0095921427 0.0077975059 -0.001438231
v -0.0095192853 0.0076406734 -0.0014598658
v -0.0095757477 0.0077771937 -0.0015522546
v -0.009527345 0.0076065019 -0.0015694436
v -0.0095527151 0.0077101545 -0.0017124541
v -0.0094816487 0.0075406352 -0.0016845031
v -0.0094971338 0.0074437343 -0.00177956
v -0.0094875281 0.0073269295 -0.0018463662
v -0.0095082184 0.007302683 -0.0020219356
v -0.0094819886 0.0071066456 -0.0018848964
v -0.0094853153 0.006973785 -0.0018617529
v -0.0095139116 0.006845398 -0.0019823356
v -0.0094934234 0.0068515005 -0.0018053667
v -0.0095012232 0.0067800149 -0.0017511165
v -0.0095106724 0.006719133 -0.0016854034
v -0.0095214823 0.0066707075 -0.0016102217
v -0.0095333222 0.0066362106 -0.0015278575
v -0.0095838818 0.0064681355 -0.0014956817
v -0.0095256956 0.0066113929 -0.0014152912
v -0.0096004659 0.0064579405 -0.0013803395
v -0.0095650365 0.0066166305 -0.0013072877
v -0.0095775526 0.0066360951 -0.0012202327
v -0.009589398 0.0066705394 -0.0011378473
v -0.0096002126 0.0067189085 -0.0010626309
v -0.009613795 0.0068142611 -0.00096817266
v -0.0096233978 0.0069310701 -0.0009013711
v -0.0096959674 0.0071289999 -0.00071611049
v -0.0096340699 0.0072508686 -0.0006997634
v -0.0096302831 0.007305656 -0.00071385524
v -0.0096286635 0.0073605524 -0.00072796466
v -0.009627301 0.0074198446 -0.00075366852
v -0.0096246169 0.0074765601 -0.00078238906
v -0.0096218239 0.00753921 -0.00082328622
v -0.0096099067 0.0076092252 -0.00088653915
v -0.0096066238 0.0076449703 -0.00092540435
v -0.009550683 0.0075728227 -0.0010873663
v -0.0095195107 0.0076096295 -0.0011423094
v -0.0095759386 0.0077733609 -0.0011398732
v -0.0095266521 0.0076428187 -0.0012545046
v -0.0094941927 0.0076572841 -0.0013183977
v -0.0095071734 0.0076548278 -0.0013899838
v -0.0094680821 0.0076412195 -0.0014999989
v -0.0095091851 0.0077733609 -0.0016041551
v -0.0094758512 0.0075959156 -0.0016078292
v -0.0094389783 0.0067789104 -0.001561371
v -0.009481739 0.0066427925 -0.0015668814
v -0.0094941908 0.0066151781 -0.0014802824
v -0.0095136694 0.0066031712 -0.0013448025
v -0.0095266148 0.0066151227 -0.0012547656
v -0.0095134357 0.0066306925 -0.0011845586
v -0.0095838036 0.0065075316 -0.0010851683
v -0.0095506513 0.0066850298 -0.0010875902
v -0.0096052892 0.0066037121 -0.00093573172
v -0.0096099058 0.0066487683 -0.00088654544
v -0.0096141647 0.0066949768 -0.00084511759
v -0.0096190448 0.0067350821 -0.00081508459
v -0.0096253611 0.0067821353 -0.00078122775
v -0.0096271064 0.0068390668 -0.00075319669
v -0.0096289094 0.006897753 -0.00072737484
v -0.0096302812 0.0069522477 -0.00071388073
v -0.0093936797 0.0067263212 -0.0016181753
v -0.0094160761 0.0066248508 -0.0015391947
v -0.0094580136 0.0064574111 -0.0015416603
v -0.0094289312 0.0066006473 -0.0014497826
v -0.0094355352 0.0065945421 -0.0014038509
v -0.009483624 0.0064337201 -0.0013635402
v -0.0094488438 0.0065945411 -0.0013112848
v -0.009500806 0.0064442829 -0.0012440349
v -0.0094606176 0.0066549865 -0.0012092148
v -0.009474457 0.0066427743 -0.0011331436
v -0.0095330977 0.0065268698 -0.0010194387
v -0.0095552055 0.0076589642 -0.00088973318
v -0.0095403779 0.00769854 -0.00096880311
v -0.0095330977 0.0077311301 -0.0010194387
v -0.0094683 0.0076331495 -0.0011759703
v -0.0095092335 0.0078005888 -0.0011854201
v -0.0094413112 0.0076058798 -0.0012868877
v -0.0094421858 0.0076654981 -0.001357597
v -0.0094550743 0.0076570059 -0.0014295829
v -0.0094160715 0.0076331382 -0.0015392216
v -0.0094418058 0.0077591376 -0.0016543873
v -0.0094242429 0.0075781922 -0.0016440176
v -0.0094164058 0.0076605662 -0.0018387959
v -0.0093639677 0.0066413133 -0.0015760897
v -0.0093765107 0.0066092318 -0.001488846
v -0.0093963312 0.006590892 -0.0013509921
v -0.0094413802 0.0064399451 -0.0012347181
v -0.0094161516 0.0066092258 -0.0012131367
v -0.0094346216 0.0066629849 -0.001084677
v -0.0094812035 0.0065558519 -0.00095774266
v -0.0094967175 0.0076824257 -0.00087706399
v -0.0094601854 0.0075805555 -0.0010695149
v -0.0094286965 0.0076166887 -0.0011258883
v -0.0094161525 0.0076487699 -0.0012131325
v -0.0093728749 0.0075352313 -0.0014016246
v -0.0093880834 0.0075987403 -0.0014622733
v -0.0093639677 0.0076166912 -0.001576086
v -0.0093743016 0.0077349448 -0.0017012619
v -0.0093466963 0.007502222 -0.00162711
v -0.0093566801 0.0076832345 -0.0018336605
v -0.0093274338 0.0067013692 -0.0016724937
v -0.0093146691 0.0065237383 -0.0016922897
v -0.0093245029 0.006626173 -0.001525579
v -0.0093635328 0.006598668 -0.001416772
v -0.0093834053 0.006598676 -0.0012785553
v -0.0094026008 0.0066348297 -0.0011450519
v -0.0093942282 0.0066906594 -0.0010406262
v -0.0094283351 0.0065936145 -0.00090172937
v -0.0094391571 0.0076238051 -0.00086580226
v -0.0094208026 0.0075566332 -0.0010230959
v -0.0094141325 0.0077342618 -0.0010005074
v -0.0093705195 0.0075841957 -0.0011949041
v -0.0093637786 0.0076559683 -0.0012524145
v -0.009376779 0.0076633962 -0.001324645
v -0.0093303823 0.0077857475 -0.001583002
v -0.0093124767 0.0075924226 -0.0016092185
v -0.0093039197 0.0076240334 -0.0018299963
v -0.0092872127 0.0066810915 -0.0016234688
v -0.0092633253 0.0065010012 -0.0016277182
v -0.0092859108 0.0066194649 -0.001473085
v -0.0092878777 0.0064466071 -0.0014569578
v -0.0093245234 0.0065984834 -0.0013639686
v -0.0093135962 0.0064387167 -0.0012780808
v -0.0093441762 0.0066105913 -0.0012272807
v -0.0093387289 0.0064778681 -0.0011032778
v -0.0093370692 0.0066508906 -0.001117271
v -0.009354308 0.0065289136 -0.00099492455
v -0.009372792 0.0076750339 -0.00086765338
v -0.0093683999 0.0075769053 -0.0010588075
v -0.0093389896 0.0075814737 -0.001153333
v -0.0093310892 0.007659514 -0.0013183055
v -0.0092964068 0.0078192833 -0.0013976354
v -0.009305069 0.0076354097 -0.0014992821
v -0.0092633253 0.0077569989 -0.0016277182
v -0.0092622906 0.0075611373 -0.0016373697
v -0.0092353232 0.0076757902 -0.0018071807
v -0.0092480516 0.0066643377 -0.0015738731
v -0.0092131447 0.0064883168 -0.0015602388
v -0.0092484641 0.0066213921 -0.0014202083
v -0.0092679251 0.0066494777 -0.0013537648
v -0.0092857245 0.0066057314 -0.0013118522
v -0.00926318 0.0064575573 -0.0012122342
v -0.0093048865 0.0066295139 -0.0011785745
v -0.0093225201 0.0066873353 -0.001055931
v -0.0093231599 0.0076280478 -0.00086964013
v -0.0093283809 0.0075432709 -0.0010192283
v -0.0093168502 0.0075936632 -0.0010953585
v -0.0092985637 0.0076403896 -0.001222551
v -0.0092547878 0.0078082064 -0.0012706046
v -0.0092791782 0.0076522663 -0.0013573796
v -0.0092662962 0.0076403274 -0.0014469741
v -0.0092539049 0.0076128469 -0.0015331539
v -0.009197816 0.0077194569 -0.0016668532
v -0.0092121565 0.007629 -0.0018030623
v -0.0091279361 0.0066191048 -0.0017446527
v -0.0091948628 0.0067355755 -0.0015753694
v -0.0091414617 0.0065525552 -0.0016505776
v -0.0092096457 0.006654773 -0.0015223791
v -0.0091643089 0.0064860595 -0.0014916765
v -0.0092124201 0.006631869 -0.0013685545
v -0.0092471314 0.0066202 -0.0012616587
v -0.009213343 0.0064860595 -0.0011506328
v -0.0092655474 0.0066549281 -0.0011335788
v -0.0092361902 0.0065525552 -0.00099173174
v -0.0092593476 0.0067201751 -0.0010421697
v -0.0092628931 0.007513105 -0.0010059221
v -0.0092646272 0.0075043483 -0.0010826677
v -0.0092361902 0.0077054447 -0.00099173174
v -0.0092654952 0.0076032241 -0.0011339484
v -0.009213343 0.0077719405 -0.0011506328
v -0.0092470755 0.0076378476 -0.0012620551
v -0.009188826 0.007794621 -0.0013211546
v -0.0092280086 0.0076377974 -0.0013946667
v -0.009215581 0.0076183999 -0.0014811089
v -0.0092038184 0.0075841356 -0.0015629048
v -0.0091901429 0.0074992035 -0.0016081934
v -0.0092627003 0.0072373284 -0.00083925864
v -0.0093032958 0.0073083555 -0.0006814515
v -0.0092191033 0.0073494322 -0.0007136475
v -0.0092882521 0.0073601899 -0.00069703905
v -0.0092563469 0.0073598112 -0.00088345537
v -0.0093042522 0.0074139305 -0.00071831913
v -0.0092456972 0.0074665671 -0.00095752031
v -0.0091716766 0.007713116 -0.0010435103
v -0.0092146599 0.0076053544 -0.0011733905
v -0.0091488406 0.0077637093 -0.0012023384
v -0.0091963874 0.0076279291 -0.0013004821
v -0.0091249186 0.0077710482 -0.0013687158
v -0.0091779043 0.0076165049 -0.0014290267
v -0.0091660924 0.0075902848 -0.0015111895
v -0.0091551065 0.0075500521 -0.0015875986
v -0.0091408973 0.007466207 -0.0016864114
v -0.0090577786 0.0074986704 -0.0018356859
v -0.0091302635 0.0073593779 -0.0017603743
v -0.009046722 0.0073494322 -0.0019125837
v -0.0091239258 0.0072368501 -0.0018044507
v -0.0091099551 0.0071290779 -0.0017932027
v -0.0091239426 0.0070206715 -0.0018043436
v -0.009046722 0.0069085677 -0.0019125837
v -0.0091333974 0.0068604668 -0.0017385711
v -0.0090626495 0.0067147229 -0.0018018064
v -0.0091453313 0.0067606411 -0.0016555752
v -0.0090803036 0.006601056 -0.0016790232
v -0.0090941496 0.0065448839 -0.0015827209
v -0.0091719839 0.0066526452 -0.001470212
v -0.0091169856 0.0064942908 -0.0014238928
v -0.0091964563 0.0066300909 -0.001299997
v -0.0092087386 0.0066414963 -0.0012145755
v -0.0091642838 0.0065233674 -0.0010949271
v -0.0092261701 0.0066861444 -0.0010933379
v -0.0092563785 0.0068986226 -0.00088322882
v -0.0092611134 0.0069790623 -0.00085029289
v -0.0093040501 0.0069471752 -0.00068156116
v -0.0092637891 0.007064059 -0.00083168652
v -0.0093011183 0.0070070702 -0.00066731286
v -0.0093098904 0.007071508 -0.00065795877
v -0.0092246344 0.0071289999 -0.00067517497
v -0.0092178981 0.0071922421 -0.00084219778
v -0.0092153007 0.0072743242 -0.00086025612
v -0.0091587936 0.0073904302 -0.00075043258
v -0.0092077169 0.0073884212 -0.0009130014
v -0.0091464452 0.0075266262 -0.00083631589
v -0.0091961871 0.0074848445 -0.00099317343
v -0.0091295016 0.0076357247 -0.00095416405
v -0.009181502 0.0075570115 -0.0010953215
v -0.0091091169 0.0077102906 -0.001095946
v -0.0091646581 0.0076000126 -0.0012124759
v -0.0090866794 0.0077452427 -0.0012519995
v -0.0091468038 0.0076109156 -0.0013366539
v -0.0090637195 0.0077381987 -0.0014116898
v -0.0091291552 0.0075889773 -0.0014593947
v -0.0091181032 0.0075567531 -0.0015362699
v -0.0091080132 0.0075115347 -0.0016064411
v -0.0090167557 0.0075664138 -0.0017383266
v -0.0090953519 0.0074224331 -0.001694523
v -0.0090027654 0.0074382983 -0.0018356325
v -0.0090863972 0.0073133419 -0.0017567867
v -0.0089939709 0.0072891046 -0.0018968016
v -0.0090817714 0.0071916854 -0.0017889743
v -0.0090817807 0.0070657573 -0.0017889038
v -0.0090843735 0.0069836738 -0.0017708479
v -0.0090889658 0.0069060122 -0.0017389429
v -0.0090953957 0.0068351166 -0.0016941901
v -0.0090167557 0.0066915861 -0.0017383266
v -0.0091080794 0.0067461276 -0.0016059971
v -0.0091181749 0.0067009878 -0.0015357764
v -0.0090488966 0.0065477093 -0.001514784
v -0.0091350197 0.0066579898 -0.0014186221
v -0.0091468839 0.0066470614 -0.0013360985
v -0.0091588392 0.0066507776 -0.0012529505
v -0.0091705199 0.0066690234 -0.0011717035
v -0.0091162117 0.0065683612 -0.0010465958
v -0.0091867584 0.0067223114 -0.0010587674
v -0.0091355944 0.0066551276 -0.00091178608
v -0.0092004777 0.0068033094 -0.00096332606
v -0.009207757 0.006870048 -0.00091269523
v -0.0092132788 0.0069446583 -0.00087431257
v -0.0092168718 0.0070248671 -0.00084933328
v -0.0092184262 0.0071082391 -0.00083851521
v -0.0091729516 0.0071494704 -0.00085231118
v -0.0091714466 0.0072293521 -0.00086277343
v -0.0091679913 0.0073061847 -0.00088680853
v -0.0090999899 0.0074230505 -0.00079383414
v -0.0091593934 0.007410654 -0.00094659904
v -0.0090866887 0.0075448502 -0.00088634305
v -0.0091472424 0.0074959276 -0.0010311176
v -0.009069355 0.0076383104 -0.001006903
v -0.0091323655 0.0075561927 -0.0011346035
v -0.0090491695 0.007697062 -0.0011472981
v -0.0091157712 0.0075873537 -0.0012499998
v -0.0090275069 0.007717101 -0.0012979605
v -0.0090985966 0.007587273 -0.0013694471
v -0.0090058453 0.007697062 -0.001448623
v -0.0090820144 0.0075559578 -0.0014848033
v -0.0090718453 0.0075187046 -0.0015555247
v -0.0090627566 0.0074696055 -0.0016187659
v -0.0089633928 0.0075070241 -0.0017438865
v -0.0090517222 0.0073771152 -0.0016954863
v -0.0089516535 0.0073775422 -0.0018255359
v -0.0090444672 0.0072677155 -0.0017459036
v -0.0090619854 0.007182042 -0.0017086273
v -0.0090415 0.0071488576 -0.0017665622
v -0.0089441303 0.0070777436 -0.0018778604
v -0.009043006 0.0070286471 -0.0017560753
v -0.0090464612 0.0069518132 -0.0017320416
v -0.0090517679 0.0068803666 -0.0016951618
v -0.0090587584 0.0068164753 -0.0016465634
v -0.0089737091 0.0066784884 -0.0016721368
v -0.0090719189 0.0067389662 -0.0015550129
v -0.0090820936 0.0067018057 -0.0014842427
v -0.0090058453 0.0065609381 -0.001448623
v -0.0090986842 0.0066706486 -0.0013688452
v -0.0091101404 0.0066671861 -0.0012891609
v -0.00912151 0.0066777585 -0.0012100923
v -0.0091324428 0.0067020372 -0.0011340402
v -0.009069355 0.0066196896 -0.001006903
v -0.0091473104 0.0067624446 -0.0010306347
v -0.0090866887 0.0067131497 -0.00088634305
v -0.0091594483 0.0068478341 -0.00094623151
v -0.0091656025 0.0069158218 -0.00090342187
v -0.0091699853 0.0069902871 -0.00087294999
v -0.009172458 0.0070689662 -0.00085573624
v -0.0091275105 0.0071866353 -0.00087254027
v -0.0091251449 0.0072613527 -0.00088899249
v -0.009120967 0.0073320495 -0.00091803508
v -0.0091116026 0.0074259015 -0.00098318942
v -0.0090294068 0.0075528066 -0.00093896074
v -0.0090991023 0.0074995173 -0.0010701661
v -0.0090120721 0.0076304061 -0.0010595275
v -0.0090843064 0.0075478931 -0.0011730324
v -0.0089924696 0.0076738354 -0.0011958658
v -0.0090682355 0.0075677212 -0.0012847897
v -0.0089719349 0.0076801351 -0.0013386843
v -0.0090519886 0.0075576409 -0.001397817
v -0.0089518686 0.0076488758 -0.0014782505
v -0.00903666 0.0075183582 -0.0015044136
v -0.0090274725 0.0074771873 -0.0015682857
v -0.0090194519 0.0074254287 -0.0016241043
v -0.0089143019 0.0074463256 -0.0017395322
v -0.0090100996 0.0073314813 -0.0016891231
v -0.0089048108 0.0073182194 -0.0018055413
v -0.0090031258 0.0071095248 -0.0017376558
v -0.0090059701 0.0069966478 -0.0017178705
v -0.009010148 0.0069259523 -0.0016888238
v -0.0090160107 0.0068614284 -0.0016480664
v -0.0090233653 0.006805024 -0.0015968473
v -0.0089336371 0.0066758121 -0.0016050528
v -0.0090367401 0.006739345 -0.0015038497
v -0.0090468114 0.0067101092 -0.0014338295
v -0.0089651251 0.0065841646 -0.0013860484
v -0.009062873 0.0066902764 -0.0013220727
v -0.0090737611 0.0066936783 -0.001246383
v -0.0090843968 0.0067103048 -0.0011724282
v -0.0090944578 0.0067396482 -0.0011024527
v -0.0090239577 0.0066758121 -0.00097686143
v -0.0091078111 0.0068054629 -0.0010095506
v -0.0090391112 0.0067733839 -0.00087146418
v -0.0091182895 0.006893332 -0.00093668033
v -0.0091265801 0.0070342707 -0.00087901441
v -0.0091279948 0.0071101665 -0.00086918151
v -0.0046369999 0.006658685 0.0081232138
v -0.0045790637 0.006735968 0.0081506049
v -0.0044625008 0.007242105 0.0081774726
v -0.0044838197 0.0072677689 0.0082047427
v -0.0040238907 0.007629 0.0084398318
v -0.0044704189 0.0069635537 0.0081740594
v -0.0044618167 0.0070134766 0.0081764063
v -0.0045338443 0.0067924735 0.0081337797
v -0.004527509 0.0068410154 0.0081825213
v -0.0044933043 0.0068956682 0.008159635
v -0.0044935157 0.006941843 0.0081988977
v -0.0044742224 0.0070745322 0.0082115954
v -0.0044585767 0.0071278597 0.0081826285
v -0.004474208 0.0071831328 0.0082116056
v -0.0044934445 0.0073158815 0.0081989238
v -0.0044925252 0.0073601899 0.0081593379
v -0.0045185287 0.0074139306 0.0081650525
v -0.0045917516 0.0075541992 0.0081045715
v -0.004634605 0.0075984787 0.0081221493
v -0.0045327644 0.0074636175 0.0081349336
v -0.0045638306 0.0075113447 0.0081329871
v -0.0046600464 0.007629 0.0081076197
v -0.0011777928 0.007629 0.0092755215
v -0.0033396294 0.007629 0.0087332319
v -0.0026341928 0.007629 0.0089712594
v -0.0019120545 0.007629 0.0091524053
v -0.0088915245 0.0074927794 0.0042757493
v -0.0089862866 0.007623763 0.0043018715
v -0.0088005818 0.00701145 0.0044273458
v -0.0088305257 0.0068734694 0.0043418313
v -0.0080584555 0.0074926461 0.004079949
v -0.0081027008 0.0066836263 0.0039830645
v -0.0080087667 0.0069531082 0.0041887526
v -0.0081935672 0.0069672052 0.0041289799
v -0.0079966958 0.0070841781 0.004215184
v -0.0081375323 0.0070362006 0.0041497423
v -0.0082382734 0.0069380799 0.004104609
v -0.0082108376 0.006907429 0.0040700914
v -0.0080584555 0.0067653538 0.004079949
v -0.0082476537 0.0068444499 0.0040046548
v -0.0081192327 0.0066629102 0.0039468653
v -0.0081542262 0.0066322501 0.0038702403
v -0.0083120491 0.006750567 0.0038732331
v -0.0083280827 0.0067672162 0.0038175703
v -0.0082648133 0.0066322501 0.0036280897
v -0.0082825876 0.0066457413 0.0035891681
v -0.0084497507 0.006829365 0.0036613393
v -0.0083468424 0.0067350439 0.0034484692
v -0.008360584 0.0067653538 0.0034183808
v -0.0084493093 0.0069044906 0.0035316748
v -0.0083945345 0.0068718634 0.0033440389
v -0.0084729854 0.0069906289 0.0034994952
v -0.0084158767 0.0069958962 0.0032973056
v -0.0084979727 0.0070588238 0.0034563152
v -0.0084759227 0.0071126056 0.0034498364
v -0.0084223438 0.0071738219 0.0032831457
v -0.0084199111 0.0072183026 0.0032884724
v -0.008469003 0.0072474321 0.0034670135
v -0.0084608363 0.0073058702 0.003498082
v -0.0083845209 0.007423975 0.0033659662
v -0.0084459537 0.0073729732 0.0035662024
v -0.0084162501 0.0074322735 0.0036325244
v -0.0082825876 0.0076122588 0.0035891681
v -0.0082648133 0.0076257498 0.0036280897
v -0.0083491567 0.0074918407 0.0037637706
v -0.0082095198 0.0076432732 0.0037491649
v -0.0083104165 0.0074893855 0.0038511403
v -0.0081542262 0.0076257498 0.0038702403
v -0.0081364519 0.0076122588 0.0039091617
v -0.0081027008 0.0075743737 0.0039830645
v -0.0082475792 0.0074113484 0.0040064043
v -0.0080458641 0.0074595684 0.0041075199
v -0.0080345187 0.007423975 0.0041323639
v -0.0081651218 0.0073100588 0.0041122044
v -0.0081849208 0.00723079 0.0041491249
v -0.0080087667 0.0073048918 0.0041887526
v -0.0079991284 0.0072183026 0.0042098573
v -0.0081352077 0.0071481551 0.0041550565
v -0.0090960215 0.0071097935 0.0037456154
v -0.0091107886 0.0070486112 0.0037442855
v -0.0092666259 0.006948921 0.0036880138
v -0.0090785648 0.0069544223 0.0037841901
v -0.009240261 0.006827003 0.0037457448
v -0.0090726882 0.006865427 0.0038292733
v -0.0092016866 0.0067256655 0.0038302121
v -0.0090248312 0.0068123379 0.0039012932
v -0.0091535307 0.0066518147 0.0039356592
v -0.0089946713 0.00676409 0.0039824912
v -0.0089747019 0.006741112 0.0040461499
v -0.0089388795 0.0067236439 0.0040794759
v -0.0089397996 0.0067368854 0.0041374684
v -0.0088992554 0.0067574113 0.0042338468
v -0.0088481174 0.0068292309 0.0042940089
v -0.0089517327 0.0066730239 0.0043775336
v -0.0088137088 0.006926573 0.0043774954
v -0.008862864 0.0069064848 0.0045721292
v -0.0088456941 0.0070375715 0.0046097253
v -0.0087846254 0.0071126938 0.0044113616
v -0.0087881961 0.0072074573 0.0044047357
v -0.0087965771 0.0072687323 0.0043894061
v -0.0087735185 0.0073175065 0.0043484298
v -0.0088819272 0.0074309971 0.0045303869
v -0.0088935427 0.0074674379 0.004504952
v -0.008862592 0.0074460256 0.0043230759
v -0.0090044846 0.0076375753 0.0042620235
v -0.0089060774 0.0075221901 0.0041456599
v -0.0089486239 0.0075194355 0.0041050919
v -0.0090801574 0.0076535123 0.004096324
v -0.0089810535 0.0075005761 0.004011758
v -0.0091359017 0.007623763 0.0039742602
v -0.0090262245 0.0074694722 0.0039231897
v -0.0090527113 0.0074370227 0.0038738662
v -0.0090670527 0.0073870658 0.0038301622
v -0.009250513 0.0073922579 0.0037232955
v -0.0090921137 0.0072708058 0.0037665627
v -0.009090835 0.0072062954 0.0037534699
v -0.0092789845 0.007174889 0.0036609528
v -0.008362781 0.0067679876 0.0041791209
v -0.0082926329 0.0066586848 0.0043267276
v -0.0082325831 0.0067011471 0.0043202489
v -0.0082697568 0.0067065012 0.0043627405
v -0.0082178989 0.0067472154 0.0043524042
v -0.0082551546 0.0067470454 0.0043889944
v -0.0082115631 0.0067924735 0.0043913842
v -0.0082815241 0.0069150956 0.0042824688
v -0.0082325868 0.0068410152 0.0044358148
v -0.0081914372 0.0068956682 0.0044350535
v -0.0081773147 0.0069567246 0.004441271
v -0.0082128437 0.006941843 0.0044679692
v -0.0082079114 0.0069895802 0.0044780112
v -0.0081740168 0.0070134766 0.0044661853
v -0.0083326462 0.0070824152 0.004243567
v -0.0082034783 0.0070745324 0.0044890827
v -0.0081746539 0.0071278597 0.004473172
v -0.0083059815 0.0071772834 0.0042723672
v -0.0082034708 0.0071831328 0.0044890981
v -0.0081854516 0.0072478915 0.0044669573
v -0.0082769513 0.0072553519 0.0043057496
v -0.0082127971 0.0073158817 0.0044680297
v -0.0081906214 0.0073601898 0.0044352248
v -0.0081937991 0.0074103036 0.0044051743
v -0.0082325123 0.0074166278 0.0044359634
v -0.0082112791 0.0074636175 0.0043929395
v -0.0082178989 0.0075107845 0.0043524042
v -0.0082550419 0.0075106658 0.0043891611
v -0.0082696944 0.0075513275 0.0043628587
v -0.0083656458 0.0074411363 0.0041940309
v -0.0082900419 0.0075984787 0.0043271262
v -0.0085679961 0.0076191126 0.0044405697
v -0.0085139067 0.0076302339 0.0044196564
v -0.0085703458 0.0075461892 0.0042979246
v -0.0084750697 0.0071383751 0.004626165
v -0.0084857072 0.007069236 0.0046262642
v -0.0084699092 0.0070938902 0.0046241776
v -0.0084709812 0.0070639412 0.0046222134
v -0.0084826981 0.0069995668 0.0046156746
v -0.0084733998 0.0070238815 0.0046177794
v -0.0090413352 0.007094242 0.0033729259
v -0.0090469036 0.0070667037 0.0033792666
v -0.0090479914 0.0071290788 0.0033766165
v -0.0090532515 0.0071887639 0.0033835158
v -0.0090413296 0.0071641098 0.0033729429
v -0.0090405464 0.0071940586 0.0033750398
v -0.009043277 0.0072584331 0.0033881763
v -0.0090387787 0.0072341185 0.0033797705
v -0.0089667996 0.0076191157 0.0035673127
v -0.0088600244 0.0075429159 0.0036586045
v -0.008915575 0.0076302336 0.0035401267
v -0.0086221376 0.0076388953 0.0034672431
v -0.0086399231 0.0075996652 0.0034282998
v -0.0087010905 0.0076141283 0.0034565962
v -0.0086318196 0.0074509005 0.003520742
v -0.0087084125 0.0075629942 0.003399701
v -0.0086983747 0.0075131537 0.0033618176
v -0.0086739545 0.0072592059 0.0034360675
v -0.0087555589 0.0073032611 0.003277941
v -0.0087160382 0.0073623318 0.0032863376
v -0.0087281575 0.0072445234 0.0032527844
v -0.0086790638 0.0071750557 0.0034141381
v -0.0087647557 0.0071834675 0.0032600559
v -0.0087338553 0.0071301403 0.0032486917
v -0.0087198585 0.0070709874 0.0032532657
v -0.0087647622 0.0070748672 0.0032600403
v -0.0087293105 0.0070158952 0.0032533097
v -0.0087114887 0.0069567246 0.0032715927
v -0.0087593382 0.006990231 0.0032705307
v -0.0087549479 0.0069421184 0.0032808854
v -0.0087156331 0.0068978098 0.0032856086
v -0.0086950033 0.0068476965 0.0033076896
v -0.008743624 0.0068413723 0.0033167842
v -0.008697205 0.0067943827 0.0033289123
v -0.0086755462 0.0067038011 0.0033916197
v -0.0086399231 0.0066583349 0.0034282998
v -0.0086990444 0.0066595214 0.0034315355
v -0.0088605534 0.0067117748 0.0036624734
v -0.0087550513 0.0071481565 0.0044886599
v -0.0087874697 0.0072269838 0.0046240053
v -0.0087634267 0.0072629509 0.0044703324
v -0.0087410284 0.0073197045 0.0043942364
v -0.0088387493 0.0074917031 0.0045117195
v -0.0088149502 0.0074579482 0.0043575004
v -0.008840583 0.0075053673 0.0043013696
v -0.008869251 0.0075413549 0.004238604
v -0.0089576447 0.007674039 0.0042513738
v -0.0089321246 0.007575021 0.0041009257
v -0.0089644201 0.007571676 0.0040302001
v -0.00899599 0.0075548903 0.0039610778
v -0.0091173768 0.0076403986 0.0039016096
v -0.0090398805 0.0075057055 0.003864963
v -0.0090655449 0.0074583772 0.0038087707
v -0.0090873984 0.0074010343 0.0037609105
v -0.009104803 0.007335437 0.0037228257
v -0.0092385819 0.0073219903 0.0036362085
v -0.0091213954 0.0072259433 0.0036864941
v -0.0092518262 0.007178179 0.0036072076
v -0.0091256432 0.0071098433 0.0036771832
v -0.009249157 0.0070310162 0.0036130521
v -0.0091172762 0.0069950487 0.0036955144
v -0.009230756 0.0068905308 0.0036533441
v -0.0090968392 0.0068893855 0.003740254
v -0.0091978775 0.0067662968 0.0037253377
v -0.0090657452 0.0068000491 0.0038083425
v -0.0091527624 0.0066667803 0.0038241266
v -0.0090261006 0.0067331343 0.0038951439
v -0.0089962443 0.0067032996 0.003960526
v -0.0089646892 0.0066863965 0.0040296283
v -0.0088132031 0.006788422 0.0040743634
v -0.0088158406 0.0067945717 0.0041244667
v -0.0089381419 0.0065987635 0.0042940787
v -0.0088548239 0.0067328418 0.0042701856
v -0.0088838644 0.0066667803 0.0044129308
v -0.0088151486 0.0067996142 0.0043570836
v -0.0087932867 0.0068569622 0.004404935
v -0.008775898 0.0069225664 0.0044430153
v -0.0087980449 0.0069360096 0.0046008489
v -0.0087593056 0.0070320576 0.0044793472
v -0.0087848005 0.007079821 0.0046298498
v -0.0087087329 0.0071898801 0.0044880448
v -0.0087328514 0.0072837293 0.0046229878
v -0.0087218552 0.0073080838 0.0044593014
v -0.0087472412 0.0074140838 0.004403714
v -0.0087971275 0.0075517282 0.0044822408
v -0.0087831605 0.0075006593 0.0043250694
v -0.0088117726 0.0075446023 0.0042624189
v -0.0088431181 0.0075759118 0.0041937753
v -0.008876249 0.0075936458 0.0041212313
v -0.0089101593 0.0075972708 0.00404699
v -0.008943809 0.0075866552 0.0039733023
v -0.0089761799 0.0075621314 0.0039024112
v -0.0090969091 0.0076467341 0.0038258123
v -0.0090202193 0.0075010271 0.0038059881
v -0.0090452542 0.0074458691 0.0037511649
v -0.0090659258 0.0073810803 0.0037058901
v -0.0090816251 0.0073086404 0.0036715275
v -0.0090368127 0.007223138 0.0036594159
v -0.009094809 0.0071904748 0.0036426544
v -0.0092210823 0.0071289999 0.0035539106
v -0.0090948388 0.0070681203 0.0036425853
v -0.0092126203 0.0069742707 0.0035724404
v -0.0090817118 0.0069499171 0.0036713243
v -0.0091878099 0.0068300861 0.0036267665
v -0.0090563295 0.0068439151 0.0037269086
v -0.0091483432 0.0067062719 0.003713187
v -0.0090204149 0.0067573405 0.0038055565
v -0.0090969091 0.0066112658 0.0038258123
v -0.0089764118 0.0066960951 0.0039019064
v -0.0089440492 0.00667148 0.0039727696
v -0.0089104024 0.006660767 0.0040464424
v -0.0088677795 0.0065871839 0.0043275351
v -0.0087972793 0.0067335422 0.0042941579
v -0.0088131016 0.0066710374 0.004447264
v -0.0087583193 0.0068121344 0.0043794568
v -0.0087376412 0.0068769191 0.0044247339
v -0.0087219521 0.0069493594 0.0044590997
v -0.0087328514 0.0069742707 0.0046229878
v -0.0087087646 0.0070675259 0.004487967
v -0.0087243884 0.0071289999 0.0046415174
v -0.0086652448 0.0071836425 0.0046439026
v -0.008664483 0.0072343318 0.0044806384
v -0.0086799606 0.0073434304 0.0046116793
v -0.0086825516 0.0073540383 0.0044410777
v -0.0087113546 0.0074886051 0.0045429355
v -0.0087128745 0.0074584073 0.0043746782
v -0.0087572883 0.0076092734 0.004442356
v -0.0087533842 0.0075403266 0.0042859697
v -0.0087847111 0.0075796359 0.0042173722
v -0.0088183999 0.0076052582 0.00414361
v -0.0088534241 0.0076164058 0.0040669193
v -0.0088887166 0.0076127375 0.0039896326
v -0.0089232146 0.0075943833 0.0039140991
v -0.0089558584 0.0075618781 0.0038426138
v -0.0090740842 0.0076425694 0.0037486683
v -0.0089531185 0.0074644284 0.0037506692
v -0.0091088617 0.0075723224 0.0036725163
v -0.0090231027 0.0074262206 0.0036953789
v -0.009042097 0.0073545185 0.0036537805
v -0.0089456846 0.0072267426 0.0036847141
v -0.0090648502 0.0071505519 0.0036039566
v -0.0091841535 0.0070743576 0.0035076506
v -0.0090602653 0.007023669 0.003613993
v -0.0091694377 0.0069145696 0.0035398737
v -0.0090422032 0.0069039614 0.0036535521
v -0.0091380437 0.0067693948 0.0036086174
v -0.0090118775 0.0067995934 0.0037199509
v -0.00909211 0.0066487266 0.0037091974
v -0.008971364 0.0067176755 0.0038086596
v -0.008897661 0.0067085203 0.0038721062
v -0.0088348945 0.0067645589 0.0039273118
v -0.0088079886 0.0067531223 0.0039862282
v -0.0087806664 0.0067531081 0.0040460559
v -0.0087852122 0.0066604196 0.0041501894
v -0.0087849216 0.0066781508 0.0042169196
v -0.008794476 0.0065860433 0.0043609244
v -0.0087390856 0.0067417762 0.0043172798
v -0.0087405366 0.0066856778 0.0044790366
v -0.0087016539 0.006831782 0.0043992483
v -0.0086826549 0.0069034832 0.0044408444
v -0.0086691182 0.0069820328 0.0044704931
v -0.0086379319 0.0070697254 0.0044408342
v -0.0086599018 0.0071074479 0.0044906776
v -0.008613047 0.0071507484 0.0044869239
v -0.0085980927 0.0072310442 0.0044321217
v -0.0086225101 0.0072803129 0.004466202
v -0.0086293041 0.0074043035 0.004589917
v -0.0086455827 0.0073995645 0.0044156782
v -0.0086672611 0.007547727 0.004506803
v -0.0086806917 0.0075003778 0.0043388017
v -0.0087193444 0.0076626149 0.0043927551
v -0.0087254427 0.007575885 0.0042408126
v -0.0087591491 0.0076095384 0.0041670063
v -0.0087947713 0.0076285882 0.0040890047
v -0.0088312251 0.0076324596 0.0040091797
v -0.0088674061 0.0076210359 0.0039299553
v -0.0089022152 0.0075946639 0.0038537387
v -0.0089345861 0.0075541328 0.003782849
v -0.0090485064 0.0076280194 0.0036719915
v -0.0089282009 0.0074135851 0.0036817215
v -0.0089508973 0.0073672116 0.0036632143
v -0.0089285716 0.0072865741 0.0036596741
v -0.0090082826 0.0071729055 0.0035614652
v -0.0090313365 0.0071072514 0.0035709982
v -0.0089801259 0.0070269556 0.0035955877
v -0.0090218696 0.0069776879 0.0035917253
v -0.0091198178 0.0068536965 0.0035158413
v -0.0089987952 0.0068584372 0.0036422488
v -0.0090818608 0.0067102731 0.0035989551
v -0.0089636899 0.0067576215 0.0037191221
v -0.0090297766 0.0065953851 0.003713003
v -0.0089189408 0.0066821145 0.0038171133
v -0.0087278138 0.0066549779 0.0041756047
v -0.0087256141 0.0066819024 0.004240435
v -0.0087193444 0.0065953851 0.0043927551
v -0.0086808342 0.0067573098 0.0043384874
v -0.0086338536 0.0068423498 0.0043538184
v -0.0086300613 0.0068907874 0.0043657482
v -0.0086127657 0.0069714264 0.0043511897
v -0.0086058907 0.0070372288 0.0044186766
v -0.0085684906 0.007196266 0.0044763688
v -0.0085829755 0.0073265848 0.0044446545
v -0.0085812721 0.0074645297 0.0045578283
v -0.0086109785 0.0074434377 0.0043833357
v -0.0086255732 0.0076035107 0.0044608218
v -0.0086505904 0.0075388661 0.0042965998
v -0.0086833087 0.0077101545 0.0043344003
v -0.0086991133 0.0076063578 0.0041903485
v -0.008734796 0.0076334741 0.0041122114
v -0.0087718943 0.0076452633 0.0040309782
v -0.0088092794 0.0076413712 0.0039491173
v -0.0088458152 0.0076219047 0.003869115
v -0.0088803924 0.007587463 0.0037934029
v -0.0089119615 0.0075390951 0.0037242795
v -0.0090198114 0.0076035107 0.0035975616
v -0.0089909032 0.0072410313 0.0035514179
v -0.0091014605 0.0071289999 0.0034187745
v -0.0089941805 0.007061734 0.0035442388
v -0.0089796956 0.0069314161 0.0035759566
v -0.0090641126 0.0067934702 0.0035005548
v -0.0089516963 0.0068145591 0.0036372704
v -0.0090198114 0.0066544892 0.0035975616
v -0.0089120816 0.006719136 0.0037240115
v -0.0089620769 0.0065478455 0.0037239831
v -0.0088635578 0.0066516449 0.0038302614
v -0.0088948428 0.0064808064 0.003871204
v -0.0088094322 0.0066166829 0.0039487806
v -0.0087720507 0.0066127143 0.0040306392
v -0.0087349478 0.0066244466 0.0041118785
v -0.008668659 0.0066581216 0.0042002927
v -0.0086660578 0.0066930641 0.0042627281
v -0.0086123187 0.0067140801 0.004296258
v -0.0086231155 0.0067797421 0.0043567572
v -0.0085534228 0.0069553171 0.0046188095
v -0.0085668711 0.0071062721 0.0044799181
v -0.0084783386 0.0071912962 0.0046242493
v -0.0084830148 0.0072508686 0.0046198968
v -0.0084874479 0.007305656 0.0046059945
v -0.0084937138 0.0073605524 0.0045932493
v -0.0085064636 0.0074198446 0.0045708892
v -0.0085197331 0.0074765601 0.0045452769
v -0.0085327036 0.0075228622 0.0045147938
v -0.0085448257 0.0075629494 0.0044869076
v -0.0086224189 0.0075728245 0.0042487429
v -0.0086352329 0.0075835921 0.004150526
v -0.0086741427 0.0076309235 0.0041354847
v -0.0086627004 0.007532882 0.0040145269
v -0.0087446522 0.0078121052 0.0040592532
v -0.0087494242 0.0076548277 0.0039706406
v -0.0087872117 0.0076428783 0.0038878982
v -0.0088235622 0.0076153113 0.0038083008
v -0.008857372 0.0075729696 0.0037342665
v -0.0089977214 0.0075390561 0.0034999218
v -0.0090153681 0.0074758647 0.0034613618
v -0.0090249411 0.0074189332 0.0034349581
v -0.0090339452 0.0073602471 0.0034106899
v -0.0090390637 0.0073057524 0.0033981292
v -0.0090466754 0.0070071312 0.0033856511
v -0.0090390721 0.0069523441 0.0033981052
v -0.0090335438 0.0068974475 0.0034111868
v -0.0090249942 0.0068381553 0.0034354654
v -0.0090143278 0.0067814401 0.0034622665
v -0.0089997833 0.0067351378 0.0034920307
v -0.0089866479 0.0066950506 0.0035194539
v -0.008857466 0.0066851777 0.0037340607
v -0.0088120771 0.0066483727 0.0037779963
v -0.0088057441 0.0066270748 0.0038473174
v -0.0088189438 0.006453703 0.0038965774
v -0.008749536 0.006603185 0.0039703952
v -0.0086997754 0.0066007202 0.0040239025
v -0.0087200149 0.006453703 0.0041132028
v -0.0086742488 0.0066269954 0.00413525
v -0.0086088299 0.0066697578 0.0042230481
v -0.0085448537 0.0066949768 0.004486855
v -0.0085327222 0.0067350821 0.0045147588
v -0.0085197312 0.0067821353 0.0045466562
v -0.0085060454 0.0068390668 0.0045711807
v -0.008493602 0.006897753 0.004593878
v -0.00848746 0.0069522477 0.0046059721
v -0.0087847726 0.0067197661 0.0037343655
v -0.0087367015 0.0066549735 0.0038256395
v -0.0087460752 0.0066090914 0.0038674009
v -0.0087404891 0.0064363658 0.0039250328
v -0.0087153164 0.0064337201 0.0039801545
v -0.0086385298 0.0066006564 0.0040475199
v -0.008640562 0.0064574111 0.0041438443
v -0.0086135303 0.0066369575 0.0041576348
v -0.0085493985 0.0066895339 0.0042426902
v -0.0085494088 0.0075684824 0.0042426678
v -0.0085872 0.0075140309 0.0041420282
v -0.0086211243 0.0075979776 0.0040593281
v -0.0087077783 0.0076610501 0.0039512612
v -0.0087159441 0.007657346 0.003878008
v -0.0087646542 0.0076369255 0.0038267189
v -0.0088002838 0.0076014148 0.0037487009
v -0.0088050754 0.0075684683 0.003682837
v -0.0087633131 0.0066882094 0.0036627628
v -0.0087412761 0.0066343454 0.0037667373
v -0.0086851909 0.0065981647 0.003889545
v -0.008635097 0.0065908922 0.0039435168
v -0.0086156146 0.0065929444 0.0039861774
v -0.0085733195 0.006653746 0.0040800356
v -0.0085626475 0.0066857262 0.004120632
v -0.0085152758 0.0065230551 0.0042733968
v -0.0084633229 0.0076824251 0.0043964832
v -0.008558641 0.0076346542 0.0041109332
v -0.0086350951 0.0076671088 0.0039435214
v -0.0086545774 0.00766506 0.0039008606
v -0.0086929507 0.0076487717 0.0038168353
v -0.0087412603 0.0076236719 0.0037667713
v -0.008746864 0.0075950139 0.0036987827
v -0.0088626908 0.0076832343 0.0035160334
v -0.0087041769 0.0066655985 0.0036809176
v -0.0087284518 0.0064955851 0.0036614439
v -0.0086808845 0.006618844 0.0037876432
v -0.0086561681 0.0064407216 0.0038197235
v -0.0086124071 0.0065959409 0.0038818658
v -0.0085659714 0.0066067848 0.0040392679
v -0.0084818869 0.0066655775 0.0041676638
v -0.0084750091 0.0067006723 0.0042320373
v -0.0084088107 0.007623805 0.0043748379
v -0.0084901776 0.0075061924 0.0041876737
v -0.0084971113 0.0075510918 0.0041306889
v -0.0085177075 0.0075871362 0.0040985666
v -0.0085354846 0.0076458634 0.0040503022
v -0.0085850924 0.0076593354 0.003997397
v -0.0086561681 0.0078172784 0.0038197235
v -0.0086690446 0.0076318385 0.0037578457
v -0.0087284518 0.007762415 0.0036614439
v -0.0087148126 0.0074761524 0.0036970614
v -0.0088163249 0.0076240332 0.0034905913
v -0.0087162682 0.006561393 0.0035436625
v -0.0086441084 0.0066509204 0.0037025108
v -0.0086496153 0.0064778681 0.0036896131
v -0.0086198279 0.0066105482 0.0038102985
v -0.0085624612 0.0065984951 0.0039359172
v -0.0085011802 0.0064466071 0.00401464
v -0.0085057511 0.0066225893 0.0040600937
v -0.008429514 0.0065010012 0.0041715665
v -0.0084258018 0.0066968616 0.0041805365
v -0.0083539819 0.0076750337 0.004337401
v -0.0085433691 0.0076554849 0.0039777215
v -0.0085511652 0.0078219201 0.0039051891
v -0.0086009556 0.0076554607 0.0038516253
v -0.0086256654 0.0077983094 0.0037420549
v -0.0086440805 0.0076071102 0.0037025711
v -0.00869509 0.0077290864 0.003590038
v -0.0087462829 0.0076757901 0.0034726992
v -0.0086472963 0.0066871742 0.0036398507
v -0.008584175 0.0066446512 0.0037264013
v -0.0085705535 0.006470431 0.0037200497
v -0.0085587797 0.0066096865 0.0038336733
v -0.0084972482 0.0064471991 0.0038805661
v -0.0085019793 0.0066097298 0.0039580496
v -0.0084239428 0.006470431 0.0040410826
v -0.0084471207 0.006645159 0.0040781776
v -0.0083556322 0.0065385433 0.00419066
v -0.0083133027 0.0076280476 0.004308896
v -0.0083990132 0.0074894564 0.0041724778
v -0.008441516 0.0074826459 0.0041026626
v -0.0084472343 0.0076129609 0.0040779243
v -0.0084834097 0.0076403906 0.0039987116
v -0.0085210137 0.0076522793 0.0039163701
v -0.0085219329 0.0078082064 0.0038265131
v -0.0085775971 0.0076403234 0.0037924707
v -0.0085941178 0.0077696832 0.0036684493
v -0.0086179643 0.007575419 0.0036524158
v -0.0086603079 0.0075446953 0.0036026003
v -0.0086042795 0.0067448945 0.003574835
v -0.0086030008 0.0065837552 0.0035091484
v -0.008587566 0.0066736807 0.0036614911
v -0.0085254626 0.0066469832 0.0037513887
v -0.0084924165 0.0064734913 0.0037512932
v -0.0084984133 0.0066162675 0.0038567096
v -0.0084203023 0.006465912 0.0039092022
v -0.0084429716 0.0066279975 0.0039781098
v -0.0083498301 0.0065035209 0.0040635149
v -0.0083906797 0.0066738677 0.0040926122
v -0.0083647964 0.0067587957 0.0041322148
v -0.0083275435 0.0077322575 0.0041123148
v -0.0084251647 0.0076185265 0.0040170955
v -0.0084614537 0.007637846 0.003937642
v -0.00849858 0.0076417162 0.0038563431
v -0.0084924165 0.0077845087 0.0037512932
v -0.0085533864 0.0076183987 0.0037363348
v -0.0085612589 0.0077322575 0.0036005491
v -0.0085906654 0.0075378234 0.0036086171
v -0.0082569139 0.0073203336 0.0042779137
v -0.008273619 0.0073975332 0.0042413239
v -0.0081879206 0.0075432771 0.004282066
v -0.0083084505 0.0074973602 0.0041650523
v -0.0082394516 0.0076569441 0.0041692298
v -0.0083528261 0.0075720881 0.0040678791
v -0.0083014469 0.0077346326 0.0040334779
v -0.0084037303 0.0076166121 0.0039564216
v -0.0084395863 0.0076279287 0.0038779105
v -0.0084757123 0.0076240894 0.0037988042
v -0.0084623133 0.0077515398 0.003681231
v -0.0085280163 0.0075902888 0.0036842713
v -0.0085268857 0.007687154 0.0035398366
v -0.0085887637 0.0074970253 0.0035512584
v -0.0086135629 0.0073594527 0.003522922
v -0.008696215 0.0074655263 0.0033301452
v -0.008640236 0.0073198841 0.0034385451
v -0.0087245589 0.0074165431 0.0033118493
v -0.0086302345 0.0072121617 0.0034233047
v -0.0086557863 0.0071069713 0.0034044913
v -0.0086510496 0.0070206717 0.0034148687
v -0.0086401578 0.0069376622 0.0034387143
v -0.0086234442 0.0068604689 0.0034753155
v -0.0086996991 0.0067466552 0.0033599386
v -0.0086014166 0.0067914341 0.0035235511
v -0.00854729 0.00674994 0.0036377685
v -0.0085268857 0.0065708459 0.0035398366
v -0.0085278281 0.0066675265 0.0036846852
v -0.008469044 0.0066578182 0.0037762631
v -0.0084163526 0.0064869519 0.0037818701
v -0.0084393832 0.0066300944 0.0038783563
v -0.0083465267 0.0064942908 0.0039347684
v -0.0083860511 0.0066527905 0.0039951321
v -0.0082798682 0.0065448839 0.0040807295
v -0.0083369759 0.0067079401 0.0041025853
v -0.0082955107 0.0067917945 0.0041933892
v -0.0082735119 0.0068608833 0.0042415605
v -0.0083297703 0.0070324783 0.0042004729
v -0.0082603383 0.0071484764 0.0042661018
v -0.0082129536 0.0072336821 0.0042684087
v -0.0081020023 0.0073405725 0.0043391026
v -0.008230875 0.0073519911 0.0042291674
v -0.0082496654 0.0074228787 0.0041880304
v -0.0081617709 0.0075664138 0.0042082275
v -0.0082866752 0.0075118735 0.0041069872
v -0.0082149913 0.0076647204 0.0040916897
v -0.0083319924 0.0075747763 0.0040077529
v -0.008276969 0.0077265184 0.0039559783
v -0.0083825288 0.0076073025 0.003897089
v -0.0084174301 0.0076109141 0.0038206744
v -0.0084520595 0.0075998888 0.0037448484
v -0.0084313692 0.0077102906 0.0036178889
v -0.0085012063 0.0075567516 0.0036372306
v -0.0085306547 0.0075115313 0.0035727461
v -0.0085563955 0.0074546859 0.0035163871
v -0.0085539797 0.0074838124 0.0033494091
v -0.0085763771 0.0073904302 0.0033003671
v -0.0085997235 0.0072737886 0.0034215065
v -0.0085873508 0.0071686535 0.003424538
v -0.0086004536 0.0071289999 0.0032476468
v -0.0086072336 0.0070657573 0.003405061
v -0.0085996527 0.0069836763 0.003421663
v -0.0085862677 0.0069060105 0.0034509745
v -0.008567482 0.0068351208 0.0034921089
v -0.0085438683 0.0067731585 0.0035438132
v -0.0084908733 0.0066222754 0.0034875934
v -0.0084520809 0.0065683612 0.0035725368
v -0.0084687208 0.0066688593 0.0037083669
v -0.0084159512 0.0066767497 0.0037998458
v -0.0083434784 0.0065104033 0.0038103421
v -0.0083823006 0.0066507767 0.0038975963
v -0.008276969 0.0065314815 0.0039559783
v -0.008331782 0.0066834449 0.0040082241
v -0.0082149913 0.0065932796 0.0040916897
v -0.0082864917 0.0067464708 0.0041073914
v -0.0081617709 0.0066915861 0.0042082275
v -0.0082495248 0.0068355676 0.0041883415
v -0.0083150982 0.006977697 0.0041543314
v -0.0082427093 0.0069998497 0.0042140716
v -0.0082083622 0.0071082391 0.0042784609
v -0.0081775717 0.0071494701 0.004242266
v -0.0080555573 0.0072311227 0.0043155569
v -0.0081863103 0.0072682976 0.004223131
v -0.0080747351 0.0073775422 0.0042735631
v -0.0082075212 0.0073776356 0.0041766771
v -0.0082279246 0.0074415237 0.0041320146
v -0.0081391146 0.0075795115 0.0041325911
v -0.0082663379 0.007519042 0.0040478826
v -0.0081929031 0.0076620006 0.0040148105
v -0.008311792 0.00756996 0.0039483643
v -0.0082537287 0.0077081665 0.0038816225
v -0.0083611633 0.0075908438 0.0038402482
v -0.0083946043 0.0075872731 0.0037670239
v -0.0084272807 0.0075697793 0.0036954755
v -0.0083993997 0.0076620006 0.0035626466
v -0.0084727022 0.0075187025 0.0035960245
v -0.0084992431 0.0074696104 0.0035379009
v -0.0085218416 0.007410165 0.0034884199
v -0.0085398068 0.0073421798 0.0034490737
v -0.0085257243 0.0073301424 0.0032860347
v -0.0085569227 0.0072287531 0.0034116024
v -0.0085443982 0.0071176832 0.0034749528
v -0.0085395284 0.0070777436 0.0032558086
v -0.0085568677 0.007028648 0.0034117234
v -0.0085467796 0.0069518149 0.0034338086
v -0.0085313038 0.0068803656 0.0034676962
v -0.0085109079 0.0068164692 0.0035123526
v -0.0084862157 0.0067620756 0.003566431
v -0.0084579734 0.0067188271 0.0036282748
v -0.0083797097 0.0065763659 0.0036057629
v -0.008410855 0.0066776284 0.0037314495
v -0.0083782903 0.0067404556 0.0038386806
v -0.0082748595 0.0065431368 0.003835353
v -0.008327727 0.0066777581 0.0039134695
v -0.0082125941 0.0065763659 0.0039716939
v -0.0082806253 0.0067191009 0.0040165963
v -0.0081560237 0.0066472558 0.0040955664
v -0.0082395913 0.0067883948 0.0041064698
v -0.0081090021 0.0067509758 0.0041985283
v -0.0082073805 0.0068808797 0.0041769789
v -0.0081790069 0.0070689659 0.0042391186
v -0.0081502858 0.0071866352 0.0042006782
v -0.008162637 0.0072973417 0.00417362
v -0.0080523544 0.0074056202 0.0042041088
v -0.0081864807 0.0073965746 0.0041214152
v -0.0082079822 0.0074529676 0.0040743383
v -0.0081195661 0.007582188 0.0040569351
v -0.0082470027 0.0075186577 0.0039888792
v -0.0081727838 0.0076488758 0.0039404057
v -0.008291764 0.0075577861 0.0038908663
v -0.0082313574 0.0076801351 0.0038121463
v -0.0083392093 0.0075676908 0.0037869819
v -0.0083707308 0.007557645 0.0037179572
v -0.0084010491 0.0075345751 0.0036515672
v -0.0083663005 0.0076081202 0.003516663
v -0.0084422759 0.007477179 0.0035613073
v -0.0084657033 0.0074254275 0.0035100054
v -0.0084850404 0.0073646685 0.003467658
v -0.0084997022 0.007296748 0.0034355518
v -0.0084733812 0.0072721891 0.0032821881
v -0.0085119947 0.0071859984 0.0034086389
v -0.0085050527 0.0069966459 0.0034238288
v -0.0084928644 0.0069259511 0.0034505256
v -0.0084757598 0.0068614256 0.0034879804
v -0.008454262 0.006805031 0.003535059
v -0.0084008088 0.0067231882 0.0036521134
v -0.008310871 0.006594611 0.0036380362
v -0.0083547959 0.0066935903 0.003752849
v -0.0082761308 0.0067102908 0.0039250896
v -0.0081542598 0.006627594 0.0039809662
v -0.008232991 0.0067588183 0.0040195625
v -0.0081036601 0.0067051934 0.0040917652
v -0.0081965399 0.0068325727 0.0040993913
v -0.0081571096 0.0069972613 0.0041857342
v -0.0080250555 0.0070329307 0.0042638852
v -0.0081488786 0.0071101669 0.0042037642
v -0.0055973518 0.0072086326 0.0080481324
v -0.0058216725 0.007220428 0.0080996374
v -0.0052540072 0.0073861367 0.0073516163
v -0.0046218655 0.0071091357 0.0078995921
v -0.0046305202 0.0070431185 0.007894684
v -0.0046487662 0.0069800102 0.0078836963
v -0.0046785988 0.0068947795 0.007855818
v -0.0047198476 0.0069447023 0.0079075642
v -0.0045734162 0.0067653538 0.0077890054
v -0.0047462799 0.0068215603 0.007814973
v -0.0048298866 0.0067827668 0.0077749015
v -0.0048042086 0.0066225395 0.0076406839
v -0.0048416283 0.0066166835 0.0076166362
v -0.0049728833 0.0067807234 0.0077089345
v -0.0050197367 0.0067703636 0.0076586948
v -0.0050704863 0.0067860443 0.007621529
v -0.0051372203 0.0068183652 0.0075615932
v -0.0051852532 0.0067653538 0.0073958015
v -0.0051953297 0.0069117983 0.0075567429
v -0.0052540072 0.0068718634 0.0073516163
v -0.0052714346 0.0069116588 0.0073404162
v -0.0052469296 0.0070190531 0.0075119761
v -0.0052808959 0.0070564925 0.0074985026
v -0.0052656827 0.0071086284 0.0074800061
v -0.0053103229 0.0071738219 0.0073154242
v -0.0052521497 0.0072094098 0.0075135812
v -0.005285878 0.0073048918 0.0073311342
v -0.0052714346 0.0073463414 0.0073404162
v -0.0052337281 0.0074239751 0.0073646488
v -0.0051800467 0.0073857824 0.0075427097
v -0.0051375038 0.0074258248 0.0075795086
v -0.0050911147 0.0074599296 0.0076092606
v -0.0049913086 0.0076257499 0.0075204423
v -0.0049852242 0.0075026067 0.0076717366
v -0.00488468 0.0074909285 0.0077428225
v -0.0047313652 0.0076122589 0.0076874978
v -0.0048007339 0.0074590229 0.0077937393
v -0.0046012427 0.0075229562 0.0077711222
v -0.0047171705 0.0073804422 0.0078487353
v -0.0045249413 0.0074239751 0.0078201586
v -0.0046799982 0.0072967124 0.0078814974
v -0.0046377003 0.0072407965 0.0078910481
v -0.0044532733 0.0072183027 0.0078662172
v -0.0044483466 0.0071738219 0.0078693828
v -0.0053102572 0.0067286192 0.0082997004
v -0.0053085566 0.0066104863 0.0084293963
v -0.005270832 0.0066204277 0.0084536415
v -0.0051981553 0.0067655978 0.0083621148
v -0.005141428 0.0067891398 0.0084129501
v -0.0050952083 0.0068349406 0.0084398858
v -0.0050619624 0.0068891084 0.0084563795
v -0.0050321759 0.0069555103 0.0084539348
v -0.0049978581 0.0070476167 0.0084976958
v -0.004969252 0.0069489222 0.0086474543
v -0.0049888988 0.0071118303 0.0085164461
v -0.0049442255 0.0071748885 0.0086635383
v -0.0050022828 0.0072129931 0.0084878061
v -0.004969252 0.007309078 0.0086474543
v -0.0050303636 0.0073082363 0.0084725054
v -0.0050226434 0.0074309952 0.0086131426
v -0.0050823961 0.0073895933 0.0084264999
v -0.005124178 0.0074359772 0.0084024932
v -0.0051700163 0.0074815755 0.0083887236
v -0.0052339796 0.0076237601 0.008477325
v -0.0052527154 0.0075106575 0.0083239986
v -0.0053113627 0.0075229785 0.0082910363
v -0.0053869037 0.0075554621 0.0082859205
v -0.0054166017 0.0074950443 0.0082113365
v -0.0055726615 0.0076061826 0.0082596665
v -0.0056395254 0.007560294 0.0082166962
v -0.0054786464 0.007479169 0.0081572685
v -0.0055544346 0.0073901405 0.0081248399
v -0.0056701812 0.0075323321 0.008196995
v -0.0056000308 0.007332684 0.0080789424
v -0.0055287259 0.0072564274 0.008053169
v -0.0056395049 0.0070775392 0.0080702644
v -0.0056744625 0.0071461847 0.0080759222
v -0.0058133092 0.0069927286 0.008105012
v -0.0057869025 0.0069064862 0.0081219826
v -0.0057482983 0.0068270048 0.0081467921
v -0.0055580495 0.0068659427 0.0081260329
v -0.0055168036 0.006820134 0.0081531893
v -0.0054695618 0.0067833256 0.0081844576
v -0.005417581 0.0067567095 0.0082189156
v -0.0053620136 0.0067419353 0.0082551347
v -0.0046590047 0.0066191043 0.0080409454
v -0.0047570777 0.0068072748 0.0080543742
v -0.0047421919 0.0068874456 0.0080466861
v -0.0046515784 0.006915094 0.0080799781
v -0.0046145434 0.0070829448 0.0081048481
v -0.0044611122 0.0071870127 0.0081681231
v -0.0044780613 0.0073012755 0.0081572304
v -0.004732053 0.0074844642 0.0080268927
v -0.0046700139 0.007629 0.0081428433
v -0.0046816648 0.00765129 0.0080954418
v -0.0047087253 0.0076238053 0.0082264984
v -0.0046831581 0.007629 0.00817862
v -0.004707698 0.0076598078 0.0081491707
v -0.0047729069 0.0076302338 0.0083210221
v -0.0048862456 0.0075461123 0.0082490839
v -0.0057825127 0.007094242 0.0077256047
v -0.0057837695 0.0070667037 0.0077339503
v -0.0057861174 0.0071290788 0.0077323088
v -0.0056147163 0.0076191157 0.0078488369
v -0.0054492338 0.0075267815 0.0078849507
v -0.0055863212 0.0076302335 0.0077982721
v -0.0054190296 0.00765129 0.0076215662
v -0.0054390871 0.007629 0.0076069603
v -0.0054669871 0.007629 0.0076306592
v -0.005378871 0.0076388956 0.0075783151
v -0.0054628465 0.0075993151 0.0075924745
v -0.0054148866 0.0075996654 0.007555169
v -0.0054621028 0.0075557538 0.0075443824
v -0.0053794973 0.0074162426 0.0076158181
v -0.0055191459 0.0075109546 0.0075465165
v -0.0055153088 0.0074655267 0.0075030293
v -0.005439312 0.007259204 0.007580107
v -0.0055934552 0.0073032611 0.0074911959
v -0.0055556691 0.007362332 0.0074768936
v -0.0055840055 0.0072445233 0.007455219
v -0.0054554653 0.0071750552 0.007564423
v -0.0056108611 0.0071834676 0.0074811218
v -0.0055910114 0.0071301401 0.0074548562
v -0.0053839788 0.0071051895 0.0076487455
v -0.0056108756 0.007074867 0.0074811125
v -0.0055863962 0.0070101087 0.0074664284
v -0.0053946793 0.0070093161 0.0076302187
v -0.005591349 0.0069421184 0.0074933422
v -0.0055557226 0.00689781 0.007476062
v -0.0054186776 0.0069180109 0.0075870235
v -0.0055624142 0.0068413723 0.0075174197
v -0.0055168073 0.0067943825 0.0075025269
v -0.005502132 0.006746655 0.0075299767
v -0.0053615 0.0068089251 0.0076262061
v -0.0054880425 0.0066951326 0.007568065
v -0.0054383117 0.0066531851 0.0075703714
v -0.0054570877 0.0065981921 0.0076675666
v -0.0049384695 0.0071481563 0.0085094398
v -0.0048925669 0.0072269833 0.0086408317
v -0.00495542 0.0072629509 0.0084985573
v -0.0049298301 0.007367468 0.0086168837
v -0.004996795 0.0073686158 0.0084719643
v -0.0049964117 0.0074917015 0.008574095
v -0.0050597636 0.0074579591 0.0084315076
v -0.005087774 0.0075912174 0.0085153798
v -0.0051400412 0.0075248694 0.0083799059
v -0.005197691 0.0076592341 0.0084447399
v -0.0052321495 0.0075647962 0.0083206998
v -0.0052970552 0.0075750213 0.008278998
v -0.005401416 0.0076911161 0.0083138136
v -0.0053947342 0.0075649429 0.0082162213
v -0.0055223971 0.0076592341 0.008236064
v -0.0054481418 0.0075229927 0.0081374798
v -0.0055421356 0.0074833941 0.0081214955
v -0.0056956995 0.0075279944 0.008124689
v -0.0056115112 0.0074010381 0.0080769066
v -0.0058185577 0.0072750421 0.0080457333
v -0.0058329261 0.0071781787 0.0080364993
v -0.0056889427 0.0071098435 0.0080271451
v -0.0056804426 0.0070326795 0.0080326073
v -0.0056608014 0.0069584419 0.0080452314
v -0.0056306093 0.0068893883 0.0080646317
v -0.0055907972 0.0068276106 0.0080902217
v -0.0056651679 0.0066967494 0.008144311
v -0.0055157298 0.0067526343 0.0081384605
v -0.0054576795 0.0067166503 0.0081757665
v -0.0053952567 0.006693195 0.008215885
v -0.005401416 0.0065668839 0.0083138136
v -0.0052975866 0.0066829602 0.0082786487
v -0.0052776153 0.0065733091 0.0083933756
v -0.0052010187 0.006703114 0.0083407121
v -0.0051405162 0.0067328451 0.0083795929
v -0.0050852757 0.006774607 0.0084151005
v -0.0050369746 0.0068271401 0.0084461434
v -0.0049970851 0.0068888521 0.0084717724
v -0.0049298301 0.006890532 0.0086168837
v -0.0049555816 0.0069944427 0.008498453
v -0.0049413655 0.007070409 0.0085075874
v -0.0048998322 0.0071898806 0.0084838899
v -0.0048471687 0.0072837287 0.0086104464
v -0.0049264163 0.0073080807 0.0084667936
v -0.0048974108 0.0074279129 0.0085781574
v -0.0049778188 0.0074140888 0.0084337698
v -0.0049773345 0.0075517266 0.0085267941
v -0.0050505565 0.0075006585 0.0083870212
v -0.0050814932 0.0076467323 0.0084598552
v -0.0051396641 0.0075619038 0.0083297551
v -0.0052027886 0.0077064553 0.0083819035
v -0.0052390706 0.0075936485 0.0082658719
v -0.0053077329 0.0075972621 0.0082217431
v -0.0054202864 0.0077177434 0.008242126
v -0.0054091087 0.0075760886 0.0081565905
v -0.0055024254 0.0075244546 0.0080966217
v -0.0055569771 0.0074747591 0.0080615621
v -0.0057182161 0.0075132749 0.0080506582
v -0.0056231909 0.0073810822 0.00801901
v -0.0057887577 0.007381652 0.0080053242
v -0.0056667465 0.0072702237 0.0079910163
v -0.0056816784 0.007190475 0.0079814283
v -0.005835878 0.0071289999 0.0079750413
v -0.005681738 0.0070681205 0.0079813855
v -0.0056669067 0.0069883462 0.0079909176
v -0.0056406355 0.0069128502 0.008007795
v -0.0056037486 0.0068439167 0.0080315027
v -0.0055573492 0.0067836462 0.0080613228
v -0.0056214195 0.0066392898 0.0081128659
v -0.0054730752 0.0067133984 0.0081154866
v -0.0054095907 0.0066820903 0.0081562813
v -0.0053425015 0.0066643545 0.0081993988
v -0.0053329549 0.0065311744 0.0082982503
v -0.0052395698 0.006664279 0.0082655469
v -0.0052027886 0.0065515448 0.0083819035
v -0.0051401306 0.0066958658 0.0083294561
v -0.0050791458 0.0067335445 0.008368648
v -0.0050245936 0.006783242 0.0084037039
v -0.0049781285 0.0068434399 0.0084335659
v -0.0049411629 0.0069123161 0.008457322
v -0.0048603618 0.0069245315 0.0086019676
v -0.0049058974 0.0070272636 0.0084799867
v -0.0048968762 0.0071082554 0.0084857916
v -0.0048573122 0.0071500103 0.0084597109
v -0.0048666152 0.0072343304 0.0084537271
v -0.0048087875 0.0073434297 0.0085723385
v -0.0049032022 0.0073540357 0.0084302168
v -0.0048723633 0.0074886042 0.0085314805
v -0.0049646099 0.0074584036 0.008390752
v -0.0049653824 0.0076092721 0.0084717017
v -0.0050466459 0.007540329 0.0083380336
v -0.0050815053 0.0076972103 0.0083970739
v -0.005143726 0.007594218 0.0082756434
v -0.005212818 0.0077464259 0.0083126839
v -0.0052492309 0.0076164006 0.0082078375
v -0.0053207099 0.0076127456 0.0081619047
v -0.005440912 0.0077345879 0.0081660975
v -0.0054242152 0.0075798442 0.0080953822
v -0.0055681167 0.0076719553 0.0080843478
v -0.0055170336 0.0075162242 0.0080357309
v -0.0055698112 0.007458808 0.0080018159
v -0.0057364453 0.0074886042 0.0079761691
v -0.0056313158 0.0073545196 0.0079622896
v -0.0058000211 0.0073434297 0.0079353111
v -0.0056680085 0.0072348599 0.0079387039
v -0.0056773915 0.0071505516 0.0079326773
v -0.0058298216 0.0070743576 0.0079161594
v -0.0056681137 0.007023668 0.0079386406
v -0.0056466383 0.0069425468 0.0079524409
v -0.0056136434 0.0068670882 0.007973648
v -0.0055701167 0.0067995937 0.0080016175
v -0.0055174006 0.0067421006 0.008035499
v -0.0055681167 0.0065860447 0.0080843478
v -0.0054246408 0.0066783569 0.008095113
v -0.0053564196 0.0066527413 0.008138955
v -0.0052854924 0.0066415983 0.0081845339
v -0.0052584361 0.006504435 0.0082833668
v -0.0051787512 0.0066526291 0.0082531324
v -0.0051240146 0.006539859 0.0083697544
v -0.0050780487 0.0066961161 0.0083178546
v -0.0050176897 0.0067417762 0.0083566405
v -0.004964913 0.0067991883 0.0083905639
v -0.0049213322 0.0068666349 0.0084185651
v -0.0048882624 0.0069420469 0.0084398178
v -0.0047949513 0.0069667332 0.0085812308
v -0.0048604731 0.0070650499 0.0084576787
v -0.0048309814 0.0071905798 0.0083808865
v -0.0048369907 0.0072310446 0.0083770243
v -0.0049011915 0.0072619605 0.0083025139
v -0.0047779374 0.0074043029 0.0085266441
v -0.0048858325 0.0073995637 0.0083888661
v -0.0048548037 0.0075477261 0.0084772449
v -0.0049569325 0.0075003722 0.0083431698
v -0.0049602783 0.0076626139 0.0084094604
v -0.0050475544 0.0075758847 0.0082849361
v -0.0050871738 0.0077411366 0.0083279101
v -0.005151531 0.0076209336 0.0082181128
v -0.0052268424 0.0077779434 0.0082381502
v -0.0052617744 0.0076324612 0.0081472643
v -0.005335043 0.0076210353 0.0081001775
v -0.0054620353 0.0077411366 0.0080870012
v -0.0054390577 0.0075761026 0.0080333328
v -0.0055889308 0.0076626139 0.0080054509
v -0.0055297392 0.007500694 0.0079750534
v -0.0055796879 0.0074359582 0.0079429535
v -0.005749196 0.0074547111 0.007902454
v -0.0056350629 0.0073220595 0.007907364
v -0.0058039424 0.0072976005 0.0078672705
v -0.005663757 0.0071950068 0.0078889247
v -0.005605683 0.0071026374 0.0078848064
v -0.0056479208 0.0070413399 0.0078694638
v -0.0056478467 0.0069776882 0.0078991488
v -0.0055752418 0.0069114229 0.0079025798
v -0.005749196 0.0068032889 0.007902454
v -0.0055799254 0.006822412 0.0079428008
v -0.0055300274 0.0067576211 0.0079748681
v -0.0054714249 0.0067041117 0.0080125317
v -0.0055062042 0.006538611 0.0080586154
v -0.0053711438 0.0066484635 0.0080769764
v -0.0052990064 0.0066294129 0.0081233367
v -0.0052251827 0.006625536 0.0081707811
v -0.0051794432 0.0064874744 0.0082686119
v -0.0051161859 0.0066483243 0.0082408277
v -0.0050430049 0.006538611 0.0083562959
v -0.0050158657 0.0067038681 0.0083052976
v -0.0049572198 0.0067573107 0.0083429873
v -0.0049072707 0.0068220444 0.0083750872
v -0.004867533 0.0068961022 0.0084006306
v -0.0048392231 0.0069772423 0.008418823
v -0.0047349187 0.0070158817 0.0085542904
v -0.0048199592 0.0071067865 0.0084311994
v -0.0047848707 0.007151354 0.0084003624
v -0.0047548788 0.0074645292 0.0084736817
v -0.0048742059 0.0074434371 0.0083429482
v -0.0048445931 0.00760351 0.0084160253
v -0.0049544235 0.0075388648 0.0082913976
v -0.0049615114 0.0077101537 0.0083408872
v -0.0050526874 0.0076063529 0.0082282446
v -0.0050976651 0.0077771927 0.0082533866
v -0.0051622961 0.0076413239 0.0081578068
v -0.0052437766 0.0078000586 0.008159486
v -0.0052445878 0.0076465981 0.008076901
v -0.0053418062 0.0077898636 0.0080964867
v -0.0053497728 0.0076219066 0.0080373226
v -0.0054823572 0.0077371856 0.0080061596
v -0.0054526438 0.0075649356 0.0079712108
v -0.0056066497 0.0076430606 0.0079262819
v -0.0055396042 0.0074782575 0.007915323
v -0.0055857592 0.0074068153 0.0078856623
v -0.0057554145 0.0074126016 0.0078306761
v -0.0056337591 0.0072845728 0.007854815
v -0.0057997301 0.007245528 0.0078021958
v -0.0056535041 0.0071517277 0.0078421248
v -0.0057890711 0.0069553173 0.0078090466
v -0.0056208929 0.0069314161 0.0078630814
v -0.0057062127 0.0067440966 0.0078622963
v -0.0055398226 0.0067800126 0.0079151852
v -0.0054839689 0.0067191356 0.0079510793
v -0.0054200732 0.0066707072 0.0079921432
v -0.005436857 0.0064984112 0.0080354013
v -0.0053134414 0.0066245274 0.008060669
v -0.0052383158 0.0066127347 0.0081089506
v -0.0051626076 0.0066166337 0.0081576038
v -0.0050976651 0.0064808073 0.0082533866
v -0.0050529761 0.0066514964 0.0082280612
v -0.0049615114 0.0065478462 0.0083408872
v -0.0049546727 0.0067189069 0.0082912374
v -0.0048987868 0.0067797432 0.0083271511
v -0.0048526314 0.0068511841 0.0083568146
v -0.004817622 0.0069310729 0.0083793117
v -0.0047948046 0.0070169693 0.0083939781
v -0.0046813942 0.0070705133 0.0085209072
v -0.0049565963 0.0075728249 0.0082359076
v -0.004968358 0.0077504679 0.0082669485
v -0.0050613412 0.0076309238 0.0081685925
v -0.005104698 0.0076512471 0.0081133455
v -0.005175167 0.0076548199 0.0080954418
v -0.0052596328 0.0076512385 0.008013775
v -0.0053033445 0.0075982377 0.0079784211
v -0.0053395869 0.0075654496 0.0079603711
v -0.0054012693 0.0075439421 0.0079154879
v -0.0056572396 0.007563023 0.0078193409
v -0.0056831327 0.0075229177 0.0078033622
v -0.0057128572 0.0074758644 0.0077859642
v -0.0057351848 0.007418933 0.007768927
v -0.0057558797 0.0073602467 0.0077533795
v -0.0057704269 0.007301096 0.0077414703
v -0.0057784531 0.0072410958 0.0077375801
v -0.0057871484 0.0071870176 0.0077328397
v -0.0057801267 0.0070071312 0.0077391983
v -0.0057669964 0.0069523441 0.0077455648
v -0.0057552729 0.0068974477 0.0077535798
v -0.0057349552 0.0068381553 0.0077693829
v -0.0057114919 0.0067814399 0.0077861626
v -0.0056831648 0.0067351382 0.007803339
v -0.0056572875 0.0066950506 0.0078193065
v -0.0054379955 0.0066945915 0.0078991469
v -0.0055005786 0.0065351544 0.007924911
v -0.0053641389 0.0066427934 0.0079739954
v -0.0053614511 0.0064666512 0.0080143226
v -0.0052524984 0.006607202 0.0080457417
v -0.0051821123 0.0065987046 0.0080635933
v -0.0051618724 0.0064458955 0.0081425834
v -0.0050952898 0.0067094412 0.0081003638
v -0.0050295338 0.0066306941 0.0081616504
v -0.0049902445 0.0066620799 0.0082142841
v -0.0049262352 0.0066946213 0.0082280369
v -0.0053829795 0.0066643705 0.007879944
v -0.0054271494 0.0064988626 0.0079013206
v -0.0052749312 0.0066683773 0.007952874
v -0.0052356848 0.0066006492 0.0079746045
v -0.0052309351 0.006436366 0.0080274198
v -0.0051179754 0.0065945446 0.0080502512
v -0.0049665712 0.0066427704 0.0081475539
v -0.0048875038 0.0065268701 0.0082481293
v -0.0049286142 0.0075316802 0.008158957
v -0.004962832 0.0076013445 0.0081772994
v -0.005002971 0.0076331495 0.008124161
v -0.0050285722 0.0078005886 0.0081574706
v -0.0051180001 0.0076634562 0.0080502354
v -0.0051892356 0.007661048 0.008031798
v -0.0052741494 0.0076472143 0.0079498844
v -0.0053830005 0.007593614 0.00787993
v -0.0054850534 0.0065558519 0.007792611
v -0.0053235914 0.0066413131 0.0078630414
v -0.0053487567 0.0064715115 0.0078802038
v -0.0051717341 0.0065929402 0.0079606337
v -0.0051322801 0.0065908971 0.007985989
v -0.0050536722 0.0065990699 0.0080365077
v -0.0050093636 0.0066183567 0.0080924969
v -0.0049059389 0.006662987 0.0081314495
v -0.0048098255 0.0065558519 0.0082265543
v -0.0047428815 0.0076824258 0.0082741803
v -0.0049409627 0.0076166902 0.0081089413
v -0.005053757 0.0075539063 0.0080380369
v -0.0051386359 0.0075383442 0.0079628699
v -0.0051952808 0.0076066542 0.0079546221
v -0.0052871022 0.0076346547 0.0078864912
v -0.0053961978 0.0077631296 0.007849716
v -0.0053628257 0.0075022209 0.0078261368
v -0.0055548584 0.007683234 0.0077494135
v -0.0053961074 0.0067013685 0.0077897603
v -0.0054088116 0.006523738 0.0077699268
v -0.0052612505 0.0066261754 0.0078481263
v -0.0052171515 0.0066067654 0.0079039823
v -0.0050635941 0.0064327632 0.0079917846
v -0.0049626648 0.0064539179 0.0080566484
v -0.0049475522 0.0066348243 0.0080772437
v -0.0048490886 0.0066906618 0.0081130074
v -0.0047369108 0.0065936145 0.0082017317
v -0.0048441829 0.0075566303 0.008144461
v -0.004820863 0.0077342619 0.0081477793
v -0.0049532948 0.0076318229 0.0080460379
v -0.0050680221 0.0076620653 0.007972306
v -0.0052670098 0.007804082 0.0078610577
v -0.0052974999 0.0076139712 0.0078248302
v -0.0053334951 0.0075472523 0.007806308
v -0.0055296074 0.0076240332 0.0077029414
v -0.0053348041 0.0066810915 0.0077735404
v -0.0053287463 0.0065010009 0.0077500468
v -0.0051914572 0.0066105527 0.0078656649
v -0.0051331979 0.0064387164 0.0078757185
v -0.0050752822 0.006598493 0.0079403253
v -0.0049811697 0.0064466066 0.0079734208
v -0.0049604413 0.0066225916 0.0080141298
v -0.004888504 0.0066580252 0.0080603607
v -0.0048548954 0.0075769056 0.0080819599
v -0.0048360399 0.0077569991 0.0080666909
v -0.0049982409 0.007647448 0.0079898372
v -0.0050825502 0.0076565191 0.0079086818
v -0.005191616 0.0076474075 0.0078655625
v -0.0052817639 0.0077801321 0.0077802403
v -0.0053044444 0.0075858657 0.0077660777
v -0.0054803586 0.0076757909 0.0076500228
v -0.0053072243 0.0067068002 0.0077112856
v -0.0052734206 0.0066643412 0.0077585218
v -0.0052024534 0.0066294212 0.0078041278
v -0.0051274628 0.0066096856 0.0078523219
v -0.005050347 0.0064471987 0.0078585049
v -0.0050124356 0.0066097242 0.0079262447
v -0.0049018969 0.0064704305 0.0079539077
v -0.0049013391 0.0066451571 0.0079976436
v -0.0048332207 0.0066873362 0.0080414204
v -0.0047213624 0.0076874989 0.00806993
v -0.0048667307 0.0075936621 0.0080198845
v -0.0049376984 0.0076285773 0.0079742767
v -0.0050126889 0.0076483113 0.0079260835
v -0.0051277152 0.0076482736 0.0078521598
v -0.005202696 0.007628486 0.0078039723
v -0.0052927474 0.0077469218 0.0077027231
v -0.0053071536 0.007551262 0.0077113303
v -0.0053056784 0.0067448936 0.0076591716
v -0.005298916 0.0065525548 0.007629699
v -0.0052106262 0.0066547716 0.0077449753
v -0.0051388426 0.0066279083 0.0077911102
v -0.0050642251 0.0066162668 0.0078390645
v -0.0049701345 0.0064659115 0.0078409942
v -0.0049519509 0.0066279968 0.0079112196
v -0.0048274214 0.0065035204 0.0079327108
v -0.004846053 0.0066738637 0.0079792742
v -0.00479446 0.0067201756 0.0079896733
v -0.0047629604 0.007513105 0.0080079561
v -0.0046977599 0.0076742453 0.0080160391
v -0.0047389597 0.0077054452 0.0079895616
v -0.0048804979 0.0076032245 0.0079571394
v -0.0049522806 0.0076300932 0.0079110064
v -0.0050268986 0.0076417347 0.0078630526
v -0.0050677413 0.0077920887 0.0077782659
v -0.0051391737 0.007630007 0.0077908965
v -0.0052109391 0.0076030713 0.0077447755
v -0.005298916 0.0077054452 0.007629699
v -0.0046016776 0.0071510285 0.0080831828
v -0.0046112768 0.0072373286 0.0080770146
v -0.004633337 0.0073203352 0.0080628408
v -0.0045188486 0.0074512506 0.0080638699
v -0.0046882175 0.0074332066 0.0080275698
v -0.004795837 0.0075503182 0.007958406
v -0.0047592588 0.0077131165 0.0079093682
v -0.0048952566 0.0076053575 0.0078945126
v -0.0049667603 0.0076241572 0.0078485593
v -0.0050399241 0.007627911 0.0078015401
v -0.0050825479 0.0077637097 0.0077016022
v -0.0051479216 0.0076052124 0.0077321328
v -0.005215565 0.0075718567 0.0076886624
v -0.0052773093 0.0075250505 0.0076489811
v -0.0053312758 0.0074662058 0.0076143005
v -0.005361601 0.007368298 0.0075764734
v -0.0054096102 0.0073198838 0.0075639574
v -0.0055490446 0.0074165431 0.0075029623
v -0.005409437 0.007212162 0.0075457267
v -0.0053896576 0.0070318322 0.0075746555
v -0.0053756072 0.0068604665 0.0075858085
v -0.0052977169 0.0067907266 0.0076175247
v -0.0052469487 0.0067076798 0.0076684923
v -0.0052175366 0.0065448835 0.00761485
v -0.0051475281 0.006652644 0.0077323875
v -0.0050760245 0.006633845 0.0077783404
v -0.0050028611 0.0066300892 0.0078253591
v -0.0048942475 0.0064942903 0.0078226155
v -0.0048948627 0.0066527893 0.007894765
v -0.0047592588 0.0065448835 0.0079093682
v -0.0048118529 0.0067145984 0.0079297734
v -0.0047374137 0.0067609734 0.0079959532
v -0.0047204711 0.0068552372 0.008004716
v -0.0046206608 0.006979064 0.0080709871
v -0.0044544458 0.0070170836 0.0081052588
v -0.0045953344 0.0071922429 0.0080350408
v -0.0046106849 0.0072743245 0.0080251763
v -0.0046377929 0.0073519907 0.008007754
v -0.0045326699 0.0074838127 0.0079902498
v -0.0046986041 0.0074551055 0.0079686711
v -0.0047507875 0.007511875 0.0079351369
v -0.0048104732 0.0075570075 0.0078967841
v -0.0047809675 0.0077102911 0.0078306789
v -0.0049100395 0.0076000132 0.007832793
v -0.0049801779 0.0076109373 0.0077877183
v -0.0050508461 0.007607219 0.0077423043
v -0.0050936427 0.0077265189 0.0076297344
v -0.0051531571 0.0075745574 0.0076765515
v -0.005215883 0.0075356897 0.0076362392
v -0.0052719775 0.0074844637 0.0076001882
v -0.0053197381 0.0074224389 0.0075694913
v -0.0053383384 0.007320939 0.0075456606
v -0.0053847434 0.0072737902 0.007527715
v -0.0053726912 0.0071686528 0.0075235846
v -0.0054793509 0.0071289999 0.0073818545
v -0.0053999496 0.007065757 0.0075179454
v -0.0053724733 0.0069441373 0.0075356009
v -0.0054096312 0.0068197014 0.0074266609
v -0.0053194466 0.0068351215 0.007569685
v -0.005244496 0.0067461241 0.0076178488
v -0.0051848146 0.0067009883 0.0076562049
v -0.0051369404 0.0065477089 0.0076019088
v -0.005085245 0.006657987 0.0077201947
v -0.005015108 0.0066470635 0.0077652711
v -0.0049444388 0.0066507748 0.0078106843
v -0.0048242651 0.006531481 0.0078028523
v -0.0048421274 0.0066834401 0.0078764375
v -0.0047504145 0.0067464687 0.0079353781
v -0.0046982931 0.0068033148 0.0079688769
v -0.0046375755 0.0069065079 0.0080078946
v -0.0044699407 0.0069174274 0.008030564
v -0.0046014006 0.0070248666 0.0080311423
v -0.0045922094 0.0071082393 0.0080370506
v -0.0045858694 0.0071494701 0.0079899546
v -0.0045947603 0.0072293521 0.007984239
v -0.0046151832 0.0073061859 0.0079711121
v -0.0046465269 0.0073776338 0.0079509703
v -0.00455183 0.0075070243 0.0079160895
v -0.004711834 0.0074700249 0.0079090003
v -0.0047656393 0.0075190357 0.0078744221
v -0.004825786 0.0075561983 0.0078357648
v -0.0048027763 0.0076970623 0.0077548156
v -0.004923864 0.0075873537 0.0077727348
v -0.0049915889 0.0075908132 0.0077292117
v -0.0050587903 0.0075802409 0.0076860249
v -0.0051000367 0.0076816346 0.0075637776
v -0.0051541638 0.0075388959 0.007624729
v -0.0052113093 0.0074955507 0.0075880093
v -0.0052612571 0.0074410755 0.007555907
v -0.0053024876 0.007377117 0.0075294086
v -0.0053096397 0.007274742 0.0075218164
v -0.0053540876 0.0072287527 0.0074962507
v -0.0053093021 0.0071176832 0.0075427721
v -0.0054236848 0.0070777436 0.0073557821
v -0.0053539758 0.0070286485 0.0074963224
v -0.0053957307 0.0069278575 0.0073737469
v -0.0053191904 0.0069152795 0.0075186788
v -0.005336094 0.0067916788 0.0074120731
v -0.0052609069 0.0068164758 0.0075561361
v -0.0052488393 0.0066784882 0.0074681485
v -0.0051830977 0.0067389629 0.0076061361
v -0.0051229491 0.0067018032 0.0076447906
v -0.0050588737 0.0065609376 0.0075902319
v -0.0050248711 0.0066706455 0.0077078202
v -0.0049571481 0.0066671871 0.0077513455
v -0.0048899462 0.0066777562 0.0077945328
v -0.0047616132 0.0065763654 0.0077812694
v -0.0047945727 0.0067191055 0.0078558264
v -0.0046470522 0.0066472556 0.0078548942
v -0.0047114508 0.0067883873 0.0079092452
v -0.0046656926 0.006847835 0.0079386555
v -0.0046786789 0.0069418099 0.0079446094
v -0.0046149951 0.0069523841 0.0079712387
v -0.0044529403 0.006976788 0.007979642
v -0.0045887802 0.0070689664 0.0079880826
v -0.0045853874 0.0071866357 0.0079402164
v -0.0045993768 0.0072613519 0.00793123
v -0.0046240657 0.0073320463 0.0079153659
v -0.0046586983 0.0073965745 0.0078931045
v -0.004575121 0.0075202002 0.007842624
v -0.0047269354 0.0074775764 0.0078492485
v -0.0047812697 0.0075186557 0.0078143304
v -0.0048407835 0.0075478908 0.0077760885
v -0.0048234009 0.0076738356 0.0076830638
v -0.0049357645 0.0075677176 0.0077150449
v -0.0050000942 0.0075643223 0.007673703
v -0.0050629501 0.0075477 0.0076333083
v -0.0051009126 0.0076304063 0.0075047178
v -0.0051503207 0.0074991746 0.0075771626
v -0.0052013786 0.0074525378 0.0075443437
v -0.0052448472 0.0073960661 0.0075164082
v -0.0052794062 0.0073314801 0.0074941962
v -0.0053537765 0.0072721892 0.0073422118
v -0.005317894 0.0071859984 0.0074694659
v -0.0053038436 0.0069966457 0.0074784894
v -0.0053260291 0.0068951904 0.0073600438
v -0.0052630224 0.0068927886 0.0075047271
v -0.0052607486 0.0067733837 0.0074019971
v -0.0052009805 0.0068050275 0.0075445984
v -0.0051711707 0.0066758118 0.0074595654
v -0.0051219442 0.006739352 0.0075954002
v -0.0050624351 0.0067101068 0.0076336399
v -0.004985038 0.0065841643 0.0075791859
v -0.0049674513 0.0066902825 0.0076946806
v -0.0049031249 0.0066936825 0.0077360257
v -0.0048402671 0.0067103008 0.0077764191
v -0.0047075262 0.0066275938 0.0077575319
v -0.0047528923 0.0067588192 0.0078325676
v -0.004605056 0.0067051932 0.0078233857
v -0.004679065 0.0068325704 0.0078800147
v -0.0045992124 0.0069972601 0.0079313343
v -0.0044458744 0.0070329307 0.0079256859
v -0.0045825343 0.0071101665 0.007942052
v -0.0082057032 0.007629 0.0050782691
v -0.0060055463 0.007629 0.0071662985
v -0.0079480286 0.007629 0.0049245543
v -0.0061943673 0.007629 0.0073994746
v -0.007531015 0.007629 0.0055413185
v -0.0077741479 0.007629 0.0057170814
v -0.0070662519 0.007629 0.0061229476
v -0.0072929768 0.007629 0.0063194059
v -0.0065566853 0.007629 0.006665755
v -0.0067652606 0.007629 0.0068813995
v -0.0092114906 0.007629 0.0028759028
v -0.0089265795 0.007629 0.0027818267
v -0.0096485957 0.007629 -0.00016423003
v -0.009348721 0.007629 -0.00015423327
v -0.0093313546 0.007629 0.00059007594
v -0.0096309155 0.007629 0.00060648945
v -0.0092548241 0.007629 0.0013306438
v -0.0095517698 0.007629 0.0013733382
v -0.0091196129 0.007629 0.0020627746
v -0.0094116635 0.007629 0.002131422
f 1 2 3
f 4 5 6
f 6 5 7
f 8 9 10
f 10 9 4
f 6 7 11
f 12 13 14
f 2 15 3
f 4 6 10
f 10 6 16
f 6 17 16
f 16 17 18
f 17 19 18
f 18 19 20
f 19 21 20
f 20 21 3
f 21 14 3
f 13 22 14
f 22 1 14
f 14 1 3
f 23 24 25
f 23 25 26
f 27 28 29
f 28 30 29
f 31 32 33
f 33 32 34
f 35 36 37
f 36 38 37
f 37 38 31
f 33 34 39
f 29 40 27
f 31 33 37
f 37 33 41
f 33 42 41
f 41 42 43
f 42 44 43
f 43 44 45
f 44 46 45
f 45 46 29
f 46 23 29
f 29 23 40
f 23 26 40
f 39 47 33
f 33 47 48
f 48 49 33
f 49 50 33
f 50 51 33
f 33 51 52
f 52 53 33
f 53 54 33
f 33 54 55
f 56 57 14
f 57 58 14
f 14 58 59
f 14 59 60
f 60 61 14
f 61 62 14
f 62 63 14
f 14 63 64
f 64 12 14
f 6 11 65
f 65 66 6
f 66 67 6
f 67 68 6
f 68 69 6
f 6 69 70
f 70 71 6
f 71 72 6
f 6 72 73
f 73 74 23
f 74 75 23
f 23 75 76
f 76 77 23
f 23 77 78
f 78 79 23
f 23 79 80
f 80 81 23
f 81 82 23
f 82 83 23
f 23 83 84
f 84 24 23
f 73 23 6
f 23 46 6
f 6 46 17
f 46 44 17
f 17 44 19
f 44 42 19
f 19 42 21
f 42 33 21
f 21 33 14
f 33 55 14
f 14 55 56
f 15 85 3
f 85 86 3
f 87 88 3
f 86 89 3
f 89 90 3
f 90 91 3
f 3 91 92
f 3 92 87
f 88 93 3
f 94 95 37
f 37 95 96
f 96 97 37
f 97 98 37
f 98 99 37
f 100 101 37
f 99 102 37
f 37 102 103
f 37 103 100
f 37 101 35
f 29 30 104
f 29 104 105
f 105 106 29
f 106 107 29
f 107 108 29
f 108 109 29
f 29 109 110
f 29 110 111
f 111 112 29
f 113 114 10
f 10 114 115
f 115 116 10
f 116 117 10
f 117 118 10
f 119 120 10
f 118 121 10
f 10 121 122
f 10 122 119
f 10 120 8
f 112 113 29
f 113 10 29
f 29 10 45
f 10 16 45
f 45 16 43
f 16 18 43
f 43 18 41
f 18 20 41
f 41 20 37
f 20 3 37
f 37 3 94
f 3 93 94
f 123 124 125
f 123 125 126
f 126 127 123
f 128 129 123
f 127 130 123
f 130 131 123
f 131 132 123
f 123 132 133
f 123 133 128
f 129 134 123
f 135 136 137
f 137 136 138
f 138 139 137
f 139 140 137
f 140 141 137
f 142 143 137
f 141 144 137
f 137 144 145
f 137 145 142
f 137 143 146
f 147 148 149
f 147 149 150
f 150 151 147
f 152 153 154
f 155 156 147
f 151 157 147
f 157 158 147
f 158 159 147
f 147 159 155
f 156 160 147
f 161 162 154
f 154 162 152
f 153 163 154
f 163 164 154
f 164 165 154
f 166 167 154
f 165 168 154
f 154 168 169
f 154 169 166
f 154 167 170
f 160 161 147
f 161 154 147
f 147 154 171
f 154 172 171
f 171 172 173
f 172 174 173
f 173 174 175
f 174 176 175
f 175 176 137
f 176 123 137
f 137 123 135
f 123 134 135
f 177 178 179
f 179 178 180
f 180 181 179
f 181 182 179
f 182 183 179
f 179 183 184
f 184 185 179
f 185 186 179
f 179 186 187
f 188 189 190
f 189 191 190
f 190 191 192
f 190 192 193
f 193 194 190
f 194 195 190
f 195 196 190
f 190 196 197
f 197 198 190
f 199 200 201
f 201 200 202
f 202 203 201
f 203 204 201
f 204 205 201
f 201 205 206
f 206 207 201
f 207 208 201
f 201 208 209
f 209 210 211
f 210 212 211
f 212 213 211
f 211 213 214
f 211 214 215
f 215 216 211
f 216 217 211
f 217 218 211
f 211 218 219
f 219 220 211
f 209 211 201
f 211 221 201
f 201 221 222
f 221 223 222
f 222 223 224
f 223 225 224
f 224 225 226
f 225 179 226
f 226 179 190
f 179 187 190
f 190 187 188
f 211 220 227
f 228 229 179
f 179 229 230
f 211 227 231
f 232 233 147
f 233 148 147
f 146 234 137
f 137 234 228
f 179 230 177
f 147 235 232
f 228 179 137
f 137 179 175
f 179 225 175
f 175 225 173
f 225 223 173
f 173 223 171
f 223 221 171
f 171 221 147
f 221 211 147
f 147 211 235
f 211 231 235
f 236 237 238
f 236 238 239
f 239 240 236
f 240 241 236
f 241 242 236
f 242 243 236
f 236 243 244
f 236 244 245
f 245 246 236
f 247 248 249
f 249 248 250
f 250 251 249
f 251 252 249
f 252 253 249
f 254 255 249
f 253 256 249
f 249 256 257
f 249 257 254
f 249 255 258
f 259 260 261
f 261 260 262
f 262 263 261
f 264 265 261
f 263 266 261
f 266 267 261
f 267 268 261
f 261 268 269
f 261 269 264
f 265 270 261
f 271 272 273
f 273 272 274
f 274 275 273
f 275 276 273
f 276 277 273
f 278 279 273
f 277 280 273
f 273 280 281
f 273 281 278
f 273 279 282
f 270 271 261
f 271 273 261
f 261 273 283
f 273 284 283
f 283 284 285
f 284 286 285
f 285 286 287
f 286 288 287
f 287 288 249
f 288 236 249
f 249 236 247
f 236 246 247
f 289 290 291
f 291 292 289
f 292 293 289
f 293 294 289
f 294 295 289
f 289 295 296
f 296 297 289
f 297 298 289
f 289 298 299
f 300 301 302
f 301 303 302
f 302 303 304
f 302 304 305
f 305 306 302
f 306 307 302
f 307 308 302
f 302 308 309
f 309 310 302
f 302 310 311
f 312 313 314
f 314 313 315
f 315 316 314
f 316 317 314
f 317 318 314
f 314 318 319
f 319 320 314
f 320 321 314
f 314 321 322
f 322 323 324
f 324 323 325
f 325 326 324
f 324 326 327
f 327 328 324
f 324 328 329
f 329 330 324
f 330 331 324
f 331 332 324
f 332 333 324
f 322 324 314
f 324 334 314
f 314 334 335
f 334 336 335
f 335 336 337
f 336 338 337
f 337 338 339
f 338 289 339
f 339 289 302
f 289 299 302
f 302 299 300
f 324 333 340
f 341 259 261
f 342 343 289
f 289 343 344
f 324 340 345
f 258 346 249
f 249 346 342
f 289 344 290
f 261 347 341
f 342 289 249
f 249 289 287
f 289 338 287
f 287 338 285
f 338 336 285
f 285 336 283
f 336 334 283
f 283 334 261
f 334 324 261
f 261 324 347
f 324 345 347
f 348 349 350
f 348 350 351
f 351 352 348
f 353 354 348
f 352 355 348
f 355 356 348
f 356 357 348
f 348 357 353
f 354 358 348
f 359 360 361
f 361 360 362
f 362 363 361
f 363 364 361
f 364 365 361
f 365 366 361
f 361 366 367
f 361 367 368
f 368 369 361
f 361 369 370
f 371 372 373
f 371 373 374
f 374 375 371
f 375 376 371
f 376 377 371
f 377 378 371
f 371 378 379
f 371 379 380
f 380 381 371
f 382 383 384
f 384 383 385
f 385 386 384
f 386 387 384
f 387 388 384
f 389 390 384
f 388 391 384
f 384 391 392
f 384 392 389
f 384 390 393
f 381 382 371
f 382 384 371
f 371 384 394
f 384 395 394
f 394 395 396
f 395 397 396
f 396 397 398
f 397 399 398
f 398 399 361
f 399 348 361
f 361 348 359
f 348 358 359
f 400 401 402
f 402 401 403
f 403 404 402
f 404 405 402
f 405 406 402
f 402 406 407
f 407 408 402
f 408 409 402
f 410 411 412
f 411 413 412
f 413 414 412
f 412 414 415
f 415 416 412
f 412 416 417
f 417 418 412
f 418 419 412
f 419 420 412
f 412 420 421
f 421 422 412
f 423 424 425
f 425 424 426
f 426 427 425
f 427 428 425
f 428 429 425
f 425 429 430
f 430 431 425
f 431 432 425
f 432 433 434
f 434 433 435
f 435 436 434
f 436 437 434
f 434 437 438
f 438 439 434
f 439 440 434
f 440 441 434
f 434 441 442
f 442 443 434
f 432 434 425
f 434 444 425
f 425 444 445
f 444 446 445
f 445 446 447
f 446 448 447
f 447 448 449
f 448 402 449
f 449 402 412
f 402 409 412
f 412 409 410
f 434 443 450
f 434 450 451
f 452 453 371
f 453 372 371
f 370 454 361
f 454 455 361
f 361 455 456
f 456 457 402
f 402 457 458
f 371 459 452
f 402 458 400
f 456 402 361
f 361 402 398
f 402 448 398
f 398 448 396
f 448 446 396
f 396 446 394
f 446 444 394
f 394 444 371
f 444 434 371
f 371 434 459
f 434 451 459
f 412 422 460
f 461 349 348
f 462 463 425
f 425 463 464
f 412 460 465
f 393 466 384
f 466 462 384
f 425 464 423
f 348 467 461
f 462 425 384
f 384 425 395
f 425 445 395
f 395 445 397
f 445 447 397
f 397 447 399
f 447 449 399
f 399 449 348
f 449 412 348
f 348 412 467
f 412 465 467
f 468 469 470
f 468 470 471
f 471 472 468
f 473 474 468
f 472 475 468
f 475 476 468
f 476 477 468
f 468 477 473
f 474 478 468
f 479 480 481
f 481 480 482
f 482 483 481
f 483 484 481
f 484 485 481
f 486 487 481
f 485 488 481
f 481 488 489
f 481 489 486
f 481 487 490
f 491 492 493
f 492 494 493
f 495 496 497
f 498 499 493
f 494 500 493
f 500 501 493
f 501 502 493
f 493 502 503
f 493 503 498
f 499 504 493
f 505 506 497
f 497 506 495
f 496 507 497
f 507 508 497
f 508 509 497
f 510 511 497
f 509 512 497
f 497 512 513
f 497 513 510
f 497 511 514
f 504 505 493
f 505 497 493
f 493 497 515
f 497 516 515
f 515 516 517
f 516 518 517
f 517 518 519
f 518 520 519
f 519 520 481
f 520 468 481
f 481 468 479
f 468 478 479
f 521 522 523
f 523 524 521
f 524 525 521
f 525 526 521
f 526 527 521
f 521 527 528
f 528 529 521
f 529 530 521
f 521 530 531
f 532 533 534
f 533 535 534
f 534 535 536
f 534 536 537
f 537 538 534
f 538 539 534
f 539 540 534
f 540 541 534
f 534 541 542
f 542 543 534
f 544 545 546
f 546 545 547
f 547 548 546
f 548 549 546
f 549 550 546
f 546 550 551
f 551 552 546
f 552 553 546
f 546 553 554
f 554 555 556
f 555 557 556
f 557 558 556
f 556 558 559
f 556 559 560
f 560 561 556
f 561 562 556
f 562 563 556
f 556 563 564
f 564 565 556
f 554 556 546
f 556 566 546
f 546 566 567
f 566 568 567
f 567 568 569
f 568 570 569
f 569 570 571
f 570 521 571
f 571 521 534
f 521 531 534
f 534 531 532
f 556 565 572
f 573 491 493
f 490 574 481
f 574 575 481
f 481 575 576
f 576 577 521
f 521 577 578
f 556 572 579
f 521 578 522
f 493 580 573
f 576 521 481
f 481 521 519
f 521 570 519
f 519 570 517
f 570 568 517
f 517 568 515
f 568 566 515
f 515 566 493
f 566 556 493
f 493 556 580
f 556 579 580
f 534 543 581
f 582 469 468
f 514 583 497
f 583 584 497
f 497 584 585
f 585 586 546
f 546 586 587
f 534 581 588
f 546 587 544
f 468 589 582
f 585 546 497
f 497 546 516
f 546 567 516
f 516 567 518
f 567 569 518
f 518 569 520
f 569 571 520
f 520 571 468
f 571 534 468
f 468 534 589
f 534 588 589
f 590 591 592
f 592 593 590
f 593 594 590
f 594 595 590
f 595 596 590
f 596 597 590
f 597 598 590
f 590 598 599
f 590 599 600
f 600 601 590
f 602 603 604
f 604 603 605
f 605 606 604
f 606 607 604
f 607 608 604
f 608 609 604
f 604 609 610
f 604 610 611
f 611 612 604
f 612 613 604
f 604 613 614
f 615 616 617
f 617 618 615
f 618 619 615
f 619 620 615
f 620 621 615
f 621 622 615
f 622 623 615
f 615 623 624
f 615 624 625
f 625 626 615
f 627 628 629
f 629 628 630
f 630 631 629
f 631 632 629
f 632 633 629
f 634 635 629
f 633 636 629
f 629 636 637
f 629 637 634
f 626 627 615
f 627 629 615
f 615 629 638
f 629 639 638
f 638 639 640
f 639 641 640
f 640 641 642
f 641 643 642
f 642 643 604
f 643 590 604
f 604 590 602
f 590 601 602
f 644 645 646
f 646 645 647
f 647 648 646
f 648 649 646
f 649 650 646
f 646 650 651
f 651 652 646
f 652 653 646
f 646 653 654
f 655 656 657
f 656 658 657
f 657 658 659
f 657 659 660
f 660 661 657
f 661 662 657
f 662 663 657
f 657 663 664
f 664 665 657
f 666 667 668
f 668 667 669
f 669 670 668
f 670 671 668
f 671 672 668
f 668 672 673
f 673 674 668
f 674 675 668
f 668 675 676
f 676 677 678
f 677 679 678
f 679 680 678
f 678 680 681
f 678 681 682
f 682 683 678
f 683 684 678
f 684 685 678
f 678 685 686
f 686 687 678
f 676 678 668
f 678 688 668
f 668 688 689
f 688 690 689
f 689 690 691
f 690 692 691
f 691 692 693
f 692 646 693
f 693 646 657
f 646 654 657
f 657 654 655
f 678 687 694
f 695 616 615
f 696 697 646
f 646 697 698
f 614 699 604
f 604 699 696
f 646 698 644
f 678 694 700
f 615 701 695
f 696 646 604
f 604 646 642
f 646 692 642
f 642 692 640
f 692 690 640
f 640 690 638
f 690 688 638
f 638 688 615
f 688 678 615
f 615 678 701
f 678 700 701
f 657 665 702
f 657 702 703
f 704 591 590
f 635 705 629
f 629 705 706
f 706 707 668
f 668 707 708
f 668 708 666
f 590 709 704
f 706 668 629
f 629 668 639
f 668 689 639
f 639 689 641
f 689 691 641
f 641 691 643
f 691 693 643
f 643 693 590
f 693 657 590
f 590 657 709
f 657 703 709
f 710 711 712
f 710 712 713
f 713 714 710
f 715 716 710
f 714 717 710
f 717 718 710
f 718 719 710
f 710 719 720
f 710 720 715
f 716 721 710
f 722 723 724
f 724 723 725
f 725 726 724
f 726 727 724
f 727 728 724
f 729 730 724
f 728 731 724
f 724 731 732
f 724 732 729
f 733 734 735
f 733 735 736
f 736 737 733
f 738 739 733
f 737 740 733
f 740 741 733
f 741 742 733
f 733 742 738
f 739 743 733
f 744 745 746
f 746 745 747
f 747 748 746
f 748 749 746
f 749 750 746
f 751 752 746
f 750 753 746
f 746 753 754
f 746 754 751
f 746 752 755
f 743 744 733
f 744 746 733
f 733 746 756
f 746 757 756
f 756 757 758
f 757 759 758
f 758 759 760
f 759 761 760
f 760 761 724
f 761 710 724
f 724 710 722
f 710 721 722
f 762 763 764
f 764 765 762
f 762 765 766
f 766 767 762
f 767 768 762
f 768 769 762
f 762 769 770
f 770 771 762
f 771 772 762
f 762 772 773
f 774 775 776
f 775 777 776
f 776 777 778
f 776 778 779
f 779 780 776
f 780 781 776
f 781 782 776
f 776 782 783
f 783 784 776
f 785 786 787
f 787 786 788
f 788 789 787
f 789 790 787
f 790 791 787
f 787 791 792
f 792 793 787
f 793 794 787
f 794 795 796
f 795 797 796
f 796 797 798
f 798 799 796
f 796 799 800
f 800 801 796
f 796 801 802
f 802 803 796
f 803 804 796
f 804 805 796
f 796 805 806
f 806 807 796
f 794 796 787
f 796 808 787
f 787 808 809
f 808 810 809
f 809 810 811
f 810 812 811
f 811 812 813
f 812 762 813
f 813 762 776
f 762 773 776
f 776 773 774
f 796 807 814
f 815 734 733
f 730 816 724
f 724 816 817
f 817 818 762
f 762 818 819
f 796 814 820
f 762 819 763
f 733 821 815
f 817 762 724
f 724 762 760
f 762 812 760
f 760 812 758
f 812 810 758
f 758 810 756
f 810 808 756
f 756 808 733
f 808 796 733
f 733 796 821
f 796 820 821
f 776 784 822
f 823 711 710
f 755 824 746
f 824 825 746
f 746 825 826
f 826 827 787
f 787 827 828
f 776 822 829
f 787 828 785
f 830 831 710
f 710 831 823
f 826 787 746
f 746 787 757
f 787 809 757
f 757 809 759
f 809 811 759
f 759 811 761
f 811 813 761
f 761 813 710
f 813 776 710
f 710 776 830
f 776 829 830
f 832 833 834
f 832 834 835
f 835 836 832
f 836 837 832
f 837 838 832
f 838 839 832
f 832 839 840
f 832 840 841
f 841 842 832
f 843 844 845
f 845 844 846
f 846 847 845
f 847 848 845
f 848 849 845
f 850 851 845
f 849 852 845
f 845 852 853
f 845 853 850
f 845 851 854
f 855 856 857
f 855 857 858
f 858 859 855
f 860 861 855
f 859 862 855
f 862 863 855
f 863 864 855
f 855 864 860
f 861 865 855
f 866 867 868
f 868 867 869
f 869 870 868
f 870 871 868
f 871 872 868
f 872 873 868
f 868 873 874
f 868 874 875
f 875 876 868
f 868 876 877
f 865 866 855
f 866 868 855
f 855 868 878
f 868 879 878
f 878 879 880
f 879 881 880
f 880 881 882
f 881 883 882
f 882 883 845
f 883 832 845
f 845 832 843
f 832 842 843
f 884 885 886
f 886 885 887
f 887 888 886
f 888 889 886
f 889 890 886
f 886 890 891
f 891 892 886
f 892 893 886
f 894 895 896
f 895 897 896
f 897 898 896
f 896 898 899
f 899 900 896
f 900 901 896
f 901 902 896
f 896 902 903
f 903 904 896
f 905 906 907
f 907 906 908
f 908 909 907
f 909 910 907
f 910 911 907
f 907 911 912
f 912 913 907
f 913 914 907
f 907 914 915
f 915 916 917
f 916 918 917
f 918 919 917
f 917 919 920
f 917 920 921
f 921 922 917
f 922 923 917
f 923 924 917
f 924 925 917
f 917 925 926
f 915 917 907
f 917 927 907
f 907 927 928
f 927 929 928
f 928 929 930
f 929 931 930
f 930 931 932
f 931 886 932
f 932 886 896
f 886 893 896
f 896 893 894
f 917 926 933
f 934 935 886
f 886 935 936
f 917 933 937
f 938 856 855
f 854 939 845
f 939 934 845
f 886 936 884
f 855 940 938
f 934 886 845
f 845 886 882
f 886 931 882
f 882 931 880
f 931 929 880
f 880 929 878
f 929 927 878
f 878 927 855
f 927 917 855
f 855 917 940
f 917 937 940
f 941 942 943
f 942 944 943
f 943 944 945
f 946 947 948
f 947 949 948
f 948 949 944
f 949 945 944
f 948 950 946
f 946 950 951
f 950 952 951
f 953 954 955
f 955 954 952
f 954 956 952
f 952 956 951
f 953 955 957
f 955 958 957
f 957 958 959
f 958 960 959
f 961 962 960
f 962 961 963
f 963 961 964
f 961 965 964
f 966 967 965
f 967 968 965
f 965 968 964
f 967 966 969
f 969 966 970
f 971 972 973
f 972 971 974
f 971 975 974
f 974 975 976
f 975 977 976
f 977 978 979
f 980 981 982
f 982 981 978
f 981 979 978
f 983 980 982
f 982 984 983
f 983 984 985
f 986 987 988
f 988 987 984
f 987 985 984
f 989 986 988
f 988 990 989
f 989 990 991
f 992 993 994
f 993 995 994
f 994 995 990
f 995 991 990
f 996 997 992
f 992 997 993
f 992 998 996
f 998 999 996
f 996 999 1000
f 1001 1002 999
f 1002 1003 999
f 1003 1000 999
f 1004 1005 1001
f 1001 1005 1002
f 1006 1004 1007
f 1004 1001 1007
f 1006 1007 1008
f 1007 1009 1008
f 1008 1009 1010
f 1009 1011 1010
f 1012 1013 1014
f 1014 1013 1011
f 1013 1015 1011
f 1015 1010 1011
f 1016 1013 1012
f 1016 1012 1017
f 1012 1018 1017
f 1017 1018 1019
f 1018 1020 1019
f 1021 1022 1020
f 1022 1021 1023
f 1021 1024 1023
f 1023 1024 1025
f 1024 1026 1025
f 1027 1028 1026
f 1028 1027 1029
f 1029 1027 1030
f 1027 1031 1030
f 1030 1031 1032
f 1033 1034 1035
f 1035 1034 1031
f 1034 1032 1031
f 1036 1033 1035
f 1036 1037 1038
f 1038 1037 1039
f 1037 1040 1039
f 1039 1040 1041
f 1041 1040 1042
f 1040 1043 1042
f 1042 1043 1044
f 1044 1043 1045
f 1043 1046 1045
f 1045 1046 1047
f 1047 1046 1048
f 1046 1049 1048
f 1048 1049 1050
f 1050 1049 1051
f 1049 1052 1051
f 1051 1052 1053
f 1052 1054 1053
f 1053 1054 1055
f 941 1056 942
f 1056 1057 942
f 942 1057 1054
f 1057 1055 1054
f 1058 1059 1060
f 1060 1059 1061
f 1059 1062 1061
f 1061 1062 1063
f 1063 1062 1064
f 1065 1066 1067
f 1067 1066 1062
f 1066 1064 1062
f 1065 1067 1068
f 1068 1069 1070
f 1071 1072 1073
f 1072 1074 1073
f 1074 1075 1073
f 1073 1075 1069
f 1075 1070 1069
f 1072 1071 1076
f 1076 1071 1077
f 1071 1078 1077
f 1078 1079 1077
f 1077 1079 1080
f 1081 1082 1083
f 1082 1084 1083
f 1083 1084 1079
f 1084 1080 1079
f 1085 1082 1081
f 1086 1085 1081
f 1087 1086 1088
f 1086 1081 1088
f 1087 1088 1089
f 1088 1090 1089
f 1089 1090 1091
f 1092 1093 1090
f 1093 1091 1090
f 1093 1092 1094
f 1092 1095 1094
f 1094 1095 1096
f 1095 1097 1096
f 1097 1098 1096
f 1098 1097 1099
f 1097 1100 1099
f 1099 1100 1101
f 1100 1102 1101
f 1102 1103 1104
f 1105 1106 1103
f 1106 1107 1103
f 1103 1107 1104
f 1106 1105 1108
f 1105 1109 1108
f 1108 1109 1110
f 1110 1109 1111
f 1109 1112 1111
f 1113 1114 1112
f 1114 1113 1115
f 1113 1116 1115
f 1115 1116 1117
f 1117 1116 1118
f 1116 1119 1118
f 1118 1119 1120
f 1121 1122 1119
f 1122 1123 1119
f 1119 1123 1120
f 1124 1125 1126
f 1126 1125 1121
f 1125 1122 1121
f 1127 1128 1126
f 1128 1124 1126
f 1129 1130 1127
f 1127 1130 1128
f 1131 1129 1132
f 1129 1127 1132
f 1131 1132 1133
f 1132 1134 1133
f 1133 1134 1135
f 1134 1136 1135
f 1137 1138 1136
f 1138 1139 1136
f 1136 1139 1135
f 1140 1141 1142
f 1141 1143 1142
f 1142 1143 1137
f 1143 1138 1137
f 1144 1141 1140
f 1144 1140 1145
f 1140 1146 1145
f 1145 1146 1147
f 1146 1148 1147
f 1148 1149 1150
f 1151 1152 1149
f 1152 1150 1149
f 1152 1151 1153
f 1153 1151 1154
f 1151 1155 1154
f 1155 1156 1154
f 1154 1156 1157
f 1158 1159 1156
f 1156 1159 1157
f 1159 1158 1160
f 1160 1158 1161
f 1158 1162 1161
f 1161 1162 1163
f 1162 1164 1163
f 1163 1164 1165
f 1166 1167 1168
f 1167 1169 1168
f 1168 1169 1164
f 1169 1165 1164
f 1168 1170 1166
f 1166 1170 1171
f 1170 1172 1171
f 1173 1174 1172
f 1174 1173 1175
f 1173 1176 1175
f 1175 1176 1177
f 1058 1178 1179
f 1178 1180 1179
f 1179 1180 1176
f 1180 1181 1176
f 1176 1181 1177
f 299 298 300
f 311 1182 1183
f 237 1184 238
f 1184 1185 238
f 238 1185 239
f 241 240 239
f 1186 244 243
f 244 1186 245
f 245 1187 246
f 1187 247 246
f 247 1188 248
f 1188 250 248
f 1189 253 252
f 256 253 1189
f 1190 257 256
f 257 1190 254
f 1190 1191 254
f 254 1191 255
f 372 1192 373
f 1192 1193 373
f 373 1193 374
f 1193 1194 374
f 374 1194 375
f 376 375 1194
f 380 1195 381
f 1195 382 381
f 382 1196 383
f 1196 385 383
f 1197 388 387
f 391 388 1197
f 1198 392 391
f 392 1198 389
f 1198 1199 389
f 389 1199 390
f 466 393 1200
f 423 464 1201
f 433 1202 435
f 436 435 1202
f 1179 1203 1058
f 1058 1203 1059
f 1203 1204 1059
f 1059 1204 1062
f 1204 1205 1062
f 1062 1205 1067
f 1205 1206 1067
f 1067 1206 1068
f 1206 1069 1068
f 1069 1207 1073
f 1073 1207 1071
f 1207 1078 1071
f 1078 1208 1079
f 1079 1208 1083
f 1208 1209 1083
f 1083 1209 1081
f 1209 1210 1081
f 1081 1210 1088
f 1210 1211 1088
f 1088 1211 1090
f 1211 1212 1090
f 1212 1213 1090
f 1090 1213 1092
f 1092 1213 1095
f 1213 1214 1095
f 1095 1214 1097
f 1214 1215 1097
f 1097 1215 1100
f 1215 1216 1100
f 1100 1216 1102
f 1216 1217 1102
f 1102 1217 1103
f 1103 1217 1105
f 1217 1218 1105
f 1105 1218 1109
f 1218 1219 1109
f 1109 1219 1112
f 1219 1113 1112
f 1113 1220 1116
f 1220 1221 1116
f 1116 1221 1119
f 1221 1121 1119
f 1121 1222 1126
f 1126 1222 1127
f 1222 1223 1127
f 1127 1223 1132
f 1223 1134 1132
f 1134 1224 1136
f 1136 1224 1137
f 1224 1225 1137
f 1137 1225 1142
f 1225 1226 1142
f 1142 1226 1140
f 1226 1227 1140
f 1227 1228 1140
f 1140 1228 1146
f 1228 1229 1146
f 1146 1229 1148
f 1148 1229 1149
f 1229 1230 1149
f 1149 1230 1151
f 1230 1155 1151
f 1156 1231 1158
f 1231 1232 1158
f 1158 1232 1162
f 1232 1233 1162
f 1162 1233 1164
f 1233 1234 1164
f 1164 1234 1168
f 1234 1235 1168
f 1168 1235 1170
f 1235 1236 1170
f 1170 1236 1172
f 1172 1236 1173
f 1236 1237 1173
f 1173 1237 1176
f 1237 1238 1176
f 1176 1238 1179
f 1238 1203 1179
f 1238 1239 1203
f 1239 1240 1203
f 1203 1240 1204
f 1240 1241 1204
f 1204 1241 1205
f 1241 1242 1205
f 1205 1242 1206
f 1242 1243 1206
f 1206 1243 1069
f 1243 1244 1069
f 1069 1244 1207
f 1244 1245 1207
f 1207 1245 1078
f 1245 1246 1078
f 1078 1246 1208
f 1246 1247 1208
f 1208 1247 1209
f 1247 1248 1209
f 1209 1248 1210
f 1248 1249 1210
f 1210 1249 1211
f 1249 1250 1211
f 1211 1250 1212
f 1250 1251 1212
f 1212 1251 1213
f 1251 1252 1213
f 1213 1252 1214
f 1252 1253 1214
f 1214 1253 1215
f 1253 1254 1215
f 1215 1254 1216
f 1254 1255 1216
f 1216 1255 1217
f 1255 1256 1217
f 1217 1256 1218
f 1256 1257 1218
f 1218 1257 1219
f 1257 1258 1219
f 1219 1258 1113
f 1258 1259 1113
f 1113 1259 1220
f 1259 1260 1220
f 1220 1260 1221
f 1221 1261 1121
f 1121 1261 1222
f 1261 1262 1222
f 1222 1262 1223
f 1262 1263 1223
f 1223 1263 1134
f 1263 1264 1134
f 1134 1264 1224
f 1264 1265 1224
f 1224 1265 1225
f 1265 1266 1225
f 1225 1266 1226
f 1266 1267 1226
f 1226 1267 1227
f 1267 1268 1227
f 1227 1268 1228
f 1268 1269 1228
f 1228 1269 1229
f 1269 1270 1229
f 1229 1270 1230
f 1230 1271 1155
f 1155 1271 1156
f 1271 1272 1156
f 1156 1272 1231
f 1272 1273 1231
f 1231 1273 1232
f 1273 1274 1232
f 1232 1274 1233
f 1274 1275 1233
f 1233 1275 1234
f 1275 1276 1234
f 1234 1276 1235
f 1276 1277 1235
f 1235 1277 1236
f 1277 1278 1236
f 1236 1278 1237
f 1278 1279 1237
f 1237 1279 1238
f 1279 1239 1238
f 1280 1281 1239
f 1239 1281 1240
f 1281 1282 1240
f 1240 1282 1241
f 1282 1283 1241
f 1241 1283 1242
f 1283 1284 1242
f 1284 1285 1242
f 1242 1285 1243
f 1285 1286 1243
f 1243 1286 1244
f 1286 1287 1244
f 1244 1287 1245
f 1287 1288 1245
f 1245 1288 1246
f 1288 1289 1246
f 1246 1289 1247
f 1289 1290 1247
f 1247 1290 1248
f 1290 1291 1248
f 1248 1291 1249
f 1291 1292 1249
f 1249 1292 1250
f 1292 1293 1250
f 1250 1293 1251
f 1293 1294 1251
f 1251 1294 1252
f 1294 1295 1252
f 1295 1296 1252
f 1252 1296 1253
f 1296 1297 1253
f 1253 1297 1254
f 1297 1298 1254
f 1254 1298 1255
f 1298 1299 1255
f 1255 1299 1256
f 1299 1300 1256
f 1256 1300 1257
f 1300 1301 1257
f 1257 1301 1258
f 1301 1302 1258
f 1258 1302 1259
f 1302 1303 1259
f 1259 1303 1260
f 1303 1304 1260
f 1260 1304 1221
f 1304 1305 1221
f 1221 1305 1261
f 1305 1306 1261
f 1306 1307 1261
f 1261 1307 1262
f 1307 1308 1262
f 1262 1308 1263
f 1308 1309 1263
f 1263 1309 1264
f 1309 1310 1264
f 1264 1310 1265
f 1310 1311 1265
f 1265 1311 1266
f 1311 1312 1266
f 1266 1312 1267
f 1312 1313 1267
f 1267 1313 1268
f 1313 1314 1268
f 1268 1314 1269
f 1314 1315 1269
f 1269 1315 1270
f 1315 1316 1270
f 1270 1316 1230
f 1316 1317 1230
f 1230 1317 1271
f 1317 1318 1271
f 1271 1318 1272
f 1318 1319 1272
f 1272 1319 1273
f 1319 1320 1273
f 1273 1320 1274
f 1320 1321 1274
f 1274 1321 1275
f 1321 1322 1275
f 1275 1322 1276
f 1322 1323 1276
f 1276 1323 1277
f 1323 1324 1277
f 1324 1325 1277
f 1277 1325 1278
f 1325 1326 1278
f 1278 1326 1279
f 1326 1327 1279
f 1279 1327 1239
f 1327 1280 1239
f 1327 1328 1280
f 1280 1329 1281
f 1281 1329 1282
f 1329 1330 1282
f 1282 1330 1283
f 1330 1331 1283
f 1283 1331 1284
f 1284 1332 1285
f 1285 1332 1286
f 1332 1333 1286
f 1286 1333 1287
f 1333 1334 1287
f 1287 1334 1288
f 1334 1335 1288
f 1288 1335 1289
f 1335 1336 1289
f 1289 1336 1290
f 1336 1337 1290
f 1290 1337 1291
f 1337 1338 1291
f 1291 1338 1292
f 1338 1339 1292
f 1292 1339 1293
f 1339 1340 1293
f 1293 1340 1294
f 1340 1341 1294
f 1294 1341 1295
f 1295 1342 1296
f 1296 1342 1297
f 1342 1343 1297
f 1297 1343 1298
f 1343 1344 1298
f 1298 1344 1299
f 1344 1345 1299
f 1299 1345 1300
f 1345 1346 1300
f 1300 1346 1301
f 1346 1347 1301
f 1301 1347 1302
f 1347 1348 1302
f 1302 1348 1303
f 1348 1349 1303
f 1303 1349 1304
f 1349 1350 1304
f 1304 1350 1305
f 1350 1351 1305
f 1305 1351 1306
f 1306 1352 1307
f 1307 1352 1308
f 1352 1353 1308
f 1308 1353 1309
f 1353 1354 1309
f 1309 1354 1310
f 1354 1355 1310
f 1310 1355 1311
f 1355 1356 1311
f 1311 1356 1312
f 1356 1357 1312
f 1312 1357 1313
f 1357 1358 1313
f 1313 1358 1314
f 1358 1359 1314
f 1314 1359 1315
f 1359 1360 1315
f 1315 1360 1316
f 1360 1361 1316
f 1316 1361 1317
f 1361 1362 1317
f 1317 1362 1318
f 1362 1363 1318
f 1318 1363 1319
f 1363 1364 1319
f 1319 1364 1320
f 1364 1365 1320
f 1320 1365 1321
f 1365 1366 1321
f 1321 1366 1322
f 1366 1367 1322
f 1322 1367 1323
f 1367 1368 1323
f 1323 1368 1324
f 1324 1369 1325
f 1325 1369 1326
f 1369 1370 1326
f 1326 1370 1327
f 1370 1328 1327
f 1370 1371 1328
f 1371 1372 1328
f 1328 1372 1280
f 1372 1329 1280
f 1329 1373 1330
f 1373 1374 1330
f 1330 1374 1331
f 1374 1375 1331
f 1331 1375 1284
f 1375 1332 1284
f 1332 1376 1333
f 1376 1377 1333
f 1333 1377 1334
f 1377 1378 1334
f 1334 1378 1335
f 1378 1379 1335
f 1335 1379 1336
f 1379 1380 1336
f 1336 1380 1337
f 1380 1381 1337
f 1381 1382 1337
f 1337 1382 1338
f 1382 1383 1338
f 1338 1383 1339
f 1383 1384 1339
f 1339 1384 1340
f 1384 1385 1340
f 1340 1385 1341
f 1385 1386 1341
f 1341 1386 1295
f 1295 1386 1342
f 1342 1387 1343
f 1343 1387 1344
f 1387 1388 1344
f 1344 1388 1345
f 1388 1389 1345
f 1345 1389 1346
f 1389 1390 1346
f 1346 1390 1347
f 1390 1391 1347
f 1347 1391 1348
f 1391 1392 1348
f 1348 1392 1349
f 1349 1393 1350
f 1350 1393 1351
f 1393 1394 1351
f 1351 1394 1306
f 1394 1352 1306
f 1352 1395 1353
f 1395 1396 1353
f 1353 1396 1354
f 1396 1397 1354
f 1397 1355 1354
f 1355 1398 1356
f 1398 1399 1356
f 1356 1399 1357
f 1399 1400 1357
f 1357 1400 1358
f 1400 1401 1358
f 1358 1401 1359
f 1401 1402 1359
f 1359 1402 1360
f 1402 1403 1360
f 1403 1404 1360
f 1360 1404 1361
f 1404 1405 1361
f 1361 1405 1362
f 1405 1406 1362
f 1362 1406 1363
f 1406 1407 1363
f 1363 1407 1364
f 1364 1408 1365
f 1365 1408 1366
f 1366 1409 1367
f 1367 1409 1368
f 1409 1410 1368
f 1368 1410 1324
f 1410 1369 1324
f 1369 1202 1370
f 1202 1371 1370
f 432 431 1371
f 1371 431 1372
f 431 430 1372
f 1372 430 1329
f 430 429 1329
f 1329 429 1373
f 429 428 1373
f 1373 428 1374
f 428 427 1374
f 427 426 1374
f 1374 426 1375
f 426 424 1375
f 1375 424 1332
f 424 423 1332
f 1332 423 1376
f 423 1201 1376
f 1376 1201 1377
f 1201 1411 1377
f 1377 1411 1378
f 1411 1412 1378
f 1378 1412 1379
f 1412 1413 1379
f 1379 1413 1380
f 1413 1381 1380
f 1381 1414 1382
f 1382 1414 1383
f 1414 1415 1383
f 1383 1415 1384
f 1415 1416 1384
f 1416 1417 1384
f 1384 1417 1385
f 1417 1418 1385
f 1385 1418 1386
f 1418 1419 1386
f 1419 310 1386
f 1386 310 1342
f 310 309 1342
f 1342 309 1387
f 309 308 1387
f 308 307 1387
f 1387 307 1388
f 307 306 1388
f 306 305 1388
f 1388 305 1389
f 305 304 1389
f 304 303 1389
f 1389 303 1390
f 303 301 1390
f 301 300 1390
f 1390 300 1391
f 300 298 1391
f 1391 298 1392
f 298 297 1392
f 297 296 1392
f 1392 296 1349
f 296 295 1349
f 1349 295 1393
f 295 294 1393
f 294 293 1393
f 1393 293 1394
f 293 292 1394
f 1394 292 1352
f 1352 292 1395
f 292 291 1395
f 1395 291 1396
f 291 290 1396
f 290 1397 1396
f 1397 1420 1355
f 1420 1398 1355
f 1398 1421 1399
f 1421 1422 1399
f 1399 1422 1400
f 1422 1423 1400
f 1400 1423 1401
f 1423 1424 1401
f 1401 1424 1402
f 1424 1403 1402
f 1403 1425 1404
f 1425 1426 1404
f 1404 1426 1405
f 1426 1427 1405
f 1405 1427 1406
f 1427 1407 1406
f 1407 443 1364
f 443 442 1364
f 1364 442 1408
f 442 441 1408
f 441 440 1408
f 1408 440 1366
f 440 439 1366
f 1366 439 1409
f 439 438 1409
f 438 437 1409
f 1409 437 1410
f 437 436 1410
f 1410 436 1369
f 436 1202 1369
f 1202 433 1371
f 433 432 1371
f 344 1428 290
f 290 1428 1397
f 1428 1420 1397
f 1420 1429 1398
f 1429 1421 1398
f 1421 1430 1422
f 1430 1431 1422
f 1431 1423 1422
f 1423 1432 1424
f 1432 1433 1424
f 1424 1433 1403
f 1433 1425 1403
f 1425 1434 1426
f 1434 1435 1426
f 1426 1435 1427
f 1435 1436 1427
f 1427 1436 1407
f 1436 450 1407
f 450 443 1407
f 1201 1437 1411
f 1411 1438 1412
f 1438 1439 1412
f 1412 1439 1413
f 1439 1440 1413
f 1440 1441 1413
f 1413 1441 1381
f 1441 1442 1381
f 1381 1442 1414
f 1442 1443 1414
f 1443 1444 1414
f 1414 1444 1415
f 1444 1416 1415
f 1416 1445 1417
f 1445 1446 1417
f 1417 1446 1418
f 1446 1182 1418
f 1418 1182 1419
f 1182 311 1419
f 1419 311 310
f 343 1447 344
f 344 1447 1428
f 1447 1448 1428
f 1428 1448 1420
f 1420 1448 1429
f 1448 1449 1429
f 1429 1449 1421
f 1449 1430 1421
f 1430 1450 1431
f 1431 1432 1423
f 1432 1451 1433
f 1433 1451 1425
f 1451 1434 1425
f 1434 1452 1435
f 1452 1453 1435
f 1435 1453 1436
f 1453 1454 1436
f 1454 451 1436
f 1436 451 450
f 464 463 1201
f 463 1437 1201
f 1437 1455 1411
f 1455 1438 1411
f 1438 1456 1439
f 1456 1440 1439
f 1441 1457 1442
f 1457 1443 1442
f 1444 1458 1416
f 1458 1445 1416
f 1445 1459 1446
f 1459 1460 1446
f 1446 1460 1182
f 1460 1461 1182
f 1461 1183 1182
f 342 1447 343
f 1447 1462 1448
f 1462 1463 1448
f 1463 1449 1448
f 1449 1464 1430
f 1464 1450 1430
f 1450 1465 1431
f 1465 1466 1431
f 1431 1466 1432
f 1432 1467 1451
f 1467 1468 1451
f 1468 1469 1451
f 1451 1469 1434
f 1469 1452 1434
f 1452 1470 1453
f 1470 1454 1453
f 1454 459 451
f 462 1471 463
f 463 1471 1437
f 1471 1472 1437
f 1472 1455 1437
f 1455 1473 1438
f 1473 1456 1438
f 1456 1474 1440
f 1440 1474 1441
f 1474 1457 1441
f 1457 1475 1443
f 1443 1475 1444
f 1475 1476 1444
f 1444 1476 1458
f 1476 1477 1458
f 1458 1477 1445
f 1477 1459 1445
f 1459 1478 1460
f 1478 1479 1460
f 1460 1479 1461
f 1479 1480 1461
f 346 1481 342
f 342 1481 1447
f 1481 1462 1447
f 1462 1482 1463
f 1463 1482 1449
f 1482 1464 1449
f 1464 1483 1450
f 1483 1465 1450
f 1466 1467 1432
f 1468 1484 1469
f 1469 1484 1452
f 1484 1470 1452
f 1470 1485 1454
f 1485 452 1454
f 452 459 1454
f 462 466 1471
f 466 1486 1471
f 1471 1486 1472
f 1486 1487 1472
f 1472 1487 1455
f 1487 1473 1455
f 1473 1488 1456
f 1488 1489 1456
f 1456 1489 1474
f 1489 1490 1474
f 1474 1490 1457
f 1490 1491 1457
f 1457 1491 1475
f 1491 1492 1475
f 1475 1492 1476
f 1492 1493 1476
f 1476 1493 1477
f 1493 1494 1477
f 1477 1494 1459
f 1494 1478 1459
f 1478 1495 1479
f 1495 1480 1479
f 258 1496 346
f 346 1496 1481
f 1481 1496 1462
f 1496 1497 1462
f 1462 1497 1482
f 1497 1498 1482
f 1482 1498 1464
f 1498 1483 1464
f 1483 1499 1465
f 1465 1499 1466
f 1499 1500 1466
f 1466 1500 1467
f 1500 1501 1467
f 1467 1501 1468
f 1501 1502 1468
f 1468 1502 1484
f 1502 1503 1484
f 1484 1503 1470
f 1503 1485 1470
f 1485 372 452
f 372 453 452
f 466 1200 1486
f 1200 1504 1486
f 1486 1504 1487
f 1504 1505 1487
f 1487 1505 1473
f 1505 1488 1473
f 1488 1506 1489
f 1506 1507 1489
f 1489 1507 1490
f 1507 1508 1490
f 1490 1508 1491
f 1508 1509 1491
f 1491 1509 1492
f 1509 1510 1492
f 1492 1510 1493
f 1510 1511 1493
f 1493 1511 1494
f 1511 1512 1494
f 1494 1512 1478
f 1512 237 1478
f 1478 237 1495
f 255 1191 258
f 1191 1513 258
f 258 1513 1496
f 1513 1514 1496
f 1496 1514 1497
f 1514 1515 1497
f 1497 1515 1498
f 1515 1516 1498
f 1498 1516 1483
f 1516 1517 1483
f 1483 1517 1499
f 1517 1518 1499
f 1499 1518 1500
f 1518 1519 1500
f 1500 1519 1501
f 1519 1520 1501
f 1501 1520 1502
f 1520 1521 1502
f 1502 1521 1503
f 1521 1522 1503
f 1503 1522 1485
f 1522 1192 1485
f 1485 1192 372
f 390 1199 393
f 1199 1523 393
f 393 1523 1200
f 1523 1524 1200
f 1524 1525 1200
f 1200 1525 1504
f 1525 1526 1504
f 1504 1526 1505
f 1526 1527 1505
f 1505 1527 1488
f 1527 1506 1488
f 1506 1528 1507
f 1507 1529 1508
f 1508 1529 1509
f 1529 1530 1509
f 1509 1530 1510
f 1530 1531 1510
f 1510 1531 1511
f 1531 1532 1511
f 1511 1532 1512
f 1532 1184 1512
f 1512 1184 237
f 1196 1533 385
f 385 1533 386
f 1533 1534 386
f 386 1534 387
f 1534 1197 387
f 1197 1535 391
f 391 1535 1198
f 1535 1536 1198
f 1198 1536 1199
f 1536 1537 1199
f 1199 1537 1523
f 1537 1538 1523
f 1523 1538 1524
f 1524 1539 1525
f 1525 1539 1526
f 1539 1540 1526
f 1526 1540 1527
f 1540 1541 1527
f 1527 1541 1506
f 1541 1528 1506
f 1528 1542 1507
f 1507 1542 1529
f 1542 1543 1529
f 1529 1543 1530
f 1543 1544 1530
f 1530 1544 1531
f 1544 1545 1531
f 1531 1545 1532
f 1545 1546 1532
f 1532 1546 1184
f 1546 1547 1184
f 1184 1547 1185
f 1547 1548 1185
f 1185 1548 239
f 1548 1549 239
f 239 1549 241
f 1549 1550 241
f 241 1550 242
f 242 1550 243
f 1550 1186 243
f 1186 1187 245
f 1187 1551 247
f 1551 1188 247
f 1188 1552 250
f 250 1552 251
f 1552 1553 251
f 251 1553 252
f 1553 1189 252
f 1189 1554 256
f 256 1554 1190
f 1554 1555 1190
f 1190 1555 1191
f 1555 1513 1191
f 1513 1556 1514
f 1556 1557 1514
f 1514 1557 1515
f 1557 1558 1515
f 1515 1558 1516
f 1558 1559 1516
f 1516 1559 1517
f 1559 1560 1517
f 1517 1560 1518
f 1560 1561 1518
f 1518 1561 1519
f 1561 1562 1519
f 1519 1562 1520
f 1562 1563 1520
f 1520 1563 1521
f 1563 1564 1521
f 1521 1564 1522
f 1522 1565 1192
f 1192 1565 1193
f 1565 1566 1193
f 1193 1566 1194
f 1566 1567 1194
f 1194 1567 376
f 376 1567 377
f 1567 1568 377
f 377 1568 378
f 1568 1569 378
f 378 1569 379
f 379 1569 380
f 1569 1195 380
f 1195 1570 382
f 1570 1196 382
f 1570 1571 1196
f 1196 1571 1533
f 1571 1572 1533
f 1533 1572 1534
f 1572 1573 1534
f 1534 1573 1197
f 1197 1573 1535
f 1573 1574 1535
f 1535 1574 1536
f 1574 1575 1536
f 1536 1575 1537
f 1575 1576 1537
f 1537 1576 1538
f 1576 1577 1538
f 1538 1577 1524
f 1524 1577 1539
f 1577 1578 1539
f 1539 1578 1540
f 1578 1579 1540
f 1540 1579 1541
f 1579 1580 1541
f 1541 1580 1528
f 1528 1580 1542
f 1580 1581 1542
f 1542 1581 1543
f 1581 1582 1543
f 1543 1582 1544
f 1582 1583 1544
f 1544 1583 1545
f 1583 1584 1545
f 1545 1584 1546
f 1584 1585 1546
f 1546 1585 1547
f 1585 1586 1547
f 1547 1586 1548
f 1586 1587 1548
f 1548 1587 1549
f 1587 1588 1549
f 1549 1588 1550
f 1588 1589 1550
f 1550 1589 1186
f 1589 1590 1186
f 1186 1590 1187
f 1590 1591 1187
f 1187 1591 1551
f 1591 1592 1551
f 1551 1592 1188
f 1188 1592 1552
f 1592 1593 1552
f 1552 1593 1553
f 1593 1594 1553
f 1553 1594 1189
f 1189 1594 1554
f 1594 1595 1554
f 1554 1595 1555
f 1595 1596 1555
f 1555 1596 1513
f 1596 1597 1513
f 1513 1597 1556
f 1597 1598 1556
f 1556 1598 1557
f 1598 1599 1557
f 1557 1599 1558
f 1599 1600 1558
f 1558 1600 1559
f 1600 1601 1559
f 1559 1601 1560
f 1601 1602 1560
f 1560 1602 1561
f 1602 1603 1561
f 1561 1603 1562
f 1603 1604 1562
f 1562 1604 1563
f 1604 1605 1563
f 1563 1605 1564
f 1605 1606 1564
f 1564 1606 1522
f 1606 1607 1522
f 1522 1607 1565
f 1607 1608 1565
f 1565 1608 1566
f 1608 1609 1566
f 1566 1609 1567
f 1609 1610 1567
f 1567 1610 1568
f 1610 1611 1568
f 1568 1611 1569
f 1611 1612 1569
f 1569 1612 1195
f 1612 1570 1195
f 1570 1613 1571
f 1613 1614 1571
f 1571 1614 1572
f 1614 1615 1572
f 1572 1615 1573
f 1615 1616 1573
f 1573 1616 1574
f 1616 1617 1574
f 1574 1617 1575
f 1617 1618 1575
f 1575 1618 1576
f 1618 1619 1576
f 1576 1619 1577
f 1619 1620 1577
f 1577 1620 1578
f 1620 1621 1578
f 1578 1621 1579
f 1621 1622 1579
f 1579 1622 1580
f 1622 1623 1580
f 1580 1623 1581
f 1623 1624 1581
f 1581 1624 1582
f 1624 1625 1582
f 1582 1625 1583
f 1625 1626 1583
f 1583 1626 1584
f 1626 1627 1584
f 1584 1627 1585
f 1627 1628 1585
f 1585 1628 1586
f 1628 1629 1586
f 1586 1629 1587
f 1629 1630 1587
f 1587 1630 1588
f 1630 1631 1588
f 1588 1631 1589
f 1631 1632 1589
f 1589 1632 1590
f 1632 1633 1590
f 1590 1633 1591
f 1633 1634 1591
f 1591 1634 1592
f 1634 1635 1592
f 1592 1635 1593
f 1635 1636 1593
f 1593 1636 1594
f 1636 1637 1594
f 1594 1637 1595
f 1637 1638 1595
f 1595 1638 1596
f 1638 1639 1596
f 1596 1639 1597
f 1639 1640 1597
f 1597 1640 1598
f 1640 1641 1598
f 1598 1641 1599
f 1641 1642 1599
f 1599 1642 1600
f 1642 1643 1600
f 1600 1643 1601
f 1643 1644 1601
f 1601 1644 1602
f 1644 1645 1602
f 1602 1645 1603
f 1645 1646 1603
f 1603 1646 1604
f 1646 1647 1604
f 1604 1647 1605
f 1647 1648 1605
f 1605 1648 1606
f 1648 1649 1606
f 1606 1649 1607
f 1649 1650 1607
f 1607 1650 1608
f 1650 1651 1608
f 1608 1651 1609
f 1651 1652 1609
f 1609 1652 1610
f 1652 1653 1610
f 1610 1653 1611
f 1653 1654 1611
f 1611 1654 1612
f 1654 1655 1612
f 1612 1655 1570
f 1655 1613 1570
f 1655 1656 1613
f 1656 1052 1613
f 1613 1052 1614
f 1052 1657 1614
f 1614 1657 1615
f 1657 1658 1615
f 1615 1658 1616
f 1658 1659 1616
f 1616 1659 1617
f 1659 1660 1617
f 1617 1660 1618
f 1660 1661 1618
f 1618 1661 1619
f 1661 1662 1619
f 1619 1662 1620
f 1662 1663 1620
f 1620 1663 1621
f 1663 1664 1621
f 1621 1664 1622
f 1664 1665 1622
f 1622 1665 1623
f 1665 1666 1623
f 1623 1666 1624
f 1666 1667 1624
f 1624 1667 1625
f 1667 1668 1625
f 1625 1668 1626
f 1668 1669 1626
f 1626 1669 1627
f 1669 1670 1627
f 1627 1670 1628
f 1670 1014 1628
f 1014 1629 1628
f 1629 1671 1630
f 1671 1672 1630
f 1630 1672 1631
f 1672 1673 1631
f 1631 1673 1632
f 1673 1674 1632
f 1632 1674 1633
f 1674 1675 1633
f 1633 1675 1634
f 1675 1676 1634
f 1634 1676 1635
f 1676 1677 1635
f 1635 1677 1636
f 1677 1678 1636
f 1636 1678 1637
f 1678 1679 1637
f 1637 1679 1638
f 1679 1680 1638
f 1638 1680 1639
f 1680 1681 1639
f 1639 1681 1640
f 1681 1682 1640
f 1640 1682 1641
f 1682 1683 1641
f 1641 1683 1642
f 1683 1684 1642
f 1642 1684 1643
f 1684 1685 1643
f 1643 1685 1644
f 1685 1686 1644
f 1644 1686 1645
f 1686 1687 1645
f 1645 1687 1646
f 1687 1688 1646
f 1646 1688 1647
f 1688 1689 1647
f 1647 1689 1648
f 1689 1690 1648
f 1648 1690 1649
f 1690 1691 1649
f 1649 1691 1650
f 1691 1692 1650
f 1650 1692 1651
f 1692 1693 1651
f 1651 1693 1652
f 1693 1694 1652
f 1652 1694 1653
f 1694 944 1653
f 1653 944 1654
f 1654 1656 1655
f 1054 1052 1656
f 1052 1049 1657
f 1049 1046 1657
f 1657 1046 1658
f 1046 1043 1658
f 1658 1043 1659
f 1043 1040 1659
f 1659 1040 1660
f 1040 1037 1660
f 1660 1037 1661
f 1037 1036 1661
f 1661 1036 1662
f 1036 1035 1662
f 1662 1035 1663
f 1035 1031 1663
f 1663 1031 1664
f 1031 1027 1664
f 1664 1027 1665
f 1027 1026 1665
f 1665 1026 1666
f 1026 1024 1666
f 1666 1024 1667
f 1024 1021 1667
f 1021 1020 1667
f 1667 1020 1668
f 1020 1018 1668
f 1668 1018 1669
f 1018 1012 1669
f 1669 1012 1670
f 1012 1014 1670
f 1014 1011 1629
f 1629 1011 1671
f 1011 1009 1671
f 1671 1009 1672
f 1009 1007 1672
f 1672 1007 1673
f 1007 1001 1673
f 1673 1001 1674
f 1001 999 1674
f 1674 999 1675
f 999 998 1675
f 1675 998 1676
f 998 992 1676
f 992 994 1676
f 1676 994 1677
f 994 990 1677
f 1677 990 1678
f 990 988 1678
f 1678 988 1679
f 988 984 1679
f 1679 984 1680
f 984 982 1680
f 1680 982 1681
f 982 978 1681
f 978 977 1681
f 1681 977 1682
f 977 975 1682
f 1682 975 1683
f 975 971 1683
f 1683 971 1684
f 971 973 1684
f 973 970 1684
f 1684 970 1685
f 970 966 1685
f 1685 966 1686
f 966 965 1686
f 1686 965 1687
f 965 961 1687
f 1687 961 1688
f 961 960 1688
f 1688 960 1689
f 960 958 1689
f 1689 958 1690
f 958 955 1690
f 1690 955 1691
f 955 952 1691
f 1691 952 1692
f 952 950 1692
f 1692 950 1693
f 950 948 1693
f 1693 948 1694
f 948 944 1694
f 944 942 1654
f 1654 942 1656
f 942 1054 1656
f 1695 1696 1697
f 1696 1698 1697
f 1697 1698 1699
f 1698 1700 1699
f 1699 1700 1701
f 1700 1702 1701
f 1701 1702 1703
f 1702 1704 1703
f 1703 1704 1705
f 1704 1706 1705
f 1705 1706 1707
f 1706 1708 1707
f 1707 1708 1709
f 1708 1710 1709
f 1709 1710 1711
f 1710 1712 1711
f 1711 1712 1713
f 1712 1714 1713
f 1713 1714 1715
f 1714 1716 1715
f 1715 1716 1717
f 1716 1718 1717
f 1717 1718 1719
f 1718 1720 1719
f 1719 1720 1721
f 1720 1722 1721
f 1721 1722 1723
f 1722 1724 1723
f 1723 1724 1725
f 1724 1726 1725
f 1725 1726 1727
f 1726 1728 1727
f 1727 1728 1729
f 1728 1730 1729
f 1729 1730 1731
f 1730 1732 1731
f 1731 1732 1733
f 1732 1734 1733
f 1733 1734 1735
f 1734 1736 1735
f 1735 1736 1737
f 1736 1738 1737
f 1737 1738 1739
f 1738 1740 1739
f 1739 1740 1741
f 1740 1742 1741
f 1741 1742 1743
f 1742 1744 1743
f 1743 1744 1745
f 1744 1746 1745
f 1745 1746 1747
f 1746 1748 1747
f 1747 1748 1749
f 1748 1750 1749
f 1749 1750 1751
f 1750 1752 1751
f 1751 1752 1753
f 1752 1754 1753
f 1753 1754 1755
f 1754 1756 1755
f 1755 1756 1757
f 1756 1758 1757
f 1757 1758 1759
f 1758 1760 1759
f 1759 1760 1761
f 1760 1762 1761
f 1761 1762 1763
f 1762 1764 1763
f 1763 1764 1765
f 1764 1766 1765
f 1765 1766 1767
f 1766 1768 1767
f 1767 1768 1769
f 1768 1770 1769
f 1769 1770 1771
f 1770 1772 1771
f 1771 1772 1773
f 1772 1774 1773
f 1773 1774 1775
f 1774 1776 1775
f 1775 1776 1777
f 1776 1778 1777
f 1777 1778 1779
f 1778 1780 1779
f 1779 1780 1781
f 1780 1782 1781
f 1781 1782 1783
f 1782 1784 1783
f 1783 1784 1785
f 1784 1786 1785
f 1785 1786 1787
f 1786 1788 1787
f 1787 1788 1789
f 1788 1790 1789
f 1789 1790 1791
f 1790 1792 1791
f 1791 1792 1793
f 1792 1794 1793
f 1793 1794 1795
f 1794 1796 1795
f 1795 1796 1797
f 1796 1798 1797
f 1797 1798 1799
f 1798 1800 1799
f 1799 1800 1801
f 1800 1802 1801
f 1801 1802 1803
f 1802 1804 1803
f 1803 1804 1805
f 1804 1806 1805
f 1805 1806 1807
f 1806 1808 1807
f 1807 1808 1809
f 1808 1810 1809
f 1809 1810 1811
f 1810 1812 1811
f 1811 1812 1813
f 1812 1814 1813
f 1813 1814 1815
f 1814 1816 1815
f 1815 1816 1817
f 1816 1818 1817
f 1817 1818 1819
f 1818 1820 1819
f 1819 1820 1821
f 1820 1822 1821
f 1821 1822 1823
f 1822 1824 1823
f 1823 1824 1825
f 1824 1826 1825
f 1825 1826 1827
f 1826 1828 1827
f 1827 1828 1829
f 1828 1830 1829
f 1829 1830 1831
f 1830 1832 1831
f 1831 1832 1833
f 1832 1834 1833
f 1833 1834 1835
f 1834 1836 1835
f 1835 1836 1837
f 1836 1838 1837
f 1837 1838 1695
f 1838 1696 1695
f 1839 1840 1841
f 1842 1843 1844
f 1845 1846 1847
f 1848 1849 1850
f 1851 1852 1853
f 1854 1855 1856
f 1856 1857 1854
f 1854 1857 1858
f 1859 1860 1857
f 1860 1858 1857
f 1861 1862 1859
f 1859 1862 1860
f 1859 1863 1861
f 1863 1864 1861
f 1861 1864 1865
f 1864 1866 1865
f 1864 1867 1866
f 1868 1869 1867
f 1869 1866 1867
f 1869 1868 1870
f 1853 1852 1868
f 1852 1870 1868
f 1851 1853 1871
f 1853 1872 1871
f 1873 1871 1872
f 1873 1874 1875
f 1876 1877 1874
f 1877 1878 1874
f 1874 1878 1875
f 1877 1876 1879
f 1876 1880 1879
f 1879 1880 1881
f 1882 1881 1880
f 1883 1882 1884
f 1884 1885 1886
f 1886 1885 1887
f 1888 1889 1885
f 1889 1887 1885
f 1889 1888 1890
f 1890 1891 1892
f 1893 1894 1895
f 1893 1892 1891
f 1896 1895 1894
f 1896 1894 1897
f 1894 1898 1897
f 1897 1898 1899
f 1900 1901 1902
f 1902 1903 1900
f 1903 1904 1900
f 1900 1904 1898
f 1904 1899 1898
f 1905 1902 1901
f 1905 1901 1906
f 1901 1907 1906
f 1906 1907 1908
f 1907 1909 1908
f 1908 1909 1910
f 1911 1910 1909
f 1912 1913 1914
f 1912 1914 1915
f 1914 1916 1915
f 1915 1916 1909
f 1916 1917 1909
f 1909 1917 1911
f 1913 1912 1918
f 1919 1920 1921
f 1920 1922 1921
f 1921 1922 1912
f 1922 1923 1912
f 1912 1923 1918
f 1921 1924 1919
f 1919 1924 1925
f 1926 1927 1924
f 1927 1925 1924
f 1928 1929 1930
f 1930 1929 1926
f 1929 1931 1926
f 1926 1931 1927
f 1932 1933 1934
f 1932 1928 1930
f 1935 1936 1933
f 1936 1934 1933
f 1936 1935 1937
f 1937 1938 1939
f 1940 1941 1942
f 1942 1941 1938
f 1941 1939 1938
f 1940 1942 1943
f 1942 1944 1943
f 1943 1944 1945
f 1946 1947 1948
f 1948 1947 1944
f 1947 1945 1944
f 1946 1948 1949
f 1948 1950 1949
f 1949 1950 1951
f 1952 1953 1954
f 1952 1954 1950
f 1954 1951 1950
f 1953 1952 1955
f 1952 1956 1955
f 1957 1955 1956
f 1957 1958 1959
f 1960 1961 1958
f 1961 1959 1958
f 1961 1960 1962
f 1850 1849 1960
f 1849 1962 1960
f 1848 1850 1963
f 1850 1964 1963
f 1965 1966 1964
f 1966 1963 1964
f 1967 1968 1965
f 1968 1969 1965
f 1965 1969 1966
f 1970 1971 1972
f 1972 1971 1967
f 1971 1973 1967
f 1967 1973 1968
f 1974 1975 1970
f 1975 1976 1970
f 1970 1976 1971
f 1855 1977 1856
f 1856 1977 1978
f 1977 1979 1978
f 1978 1979 1974
f 1979 1980 1974
f 1974 1980 1975
f 1981 1982 1983
f 1982 1984 1983
f 1985 1986 1987
f 1987 1986 1984
f 1986 1988 1984
f 1984 1988 1983
f 1985 1987 1989
f 1987 1990 1989
f 1989 1990 1991
f 1992 1993 1994
f 1993 1995 1994
f 1994 1995 1990
f 1995 1991 1990
f 1994 1996 1992
f 1992 1996 1997
f 1997 1996 1998
f 1996 1999 1998
f 1998 1999 2000
f 1999 2001 2000
f 2000 2001 2002
f 2003 2004 2001
f 2004 2002 2001
f 2005 2006 2003
f 2006 2004 2003
f 2007 2006 2005
f 2007 2005 2008
f 2005 2009 2008
f 2008 2009 2010
f 2011 2012 2009
f 2012 2010 2009
f 2013 2014 2011
f 2014 2012 2011
f 2015 2016 2013
f 2016 2014 2013
f 2017 2018 2015
f 2019 2020 2021
f 2021 2020 2022
f 2022 2020 2017
f 2020 2018 2017
f 2019 2021 2023
f 1847 1846 2021
f 1846 2023 2021
f 2024 2025 1847
f 2025 1845 1847
f 2026 2027 2024
f 2027 2028 2024
f 2024 2028 2025
f 1843 2029 1844
f 1844 2029 2026
f 2029 2027 2026
f 1842 1844 2030
f 1844 2031 2030
f 2030 2031 2032
f 2031 2033 2032
f 2032 2033 2034
f 2034 2033 2035
f 2035 2033 2036
f 2036 2033 2037
f 2033 2038 2037
f 2038 2039 2040
f 2040 2039 2041
f 2041 2039 2042
f 2039 2043 2042
f 2042 2043 2044
f 2044 2043 2045
f 2045 2043 2046
f 2043 2047 2046
f 2046 2047 2048
f 2047 2049 2048
f 2048 2049 2050
f 2051 2052 2049
f 2052 2050 2049
f 2053 2054 2051
f 2054 2052 2051
f 2055 2056 2053
f 2057 2056 2055
f 2055 1840 2057
f 2057 1840 2058
f 1839 2058 1840
f 2059 1839 1841
f 1841 2060 2059
f 2059 2060 2061
f 2062 2063 2060
f 2063 2061 2060
f 2062 2064 2065
f 2065 2066 2062
f 2062 2066 2063
f 2067 2068 2064
f 2068 2069 2064
f 2064 2069 2065
f 2070 2071 2067
f 2071 2072 2067
f 2067 2072 2068
f 2071 2070 2073
f 2070 2074 2073
f 2073 2074 2075
f 2076 2077 2074
f 2077 2075 2074
f 2076 2078 2079
f 2079 2080 2076
f 2076 2080 2077
f 2081 2082 2078
f 2082 2083 2078
f 2078 2083 2079
f 2081 2084 2085
f 2086 2087 2088
f 2088 2087 2084
f 2087 2085 2084
f 2086 2088 2089
f 2088 2090 2089
f 2089 2090 2091
f 2092 2093 2094
f 2092 2094 2090
f 2094 2091 2090
f 1981 2095 1982
f 2095 2096 1982
f 1982 2096 2092
f 2096 2093 2092
f 187 186 188
f 124 2097 125
f 2097 2098 125
f 125 2098 126
f 2098 2099 126
f 126 2099 127
f 130 127 2099
f 2100 131 130
f 132 131 2100
f 2101 133 132
f 133 2101 128
f 2101 129 128
f 129 2102 134
f 2102 135 134
f 135 2103 136
f 2103 138 136
f 138 2104 139
f 140 139 2104
f 2105 141 140
f 144 141 2105
f 2106 145 144
f 145 2106 142
f 2106 2107 142
f 142 2107 143
f 177 230 2108
f 2109 260 259
f 260 2110 262
f 262 2110 263
f 266 263 2110
f 264 269 268
f 265 2111 270
f 2111 271 270
f 271 2112 272
f 2112 274 272
f 274 2113 275
f 276 275 2113
f 2114 277 276
f 280 277 2114
f 278 2115 279
f 312 2116 2117
f 322 2118 323
f 323 2118 325
f 327 326 2118
f 326 325 2118
f 333 2119 340
f 2120 2121 1982
f 1982 2121 1984
f 2121 2122 1984
f 1984 2122 1987
f 2122 2123 1987
f 1987 2123 1990
f 2123 2124 1990
f 1990 2124 1994
f 2124 2125 1994
f 1994 2125 1996
f 2125 2126 1996
f 1996 2126 1999
f 2126 2127 1999
f 1999 2127 2001
f 2127 2128 2001
f 2001 2128 2003
f 2128 2129 2003
f 2003 2129 2005
f 2129 2130 2005
f 2005 2130 2009
f 2130 2011 2009
f 2011 2131 2013
f 2131 2132 2013
f 2013 2132 2015
f 2132 2133 2015
f 2015 2133 2017
f 2133 2134 2017
f 2017 2134 2022
f 2134 2135 2022
f 2022 2135 2021
f 2135 2136 2021
f 2021 2136 1847
f 2136 2137 1847
f 2137 2138 1847
f 1847 2138 2024
f 2138 2026 2024
f 2026 2139 1844
f 2139 2140 1844
f 1844 2140 2031
f 2140 2141 2031
f 2031 2141 2033
f 2141 2142 2033
f 2033 2142 2038
f 2142 2143 2038
f 2038 2143 2039
f 2143 2144 2039
f 2039 2144 2043
f 2144 2145 2043
f 2145 2047 2043
f 2047 2146 2049
f 2049 2146 2051
f 2146 2147 2051
f 2051 2147 2053
f 2053 2147 2055
f 2147 2148 2055
f 2055 2148 1840
f 2148 2149 1840
f 1840 2149 1841
f 2149 2150 1841
f 1841 2150 2060
f 2150 2151 2060
f 2060 2151 2062
f 2151 2152 2062
f 2062 2152 2064
f 2064 2152 2067
f 2152 2153 2067
f 2067 2153 2070
f 2153 2154 2070
f 2070 2154 2074
f 2154 2155 2074
f 2074 2155 2076
f 2155 2156 2076
f 2076 2156 2078
f 2156 2157 2078
f 2078 2157 2081
f 2157 2158 2081
f 2081 2158 2084
f 2084 2158 2088
f 2158 2159 2088
f 2159 2160 2088
f 2088 2160 2090
f 2160 2161 2090
f 2090 2161 2092
f 2161 2120 2092
f 2092 2120 1982
f 2120 2162 2121
f 2162 2163 2121
f 2121 2163 2122
f 2163 2164 2122
f 2122 2164 2123
f 2164 2165 2123
f 2123 2165 2124
f 2165 2166 2124
f 2124 2166 2125
f 2166 2167 2125
f 2125 2167 2126
f 2167 2168 2126
f 2126 2168 2127
f 2168 2169 2127
f 2127 2169 2128
f 2169 2170 2128
f 2128 2170 2129
f 2170 2171 2129
f 2129 2171 2130
f 2171 2172 2130
f 2130 2172 2011
f 2172 2131 2011
f 2132 2173 2133
f 2133 2173 2134
f 2173 2174 2134
f 2134 2174 2135
f 2174 2175 2135
f 2135 2175 2136
f 2175 2176 2136
f 2136 2176 2137
f 2176 2177 2137
f 2137 2177 2138
f 2177 2178 2138
f 2138 2178 2026
f 2178 2139 2026
f 2139 2179 2140
f 2179 2180 2140
f 2140 2180 2141
f 2180 2181 2141
f 2141 2181 2142
f 2181 2182 2142
f 2142 2182 2143
f 2182 2183 2143
f 2143 2183 2144
f 2183 2184 2144
f 2144 2184 2145
f 2145 2185 2047
f 2047 2185 2146
f 2185 2186 2146
f 2146 2186 2147
f 2186 2187 2147
f 2147 2187 2148
f 2187 2188 2148
f 2148 2188 2149
f 2188 2189 2149
f 2149 2189 2150
f 2189 2190 2150
f 2150 2190 2151
f 2190 2191 2151
f 2151 2191 2152
f 2191 2192 2152
f 2152 2192 2153
f 2192 2193 2153
f 2153 2193 2154
f 2193 2194 2154
f 2154 2194 2155
f 2194 2195 2155
f 2155 2195 2156
f 2195 2196 2156
f 2156 2196 2157
f 2196 2197 2157
f 2157 2197 2158
f 2197 2198 2158
f 2158 2198 2159
f 2198 2199 2159
f 2159 2199 2160
f 2199 2200 2160
f 2160 2200 2161
f 2200 2201 2161
f 2161 2201 2120
f 2201 2162 2120
f 2201 2202 2162
f 2202 2203 2162
f 2162 2203 2163
f 2203 2204 2163
f 2163 2204 2164
f 2204 2205 2164
f 2164 2205 2165
f 2205 2206 2165
f 2165 2206 2166
f 2206 2207 2166
f 2166 2207 2167
f 2207 2208 2167
f 2167 2208 2168
f 2208 2209 2168
f 2168 2209 2169
f 2209 2210 2169
f 2169 2210 2170
f 2210 2211 2170
f 2170 2211 2171
f 2211 2212 2171
f 2171 2212 2172
f 2212 2213 2172
f 2172 2213 2131
f 2131 2214 2132
f 2214 2215 2132
f 2132 2215 2173
f 2215 2216 2173
f 2173 2216 2174
f 2216 2217 2174
f 2174 2217 2175
f 2217 2218 2175
f 2175 2218 2176
f 2218 2219 2176
f 2176 2219 2177
f 2219 2220 2177
f 2177 2220 2178
f 2220 2221 2178
f 2178 2221 2139
f 2221 2179 2139
f 2179 2222 2180
f 2222 2223 2180
f 2180 2223 2181
f 2223 2224 2181
f 2181 2224 2182
f 2224 2225 2182
f 2182 2225 2183
f 2225 2226 2183
f 2183 2226 2184
f 2226 2227 2184
f 2184 2227 2145
f 2227 2228 2145
f 2145 2228 2185
f 2228 2229 2185
f 2185 2229 2186
f 2229 2230 2186
f 2186 2230 2187
f 2230 2231 2187
f 2187 2231 2188
f 2231 2232 2188
f 2188 2232 2189
f 2232 2233 2189
f 2189 2233 2190
f 2233 2234 2190
f 2190 2234 2191
f 2234 2235 2191
f 2191 2235 2192
f 2235 2236 2192
f 2192 2236 2193
f 2236 2237 2193
f 2193 2237 2194
f 2237 2238 2194
f 2194 2238 2195
f 2238 2239 2195
f 2239 2240 2195
f 2195 2240 2196
f 2240 2241 2196
f 2196 2241 2197
f 2241 2242 2197
f 2197 2242 2198
f 2242 2243 2198
f 2198 2243 2199
f 2243 2244 2199
f 2199 2244 2200
f 2244 2245 2200
f 2200 2245 2201
f 2245 2202 2201
f 2245 2246 2202
f 2246 2247 2202
f 2202 2247 2203
f 2247 2248 2203
f 2203 2248 2204
f 2248 2249 2204
f 2204 2249 2205
f 2249 2250 2205
f 2205 2250 2206
f 2250 2251 2206
f 2206 2251 2207
f 2251 2252 2207
f 2207 2252 2208
f 2252 2253 2208
f 2208 2253 2209
f 2253 2254 2209
f 2209 2254 2210
f 2213 2214 2131
f 2214 2255 2215
f 2255 2256 2215
f 2215 2256 2216
f 2256 2257 2216
f 2216 2257 2217
f 2257 2258 2217
f 2217 2258 2218
f 2258 2259 2218
f 2218 2259 2219
f 2259 2260 2219
f 2219 2260 2220
f 2260 2261 2220
f 2220 2261 2221
f 2261 2262 2221
f 2221 2262 2179
f 2262 2222 2179
f 2222 2263 2223
f 2263 2264 2223
f 2223 2264 2224
f 2264 2265 2224
f 2224 2265 2225
f 2265 2266 2225
f 2225 2266 2226
f 2266 2267 2226
f 2226 2267 2227
f 2267 2268 2227
f 2227 2268 2228
f 2268 2269 2228
f 2228 2269 2229
f 2269 2270 2229
f 2229 2270 2230
f 2270 2271 2230
f 2230 2271 2231
f 2271 2272 2231
f 2231 2272 2232
f 2272 2273 2232
f 2232 2273 2233
f 2273 2274 2233
f 2233 2274 2234
f 2274 2275 2234
f 2234 2275 2235
f 2275 2276 2235
f 2235 2276 2236
f 2276 2277 2236
f 2236 2277 2237
f 2277 2278 2237
f 2237 2278 2238
f 2278 2279 2238
f 2238 2279 2239
f 2239 2280 2240
f 2240 2280 2241
f 2280 2281 2241
f 2241 2281 2242
f 2281 2282 2242
f 2242 2282 2243
f 2282 2283 2243
f 2243 2283 2244
f 2244 2246 2245
f 2246 2284 2247
f 2247 2285 2248
f 2248 2285 2249
f 2285 2286 2249
f 2249 2286 2250
f 2286 2287 2250
f 2250 2287 2251
f 2287 2288 2251
f 2251 2288 2252
f 2288 2289 2252
f 2252 2289 2253
f 2289 2290 2253
f 2253 2290 2254
f 2290 2291 2254
f 2254 2291 2210
f 2291 2292 2210
f 2210 2292 2211
f 2292 2293 2211
f 2211 2293 2212
f 2293 2294 2212
f 2212 2294 2213
f 2294 2295 2213
f 2213 2295 2214
f 2295 2255 2214
f 2255 2296 2256
f 2296 2297 2256
f 2256 2297 2257
f 2297 2298 2257
f 2257 2298 2258
f 2298 2299 2258
f 2258 2299 2259
f 2259 2300 2260
f 2260 2300 2261
f 2300 2301 2261
f 2261 2301 2262
f 2301 2302 2262
f 2262 2302 2222
f 2302 2263 2222
f 2263 2303 2264
f 2303 2304 2264
f 2264 2304 2265
f 2265 2305 2266
f 2266 2305 2267
f 2305 2306 2267
f 2267 2306 2268
f 2306 2307 2268
f 2268 2307 2269
f 2307 2308 2269
f 2269 2308 2270
f 2308 2309 2270
f 2270 2309 2271
f 2309 2310 2271
f 2271 2310 2272
f 2310 2311 2272
f 2272 2311 2273
f 2311 2312 2273
f 2273 2312 2274
f 2312 2313 2274
f 2274 2313 2275
f 2313 2314 2275
f 2275 2314 2276
f 2314 2315 2276
f 2276 2315 2277
f 2315 2316 2277
f 2277 2316 2278
f 2316 2317 2278
f 2278 2317 2279
f 2317 2318 2279
f 2279 2318 2239
f 2318 2280 2239
f 2282 2319 2283
f 2283 2320 2244
f 2244 2320 2246
f 2320 2284 2246
f 2320 321 2284
f 321 320 2284
f 320 319 2284
f 2284 319 2247
f 319 318 2247
f 2247 318 2285
f 318 317 2285
f 317 316 2285
f 2285 316 2286
f 316 315 2286
f 2286 315 2287
f 315 313 2287
f 313 312 2287
f 2287 312 2288
f 312 2117 2288
f 2288 2117 2289
f 2117 2321 2289
f 2289 2321 2290
f 2321 2322 2290
f 2290 2322 2291
f 2322 2323 2291
f 2291 2323 2292
f 2323 2324 2292
f 2292 2324 2293
f 2324 2325 2293
f 2293 2325 2294
f 2325 2326 2294
f 2326 2327 2294
f 2294 2327 2295
f 2327 2328 2295
f 2295 2328 2255
f 2328 2296 2255
f 2296 2329 2297
f 2329 2298 2297
f 2298 198 2299
f 198 197 2299
f 197 196 2299
f 2299 196 2259
f 196 195 2259
f 2259 195 2300
f 195 194 2300
f 194 193 2300
f 2300 193 2301
f 193 192 2301
f 2301 192 2302
f 192 191 2302
f 191 189 2302
f 2302 189 2263
f 189 188 2263
f 2263 188 2303
f 188 186 2303
f 2303 186 2304
f 186 185 2304
f 185 184 2304
f 2304 184 2265
f 184 183 2265
f 2265 183 2305
f 183 182 2305
f 182 181 2305
f 2305 181 2306
f 181 180 2306
f 2306 180 2307
f 180 178 2307
f 178 177 2307
f 2307 177 2308
f 177 2108 2308
f 2308 2108 2309
f 2108 2330 2309
f 2309 2330 2310
f 2330 2331 2310
f 2310 2331 2311
f 2331 2332 2311
f 2311 2332 2312
f 2332 2333 2312
f 2333 2334 2312
f 2312 2334 2313
f 2334 2335 2313
f 2313 2335 2314
f 2335 2336 2314
f 2336 2337 2314
f 2314 2337 2315
f 2337 2338 2315
f 2315 2338 2316
f 2338 2339 2316
f 2316 2339 2317
f 2339 2119 2317
f 2119 333 2317
f 2317 333 2318
f 333 332 2318
f 2318 332 2280
f 332 331 2280
f 2280 331 2281
f 331 330 2281
f 2281 330 2282
f 330 329 2282
f 329 328 2282
f 2282 328 2319
f 328 327 2319
f 2319 327 2283
f 327 2118 2283
f 2283 2118 2320
f 2118 322 2320
f 322 321 2320
f 2108 2340 2330
f 2340 2341 2330
f 2330 2341 2331
f 2331 2342 2332
f 2342 2333 2332
f 2333 2343 2334
f 2343 2344 2334
f 2334 2344 2335
f 2344 2345 2335
f 2345 2336 2335
f 2337 2346 2338
f 2338 2346 2339
f 2346 2347 2339
f 2347 2119 2339
f 2117 2348 2321
f 2348 2322 2321
f 2322 2349 2323
f 2349 2350 2323
f 2350 2324 2323
f 2324 2351 2325
f 2351 2326 2325
f 2326 2352 2327
f 2352 2353 2327
f 2327 2353 2328
f 2353 2354 2328
f 2328 2354 2296
f 2354 2329 2296
f 2329 2355 2298
f 2355 2356 2298
f 2356 198 2298
f 230 229 2108
f 229 2340 2108
f 2341 2357 2331
f 2357 2342 2331
f 2342 2343 2333
f 2343 2358 2344
f 2358 2345 2344
f 2336 2359 2337
f 2359 2360 2337
f 2337 2360 2346
f 2360 2347 2346
f 2347 345 2119
f 345 340 2119
f 2116 2361 2117
f 2361 2362 2117
f 2117 2362 2348
f 2348 2363 2322
f 2322 2363 2349
f 2363 2350 2349
f 2350 2364 2324
f 2324 2364 2351
f 2364 2365 2351
f 2365 2366 2351
f 2351 2366 2326
f 2366 2352 2326
f 2352 2367 2353
f 2367 2368 2353
f 2353 2368 2354
f 2368 2369 2354
f 2354 2369 2329
f 2369 2355 2329
f 2355 2370 2356
f 228 2371 229
f 229 2371 2340
f 2371 2372 2340
f 2340 2372 2341
f 2372 2373 2341
f 2373 2357 2341
f 2357 2374 2342
f 2374 2375 2342
f 2342 2375 2343
f 2375 2358 2343
f 2358 2376 2345
f 2376 2377 2345
f 2345 2377 2336
f 2377 2359 2336
f 2360 2378 2347
f 2378 2379 2347
f 2347 2379 345
f 2379 347 345
f 2380 2362 2361
f 2362 2381 2348
f 2381 2382 2348
f 2348 2382 2363
f 2382 2383 2363
f 2363 2383 2350
f 2383 2384 2350
f 2350 2384 2364
f 2384 2385 2364
f 2385 2365 2364
f 2365 2386 2366
f 2386 2387 2366
f 2366 2387 2352
f 2352 2387 2367
f 2368 2388 2369
f 2388 2389 2369
f 2369 2389 2355
f 2355 2389 2370
f 2389 2390 2370
f 228 234 2371
f 2373 2374 2357
f 2374 2391 2375
f 2391 2392 2375
f 2375 2392 2358
f 2392 2376 2358
f 2376 2393 2377
f 2393 2394 2377
f 2377 2394 2359
f 2394 2395 2359
f 2395 2396 2359
f 2359 2396 2360
f 2396 2378 2360
f 2378 341 2379
f 341 347 2379
f 2397 2398 2380
f 2380 2398 2362
f 2398 2381 2362
f 2381 2399 2382
f 2399 2400 2382
f 2382 2400 2383
f 2400 2401 2383
f 2383 2401 2384
f 2401 2385 2384
f 2385 2402 2365
f 2365 2402 2386
f 2402 2403 2386
f 2386 2403 2387
f 2403 2404 2387
f 2387 2404 2367
f 2404 2405 2367
f 2367 2405 2368
f 2405 2388 2368
f 2388 2406 2389
f 2406 2407 2389
f 2407 2390 2389
f 146 2408 234
f 2408 2409 234
f 234 2409 2371
f 2371 2409 2372
f 2409 2410 2372
f 2372 2410 2373
f 2410 2411 2373
f 2373 2411 2374
f 2374 2411 2391
f 2411 2412 2391
f 2391 2412 2392
f 2412 2413 2392
f 2392 2413 2376
f 2376 2413 2393
f 2413 2414 2393
f 2393 2414 2394
f 2414 2395 2394
f 2395 2415 2396
f 2396 2415 2378
f 2415 2416 2378
f 2378 2416 341
f 2416 259 341
f 282 2417 2397
f 2397 2417 2398
f 2398 2417 2381
f 2417 2399 2381
f 2399 2418 2400
f 2418 2419 2400
f 2400 2419 2401
f 2419 2420 2401
f 2401 2420 2385
f 2420 2421 2385
f 2385 2421 2402
f 2421 2422 2402
f 2402 2422 2403
f 2422 2423 2403
f 2403 2423 2404
f 2423 2424 2404
f 2404 2424 2405
f 2424 2425 2405
f 2405 2425 2388
f 2425 2406 2388
f 2406 124 2407
f 143 2107 146
f 2107 2408 146
f 2409 2426 2410
f 2426 2427 2410
f 2410 2427 2411
f 2427 2428 2411
f 2411 2428 2412
f 2428 2429 2412
f 2412 2429 2413
f 2429 2430 2413
f 2413 2430 2414
f 2430 2431 2414
f 2414 2431 2395
f 2431 2432 2395
f 2395 2432 2415
f 2432 2433 2415
f 2433 2109 2415
f 2415 2109 2416
f 2109 259 2416
f 279 2115 282
f 2115 2434 282
f 2434 2435 282
f 282 2435 2417
f 2435 2436 2417
f 2417 2436 2399
f 2436 2418 2399
f 2418 2437 2419
f 2437 2438 2419
f 2419 2438 2420
f 2438 2439 2420
f 2420 2439 2421
f 2439 2440 2421
f 2421 2440 2422
f 2440 2441 2422
f 2422 2441 2423
f 2441 2442 2423
f 2423 2442 2424
f 2442 2443 2424
f 2424 2443 2425
f 2443 2444 2425
f 2425 2444 2406
f 2444 2097 2406
f 2406 2097 124
f 2112 2445 274
f 2445 2113 274
f 2113 2114 276
f 2114 2446 280
f 2446 2447 280
f 280 2447 281
f 2447 2448 281
f 281 2448 278
f 278 2448 2115
f 2448 2434 2115
f 2434 2449 2435
f 2449 2450 2435
f 2435 2450 2436
f 2450 2451 2436
f 2436 2451 2418
f 2451 2437 2418
f 2437 2452 2438
f 2452 2453 2438
f 2438 2453 2439
f 2453 2454 2439
f 2439 2454 2440
f 2454 2455 2440
f 2440 2455 2441
f 2455 2456 2441
f 2441 2456 2442
f 2456 2457 2442
f 2442 2457 2443
f 2457 2458 2443
f 2443 2458 2444
f 2444 2459 2097
f 2097 2459 2098
f 2459 2099 2098
f 2099 2460 130
f 2460 2100 130
f 2100 2461 132
f 132 2461 2101
f 2461 2102 2101
f 2101 2102 129
f 2102 2462 135
f 2462 2103 135
f 2103 2104 138
f 2104 2463 140
f 140 2463 2105
f 2463 2464 2105
f 2105 2464 144
f 144 2464 2106
f 2464 2465 2106
f 2106 2465 2107
f 2465 2466 2107
f 2107 2466 2408
f 2466 2467 2408
f 2408 2467 2409
f 2467 2468 2409
f 2409 2468 2426
f 2468 2469 2426
f 2426 2469 2427
f 2469 2470 2427
f 2427 2470 2428
f 2470 2471 2428
f 2428 2471 2429
f 2471 2472 2429
f 2429 2472 2430
f 2472 2473 2430
f 2430 2473 2431
f 2473 2474 2431
f 2431 2474 2432
f 2474 2433 2432
f 2433 2475 2109
f 2475 2476 2109
f 2109 2476 260
f 260 2476 2110
f 2476 2477 2110
f 2110 2477 266
f 266 2477 267
f 2477 2478 267
f 267 2478 268
f 2478 2479 268
f 268 2479 264
f 264 2479 265
f 2479 2111 265
f 2111 2112 271
f 2112 2480 2445
f 2445 2481 2113
f 2113 2481 2114
f 2481 2446 2114
f 2446 2482 2447
f 2482 2483 2447
f 2447 2483 2448
f 2483 2484 2448
f 2448 2484 2434
f 2484 2485 2434
f 2434 2485 2449
f 2449 2486 2450
f 2450 2486 2451
f 2486 2487 2451
f 2451 2487 2437
f 2487 2452 2437
f 2452 2488 2453
f 2488 2489 2453
f 2453 2489 2454
f 2489 2490 2454
f 2454 2490 2455
f 2490 2491 2455
f 2455 2491 2456
f 2491 2492 2456
f 2456 2492 2457
f 2492 2493 2457
f 2457 2493 2458
f 2493 2494 2458
f 2458 2494 2444
f 2494 2495 2444
f 2444 2495 2459
f 2495 2496 2459
f 2459 2496 2099
f 2496 2460 2099
f 2460 2497 2100
f 2100 2497 2461
f 2461 2498 2102
f 2102 2498 2462
f 2462 2499 2103
f 2103 2499 2104
f 2499 2500 2104
f 2104 2500 2463
f 2500 2501 2463
f 2463 2501 2464
f 2501 2502 2464
f 2464 2502 2465
f 2502 2503 2465
f 2465 2503 2466
f 2503 2504 2466
f 2466 2504 2467
f 2504 2505 2467
f 2467 2505 2468
f 2505 2506 2468
f 2468 2506 2469
f 2506 2507 2469
f 2469 2507 2470
f 2507 2508 2470
f 2470 2508 2471
f 2508 2509 2471
f 2471 2509 2472
f 2509 2510 2472
f 2472 2510 2473
f 2510 2511 2473
f 2473 2511 2474
f 2511 2512 2474
f 2474 2512 2433
f 2512 2513 2433
f 2433 2513 2475
f 2513 2514 2475
f 2475 2514 2476
f 2514 2515 2476
f 2476 2515 2477
f 2515 2516 2477
f 2477 2516 2478
f 2516 2517 2478
f 2478 2517 2479
f 2517 2518 2479
f 2479 2518 2111
f 2518 2519 2111
f 2111 2519 2112
f 2519 2480 2112
f 2519 2520 2480
f 2520 2521 2480
f 2480 2521 2445
f 2521 2522 2445
f 2445 2522 2481
f 2522 2523 2481
f 2481 2523 2446
f 2523 2482 2446
f 2482 2524 2483
f 2524 2525 2483
f 2483 2525 2484
f 2525 2526 2484
f 2484 2526 2485
f 2526 2527 2485
f 2485 2527 2449
f 2449 2527 2486
f 2527 2528 2486
f 2486 2528 2487
f 2528 2529 2487
f 2487 2529 2452
f 2529 2488 2452
f 2488 2530 2489
f 2530 2531 2489
f 2489 2531 2490
f 2531 2532 2490
f 2490 2532 2491
f 2532 2533 2491
f 2491 2533 2492
f 2533 2534 2492
f 2492 2534 2493
f 2534 2535 2493
f 2493 2535 2494
f 2535 2536 2494
f 2494 2536 2495
f 2536 2537 2495
f 2495 2537 2496
f 2537 2538 2496
f 2496 2538 2460
f 2538 2539 2460
f 2460 2539 2497
f 2497 2540 2461
f 2461 2540 2498
f 2540 2541 2498
f 2498 2541 2462
f 2541 2542 2462
f 2462 2542 2499
f 2542 2543 2499
f 2499 2543 2500
f 2543 2544 2500
f 2500 2544 2501
f 2544 2545 2501
f 2501 2545 2502
f 2545 2546 2502
f 2502 2546 2503
f 2546 2547 2503
f 2503 2547 2504
f 2547 2548 2504
f 2504 2548 2505
f 2548 2549 2505
f 2505 2549 2506
f 2549 2550 2506
f 2506 2550 2507
f 2550 2551 2507
f 2507 2551 2508
f 2551 2552 2508
f 2508 2552 2509
f 2552 2553 2509
f 2509 2553 2510
f 2553 2554 2510
f 2510 2554 2511
f 2554 2555 2511
f 2511 2555 2512
f 2555 2556 2512
f 2512 2556 2513
f 2556 2557 2513
f 2513 2557 2514
f 2557 2558 2514
f 2514 2558 2515
f 2558 2559 2515
f 2515 2559 2516
f 2559 2560 2516
f 2516 2560 2517
f 2560 2561 2517
f 2517 2561 2518
f 2561 2562 2518
f 2518 2562 2519
f 2562 2520 2519
f 2562 2563 2520
f 2563 2564 2520
f 2520 2564 2521
f 2564 2565 2521
f 2521 2565 2522
f 2565 2566 2522
f 2522 2566 2523
f 2566 2567 2523
f 2523 2567 2482
f 2567 2524 2482
f 2524 2568 2525
f 2525 2568 2526
f 2568 1891 2526
f 2526 1891 2527
f 1891 2569 2527
f 2527 2569 2528
f 2569 2570 2528
f 2528 2570 2529
f 2570 2571 2529
f 2529 2571 2488
f 2571 2530 2488
f 2530 1876 2531
f 2531 1876 2532
f 1876 2572 2532
f 2532 2572 2533
f 2572 2573 2533
f 2533 2573 2534
f 2573 2574 2534
f 2534 2574 2535
f 2574 2575 2535
f 2535 2575 2536
f 2575 2576 2536
f 2536 2576 2537
f 2576 2577 2537
f 2537 2577 2538
f 2577 2578 2538
f 2538 2578 2539
f 2539 2579 2497
f 2497 2579 2540
f 2579 2580 2540
f 2540 2580 2541
f 2580 2581 2541
f 2541 2581 2542
f 2581 1970 2542
f 2542 1970 2543
f 1970 2582 2543
f 2543 2582 2544
f 2582 2583 2544
f 2544 2583 2545
f 2583 2584 2545
f 2545 2584 2546
f 2584 2585 2546
f 2546 2585 2547
f 2585 2586 2547
f 2547 2586 2548
f 2586 2587 2548
f 2548 2587 2549
f 2587 2588 2549
f 2549 2588 2550
f 2588 2589 2550
f 2550 2589 2551
f 2589 2590 2551
f 2551 2590 2552
f 2590 2591 2552
f 2552 2591 2553
f 2591 2592 2553
f 2553 2592 2554
f 2592 2593 2554
f 2554 2593 2555
f 2593 2594 2555
f 2555 2594 2556
f 2594 2595 2556
f 2556 2595 2557
f 2595 2596 2557
f 2557 2596 2558
f 2596 2597 2558
f 2558 2597 2559
f 2597 2598 2559
f 2559 2598 2560
f 2598 2599 2560
f 2560 2599 2561
f 2599 2600 2561
f 2561 2600 2562
f 2600 2563 2562
f 2563 1909 2564
f 1909 1907 2564
f 2564 1907 2565
f 1907 1901 2565
f 2565 1901 2566
f 1901 1900 2566
f 2566 1900 2567
f 1900 1898 2567
f 2567 1898 2524
f 1898 1894 2524
f 2524 1894 2568
f 1894 1893 2568
f 2568 1893 1891
f 1891 1890 2569
f 1890 1888 2569
f 1888 1885 2569
f 2569 1885 2570
f 1885 1884 2570
f 2570 1884 2571
f 1884 1882 2571
f 1882 1880 2571
f 2571 1880 2530
f 1880 1876 2530
f 1876 1874 2572
f 1874 1873 2572
f 1873 1872 2572
f 2572 1872 2573
f 1872 1853 2573
f 2573 1853 2574
f 1853 1868 2574
f 2574 1868 2575
f 1868 1867 2575
f 2575 1867 2576
f 1867 1864 2576
f 2576 1864 2577
f 1864 1863 2577
f 2577 1863 2578
f 1863 1859 2578
f 2578 1859 2539
f 1859 1857 2539
f 2539 1857 2579
f 1857 1856 2579
f 2579 1856 2580
f 1856 1978 2580
f 2580 1978 2581
f 1978 1974 2581
f 1974 1970 2581
f 1970 1972 2582
f 1972 1967 2582
f 2582 1967 2583
f 1967 1965 2583
f 2583 1965 2584
f 1965 1964 2584
f 1964 1850 2584
f 2584 1850 2585
f 1850 1960 2585
f 2585 1960 2586
f 1960 1958 2586
f 2586 1958 2587
f 1958 1957 2587
f 1957 1956 2587
f 2587 1956 2588
f 1956 1952 2588
f 2588 1952 2589
f 1952 1950 2589
f 2589 1950 2590
f 1950 1948 2590
f 2590 1948 2591
f 1948 1944 2591
f 2591 1944 2592
f 1944 1942 2592
f 1942 1938 2592
f 2592 1938 2593
f 1938 1937 2593
f 1937 1935 2593
f 2593 1935 2594
f 1935 1933 2594
f 1933 1932 2594
f 2594 1932 2595
f 1932 1930 2595
f 2595 1930 2596
f 1930 1926 2596
f 2596 1926 2597
f 1926 1924 2597
f 2597 1924 2598
f 1924 1921 2598
f 2598 1921 2599
f 1921 1912 2599
f 2599 1912 2600
f 1912 1915 2600
f 2600 1915 2563
f 1915 1909 2563
f 2601 2602 2603
f 2602 2604 2603
f 2603 2604 2605
f 2604 2606 2605
f 2605 2606 2607
f 2606 2608 2607
f 2607 2608 2609
f 2608 2610 2609
f 2609 2610 2611
f 2610 2612 2611
f 2611 2612 2613
f 2612 2614 2613
f 2613 2614 2615
f 2614 2616 2615
f 2615 2616 2617
f 2616 2618 2617
f 2617 2618 2619
f 2618 2620 2619
f 2619 2620 2621
f 2620 2622 2621
f 2621 2622 2623
f 2622 2624 2623
f 2623 2624 2625
f 2624 2626 2625
f 2625 2626 2627
f 2626 2628 2627
f 2627 2628 2629
f 2628 2630 2629
f 2629 2630 2631
f 2630 2632 2631
f 2631 2632 2633
f 2632 2634 2633
f 2633 2634 2635
f 2634 2636 2635
f 2635 2636 2637
f 2636 2638 2637
f 2637 2638 2639
f 2638 2640 2639
f 2639 2640 2641
f 2640 2642 2641
f 2641 2642 2643
f 2642 2644 2643
f 2643 2644 2645
f 2644 2646 2645
f 2645 2646 2647
f 2646 2648 2647
f 2647 2648 2649
f 2648 2650 2649
f 2649 2650 2651
f 2650 2652 2651
f 2651 2652 2653
f 2652 2654 2653
f 2653 2654 2655
f 2654 2656 2655
f 2655 2656 2657
f 2656 2658 2657
f 2657 2658 2659
f 2658 2660 2659
f 2659 2660 2661
f 2660 2662 2661
f 2661 2662 2663
f 2662 2664 2663
f 2663 2664 2665
f 2664 2666 2665
f 2665 2666 2667
f 2666 2668 2667
f 2667 2668 2669
f 2668 2670 2669
f 2669 2670 2671
f 2670 2672 2671
f 2671 2672 2673
f 2672 2674 2673
f 2673 2674 2675
f 2674 2676 2675
f 2675 2676 2677
f 2676 2678 2677
f 2677 2678 2679
f 2678 2680 2679
f 2679 2680 2681
f 2680 2682 2681
f 2681 2682 2683
f 2682 2684 2683
f 2683 2684 2685
f 2684 2686 2685
f 2685 2686 2687
f 2686 2688 2687
f 2687 2688 2689
f 2688 2690 2689
f 2689 2690 2691
f 2690 2692 2691
f 2691 2692 2693
f 2692 2694 2693
f 2693 2694 2695
f 2694 2696 2695
f 2695 2696 2697
f 2696 2698 2697
f 2697 2698 2699
f 2698 2700 2699
f 2699 2700 2701
f 2700 2702 2701
f 2701 2702 2703
f 2702 2704 2703
f 2703 2704 2705
f 2704 2706 2705
f 2705 2706 2707
f 2706 2708 2707
f 2707 2708 2709
f 2708 2710 2709
f 2709 2710 2711
f 2710 2712 2711
f 2711 2712 2713
f 2712 2714 2713
f 2713 2714 2715
f 2714 2716 2715
f 2715 2716 2717
f 2716 2718 2717
f 2717 2718 2719
f 2718 2720 2719
f 2719 2720 2721
f 2720 2722 2721
f 2721 2722 2723
f 2722 2724 2723
f 2723 2724 2725
f 2724 2726 2725
f 2725 2726 2727
f 2726 2728 2727
f 2727 2728 2729
f 2728 2730 2729
f 2729 2730 2731
f 2730 2732 2731
f 2731 2732 2733
f 2732 2734 2733
f 2733 2734 2735
f 2734 2736 2735
f 2735 2736 2737
f 2736 2738 2737
f 2737 2738 2739
f 2738 2740 2739
f 2739 2740 2741
f 2740 2742 2741
f 2741 2742 2743
f 2742 2744 2743
f 2743 2744 2601
f 2744 2602 2601
f 2745 2746 2747
f 2748 2749 2750
f 2751 2752 2753
f 2752 2754 2753
f 2753 2754 2755
f 2756 2757 2758
f 2756 2758 2754
f 2758 2755 2754
f 2757 2756 2759
f 2756 2760 2759
f 2750 2749 2760
f 2749 2759 2760
f 2761 2762 2763
f 2763 2762 2750
f 2762 2748 2750
f 2764 2765 2766
f 2766 2767 2764
f 2767 2768 2764
f 2764 2768 2763
f 2768 2761 2763
f 2769 2770 2765
f 2770 2766 2765
f 2771 2772 2773
f 2774 2775 2776
f 2776 2775 2772
f 2775 2773 2772
f 2774 2776 2777
f 2778 2779 2780
f 2781 2782 2783
f 2783 2782 2779
f 2782 2784 2779
f 2784 2780 2779
f 2781 2783 2785
f 2783 2786 2785
f 2785 2786 2787
f 2788 2789 2790
f 2790 2789 2786
f 2789 2787 2786
f 2791 2788 2790
f 2792 2793 2791
f 2791 2793 2788
f 2794 2793 2792
f 2795 2796 2792
f 2796 2794 2792
f 2797 2796 2795
f 2797 2795 2798
f 2795 2799 2798
f 2798 2799 2800
f 2801 2802 2803
f 2803 2802 2804
f 2802 2805 2804
f 2804 2805 2799
f 2805 2800 2799
f 2801 2803 2806
f 2803 2807 2806
f 2806 2807 2808
f 2807 2809 2808
f 2808 2809 2810
f 2811 2812 2813
f 2813 2812 2809
f 2812 2810 2809
f 2811 2813 2814
f 2813 2815 2814
f 2814 2815 2816
f 2817 2818 2819
f 2819 2818 2820
f 2818 2821 2820
f 2820 2821 2815
f 2821 2816 2815
f 2817 2819 2822
f 2819 2823 2822
f 2824 2825 2826
f 2826 2825 2823
f 2825 2827 2823
f 2823 2827 2822
f 2828 2824 2826
f 2828 2829 2830
f 2830 2829 2831
f 2832 2833 2834
f 2833 2835 2834
f 2834 2835 2829
f 2835 2831 2829
f 2833 2832 2836
f 2832 2837 2836
f 2836 2837 2838
f 2837 2839 2838
f 2838 2839 2840
f 2841 2842 2843
f 2843 2842 2839
f 2842 2840 2839
f 2841 2843 2844
f 2843 2845 2844
f 2844 2845 2846
f 2847 2848 2849
f 2849 2848 2850
f 2850 2848 2845
f 2848 2846 2845
f 2847 2849 2851
f 2849 2852 2851
f 2851 2852 2853
f 2852 2854 2853
f 2854 2855 2856
f 2857 2858 2859
f 2857 2859 2855
f 2859 2856 2855
f 2858 2857 2860
f 2857 2861 2860
f 2862 2863 2861
f 2863 2860 2861
f 2863 2862 2864
f 2865 2866 2862
f 2866 2864 2862
f 2866 2865 2867
f 2865 2868 2867
f 2751 2869 2752
f 2752 2869 2868
f 2869 2870 2868
f 2868 2870 2867
f 2871 2872 2873
f 2872 2874 2873
f 2873 2874 2875
f 2876 2877 2878
f 2878 2875 2874
f 2877 2876 2879
f 2876 2880 2879
f 2879 2880 2881
f 2882 2883 2884
f 2884 2883 2880
f 2883 2881 2880
f 2882 2884 2885
f 2884 2886 2885
f 2885 2886 2887
f 2886 2888 2887
f 2889 2890 2891
f 2891 2890 2888
f 2890 2892 2888
f 2888 2892 2887
f 2891 2893 2889
f 2889 2893 2894
f 2746 2745 2893
f 2745 2894 2893
f 2895 2896 2747
f 2747 2896 2745
f 2747 2897 2895
f 2895 2897 2898
f 2897 2899 2898
f 2898 2899 2900
f 2900 2899 2901
f 2899 2902 2901
f 2901 2902 2903
f 2903 2902 2904
f 2902 2905 2904
f 2905 2906 2907
f 2907 2906 2908
f 2906 2909 2908
f 2908 2909 2910
f 2911 2912 2909
f 2912 2913 2909
f 2909 2913 2910
f 2912 2911 2914
f 2914 2915 2916
f 2916 2915 2917
f 2915 2918 2917
f 2917 2918 2919
f 2920 2921 2922
f 2922 2921 2918
f 2921 2919 2918
f 2923 2920 2922
f 2922 2924 2923
f 2923 2924 2925
f 2926 2927 2928
f 2928 2927 2924
f 2927 2925 2924
f 2926 2928 2929
f 2929 2930 2931
f 2931 2930 2932
f 2933 2934 2930
f 2934 2932 2930
f 2934 2933 2935
f 2933 2936 2935
f 2935 2936 2937
f 2936 2938 2937
f 2938 2939 2937
f 2940 2941 2942
f 2942 2941 2938
f 2941 2939 2938
f 2943 2940 2942
f 2944 2943 2945
f 2943 2942 2945
f 2944 2945 2946
f 2945 2947 2946
f 2946 2947 2948
f 2947 2949 2948
f 2948 2949 2950
f 2951 2952 2949
f 2952 2950 2949
f 2953 2954 2951
f 2951 2954 2952
f 2955 2956 2957
f 2956 2953 2957
f 2953 2951 2957
f 2958 2959 2955
f 2959 2960 2955
f 2955 2960 2956
f 2961 2962 2963
f 2963 2962 2958
f 2962 2959 2958
f 2964 2965 2963
f 2965 2961 2963
f 2966 2965 2964
f 2964 2967 2966
f 2967 2968 2966
f 2966 2968 2969
f 2970 2971 2972
f 2972 2971 2968
f 2971 2969 2968
f 2973 2974 2975
f 2975 2974 2970
f 2976 2977 2973
f 2977 2974 2973
f 2978 2979 2980
f 2980 2979 2976
f 2979 2977 2976
f 2981 2978 2980
f 2980 2982 2981
f 2981 2982 2983
f 2871 2984 2872
f 2872 2984 2982
f 2984 2983 2982
f 55 54 56
f 2985 2986 15
f 2986 2987 15
f 15 2987 85
f 2987 86 85
f 2988 90 89
f 91 90 2988
f 87 92 91
f 88 2989 93
f 2989 94 93
f 94 2990 95
f 2990 96 95
f 96 2991 97
f 98 97 2991
f 2992 99 98
f 102 99 2992
f 100 2993 101
f 36 35 2994
f 31 38 2995
f 38 36 2995
f 39 34 2996
f 148 2997 149
f 2997 2998 149
f 2998 150 149
f 150 2999 151
f 157 151 2999
f 3000 155 159
f 3000 156 155
f 156 3001 160
f 3001 161 160
f 161 3002 162
f 3002 152 162
f 152 3003 153
f 153 3003 163
f 164 163 3003
f 3004 165 164
f 168 165 3004
f 166 3005 167
f 3006 170 3007
f 209 208 210
f 220 3008 227
f 3009 148 233
f 2897 3010 2899
f 3010 3011 2899
f 2899 3011 2902
f 3011 3012 2902
f 2902 3012 2905
f 3012 3013 2905
f 2905 3013 2906
f 2906 3013 2909
f 3013 3014 2909
f 2909 3014 2911
f 2911 3014 2914
f 3014 3015 2914
f 2914 3015 2915
f 3015 3016 2915
f 2915 3016 2918
f 3016 3017 2918
f 2918 3017 2922
f 3017 3018 2922
f 2922 3018 2924
f 3018 3019 2924
f 2924 3019 2928
f 2928 3020 2929
f 2929 3020 2930
f 3020 3021 2930
f 2930 3021 2933
f 3021 3022 2933
f 2933 3022 2936
f 2936 3023 2938
f 3023 3024 2938
f 2938 3024 2942
f 3024 3025 2942
f 2942 3025 2945
f 3025 3026 2945
f 2945 3026 2947
f 3026 3027 2947
f 2947 3027 2949
f 2949 3027 2951
f 3027 3028 2951
f 2951 3028 2957
f 3028 3029 2957
f 2957 3029 2955
f 3029 2958 2955
f 2958 3030 2963
f 3030 2964 2963
f 2964 3031 2967
f 2967 3031 2968
f 3031 3032 2968
f 2968 3032 2972
f 3032 3033 2972
f 2972 3033 2970
f 3033 2975 2970
f 2973 3034 2976
f 2976 3034 2980
f 3034 3035 2980
f 2980 3035 2982
f 3035 3036 2982
f 2982 3036 2872
f 3036 3037 2872
f 3037 3038 2872
f 2872 3038 2874
f 3038 3039 2874
f 2874 3039 2878
f 2878 3039 2876
f 3039 3040 2876
f 2876 3040 2880
f 3040 3041 2880
f 2880 3041 2884
f 3041 3042 2884
f 3042 2886 2884
f 2886 3043 2888
f 2888 3043 2891
f 3043 3044 2891
f 2891 3044 2893
f 3044 2746 2893
f 2746 3045 2747
f 3045 3046 2747
f 2747 3046 2897
f 3046 3010 2897
f 3010 3047 3011
f 3047 3048 3011
f 3011 3048 3012
f 3048 3049 3012
f 3012 3049 3013
f 3049 3050 3013
f 3013 3050 3014
f 3050 3051 3014
f 3014 3051 3015
f 3051 3052 3015
f 3015 3052 3016
f 3052 3053 3016
f 3016 3053 3017
f 3053 3054 3017
f 3017 3054 3018
f 3054 3055 3018
f 3018 3055 3019
f 3019 3056 2928
f 2928 3056 3020
f 3056 3057 3020
f 3020 3057 3021
f 3057 3058 3021
f 3021 3058 3022
f 3058 3059 3022
f 3022 3059 2936
f 2936 3059 3023
f 3059 3060 3023
f 3023 3060 3024
f 3060 3061 3024
f 3024 3061 3025
f 3061 3062 3025
f 3025 3062 3026
f 3062 3063 3026
f 3026 3063 3027
f 3063 3064 3027
f 3027 3064 3028
f 3064 3065 3028
f 3028 3065 3029
f 3065 3066 3029
f 3029 3066 2958
f 3066 3067 2958
f 2958 3067 3030
f 3067 3068 3030
f 3030 3068 2964
f 3068 3069 2964
f 2964 3069 3031
f 3069 3070 3031
f 3031 3070 3032
f 3070 3071 3032
f 3032 3071 3033
f 3071 3072 3033
f 3033 3072 2975
f 3072 3073 2975
f 2975 3073 2973
f 3073 3074 2973
f 2973 3074 3034
f 3074 3075 3034
f 3034 3075 3035
f 3075 3076 3035
f 3035 3076 3036
f 3076 3077 3036
f 3036 3077 3037
f 3077 3078 3037
f 3037 3078 3038
f 3078 3079 3038
f 3038 3079 3039
f 3079 3080 3039
f 3039 3080 3040
f 3080 3081 3040
f 3040 3081 3041
f 3081 3082 3041
f 3041 3082 3042
f 3042 3083 2886
f 2886 3083 3043
f 3083 3084 3043
f 3043 3084 3044
f 3084 3085 3044
f 3044 3085 2746
f 3085 3045 2746
f 3045 3086 3046
f 3086 3087 3046
f 3046 3087 3010
f 3087 3047 3010
f 3087 3088 3047
f 3088 3089 3047
f 3047 3089 3048
f 3089 3090 3048
f 3048 3090 3049
f 3090 3091 3049
f 3049 3091 3050
f 3091 3092 3050
f 3050 3092 3051
f 3092 3093 3051
f 3051 3093 3052
f 3093 3094 3052
f 3052 3094 3053
f 3094 3095 3053
f 3053 3095 3054
f 3095 3096 3054
f 3054 3096 3055
f 3096 3097 3055
f 3055 3097 3019
f 3097 3098 3019
f 3019 3098 3056
f 3098 3099 3056
f 3056 3099 3057
f 3099 3100 3057
f 3057 3100 3058
f 3100 3101 3058
f 3058 3101 3059
f 3101 3102 3059
f 3059 3102 3060
f 3102 3103 3060
f 3060 3103 3061
f 3103 3104 3061
f 3061 3104 3062
f 3104 3105 3062
f 3062 3105 3063
f 3105 3106 3063
f 3063 3106 3064
f 3106 3107 3064
f 3064 3107 3065
f 3107 3108 3065
f 3065 3108 3066
f 3108 3109 3066
f 3066 3109 3067
f 3109 3110 3067
f 3067 3110 3068
f 3110 3111 3068
f 3068 3111 3069
f 3111 3112 3069
f 3069 3112 3070
f 3112 3113 3070
f 3070 3113 3071
f 3113 3114 3071
f 3071 3114 3072
f 3114 3115 3072
f 3072 3115 3073
f 3115 3116 3073
f 3073 3116 3074
f 3116 3117 3074
f 3074 3117 3075
f 3117 3118 3075
f 3075 3118 3076
f 3118 3119 3076
f 3076 3119 3077
f 3119 3120 3077
f 3077 3120 3078
f 3120 3121 3078
f 3078 3121 3079
f 3121 3122 3079
f 3079 3122 3080
f 3122 3123 3080
f 3080 3123 3081
f 3123 3124 3081
f 3081 3124 3082
f 3124 3125 3082
f 3082 3125 3042
f 3125 3126 3042
f 3042 3126 3083
f 3126 3127 3083
f 3083 3127 3084
f 3127 3128 3084
f 3084 3128 3085
f 3128 3129 3085
f 3085 3129 3045
f 3129 3086 3045
f 3086 3130 3087
f 3130 3088 3087
f 3130 3131 3088
f 3088 3131 3089
f 3131 3132 3089
f 3089 3132 3090
f 3132 3133 3090
f 3133 3134 3090
f 3090 3134 3091
f 3134 3135 3091
f 3091 3135 3092
f 3135 3136 3092
f 3092 3136 3093
f 3136 3137 3093
f 3093 3137 3094
f 3137 3138 3094
f 3094 3138 3095
f 3138 3139 3095
f 3095 3139 3096
f 3139 3140 3096
f 3096 3140 3097
f 3140 3141 3097
f 3097 3141 3098
f 3141 3142 3098
f 3098 3142 3099
f 3142 3143 3099
f 3099 3143 3100
f 3143 3144 3100
f 3100 3144 3101
f 3144 3145 3101
f 3101 3145 3102
f 3145 3146 3102
f 3102 3146 3103
f 3146 3147 3103
f 3103 3147 3104
f 3147 3148 3104
f 3104 3148 3105
f 3148 3149 3105
f 3105 3149 3106
f 3149 3150 3106
f 3106 3150 3107
f 3150 3151 3107
f 3107 3151 3108
f 3151 3152 3108
f 3152 3153 3108
f 3108 3153 3109
f 3153 3154 3109
f 3109 3154 3110
f 3154 3155 3110
f 3110 3155 3111
f 3155 3156 3111
f 3111 3156 3112
f 3156 3157 3112
f 3112 3157 3113
f 3157 3158 3113
f 3113 3158 3114
f 3158 3159 3114
f 3114 3159 3115
f 3159 3160 3115
f 3115 3160 3116
f 3160 3161 3116
f 3116 3161 3117
f 3161 3162 3117
f 3117 3162 3118
f 3162 3163 3118
f 3118 3163 3119
f 3163 3164 3119
f 3119 3164 3120
f 3164 3165 3120
f 3120 3165 3121
f 3165 3166 3121
f 3121 3166 3122
f 3166 3167 3122
f 3122 3167 3123
f 3167 3168 3123
f 3123 3168 3124
f 3168 3169 3124
f 3124 3169 3125
f 3169 3170 3125
f 3125 3170 3126
f 3170 3171 3126
f 3126 3171 3127
f 3171 3172 3127
f 3127 3172 3128
f 3172 3173 3128
f 3128 3173 3129
f 3173 3174 3129
f 3129 3174 3086
f 3174 3130 3086
f 3131 3175 3132
f 3175 3176 3132
f 3132 3176 3133
f 3133 3177 3134
f 3134 3177 3135
f 3177 3178 3135
f 3135 3178 3136
f 3178 3179 3136
f 3136 3179 3137
f 3179 3180 3137
f 3137 3180 3138
f 3180 3181 3138
f 3138 3181 3139
f 3181 3182 3139
f 3139 3182 3140
f 3182 3183 3140
f 3140 3183 3141
f 3183 3184 3141
f 3141 3184 3142
f 3184 3185 3142
f 3142 3185 3143
f 3185 3186 3143
f 3143 3186 3144
f 3186 3187 3144
f 3144 3187 3145
f 3187 3188 3145
f 3145 3188 3146
f 3188 3189 3146
f 3146 3189 3147
f 3189 3190 3147
f 3147 3190 3148
f 3190 3191 3148
f 3148 3191 3149
f 3191 3192 3149
f 3149 3192 3150
f 3192 3193 3150
f 3150 3193 3151
f 3193 3194 3151
f 3151 3194 3152
f 3154 3195 3155
f 3155 3195 3156
f 3195 3196 3156
f 3156 3196 3157
f 3196 3197 3157
f 3157 3197 3158
f 3197 3198 3158
f 3158 3198 3159
f 3198 3199 3159
f 3159 3199 3160
f 3199 3200 3160
f 3160 3200 3161
f 3200 3201 3161
f 3161 3201 3162
f 3201 3202 3162
f 3162 3202 3163
f 3202 3203 3163
f 3163 3203 3164
f 3203 3204 3164
f 3204 3205 3164
f 3164 3205 3165
f 3205 3206 3165
f 3165 3206 3166
f 3206 3207 3166
f 3166 3207 3167
f 3207 3208 3167
f 3167 3208 3168
f 3208 3209 3168
f 3209 3169 3168
f 3169 3210 3170
f 3210 3211 3170
f 3170 3211 3171
f 3211 3212 3171
f 3171 3212 3172
f 3212 3213 3172
f 3172 3213 3173
f 3213 3214 3173
f 3173 3214 3174
f 3214 3215 3174
f 3174 3215 3130
f 3215 3131 3130
f 3215 208 3131
f 208 207 3131
f 207 206 3131
f 3131 206 3175
f 206 205 3175
f 3175 205 3176
f 205 204 3176
f 204 203 3176
f 3176 203 3133
f 203 202 3133
f 3133 202 3177
f 202 200 3177
f 3177 200 3178
f 200 199 3178
f 3178 199 3179
f 199 3216 3179
f 3216 3217 3179
f 3179 3217 3180
f 3217 3218 3180
f 3180 3218 3181
f 3218 3219 3181
f 3181 3219 3182
f 3219 3220 3182
f 3182 3220 3183
f 3220 3221 3183
f 3221 3222 3183
f 3183 3222 3184
f 3222 3223 3184
f 3184 3223 3185
f 3223 3224 3185
f 3185 3224 3186
f 3224 3225 3186
f 3186 3225 3187
f 3225 3226 3187
f 3187 3226 3188
f 3226 12 3188
f 3188 12 3189
f 12 64 3189
f 64 63 3189
f 3189 63 3190
f 63 62 3190
f 62 61 3190
f 3190 61 3191
f 61 60 3191
f 3191 60 3192
f 60 59 3192
f 59 58 3192
f 3192 58 3193
f 58 57 3193
f 57 56 3193
f 3193 56 3194
f 56 54 3194
f 54 53 3194
f 3194 53 3152
f 53 52 3152
f 3152 52 3153
f 52 51 3153
f 3153 51 3154
f 51 50 3154
f 50 49 3154
f 3154 49 3195
f 49 48 3195
f 3195 48 3196
f 48 47 3196
f 47 39 3196
f 3196 39 3197
f 39 2996 3197
f 3197 2996 3198
f 2996 3227 3198
f 3198 3227 3199
f 3227 3228 3199
f 3199 3228 3200
f 3228 3229 3200
f 3200 3229 3201
f 3229 3230 3201
f 3201 3230 3202
f 3230 3231 3202
f 3202 3231 3203
f 3231 3204 3203
f 3204 3232 3205
f 3205 3233 3206
f 3206 3233 3207
f 3233 3208 3207
f 3209 220 3169
f 220 219 3169
f 3169 219 3210
f 219 218 3210
f 3210 218 3211
f 218 217 3211
f 217 216 3211
f 3211 216 3212
f 216 215 3212
f 3212 215 3213
f 215 214 3213
f 214 213 3213
f 3213 213 3214
f 213 212 3214
f 3214 212 3215
f 212 210 3215
f 210 208 3215
f 2996 3234 3227
f 3234 3235 3227
f 3227 3235 3228
f 3235 3236 3228
f 3228 3236 3229
f 3236 3237 3229
f 3237 3238 3229
f 3229 3238 3230
f 3230 3239 3231
f 3239 3240 3231
f 3231 3240 3204
f 3240 3232 3204
f 3232 3233 3205
f 3233 3241 3208
f 3241 3008 3208
f 3208 3008 3209
f 3008 220 3209
f 3242 3216 199
f 3216 3243 3217
f 3243 3244 3217
f 3217 3244 3218
f 3244 3245 3218
f 3218 3245 3219
f 3245 3246 3219
f 3219 3246 3220
f 3246 3247 3220
f 3247 3221 3220
f 3221 3248 3222
f 3248 3249 3222
f 3222 3249 3223
f 3249 3224 3223
f 3224 3250 3225
f 3250 3251 3225
f 3251 3226 3225
f 3226 13 12
f 34 32 2996
f 32 3234 2996
f 3234 3252 3235
f 3252 3236 3235
f 3236 3253 3237
f 3253 3238 3237
f 3238 3254 3230
f 3254 3239 3230
f 3239 3255 3240
f 3240 3255 3232
f 3232 3256 3233
f 3256 3241 3233
f 3241 3257 3008
f 3257 231 3008
f 231 227 3008
f 3258 3259 3242
f 3242 3259 3216
f 3259 3243 3216
f 3243 3260 3244
f 3260 3261 3244
f 3244 3261 3245
f 3246 3262 3247
f 3262 3263 3247
f 3247 3263 3221
f 3263 3248 3221
f 3248 3264 3249
f 3264 3265 3249
f 3249 3265 3224
f 3265 3250 3224
f 3250 3266 3251
f 3266 3267 3251
f 3251 3267 3226
f 3267 22 3226
f 3226 22 13
f 31 3268 32
f 32 3268 3234
f 3268 3269 3234
f 3269 3252 3234
f 3252 3270 3236
f 3270 3253 3236
f 3253 3271 3238
f 3271 3254 3238
f 3254 3272 3239
f 3272 3255 3239
f 3255 3273 3232
f 3273 3256 3232
f 3256 3274 3241
f 3274 3275 3241
f 3275 3257 3241
f 3257 235 231
f 3276 3277 3258
f 3258 3277 3259
f 3277 3278 3259
f 3259 3278 3243
f 3278 3260 3243
f 3260 3279 3261
f 3279 3280 3261
f 3261 3280 3245
f 3245 3280 3246
f 3280 3262 3246
f 3263 3281 3248
f 3281 3264 3248
f 3265 3282 3250
f 3282 3266 3250
f 3266 3283 3267
f 3267 3283 22
f 3283 1 22
f 31 2995 3268
f 2995 3284 3268
f 3268 3284 3269
f 3284 3285 3269
f 3269 3285 3252
f 3285 3270 3252
f 3270 3286 3253
f 3253 3286 3271
f 3286 3287 3271
f 3271 3287 3254
f 3287 3272 3254
f 3272 3288 3255
f 3288 3289 3255
f 3255 3289 3273
f 3289 3290 3273
f 3273 3290 3256
f 3290 3274 3256
f 3274 3291 3275
f 3275 232 3257
f 232 235 3257
f 3276 3006 3277
f 3006 3292 3277
f 3277 3292 3278
f 3292 3293 3278
f 3278 3293 3260
f 3293 3279 3260
f 3279 3294 3280
f 3294 3295 3280
f 3280 3295 3262
f 3295 3296 3262
f 3262 3296 3263
f 3263 3296 3281
f 3296 3297 3281
f 3281 3297 3264
f 3297 3298 3264
f 3264 3298 3265
f 3298 3282 3265
f 3282 3299 3266
f 3299 3283 3266
f 2 1 3283
f 36 2994 2995
f 2994 3300 2995
f 2995 3300 3284
f 3300 3301 3284
f 3284 3301 3285
f 3301 3302 3285
f 3285 3302 3270
f 3270 3302 3286
f 3302 3303 3286
f 3286 3303 3287
f 3303 3304 3287
f 3287 3304 3272
f 3304 3288 3272
f 3288 3305 3289
f 3305 3306 3289
f 3289 3306 3290
f 3306 3307 3290
f 3290 3307 3274
f 3307 3291 3274
f 3291 3308 3275
f 3308 3009 3275
f 3275 3009 232
f 3009 233 232
f 3006 3007 3292
f 3007 3309 3292
f 3292 3309 3293
f 3309 3310 3293
f 3293 3310 3279
f 3279 3310 3294
f 3310 3311 3294
f 3294 3311 3295
f 3311 3312 3295
f 3295 3312 3296
f 3312 3313 3296
f 3296 3313 3297
f 3313 3314 3297
f 3297 3314 3298
f 3314 3315 3298
f 3298 3315 3282
f 3315 3299 3282
f 3299 3316 3283
f 3283 3316 2
f 3316 15 2
f 101 2993 35
f 2993 3317 35
f 35 3317 2994
f 3317 3318 2994
f 2994 3318 3300
f 3318 3319 3300
f 3300 3319 3301
f 3319 3320 3301
f 3301 3320 3302
f 3320 3321 3302
f 3302 3321 3303
f 3321 3322 3303
f 3303 3322 3304
f 3322 3323 3304
f 3304 3323 3288
f 3323 3305 3288
f 3305 3324 3306
f 3324 3325 3306
f 3306 3325 3307
f 3325 3326 3307
f 3307 3326 3291
f 3326 3308 3291
f 3308 2997 3009
f 2997 148 3009
f 167 3005 170
f 3005 3327 170
f 170 3327 3007
f 3327 3328 3007
f 3007 3328 3309
f 3328 3329 3309
f 3309 3329 3310
f 3329 3330 3310
f 3310 3330 3311
f 3330 3331 3311
f 3311 3331 3312
f 3331 3332 3312
f 3312 3332 3313
f 3332 3333 3313
f 3313 3333 3314
f 3333 3334 3314
f 3314 3334 3315
f 3334 3335 3315
f 3315 3335 3299
f 3335 3336 3299
f 3299 3336 3316
f 3336 2985 3316
f 2985 15 3316
f 161 3337 3002
f 3337 3338 3002
f 3002 3338 152
f 152 3338 3003
f 3338 3339 3003
f 3003 3339 164
f 164 3339 3004
f 3339 3340 3004
f 3004 3340 168
f 168 3340 169
f 3340 3341 169
f 169 3341 166
f 166 3341 3005
f 3341 3342 3005
f 3005 3342 3327
f 3342 3343 3327
f 3327 3343 3328
f 3343 3344 3328
f 3328 3344 3329
f 3344 3345 3329
f 3329 3345 3330
f 3345 3346 3330
f 3330 3346 3331
f 3346 3347 3331
f 3331 3347 3332
f 3347 3348 3332
f 3332 3348 3333
f 3348 3349 3333
f 3333 3349 3334
f 3349 3350 3334
f 3334 3350 3335
f 3350 3351 3335
f 3335 3351 3336
f 3351 2985 3336
f 2985 3352 2986
f 3352 2987 2986
f 2987 3353 86
f 86 3353 89
f 3353 2988 89
f 2988 3354 91
f 3354 3355 91
f 91 3355 87
f 87 3355 88
f 3355 2989 88
f 2989 2990 94
f 2990 3356 96
f 3356 2991 96
f 2991 2992 98
f 2992 3357 102
f 3357 3358 102
f 102 3358 103
f 103 3358 100
f 3358 2993 100
f 3317 3359 3318
f 3318 3359 3319
f 3359 3360 3319
f 3319 3360 3320
f 3360 3361 3320
f 3320 3361 3321
f 3361 3362 3321
f 3321 3362 3322
f 3362 3363 3322
f 3322 3363 3323
f 3363 3364 3323
f 3323 3364 3305
f 3305 3364 3324
f 3364 3365 3324
f 3324 3365 3325
f 3365 3366 3325
f 3325 3366 3326
f 3366 3367 3326
f 3326 3367 3308
f 3308 3367 2997
f 3367 3368 2997
f 2997 3368 2998
f 2998 3368 150
f 3368 2999 150
f 2999 3369 157
f 3369 3370 157
f 157 3370 158
f 158 3370 159
f 3370 3000 159
f 3000 3371 156
f 3371 3001 156
f 3001 3337 161
f 3337 3372 3338
f 3372 3373 3338
f 3338 3373 3339
f 3373 3374 3339
f 3339 3374 3340
f 3374 3375 3340
f 3340 3375 3341
f 3375 3376 3341
f 3341 3376 3342
f 3376 3377 3342
f 3342 3377 3343
f 3377 3378 3343
f 3343 3378 3344
f 3378 3379 3344
f 3344 3379 3345
f 3379 3380 3345
f 3345 3380 3346
f 3380 3381 3346
f 3346 3381 3347
f 3381 3382 3347
f 3347 3382 3348
f 3382 3383 3348
f 3348 3383 3349
f 3383 3384 3349
f 3349 3384 3350
f 3384 3385 3350
f 3350 3385 3351
f 3385 3386 3351
f 3351 3386 2985
f 3386 3352 2985
f 3352 3387 2987
f 2987 3387 3353
f 3387 3388 3353
f 3353 3388 2988
f 3388 3354 2988
f 3354 3389 3355
f 3389 3390 3355
f 3355 3390 2989
f 3390 3391 2989
f 2989 3391 2990
f 3391 3392 2990
f 2990 3392 3356
f 3356 3393 2991
f 2991 3393 2992
f 3393 3357 2992
f 3357 3394 3358
f 3394 3395 3358
f 3358 3395 2993
f 3395 3396 2993
f 2993 3396 3317
f 3317 3396 3359
f 3396 3397 3359
f 3359 3397 3360
f 3397 3398 3360
f 3360 3398 3361
f 3398 3399 3361
f 3361 3399 3362
f 3399 3400 3362
f 3362 3400 3363
f 3400 3401 3363
f 3363 3401 3364
f 3401 3402 3364
f 3364 3402 3365
f 3402 3403 3365
f 3365 3403 3366
f 3403 3404 3366
f 3366 3404 3367
f 3404 3405 3367
f 3367 3405 3368
f 3405 3406 3368
f 3368 3406 2999
f 3406 3369 2999
f 3369 3407 3370
f 3407 3408 3370
f 3370 3408 3000
f 3408 3371 3000
f 3371 3409 3001
f 3409 3410 3001
f 3001 3410 3337
f 3410 3372 3337
f 3410 3411 3372
f 3411 3412 3372
f 3372 3412 3373
f 3412 3413 3373
f 3373 3413 3374
f 3413 3414 3374
f 3374 3414 3375
f 3414 3415 3375
f 3375 3415 3376
f 3415 3416 3376
f 3376 3416 3377
f 3416 3417 3377
f 3377 3417 3378
f 3417 3418 3378
f 3378 3418 3379
f 3418 3419 3379
f 3379 3419 3380
f 3419 3420 3380
f 3380 3420 3381
f 3420 3421 3381
f 3381 3421 3382
f 3421 3422 3382
f 3382 3422 3383
f 3422 3423 3383
f 3383 3423 3384
f 3423 3424 3384
f 3384 3424 3385
f 3424 3425 3385
f 3385 3425 3386
f 3425 3426 3386
f 3386 3426 3352
f 3426 3427 3352
f 3352 3427 3387
f 3427 3428 3387
f 3387 3428 3388
f 3428 3429 3388
f 3388 3429 3354
f 3429 3389 3354
f 3389 3430 3390
f 3430 3431 3390
f 3390 3431 3391
f 3431 3432 3391
f 3391 3432 3392
f 3432 3433 3392
f 3392 3433 3356
f 3433 3434 3356
f 3356 3434 3393
f 3434 3435 3393
f 3393 3435 3357
f 3435 3394 3357
f 3398 3436 3399
f 3399 3436 3400
f 3436 3437 3400
f 3400 3437 3401
f 3437 3438 3401
f 3401 3438 3402
f 3438 3439 3402
f 3402 3439 3403
f 3439 3440 3403
f 3403 3440 3404
f 3440 3441 3404
f 3404 3441 3405
f 3441 3442 3405
f 3405 3442 3406
f 3442 3443 3406
f 3406 3443 3369
f 3443 3407 3369
f 3407 3444 3408
f 3444 3445 3408
f 3408 3445 3371
f 3445 3409 3371
f 3409 3446 3410
f 3446 3411 3410
f 3446 2865 3411
f 3411 2865 3412
f 2865 3447 3412
f 3412 3447 3413
f 3447 3448 3413
f 3413 3448 3414
f 3448 3449 3414
f 3414 3449 3415
f 3449 3450 3415
f 3415 3450 3416
f 3450 2850 3416
f 3416 2850 3417
f 3417 3451 3418
f 3418 3451 3419
f 3451 3452 3419
f 3419 3452 3420
f 3452 3453 3420
f 3420 3453 3421
f 3453 3454 3421
f 3421 3454 3422
f 3454 3455 3422
f 3422 3455 3423
f 3455 3456 3423
f 3423 3456 3424
f 3456 3457 3424
f 3424 3457 3425
f 3457 3458 3425
f 3425 3458 3426
f 3458 3459 3426
f 3426 3459 3427
f 3459 3460 3427
f 3427 3460 3428
f 3460 3461 3428
f 3428 3461 3429
f 3461 3462 3429
f 3429 3462 3389
f 3462 3430 3389
f 3430 3463 3431
f 3463 3464 3431
f 3431 3464 3432
f 3464 2804 3432
f 3432 2804 3433
f 2804 3465 3433
f 3433 3465 3434
f 3465 3466 3434
f 3434 3466 3435
f 3466 3467 3435
f 3435 3467 3394
f 3394 2791 3395
f 2791 3468 3395
f 3395 3468 3396
f 3468 3469 3396
f 3396 3469 3397
f 3469 3470 3397
f 3397 3470 3398
f 3470 3471 3398
f 3398 3471 3436
f 3471 3472 3436
f 3436 3472 3437
f 3472 3473 3437
f 3437 3473 3438
f 3473 3474 3438
f 3438 3474 3439
f 3474 3475 3439
f 3439 3475 3440
f 3475 3476 3440
f 3440 3476 3441
f 3476 3477 3441
f 3441 3477 3442
f 3477 3478 3442
f 3442 3478 3443
f 3478 3479 3443
f 3443 3479 3407
f 3479 3444 3407
f 3444 3480 3445
f 3480 3481 3445
f 3445 3481 3409
f 3481 3446 3409
f 2868 2865 3446
f 2865 2862 3447
f 2862 2861 3447
f 3447 2861 3448
f 2861 2857 3448
f 2857 2855 3448
f 3448 2855 3449
f 2855 2854 3449
f 2854 2852 3449
f 3449 2852 3450
f 2852 2849 3450
f 3450 2849 2850
f 2850 2845 3417
f 3417 2845 3451
f 2845 2843 3451
f 3451 2843 3452
f 2843 2839 3452
f 3452 2839 3453
f 2839 2837 3453
f 3453 2837 3454
f 2837 2832 3454
f 2832 2834 3454
f 3454 2834 3455
f 2834 2829 3455
f 3455 2829 3456
f 2829 2828 3456
f 3456 2828 3457
f 2828 2826 3457
f 3457 2826 3458
f 2826 2823 3458
f 3458 2823 3459
f 2823 2819 3459
f 3459 2819 3460
f 2819 2820 3460
f 3460 2820 3461
f 2820 2815 3461
f 3461 2815 3462
f 2815 2813 3462
f 2813 2809 3462
f 3462 2809 3430
f 3430 2809 3463
f 2809 2807 3463
f 3463 2807 3464
f 2807 2803 3464
f 2803 2804 3464
f 2804 2799 3465
f 2799 2795 3465
f 3465 2795 3466
f 3466 2795 3467
f 2795 2792 3467
f 3467 2792 3394
f 2792 2791 3394
f 2791 2790 3468
f 2790 2786 3468
f 3468 2786 3469
f 2786 2783 3469
f 3469 2783 3470
f 2783 2779 3470
f 3470 2779 3471
f 2779 2778 3471
f 3471 2778 3472
f 2778 2777 3472
f 2777 2776 3472
f 3472 2776 3473
f 2776 2772 3473
f 3473 2772 3474
f 2772 2771 3474
f 2771 2769 3474
f 3474 2769 3475
f 2769 2765 3475
f 3475 2765 3476
f 2765 2764 3476
f 3476 2764 3477
f 2764 2763 3477
f 3477 2763 3478
f 2763 2750 3478
f 3478 2750 3479
f 2750 2760 3479
f 2760 2756 3479
f 3479 2756 3444
f 2756 2754 3444
f 3444 2754 3480
f 3480 2754 3481
f 2754 2752 3481
f 2752 2868 3481
f 3481 2868 3446
f 3482 3483 3484
f 3483 3485 3484
f 3484 3485 3486
f 3485 3487 3486
f 3486 3487 3488
f 3487 3489 3488
f 3488 3489 3490
f 3489 3491 3490
f 3490 3491 3492
f 3491 3493 3492
f 3492 3493 3494
f 3493 3495 3494
f 3494 3495 3496
f 3495 3497 3496
f 3496 3497 3498
f 3497 3499 3498
f 3498 3499 3500
f 3499 3501 3500
f 3500 3501 3502
f 3501 3503 3502
f 3502 3503 3504
f 3503 3505 3504
f 3504 3505 3506
f 3505 3507 3506
f 3506 3507 3508
f 3507 3509 3508
f 3508 3509 3510
f 3509 3511 3510
f 3510 3511 3512
f 3511 3513 3512
f 3512 3513 3514
f 3513 3515 3514
f 3514 3515 3516
f 3515 3517 3516
f 3516 3517 3518
f 3517 3519 3518
f 3518 3519 3520
f 3519 3521 3520
f 3520 3521 3522
f 3521 3523 3522
f 3522 3523 3524
f 3523 3525 3524
f 3524 3525 3526
f 3525 3527 3526
f 3526 3527 3528
f 3527 3529 3528
f 3528 3529 3530
f 3529 3531 3530
f 3530 3531 3532
f 3531 3533 3532
f 3532 3533 3534
f 3533 3535 3534
f 3534 3535 3536
f 3535 3537 3536
f 3536 3537 3538
f 3537 3539 3538
f 3538 3539 3540
f 3539 3541 3540
f 3540 3541 3542
f 3541 3543 3542
f 3542 3543 3544
f 3543 3545 3544
f 3544 3545 3546
f 3545 3547 3546
f 3546 3547 3548
f 3547 3549 3548
f 3548 3549 3550
f 3549 3551 3550
f 3550 3551 3552
f 3551 3553 3552
f 3552 3553 3554
f 3553 3555 3554
f 3554 3555 3556
f 3555 3557 3556
f 3556 3557 3558
f 3557 3559 3558
f 3558 3559 3560
f 3559 3561 3560
f 3560 3561 3562
f 3561 3563 3562
f 3562 3563 3564
f 3563 3565 3564
f 3564 3565 3566
f 3565 3567 3566
f 3566 3567 3568
f 3567 3569 3568
f 3568 3569 3570
f 3569 3571 3570
f 3570 3571 3572
f 3571 3573 3572
f 3572 3573 3574
f 3573 3575 3574
f 3574 3575 3576
f 3575 3577 3576
f 3576 3577 3578
f 3577 3579 3578
f 3578 3579 3580
f 3579 3581 3580
f 3580 3581 3582
f 3581 3583 3582
f 3582 3583 3584
f 3583 3585 3584
f 3584 3585 3586
f 3585 3587 3586
f 3586 3587 3588
f 3587 3589 3588
f 3588 3589 3590
f 3589 3591 3590
f 3590 3591 3592
f 3591 3593 3592
f 3592 3593 3594
f 3593 3595 3594
f 3594 3595 3596
f 3595 3597 3596
f 3596 3597 3598
f 3597 3599 3598
f 3598 3599 3600
f 3599 3601 3600
f 3600 3601 3602
f 3601 3603 3602
f 3602 3603 3604
f 3603 3605 3604
f 3604 3605 3606
f 3605 3607 3606
f 3606 3607 3608
f 3607 3609 3608
f 3608 3609 3610
f 3609 3611 3610
f 3610 3611 3612
f 3611 3613 3612
f 3612 3613 3614
f 3613 3615 3614
f 3614 3615 3616
f 3615 3617 3616
f 3616 3617 3618
f 3617 3619 3618
f 3618 3619 3620
f 3619 3621 3620
f 3620 3621 3622
f 3621 3623 3622
f 3622 3623 3624
f 3623 3625 3624
f 3624 3625 3482
f 3625 3483 3482
f 3626 3627 3628
f 3629 3630 3631
f 3632 3633 3634
f 3635 3636 3637
f 3638 3639 3640
f 3641 3642 3643
f 3644 3645 3646
f 3645 3647 3646
f 3648 3645 3644
f 3648 3644 3649
f 3644 3650 3649
f 3649 3650 3651
f 3652 3653 3654
f 3652 3654 3650
f 3654 3651 3650
f 3653 3652 3655
f 3652 3656 3655
f 3657 3658 3656
f 3658 3655 3656
f 3659 3660 3661
f 3659 3661 3657
f 3661 3662 3657
f 3657 3662 3658
f 3663 3664 3665
f 3665 3664 3659
f 3664 3660 3659
f 3663 3665 3666
f 3666 3667 3668
f 3669 3670 3667
f 3670 3668 3667
f 3670 3669 3671
f 3643 3642 3669
f 3642 3671 3669
f 3641 3643 3672
f 3643 3673 3672
f 3672 3673 3674
f 3675 3674 3673
f 3676 3677 3675
f 3677 3676 3678
f 3676 3679 3678
f 3678 3679 3680
f 3681 3682 3679
f 3682 3680 3679
f 3683 3684 3681
f 3684 3683 3685
f 3683 3686 3685
f 3685 3686 3687
f 3688 3689 3690
f 3688 3690 3686
f 3690 3687 3686
f 3689 3688 3691
f 3688 3692 3691
f 3693 3694 3692
f 3694 3691 3692
f 3695 3696 3697
f 3697 3696 3693
f 3696 3698 3693
f 3693 3698 3694
f 3695 3697 3699
f 3697 3700 3699
f 3699 3700 3701
f 3702 3703 3700
f 3703 3701 3700
f 3704 3705 3706
f 3704 3706 3702
f 3706 3707 3702
f 3707 3708 3702
f 3702 3708 3703
f 3705 3704 3709
f 3704 3710 3709
f 3709 3710 3711
f 3712 3713 3714
f 3714 3713 3710
f 3713 3711 3710
f 3712 3714 3715
f 3714 3716 3715
f 3715 3716 3717
f 3717 3716 3718
f 3716 3719 3718
f 3720 3721 3719
f 3721 3718 3719
f 3722 3721 3720
f 3722 3720 3723
f 3720 3724 3723
f 3723 3724 3725
f 3726 3727 3724
f 3727 3725 3724
f 3726 3728 3727
f 3728 3726 3729
f 3726 3730 3729
f 3729 3730 3731
f 3732 3733 3730
f 3733 3731 3730
f 3732 3734 3735
f 3640 3639 3734
f 3639 3735 3734
f 3638 3640 3736
f 3736 3737 3738
f 3739 3740 3737
f 3740 3738 3737
f 3741 3740 3739
f 3741 3739 3742
f 3739 3743 3742
f 3742 3743 3744
f 3745 3744 3743
f 3746 3747 3748
f 3748 3747 3745
f 3746 3748 3749
f 3748 3750 3749
f 3749 3750 3751
f 3752 3753 3750
f 3753 3751 3750
f 3753 3752 3754
f 3755 3756 3757
f 3757 3756 3752
f 3756 3754 3752
f 3755 3757 3758
f 3757 3759 3758
f 3758 3759 3760
f 3759 3761 3760
f 3761 3762 3763
f 3763 3760 3761
f 3762 3761 3764
f 3761 3765 3764
f 3764 3765 3766
f 3647 3767 3646
f 3646 3767 3768
f 3767 3769 3768
f 3768 3769 3765
f 3769 3770 3765
f 3765 3770 3766
f 3771 3772 3773
f 3772 3774 3773
f 3773 3774 3775
f 3776 3777 3774
f 3777 3775 3774
f 3778 3777 3776
f 3778 3776 3779
f 3776 3780 3779
f 3780 3781 3779
f 3779 3781 3782
f 3783 3784 3781
f 3784 3782 3781
f 3785 3786 3783
f 3786 3784 3783
f 3785 3787 3788
f 3787 3789 3788
f 3789 3790 3791
f 3792 3793 3790
f 3793 3791 3790
f 3794 3793 3792
f 3794 3792 3795
f 3792 3796 3795
f 3795 3796 3797
f 3798 3799 3796
f 3799 3797 3796
f 3798 3800 3799
f 3800 3798 3801
f 3798 3802 3801
f 3801 3802 3803
f 3637 3636 3804
f 3637 3804 3802
f 3804 3803 3802
f 3637 3805 3635
f 3635 3805 3806
f 3805 3807 3806
f 3806 3807 3808
f 3809 3810 3807
f 3810 3808 3807
f 3811 3812 3813
f 3813 3812 3809
f 3812 3814 3809
f 3809 3814 3810
f 3811 3813 3815
f 3813 3816 3815
f 3815 3816 3817
f 3818 3819 3816
f 3819 3817 3816
f 3820 3819 3818
f 3820 3818 3821
f 3818 3822 3821
f 3821 3822 3823
f 3824 3825 3822
f 3825 3823 3822
f 3824 3826 3827
f 3634 3633 3826
f 3633 3827 3826
f 3632 3634 3828
f 3828 3634 3829
f 3634 3830 3829
f 3829 3830 3831
f 3832 3833 3830
f 3833 3831 3830
f 3834 3835 3832
f 3835 3833 3832
f 3836 3837 3834
f 3837 3836 3838
f 3836 3839 3838
f 3838 3839 3840
f 3841 3842 3839
f 3842 3840 3839
f 3843 3844 3841
f 3844 3842 3841
f 3844 3843 3845
f 3843 3846 3845
f 3845 3846 3847
f 3848 3849 3850
f 3848 3850 3846
f 3850 3847 3846
f 3849 3848 3851
f 3848 3852 3851
f 3853 3854 3852
f 3854 3851 3852
f 3855 3856 3853
f 3856 3857 3853
f 3853 3857 3854
f 3856 3855 3858
f 3855 3859 3858
f 3860 3861 3862
f 3862 3861 3859
f 3861 3858 3859
f 3860 3862 3863
f 3862 3864 3863
f 3863 3864 3865
f 3631 3630 3866
f 3631 3866 3864
f 3866 3865 3864
f 3631 3867 3629
f 3629 3867 3868
f 3867 3869 3868
f 3868 3869 3870
f 3871 3872 3869
f 3872 3870 3869
f 3873 3874 3875
f 3875 3874 3871
f 3874 3876 3871
f 3871 3876 3872
f 3873 3875 3877
f 3875 3878 3877
f 3877 3878 3879
f 3880 3881 3878
f 3881 3879 3878
f 3882 3883 3880
f 3883 3881 3880
f 3880 3884 3882
f 3882 3884 3885
f 3884 3886 3885
f 3885 3886 3887
f 3888 3889 3886
f 3889 3887 3886
f 3628 3627 3888
f 3627 3889 3888
f 3626 3628 3890
f 3771 3891 3772
f 3772 3891 3892
f 3891 3893 3892
f 3892 3893 3628
f 3893 3894 3628
f 3628 3894 3890
f 30 3895 104
f 3895 3896 104
f 3896 105 104
f 105 3897 106
f 107 106 3897
f 3898 108 107
f 109 108 3898
f 111 3899 112
f 3899 113 112
f 113 3900 114
f 3900 115 114
f 115 3901 116
f 117 116 3901
f 119 3902 120
f 11 7 3903
f 73 72 74
f 74 3904 75
f 75 3904 76
f 78 77 3904
f 77 76 3904
f 3905 30 28
f 3906 3907 3908
f 3909 3910 3911
f 3910 3912 3911
f 3911 3912 3913
f 3914 3915 3913
f 3916 3917 3918
f 3916 3919 3917
f 3919 3920 3921
f 3920 3922 3921
f 3922 3923 3924
f 3923 3925 3924
f 3926 3927 3928
f 3929 3927 3926
f 3930 3931 3932
f 3933 3934 3935
f 3892 3936 3772
f 3772 3936 3774
f 3936 3937 3774
f 3774 3937 3776
f 3937 3780 3776
f 3780 3938 3781
f 3781 3938 3783
f 3938 3939 3783
f 3783 3939 3785
f 3785 3939 3787
f 3939 3940 3787
f 3787 3940 3789
f 3789 3940 3790
f 3940 3941 3790
f 3790 3941 3792
f 3941 3942 3792
f 3792 3942 3796
f 3942 3943 3796
f 3796 3943 3798
f 3943 3944 3798
f 3944 3945 3798
f 3798 3945 3802
f 3945 3946 3802
f 3802 3946 3637
f 3946 3947 3637
f 3637 3947 3805
f 3947 3948 3805
f 3805 3948 3807
f 3948 3949 3807
f 3807 3949 3809
f 3949 3950 3809
f 3809 3950 3813
f 3950 3951 3813
f 3813 3951 3816
f 3951 3952 3816
f 3816 3952 3818
f 3952 3953 3818
f 3818 3953 3822
f 3953 3954 3822
f 3822 3954 3824
f 3954 3955 3824
f 3824 3955 3826
f 3826 3955 3634
f 3955 3956 3634
f 3634 3956 3830
f 3956 3957 3830
f 3830 3957 3832
f 3957 3958 3832
f 3832 3958 3834
f 3834 3958 3836
f 3958 3959 3836
f 3836 3959 3839
f 3959 3841 3839
f 3841 3960 3843
f 3960 3961 3843
f 3843 3961 3846
f 3961 3962 3846
f 3846 3962 3848
f 3848 3962 3852
f 3962 3963 3852
f 3852 3963 3853
f 3963 3855 3853
f 3855 3964 3859
f 3859 3964 3862
f 3964 3965 3862
f 3862 3965 3864
f 3965 3966 3864
f 3864 3966 3631
f 3966 3967 3631
f 3631 3967 3867
f 3967 3968 3867
f 3867 3968 3869
f 3968 3969 3869
f 3869 3969 3871
f 3969 3970 3871
f 3871 3970 3875
f 3970 3971 3875
f 3875 3971 3878
f 3971 3972 3878
f 3878 3972 3880
f 3972 3973 3880
f 3880 3973 3884
f 3973 3974 3884
f 3884 3974 3886
f 3886 3974 3888
f 3974 3975 3888
f 3888 3975 3628
f 3975 3976 3628
f 3628 3976 3892
f 3976 3936 3892
f 3976 3977 3936
f 3936 3977 3937
f 3977 3978 3937
f 3937 3978 3780
f 3978 3979 3780
f 3780 3979 3938
f 3979 3980 3938
f 3938 3980 3939
f 3980 3981 3939
f 3939 3981 3940
f 3981 3982 3940
f 3940 3982 3941
f 3982 3983 3941
f 3941 3983 3942
f 3983 3984 3942
f 3942 3984 3943
f 3984 3985 3943
f 3943 3985 3944
f 3985 3986 3944
f 3944 3986 3945
f 3986 3987 3945
f 3945 3987 3946
f 3987 3988 3946
f 3946 3988 3947
f 3988 3989 3947
f 3947 3989 3948
f 3989 3990 3948
f 3948 3990 3949
f 3990 3991 3949
f 3949 3991 3950
f 3991 3992 3950
f 3950 3992 3951
f 3992 3993 3951
f 3951 3993 3952
f 3993 3994 3952
f 3952 3994 3953
f 3954 3995 3955
f 3955 3995 3956
f 3995 3996 3956
f 3956 3996 3957
f 3996 3997 3957
f 3957 3997 3958
f 3997 3998 3958
f 3958 3998 3959
f 3998 3999 3959
f 3959 3999 3841
f 3999 3960 3841
f 3960 4000 3961
f 4000 4001 3961
f 3961 4001 3962
f 4001 4002 3962
f 3962 4002 3963
f 4002 4003 3963
f 3963 4003 3855
f 4003 4004 3855
f 3855 4004 3964
f 4004 4005 3964
f 3964 4005 3965
f 4005 4006 3965
f 3965 4006 3966
f 4006 4007 3966
f 3966 4007 3967
f 4007 4008 3967
f 3967 4008 3968
f 4008 4009 3968
f 3968 4009 3969
f 4009 4010 3969
f 3969 4010 3970
f 4010 4011 3970
f 3970 4011 3971
f 4011 4012 3971
f 3971 4012 3972
f 4012 4013 3972
f 3972 4013 3973
f 4013 4014 3973
f 3973 4014 3974
f 4014 4015 3974
f 3974 4015 3975
f 3976 4016 3977
f 4016 4017 3977
f 3977 4017 3978
f 4017 4018 3978
f 3978 4018 3979
f 4018 4019 3979
f 3979 4019 3980
f 4019 4020 3980
f 3980 4020 3981
f 4020 4021 3981
f 3981 4021 3982
f 4021 4022 3982
f 3982 4022 3983
f 4022 4023 3983
f 3983 4023 3984
f 4023 4024 3984
f 3984 4024 3985
f 4024 4025 3985
f 3985 4025 3986
f 4025 4026 3986
f 3986 4026 3987
f 4026 4027 3987
f 3987 4027 3988
f 4027 4028 3988
f 3988 4028 3989
f 4028 4029 3989
f 3989 4029 3990
f 4029 4030 3990
f 3990 4030 3991
f 4030 4031 3991
f 3991 4031 3992
f 4031 4032 3992
f 3992 4032 3993
f 4032 4033 3993
f 4033 4034 3993
f 3993 4034 3994
f 4034 4035 3994
f 3994 4035 3953
f 4035 4036 3953
f 3953 4036 3954
f 4036 4037 3954
f 3954 4037 3995
f 4037 4038 3995
f 3995 4038 3996
f 4038 4039 3996
f 3996 4039 3997
f 4039 4040 3997
f 3997 4040 3998
f 4040 4041 3998
f 4041 4042 3998
f 3998 4042 3999
f 4042 4043 3999
f 3999 4043 3960
f 4043 4000 3960
f 4000 4044 4001
f 4044 4045 4001
f 4001 4045 4002
f 4045 4046 4002
f 4002 4046 4003
f 4046 4047 4003
f 4003 4047 4004
f 4047 4048 4004
f 4004 4048 4005
f 4048 4049 4005
f 4005 4049 4006
f 4049 4050 4006
f 4006 4050 4007
f 4050 4051 4007
f 4007 4051 4008
f 4051 4052 4008
f 4008 4052 4009
f 4052 4053 4009
f 4009 4053 4010
f 4053 4054 4010
f 4010 4054 4011
f 4054 4055 4011
f 4011 4055 4012
f 4055 4056 4012
f 4012 4056 4013
f 4056 4057 4013
f 4013 4057 4014
f 4057 4058 4014
f 4014 4058 4015
f 4058 4059 4015
f 4015 4059 3975
f 4059 4060 3975
f 3975 4060 3976
f 4060 4016 3976
f 4060 4061 4016
f 4061 4062 4016
f 4016 4062 4017
f 4062 4063 4017
f 4063 4064 4017
f 4017 4064 4018
f 4064 4065 4018
f 4018 4065 4019
f 4065 4066 4019
f 4019 4066 4020
f 4066 4067 4020
f 4020 4067 4021
f 4067 4068 4021
f 4021 4068 4022
f 4068 4069 4022
f 4022 4069 4023
f 4069 4070 4023
f 4023 4070 4024
f 4070 4071 4024
f 4024 4071 4025
f 4071 4072 4025
f 4025 4072 4026
f 4072 4073 4026
f 4026 4073 4027
f 4073 4074 4027
f 4027 4074 4028
f 4074 4075 4028
f 4028 4075 4029
f 4075 4076 4029
f 4029 4076 4030
f 4076 4077 4030
f 4030 4077 4031
f 4077 4078 4031
f 4031 4078 4032
f 4078 4079 4032
f 4032 4079 4033
f 4033 4080 4034
f 4034 4080 4035
f 4080 4081 4035
f 4035 4081 4036
f 4081 4082 4036
f 4036 4082 4037
f 4082 4083 4037
f 4037 4083 4038
f 4083 4084 4038
f 4084 4085 4038
f 4038 4085 4039
f 4085 4086 4039
f 4039 4086 4040
f 4041 4087 4042
f 4042 4087 4043
f 4087 4088 4043
f 4043 4088 4000
f 4088 4044 4000
f 4044 4089 4045
f 4089 4090 4045
f 4045 4090 4046
f 4046 4091 4047
f 4047 4091 4048
f 4091 4092 4048
f 4048 4092 4049
f 4092 4093 4049
f 4049 4093 4050
f 4093 4094 4050
f 4050 4094 4051
f 4094 4095 4051
f 4051 4095 4052
f 4095 4096 4052
f 4052 4096 4053
f 4096 4097 4053
f 4053 4097 4054
f 4097 4098 4054
f 4054 4098 4055
f 4098 4099 4055
f 4055 4099 4056
f 4099 4100 4056
f 4056 4100 4057
f 4100 4101 4057
f 4057 4101 4058
f 4101 4102 4058
f 4058 4102 4059
f 4102 4103 4059
f 4103 4060 4059
f 4060 4104 4061
f 4104 4105 4061
f 4061 4105 4062
f 4105 4106 4062
f 4062 4106 4063
f 4063 4107 4064
f 4064 4107 4065
f 4107 4108 4065
f 4065 4108 4066
f 4108 4109 4066
f 4066 4109 4067
f 4109 4110 4067
f 4067 4110 4068
f 4110 4111 4068
f 4068 4111 4069
f 4111 4112 4069
f 4069 4112 4070
f 4112 4113 4070
f 4070 4113 4071
f 4113 4114 4071
f 4071 4114 4072
f 4114 4115 4072
f 4072 4115 4073
f 4115 4116 4073
f 4073 4116 4074
f 4116 4117 4074
f 4074 4117 4075
f 4117 4118 4075
f 4075 4118 4076
f 4118 4119 4076
f 4076 4119 4077
f 4119 4120 4077
f 4077 4120 4078
f 4120 4121 4078
f 4078 4121 4079
f 4121 4122 4079
f 4079 4122 4033
f 4122 4080 4033
f 4080 4123 4081
f 4123 4124 4081
f 4081 4124 4082
f 4124 4125 4082
f 4082 4125 4083
f 4125 4126 4083
f 4083 4126 4084
f 4086 4127 4040
f 4040 4127 4041
f 4127 4087 4041
f 4087 4128 4088
f 4128 4129 4088
f 4088 4129 4044
f 4129 4089 4044
f 4089 4130 4090
f 4090 4131 4046
f 4046 4131 4091
f 4131 4132 4091
f 4091 4132 4092
f 4132 4133 4092
f 4092 4133 4093
f 4133 4134 4093
f 4093 4134 4094
f 4134 4135 4094
f 4094 4135 4095
f 4135 4136 4095
f 4095 4136 4096
f 4136 4137 4096
f 4096 4137 4097
f 4137 4138 4097
f 4097 4138 4098
f 4138 4139 4098
f 4098 4139 4099
f 4099 4140 4100
f 4100 4140 4101
f 4140 4141 4101
f 4101 4141 4102
f 4141 4142 4102
f 4142 4103 4102
f 4103 4104 4060
f 72 71 4104
f 4104 71 4105
f 71 70 4105
f 4105 70 4106
f 70 69 4106
f 69 68 4106
f 4106 68 4063
f 68 67 4063
f 4063 67 4107
f 67 66 4107
f 4107 66 4108
f 66 65 4108
f 4108 65 4109
f 65 11 4109
f 4109 11 4110
f 11 4143 4110
f 4110 4143 4111
f 4143 4144 4111
f 4144 4145 4111
f 4111 4145 4112
f 4145 4146 4112
f 4112 4146 4113
f 4146 4147 4113
f 4113 4147 4114
f 4147 4148 4114
f 4114 4148 4115
f 4148 4149 4115
f 4149 4116 4115
f 4116 4150 4117
f 4150 4151 4117
f 4117 4151 4118
f 4151 4152 4118
f 4118 4152 4119
f 4152 4153 4119
f 4119 4153 4120
f 4153 4154 4120
f 4120 4154 4121
f 4154 4155 4121
f 4155 4156 4121
f 4121 4156 4122
f 4156 4157 4122
f 4122 4157 4080
f 4157 4158 4080
f 4080 4158 4123
f 4158 4159 4123
f 4123 4159 4124
f 4159 4160 4124
f 4160 4161 4124
f 4124 4161 4125
f 4161 3908 4125
f 4125 3908 4126
f 3908 3907 4126
f 3907 4162 4126
f 4126 4162 4084
f 4162 4163 4084
f 4084 4163 4085
f 4163 4164 4085
f 4085 4164 4086
f 4164 4165 4086
f 4165 4166 4086
f 4086 4166 4127
f 4166 4167 4127
f 4127 4167 4087
f 4087 4167 4128
f 4167 4168 4128
f 4128 4168 4129
f 4168 4169 4129
f 4169 4170 4129
f 4129 4170 4089
f 4170 4130 4089
f 4130 4171 4090
f 4090 4171 4131
f 4171 4172 4131
f 4172 4173 4131
f 4131 4173 4132
f 4173 4174 4132
f 4132 4174 4133
f 4174 4175 4133
f 4133 4175 4134
f 4175 4176 4134
f 4134 4176 4135
f 4176 4177 4135
f 4177 4136 4135
f 4136 4178 4137
f 4178 24 4137
f 4137 24 4138
f 24 84 4138
f 4138 84 4139
f 84 83 4139
f 83 82 4139
f 4139 82 4099
f 82 81 4099
f 4099 81 4140
f 81 80 4140
f 80 79 4140
f 4140 79 4141
f 79 78 4141
f 4141 78 4142
f 78 3904 4142
f 4142 3904 4103
f 3904 74 4103
f 4103 74 4104
f 74 72 4104
f 4179 4180 4169
f 4169 4180 4170
f 4180 4181 4170
f 4170 4181 4130
f 4130 4182 4171
f 4182 4183 4171
f 4183 4172 4171
f 4172 4184 4173
f 4184 4185 4173
f 4173 4185 4174
f 4185 4186 4174
f 4186 4175 4174
f 4175 4187 4176
f 4187 4188 4176
f 4188 4177 4176
f 4177 4189 4136
f 4189 4178 4136
f 4178 25 24
f 11 3903 4143
f 3903 4190 4143
f 4190 4144 4143
f 4144 4191 4145
f 4145 4191 4146
f 4191 4192 4146
f 4192 4147 4146
f 4147 4193 4148
f 4193 4149 4148
f 4149 4194 4116
f 4194 4150 4116
f 4150 4195 4151
f 4195 4196 4151
f 4196 4152 4151
f 4152 4197 4153
f 4198 4180 4179
f 4181 4199 4130
f 4199 4182 4130
f 4182 4200 4183
f 4183 4184 4172
f 4184 4201 4185
f 4201 4186 4185
f 4186 4187 4175
f 4187 4202 4188
f 4188 4189 4177
f 4189 4203 4178
f 4203 26 4178
f 4178 26 25
f 7 5 3903
f 5 4204 3903
f 4204 4190 3903
f 4190 4205 4144
f 4191 4206 4192
f 4206 4207 4192
f 4192 4207 4147
f 4207 4193 4147
f 4193 4208 4149
f 4149 4208 4194
f 4208 4209 4194
f 4194 4209 4150
f 4209 4195 4150
f 4195 4210 4196
f 4210 4211 4196
f 4196 4211 4152
f 4211 4212 4152
f 4152 4212 4197
f 4213 4214 4198
f 4214 4215 4198
f 4198 4215 4180
f 4180 4215 4181
f 4215 4199 4181
f 4199 4216 4182
f 4216 4200 4182
f 4200 4217 4183
f 4217 4218 4183
f 4183 4218 4184
f 4218 4201 4184
f 4201 4219 4186
f 4219 4220 4186
f 4186 4220 4187
f 4220 4202 4187
f 4202 4221 4188
f 4221 4222 4188
f 4188 4222 4189
f 4222 4203 4189
f 4203 40 26
f 4 4223 5
f 5 4223 4204
f 4204 4205 4190
f 4205 4224 4144
f 4144 4224 4191
f 4224 4206 4191
f 4206 4225 4207
f 4225 4226 4207
f 4207 4226 4193
f 4226 4227 4193
f 4193 4227 4208
f 4227 4228 4208
f 4228 4209 4208
f 4209 4229 4195
f 4229 4210 4195
f 4210 4230 4211
f 4230 4231 4211
f 4211 4231 4212
f 4231 4232 4212
f 4213 4233 4214
f 4233 4234 4214
f 4214 4234 4215
f 4234 4235 4215
f 4215 4235 4199
f 4235 4216 4199
f 4216 4236 4200
f 4236 4217 4200
f 4217 4237 4218
f 4218 4237 4201
f 4237 4219 4201
f 4219 4238 4220
f 4238 4239 4220
f 4220 4239 4202
f 4239 4221 4202
f 4221 4240 4222
f 4240 4241 4222
f 4222 4241 4203
f 4241 27 4203
f 27 40 4203
f 4 9 4223
f 4223 4242 4204
f 4204 4242 4205
f 4242 4243 4205
f 4205 4243 4224
f 4243 4244 4224
f 4224 4244 4206
f 4244 4225 4206
f 4225 4245 4226
f 4245 4227 4226
f 4227 4246 4228
f 4228 4246 4209
f 4246 4229 4209
f 4229 4247 4210
f 4247 4230 4210
f 4230 4248 4231
f 4248 4232 4231
f 3933 3935 4233
f 3935 4234 4233
f 4234 4249 4235
f 4249 4250 4235
f 4235 4250 4216
f 4250 4236 4216
f 4236 4251 4217
f 4217 4251 4237
f 4251 4252 4237
f 4237 4252 4219
f 4252 4253 4219
f 4219 4253 4238
f 4253 4254 4238
f 4238 4254 4239
f 4254 4255 4239
f 4239 4255 4221
f 4255 4240 4221
f 4240 4256 4241
f 4256 3905 4241
f 4241 3905 27
f 3905 28 27
f 8 4257 9
f 9 4257 4223
f 4223 4257 4242
f 4257 4258 4242
f 4242 4258 4243
f 4258 4259 4243
f 4243 4259 4244
f 4259 4260 4244
f 4244 4260 4225
f 4260 4261 4225
f 4225 4261 4245
f 4261 4262 4245
f 4245 4262 4227
f 4262 4263 4227
f 4227 4263 4246
f 4263 4264 4246
f 4246 4264 4229
f 4264 4247 4229
f 4247 3910 4230
f 3910 3909 4230
f 4230 3909 4248
f 3932 3931 3934
f 3931 4265 3934
f 3934 4265 3935
f 4265 4266 3935
f 3935 4266 4234
f 4266 4249 4234
f 4249 4267 4250
f 4267 4268 4250
f 4250 4268 4236
f 4268 4269 4236
f 4236 4269 4251
f 4269 4270 4251
f 4251 4270 4252
f 4270 4271 4252
f 4252 4271 4253
f 4271 4272 4253
f 4253 4272 4254
f 4272 4273 4254
f 4254 4273 4255
f 4273 4274 4255
f 4255 4274 4240
f 4274 4256 4240
f 4256 3895 3905
f 3895 30 3905
f 120 3902 8
f 3902 4275 8
f 4275 4276 8
f 8 4276 4257
f 4276 4277 4257
f 4257 4277 4258
f 4277 4278 4258
f 4258 4278 4259
f 4278 4279 4259
f 4259 4279 4260
f 4279 4280 4260
f 4260 4280 4261
f 4280 4281 4261
f 4261 4281 4262
f 4281 4282 4262
f 4262 4282 4263
f 4282 4283 4263
f 4263 4283 4264
f 4283 4284 4264
f 4264 4284 4247
f 4284 3910 4247
f 3900 3901 115
f 3901 4285 117
f 117 4285 118
f 4285 4286 118
f 118 4286 121
f 4286 4287 121
f 121 4287 122
f 122 4287 119
f 4287 3902 119
f 4275 4288 4276
f 4276 4288 4277
f 4288 4289 4277
f 4277 4289 4278
f 4289 4290 4278
f 4278 4290 4279
f 4290 4291 4279
f 4279 4291 4280
f 4291 4292 4280
f 4280 4292 4281
f 4292 4293 4281
f 4281 4293 4282
f 4293 4294 4282
f 4282 4294 4283
f 4294 4295 4283
f 4283 4295 4284
f 4295 4296 4284
f 4284 4296 3910
f 4296 4297 3910
f 3910 4297 3912
f 4297 4298 3912
f 3912 4298 3913
f 4298 4299 3913
f 3913 4299 3914
f 4299 4300 3914
f 3914 4300 4301
f 4301 4300 3918
f 4300 3916 3918
f 3916 4302 3919
f 4302 3920 3919
f 3920 3923 3922
f 3923 4303 3925
f 3925 4303 4304
f 4303 4305 4304
f 4304 4305 3928
f 4305 3926 3928
f 3926 4306 3929
f 3929 4306 4307
f 4306 4308 4307
f 4307 4308 3930
f 3930 4308 3931
f 4308 4309 3931
f 3931 4309 4265
f 4265 4309 4266
f 4309 4310 4266
f 4266 4310 4249
f 4249 4310 4267
f 4310 4311 4267
f 4267 4311 4268
f 4311 4312 4268
f 4268 4312 4269
f 4312 4313 4269
f 4269 4313 4270
f 4313 4314 4270
f 4270 4314 4271
f 4314 4315 4271
f 4271 4315 4272
f 4315 4316 4272
f 4272 4316 4273
f 4316 4317 4273
f 4273 4317 4274
f 4317 4318 4274
f 4274 4318 4256
f 4256 4318 3895
f 4318 4319 3895
f 3895 4319 3896
f 3896 4319 105
f 4319 3897 105
f 3897 4320 107
f 107 4320 3898
f 4320 4321 3898
f 3898 4321 109
f 109 4321 110
f 4321 3899 110
f 110 3899 111
f 3899 4322 113
f 4322 3900 113
f 4322 4323 3900
f 3900 4323 3901
f 4323 4324 3901
f 3901 4324 4285
f 4324 4325 4285
f 4285 4325 4286
f 4325 4326 4286
f 4286 4326 4287
f 4326 4327 4287
f 4287 4327 3902
f 4327 4328 3902
f 3902 4328 4275
f 4328 4329 4275
f 4275 4329 4288
f 4329 4330 4288
f 4288 4330 4289
f 4330 4331 4289
f 4289 4331 4290
f 4331 4332 4290
f 4290 4332 4291
f 4332 4333 4291
f 4291 4333 4292
f 4333 4334 4292
f 4292 4334 4293
f 4334 4335 4293
f 4293 4335 4294
f 4335 4336 4294
f 4294 4336 4295
f 4336 4337 4295
f 4295 4337 4296
f 4337 4338 4296
f 4296 4338 4297
f 4338 4339 4297
f 4297 4339 4298
f 4339 4340 4298
f 4298 4340 4299
f 4340 4341 4299
f 4299 4341 4300
f 4341 4342 4300
f 4300 4342 3916
f 4342 4302 3916
f 4302 4343 3920
f 4343 4344 3920
f 3920 4344 3923
f 4344 4345 3923
f 3923 4345 4303
f 4345 4346 4303
f 4303 4346 4305
f 4346 4347 4305
f 4305 4347 3926
f 3926 4347 4306
f 4347 4348 4306
f 4306 4348 4308
f 4348 4349 4308
f 4308 4349 4309
f 4349 4350 4309
f 4309 4350 4310
f 4350 4351 4310
f 4310 4351 4311
f 4351 4352 4311
f 4311 4352 4312
f 4352 4353 4312
f 4312 4353 4313
f 4353 4354 4313
f 4313 4354 4314
f 4354 4355 4314
f 4314 4355 4315
f 4355 4356 4315
f 4315 4356 4316
f 4356 4357 4316
f 4316 4357 4317
f 4357 4358 4317
f 4317 4358 4318
f 4358 4359 4318
f 4318 4359 4319
f 4359 4360 4319
f 4319 4360 3897
f 4360 4361 3897
f 3897 4361 4320
f 4361 4362 4320
f 4320 4362 4321
f 4362 4363 4321
f 4321 4363 3899
f 4363 4364 3899
f 3899 4364 4322
f 4364 4365 4322
f 4365 4366 4322
f 4322 4366 4323
f 4366 4367 4323
f 4323 4367 4324
f 4367 4368 4324
f 4324 4368 4325
f 4368 4369 4325
f 4325 4369 4326
f 4369 4370 4326
f 4326 4370 4327
f 4370 4371 4327
f 4327 4371 4328
f 4371 4372 4328
f 4328 4372 4329
f 4372 4373 4329
f 4329 4373 4330
f 4373 4374 4330
f 4330 4374 4331
f 4374 4375 4331
f 4331 4375 4332
f 4375 4376 4332
f 4332 4376 4333
f 4376 4377 4333
f 4333 4377 4334
f 4377 4378 4334
f 4334 4378 4335
f 4378 4379 4335
f 4335 4379 4336
f 4379 4380 4336
f 4336 4380 4337
f 4380 4381 4337
f 4337 4381 4338
f 4381 4382 4338
f 4338 4382 4339
f 4382 4383 4339
f 4339 4383 4340
f 4383 4384 4340
f 4340 4384 4341
f 4384 4385 4341
f 4341 4385 4342
f 4385 4386 4342
f 4342 4386 4302
f 4386 4343 4302
f 4343 4387 4344
f 4387 4388 4344
f 4344 4388 4345
f 4388 4389 4345
f 4345 4389 4346
f 4389 4390 4346
f 4346 4390 4347
f 4390 4391 4347
f 4347 4391 4348
f 4391 4392 4348
f 4348 4392 4349
f 4392 4393 4349
f 4349 4393 4350
f 4393 4394 4350
f 4350 4394 4351
f 4394 4395 4351
f 4351 4395 4352
f 4395 4396 4352
f 4352 4396 4353
f 4396 4397 4353
f 4353 4397 4354
f 4397 4398 4354
f 4354 4398 4355
f 4398 4399 4355
f 4355 4399 4356
f 4399 4400 4356
f 4356 4400 4357
f 4400 4401 4357
f 4357 4401 4358
f 4401 4402 4358
f 4358 4402 4359
f 4402 4403 4359
f 4359 4403 4360
f 4403 4404 4360
f 4360 4404 4361
f 4404 4405 4361
f 4361 4405 4362
f 4405 4406 4362
f 4362 4406 4363
f 4406 4407 4363
f 4363 4407 4364
f 4407 4365 4364
f 4365 4408 4366
f 4408 4409 4366
f 4366 4409 4367
f 4409 4410 4367
f 4367 4410 4368
f 4410 4411 4368
f 4368 4411 4369
f 4411 4412 4369
f 4369 4412 4370
f 4412 4413 4370
f 4370 4413 4371
f 4413 4414 4371
f 4371 4414 4372
f 4414 4415 4372
f 4372 4415 4373
f 4415 4416 4373
f 4373 4416 4374
f 4416 4417 4374
f 4374 4417 4375
f 4417 4418 4375
f 4375 4418 4376
f 4418 4419 4376
f 4376 4419 4377
f 4419 3734 4377
f 4377 3734 4378
f 3734 4420 4378
f 4378 4420 4379
f 4420 4421 4379
f 4379 4421 4380
f 4421 3726 4380
f 4380 3726 4381
f 4381 4422 4382
f 4382 4422 4383
f 4422 4423 4383
f 4383 4423 4384
f 4385 4424 4386
f 4386 4424 4343
f 4424 4387 4343
f 4387 4425 4388
f 4425 4426 4388
f 4388 4426 4389
f 4426 4427 4389
f 4389 4427 4390
f 4427 4428 4390
f 4390 4428 4391
f 4428 4429 4391
f 4391 4429 4392
f 4429 4430 4392
f 4392 4430 4393
f 4430 4431 4393
f 4393 4431 4394
f 4431 3676 4394
f 4394 3676 4395
f 3676 4432 4395
f 4395 4432 4396
f 4432 4433 4396
f 4396 4433 4397
f 4433 4434 4397
f 4397 4434 4398
f 4434 4435 4398
f 4398 4435 4399
f 4435 3667 4399
f 4399 3667 4400
f 3667 4436 4400
f 4400 4436 4401
f 4436 4437 4401
f 4401 4437 4402
f 4437 4438 4402
f 4402 4438 4403
f 4438 4439 4403
f 4403 4439 4404
f 4439 4440 4404
f 4404 4440 4405
f 4440 4441 4405
f 4405 4441 4406
f 4441 4442 4406
f 4406 4442 4407
f 4442 4443 4407
f 4407 4443 4365
f 4443 4408 4365
f 4443 3765 4408
f 3765 3761 4408
f 4408 3761 4409
f 3761 3759 4409
f 4409 3759 4410
f 3759 3757 4410
f 3757 3752 4410
f 4410 3752 4411
f 4411 3752 4412
f 3752 3750 4412
f 4412 3750 4413
f 3750 3748 4413
f 4413 3748 4414
f 3748 3745 4414
f 3745 3743 4414
f 4414 3743 4415
f 4415 3743 4416
f 3743 3739 4416
f 4416 3739 4417
f 3739 3737 4417
f 4417 3737 4418
f 3737 3736 4418
f 3736 3640 4418
f 4418 3640 4419
f 3640 3734 4419
f 3734 3732 4420
f 3732 3730 4420
f 4420 3730 4421
f 3730 3726 4421
f 3726 3724 4381
f 4381 3724 4422
f 3724 3720 4422
f 4422 3720 4423
f 3720 3719 4423
f 3719 3716 4423
f 4423 3716 4384
f 3716 3714 4384
f 4384 3714 4385
f 3714 3710 4385
f 4385 3710 4424
f 3710 3704 4424
f 3704 3702 4424
f 4424 3702 4387
f 4387 3702 4425
f 3702 3700 4425
f 4425 3700 4426
f 3700 3697 4426
f 4426 3697 4427
f 3697 3693 4427
f 4427 3693 4428
f 3693 3692 4428
f 3692 3688 4428
f 4428 3688 4429
f 3688 3686 4429
f 4429 3686 4430
f 3686 3683 4430
f 3683 3681 4430
f 4430 3681 4431
f 3681 3679 4431
f 4431 3679 3676
f 3676 3675 4432
f 3675 3673 4432
f 4432 3673 4433
f 3673 3643 4433
f 4433 3643 4434
f 3643 3669 4434
f 4434 3669 4435
f 4435 3669 3667
f 3667 3666 4436
f 3666 3665 4436
f 3665 3659 4436
f 4436 3659 4437
f 4437 3659 4438
f 3659 3657 4438
f 4438 3657 4439
f 3657 3656 4439
f 3656 3652 4439
f 4439 3652 4440
f 3652 3650 4440
f 4440 3650 4441
f 3650 3644 4441
f 4441 3644 4442
f 3644 3646 4442
f 4442 3646 4443
f 3646 3768 4443
f 3768 3765 4443
f 3552 1771 3550
f 1771 1773 3550
f 3550 1773 3548
f 1773 1775 3548
f 3548 1775 3546
f 1775 1777 3546
f 3546 1777 3544
f 1777 1779 3544
f 3544 1779 3542
f 1779 1781 3542
f 3542 1781 3540
f 1781 1783 3540
f 3540 1783 3538
f 1783 1785 3538
f 3538 1785 3536
f 1785 1787 3536
f 3536 1787 3534
f 1787 1789 3534
f 3534 1789 3532
f 1789 1791 3532
f 3532 1791 3530
f 1791 1793 3530
f 3530 1793 3528
f 1793 1795 3528
f 3528 1795 3526
f 1795 1797 3526
f 3526 1797 3524
f 1797 1799 3524
f 3524 1799 3522
f 1799 1801 3522
f 3522 1801 3520
f 1801 1803 3520
f 3520 1803 3518
f 1803 1805 3518
f 3518 1805 3516
f 1805 1807 3516
f 3516 1807 3514
f 1807 1809 3514
f 3514 1809 3512
f 1809 1811 3512
f 3512 1811 3510
f 1811 1813 3510
f 3510 1813 3508
f 1813 1815 3508
f 3508 1815 3506
f 1815 1817 3506
f 3506 1817 3504
f 1817 1819 3504
f 3504 1819 3502
f 1819 1821 3502
f 3502 1821 3500
f 1821 1823 3500
f 3500 1823 3498
f 1823 1825 3498
f 3498 1825 3496
f 1825 1827 3496
f 3496 1827 3494
f 1827 1829 3494
f 3494 1829 3492
f 1829 1831 3492
f 3492 1831 3490
f 1831 1833 3490
f 3490 1833 3488
f 1833 1835 3488
f 3488 1835 3486
f 1835 1837 3486
f 3486 1837 3484
f 1837 1695 3484
f 3484 1695 3482
f 1695 1697 3482
f 3482 1697 3624
f 1697 1699 3624
f 3624 1699 3622
f 1699 1701 3622
f 3622 1701 3620
f 1701 1703 3620
f 3620 1703 3618
f 1703 1705 3618
f 3618 1705 3616
f 1705 1707 3616
f 3616 1707 3614
f 1707 1709 3614
f 3614 1709 3612
f 1709 1711 3612
f 3612 1711 3610
f 1711 1713 3610
f 3610 1713 3608
f 1713 1715 3608
f 3608 1715 3606
f 1715 1717 3606
f 3606 1717 3604
f 1717 1719 3604
f 3604 1719 3602
f 1719 1721 3602
f 3602 1721 3600
f 1721 1723 3600
f 3600 1723 3598
f 1723 1725 3598
f 3598 1725 3596
f 1725 1727 3596
f 3596 1727 3594
f 1727 1729 3594
f 3594 1729 3592
f 1729 1731 3592
f 3592 1731 3590
f 1731 1733 3590
f 3590 1733 3588
f 1733 1735 3588
f 3588 1735 3586
f 1735 1737 3586
f 3586 1737 3584
f 1737 1739 3584
f 3584 1739 3582
f 1739 1741 3582
f 3582 1741 3580
f 1741 1743 3580
f 3580 1743 3578
f 1743 1745 3578
f 3578 1745 3576
f 1745 1747 3576
f 3576 1747 3574
f 1747 1749 3574
f 3574 1749 3572
f 1749 1751 3572
f 3572 1751 3570
f 1751 1753 3570
f 3570 1753 3568
f 1753 1755 3568
f 3568 1755 3566
f 1755 1757 3566
f 3566 1757 3564
f 1757 1759 3564
f 3564 1759 3562
f 1759 1761 3562
f 3562 1761 3560
f 1761 1763 3560
f 3560 1763 3558
f 1763 1765 3558
f 3558 1765 3556
f 1765 1767 3556
f 3556 1767 3554
f 1767 1769 3554
f 3554 1769 3552
f 1769 1771 3552
f 4444 4445 4446
f 4445 4447 4446
f 4446 4447 4448
f 4447 4449 4448
f 4448 4449 4450
f 4449 4451 4450
f 4450 4451 4452
f 4451 4453 4452
f 4452 4453 4454
f 4453 4455 4454
f 4454 4455 4456
f 4455 4457 4456
f 4456 4457 4458
f 4457 4459 4458
f 4458 4459 4460
f 4459 4461 4460
f 4460 4461 4462
f 4461 4463 4462
f 4462 4463 4464
f 4463 4465 4464
f 4464 4465 4466
f 4465 4467 4466
f 4466 4467 4468
f 4467 4469 4468
f 4468 4469 4470
f 4469 4471 4470
f 4470 4471 4472
f 4471 4473 4472
f 4472 4473 4474
f 4473 4475 4474
f 4474 4475 4476
f 4475 4477 4476
f 4476 4477 4478
f 4477 4479 4478
f 4478 4479 4480
f 4479 4481 4480
f 4480 4481 4482
f 4481 4483 4482
f 4482 4483 4484
f 4483 4485 4484
f 4484 4485 4486
f 4485 4487 4486
f 4486 4487 4488
f 4487 4489 4488
f 4488 4489 4490
f 4489 4491 4490
f 4490 4491 4492
f 4491 4493 4492
f 4492 4493 4494
f 4493 4495 4494
f 4494 4495 4496
f 4495 4497 4496
f 4496 4497 4498
f 4497 4499 4498
f 4498 4499 4500
f 4499 4501 4500
f 4500 4501 4502
f 4501 4503 4502
f 4502 4503 4504
f 4503 4505 4504
f 4504 4505 4506
f 4505 4507 4506
f 4506 4507 4508
f 4507 4509 4508
f 4508 4509 4510
f 4509 4511 4510
f 4510 4511 4512
f 4511 4513 4512
f 4512 4513 4514
f 4513 4515 4514
f 4514 4515 4516
f 4515 4517 4516
f 4516 4517 4518
f 4517 4519 4518
f 4518 4519 4520
f 4519 4521 4520
f 4520 4521 4522
f 4521 4523 4522
f 4522 4523 4524
f 4523 4525 4524
f 4524 4525 4526
f 4525 4527 4526
f 4526 4527 4528
f 4527 4529 4528
f 4528 4529 4530
f 4529 4531 4530
f 4530 4531 4532
f 4531 4533 4532
f 4532 4533 4534
f 4533 4535 4534
f 4534 4535 4536
f 4535 4537 4536
f 4536 4537 4538
f 4537 4539 4538
f 4538 4539 4540
f 4539 4541 4540
f 4540 4541 4542
f 4541 4543 4542
f 4542 4543 4544
f 4543 4545 4544
f 4544 4545 4546
f 4545 4547 4546
f 4546 4547 4548
f 4547 4549 4548
f 4548 4549 4550
f 4549 4551 4550
f 4550 4551 4552
f 4551 4553 4552
f 4552 4553 4554
f 4553 4555 4554
f 4554 4555 4556
f 4555 4557 4556
f 4556 4557 4558
f 4557 4559 4558
f 4558 4559 4560
f 4559 4561 4560
f 4560 4561 4562
f 4561 4563 4562
f 4562 4563 4564
f 4563 4565 4564
f 4564 4565 4566
f 4565 4567 4566
f 4566 4567 4568
f 4567 4569 4568
f 4568 4569 4570
f 4569 4571 4570
f 4570 4571 4572
f 4571 4573 4572
f 4572 4573 4574
f 4573 4575 4574
f 4574 4575 4576
f 4575 4577 4576
f 4576 4577 4578
f 4577 4579 4578
f 4578 4579 4580
f 4579 4581 4580
f 4580 4581 4582
f 4581 4583 4582
f 4582 4583 4584
f 4583 4585 4584
f 4584 4585 4586
f 4585 4587 4586
f 4586 4587 4444
f 4587 4445 4444
f 1480 1495 236
f 282 2397 273
f 273 2397 2380
f 2380 2361 314
f 314 2361 2116
f 311 1183 302
f 1495 237 236
f 314 2116 312
f 2380 314 273
f 273 314 284
f 314 335 284
f 284 335 286
f 335 337 286
f 286 337 288
f 337 339 288
f 288 339 236
f 339 302 236
f 1183 1461 302
f 1461 1480 302
f 302 1480 236
f 4588 4589 2682
f 1949 1951 1780
f 3638 3736 2708
f 3736 3738 2708
f 2708 3738 2710
f 2710 3738 3740
f 3740 3741 2710
f 3741 3742 2710
f 2710 3742 3744
f 2710 3744 3745
f 3745 3747 2710
f 3747 3746 2710
f 3746 3749 2710
f 3749 3751 2710
f 2710 3751 3753
f 3753 3754 2710
f 3754 3756 2710
f 2710 3756 3755
f 3755 3758 2710
f 3758 3760 2710
f 3760 3763 2710
f 2710 3763 3762
f 3762 3764 1804
f 3764 3766 1804
f 3766 3770 1804
f 3770 3769 1804
f 1804 3769 3767
f 3767 3647 1804
f 1804 3647 3645
f 3645 3648 1804
f 3648 3649 1804
f 1804 3649 3651
f 1804 3651 3654
f 3654 3653 1804
f 3653 3655 1804
f 3655 3658 1804
f 1804 3658 3662
f 1804 3662 3661
f 3661 3660 1804
f 3660 3664 1804
f 3664 3663 1804
f 3663 3666 1804
f 1804 3666 3668
f 1804 3668 3670
f 3670 3671 1804
f 1804 3671 1806
f 3671 3642 1806
f 1806 3642 3641
f 3641 3672 1806
f 3672 3674 1806
f 1806 3674 1808
f 1808 3674 3675
f 3675 3677 1808
f 3677 3678 1808
f 1808 3678 3680
f 1808 3680 3682
f 3682 3681 1808
f 3681 3684 1808
f 3684 3685 1808
f 1808 3685 3687
f 1808 3687 3690
f 3690 3689 1808
f 3689 3691 1808
f 3711 3713 2706
f 3691 3694 1808
f 1808 3694 3698
f 3698 3696 1808
f 1808 3696 3695
f 3695 3699 1808
f 1808 3699 3701
f 3701 3703 1808
f 1808 3703 3708
f 3707 3706 2706
f 2706 3706 3705
f 3705 3709 2706
f 3709 3711 2706
f 3713 3712 2706
f 3712 3715 2706
f 3715 3717 2706
f 2706 3717 3718
f 2706 3718 3721
f 3721 3722 2706
f 3722 3723 2706
f 2706 3723 3725
f 2706 3725 3727
f 3727 3728 2706
f 3728 3729 2706
f 2706 3729 3731
f 2706 3731 3733
f 3735 3639 2708
f 3639 3638 2708
f 3733 3732 2706
f 3732 3735 2706
f 2706 3735 2708
f 2856 2859 2724
f 2859 2858 2724
f 2724 2858 2860
f 2724 2860 2863
f 2863 2864 2724
f 2864 2866 2724
f 2724 2866 2867
f 2867 2870 2724
f 2751 1790 2869
f 1790 2870 2869
f 2751 2753 1790
f 2753 2755 1790
f 2755 2758 1790
f 2758 2757 1790
f 1790 2757 2759
f 1790 2759 2749
f 2749 2748 1790
f 2821 2818 2720
f 2720 2818 2817
f 2817 2822 2720
f 2822 2827 2720
f 2827 2825 2720
f 2720 2825 2824
f 2720 2824 2828
f 2828 2830 2720
f 2720 2830 2831
f 2720 2831 2835
f 2835 2833 2720
f 2833 2836 2720
f 2836 2838 2720
f 2720 2838 2722
f 2838 2840 2722
f 2840 2842 2722
f 2722 2842 2841
f 2722 2841 2844
f 2844 2846 2722
f 2846 2848 2722
f 2848 2847 2722
f 2722 2847 2851
f 2851 2853 2722
f 2722 2853 2724
f 2853 2854 2724
f 2724 2854 2856
f 2797 2798 1796
f 2798 2800 1796
f 1796 2800 2805
f 2805 2802 1796
f 2802 2801 1796
f 2810 2718 2808
f 2718 2806 2808
f 2810 2812 2718
f 2812 2811 2718
f 2718 2811 2814
f 2814 2816 2718
f 2718 2816 2720
f 2720 2816 2821
f 2748 2762 1790
f 1790 2762 1792
f 2762 2761 1792
f 2761 2768 1792
f 2768 2767 1792
f 1792 2767 2766
f 2766 2770 1792
f 2770 2769 1792
f 1792 2769 2771
f 2771 2773 1792
f 2773 2775 1792
f 2775 2774 1792
f 2774 2777 1792
f 1792 2777 1794
f 2777 2778 1794
f 2778 2780 1794
f 2780 2784 1794
f 2784 2782 1794
f 1794 2782 2781
f 2781 2785 1794
f 1794 2785 2787
f 1794 2787 2789
f 2789 2788 1794
f 2788 2793 1794
f 2793 2794 1794
f 1794 2794 2796
f 2796 2797 1794
f 1794 2797 1796
f 1979 1977 1782
f 1780 1951 1782
f 1951 1954 1782
f 1782 1954 1953
f 1953 1955 1782
f 1955 1957 1782
f 1782 1957 1959
f 1782 1959 1961
f 1961 1962 1782
f 1962 1849 1782
f 1782 1849 1848
f 1848 1963 1782
f 1963 1966 1782
f 1966 1969 1782
f 1782 1969 1968
f 1968 1973 1782
f 1782 1973 1971
f 1971 1976 1782
f 1782 1976 1975
f 1975 1980 1782
f 1980 1979 1782
f 1855 1854 2732
f 2732 1854 1858
f 1858 1860 2732
f 2732 1860 1862
f 1852 1851 2732
f 1862 1861 2732
f 2732 1861 1865
f 2732 1865 1866
f 1866 1869 2732
f 2732 1869 1870
f 2732 1870 1852
f 1851 1871 2732
f 1871 1873 2732
f 1873 1875 2732
f 1875 1878 2732
f 2732 1878 2734
f 1878 1877 2734
f 1877 1879 2734
f 2734 1879 1881
f 2734 1881 1882
f 1882 1883 2734
f 2734 1883 2736
f 1883 1884 2736
f 2736 1884 1886
f 1886 1887 2736
f 2736 1887 1889
f 2736 1889 1890
f 1890 1892 2736
f 1892 1893 2736
f 1893 1895 2736
f 1895 1896 2736
f 1896 1897 2736
f 2736 1897 1899
f 2736 1899 1904
f 1904 1903 2736
f 1903 1902 2736
f 1902 1905 2736
f 1905 1906 2736
f 1906 1908 2736
f 2736 1908 1910
f 1910 1911 2736
f 2736 1911 1917
f 1778 1917 1916
f 1916 1914 1778
f 1914 1913 1778
f 1778 1913 1918
f 1918 1923 1778
f 1778 1923 1922
f 1922 1920 1778
f 1778 1920 1919
f 1919 1925 1778
f 1925 1927 1778
f 1778 1927 1931
f 1931 1929 1778
f 1778 1929 1928
f 1778 1928 1932
f 1932 1934 1778
f 1934 1936 1778
f 1936 1937 1778
f 1937 1939 1778
f 1939 1941 1778
f 1941 1940 1778
f 1940 1943 1778
f 1778 1943 1780
f 1943 1945 1780
f 1780 1945 1947
f 1947 1946 1780
f 1780 1946 1949
f 2604 1038 2606
f 1038 1039 2606
f 2606 1039 1041
f 1041 1042 2606
f 1042 1044 2606
f 1044 1045 2606
f 1045 1047 2606
f 2606 1047 1048
f 1048 1050 2606
f 1050 1051 2606
f 2606 1051 1053
f 1053 1055 2606
f 2606 1055 1057
f 1057 1056 1764
f 1764 1056 941
f 941 943 1764
f 943 945 1764
f 945 949 1764
f 1764 949 947
f 947 946 1764
f 946 951 1764
f 1764 951 956
f 956 954 1764
f 959 1766 957
f 1766 1764 957
f 957 1764 953
f 1764 954 953
f 1028 1029 2604
f 1766 959 960
f 960 962 1766
f 962 963 1766
f 963 964 1766
f 964 968 1766
f 968 967 1766
f 967 969 1766
f 969 970 1766
f 1766 970 1768
f 970 973 1768
f 973 972 1768
f 972 974 1768
f 974 976 1768
f 976 977 1768
f 1768 977 979
f 979 981 1768
f 1768 981 980
f 1768 980 983
f 983 985 1768
f 1768 985 987
f 987 986 1768
f 986 989 1768
f 989 991 1768
f 991 995 1768
f 995 993 1768
f 1768 993 997
f 997 996 1768
f 1768 996 1000
f 1000 1003 2602
f 1003 1002 2602
f 1002 1005 2602
f 2602 1005 1004
f 1004 1006 2602
f 2602 1006 1008
f 1008 1010 2602
f 1010 1015 2602
f 1015 1013 2602
f 1013 1016 2602
f 1016 1017 2602
f 2602 1017 1019
f 1019 1020 2602
f 2602 1020 1022
f 2602 1022 1023
f 1023 1025 2602
f 1025 1026 2602
f 1026 1028 2602
f 2602 1028 2604
f 1029 1030 2604
f 2604 1030 1032
f 2604 1032 1034
f 1034 1033 2604
f 1033 1036 2604
f 2604 1036 1038
f 4590 4591 2616
f 2616 4591 4592
f 2616 4592 4593
f 2618 2616 4594
f 2616 4593 4594
f 4594 4595 2618
f 4595 4596 2618
f 4596 4597 2618
f 2618 4597 4598
f 2618 4598 4599
f 4599 4600 2618
f 4600 4601 2618
f 4601 4602 2618
f 4602 4603 2618
f 4603 4604 2618
f 2618 4604 4605
f 2618 4605 4606
f 4606 4607 2618
f 4607 4608 2618
f 4608 4609 2618
f 4609 4610 2618
f 2618 4610 4611
f 4611 4612 2618
f 2618 4612 4613
f 4613 4614 1752
f 4614 4615 1752
f 1752 4615 4616
f 4616 4617 1752
f 1752 4617 4618
f 4618 4619 1752
f 4619 4620 1752
f 1752 4620 4621
f 4621 4622 1752
f 1752 4622 4623
f 4623 4624 1752
f 4624 4625 1752
f 4625 4626 1752
f 4626 4627 1752
f 1752 4627 4628
f 1752 4628 4629
f 4629 4630 1752
f 4630 4631 1752
f 4631 4632 1752
f 1752 4632 1754
f 1754 4632 4633
f 4633 4634 1754
f 4634 4635 1754
f 4635 4636 1754
f 1754 4636 4637
f 1754 4637 1756
f 4637 4638 1756
f 4638 4639 1756
f 4639 4640 1756
f 1756 4640 4641
f 4641 4642 1756
f 1756 4642 4643
f 4643 4644 1756
f 1756 4644 4645
f 4645 4646 1756
f 1756 4646 4647
f 4647 4648 1756
f 1756 4648 4649
f 4649 4650 1756
f 1756 4650 4651
f 4651 4652 1756
f 1756 4652 4653
f 4653 4654 1756
f 1756 4654 4655
f 4656 4657 2614
f 2614 4657 4658
f 4658 4659 2614
f 2614 4659 4660
f 4660 4661 2614
f 4661 4662 2614
f 4662 4663 2614
f 4663 4664 2614
f 4664 4665 2614
f 2614 4665 4666
f 4666 4667 2614
f 2614 4667 4668
f 4668 4669 2614
f 4669 4670 2614
f 2614 4670 2616
f 4670 4671 2616
f 2616 4671 4590
f 4672 4673 1740
f 4673 4674 1740
f 4674 4675 1740
f 4675 4676 1740
f 4676 4677 1740
f 4677 4678 1740
f 1740 4678 4679
f 1740 4679 1742
f 4679 4680 1742
f 4680 4681 1742
f 1742 4681 4682
f 1742 4682 4683
f 4683 4684 1742
f 1742 4684 4685
f 1742 4685 4686
f 4686 4687 1742
f 1742 4687 4688
f 4688 4689 1742
f 4689 4690 1742
f 4690 4691 1742
f 1742 4691 4692
f 4692 4693 1742
f 1742 4693 4694
f 1742 4694 4695
f 4695 4696 1742
f 1742 4696 4697
f 4697 4698 1742
f 1742 4698 4699
f 4700 4701 2628
f 2628 4701 4702
f 4702 4703 2628
f 2628 4703 4704
f 4704 4705 2628
f 4705 4706 2628
f 4706 4707 2628
f 4707 4708 2628
f 2628 4708 4709
f 4709 4710 2628
f 2628 4710 4711
f 4711 4712 2628
f 2628 4712 4713
f 4713 4714 2628
f 2628 4714 4715
f 4715 4716 2628
f 2628 4716 4717
f 2628 4717 4718
f 4718 4719 2628
f 2628 4719 2630
f 2630 4719 4720
f 4720 4721 2630
f 2630 4721 4722
f 2630 4722 4723
f 4723 4724 2630
f 4724 4725 2630
f 2630 4725 2632
f 4725 4726 2632
f 4726 4727 2632
f 2632 4727 4728
f 2632 4728 4729
f 4729 4730 2632
f 4730 4731 2632
f 4731 4732 2632
f 4732 4733 2632
f 4733 4734 2632
f 4735 4736 1738
f 4734 4737 2632
f 2632 4737 4735
f 4736 4738 1738
f 4738 4739 1738
f 4739 4740 1738
f 4740 4741 1738
f 4741 4742 1738
f 4742 4743 1738
f 4743 4744 1738
f 1738 4744 4745
f 4745 4746 1738
f 1738 4746 4747
f 4747 4748 1738
f 1738 4748 4749
f 4749 4750 1738
f 1738 4750 1740
f 4750 4672 1740
f 4751 4752 2642
f 4752 4753 2642
f 4753 4754 2642
f 4754 4755 2642
f 4755 4756 2642
f 4756 4757 2642
f 2642 4757 4758
f 2642 4758 2644
f 4758 4759 2644
f 4759 4760 2644
f 2644 4760 4761
f 2644 4761 4762
f 4762 4763 2644
f 2644 4763 4764
f 2644 4764 4765
f 4765 4766 2644
f 2644 4766 4767
f 4767 4768 2644
f 4768 4769 2644
f 4769 4770 2644
f 2644 4770 4771
f 4771 4772 2644
f 2644 4772 4773
f 2644 4773 4774
f 4774 4775 2644
f 2644 4775 4776
f 4776 4777 2644
f 2644 4777 4778
f 4778 4779 1726
f 4779 4780 1726
f 1726 4780 4781
f 4781 4782 1726
f 1726 4782 4783
f 4783 4784 1726
f 4784 4785 1726
f 4785 4786 1726
f 4786 4787 1726
f 1726 4787 4788
f 4788 4789 1726
f 1726 4789 4790
f 4790 4791 1726
f 1726 4791 4792
f 4792 4793 1726
f 1726 4793 4794
f 4794 4795 1726
f 1726 4795 4796
f 1726 4796 4797
f 4797 4798 1726
f 1726 4798 1728
f 1728 4798 4799
f 4799 4800 1728
f 1728 4800 4801
f 1728 4801 4802
f 4802 4803 1728
f 1728 4803 4804
f 1728 4804 1730
f 4804 4805 1730
f 4805 4806 1730
f 1730 4806 4807
f 1730 4807 4808
f 4808 4809 1730
f 4809 4810 1730
f 4810 4811 1730
f 4811 4812 1730
f 4812 4813 1730
f 1730 4813 4814
f 4815 4816 2640
f 4814 4817 1730
f 1730 4817 4815
f 4816 4818 2640
f 4818 4819 2640
f 4819 4820 2640
f 4820 4821 2640
f 4821 4822 2640
f 4822 4823 2640
f 4823 4824 2640
f 2640 4824 4825
f 4825 4826 2640
f 2640 4826 4827
f 4827 4828 2640
f 2640 4828 4829
f 4829 4830 2640
f 2640 4830 2642
f 4830 4751 2642
f 4831 4832 2658
f 4832 4833 2658
f 4833 4834 2658
f 2658 4834 4835
f 4835 4836 2658
f 2658 4836 4837
f 4837 4838 2658
f 2658 4838 4839
f 4839 4840 2658
f 2658 4840 4841
f 4841 4842 2658
f 2658 4842 4843
f 4843 4844 2658
f 2658 4844 4845
f 4845 4846 2658
f 2658 4846 4847
f 4847 4848 1712
f 1712 4848 4849
f 4849 4850 1712
f 1712 4850 4851
f 4851 4852 1712
f 4852 4853 1712
f 4853 4854 1712
f 4854 4855 1712
f 4855 4856 1712
f 1712 4856 4857
f 4857 4858 1712
f 1712 4858 4859
f 4859 4860 1712
f 4860 4861 1712
f 1712 4861 1714
f 4861 4862 1714
f 1714 4862 4863
f 4863 4864 1714
f 1714 4864 4865
f 1714 4865 4866
f 4866 4867 1714
f 1714 4867 1716
f 1716 4867 4868
f 4868 4869 1716
f 4869 4870 1716
f 4870 4871 1716
f 4871 4872 1716
f 4872 4873 1716
f 1716 4873 4874
f 4874 4875 1716
f 1716 4875 4876
f 4876 4877 1716
f 4877 4878 1716
f 4878 4879 1716
f 1716 4879 4880
f 4880 4881 1716
f 1716 4881 4882
f 1716 4882 4883
f 4883 4884 1716
f 4884 4885 1716
f 4885 4886 1716
f 4886 4887 1716
f 1716 4887 4888
f 4889 4890 2654
f 4890 4891 2654
f 4891 4892 2654
f 2654 4892 4893
f 4893 4894 2654
f 2654 4894 4895
f 4895 4896 2654
f 4896 4897 2654
f 4897 4898 2654
f 2654 4898 4899
f 4899 4900 2654
f 4900 4901 2654
f 2654 4901 4902
f 4902 4903 2654
f 4903 4904 2654
f 4904 4905 2654
f 2654 4905 4906
f 2654 4906 4907
f 4907 4908 2654
f 4908 4909 2654
f 4909 4910 2654
f 2654 4910 2656
f 2656 4910 4911
f 4911 4912 2656
f 4912 4913 2656
f 4913 4914 2656
f 2656 4914 4915
f 2656 4915 2658
f 4915 4916 2658
f 2658 4916 4831
f 1702 4917 1704
f 4917 4918 1704
f 1704 4918 4919
f 4919 4920 1704
f 4920 4921 1704
f 4921 4922 1704
f 4922 4923 1704
f 1704 4923 4924
f 4924 4925 1704
f 4925 4926 1704
f 1704 4926 4927
f 4927 4928 1704
f 1704 4928 4929
f 4930 4931 2666
f 4931 4932 2666
f 4932 4933 2666
f 4933 4934 2666
f 2666 4934 4935
f 4935 4936 2666
f 4936 4937 2666
f 2666 4937 4938
f 4938 4939 2666
f 2668 2666 4940
f 4940 2666 4941
f 2666 4939 4941
f 4942 4943 1702
f 4940 4944 2668
f 2668 4944 4945
f 4945 4946 2668
f 4946 4947 2668
f 4947 4948 2668
f 4948 4949 2668
f 4949 4950 2668
f 4950 4951 2668
f 2668 4951 2670
f 2670 4951 4952
f 4952 4953 2670
f 4953 4954 2670
f 4954 4955 2670
f 4955 4956 2670
f 2670 4956 4957
f 4957 4958 2670
f 2670 4958 4959
f 2670 4959 4960
f 4960 4961 2670
f 2670 4961 4962
f 4962 4963 2670
f 4963 4964 2670
f 4964 4965 2670
f 4965 4966 2670
f 4966 4967 2670
f 2670 4967 4968
f 4968 4969 2670
f 2670 4969 4970
f 4970 4971 1700
f 1700 4971 4972
f 4972 4973 1700
f 1700 4973 4974
f 4974 4975 1700
f 1700 4975 4976
f 4976 4977 1700
f 4977 4978 1700
f 4978 4979 1700
f 4979 4980 1700
f 4980 4981 1700
f 1700 4981 4982
f 4982 4983 1700
f 1700 4983 4984
f 4984 4985 1700
f 1700 4985 4986
f 1700 4986 4987
f 4987 4988 1700
f 4988 4989 1700
f 4989 4942 1700
f 1700 4942 1702
f 4943 4990 1702
f 1702 4990 4991
f 1702 4991 4992
f 4992 4993 1702
f 4993 4994 1702
f 1702 4994 4917
f 4995 4996 2684
f 2682 4589 2684
f 4589 4997 2684
f 2684 4997 4998
f 4998 4999 2684
f 4999 5000 2684
f 2684 5000 5001
f 2684 5001 5002
f 5002 5003 2684
f 5003 5004 2684
f 2684 5004 5005
f 5005 5006 2684
f 5006 5007 2684
f 5007 5008 2684
f 2684 5008 5009
f 5009 5010 2684
f 2684 5010 5011
f 5011 5012 2684
f 2684 5012 5013
f 5013 5014 2684
f 5014 4995 2684
f 4996 5015 1830
f 5015 5016 1830
f 1830 5016 5017
f 5017 5018 1830
f 1830 5018 5019
f 5020 5021 1830
f 5019 5022 1830
f 1830 5022 5023
f 1830 5023 5024
f 5024 5025 1830
f 1830 5025 5026
f 1830 5026 5020
f 5021 5027 1830
f 5027 5028 1830
f 5028 5029 1830
f 5029 5030 1830
f 1830 5030 1832
f 5030 5031 1832
f 5031 5032 1832
f 1832 5032 5033
f 1832 5033 5034
f 5034 5035 1832
f 1832 5035 1834
f 5035 5036 1834
f 1834 5036 5037
f 5037 5038 1834
f 1834 5038 5039
f 1834 5039 5040
f 5040 5041 1834
f 5041 5042 1834
f 5042 5043 1834
f 5043 5044 1834
f 5044 5045 1834
f 1834 5045 5046
f 1834 5046 5047
f 5047 5048 1834
f 5048 5049 1834
f 5049 5050 1834
f 5050 5051 1834
f 5051 5052 1834
f 1834 5052 5053
f 5053 5054 1834
f 1834 5054 5055
f 5056 5057 2680
f 5057 5058 2680
f 2680 5058 5059
f 5059 5060 2680
f 2680 5060 5061
f 5061 5062 2680
f 5062 5063 2680
f 5063 5064 2680
f 5064 5065 2680
f 2680 5065 5066
f 5066 5067 2680
f 2680 5067 5068
f 2680 5068 5069
f 5069 5070 2680
f 5070 5071 2680
f 5071 5072 2680
f 5072 5073 2680
f 5073 5074 2680
f 5074 5075 2680
f 5075 5076 2680
f 2680 5076 2682
f 5076 5077 2682
f 2682 5077 5078
f 5078 5079 2682
f 2682 5079 4588
f 5080 5081 2698
f 5081 5082 2698
f 2698 5082 5083
f 5083 5084 2698
f 5084 5085 2698
f 5085 5086 1816
f 5086 5087 1816
f 5087 5088 1816
f 1816 5088 5089
f 1816 5089 5090
f 5091 5092 2694
f 5092 5093 2694
f 5093 5094 2694
f 2694 5094 5095
f 2694 5095 5096
f 5096 5097 2694
f 5097 5098 2694
f 5098 5099 2694
f 5099 5100 2694
f 2694 5100 2696
f 5100 5101 2696
f 5101 5102 2696
f 5102 5103 2696
f 5103 5104 2696
f 2696 5104 5105
f 5105 5106 2696
f 2696 5106 5107
f 2696 5107 5108
f 5108 5109 2696
f 2696 5109 5110
f 5110 5111 2696
f 5111 5112 2696
f 5112 5113 2696
f 2696 5113 5114
f 5114 5080 2696
f 2696 5080 2698
f 1822 5115 5116
f 5116 5117 1822
f 5117 5118 1822
f 5118 5119 1822
f 5119 5120 1822
f 5120 5121 1822
f 1822 5121 5122
f 5122 5123 1822
f 5124 5125 2692
f 5125 5126 2692
f 5126 5127 2692
f 5127 5128 2692
f 5128 5129 2692
f 2692 5129 5130
f 2692 5130 5131
f 5131 5132 2692
f 5132 5133 2692
f 5133 5134 2692
f 2692 5134 2694
f 5134 5091 2694
f 5090 5135 1816
f 1816 5135 1818
f 1818 5135 5136
f 1818 5136 5137
f 5137 5138 1818
f 5138 5139 1818
f 5139 5140 1818
f 1818 5140 5141
f 1818 5141 5142
f 5142 5143 1818
f 1818 5143 5144
f 1818 5144 5145
f 5145 5146 1818
f 5146 5147 1818
f 5147 5148 1818
f 1818 5148 1820
f 5148 5149 1820
f 5149 5150 1820
f 1820 5150 5151
f 1820 5151 5152
f 5152 5153 1820
f 5153 5154 1820
f 5154 5155 1820
f 5155 5156 1820
f 1820 5156 5157
f 5157 5158 1820
f 1820 5158 1822
f 1822 5158 5115
f 4847 1712 2658
f 1712 1710 2658
f 2658 1710 2660
f 1710 1708 2660
f 2660 1708 2662
f 1708 1706 2662
f 2662 1706 2664
f 1706 1704 2664
f 2664 1704 2666
f 1704 4929 2666
f 2666 4929 4930
f 4778 1726 2644
f 1726 1724 2644
f 2644 1724 2646
f 1724 1722 2646
f 2646 1722 2648
f 1722 1720 2648
f 2648 1720 2650
f 1720 1718 2650
f 2650 1718 2652
f 1718 1716 2652
f 2652 1716 2654
f 1716 4888 2654
f 2654 4888 4889
f 4735 1738 2632
f 1738 1736 2632
f 2632 1736 2634
f 1736 1734 2634
f 2634 1734 2636
f 1734 1732 2636
f 2636 1732 2638
f 1732 1730 2638
f 2638 1730 2640
f 1730 4815 2640
f 4613 1752 2618
f 1752 1750 2618
f 2618 1750 2620
f 1750 1748 2620
f 2620 1748 2622
f 1748 1746 2622
f 2622 1746 2624
f 1746 1744 2624
f 2624 1744 2626
f 1744 1742 2626
f 2626 1742 2628
f 1742 4699 2628
f 2628 4699 4700
f 1057 1764 2606
f 1764 1762 2606
f 2606 1762 2608
f 1762 1760 2608
f 2608 1760 2610
f 1760 1758 2610
f 2610 1758 2612
f 1758 1756 2612
f 2612 1756 2614
f 1756 4655 2614
f 2614 4655 4656
f 1917 1778 2736
f 1778 1776 2736
f 2736 1776 2738
f 1776 1774 2738
f 2738 1774 2740
f 1774 1772 2740
f 2740 1772 2742
f 1772 1770 2742
f 2742 1770 2744
f 1770 1768 2744
f 2744 1768 2602
f 1768 1000 2602
f 2870 1790 2724
f 1790 1788 2724
f 2724 1788 2726
f 1788 1786 2726
f 2726 1786 2728
f 1786 1784 2728
f 2728 1784 2730
f 1784 1782 2730
f 2730 1782 2732
f 1782 1977 2732
f 2732 1977 1855
f 3762 1804 2710
f 1804 1802 2710
f 2710 1802 2712
f 1802 1800 2712
f 2712 1800 2714
f 1800 1798 2714
f 2714 1798 2716
f 1798 1796 2716
f 2716 1796 2718
f 1796 2801 2718
f 2718 2801 2806
f 5085 1816 2698
f 1816 1814 2698
f 2698 1814 2700
f 1814 1812 2700
f 2700 1812 2702
f 1812 1810 2702
f 2702 1810 2704
f 1810 1808 2704
f 2704 1808 2706
f 1808 3708 2706
f 2706 3708 3707
f 4996 1830 2684
f 1830 1828 2684
f 2684 1828 2686
f 1828 1826 2686
f 2686 1826 2688
f 1826 1824 2688
f 2688 1824 2690
f 1824 1822 2690
f 2690 1822 2692
f 1822 5123 2692
f 2692 5123 5124
f 4970 1700 2670
f 1700 1698 2670
f 2670 1698 2672
f 1698 1696 2672
f 2672 1696 2674
f 1696 1838 2674
f 2674 1838 2676
f 1838 1836 2676
f 2676 1836 2678
f 1836 1834 2678
f 2678 1834 2680
f 1834 5055 2680
f 2680 5055 5056
f 5159 5160 5161
f 5160 5162 5161
f 5161 5162 5163
f 5162 5164 5163
f 5163 5164 5165
f 5164 5166 5165
f 5165 5166 5167
f 5166 5168 5167
f 5167 5168 5169
f 5168 5170 5169
f 5169 5170 5171
f 5170 5172 5171
f 5171 5172 5173
f 5172 5174 5173
f 5173 5174 5175
f 5174 5176 5175
f 5175 5176 5177
f 5176 5178 5177
f 5177 5178 5179
f 5178 5180 5179
f 5179 5180 5181
f 5180 5182 5181
f 5181 5182 5183
f 5182 5184 5183
f 5183 5184 5185
f 5184 5186 5185
f 5185 5186 5187
f 5186 5188 5187
f 5187 5188 5189
f 5188 5190 5189
f 5189 5190 5191
f 5190 5192 5191
f 5191 5192 5193
f 5192 5194 5193
f 5193 5194 5195
f 5194 5196 5195
f 5195 5196 5197
f 5196 5198 5197
f 5197 5198 5199
f 5198 5200 5199
f 5199 5200 5201
f 5200 5202 5201
f 5201 5202 5203
f 5202 5204 5203
f 5203 5204 5205
f 5204 5206 5205
f 5205 5206 5207
f 5206 5208 5207
f 5207 5208 5209
f 5208 5210 5209
f 5209 5210 5211
f 5210 5212 5211
f 5211 5212 5213
f 5212 5214 5213
f 5213 5214 5215
f 5214 5216 5215
f 5215 5216 5217
f 5216 5218 5217
f 5217 5218 5219
f 5218 5220 5219
f 5219 5220 5221
f 5220 5222 5221
f 5221 5222 5223
f 5222 5224 5223
f 5223 5224 5225
f 5224 5226 5225
f 5225 5226 5227
f 5226 5228 5227
f 5227 5228 5229
f 5228 5230 5229
f 5229 5230 5231
f 5230 5232 5231
f 5231 5232 5233
f 5232 5234 5233
f 5233 5234 5235
f 5234 5236 5235
f 5235 5236 5237
f 5236 5238 5237
f 5237 5238 5239
f 5238 5240 5239
f 5239 5240 5241
f 5240 5242 5241
f 5241 5242 5243
f 5242 5244 5243
f 5243 5244 5245
f 5244 5246 5245
f 5245 5246 5247
f 5246 5248 5247
f 5247 5248 5249
f 5248 5250 5249
f 5249 5250 5251
f 5250 5252 5251
f 5251 5252 5253
f 5252 5254 5253
f 5253 5254 5255
f 5254 5256 5255
f 5255 5256 5257
f 5256 5258 5257
f 5257 5258 5259
f 5258 5260 5259
f 5259 5260 5261
f 5260 5262 5261
f 5261 5262 5263
f 5262 5264 5263
f 5263 5264 5265
f 5264 5266 5265
f 5265 5266 5267
f 5266 5268 5267
f 5267 5268 5269
f 5268 5270 5269
f 5269 5270 5271
f 5270 5272 5271
f 5271 5272 5273
f 5272 5274 5273
f 5273 5274 5275
f 5274 5276 5275
f 5275 5276 5277
f 5276 5278 5277
f 5277 5278 5279
f 5278 5280 5279
f 5279 5280 5281
f 5280 5282 5281
f 5281 5282 5283
f 5282 5284 5283
f 5283 5284 5285
f 5284 5286 5285
f 5285 5286 5287
f 5286 5288 5287
f 5287 5288 5289
f 5288 5290 5289
f 5289 5290 5291
f 5290 5292 5291
f 5291 5292 5293
f 5292 5294 5293
f 5293 5294 5295
f 5294 5296 5295
f 5295 5296 5297
f 5296 5298 5297
f 5297 5298 5299
f 5298 5300 5299
f 5299 5300 5301
f 5300 5302 5301
f 5301 5302 5159
f 5302 5160 5159
f 190 198 2356
f 3276 3258 201
f 201 3258 3242
f 190 2356 2370
f 2407 124 123
f 170 3006 154
f 3006 3276 154
f 201 3242 199
f 123 2390 2407
f 3276 201 154
f 154 201 172
f 201 222 172
f 172 222 174
f 222 224 174
f 174 224 176
f 224 226 176
f 176 226 123
f 226 190 123
f 123 190 2390
f 190 2370 2390
f 1160 1161 4500
f 5303 5304 5305
f 5306 5307 5308
f 5309 5310 4554
f 5310 5311 4554
f 5311 5312 4554
f 5312 5313 4554
f 4554 5313 5314
f 4554 5314 5315
f 5315 5316 4554
f 5316 5317 4554
f 5317 5318 4554
f 5318 5319 4554
f 4554 5319 4552
f 5319 5320 4552
f 5320 5321 4552
f 5321 5322 4552
f 4552 5322 5323
f 5323 5324 4552
f 4552 5324 5325
f 4552 5325 5326
f 5326 5327 4552
f 4552 5327 5328
f 5328 5329 4552
f 4552 5329 5330
f 5330 5331 4552
f 5331 5332 4552
f 4552 5332 5333
f 5308 5307 5334
f 5307 5335 5334
f 5334 5335 5336
f 5334 5336 5337
f 5337 5338 5334
f 5338 5339 5334
f 5339 5340 5334
f 5341 5342 4556
f 5341 4556 5343
f 5342 5344 4556
f 4556 5344 5345
f 5345 5346 4556
f 5346 5347 4556
f 4556 5347 5348
f 5348 5349 4556
f 4556 5349 5350
f 5350 5351 4556
f 4556 5351 4554
f 4554 5351 5309
f 5352 5353 5354
f 5354 5355 5352
f 5352 5355 5356
f 5356 5357 5352
f 5352 5357 5358
f 5352 5358 5359
f 5359 5360 5352
f 5360 5361 5352
f 5352 5361 5362
f 5362 5363 5352
f 5352 5363 5364
f 5364 5365 5352
f 5365 5366 5352
f 5366 5367 5352
f 5352 5367 5308
f 5367 5368 5308
f 5308 5368 5369
f 5308 5369 5370
f 5308 5370 5371
f 5371 5372 5308
f 5308 5372 5373
f 5373 5374 5308
f 5308 5374 5375
f 5375 5306 5308
f 5376 5377 4550
f 4552 5333 4550
f 5333 5378 4550
f 4550 5378 5376
f 5379 5380 5381
f 5380 5382 5381
f 5382 5383 5381
f 5383 5384 5381
f 5381 5384 5352
f 5384 5385 5352
f 5352 5385 5353
f 5386 5387 5388
f 5387 5389 5388
f 5388 5389 5390
f 5390 5391 5388
f 5391 5392 5388
f 5388 5392 5393
f 5392 5394 5393
f 5393 5394 5395
f 5393 5395 5396
f 5396 5397 5393
f 5397 5398 5393
f 5398 5399 5393
f 5399 5400 5393
f 5393 5400 5401
f 5393 5401 5402
f 5402 5403 5393
f 5403 5404 5393
f 5404 5405 5393
f 5393 5405 5406
f 5393 5406 5407
f 5407 5408 5393
f 5408 5409 5393
f 5409 5410 5393
f 5411 5412 4568
f 5412 5413 4568
f 5413 5414 4568
f 5414 5415 4568
f 4568 5415 5416
f 5416 5417 4568
f 4568 5417 5418
f 5418 5419 4568
f 5419 5420 4568
f 5420 5421 4568
f 4568 5421 5422
f 5422 5423 4568
f 5423 5424 4568
f 4568 5424 5425
f 5425 5426 4568
f 5426 5427 4568
f 5427 5428 4568
f 4568 5428 5429
f 5430 4566 5429
f 4566 4568 5429
f 5430 5431 4566
f 5431 5432 4566
f 4566 5432 5433
f 5433 5434 4566
f 4566 5434 4564
f 5434 5435 4564
f 4564 5435 5436
f 4564 5436 5437
f 5438 5439 5440
f 5441 5442 4564
f 4564 5442 5443
f 5444 5445 4564
f 5437 5446 4564
f 5446 5447 4564
f 5447 5448 4564
f 5448 5449 4564
f 4564 5449 5444
f 5445 5450 4564
f 4564 5450 5441
f 5440 5451 5452
f 5452 5453 5440
f 5453 5454 5440
f 5440 5454 5438
f 5439 5455 5440
f 5455 5456 5440
f 5456 5457 5440
f 5440 5457 5458
f 5458 5459 5440
f 5440 5459 5460
f 5460 5461 5440
f 5440 5461 5462
f 5462 5463 5440
f 5440 5463 5464
f 5440 5464 5465
f 5465 5466 5440
f 5466 5467 5440
f 5467 5468 5440
f 5440 5468 5469
f 5469 5470 5440
f 5440 5470 5471
f 5471 5472 5440
f 5440 5472 5388
f 5472 5386 5388
f 5305 5304 5473
f 5473 5304 5474
f 5474 5475 5473
f 5475 5476 5473
f 5476 5477 5473
f 5477 5478 5473
f 5473 5478 5479
f 5479 5480 5473
f 5473 5480 5481
f 5473 5481 5482
f 5482 5483 5473
f 5473 5483 5484
f 4582 5485 5486
f 4582 5486 5487
f 5487 5488 4582
f 5488 5489 4582
f 5489 5490 4582
f 5490 5491 4582
f 4582 5491 5492
f 5492 5493 4582
f 4582 5493 5494
f 4582 5494 5495
f 4580 4582 5496
f 5496 4582 5497
f 4582 5495 5497
f 5496 5498 4580
f 5498 5499 4580
f 5499 5500 4580
f 5500 5501 4580
f 5501 5502 4580
f 5502 5503 4580
f 5503 5504 4580
f 4580 5504 4578
f 5504 5505 4578
f 5505 5506 4578
f 5506 5507 4578
f 5507 5508 4578
f 5508 5509 4578
f 5509 5510 4578
f 5510 5511 4578
f 5511 5512 4578
f 4578 5512 5513
f 5513 5514 4578
f 4578 5514 5515
f 4578 5515 5516
f 5516 5517 4578
f 4578 5517 5518
f 5518 5519 4578
f 5519 5520 4578
f 5520 5521 4578
f 5522 5523 5524
f 5523 5525 5524
f 5525 5526 5524
f 5524 5526 5527
f 5527 5528 5524
f 5524 5528 5529
f 5529 5530 5524
f 5524 5530 5531
f 5531 5532 5524
f 5524 5532 5533
f 5524 5533 5534
f 5534 5535 5524
f 5535 5536 5524
f 5524 5536 5537
f 5537 5538 5524
f 5538 5539 5524
f 5539 5540 5524
f 5540 5541 5524
f 5524 5541 5305
f 5541 5542 5305
f 5305 5542 5543
f 5305 5543 5544
f 5544 5545 5305
f 5305 5545 5546
f 5546 5547 5305
f 5305 5547 5548
f 5305 5548 5303
f 5549 5550 5551
f 5551 5550 5552
f 5552 5553 5551
f 5553 5554 5551
f 5554 5555 5551
f 5551 5555 5556
f 5555 5557 5556
f 5557 5558 5556
f 5556 5558 5559
f 5559 5560 5556
f 5556 5560 5561
f 5561 5562 5556
f 5562 5563 5556
f 5556 5563 5564
f 5564 5565 5556
f 5565 5566 5556
f 5556 5566 5567
f 5567 5568 5556
f 5568 5569 5556
f 5569 5570 5556
f 5556 5570 5571
f 5556 5571 5572
f 5572 5573 5556
f 5573 5574 5556
f 5574 5575 5556
f 5575 5576 5556
f 5577 5578 4450
f 5578 5579 4450
f 4450 5579 5580
f 5580 5581 4450
f 4450 5581 5582
f 5582 5583 4450
f 5583 5584 4450
f 5584 5585 4450
f 5585 5586 4450
f 4450 5586 5587
f 4450 5587 5588
f 5588 5589 4450
f 5589 5590 4450
f 5590 5591 4450
f 5591 5592 4450
f 4450 5592 5593
f 5593 5594 4450
f 4450 5594 5595
f 5595 5596 4450
f 5596 5597 4450
f 4450 5597 4448
f 5597 5598 4448
f 5598 5599 4448
f 4448 5599 5600
f 5600 5601 4448
f 4448 5601 5602
f 5603 5604 4446
f 4448 5602 4446
f 5602 5603 4446
f 4446 5604 5605
f 5605 5606 4446
f 5606 5607 4446
f 5607 5608 4446
f 5608 5609 4446
f 5609 5610 4446
f 5610 5611 4446
f 4446 5611 5612
f 5612 5613 4446
f 5613 5614 4446
f 5614 5615 4446
f 5615 5616 4446
f 5617 5618 5619
f 5618 5620 5619
f 5620 5621 5619
f 5621 5622 5619
f 5622 5623 5619
f 5619 5623 5624
f 5624 5625 5619
f 5619 5625 5626
f 5626 5627 5619
f 5619 5627 5628
f 5628 5629 5619
f 5629 5630 5619
f 5619 5630 5631
f 5631 5632 5619
f 5619 5632 5633
f 5633 5634 5619
f 5634 5635 5619
f 5619 5635 5551
f 5551 5635 5549
f 5636 5637 5638
f 5638 5637 5639
f 5638 5640 5636
f 5636 5640 5641
f 5641 5642 5636
f 5636 5642 5643
f 5636 5643 5644
f 5644 5645 5636
f 5645 5646 5636
f 5646 5647 5636
f 5647 5648 5636
f 5648 5649 5636
f 5650 5651 4464
f 5651 5652 4464
f 5652 5653 4464
f 5653 5654 4464
f 5654 5655 4464
f 5655 5656 4464
f 5656 5657 4464
f 5657 5658 4464
f 4464 5658 5659
f 5659 5660 4464
f 4464 5660 5661
f 5661 5662 4464
f 5662 5663 4464
f 4464 5663 4462
f 4462 5663 5664
f 5665 5666 4460
f 5664 5667 4462
f 4462 5667 5668
f 5668 5669 4462
f 5669 5670 4462
f 4462 5670 5671
f 5665 4460 5672
f 5671 5673 4462
f 4462 5673 4460
f 5673 5672 4460
f 4460 5666 5674
f 5674 5675 4460
f 5675 5676 4460
f 5676 5677 4460
f 5677 5678 4460
f 4460 5678 5679
f 5679 5680 4460
f 4460 5680 5681
f 5681 5682 4460
f 4460 5682 5683
f 5683 5684 4460
f 5684 5685 4460
f 5685 5686 4460
f 5686 5687 4460
f 5687 5688 4460
f 5688 5689 4460
f 5690 5691 5692
f 5691 5693 5692
f 5693 5694 5692
f 5694 5695 5692
f 5695 5696 5692
f 5696 5697 5692
f 5692 5697 5698
f 5698 5699 5692
f 5699 5700 5692
f 5692 5700 5701
f 5701 5702 5692
f 5702 5703 5692
f 5703 5704 5692
f 5704 5705 5692
f 5692 5705 5706
f 5706 5707 5692
f 5692 5707 5708
f 5692 5708 5637
f 5708 5709 5637
f 5709 5710 5637
f 5710 5711 5637
f 5637 5711 5712
f 5712 5713 5637
f 5637 5713 5714
f 5637 5714 5639
f 4472 4474 5715
f 5715 4474 5716
f 5715 5717 4472
f 5717 5718 4472
f 5718 5719 4472
f 4472 5719 5720
f 5720 5721 4472
f 4472 5721 5722
f 5722 5723 4472
f 5723 5724 4472
f 5724 5725 4472
f 5725 5726 4472
f 5726 5727 4472
f 5728 5729 5730
f 5729 5731 5730
f 5731 5732 5730
f 5732 5733 5730
f 5733 5734 5730
f 5734 5735 5730
f 5735 5736 5730
f 5736 5737 5730
f 5730 5737 5738
f 5738 5739 5730
f 5730 5739 5740
f 5740 5741 5730
f 5741 5742 5730
f 5730 5742 5743
f 5743 5742 5744
f 5745 5746 5747
f 5744 5748 5743
f 5743 5748 5749
f 5749 5750 5743
f 5750 5751 5743
f 5743 5751 5752
f 5745 5747 5753
f 5752 5754 5743
f 5743 5754 5747
f 5754 5753 5747
f 5747 5746 5755
f 5755 5756 5747
f 5756 5757 5747
f 5757 5758 5747
f 5758 5759 5747
f 5747 5759 5760
f 5747 5760 5761
f 5747 5761 5762
f 5762 5763 5747
f 5763 5764 5747
f 5764 5765 5747
f 5765 5766 5747
f 5766 5767 5747
f 5767 5768 5747
f 5769 5770 4476
f 5770 5771 4476
f 5771 5772 4476
f 5772 5773 4476
f 5773 5774 4476
f 5774 5775 4476
f 5775 5776 4476
f 5776 5777 4476
f 5777 5778 4476
f 4476 5778 5779
f 5779 5780 4476
f 5780 5781 4476
f 5781 5782 4476
f 5782 5783 4476
f 4476 5783 5784
f 5784 5785 4476
f 4476 5785 5786
f 4476 5786 4474
f 5786 5787 4474
f 5787 5788 4474
f 5788 5789 4474
f 4474 5789 5790
f 5790 5791 4474
f 5791 5792 4474
f 4474 5792 5716
f 5793 5794 4488
f 4488 5794 5795
f 5795 5796 4488
f 4488 5796 5797
f 4488 5797 4486
f 5797 5798 4486
f 5798 5799 4486
f 4486 5799 5800
f 4486 5800 5801
f 5801 5802 4486
f 5802 5803 4486
f 4486 5803 5804
f 5804 5805 4486
f 5805 5806 4486
f 4486 5806 5807
f 5807 5808 4486
f 5808 5809 4486
f 5809 5810 4486
f 4486 5810 5811
f 5811 5812 4486
f 4486 5812 5813
f 5813 5814 4486
f 5814 5815 4486
f 5815 5816 4486
f 5816 5817 4486
f 5818 5819 5820
f 5819 5821 5820
f 5820 5821 5822
f 5822 5823 5820
f 5820 5823 5824
f 5824 5825 5820
f 5825 5826 5820
f 5826 5827 5820
f 5827 5828 5820
f 5828 5829 5820
f 5820 5829 5830
f 5820 5830 5831
f 5831 5832 5820
f 5832 5833 5820
f 5833 5834 5820
f 5820 5834 5835
f 5835 5836 5820
f 5820 5836 5837
f 5837 5838 5820
f 5820 5838 5839
f 5839 5840 5820
f 5841 5842 5843
f 5840 5844 5820
f 5820 5844 5843
f 5844 5841 5843
f 5842 5845 5843
f 5845 5846 5843
f 5846 5847 5843
f 5847 5848 5843
f 5843 5848 5849
f 5848 5850 5849
f 5850 5851 5849
f 5849 5851 5852
f 5852 5853 5849
f 5849 5853 5854
f 5849 5854 5855
f 5855 5856 5849
f 5849 5856 5857
f 5857 5858 5849
f 5858 5859 5849
f 5859 5860 5849
f 5860 5861 5849
f 5862 5863 4490
f 5863 5864 4490
f 5864 5865 4490
f 5865 5866 4490
f 5866 5867 4490
f 5867 5868 4490
f 5868 5869 4490
f 4490 5869 5870
f 4490 5870 5871
f 5871 5872 4490
f 4490 5872 5873
f 4490 5873 4488
f 5873 5874 4488
f 4488 5874 5793
f 4500 1161 4498
f 4498 1161 1163
f 1163 1165 4498
f 1165 1169 4498
f 1169 1167 4498
f 1167 1166 4498
f 4498 1166 1171
f 1171 1172 4498
f 4498 1172 1174
f 4498 1174 1175
f 1175 1177 4498
f 4498 1177 1181
f 5875 1180 1178
f 1178 1058 5875
f 5875 1058 1060
f 1060 1061 5875
f 5875 1061 1063
f 1063 1064 5875
f 1064 1066 5875
f 1066 1065 5875
f 1065 1068 5875
f 5875 1068 1070
f 5875 1070 1075
f 5876 5875 1072
f 1072 5875 1074
f 5875 1075 1074
f 1072 1076 5876
f 1076 1077 5876
f 1077 1080 5876
f 1080 1084 5876
f 1084 1082 5876
f 1082 1085 5876
f 1085 1086 5876
f 5876 1086 5877
f 1086 1087 5877
f 1087 1089 5877
f 1089 1091 5877
f 1091 1093 5877
f 1093 1094 5877
f 1094 1096 5877
f 1096 1098 5877
f 1098 1099 5877
f 5877 1099 1101
f 1101 1102 5877
f 5877 1102 1104
f 1104 1107 5877
f 5877 1107 1106
f 1106 1108 5877
f 5877 1108 1110
f 1110 1111 5877
f 1111 1112 5877
f 1112 1114 5877
f 1115 1117 4502
f 1117 1118 4502
f 1118 1120 4502
f 4502 1120 1123
f 1123 1122 4502
f 4502 1122 1125
f 1125 1124 4502
f 4502 1124 1128
f 1128 1130 4502
f 4502 1130 1129
f 1129 1131 4502
f 4502 1131 1133
f 1133 1135 4502
f 4502 1135 1139
f 1139 1138 4502
f 4502 1138 1143
f 1143 1141 4502
f 1141 1144 4502
f 1144 1145 4502
f 1145 1147 4502
f 4502 1147 4500
f 1147 1148 4500
f 4500 1148 1150
f 4500 1150 1152
f 1152 1153 4500
f 4500 1153 1154
f 1154 1157 4500
f 4500 1157 1159
f 4500 1159 1160
f 2061 2063 4514
f 2063 2066 4514
f 4514 2066 2065
f 2065 2069 4514
f 2069 2068 4514
f 4514 2068 4512
f 2068 2072 4512
f 4512 2072 2071
f 4512 2071 2073
f 2073 2075 4512
f 2075 2077 4512
f 2077 2080 4512
f 2080 2079 4512
f 4512 2079 2083
f 4512 2083 2082
f 2082 2081 4512
f 2081 2085 4512
f 2085 2087 4512
f 4512 2087 2086
f 4512 2086 2089
f 2089 2091 4512
f 2091 2094 4512
f 2094 2093 4512
f 2096 2095 5878
f 2095 1981 5878
f 1981 1983 5878
f 1983 1988 5878
f 5878 1988 1986
f 1986 1985 5878
f 5878 1985 1989
f 1989 1991 5878
f 1991 1995 5878
f 1995 1993 5878
f 5878 1993 1992
f 1992 1997 5878
f 1997 1998 5878
f 5878 1998 2000
f 2000 2002 5878
f 2002 2004 5878
f 2004 2006 5878
f 5878 2006 2007
f 2008 5879 2007
f 5879 5878 2007
f 2008 2010 5879
f 2010 2012 5879
f 5879 2012 2014
f 2014 2016 5879
f 5879 2016 5880
f 2016 2015 5880
f 5880 2015 2018
f 5880 2018 2020
f 2036 2037 4516
f 2029 1843 5880
f 5880 1843 1842
f 2025 2028 5880
f 2020 2019 5880
f 2019 2023 5880
f 2023 1846 5880
f 1846 1845 5880
f 5880 1845 2025
f 2028 2027 5880
f 5880 2027 2029
f 4516 2030 2032
f 2032 2034 4516
f 2034 2035 4516
f 4516 2035 2036
f 2037 2038 4516
f 2038 2040 4516
f 2040 2041 4516
f 4516 2041 2042
f 2042 2044 4516
f 4516 2044 2045
f 2045 2046 4516
f 4516 2046 2048
f 2048 2050 4516
f 4516 2050 2052
f 4516 2052 2054
f 2054 2053 4516
f 2053 2056 4516
f 2056 2057 4516
f 4516 2057 2058
f 2058 1839 4516
f 1839 2059 4516
f 4516 2059 4514
f 2059 2061 4514
f 2965 2966 4528
f 4528 2966 2969
f 2969 2971 4528
f 2971 2970 4528
f 4528 2970 2974
f 4528 2974 2977
f 2977 2979 4528
f 4528 2979 2978
f 4528 2978 2981
f 2981 2983 4528
f 4528 2983 4526
f 2983 2984 4526
f 4526 2984 2871
f 4526 2871 2873
f 2873 2875 4526
f 2875 2878 4526
f 2878 2877 4526
f 2877 2879 4526
f 4526 2879 2881
f 4526 2881 2883
f 2883 2882 4526
f 2954 2953 5881
f 2956 2960 4530
f 2960 2959 4530
f 2959 2962 4530
f 2962 2961 4530
f 4530 2961 4528
f 4528 2961 2965
f 2912 2914 5882
f 2914 2916 5882
f 2916 2917 5882
f 5882 2917 2919
f 2919 2921 5882
f 5882 2921 2920
f 5882 2920 2923
f 2923 2925 5882
f 5882 2925 2927
f 2927 2926 5882
f 5882 2926 5883
f 2926 2929 5883
f 5883 2929 2931
f 2931 2932 5883
f 2932 2934 5883
f 5883 2934 2935
f 2935 2937 5883
f 2937 2939 5883
f 2939 2941 5883
f 2941 2940 5883
f 2940 2943 5883
f 5883 2943 2944
f 2944 2946 5883
f 5883 2946 2948
f 2948 2950 5883
f 5883 2950 5881
f 2950 2952 5881
f 5881 2952 2954
f 2895 2898 5884
f 2882 2885 4526
f 2885 2887 4526
f 4526 2887 4524
f 2887 2892 4524
f 2892 2890 4524
f 2890 2889 4524
f 2889 2894 4524
f 2894 2745 4524
f 2745 2896 4524
f 2898 2900 5884
f 2900 2901 5884
f 2901 2903 5884
f 2903 2904 5884
f 2904 2905 5884
f 2905 2907 5884
f 2907 2908 5884
f 2908 2910 5884
f 5884 2910 5882
f 2910 2913 5882
f 5882 2913 2912
f 3627 3626 4538
f 4540 3863 3865
f 4540 3865 3866
f 4538 4540 3630
f 4540 3866 3630
f 3630 3629 4538
f 3629 3868 4538
f 4538 3868 3870
f 4538 3870 3872
f 3872 3876 4538
f 3876 3874 4538
f 3874 3873 4538
f 4538 3873 3877
f 3877 3879 4538
f 4538 3879 3881
f 3881 3883 4538
f 3883 3882 4538
f 4538 3882 3885
f 3885 3887 4538
f 4538 3887 3889
f 4538 3889 3627
f 3626 3890 4538
f 4538 3890 3894
f 5885 3893 3891
f 3891 3771 5885
f 5885 3771 3773
f 3773 3775 5885
f 5885 3775 3777
f 3777 3778 5885
f 3778 3779 5885
f 3779 3782 5885
f 5885 3782 3784
f 5885 3784 3786
f 3786 3785 5885
f 3785 3788 5885
f 3788 3789 5885
f 5885 3789 3791
f 5885 3791 3793
f 3793 3794 5885
f 3794 3795 5885
f 5885 3795 3797
f 3799 5886 3797
f 5886 5885 3797
f 3799 3800 5886
f 3800 3801 5886
f 5886 3801 3803
f 5886 3803 3804
f 3804 3636 5886
f 5886 3636 5887
f 3636 3635 5887
f 3635 3806 5887
f 3806 3808 5887
f 3808 3810 5887
f 3810 3814 5887
f 5887 3814 3812
f 3812 3811 5887
f 3811 3815 5887
f 3815 3817 5887
f 3817 3819 5887
f 5887 3819 3820
f 5887 3820 3821
f 3821 3823 5887
f 3633 3632 5887
f 3823 3825 5887
f 3825 3824 5887
f 5887 3824 3827
f 5887 3827 3633
f 3828 3829 4542
f 3829 3831 4542
f 3831 3833 4542
f 3833 3835 4542
f 3835 3834 4542
f 4542 3834 3837
f 4542 3837 3838
f 3838 3840 4542
f 3840 3842 4542
f 4542 3842 3844
f 4542 3844 3845
f 3845 3847 4542
f 3847 3850 4542
f 3850 3849 4542
f 4542 3849 3851
f 4542 3851 3854
f 3854 3857 4542
f 3857 3856 4542
f 4542 3856 4540
f 3856 3858 4540
f 4540 3858 3861
f 3861 3860 4540
f 4540 3860 3863
f 5443 5451 4564
f 5451 5440 4564
f 4564 5440 4562
f 5440 5888 4562
f 4562 5888 4560
f 5888 5889 4560
f 4560 5889 4558
f 5889 5890 4558
f 4558 5890 4556
f 5890 5334 4556
f 4556 5334 5343
f 5334 5340 5343
f 5377 5379 4550
f 5379 5381 4550
f 4550 5381 4548
f 5381 5891 4548
f 4548 5891 4546
f 5891 5892 4546
f 4546 5892 4544
f 5892 5893 4544
f 4544 5893 4542
f 5893 5887 4542
f 4542 5887 3828
f 5887 3632 3828
f 3894 3893 4538
f 3893 5885 4538
f 4538 5885 4536
f 5885 5894 4536
f 4536 5894 4534
f 5894 5895 4534
f 4534 5895 4532
f 5895 5896 4532
f 4532 5896 4530
f 5896 5881 4530
f 4530 5881 2956
f 5881 2953 2956
f 2896 2895 4524
f 2895 5884 4524
f 4524 5884 4522
f 5884 5897 4522
f 4522 5897 4520
f 5897 5898 4520
f 4520 5898 4518
f 5898 5899 4518
f 4518 5899 4516
f 5899 5880 4516
f 4516 5880 2030
f 5880 1842 2030
f 2093 2096 4512
f 2096 5878 4512
f 4512 5878 4510
f 5878 5900 4510
f 4510 5900 4508
f 5900 5901 4508
f 4508 5901 4506
f 5901 5902 4506
f 4506 5902 4504
f 5902 5903 4504
f 4504 5903 4502
f 5903 5877 4502
f 4502 5877 1115
f 5877 1114 1115
f 1181 1180 4498
f 1180 5875 4498
f 4498 5875 4496
f 5875 5904 4496
f 4496 5904 4494
f 5904 5905 4494
f 4494 5905 4492
f 5905 5906 4492
f 4492 5906 4490
f 5906 5849 4490
f 4490 5849 5862
f 5849 5861 5862
f 5817 5818 4486
f 5818 5820 4486
f 4486 5820 4484
f 5820 5907 4484
f 4484 5907 4482
f 5907 5908 4482
f 4482 5908 4480
f 5908 5909 4480
f 4480 5909 4478
f 5909 5910 4478
f 4478 5910 4476
f 5910 5747 4476
f 4476 5747 5769
f 5747 5768 5769
f 5727 5728 4472
f 5728 5730 4472
f 4472 5730 4470
f 5730 5911 4470
f 4470 5911 4468
f 5911 5912 4468
f 4468 5912 4466
f 5912 5913 4466
f 4466 5913 4464
f 5913 5636 4464
f 4464 5636 5650
f 5636 5649 5650
f 5689 5690 4460
f 5690 5692 4460
f 4460 5692 4458
f 5692 5914 4458
f 4458 5914 4456
f 5914 5915 4456
f 4456 5915 4454
f 5915 5916 4454
f 4454 5916 4452
f 5916 5917 4452
f 4452 5917 4450
f 5917 5556 4450
f 4450 5556 5577
f 5556 5576 5577
f 5616 5617 4446
f 5617 5619 4446
f 4446 5619 4444
f 5619 5918 4444
f 4444 5918 4586
f 5918 5919 4586
f 4586 5919 4584
f 5919 5920 4584
f 4584 5920 4582
f 5920 5473 4582
f 4582 5473 5485
f 5473 5484 5485
f 5521 5522 4578
f 5522 5524 4578
f 4578 5524 4576
f 5524 5921 4576
f 4576 5921 4574
f 5921 5922 4574
f 4574 5922 4572
f 5922 5923 4572
f 4572 5923 4570
f 5923 5924 4570
f 4570 5924 4568
f 5924 5393 4568
f 4568 5393 5411
f 5393 5410 5411
f 5925 5926 5927
f 5927 5926 5928
f 5928 5929 5927
f 5929 5930 5927
f 5930 5931 5927
f 5927 5931 5932
f 5932 5933 5927
f 5933 5934 5927
f 5927 5934 5935
f 5935 5936 5937
f 5936 5938 5937
f 5938 5939 5937
f 5937 5939 5940
f 5937 5940 5941
f 5941 5942 5937
f 5942 5943 5937
f 5943 5944 5937
f 5937 5944 5945
f 5945 5946 5937
f 5947 4169 4168
f 4168 4167 5947
f 4167 4166 5947
f 4166 4165 5947
f 4165 4164 5947
f 5947 4164 4163
f 4163 4162 5947
f 4162 3907 5947
f 5947 3907 3906
f 3908 4161 5948
f 4161 4160 5948
f 5948 4160 4159
f 5948 4159 4158
f 4158 4157 5948
f 4157 4156 5948
f 4156 4155 5948
f 5948 4155 4154
f 4154 4153 5948
f 5935 5937 5927
f 5937 5949 5927
f 5927 5949 5950
f 5949 5951 5950
f 5950 5951 5952
f 5951 5953 5952
f 5952 5953 5954
f 5953 5947 5954
f 5954 5947 5948
f 5947 3906 5948
f 5948 3906 3908
f 5231 5955 5229
f 5955 5956 5229
f 5229 5956 5227
f 5956 5957 5227
f 5227 5957 5225
f 5957 5958 5225
f 5225 5958 5223
f 5958 5959 5223
f 5223 5959 5221
f 5959 5960 5221
f 5221 5960 5219
f 5960 5961 5219
f 5219 5961 5217
f 5961 5962 5217
f 5217 5962 5215
f 5962 5963 5215
f 5215 5963 5213
f 5963 5964 5213
f 5213 5964 5211
f 5964 5965 5211
f 5211 5965 5209
f 5965 5966 5209
f 5209 5966 5207
f 5966 5967 5207
f 5207 5967 5205
f 5967 5968 5205
f 5205 5968 5203
f 5968 5969 5203
f 5203 5969 5201
f 5969 5970 5201
f 5201 5970 5199
f 5970 5971 5199
f 5199 5971 5197
f 5971 5972 5197
f 5197 5972 5195
f 5972 5973 5195
f 5195 5973 5193
f 5973 5974 5193
f 5193 5974 5191
f 5974 5975 5191
f 5191 5975 5189
f 5975 5976 5189
f 5189 5976 5187
f 5976 5977 5187
f 5187 5977 5185
f 5977 5978 5185
f 5185 5978 5183
f 5978 5979 5183
f 5183 5979 5181
f 5979 5980 5181
f 5181 5980 5179
f 5980 5981 5179
f 5179 5981 5177
f 5981 5982 5177
f 5177 5982 5175
f 5982 5983 5175
f 5175 5983 5173
f 5983 5984 5173
f 5173 5984 5171
f 5984 5985 5171
f 5171 5985 5169
f 5985 5986 5169
f 5169 5986 5167
f 5986 5987 5167
f 5167 5987 5165
f 5987 5988 5165
f 5165 5988 5163
f 5988 5989 5163
f 5163 5989 5161
f 5989 5990 5161
f 5161 5990 5159
f 5990 5991 5159
f 5159 5991 5301
f 5991 5992 5301
f 5301 5992 5299
f 5992 5993 5299
f 5299 5993 5297
f 5993 5994 5297
f 5297 5994 5295
f 5994 5995 5295
f 5295 5995 5293
f 5995 5996 5293
f 5293 5996 5291
f 5996 5997 5291
f 5291 5997 5289
f 5997 5998 5289
f 5289 5998 5287
f 5998 5999 5287
f 5287 5999 5285
f 5999 6000 5285
f 5285 6000 5283
f 6000 6001 5283
f 5283 6001 5281
f 6001 6002 5281
f 5281 6002 5279
f 6002 6003 5279
f 5279 6003 5277
f 6003 6004 5277
f 5277 6004 5275
f 6004 6005 5275
f 5275 6005 5273
f 6005 6006 5273
f 5273 6006 5271
f 6006 6007 5271
f 5271 6007 5269
f 6007 6008 5269
f 5269 6008 5267
f 6008 6009 5267
f 5267 6009 5265
f 6009 6010 5265
f 5265 6010 5263
f 6010 6011 5263
f 5263 6011 5261
f 6011 6012 5261
f 5261 6012 5259
f 6012 6013 5259
f 5259 6013 5257
f 6013 6014 5257
f 5257 6014 5255
f 6014 6015 5255
f 5255 6015 5253
f 6015 6016 5253
f 5253 6016 5251
f 6016 6017 5251
f 5251 6017 5249
f 6017 6018 5249
f 5249 6018 5247
f 6018 6019 5247
f 5247 6019 5245
f 6019 6020 5245
f 5245 6020 5243
f 6020 6021 5243
f 5243 6021 5241
f 6021 6022 5241
f 5241 6022 5239
f 6022 6023 5239
f 5239 6023 5237
f 6023 6024 5237
f 5237 6024 5235
f 6024 6025 5235
f 5235 6025 5233
f 6025 6026 5233
f 5233 6026 5231
f 6026 5955 5231
f 5897 5963 5898
f 5963 5962 5898
f 5898 5962 5899
f 5962 5961 5899
f 5899 5961 5880
f 5961 5960 5880
f 5880 5960 5879
f 5960 5959 5879
f 5879 5959 5878
f 5959 5958 5878
f 5878 5958 5900
f 5958 5957 5900
f 5900 5957 5901
f 5957 5956 5901
f 5901 5956 5902
f 5956 5955 5902
f 5902 5955 5903
f 5955 6026 5903
f 5903 6026 5877
f 6026 6025 5877
f 5877 6025 5876
f 6025 6024 5876
f 5876 6024 5875
f 6024 6023 5875
f 5875 6023 5904
f 6023 6022 5904
f 5904 6022 5905
f 6022 6021 5905
f 5905 6021 5906
f 6021 6020 5906
f 5906 6020 5849
f 6020 6019 5849
f 5849 6019 5843
f 6019 6018 5843
f 5843 6018 5820
f 6018 6017 5820
f 5820 6017 5907
f 6017 6016 5907
f 5907 6016 5908
f 6016 6015 5908
f 5908 6015 5909
f 6015 6014 5909
f 5909 6014 5910
f 6014 6013 5910
f 5910 6013 5747
f 6013 6012 5747
f 5747 6012 5743
f 6012 6011 5743
f 5743 6011 5730
f 6011 6010 5730
f 5730 6010 5911
f 6010 6009 5911
f 5911 6009 5912
f 6009 6008 5912
f 5912 6008 5913
f 6008 6007 5913
f 5913 6007 5636
f 6007 6006 5636
f 5636 6006 5637
f 6006 6005 5637
f 5637 6005 5692
f 6005 6004 5692
f 5692 6004 5914
f 6004 6003 5914
f 5914 6003 5915
f 6003 6002 5915
f 5915 6002 5916
f 6002 6001 5916
f 5916 6001 5917
f 6001 6000 5917
f 5917 6000 5556
f 6000 5999 5556
f 5556 5999 5551
f 5999 5998 5551
f 5551 5998 5619
f 5998 5997 5619
f 5619 5997 5918
f 5997 5996 5918
f 5918 5996 5919
f 5996 5995 5919
f 5919 5995 5920
f 5995 5994 5920
f 5920 5994 5473
f 5994 5993 5473
f 5473 5993 5305
f 5993 5992 5305
f 5305 5992 5524
f 5992 5991 5524
f 5524 5991 5921
f 5991 5990 5921
f 5921 5990 5922
f 5990 5989 5922
f 5922 5989 5923
f 5989 5988 5923
f 5923 5988 5924
f 5988 5987 5924
f 5924 5987 5393
f 5987 5986 5393
f 5393 5986 5388
f 5986 5985 5388
f 5388 5985 5440
f 5985 5984 5440
f 5440 5984 5888
f 5984 5983 5888
f 5888 5983 5889
f 5983 5982 5889
f 5889 5982 5890
f 5982 5981 5890
f 5890 5981 5334
f 5981 5980 5334
f 5334 5980 5308
f 5980 5979 5308
f 5308 5979 5352
f 5979 5978 5352
f 5352 5978 5381
f 5978 5977 5381
f 5381 5977 5891
f 5977 5976 5891
f 5891 5976 5892
f 5976 5975 5892
f 5892 5975 5893
f 5975 5974 5893
f 5893 5974 5887
f 5974 5973 5887
f 5887 5973 5886
f 5973 5972 5886
f 5886 5972 5885
f 5972 5971 5885
f 5885 5971 5894
f 5971 5970 5894
f 5894 5970 5895
f 5970 5969 5895
f 5895 5969 5896
f 5969 5968 5896
f 5896 5968 5881
f 5968 5967 5881
f 5881 5967 5883
f 5967 5966 5883
f 5883 5966 5882
f 5966 5965 5882
f 5882 5965 5884
f 5965 5964 5884
f 5884 5964 5897
f 5964 5963 5897
f 3485 2673 3487
f 2673 2675 3487
f 3487 2675 3489
f 2675 2677 3489
f 3489 2677 3491
f 2677 2679 3491
f 3491 2679 3493
f 2679 2681 3493
f 3493 2681 3495
f 2681 2683 3495
f 3495 2683 3497
f 2683 2685 3497
f 3497 2685 3499
f 2685 2687 3499
f 3499 2687 3501
f 2687 2689 3501
f 3501 2689 3503
f 2689 2691 3503
f 3503 2691 3505
f 2691 2693 3505
f 3505 2693 3507
f 2693 2695 3507
f 3507 2695 3509
f 2695 2697 3509
f 3509 2697 3511
f 2697 2699 3511
f 3511 2699 3513
f 2699 2701 3513
f 3513 2701 3515
f 2701 2703 3515
f 3515 2703 3517
f 2703 2705 3517
f 3517 2705 3519
f 2705 2707 3519
f 3519 2707 3521
f 2707 2709 3521
f 3521 2709 3523
f 2709 2711 3523
f 3523 2711 3525
f 2711 2713 3525
f 3525 2713 3527
f 2713 2715 3527
f 3527 2715 3529
f 2715 2717 3529
f 3529 2717 3531
f 2717 2719 3531
f 3531 2719 3533
f 2719 2721 3533
f 3533 2721 3535
f 2721 2723 3535
f 3535 2723 3537
f 2723 2725 3537
f 3537 2725 3539
f 2725 2727 3539
f 3539 2727 3541
f 2727 2729 3541
f 3541 2729 3543
f 2729 2731 3543
f 3543 2731 3545
f 2731 2733 3545
f 3545 2733 3547
f 2733 2735 3547
f 3547 2735 3549
f 2735 2737 3549
f 3549 2737 3551
f 2737 2739 3551
f 3551 2739 3553
f 2739 2741 3553
f 3553 2741 3555
f 2741 2743 3555
f 3555 2743 3557
f 2743 2601 3557
f 3557 2601 3559
f 2601 2603 3559
f 3559 2603 3561
f 2603 2605 3561
f 3561 2605 3563
f 2605 2607 3563
f 3563 2607 3565
f 2607 2609 3565
f 3565 2609 3567
f 2609 2611 3567
f 3567 2611 3569
f 2611 2613 3569
f 3569 2613 3571
f 2613 2615 3571
f 3571 2615 3573
f 2615 2617 3573
f 3573 2617 3575
f 2617 2619 3575
f 3575 2619 3577
f 2619 2621 3577
f 3577 2621 3579
f 2621 2623 3579
f 3579 2623 3581
f 2623 2625 3581
f 3581 2625 3583
f 2625 2627 3583
f 3583 2627 3585
f 2627 2629 3585
f 3585 2629 3587
f 2629 2631 3587
f 3587 2631 3589
f 2631 2633 3589
f 3589 2633 3591
f 2633 2635 3591
f 3591 2635 3593
f 2635 2637 3593
f 3593 2637 3595
f 2637 2639 3595
f 3595 2639 3597
f 2639 2641 3597
f 3597 2641 3599
f 2641 2643 3599
f 3599 2643 3601
f 2643 2645 3601
f 3601 2645 3603
f 2645 2647 3603
f 3603 2647 3605
f 2647 2649 3605
f 3605 2649 3607
f 2649 2651 3607
f 3607 2651 3609
f 2651 2653 3609
f 3609 2653 3611
f 2653 2655 3611
f 3611 2655 3613
f 2655 2657 3613
f 3613 2657 3615
f 2657 2659 3615
f 3615 2659 3617
f 2659 2661 3617
f 3617 2661 3619
f 2661 2663 3619
f 3619 2663 3621
f 2663 2665 3621
f 3621 2665 3623
f 2665 2667 3623
f 3623 2667 3625
f 2667 2669 3625
f 3625 2669 3483
f 2669 2671 3483
f 3483 2671 3485
f 2671 2673 3485
f 5302 4575 5160
f 4575 4573 5160
f 5160 4573 5162
f 4573 4571 5162
f 5162 4571 5164
f 4571 4569 5164
f 5164 4569 5166
f 4569 4567 5166
f 5166 4567 5168
f 4567 4565 5168
f 5168 4565 5170
f 4565 4563 5170
f 5170 4563 5172
f 4563 4561 5172
f 5172 4561 5174
f 4561 4559 5174
f 5174 4559 5176
f 4559 4557 5176
f 5176 4557 5178
f 4557 4555 5178
f 5178 4555 5180
f 4555 4553 5180
f 5180 4553 5182
f 4553 4551 5182
f 5182 4551 5184
f 4551 4549 5184
f 5184 4549 5186
f 4549 4547 5186
f 5186 4547 5188
f 4547 4545 5188
f 5188 4545 5190
f 4545 4543 5190
f 5190 4543 5192
f 4543 4541 5192
f 5192 4541 5194
f 4541 4539 5194
f 5194 4539 5196
f 4539 4537 5196
f 5196 4537 5198
f 4537 4535 5198
f 5198 4535 5200
f 4535 4533 5200
f 5200 4533 5202
f 4533 4531 5202
f 5202 4531 5204
f 4531 4529 5204
f 5204 4529 5206
f 4529 4527 5206
f 5206 4527 5208
f 4527 4525 5208
f 5208 4525 5210
f 4525 4523 5210
f 5210 4523 5212
f 4523 4521 5212
f 5212 4521 5214
f 4521 4519 5214
f 5214 4519 5216
f 4519 4517 5216
f 5216 4517 5218
f 4517 4515 5218
f 5218 4515 5220
f 4515 4513 5220
f 5220 4513 5222
f 4513 4511 5222
f 5222 4511 5224
f 4511 4509 5224
f 5224 4509 5226
f 4509 4507 5226
f 5226 4507 5228
f 4507 4505 5228
f 5228 4505 5230
f 4505 4503 5230
f 5230 4503 5232
f 4503 4501 5232
f 5232 4501 5234
f 4501 4499 5234
f 5234 4499 5236
f 4499 4497 5236
f 5236 4497 5238
f 4497 4495 5238
f 5238 4495 5240
f 4495 4493 5240
f 5240 4493 5242
f 4493 4491 5242
f 5242 4491 5244
f 4491 4489 5244
f 5244 4489 5246
f 4489 4487 5246
f 5246 4487 5248
f 4487 4485 5248
f 5248 4485 5250
f 4485 4483 5250
f 5250 4483 5252
f 4483 4481 5252
f 5252 4481 5254
f 4481 4479 5254
f 5254 4479 5256
f 4479 4477 5256
f 5256 4477 5258
f 4477 4475 5258
f 5258 4475 5260
f 4475 4473 5260
f 5260 4473 5262
f 4473 4471 5262
f 5262 4471 5264
f 4471 4469 5264
f 5264 4469 5266
f 4469 4467 5266
f 5266 4467 5268
f 4467 4465 5268
f 5268 4465 5270
f 4465 4463 5270
f 5270 4463 5272
f 4463 4461 5272
f 5272 4461 5274
f 4461 4459 5274
f 5274 4459 5276
f 4459 4457 5276
f 5276 4457 5278
f 4457 4455 5278
f 5278 4455 5280
f 4455 4453 5280
f 5280 4453 5282
f 4453 4451 5282
f 5282 4451 5284
f 4451 4449 5284
f 5284 4449 5286
f 4449 4447 5286
f 5286 4447 5288
f 4447 4445 5288
f 5288 4445 5290
f 4445 4587 5290
f 5290 4587 5292
f 4587 4585 5292
f 5292 4585 5294
f 4585 4583 5294
f 5294 4583 5296
f 4583 4581 5296
f 5296 4581 5298
f 4581 4579 5298
f 5298 4579 5300
f 4579 4577 5300
f 5300 4577 5302
f 4577 4575 5302
f 5937 5946 6027
f 5937 6027 6028
f 6029 6030 6031
f 3934 3933 6032
f 3933 4233 6032
f 6032 4233 4213
f 4213 4198 5947
f 5947 4198 4179
f 6031 6033 6029
f 5947 4179 4169
f 4213 5947 6032
f 6032 5947 6034
f 5947 5953 6034
f 6034 5953 6035
f 5953 5951 6035
f 6035 5951 6036
f 5951 5949 6036
f 6036 5949 6031
f 5949 5937 6031
f 6031 5937 6033
f 5937 6028 6033
f 5874 6037 6038
f 4615 6039 4616
f 6039 6040 4616
f 4616 6040 4617
f 4620 4619 6041
f 6041 4619 6042
f 4619 4618 6042
f 6042 4618 6040
f 6040 4618 4617
f 4620 6041 4621
f 6041 6043 4621
f 4624 4623 6044
f 6044 4623 6043
f 4623 4622 6043
f 6043 4622 4621
f 4624 6044 4625
f 6044 6045 4625
f 4625 6045 4626
f 4628 4627 6046
f 6046 4627 6045
f 4627 4626 6045
f 4628 6046 4629
f 4629 6047 4630
f 4633 4632 6048
f 6048 4632 6049
f 4632 4631 6049
f 6049 4631 6047
f 4631 4630 6047
f 4633 6048 4634
f 6048 6050 4634
f 4637 4636 6051
f 6051 4636 6050
f 4636 4635 6050
f 6050 4635 4634
f 4638 4637 6051
f 6051 6052 4638
f 6052 6053 4638
f 4638 6053 4639
f 6054 4641 6053
f 4641 4640 6053
f 6053 4640 4639
f 4641 6054 4642
f 6054 6055 4642
f 4642 6055 4643
f 6055 6056 4643
f 4643 6056 4644
f 4644 6056 4645
f 6056 6057 4645
f 4645 6057 4646
f 6057 6058 4646
f 4646 6058 4647
f 4647 6058 4648
f 6058 6059 4648
f 4648 6059 4649
f 6059 6060 4649
f 4649 6060 4650
f 6061 4651 6060
f 4651 4650 6060
f 4653 4652 6061
f 6061 4652 4651
f 4654 4653 6062
f 6062 4653 6063
f 4653 6061 6063
f 4654 6062 4655
f 6062 6064 4655
f 4655 6064 4656
f 6064 6065 4656
f 4656 6065 4657
f 4657 6065 4658
f 6065 6066 4658
f 4658 6066 4659
f 4659 6066 4660
f 6066 6067 4660
f 4660 6067 4661
f 6068 4662 6067
f 6067 4662 4661
f 4664 4663 6068
f 6068 4663 4662
f 6068 6069 4664
f 6069 6070 4664
f 4664 6070 4665
f 6071 4667 6070
f 4667 4666 6070
f 6070 4666 4665
f 4667 6071 4668
f 4668 6071 4669
f 6071 6072 4669
f 6072 6073 4669
f 4669 6073 4670
f 4670 6073 4671
f 6073 6074 4671
f 4671 6074 4590
f 4592 4591 6075
f 6075 4591 6074
f 4591 4590 6074
f 4592 6075 4593
f 4593 6076 4594
f 6077 4596 4595
f 4595 4594 6076
f 4596 6077 4597
f 4597 6078 4598
f 4601 4600 6079
f 6079 4600 6078
f 4600 4599 6078
f 4599 4598 6078
f 4601 6079 4602
f 6079 6080 4602
f 4602 6080 4603
f 4605 4604 6081
f 6081 4604 6080
f 4604 4603 6080
f 4605 6081 4606
f 6081 6082 4606
f 4606 6082 4607
f 6083 4609 6084
f 4609 4608 6084
f 6084 4608 6082
f 4608 4607 6082
f 4609 6083 4610
f 4610 6083 4611
f 6083 6085 4611
f 4611 6085 4612
f 4615 4614 6039
f 4614 4613 6039
f 6039 4613 6085
f 4613 4612 6085
f 5797 6086 5798
f 6086 6087 5798
f 6088 5799 6087
f 5799 5798 6087
f 5800 5799 6088
f 5800 6088 5801
f 6088 6089 5801
f 5801 6089 5802
f 6090 5803 6089
f 5803 5802 6089
f 6090 6091 5805
f 5805 5804 6090
f 5804 5803 6090
f 6092 5808 5807
f 6092 5807 6091
f 5807 5806 6091
f 5806 5805 6091
f 5808 6092 5809
f 6092 6093 5809
f 5812 5811 6094
f 6094 5811 6093
f 5811 5810 6093
f 6093 5810 5809
f 5812 6094 5813
f 6094 6095 5813
f 5813 6095 5814
f 6095 6096 5814
f 5814 6096 5815
f 6097 5817 5816
f 6097 5816 6096
f 5816 5815 6096
f 5822 5821 6098
f 5821 5819 6098
f 6098 5819 6099
f 5819 5818 6099
f 6099 5818 6097
f 5818 5817 6097
f 5822 6098 5823
f 6098 6100 5823
f 5826 5825 6101
f 6101 5825 6100
f 5825 5824 6100
f 6100 5824 5823
f 5826 6101 5827
f 6101 6102 5827
f 5827 6102 5828
f 6102 5829 5828
f 5829 6103 5830
f 5833 5832 6104
f 6104 5832 6105
f 5832 5831 6105
f 6105 5831 6103
f 5831 5830 6103
f 5833 6104 5834
f 6104 6106 5834
f 5834 6106 5835
f 6107 5836 6106
f 5836 5835 6106
f 6108 5838 6107
f 5838 5837 6107
f 6107 5837 5836
f 5839 5838 6108
f 6109 5840 6108
f 5840 5839 6108
f 6110 5844 6109
f 5844 5840 6109
f 5841 5844 6110
f 5841 6110 5842
f 6110 6111 5842
f 5842 6111 5845
f 5847 5846 6112
f 6112 5846 6111
f 5846 5845 6111
f 5847 6112 5848
f 6112 6113 5848
f 5848 6113 5850
f 6113 6114 5850
f 5850 6114 5851
f 5854 5853 6115
f 6115 5853 6114
f 5853 5852 6114
f 6114 5852 5851
f 6116 5854 6115
f 5854 6116 5855
f 5855 6116 5856
f 6116 6117 5856
f 5856 6117 5857
f 5857 6117 5858
f 6117 6118 5858
f 6118 6119 5858
f 5860 5859 6119
f 6119 5859 5858
f 6119 6120 5860
f 5860 6120 5861
f 6121 5863 6122
f 5863 5862 6122
f 6122 5862 6120
f 5862 5861 6120
f 6123 5865 6121
f 5865 5864 6121
f 6121 5864 5863
f 5867 5866 6124
f 6124 5866 6123
f 5866 5865 6123
f 5868 5867 6124
f 6125 5868 6126
f 5868 6124 6126
f 5868 6125 5869
f 6125 6127 5869
f 5869 6127 5870
f 6127 6128 5870
f 5870 6128 5871
f 5871 6128 5872
f 6128 6129 5872
f 5872 6129 5873
f 6037 5874 6129
f 5874 5873 6129
f 5794 5793 6038
f 6038 5793 5874
f 6038 6130 5794
f 5794 6130 5795
f 5797 5796 6086
f 6086 5796 6130
f 5796 5795 6130
f 410 6131 411
f 411 6131 413
f 415 414 6131
f 414 413 6131
f 422 6132 460
f 349 6133 350
f 6133 6134 350
f 350 6134 351
f 355 352 351
f 6135 353 357
f 6135 354 353
f 354 6136 358
f 6136 359 358
f 359 6137 360
f 6137 362 360
f 362 6138 363
f 364 363 6138
f 6139 365 364
f 366 365 6139
f 367 6140 368
f 368 6140 369
f 456 455 6141
f 455 454 6141
f 6142 6143 491
f 491 6143 492
f 6143 494 492
f 6144 501 500
f 502 501 6144
f 498 503 502
f 499 6145 504
f 6145 505 504
f 505 6146 506
f 6146 495 506
f 495 6147 496
f 496 6147 507
f 508 507 6147
f 6148 509 508
f 512 509 6148
f 510 6149 511
f 583 514 6150
f 554 553 555
f 6099 6151 6098
f 6151 6152 6098
f 6098 6152 6100
f 6100 6152 6101
f 6152 6153 6101
f 6101 6153 6102
f 6153 6154 6102
f 6102 6154 5829
f 5829 6154 6103
f 6154 6155 6103
f 6103 6155 6105
f 6105 6155 6104
f 6155 6156 6104
f 6104 6156 6106
f 6156 6157 6106
f 6106 6157 6107
f 6157 6158 6107
f 6107 6158 6108
f 6158 6159 6108
f 6108 6159 6109
f 6159 6160 6109
f 6109 6160 6110
f 6160 6161 6110
f 6110 6161 6111
f 6161 6162 6111
f 6162 6163 6111
f 6111 6163 6112
f 6163 6164 6112
f 6112 6164 6113
f 6164 6165 6113
f 6113 6165 6114
f 6165 6166 6114
f 6114 6166 6115
f 6166 6167 6115
f 6115 6167 6116
f 6167 6168 6116
f 6116 6168 6117
f 6168 6169 6117
f 6117 6169 6118
f 6169 6170 6118
f 6118 6170 6119
f 6170 6171 6119
f 6119 6171 6120
f 6171 6122 6120
f 6121 6172 6123
f 6123 6172 6124
f 6172 6126 6124
f 6127 6173 6128
f 6173 6174 6128
f 6128 6174 6129
f 6174 6175 6129
f 6129 6175 6037
f 6175 6176 6037
f 6037 6176 6038
f 6176 6177 6038
f 6038 6177 6130
f 6177 6178 6130
f 6130 6178 6086
f 6178 6179 6086
f 6086 6179 6087
f 6179 6180 6087
f 6087 6180 6088
f 6180 6181 6088
f 6088 6181 6089
f 6181 6182 6089
f 6089 6182 6090
f 6182 6183 6090
f 6090 6183 6091
f 6183 6184 6091
f 6091 6184 6092
f 6184 6185 6092
f 6092 6185 6093
f 6185 6186 6093
f 6093 6186 6094
f 6094 6186 6095
f 6186 6187 6095
f 6095 6187 6096
f 6096 6187 6097
f 6187 6151 6097
f 6097 6151 6099
f 6151 6188 6152
f 6188 6189 6152
f 6152 6189 6153
f 6189 6190 6153
f 6153 6190 6154
f 6190 6191 6154
f 6154 6191 6155
f 6191 6192 6155
f 6155 6192 6156
f 6192 6193 6156
f 6156 6193 6157
f 6193 6194 6157
f 6157 6194 6158
f 6194 6195 6158
f 6158 6195 6159
f 6195 6196 6159
f 6159 6196 6160
f 6196 6197 6160
f 6160 6197 6161
f 6197 6198 6161
f 6161 6198 6162
f 6198 6199 6162
f 6162 6199 6163
f 6199 6200 6163
f 6163 6200 6164
f 6200 6201 6164
f 6164 6201 6165
f 6201 6202 6165
f 6165 6202 6166
f 6202 6203 6166
f 6166 6203 6167
f 6203 6204 6167
f 6167 6204 6168
f 6204 6205 6168
f 6168 6205 6169
f 6205 6206 6169
f 6169 6206 6170
f 6206 6207 6170
f 6170 6207 6171
f 6171 6208 6122
f 6122 6208 6121
f 6208 6209 6121
f 6121 6209 6172
f 6172 6210 6126
f 6126 6210 6125
f 6210 6211 6125
f 6125 6211 6127
f 6211 6212 6127
f 6127 6212 6173
f 6212 6213 6173
f 6173 6213 6174
f 6213 6214 6174
f 6174 6214 6175
f 6214 6215 6175
f 6175 6215 6176
f 6215 6216 6176
f 6176 6216 6177
f 6216 6217 6177
f 6177 6217 6178
f 6217 6218 6178
f 6178 6218 6179
f 6218 6219 6179
f 6179 6219 6180
f 6219 6220 6180
f 6180 6220 6181
f 6220 6221 6181
f 6181 6221 6182
f 6221 6222 6182
f 6182 6222 6183
f 6222 6223 6183
f 6183 6223 6184
f 6223 6224 6184
f 6184 6224 6185
f 6224 6225 6185
f 6185 6225 6186
f 6225 6226 6186
f 6186 6226 6187
f 6226 6227 6187
f 6187 6227 6151
f 6227 6188 6151
f 6227 6228 6188
f 6228 6229 6188
f 6188 6229 6189
f 6229 6230 6189
f 6189 6230 6190
f 6230 6231 6190
f 6190 6231 6191
f 6231 6232 6191
f 6191 6232 6192
f 6232 6233 6192
f 6192 6233 6193
f 6233 6234 6193
f 6193 6234 6194
f 6234 6235 6194
f 6194 6235 6195
f 6235 6236 6195
f 6195 6236 6196
f 6236 6237 6196
f 6196 6237 6197
f 6237 6238 6197
f 6197 6238 6198
f 6238 6239 6198
f 6198 6239 6199
f 6239 6240 6199
f 6199 6240 6200
f 6240 6241 6200
f 6200 6241 6201
f 6241 6242 6201
f 6201 6242 6202
f 6242 6243 6202
f 6202 6243 6203
f 6243 6244 6203
f 6203 6244 6204
f 6244 6245 6204
f 6204 6245 6205
f 6245 6246 6205
f 6205 6246 6206
f 6246 6247 6206
f 6206 6247 6207
f 6247 6248 6207
f 6207 6248 6171
f 6248 6249 6171
f 6171 6249 6208
f 6249 6250 6208
f 6208 6250 6209
f 6250 6251 6209
f 6209 6251 6172
f 6251 6252 6172
f 6172 6252 6210
f 6252 6253 6210
f 6210 6253 6211
f 6253 6254 6211
f 6211 6254 6212
f 6254 6255 6212
f 6212 6255 6213
f 6255 6214 6213
f 6214 6256 6215
f 6256 6257 6215
f 6215 6257 6216
f 6257 6258 6216
f 6216 6258 6217
f 6258 6259 6217
f 6217 6259 6218
f 6259 6260 6218
f 6218 6260 6219
f 6260 6261 6219
f 6219 6261 6220
f 6261 6262 6220
f 6220 6262 6221
f 6262 6263 6221
f 6221 6263 6222
f 6263 6264 6222
f 6222 6264 6223
f 6264 6265 6223
f 6223 6265 6224
f 6265 6266 6224
f 6224 6266 6225
f 6266 6267 6225
f 6225 6267 6226
f 6267 6268 6226
f 6226 6268 6227
f 6268 6228 6227
f 6269 6270 6228
f 6228 6270 6229
f 6270 6271 6229
f 6229 6271 6230
f 6271 6272 6230
f 6272 6273 6230
f 6230 6273 6231
f 6273 6274 6231
f 6231 6274 6232
f 6274 6275 6232
f 6232 6275 6233
f 6275 6276 6233
f 6233 6276 6234
f 6276 6277 6234
f 6234 6277 6235
f 6277 6278 6235
f 6235 6278 6236
f 6278 6279 6236
f 6236 6279 6237
f 6279 6280 6237
f 6237 6280 6238
f 6280 6281 6238
f 6238 6281 6239
f 6281 6282 6239
f 6239 6282 6240
f 6282 6283 6240
f 6240 6283 6241
f 6283 6284 6241
f 6241 6284 6242
f 6284 6285 6242
f 6242 6285 6243
f 6285 6286 6243
f 6243 6286 6244
f 6286 6287 6244
f 6244 6287 6245
f 6287 6288 6245
f 6245 6288 6246
f 6288 6289 6246
f 6246 6289 6247
f 6289 6290 6247
f 6247 6290 6248
f 6290 6291 6248
f 6291 6292 6248
f 6248 6292 6249
f 6292 6293 6249
f 6249 6293 6250
f 6293 6294 6250
f 6250 6294 6251
f 6294 6295 6251
f 6251 6295 6252
f 6295 6296 6252
f 6252 6296 6253
f 6296 6297 6253
f 6253 6297 6254
f 6255 6298 6214
f 6298 6256 6214
f 6256 6299 6257
f 6299 6300 6257
f 6257 6300 6258
f 6300 6301 6258
f 6258 6301 6259
f 6301 6302 6259
f 6259 6302 6260
f 6302 6303 6260
f 6260 6303 6261
f 6303 6304 6261
f 6261 6304 6262
f 6304 6305 6262
f 6262 6305 6263
f 6305 6306 6263
f 6263 6306 6264
f 6306 6307 6264
f 6264 6307 6265
f 6307 6308 6265
f 6308 6309 6265
f 6265 6309 6266
f 6309 6310 6266
f 6266 6310 6267
f 6310 6311 6267
f 6267 6311 6268
f 6311 6312 6268
f 6268 6312 6228
f 6312 6269 6228
f 6312 6313 6269
f 6269 6314 6270
f 6270 6314 6271
f 6314 6315 6271
f 6271 6315 6272
f 6272 6316 6273
f 6273 6316 6274
f 6316 6317 6274
f 6274 6317 6275
f 6317 6318 6275
f 6275 6318 6276
f 6318 6319 6276
f 6276 6319 6277
f 6319 6320 6277
f 6277 6320 6278
f 6320 6321 6278
f 6278 6321 6279
f 6321 6322 6279
f 6279 6322 6280
f 6322 6323 6280
f 6280 6323 6281
f 6323 6324 6281
f 6281 6324 6282
f 6324 6325 6282
f 6282 6325 6283
f 6325 6326 6283
f 6283 6326 6284
f 6326 6327 6284
f 6284 6327 6285
f 6327 6328 6285
f 6285 6328 6286
f 6328 6329 6286
f 6286 6329 6287
f 6289 6330 6290
f 6330 6331 6290
f 6331 6291 6290
f 6291 6332 6292
f 6292 6332 6293
f 6332 6333 6293
f 6293 6333 6294
f 6333 6334 6294
f 6294 6334 6295
f 6334 6335 6295
f 6295 6335 6296
f 6296 6336 6297
f 6297 6336 6254
f 6336 6337 6254
f 6254 6337 6255
f 6337 6338 6255
f 6255 6338 6298
f 6338 6339 6298
f 6298 6339 6256
f 6339 6299 6256
f 6299 6340 6300
f 6340 6341 6300
f 6300 6341 6301
f 6341 6342 6301
f 6301 6342 6302
f 6342 6343 6302
f 6302 6343 6303
f 6343 6344 6303
f 6303 6344 6304
f 6344 6345 6304
f 6345 6346 6304
f 6304 6346 6305
f 6346 6347 6305
f 6305 6347 6306
f 6306 6348 6307
f 6307 6348 6308
f 6308 6349 6309
f 6309 6349 6310
f 6349 6350 6310
f 6310 6350 6311
f 6350 6351 6311
f 6311 6351 6312
f 6351 6313 6312
f 553 552 6313
f 6313 552 6269
f 552 551 6269
f 6269 551 6314
f 551 550 6314
f 6314 550 6315
f 550 549 6315
f 549 548 6315
f 6315 548 6272
f 548 547 6272
f 6272 547 6316
f 547 545 6316
f 6316 545 6317
f 545 544 6317
f 6317 544 6318
f 544 6352 6318
f 6352 6353 6318
f 6318 6353 6319
f 6353 6354 6319
f 6319 6354 6320
f 6354 6355 6320
f 6320 6355 6321
f 6355 6356 6321
f 6321 6356 6322
f 6356 6357 6322
f 6322 6357 6323
f 6357 6358 6323
f 6323 6358 6324
f 6358 6359 6324
f 6324 6359 6325
f 6359 6360 6325
f 6325 6360 6326
f 6360 6361 6326
f 6326 6361 6327
f 6361 6132 6327
f 6327 6132 6328
f 6132 422 6328
f 6328 422 6329
f 422 421 6329
f 421 420 6329
f 6329 420 6287
f 420 419 6287
f 6287 419 6288
f 419 418 6288
f 6288 418 6289
f 418 417 6289
f 417 416 6289
f 6289 416 6330
f 416 415 6330
f 6330 415 6331
f 415 6131 6331
f 6331 6131 6291
f 6131 410 6291
f 6291 410 6332
f 410 409 6332
f 409 408 6332
f 6332 408 6333
f 408 407 6333
f 407 406 6333
f 6333 406 6334
f 406 405 6334
f 405 404 6334
f 6334 404 6335
f 404 403 6335
f 403 401 6335
f 6335 401 6296
f 401 400 6296
f 6296 400 6336
f 400 6362 6336
f 6336 6362 6337
f 6362 6363 6337
f 6337 6363 6338
f 6363 6364 6338
f 6338 6364 6339
f 6339 6340 6299
f 6340 6365 6341
f 6365 6366 6341
f 6341 6366 6342
f 6366 6367 6342
f 6342 6367 6343
f 6367 6368 6343
f 6343 6368 6344
f 6368 6345 6344
f 6345 6369 6346
f 6369 6347 6346
f 6347 565 6306
f 565 564 6306
f 6306 564 6348
f 564 563 6348
f 563 562 6348
f 6348 562 6308
f 562 561 6308
f 6308 561 6349
f 561 560 6349
f 6349 560 6350
f 560 559 6350
f 559 558 6350
f 6350 558 6351
f 558 557 6351
f 557 555 6351
f 6351 555 6313
f 555 553 6313
f 458 6362 400
f 6362 6370 6363
f 6370 6364 6363
f 6364 6371 6339
f 6371 6372 6339
f 6339 6372 6340
f 6372 6365 6340
f 6365 6373 6366
f 6373 6374 6366
f 6374 6367 6366
f 6367 6375 6368
f 6375 6376 6368
f 6368 6376 6345
f 6376 6369 6345
f 6369 6377 6347
f 6377 572 6347
f 572 565 6347
f 587 6352 544
f 6352 6378 6353
f 6378 6379 6353
f 6353 6379 6354
f 6379 6380 6354
f 6354 6380 6355
f 6380 6381 6355
f 6355 6381 6356
f 6381 6382 6356
f 6382 6383 6356
f 6356 6383 6357
f 6357 6384 6358
f 6358 6384 6359
f 6384 6385 6359
f 6359 6385 6360
f 6385 6386 6360
f 6386 6387 6360
f 6360 6387 6361
f 457 6388 458
f 458 6388 6362
f 6388 6370 6362
f 6370 6389 6364
f 6389 6371 6364
f 6371 6390 6372
f 6390 6391 6372
f 6372 6391 6365
f 6391 6373 6365
f 6373 6392 6374
f 6392 6393 6374
f 6374 6393 6367
f 6393 6394 6367
f 6367 6394 6375
f 6394 6395 6375
f 6375 6395 6376
f 6395 6396 6376
f 6376 6396 6369
f 6396 6377 6369
f 6377 579 572
f 586 6397 587
f 587 6397 6352
f 6397 6378 6352
f 6378 6398 6379
f 6398 6399 6379
f 6379 6399 6380
f 6381 6400 6382
f 6400 6383 6382
f 6383 6401 6357
f 6401 6384 6357
f 6385 6402 6386
f 6402 6387 6386
f 6387 6403 6361
f 6403 465 6361
f 6361 465 6132
f 465 460 6132
f 456 6404 457
f 457 6404 6388
f 6404 6405 6388
f 6388 6405 6370
f 6405 6389 6370
f 6389 6406 6371
f 6406 6390 6371
f 6390 6407 6391
f 6407 6408 6391
f 6391 6408 6373
f 6408 6392 6373
f 6392 6409 6393
f 6393 6409 6394
f 6395 6410 6396
f 6410 6411 6396
f 6396 6411 6377
f 6377 6411 579
f 6411 580 579
f 585 6412 586
f 586 6412 6397
f 6412 6413 6397
f 6397 6413 6378
f 6413 6398 6378
f 6398 6414 6399
f 6414 6415 6399
f 6399 6415 6380
f 6380 6415 6381
f 6415 6400 6381
f 6400 6416 6383
f 6416 6401 6383
f 6401 6417 6384
f 6417 6418 6384
f 6418 6419 6384
f 6384 6419 6385
f 6419 6402 6385
f 6402 6420 6387
f 6420 6403 6387
f 6403 467 465
f 456 6141 6404
f 6141 6421 6404
f 6404 6421 6405
f 6405 6422 6389
f 6389 6422 6406
f 6422 6423 6406
f 6406 6423 6390
f 6423 6407 6390
f 6407 6424 6408
f 6408 6424 6392
f 6424 6425 6392
f 6392 6425 6409
f 6425 6426 6409
f 6409 6426 6394
f 6426 6427 6394
f 6394 6427 6395
f 6427 6410 6395
f 6410 6428 6411
f 6428 573 6411
f 573 580 6411
f 585 584 6412
f 6412 6429 6413
f 6413 6429 6398
f 6429 6414 6398
f 6415 6430 6400
f 6430 6431 6400
f 6400 6431 6416
f 6416 6431 6401
f 6431 6417 6401
f 6418 6432 6419
f 6419 6432 6402
f 6432 6420 6402
f 6420 6433 6403
f 6433 461 6403
f 461 467 6403
f 454 370 6141
f 370 6434 6141
f 6141 6434 6421
f 6434 6435 6421
f 6421 6435 6405
f 6435 6436 6405
f 6405 6436 6422
f 6436 6437 6422
f 6422 6437 6423
f 6437 6438 6423
f 6423 6438 6407
f 6407 6438 6424
f 6438 6439 6424
f 6424 6439 6425
f 6439 6440 6425
f 6425 6440 6426
f 6440 6441 6426
f 6426 6441 6427
f 6441 6442 6427
f 6427 6442 6410
f 6442 6428 6410
f 6428 491 573
f 583 6150 584
f 6150 6443 584
f 584 6443 6412
f 6412 6443 6429
f 6443 6444 6429
f 6429 6444 6414
f 6444 6445 6414
f 6414 6445 6415
f 6445 6446 6415
f 6415 6446 6430
f 6446 6447 6430
f 6430 6447 6431
f 6447 6448 6431
f 6431 6448 6417
f 6448 6449 6417
f 6417 6449 6418
f 6449 6450 6418
f 6418 6450 6432
f 6450 6451 6432
f 6432 6451 6420
f 6451 6433 6420
f 6433 349 461
f 369 6452 370
f 6452 6434 370
f 6434 6453 6435
f 6453 6454 6435
f 6435 6454 6436
f 6454 6455 6436
f 6436 6455 6437
f 6455 6456 6437
f 6437 6456 6438
f 6456 6457 6438
f 6438 6457 6439
f 6457 6458 6439
f 6439 6458 6440
f 6458 6459 6440
f 6440 6459 6441
f 6459 6460 6441
f 6441 6460 6442
f 6442 6142 6428
f 6142 491 6428
f 511 6149 514
f 6149 6461 514
f 514 6461 6150
f 6461 6462 6150
f 6150 6462 6443
f 6462 6463 6443
f 6443 6463 6444
f 6463 6464 6444
f 6444 6464 6445
f 6464 6465 6445
f 6445 6465 6446
f 6465 6466 6446
f 6446 6466 6447
f 6466 6467 6447
f 6447 6467 6448
f 6467 6468 6448
f 6448 6468 6449
f 6468 6469 6449
f 6449 6469 6450
f 6469 6470 6450
f 6450 6470 6451
f 6451 6133 6433
f 6433 6133 349
f 505 6471 6146
f 6471 6472 6146
f 6146 6472 495
f 495 6472 6147
f 6472 6473 6147
f 6147 6473 508
f 508 6473 6148
f 6473 6474 6148
f 6148 6474 512
f 512 6474 513
f 6474 6475 513
f 513 6475 510
f 510 6475 6149
f 6475 6461 6149
f 6461 6476 6462
f 6462 6476 6463
f 6476 6477 6463
f 6463 6477 6464
f 6477 6478 6464
f 6464 6478 6465
f 6478 6479 6465
f 6465 6479 6466
f 6479 6480 6466
f 6466 6480 6467
f 6480 6481 6467
f 6467 6481 6468
f 6481 6482 6468
f 6468 6482 6469
f 6482 6483 6469
f 6469 6483 6470
f 6483 6484 6470
f 6470 6484 6451
f 6484 6133 6451
f 6133 6485 6134
f 6485 6486 6134
f 6134 6486 351
f 6486 6487 351
f 351 6487 355
f 6487 6488 355
f 355 6488 356
f 356 6488 357
f 6488 6135 357
f 6135 6489 354
f 6489 6136 354
f 6136 6137 359
f 6137 6490 362
f 6490 6138 362
f 6138 6139 364
f 6139 6491 366
f 366 6491 367
f 6491 6140 367
f 6140 6492 369
f 6492 6452 369
f 6452 6493 6434
f 6434 6493 6453
f 6493 6494 6453
f 6453 6494 6454
f 6494 6495 6454
f 6454 6495 6455
f 6495 6496 6455
f 6455 6496 6456
f 6496 6497 6456
f 6456 6497 6457
f 6497 6498 6457
f 6457 6498 6458
f 6498 6499 6458
f 6458 6499 6459
f 6499 6500 6459
f 6459 6500 6460
f 6500 6501 6460
f 6460 6501 6442
f 6501 6142 6442
f 6143 6502 494
f 494 6502 500
f 6502 6144 500
f 6144 6503 502
f 502 6503 498
f 6503 6504 498
f 498 6504 499
f 6504 6145 499
f 6145 6471 505
f 6471 6505 6472
f 6505 6506 6472
f 6472 6506 6473
f 6506 6507 6473
f 6473 6507 6474
f 6507 6508 6474
f 6474 6508 6475
f 6508 6509 6475
f 6475 6509 6461
f 6509 6510 6461
f 6461 6510 6476
f 6510 6511 6476
f 6476 6511 6477
f 6511 6512 6477
f 6477 6512 6478
f 6512 6513 6478
f 6478 6513 6479
f 6513 6514 6479
f 6479 6514 6480
f 6514 6515 6480
f 6480 6515 6481
f 6515 6516 6481
f 6481 6516 6482
f 6516 6517 6482
f 6482 6517 6483
f 6517 6518 6483
f 6483 6518 6484
f 6518 6519 6484
f 6484 6519 6133
f 6519 6485 6133
f 6485 6520 6486
f 6520 6521 6486
f 6486 6521 6487
f 6521 6522 6487
f 6487 6522 6488
f 6522 6523 6488
f 6488 6523 6135
f 6523 6489 6135
f 6489 6524 6136
f 6524 6525 6136
f 6136 6525 6137
f 6525 6526 6137
f 6137 6526 6490
f 6490 6527 6138
f 6138 6527 6139
f 6527 6528 6139
f 6139 6528 6491
f 6528 6529 6491
f 6491 6529 6140
f 6529 6492 6140
f 6492 6530 6452
f 6452 6530 6493
f 6530 6531 6493
f 6493 6531 6494
f 6531 6532 6494
f 6494 6532 6495
f 6532 6533 6495
f 6495 6533 6496
f 6533 6534 6496
f 6496 6534 6497
f 6534 6535 6497
f 6497 6535 6498
f 6535 6536 6498
f 6498 6536 6499
f 6536 6537 6499
f 6499 6537 6500
f 6501 6538 6142
f 6142 6538 6143
f 6538 6539 6143
f 6143 6539 6502
f 6539 6540 6502
f 6502 6540 6144
f 6540 6541 6144
f 6144 6541 6503
f 6541 6542 6503
f 6503 6542 6504
f 6542 6543 6504
f 6504 6543 6145
f 6145 6543 6471
f 6543 6505 6471
f 6543 6544 6505
f 6544 6545 6505
f 6505 6545 6506
f 6545 6546 6506
f 6506 6546 6507
f 6546 6547 6507
f 6507 6547 6508
f 6547 6548 6508
f 6508 6548 6509
f 6548 6549 6509
f 6509 6549 6510
f 6549 6550 6510
f 6510 6550 6511
f 6550 6551 6511
f 6511 6551 6512
f 6551 6552 6512
f 6512 6552 6513
f 6552 6553 6513
f 6513 6553 6514
f 6553 6554 6514
f 6514 6554 6515
f 6554 6555 6515
f 6515 6555 6516
f 6555 6556 6516
f 6516 6556 6517
f 6556 6557 6517
f 6517 6557 6518
f 6557 6558 6518
f 6518 6558 6519
f 6558 6559 6519
f 6519 6559 6485
f 6559 6520 6485
f 6520 6560 6521
f 6560 6561 6521
f 6521 6561 6522
f 6561 6562 6522
f 6522 6562 6523
f 6562 6563 6523
f 6523 6563 6489
f 6563 6524 6489
f 6524 6564 6525
f 6525 6564 6526
f 6564 6565 6526
f 6526 6565 6490
f 6565 6566 6490
f 6490 6566 6527
f 6566 6567 6527
f 6527 6567 6528
f 6567 6568 6528
f 6528 6568 6529
f 6568 6569 6529
f 6529 6569 6492
f 6569 6570 6492
f 6492 6570 6530
f 6570 6571 6530
f 6530 6571 6531
f 6571 6572 6531
f 6531 6572 6532
f 6572 6573 6532
f 6532 6573 6533
f 6573 6574 6533
f 6533 6574 6534
f 6574 6575 6534
f 6534 6575 6535
f 6575 6576 6535
f 6535 6576 6536
f 6576 6577 6536
f 6536 6577 6537
f 6577 6578 6537
f 6537 6578 6500
f 6578 6579 6500
f 6500 6579 6501
f 6579 6580 6501
f 6501 6580 6538
f 6580 6581 6538
f 6538 6581 6539
f 6581 6582 6539
f 6539 6582 6540
f 6582 6583 6540
f 6540 6583 6541
f 6583 6584 6541
f 6541 6584 6542
f 6584 6585 6542
f 6542 6585 6543
f 6585 6544 6543
f 6544 6586 6545
f 6586 6587 6545
f 6545 6587 6546
f 6587 6588 6546
f 6546 6588 6547
f 6588 6589 6547
f 6547 6589 6548
f 6589 6590 6548
f 6548 6590 6549
f 6590 6591 6549
f 6549 6591 6550
f 6591 6592 6550
f 6550 6592 6551
f 6592 6077 6551
f 6551 6077 6552
f 6077 6593 6552
f 6552 6593 6553
f 6593 6594 6553
f 6553 6594 6554
f 6594 6595 6554
f 6554 6595 6555
f 6595 6596 6555
f 6555 6596 6556
f 6596 6597 6556
f 6556 6597 6557
f 6597 6598 6557
f 6557 6598 6558
f 6598 6599 6558
f 6558 6599 6559
f 6599 6069 6559
f 6559 6069 6520
f 6069 6560 6520
f 6560 6600 6561
f 6600 6601 6561
f 6561 6601 6562
f 6601 6602 6562
f 6562 6602 6563
f 6602 6603 6563
f 6563 6603 6524
f 6603 6564 6524
f 6564 6063 6565
f 6063 6604 6565
f 6565 6604 6566
f 6604 6605 6566
f 6566 6605 6567
f 6605 6606 6567
f 6567 6606 6568
f 6606 6057 6568
f 6568 6057 6569
f 6057 6607 6569
f 6569 6607 6570
f 6607 6608 6570
f 6570 6608 6571
f 6608 6609 6571
f 6571 6609 6572
f 6609 6052 6572
f 6572 6052 6573
f 6573 6610 6574
f 6574 6610 6575
f 6610 6611 6575
f 6575 6611 6576
f 6611 6612 6576
f 6576 6612 6577
f 6612 6613 6577
f 6577 6613 6578
f 6613 6614 6578
f 6578 6614 6579
f 6614 6615 6579
f 6579 6615 6580
f 6615 6616 6580
f 6580 6616 6581
f 6616 6617 6581
f 6581 6617 6582
f 6617 6618 6582
f 6582 6618 6583
f 6618 6619 6583
f 6583 6619 6584
f 6619 6620 6584
f 6584 6620 6585
f 6620 6621 6585
f 6585 6621 6544
f 6621 6586 6544
f 6621 6085 6586
f 6085 6083 6586
f 6586 6083 6587
f 6083 6084 6587
f 6084 6082 6587
f 6587 6082 6588
f 6082 6081 6588
f 6588 6081 6589
f 6081 6080 6589
f 6589 6080 6590
f 6080 6079 6590
f 6590 6079 6591
f 6079 6078 6591
f 6591 6078 6592
f 6078 4597 6592
f 6592 4597 6077
f 6077 4595 6593
f 4595 6076 6593
f 6076 4593 6593
f 6593 4593 6594
f 4593 6075 6594
f 6594 6075 6595
f 6075 6074 6595
f 6595 6074 6596
f 6074 6073 6596
f 6596 6073 6597
f 6073 6072 6597
f 6597 6072 6598
f 6072 6071 6598
f 6598 6071 6599
f 6071 6070 6599
f 6599 6070 6069
f 6069 6068 6560
f 6560 6068 6600
f 6068 6067 6600
f 6600 6067 6601
f 6067 6066 6601
f 6601 6066 6602
f 6066 6065 6602
f 6602 6065 6603
f 6065 6064 6603
f 6603 6064 6564
f 6064 6062 6564
f 6062 6063 6564
f 6063 6061 6604
f 6061 6060 6604
f 6604 6060 6605
f 6060 6059 6605
f 6605 6059 6606
f 6059 6058 6606
f 6058 6057 6606
f 6057 6056 6607
f 6056 6055 6607
f 6607 6055 6608
f 6055 6054 6608
f 6608 6054 6609
f 6054 6053 6609
f 6053 6052 6609
f 6052 6051 6573
f 6051 6050 6573
f 6573 6050 6610
f 6050 6048 6610
f 6610 6048 6611
f 6048 6049 6611
f 6611 6049 6612
f 6049 6047 6612
f 6047 4629 6612
f 6612 4629 6613
f 4629 6046 6613
f 6613 6046 6614
f 6046 6045 6614
f 6614 6045 6615
f 6045 6044 6615
f 6615 6044 6616
f 6044 6043 6616
f 6616 6043 6617
f 6043 6041 6617
f 6617 6041 6618
f 6041 6042 6618
f 6618 6042 6619
f 6042 6040 6619
f 6619 6040 6620
f 6040 6039 6620
f 6620 6039 6621
f 6039 6085 6621
f 4701 6622 4702
f 6622 6623 4702
f 4702 6623 4703
f 6623 6624 4703
f 4703 6624 4704
f 6625 4705 6624
f 4705 4704 6624
f 4707 4706 6626
f 6626 4706 6625
f 4706 4705 6625
f 4707 6626 4708
f 4708 6627 4709
f 6628 4711 6627
f 4711 4710 6627
f 6627 4710 4709
f 4711 6628 4712
f 4712 6628 4713
f 6628 4714 4713
f 6629 4717 4716
f 4717 6629 4718
f 6629 6630 4718
f 4718 6630 4719
f 4720 4719 6630
f 4722 4721 6631
f 6631 4721 4720
f 4722 6631 4723
f 4723 6632 4724
f 4724 6632 4725
f 6633 4727 6634
f 4727 4726 6634
f 6634 4726 6632
f 4726 4725 6632
f 4728 4727 6633
f 4728 6633 4729
f 6633 6635 4729
f 4729 6635 4730
f 6635 6636 4730
f 4730 6636 4731
f 6637 4733 6638
f 4733 4732 6638
f 6638 4732 6636
f 4732 4731 6636
f 4734 4733 6637
f 4737 4734 6637
f 6637 6639 4737
f 4737 6639 4735
f 6640 4738 6641
f 4738 4736 6641
f 6641 4736 6639
f 4736 4735 6639
f 4740 4739 6640
f 6640 4739 4738
f 6640 6642 4740
f 4740 6642 4741
f 4743 4742 6643
f 6643 4742 6642
f 4742 4741 6642
f 4744 4743 6643
f 4745 4744 6644
f 4744 6643 6644
f 4745 6644 4746
f 6644 6645 4746
f 4746 6645 4747
f 6645 6646 4747
f 6647 4749 6646
f 4749 4748 6646
f 6646 4748 4747
f 4749 6647 4750
f 4750 6647 4672
f 6647 6648 4672
f 6649 4674 6648
f 4674 4673 6648
f 6648 4673 4672
f 4674 6649 4675
f 4675 6649 4676
f 6649 6650 4676
f 4679 4678 6651
f 6651 4678 6650
f 4678 4677 6650
f 6650 4677 4676
f 4680 4679 6651
f 4680 6652 4681
f 4681 6652 4682
f 6653 4684 6654
f 4684 4683 6654
f 6654 4683 6652
f 4683 4682 6652
f 4685 4684 6653
f 4685 6653 4686
f 4686 6655 4687
f 4687 6655 4688
f 6655 6656 4688
f 4688 6656 4689
f 6656 6657 4689
f 4689 6657 4690
f 6658 4692 6657
f 4692 4691 6657
f 6657 4691 4690
f 4694 4693 6659
f 6659 4693 6658
f 4693 4692 6658
f 4694 6659 4695
f 6659 6660 4695
f 4695 6660 4696
f 6660 6661 4696
f 4696 6661 4697
f 6661 6662 4697
f 4697 6662 4698
f 4701 4700 6622
f 4700 4699 6622
f 6622 4699 6662
f 4699 4698 6662
f 5732 5731 6663
f 6663 5731 6664
f 5732 6663 5733
f 6663 6665 5733
f 5733 6665 5734
f 5734 6665 5735
f 6665 6666 5735
f 5735 6666 5736
f 6666 6667 5736
f 5739 5738 6668
f 6668 5738 6667
f 5738 5737 6667
f 5737 5736 6667
f 5739 6668 5740
f 6668 6669 5740
f 5740 6669 5741
f 6669 6670 5741
f 6670 5742 5741
f 5742 6670 5744
f 6670 6671 5744
f 5744 6671 5748
f 6671 6672 5748
f 5748 6672 5749
f 6672 6673 5749
f 5749 6673 5750
f 6673 6674 5750
f 6675 5752 6674
f 5752 5751 6674
f 6674 5751 5750
f 5745 5753 6676
f 6676 5753 6675
f 5753 5754 6675
f 5754 5752 6675
f 5745 6676 5746
f 6676 6677 5746
f 6677 5755 5746
f 6678 5756 5755
f 6679 5758 6678
f 5758 5757 6678
f 5757 5756 6678
f 5758 6679 5759
f 5759 6679 5760
f 6679 6680 5760
f 6680 6681 5760
f 6681 5761 5760
f 5761 6681 5762
f 6681 6682 5762
f 5762 6682 5763
f 6682 6683 5763
f 5763 6683 5764
f 5766 5765 6684
f 6684 5765 6683
f 5765 5764 6683
f 5768 5767 6685
f 6685 5767 6684
f 5767 5766 6684
f 5768 6685 5769
f 6685 6686 5769
f 5769 6686 5770
f 6687 5772 6686
f 5772 5771 6686
f 6686 5771 5770
f 5775 5774 6687
f 5774 5773 6687
f 5773 5772 6687
f 5775 6688 5776
f 6688 6689 5776
f 5776 6689 5777
f 6689 6690 5777
f 5777 6690 5778
f 5780 5779 6691
f 6691 5779 6690
f 5779 5778 6690
f 5780 6691 5781
f 6691 6692 5781
f 5781 6692 5782
f 6692 6693 5782
f 5782 6693 5783
f 6693 6694 5783
f 5783 6694 5784
f 5786 5785 6695
f 6695 5785 6694
f 5785 5784 6694
f 5786 6695 5787
f 6695 6696 5787
f 5787 6696 5788
f 6696 6697 5788
f 5788 6697 5789
f 6697 6698 5789
f 5789 6698 5790
f 5792 5791 6699
f 6699 5791 6698
f 5791 5790 6698
f 5792 6699 5716
f 6699 6700 5716
f 5716 6700 5715
f 5715 6700 5717
f 6700 6701 5717
f 5717 6701 5718
f 5721 5720 6702
f 6702 5720 6703
f 5720 5719 6703
f 6703 5719 6701
f 5719 5718 6701
f 5721 6702 5722
f 6702 6704 5722
f 5722 6704 5723
f 6704 6705 5723
f 6705 5724 5723
f 5724 6705 5725
f 5725 6706 5726
f 6707 5727 6706
f 6706 5727 5726
f 5731 5729 6664
f 6664 5729 6707
f 5729 5728 6707
f 5728 5727 6707
f 531 530 532
f 537 536 6708
f 6708 536 535
f 537 6708 538
f 469 6709 470
f 6709 6710 470
f 470 6710 471
f 475 472 471
f 6711 473 477
f 6711 474 473
f 474 6712 478
f 6712 479 478
f 479 6713 480
f 6713 482 480
f 486 6714 487
f 574 490 6715
f 576 575 6716
f 575 574 6716
f 616 6717 617
f 6717 6718 617
f 617 6718 618
f 6718 6719 618
f 618 6719 619
f 6719 620 619
f 6720 622 621
f 623 622 6720
f 627 6721 628
f 6721 630 628
f 6722 633 632
f 636 633 6722
f 6723 637 636
f 637 6723 634
f 6723 6724 634
f 634 6724 635
f 705 635 6725
f 706 705 6726
f 676 675 677
f 687 6727 694
f 6728 616 695
f 6664 6729 6663
f 6663 6729 6665
f 6729 6730 6665
f 6665 6730 6666
f 6730 6731 6666
f 6666 6731 6667
f 6731 6732 6667
f 6667 6732 6668
f 6732 6733 6668
f 6668 6733 6669
f 6733 6734 6669
f 6669 6734 6670
f 6734 6735 6670
f 6735 6671 6670
f 6671 6736 6672
f 6672 6736 6673
f 6736 6737 6673
f 6737 6738 6673
f 6673 6738 6674
f 6674 6738 6675
f 6738 6739 6675
f 6675 6739 6676
f 6739 6740 6676
f 6676 6740 6677
f 6740 6741 6677
f 6677 6741 5755
f 6741 6742 5755
f 5755 6742 6678
f 6742 6743 6678
f 6678 6743 6679
f 6743 6744 6679
f 6744 6680 6679
f 6680 6745 6681
f 6745 6682 6681
f 6682 6746 6683
f 6746 6747 6683
f 6683 6747 6684
f 6747 6748 6684
f 6684 6748 6685
f 6748 6749 6685
f 6685 6749 6686
f 6749 6750 6686
f 6686 6750 6687
f 6750 6751 6687
f 6687 6751 5775
f 6751 6688 5775
f 6688 6752 6689
f 6689 6752 6690
f 6752 6753 6690
f 6690 6753 6691
f 6753 6692 6691
f 6692 6754 6693
f 6754 6755 6693
f 6693 6755 6694
f 6755 6756 6694
f 6694 6756 6695
f 6756 6757 6695
f 6695 6757 6696
f 6757 6758 6696
f 6696 6758 6697
f 6758 6759 6697
f 6697 6759 6698
f 6759 6760 6698
f 6698 6760 6699
f 6760 6761 6699
f 6699 6761 6700
f 6761 6762 6700
f 6700 6762 6701
f 6762 6763 6701
f 6763 6703 6701
f 6703 6764 6702
f 6764 6765 6702
f 6702 6765 6704
f 6765 6766 6704
f 6704 6766 6705
f 6766 6767 6705
f 6705 6767 5725
f 6767 6706 5725
f 6706 6768 6707
f 6768 6664 6707
f 6768 6769 6664
f 6769 6770 6664
f 6664 6770 6729
f 6770 6771 6729
f 6729 6771 6730
f 6771 6772 6730
f 6730 6772 6731
f 6772 6773 6731
f 6731 6773 6732
f 6773 6774 6732
f 6732 6774 6733
f 6774 6775 6733
f 6733 6775 6734
f 6775 6776 6734
f 6734 6776 6735
f 6776 6777 6735
f 6735 6777 6671
f 6671 6777 6736
f 6777 6778 6736
f 6736 6778 6737
f 6778 6779 6737
f 6737 6779 6738
f 6779 6780 6738
f 6738 6780 6739
f 6780 6781 6739
f 6739 6781 6740
f 6781 6782 6740
f 6740 6782 6741
f 6782 6783 6741
f 6741 6783 6742
f 6783 6784 6742
f 6742 6784 6743
f 6784 6744 6743
f 6744 6785 6680
f 6680 6785 6745
f 6785 6786 6745
f 6745 6786 6682
f 6786 6746 6682
f 6746 6787 6747
f 6787 6788 6747
f 6747 6788 6748
f 6788 6789 6748
f 6748 6789 6749
f 6789 6790 6749
f 6749 6790 6750
f 6790 6791 6750
f 6750 6791 6751
f 6791 6792 6751
f 6751 6792 6688
f 6792 6793 6688
f 6688 6793 6752
f 6793 6794 6752
f 6752 6794 6753
f 6794 6795 6753
f 6753 6795 6692
f 6795 6754 6692
f 6756 6796 6757
f 6757 6796 6758
f 6796 6797 6758
f 6758 6797 6759
f 6797 6798 6759
f 6759 6798 6760
f 6798 6799 6760
f 6760 6799 6761
f 6799 6800 6761
f 6761 6800 6762
f 6800 6801 6762
f 6762 6801 6763
f 6801 6802 6763
f 6763 6802 6703
f 6703 6802 6764
f 6802 6803 6764
f 6764 6803 6765
f 6803 6804 6765
f 6765 6804 6766
f 6804 6805 6766
f 6766 6805 6767
f 6805 6806 6767
f 6767 6806 6706
f 6806 6807 6706
f 6706 6807 6768
f 6807 6769 6768
f 6769 6808 6770
f 6808 6809 6770
f 6770 6809 6771
f 6809 6810 6771
f 6810 6811 6771
f 6771 6811 6772
f 6811 6812 6772
f 6772 6812 6773
f 6812 6813 6773
f 6773 6813 6774
f 6813 6814 6774
f 6774 6814 6775
f 6814 6815 6775
f 6775 6815 6776
f 6815 6816 6776
f 6776 6816 6777
f 6816 6817 6777
f 6777 6817 6778
f 6817 6818 6778
f 6778 6818 6779
f 6818 6819 6779
f 6779 6819 6780
f 6819 6820 6780
f 6780 6820 6781
f 6820 6821 6781
f 6781 6821 6782
f 6821 6822 6782
f 6782 6822 6783
f 6822 6823 6783
f 6783 6823 6784
f 6823 6824 6784
f 6784 6824 6744
f 6824 6825 6744
f 6744 6825 6785
f 6825 6826 6785
f 6785 6826 6786
f 6826 6827 6786
f 6786 6827 6746
f 6827 6787 6746
f 6787 6828 6788
f 6828 6829 6788
f 6788 6829 6789
f 6829 6830 6789
f 6789 6830 6790
f 6830 6831 6790
f 6790 6831 6791
f 6831 6832 6791
f 6791 6832 6792
f 6832 6833 6792
f 6833 6834 6792
f 6792 6834 6793
f 6834 6835 6793
f 6793 6835 6794
f 6835 6836 6794
f 6794 6836 6795
f 6836 6837 6795
f 6795 6837 6754
f 6754 6838 6755
f 6838 6839 6755
f 6755 6839 6756
f 6839 6840 6756
f 6756 6840 6796
f 6840 6841 6796
f 6796 6841 6797
f 6841 6842 6797
f 6797 6842 6798
f 6842 6843 6798
f 6798 6843 6799
f 6843 6844 6799
f 6799 6844 6800
f 6844 6845 6800
f 6800 6845 6801
f 6845 6846 6801
f 6801 6846 6802
f 6846 6847 6802
f 6802 6847 6803
f 6847 6848 6803
f 6803 6848 6804
f 6848 6849 6804
f 6804 6849 6805
f 6849 6850 6805
f 6805 6850 6806
f 6850 6851 6806
f 6806 6851 6807
f 6851 6852 6807
f 6807 6852 6769
f 6852 6808 6769
f 6852 6853 6808
f 6853 6854 6808
f 6808 6854 6809
f 6854 6855 6809
f 6809 6855 6810
f 6810 6856 6811
f 6811 6856 6812
f 6856 6857 6812
f 6812 6857 6813
f 6857 6858 6813
f 6813 6858 6814
f 6858 6859 6814
f 6814 6859 6815
f 6859 6860 6815
f 6815 6860 6816
f 6860 6861 6816
f 6816 6861 6817
f 6861 6862 6817
f 6817 6862 6818
f 6862 6863 6818
f 6818 6863 6819
f 6863 6864 6819
f 6819 6864 6820
f 6864 6865 6820
f 6820 6865 6821
f 6865 6866 6821
f 6821 6866 6822
f 6866 6867 6822
f 6822 6867 6823
f 6867 6868 6823
f 6823 6868 6824
f 6868 6869 6824
f 6824 6869 6825
f 6869 6870 6825
f 6825 6870 6826
f 6870 6871 6826
f 6826 6871 6827
f 6871 6872 6827
f 6827 6872 6787
f 6872 6828 6787
f 6828 6873 6829
f 6873 6874 6829
f 6829 6874 6830
f 6874 6875 6830
f 6830 6875 6831
f 6875 6876 6831
f 6831 6876 6832
f 6876 6877 6832
f 6832 6877 6833
f 6833 6878 6834
f 6834 6878 6835
f 6878 6879 6835
f 6835 6879 6836
f 6837 6838 6754
f 6838 6880 6839
f 6880 6881 6839
f 6839 6881 6840
f 6881 6882 6840
f 6840 6882 6841
f 6882 6883 6841
f 6841 6883 6842
f 6883 6884 6842
f 6842 6884 6843
f 6884 6885 6843
f 6843 6885 6844
f 6885 6886 6844
f 6844 6886 6845
f 6886 6887 6845
f 6845 6887 6846
f 6887 6888 6846
f 6846 6888 6847
f 6888 6889 6847
f 6847 6889 6848
f 6889 6890 6848
f 6848 6890 6849
f 6890 6891 6849
f 6849 6891 6850
f 6891 6892 6850
f 6850 6892 6851
f 6892 6893 6851
f 6851 6893 6852
f 6893 6853 6852
f 6893 6894 6853
f 6853 6895 6854
f 6854 6895 6855
f 6895 6896 6855
f 6855 6896 6810
f 6896 6856 6810
f 6856 6897 6857
f 6897 6898 6857
f 6857 6898 6858
f 6898 6899 6858
f 6858 6899 6859
f 6899 6900 6859
f 6859 6900 6860
f 6900 6901 6860
f 6860 6901 6861
f 6901 6902 6861
f 6861 6902 6862
f 6902 6903 6862
f 6862 6903 6863
f 6903 6904 6863
f 6863 6904 6864
f 6904 6905 6864
f 6864 6905 6865
f 6905 6906 6865
f 6865 6906 6866
f 6906 6907 6866
f 6866 6907 6867
f 6907 6908 6867
f 6867 6908 6868
f 6868 6909 6869
f 6869 6909 6870
f 6909 6910 6870
f 6870 6910 6871
f 6910 6911 6871
f 6871 6911 6872
f 6911 6912 6872
f 6872 6912 6828
f 6912 6873 6828
f 6873 6913 6874
f 6913 6914 6874
f 6874 6914 6875
f 6875 6915 6876
f 6876 6915 6877
f 6915 6916 6877
f 6877 6916 6833
f 6916 6878 6833
f 6878 6917 6879
f 6917 6918 6879
f 6879 6918 6836
f 6918 6919 6836
f 6836 6919 6837
f 6919 6920 6837
f 6837 6920 6838
f 6920 6880 6838
f 6880 6921 6881
f 6921 6922 6881
f 6881 6922 6882
f 6882 6923 6883
f 6883 6923 6884
f 6923 6924 6884
f 6884 6924 6885
f 6924 6925 6885
f 6925 6926 6885
f 6885 6926 6886
f 6926 6927 6886
f 6886 6927 6887
f 6927 6928 6887
f 6887 6928 6888
f 6928 6929 6888
f 6888 6929 6889
f 6890 6930 6891
f 6930 6931 6891
f 6891 6931 6892
f 6931 6932 6892
f 6892 6932 6893
f 6932 6894 6893
f 675 674 6894
f 6894 674 6853
f 674 673 6853
f 6853 673 6895
f 673 672 6895
f 672 671 6895
f 6895 671 6896
f 671 670 6896
f 6896 670 6856
f 670 669 6856
f 6856 669 6897
f 669 667 6897
f 6897 667 6898
f 667 666 6898
f 666 6933 6898
f 6898 6933 6899
f 6899 6933 6900
f 6933 6934 6900
f 6900 6934 6901
f 6934 6935 6901
f 6901 6935 6902
f 6935 6936 6902
f 6902 6936 6903
f 6936 6937 6903
f 6903 6937 6904
f 6937 6938 6904
f 6904 6938 6905
f 6938 6939 6905
f 6905 6939 6906
f 6939 6940 6906
f 6906 6940 6907
f 6940 6941 6907
f 6941 6908 6907
f 6908 543 6868
f 543 542 6868
f 6868 542 6909
f 542 541 6909
f 541 540 6909
f 6909 540 6910
f 540 539 6910
f 6910 539 6911
f 539 538 6911
f 538 6708 6911
f 6911 6708 6912
f 6708 535 6912
f 535 533 6912
f 6912 533 6873
f 533 532 6873
f 6873 532 6913
f 532 530 6913
f 6913 530 6914
f 530 529 6914
f 529 528 6914
f 6914 528 6875
f 528 527 6875
f 6875 527 6915
f 527 526 6915
f 526 525 6915
f 6915 525 6916
f 525 524 6916
f 6916 524 6878
f 6878 524 6917
f 524 523 6917
f 6917 523 6918
f 523 522 6918
f 522 6942 6918
f 6918 6942 6919
f 6942 6943 6919
f 6919 6943 6920
f 6943 6944 6920
f 6920 6944 6880
f 6944 6921 6880
f 6922 6945 6882
f 6882 6945 6923
f 6945 6946 6923
f 6923 6946 6924
f 6946 6925 6924
f 6925 6947 6926
f 6926 6947 6927
f 6947 6727 6927
f 6727 687 6927
f 6927 687 6928
f 687 686 6928
f 6928 686 6929
f 686 685 6929
f 685 684 6929
f 6929 684 6889
f 684 683 6889
f 6889 683 6890
f 683 682 6890
f 6890 682 6930
f 682 681 6930
f 6930 681 6931
f 681 680 6931
f 680 679 6931
f 6931 679 6932
f 679 677 6932
f 6932 677 6894
f 677 675 6894
f 578 6948 522
f 522 6948 6942
f 6948 6949 6942
f 6942 6949 6943
f 6949 6950 6943
f 6950 6951 6943
f 6943 6951 6944
f 6921 6952 6922
f 6952 6953 6922
f 6953 6945 6922
f 6945 6954 6946
f 6954 6955 6946
f 6955 6956 6946
f 6946 6956 6925
f 6956 6957 6925
f 6925 6957 6947
f 6957 6958 6947
f 6958 6727 6947
f 666 708 6933
f 708 6959 6933
f 6959 6960 6933
f 6933 6960 6934
f 6960 6961 6934
f 6934 6961 6935
f 6961 6962 6935
f 6935 6962 6936
f 6962 6963 6936
f 6963 6964 6936
f 6936 6964 6937
f 6964 6965 6937
f 6937 6965 6938
f 6965 6966 6938
f 6966 6939 6938
f 6939 6967 6940
f 6967 6968 6940
f 6968 6941 6940
f 6941 6969 6908
f 6969 581 6908
f 581 543 6908
f 577 6948 578
f 6948 6970 6949
f 6970 6950 6949
f 6950 6971 6951
f 6971 6972 6951
f 6951 6972 6944
f 6972 6973 6944
f 6944 6973 6921
f 6973 6952 6921
f 6952 6974 6953
f 6974 6975 6953
f 6953 6975 6945
f 6975 6954 6945
f 6956 6976 6957
f 6976 6958 6957
f 6958 700 6727
f 700 694 6727
f 707 6959 708
f 6959 6977 6960
f 6977 6978 6960
f 6960 6978 6961
f 6978 6962 6961
f 6962 6979 6963
f 6979 6964 6963
f 6964 6980 6965
f 6980 6981 6965
f 6965 6981 6966
f 6981 6982 6966
f 6966 6982 6939
f 6982 6967 6939
f 6967 6983 6968
f 6983 6984 6968
f 6968 6984 6941
f 6984 6969 6941
f 6969 588 581
f 576 6985 577
f 577 6985 6948
f 6985 6970 6948
f 6970 6986 6950
f 6950 6986 6971
f 6986 6972 6971
f 6972 6987 6973
f 6987 6988 6973
f 6988 6989 6973
f 6973 6989 6952
f 6989 6974 6952
f 6974 6990 6975
f 6990 6991 6975
f 6975 6991 6954
f 6954 6991 6955
f 6991 6992 6955
f 6955 6992 6956
f 6992 6976 6956
f 6976 6993 6958
f 6958 6993 700
f 6993 701 700
f 706 6994 707
f 6994 6995 707
f 707 6995 6959
f 6959 6995 6977
f 6978 6996 6962
f 6996 6979 6962
f 6979 6997 6964
f 6997 6980 6964
f 6980 6998 6981
f 6998 6999 6981
f 6981 6999 6982
f 6982 6983 6967
f 6983 7000 6984
f 7000 7001 6984
f 6984 7001 6969
f 6969 7001 588
f 7001 589 588
f 576 6716 6985
f 6716 7002 6985
f 6985 7002 6970
f 7002 7003 6970
f 6970 7003 6986
f 7003 7004 6986
f 6986 7004 6972
f 7004 6987 6972
f 6988 7005 6989
f 6989 7005 6974
f 7005 6990 6974
f 6990 7006 6991
f 7006 7007 6991
f 6991 7007 6992
f 7007 7008 6992
f 6992 7008 6976
f 7008 6993 6976
f 695 701 6993
f 706 6726 6994
f 6994 6726 6995
f 6726 7009 6995
f 6995 7009 6977
f 7009 7010 6977
f 6977 7010 6978
f 7010 6996 6978
f 6996 7011 6979
f 6979 7011 6997
f 7011 7012 6997
f 6997 7012 6980
f 7012 6998 6980
f 6998 7013 6999
f 7013 7014 6999
f 6999 7014 6982
f 7014 7015 6982
f 6982 7015 6983
f 7015 7000 6983
f 7000 7016 7001
f 7016 582 7001
f 582 589 7001
f 574 6715 6716
f 6715 7017 6716
f 6716 7017 7002
f 7017 7018 7002
f 7002 7018 7003
f 7018 7019 7003
f 7003 7019 7004
f 7019 7020 7004
f 7004 7020 6987
f 7020 7021 6987
f 6987 7021 6988
f 7021 7022 6988
f 6988 7022 7005
f 7022 7023 7005
f 7005 7023 6990
f 7023 7006 6990
f 7006 7024 7007
f 7024 7025 7007
f 7007 7025 7008
f 7025 6728 7008
f 7008 6728 6993
f 6993 6728 695
f 705 6725 6726
f 6725 7026 6726
f 6726 7026 7009
f 7026 7027 7009
f 7009 7027 7010
f 7027 7028 7010
f 7010 7028 6996
f 6996 7028 7011
f 7028 7029 7011
f 7011 7029 7012
f 7029 7030 7012
f 7012 7030 6998
f 7030 7013 6998
f 7013 7031 7014
f 7031 7032 7014
f 7014 7032 7015
f 7032 7033 7015
f 7015 7033 7000
f 7033 7016 7000
f 7016 469 582
f 487 6714 490
f 6714 7034 490
f 490 7034 6715
f 7034 7035 6715
f 6715 7035 7017
f 7035 7036 7017
f 7017 7036 7018
f 7036 7037 7018
f 7018 7037 7019
f 7037 7038 7019
f 7019 7038 7020
f 7038 7039 7020
f 7020 7039 7021
f 7039 7040 7021
f 7021 7040 7022
f 7040 7041 7022
f 7022 7041 7023
f 7041 7042 7023
f 7023 7042 7006
f 7042 7024 7006
f 7024 7043 7025
f 7043 7044 7025
f 7025 7044 6728
f 7044 6717 6728
f 6717 616 6728
f 6724 7045 635
f 635 7045 6725
f 7045 7046 6725
f 6725 7046 7026
f 7046 7047 7026
f 7026 7047 7027
f 7047 7048 7027
f 7027 7048 7028
f 7048 7049 7028
f 7028 7049 7029
f 7049 7050 7029
f 7029 7050 7030
f 7050 7051 7030
f 7030 7051 7013
f 7051 7031 7013
f 7031 7052 7032
f 7052 7053 7032
f 7032 7053 7033
f 7053 6709 7033
f 7033 6709 7016
f 7016 6709 469
f 6721 7054 630
f 630 7054 631
f 7054 7055 631
f 631 7055 632
f 7055 6722 632
f 6722 7056 636
f 636 7056 6723
f 7056 7057 6723
f 6723 7057 6724
f 7057 7058 6724
f 6724 7058 7045
f 7058 7059 7045
f 7045 7059 7046
f 7059 7060 7046
f 7046 7060 7047
f 7060 7061 7047
f 7047 7061 7048
f 7061 7062 7048
f 7048 7062 7049
f 7062 7063 7049
f 7049 7063 7050
f 7063 7064 7050
f 7050 7064 7051
f 7064 7065 7051
f 7051 7065 7031
f 7031 7065 7052
f 7065 7066 7052
f 7052 7066 7053
f 7066 7067 7053
f 7053 7067 6709
f 7067 7068 6709
f 6709 7068 6710
f 7068 7069 6710
f 6710 7069 471
f 7069 7070 471
f 471 7070 475
f 7070 7071 475
f 475 7071 476
f 476 7071 477
f 7071 6711 477
f 6711 7072 474
f 7072 6712 474
f 6712 6713 479
f 6713 7073 482
f 7073 7074 482
f 482 7074 483
f 7074 7075 483
f 483 7075 484
f 484 7075 485
f 7075 7076 485
f 485 7076 488
f 7076 7077 488
f 488 7077 489
f 489 7077 486
f 7077 6714 486
f 7034 7078 7035
f 7035 7078 7036
f 7078 7079 7036
f 7036 7079 7037
f 7079 7080 7037
f 7037 7080 7038
f 7080 7081 7038
f 7038 7081 7039
f 7081 7082 7039
f 7039 7082 7040
f 7082 7083 7040
f 7040 7083 7041
f 7083 7084 7041
f 7041 7084 7042
f 7084 7085 7042
f 7042 7085 7024
f 7024 7085 7043
f 7085 7086 7043
f 7043 7086 7044
f 7086 7087 7044
f 7044 7087 6717
f 7087 7088 6717
f 6717 7088 6718
f 7088 6719 6718
f 6719 7089 620
f 620 7089 621
f 7089 6720 621
f 6720 7090 623
f 7090 7091 623
f 623 7091 624
f 7091 7092 624
f 624 7092 625
f 625 7092 626
f 7092 7093 626
f 626 7093 627
f 7093 6721 627
f 7093 7094 6721
f 6721 7094 7054
f 7094 7095 7054
f 7054 7095 7055
f 7095 7096 7055
f 7055 7096 6722
f 6722 7096 7056
f 7096 7097 7056
f 7056 7097 7057
f 7097 7098 7057
f 7057 7098 7058
f 7098 7099 7058
f 7058 7099 7059
f 7099 7100 7059
f 7059 7100 7060
f 7100 7101 7060
f 7060 7101 7061
f 7101 7102 7061
f 7061 7102 7062
f 7102 7103 7062
f 7062 7103 7063
f 7103 7104 7063
f 7063 7104 7064
f 7104 7105 7064
f 7064 7105 7065
f 7105 7106 7065
f 7065 7106 7066
f 7106 7107 7066
f 7066 7107 7067
f 7107 7108 7067
f 7067 7108 7068
f 7108 7109 7068
f 7068 7109 7069
f 7109 7110 7069
f 7069 7110 7070
f 7110 7111 7070
f 7070 7111 7071
f 7111 7112 7071
f 7071 7112 6711
f 7112 7072 6711
f 7072 7113 6712
f 7113 7114 6712
f 6712 7114 6713
f 7114 7073 6713
f 7073 7115 7074
f 7115 7116 7074
f 7074 7116 7075
f 7116 7117 7075
f 7075 7117 7076
f 7117 7118 7076
f 7076 7118 7077
f 7118 7119 7077
f 7077 7119 6714
f 7119 7120 6714
f 6714 7120 7034
f 7034 7120 7078
f 7120 7121 7078
f 7078 7121 7079
f 7121 7122 7079
f 7079 7122 7080
f 7122 7123 7080
f 7080 7123 7081
f 7123 7124 7081
f 7081 7124 7082
f 7124 7125 7082
f 7082 7125 7083
f 7125 7126 7083
f 7083 7126 7084
f 7126 7127 7084
f 7084 7127 7085
f 7127 7128 7085
f 7085 7128 7086
f 7128 7129 7086
f 7086 7129 7087
f 7129 7130 7087
f 7087 7130 7088
f 7130 7131 7088
f 7088 7131 6719
f 6719 7131 7089
f 7131 7132 7089
f 7089 7132 6720
f 7132 7090 6720
f 7090 7133 7091
f 7133 7134 7091
f 7091 7134 7092
f 7134 7135 7092
f 7092 7135 7093
f 7135 7094 7093
f 7135 7136 7094
f 7136 7137 7094
f 7094 7137 7095
f 7137 7138 7095
f 7095 7138 7096
f 7138 7139 7096
f 7096 7139 7097
f 7139 7140 7097
f 7097 7140 7098
f 7140 7141 7098
f 7098 7141 7099
f 7141 7142 7099
f 7099 7142 7100
f 7142 7143 7100
f 7100 7143 7101
f 7143 7144 7101
f 7101 7144 7102
f 7144 7145 7102
f 7102 7145 7103
f 7145 7146 7103
f 7103 7146 7104
f 7146 7147 7104
f 7104 7147 7105
f 7147 7148 7105
f 7105 7148 7106
f 7148 7149 7106
f 7106 7149 7107
f 7149 7150 7107
f 7107 7150 7108
f 7150 7151 7108
f 7108 7151 7109
f 7151 7152 7109
f 7109 7152 7110
f 7152 7153 7110
f 7110 7153 7111
f 7153 7154 7111
f 7111 7154 7112
f 7154 7155 7112
f 7112 7155 7072
f 7155 7113 7072
f 7113 7156 7114
f 7156 7157 7114
f 7114 7157 7073
f 7157 7115 7073
f 7115 7158 7116
f 7158 7159 7116
f 7116 7159 7117
f 7159 7160 7117
f 7117 7160 7118
f 7160 7161 7118
f 7118 7161 7119
f 7161 7162 7119
f 7119 7162 7120
f 7162 7163 7120
f 7120 7163 7121
f 7163 7164 7121
f 7121 7164 7122
f 7164 7165 7122
f 7122 7165 7123
f 7165 7166 7123
f 7123 7166 7124
f 7166 7167 7124
f 7124 7167 7125
f 7167 7168 7125
f 7125 7168 7126
f 7168 7169 7126
f 7126 7169 7127
f 7169 7170 7127
f 7127 7170 7128
f 7170 7171 7128
f 7128 7171 7129
f 7171 7172 7129
f 7129 7172 7130
f 7172 7173 7130
f 7130 7173 7131
f 7173 7174 7131
f 7131 7174 7132
f 7174 7175 7132
f 7132 7175 7090
f 7175 7133 7090
f 7133 7176 7134
f 7176 7177 7134
f 7134 7177 7135
f 7177 7136 7135
f 7136 7178 7137
f 7178 7179 7137
f 7137 7179 7138
f 7179 7180 7138
f 7138 7180 7139
f 7180 7181 7139
f 7139 7181 7140
f 7181 7182 7140
f 7140 7182 7141
f 7182 7183 7141
f 7141 7183 7142
f 7183 7184 7142
f 7142 7184 7143
f 7184 7185 7143
f 7143 7185 7144
f 7185 7186 7144
f 7144 7186 7145
f 7186 7187 7145
f 7145 7187 7146
f 7187 7188 7146
f 7146 7188 7147
f 7188 6629 7147
f 7147 6629 7148
f 6629 7189 7148
f 7148 7189 7149
f 7189 7190 7149
f 7149 7190 7150
f 7190 7191 7150
f 7150 7191 7151
f 7191 7192 7151
f 7151 7192 7152
f 7192 7193 7152
f 7152 7193 7153
f 7193 7194 7153
f 7153 7194 7154
f 7194 7195 7154
f 7154 7195 7155
f 7195 7196 7155
f 7155 7196 7113
f 7196 7156 7113
f 7156 7197 7157
f 7197 7198 7157
f 7157 7198 7115
f 7198 7158 7115
f 7158 6658 7159
f 7159 6658 7160
f 6658 7199 7160
f 7160 7199 7161
f 7199 7200 7161
f 7161 7200 7162
f 7200 7201 7162
f 7162 7201 7163
f 7201 7202 7163
f 7163 7202 7164
f 7202 7203 7164
f 7164 7203 7165
f 7203 7204 7165
f 7165 7204 7166
f 7204 7205 7166
f 7166 7205 7167
f 7205 7206 7167
f 7167 7206 7168
f 7206 7207 7168
f 7168 7207 7169
f 7207 7208 7169
f 7169 7208 7170
f 7208 7209 7170
f 7170 7209 7171
f 7209 7210 7171
f 7171 7210 7172
f 7210 6645 7172
f 7172 6645 7173
f 6645 7211 7173
f 7173 7211 7174
f 7211 7212 7174
f 7174 7212 7175
f 7212 7213 7175
f 7175 7213 7133
f 7213 7176 7133
f 7176 6641 7177
f 6641 6639 7177
f 7177 6639 7136
f 6639 7178 7136
f 6639 6637 7178
f 7178 6637 7179
f 6637 6638 7179
f 7179 6638 7180
f 6638 6636 7180
f 7180 6636 7181
f 6636 6635 7181
f 7181 6635 7182
f 6635 6633 7182
f 7182 6633 7183
f 6633 6634 7183
f 7183 6634 7184
f 6634 6632 7184
f 7184 6632 7185
f 6632 4723 7185
f 7185 4723 7186
f 4723 6631 7186
f 7186 6631 7187
f 6631 4720 7187
f 7187 4720 7188
f 4720 6630 7188
f 7188 6630 6629
f 6629 4716 7189
f 4716 4715 7189
f 4715 4714 7189
f 7189 4714 7190
f 4714 6628 7190
f 7190 6628 7191
f 6628 6627 7191
f 7191 6627 7192
f 6627 4708 7192
f 4708 6626 7192
f 7192 6626 7193
f 6626 6625 7193
f 7193 6625 7194
f 6625 6624 7194
f 7194 6624 7195
f 6624 6623 7195
f 7195 6623 7196
f 6623 6622 7196
f 7196 6622 7156
f 6622 6662 7156
f 7156 6662 7197
f 6662 6661 7197
f 7197 6661 7198
f 6661 6660 7198
f 6660 6659 7198
f 7198 6659 7158
f 6659 6658 7158
f 6658 6657 7199
f 6657 6656 7199
f 7199 6656 7200
f 6656 6655 7200
f 7200 6655 7201
f 6655 4686 7201
f 4686 6653 7201
f 7201 6653 7202
f 6653 6654 7202
f 7202 6654 7203
f 6654 6652 7203
f 7203 6652 7204
f 6652 4680 7204
f 7204 4680 7205
f 4680 6651 7205
f 7205 6651 7206
f 6651 6650 7206
f 7206 6650 7207
f 6650 6649 7207
f 7207 6649 7208
f 6649 6648 7208
f 7208 6648 7209
f 6648 6647 7209
f 7209 6647 7210
f 6647 6646 7210
f 6646 6645 7210
f 6645 6644 7211
f 6644 6643 7211
f 7211 6643 7212
f 6643 6642 7212
f 7212 6642 7213
f 6642 6640 7213
f 7213 6640 7176
f 6640 6641 7176
f 7214 7215 7216
f 7214 7216 7217
f 7218 7219 7220
f 7221 7222 7223
f 7223 7222 7224
f 7224 7225 7226
f 7226 7225 7227
f 7226 7227 7228
f 7220 7229 7218
f 7224 7226 7223
f 7223 7226 7230
f 7226 7231 7230
f 7230 7231 7232
f 7231 7233 7232
f 7232 7233 7234
f 7233 7235 7234
f 7234 7235 7220
f 7235 7214 7220
f 7220 7214 7229
f 7214 7217 7229
f 4780 7236 4781
f 7236 7237 4781
f 4781 7237 4782
f 7237 7238 4782
f 4782 7238 4783
f 7239 4784 7238
f 4784 4783 7238
f 4786 4785 7240
f 7240 4785 7239
f 4785 4784 7239
f 4786 7240 4787
f 4787 7241 4788
f 7242 4790 7241
f 4790 4789 7241
f 7241 4789 4788
f 4790 7242 4791
f 4791 7242 4792
f 7242 4793 4792
f 7243 4796 4795
f 4796 7243 4797
f 7243 7244 4797
f 4797 7244 4798
f 4799 4798 7244
f 4801 4800 7245
f 7245 4800 4799
f 4801 7245 4802
f 4803 7246 4804
f 7247 4806 7246
f 4806 4805 7246
f 4805 4804 7246
f 4807 4806 7247
f 4807 7247 4808
f 7247 7248 4808
f 4808 7248 4809
f 7248 7249 4809
f 4809 7249 4810
f 7250 4812 7251
f 4812 4811 7251
f 7251 4811 7249
f 4811 4810 7249
f 7252 4813 7250
f 4813 4812 7250
f 4817 4814 7252
f 7252 4814 4813
f 7252 7253 4817
f 4817 7253 4815
f 7254 4818 7255
f 4818 4816 7255
f 7255 4816 7253
f 4816 4815 7253
f 4820 4819 7254
f 7254 4819 4818
f 7254 7256 4820
f 4820 7256 4821
f 4823 4822 7257
f 7257 4822 7256
f 4822 4821 7256
f 4824 4823 7257
f 4825 4824 7258
f 4824 7257 7258
f 4825 7258 4826
f 7258 7259 4826
f 4826 7259 4827
f 7259 7260 4827
f 7261 4829 7260
f 4829 4828 7260
f 7260 4828 4827
f 4829 7261 4830
f 4830 7261 4751
f 7261 7262 4751
f 7263 4753 7262
f 4753 4752 7262
f 7262 4752 4751
f 4753 7263 4754
f 4754 7263 4755
f 7263 7264 4755
f 4758 4757 7265
f 7265 4757 7264
f 4757 4756 7264
f 7264 4756 4755
f 4759 4758 7265
f 4759 7266 4760
f 4760 7266 4761
f 7267 4763 7268
f 4763 4762 7268
f 7268 4762 7266
f 4762 4761 7266
f 4764 4763 7267
f 4764 7267 4765
f 4765 7269 4766
f 4766 7269 4767
f 7269 7270 4767
f 4767 7270 4768
f 7270 7271 4768
f 4768 7271 4769
f 7272 4771 7271
f 4771 4770 7271
f 7271 4770 4769
f 4773 4772 7273
f 7273 4772 7272
f 4772 4771 7272
f 4773 7273 4774
f 7273 7274 4774
f 4774 7274 4775
f 7274 7275 4775
f 4775 7275 4776
f 7275 7276 4776
f 4776 7276 4777
f 4780 4779 7236
f 4779 4778 7236
f 7236 4778 7276
f 4778 4777 7276
f 5653 5652 7277
f 7277 5652 7278
f 5653 7277 5654
f 7277 7279 5654
f 5654 7279 5655
f 5655 7279 5656
f 7279 7280 5656
f 5656 7280 5657
f 7280 7281 5657
f 5660 5659 7282
f 7282 5659 7281
f 5659 5658 7281
f 5658 5657 7281
f 5660 7282 5661
f 7282 7283 5661
f 5661 7283 5662
f 7283 7284 5662
f 7284 5663 5662
f 5663 7284 5664
f 7284 7285 5664
f 5664 7285 5667
f 7285 7286 5667
f 5667 7286 5668
f 7286 7287 5668
f 5668 7287 5669
f 7287 7288 5669
f 7289 5671 7288
f 5671 5670 7288
f 7288 5670 5669
f 5665 5672 7290
f 7290 5672 7289
f 5672 5673 7289
f 5673 5671 7289
f 5665 7290 5666
f 7290 7291 5666
f 7291 5674 5666
f 7292 5675 5674
f 7293 5677 7292
f 5677 5676 7292
f 5676 5675 7292
f 5677 7293 5678
f 7293 7294 5678
f 5678 7294 5679
f 7294 7295 5679
f 5679 7295 5680
f 7296 5682 7295
f 5682 5681 7295
f 7295 5681 5680
f 5682 7296 5683
f 5683 7296 5684
f 7296 7297 5684
f 5684 7297 5685
f 7298 5687 7299
f 5687 5686 7299
f 7299 5686 7297
f 5686 5685 7297
f 5689 5688 7300
f 7300 5688 7298
f 5688 5687 7298
f 5689 7300 5690
f 7300 7301 5690
f 5690 7301 5691
f 7302 5694 7301
f 5694 5693 7301
f 7301 5693 5691
f 5697 5696 7303
f 5696 5695 7303
f 7303 5695 7302
f 5695 5694 7302
f 7303 7304 5697
f 5697 7304 5698
f 7304 7305 5698
f 5698 7305 5699
f 7305 7306 5699
f 5699 7306 5700
f 5702 5701 7307
f 7307 5701 7306
f 5701 5700 7306
f 5702 7307 5703
f 7307 7308 5703
f 5703 7308 5704
f 7308 7309 5704
f 5704 7309 5705
f 7309 7310 5705
f 5705 7310 5706
f 5708 5707 7311
f 7311 5707 7310
f 5707 5706 7310
f 5708 7311 5709
f 5709 7312 5710
f 5710 7312 5711
f 7312 7313 5711
f 5711 7313 5712
f 7314 5714 5713
f 5713 5712 7313
f 5714 7314 5639
f 5639 7314 5638
f 7314 7315 5638
f 5638 7315 5640
f 7315 7316 5640
f 5640 7316 5641
f 5643 5642 7317
f 7317 5642 7316
f 5642 5641 7316
f 5643 7317 5644
f 7317 7318 5644
f 5644 7318 5645
f 7318 7319 5645
f 7319 5646 5645
f 5646 7319 5647
f 5647 7320 5648
f 7321 5649 7320
f 7320 5649 5648
f 5652 5651 7278
f 7278 5651 7321
f 5651 5650 7321
f 5650 5649 7321
f 654 653 655
f 665 7322 702
f 7323 591 704
f 591 7324 592
f 7324 7325 592
f 592 7325 593
f 7325 7326 593
f 593 7326 594
f 7326 595 594
f 7327 597 596
f 598 597 7327
f 600 7328 601
f 7328 602 601
f 602 7329 603
f 7329 605 603
f 7330 608 607
f 609 608 7330
f 610 7331 611
f 611 7331 612
f 7331 7332 612
f 612 7332 613
f 699 614 7333
f 696 699 7334
f 734 7335 735
f 7335 7336 735
f 735 7336 736
f 740 737 736
f 7337 738 742
f 7337 739 738
f 739 7338 743
f 7338 744 743
f 744 7339 745
f 7339 747 745
f 751 7340 752
f 824 755 7341
f 826 825 7342
f 825 824 7342
f 795 7343 797
f 797 7343 798
f 800 799 7343
f 799 798 7343
f 7344 7302 7301
f 7304 7345 7305
f 7305 7345 7306
f 7345 7346 7306
f 7306 7346 7307
f 7346 7308 7307
f 7308 7347 7309
f 7347 7348 7309
f 7309 7348 7310
f 7348 7349 7310
f 7310 7349 7311
f 7349 7350 7311
f 7311 7350 5709
f 5709 7350 7312
f 7350 7351 7312
f 7312 7351 7313
f 7313 7352 5713
f 5713 7352 7314
f 7352 7353 7314
f 7314 7353 7315
f 7353 7354 7315
f 7315 7354 7316
f 7354 7355 7316
f 7316 7355 7317
f 7355 7356 7317
f 7356 7357 7317
f 7317 7357 7318
f 7357 7358 7318
f 7318 7358 7319
f 7358 7359 7319
f 7319 7359 5647
f 7359 7320 5647
f 7320 7360 7321
f 7360 7278 7321
f 7278 7361 7277
f 7277 7361 7279
f 7361 7362 7279
f 7279 7362 7280
f 7362 7363 7280
f 7280 7363 7281
f 7363 7364 7281
f 7281 7364 7282
f 7364 7365 7282
f 7282 7365 7283
f 7365 7366 7283
f 7283 7366 7284
f 7366 7367 7284
f 7367 7285 7284
f 7285 7368 7286
f 7286 7368 7287
f 7368 7369 7287
f 7369 7370 7287
f 7287 7370 7288
f 7288 7370 7289
f 7370 7371 7289
f 7289 7371 7290
f 7371 7372 7290
f 7290 7372 7291
f 7372 7373 7291
f 7291 7373 5674
f 7373 7374 5674
f 5674 7374 7292
f 7374 7293 7292
f 7293 7375 7294
f 7375 7376 7294
f 7294 7376 7295
f 7376 7377 7295
f 7295 7377 7296
f 7377 7378 7296
f 7296 7378 7297
f 7378 7379 7297
f 7297 7379 7299
f 7299 7379 7298
f 7379 7380 7298
f 7298 7380 7300
f 7300 7380 7301
f 7380 7344 7301
f 7344 7381 7302
f 7302 7381 7303
f 7381 7382 7303
f 7303 7382 7304
f 7382 7383 7304
f 7304 7383 7345
f 7383 7384 7345
f 7345 7384 7346
f 7384 7385 7346
f 7346 7385 7308
f 7385 7347 7308
f 7348 7386 7349
f 7349 7386 7350
f 7386 7387 7350
f 7350 7387 7351
f 7387 7388 7351
f 7351 7388 7313
f 7388 7389 7313
f 7313 7389 7352
f 7389 7390 7352
f 7352 7390 7353
f 7390 7391 7353
f 7353 7391 7354
f 7391 7392 7354
f 7354 7392 7355
f 7392 7393 7355
f 7355 7393 7356
f 7393 7394 7356
f 7356 7394 7357
f 7394 7395 7357
f 7357 7395 7358
f 7395 7396 7358
f 7358 7396 7359
f 7396 7397 7359
f 7359 7397 7320
f 7397 7398 7320
f 7320 7398 7360
f 7398 7399 7360
f 7360 7399 7278
f 7399 7400 7278
f 7278 7400 7361
f 7400 7401 7361
f 7361 7401 7362
f 7401 7402 7362
f 7362 7402 7363
f 7402 7403 7363
f 7363 7403 7364
f 7403 7404 7364
f 7364 7404 7365
f 7404 7405 7365
f 7365 7405 7366
f 7405 7406 7366
f 7366 7406 7367
f 7406 7407 7367
f 7367 7407 7285
f 7285 7407 7368
f 7407 7408 7368
f 7368 7408 7369
f 7408 7409 7369
f 7369 7409 7370
f 7409 7410 7370
f 7370 7410 7371
f 7410 7411 7371
f 7371 7411 7372
f 7411 7412 7372
f 7372 7412 7373
f 7412 7413 7373
f 7373 7413 7374
f 7413 7414 7374
f 7374 7414 7293
f 7414 7415 7293
f 7293 7415 7375
f 7415 7416 7375
f 7375 7416 7376
f 7416 7417 7376
f 7376 7417 7377
f 7417 7418 7377
f 7377 7418 7378
f 7418 7419 7378
f 7378 7419 7379
f 7419 7420 7379
f 7379 7420 7380
f 7420 7344 7380
f 7421 7422 7344
f 7344 7422 7381
f 7422 7423 7381
f 7381 7423 7382
f 7423 7424 7382
f 7382 7424 7383
f 7424 7425 7383
f 7383 7425 7384
f 7425 7426 7384
f 7384 7426 7385
f 7426 7427 7385
f 7385 7427 7347
f 7347 7428 7348
f 7428 7429 7348
f 7348 7429 7386
f 7429 7430 7386
f 7386 7430 7387
f 7430 7431 7387
f 7387 7431 7388
f 7431 7432 7388
f 7388 7432 7389
f 7432 7433 7389
f 7389 7433 7390
f 7433 7434 7390
f 7390 7434 7391
f 7434 7435 7391
f 7391 7435 7392
f 7435 7436 7392
f 7392 7436 7393
f 7436 7437 7393
f 7393 7437 7394
f 7437 7438 7394
f 7394 7438 7395
f 7438 7439 7395
f 7395 7439 7396
f 7439 7440 7396
f 7396 7440 7397
f 7440 7441 7397
f 7397 7441 7398
f 7441 7442 7398
f 7398 7442 7399
f 7442 7443 7399
f 7399 7443 7400
f 7443 7444 7400
f 7400 7444 7401
f 7444 7445 7401
f 7445 7446 7401
f 7401 7446 7402
f 7446 7447 7402
f 7402 7447 7403
f 7447 7448 7403
f 7403 7448 7404
f 7448 7449 7404
f 7404 7449 7405
f 7449 7450 7405
f 7405 7450 7406
f 7450 7451 7406
f 7406 7451 7407
f 7451 7452 7407
f 7407 7452 7408
f 7452 7453 7408
f 7408 7453 7409
f 7453 7454 7409
f 7409 7454 7410
f 7454 7455 7410
f 7410 7455 7411
f 7455 7456 7411
f 7411 7456 7412
f 7456 7457 7412
f 7412 7457 7413
f 7457 7458 7413
f 7413 7458 7414
f 7458 7459 7414
f 7414 7459 7415
f 7459 7460 7415
f 7415 7460 7416
f 7460 7461 7416
f 7416 7461 7417
f 7461 7462 7417
f 7417 7462 7418
f 7462 7463 7418
f 7418 7463 7419
f 7420 7421 7344
f 7420 7464 7421
f 7464 7465 7421
f 7465 7422 7421
f 7422 7466 7423
f 7466 7467 7423
f 7423 7467 7424
f 7467 7468 7424
f 7424 7468 7425
f 7468 7469 7425
f 7425 7469 7426
f 7427 7428 7347
f 7428 7470 7429
f 7470 7471 7429
f 7429 7471 7430
f 7430 7472 7431
f 7431 7472 7432
f 7472 7473 7432
f 7432 7473 7433
f 7473 7474 7433
f 7433 7474 7434
f 7474 7475 7434
f 7434 7475 7435
f 7475 7476 7435
f 7435 7476 7436
f 7476 7477 7436
f 7436 7477 7437
f 7477 7478 7437
f 7437 7478 7438
f 7478 7479 7438
f 7438 7479 7439
f 7479 7480 7439
f 7439 7480 7440
f 7480 7481 7440
f 7440 7481 7441
f 7481 7482 7441
f 7441 7482 7442
f 7482 7483 7442
f 7442 7483 7443
f 7483 7484 7443
f 7443 7484 7444
f 7484 7485 7444
f 7444 7485 7445
f 7445 7486 7446
f 7446 7486 7447
f 7486 7487 7447
f 7447 7487 7448
f 7487 7488 7448
f 7448 7488 7449
f 7488 7489 7449
f 7449 7489 7450
f 7489 7490 7450
f 7450 7490 7451
f 7490 7491 7451
f 7451 7491 7452
f 7491 7492 7452
f 7452 7492 7453
f 7492 7493 7453
f 7453 7493 7454
f 7493 7494 7454
f 7454 7494 7455
f 7494 7495 7455
f 7455 7495 7456
f 7495 7496 7456
f 7456 7496 7457
f 7496 7497 7457
f 7457 7497 7458
f 7497 7498 7458
f 7458 7498 7459
f 7498 7499 7459
f 7459 7499 7460
f 7499 7500 7460
f 7460 7500 7461
f 7500 7501 7461
f 7461 7501 7462
f 7501 7502 7462
f 7462 7502 7463
f 7502 7503 7463
f 7463 7503 7419
f 7503 7504 7419
f 7419 7504 7420
f 7504 7464 7420
f 7505 7465 7464
f 7465 7506 7422
f 7422 7506 7466
f 7506 7507 7466
f 7466 7507 7467
f 7507 7508 7467
f 7467 7508 7468
f 7468 7509 7469
f 7469 7509 7426
f 7509 7510 7426
f 7426 7510 7427
f 7510 7511 7427
f 7427 7511 7428
f 7511 7470 7428
f 7470 7512 7471
f 7471 7513 7430
f 7430 7513 7472
f 7513 7514 7472
f 7472 7514 7473
f 7514 7515 7473
f 7473 7515 7474
f 7515 7516 7474
f 7474 7516 7475
f 7475 7517 7476
f 7476 7517 7477
f 7477 7518 7478
f 7478 7518 7479
f 7518 7519 7479
f 7479 7519 7480
f 7519 7520 7480
f 7480 7520 7481
f 7520 7521 7481
f 7481 7521 7482
f 7521 7522 7482
f 7482 7522 7483
f 7483 7523 7484
f 7484 7523 7485
f 7523 7524 7485
f 7485 7524 7445
f 7524 7486 7445
f 7486 7525 7487
f 7525 7526 7487
f 7487 7526 7488
f 7526 7527 7488
f 7488 7527 7489
f 7527 7528 7489
f 7489 7528 7490
f 7528 7529 7490
f 7490 7529 7491
f 7529 7530 7491
f 7491 7530 7492
f 7530 7531 7492
f 7492 7531 7493
f 7531 7532 7493
f 7493 7532 7494
f 7532 7533 7494
f 7494 7533 7495
f 7533 7534 7495
f 7495 7534 7496
f 7534 7535 7496
f 7496 7535 7497
f 7535 7536 7497
f 7497 7536 7498
f 7498 7537 7499
f 7499 7537 7500
f 7500 7538 7501
f 7501 7538 7502
f 7504 7505 7464
f 794 793 7505
f 7505 793 7465
f 793 792 7465
f 7465 792 7506
f 792 791 7506
f 791 790 7506
f 7506 790 7507
f 790 789 7507
f 7507 789 7508
f 789 788 7508
f 788 786 7508
f 7508 786 7468
f 786 785 7468
f 7468 785 7509
f 785 7539 7509
f 7509 7539 7510
f 7539 7540 7510
f 7510 7540 7511
f 7540 7541 7511
f 7511 7541 7470
f 7541 7512 7470
f 7512 7542 7471
f 7471 7542 7513
f 7542 7543 7513
f 7543 7544 7513
f 7513 7544 7514
f 7544 7545 7514
f 7514 7545 7515
f 7545 7516 7515
f 7516 7322 7475
f 7322 665 7475
f 7475 665 7517
f 665 664 7517
f 664 663 7517
f 7517 663 7477
f 663 662 7477
f 7477 662 7518
f 662 661 7518
f 661 660 7518
f 7518 660 7519
f 660 659 7519
f 7519 659 7520
f 659 658 7520
f 658 656 7520
f 7520 656 7521
f 656 655 7521
f 7521 655 7522
f 655 653 7522
f 653 652 7522
f 7522 652 7483
f 652 651 7483
f 7483 651 7523
f 651 650 7523
f 650 649 7523
f 7523 649 7524
f 649 648 7524
f 7524 648 7486
f 648 647 7486
f 7486 647 7525
f 647 645 7525
f 7525 645 7526
f 645 644 7526
f 644 7546 7526
f 7526 7546 7527
f 7527 7546 7528
f 7546 7547 7528
f 7528 7547 7529
f 7547 7548 7529
f 7529 7548 7530
f 7548 7549 7530
f 7530 7549 7531
f 7549 7550 7531
f 7531 7550 7532
f 7550 7551 7532
f 7532 7551 7533
f 7551 7552 7533
f 7533 7552 7534
f 7552 7553 7534
f 7534 7553 7535
f 7553 7554 7535
f 7554 7536 7535
f 7536 807 7498
f 807 806 7498
f 7498 806 7537
f 806 805 7537
f 805 804 7537
f 7537 804 7500
f 804 803 7500
f 7500 803 7538
f 803 802 7538
f 802 801 7538
f 7538 801 7502
f 801 800 7502
f 7502 800 7503
f 800 7343 7503
f 7503 7343 7504
f 7343 795 7504
f 7504 795 7505
f 795 794 7505
f 644 698 7546
f 698 7555 7546
f 7555 7556 7546
f 7546 7556 7547
f 7556 7557 7547
f 7547 7557 7548
f 7557 7558 7548
f 7548 7558 7549
f 7558 7559 7549
f 7559 7560 7549
f 7549 7560 7550
f 7560 7561 7550
f 7550 7561 7551
f 7561 7562 7551
f 7562 7552 7551
f 7552 7563 7553
f 7563 7564 7553
f 7564 7554 7553
f 7554 7565 7536
f 7565 814 7536
f 814 807 7536
f 828 7566 785
f 785 7566 7539
f 7566 7567 7539
f 7539 7567 7540
f 7567 7568 7540
f 7568 7569 7540
f 7540 7569 7541
f 7512 7570 7542
f 7570 7571 7542
f 7571 7543 7542
f 7543 7572 7544
f 7572 7573 7544
f 7544 7573 7545
f 7573 7574 7545
f 7545 7574 7516
f 7574 7575 7516
f 7575 7322 7516
f 697 7555 698
f 7555 7576 7556
f 7576 7577 7556
f 7556 7577 7557
f 7577 7558 7557
f 7558 7578 7559
f 7578 7560 7559
f 7560 7579 7561
f 7579 7580 7561
f 7561 7580 7562
f 7580 7581 7562
f 7562 7581 7552
f 7581 7563 7552
f 7563 7582 7564
f 7582 7583 7564
f 7564 7583 7554
f 7583 7565 7554
f 7565 820 814
f 827 7566 828
f 7566 7584 7567
f 7584 7568 7567
f 7568 7585 7569
f 7585 7586 7569
f 7569 7586 7541
f 7586 7587 7541
f 7541 7587 7512
f 7587 7570 7512
f 7570 7588 7571
f 7571 7572 7543
f 7572 7589 7573
f 7589 7590 7573
f 7573 7590 7574
f 7590 7575 7574
f 7575 703 7322
f 703 702 7322
f 696 7591 697
f 7591 7592 697
f 697 7592 7555
f 7555 7592 7576
f 7577 7593 7558
f 7593 7578 7558
f 7578 7594 7560
f 7594 7579 7560
f 7579 7595 7580
f 7595 7596 7580
f 7580 7596 7581
f 7581 7582 7563
f 7582 7597 7583
f 7597 7598 7583
f 7583 7598 7565
f 7565 7598 820
f 7598 821 820
f 826 7599 827
f 827 7599 7566
f 7599 7584 7566
f 7584 7600 7568
f 7568 7600 7585
f 7600 7586 7585
f 7586 7601 7587
f 7601 7602 7587
f 7602 7603 7587
f 7587 7603 7570
f 7603 7588 7570
f 7588 7604 7571
f 7604 7605 7571
f 7571 7605 7572
f 7572 7605 7589
f 7590 7606 7575
f 7606 7607 7575
f 7575 7607 703
f 7607 709 703
f 696 7334 7591
f 7591 7334 7592
f 7334 7608 7592
f 7592 7608 7576
f 7608 7609 7576
f 7576 7609 7577
f 7609 7593 7577
f 7593 7610 7578
f 7578 7610 7594
f 7610 7611 7594
f 7594 7611 7579
f 7611 7595 7579
f 7595 7612 7596
f 7612 7613 7596
f 7596 7613 7581
f 7613 7614 7581
f 7581 7614 7582
f 7614 7597 7582
f 7597 7615 7598
f 7615 815 7598
f 815 821 7598
f 826 7342 7599
f 7342 7616 7599
f 7599 7616 7584
f 7616 7617 7584
f 7584 7617 7600
f 7617 7618 7600
f 7600 7618 7586
f 7618 7601 7586
f 7602 7619 7603
f 7603 7619 7588
f 7619 7604 7588
f 7604 7620 7605
f 7620 7621 7605
f 7605 7621 7589
f 7621 7622 7589
f 7589 7622 7590
f 7622 7606 7590
f 7606 704 7607
f 704 709 7607
f 699 7333 7334
f 7333 7623 7334
f 7334 7623 7608
f 7623 7624 7608
f 7608 7624 7609
f 7624 7625 7609
f 7609 7625 7593
f 7593 7625 7610
f 7625 7626 7610
f 7610 7626 7611
f 7626 7627 7611
f 7611 7627 7595
f 7627 7612 7595
f 7612 7628 7613
f 7628 7629 7613
f 7613 7629 7614
f 7629 7630 7614
f 7614 7630 7597
f 7630 7615 7597
f 7615 734 815
f 824 7341 7342
f 7341 7631 7342
f 7342 7631 7616
f 7631 7632 7616
f 7616 7632 7617
f 7632 7633 7617
f 7617 7633 7618
f 7633 7634 7618
f 7618 7634 7601
f 7634 7635 7601
f 7601 7635 7602
f 7635 7636 7602
f 7602 7636 7619
f 7636 7637 7619
f 7619 7637 7604
f 7637 7620 7604
f 7620 7638 7621
f 7638 7639 7621
f 7621 7639 7622
f 7639 7323 7622
f 7622 7323 7606
f 7606 7323 704
f 613 7332 614
f 7332 7640 614
f 614 7640 7333
f 7640 7641 7333
f 7333 7641 7623
f 7641 7642 7623
f 7623 7642 7624
f 7642 7643 7624
f 7624 7643 7625
f 7643 7644 7625
f 7625 7644 7626
f 7644 7645 7626
f 7626 7645 7627
f 7645 7646 7627
f 7627 7646 7612
f 7646 7628 7612
f 7628 7647 7629
f 7647 7648 7629
f 7629 7648 7630
f 7648 7335 7630
f 7630 7335 7615
f 7615 7335 734
f 752 7340 755
f 7340 7649 755
f 755 7649 7341
f 7649 7650 7341
f 7341 7650 7631
f 7650 7651 7631
f 7631 7651 7632
f 7651 7652 7632
f 7632 7652 7633
f 7652 7653 7633
f 7633 7653 7634
f 7653 7654 7634
f 7634 7654 7635
f 7654 7655 7635
f 7635 7655 7636
f 7655 7656 7636
f 7636 7656 7637
f 7656 7657 7637
f 7637 7657 7620
f 7657 7638 7620
f 7638 7658 7639
f 7658 7659 7639
f 7639 7659 7323
f 7659 7324 7323
f 7324 591 7323
f 7339 7660 747
f 7660 7661 747
f 747 7661 748
f 7661 7662 748
f 748 7662 749
f 749 7662 750
f 7662 7663 750
f 750 7663 753
f 7663 7664 753
f 753 7664 754
f 754 7664 751
f 7664 7340 751
f 7649 7665 7650
f 7650 7665 7651
f 7665 7666 7651
f 7651 7666 7652
f 7666 7667 7652
f 7652 7667 7653
f 7667 7668 7653
f 7653 7668 7654
f 7668 7669 7654
f 7654 7669 7655
f 7669 7670 7655
f 7655 7670 7656
f 7670 7671 7656
f 7656 7671 7657
f 7671 7672 7657
f 7657 7672 7638
f 7638 7672 7658
f 7672 7673 7658
f 7658 7673 7659
f 7673 7674 7659
f 7659 7674 7324
f 7674 7675 7324
f 7324 7675 7325
f 7675 7326 7325
f 7326 7676 595
f 595 7676 596
f 7676 7327 596
f 7327 7677 598
f 7677 7678 598
f 598 7678 599
f 599 7678 600
f 7678 7328 600
f 7328 7329 602
f 7329 7679 605
f 605 7679 606
f 7679 7680 606
f 606 7680 607
f 7680 7330 607
f 7330 7681 609
f 609 7681 610
f 7681 7331 610
f 7331 7682 7332
f 7682 7683 7332
f 7332 7683 7640
f 7683 7684 7640
f 7640 7684 7641
f 7684 7642 7641
f 7642 7685 7643
f 7685 7686 7643
f 7643 7686 7644
f 7686 7687 7644
f 7644 7687 7645
f 7687 7688 7645
f 7645 7688 7646
f 7688 7689 7646
f 7646 7689 7628
f 7628 7689 7647
f 7689 7690 7647
f 7647 7690 7648
f 7690 7691 7648
f 7648 7691 7335
f 7691 7692 7335
f 7335 7692 7336
f 7692 7693 7336
f 7336 7693 736
f 7693 7694 736
f 736 7694 740
f 7694 7695 740
f 740 7695 741
f 741 7695 742
f 7695 7337 742
f 7337 7696 739
f 7696 7338 739
f 7338 7339 744
f 7338 7697 7339
f 7697 7660 7339
f 7660 7698 7661
f 7698 7699 7661
f 7661 7699 7662
f 7699 7700 7662
f 7662 7700 7663
f 7700 7701 7663
f 7663 7701 7664
f 7701 7702 7664
f 7664 7702 7340
f 7702 7703 7340
f 7340 7703 7649
f 7649 7703 7665
f 7703 7704 7665
f 7665 7704 7666
f 7704 7705 7666
f 7666 7705 7667
f 7705 7706 7667
f 7667 7706 7668
f 7706 7707 7668
f 7668 7707 7669
f 7707 7708 7669
f 7669 7708 7670
f 7708 7709 7670
f 7670 7709 7671
f 7709 7710 7671
f 7671 7710 7672
f 7710 7711 7672
f 7672 7711 7673
f 7711 7712 7673
f 7673 7712 7674
f 7712 7713 7674
f 7674 7713 7675
f 7713 7714 7675
f 7675 7714 7326
f 7326 7714 7676
f 7714 7715 7676
f 7676 7715 7327
f 7715 7677 7327
f 7677 7716 7678
f 7716 7717 7678
f 7678 7717 7328
f 7717 7718 7328
f 7328 7718 7329
f 7718 7719 7329
f 7329 7719 7679
f 7719 7720 7679
f 7679 7720 7680
f 7720 7721 7680
f 7680 7721 7330
f 7330 7721 7681
f 7721 7722 7681
f 7681 7722 7331
f 7722 7723 7331
f 7331 7723 7682
f 7682 7724 7683
f 7683 7724 7684
f 7724 7725 7684
f 7684 7725 7642
f 7725 7685 7642
f 7685 7726 7686
f 7726 7727 7686
f 7686 7727 7687
f 7727 7728 7687
f 7687 7728 7688
f 7728 7729 7688
f 7688 7729 7689
f 7729 7730 7689
f 7689 7730 7690
f 7730 7731 7690
f 7690 7731 7691
f 7731 7732 7691
f 7691 7732 7692
f 7732 7733 7692
f 7692 7733 7693
f 7733 7734 7693
f 7693 7734 7694
f 7734 7735 7694
f 7694 7735 7695
f 7735 7736 7695
f 7695 7736 7337
f 7736 7696 7337
f 7696 7737 7338
f 7737 7697 7338
f 7697 7738 7660
f 7738 7698 7660
f 7698 7739 7699
f 7739 7740 7699
f 7699 7740 7700
f 7740 7741 7700
f 7700 7741 7701
f 7741 7742 7701
f 7701 7742 7702
f 7742 7743 7702
f 7702 7743 7703
f 7743 7744 7703
f 7703 7744 7704
f 7744 7745 7704
f 7704 7745 7705
f 7745 7746 7705
f 7705 7746 7706
f 7746 7747 7706
f 7706 7747 7707
f 7747 7748 7707
f 7707 7748 7708
f 7748 7749 7708
f 7708 7749 7709
f 7749 7750 7709
f 7709 7750 7710
f 7750 7751 7710
f 7710 7751 7711
f 7751 7752 7711
f 7711 7752 7712
f 7752 7753 7712
f 7712 7753 7713
f 7753 7754 7713
f 7713 7754 7714
f 7754 7755 7714
f 7714 7755 7715
f 7755 7756 7715
f 7715 7756 7677
f 7756 7716 7677
f 7716 7757 7717
f 7757 7758 7717
f 7717 7758 7718
f 7758 7759 7718
f 7718 7759 7719
f 7759 7760 7719
f 7719 7760 7720
f 7760 7761 7720
f 7720 7761 7721
f 7761 7762 7721
f 7721 7762 7722
f 7762 7763 7722
f 7722 7763 7723
f 7763 7764 7723
f 7723 7764 7682
f 7682 7764 7724
f 7764 7765 7724
f 7724 7765 7725
f 7765 7766 7725
f 7725 7766 7685
f 7766 7726 7685
f 7726 7767 7727
f 7767 7768 7727
f 7727 7768 7728
f 7768 7769 7728
f 7728 7769 7729
f 7769 7770 7729
f 7729 7770 7730
f 7770 7771 7730
f 7730 7771 7731
f 7771 7772 7731
f 7731 7772 7732
f 7772 7773 7732
f 7732 7773 7733
f 7773 7774 7733
f 7733 7774 7734
f 7774 7775 7734
f 7734 7775 7735
f 7775 7776 7735
f 7735 7776 7736
f 7776 7777 7736
f 7736 7777 7696
f 7777 7737 7696
f 7737 7778 7697
f 7778 7738 7697
f 7778 7779 7738
f 7779 7780 7738
f 7738 7780 7698
f 7780 7739 7698
f 7739 7272 7740
f 7740 7272 7741
f 7272 7781 7741
f 7741 7781 7742
f 7781 7782 7742
f 7742 7782 7743
f 7782 7783 7743
f 7743 7783 7744
f 7783 7784 7744
f 7744 7784 7745
f 7784 7785 7745
f 7745 7785 7746
f 7785 7786 7746
f 7746 7786 7747
f 7786 7787 7747
f 7747 7787 7748
f 7787 7788 7748
f 7748 7788 7749
f 7788 7789 7749
f 7749 7789 7750
f 7789 7790 7750
f 7750 7790 7751
f 7790 7791 7751
f 7751 7791 7752
f 7791 7792 7752
f 7752 7792 7753
f 7792 7259 7753
f 7753 7259 7754
f 7259 7793 7754
f 7754 7793 7755
f 7793 7794 7755
f 7755 7794 7756
f 7794 7795 7756
f 7756 7795 7716
f 7795 7757 7716
f 7757 7255 7758
f 7255 7796 7758
f 7758 7796 7759
f 7796 7797 7759
f 7759 7797 7760
f 7797 7798 7760
f 7760 7798 7761
f 7798 7799 7761
f 7761 7799 7762
f 7799 7800 7762
f 7762 7800 7763
f 7800 7801 7763
f 7763 7801 7764
f 7801 7802 7764
f 7764 7802 7765
f 7802 7803 7765
f 7765 7803 7766
f 7803 7804 7766
f 7766 7804 7726
f 7804 7767 7726
f 7767 7805 7768
f 7805 7806 7768
f 7768 7806 7769
f 7806 7243 7769
f 7769 7243 7770
f 7243 7807 7770
f 7770 7807 7771
f 7807 7808 7771
f 7771 7808 7772
f 7808 7809 7772
f 7772 7809 7773
f 7809 7810 7773
f 7773 7810 7774
f 7810 7811 7774
f 7774 7811 7775
f 7811 7812 7775
f 7775 7812 7776
f 7812 7813 7776
f 7776 7813 7777
f 7813 7814 7777
f 7777 7814 7737
f 7814 7778 7737
f 7778 7276 7779
f 7276 7275 7779
f 7779 7275 7780
f 7275 7274 7780
f 7274 7273 7780
f 7780 7273 7739
f 7273 7272 7739
f 7272 7271 7781
f 7271 7270 7781
f 7781 7270 7782
f 7270 7269 7782
f 7782 7269 7783
f 7269 4765 7783
f 4765 7267 7783
f 7783 7267 7784
f 7267 7268 7784
f 7784 7268 7785
f 7268 7266 7785
f 7785 7266 7786
f 7266 4759 7786
f 7786 4759 7787
f 4759 7265 7787
f 7787 7265 7788
f 7265 7264 7788
f 7788 7264 7789
f 7264 7263 7789
f 7789 7263 7790
f 7263 7262 7790
f 7790 7262 7791
f 7262 7261 7791
f 7791 7261 7792
f 7261 7260 7792
f 7260 7259 7792
f 7259 7258 7793
f 7258 7257 7793
f 7793 7257 7794
f 7257 7256 7794
f 7794 7256 7795
f 7256 7254 7795
f 7795 7254 7757
f 7254 7255 7757
f 7255 7253 7796
f 7253 7252 7796
f 7796 7252 7797
f 7252 7250 7797
f 7797 7250 7798
f 7250 7251 7798
f 7798 7251 7799
f 7251 7249 7799
f 7799 7249 7800
f 7249 7248 7800
f 7800 7248 7801
f 7248 7247 7801
f 7801 7247 7802
f 7247 7246 7802
f 7802 7246 7803
f 7246 4803 7803
f 7803 4803 7804
f 4803 4802 7804
f 4802 7245 7804
f 7804 7245 7767
f 7767 7245 7805
f 7245 4799 7805
f 7805 4799 7806
f 4799 7244 7806
f 7806 7244 7243
f 7243 4795 7807
f 4795 4794 7807
f 4794 4793 7807
f 7807 4793 7808
f 4793 7242 7808
f 7808 7242 7809
f 7242 7241 7809
f 7809 7241 7810
f 7241 4787 7810
f 4787 7240 7810
f 7810 7240 7811
f 7240 7239 7811
f 7811 7239 7812
f 7239 7238 7812
f 7812 7238 7813
f 7238 7237 7813
f 7813 7237 7814
f 7237 7236 7814
f 7814 7236 7778
f 7236 7276 7778
f 7815 7816 7817
f 7815 7817 7818
f 7819 7820 7821
f 7822 7823 7824
f 7824 7823 7825
f 7821 7826 7819
f 7827 7828 7829
f 7828 7830 7829
f 7829 7830 7822
f 7824 7825 7831
f 7822 7824 7829
f 7829 7824 7832
f 7824 7833 7832
f 7832 7833 7834
f 7833 7835 7834
f 7834 7835 7836
f 7835 7837 7836
f 7836 7837 7821
f 7837 7815 7821
f 7821 7815 7826
f 7815 7818 7826
f 5593 5592 7838
f 4853 7839 7840
f 7841 7842 4850
f 4850 7842 4851
f 4851 7842 4852
f 7842 7843 4852
f 7839 4853 7843
f 4853 4852 7843
f 4855 4854 7840
f 7840 4854 4853
f 7840 7844 4855
f 4855 7844 4856
f 7845 4858 7844
f 4858 4857 7844
f 7844 4857 4856
f 4858 7845 4859
f 4859 7845 4860
f 7845 7846 4860
f 7846 7847 4860
f 4860 7847 4861
f 4861 7847 4862
f 7847 7848 4862
f 4862 7848 4863
f 4865 4864 7849
f 7849 4864 7848
f 4864 4863 7848
f 4865 7849 4866
f 4866 7850 4867
f 4870 4869 7850
f 4869 4868 7850
f 4868 4867 7850
f 4871 7851 4872
f 4875 4874 7852
f 7852 4874 7851
f 4874 4873 7851
f 4873 4872 7851
f 4875 7852 4876
f 7852 7853 4876
f 4876 7853 4877
f 7853 7854 4877
f 4880 4879 7855
f 7855 4879 7854
f 4879 4878 7854
f 4878 4877 7854
f 4880 7855 4881
f 7855 7856 4881
f 4881 7856 4882
f 7856 7857 4882
f 4885 4884 7858
f 7858 4884 7857
f 4884 4883 7857
f 4883 4882 7857
f 4885 7858 4886
f 7858 7859 4886
f 4886 7859 4887
f 4887 7859 4888
f 4892 4891 7860
f 4891 4890 7860
f 7860 4890 7859
f 4890 4889 7859
f 7859 4889 4888
f 4892 7860 4893
f 7860 7861 4893
f 4893 7861 4894
f 7861 7862 4894
f 4898 4897 7863
f 4897 4896 7863
f 7863 4896 7862
f 4896 4895 7862
f 7862 4895 4894
f 7863 7864 4898
f 4898 7864 4899
f 7864 7865 4899
f 4902 4901 7866
f 7866 4901 7865
f 4901 4900 7865
f 7865 4900 4899
f 4902 7866 4903
f 7866 7867 4903
f 4903 7867 4904
f 4906 4905 7868
f 7868 4905 7867
f 4905 4904 7867
f 4906 7868 4907
f 4907 7869 4908
f 4911 4910 7870
f 7870 4910 7871
f 4910 4909 7871
f 7871 4909 7869
f 4909 4908 7869
f 4911 7870 4912
f 7870 7872 4912
f 4915 4914 7873
f 7873 4914 7872
f 4914 4913 7872
f 7872 4913 4912
f 4916 4915 7873
f 7873 7874 4916
f 7874 7875 4916
f 4916 7875 4831
f 7876 4833 7875
f 4833 4832 7875
f 7875 4832 4831
f 4833 7876 4834
f 7876 7877 4834
f 4834 7877 4835
f 7877 7878 4835
f 4835 7878 4836
f 4836 7878 4837
f 7878 7879 4837
f 4837 7879 4838
f 7879 7880 4838
f 4838 7880 4839
f 4839 7880 4840
f 7880 7881 4840
f 4840 7881 4841
f 7881 7882 4841
f 4841 7882 4842
f 7883 4843 7882
f 4843 4842 7882
f 4845 4844 7883
f 7883 4844 4843
f 7883 7884 4845
f 7884 7885 4845
f 4845 7885 4846
f 4850 4849 7841
f 4849 4848 7841
f 7841 4848 7886
f 4848 4847 7886
f 7886 4847 7885
f 4847 4846 7885
f 5601 7887 5602
f 5602 7887 5603
f 7887 7888 5603
f 5603 7888 5604
f 7889 5605 7888
f 5605 5604 7888
f 5607 5606 7889
f 7889 5606 5605
f 5608 5607 7890
f 5607 7889 7890
f 5608 7890 5609
f 5609 7891 5610
f 5610 7891 5611
f 7891 7892 5611
f 5611 7892 5612
f 5615 5614 7893
f 7893 5614 7892
f 5614 5613 7892
f 7892 5613 5612
f 5616 5615 7894
f 7894 5615 7895
f 5615 7893 7895
f 5616 7894 5617
f 7894 7896 5617
f 5617 7896 5618
f 7896 7897 5618
f 5618 7897 5620
f 5620 7897 5621
f 5621 7897 5622
f 7897 7898 5622
f 5622 7898 5623
f 5626 5625 7899
f 7899 5625 7898
f 5625 5624 7898
f 7898 5624 5623
f 5627 5626 7900
f 7900 5626 7899
f 5627 7900 5628
f 7900 7901 5628
f 5628 7901 5629
f 7901 7902 5629
f 5629 7902 5630
f 7902 7903 5630
f 5630 7903 5631
f 7903 7904 5631
f 5631 7904 5632
f 7905 5635 7906
f 5635 5634 7906
f 5634 5633 7906
f 7906 5633 7904
f 5633 5632 7904
f 5635 7905 5549
f 7905 7907 5549
f 5549 7907 5550
f 7908 5552 7907
f 5552 5550 7907
f 7909 5554 7908
f 5554 5553 7908
f 7908 5553 5552
f 7910 5557 7909
f 5557 5555 7909
f 7909 5555 5554
f 5558 5557 7910
f 5560 5559 7911
f 7911 5559 7910
f 5559 5558 7910
f 5560 7911 5561
f 7911 7912 5561
f 5561 7912 5562
f 7913 5563 7912
f 5563 5562 7912
f 7913 7914 5565
f 5565 5564 7913
f 5564 5563 7913
f 5568 5567 7914
f 5567 5566 7914
f 5566 5565 7914
f 5568 7915 5569
f 5571 5570 7916
f 7916 5570 7915
f 5570 5569 7915
f 5571 7916 5572
f 7916 7917 5572
f 5572 7917 5573
f 7917 7918 5573
f 5573 7918 5574
f 7919 5576 5575
f 7919 5575 7918
f 5575 5574 7918
f 5580 5579 7920
f 5579 5578 7920
f 7920 5578 7921
f 5578 5577 7921
f 7921 5577 7919
f 5577 5576 7919
f 5580 7920 5581
f 7920 7922 5581
f 5584 5583 7923
f 7923 5583 7922
f 5583 5582 7922
f 7922 5582 5581
f 5584 7923 5585
f 7923 7924 5585
f 5585 7924 5586
f 7924 7925 5586
f 5586 7925 5587
f 7926 5589 7927
f 5589 5588 7927
f 7927 5588 7925
f 5588 5587 7925
f 5589 7926 5590
f 7926 7928 5590
f 5590 7928 5591
f 7838 5592 7928
f 5592 5591 7928
f 5593 7838 5594
f 7838 7929 5594
f 5594 7929 5595
f 5595 7929 5596
f 7929 7930 5596
f 5596 7930 5597
f 7930 7931 5597
f 5597 7931 5598
f 5601 5600 7932
f 5600 5599 7932
f 7932 5599 7931
f 5599 5598 7931
f 856 7933 857
f 7933 7934 857
f 857 7934 858
f 862 859 858
f 7935 860 864
f 7935 861 860
f 861 7936 865
f 7936 866 865
f 866 7937 867
f 7937 869 867
f 869 7938 870
f 871 870 7938
f 7939 872 871
f 873 872 7939
f 874 7940 875
f 875 7940 876
f 7941 7942 7943
f 7942 7944 7943
f 915 914 916
f 926 7945 933
f 773 772 774
f 7946 831 830
f 7947 823 831
f 711 7948 712
f 7948 7949 712
f 712 7949 713
f 7949 7950 713
f 713 7950 714
f 717 714 7950
f 715 720 719
f 716 7951 721
f 7951 722 721
f 722 7952 723
f 7952 725 723
f 725 7953 726
f 727 726 7953
f 7954 728 727
f 731 728 7954
f 729 7955 730
f 816 730 7956
f 817 816 7957
f 7958 7959 7896
f 7896 7959 7897
f 7959 7960 7897
f 7897 7960 7898
f 7898 7960 7899
f 7960 7961 7899
f 7899 7961 7900
f 7961 7962 7900
f 7900 7962 7901
f 7962 7902 7901
f 7903 7963 7904
f 7963 7964 7904
f 7904 7964 7906
f 7906 7964 7905
f 7907 7965 7908
f 7908 7965 7909
f 7965 7966 7909
f 7909 7966 7910
f 7966 7967 7910
f 7910 7967 7911
f 7967 7968 7911
f 7911 7968 7912
f 7968 7969 7912
f 7912 7969 7913
f 7969 7970 7913
f 7913 7970 7914
f 7970 7971 7914
f 7914 7971 5568
f 7971 7972 5568
f 5568 7972 7915
f 7915 7972 7916
f 7972 7973 7916
f 7916 7973 7917
f 7973 7974 7917
f 7917 7974 7918
f 7918 7974 7919
f 7974 7975 7919
f 7919 7975 7921
f 7921 7975 7920
f 7975 7976 7920
f 7920 7976 7922
f 7922 7976 7923
f 7976 7977 7923
f 7923 7977 7924
f 7977 7978 7924
f 7924 7978 7925
f 7978 7927 7925
f 7926 7979 7928
f 7928 7979 7838
f 7979 7980 7838
f 7838 7980 7929
f 7980 7981 7929
f 7929 7981 7930
f 7981 7982 7930
f 7930 7982 7931
f 7982 7983 7931
f 7931 7983 7932
f 7983 7984 7932
f 7932 7984 5601
f 7984 7985 5601
f 5601 7985 7887
f 7985 7986 7887
f 7887 7986 7888
f 7986 7987 7888
f 7987 7889 7888
f 7889 7988 7890
f 7988 7989 7890
f 7890 7989 5609
f 7989 7990 5609
f 5609 7990 7891
f 7990 7991 7891
f 7891 7991 7892
f 7991 7992 7892
f 7892 7992 7893
f 7992 7895 7893
f 7895 7993 7894
f 7993 7958 7894
f 7894 7958 7896
f 7958 7994 7959
f 7994 7995 7959
f 7959 7995 7960
f 7995 7996 7960
f 7960 7996 7961
f 7996 7997 7961
f 7961 7997 7962
f 7997 7998 7962
f 7962 7998 7902
f 7998 7999 7902
f 7902 7999 7903
f 7999 7963 7903
f 7963 8000 7964
f 8000 8001 7964
f 7964 8001 7905
f 8001 8002 7905
f 7905 8002 7907
f 8002 8003 7907
f 7907 8003 7965
f 8003 8004 7965
f 7965 8004 7966
f 8004 8005 7966
f 7966 8005 7967
f 8005 8006 7967
f 7967 8006 7968
f 8006 8007 7968
f 7968 8007 7969
f 8007 8008 7969
f 7969 8008 7970
f 8008 8009 7970
f 7970 8009 7971
f 8009 8010 7971
f 7971 8010 7972
f 8010 8011 7972
f 7972 8011 7973
f 8011 8012 7973
f 7973 8012 7974
f 8012 8013 7974
f 7974 8013 7975
f 8013 8014 7975
f 7975 8014 7976
f 8014 8015 7976
f 7976 8015 7977
f 8015 8016 7977
f 7977 8016 7978
f 7978 8017 7927
f 7927 8017 7926
f 8017 8018 7926
f 7926 8018 7979
f 8018 8019 7979
f 7979 8019 7980
f 8019 8020 7980
f 7980 8020 7981
f 8020 8021 7981
f 7981 8021 7982
f 8021 8022 7982
f 7982 8022 7983
f 8022 8023 7983
f 7983 8023 7984
f 8023 8024 7984
f 7984 8024 7985
f 8024 8025 7985
f 7985 8025 7986
f 8025 8026 7986
f 7986 8026 7987
f 7987 8027 7889
f 7889 8027 7988
f 8027 8028 7988
f 7988 8028 7989
f 8028 8029 7989
f 7989 8029 7990
f 8029 8030 7990
f 7990 8030 7991
f 8030 8031 7991
f 7991 8031 7992
f 8031 8032 7992
f 7992 8032 7895
f 7895 8032 7993
f 8032 8033 7993
f 7993 8033 7958
f 8033 7994 7958
f 8033 8034 7994
f 8034 8035 7994
f 7994 8035 7995
f 8035 8036 7995
f 7995 8036 7996
f 8036 8037 7996
f 7996 8037 7997
f 8037 8038 7997
f 7997 8038 7998
f 8038 8039 7998
f 7998 8039 7999
f 8039 8040 7999
f 7999 8040 7963
f 8040 8000 7963
f 8000 8041 8001
f 8041 8042 8001
f 8001 8042 8002
f 8042 8043 8002
f 8002 8043 8003
f 8043 8044 8003
f 8003 8044 8004
f 8044 8045 8004
f 8004 8045 8005
f 8045 8046 8005
f 8005 8046 8006
f 8046 8047 8006
f 8006 8047 8007
f 8047 8048 8007
f 8007 8048 8008
f 8048 8049 8008
f 8008 8049 8009
f 8049 8050 8009
f 8009 8050 8010
f 8050 8051 8010
f 8010 8051 8011
f 8051 8052 8011
f 8011 8052 8012
f 8052 8053 8012
f 8012 8053 8013
f 8053 8054 8013
f 8013 8054 8014
f 8054 8055 8014
f 8014 8055 8015
f 8055 8056 8015
f 8015 8056 8016
f 8056 8057 8016
f 8016 8057 7978
f 8057 8058 7978
f 7978 8058 8017
f 8058 8059 8017
f 8017 8059 8018
f 8059 8060 8018
f 8018 8060 8019
f 8060 8061 8019
f 8019 8061 8020
f 8061 8062 8020
f 8020 8062 8021
f 8062 8063 8021
f 8021 8063 8022
f 8063 8064 8022
f 8022 8064 8023
f 8064 8065 8023
f 8023 8065 8024
f 8065 8066 8024
f 8024 8066 8025
f 8066 8067 8025
f 8025 8067 8026
f 8067 8068 8026
f 8026 8068 7987
f 8068 8069 7987
f 7987 8069 8027
f 8069 8070 8027
f 8027 8070 8028
f 8070 8071 8028
f 8028 8071 8029
f 8071 8072 8029
f 8029 8072 8030
f 8072 8073 8030
f 8030 8073 8031
f 8073 8074 8031
f 8031 8074 8032
f 8074 8075 8032
f 8032 8075 8033
f 8075 8034 8033
f 8075 8076 8034
f 8076 8077 8034
f 8034 8077 8035
f 8077 8078 8035
f 8035 8078 8036
f 8078 8079 8036
f 8079 8080 8036
f 8036 8080 8037
f 8080 8081 8037
f 8037 8081 8038
f 8081 8082 8038
f 8038 8082 8039
f 8082 8083 8039
f 8039 8083 8040
f 8083 8084 8040
f 8040 8084 8000
f 8084 8041 8000
f 8041 8085 8042
f 8085 8086 8042
f 8042 8086 8043
f 8086 8087 8043
f 8043 8087 8044
f 8087 8088 8044
f 8044 8088 8045
f 8088 8089 8045
f 8045 8089 8046
f 8089 8090 8046
f 8046 8090 8047
f 8090 8091 8047
f 8047 8091 8048
f 8091 8092 8048
f 8048 8092 8049
f 8092 8093 8049
f 8049 8093 8050
f 8093 8094 8050
f 8094 8095 8050
f 8050 8095 8051
f 8095 8096 8051
f 8051 8096 8052
f 8096 8097 8052
f 8052 8097 8053
f 8097 8098 8053
f 8053 8098 8054
f 8098 8099 8054
f 8099 8100 8054
f 8054 8100 8055
f 8100 8101 8055
f 8055 8101 8056
f 8101 8102 8056
f 8102 8103 8056
f 8056 8103 8057
f 8103 8104 8057
f 8057 8104 8058
f 8104 8105 8058
f 8058 8105 8059
f 8105 8106 8059
f 8059 8106 8060
f 8106 8107 8060
f 8060 8107 8061
f 8107 8108 8061
f 8061 8108 8062
f 8108 8109 8062
f 8062 8109 8063
f 8109 8110 8063
f 8063 8110 8064
f 8110 8111 8064
f 8064 8111 8065
f 8111 8112 8065
f 8065 8112 8066
f 8112 8113 8066
f 8066 8113 8067
f 8113 8114 8067
f 8067 8114 8068
f 8114 8115 8068
f 8068 8115 8069
f 8115 8116 8069
f 8069 8116 8070
f 8116 8117 8070
f 8070 8117 8071
f 8117 8118 8071
f 8071 8118 8072
f 8118 8119 8072
f 8072 8119 8073
f 8119 8120 8073
f 8073 8120 8074
f 8120 8121 8074
f 8074 8121 8075
f 8121 8076 8075
f 8077 8122 8078
f 8122 8123 8078
f 8078 8123 8079
f 8079 8124 8080
f 8080 8124 8081
f 8124 8125 8081
f 8081 8125 8082
f 8125 8126 8082
f 8082 8126 8083
f 8126 8127 8083
f 8083 8127 8084
f 8127 8128 8084
f 8084 8128 8041
f 8128 8085 8041
f 8085 8129 8086
f 8129 8130 8086
f 8086 8130 8087
f 8130 8131 8087
f 8087 8131 8088
f 8131 8132 8088
f 8088 8132 8089
f 8132 8133 8089
f 8089 8133 8090
f 8133 8134 8090
f 8090 8134 8091
f 8134 8135 8091
f 8091 8135 8092
f 8135 8136 8092
f 8092 8136 8093
f 8136 8137 8093
f 8093 8137 8094
f 8094 8138 8095
f 8095 8138 8096
f 8138 8139 8096
f 8096 8139 8097
f 8139 8140 8097
f 8097 8140 8098
f 8140 8141 8098
f 8098 8141 8099
f 8099 8142 8100
f 8100 8142 8101
f 8142 8143 8101
f 8101 8143 8102
f 8102 8144 8103
f 8103 8144 8104
f 8144 8145 8104
f 8104 8145 8105
f 8145 8146 8105
f 8105 8146 8106
f 8146 8147 8106
f 8106 8147 8107
f 8147 8148 8107
f 8107 8148 8108
f 8148 8149 8108
f 8108 8149 8109
f 8149 8150 8109
f 8109 8150 8110
f 8150 8151 8110
f 8110 8151 8111
f 8151 8152 8111
f 8111 8152 8112
f 8152 8153 8112
f 8112 8153 8113
f 8153 8154 8113
f 8113 8154 8114
f 8154 8155 8114
f 8114 8155 8115
f 8155 8156 8115
f 8115 8156 8116
f 8116 8157 8117
f 8117 8157 8118
f 8157 8158 8118
f 8118 8158 8119
f 8158 8159 8119
f 8119 8159 8120
f 8159 8160 8120
f 8120 8160 8121
f 8160 8161 8121
f 8121 8161 8076
f 8161 914 8076
f 914 913 8076
f 8076 913 8077
f 913 912 8077
f 8077 912 8122
f 912 911 8122
f 8122 911 8123
f 911 910 8123
f 910 909 8123
f 8123 909 8079
f 909 908 8079
f 8079 908 8124
f 908 906 8124
f 8124 906 8125
f 906 905 8125
f 8125 905 8126
f 905 8162 8126
f 8162 8163 8126
f 8126 8163 8127
f 8163 8164 8127
f 8127 8164 8128
f 8128 8129 8085
f 8129 8165 8130
f 8165 8166 8130
f 8130 8166 8131
f 8166 8167 8131
f 8131 8167 8132
f 8167 8168 8132
f 8132 8168 8133
f 8168 8169 8133
f 8169 8134 8133
f 8134 8170 8135
f 8170 784 8135
f 8135 784 8136
f 784 783 8136
f 8136 783 8137
f 783 782 8137
f 782 781 8137
f 8137 781 8094
f 781 780 8094
f 8094 780 8138
f 780 779 8138
f 8138 779 8139
f 779 778 8139
f 778 777 8139
f 8139 777 8140
f 777 775 8140
f 775 774 8140
f 8140 774 8141
f 774 772 8141
f 772 771 8141
f 8141 771 8099
f 771 770 8099
f 8099 770 8142
f 770 769 8142
f 8142 769 8143
f 769 768 8143
f 768 767 8143
f 8143 767 8102
f 767 766 8102
f 8102 766 8144
f 766 765 8144
f 8144 765 8145
f 765 764 8145
f 764 763 8145
f 8145 763 8146
f 8146 8171 8147
f 8147 8171 8148
f 8171 8172 8148
f 8172 8173 8148
f 8148 8173 8149
f 8173 8174 8149
f 8149 8174 8150
f 8174 8175 8150
f 8150 8175 8151
f 8175 8176 8151
f 8151 8176 8152
f 8176 8177 8152
f 8177 8153 8152
f 8153 8178 8154
f 8178 8179 8154
f 8154 8179 8155
f 8179 926 8155
f 8155 926 8156
f 926 925 8156
f 925 924 8156
f 8156 924 8116
f 8116 924 8157
f 924 923 8157
f 923 922 8157
f 8157 922 8158
f 922 921 8158
f 8158 921 8159
f 921 920 8159
f 920 919 8159
f 8159 919 8160
f 919 918 8160
f 8160 918 8161
f 918 916 8161
f 916 914 8161
f 819 8180 763
f 763 8180 8146
f 8146 8180 8171
f 8172 8181 8173
f 8181 8182 8173
f 8173 8182 8174
f 8182 8183 8174
f 8174 8183 8175
f 8183 8184 8175
f 8175 8184 8176
f 8184 8185 8176
f 8185 8177 8176
f 8177 8186 8153
f 8186 8178 8153
f 8178 8187 8179
f 8187 7945 8179
f 8179 7945 926
f 8188 8162 905
f 8162 8189 8163
f 8189 8164 8163
f 8164 8190 8128
f 8190 8191 8128
f 8128 8191 8129
f 8191 8165 8129
f 8165 8192 8166
f 8192 8193 8166
f 8193 8167 8166
f 8167 8194 8168
f 8194 8169 8168
f 8169 8195 8134
f 8195 8170 8134
f 8170 822 784
f 818 8180 819
f 8180 8196 8171
f 8196 8197 8171
f 8171 8197 8172
f 8197 8181 8172
f 8181 8198 8182
f 8198 8199 8182
f 8182 8199 8183
f 8199 8200 8183
f 8200 8184 8183
f 8185 8201 8177
f 8201 8186 8177
f 8186 8202 8178
f 8202 8187 8178
f 8187 8203 7945
f 8203 937 7945
f 937 933 7945
f 8204 8205 8188
f 8188 8205 8162
f 8205 8189 8162
f 8189 8206 8164
f 8206 8190 8164
f 8190 8207 8191
f 8207 8208 8191
f 8191 8208 8165
f 8208 8192 8165
f 8192 8209 8193
f 8209 8210 8193
f 8193 8210 8167
f 8210 8194 8167
f 8194 8211 8169
f 8211 8195 8169
f 8195 8212 8170
f 8212 829 8170
f 8170 829 822
f 817 8213 818
f 8213 8214 818
f 818 8214 8180
f 8214 8196 8180
f 8196 8215 8197
f 8215 8216 8197
f 8197 8216 8181
f 8216 8198 8181
f 8198 8217 8199
f 8217 8218 8199
f 8199 8218 8200
f 8200 8219 8184
f 8184 8219 8185
f 8219 8201 8185
f 8201 8220 8186
f 8220 8202 8186
f 8202 8221 8187
f 8221 8203 8187
f 8203 940 937
f 7941 8222 8204
f 8204 8222 8205
f 8222 8223 8205
f 8205 8223 8189
f 8223 8206 8189
f 8206 8224 8190
f 8224 8207 8190
f 8207 8225 8208
f 8225 8226 8208
f 8208 8226 8192
f 8226 8209 8192
f 8210 8227 8194
f 8227 8211 8194
f 8211 8228 8195
f 8228 8212 8195
f 8212 7946 829
f 7946 830 829
f 817 7957 8213
f 8213 7957 8214
f 7957 8229 8214
f 8214 8229 8196
f 8229 8215 8196
f 8215 8230 8216
f 8216 8230 8198
f 8230 8217 8198
f 8218 8219 8200
f 8219 8231 8201
f 8201 8231 8220
f 8231 8232 8220
f 8220 8232 8202
f 8232 8221 8202
f 8221 8233 8203
f 8233 938 8203
f 938 940 8203
f 7941 7943 8222
f 7943 8234 8222
f 8222 8234 8223
f 8223 8235 8206
f 8206 8235 8224
f 8235 8236 8224
f 8224 8236 8207
f 8236 8225 8207
f 8225 8237 8226
f 8226 8237 8209
f 8237 8238 8209
f 8209 8238 8210
f 8238 8239 8210
f 8210 8239 8227
f 8239 8240 8227
f 8227 8240 8211
f 8240 8228 8211
f 8228 7947 8212
f 8212 7947 7946
f 7947 831 7946
f 816 7956 7957
f 7956 8241 7957
f 7957 8241 8229
f 8241 8242 8229
f 8229 8242 8215
f 8242 8243 8215
f 8215 8243 8230
f 8243 8244 8230
f 8230 8244 8217
f 8244 8245 8217
f 8217 8245 8218
f 8245 8246 8218
f 8218 8246 8219
f 8246 8247 8219
f 8219 8247 8231
f 8247 8248 8231
f 8231 8248 8232
f 8248 8249 8232
f 8232 8249 8221
f 8249 8233 8221
f 8233 856 938
f 7944 877 7943
f 877 8250 7943
f 7943 8250 8234
f 8250 8251 8234
f 8234 8251 8223
f 8251 8252 8223
f 8223 8252 8235
f 8252 8253 8235
f 8235 8253 8236
f 8253 8254 8236
f 8236 8254 8225
f 8225 8254 8237
f 8254 8255 8237
f 8237 8255 8238
f 8255 8256 8238
f 8238 8256 8239
f 8256 8257 8239
f 8239 8257 8240
f 8257 8258 8240
f 8240 8258 8228
f 8228 8258 7947
f 8258 711 7947
f 711 823 7947
f 730 7955 7956
f 7955 8259 7956
f 7956 8259 8241
f 8259 8260 8241
f 8241 8260 8242
f 8260 8261 8242
f 8242 8261 8243
f 8261 8262 8243
f 8243 8262 8244
f 8262 8263 8244
f 8244 8263 8245
f 8263 8264 8245
f 8245 8264 8246
f 8264 8265 8246
f 8246 8265 8247
f 8265 8266 8247
f 8247 8266 8248
f 8266 8267 8248
f 8248 8267 8249
f 8249 7933 8233
f 8233 7933 856
f 876 8268 877
f 8268 8250 877
f 8250 8269 8251
f 8269 8270 8251
f 8251 8270 8252
f 8270 8271 8252
f 8252 8271 8253
f 8271 8272 8253
f 8253 8272 8254
f 8272 8273 8254
f 8254 8273 8255
f 8273 8274 8255
f 8255 8274 8256
f 8274 8275 8256
f 8256 8275 8257
f 8275 8276 8257
f 8257 8276 8258
f 8276 8277 8258
f 8277 7948 8258
f 8258 7948 711
f 7937 8278 869
f 8278 7938 869
f 7938 7939 871
f 7939 8279 873
f 873 8279 874
f 8279 7940 874
f 7940 8280 876
f 8280 8268 876
f 8268 8281 8250
f 8250 8281 8269
f 8281 8282 8269
f 8269 8282 8270
f 8282 8283 8270
f 8270 8283 8271
f 8283 8284 8271
f 8271 8284 8272
f 8284 8285 8272
f 8272 8285 8273
f 8285 8286 8273
f 8273 8286 8274
f 8286 8287 8274
f 8274 8287 8275
f 8287 8288 8275
f 8275 8288 8276
f 8288 8289 8276
f 8276 8289 8277
f 8277 8290 7948
f 7948 8290 7949
f 8290 8291 7949
f 7949 8291 7950
f 8291 8292 7950
f 7950 8292 717
f 717 8292 718
f 8292 8293 718
f 718 8293 719
f 8293 8294 719
f 719 8294 715
f 715 8294 716
f 8294 7951 716
f 7951 7952 722
f 7952 8295 725
f 8295 7953 725
f 7953 7954 727
f 7954 8296 731
f 8296 8297 731
f 731 8297 732
f 8297 8298 732
f 732 8298 729
f 729 8298 7955
f 8298 8299 7955
f 8299 8300 7955
f 7955 8300 8259
f 8300 8260 8259
f 8260 8301 8261
f 8301 8302 8261
f 8261 8302 8262
f 8302 8303 8262
f 8262 8303 8263
f 8303 8304 8263
f 8263 8304 8264
f 8304 8305 8264
f 8264 8305 8265
f 8305 8306 8265
f 8265 8306 8266
f 8306 8307 8266
f 8266 8307 8267
f 8307 8308 8267
f 8267 8308 8249
f 8308 7933 8249
f 7933 8309 7934
f 8309 8310 7934
f 7934 8310 858
f 8310 8311 858
f 858 8311 862
f 8311 8312 862
f 862 8312 863
f 863 8312 864
f 8312 7935 864
f 7935 8313 861
f 8313 7936 861
f 7936 7937 866
f 7937 8314 8278
f 8278 8315 7938
f 7938 8315 7939
f 8315 8316 7939
f 7939 8316 8279
f 8316 8317 8279
f 8279 8317 7940
f 8317 8280 7940
f 8280 8318 8268
f 8268 8318 8281
f 8318 8319 8281
f 8281 8319 8282
f 8319 8320 8282
f 8282 8320 8283
f 8320 8321 8283
f 8283 8321 8284
f 8321 8322 8284
f 8284 8322 8285
f 8322 8323 8285
f 8285 8323 8286
f 8323 8324 8286
f 8286 8324 8287
f 8324 8325 8287
f 8287 8325 8288
f 8325 8326 8288
f 8288 8326 8289
f 8326 8327 8289
f 8289 8327 8277
f 8327 8328 8277
f 8277 8328 8290
f 8328 8329 8290
f 8290 8329 8291
f 8329 8330 8291
f 8291 8330 8292
f 8330 8331 8292
f 8292 8331 8293
f 8331 8332 8293
f 8293 8332 8294
f 8332 8333 8294
f 8294 8333 7951
f 8333 8334 7951
f 7951 8334 7952
f 8334 8335 7952
f 7952 8335 8295
f 8295 8336 7953
f 7953 8336 7954
f 8336 8296 7954
f 8296 8337 8297
f 8337 8338 8297
f 8297 8338 8298
f 8338 8339 8298
f 8298 8339 8299
f 8299 8340 8300
f 8300 8340 8260
f 8340 8301 8260
f 8301 8341 8302
f 8341 8342 8302
f 8302 8342 8303
f 8342 8343 8303
f 8303 8343 8304
f 8343 8344 8304
f 8304 8344 8305
f 8344 8345 8305
f 8305 8345 8306
f 8345 8346 8306
f 8306 8346 8307
f 8346 8347 8307
f 8307 8347 8308
f 8347 8348 8308
f 8308 8348 7933
f 8348 8309 7933
f 8309 8349 8310
f 8349 8350 8310
f 8310 8350 8311
f 8350 8351 8311
f 8311 8351 8312
f 8351 8352 8312
f 8312 8352 7935
f 8352 8313 7935
f 8313 8353 7936
f 8353 8354 7936
f 7936 8354 7937
f 8354 8314 7937
f 8354 8355 8314
f 8355 8356 8314
f 8314 8356 8278
f 8356 8357 8278
f 8278 8357 8315
f 8357 8358 8315
f 8315 8358 8316
f 8358 8359 8316
f 8316 8359 8317
f 8359 8360 8317
f 8317 8360 8280
f 8360 8361 8280
f 8280 8361 8318
f 8361 8362 8318
f 8318 8362 8319
f 8362 8363 8319
f 8319 8363 8320
f 8363 8364 8320
f 8320 8364 8321
f 8364 8365 8321
f 8321 8365 8322
f 8365 8366 8322
f 8322 8366 8323
f 8366 8367 8323
f 8323 8367 8324
f 8367 8368 8324
f 8324 8368 8325
f 8368 8369 8325
f 8325 8369 8326
f 8369 8370 8326
f 8326 8370 8327
f 8370 8371 8327
f 8327 8371 8328
f 8371 8372 8328
f 8328 8372 8329
f 8372 8373 8329
f 8329 8373 8330
f 8373 8374 8330
f 8330 8374 8331
f 8374 8375 8331
f 8331 8375 8332
f 8375 8376 8332
f 8332 8376 8333
f 8376 8377 8333
f 8333 8377 8334
f 8377 8378 8334
f 8334 8378 8335
f 8378 8379 8335
f 8335 8379 8295
f 8379 8380 8295
f 8295 8380 8336
f 8380 8381 8336
f 8336 8381 8296
f 8381 8337 8296
f 8337 8382 8338
f 8382 8383 8338
f 8338 8383 8339
f 8383 8384 8339
f 8339 8384 8299
f 8384 8385 8299
f 8299 8385 8340
f 8385 8386 8340
f 8340 8386 8301
f 8386 8341 8301
f 8341 8387 8342
f 8387 8388 8342
f 8342 8388 8343
f 8388 8389 8343
f 8343 8389 8344
f 8389 8390 8344
f 8344 8390 8345
f 8390 8391 8345
f 8345 8391 8346
f 8391 8392 8346
f 8346 8392 8347
f 8392 8393 8347
f 8347 8393 8348
f 8393 8394 8348
f 8348 8394 8309
f 8394 8349 8309
f 8349 8395 8350
f 8395 8396 8350
f 8350 8396 8351
f 8396 8397 8351
f 8351 8397 8352
f 8397 8398 8352
f 8352 8398 8313
f 8398 8353 8313
f 8353 8355 8354
f 8355 7884 8356
f 7884 8399 8356
f 8356 8399 8357
f 8399 8400 8357
f 8357 8400 8358
f 8400 8401 8358
f 8358 8401 8359
f 8401 7879 8359
f 8359 7879 8360
f 7879 8402 8360
f 8360 8402 8361
f 8402 8403 8361
f 8361 8403 8362
f 8403 8404 8362
f 8362 8404 8363
f 8404 8405 8363
f 8363 8405 8364
f 8405 8406 8364
f 8364 8406 8365
f 8406 8407 8365
f 8365 8407 8366
f 8407 8408 8366
f 8366 8408 8367
f 8408 8409 8367
f 8367 8409 8368
f 8409 8410 8368
f 8368 8410 8369
f 8410 8411 8369
f 8369 8411 8370
f 8411 8412 8370
f 8370 8412 8371
f 8412 8413 8371
f 8371 8413 8372
f 8413 8414 8372
f 8372 8414 8373
f 8414 8415 8373
f 8373 8415 8374
f 8415 8416 8374
f 8374 8416 8375
f 8416 7861 8375
f 8375 7861 8376
f 8376 8417 8377
f 8377 8417 8378
f 8417 8418 8378
f 8378 8418 8379
f 8418 8419 8379
f 8379 8419 8380
f 8419 8420 8380
f 8380 8420 8381
f 8420 8421 8381
f 8381 8421 8337
f 8421 8382 8337
f 8382 7853 8383
f 8383 7853 8384
f 7853 8422 8384
f 8384 8422 8385
f 8422 8423 8385
f 8385 8423 8386
f 8423 8424 8386
f 8386 8424 8341
f 8424 8387 8341
f 8387 8425 8388
f 8425 8426 8388
f 8388 8426 8389
f 8426 8427 8389
f 8389 8427 8390
f 8427 8428 8390
f 8390 8428 8391
f 8428 8429 8391
f 8391 8429 8392
f 8429 8430 8392
f 8392 8430 8393
f 8430 8431 8393
f 8393 8431 8394
f 8431 8432 8394
f 8394 8432 8349
f 8432 8395 8349
f 8395 7839 8396
f 7839 8433 8396
f 8396 8433 8397
f 8433 8434 8397
f 8397 8434 8398
f 8434 8435 8398
f 8398 8435 8353
f 8435 8355 8353
f 7885 7884 8355
f 7884 7883 8399
f 7883 7882 8399
f 8399 7882 8400
f 7882 7881 8400
f 8400 7881 8401
f 7881 7880 8401
f 7880 7879 8401
f 7879 7878 8402
f 7878 7877 8402
f 8402 7877 8403
f 7877 7876 8403
f 8403 7876 8404
f 7876 7875 8404
f 7875 7874 8404
f 8404 7874 8405
f 7874 7873 8405
f 8405 7873 8406
f 7873 7872 8406
f 8406 7872 8407
f 7872 7870 8407
f 8407 7870 8408
f 7870 7871 8408
f 8408 7871 8409
f 7871 7869 8409
f 7869 4907 8409
f 8409 4907 8410
f 4907 7868 8410
f 8410 7868 8411
f 7868 7867 8411
f 8411 7867 8412
f 7867 7866 8412
f 8412 7866 8413
f 7866 7865 8413
f 8413 7865 8414
f 7865 7864 8414
f 8414 7864 8415
f 7864 7863 8415
f 8415 7863 8416
f 7863 7862 8416
f 8416 7862 7861
f 7861 7860 8376
f 8376 7860 8417
f 7860 7859 8417
f 8417 7859 8418
f 7859 7858 8418
f 8418 7858 8419
f 7858 7857 8419
f 8419 7857 8420
f 7857 7856 8420
f 8420 7856 8421
f 7856 7855 8421
f 7855 7854 8421
f 8421 7854 8382
f 7854 7853 8382
f 7853 7852 8422
f 7852 7851 8422
f 8422 7851 8423
f 7851 4871 8423
f 8423 4871 8424
f 4871 4870 8424
f 4870 7850 8424
f 8424 7850 8387
f 8387 7850 8425
f 7850 4866 8425
f 8425 4866 8426
f 4866 7849 8426
f 8426 7849 8427
f 7849 7848 8427
f 8427 7848 8428
f 7848 7847 8428
f 8428 7847 8429
f 7847 7846 8429
f 8429 7846 8430
f 7846 7845 8430
f 8430 7845 8431
f 7845 7844 8431
f 8431 7844 8432
f 7844 7840 8432
f 8432 7840 8395
f 7840 7839 8395
f 7839 7843 8433
f 7843 7842 8433
f 8433 7842 8434
f 7842 7841 8434
f 8434 7841 8435
f 7841 7886 8435
f 8435 7886 8355
f 7886 7885 8355
f 4931 8436 4932
f 8436 8437 4932
f 4932 8437 4933
f 4936 4935 8438
f 4935 4934 8438
f 8438 4934 8437
f 4934 4933 8437
f 8438 8439 4936
f 4936 8439 4937
f 8439 8440 4937
f 4941 4939 8441
f 8441 4939 8440
f 4939 4938 8440
f 8440 4938 4937
f 4941 8441 4940
f 8441 8442 4940
f 4940 8442 4944
f 8442 4945 4944
f 8443 4946 4945
f 4946 8443 4947
f 8443 8444 4947
f 4947 8444 4948
f 8445 4949 8444
f 8444 4949 4948
f 4949 8445 4950
f 8445 8446 4950
f 4950 8446 4951
f 8446 4952 4951
f 8447 4953 4952
f 4953 8447 4954
f 4954 8447 4955
f 4955 8448 4956
f 4956 8448 4957
f 4959 4958 8449
f 8449 4958 8448
f 4958 4957 8448
f 4960 4959 8449
f 8449 8450 4960
f 4960 8450 4961
f 8451 4962 8452
f 8452 4962 8450
f 4962 4961 8450
f 4964 4963 8451
f 8451 4963 4962
f 8451 8453 4964
f 4964 8453 4965
f 8454 4967 8455
f 4967 4966 8455
f 8455 4966 8453
f 4966 4965 8453
f 4969 4968 8454
f 8454 4968 4967
f 8454 8456 4969
f 4969 8456 4970
f 8457 4972 8458
f 4972 4971 8458
f 8458 4971 8456
f 4971 4970 8456
f 4974 4973 8457
f 8457 4973 4972
f 4975 4974 8459
f 8459 4974 8457
f 4975 8459 4976
f 8459 8460 4976
f 4976 8460 4977
f 8460 8461 4977
f 4977 8461 4978
f 8462 4980 8463
f 4980 4979 8463
f 8463 4979 8461
f 4979 4978 8461
f 4982 4981 8464
f 8464 4981 8462
f 8462 4981 4980
f 4982 8464 4983
f 8464 8465 4983
f 4983 8465 4984
f 8465 4985 4984
f 8466 4986 4985
f 4986 8466 4987
f 8466 8467 4987
f 4987 8467 4988
f 8467 4989 4988
f 8468 4942 4989
f 4942 8468 4943
f 4943 8468 4990
f 8468 8469 4990
f 4990 8469 4991
f 4993 4992 8470
f 8470 4992 8469
f 4992 4991 8469
f 4994 4993 8470
f 4994 8471 4917
f 4917 8471 4918
f 8471 8472 4918
f 4918 8472 4919
f 4919 8472 4920
f 8472 8473 4920
f 4920 8473 4921
f 4921 8473 4922
f 8473 8474 4922
f 4922 8474 4923
f 4923 8474 4924
f 8474 8475 4924
f 4924 8475 4925
f 4925 8475 4926
f 8475 8476 4926
f 4926 8476 4927
f 8476 8477 4927
f 4927 8477 4928
f 4931 4930 8436
f 4930 4929 8436
f 8436 4929 8477
f 4929 4928 8477
f 5486 8478 5487
f 8478 8479 5487
f 5487 8479 5488
f 8479 8480 5488
f 5488 8480 5489
f 5492 5491 8481
f 8481 5491 8482
f 5491 5490 8482
f 8482 5490 8480
f 5490 5489 8480
f 5492 8481 5493
f 8481 8483 5493
f 5493 8483 5494
f 8484 5496 8485
f 5496 5497 8485
f 5497 5495 8485
f 8485 5495 8483
f 5495 5494 8483
f 5496 8484 5498
f 5498 8484 5499
f 8484 8486 5499
f 8486 8487 5499
f 5499 8487 5500
f 8488 5502 8489
f 5502 5501 8489
f 8489 5501 8487
f 5501 5500 8487
f 5503 5502 8488
f 5504 5503 8488
f 5505 5504 8490
f 5504 8488 8490
f 5505 8490 5506
f 8490 8491 5506
f 5506 8491 5507
f 8492 5508 8491
f 5508 5507 8491
f 5508 8492 5509
f 8492 8493 5509
f 5509 8493 5510
f 8493 8494 5510
f 8494 5511 5510
f 5511 8494 5512
f 8494 8495 5512
f 5512 8495 5513
f 8495 8496 5513
f 5513 8496 5514
f 5514 8496 5515
f 8497 5516 8496
f 5516 5515 8496
f 5516 8497 5517
f 8497 8498 5517
f 5517 8498 5518
f 5518 8498 5519
f 8498 5520 5519
f 8499 5521 5520
f 5521 8499 5522
f 8499 8500 5522
f 5522 8500 5523
f 5523 8500 5525
f 8500 8501 5525
f 5525 8501 5526
f 8502 5528 8501
f 5528 5527 8501
f 8501 5527 5526
f 8503 5530 8502
f 5530 5529 8502
f 5529 5528 8502
f 8504 5531 8503
f 5531 5530 8503
f 5533 5532 8504
f 8504 5532 5531
f 5533 8504 8505
f 5533 8505 5534
f 8505 8506 5534
f 5534 8506 5535
f 8507 5536 8506
f 5536 5535 8506
f 8508 5538 8509
f 5538 5537 8509
f 8509 5537 8507
f 5537 5536 8507
f 5539 5538 8508
f 5539 8508 5540
f 8508 8510 5540
f 5540 8510 5541
f 8510 5542 5541
f 5542 8511 5543
f 8512 5544 8511
f 5544 5543 8511
f 5544 8512 5545
f 5545 8512 5546
f 8512 8513 5546
f 8513 8514 5546
f 5546 8514 5547
f 8515 5548 8514
f 8514 5548 5547
f 5548 8515 5303
f 5303 8515 5304
f 8515 8516 5304
f 5304 8516 5474
f 8516 8517 5474
f 5474 8517 5475
f 5478 5477 8518
f 5477 5476 8518
f 8518 5476 8517
f 5476 5475 8517
f 8518 8519 5478
f 5478 8519 5479
f 8519 5480 5479
f 8520 5481 5480
f 5481 8520 5482
f 8520 8521 5482
f 5482 8521 5483
f 5486 5485 8478
f 8478 5485 8521
f 5485 5484 8521
f 8521 5484 5483
f 7219 8522 8523
f 8522 8524 8523
f 8524 8525 8523
f 8525 8526 8527
f 8528 8527 8526
f 8529 8530 8528
f 8531 8530 8529
f 8532 8533 8534
f 8533 8535 8534
f 8536 8537 8538
f 8537 8536 8539
f 8539 8540 8541
f 8542 8543 8544
f 8544 8545 8546
f 8546 8545 8547
f 8548 8549 8545
f 8549 8547 8545
f 7215 8550 7216
f 894 8551 895
f 897 895 8551
f 833 8552 834
f 8552 8553 834
f 834 8553 835
f 8553 8554 835
f 835 8554 836
f 837 836 8554
f 841 8555 842
f 8555 843 842
f 843 8556 844
f 8556 846 844
f 8557 849 848
f 852 849 8557
f 8558 853 852
f 853 8558 850
f 8558 8559 850
f 850 8559 851
f 939 854 8560
f 884 936 8561
f 8562 8563 8500
f 8500 8563 8501
f 8563 8564 8501
f 8501 8564 8502
f 8564 8503 8502
f 8503 8565 8504
f 8504 8565 8505
f 8565 8566 8505
f 8505 8566 8506
f 8566 8567 8506
f 8506 8567 8507
f 8567 8568 8507
f 8507 8568 8509
f 8568 8569 8509
f 8509 8569 8508
f 8569 8570 8508
f 8570 8571 8508
f 8508 8571 8510
f 8571 8572 8510
f 8510 8572 5542
f 5542 8572 8511
f 8572 8573 8511
f 8511 8573 8512
f 8573 8513 8512
f 8514 8574 8515
f 8574 8575 8515
f 8515 8575 8516
f 8575 8576 8516
f 8516 8576 8517
f 8576 8577 8517
f 8517 8577 8518
f 8577 8578 8518
f 8518 8578 8519
f 8578 8579 8519
f 8519 8579 5480
f 5480 8579 8520
f 8579 8580 8520
f 8520 8580 8521
f 8580 8581 8521
f 8521 8581 8478
f 8581 8582 8478
f 8582 8479 8478
f 8479 8583 8480
f 8583 8482 8480
f 8482 8584 8481
f 8481 8584 8483
f 8584 8585 8483
f 8483 8585 8485
f 8585 8586 8485
f 8485 8586 8484
f 8586 8486 8484
f 8486 8587 8487
f 8487 8587 8489
f 8587 8588 8489
f 8489 8588 8488
f 8588 8589 8488
f 8488 8589 8490
f 8589 8590 8490
f 8490 8590 8491
f 8590 8591 8491
f 8591 8592 8491
f 8491 8592 8492
f 8492 8592 8493
f 8592 8593 8493
f 8493 8593 8494
f 8593 8594 8494
f 8594 8595 8494
f 8494 8595 8495
f 8595 8596 8495
f 8495 8596 8496
f 8596 8597 8496
f 8496 8597 8497
f 8597 8598 8497
f 8497 8598 8498
f 8598 8599 8498
f 8498 8599 5520
f 8599 8499 5520
f 8499 8562 8500
f 8562 8600 8563
f 8600 8601 8563
f 8563 8601 8564
f 8601 8602 8564
f 8564 8602 8503
f 8602 8603 8503
f 8503 8603 8565
f 8603 8604 8565
f 8565 8604 8566
f 8604 8605 8566
f 8566 8605 8567
f 8605 8606 8567
f 8567 8606 8568
f 8606 8607 8568
f 8568 8607 8569
f 8607 8608 8569
f 8569 8608 8570
f 8608 8609 8570
f 8570 8609 8571
f 8609 8610 8571
f 8571 8610 8572
f 8610 8611 8572
f 8572 8611 8573
f 8573 8612 8513
f 8513 8612 8514
f 8612 8613 8514
f 8514 8613 8574
f 8613 8614 8574
f 8574 8614 8575
f 8614 8615 8575
f 8575 8615 8576
f 8615 8616 8576
f 8576 8616 8577
f 8616 8617 8577
f 8577 8617 8578
f 8617 8618 8578
f 8578 8618 8579
f 8618 8619 8579
f 8579 8619 8580
f 8619 8620 8580
f 8580 8620 8581
f 8620 8621 8581
f 8581 8621 8582
f 8582 8622 8479
f 8479 8622 8583
f 8622 8623 8583
f 8583 8623 8482
f 8482 8623 8584
f 8623 8624 8584
f 8584 8624 8585
f 8624 8625 8585
f 8585 8625 8586
f 8625 8626 8586
f 8586 8626 8486
f 8626 8627 8486
f 8486 8627 8587
f 8627 8628 8587
f 8587 8628 8588
f 8628 8629 8588
f 8588 8629 8589
f 8629 8630 8589
f 8589 8630 8590
f 8630 8631 8590
f 8590 8631 8591
f 8631 8632 8591
f 8591 8632 8592
f 8632 8633 8592
f 8592 8633 8593
f 8633 8634 8593
f 8593 8634 8594
f 8634 8635 8594
f 8594 8635 8595
f 8635 8636 8595
f 8595 8636 8596
f 8636 8637 8596
f 8596 8637 8597
f 8637 8638 8597
f 8597 8638 8598
f 8638 8639 8598
f 8598 8639 8599
f 8639 8640 8599
f 8599 8640 8499
f 8640 8641 8499
f 8499 8641 8562
f 8641 8600 8562
f 8641 8642 8600
f 8642 8643 8600
f 8600 8643 8601
f 8643 8644 8601
f 8601 8644 8602
f 8644 8645 8602
f 8602 8645 8603
f 8645 8646 8603
f 8603 8646 8604
f 8646 8647 8604
f 8604 8647 8605
f 8647 8648 8605
f 8605 8648 8606
f 8648 8649 8606
f 8606 8649 8607
f 8649 8650 8607
f 8607 8650 8608
f 8650 8651 8608
f 8608 8651 8609
f 8651 8652 8609
f 8609 8652 8610
f 8652 8653 8610
f 8610 8653 8611
f 8653 8654 8611
f 8611 8654 8573
f 8654 8655 8573
f 8573 8655 8612
f 8655 8656 8612
f 8612 8656 8613
f 8656 8657 8613
f 8613 8657 8614
f 8657 8658 8614
f 8614 8658 8615
f 8658 8659 8615
f 8615 8659 8616
f 8659 8660 8616
f 8616 8660 8617
f 8660 8661 8617
f 8617 8661 8618
f 8661 8662 8618
f 8662 8663 8618
f 8618 8663 8619
f 8663 8664 8619
f 8619 8664 8620
f 8664 8665 8620
f 8620 8665 8621
f 8665 8666 8621
f 8621 8666 8582
f 8666 8667 8582
f 8582 8667 8622
f 8667 8668 8622
f 8622 8668 8623
f 8668 8669 8623
f 8623 8669 8624
f 8669 8670 8624
f 8624 8670 8625
f 8670 8671 8625
f 8625 8671 8626
f 8671 8672 8626
f 8626 8672 8627
f 8672 8673 8627
f 8627 8673 8628
f 8673 8674 8628
f 8628 8674 8629
f 8674 8675 8629
f 8629 8675 8630
f 8675 8676 8630
f 8630 8676 8631
f 8676 8677 8631
f 8631 8677 8632
f 8677 8678 8632
f 8632 8678 8633
f 8678 8679 8633
f 8679 8680 8633
f 8633 8680 8634
f 8680 8681 8634
f 8634 8681 8635
f 8681 8682 8635
f 8635 8682 8636
f 8682 8683 8636
f 8636 8683 8637
f 8683 8684 8637
f 8637 8684 8638
f 8684 8685 8638
f 8638 8685 8639
f 8685 8686 8639
f 8639 8686 8640
f 8686 8687 8640
f 8640 8687 8641
f 8687 8642 8641
f 8687 8688 8642
f 8688 8689 8642
f 8642 8689 8643
f 8689 8690 8643
f 8643 8690 8644
f 8690 8691 8644
f 8644 8691 8645
f 8691 8692 8645
f 8645 8692 8646
f 8692 8693 8646
f 8646 8693 8647
f 8693 8694 8647
f 8647 8694 8648
f 8694 8695 8648
f 8648 8695 8649
f 8695 8696 8649
f 8649 8696 8650
f 8696 8697 8650
f 8650 8697 8651
f 8697 8698 8651
f 8651 8698 8652
f 8698 8699 8652
f 8652 8699 8653
f 8699 8700 8653
f 8653 8700 8654
f 8700 8701 8654
f 8654 8701 8655
f 8701 8702 8655
f 8655 8702 8656
f 8702 8703 8656
f 8656 8703 8657
f 8703 8704 8657
f 8657 8704 8658
f 8704 8705 8658
f 8658 8705 8659
f 8705 8706 8659
f 8659 8706 8660
f 8706 8707 8660
f 8660 8707 8661
f 8707 8708 8661
f 8661 8708 8662
f 8662 8709 8663
f 8663 8709 8664
f 8709 8710 8664
f 8664 8710 8665
f 8710 8711 8665
f 8665 8711 8666
f 8711 8712 8666
f 8666 8712 8667
f 8712 8713 8667
f 8667 8713 8668
f 8713 8714 8668
f 8668 8714 8669
f 8714 8715 8669
f 8669 8715 8670
f 8715 8716 8670
f 8670 8716 8671
f 8716 8717 8671
f 8671 8717 8672
f 8717 8718 8672
f 8672 8718 8673
f 8718 8719 8673
f 8673 8719 8674
f 8719 8720 8674
f 8674 8720 8675
f 8720 8721 8675
f 8675 8721 8676
f 8721 8722 8676
f 8676 8722 8677
f 8722 8723 8677
f 8677 8723 8678
f 8723 8724 8678
f 8678 8724 8679
f 8679 8725 8680
f 8680 8725 8681
f 8725 8726 8681
f 8681 8726 8682
f 8726 8727 8682
f 8682 8727 8683
f 8727 8728 8683
f 8683 8728 8684
f 8728 8729 8684
f 8684 8729 8685
f 8729 8730 8685
f 8685 8730 8686
f 8730 8731 8686
f 8686 8731 8687
f 8731 8688 8687
f 8688 8732 8689
f 8689 8733 8690
f 8690 8733 8691
f 8733 8734 8691
f 8691 8734 8692
f 8734 8735 8692
f 8692 8735 8693
f 8693 8736 8694
f 8694 8736 8695
f 8736 8737 8695
f 8695 8737 8696
f 8737 8738 8696
f 8696 8738 8697
f 8738 8739 8697
f 8697 8739 8698
f 8739 8740 8698
f 8698 8740 8699
f 8740 8741 8699
f 8699 8741 8700
f 8741 8742 8700
f 8742 8743 8700
f 8700 8743 8701
f 8743 8744 8701
f 8701 8744 8702
f 8744 8745 8702
f 8702 8745 8703
f 8745 8746 8703
f 8703 8746 8704
f 8704 8747 8705
f 8705 8747 8706
f 8706 8748 8707
f 8707 8748 8708
f 8748 8749 8708
f 8708 8749 8662
f 8749 8709 8662
f 8709 8551 8710
f 8551 8750 8710
f 8710 8750 8711
f 8711 8751 8712
f 8712 8751 8713
f 8751 8752 8713
f 8713 8752 8714
f 8752 8753 8714
f 8714 8753 8715
f 8753 8754 8715
f 8715 8754 8716
f 8754 8755 8716
f 8716 8755 8717
f 8755 8756 8717
f 8717 8756 8718
f 8756 8757 8718
f 8718 8757 8719
f 8757 8758 8719
f 8719 8758 8720
f 8758 8759 8720
f 8759 8760 8720
f 8720 8760 8721
f 8760 8761 8721
f 8721 8761 8722
f 8761 8762 8722
f 8722 8762 8723
f 8762 8763 8723
f 8723 8763 8724
f 8763 8764 8724
f 8724 8764 8679
f 8679 8764 8725
f 8725 8765 8726
f 8726 8765 8727
f 8727 8766 8728
f 8728 8766 8729
f 8731 8767 8688
f 8767 8732 8688
f 8767 8543 8732
f 8543 8768 8732
f 8768 8769 8732
f 8732 8769 8689
f 8769 8770 8689
f 8689 8770 8733
f 8770 8771 8733
f 8771 8772 8733
f 8733 8772 8734
f 8772 8773 8734
f 8734 8773 8735
f 8773 8774 8735
f 8735 8774 8693
f 8774 8775 8693
f 8693 8775 8736
f 8775 8776 8736
f 8736 8776 8737
f 8776 8777 8737
f 8777 8778 8737
f 8737 8778 8738
f 8778 8779 8738
f 8738 8779 8739
f 8779 8780 8739
f 8739 8780 8740
f 8780 8781 8740
f 8740 8781 8741
f 8781 8742 8741
f 8742 8782 8743
f 8782 8783 8743
f 8743 8783 8744
f 8783 8784 8744
f 8744 8784 8745
f 8784 8746 8745
f 8746 904 8704
f 904 903 8704
f 8704 903 8747
f 903 902 8747
f 902 901 8747
f 8747 901 8706
f 901 900 8706
f 8706 900 8748
f 900 899 8748
f 899 898 8748
f 8748 898 8749
f 898 897 8749
f 8749 897 8709
f 897 8551 8709
f 8551 894 8750
f 894 893 8750
f 893 892 8750
f 8750 892 8711
f 892 891 8711
f 8711 891 8751
f 891 890 8751
f 890 889 8751
f 8751 889 8752
f 889 888 8752
f 8752 888 8753
f 888 887 8753
f 887 885 8753
f 8753 885 8754
f 885 884 8754
f 884 8561 8754
f 8754 8561 8755
f 8561 8785 8755
f 8755 8785 8756
f 8785 8786 8756
f 8756 8786 8757
f 8786 8787 8757
f 8757 8787 8758
f 8787 8759 8758
f 8759 8788 8760
f 8760 8788 8761
f 8788 8789 8761
f 8761 8789 8762
f 8789 8790 8762
f 8790 8791 8762
f 8762 8791 8763
f 8791 8792 8763
f 8763 8792 8764
f 8792 8793 8764
f 8793 8794 8764
f 8764 8794 8725
f 8794 8795 8725
f 8725 8795 8765
f 8795 8796 8765
f 8796 8797 8765
f 8765 8797 8727
f 8797 8798 8727
f 8727 8798 8766
f 8798 8799 8766
f 8799 8800 8766
f 8766 8800 8729
f 8800 8548 8729
f 8729 8548 8730
f 8548 8545 8730
f 8730 8545 8731
f 8545 8544 8731
f 8731 8544 8767
f 8544 8543 8767
f 8561 8801 8785
f 8785 8802 8786
f 8802 8803 8786
f 8786 8803 8787
f 8803 8804 8787
f 8804 8805 8787
f 8787 8805 8759
f 8805 8806 8759
f 8759 8806 8788
f 8806 8807 8788
f 8807 8808 8788
f 8788 8808 8789
f 8808 8809 8789
f 8809 8790 8789
f 8790 8810 8791
f 8810 8811 8791
f 8791 8811 8792
f 8811 8550 8792
f 8792 8550 8793
f 8550 7215 8793
f 8793 7215 8794
f 8812 8813 8775
f 8775 8813 8776
f 8813 8814 8776
f 8814 8777 8776
f 8777 8815 8778
f 8815 8816 8778
f 8778 8816 8779
f 8816 8817 8779
f 8817 8780 8779
f 8780 8818 8781
f 8818 8819 8781
f 8781 8819 8742
f 8819 8782 8742
f 8782 8820 8783
f 8820 8821 8783
f 8783 8821 8784
f 8821 8822 8784
f 8784 8822 8746
f 8822 8823 8746
f 8823 904 8746
f 936 935 8561
f 935 8801 8561
f 8801 8824 8785
f 8824 8802 8785
f 8802 8825 8803
f 8825 8804 8803
f 8805 8826 8806
f 8826 8807 8806
f 8807 8827 8808
f 8827 8828 8808
f 8808 8828 8809
f 8809 8810 8790
f 8810 8829 8811
f 8829 8830 8811
f 8811 8830 8550
f 8830 7217 8550
f 7217 7216 8550
f 8831 8832 8812
f 8812 8832 8813
f 8813 8832 8814
f 8832 8833 8814
f 8814 8833 8777
f 8833 8815 8777
f 8815 8834 8816
f 8834 8817 8816
f 8817 8818 8780
f 8818 8835 8819
f 8835 8836 8819
f 8819 8836 8782
f 8836 8820 8782
f 8820 8837 8821
f 8837 8838 8821
f 8821 8838 8822
f 8838 8839 8822
f 8839 8840 8822
f 8822 8840 8823
f 934 8841 935
f 935 8841 8801
f 8841 8842 8801
f 8842 8824 8801
f 8824 8843 8802
f 8843 8825 8802
f 8825 8844 8804
f 8804 8844 8805
f 8844 8826 8805
f 8826 8845 8807
f 8807 8845 8827
f 8845 8828 8827
f 8828 8846 8809
f 8809 8846 8810
f 8846 8829 8810
f 8829 8847 8830
f 8847 8848 8830
f 8830 8848 7217
f 8848 7229 7217
f 8849 8850 8831
f 8831 8850 8832
f 8850 8851 8832
f 8851 8833 8832
f 8833 8852 8815
f 8852 8834 8815
f 8834 8853 8817
f 8853 8854 8817
f 8817 8854 8818
f 8854 8835 8818
f 8836 8855 8820
f 8855 8837 8820
f 8837 8856 8838
f 8856 8839 8838
f 8839 8857 8840
f 934 939 8841
f 939 8858 8841
f 8841 8858 8842
f 8858 8859 8842
f 8842 8859 8824
f 8859 8843 8824
f 8843 8860 8825
f 8860 8861 8825
f 8825 8861 8844
f 8861 8862 8844
f 8844 8862 8826
f 8862 8863 8826
f 8826 8863 8845
f 8863 8864 8845
f 8845 8864 8828
f 8864 8865 8828
f 8828 8865 8846
f 8865 8866 8846
f 8866 8867 8846
f 8846 8867 8829
f 8867 8847 8829
f 8847 7218 8848
f 7218 7229 8848
f 8849 8868 8850
f 8868 8869 8850
f 8850 8869 8851
f 8869 8870 8851
f 8851 8870 8833
f 8870 8852 8833
f 8852 8853 8834
f 8853 8871 8854
f 8871 8872 8854
f 8854 8872 8835
f 8835 8873 8836
f 8836 8873 8855
f 8873 8874 8855
f 8855 8874 8837
f 8874 8856 8837
f 8856 8875 8839
f 8875 8876 8839
f 8876 8857 8839
f 939 8560 8858
f 8560 8877 8858
f 8858 8877 8859
f 8877 8878 8859
f 8859 8878 8843
f 8878 8860 8843
f 8860 8879 8861
f 8879 8880 8861
f 8861 8880 8862
f 8880 8881 8862
f 8862 8881 8863
f 8881 8882 8863
f 8863 8882 8864
f 8882 8883 8864
f 8864 8883 8865
f 8883 8866 8865
f 8866 8884 8867
f 8867 8884 8847
f 8884 7219 8847
f 8847 7219 7218
f 8885 8886 8868
f 8868 8886 8869
f 8886 8887 8869
f 8869 8887 8870
f 8870 8888 8852
f 8852 8888 8853
f 8888 8889 8853
f 8853 8889 8871
f 8889 8890 8871
f 8871 8890 8872
f 8890 8891 8872
f 8872 8891 8835
f 8835 8891 8873
f 8891 8892 8873
f 8873 8892 8874
f 8892 8893 8874
f 8874 8893 8856
f 8893 8875 8856
f 8875 833 8876
f 833 8894 8876
f 851 8559 854
f 8559 8895 854
f 854 8895 8560
f 8895 8896 8560
f 8896 8897 8560
f 8560 8897 8877
f 8897 8898 8877
f 8877 8898 8878
f 8898 8899 8878
f 8878 8899 8860
f 8899 8879 8860
f 8879 8900 8880
f 8880 8901 8881
f 8881 8901 8882
f 8901 8902 8882
f 8882 8902 8883
f 8902 8903 8883
f 8883 8903 8866
f 8903 8904 8866
f 8866 8904 8884
f 8904 8905 8884
f 8905 8522 8884
f 8884 8522 7219
f 8541 8540 8885
f 8540 8906 8885
f 8885 8906 8886
f 8906 8907 8886
f 8907 8908 8886
f 8886 8908 8887
f 8908 8909 8887
f 8887 8909 8870
f 8909 8910 8870
f 8870 8910 8888
f 8910 8911 8888
f 8888 8911 8889
f 8911 8912 8889
f 8889 8912 8890
f 8912 8913 8890
f 8890 8913 8891
f 8913 8914 8891
f 8891 8914 8892
f 8914 8915 8892
f 8892 8915 8893
f 8915 8916 8893
f 8893 8916 8875
f 8916 8552 8875
f 8875 8552 833
f 8533 8917 8535
f 8535 8917 8918
f 8917 8919 8918
f 8918 8919 8920
f 8919 8921 8920
f 8920 8921 8922
f 8922 8921 8538
f 8921 8536 8538
f 8536 8923 8539
f 8539 8923 8540
f 8923 8906 8540
f 8907 8924 8908
f 8908 8924 8909
f 8924 8925 8909
f 8909 8925 8910
f 8925 8926 8910
f 8910 8926 8911
f 8926 8927 8911
f 8911 8927 8912
f 8927 8928 8912
f 8912 8928 8913
f 8928 8929 8913
f 8913 8929 8914
f 8929 8930 8914
f 8914 8930 8915
f 8930 8931 8915
f 8915 8931 8916
f 8916 8932 8552
f 8552 8932 8553
f 8932 8933 8553
f 8553 8933 8554
f 8933 8934 8554
f 8554 8934 837
f 837 8934 838
f 8934 8935 838
f 838 8935 839
f 8935 8936 839
f 839 8936 840
f 840 8936 841
f 8936 8555 841
f 8555 8937 843
f 8937 8556 843
f 8556 8938 846
f 846 8938 847
f 8938 8939 847
f 847 8939 848
f 8939 8557 848
f 8557 8940 852
f 852 8940 8558
f 8940 8941 8558
f 8558 8941 8559
f 8941 8942 8559
f 8559 8942 8895
f 8942 8943 8895
f 8895 8943 8896
f 8896 8944 8897
f 8897 8944 8898
f 8944 8945 8898
f 8898 8945 8899
f 8945 8946 8899
f 8899 8946 8879
f 8946 8900 8879
f 8900 8947 8880
f 8880 8947 8901
f 8947 8948 8901
f 8901 8948 8902
f 8948 8949 8902
f 8902 8949 8903
f 8949 8950 8903
f 8903 8950 8904
f 8950 8905 8904
f 8905 8524 8522
f 8524 8526 8525
f 8526 8951 8528
f 8528 8951 8529
f 8951 8952 8529
f 8529 8952 8531
f 8531 8952 8953
f 8952 8954 8953
f 8953 8954 8955
f 8955 8954 8956
f 8954 8957 8956
f 8956 8957 8532
f 8957 8533 8532
f 8957 8958 8533
f 8533 8958 8917
f 8958 8959 8917
f 8917 8959 8919
f 8959 8960 8919
f 8919 8960 8921
f 8960 8961 8921
f 8921 8961 8536
f 8961 8962 8536
f 8536 8962 8923
f 8962 8963 8923
f 8923 8963 8906
f 8963 8964 8906
f 8906 8964 8907
f 8964 8965 8907
f 8907 8965 8924
f 8965 8966 8924
f 8924 8966 8925
f 8966 8967 8925
f 8925 8967 8926
f 8967 8968 8926
f 8926 8968 8927
f 8968 8969 8927
f 8927 8969 8928
f 8969 8970 8928
f 8928 8970 8929
f 8970 8971 8929
f 8929 8971 8930
f 8971 8972 8930
f 8930 8972 8931
f 8972 8973 8931
f 8931 8973 8916
f 8973 8974 8916
f 8916 8974 8932
f 8974 8975 8932
f 8932 8975 8933
f 8975 8976 8933
f 8933 8976 8934
f 8976 8977 8934
f 8934 8977 8935
f 8977 8978 8935
f 8935 8978 8936
f 8978 8979 8936
f 8936 8979 8555
f 8979 8937 8555
f 8937 8980 8556
f 8556 8980 8938
f 8980 8981 8938
f 8938 8981 8939
f 8981 8982 8939
f 8939 8982 8557
f 8557 8982 8940
f 8982 8983 8940
f 8940 8983 8941
f 8983 8984 8941
f 8941 8984 8942
f 8984 8985 8942
f 8942 8985 8943
f 8985 8986 8943
f 8943 8986 8896
f 8896 8986 8944
f 8986 8987 8944
f 8944 8987 8945
f 8987 8988 8945
f 8945 8988 8946
f 8988 8989 8946
f 8946 8989 8900
f 8900 8989 8947
f 8989 8990 8947
f 8947 8990 8948
f 8990 8991 8948
f 8948 8991 8949
f 8991 8992 8949
f 8949 8992 8950
f 8992 8993 8950
f 8950 8993 8905
f 8993 8994 8905
f 8905 8994 8524
f 8994 8995 8524
f 8524 8995 8526
f 8995 8996 8526
f 8526 8996 8951
f 8996 8997 8951
f 8951 8997 8952
f 8997 8998 8952
f 8952 8998 8954
f 8998 8999 8954
f 8954 8999 8957
f 8999 8958 8957
f 8999 9000 8958
f 9000 9001 8958
f 8958 9001 8959
f 9001 9002 8959
f 8959 9002 8960
f 9002 9003 8960
f 8960 9003 8961
f 9003 9004 8961
f 8961 9004 8962
f 9004 9005 8962
f 8962 9005 8963
f 9005 9006 8963
f 8963 9006 8964
f 9006 9007 8964
f 8964 9007 8965
f 9007 9008 8965
f 8965 9008 8966
f 9008 9009 8966
f 8966 9009 8967
f 9009 9010 8967
f 8967 9010 8968
f 9010 9011 8968
f 8968 9011 8969
f 9011 9012 8969
f 8969 9012 8970
f 9012 9013 8970
f 8970 9013 8971
f 9013 9014 8971
f 8971 9014 8972
f 9014 9015 8972
f 8972 9015 8973
f 9015 9016 8973
f 8973 9016 8974
f 9016 9017 8974
f 8974 9017 8975
f 9017 9018 8975
f 8975 9018 8976
f 9018 9019 8976
f 8976 9019 8977
f 9019 9020 8977
f 8977 9020 8978
f 9020 9021 8978
f 8978 9021 8979
f 9021 9022 8979
f 8979 9022 8937
f 9022 9023 8937
f 8937 9023 8980
f 9023 9024 8980
f 8980 9024 8981
f 9024 9025 8981
f 8981 9025 8982
f 9025 9026 8982
f 8982 9026 8983
f 9026 9027 8983
f 8983 9027 8984
f 9027 9028 8984
f 8984 9028 8985
f 9028 9029 8985
f 8985 9029 8986
f 9029 9030 8986
f 8986 9030 8987
f 9030 9031 8987
f 8987 9031 8988
f 9031 9032 8988
f 8988 9032 8989
f 9032 9033 8989
f 8989 9033 8990
f 9033 9034 8990
f 8990 9034 8991
f 9034 9035 8991
f 8991 9035 8992
f 9035 9036 8992
f 8992 9036 8993
f 9036 9037 8993
f 8993 9037 8994
f 9037 9038 8994
f 8994 9038 8995
f 9038 9039 8995
f 8995 9039 8996
f 9039 9040 8996
f 8996 9040 8997
f 9040 9041 8997
f 8997 9041 8998
f 9041 9042 8998
f 8998 9042 8999
f 9042 9000 8999
f 9000 9043 9001
f 9043 9044 9001
f 9001 9044 9002
f 9044 9045 9002
f 9002 9045 9003
f 9045 8452 9003
f 9003 8452 9004
f 8452 9046 9004
f 9004 9046 9005
f 9046 9047 9005
f 9005 9047 9006
f 9047 9048 9006
f 9006 9048 9007
f 9048 9049 9007
f 9007 9049 9008
f 9049 9050 9008
f 9008 9050 9009
f 9050 9051 9009
f 9009 9051 9010
f 9051 9052 9010
f 9010 9052 9011
f 9052 9053 9011
f 9011 9053 9012
f 9053 9054 9012
f 9012 9054 9013
f 9054 9055 9013
f 9013 9055 9014
f 9055 9056 9014
f 9014 9056 9015
f 9056 9057 9015
f 9015 9057 9016
f 9057 9058 9016
f 9016 9058 9017
f 9058 9059 9017
f 9017 9059 9018
f 9059 9060 9018
f 9018 9060 9019
f 9060 9061 9019
f 9019 9061 9020
f 9061 8437 9020
f 9020 8437 9021
f 9021 9062 9022
f 9022 9062 9023
f 9062 8476 9023
f 9023 8476 9024
f 8476 9063 9024
f 9024 9063 9025
f 9063 9064 9025
f 9025 9064 9026
f 9064 9065 9026
f 9026 9065 9027
f 9065 9066 9027
f 9027 9066 9028
f 9066 9067 9028
f 9028 9067 9029
f 9067 9068 9029
f 9029 9068 9030
f 9068 9069 9030
f 9030 9069 9031
f 9069 9070 9031
f 9031 9070 9032
f 9070 9071 9032
f 9032 9071 9033
f 9071 9072 9033
f 9033 9072 9034
f 9072 9073 9034
f 9034 9073 9035
f 9073 9074 9035
f 9035 9074 9036
f 9074 9075 9036
f 9036 9075 9037
f 9075 9076 9037
f 9037 9076 9038
f 9076 9077 9038
f 9038 9077 9039
f 9077 9078 9039
f 9039 9078 9040
f 9078 8460 9040
f 8460 8459 9040
f 9040 8459 9041
f 8459 9079 9041
f 9041 9079 9042
f 9079 9080 9042
f 9042 9080 9000
f 9080 9043 9000
f 9080 8456 9043
f 8456 8454 9043
f 8454 8455 9043
f 9043 8455 9044
f 8455 8453 9044
f 9044 8453 9045
f 8453 8451 9045
f 8451 8452 9045
f 8452 8450 9046
f 8450 8449 9046
f 9046 8449 9047
f 9047 8449 9048
f 8449 8448 9048
f 9048 8448 9049
f 8448 4955 9049
f 9049 4955 9050
f 4955 8447 9050
f 9050 8447 9051
f 8447 4952 9051
f 9051 4952 9052
f 4952 8446 9052
f 9052 8446 9053
f 8446 8445 9053
f 9053 8445 9054
f 8445 8444 9054
f 9054 8444 9055
f 8444 8443 9055
f 9055 8443 9056
f 8443 4945 9056
f 4945 8442 9056
f 9056 8442 9057
f 8442 8441 9057
f 9057 8441 9058
f 8441 8440 9058
f 9058 8440 9059
f 8440 8439 9059
f 9059 8439 9060
f 8439 8438 9060
f 9060 8438 9061
f 8438 8437 9061
f 8437 8436 9021
f 9021 8436 9062
f 8436 8477 9062
f 8477 8476 9062
f 8476 8475 9063
f 8475 8474 9063
f 9063 8474 9064
f 8474 8473 9064
f 9064 8473 9065
f 8473 8472 9065
f 9065 8472 9066
f 8472 8471 9066
f 9066 8471 9067
f 8471 4994 9067
f 9067 4994 9068
f 4994 8470 9068
f 9068 8470 9069
f 8470 8469 9069
f 9069 8469 9070
f 8469 8468 9070
f 9070 8468 9071
f 8468 4989 9071
f 9071 4989 9072
f 4989 8467 9072
f 9072 8467 9073
f 8467 8466 9073
f 8466 4985 9073
f 9073 4985 9074
f 4985 8465 9074
f 9074 8465 9075
f 8465 8464 9075
f 9075 8464 9076
f 8464 8462 9076
f 9076 8462 9077
f 8462 8463 9077
f 9077 8463 9078
f 8463 8461 9078
f 8461 8460 9078
f 8459 8457 9079
f 8457 8458 9079
f 9079 8458 9080
f 8458 8456 9080
f 6031 6030 9081
f 6031 9081 9082
f 9083 9084 9085
f 9086 9087 6031
f 9082 9088 6031
f 9088 9089 6031
f 9089 9090 6031
f 6031 9090 9091
f 6031 9091 9086
f 9087 9092 6031
f 9093 9094 9085
f 9085 9094 9083
f 9084 9095 9085
f 9095 9096 9085
f 9096 9097 9085
f 9098 9099 9085
f 9097 9100 9085
f 9085 9100 9101
f 9085 9101 9098
f 9085 9099 9102
f 9103 3909 3911
f 9103 3911 3913
f 3913 3915 9103
f 3917 3919 9103
f 3915 3914 9103
f 3914 4301 9103
f 4301 3918 9103
f 9103 3918 3917
f 3919 3921 9103
f 3922 3924 6032
f 6032 3924 3925
f 3925 4304 6032
f 4304 3928 6032
f 3928 3927 6032
f 3930 3932 6032
f 3927 3929 6032
f 6032 3929 4307
f 6032 4307 3930
f 6032 3932 3934
f 9092 9093 6031
f 9093 9085 6031
f 6031 9085 6036
f 9085 9104 6036
f 6036 9104 6035
f 9104 9105 6035
f 6035 9105 6034
f 9105 9106 6034
f 6034 9106 6032
f 9106 9103 6032
f 6032 9103 3922
f 9103 3921 3922
f 5470 9107 9108
f 5443 5442 9109
f 5449 5448 9110
f 5005 5004 9111
f 5021 5020 9112
f 5018 9113 9114
f 5016 5015 9115
f 9115 9116 5016
f 5016 9116 5017
f 9113 5018 9116
f 5018 5017 9116
f 5022 5019 9114
f 9114 5019 5018
f 9114 9117 5022
f 9117 9118 5022
f 5022 9118 5023
f 9118 5024 5023
f 9118 9119 5024
f 9120 5025 9119
f 5025 5024 9119
f 5025 9120 5026
f 9112 5020 9120
f 5020 5026 9120
f 5021 9112 5027
f 9112 9121 5027
f 5028 5027 9121
f 5028 9122 5029
f 9123 5031 9122
f 5031 5030 9122
f 9122 5030 5029
f 5031 9123 5032
f 9123 9124 5032
f 5032 9124 5033
f 5034 5033 9124
f 5035 5034 5036
f 5036 9125 5037
f 5037 9125 5038
f 9126 5039 9125
f 5039 5038 9125
f 5039 9126 5040
f 5040 9127 5041
f 5042 9128 5043
f 5042 5041 9127
f 9129 5044 9128
f 5044 5043 9128
f 5044 9129 5045
f 9129 9130 5045
f 5045 9130 5046
f 9131 9132 5049
f 5049 5048 9131
f 5048 5047 9131
f 9131 5047 9130
f 5047 5046 9130
f 5050 5049 9132
f 5050 9132 5051
f 9132 9133 5051
f 5051 9133 5052
f 9133 9134 5052
f 5052 9134 5053
f 9135 5054 9134
f 5054 5053 9134
f 9136 5058 5057
f 9136 5057 9135
f 5057 5056 9135
f 5056 5055 9135
f 9135 5055 5054
f 5058 9136 5059
f 9136 9137 5059
f 5062 5061 9138
f 9138 5061 9137
f 5061 5060 9137
f 9137 5060 5059
f 5062 9138 5063
f 9138 9139 5063
f 5063 9139 5064
f 9140 5065 9139
f 5065 5064 9139
f 5068 5067 9141
f 9141 5067 9140
f 5067 5066 9140
f 9140 5066 5065
f 5069 9142 5070
f 5069 5068 9141
f 5071 5070 9142
f 5071 9142 5072
f 5072 9143 5073
f 5075 5074 9144
f 9144 5074 9143
f 5074 5073 9143
f 5075 9144 5076
f 9144 9145 5076
f 5076 9145 5077
f 5079 5078 9146
f 9146 5078 9145
f 5078 5077 9145
f 5079 9146 4588
f 9146 9147 4588
f 4588 9147 4589
f 9148 4998 4997
f 9148 4997 9147
f 4997 4589 9147
f 4998 9148 4999
f 9148 9149 4999
f 5000 4999 9149
f 5000 9150 5001
f 9151 5002 9150
f 5002 5001 9150
f 5002 9151 5003
f 9111 5004 9151
f 5004 5003 9151
f 5005 9111 5006
f 9111 9152 5006
f 9153 5007 9152
f 5007 5006 9152
f 9154 5009 9153
f 5009 5008 9153
f 9153 5008 5007
f 9155 5011 9156
f 9156 5011 9154
f 5011 5010 9154
f 9154 5010 5009
f 9157 5013 9155
f 5013 5012 9155
f 9155 5012 5011
f 5015 4996 9115
f 9115 4996 9158
f 4996 4995 9158
f 9158 4995 9157
f 4995 5014 9157
f 9157 5014 5013
f 5413 9159 5414
f 9159 9160 5414
f 5417 5416 9161
f 9161 5416 9160
f 5416 5415 9160
f 9160 5415 5414
f 5417 9161 5418
f 9161 9162 5418
f 5418 9162 5419
f 5422 5421 9163
f 5421 5420 9163
f 9163 5420 9162
f 5420 5419 9162
f 9163 9164 5422
f 5422 9164 5423
f 5423 9164 5424
f 9164 9165 5424
f 5424 9165 5425
f 9165 9166 5425
f 5425 9166 5426
f 9167 5427 9166
f 5427 5426 9166
f 9168 5428 9167
f 5428 5427 9167
f 5429 5428 9168
f 5429 9168 5430
f 9168 9169 5430
f 5430 9169 5431
f 9170 5432 9169
f 5432 5431 9169
f 9171 5433 9170
f 5433 5432 9170
f 5435 5434 9171
f 5434 5433 9171
f 9172 5436 5435
f 5446 5437 9173
f 9173 5437 9174
f 9174 5437 9172
f 5437 5436 9172
f 5446 9173 5447
f 9110 5448 9173
f 5448 5447 9173
f 9175 5444 9110
f 5444 5449 9110
f 9176 5450 9175
f 5450 5445 9175
f 9175 5445 5444
f 5442 5441 9109
f 9109 5441 9176
f 5441 5450 9176
f 5443 9109 5451
f 9109 9177 5451
f 5451 9177 5452
f 9177 9178 5452
f 5452 9178 5453
f 5453 9178 5454
f 5454 9178 5438
f 5438 9178 5439
f 9178 5455 5439
f 5455 9179 5456
f 5456 9179 5457
f 5457 9179 5458
f 9179 9180 5458
f 5458 9180 5459
f 5459 9180 5460
f 5460 9180 5461
f 9180 9181 5461
f 5461 9181 5462
f 9181 9182 5462
f 5462 9182 5463
f 9183 5464 9182
f 5464 5463 9182
f 5466 5465 9183
f 5465 5464 9183
f 9184 5467 5466
f 5468 5467 9184
f 9184 9107 5468
f 5468 9107 5469
f 5470 5469 9107
f 5472 5471 9108
f 9108 5471 5470
f 9108 9185 5472
f 9185 9186 5472
f 5472 9186 5386
f 9187 5387 9186
f 5387 5386 9186
f 9187 9188 5390
f 5390 5389 9187
f 9187 5389 5387
f 9189 5392 9188
f 5392 5391 9188
f 9188 5391 5390
f 9190 5395 9189
f 5395 5394 9189
f 9189 5394 5392
f 5395 9190 5396
f 9190 9191 5396
f 5396 9191 5397
f 9192 5398 9191
f 5398 5397 9191
f 9192 9193 5400
f 5400 5399 9192
f 9192 5399 5398
f 5403 5402 9193
f 5402 5401 9193
f 9193 5401 5400
f 5403 9194 5404
f 5406 5405 9195
f 9195 5405 9194
f 5405 5404 9194
f 5406 9195 5407
f 9195 9196 5407
f 5407 9196 5408
f 9197 5410 5409
f 9197 5409 9196
f 5409 5408 9196
f 5413 5412 9159
f 5412 5411 9159
f 9159 5411 9197
f 5411 5410 9197
f 7820 9198 9199
f 9198 9200 9199
f 9199 9200 9201
f 9200 9202 9201
f 9201 9202 9203
f 9204 9203 9202
f 9205 9206 9204
f 9207 9206 9205
f 9208 9209 9207
f 9209 9208 9210
f 9208 9211 9210
f 9211 9212 9213
f 9212 9214 9213
f 9214 9215 9216
f 9215 9217 9216
f 9217 9218 9219
f 9220 9219 9218
f 9221 9222 9220
f 9223 9222 9221
f 9224 9225 9223
f 9225 9224 9226
f 9224 9227 9226
f 9226 9227 9228
f 9229 9230 9231
f 9232 9233 9234
f 9234 9233 9235
f 9236 9237 9233
f 9237 9235 9233
f 9238 9239 9240
f 9240 9241 9242
f 9242 9241 9243
f 9244 9245 9241
f 9245 9243 9241
f 9246 9247 9248
f 9249 9250 9251
f 9250 9252 9251
f 9251 9252 9253
f 9252 9254 9253
f 9255 9256 9257
f 9255 9258 9256
f 9258 9259 9260
f 9259 9261 9260
f 9261 9262 9263
f 9262 9264 9263
f 9264 9265 9266
f 9266 9265 9267
f 9268 9267 9265
f 9269 9270 9268
f 9271 9270 9269
f 9272 9273 9274
f 7228 7227 9275
f 9178 9276 5455
f 9276 9277 5455
f 5455 9277 9179
f 9277 9278 9179
f 9179 9278 9180
f 9278 9279 9180
f 9279 9181 9180
f 9181 9280 9182
f 9182 9280 9183
f 9280 9281 9183
f 9183 9281 5466
f 5466 9281 9184
f 9281 9282 9184
f 9184 9282 9107
f 9282 9283 9107
f 9107 9283 9108
f 9283 9284 9108
f 9108 9284 9185
f 9284 9186 9185
f 9186 9285 9187
f 9285 9286 9187
f 9187 9286 9188
f 9188 9286 9189
f 9286 9287 9189
f 9189 9287 9190
f 9287 9288 9190
f 9190 9288 9191
f 9288 9289 9191
f 9191 9289 9192
f 9289 9290 9192
f 9192 9290 9193
f 9290 9291 9193
f 9193 9291 5403
f 9291 9292 5403
f 5403 9292 9194
f 9194 9292 9195
f 9292 9293 9195
f 9293 9294 9195
f 9195 9294 9196
f 9294 9295 9196
f 9196 9295 9197
f 9295 9296 9197
f 9197 9296 9159
f 9296 9297 9159
f 9159 9297 9160
f 9297 9298 9160
f 9160 9298 9161
f 9298 9299 9161
f 9161 9299 9162
f 9299 9300 9162
f 9162 9300 9163
f 9300 9301 9163
f 9163 9301 9164
f 9301 9302 9164
f 9164 9302 9165
f 9302 9303 9165
f 9165 9303 9166
f 9303 9304 9166
f 9166 9304 9167
f 9304 9305 9167
f 9167 9305 9168
f 9305 9306 9168
f 9168 9306 9169
f 9306 9170 9169
f 9170 9307 9171
f 9307 9308 9171
f 9171 9308 5435
f 9308 9309 5435
f 5435 9309 9172
f 9309 9310 9172
f 9172 9310 9174
f 9310 9311 9174
f 9174 9311 9173
f 9311 9312 9173
f 9173 9312 9110
f 9312 9313 9110
f 9110 9313 9175
f 9313 9314 9175
f 9175 9314 9176
f 9314 9315 9176
f 9176 9315 9109
f 9315 9316 9109
f 9109 9316 9177
f 9316 9317 9177
f 9177 9317 9178
f 9317 9276 9178
f 9276 9318 9277
f 9318 9319 9277
f 9277 9319 9278
f 9319 9320 9278
f 9278 9320 9279
f 9279 9321 9181
f 9181 9321 9280
f 9321 9322 9280
f 9280 9322 9281
f 9322 9323 9281
f 9281 9323 9282
f 9323 9324 9282
f 9282 9324 9283
f 9324 9325 9283
f 9283 9325 9284
f 9325 9326 9284
f 9284 9326 9186
f 9186 9326 9285
f 9326 9327 9285
f 9285 9327 9286
f 9327 9328 9286
f 9286 9328 9287
f 9328 9329 9287
f 9287 9329 9288
f 9329 9330 9288
f 9288 9330 9289
f 9330 9331 9289
f 9289 9331 9290
f 9331 9332 9290
f 9290 9332 9291
f 9332 9333 9291
f 9291 9333 9292
f 9333 9334 9292
f 9292 9334 9293
f 9334 9335 9293
f 9293 9335 9294
f 9335 9336 9294
f 9294 9336 9295
f 9336 9337 9295
f 9295 9337 9296
f 9337 9338 9296
f 9296 9338 9297
f 9338 9339 9297
f 9297 9339 9298
f 9339 9340 9298
f 9298 9340 9299
f 9340 9341 9299
f 9299 9341 9300
f 9341 9342 9300
f 9300 9342 9301
f 9342 9343 9301
f 9301 9343 9302
f 9343 9344 9302
f 9302 9344 9303
f 9344 9345 9303
f 9303 9345 9304
f 9345 9346 9304
f 9304 9346 9305
f 9346 9347 9305
f 9305 9347 9306
f 9347 9348 9306
f 9306 9348 9170
f 9348 9307 9170
f 9308 9349 9309
f 9309 9349 9310
f 9349 9350 9310
f 9310 9350 9311
f 9350 9351 9311
f 9311 9351 9312
f 9351 9352 9312
f 9312 9352 9313
f 9352 9353 9313
f 9313 9353 9314
f 9353 9354 9314
f 9314 9354 9315
f 9354 9355 9315
f 9315 9355 9316
f 9355 9356 9316
f 9316 9356 9317
f 9356 9357 9317
f 9317 9357 9276
f 9357 9318 9276
f 9357 9358 9318
f 9358 9359 9318
f 9318 9359 9319
f 9359 9360 9319
f 9319 9360 9320
f 9360 9361 9320
f 9320 9361 9279
f 9361 9362 9279
f 9279 9362 9321
f 9362 9363 9321
f 9321 9363 9322
f 9363 9364 9322
f 9322 9364 9323
f 9364 9365 9323
f 9323 9365 9324
f 9365 9366 9324
f 9324 9366 9325
f 9366 9367 9325
f 9325 9367 9326
f 9367 9368 9326
f 9326 9368 9327
f 9368 9369 9327
f 9327 9369 9328
f 9369 9370 9328
f 9328 9370 9329
f 9370 9371 9329
f 9329 9371 9330
f 9371 9372 9330
f 9330 9372 9331
f 9372 9373 9331
f 9373 9374 9331
f 9331 9374 9332
f 9374 9375 9332
f 9332 9375 9333
f 9375 9376 9333
f 9333 9376 9334
f 9376 9377 9334
f 9334 9377 9335
f 9335 9378 9336
f 9336 9378 9337
f 9378 9379 9337
f 9337 9379 9338
f 9379 9380 9338
f 9338 9380 9339
f 9380 9381 9339
f 9339 9381 9340
f 9381 9382 9340
f 9340 9382 9341
f 9382 9383 9341
f 9341 9383 9342
f 9383 9384 9342
f 9342 9384 9343
f 9384 9385 9343
f 9343 9385 9344
f 9385 9386 9344
f 9344 9386 9345
f 9386 9387 9345
f 9345 9387 9346
f 9387 9388 9346
f 9346 9388 9347
f 9388 9389 9347
f 9347 9389 9348
f 9389 9390 9348
f 9348 9390 9307
f 9307 9391 9308
f 9391 9392 9308
f 9308 9392 9349
f 9392 9393 9349
f 9349 9393 9350
f 9393 9394 9350
f 9350 9394 9351
f 9394 9395 9351
f 9351 9395 9352
f 9395 9396 9352
f 9352 9396 9353
f 9396 9397 9353
f 9353 9397 9354
f 9397 9398 9354
f 9354 9398 9355
f 9398 9399 9355
f 9355 9399 9356
f 9399 9400 9356
f 9356 9400 9357
f 9400 9358 9357
f 9400 9401 9358
f 9401 9402 9358
f 9358 9402 9359
f 9402 9403 9359
f 9359 9403 9360
f 9403 9404 9360
f 9360 9404 9361
f 9404 9405 9361
f 9361 9405 9362
f 9405 9406 9362
f 9362 9406 9363
f 9406 9407 9363
f 9363 9407 9364
f 9407 9408 9364
f 9364 9408 9365
f 9408 9409 9365
f 9365 9409 9366
f 9409 9410 9366
f 9366 9410 9367
f 9410 9411 9367
f 9367 9411 9368
f 9411 9412 9368
f 9368 9412 9369
f 9412 9413 9369
f 9369 9413 9370
f 9413 9414 9370
f 9370 9414 9371
f 9414 9415 9371
f 9371 9415 9372
f 9415 9416 9372
f 9372 9416 9373
f 9373 9417 9374
f 9374 9417 9375
f 9417 9418 9375
f 9375 9418 9376
f 9418 9419 9376
f 9376 9419 9377
f 9377 9420 9335
f 9335 9420 9378
f 9420 9421 9378
f 9378 9421 9379
f 9421 9422 9379
f 9379 9422 9380
f 9422 9423 9380
f 9380 9423 9381
f 9423 9424 9381
f 9381 9424 9382
f 9424 9425 9382
f 9382 9425 9383
f 9425 9426 9383
f 9383 9426 9384
f 9426 9427 9384
f 9384 9427 9385
f 9427 9428 9385
f 9385 9428 9386
f 9428 9429 9386
f 9386 9429 9387
f 9390 9391 9307
f 9391 9430 9392
f 9430 9431 9392
f 9392 9431 9393
f 9431 9432 9393
f 9393 9432 9394
f 9432 9433 9394
f 9394 9433 9395
f 9433 9434 9395
f 9395 9434 9396
f 9434 9435 9396
f 9396 9435 9397
f 9435 9436 9397
f 9397 9436 9398
f 9436 9437 9398
f 9398 9437 9399
f 9399 9401 9400
f 9401 9438 9402
f 9402 9439 9403
f 9403 9439 9404
f 9439 9440 9404
f 9404 9440 9405
f 9440 9441 9405
f 9405 9441 9406
f 9441 9442 9406
f 9406 9442 9407
f 9442 9443 9407
f 9407 9443 9408
f 9443 9444 9408
f 9408 9444 9409
f 9444 9445 9409
f 9409 9445 9410
f 9445 9446 9410
f 9410 9446 9411
f 9446 9447 9411
f 9411 9447 9412
f 9447 9448 9412
f 9412 9448 9413
f 9448 9449 9413
f 9413 9449 9414
f 9449 9450 9414
f 9414 9450 9415
f 9450 9451 9415
f 9415 9451 9416
f 9451 9452 9416
f 9416 9452 9373
f 9452 9417 9373
f 9419 9453 9377
f 9453 9420 9377
f 9420 9454 9421
f 9454 9455 9421
f 9421 9455 9422
f 9422 9456 9423
f 9423 9456 9424
f 9456 9457 9424
f 9424 9457 9425
f 9457 9458 9425
f 9425 9458 9426
f 9458 9459 9426
f 9426 9459 9427
f 9459 9460 9427
f 9427 9460 9428
f 9460 9461 9428
f 9428 9461 9429
f 9461 9462 9429
f 9429 9462 9387
f 9462 9463 9387
f 9387 9463 9388
f 9463 9464 9388
f 9388 9464 9389
f 9464 9465 9389
f 9389 9465 9390
f 9465 9466 9390
f 9390 9466 9391
f 9466 9430 9391
f 9430 9467 9431
f 9467 9468 9431
f 9431 9468 9432
f 9468 9469 9432
f 9432 9469 9433
f 9469 9470 9433
f 9433 9470 9434
f 9436 9471 9437
f 9437 9472 9399
f 9399 9472 9401
f 9472 9438 9401
f 9472 9473 9438
f 9473 9474 9438
f 9474 9475 9438
f 9438 9475 9402
f 9475 9476 9402
f 9402 9476 9439
f 9476 9477 9439
f 9477 9478 9439
f 9439 9478 9440
f 9478 9479 9440
f 9440 9479 9441
f 9479 9480 9441
f 9480 9229 9441
f 9441 9229 9442
f 9229 9231 9442
f 9442 9231 9443
f 9231 9481 9443
f 9443 9481 9444
f 9481 9482 9444
f 9444 9482 9445
f 9482 9483 9445
f 9445 9483 9446
f 9483 9484 9446
f 9484 9485 9446
f 9446 9485 9447
f 9485 9486 9447
f 9447 9486 9448
f 9486 9487 9448
f 9448 9487 9449
f 9487 9488 9449
f 9449 9488 9450
f 9488 9489 9450
f 9450 9489 9451
f 9489 9247 9451
f 9247 9246 9451
f 9451 9246 9452
f 9246 9490 9452
f 9452 9490 9417
f 9490 9491 9417
f 9417 9491 9418
f 9491 9492 9418
f 9418 9492 9419
f 9492 9493 9419
f 9493 9494 9419
f 9419 9494 9453
f 9494 9244 9453
f 9244 9241 9453
f 9453 9241 9420
f 9241 9240 9420
f 9420 9240 9454
f 9240 9239 9454
f 9454 9239 9455
f 9239 9495 9455
f 9495 9496 9455
f 9455 9496 9422
f 9496 9497 9422
f 9422 9497 9456
f 9497 9498 9456
f 9498 9499 9456
f 9456 9499 9457
f 9499 9500 9457
f 9457 9500 9458
f 9500 9501 9458
f 9501 7228 9458
f 9458 7228 9459
f 7228 9275 9459
f 9459 9275 9460
f 9275 9502 9460
f 9460 9502 9461
f 9502 9503 9461
f 9461 9503 9462
f 9503 9504 9462
f 9462 9504 9463
f 9504 9505 9463
f 9463 9505 9464
f 9505 9506 9464
f 9464 9506 9465
f 9506 9507 9465
f 9507 9508 9465
f 9465 9508 9466
f 9508 9509 9466
f 9466 9509 9430
f 9509 9467 9430
f 9467 9510 9468
f 9510 9469 9468
f 9469 7816 9470
f 7816 9511 9470
f 9511 9512 9470
f 9470 9512 9434
f 9512 9513 9434
f 9434 9513 9435
f 9513 9514 9435
f 9435 9514 9436
f 9514 9515 9436
f 9515 9516 9436
f 9436 9516 9471
f 9516 9236 9471
f 9471 9236 9437
f 9236 9233 9437
f 9437 9233 9472
f 9233 9232 9472
f 9232 9473 9472
f 9275 9517 9502
f 9517 9503 9502
f 9503 9518 9504
f 9518 9519 9504
f 9504 9519 9505
f 9519 9520 9505
f 9505 9520 9506
f 9520 9521 9506
f 9521 9507 9506
f 9507 9522 9508
f 9522 9523 9508
f 9508 9523 9509
f 9523 9524 9509
f 9509 9524 9467
f 9524 9510 9467
f 9510 9525 9469
f 9525 7817 9469
f 7817 7816 9469
f 9231 9526 9481
f 9526 9527 9481
f 9481 9527 9482
f 9482 9528 9483
f 9528 9484 9483
f 9484 9529 9485
f 9485 9529 9486
f 9529 9530 9486
f 9486 9530 9487
f 9530 9531 9487
f 9487 9531 9488
f 9531 9532 9488
f 9488 9532 9489
f 9532 9533 9489
f 9533 9247 9489
f 7227 7225 9275
f 7225 9534 9275
f 9275 9534 9517
f 9517 9535 9503
f 9503 9535 9518
f 9518 9536 9519
f 9519 9536 9520
f 9536 9537 9520
f 9520 9537 9521
f 9537 9538 9521
f 9521 9538 9507
f 9538 9522 9507
f 9522 9539 9523
f 9539 9540 9523
f 9523 9540 9524
f 9540 9541 9524
f 9524 9541 9510
f 9541 9525 9510
f 9525 7818 7817
f 9230 9542 9231
f 9542 9526 9231
f 9527 9543 9482
f 9543 9528 9482
f 9484 9544 9529
f 9544 9545 9529
f 9545 9530 9529
f 9530 9546 9531
f 9546 9547 9531
f 9531 9547 9532
f 9547 9548 9532
f 9548 9533 9532
f 9533 9549 9247
f 9549 9248 9247
f 7224 9534 7225
f 9534 9550 9517
f 9550 9551 9517
f 9517 9551 9535
f 9551 9552 9535
f 9535 9552 9518
f 9552 9553 9518
f 9518 9553 9536
f 9553 9554 9536
f 9554 9537 9536
f 9538 9555 9522
f 9522 9555 9539
f 9540 9556 9541
f 9556 9557 9541
f 9541 9557 9525
f 9525 9557 7818
f 9557 7826 7818
f 9558 9559 9542
f 9542 9559 9526
f 9559 9560 9526
f 9526 9560 9527
f 9560 9561 9527
f 9561 9543 9527
f 9543 9562 9528
f 9562 9563 9528
f 9528 9563 9484
f 9563 9544 9484
f 9545 9564 9530
f 9564 9546 9530
f 9546 9565 9547
f 9565 9566 9547
f 9566 9548 9547
f 9548 9567 9533
f 9533 9567 9549
f 9567 9568 9549
f 7222 9569 7224
f 7224 9569 9534
f 9569 9550 9534
f 9550 9570 9551
f 9570 9571 9551
f 9551 9571 9552
f 9571 9572 9552
f 9552 9572 9553
f 9572 9554 9553
f 9554 9573 9537
f 9537 9573 9538
f 9573 9574 9538
f 9538 9574 9555
f 9574 9575 9555
f 9555 9575 9539
f 9575 9576 9539
f 9539 9576 9540
f 9576 9556 9540
f 9556 9577 9557
f 9577 7819 9557
f 7819 7826 9557
f 9558 9578 9559
f 9561 9562 9543
f 9562 9579 9563
f 9579 9580 9563
f 9563 9580 9544
f 9580 9581 9544
f 9544 9581 9545
f 9545 9581 9564
f 9581 9582 9564
f 9564 9582 9546
f 9582 9565 9546
f 9565 9583 9566
f 9583 9584 9566
f 9566 9584 9548
f 9584 9567 9548
f 9585 9568 9567
f 7221 9586 7222
f 7222 9586 9569
f 9569 9586 9550
f 9586 9570 9550
f 9570 9587 9571
f 9587 9588 9571
f 9571 9588 9572
f 9588 9589 9572
f 9572 9589 9554
f 9589 9590 9554
f 9554 9590 9573
f 9590 9591 9573
f 9573 9591 9574
f 9591 9592 9574
f 9574 9592 9575
f 9592 9593 9575
f 9575 9593 9576
f 9593 9594 9576
f 9576 9594 9556
f 9594 9577 9556
f 9577 7820 7819
f 9595 9596 9578
f 9596 9597 9578
f 9578 9597 9559
f 9559 9597 9560
f 9597 9598 9560
f 9560 9598 9561
f 9598 9599 9561
f 9561 9599 9562
f 9562 9599 9579
f 9599 9600 9579
f 9579 9600 9580
f 9600 9601 9580
f 9580 9601 9581
f 9601 9602 9581
f 9581 9602 9582
f 9602 9603 9582
f 9582 9603 9565
f 9603 9583 9565
f 9583 9604 9584
f 9604 9605 9584
f 9584 9605 9567
f 9567 9605 9585
f 9605 9251 9585
f 9274 9273 7221
f 9273 9606 7221
f 9606 9607 7221
f 7221 9607 9586
f 9607 9608 9586
f 9586 9608 9570
f 9608 9587 9570
f 9587 9609 9588
f 9609 9610 9588
f 9588 9610 9589
f 9610 9611 9589
f 9589 9611 9590
f 9611 9612 9590
f 9590 9612 9591
f 9612 9613 9591
f 9591 9613 9592
f 9613 9614 9592
f 9592 9614 9593
f 9614 9615 9593
f 9593 9615 9594
f 9615 9616 9594
f 9594 9616 9577
f 9616 9198 9577
f 9577 9198 7820
f 9228 9227 9595
f 9227 9596 9595
f 9597 9617 9598
f 9617 9618 9598
f 9598 9618 9599
f 9618 9619 9599
f 9599 9619 9600
f 9619 9620 9600
f 9600 9620 9601
f 9620 9621 9601
f 9601 9621 9602
f 9621 9622 9602
f 9602 9622 9603
f 9622 9623 9603
f 9603 9623 9583
f 9623 9604 9583
f 9604 9624 9605
f 9624 9249 9605
f 9249 9251 9605
f 9215 9218 9217
f 9218 9625 9220
f 9220 9625 9221
f 9625 9626 9221
f 9221 9626 9223
f 9223 9626 9224
f 9626 9627 9224
f 9224 9627 9227
f 9627 9628 9227
f 9227 9628 9596
f 9628 9629 9596
f 9596 9629 9597
f 9629 9630 9597
f 9597 9630 9617
f 9630 9631 9617
f 9617 9631 9618
f 9631 9632 9618
f 9618 9632 9619
f 9632 9633 9619
f 9619 9633 9620
f 9633 9634 9620
f 9620 9634 9621
f 9634 9635 9621
f 9621 9635 9622
f 9635 9636 9622
f 9622 9636 9623
f 9636 9637 9623
f 9623 9637 9604
f 9637 9624 9604
f 9624 9638 9249
f 9249 9638 9250
f 9638 9252 9250
f 9252 9639 9254
f 9254 9639 9640
f 9639 9641 9640
f 9640 9641 9642
f 9642 9641 9257
f 9641 9255 9257
f 9255 9643 9258
f 9643 9259 9258
f 9259 9644 9261
f 9261 9644 9262
f 9644 9645 9262
f 9262 9645 9264
f 9264 9645 9265
f 9645 9646 9265
f 9265 9646 9268
f 9268 9646 9269
f 9646 9647 9269
f 9269 9647 9271
f 9271 9647 9648
f 9647 9649 9648
f 9648 9649 9272
f 9272 9649 9273
f 9649 9606 9273
f 9606 9650 9607
f 9650 9651 9607
f 9607 9651 9608
f 9651 9652 9608
f 9608 9652 9587
f 9652 9609 9587
f 9609 9653 9610
f 9653 9654 9610
f 9610 9654 9611
f 9654 9655 9611
f 9611 9655 9612
f 9655 9656 9612
f 9612 9656 9613
f 9656 9657 9613
f 9613 9657 9614
f 9657 9658 9614
f 9614 9658 9615
f 9658 9659 9615
f 9615 9659 9616
f 9616 9660 9198
f 9198 9660 9200
f 9660 9661 9200
f 9200 9661 9202
f 9202 9661 9204
f 9661 9205 9204
f 9205 9662 9207
f 9207 9662 9208
f 9662 9212 9208
f 9208 9212 9211
f 9212 9663 9214
f 9663 9215 9214
f 9663 9664 9215
f 9215 9664 9218
f 9664 9665 9218
f 9218 9665 9625
f 9665 9666 9625
f 9625 9666 9626
f 9666 9667 9626
f 9626 9667 9627
f 9667 9668 9627
f 9627 9668 9628
f 9668 9669 9628
f 9628 9669 9629
f 9669 9670 9629
f 9629 9670 9630
f 9670 9671 9630
f 9630 9671 9631
f 9671 9672 9631
f 9631 9672 9632
f 9672 9673 9632
f 9632 9673 9633
f 9673 9674 9633
f 9633 9674 9634
f 9674 9675 9634
f 9634 9675 9635
f 9675 9676 9635
f 9635 9676 9636
f 9676 9677 9636
f 9636 9677 9637
f 9677 9678 9637
f 9637 9678 9624
f 9624 9678 9638
f 9678 9679 9638
f 9638 9679 9252
f 9679 9680 9252
f 9252 9680 9639
f 9639 9681 9641
f 9681 9682 9641
f 9641 9682 9255
f 9682 9643 9255
f 9643 9683 9259
f 9683 9684 9259
f 9259 9684 9644
f 9684 9685 9644
f 9644 9685 9645
f 9685 9686 9645
f 9645 9686 9646
f 9686 9687 9646
f 9646 9687 9647
f 9687 9688 9647
f 9647 9688 9649
f 9688 9689 9649
f 9649 9689 9606
f 9689 9690 9606
f 9606 9690 9650
f 9650 9691 9651
f 9651 9691 9652
f 9691 9692 9652
f 9652 9692 9609
f 9692 9653 9609
f 9653 9693 9654
f 9693 9694 9654
f 9654 9694 9655
f 9694 9695 9655
f 9655 9695 9656
f 9695 9696 9656
f 9656 9696 9657
f 9696 9697 9657
f 9657 9697 9658
f 9697 9698 9658
f 9658 9698 9659
f 9698 9699 9659
f 9659 9699 9616
f 9699 9700 9616
f 9616 9700 9660
f 9700 9701 9660
f 9660 9701 9661
f 9701 9702 9661
f 9661 9702 9205
f 9702 9703 9205
f 9205 9703 9662
f 9662 9704 9212
f 9212 9704 9663
f 9704 9705 9663
f 9705 9706 9663
f 9663 9706 9664
f 9706 9707 9664
f 9664 9707 9665
f 9707 9708 9665
f 9665 9708 9666
f 9708 9709 9666
f 9666 9709 9667
f 9709 9710 9667
f 9667 9710 9668
f 9710 9711 9668
f 9668 9711 9669
f 9711 9712 9669
f 9669 9712 9670
f 9712 9713 9670
f 9670 9713 9671
f 9713 9714 9671
f 9671 9714 9672
f 9714 9715 9672
f 9672 9715 9673
f 9715 9716 9673
f 9673 9716 9674
f 9716 9717 9674
f 9674 9717 9675
f 9717 9718 9675
f 9675 9718 9676
f 9718 9719 9676
f 9676 9719 9677
f 9719 9720 9677
f 9677 9720 9678
f 9720 9721 9678
f 9678 9721 9679
f 9721 9722 9679
f 9679 9722 9680
f 9722 9723 9680
f 9680 9723 9639
f 9639 9723 9681
f 9723 9724 9681
f 9681 9724 9682
f 9724 9725 9682
f 9682 9725 9643
f 9725 9683 9643
f 9683 9726 9684
f 9726 9727 9684
f 9684 9727 9685
f 9727 9728 9685
f 9685 9728 9686
f 9728 9729 9686
f 9686 9729 9687
f 9729 9730 9687
f 9687 9730 9688
f 9730 9731 9688
f 9688 9731 9689
f 9731 9732 9689
f 9689 9732 9690
f 9732 9733 9690
f 9690 9733 9650
f 9650 9733 9691
f 9733 9734 9691
f 9691 9734 9692
f 9734 9735 9692
f 9692 9735 9653
f 9735 9693 9653
f 9693 9736 9694
f 9736 9737 9694
f 9694 9737 9695
f 9737 9738 9695
f 9695 9738 9696
f 9738 9739 9696
f 9696 9739 9697
f 9739 9740 9697
f 9697 9740 9698
f 9740 9741 9698
f 9698 9741 9699
f 9741 9742 9699
f 9699 9742 9700
f 9742 9743 9700
f 9700 9743 9701
f 9743 9744 9701
f 9701 9744 9702
f 9703 9745 9662
f 9662 9745 9704
f 9745 9705 9704
f 9705 9746 9706
f 9746 9155 9706
f 9706 9155 9707
f 9155 9747 9707
f 9707 9747 9708
f 9747 9748 9708
f 9708 9748 9709
f 9748 9749 9709
f 9709 9749 9710
f 9749 9750 9710
f 9710 9750 9711
f 9750 9751 9711
f 9711 9751 9712
f 9751 9752 9712
f 9712 9752 9713
f 9752 9753 9713
f 9713 9753 9714
f 9753 9754 9714
f 9714 9754 9715
f 9754 9755 9715
f 9715 9755 9716
f 9755 9756 9716
f 9716 9756 9717
f 9756 9757 9717
f 9717 9757 9718
f 9757 9758 9718
f 9718 9758 9719
f 9758 9759 9719
f 9719 9759 9720
f 9759 9760 9720
f 9720 9760 9721
f 9760 9761 9721
f 9721 9761 9722
f 9761 9762 9722
f 9722 9762 9723
f 9762 9763 9723
f 9723 9763 9724
f 9763 9764 9724
f 9724 9764 9725
f 9764 9765 9725
f 9725 9765 9683
f 9765 9726 9683
f 9726 9134 9727
f 9727 9134 9728
f 9134 9766 9728
f 9728 9766 9729
f 9766 9767 9729
f 9729 9767 9730
f 9767 9768 9730
f 9730 9768 9731
f 9768 9769 9731
f 9731 9769 9732
f 9769 9127 9732
f 9732 9127 9733
f 9127 9770 9733
f 9733 9770 9734
f 9770 9771 9734
f 9734 9771 9735
f 9771 9772 9735
f 9735 9772 9693
f 9772 9736 9693
f 9736 9123 9737
f 9737 9123 9738
f 9123 9773 9738
f 9738 9773 9739
f 9773 9774 9739
f 9739 9774 9740
f 9774 9775 9740
f 9740 9775 9741
f 9775 9776 9741
f 9741 9776 9742
f 9776 9777 9742
f 9742 9777 9743
f 9777 9117 9743
f 9743 9117 9744
f 9117 9114 9744
f 9744 9114 9702
f 9114 9778 9702
f 9702 9778 9703
f 9778 9779 9703
f 9703 9779 9745
f 9779 9780 9745
f 9745 9780 9705
f 9780 9746 9705
f 9780 9158 9746
f 9158 9157 9746
f 9157 9155 9746
f 9155 9156 9747
f 9156 9154 9747
f 9747 9154 9748
f 9154 9153 9748
f 9748 9153 9749
f 9153 9152 9749
f 9152 9111 9749
f 9749 9111 9750
f 9111 9151 9750
f 9750 9151 9751
f 9151 9150 9751
f 9751 9150 9752
f 9150 5000 9752
f 5000 9149 9752
f 9752 9149 9753
f 9149 9148 9753
f 9753 9148 9754
f 9148 9147 9754
f 9754 9147 9755
f 9147 9146 9755
f 9755 9146 9756
f 9146 9145 9756
f 9756 9145 9757
f 9145 9144 9757
f 9144 9143 9757
f 9757 9143 9758
f 9143 5072 9758
f 5072 9142 9758
f 9758 9142 9759
f 9759 9142 9760
f 9142 5069 9760
f 5069 9141 9760
f 9760 9141 9761
f 9141 9140 9761
f 9761 9140 9762
f 9140 9139 9762
f 9762 9139 9763
f 9139 9138 9763
f 9763 9138 9764
f 9138 9137 9764
f 9764 9137 9765
f 9137 9136 9765
f 9136 9135 9765
f 9765 9135 9726
f 9135 9134 9726
f 9134 9133 9766
f 9133 9132 9766
f 9766 9132 9767
f 9132 9131 9767
f 9131 9130 9767
f 9767 9130 9768
f 9130 9129 9768
f 9768 9129 9769
f 9129 9128 9769
f 9128 5042 9769
f 9769 5042 9127
f 9127 5040 9770
f 5040 9126 9770
f 9126 9125 9770
f 9770 9125 9771
f 9125 5036 9771
f 9771 5036 9772
f 5036 5034 9772
f 5034 9124 9772
f 9772 9124 9736
f 9124 9123 9736
f 9123 9122 9773
f 9122 5028 9773
f 5028 9121 9773
f 9773 9121 9774
f 9121 9112 9774
f 9774 9112 9775
f 9112 9120 9775
f 9775 9120 9776
f 9120 9119 9776
f 9776 9119 9777
f 9119 9118 9777
f 9777 9118 9117
f 9114 9113 9778
f 9113 9116 9778
f 9778 9116 9779
f 9116 9115 9779
f 9779 9115 9780
f 9115 9158 9780
f 5339 9781 9782
f 5132 5131 9783
f 5087 9784 5088
f 9784 9785 5088
f 5088 9785 5089
f 5089 9785 5090
f 9785 9786 5090
f 5090 9786 5135
f 5137 5136 9787
f 9787 5136 9788
f 9788 5136 9786
f 5136 5135 9786
f 5137 9787 5138
f 9787 9789 5138
f 5141 5140 9790
f 9790 5140 9789
f 5140 5139 9789
f 9789 5139 5138
f 5142 5141 9790
f 5142 9791 5143
f 5143 9791 5144
f 9792 5146 5145
f 5145 5144 9791
f 5146 9792 5147
f 9792 9793 5147
f 5147 9793 5148
f 9793 9794 5148
f 5148 9794 5149
f 5151 5150 9795
f 9795 5150 9794
f 5150 5149 9794
f 5151 9795 5152
f 9795 9796 5152
f 5152 9796 5153
f 5156 5155 9797
f 9797 5155 5154
f 5154 5153 9796
f 5156 9797 5157
f 9797 9798 5157
f 5157 9798 5158
f 9798 9799 5158
f 5158 9799 5115
f 9800 5117 5116
f 9800 5116 9799
f 5116 5115 9799
f 5117 9800 5118
f 9800 9801 5118
f 9802 5119 9801
f 5119 5118 9801
f 5119 9802 5120
f 9803 5121 9802
f 5121 5120 9802
f 5123 5122 9804
f 9804 5122 9803
f 5122 5121 9803
f 5123 9804 5124
f 9804 9805 5124
f 5124 9805 5125
f 9806 5126 9805
f 5126 5125 9805
f 5126 9806 5127
f 9807 5129 5128
f 9807 5128 9806
f 5128 5127 9806
f 5129 9807 5130
f 9807 9808 5130
f 9783 5131 9808
f 5131 5130 9808
f 5132 9783 5133
f 9783 9809 5133
f 5091 5134 9810
f 9810 5134 9809
f 5134 5133 9809
f 5093 5092 9811
f 9811 5092 9810
f 5092 5091 9810
f 5093 9811 5094
f 9811 9812 5094
f 5094 9812 5095
f 9813 5097 5096
f 5096 5095 9812
f 5097 9813 5098
f 9813 9814 5098
f 5098 9814 5099
f 5100 5099 9814
f 9815 5102 5101
f 5102 9815 5103
f 5103 9815 5104
f 9815 9816 5104
f 5104 9816 5105
f 5107 5106 9817
f 9817 5106 9816
f 5106 5105 9816
f 5107 9817 5108
f 5108 9818 5109
f 5109 9818 5110
f 9818 9819 5110
f 5110 9819 5111
f 5111 9819 5112
f 9819 9820 5112
f 5112 9820 5113
f 5113 9820 5114
f 9820 9821 5114
f 5114 9821 5080
f 5082 5081 9822
f 9822 5081 9821
f 5081 5080 9821
f 5082 9822 5083
f 9822 9823 5083
f 5083 9823 5084
f 9823 9824 5084
f 5084 9824 5085
f 5087 5086 9784
f 9784 5086 9824
f 5086 5085 9824
f 9825 9826 5321
f 5321 9826 5322
f 9826 9827 5322
f 5322 9827 5323
f 5323 9827 5324
f 9827 9828 5324
f 9829 5326 9828
f 5326 5325 9828
f 9828 5325 5324
f 5328 5327 9829
f 9829 5327 5326
f 5329 5328 9830
f 5328 9829 9830
f 5329 9830 5330
f 9830 9831 5330
f 5330 9831 5331
f 9831 9832 5331
f 5331 9832 5332
f 9833 5378 9834
f 5378 5333 9834
f 9834 5333 9832
f 9832 5333 5332
f 5377 5376 9833
f 9833 5376 5378
f 9833 9835 5377
f 5377 9835 5379
f 9835 9836 5379
f 5379 9836 5380
f 5380 9836 5382
f 9836 9837 5382
f 5382 9837 5383
f 5383 9837 5384
f 9837 9838 5384
f 5384 9838 5385
f 9839 5354 9838
f 5354 5353 9838
f 9838 5353 5385
f 9840 5356 9839
f 5356 5355 9839
f 5355 5354 9839
f 5358 5357 9841
f 9841 5357 9840
f 5357 5356 9840
f 5358 9841 5359
f 9841 9842 5359
f 5359 9842 5360
f 9843 5361 9842
f 5361 5360 9842
f 9844 5363 9843
f 5363 5362 9843
f 5362 5361 9843
f 5365 5364 9845
f 9845 5364 9844
f 5364 5363 9844
f 5365 9845 5366
f 9845 9846 5366
f 5366 9846 5367
f 5369 5368 9847
f 9847 5368 9846
f 5368 5367 9846
f 9847 9848 5369
f 5369 9848 5370
f 9849 5371 9848
f 5371 5370 9848
f 9850 5373 9851
f 5373 5372 9851
f 9851 5372 9849
f 5372 5371 9849
f 5375 5374 9850
f 5374 5373 9850
f 5306 5375 9852
f 9852 5375 9853
f 5375 9850 9853
f 5306 9852 5307
f 9852 5335 5307
f 9854 9855 5337
f 5337 5336 9854
f 9854 5336 5335
f 9781 5339 9855
f 5339 5338 9855
f 9855 5338 5337
f 5343 5340 9782
f 9782 5340 5339
f 9856 5341 9857
f 5341 5343 9857
f 5343 9782 9857
f 5344 5342 9856
f 9856 5342 5341
f 5347 5346 9858
f 5346 5345 9858
f 9858 5345 9856
f 5345 5344 9856
f 9859 5348 5347
f 5350 5349 9859
f 5349 5348 9859
f 9860 5351 5350
f 5351 9860 5309
f 9860 9861 5309
f 5309 9861 5310
f 5312 5311 9862
f 9862 5311 9861
f 5311 5310 9861
f 5312 9862 5313
f 9862 9863 5313
f 5313 9863 5314
f 5316 5315 9864
f 9864 5315 9863
f 5315 5314 9863
f 5316 9864 5317
f 9864 9865 5317
f 5317 9865 5318
f 5321 5320 9825
f 5320 5319 9825
f 9825 5319 9865
f 5319 5318 9865
f 6030 9866 9081
f 9866 9867 9081
f 9081 9867 9082
f 9867 9868 9082
f 9088 9082 9868
f 9869 9089 9088
f 9090 9089 9869
f 9086 9091 9090
f 9087 9870 9092
f 9870 9093 9092
f 9093 9871 9094
f 9871 9083 9094
f 9083 9872 9084
f 9084 9872 9095
f 9096 9095 9872
f 9098 9873 9099
f 9874 9102 9875
f 9876 9877 9878
f 9877 9874 9878
f 5925 9879 9880
f 5935 5934 5936
f 9881 9882 9883
f 9884 9885 9886
f 9887 9888 9889
f 9888 9890 9891
f 9890 9892 9891
f 9892 9893 9891
f 9893 9894 9895
f 9896 9895 9894
f 9897 9898 9899
f 9897 9900 9898
f 9900 9901 9902
f 9901 9903 9902
f 9903 9904 9905
f 9904 9906 9905
f 9906 9907 9908
f 9909 9908 9907
f 9910 9911 9909
f 9912 9911 9910
f 9913 9914 9915
f 9915 9914 9916
f 7822 7830 9917
f 7830 7828 9917
f 9835 9918 9836
f 9918 9919 9836
f 9836 9919 9837
f 9919 9920 9837
f 9837 9920 9838
f 9920 9921 9838
f 9838 9921 9839
f 9921 9922 9839
f 9839 9922 9840
f 9922 9923 9840
f 9840 9923 9841
f 9923 9924 9841
f 9841 9924 9842
f 9924 9925 9842
f 9925 9926 9842
f 9842 9926 9843
f 9926 9927 9843
f 9843 9927 9844
f 9927 9928 9844
f 9844 9928 9845
f 9928 9929 9845
f 9845 9929 9846
f 9929 9930 9846
f 9846 9930 9847
f 9930 9931 9847
f 9847 9931 9848
f 9931 9932 9848
f 9932 9933 9848
f 9848 9933 9849
f 9933 9851 9849
f 9851 9934 9850
f 9850 9934 9853
f 9934 9935 9853
f 9853 9935 9852
f 9935 9936 9852
f 9852 9936 5335
f 9936 9854 5335
f 9855 9937 9781
f 9781 9938 9782
f 9782 9938 9857
f 9938 9939 9857
f 9857 9939 9856
f 9939 9940 9856
f 9856 9940 9858
f 9940 9941 9858
f 9858 9941 5347
f 5347 9941 9859
f 9941 9942 9859
f 9859 9942 5350
f 5350 9942 9860
f 9942 9943 9860
f 9860 9943 9861
f 9943 9944 9861
f 9861 9944 9862
f 9944 9945 9862
f 9862 9945 9863
f 9945 9946 9863
f 9863 9946 9864
f 9946 9947 9864
f 9864 9947 9865
f 9947 9948 9865
f 9948 9949 9865
f 9865 9949 9825
f 9949 9950 9825
f 9825 9950 9826
f 9950 9951 9826
f 9826 9951 9827
f 9827 9951 9828
f 9951 9952 9828
f 9828 9952 9829
f 9952 9953 9829
f 9829 9953 9830
f 9953 9954 9830
f 9830 9954 9831
f 9954 9955 9831
f 9831 9955 9832
f 9955 9956 9832
f 9956 9957 9832
f 9832 9957 9834
f 9834 9957 9833
f 9957 9958 9833
f 9833 9958 9835
f 9958 9918 9835
f 9918 9959 9919
f 9959 9960 9919
f 9919 9960 9920
f 9960 9961 9920
f 9920 9961 9921
f 9961 9962 9921
f 9921 9962 9922
f 9962 9963 9922
f 9922 9963 9923
f 9963 9964 9923
f 9923 9964 9924
f 9964 9965 9924
f 9924 9965 9925
f 9965 9966 9925
f 9925 9966 9926
f 9966 9967 9926
f 9926 9967 9927
f 9967 9968 9927
f 9927 9968 9928
f 9968 9969 9928
f 9928 9969 9929
f 9969 9970 9929
f 9929 9970 9930
f 9970 9971 9930
f 9930 9971 9931
f 9971 9972 9931
f 9931 9972 9932
f 9972 9933 9932
f 9933 9973 9851
f 9851 9973 9934
f 9973 9974 9934
f 9934 9974 9935
f 9974 9975 9935
f 9935 9975 9936
f 9975 9976 9936
f 9936 9976 9854
f 9976 9977 9854
f 9854 9977 9855
f 9977 9978 9855
f 9855 9978 9937
f 9978 9979 9937
f 9937 9979 9781
f 9781 9979 9938
f 9979 9980 9938
f 9938 9980 9939
f 9980 9981 9939
f 9939 9981 9940
f 9981 9982 9940
f 9940 9982 9941
f 9982 9983 9941
f 9941 9983 9942
f 9983 9984 9942
f 9942 9984 9943
f 9984 9985 9943
f 9943 9985 9944
f 9985 9986 9944
f 9944 9986 9945
f 9986 9987 9945
f 9945 9987 9946
f 9987 9988 9946
f 9946 9988 9947
f 9988 9989 9947
f 9947 9989 9948
f 9989 9990 9948
f 9948 9990 9949
f 9990 9991 9949
f 9949 9991 9950
f 9991 9992 9950
f 9950 9992 9951
f 9992 9993 9951
f 9951 9993 9952
f 9993 9994 9952
f 9952 9994 9953
f 9994 9995 9953
f 9953 9995 9954
f 9995 9996 9954
f 9954 9996 9955
f 9996 9997 9955
f 9955 9997 9956
f 9997 9998 9956
f 9956 9998 9957
f 9998 9999 9957
f 9957 9999 9958
f 9999 10000 9958
f 9958 10000 9918
f 10000 9959 9918
f 10000 10001 9959
f 10001 10002 9959
f 9959 10002 9960
f 10002 10003 9960
f 9960 10003 9961
f 10003 10004 9961
f 9961 10004 9962
f 10004 10005 9962
f 9962 10005 9963
f 10005 10006 9963
f 9963 10006 9964
f 10006 10007 9964
f 9964 10007 9965
f 10007 10008 9965
f 9965 10008 9966
f 10008 10009 9966
f 9966 10009 9967
f 10009 10010 9967
f 9967 10010 9968
f 10010 10011 9968
f 9968 10011 9969
f 10011 10012 9969
f 9969 10012 9970
f 10012 10013 9970
f 9970 10013 9971
f 10013 10014 9971
f 9971 10014 9972
f 10014 10015 9972
f 9972 10015 9933
f 10015 10016 9933
f 9933 10016 9973
f 10016 10017 9973
f 9973 10017 9974
f 10017 10018 9974
f 9974 10018 9975
f 10018 10019 9975
f 9975 10019 9976
f 10019 10020 9976
f 9976 10020 9977
f 10020 10021 9977
f 9977 10021 9978
f 10021 10022 9978
f 9978 10022 9979
f 10022 10023 9979
f 9979 10023 9980
f 10023 10024 9980
f 9980 10024 9981
f 10024 10025 9981
f 9981 10025 9982
f 10025 10026 9982
f 9982 10026 9983
f 10026 10027 9983
f 9983 10027 9984
f 10027 10028 9984
f 9984 10028 9985
f 10028 10029 9985
f 9985 10029 9986
f 10029 10030 9986
f 9986 10030 9987
f 10030 10031 9987
f 9987 10031 9988
f 10031 10032 9988
f 9988 10032 9989
f 10032 10033 9989
f 9989 10033 9990
f 10033 10034 9990
f 9990 10034 9991
f 10034 10035 9991
f 9991 10035 9992
f 10035 10036 9992
f 9992 10036 9993
f 10036 10037 9993
f 9993 10037 9994
f 10037 10038 9994
f 9994 10038 9995
f 10038 10039 9995
f 9995 10039 9996
f 10039 10040 9996
f 9996 10040 9997
f 10040 10041 9997
f 9997 10041 9998
f 10041 10042 9998
f 9998 10042 9999
f 10042 10043 9999
f 9999 10043 10000
f 10043 10001 10000
f 10044 10045 10001
f 10001 10045 10002
f 10045 10046 10002
f 10002 10046 10003
f 10046 10047 10003
f 10003 10047 10004
f 10047 10048 10004
f 10004 10048 10005
f 10048 10049 10005
f 10005 10049 10006
f 10049 10050 10006
f 10006 10050 10007
f 10050 10051 10007
f 10007 10051 10008
f 10051 10052 10008
f 10008 10052 10009
f 10052 10053 10009
f 10009 10053 10010
f 10053 10054 10010
f 10010 10054 10011
f 10054 10055 10011
f 10011 10055 10012
f 10055 10056 10012
f 10012 10056 10013
f 10056 10057 10013
f 10013 10057 10014
f 10057 10058 10014
f 10014 10058 10015
f 10058 10059 10015
f 10015 10059 10016
f 10059 10060 10016
f 10016 10060 10017
f 10060 10061 10017
f 10017 10061 10018
f 10061 10062 10018
f 10018 10062 10019
f 10062 10063 10019
f 10019 10063 10020
f 10063 10064 10020
f 10020 10064 10021
f 10064 10065 10021
f 10021 10065 10022
f 10065 10066 10022
f 10022 10066 10023
f 10066 10067 10023
f 10023 10067 10024
f 10067 10068 10024
f 10024 10068 10025
f 10068 10069 10025
f 10025 10069 10026
f 10069 10070 10026
f 10070 10071 10026
f 10026 10071 10027
f 10071 10072 10027
f 10027 10072 10028
f 10072 10073 10028
f 10028 10073 10029
f 10073 10074 10029
f 10029 10074 10030
f 10074 10075 10030
f 10030 10075 10031
f 10075 10076 10031
f 10031 10076 10032
f 10076 10077 10032
f 10032 10077 10033
f 10077 10078 10033
f 10033 10078 10034
f 10078 10079 10034
f 10034 10079 10035
f 10079 10080 10035
f 10035 10080 10036
f 10080 10081 10036
f 10036 10081 10037
f 10081 10082 10037
f 10037 10082 10038
f 10082 10083 10038
f 10038 10083 10039
f 10083 10084 10039
f 10039 10084 10040
f 10084 10085 10040
f 10040 10085 10041
f 10085 10086 10041
f 10041 10086 10042
f 10086 10087 10042
f 10042 10087 10043
f 10087 10088 10043
f 10043 10088 10001
f 10088 10044 10001
f 10088 10089 10044
f 10046 10090 10047
f 10047 10090 10048
f 10090 10091 10048
f 10048 10091 10049
f 10091 10092 10049
f 10049 10092 10050
f 10092 10093 10050
f 10050 10093 10051
f 10093 10094 10051
f 10051 10094 10052
f 10094 10095 10052
f 10052 10095 10053
f 10095 10096 10053
f 10053 10096 10054
f 10096 10097 10054
f 10054 10097 10055
f 10097 10098 10055
f 10055 10098 10056
f 10098 10099 10056
f 10099 10100 10056
f 10056 10100 10057
f 10100 10101 10057
f 10057 10101 10058
f 10101 10102 10058
f 10058 10102 10059
f 10102 10103 10059
f 10059 10103 10060
f 10103 10104 10060
f 10060 10104 10061
f 10104 10105 10061
f 10061 10105 10062
f 10105 10106 10062
f 10062 10106 10063
f 10106 10107 10063
f 10063 10107 10064
f 10107 10108 10064
f 10064 10108 10065
f 10108 10109 10065
f 10065 10109 10066
f 10109 10110 10066
f 10066 10110 10067
f 10068 10111 10069
f 10111 10112 10069
f 10069 10112 10070
f 10070 10113 10071
f 10071 10113 10072
f 10113 10114 10072
f 10072 10114 10073
f 10114 10115 10073
f 10073 10115 10074
f 10115 10116 10074
f 10074 10116 10075
f 10116 10117 10075
f 10075 10117 10076
f 10117 10118 10076
f 10076 10118 10077
f 10118 10119 10077
f 10077 10119 10078
f 10119 10120 10078
f 10078 10120 10079
f 10120 10121 10079
f 10079 10121 10080
f 10121 10122 10080
f 10080 10122 10081
f 10122 10123 10081
f 10081 10123 10082
f 10123 10124 10082
f 10082 10124 10083
f 10124 10125 10083
f 10083 10125 10084
f 10125 10126 10084
f 10084 10126 10085
f 10126 10127 10085
f 10085 10127 10086
f 10127 10128 10086
f 10086 10128 10087
f 10128 10129 10087
f 10087 10129 10088
f 10129 10089 10088
f 5934 5933 10089
f 10089 5933 10044
f 5933 5932 10044
f 10044 5932 10045
f 5932 5931 10045
f 10045 5931 10046
f 5931 5930 10046
f 5930 5929 10046
f 10046 5929 10090
f 5929 5928 10090
f 10090 5928 10091
f 5928 5926 10091
f 5926 5925 10091
f 10091 5925 10092
f 5925 9880 10092
f 10092 9880 10093
f 9880 10130 10093
f 10093 10130 10094
f 10130 10131 10094
f 10094 10131 10095
f 10131 10132 10095
f 10095 10132 10096
f 10132 10133 10096
f 10096 10133 10097
f 10133 10134 10097
f 10097 10134 10098
f 10134 10099 10098
f 10099 10135 10100
f 10135 10136 10100
f 10100 10136 10101
f 10136 10137 10101
f 10101 10137 10102
f 10137 10138 10102
f 10102 10138 10103
f 10138 9885 10103
f 10103 9885 10104
f 9885 9884 10104
f 10104 9884 10105
f 9884 10139 10105
f 10139 10140 10105
f 10105 10140 10106
f 10140 10141 10106
f 10141 10142 10106
f 10106 10142 10107
f 10142 10143 10107
f 10107 10143 10108
f 10143 10144 10108
f 10144 10145 10108
f 10108 10145 10109
f 10145 10146 10109
f 10109 10146 10110
f 10146 9883 10110
f 9883 9882 10110
f 10110 9882 10067
f 9882 10147 10067
f 10067 10147 10068
f 10147 10148 10068
f 10068 10148 10111
f 10148 10149 10111
f 10111 10149 10112
f 10149 10150 10112
f 10150 10151 10112
f 10112 10151 10070
f 10151 10152 10070
f 10070 10152 10113
f 10152 10153 10113
f 10113 10153 10114
f 10153 7831 10114
f 10114 7831 10115
f 7831 10154 10115
f 10154 10155 10115
f 10115 10155 10116
f 10155 10156 10116
f 10116 10156 10117
f 10156 10157 10117
f 10117 10157 10118
f 10157 10158 10118
f 10118 10158 10119
f 10158 10159 10119
f 10159 10160 10119
f 10119 10160 10120
f 10160 10161 10120
f 10120 10161 10121
f 10161 10162 10121
f 10121 10162 10122
f 10162 10163 10122
f 10122 10163 10123
f 10163 10164 10123
f 10123 10164 10124
f 10164 5946 10124
f 10124 5946 10125
f 5946 5945 10125
f 5945 5944 10125
f 10125 5944 10126
f 5944 5943 10126
f 5943 5942 10126
f 10126 5942 10127
f 5942 5941 10127
f 5941 5940 10127
f 10127 5940 10128
f 5940 5939 10128
f 5939 5938 10128
f 10128 5938 10129
f 5938 5936 10129
f 10129 5936 10089
f 5936 5934 10089
f 7825 10154 7831
f 10154 10165 10155
f 10165 10166 10155
f 10155 10166 10156
f 10166 10167 10156
f 10156 10167 10157
f 10167 10168 10157
f 10157 10168 10158
f 10168 10169 10158
f 10169 10159 10158
f 10159 10170 10160
f 10170 10161 10160
f 10162 10171 10163
f 10171 10172 10163
f 10172 10164 10163
f 10164 6027 5946
f 9880 10173 10130
f 10173 10174 10130
f 10130 10174 10131
f 10174 10175 10131
f 10131 10175 10132
f 10175 10176 10132
f 10176 10133 10132
f 10133 10177 10134
f 10177 10178 10134
f 10134 10178 10099
f 10178 10135 10099
f 10135 10179 10136
f 10137 10180 10138
f 7823 10181 7825
f 7825 10181 10154
f 10181 10165 10154
f 10165 10182 10166
f 10182 10183 10166
f 10166 10183 10167
f 10168 10184 10169
f 10184 10185 10169
f 10169 10185 10159
f 10185 10170 10159
f 10170 10186 10161
f 10186 10187 10161
f 10161 10187 10162
f 10187 10171 10162
f 10171 10188 10172
f 10188 10189 10172
f 10172 10189 10164
f 10189 6028 10164
f 10164 6028 6027
f 9879 10190 9880
f 10190 10173 9880
f 10173 10191 10174
f 10191 10175 10174
f 10175 10192 10176
f 10176 10192 10133
f 10192 10177 10133
f 10177 10193 10178
f 10193 10194 10178
f 10178 10194 10135
f 10194 10179 10135
f 10179 10195 10136
f 10195 10196 10136
f 10136 10196 10137
f 10196 10180 10137
f 10180 10197 10138
f 10197 10198 10138
f 10138 10198 9885
f 10198 9886 9885
f 7822 10199 7823
f 7823 10199 10181
f 10199 10200 10181
f 10181 10200 10165
f 10200 10182 10165
f 10182 10201 10183
f 10201 10202 10183
f 10183 10202 10167
f 10167 10202 10168
f 10202 10184 10168
f 10185 10203 10170
f 10203 10186 10170
f 10186 10204 10187
f 10204 10205 10187
f 10187 10205 10171
f 10205 10188 10171
f 10188 10206 10189
f 10206 10207 10189
f 10189 10207 6028
f 10207 6033 6028
f 9876 10208 10190
f 10190 10208 10173
f 10208 10209 10173
f 10209 10191 10173
f 10191 10210 10175
f 10210 10192 10175
f 10192 10211 10177
f 10211 10193 10177
f 10194 10212 10179
f 10212 10195 10179
f 10195 10213 10196
f 10213 10214 10196
f 10196 10214 10180
f 10214 10197 10180
f 10197 10215 10198
f 7822 9917 10199
f 9917 10216 10199
f 10199 10216 10200
f 10216 10217 10200
f 10200 10217 10182
f 10217 10201 10182
f 10201 10218 10202
f 10218 10219 10202
f 10202 10219 10184
f 10219 10220 10184
f 10184 10220 10185
f 10185 10220 10203
f 10220 10221 10203
f 10203 10221 10186
f 10221 10222 10186
f 10186 10222 10204
f 10204 10222 10205
f 10222 10223 10205
f 10205 10223 10188
f 10223 10206 10188
f 10206 6029 10207
f 6029 6033 10207
f 9876 9878 10208
f 9878 10224 10208
f 10208 10224 10209
f 10224 10225 10209
f 10209 10225 10191
f 10225 10210 10191
f 10210 10226 10192
f 10226 10211 10192
f 10211 10227 10193
f 10193 10228 10194
f 10194 10228 10212
f 10228 10229 10212
f 10212 10229 10195
f 10229 10213 10195
f 10213 10230 10214
f 10214 10231 10197
f 10231 10215 10197
f 7828 7827 9917
f 7827 10232 9917
f 9917 10232 10216
f 10232 10233 10216
f 10216 10233 10217
f 10233 10234 10217
f 10217 10234 10201
f 10201 10234 10218
f 10234 10235 10218
f 10218 10235 10219
f 10235 10236 10219
f 10219 10236 10220
f 10236 10237 10220
f 10220 10237 10221
f 10237 10238 10221
f 10221 10238 10222
f 10238 10239 10222
f 10222 10239 10223
f 10239 10240 10223
f 10223 10240 10206
f 10240 6030 10206
f 10206 6030 6029
f 9874 9875 9878
f 9875 10241 9878
f 9878 10241 10224
f 10241 10242 10224
f 10224 10242 10225
f 10242 10243 10225
f 10225 10243 10210
f 10210 10243 10226
f 10243 10244 10226
f 10226 10244 10211
f 10244 10227 10211
f 10227 10245 10193
f 10193 10245 10228
f 10245 10246 10228
f 10228 10246 10229
f 10246 10247 10229
f 10229 10247 10213
f 10247 10230 10213
f 10230 10248 10214
f 10248 9887 10214
f 10214 9887 10231
f 9887 9889 10231
f 9916 10249 7827
f 10249 10232 7827
f 10232 10250 10233
f 10250 10251 10233
f 10233 10251 10234
f 10251 10252 10234
f 10234 10252 10235
f 10252 10253 10235
f 10235 10253 10236
f 10253 10254 10236
f 10236 10254 10237
f 10254 10255 10237
f 10237 10255 10238
f 10255 10256 10238
f 10238 10256 10239
f 10256 10257 10239
f 10239 10257 10240
f 10257 10258 10240
f 10258 9866 10240
f 10240 9866 6030
f 9099 9873 9102
f 9873 10259 9102
f 9102 10259 9875
f 10259 10260 9875
f 9875 10260 10241
f 10260 10261 10241
f 10241 10261 10242
f 10261 10262 10242
f 10242 10262 10243
f 10262 10263 10243
f 10243 10263 10244
f 10263 10264 10244
f 10244 10264 10227
f 10264 10265 10227
f 10227 10265 10245
f 10265 10266 10245
f 10245 10266 10246
f 10266 10267 10246
f 10246 10267 10247
f 10267 10268 10247
f 10247 10268 10230
f 10268 10248 10230
f 10248 9890 9887
f 9890 9888 9887
f 9093 10269 9871
f 10269 10270 9871
f 9871 10270 9083
f 9083 10270 9872
f 10270 10271 9872
f 9872 10271 9096
f 9096 10271 9097
f 10271 10272 9097
f 9097 10272 9100
f 10272 10273 9100
f 9100 10273 9101
f 9101 10273 9098
f 10273 9873 9098
f 10259 10274 10260
f 10260 10274 10261
f 10274 10275 10261
f 10261 10275 10262
f 10275 10276 10262
f 10262 10276 10263
f 10276 10277 10263
f 10263 10277 10264
f 10277 10278 10264
f 10264 10278 10265
f 10278 10279 10265
f 10265 10279 10266
f 10279 10280 10266
f 10266 10280 10267
f 10280 10281 10267
f 10267 10281 10268
f 10281 10282 10268
f 10268 10282 10248
f 10248 10282 9890
f 10282 10283 9890
f 9890 10283 9892
f 9892 10283 9893
f 10283 9894 9893
f 9894 10284 9896
f 10284 10285 9896
f 9896 10285 10286
f 10286 10285 9899
f 10285 9897 9899
f 9897 10287 9900
f 10287 9901 9900
f 9901 9904 9903
f 9904 10288 9906
f 10288 9907 9906
f 9907 9910 9909
f 9910 10289 9912
f 9912 10289 9913
f 10289 9914 9913
f 9914 10290 9916
f 10290 10249 9916
f 10249 10291 10232
f 10232 10291 10250
f 10291 10292 10250
f 10250 10292 10251
f 10292 10293 10251
f 10251 10293 10252
f 10293 10294 10252
f 10252 10294 10253
f 10294 10295 10253
f 10253 10295 10254
f 10295 10296 10254
f 10254 10296 10255
f 10296 10297 10255
f 10255 10297 10256
f 10297 10298 10256
f 10256 10298 10257
f 10298 10299 10257
f 10299 10258 10257
f 10258 10300 9866
f 9866 10300 9867
f 10300 10301 9867
f 10301 9868 9867
f 9868 9869 9088
f 9869 10302 9090
f 9090 10302 9086
f 10302 10303 9086
f 9086 10303 9087
f 10303 9870 9087
f 9870 10269 9093
f 10269 10304 10270
f 10304 10305 10270
f 10270 10305 10271
f 10305 10306 10271
f 10271 10306 10272
f 10306 10307 10272
f 10272 10307 10273
f 10307 10308 10273
f 10273 10308 9873
f 10308 10309 9873
f 9873 10309 10259
f 10259 10309 10274
f 10309 10310 10274
f 10274 10310 10275
f 10310 10311 10275
f 10275 10311 10276
f 10311 10312 10276
f 10276 10312 10277
f 10312 10313 10277
f 10277 10313 10278
f 10313 10314 10278
f 10278 10314 10279
f 10314 10315 10279
f 10279 10315 10280
f 10315 10316 10280
f 10280 10316 10281
f 10316 10317 10281
f 10281 10317 10282
f 10317 10318 10282
f 10282 10318 10283
f 10318 10319 10283
f 10283 10319 9894
f 10319 10284 9894
f 10284 10320 10285
f 10320 10321 10285
f 10285 10321 9897
f 10321 10287 9897
f 10287 10322 9901
f 10322 10323 9901
f 9901 10323 9904
f 10323 10324 9904
f 9904 10324 10288
f 10288 10325 9907
f 9907 10325 9910
f 10325 10326 9910
f 9910 10326 10289
f 10326 10327 10289
f 10289 10327 9914
f 10327 10290 9914
f 10290 10328 10249
f 10249 10328 10291
f 10328 10329 10291
f 10291 10329 10292
f 10329 10330 10292
f 10292 10330 10293
f 10330 10331 10293
f 10293 10331 10294
f 10331 10332 10294
f 10294 10332 10295
f 10332 10333 10295
f 10295 10333 10296
f 10333 10334 10296
f 10296 10334 10297
f 10334 10335 10297
f 10297 10335 10298
f 10335 10299 10298
f 10299 10336 10258
f 10258 10336 10300
f 10336 10337 10300
f 10300 10337 10301
f 10301 10338 9868
f 9868 10338 9869
f 10338 10339 9869
f 9869 10339 10302
f 10339 10340 10302
f 10302 10340 10303
f 10340 10341 10303
f 10303 10341 9870
f 9870 10341 10269
f 10341 10304 10269
f 10341 10342 10304
f 10342 10343 10304
f 10304 10343 10305
f 10343 10344 10305
f 10305 10344 10306
f 10344 10345 10306
f 10306 10345 10307
f 10345 10346 10307
f 10307 10346 10308
f 10346 10347 10308
f 10308 10347 10309
f 10347 10348 10309
f 10309 10348 10310
f 10348 10349 10310
f 10310 10349 10311
f 10349 10350 10311
f 10311 10350 10312
f 10350 10351 10312
f 10312 10351 10313
f 10351 10352 10313
f 10313 10352 10314
f 10352 10353 10314
f 10314 10353 10315
f 10353 10354 10315
f 10315 10354 10316
f 10354 10355 10316
f 10316 10355 10317
f 10355 10356 10317
f 10317 10356 10318
f 10356 10357 10318
f 10318 10357 10319
f 10357 10358 10319
f 10319 10358 10284
f 10358 10320 10284
f 10320 10359 10321
f 10359 10360 10321
f 10321 10360 10287
f 10360 10322 10287
f 10322 10361 10323
f 10361 10362 10323
f 10323 10362 10324
f 10362 10363 10324
f 10324 10363 10288
f 10363 10364 10288
f 10288 10364 10325
f 10364 10365 10325
f 10325 10365 10326
f 10365 10366 10326
f 10326 10366 10327
f 10366 10367 10327
f 10327 10367 10290
f 10367 10368 10290
f 10290 10368 10328
f 10368 10369 10328
f 10328 10369 10329
f 10369 10370 10329
f 10329 10370 10330
f 10370 10371 10330
f 10330 10371 10331
f 10371 10372 10331
f 10331 10372 10332
f 10372 10373 10332
f 10332 10373 10333
f 10373 10374 10333
f 10333 10374 10334
f 10374 10375 10334
f 10334 10375 10335
f 10375 10376 10335
f 10335 10376 10299
f 10376 10377 10299
f 10299 10377 10336
f 10377 10378 10336
f 10336 10378 10337
f 10378 10379 10337
f 10337 10379 10301
f 10379 10380 10301
f 10301 10380 10338
f 10380 10381 10338
f 10338 10381 10339
f 10381 10382 10339
f 10339 10382 10340
f 10382 10383 10340
f 10340 10383 10341
f 10383 10342 10341
f 10342 10384 10343
f 10384 10385 10343
f 10343 10385 10344
f 10385 10386 10344
f 10344 10386 10345
f 10386 10387 10345
f 10345 10387 10346
f 10387 10388 10346
f 10346 10388 10347
f 10388 10389 10347
f 10347 10389 10348
f 10389 10390 10348
f 10348 10390 10349
f 10390 10391 10349
f 10349 10391 10350
f 10391 10392 10350
f 10350 10392 10351
f 10392 10393 10351
f 10351 10393 10352
f 10393 10394 10352
f 10352 10394 10353
f 10394 10395 10353
f 10353 10395 10354
f 10395 10396 10354
f 10354 10396 10355
f 10396 10397 10355
f 10355 10397 10356
f 10397 10398 10356
f 10356 10398 10357
f 10398 10399 10357
f 10357 10399 10358
f 10399 10400 10358
f 10358 10400 10320
f 10400 10359 10320
f 10359 10401 10360
f 10401 10402 10360
f 10360 10402 10322
f 10402 10361 10322
f 10361 9803 10362
f 10362 9803 10363
f 9803 10403 10363
f 10363 10403 10364
f 10403 10404 10364
f 10364 10404 10365
f 10404 10405 10365
f 10365 10405 10366
f 10405 10406 10366
f 10366 10406 10367
f 10406 10407 10367
f 10367 10407 10368
f 10407 10408 10368
f 10368 10408 10369
f 10408 10409 10369
f 10369 10409 10370
f 10409 10410 10370
f 10370 10410 10371
f 10410 10411 10371
f 10371 10411 10372
f 10411 10412 10372
f 10372 10412 10373
f 10412 10413 10373
f 10373 10413 10374
f 10413 10414 10374
f 10374 10414 10375
f 10414 10415 10375
f 10375 10415 10376
f 10415 10416 10376
f 10376 10416 10377
f 10416 10417 10377
f 10377 10417 10378
f 10417 10418 10378
f 10378 10418 10379
f 10418 9788 10379
f 10379 9788 10380
f 10380 10419 10381
f 10381 10419 10382
f 10419 10420 10382
f 10382 10420 10383
f 10420 10421 10383
f 10383 10421 10342
f 10421 10384 10342
f 10421 9824 10384
f 9824 9823 10384
f 9823 9822 10384
f 10384 9822 10385
f 9822 9821 10385
f 10385 9821 10386
f 9821 9820 10386
f 10386 9820 10387
f 9820 9819 10387
f 10387 9819 10388
f 9819 9818 10388
f 10388 9818 10389
f 9818 5108 10389
f 5108 9817 10389
f 10389 9817 10390
f 9817 9816 10390
f 10390 9816 10391
f 9816 9815 10391
f 10391 9815 10392
f 9815 5101 10392
f 10392 5101 10393
f 5101 5100 10393
f 5100 9814 10393
f 10393 9814 10394
f 9814 9813 10394
f 10394 9813 10395
f 9813 5096 10395
f 5096 9812 10395
f 10395 9812 10396
f 10396 9812 10397
f 9812 9811 10397
f 10397 9811 10398
f 9811 9810 10398
f 10398 9810 10399
f 9810 9809 10399
f 9809 9783 10399
f 10399 9783 10400
f 9783 9808 10400
f 9808 9807 10400
f 10400 9807 10359
f 9807 9806 10359
f 10359 9806 10401
f 10401 9806 10402
f 9806 9805 10402
f 9805 9804 10402
f 10402 9804 10361
f 9804 9803 10361
f 9803 9802 10403
f 9802 9801 10403
f 10403 9801 10404
f 9801 9800 10404
f 10404 9800 10405
f 9800 9799 10405
f 10405 9799 10406
f 9799 9798 10406
f 10406 9798 10407
f 9798 9797 10407
f 10407 9797 10408
f 9797 5154 10408
f 10408 5154 10409
f 5154 9796 10409
f 10409 9796 10410
f 9796 9795 10410
f 10410 9795 10411
f 9795 9794 10411
f 10411 9794 10412
f 9794 9793 10412
f 10412 9793 10413
f 9793 9792 10413
f 9792 5145 10413
f 10413 5145 10414
f 5145 9791 10414
f 10414 9791 10415
f 9791 5142 10415
f 10415 5142 10416
f 5142 9790 10416
f 10416 9790 10417
f 9790 9789 10417
f 10417 9789 10418
f 9789 9787 10418
f 10418 9787 9788
f 9788 9786 10380
f 10380 9786 10419
f 9786 9785 10419
f 10419 9785 10420
f 9785 9784 10420
f 10420 9784 10421
f 9784 9824 10421
f 4232 4248 9103
f 9876 10190 5927
f 5927 10190 9879
f 4248 3909 9103
f 9102 9874 9085
f 9874 9877 9085
f 9085 9877 9876
f 5927 9879 5925
f 4153 4197 5948
f 9876 5927 9085
f 9085 5927 9104
f 5927 5950 9104
f 9104 5950 9105
f 5950 5952 9105
f 9105 5952 9106
f 5952 5954 9106
f 9106 5954 9103
f 5954 5948 9103
f 4197 4212 5948
f 4212 4232 5948
f 5948 4232 9103
f 9558 9542 10422
f 10422 9542 9230
f 10215 10231 10423
f 9595 9578 10424
f 10424 9578 9558
f 10422 9230 9229
f 9884 9886 10425
f 10231 9889 10423
f 9889 9888 10423
f 9558 10422 10424
f 10424 10422 10426
f 10422 10427 10426
f 10426 10427 10428
f 10427 10429 10428
f 10428 10429 10430
f 10429 10431 10430
f 10430 10431 10423
f 10431 10425 10423
f 9886 10198 10425
f 10198 10215 10425
f 10425 10215 10423
f 7831 10153 7824
f 7824 10153 10152
f 10152 10151 7824
f 10151 10150 7824
f 10150 10149 7824
f 7824 10149 10148
f 10148 10147 7824
f 10147 9882 7824
f 7824 9882 9881
f 9883 10146 10425
f 10146 10145 10425
f 10425 10145 10144
f 10425 10144 10143
f 10143 10142 10425
f 10142 10141 10425
f 10141 10140 10425
f 10425 10140 10139
f 10139 9884 10425
f 9229 9480 10422
f 10422 9480 9479
f 9479 9478 10422
f 9478 9477 10422
f 9477 9476 10422
f 10422 9476 9475
f 9475 9474 10422
f 9474 9473 10422
f 10422 9473 9232
f 9232 9234 7815
f 7815 9234 9235
f 9235 9237 7815
f 7815 9237 9236
f 9236 9516 7815
f 7815 9516 9515
f 9515 9514 7815
f 9514 9513 7815
f 9513 9512 7815
f 7815 9512 9511
f 9511 7816 7815
f 9232 7815 10422
f 7815 7837 10422
f 10422 7837 10427
f 7837 7835 10427
f 10427 7835 10429
f 7835 7833 10429
f 10429 7833 10431
f 7833 7824 10431
f 10431 7824 10425
f 7824 9881 10425
f 10425 9881 9883
f 10423 9888 9891
f 10423 9891 9893
f 9893 9895 10423
f 9898 9900 10423
f 9895 9896 10423
f 9896 10286 10423
f 10286 9899 10423
f 10423 9899 9898
f 9900 9902 10423
f 9903 9905 7829
f 7829 9905 9906
f 9906 9908 7829
f 9908 9909 7829
f 9909 9911 7829
f 9911 9912 7829
f 7829 9912 9913
f 7829 9913 9915
f 9915 9916 7829
f 7829 9916 7827
f 7821 7820 9199
f 7821 9199 9201
f 9201 9203 7821
f 9210 9211 7821
f 9203 9204 7821
f 9204 9206 7821
f 9206 9207 7821
f 7821 9207 9209
f 7821 9209 9210
f 9211 9213 7821
f 9214 9216 10424
f 10424 9216 9217
f 9217 9219 10424
f 9219 9220 10424
f 9220 9222 10424
f 9226 9228 10424
f 9222 9223 10424
f 10424 9223 9225
f 10424 9225 9226
f 10424 9228 9595
f 9213 9214 7821
f 9214 10424 7821
f 7821 10424 7836
f 10424 10426 7836
f 7836 10426 7834
f 10426 10428 7834
f 7834 10428 7832
f 10428 10430 7832
f 7832 10430 7829
f 10430 10423 7829
f 7829 10423 9903
f 10423 9902 9903
f 10432 9246 9248
f 9585 9251 10433
f 8849 8831 10434
f 10434 8831 8812
f 8885 8868 10435
f 10435 8868 8849
f 10434 8812 8775
f 10432 9248 9549
f 10433 9568 9585
f 8849 10434 10435
f 10435 10434 10436
f 10434 10437 10436
f 10436 10437 10438
f 10437 10439 10438
f 10438 10439 10440
f 10439 10441 10440
f 10440 10441 10433
f 10441 10432 10433
f 10433 10432 9568
f 10432 9549 9568
f 7228 9501 7226
f 7226 9501 9500
f 9500 9499 7226
f 9499 9498 7226
f 9498 9497 7226
f 7226 9497 9496
f 9496 9495 7226
f 9495 9239 7226
f 7226 9239 9238
f 9240 9242 10432
f 9242 9243 10432
f 9243 9245 10432
f 10432 9245 9244
f 9244 9494 10432
f 10432 9494 9493
f 9493 9492 10432
f 9492 9491 10432
f 9491 9490 10432
f 9490 9246 10432
f 10434 8775 8774
f 8774 8773 10434
f 8773 8772 10434
f 8772 8771 10434
f 8771 8770 10434
f 10434 8770 8769
f 8769 8768 10434
f 8768 8543 10434
f 10434 8543 8542
f 8542 8544 7214
f 8544 8546 7214
f 7214 8546 8547
f 8547 8549 7214
f 7214 8549 8548
f 8548 8800 7214
f 7214 8800 8799
f 8799 8798 7214
f 8798 8797 7214
f 8797 8796 7214
f 7214 8796 8795
f 8795 8794 7214
f 7214 8794 7215
f 8542 7214 10434
f 7214 7235 10434
f 10434 7235 10437
f 7235 7233 10437
f 10437 7233 10439
f 7233 7231 10439
f 10439 7231 10441
f 7231 7226 10441
f 10441 7226 10432
f 7226 9238 10432
f 10432 9238 9240
f 9251 9253 10433
f 9253 9254 10433
f 9264 9266 7223
f 9256 9258 10433
f 9254 9640 10433
f 9640 9642 10433
f 9642 9257 10433
f 10433 9257 9256
f 9258 9260 10433
f 9261 9263 7223
f 7223 9263 9264
f 9266 9267 7223
f 9267 9268 7223
f 9268 9270 7223
f 9272 9274 7223
f 9270 9271 7223
f 7223 9271 9648
f 7223 9648 9272
f 7223 9274 7221
f 7220 7219 8523
f 7220 8523 8525
f 8525 8527 7220
f 8527 8528 7220
f 8528 8530 7220
f 8530 8531 7220
f 7220 8531 8953
f 7220 8953 8955
f 8955 8956 7220
f 8532 8534 10435
f 10435 8534 8535
f 8535 8918 10435
f 8918 8920 10435
f 8920 8922 10435
f 8539 8541 10435
f 8922 8538 10435
f 10435 8538 8537
f 10435 8537 8539
f 10435 8541 8885
f 8956 8532 7220
f 8532 10435 7220
f 7220 10435 7234
f 10435 10436 7234
f 7234 10436 7232
f 10436 10438 7232
f 7232 10438 7230
f 10438 10440 7230
f 7230 10440 7223
f 10440 10433 7223
f 7223 10433 9261
f 10433 9260 9261
f 896 904 8823
f 7941 8204 907
f 907 8204 8188
f 896 8823 8840
f 8876 8894 832
f 8894 833 832
f 877 7944 868
f 7944 7942 868
f 868 7942 7941
f 907 8188 905
f 832 8857 8876
f 7941 907 868
f 868 907 879
f 907 928 879
f 879 928 881
f 928 930 881
f 881 930 883
f 930 932 883
f 883 932 832
f 932 896 832
f 832 896 8857
f 896 8840 8857
