# generated by mjcf2godot
v 0.0078887817 -0.015510989 0.0042420525
v 0.0079478695 -0.015535306 0.0042739199
v 0.0077674338 -0.015463675 0.0047369717
v 0.0070684136 -0.01538413 0.0066769608
v 0.0070080948 -0.015417448 0.006673893
v 0.0069772414 -0.015386252 0.0061538779
v 0.0069522443 -0.015359356 0.0066691262
v 0.0079922093 -0.015472787 0.0042934646
v 0.0071834397 -0.015357678 0.0067042356
v 0.0071326036 -0.015410885 0.0066875401
v 0.0072727666 -0.015388486 0.0062058998
v 0.006896035 -0.015351606 0.0066690614
v 0.0077479167 -0.015481094 0.0041393724
v 0.0077931274 -0.015513389 0.0041721364
v 0.0075006417 -0.015465808 0.0045996262
v 0.0073957236 -0.015413511 0.0057027941
v 0.0071069597 -0.01541273 0.0056214325
v 0.0075610111 -0.015438635 0.0052119693
v 0.0072818548 -0.015439314 0.0051020763
v 0.0078401376 -0.015543997 0.004210565
v 0.0071519886 -0.014318038 0.0066379151
v 0.0071990936 -0.014380573 0.0066491664
v 0.007288392 -0.01438966 0.0061600357
v 0.0069928668 -0.014387426 0.0061080138
v 0.006912078 -0.014367903 0.0066413029
v 0.0069677809 -0.014366208 0.0066235227
v 0.0079020756 -0.014495597 0.0041957646
v 0.0078511616 -0.014490068 0.0041650951
v 0.0075162671 -0.014466982 0.0045537621
v 0.0078217464 -0.014490722 0.0041408423
v 0.0070278825 -0.014309304 0.0066231947
v 0.0080084661 -0.014501383 0.0042470427
v 0.007962807 -0.014442456 0.0042227971
v 0.0077830592 -0.014464849 0.0046911076
v 0.0070856509 -0.014342331 0.0066275439
v 0.0078008932 -0.014491307 0.0041209886
v 0.0077632372 -0.014501658 0.0040944011
v 0.0075766365 -0.014439809 0.0051661052
v 0.0072974802 -0.014440488 0.0050562122
v 0.007411349 -0.014414686 0.00565693
v 0.0071225851 -0.014413904 0.0055755684
v 0.0077192982 -0.014575817 0.0041551443
v 0.0076955466 -0.0146378 0.0041954909
v 0.0076793406 -0.014692745 0.0042237518
v 0.0076692132 -0.014747438 0.0042440666
v 0.0076578777 -0.014798283 0.0042609674
v 0.0076479715 -0.014860021 0.0042782465
v 0.0076404208 -0.014980742 0.0042930805
v 0.0076390707 -0.015037508 0.0042936185
v 0.0076387212 -0.014920545 0.004288811
v 0.0076445048 -0.015101119 0.0042888771
v 0.0076514561 -0.01516299 0.0042790175
v 0.0076620241 -0.015221032 0.0042654193
v 0.0076703259 -0.015274675 0.0042511122
v 0.0076912512 -0.015348673 0.0042183156
v 0.0077211871 -0.015426464 0.0041764781
v 0.0068979233 -0.01530875 0.0066252349
v 0.0069016085 -0.01526544 0.0065825864
v 0.0069033338 -0.015215452 0.0065476319
v 0.0069075422 -0.015160506 0.0065153313
v 0.0069117848 -0.015105812 0.006493034
v 0.0069238436 -0.015077385 0.0064800762
v 0.006914546 -0.015045986 0.0064710369
v 0.0069280652 -0.014997001 0.0064559671
v 0.0069317788 -0.014871815 0.0064383334
v 0.0069321922 -0.014836755 0.00643763
v 0.0069146279 -0.0149327 0.0064389796
v 0.0069200869 -0.014806558 0.0064402087
v 0.0069193309 -0.014752127 0.0064424453
v 0.0069189222 -0.014690258 0.0064545077
v 0.0069191302 -0.014632218 0.0064717339
v 0.0069171029 -0.014578575 0.0064881552
v 0.0069148342 -0.014521359 0.006514279
v 0.0069144416 -0.014471791 0.006546937
v 0.0069125042 -0.014426795 0.0065783679
v 0.0079318011 -0.0151471 0.0044577251
v 0.0079362304 -0.015093626 0.0044715616
v 0.0079750946 -0.015421024 0.0043418557
v 0.0079614782 -0.015377928 0.0043682252
v 0.0079524155 -0.015347972 0.0043835683
v 0.0079445489 -0.015318691 0.0043969265
v 0.0079318049 -0.015268494 0.004415967
v 0.0079433833 -0.015205609 0.004445976
v 0.0079089503 -0.015036002 0.0044602868
v 0.0079281767 -0.014980179 0.004468129
v 0.0079215586 -0.01492369 0.0044593053
v 0.007938989 -0.01486488 0.0044605297
v 0.0079161516 -0.014840253 0.0044394416
v 0.0079206302 -0.014805542 0.0044306848
v 0.0079256522 -0.01477339 0.0044210117
v 0.0079597386 -0.014750578 0.0044245094
v 0.0079407085 -0.014694016 0.0043897274
v 0.0079864298 -0.014648812 0.0043822673
v 0.0079636558 -0.014618691 0.0043503776
v 0.0079727212 -0.014592952 0.0043339942
v 0.0079886822 -0.014550072 0.0043019376
v 0.0072310205 -0.014700022 0.0064808021
v 0.0072621339 -0.014759735 0.0064734477
v 0.0072147208 -0.014432335 0.0066002747
v 0.0072575058 -0.014481566 0.006573881
v 0.007221871 -0.014505385 0.0065533324
v 0.0072236779 -0.014534664 0.0065379336
v 0.0072250319 -0.01458486 0.0065150575
v 0.0072589202 -0.014642051 0.0065041005
v 0.0072335677 -0.014817349 0.0064659156
v 0.0072308785 -0.014875095 0.0064665955
v 0.0072302057 -0.014909794 0.006469047
v 0.0072294287 -0.014939117 0.0064725015
v 0.007257583 -0.01498848 0.0064838754
v 0.0072266295 -0.015013098 0.0064868491
v 0.0072248871 -0.015047809 0.0064965276
v 0.0072230239 -0.015079962 0.0065072644
v 0.0072522786 -0.015102785 0.0065250974
v 0.007216063 -0.015159337 0.006541275
v 0.0072479465 -0.015204555 0.0065748688
v 0.0072105074 -0.015234666 0.0065864816
v 0.0072078071 -0.015260406 0.0066050086
v 0.0072011107 -0.015303287 0.0066401852
v 0.01036075 -0.015295825 0.0020463204
v 0.010355811 -0.015242234 0.0020595158
v 0.010078707 -0.015616436 0.0021975639
v 0.01050756 -0.015619936 0.001945812
v 0.010465869 -0.015568603 0.001976483
v 0.010439209 -0.015525862 0.0019906463
v 0.010422628 -0.015496147 0.0019981954
v 0.010408142 -0.015467076 0.0020047303
v 0.010386016 -0.015417223 0.0020130846
v 0.010378147 -0.01535401 0.002043605
v 0.010346382 -0.015186066 0.0020492237
v 0.010348357 -0.015129053 0.0020504953
v 0.010338515 -0.015073442 0.0020261709
v 0.010094332 -0.014617611 0.0021516998
v 0.010358985 -0.015013512 0.0020481252
v 0.01035061 -0.014989541 0.0020176577
v 0.010358333 -0.014954731 0.0020121601
v 0.010367065 -0.014922465 0.0020062254
v 0.010393346 -0.014898729 0.0020272162
v 0.010394858 -0.014842747 0.001986778
v 0.010439512 -0.014772069 0.001988105
v 0.010479422 -0.014697652 0.0019365331
v 0.010532299 -0.014642681 0.0018970946
v 0.0086842911 -0.014871355 0.0033748508
v 0.0086999839 -0.014924499 0.0033750844
v 0.0088830979 -0.014554215 0.0031196823
v 0.0085435791 -0.014546991 0.0034829741
v 0.0085842899 -0.014598365 0.0034510789
v 0.0086356359 -0.014646442 0.0034527366
v 0.0086413864 -0.014693628 0.0034229142
v 0.0086548406 -0.014751206 0.0033999528
v 0.0086759381 -0.014812794 0.0033888603
v 0.0086938408 -0.014981316 0.0033659348
v 0.0086965042 -0.015038136 0.0033704539
v 0.0086767516 -0.015094981 0.0033578265
v 0.0088674725 -0.01555304 0.0031655464
v 0.0086956282 -0.015153271 0.0033849991
v 0.0086781003 -0.015205402 0.0033893839
v 0.0086684069 -0.015262011 0.0034086605
v 0.0086335113 -0.015325129 0.0034135784
v 0.0086431962 -0.015369422 0.0034597725
v 0.0086000121 -0.015416587 0.0034585404
v 0.0085880712 -0.015466084 0.0035042747
v 0.008527041 -0.0155184 0.0035291988
v 0.0092588367 -0.014576468 0.0027630523
v 0.0092432113 -0.015575294 0.0028089164
v 0.0096635561 -0.014597652 0.0024396119
v 0.0096479307 -0.015596477 0.002485476
v 0.0099441129 -0.014627181 0.0018921059
v 0.010418626 -0.014651183 0.001629695
v 0.010332646 -0.014730908 0.0016679664
v 0.010292637 -0.014792034 0.0016726963
v 0.010264591 -0.0148488 0.0017059693
v 0.010246319 -0.014903724 0.0017184589
v 0.01022879 -0.014954841 0.0017273616
v 0.0102125 -0.015016805 0.0017375245
v 0.01020083 -0.01513767 0.0017478305
v 0.010200671 -0.015194452 0.0017484471
v 0.0099284875 -0.015626006 0.00193797
v 0.010200363 -0.015077546 0.001742374
v 0.010209223 -0.015257895 0.0017483897
v 0.010221777 -0.015319564 0.0017448181
v 0.010239307 -0.015377313 0.0017399925
v 0.010255217 -0.015430727 0.0017332764
v 0.010292189 -0.015504165 0.0017181371
v 0.010341705 -0.01558116 0.0017003114
v 0.010385452 -0.015635084 0.0016843703
v 0.0086468976 -0.015558928 0.0029621789
v 0.0082995441 -0.015525904 0.003351363
v 0.0083398661 -0.015451808 0.0032880843
v 0.0083682286 -0.015389746 0.0032509678
v 0.0083879897 -0.015334743 0.0032251919
v 0.0084023807 -0.015279979 0.003207858
v 0.0084132367 -0.015229142 0.003190622
v 0.0084246974 -0.015167379 0.0031744294
v 0.0084333664 -0.015046639 0.0031603778
v 0.0084321539 -0.014989915 0.0031580483
v 0.008662523 -0.014560102 0.0029163148
v 0.0084301051 -0.015106918 0.0031611786
v 0.0084281605 -0.014926281 0.0031637964
v 0.0084199201 -0.014864431 0.0031727544
v 0.0084094949 -0.014806386 0.0031864528
v 0.0083977238 -0.014752801 0.0031983343
v 0.0083804282 -0.014695636 0.0032181952
v 0.0083613516 -0.01464606 0.0032446895
v 0.0083417411 -0.014601096 0.0032693887
v 0.0083148647 -0.014546468 0.0033063915
v 0.0090598287 -0.014583659 0.0025386652
v 0.0090442033 -0.015582484 0.0025845293
v 0.0094880747 -0.014606073 0.0021964242
v 0.0094724493 -0.015604899 0.0022422883
v 0.0084560829 -0.014540288 0.0033988532
v 0.008508628 -0.014485777 0.0034470872
v 0.010466628 -0.014619203 0.0017980458
v 0.010429317 -0.014642085 0.0017262075
v 0.010497999 -0.014590875 0.0018542725
v 0.010421313 -0.014613522 0.001678831
v 0.0083604319 -0.014512679 0.0033370895
v 0.0084119733 -0.014480449 0.0033675573
v 0.01370997 -0.015381084 0.0013306181
v 0.013697493 -0.015327631 0.0013382143
v 0.013398157 -0.01570909 0.0013106695
v 0.013895001 -0.015701187 0.001330388
v 0.013842215 -0.015650974 0.0013328846
v 0.013805506 -0.01560149 0.0013668631
v 0.013782078 -0.015562004 0.0013253296
v 0.013751888 -0.015501785 0.0013181965
v 0.013727372 -0.015438775 0.0013386398
v 0.013693867 -0.015271753 0.0013235785
v 0.013696674 -0.015197792 0.0012987491
v 0.013698581 -0.015153393 0.0013178679
v 0.013413782 -0.014710264 0.0012648054
v 0.013701211 -0.015098921 0.0013267456
v 0.013715887 -0.015053109 0.0012958971
v 0.013734178 -0.014989629 0.0013170724
v 0.013759919 -0.014929711 0.0013096087
v 0.013790929 -0.014886796 0.0013557914
v 0.01381358 -0.014833994 0.0012939886
v 0.013852811 -0.014781873 0.0013146929
v 0.01391229 -0.014729707 0.0012859893
v 0.011567537 -0.01500889 0.0015182145
v 0.011586804 -0.015053628 0.0015464209
v 0.011870539 -0.014678788 0.0014245151
v 0.011388522 -0.0146804 0.0015468409
v 0.011441145 -0.014730682 0.001542784
v 0.011471245 -0.014773092 0.0015369952
v 0.011489167 -0.014802678 0.0015327136
v 0.01150487 -0.014831632 0.0015291391
v 0.011527863 -0.014881403 0.001522895
v 0.011553769 -0.014936655 0.0015514497
v 0.011556597 -0.01496307 0.0015191996
v 0.011587846 -0.015110603 0.0015362957
v 0.011588914 -0.015167323 0.0015424313
v 0.011583597 -0.015224309 0.0015363525
v 0.011854913 -0.015677614 0.0014703792
v 0.01158289 -0.015282422 0.0015560095
v 0.011562589 -0.01533062 0.0015329752
v 0.011549635 -0.015391835 0.0015629346
v 0.011523457 -0.015451939 0.0015662057
v 0.011503025 -0.015490367 0.0016213609
v 0.011468604 -0.015548161 0.0015704143
v 0.011434961 -0.015597912 0.0016032373
v 0.011371322 -0.015651844 0.0015920849
v 0.012379764 -0.014691205 0.0013275878
v 0.012364139 -0.015690031 0.0013734519
v 0.012895421 -0.014701722 0.0012742226
v 0.012879795 -0.015700548 0.0013200867
v 0.013427829 -0.014724233 0.00096538305
v 0.01394914 -0.014740531 0.00099970041
v 0.01387808 -0.01481759 0.0009881488
v 0.013843227 -0.014879777 0.00097148744
v 0.013802927 -0.014937247 0.00098524031
v 0.013782035 -0.014992635 0.0009867493
v 0.01376362 -0.015044201 0.00098558214
v 0.013745865 -0.015102275 0.00099898398
v 0.013733123 -0.0152277 0.00099058741
v 0.013729982 -0.015282222 0.00098839039
v 0.013412204 -0.015723058 0.0010112472
v 0.013736623 -0.015158226 0.0010009255
v 0.013729835 -0.015170243 0.00097751107
v 0.013739661 -0.015340794 0.00099937884
v 0.013756432 -0.015408959 0.0010022202
v 0.013775075 -0.015466213 0.0010085312
v 0.013793279 -0.015519181 0.0010123085
v 0.013834199 -0.015591602 0.0010206821
v 0.013887203 -0.015667238 0.0010336239
v 0.013933821 -0.015719967 0.0010446743
v 0.01177932 -0.015689754 0.0011802338
v 0.011276151 -0.015665759 0.0013197149
v 0.011315377 -0.015622316 0.0013014122
v 0.011354262 -0.015578341 0.0012852152
v 0.011385124 -0.015527895 0.0012701687
v 0.011414442 -0.015472404 0.0012582801
v 0.01143469 -0.015417289 0.0012506007
v 0.011451997 -0.015366194 0.0012411581
v 0.011469006 -0.015304161 0.0012327461
v 0.011479363 -0.015243591 0.0012235648
v 0.011480358 -0.015177823 0.0012285005
v 0.011476403 -0.01511736 0.0012238637
v 0.011794945 -0.014690929 0.0011343697
v 0.011472282 -0.015063071 0.0012218776
v 0.011459131 -0.015001459 0.001223996
v 0.011441667 -0.014943704 0.0012289829
v 0.011424149 -0.014890445 0.0012317846
v 0.011397595 -0.01483375 0.001238263
v 0.011366131 -0.014784681 0.0012494812
v 0.011335289 -0.01474024 0.0012589735
v 0.011291471 -0.014686323 0.0012747419
v 0.012333697 -0.014704084 0.0010314171
v 0.012318072 -0.01570291 0.0010772812
v 0.012879328 -0.014715213 0.00097495007
v 0.012863703 -0.015714038 0.0010208142
v 0.01131524 -0.014677493 0.0013255022
v 0.011338659 -0.014617608 0.0013776139
v 0.011377136 -0.014620205 0.0014968108
v 0.013918042 -0.014702117 0.0011681994
v 0.01392878 -0.014689225 0.0010959673
v 0.013913433 -0.014672878 0.0012320108
v 0.011359788 -0.014647707 0.0014332419
v 0.013944183 -0.014697815 0.0010433157
v 0.016916114 -0.015375806 0.0025378475
v 0.016900321 -0.015322705 0.0025366627
v 0.016671881 -0.015712217 0.0023578716
v 0.017079046 -0.015690744 0.0026425837
v 0.01702031 -0.015639841 0.0026337022
v 0.016986847 -0.015565677 0.0025803238
v 0.016951201 -0.015493565 0.0025667479
v 0.016927709 -0.015432992 0.0025549
v 0.016913763 -0.015266544 0.0025073848
v 0.016901734 -0.015209945 0.0025214957
v 0.016909847 -0.015153701 0.0025123625
v 0.016687506 -0.014713392 0.0023120075
v 0.016904539 -0.015093992 0.0025254227
v 0.01692797 -0.015070097 0.002504144
v 0.016935041 -0.015034873 0.00250744
v 0.016943013 -0.015002133 0.0025115742
v 0.016934082 -0.014977357 0.0025432101
v 0.016969641 -0.014920867 0.0025254434
v 0.016969283 -0.014872618 0.0025685879
v 0.017003241 -0.014842842 0.0025485104
v 0.017017455 -0.014815995 0.0025580127
v 0.017045725 -0.01477104 0.0025753581
v 0.017101757 -0.014712961 0.0026046909
v 0.015001537 -0.015048811 0.0015322261
v 0.015006041 -0.015106126 0.0015680383
v 0.015302223 -0.01472383 0.0016127376
v 0.014830672 -0.014738444 0.0014554739
v 0.01487051 -0.014787334 0.0015017628
v 0.014899653 -0.014832697 0.0015305558
v 0.014925703 -0.014857948 0.0014998441
v 0.01494149 -0.014886467 0.0015057691
v 0.014965317 -0.014935599 0.0015137099
v 0.014972923 -0.014990091 0.0015525965
v 0.015019139 -0.015165114 0.0015447796
v 0.015020441 -0.0152229 0.0015459426
v 0.015019067 -0.015257639 0.0015472875
v 0.015286597 -0.015722655 0.0016586017
v 0.015016568 -0.01528706 0.0015480245
v 0.015002675 -0.015334929 0.0015775913
v 0.015004808 -0.015361548 0.0015482674
v 0.014996436 -0.015396633 0.0015475454
v 0.014986963 -0.015429214 0.0015463828
v 0.014965792 -0.015450782 0.0015743339
v 0.014956488 -0.015510069 0.0015401291
v 0.014919965 -0.015554389 0.0015699906
v 0.014914622 -0.015587214 0.0015334235
v 0.014897384 -0.015613739 0.0015299087
v 0.01486471 -0.015658225 0.0015212797
v 0.014813445 -0.015709941 0.0014995353
v 0.01578326 -0.014722468 0.0018062866
v 0.015767634 -0.015721293 0.0018521507
v 0.016246136 -0.01471898 0.0020399396
v 0.01623051 -0.015717806 0.0020858037
v 0.016861359 -0.014727324 0.002067821
v 0.017281764 -0.014729358 0.0023784091
v 0.017229947 -0.014808338 0.0023315376
v 0.017211011 -0.014871475 0.0022996669
v 0.017170959 -0.014930006 0.0022903898
v 0.017153804 -0.014985942 0.0022812513
v 0.017140093 -0.01503799 0.0022711361
v 0.017126104 -0.015100825 0.0022631179
v 0.017115828 -0.015222247 0.0022617679
v 0.017117052 -0.015278966 0.0022642077
v 0.016845734 -0.01572615 0.0021136851
v 0.017118634 -0.015162161 0.0022566052
v 0.017122725 -0.015341888 0.0022745517
v 0.017133199 -0.01540279 0.0022869922
v 0.017146754 -0.015459507 0.0023032698
v 0.01716121 -0.015511954 0.002317109
v 0.01719273 -0.015583221 0.0023473854
v 0.01723202 -0.015657368 0.0023880847
v 0.017278133 -0.015711866 0.0024363768
v 0.015379985 -0.015737194 0.0013737974
v 0.014880802 -0.015726767 0.0012191489
v 0.014952667 -0.015649924 0.0012263683
v 0.014996163 -0.015586041 0.0012341182
v 0.015026011 -0.015529785 0.001239069
v 0.015045964 -0.015474147 0.0012426715
v 0.015064484 -0.01542261 0.0012432655
v 0.015077328 -0.015363232 0.0012565631
v 0.015090798 -0.015237498 0.0012542115
v 0.015090468 -0.015202479 0.0012523417
v 0.015395611 -0.014738369 0.0013279333
v 0.015086247 -0.015307196 0.0012563801
v 0.015101111 -0.015297322 0.0012358792
v 0.015088804 -0.015173224 0.0012379759
v 0.015085198 -0.01511907 0.0012332254
v 0.015071614 -0.015057837 0.0012269394
v 0.01505294 -0.015000574 0.0012207999
v 0.0150355 -0.014947809 0.0012128632
v 0.015008396 -0.014891852 0.0012030881
v 0.014974771 -0.014843646 0.0011947702
v 0.014942706 -0.014800052 0.0011854084
v 0.014896121 -0.014747331 0.0011741745
v 0.015904759 -0.014736946 0.0015323642
v 0.015889133 -0.015735772 0.0015782283
v 0.016394541 -0.014733256 0.0017795989
v 0.016378916 -0.015732082 0.001825463
v 0.014846771 -0.01467864 0.0014062759
v 0.014888504 -0.014737797 0.0012295877
v 0.017163737 -0.014691609 0.0025028196
v 0.017214274 -0.014715453 0.0024399467
v 0.014878724 -0.014677233 0.0012851465
v 0.017124741 -0.014662431 0.0025535739
v 0.017253087 -0.014686742 0.0024117641
v 0.014870558 -0.014735142 0.0013406924
v 0.01714738 -0.015705576 0.002543149
v 0.017106407 -0.015755178 0.0026057565
v 0.014849398 -0.015748596 0.0013905313
v 0.01486192 -0.015785526 0.0013336339
v 0.014869312 -0.01575609 0.0012720243
v 0.014830551 -0.015771611 0.0014542742
v 0.017228494 -0.015739352 0.0024656507
v 0.017184637 -0.015768322 0.002508788
v 0.018961248 -0.015281669 0.0052847283
v 0.018947415 -0.015229019 0.005274371
v 0.018860495 -0.015624827 0.005006691
v 0.019048782 -0.015591922 0.0054657891
v 0.01902294 -0.015544494 0.0054168339
v 0.019011534 -0.015504076 0.0053856189
v 0.0190056 -0.015475766 0.0053661695
v 0.019000391 -0.01544793 0.0053489738
v 0.018993892 -0.015399917 0.0053225683
v 0.018963068 -0.015338496 0.0053062389
v 0.01895739 -0.015173218 0.0052626893
v 0.01895428 -0.01511628 0.0052605964
v 0.018978212 -0.015060545 0.005250507
v 0.018876121 -0.014626002 0.0049608269
v 0.01895193 -0.01500029 0.005263593
v 0.018982605 -0.014975789 0.0052579579
v 0.018985988 -0.014940382 0.0052639963
v 0.018989731 -0.014907432 0.0052712646
v 0.018964574 -0.014882871 0.0052926795
v 0.019002828 -0.014825454 0.0052960358
v 0.018978143 -0.014777182 0.0053313947
v 0.019016895 -0.014746514 0.0053323623
v 0.019023121 -0.014719278 0.0053476112
v 0.019036534 -0.014673549 0.0053767646
v 0.019064658 -0.014620338 0.0054231667
v 0.017873112 -0.015013306 0.0034139995
v 0.017872118 -0.015065323 0.0034330725
v 0.018088614 -0.014675039 0.0036245899
v 0.017771261 -0.014702741 0.0032449991
v 0.017786777 -0.014750424 0.0032991139
v 0.017805628 -0.014802918 0.0033354315
v 0.017823393 -0.014846908 0.0033596931
v 0.017849145 -0.014896266 0.0033732507
v 0.017858823 -0.014955946 0.0033998187
v 0.01788361 -0.015122039 0.0034321364
v 0.017880326 -0.015178705 0.0034379876
v 0.017897194 -0.01523618 0.003424096
v 0.018072989 -0.015673865 0.003670454
v 0.017869233 -0.015294122 0.0034428927
v 0.017868821 -0.015347384 0.003428499
v 0.017852685 -0.015405164 0.0034200639
v 0.017854515 -0.0154705 0.0033891837
v 0.017808653 -0.015515765 0.0033952911
v 0.017817306 -0.015565488 0.003356002
v 0.017790791 -0.015621126 0.0033260993
v 0.017760562 -0.015674247 0.0032809345
v 0.018388738 -0.014660331 0.0040471658
v 0.018373112 -0.015659156 0.0040930299
v 0.018651873 -0.014643945 0.0044936532
v 0.018636248 -0.015642771 0.0045395173
v 0.019154583 -0.014635474 0.0048494033
v 0.019340555 -0.014625676 0.0053377957
v 0.019330065 -0.014672181 0.0052992185
v 0.019318063 -0.014719021 0.005262204
v 0.019309626 -0.014771855 0.0052328602
v 0.019299351 -0.014829375 0.0052070519
v 0.019291103 -0.014885768 0.005190978
v 0.019286193 -0.014938184 0.0051758824
v 0.019280159 -0.015001387 0.0051625697
v 0.019274951 -0.015123045 0.0051577941
v 0.01927742 -0.015177625 0.0051562618
v 0.019138958 -0.0156343 0.0048952674
v 0.019278759 -0.01506291 0.0051540202
v 0.019273363 -0.015235762 0.0051720311
v 0.019279971 -0.015303016 0.0051912397
v 0.019283848 -0.015359324 0.0052131465
v 0.019289707 -0.015411341 0.0052334237
v 0.01930146 -0.015481686 0.0052770427
v 0.019314188 -0.015554687 0.0053336704
v 0.019325234 -0.015605112 0.005382772
v 0.018305709 -0.015686186 0.0034814143
v 0.017969046 -0.015689559 0.0030815941
v 0.018023882 -0.015610776 0.0031252529
v 0.018054876 -0.015545722 0.0031542588
v 0.018076057 -0.015488667 0.0031736567
v 0.018089654 -0.015432501 0.0031865853
v 0.018103766 -0.015380479 0.0031962745
v 0.01810606 -0.015320756 0.0032134709
v 0.018115855 -0.015194703 0.0032167873
v 0.018115807 -0.015159709 0.0032144854
v 0.018321334 -0.01468736 0.0034355502
v 0.018112412 -0.015264498 0.0032172512
v 0.018135776 -0.015254245 0.0032078621
v 0.018121516 -0.015130527 0.003201032
v 0.01811984 -0.015076497 0.0031942374
v 0.018110441 -0.015015665 0.0031806509
v 0.018096767 -0.01495894 0.0031645004
v 0.018085205 -0.01490668 0.0031475771
v 0.018057293 -0.014835646 0.0031134562
v 0.018018668 -0.014761541 0.0030720487
v 0.017984366 -0.014710123 0.0030366184
v 0.018639227 -0.014671812 0.0038824599
v 0.018623602 -0.015670638 0.003928324
v 0.018917659 -0.014654474 0.0043549015
v 0.018902034 -0.0156533 0.0044007656
v 0.017947817 -0.014700735 0.0030789902
v 0.017908231 -0.014640396 0.0031195128
v 0.017815956 -0.01464253 0.0032042262
v 0.01779739 -0.01468898 0.0032217842
v 0.019173001 -0.014617728 0.0053758782
v 0.019231302 -0.014558643 0.0053598463
v 0.019290409 -0.014592373 0.0053505977
v 0.019112346 -0.014562851 0.0053993861
v 0.017867426 -0.014670079 0.0031631142
v 0.019155675 -0.015632943 0.0054246754
v 0.019093125 -0.015655629 0.0054505818
v 0.017854146 -0.015685465 0.0032095336
v 0.017897692 -0.015694119 0.0031696309
v 0.017921469 -0.015695858 0.0031398734
v 0.017800779 -0.015735483 0.0032530453
v 0.017937776 -0.015697201 0.0031161741
v 0.019271156 -0.015636645 0.0053983345
v 0.019211605 -0.015666749 0.0054114162
v 0.01919606 -0.015128559 0.0086991386
v 0.019188842 -0.015076318 0.0086821265
v 0.01926913 -0.015474664 0.0084161455
v 0.019178832 -0.015436097 0.0089036537
v 0.019182475 -0.015389448 0.0088477563
v 0.019152703 -0.01534367 0.0088033842
v 0.019193718 -0.015321279 0.008794676
v 0.019198002 -0.015293616 0.0087769541
v 0.019205725 -0.015245829 0.0087504683
v 0.019178928 -0.015190519 0.0087228624
v 0.01921246 -0.015166451 0.0087163681
v 0.019202298 -0.01502028 0.0086768038
v 0.019199541 -0.014963451 0.0086724682
v 0.019223881 -0.014907095 0.0086760221
v 0.019284756 -0.014475839 0.0083702814
v 0.019193357 -0.014847564 0.008671898
v 0.019221661 -0.014822243 0.0086833319
v 0.019220455 -0.014786749 0.0086896835
v 0.019218943 -0.0147537 0.0086973032
v 0.019185663 -0.01472981 0.0087013574
v 0.019214752 -0.014671367 0.0087239328
v 0.019173809 -0.014623745 0.0087396042
v 0.019205204 -0.01459203 0.0087608584
v 0.019201598 -0.014564617 0.0087766252
v 0.019196115 -0.014518504 0.0088076823
v 0.019193525 -0.014464491 0.0088610813
v 0.019303879 -0.014886718 0.0065280351
v 0.019275066 -0.014944175 0.0065493962
v 0.019345055 -0.014547907 0.0068213241
v 0.019292525 -0.014584499 0.0063281637
v 0.019290451 -0.01463117 0.0063841232
v 0.019256014 -0.01467606 0.0064259545
v 0.019295579 -0.014699566 0.0064378514
v 0.019297684 -0.014727317 0.0064558261
v 0.019301969 -0.01477527 0.0064827871
v 0.019271558 -0.014829789 0.0065081292
v 0.019303574 -0.015002124 0.0065540187
v 0.019304941 -0.01505978 0.006558054
v 0.01930428 -0.015094557 0.006558791
v 0.01932943 -0.015546733 0.0068671882
v 0.019303531 -0.015124074 0.0065580345
v 0.019272442 -0.015172956 0.0065596995
v 0.019300851 -0.015199061 0.0065505098
v 0.019299172 -0.015234515 0.0065440441
v 0.019297354 -0.015267518 0.0065362926
v 0.019263852 -0.015290484 0.0065295957
v 0.01929301 -0.015349733 0.0065093252
v 0.019252134 -0.015396224 0.0064904161
v 0.019284222 -0.015428816 0.0064716741
v 0.019281118 -0.015456137 0.0064556417
v 0.019276835 -0.015502115 0.006424198
v 0.019276982 -0.015556093 0.0063707025
v 0.019368977 -0.014524522 0.007338761
v 0.019353351 -0.015523347 0.0073846251
v 0.019348828 -0.014500441 0.0078563266
v 0.019333203 -0.015499266 0.0079021907
v 0.019579417 -0.014477844 0.0084269973
v 0.019471866 -0.014462404 0.0089382731
v 0.019495518 -0.01454332 0.0088749111
v 0.019518665 -0.014606932 0.0088470345
v 0.019512364 -0.014667304 0.0088091972
v 0.019515366 -0.014723919 0.008792103
v 0.019520558 -0.014776468 0.0087775715
v 0.019524083 -0.014839827 0.0087641036
v 0.019524996 -0.014961588 0.0087591856
v 0.019529119 -0.015016082 0.008760087
v 0.019563792 -0.01547667 0.0084728614
v 0.019528896 -0.014901376 0.0087571198
v 0.019518486 -0.01507429 0.0087720817
v 0.019515172 -0.015141316 0.0087928722
v 0.019507857 -0.015197471 0.0088142871
v 0.019502995 -0.015249285 0.0088353327
v 0.019494852 -0.015303739 0.0088658252
v 0.01948277 -0.015349996 0.0089010094
v 0.019472645 -0.015391792 0.0089351696
v 0.019456543 -0.01544184 0.0089832497
v 0.019627594 -0.015552924 0.0068339318
v 0.019560387 -0.015565948 0.0063157402
v 0.019581184 -0.015485647 0.0063808613
v 0.019603803 -0.015422667 0.006410549
v 0.019596202 -0.015362103 0.0064478361
v 0.019599405 -0.015305573 0.0064651758
v 0.019604882 -0.015253172 0.0064801295
v 0.019609079 -0.01518992 0.0064939029
v 0.019612962 -0.015068226 0.0064990107
v 0.019615016 -0.015011646 0.0064946444
v 0.019643219 -0.014554099 0.0067880677
v 0.019615023 -0.01512852 0.0065013124
v 0.019612721 -0.014948869 0.0064823144
v 0.019610795 -0.014888332 0.0064648496
v 0.019606748 -0.01483202 0.0064429852
v 0.019604996 -0.014780114 0.0064216777
v 0.019600794 -0.014725489 0.0063906968
v 0.01959281 -0.014678955 0.0063547185
v 0.019586574 -0.014636933 0.0063199109
v 0.019575708 -0.014586512 0.0062707636
v 0.019668929 -0.014529361 0.0073355647
v 0.019653304 -0.015528186 0.0073814288
v 0.01964761 -0.01450388 0.0078832161
v 0.019631984 -0.015502706 0.0079290802
v 0.019413326 -0.014577732 0.0063164271
v 0.019341985 -0.014523341 0.0063198348
v 0.019310157 -0.014458983 0.0088797367
v 0.019367758 -0.014453077 0.0088942621
v 0.019402815 -0.014452937 0.0089092578
v 0.019245206 -0.014405754 0.0088659108
v 0.019428414 -0.014452732 0.0089224395
v 0.019521863 -0.014578074 0.0062865431
v 0.019465322 -0.01451879 0.0062983263
v 0.0194039 -0.015448805 0.0089632562
v 0.019346852 -0.015506519 0.008946978
v 0.019225773 -0.015498588 0.0089157976
v 0.019394526 -0.01556484 0.006361314
v 0.01945291 -0.015572349 0.0063513784
v 0.019489025 -0.015573473 0.0063391991
v 0.019327241 -0.01561624 0.0063699069
v 0.01951557 -0.015574399 0.0063280808
v 0.019298096 -0.015446184 0.0089248902
v 0.017546 -0.014965088 0.011697034
v 0.017547952 -0.014913084 0.011677998
v 0.017768047 -0.015309405 0.011503758
v 0.017422582 -0.015272538 0.011857119
v 0.017443635 -0.015225361 0.011804452
v 0.017466738 -0.015173447 0.011769794
v 0.017487572 -0.015129991 0.01174706
v 0.017515668 -0.015081378 0.011735634
v 0.017529057 -0.015022016 0.011709978
v 0.017560896 -0.014856706 0.011679902
v 0.01755965 -0.014799978 0.011673871
v 0.017576948 -0.014742975 0.011689115
v 0.017783672 -0.014310579 0.011457894
v 0.01755217 -0.014684303 0.011668231
v 0.017552093 -0.014631035 0.011682605
v 0.017536941 -0.014572823 0.011689802
v 0.017538129 -0.014507528 0.011720802
v 0.01749416 -0.014461021 0.01171114
v 0.017508381 -0.014428438 0.011745476
v 0.01749622 -0.014401114 0.011756367
v 0.017473803 -0.014355132 0.011778819
v 0.017435219 -0.014294747 0.011826128
v 0.018800651 -0.014757572 0.0099335803
v 0.01876947 -0.014781146 0.0099275905
v 0.018672632 -0.014382797 0.010187999
v 0.018895621 -0.014421388 0.0097451758
v 0.018864693 -0.014468032 0.0097918845
v 0.018849746 -0.014508086 0.0098220567
v 0.018841514 -0.014536199 0.0098409455
v 0.018834196 -0.014563862 0.0098576455
v 0.018824309 -0.014611648 0.0098834025
v 0.018786254 -0.014666947 0.0098891687
v 0.018809019 -0.014691024 0.0099146219
v 0.018804581 -0.0147233 0.0099246567
v 0.018792249 -0.01483829 0.0099477832
v 0.018792506 -0.014895882 0.0099528236
v 0.018792329 -0.014930664 0.0099536337
v 0.018657007 -0.015381622 0.010233863
v 0.018792765 -0.014960191 0.0099530563
v 0.018766802 -0.015009901 0.0099384416
v 0.018796249 -0.015035232 0.0099464559
v 0.01879912 -0.015070726 0.009940665
v 0.018802514 -0.015103775 0.0099336791
v 0.018778459 -0.015127655 0.0099103167
v 0.018815259 -0.01518611 0.0099099306
v 0.018792122 -0.015233721 0.0098726792
v 0.018829968 -0.015265448 0.0098747427
v 0.018836625 -0.015292862 0.0098600036
v 0.018851031 -0.015338976 0.0098319511
v 0.018872189 -0.015392101 0.0097850592
v 0.018412758 -0.014358159 0.010636015
v 0.018397132 -0.015356985 0.010681879
v 0.018115722 -0.014334029 0.011060335
v 0.018100097 -0.015332854 0.011106199
v 0.01800098 -0.01430448 0.011664742
v 0.017634004 -0.014291378 0.012036718
v 0.017689923 -0.014371693 0.011997442
v 0.017721303 -0.014437609 0.011970904
v 0.017742367 -0.014495249 0.011953178
v 0.017755388 -0.014551782 0.011941303
v 0.017768779 -0.014604185 0.011932702
v 0.017780432 -0.014667441 0.011924266
v 0.017786575 -0.014789137 0.011922534
v 0.017785551 -0.014845716 0.011927248
v 0.017985355 -0.015303306 0.011710606
v 0.017789629 -0.014728844 0.011921955
v 0.017768891 -0.014909381 0.011927999
v 0.017764126 -0.014969027 0.011948405
v 0.017747659 -0.015025335 0.011963363
v 0.017733357 -0.015077237 0.011979263
v 0.017700887 -0.015147436 0.012010994
v 0.01765708 -0.015220401 0.01204914
v 0.01761868 -0.015270814 0.012081693
v 0.018925951 -0.015379719 0.010366949
v 0.019149586 -0.01539518 0.0098947654
v 0.019130118 -0.015314262 0.0099595304
v 0.019131706 -0.015250657 0.0099957425
v 0.01910382 -0.015190279 0.010022068
v 0.019095888 -0.015133662 0.010037501
v 0.019091249 -0.015081114 0.010052219
v 0.019085929 -0.015017754 0.010065082
v 0.019083721 -0.014895994 0.010069564
v 0.019086544 -0.014839384 0.010066109
v 0.018941576 -0.014380893 0.010321085
v 0.019085557 -0.014956206 0.010073562
v 0.019089873 -0.014776708 0.010053507
v 0.019096334 -0.014716266 0.010036817
v 0.019103482 -0.014660111 0.010015346
v 0.019112358 -0.014608298 0.0099956519
v 0.019129458 -0.014538351 0.0099531748
v 0.01914863 -0.014465792 0.0098978093
v 0.019164909 -0.014415744 0.0098497891
v 0.01866694 -0.01435482 0.010795343
v 0.018651314 -0.015353645 0.010841207
v 0.018352638 -0.014329286 0.011244329
v 0.018337012 -0.015328112 0.011290193
v 0.018940366 -0.014358913 0.0097639088
v 0.019113121 -0.014382747 0.0098300373
v 0.017526626 -0.014265779 0.01190016
v 0.017582316 -0.014284046 0.011960496
v 0.019055644 -0.014351025 0.0098123245
v 0.01748114 -0.014241014 0.011852559
v 0.019000024 -0.014383289 0.009794651
v 0.017603898 -0.014251919 0.012000833
v 0.017516998 -0.015279547 0.011947103
v 0.017462237 -0.015333916 0.01190123
v 0.018985409 -0.015398542 0.0098435557
v 0.019040608 -0.015459196 0.0098640789
v 0.019095362 -0.015401908 0.0098794688
v 0.017446405 -0.01528699 0.011882311
v 0.018902584 -0.015405288 0.0098021329
v 0.018934958 -0.01540487 0.0098222733
v 0.017583091 -0.015305247 0.012040362
v 0.017547436 -0.015338504 0.011992967
v 0.014534945 -0.014843157 0.013326595
v 0.014545708 -0.014791142 0.01331081
v 0.014833829 -0.015181517 0.013289233
v 0.014351911 -0.01515372 0.013408766
v 0.014396616 -0.015105999 0.013365822
v 0.014433613 -0.015053515 0.013348312
v 0.01446245 -0.015009533 0.013339744
v 0.014491173 -0.014960186 0.013344532
v 0.01451497 -0.014900511 0.013329236
v 0.014554312 -0.01473443 0.013318515
v 0.014559948 -0.014658568 0.013336058
v 0.014553496 -0.014615921 0.013314146
v 0.014849455 -0.014182691 0.013243369
v 0.014549425 -0.014562344 0.013301271
v 0.014544884 -0.014513471 0.013330538
v 0.014522475 -0.014451294 0.013309452
v 0.014505275 -0.014385954 0.013335158
v 0.014472463 -0.014340676 0.013302553
v 0.014465156 -0.014307676 0.01333862
v 0.014448432 -0.014280682 0.01334079
v 0.01441642 -0.014235301 0.01334686
v 0.014365044 -0.014182166 0.013364542
v 0.016538318 -0.014603573 0.012516611
v 0.016515849 -0.014627995 0.012495109
v 0.016284837 -0.01423213 0.012655719
v 0.016671892 -0.014277055 0.012367326
v 0.016694704 -0.014269878 0.012401884
v 0.01671201 -0.014250961 0.012391147
v 0.016656758 -0.014321441 0.012432367
v 0.016613312 -0.01437334 0.012420031
v 0.016589356 -0.014410541 0.012442437
v 0.016582067 -0.014457117 0.01248486
v 0.016548173 -0.014513426 0.012470041
v 0.016554113 -0.014536844 0.012504127
v 0.016545679 -0.014569217 0.012510684
v 0.01652538 -0.014684473 0.012525296
v 0.01652416 -0.014742031 0.012530583
v 0.016524349 -0.014776804 0.012531715
v 0.016269211 -0.015230955 0.012701583
v 0.016525687 -0.014806309 0.01253193
v 0.01651285 -0.014856725 0.012506398
v 0.016533858 -0.014881235 0.012529435
v 0.016540193 -0.014916643 0.012526669
v 0.016547559 -0.014949596 0.012523142
v 0.016540475 -0.014974151 0.012490873
v 0.016572946 -0.015031581 0.012511331
v 0.016574666 -0.015079849 0.012468241
v 0.016606097 -0.015110529 0.012490906
v 0.01662027 -0.015137769 0.012482527
v 0.016648571 -0.015183506 0.01246742
v 0.01670512 -0.015243141 0.012442542
v 0.015823674 -0.014214063 0.012892072
v 0.015808049 -0.015212888 0.012937936
v 0.015344058 -0.014197543 0.013088428
v 0.015328433 -0.015196369 0.013134292
v 0.014920415 -0.014170425 0.013534677
v 0.014410477 -0.014166899 0.013649392
v 0.01448054 -0.014245705 0.013647789
v 0.014522731 -0.014310773 0.01364343
v 0.014551313 -0.014367837 0.013640791
v 0.014569944 -0.014424007 0.013638716
v 0.014587024 -0.014476037 0.01363953
v 0.014599235 -0.014535761 0.013627224
v 0.014611615 -0.014660446 0.01364349
v 0.014614285 -0.014714667 0.013649843
v 0.01490479 -0.015169251 0.013580541
v 0.014606561 -0.014592022 0.01362805
v 0.014619481 -0.014602281 0.013649651
v 0.014600861 -0.014773487 0.01364757
v 0.01458277 -0.01484085 0.01365597
v 0.014562095 -0.014897569 0.013660553
v 0.014542633 -0.014949824 0.013667029
v 0.014499743 -0.015020846 0.013677306
v 0.014443916 -0.015094933 0.013686905
v 0.014395152 -0.015146335 0.013694366
v 0.016423547 -0.015221561 0.012958757
v 0.016867071 -0.015231472 0.012682356
v 0.016813913 -0.015151041 0.012725074
v 0.016794269 -0.015087371 0.012755418
v 0.01675524 -0.015027746 0.012761565
v 0.016738967 -0.014971348 0.012769381
v 0.016725942 -0.01491893 0.012778438
v 0.016713103 -0.014855724 0.012785395
v 0.016706108 -0.014734063 0.012786061
v 0.016709086 -0.014677402 0.012783788
v 0.016439172 -0.014222735 0.012912893
v 0.016706838 -0.014794198 0.012791364
v 0.016717294 -0.014614673 0.012773993
v 0.016730395 -0.014554096 0.012762485
v 0.016746754 -0.014497793 0.012747392
v 0.0167637 -0.01444578 0.012734795
v 0.016799469 -0.014375444 0.012707181
v 0.016843883 -0.014302453 0.012669795
v 0.016895155 -0.014249302 0.012625356
v 0.015951385 -0.014203604 0.013163339
v 0.015935759 -0.01520243 0.013209203
v 0.015443889 -0.014186125 0.013371109
v 0.015428264 -0.01518495 0.013416973
v 0.016848761 -0.014220489 0.012592282
v 0.016809266 -0.014190366 0.012545846
v 0.016735083 -0.014217456 0.012437421
v 0.014393327 -0.014144399 0.013476088
v 0.014402328 -0.014107766 0.013533837
v 0.014404014 -0.014137328 0.013595806
v 0.014380216 -0.014120942 0.013411081
v 0.016773123 -0.014252097 0.012508581
v 0.014949401 -0.015081728 0.00084338683
v 0.014817344 -0.015091506 0.0009511512
v 0.014952026 -0.015120735 0.00088006546
v 0.014038827 -0.015487339 0.00069345047
v 0.014050551 -0.015507067 0.00069576945
v 0.014021573 -0.015509237 0.0007161863
v 0.014575217 -0.014807505 0.0017686582
v 0.014565547 -0.014901895 0.0016403407
v 0.014552719 -0.014786051 0.001729049
v 0.014797229 -0.01511965 0.001799481
v 0.014788474 -0.015076378 0.0017957595
v 0.014749977 -0.015100506 0.0018270828
v 0.014732227 -0.01503237 0.001818947
v 0.014744438 -0.015075094 0.0018243292
v 0.014721209 -0.015002705 0.0018145632
v 0.014682156 -0.01505586 0.001666933
v 0.014705418 -0.014967807 0.0018087041
v 0.014648663 -0.015002724 0.0016558914
v 0.014681997 -0.014928954 0.0018020803
v 0.014605446 -0.014957075 0.0016325524
v 0.014637254 -0.014866095 0.0017870717
v 0.014605348 -0.014833318 0.0017770689
v 0.014357575 -0.014708293 0.0017079731
v 0.014409192 -0.01472717 0.0017313143
v 0.014411524 -0.014829827 0.0016062111
v 0.014476597 -0.014748805 0.0017223276
v 0.014318108 -0.014824491 0.0015833987
v 0.014308972 -0.014715276 0.0017054291
v 0.014240235 -0.014720586 0.0016795886
v 0.014151228 -0.014866008 0.0015553933
v 0.014087395 -0.014770048 0.0016763473
v 0.014149531 -0.01474429 0.0016627245
v 0.014041198 -0.014804813 0.0016450874
v 0.013989039 -0.014813309 0.0016359129
v 0.014001837 -0.014830408 0.001665367
v 0.013973037 -0.01485941 0.0016638528
v 0.01406618 -0.014965252 0.0015222659
v 0.013949098 -0.014886734 0.0016622501
v 0.013899428 -0.014910308 0.0016241671
v 0.013925705 -0.014917499 0.001660964
v 0.013875433 -0.014947463 0.0016215678
v 0.013893053 -0.014971758 0.0016598727
v 0.013911985 -0.01493833 0.0016603886
v 0.013997244 -0.015069338 0.0015147052
v 0.013862757 -0.015042523 0.0016599877
v 0.013877076 -0.015005036 0.0016597205
v 0.013852592 -0.015075742 0.0016605096
v 0.013966758 -0.015129461 0.0015215468
v 0.013844752 -0.015110573 0.0016613627
v 0.013807145 -0.015156417 0.0016192059
v 0.013838688 -0.015149591 0.0016626015
v 0.013836463 -0.015236804 0.0016665199
v 0.013835508 -0.015199296 0.0016646424
v 0.013960133 -0.015223239 0.0015227882
v 0.013836483 -0.015174571 0.0016635659
v 0.013843737 -0.015298746 0.0016701996
v 0.013840311 -0.015277352 0.0016688343
v 0.013810763 -0.015288755 0.0016263288
v 0.013848866 -0.015323363 0.0016718955
v 0.013972149 -0.01532376 0.0015333678
v 0.013858013 -0.015356734 0.0016744336
v 0.013994958 -0.015381694 0.0015415511
v 0.013871221 -0.015394558 0.0016776322
v 0.014039042 -0.015432314 0.0015411817
v 0.013903928 -0.015461618 0.0016844318
v 0.013886015 -0.015427785 0.0016808228
v 0.013932105 -0.015503894 0.0016884278
v 0.013962569 -0.015541764 0.0016952109
v 0.014078887 -0.015482966 0.0015555143
v 0.01399016 -0.015568124 0.0016961959
v 0.014027186 -0.015597431 0.0016784582
v 0.014132841 -0.015543734 0.0015501735
v 0.014058066 -0.015622603 0.001711743
v 0.014094218 -0.015644274 0.0016872882
v 0.014313744 -0.015506534 0.0015048889
v 0.014229683 -0.015684933 0.0017410156
v 0.01417412 -0.015674915 0.0017107532
v 0.014295376 -0.015693259 0.0017349234
v 0.014368056 -0.015594963 0.0016350609
v 0.014359903 -0.015687378 0.0017684245
v 0.014417594 -0.015686363 0.0017672348
v 0.01453376 -0.015622576 0.0017994529
v 0.014488955 -0.015645806 0.0017885326
v 0.014491786 -0.015558292 0.0016573341
v 0.014457023 -0.015663111 0.0017600267
v 0.014571489 -0.015604254 0.0017712991
v 0.014599641 -0.015577577 0.0017858841
v 0.014589883 -0.015464741 0.0016513742
v 0.014626885 -0.015543408 0.0018178249
v 0.014660362 -0.015503141 0.0018239156
v 0.014708564 -0.015498097 0.0018016423
v 0.014678829 -0.01547607 0.0018272494
v 0.014753291 -0.015421834 0.0018061457
v 0.014714844 -0.015408502 0.0018331922
v 0.014732558 -0.015460942 0.0018042415
v 0.01469792 -0.015443353 0.0018305254
v 0.014770604 -0.015381069 0.0018073405
v 0.014726688 -0.015379201 0.0018348427
v 0.01471031 -0.015305515 0.0017002792
v 0.014737751 -0.015345725 0.0018361016
v 0.014731076 -0.015366814 0.0018353842
v 0.014753078 -0.015276401 0.001836731
v 0.014744679 -0.015319354 0.0018366302
v 0.014800846 -0.015251988 0.0018066034
v 0.014756959 -0.015243903 0.0018361472
v 0.01475531 -0.015135183 0.0018302526
v 0.014758154 -0.015167544 0.001832641
v 0.014710567 -0.015194323 0.001681884
v 0.014758947 -0.015205724 0.0018347697
v 0.014956569 -0.015339766 0.00089377113
v 0.014970355 -0.015333268 0.00086141131
v 0.014989637 -0.015298956 0.00088394503
v 0.014815843 -0.015361001 0.00097447203
v 0.01495684 -0.015389201 0.00086067914
v 0.014943827 -0.015426392 0.00085916639
v 0.014921186 -0.015462081 0.00087916599
v 0.014918809 -0.015515683 0.00088149553
v 0.014913434 -0.015489563 0.00085454973
v 0.014904023 -0.015505326 0.00085295975
v 0.014758412 -0.015483756 0.00096563775
v 0.014876771 -0.015544683 0.00084811918
v 0.014894801 -0.015519588 0.0008513553
v 0.01483416 -0.015592982 0.00083819133
v 0.014834782 -0.015624057 0.00087133184
v 0.014801837 -0.015623039 0.00083391828
v 0.014778742 -0.015629473 0.00087556543
v 0.014764688 -0.015682511 0.00086129413
v 0.014757244 -0.015656729 0.00082442835
v 0.014715434 -0.015681347 0.00081704585
v 0.014632108 -0.015602258 0.00093922772
v 0.014681577 -0.015697767 0.00081043642
v 0.014561638 -0.015616805 0.0009417667
v 0.014617414 -0.015720728 0.00080148896
v 0.014572118 -0.015731711 0.00078935143
v 0.014494666 -0.015619383 0.00093665717
v 0.014535313 -0.015737195 0.00078277433
v 0.014494486 -0.015740311 0.00077477351
v 0.014464008 -0.015737145 0.00082425793
v 0.014420959 -0.0157732 0.0008025101
v 0.014376248 -0.015766887 0.00079398004
v 0.014389951 -0.015733062 0.00075571026
v 0.014436316 -0.015736923 0.00076650921
v 0.014301552 -0.015709382 0.00074006408
v 0.014343909 -0.01572283 0.00074751284
v 0.014331713 -0.015645001 0.00087154075
v 0.014377203 -0.015730681 0.00075342884
v 0.014266887 -0.015695191 0.00073402316
v 0.014247922 -0.015724659 0.00076832172
v 0.014229851 -0.015676556 0.0007276076
v 0.014236939 -0.015580784 0.0008663526
v 0.014186713 -0.015650208 0.00071837734
v 0.014190696 -0.015524934 0.00087270154
v 0.014130448 -0.015604036 0.00071036402
v 0.014105843 -0.015579284 0.0007060064
v 0.014089455 -0.015566348 0.00074180616
v 0.014045249 -0.015548122 0.00072243753
v 0.014071568 -0.015537741 0.00069976048
v 0.014026481 -0.015463878 0.00069090375
v 0.014016923 -0.015458474 0.00072009766
v 0.013984712 -0.015425845 0.00070533844
v 0.013971808 -0.015381972 0.00070082473
v 0.013995211 -0.01538234 0.00068350835
v 0.014005794 -0.015414898 0.00068623104
v 0.013957541 -0.015291542 0.00069378854
v 0.013978396 -0.015280865 0.00067685508
v 0.013977635 -0.015332469 0.00070610116
v 0.013987217 -0.015348789 0.00068103899
v 0.013977561 -0.015246681 0.00067513927
v 0.014086354 -0.015223309 0.00084654586
v 0.013979495 -0.015212325 0.00067371128
v 0.013983664 -0.015178023 0.00067252533
v 0.013965586 -0.015154367 0.00068857451
v 0.013990531 -0.015144409 0.00067166672
v 0.013996433 -0.015115553 0.00070388701
v 0.013990342 -0.015065949 0.00068881273
v 0.014011076 -0.015079175 0.00067081881
v 0.014024751 -0.015047554 0.00067084653
v 0.0140083 -0.015023668 0.00069005211
v 0.01403338 -0.015030491 0.00067101699
v 0.014115113 -0.015046279 0.00085488909
v 0.014051403 -0.014999447 0.00067162709
v 0.014163888 -0.015013534 0.00085174449
v 0.014071914 -0.014969147 0.00067261505
v 0.014102527 -0.014933697 0.00067642739
v 0.0141453 -0.01488936 0.00067802775
v 0.014186106 -0.014855926 0.00068633344
v 0.01419662 -0.014943657 0.00083126735
v 0.014248329 -0.014902471 0.00083379133
v 0.014243574 -0.014821838 0.00068841217
v 0.014272066 -0.014801677 0.00074089991
v 0.014342792 -0.014861832 0.00085406221
v 0.014329055 -0.014786705 0.00069826455
v 0.014398523 -0.014769319 0.00071035196
v 0.014392459 -0.014730608 0.00074639613
v 0.014431025 -0.014764792 0.0007157308
v 0.014437357 -0.014724939 0.000754376
v 0.014446951 -0.014763356 0.00071846585
v 0.014486449 -0.014762426 0.00072935256
v 0.014482537 -0.014723261 0.00076260244
v 0.014527654 -0.014725587 0.00077101275
v 0.014530955 -0.01476396 0.00073394302
v 0.014643848 -0.014786871 0.00075728496
v 0.014579833 -0.014770782 0.00074377726
v 0.014512465 -0.014911451 0.0009690224
v 0.014548555 -0.014765841 0.00073741123
v 0.014586786 -0.014869187 0.00092996125
v 0.014698293 -0.014808701 0.00077022029
v 0.01464614 -0.014887604 0.00090485121
v 0.014729634 -0.014824659 0.00077788601
v 0.014754219 -0.01484471 0.00083138026
v 0.014701498 -0.014939619 0.00095558172
v 0.014798471 -0.014870852 0.00079831298
v 0.014743423 -0.014977854 0.00093710753
v 0.014835501 -0.014903943 0.00080621917
v 0.014862134 -0.014932456 0.00081406225
v 0.014891839 -0.014971675 0.00082349489
v 0.014770298 -0.015015842 0.00097318292
v 0.014902587 -0.015001871 0.00086603678
v 0.014930261 -0.015037659 0.00083576564
v 0.014985885 -0.015161696 0.00087655755
v 0.014970651 -0.015161997 0.00085292271
v 0.014977469 -0.015218601 0.00085754272
v 0.014976355 -0.015289356 0.00086079001
v 0.014978202 -0.015253936 0.00085950363
v 0.014850544 -0.015230489 0.00096061519
v 0.013990123 -0.014705547 0.0010007835
v 0.013752892 -0.015110042 0.0009768962
v 0.01392336 -0.015721269 0.0014048196
v 0.014005321 -0.01557164 0.0013811216
v 0.014020615 -0.015489276 0.0013616258
v 0.013934602 -0.01546338 0.0013579006
v 0.013965573 -0.015390908 0.0013456478
v 0.013869748 -0.015218721 0.0013359657
v 0.013895412 -0.015090843 0.0013298376
v 0.013960742 -0.014933614 0.0013381466
v 0.014057446 -0.014879677 0.0013166714
v 0.014664998 -0.014870438 0.0014069889
v 0.014668236 -0.014924368 0.0014483955
v 0.014920999 -0.014889298 0.0015476822
v 0.014946482 -0.014940769 0.00155488
v 0.014823213 -0.015093336 0.0015007727
v 0.015001656 -0.015163511 0.0015758946
v 0.014999848 -0.015279032 0.0015811991
v 0.015003235 -0.01522129 0.001579004
v 0.014978318 -0.015392657 0.0015827841
v 0.014798576 -0.015430116 0.0015194894
v 0.014879284 -0.015600567 0.0015747173
v 0.014729528 -0.015541111 0.0015137602
v 0.014651147 -0.015534955 0.0014781875
v 0.014759951 -0.015668009 0.001196641
v 0.015078735 -0.015357703 0.0012327931
v 0.015090853 -0.015238722 0.0012292158
v 0.014889667 -0.015265372 0.00099892498
v 0.014878501 -0.015342544 0.0010006375
v 0.014854325 -0.015416692 0.00099981017
v 0.014942332 -0.015532637 0.00093497886
v 0.014795379 -0.015517359 0.00099388304
v 0.014852237 -0.015648838 0.00092408097
v 0.014712921 -0.015599331 0.00098271907
v 0.014735801 -0.015737662 0.00090700345
v 0.014612569 -0.015657023 0.00096707989
v 0.014539066 -0.015679976 0.00095468347
v 0.014505347 -0.015809447 0.00086812708
v 0.014424481 -0.015689408 0.00093406948
v 0.014360589 -0.015801982 0.00084114332
v 0.014311658 -0.015668416 0.00091229931
v 0.014241239 -0.015638145 0.00089787317
v 0.014177174 -0.015595871 0.00088402783
v 0.014121412 -0.015542873 0.00087118981
v 0.014075641 -0.015480767 0.00085974225
v 0.01395861 -0.015481912 0.00075160468
v 0.014028677 -0.015374714 0.00084593197
v 0.014013211 -0.015298551 0.00083937063
v 0.014011025 -0.0152207 0.00083516703
v 0.013920271 -0.015145228 0.00072812597
v 0.014032693 -0.015105933 0.00083355426
v 0.01396607 -0.015005091 0.00072970997
v 0.014097155 -0.014989539 0.00087867761
v 0.014130436 -0.014939004 0.00084338191
v 0.014187773 -0.014886739 0.00085137522
v 0.01425309 -0.014845303 0.00086136799
v 0.014284054 -0.014715646 0.00077406151
v 0.014361629 -0.014806093 0.00087941036
v 0.014437827 -0.014796418 0.00089295221
v 0.01452293 -0.014685484 0.00081651693
v 0.014630364 -0.014848974 0.00096987018
v 0.014692408 -0.014867638 0.00094324403
v 0.014779286 -0.014943197 0.00096290511
v 0.014817145 -0.015026816 0.001012897
v 0.014859438 -0.015074636 0.00098405934
v 0.014881394 -0.015149082 0.00099172836
v 0.015019814 -0.015201925 0.00093308982
v 0.01489979 -0.015305232 0.0010463488
v 0.014881159 -0.015384982 0.0010468139
v 0.014849202 -0.015460356 0.0010446155
v 0.014933411 -0.015591075 0.00098769943
v 0.014778509 -0.015560257 0.0010364903
v 0.014827796 -0.015705399 0.00097385581
v 0.014684927 -0.015638402 0.0010230928
v 0.014696883 -0.015788326 0.00095382841
v 0.01457483 -0.015689463 0.0010053381
v 0.014495931 -0.015706656 0.00099166726
v 0.014447235 -0.015842554 0.00091056604
v 0.01437531 -0.015705864 0.00096944925
v 0.014295202 -0.015821088 0.00088156106
v 0.014259275 -0.015673394 0.00094652739
v 0.014188401 -0.015635154 0.00093162967
v 0.014125252 -0.015584937 0.00091756659
v 0.014071743 -0.015524272 0.00090476517
v 0.014029504 -0.015454997 0.00089361745
v 0.013900246 -0.015445199 0.00079059026
v 0.013989979 -0.015339606 0.00088071896
v 0.013980684 -0.015258434 0.00087504887
v 0.013985425 -0.015176733 0.00087193503
v 0.013890424 -0.015085869 0.00077125052
v 0.01401842 -0.015058602 0.00087223769
v 0.013951485 -0.014942099 0.00077546396
v 0.014093496 -0.014940313 0.00091311976
v 0.014135643 -0.014892946 0.00088571231
v 0.01420029 -0.014843567 0.00089519136
v 0.014272296 -0.014806256 0.00090660825
v 0.01431327 -0.014666107 0.00082852662
v 0.014389284 -0.014775313 0.00092661395
v 0.014469803 -0.014772267 0.00094126921
v 0.014568015 -0.014656647 0.00087491055
v 0.014588271 -0.014794321 0.00096413331
v 0.014670224 -0.014841555 0.001014356
v 0.01472948 -0.014870509 0.00099381814
v 0.014879435 -0.01482493 0.00094038949
v 0.014813471 -0.014957693 0.0010135172
v 0.014851552 -0.015047488 0.0010577497
v 0.014885397 -0.015102745 0.0010338216
v 0.014901633 -0.015182722 0.001040708
v 0.015045231 -0.015248921 0.00099156678
v 0.015061157 -0.015301207 0.0010513476
v 0.014902719 -0.015347736 0.0010935434
v 0.01487628 -0.015428788 0.0010926361
v 0.014836422 -0.01550407 0.0010889805
v 0.014913609 -0.015648612 0.001041166
v 0.014754231 -0.015601236 0.0010786062
v 0.014793047 -0.015758353 0.0010243506
v 0.014650263 -0.015673708 0.0010630241
v 0.0146489 -0.015832914 0.0010014808
v 0.014531605 -0.015716548 0.0010432941
v 0.014448306 -0.015727111 0.0010284923
v 0.014361604 -0.015687712 0.0010524352
v 0.01432338 -0.015715167 0.0010049365
v 0.014226566 -0.015829881 0.00092366918
v 0.014206039 -0.015670766 0.00098119082
v 0.014136012 -0.015624542 0.00096605727
v 0.014075061 -0.015566599 0.00095202118
v 0.01402504 -0.015498696 0.00093951096
v 0.013987464 -0.015422902 0.000928902
v 0.01384804 -0.015400151 0.00083309226
v 0.013956824 -0.015299493 0.00091724624
v 0.013954451 -0.015214389 0.00091265728
v 0.013966668 -0.015130029 0.00091078608
v 0.013870131 -0.015023493 0.00081877544
v 0.014011429 -0.015010467 0.00091318533
v 0.013946825 -0.014878823 0.0008258201
v 0.014097574 -0.014892322 0.00095191957
v 0.014147718 -0.014849345 0.0009303847
v 0.014219127 -0.014804059 0.00094130787
v 0.014297085 -0.014771984 0.0009540799
v 0.0143494 -0.014623812 0.00088740747
v 0.014421084 -0.014750654 0.00097584007
v 0.014504795 -0.014754926 0.00099144387
v 0.014616224 -0.01463757 0.00093714548
v 0.014625592 -0.014788735 0.0010153043
v 0.014709606 -0.014842498 0.0010620356
v 0.014765109 -0.014880835 0.0010454555
v 0.014926221 -0.014842453 0.0010041488
v 0.01484435 -0.01497907 0.0010648209
v 0.014880673 -0.015075047 0.0011048412
v 0.014905913 -0.015136251 0.0010838116
v 0.014915583 -0.015220756 0.0010897129
v 0.014918221 -0.015305919 0.0011398153
v 0.014898171 -0.01539167 0.0011403127
v 0.014863793 -0.015472712 0.0011379455
v 0.014816132 -0.015546586 0.0011327856
v 0.014883304 -0.015703448 0.0010949494
v 0.014723003 -0.015639118 0.0011201758
v 0.014748822 -0.015806039 0.0010752254
v 0.014609678 -0.015704232 0.0011025122
v 0.014593083 -0.015870019 0.0010497079
v 0.014483877 -0.015737485 0.001081001
v 0.014397295 -0.015740742 0.0010652374
v 0.01426991 -0.015717009 0.0010406544
v 0.014156539 -0.015828034 0.00096738199
v 0.014153207 -0.015660544 0.001016439
v 0.014085312 -0.015606533 0.0010013191
v 0.014027788 -0.015541288 0.00098755716
v 0.014005164 -0.01544945 0.0010162386
v 0.013851175 -0.015510651 0.00089574138
v 0.013950474 -0.015385301 0.0009657281
v 0.013803354 -0.01534807 0.00087901435
v 0.01392992 -0.015255418 0.00095560996
v 0.013935036 -0.015167566 0.00095226509
v 0.013955082 -0.015081814 0.00095176571
v 0.013859791 -0.014959927 0.00087045324
v 0.014011714 -0.014962793 0.00095637366
v 0.013952016 -0.01481712 0.00088044475
v 0.014109142 -0.014847115 0.00099464962
v 0.014166139 -0.014809351 0.0009772825
v 0.014243576 -0.014769252 0.00098956668
v 0.014326575 -0.014743354 0.001003565
v 0.014391135 -0.014589982 0.00095011192
v 0.014455959 -0.014732744 0.0010268411
v 0.01454165 -0.0147448 0.0010431865
v 0.014665881 -0.014628775 0.0010025286
v 0.014662845 -0.014790677 0.001067713
v 0.014723644 -0.014893795 0.0011329119
v 0.014758781 -0.01493576 0.0011280906
v 0.014833036 -0.014949418 0.0011327611
v 0.014870873 -0.015006694 0.0011165084
v 0.014859208 -0.01513176 0.0011694524
v 0.014864905 -0.015185549 0.001159795
v 0.014918218 -0.015239143 0.0011625618
v 0.015083829 -0.015299926 0.0011707681
v 0.014914079 -0.015349949 0.0011874204
v 0.01488606 -0.015435784 0.0011864564
v 0.014843833 -0.015515507 0.0011825812
v 0.01478868 -0.015586692 0.001175912
v 0.014685475 -0.015672822 0.0011611359
v 0.014696226 -0.015846953 0.0011261829
v 0.01456407 -0.015729083 0.0011415563
v 0.014530889 -0.015898455 0.0010982916
v 0.014432741 -0.015751646 0.0011185064
v 0.014344084 -0.015747105 0.0011019819
v 0.014245325 -0.01588373 0.0010450602
v 0.014216158 -0.01571127 0.0010767084
v 0.014087008 -0.01581554 0.0010126197
v 0.014105971 -0.015636409 0.0010919707
v 0.014068416 -0.015613699 0.0010447798
v 0.013913557 -0.015664457 0.00097335121
v 0.013984512 -0.015509645 0.0010242721
v 0.013801973 -0.015461781 0.00094294238
v 0.013919343 -0.015343163 0.0010041644
v 0.013767314 -0.015290468 0.00092820945
v 0.013909811 -0.015208524 0.00099584198
v 0.013922771 -0.015119183 0.0009938664
v 0.013950788 -0.015033346 0.00099482934
v 0.014019074 -0.014916823 0.0010017021
v 0.013966674 -0.014758794 0.00093892744
v 0.014127682 -0.014806166 0.0010408102
v 0.014190211 -0.014774007 0.0010262046
v 0.014272779 -0.014740048 0.00103973
v 0.014359775 -0.01472112 0.0010548054
v 0.014436986 -0.014565584 0.0010159864
v 0.014492766 -0.014722027 0.001079305
v 0.014579163 -0.01474214 0.0010961745
v 0.014715256 -0.014630469 0.0010703243
v 0.014698823 -0.014800045 0.0011210035
v 0.015003982 -0.014905255 0.0011368269
v 0.014892117 -0.015039768 0.0011682467
v 0.014794214 -0.015798274 0.0012019695
v 0.014642453 -0.015701367 0.0012014406
v 0.014636612 -0.015879796 0.0011769656
v 0.014514474 -0.015747527 0.0011801583
v 0.014463962 -0.015917298 0.0011470466
v 0.014379383 -0.015758579 0.0011558557
v 0.014289916 -0.015745972 0.0011387882
v 0.01421976 -0.015727496 0.0011488869
v 0.014163385 -0.015698047 0.0011131819
v 0.014152412 -0.014770799 0.0010898198
v 0.014219092 -0.014744213 0.0010768831
v 0.014305757 -0.014717194 0.0010915025
v 0.014395592 -0.014705828 0.0011074676
v 0.014485332 -0.014551293 0.0010843223
v 0.014530315 -0.01471875 0.0011328721
v 0.01461613 -0.014746964 0.00115003
v 0.014673731 -0.014774578 0.001185872
v 0.014754814 -0.014790404 0.0011726972
v 0.014021413 -0.014658924 0.0010654607
v 0.014182331 -0.014742164 0.0011410406
v 0.014251821 -0.014720745 0.0011290121
v 0.014314234 -0.014701078 0.0011632912
v 0.01435615 -0.014538283 0.0011211295
v 0.014432873 -0.014697858 0.0011611894
v 0.01453447 -0.014547478 0.0011543699
v 0.014567398 -0.01472297 0.0011871529
v 0.014627901 -0.014745375 0.0012231337
v 0.014706748 -0.014792613 0.0012399379
v 0.01485308 -0.014701808 0.0012204905
v 0.014693003 -0.015669779 0.0012802115
v 0.014653825 -0.015694597 0.0012742181
v 0.014594899 -0.015723926 0.0012410515
v 0.014525846 -0.015747167 0.001253249
v 0.014462027 -0.015759003 0.0012183292
v 0.014389123 -0.015764427 0.0012289488
v 0.014325046 -0.015758039 0.0011930922
v 0.014252971 -0.015745201 0.0012029731
v 0.014167124 -0.015712657 0.001185599
v 0.014112823 -0.015677633 0.0011501426
v 0.013923878 -0.015750332 0.0011007108
v 0.014092876 -0.014784986 0.0011742002
v 0.014059353 -0.01462027 0.0011323419
v 0.014216241 -0.014721173 0.0011937725
v 0.014226428 -0.014551633 0.0011597164
v 0.014351386 -0.014691818 0.0012171919
v 0.014404922 -0.014529095 0.0011914404
v 0.014443491 -0.014692481 0.0012341615
v 0.014489098 -0.014698917 0.0012428628
v 0.01458267 -0.014554192 0.0012253518
v 0.014639643 -0.01457294 0.0012367431
v 0.014660545 -0.014763901 0.0012775612
v 0.014604784 -0.015714772 0.0013137046
v 0.014529147 -0.015702516 0.0012984061
v 0.01447257 -0.015755957 0.0012914012
v 0.014443075 -0.015924838 0.0012665614
v 0.014334666 -0.015761079 0.001266292
v 0.014289059 -0.01575464 0.0012575906
v 0.01420047 -0.01572979 0.0012400874
v 0.014117613 -0.015689655 0.0012228921
v 0.01399029 -0.015797821 0.0011771002
v 0.013909481 -0.01577899 0.0011606698
v 0.014125357 -0.014760858 0.0012263946
v 0.014102549 -0.014590687 0.0012007586
v 0.014252816 -0.014708491 0.0012472779
v 0.014274451 -0.014537141 0.001229757
v 0.014388988 -0.01469129 0.0012714801
v 0.014551216 -0.014716765 0.0012789299
v 0.014683234 -0.014594858 0.0013077454
v 0.014688631 -0.014789878 0.0013313928
v 0.014832961 -0.014693816 0.0013401079
v 0.014660682 -0.015678758 0.001346
v 0.01455242 -0.015726927 0.0013520675
v 0.014418137 -0.015756099 0.0013287972
v 0.014372083 -0.015922934 0.0013153302
v 0.014194644 -0.015897881 0.0012814782
v 0.014082763 -0.015855473 0.0012588351
v 0.014072704 -0.015659213 0.0012605473
v 0.013899999 -0.01574395 0.0012166091
v 0.013990541 -0.014653197 0.0012447866
v 0.014184296 -0.014731767 0.0012596004
v 0.014316588 -0.014696891 0.0012822255
v 0.014452959 -0.014697898 0.0013073526
v 0.014558674 -0.014555806 0.0013445094
v 0.014584116 -0.014734718 0.0013332679
v 0.014638429 -0.014812605 0.0013627057
v 0.014662269 -0.015654675 0.001415495
v 0.014610207 -0.015695829 0.0013849629
v 0.01448131 -0.015742256 0.0013635252
v 0.014345267 -0.015753325 0.0013390483
v 0.014255179 -0.015740587 0.00132186
v 0.014129123 -0.015870185 0.0013296533
v 0.014127782 -0.01569227 0.0012960749
v 0.013896379 -0.015765628 0.0012845452
v 0.013939346 -0.014695733 0.001298216
v 0.014098481 -0.0147781 0.0012931579
v 0.014088151 -0.014601472 0.0013209807
v 0.014221216 -0.014721319 0.0013129573
v 0.014255569 -0.014549323 0.0013492229
v 0.014353959 -0.014698603 0.00133626
v 0.014430192 -0.014542838 0.0013810183
v 0.014487666 -0.014711503 0.0013614775
v 0.014600119 -0.01458246 0.0014142
v 0.014613223 -0.014759142 0.0013868898
v 0.014661525 -0.015581287 0.0014395812
v 0.014686625 -0.015810333 0.0014900215
v 0.014557423 -0.015705815 0.0014228218
v 0.014524191 -0.015877063 0.0014634075
v 0.014427031 -0.015740174 0.0014005205
v 0.014350655 -0.015898975 0.0014325644
v 0.014312356 -0.015730541 0.0014004385
v 0.01423463 -0.015887816 0.0014106839
v 0.014205317 -0.015718784 0.0013587054
v 0.014068881 -0.015833273 0.0013775426
v 0.014084422 -0.015660178 0.0013336132
v 0.013923059 -0.015736896 0.0013460241
v 0.013984956 -0.014671038 0.0013649009
v 0.014134373 -0.014763161 0.0013455941
v 0.014137298 -0.014592238 0.0013890704
v 0.014258751 -0.014718393 0.0013662817
v 0.014304185 -0.014555987 0.0014179911
v 0.014390017 -0.014707739 0.0013899011
v 0.014474243 -0.014564756 0.0014496915
v 0.014519225 -0.014731931 0.0014148409
v 0.014635885 -0.014617948 0.0014820114
v 0.01463757 -0.014789315 0.0014394042
v 0.014623719 -0.015652832 0.0014789924
v 0.014617092 -0.015819219 0.0015371715
v 0.014503562 -0.015708407 0.0014596087
v 0.014453823 -0.015870076 0.0015096292
v 0.014373609 -0.015730628 0.0014367951
v 0.014242717 -0.015717985 0.0014121082
v 0.014159355 -0.015690514 0.0013954377
v 0.014082083 -0.015648719 0.0013791888
v 0.014840807 -0.015242327 0.0015447692
v 0.01482827 -0.015328239 0.0015466544
v 0.014742006 -0.015378204 0.0015336931
v 0.014760581 -0.015487404 0.0015419756
v 0.014694183 -0.015741459 0.0016053412
v 0.01457079 -0.015659988 0.001515495
v 0.014546863 -0.015817661 0.0015819685
v 0.014449886 -0.015703492 0.0014953839
v 0.014385478 -0.015852717 0.0015540014
v 0.014322289 -0.015713838 0.0014724268
v 0.014221026 -0.015844237 0.0015233462
v 0.014196697 -0.015690308 0.0014481815
v 0.01411833 -0.015656509 0.0014321224
v 0.014047055 -0.015609347 0.0014167133
v 0.01372838 -0.015375374 0.0014098742
v 0.013864886 -0.015278071 0.0013670491
v 0.013866983 -0.015148167 0.0013610955
v 0.01390211 -0.015022944 0.0013614456
v 0.013995886 -0.014877892 0.0013716128
v 0.013942554 -0.014720025 0.0014172817
v 0.014095211 -0.014795145 0.0013858404
v 0.014171609 -0.014755675 0.0013979637
v 0.014186841 -0.014593666 0.0014560383
v 0.014295695 -0.014723003 0.0014191879
v 0.014350497 -0.014573002 0.001485125
v 0.014423595 -0.01472399 0.0014427545
v 0.014513469 -0.014596012 0.0015162171
v 0.014546595 -0.014758561 0.0014670609
v 0.014664652 -0.01466113 0.0015471961
v 0.014656312 -0.014824364 0.0014904484
v 0.01476921 -0.014952666 0.0015174695
v 0.014807402 -0.015029909 0.0015282612
v 0.014838479 -0.015155641 0.0015401102
v 0.014811285 -0.015281043 0.0015863008
v 0.014912224 -0.015374421 0.0016831637
v 0.014849495 -0.015522118 0.0016788352
v 0.014713928 -0.015509897 0.001579563
v 0.014751404 -0.015648631 0.0016669699
v 0.014625242 -0.015597836 0.0015675464
v 0.014624636 -0.015745337 0.0016483771
v 0.014517367 -0.015659662 0.0015507244
v 0.014477829 -0.015805647 0.0016243232
v 0.014397656 -0.015691172 0.0015302485
v 0.014320989 -0.015825451 0.0015964481
v 0.014274267 -0.015690212 0.0015075114
v 0.014164804 -0.015803399 0.0015666505
v 0.01415561 -0.015656846 0.0014840624
v 0.014083157 -0.015617637 0.0014688253
v 0.014018619 -0.015566188 0.0014544474
v 0.01386118 -0.015602727 0.0015010247
v 0.013940866 -0.015469567 0.0014354334
v 0.013778476 -0.015466892 0.0014791877
v 0.01389056 -0.015355583 0.0014206224
v 0.013733397 -0.015313636 0.0014634203
v 0.013871135 -0.015231998 0.0014110209
v 0.013729017 -0.015153403 0.0014547963
v 0.013883916 -0.015107236 0.001407283
v 0.013909988 -0.015027622 0.0014081915
v 0.013949233 -0.014953692 0.0014118017
v 0.013873532 -0.01481314 0.0014647684
v 0.014030104 -0.014858308 0.0014220191
v 0.013991616 -0.014705655 0.0014812383
v 0.014132344 -0.014787212 0.0014373512
v 0.014208984 -0.014755784 0.0014499102
v 0.014235051 -0.014605648 0.0015211245
v 0.01433085 -0.014734968 0.0014713044
v 0.014392874 -0.014599787 0.0015498611
v 0.014453592 -0.014746847 0.0014944557
v 0.014546452 -0.014635597 0.0015798501
v 0.014568845 -0.014790609 0.0015177872
v 0.01468532 -0.014710638 0.0016090485
v 0.014668752 -0.014863278 0.0015397048
v 0.014723414 -0.014925407 0.0015527885
v 0.014766534 -0.01499633 0.0015641764
v 0.014796812 -0.015073884 0.0015735312
v 0.014927797 -0.015108886 0.0016730706
v 0.014816233 -0.01519747 0.0015831312
v 0.014787362 -0.015236246 0.0016238592
v 0.014775781 -0.015315552 0.0016256016
v 0.014857326 -0.015411986 0.001727965
v 0.01473356 -0.015427918 0.0016233187
v 0.014786039 -0.015546455 0.0017214175
v 0.014664239 -0.015525614 0.0016153374
v 0.014683074 -0.01565791 0.0017079215
v 0.014572538 -0.015601983 0.0016022005
v 0.014555446 -0.015738756 0.0016883964
v 0.014464708 -0.015651821 0.0015848038
v 0.014411853 -0.015783484 0.0016641732
v 0.014348095 -0.01567173 0.0015643321
v 0.01426208 -0.015789046 0.0016369028
v 0.014230648 -0.015660355 0.0015421804
v 0.014116336 -0.015755062 0.0016084429
v 0.014120371 -0.015618468 0.0015198572
v 0.014054582 -0.015574923 0.0015056347
v 0.013997342 -0.015520369 0.0014924452
v 0.013845861 -0.015539701 0.0015481961
v 0.013931224 -0.015421606 0.0014754671
v 0.013778798 -0.015404239 0.001529254
v 0.013892679 -0.015308605 0.0014628659
v 0.013748696 -0.015255455 0.0015164587
v 0.013884338 -0.015189064 0.0014554977
v 0.013757609 -0.01510349 0.0015106827
v 0.013906765 -0.015071131 0.0014538684
v 0.013938139 -0.014997392 0.0014560404
v 0.013981599 -0.014930194 0.0014607531
v 0.013921838 -0.014793702 0.0015257672
v 0.014066467 -0.014846056 0.0014722544
v 0.01404214 -0.014701929 0.0015434117
v 0.014169695 -0.014786905 0.0014883491
v 0.014245273 -0.014763415 0.0015011032
v 0.014280247 -0.01462776 0.0015835789
v 0.014363061 -0.014753891 0.001522298
v 0.014429812 -0.014635472 0.0016114587
v 0.014478994 -0.014775629 0.0015446778
v 0.014571973 -0.014682253 0.0016398838
v 0.014585172 -0.014827149 0.0015667167
v 0.014697044 -0.014764915 0.0016669169
v 0.014674361 -0.014904939 0.0015869154
v 0.014721316 -0.014968843 0.0015986672
v 0.014756558 -0.015040154 0.0016086249
v 0.014674896 -0.015159273 0.0015394664
v 0.014893664 -0.015162069 0.0017224528
v 0.014752452 -0.01527085 0.0016622834
v 0.014735062 -0.01534485 0.0016626986
v 0.014796894 -0.015441138 0.0017683661
v 0.014686059 -0.01544753 0.0016586961
v 0.014719451 -0.015561056 0.001759976
v 0.01461267 -0.015534066 0.0016494234
v 0.014614261 -0.015656805 0.0017453043
v 0.014519894 -0.015598562 0.0016355122
v 0.014488491 -0.01572186 0.001725351
v 0.014414053 -0.015636614 0.0016179016
v 0.014350714 -0.015751788 0.001701475
v 0.014210318 -0.015744549 0.0016753041
v 0.014192431 -0.01562502 0.0015765813
v 0.014076872 -0.015700636 0.0016486216
v 0.013996298 -0.015652366 0.0016314493
v 0.0140332 -0.015529468 0.0015426377
v 0.013983613 -0.015473088 0.0015307682
v 0.01384149 -0.015476617 0.0015944055
v 0.013929247 -0.015374169 0.0015159445
v 0.013789739 -0.015344273 0.0015784313
v 0.013902066 -0.015264105 0.0015055775
v 0.013773598 -0.015202534 0.0015685472
v 0.013903931 -0.015150395 0.0015003698
v 0.013794169 -0.015061058 0.0015654266
v 0.013934705 -0.01504079 0.0015006804
v 0.013970324 -0.014973715 0.0015039589
v 0.014016821 -0.014913841 0.0015095854
v 0.013972583 -0.014784791 0.0015847549
v 0.01410378 -0.014841432 0.0015220427
v 0.014092387 -0.014708901 0.0016030831
v 0.01420603 -0.014794178 0.0015385432
v 0.014279284 -0.014778326 0.0015512384
v 0.01432085 -0.014659274 0.0016426741
v 0.014391239 -0.014779213 0.0015718696
v 0.014459982 -0.014678919 0.0016692181
v 0.014498898 -0.0148095 0.0015931466
v 0.014589049 -0.014734511 0.0016956652
v 0.014594924 -0.014867122 0.0016136178
v 0.014699256 -0.014822261 0.0017202132
v 0.014672769 -0.014948158 0.0016318833
v 0.014711893 -0.015012509 0.0016422234
v 0.01473935 -0.015082885 0.0016507047
v 0.014850983 -0.015210273 0.0017670476
v 0.01413252 -0.015659946 0.0017034512
v 0.014190753 -0.014731531 0.0016689858
v 0.014515842 -0.014765546 0.0017337817
v 0.010470923 -0.013586082 0.0029410201
v 0.01017324 -0.013602648 0.0024788402
v 0.01010061 -0.013568285 0.0032024433
v 0.0097637587 -0.013582968 0.0027679139
v 0.009754535 -0.013549431 0.0034951331
v 0.0093810798 -0.01356212 0.0030915617
v 0.009435332 -0.013529665 0.0038168619
v 0.0090281143 -0.013540263 0.0034473192
v 0.00914543 -0.013509135 0.0041651808
v 0.0087075498 -0.013517562 0.0038324798
v 0.0088870356 -0.013488 0.0045374393
v 0.0084218251 -0.013494191 0.0042441117
v 0.0086621153 -0.013466419 0.0049308042
v 0.0081731152 -0.013470327 0.0046790823
v 0.0084723807 -0.013444556 0.0053422814
v 0.0079633127 -0.013446153 0.0051340813
v 0.0083192762 -0.013422579 0.0057687397
v 0.0077940147 -0.013421851 0.0056056459
v 0.0082039672 -0.013400654 0.0062069336
v 0.0076665089 -0.013397607 0.006090187
v 0.0081273305 -0.013378949 0.0066535278
v 0.0075817665 -0.013373606 0.0065840172
v 0.0080899494 -0.013357627 0.0071051236
v 0.007540432 -0.013350029 0.007083378
v 0.0080921093 -0.013336853 0.0075582842
v 0.00754282 -0.013327058 0.007584469
v 0.0081337928 -0.013316783 0.0080095606
v 0.0075889123 -0.013304865 0.0080834765
v 0.0082146828 -0.013297571 0.0084555184
v 0.0076783585 -0.013283621 0.0085766029
v 0.0083341642 -0.013279363 0.0088927635
v 0.0078104772 -0.013263487 0.0090600954
v 0.0084913277 -0.013262297 0.0093179685
v 0.0079842635 -0.013244616 0.0095302739
v 0.0086849766 -0.013246503 0.0097278971
v 0.0081983945 -0.013227152 0.0099835602
v 0.0089136375 -0.013232102 0.01011943
v 0.0084512408 -0.013211227 0.010416505
v 0.00917557 -0.013219203 0.010489586
v 0.0087408775 -0.013196964 0.010825812
v 0.0094687805 -0.013207904 0.010835549
v 0.0090651013 -0.01318447 0.011208367
v 0.009791038 -0.013198291 0.011154686
v 0.0094214432 -0.01317384 0.01156126
v 0.010139889 -0.013190437 0.011444568
v 0.0098071926 -0.013165156 0.011881802
v 0.01051268 -0.013184403 0.011702989
v 0.010219413 -0.013158483 0.012167557
v 0.010906573 -0.013180234 0.011927983
v 0.010654967 -0.013153873 0.012416347
v 0.011318569 -0.013177961 0.012117836
v 0.01111054 -0.01315136 0.012626281
v 0.011745535 -0.013177603 0.012271104
v 0.011582666 -0.013150964 0.01279576
v 0.01218422 -0.013179161 0.01238662
v 0.01206775 -0.013152687 0.012923495
v 0.012631285 -0.013182625 0.012463506
v 0.012562101 -0.013156517 0.013008513
v 0.013083328 -0.013187967 0.012501176
v 0.013061956 -0.013162424 0.013050167
v 0.013536909 -0.013195146 0.012499344
v 0.013563512 -0.013170363 0.013048141
v 0.013988576 -0.01320411 0.012458023
v 0.014062952 -0.013180274 0.013002449
v 0.014434891 -0.013214788 0.012377528
v 0.014556473 -0.013192082 0.01291344
v 0.014872458 -0.0132271 0.012258471
v 0.015040321 -0.013205696 0.012781791
v 0.015297946 -0.013240952 0.012101759
v 0.015510813 -0.013221013 0.012608504
v 0.015708117 -0.013256239 0.011908584
v 0.015964368 -0.013237917 0.012394897
v 0.01609985 -0.013272844 0.011680417
v 0.016397534 -0.013256278 0.012142597
v 0.016470164 -0.013290641 0.011418994
v 0.016807015 -0.013275958 0.011853523
v 0.016816239 -0.013309495 0.011126304
v 0.017189694 -0.013296806 0.011529875
v 0.017135442 -0.013329261 0.010804576
v 0.017542659 -0.013318663 0.011174118
v 0.017425344 -0.013349791 0.010456257
v 0.017863224 -0.013341364 0.010788958
v 0.017683738 -0.013370926 0.010083998
v 0.018148949 -0.013364735 0.010377326
v 0.017908658 -0.013392507 0.0096906334
v 0.018397659 -0.013388599 0.0099423553
v 0.018098393 -0.01341437 0.009279156
v 0.018607461 -0.013412773 0.0094873563
v 0.018251498 -0.013436347 0.0088526976
v 0.018776759 -0.013437075 0.0090157915
v 0.018366807 -0.013458272 0.0084145039
v 0.018904265 -0.013461319 0.0085312504
v 0.018443443 -0.013479978 0.0079679097
v 0.018989007 -0.013485321 0.0080374203
v 0.018480824 -0.013501299 0.0075163138
v 0.019030342 -0.013508897 0.0075380595
v 0.018478664 -0.013522073 0.0070631533
v 0.019027954 -0.013531869 0.0070369685
v 0.018436981 -0.013542143 0.0066118769
v 0.018981861 -0.013554061 0.0065379609
v 0.018356091 -0.013561355 0.006165919
v 0.018892415 -0.013575305 0.0060448345
v 0.01823661 -0.013579563 0.0057286739
v 0.018760297 -0.013595439 0.0055613422
v 0.018079446 -0.013596629 0.0053034691
v 0.01858651 -0.01361431 0.0050911637
v 0.017885797 -0.013612423 0.0048935405
v 0.018372379 -0.013631774 0.0046378774
v 0.017657136 -0.013626824 0.0045020081
v 0.018119533 -0.013647699 0.0042049331
v 0.017395204 -0.013639723 0.0041318519
v 0.017829896 -0.013661963 0.0037956255
v 0.017101993 -0.013651022 0.0037858885
v 0.017505672 -0.013674457 0.00341307
v 0.016779736 -0.013660635 0.0034667513
v 0.017149331 -0.013685086 0.0030601776
v 0.016430884 -0.013668489 0.0031768691
v 0.016763581 -0.01369377 0.0027396348
v 0.016058094 -0.013674523 0.0029184479
v 0.016351361 -0.013700443 0.0024538805
v 0.015664201 -0.013678692 0.0026934545
v 0.015915807 -0.013705053 0.0022050899
v 0.015252205 -0.013680965 0.0025036012
v 0.015460233 -0.013707566 0.0019951561
v 0.014825239 -0.013681323 0.0023503331
v 0.014988108 -0.013707962 0.0018256772
v 0.014386554 -0.013679765 0.002234817
v 0.014503024 -0.013706239 0.0016979424
v 0.013939489 -0.013676302 0.0021579311
v 0.014008673 -0.01370241 0.0016129245
v 0.013487446 -0.01367096 0.0021202608
v 0.013508818 -0.013696503 0.0015712701
v 0.013033865 -0.01366378 0.0021220935
v 0.013007262 -0.013688563 0.0015732964
v 0.012582198 -0.013654817 0.0021634145
v 0.012507822 -0.013678652 0.0016189878
v 0.012135883 -0.013644138 0.0022439093
v 0.012014301 -0.013666844 0.001707997
v 0.011698316 -0.013631826 0.0023629659
v 0.011530453 -0.01365323 0.0018396459
v 0.011272828 -0.013617974 0.0025196781
v 0.011059961 -0.013637913 0.0020129332
v 0.010862656 -0.013602687 0.0027128528
v 0.010606406 -0.013621009 0.0022265398
v 0.010235779 -0.01517979 0.0013511018
v 0.01023689 -0.015202511 0.00135141
v 0.010404312 -0.015206979 0.0014334127
v 0.010539446 -0.015631373 0.0012261532
v 0.01057441 -0.015643848 0.0012108999
v 0.01064827 -0.015526898 0.0013517394
v 0.010756769 -0.014809191 0.0021956016
v 0.010793013 -0.014767278 0.0021744765
v 0.010775813 -0.014885941 0.0020215718
v 0.010657113 -0.015210184 0.0022604047
v 0.010652588 -0.015164607 0.0022609771
v 0.010662099 -0.015176422 0.0021146469
v 0.010615909 -0.015253939 0.0022392083
v 0.010663925 -0.015248864 0.0022584184
v 0.010652569 -0.015287138 0.002209007
v 0.010670105 -0.015275043 0.0022562889
v 0.010642615 -0.015337993 0.0022315581
v 0.01068737 -0.015329015 0.0022496679
v 0.010731971 -0.015332887 0.0020565572
v 0.010703737 -0.015367726 0.00224299
v 0.010723855 -0.015406267 0.0022345299
v 0.010724142 -0.015432387 0.0021939317
v 0.010733934 -0.015485527 0.0021998737
v 0.010759045 -0.015459131 0.0022194207
v 0.010776487 -0.015494705 0.0021823453
v 0.010807721 -0.015444341 0.0020064381
v 0.010815519 -0.015520694 0.0021949189
v 0.010838947 -0.015548797 0.0021577565
v 0.010982651 -0.015619754 0.002102876
v 0.011001938 -0.01550879 0.0019512829
v 0.011018804 -0.01562142 0.0021082889
v 0.011102123 -0.015630532 0.0020543513
v 0.011068082 -0.015627085 0.0020880762
v 0.011142721 -0.015620874 0.0020271666
v 0.011185633 -0.015632445 0.0020201343
v 0.011194875 -0.015610986 0.0020369135
v 0.011136792 -0.015623451 0.0020600744
v 0.011214744 -0.015601709 0.0020007168
v 0.011263053 -0.015604854 0.0019872437
v 0.011250764 -0.015589941 0.002014941
v 0.011336612 -0.015537052 0.0019816264
v 0.011303768 -0.015560633 0.0019943284
v 0.011202509 -0.015461396 0.001869598
v 0.011277851 -0.015576341 0.0020043818
v 0.011367592 -0.015537265 0.0019416335
v 0.011367968 -0.015509839 0.0019695131
v 0.011398275 -0.015508409 0.0019278906
v 0.011301567 -0.015386756 0.0018374199
v 0.011409584 -0.015464511 0.0019533697
v 0.011389212 -0.01548837 0.0019612924
v 0.011356213 -0.01534222 0.0018301891
v 0.011439608 -0.015422997 0.0019415725
v 0.011478702 -0.015349023 0.0019256682
v 0.011460583 -0.015387071 0.0019331566
v 0.011493132 -0.015311015 0.0019194339
v 0.011510431 -0.015326976 0.0018746559
v 0.01150517 -0.015269385 0.0019138565
v 0.011375657 -0.015235412 0.0018038987
v 0.011512027 -0.015236851 0.0019103304
v 0.011515986 -0.015211058 0.0019080113
v 0.011538996 -0.015198607 0.0018578529
v 0.011518473 -0.015187041 0.0019062363
v 0.011516021 -0.015077789 0.0019025468
v 0.011519571 -0.01511653 0.0019030002
v 0.011382506 -0.015134983 0.0017939004
v 0.011520217 -0.015151732 0.0019042354
v 0.011391245 -0.015068166 0.0018029114
v 0.01150845 -0.015031641 0.0019030804
v 0.011515859 -0.014979987 0.0018587228
v 0.011498453 -0.0149923 0.0019046909
v 0.01148463 -0.014951662 0.0019075159
v 0.011358547 -0.014973318 0.0018104765
v 0.011468147 -0.014913573 0.0019113628
v 0.011461072 -0.014860576 0.0018765116
v 0.011448407 -0.014876489 0.0019163947
v 0.011279517 -0.01490031 0.0018157929
v 0.01142537 -0.014840724 0.0019226791
v 0.011379065 -0.01478461 0.0019362994
v 0.011406808 -0.01481624 0.0019280054
v 0.01137975 -0.01476009 0.0019059472
v 0.011349044 -0.014755858 0.0019456807
v 0.011199264 -0.014851133 0.001831172
v 0.011308234 -0.014724304 0.0019584631
v 0.011264709 -0.014704954 0.0019404226
v 0.011222381 -0.014685118 0.001959042
v 0.011247112 -0.014688377 0.0019801849
v 0.011127203 -0.014651208 0.0020060436
v 0.011079651 -0.014631013 0.0020241192
v 0.011103229 -0.014649174 0.0020348611
v 0.011044122 -0.014650043 0.0020385341
v 0.011007992 -0.014650107 0.0020550417
v 0.010957798 -0.01464411 0.0020746892
v 0.010983866 -0.014658449 0.0020850069
v 0.010945161 -0.014670002 0.0021028546
v 0.010920003 -0.014675405 0.0020821886
v 0.010821698 -0.014732193 0.0021342261
v 0.010796364 -0.014840907 0.0019913968
v 0.010738578 -0.014834271 0.002205429
v 0.01070959 -0.014850647 0.0021732198
v 0.01066886 -0.014870633 0.0022023205
v 0.010711816 -0.014879597 0.0022203558
v 0.010670569 -0.014922846 0.0021918649
v 0.010697444 -0.014909231 0.002228638
v 0.010633 -0.014949579 0.0022201681
v 0.010679015 -0.014957531 0.0022397216
v 0.010620017 -0.014991359 0.0022271511
v 0.010669185 -0.014990887 0.0022459526
v 0.010610471 -0.015034258 0.0022327665
v 0.010659919 -0.015033939 0.0022522868
v 0.010664129 -0.015012286 0.0022493271
v 0.010651661 -0.015121952 0.0022598307
v 0.010666859 -0.01511043 0.0021029437
v 0.010653923 -0.015079395 0.0022570635
v 0.010658795 -0.015040645 0.0022531125
v 0.011175872 -0.01527589 0.0010028406
v 0.011168411 -0.015272767 0.00097112203
v 0.011198408 -0.015235267 0.00097933003
v 0.011182247 -0.015325077 0.00098951523
v 0.011157229 -0.015319617 0.00097669201
v 0.011152385 -0.015358847 0.0010156197
v 0.011149546 -0.01534362 0.00098019635
v 0.011118486 -0.015414143 0.00099337903
v 0.011127585 -0.015396317 0.00098961725
v 0.011151851 -0.015410257 0.0010053646
v 0.011105655 -0.015436506 0.00099859502
v 0.011047494 -0.015377644 0.0011921079
v 0.011084979 -0.015467404 0.001006852
v 0.011043948 -0.015517172 0.0010229704
v 0.011052903 -0.015507465 0.0010194744
v 0.011081698 -0.015523741 0.0010386628
v 0.011060795 -0.015498445 0.0010163856
v 0.011016132 -0.015544023 0.0010337903
v 0.011052452 -0.015556592 0.001051973
v 0.011006793 -0.015560187 0.0010860094
v 0.010975661 -0.015500882 0.0012295504
v 0.010954727 -0.015590704 0.001057624
v 0.010950235 -0.015636729 0.0010971252
v 0.010923972 -0.015608855 0.0010695915
v 0.010903726 -0.015623887 0.0011305727
v 0.01090334 -0.015619267 0.0010776458
v 0.010889703 -0.015549726 0.0012648591
v 0.010838914 -0.015643944 0.0011066586
v 0.010828077 -0.015547892 0.0012744253
v 0.010776733 -0.015658171 0.0011277518
v 0.010687685 -0.015663261 0.0011622115
v 0.010738817 -0.015662579 0.001143023
v 0.010766902 -0.015559747 0.0012940804
v 0.010666332 -0.01565685 0.0012245988
v 0.010621034 -0.015687919 0.0012343703
v 0.010606664 -0.015652409 0.0011973747
v 0.010587204 -0.015505338 0.0013685382
v 0.010500979 -0.015614087 0.0012420531
v 0.010449353 -0.015567965 0.0013132965
v 0.010461968 -0.015591732 0.0012566015
v 0.010394255 -0.015564948 0.0013226666
v 0.010404799 -0.015548427 0.0012834429
v 0.010384707 -0.015512922 0.0013356141
v 0.010379741 -0.015524796 0.001294275
v 0.010484791 -0.01541403 0.001431691
v 0.010345273 -0.015485514 0.0013091365
v 0.010338471 -0.015447149 0.0013513909
v 0.010307157 -0.015409817 0.0013608023
v 0.010305355 -0.015426514 0.0013261391
v 0.010268686 -0.015379838 0.0013669355
v 0.010276209 -0.015367882 0.0013381693
v 0.010253083 -0.015336872 0.0013716473
v 0.010259909 -0.015286963 0.0013749279
v 0.010254187 -0.015303777 0.0013466278
v 0.010264068 -0.015336325 0.0013429622
v 0.010240521 -0.015236508 0.0013508851
v 0.010235651 -0.015157028 0.0013503
v 0.010226515 -0.015155912 0.0013754146
v 0.010236511 -0.015134224 0.001349
v 0.010229086 -0.015110121 0.00137255
v 0.010238374 -0.015111378 0.0013471955
v 0.010243144 -0.015077501 0.0013435158
v 0.010235346 -0.015064805 0.001368189
v 0.010249822 -0.015044296 0.0013389115
v 0.010269451 -0.015026843 0.0013641489
v 0.010258713 -0.014976976 0.0013551216
v 0.010265959 -0.014990713 0.0013288364
v 0.010278282 -0.014959487 0.0013215438
v 0.010275643 -0.014935131 0.0013465155
v 0.010286167 -0.014942441 0.0013170055
v 0.010315164 -0.014911072 0.0013311924
v 0.01031935 -0.01485717 0.001325483
v 0.010325675 -0.014875519 0.001295155
v 0.010365938 -0.014842543 0.0013085058
v 0.010375042 -0.014788795 0.0012999066
v 0.010385056 -0.014806709 0.0012641001
v 0.010425784 -0.014785183 0.0012879773
v 0.010441024 -0.014732085 0.0012705642
v 0.010442233 -0.014760618 0.0012357463
v 0.010477177 -0.014739161 0.001218781
v 0.010477259 -0.014708659 0.0012547549
v 0.010505345 -0.014725092 0.0012055162
v 0.010515293 -0.014688763 0.0012383459
v 0.010660079 -0.014800995 0.0013174966
v 0.010534715 -0.014712712 0.00119192
v 0.010575746 -0.014701656 0.0011745507
v 0.010637754 -0.014689333 0.0011881975
v 0.010735662 -0.014764588 0.0012966732
v 0.010665679 -0.014685342 0.0011344282
v 0.010721444 -0.01468396 0.0011626186
v 0.010764412 -0.014650026 0.0011344877
v 0.010739875 -0.01468728 0.0011039751
v 0.010796567 -0.014685708 0.001121901
v 0.010847802 -0.014668832 0.0011009764
v 0.010902933 -0.014822166 0.0012210934
v 0.010860694 -0.014717001 0.0010576332
v 0.010818007 -0.014702387 0.0010725433
v 0.010907172 -0.014738027 0.0010409022
v 0.010950306 -0.01475259 0.0010701144
v 0.010999954 -0.014751337 0.0010417361
v 0.010967661 -0.014775134 0.001020111
v 0.011004331 -0.014894585 0.0011769347
v 0.011000163 -0.01480042 0.001009425
v 0.011079119 -0.014863243 0.0010233739
v 0.011054409 -0.014854258 0.00099249927
v 0.011027451 -0.014825647 0.0010007753
v 0.011067228 -0.014948345 0.001173176
v 0.011094044 -0.014906893 0.000981014
v 0.011113701 -0.014939062 0.00097566422
v 0.011073066 -0.015009441 0.0011627639
v 0.011132631 -0.014977023 0.00097086919
v 0.011154604 -0.015034805 0.00096594153
v 0.011147213 -0.015012762 0.00096748234
v 0.011174411 -0.015008515 0.00098023227
v 0.011161704 -0.015060094 0.00096463927
v 0.011186508 -0.01505273 0.00097700962
v 0.01116744 -0.015085589 0.00096380064
v 0.011195007 -0.015097859 0.00097530074
v 0.01117105 -0.015106266 0.00096346587
v 0.01111754 -0.015162662 0.0011354728
v 0.011174858 -0.015137194 0.00096348698
v 0.011173197 -0.015242078 0.00096830975
v 0.011175704 -0.015215949 0.00096642704
v 0.01117682 -0.015189624 0.00096498951
v 0.011176531 -0.015163304 0.00096400885
v 0.010571055 -0.015641813 0.0019931123
v 0.010631296 -0.015493695 0.0019290743
v 0.010635882 -0.015411398 0.0019045042
v 0.010464811 -0.015510531 0.0020315689
v 0.010436806 -0.015460778 0.0020411074
v 0.010540784 -0.015346298 0.0019598042
v 0.010504793 -0.015091348 0.0019625277
v 0.010383361 -0.014955776 0.0020431172
v 0.010545847 -0.014925638 0.0019411024
v 0.010628299 -0.014877812 0.0018522213
v 0.010659223 -0.014802141 0.0018474948
v 0.010588124 -0.014724528 0.0016930316
v 0.011251384 -0.0148098 0.0016121943
v 0.011321506 -0.014838012 0.0016208776
v 0.011482178 -0.014784911 0.0015850157
v 0.011510183 -0.014834663 0.0015754772
v 0.011382284 -0.014951444 0.0015985517
v 0.011568994 -0.014996612 0.0015577156
v 0.01139358 -0.015288426 0.0015997613
v 0.011332803 -0.015443722 0.0016350745
v 0.011234243 -0.015498445 0.0016387951
v 0.011308985 -0.015672887 0.0013873211
v 0.011326217 -0.015671596 0.0014213106
v 0.011290271 -0.015706248 0.0014411742
v 0.011344799 -0.015663171 0.0014774128
v 0.011294173 -0.015673789 0.0013626455
v 0.011264853 -0.015705269 0.0013859097
v 0.011236594 -0.015700139 0.0013322777
v 0.011251436 -0.015238053 0.00100902
v 0.011166724 -0.015278193 0.0011375103
v 0.011143914 -0.01535176 0.0011497884
v 0.011109567 -0.015419741 0.0011665801
v 0.011126298 -0.015547359 0.0010726375
v 0.011038778 -0.015506775 0.0011990974
v 0.010949271 -0.01557072 0.001238383
v 0.010847145 -0.015607206 0.0012817728
v 0.010768515 -0.01573451 0.0012269925
v 0.01073936 -0.015613744 0.0013263097
v 0.010667985 -0.01560117 0.0013551288
v 0.010544804 -0.015694913 0.001317321
v 0.010567057 -0.015557844 0.001394878
v 0.010424899 -0.015622746 0.0013637237
v 0.010479553 -0.015487946 0.0014280586
v 0.010411443 -0.015396231 0.0014524139
v 0.010254573 -0.015393064 0.0014246169
v 0.01036737 -0.015288952 0.0014662834
v 0.010215761 -0.0152512 0.0014349571
v 0.010350328 -0.015173422 0.001468719
v 0.010354641 -0.015095698 0.0014638781
v 0.010371396 -0.015020166 0.0014540132
v 0.010262033 -0.014916242 0.0014027221
v 0.010418645 -0.014915964 0.0014304916
v 0.010337252 -0.014794562 0.0013670192
v 0.010489432 -0.014828928 0.001397977
v 0.010547373 -0.014783425 0.0013723748
v 0.010611909 -0.014749613 0.001344535
v 0.010681064 -0.014728503 0.0013152943
v 0.01078885 -0.01472196 0.0012707618
v 0.010860223 -0.014734535 0.0012419399
v 0.010928677 -0.01476028 0.0012148394
v 0.010992131 -0.014798403 0.0011902759
v 0.011074339 -0.014750379 0.0010625058
v 0.011073772 -0.01487619 0.0011598181
v 0.011130333 -0.014961406 0.0011813412
v 0.011149043 -0.015009697 0.001134169
v 0.011169623 -0.015084727 0.0011286796
v 0.011177881 -0.015162282 0.0011283511
v 0.011214246 -0.015201414 0.0011613145
v 0.011294611 -0.015291711 0.0010481456
v 0.011192731 -0.0153214 0.0011748883
v 0.011162603 -0.015395998 0.0011902105
v 0.011120864 -0.01546362 0.0012100222
v 0.011135871 -0.01560535 0.0011257366
v 0.011039334 -0.015547537 0.0012468295
v 0.011019718 -0.015696412 0.0011770444
v 0.01094016 -0.015605478 0.0012898535
v 0.010885252 -0.015751539 0.0012344551
v 0.010830096 -0.015633486 0.0013361707
v 0.010741636 -0.015766975 0.0012940571
v 0.010716644 -0.015629657 0.0013826214
v 0.010642951 -0.015609454 0.001412094
v 0.010508526 -0.015702901 0.0013872797
v 0.010540907 -0.015554208 0.0014518273
v 0.010387939 -0.015614845 0.0014333345
v 0.010455181 -0.015472527 0.0014838133
v 0.010292094 -0.015496412 0.0014680273
v 0.010391621 -0.015369973 0.0015058735
v 0.010227521 -0.015355675 0.0014889933
v 0.010354547 -0.015253541 0.0015165019
v 0.010198622 -0.015202223 0.001494804
v 0.010346501 -0.015131162 0.001514976
v 0.010357608 -0.015050391 0.0015072232
v 0.010381565 -0.014973143 0.0014943333
v 0.010276183 -0.014853668 0.0014491798
v 0.010439886 -0.014868958 0.0014662611
v 0.010366107 -0.014732877 0.0014074718
v 0.010521413 -0.014785037 0.0014294582
v 0.010585967 -0.014743242 0.0014012923
v 0.010656427 -0.014714299 0.0013712067
v 0.010730654 -0.014699092 0.0013401181
v 0.010760342 -0.014571251 0.0012391518
v 0.010844106 -0.014702922 0.0012936679
v 0.010917798 -0.01472312 0.0012641923
v 0.010987314 -0.014756792 0.0012369706
v 0.011050544 -0.014802899 0.0012128165
v 0.011149098 -0.014759845 0.0010869127
v 0.011129461 -0.014892238 0.0011839317
v 0.011182932 -0.014983542 0.0012004791
v 0.01119698 -0.015039159 0.0011619979
v 0.011212173 -0.015119577 0.001158933
v 0.011244604 -0.015243642 0.0011978888
v 0.011329633 -0.015348786 0.0010937209
v 0.011212171 -0.015365802 0.0012160359
v 0.011174611 -0.015440108 0.0012343987
v 0.01112558 -0.015506048 0.0012571427
v 0.011137006 -0.015660394 0.0011851516
v 0.011033862 -0.015584966 0.0012979333
v 0.011007774 -0.015743947 0.0012415349
v 0.010926003 -0.015635246 0.0013442231
v 0.010862423 -0.015788193 0.0013029868
v 0.010809353 -0.015653456 0.001392858
v 0.010710858 -0.015790117 0.0013653203
v 0.010691861 -0.015638355 0.0014405239
v 0.010617035 -0.015610199 0.0014701487
v 0.01047239 -0.015700233 0.0014597245
v 0.010515715 -0.015542967 0.0015091122
v 0.010496966 -0.015459873 0.0015579633
v 0.010433563 -0.015449957 0.0015391833
v 0.010263424 -0.015463384 0.0015362068
v 0.010376177 -0.015337506 0.001558313
v 0.010207776 -0.015310146 0.0015530129
v 0.010347472 -0.015213277 0.0015651979
v 0.010190527 -0.015147164 0.0015536614
v 0.010349406 -0.015085737 0.0015593684
v 0.01036773 -0.01500317 0.0015485791
v 0.010399104 -0.014925514 0.0015326266
v 0.010301175 -0.014791103 0.0014941497
v 0.010468428 -0.014823331 0.0015001144
v 0.010405481 -0.014673938 0.0014466777
v 0.010560147 -0.014744413 0.001459324
v 0.010630694 -0.014707456 0.0014288851
v 0.010706298 -0.014684396 0.0013969212
v 0.010784656 -0.014675927 0.0013643998
v 0.010831629 -0.014544215 0.001266509
v 0.010902147 -0.014691022 0.0013167333
v 0.010976975 -0.014719178 0.0012871094
v 0.011046332 -0.01476087 0.0012602673
v 0.011108115 -0.014814831 0.0012370199
v 0.011222403 -0.014779409 0.0011152813
v 0.011182557 -0.014915101 0.0012104018
v 0.011232104 -0.015012482 0.00122435
v 0.011240317 -0.015073895 0.0011929447
v 0.011249332 -0.015158677 0.0011925905
v 0.011259408 -0.015238202 0.0012795731
v 0.011234553 -0.0152805 0.0012896809
v 0.011259512 -0.015349658 0.0012719047
v 0.011224931 -0.015410144 0.0012608589
v 0.011180031 -0.015482842 0.0012821753
v 0.011124014 -0.01554583 0.0013076707
v 0.011130125 -0.015710781 0.0012502042
v 0.011022931 -0.015617994 0.0013520432
v 0.010989179 -0.015784509 0.0013110118
v 0.010907609 -0.01565916 0.0014010384
v 0.010834821 -0.015816027 0.0013756607
v 0.010785904 -0.015666518 0.0014513197
v 0.010677571 -0.015803187 0.0014397461
v 0.010666112 -0.015639563 0.0014994622
v 0.010591367 -0.015603346 0.0015287347
v 0.010556404 -0.015526226 0.0015797162
v 0.010533718 -0.015481946 0.001585514
v 0.010415706 -0.015420815 0.0015936816
v 0.010241224 -0.01542166 0.0016039144
v 0.010365967 -0.015299673 0.0016093284
v 0.010196396 -0.015257809 0.0016158573
v 0.010346758 -0.01516922 0.0016120673
v 0.010396361 -0.015085238 0.0016280405
v 0.010419973 -0.01504306 0.0016149042
v 0.010485804 -0.014991476 0.0016092681
v 0.010423958 -0.014878541 0.0015688755
v 0.010511304 -0.014832327 0.001570838
v 0.010503911 -0.014780288 0.001532154
v 0.010454647 -0.014619485 0.0014845686
v 0.010604992 -0.014708121 0.0014877837
v 0.010680762 -0.014677012 0.0014554308
v 0.010760579 -0.014660672 0.0014219986
v 0.01084202 -0.014659603 0.0013885056
v 0.010907201 -0.014527079 0.0012950263
v 0.010961812 -0.014686555 0.0013403634
v 0.011036558 -0.014722771 0.0013110895
v 0.011104539 -0.014772367 0.0012851251
v 0.011145909 -0.014870892 0.0013099168
v 0.011210529 -0.014886274 0.0012737228
v 0.011232022 -0.01494412 0.0012395432
v 0.011247382 -0.015069711 0.0012902528
v 0.011245495 -0.015123454 0.0012789848
v 0.011256795 -0.015189269 0.0012911081
v 0.011373091 -0.015466059 0.0012030494
v 0.011231069 -0.015453177 0.0013091551
v 0.011179126 -0.015523 0.0013332494
v 0.011116614 -0.015581838 0.0013612506
v 0.011115915 -0.015754942 0.0013200966
v 0.01100725 -0.015645684 0.0014086948
v 0.010964972 -0.015816824 0.0013845424
v 0.01088589 -0.015676531 0.0014597632
v 0.010803758 -0.015834152 0.0014514477
v 0.010760802 -0.01567227 0.0015109765
v 0.01064326 -0.015805744 0.0015162525
v 0.010668312 -0.01564251 0.0015738682
v 0.010542084 -0.015762226 0.0015560932
v 0.010567063 -0.015589026 0.0015872694
v 0.01044623 -0.015463442 0.0016319437
v 0.010402518 -0.015385846 0.0016468347
v 0.010226646 -0.015372452 0.0016702704
v 0.010361679 -0.01525746 0.00165854
v 0.010194206 -0.015200198 0.0016767931
v 0.010352837 -0.015122528 0.0016568429
v 0.010455879 -0.014833466 0.0016031017
v 0.010545791 -0.014740966 0.0015625159
v 0.010512599 -0.014571119 0.0015211652
v 0.010644644 -0.014683166 0.0015457032
v 0.010611557 -0.014525061 0.0014786982
v 0.010735228 -0.01465271 0.0014812172
v 0.010818218 -0.014643761 0.0014467754
v 0.010901602 -0.014650537 0.0014127919
v 0.010985255 -0.014520317 0.0013250093
v 0.011012396 -0.014678535 0.0013944623
v 0.01108643 -0.014563835 0.0012851686
v 0.011095341 -0.014733777 0.0013364969
v 0.011160762 -0.014790944 0.0013118832
v 0.011357742 -0.014846008 0.0011848673
v 0.011276925 -0.014978469 0.0012715723
v 0.01110398 -0.015613048 0.001417433
v 0.011095299 -0.015791491 0.0013939239
v 0.010987645 -0.015667233 0.0014673585
v 0.010936381 -0.015839867 0.001461112
v 0.010861838 -0.015686829 0.0015198096
v 0.010770669 -0.01584197 0.0015292636
v 0.010735133 -0.015670506 0.0015712105
v 0.010642826 -0.01563159 0.0016329915
v 0.010509943 -0.015743697 0.0016324798
v 0.010523021 -0.015593597 0.001650035
v 0.010593355 -0.014706396 0.0015913729
v 0.010709691 -0.014652213 0.0015414471
v 0.010793032 -0.014635172 0.0015065408
v 0.010878063 -0.014634067 0.0014715685
v 0.010962202 -0.014648937 0.0014375948
v 0.01107234 -0.014686141 0.0014192248
v 0.01116344 -0.014578051 0.0013180128
v 0.011170608 -0.014726217 0.0013497786
v 0.010499303 -0.014576717 0.0016558006
v 0.010645735 -0.014677481 0.0016189352
v 0.01064963 -0.014498084 0.0015909462
v 0.010754931 -0.014635583 0.001597679
v 0.010758475 -0.014470464 0.0015451459
v 0.010853026 -0.01462485 0.0015317089
v 0.010926728 -0.014625291 0.0015267046
v 0.010981975 -0.014478162 0.001453644
v 0.01102259 -0.014654838 0.0014632434
v 0.011130334 -0.014702042 0.0014461019
v 0.011176579 -0.014742193 0.0014046539
v 0.011152679 -0.015605559 0.0014726056
v 0.011086853 -0.015638572 0.0014756956
v 0.011036857 -0.015666141 0.001522573
v 0.010965045 -0.015682005 0.0015274451
v 0.010910015 -0.015692038 0.0015756978
v 0.010840503 -0.015636109 0.0015983773
v 0.010780798 -0.015681483 0.0016283586
v 0.010709998 -0.01566122 0.0016313882
v 0.010619982 -0.015612308 0.0016916844
v 0.010556862 -0.015573779 0.0016920521
v 0.010404414 -0.015639805 0.0017376397
v 0.010651655 -0.014682144 0.0016924412
v 0.010690451 -0.014661849 0.001675704
v 0.010730787 -0.014645308 0.0016584822
v 0.010780933 -0.014464225 0.0016013415
v 0.010837044 -0.014458194 0.0015780547
v 0.010901275 -0.014618795 0.0015874047
v 0.011005739 -0.014471968 0.0015093048
v 0.01102962 -0.014641517 0.0015355825
v 0.011081549 -0.014668031 0.0014900269
v 0.011184821 -0.014725671 0.0014751553
v 0.011134114 -0.015628803 0.0015316508
v 0.01114622 -0.015799381 0.001504023
v 0.011013409 -0.015678285 0.0015831859
v 0.010984202 -0.015848701 0.0015725217
v 0.010884492 -0.015692144 0.0016366878
v 0.010756146 -0.015669429 0.0016885102
v 0.010686478 -0.015644613 0.0016908748
v 0.010600945 -0.015585272 0.0017489378
v 0.01042599 -0.015695365 0.0017950677
v 0.010634133 -0.014707211 0.0017510012
v 0.010802766 -0.014628799 0.0016535291
v 0.010860219 -0.014457189 0.0016342965
v 0.01097473 -0.01462663 0.0015828066
v 0.011087284 -0.014658483 0.0015629391
v 0.01111661 -0.014732965 0.001555168
v 0.011238205 -0.014561085 0.0014831371
v 0.011198714 -0.015592916 0.0015281988
v 0.011111723 -0.015644246 0.0015918305
v 0.011116412 -0.015817542 0.0015827855
v 0.010958061 -0.015687071 0.0016315328
v 0.010828773 -0.015682606 0.001684463
v 0.010733844 -0.015649058 0.0017472394
v 0.010705453 -0.015574488 0.0017572895
v 0.010573121 -0.0157474 0.0018031795
v 0.01044917 -0.015661006 0.0018473081
v 0.010700006 -0.014674437 0.0017479273
v 0.010779693 -0.014641789 0.0017139049
v 0.010863626 -0.014624667 0.0016787525
v 0.010949255 -0.014623597 0.0016435373
v 0.011033977 -0.014638614 0.0016093291
v 0.011304676 -0.014598417 0.0015227453
v 0.011359595 -0.015713161 0.0015446819
v 0.011176355 -0.015609544 0.0015891897
v 0.01105918 -0.015664051 0.0016394735
v 0.011029146 -0.015836641 0.0016848235
v 0.010932482 -0.015683725 0.0016922934
v 0.010862064 -0.015838762 0.0017535383
v 0.010804895 -0.015667227 0.0017440502
v 0.010552587 -0.015705651 0.0018754033
v 0.010482211 -0.015683663 0.0019064121
v 0.010683821 -0.014701148 0.0018056623
v 0.010759367 -0.01466166 0.0017730709
v 0.01084031 -0.014637048 0.0017388512
v 0.010924192 -0.014628062 0.0017040403
v 0.011008462 -0.014634969 0.001669698
v 0.011090562 -0.014657561 0.0016368674
v 0.011226899 -0.014543115 0.0016170902
v 0.011204216 -0.014719241 0.0015926166
v 0.011363966 -0.014643206 0.0015647409
v 0.011224957 -0.015574857 0.0016171888
v 0.011153224 -0.01562285 0.0016492486
v 0.011156551 -0.015795856 0.00169546
v 0.011033685 -0.015665411 0.0017000317
v 0.010995558 -0.015828729 0.0017628882
v 0.010907556 -0.01567293 0.0017521375
v 0.010831548 -0.015815338 0.0018297287
v 0.010783434 -0.015644896 0.0018020155
v 0.010675699 -0.015756595 0.0018914259
v 0.010669778 -0.015583219 0.001846265
v 0.010538632 -0.015656503 0.0019437752
v 0.01070656 -0.014708922 0.0018461139
v 0.010723518 -0.014538152 0.0018869005
v 0.010819629 -0.014656358 0.0017975932
v 0.010900616 -0.014639859 0.001763674
v 0.010983237 -0.014638844 0.0017296976
v 0.01106498 -0.01465335 0.0016966928
v 0.011143362 -0.014682933 0.0016656643
v 0.011216004 -0.01472669 0.0016375546
v 0.011202172 -0.015590197 0.0016773376
v 0.011128213 -0.015628845 0.0017092446
v 0.011122325 -0.015793338 0.001772655
v 0.011008117 -0.015659264 0.0017597769
v 0.010963127 -0.015810449 0.0018387237
v 0.010884357 -0.015654948 0.0018104422
v 0.010804635 -0.015782396 0.0019027181
v 0.010765369 -0.015616191 0.0018577879
v 0.010692728 -0.015572431 0.0018858985
v 0.011427317 -0.015228849 0.0016193524
v 0.011394161 -0.015353236 0.0016378842
v 0.011256202 -0.015457875 0.0016859429
v 0.011245654 -0.015552508 0.0017067541
v 0.011177157 -0.015596745 0.0017366379
v 0.011102411 -0.015627342 0.0017685497
v 0.011088236 -0.015780341 0.0018475572
v 0.010983576 -0.015645756 0.0018180901
v 0.010933336 -0.015782308 0.0019112622
v 0.010863917 -0.015630243 0.0018666298
v 0.010782641 -0.015740887 0.0019715261
v 0.010751589 -0.015581854 0.0019108565
v 0.010684592 -0.015532882 0.0019364437
v 0.010476055 -0.015448385 0.002085909
v 0.010529578 -0.015282173 0.0019902172
v 0.01040883 -0.015236805 0.0021051668
v 0.010510746 -0.015153513 0.0019928731
v 0.010609833 -0.015052049 0.0019198039
v 0.010604599 -0.014976621 0.0019478265
v 0.010600145 -0.014897133 0.0019616386
v 0.010514638 -0.01476131 0.0020429268
v 0.010637143 -0.014799845 0.0019269863
v 0.010697313 -0.014743323 0.0019000342
v 0.010765809 -0.014699085 0.0018701536
v 0.010801484 -0.014536427 0.0019162197
v 0.010879568 -0.014658609 0.0018218275
v 0.01095939 -0.014650073 0.0017887027
v 0.01103958 -0.014656664 0.001756024
v 0.011117699 -0.014678184 0.0017247846
v 0.011191377 -0.014713973 0.0016959339
v 0.011258374 -0.014762946 0.0016703491
v 0.011421803 -0.014706933 0.0016681486
v 0.011364446 -0.014894144 0.0016319603
v 0.011413387 -0.015013656 0.0016165756
v 0.011429409 -0.015098947 0.0016133628
v 0.011588545 -0.01516609 0.0016177904
v 0.01158158 -0.015216699 0.0016817761
v 0.01142064 -0.015265428 0.0016714363
v 0.011396048 -0.015344417 0.0016846581
v 0.011359062 -0.015417386 0.0017027315
v 0.011445337 -0.015553454 0.0017510392
v 0.011374046 -0.015626742 0.001783217
v 0.011220605 -0.015559554 0.0017652197
v 0.011151242 -0.015595782 0.0017951422
v 0.011076928 -0.015618352 0.0018265587
v 0.011055803 -0.015757213 0.0019190921
v 0.010961137 -0.01562522 0.0018743934
v 0.010907573 -0.01574511 0.0019795018
v 0.010847197 -0.015599444 0.0019201749
v 0.010766719 -0.015692019 0.0020352629
v 0.010742873 -0.015542794 0.001960793
v 0.010682219 -0.015489696 0.0019836095
v 0.010573917 -0.01552344 0.002107801
v 0.010609175 -0.015391078 0.0020097178
v 0.010574596 -0.015315597 0.0020209388
v 0.010552584 -0.015234974 0.0020267985
v 0.010448351 -0.015177668 0.0021457239
v 0.01054449 -0.015109777 0.0020251793
v 0.010654694 -0.014876595 0.0019799995
v 0.010586269 -0.014733853 0.0020715448
v 0.01069368 -0.014781826 0.0019509465
v 0.010755985 -0.014733043 0.001923427
v 0.010825348 -0.014696817 0.0018935038
v 0.010877873 -0.014545321 0.0019443191
v 0.010937974 -0.014668311 0.0018461178
v 0.011015452 -0.014667379 0.0018142543
v 0.011092106 -0.014680995 0.0017833062
v 0.011165605 -0.014708751 0.0017542116
v 0.011233715 -0.014749804 0.0017278546
v 0.011388767 -0.014685749 0.0017400084
v 0.011321316 -0.014833475 0.0016951768
v 0.01148723 -0.014807416 0.0017043681
v 0.01138622 -0.014938466 0.0016726627
v 0.011553566 -0.014951997 0.0016828294
v 0.011372181 -0.015067522 0.0016774126
v 0.011577609 -0.015056293 0.0016770726
v 0.011432778 -0.01514094 0.0016615345
v 0.01142942 -0.015179697 0.0017113592
v 0.011565579 -0.015261271 0.0017465022
v 0.011408216 -0.015297111 0.0017247056
v 0.011378639 -0.015370089 0.0017397383
v 0.011337696 -0.015436216 0.0017591657
v 0.011286644 -0.01549349 0.0017824001
v 0.011337724 -0.015629865 0.0018546532
v 0.011194557 -0.01555907 0.0018228146
v 0.011125551 -0.0155873 0.0018522729
v 0.011052879 -0.015602088 0.0018827107
v 0.011026478 -0.015724611 0.0019862433
v 0.010941829 -0.015598182 0.0019281718
v 0.010887087 -0.015699939 0.0020425257
v 0.010835068 -0.015563374 0.0019706509
v 0.010757817 -0.015637227 0.0020931487
v 0.010739874 -0.01550003 0.0020072464
v 0.010686083 -0.015444016 0.002027134
v 0.010588216 -0.015460837 0.0021558484
v 0.010623985 -0.015343549 0.0020486737
v 0.010596811 -0.015268576 0.0020568761
v 0.010582035 -0.015189839 0.002059834
v 0.01049583 -0.015123159 0.0021804616
v 0.010583984 -0.015069925 0.0020543003
v 0.010601308 -0.014992319 0.0020441152
v 0.010630884 -0.01491934 0.0020290889
v 0.010736436 -0.014880462 0.0019663458
v 0.010660372 -0.014716459 0.0020968122
v 0.010751726 -0.014771177 0.0019736014
v 0.010814966 -0.01473036 0.0019460089
v 0.01088397 -0.014702128 0.0019165495
v 0.010950846 -0.014564516 0.0019714955
v 0.010993671 -0.014685149 0.0018708195
v 0.011067695 -0.014691247 0.001840654
v 0.011139806 -0.014711122 0.0018118193
v 0.011207813 -0.014744175 0.0017851883
v 0.011269651 -0.014789396 0.0017615733
v 0.011423716 -0.014742751 0.0017842965
v 0.011346797 -0.014876949 0.0017333431
v 0.011507607 -0.01486642 0.0017547212
v 0.01140063 -0.014982751 0.0017154074
v 0.011559331 -0.015008852 0.0017391
v 0.011574103 -0.015109471 0.0017370057
v 0.011419855 -0.015214114 0.001762512
v 0.011541478 -0.015298418 0.001811103
v 0.011390804 -0.015322986 0.0017787421
v 0.011357239 -0.015389189 0.0017951447
v 0.011313452 -0.015447916 0.00181545
v 0.011260775 -0.015497384 0.0018390417
v 0.011300207 -0.015622507 0.0019230071
v 0.011168654 -0.015551025 0.0018790011
v 0.011101221 -0.015571491 0.0019075058
v 0.01103135 -0.015578947 0.0019365037
v 0.011001595 -0.01568348 0.0020480739
v 0.01092661 -0.015565341 0.0019789894
v 0.010872944 -0.015648118 0.0020995223
v 0.010828294 -0.015522962 0.0020176998
v 0.010743101 -0.015454703 0.0020499983
v 0.010696514 -0.015397049 0.0020668557
v 0.010611207 -0.015398405 0.0021971726
v 0.010645469 -0.015296722 0.0020838638
v 0.010625509 -0.015223564 0.0020891715
v 0.01061756 -0.015147965 0.0020894519
v 0.010550279 -0.015074883 0.0022094233
v 0.010628587 -0.015035014 0.0020804617
v 0.010650916 -0.014963351 0.0020684541
v 0.01068448 -0.014897146 0.002052056
v 0.010810124 -0.01476817 0.0019953552
v 0.010873065 -0.014735307 0.0019682055
v 0.010940496 -0.014714843 0.0019396953
v 0.011018648 -0.014593386 0.0019980189
v 0.011045559 -0.014708629 0.0018962948
v 0.011115108 -0.014720994 0.0018682155
v 0.011181794 -0.014746188 0.0018418192
v 0.011243587 -0.014783448 0.0018179047
v 0.011298618 -0.014831631 0.0017972061
v 0.01144792 -0.014801634 0.001829914
v 0.01136488 -0.014921123 0.0017735203
v 0.011517103 -0.014924543 0.0018063498
v 0.011407702 -0.015025744 0.0017600643
v 0.011421707 -0.015100407 0.0017572577
v 0.011560958 -0.015157405 0.0017975324
v 0.010947436 -0.015606352 0.0021159673
v 0.010909729 -0.015590611 0.002130376
v 0.010875047 -0.015571436 0.0021471732
v 0.010855889 -0.014710113 0.0021222776
v 0.010890788 -0.014690692 0.0021066588
v 0.011161479 -0.014649912 0.0020014418
v 0.011189602 -0.014669019 0.0019792045
v 0.010093013 -0.016186914 0.01158216
v 0.0097603164 -0.016161632 0.012019395
v 0.0097441618 -0.016194767 0.011292278
v 0.009374567 -0.016170316 0.011698852
v 0.0094219043 -0.01620438 0.010973141
v 0.0090182251 -0.016180946 0.011345959
v 0.0091286938 -0.016215679 0.010627178
v 0.0086940013 -0.01619344 0.010963404
v 0.0088667613 -0.016228578 0.010257022
v 0.0084043646 -0.016207704 0.010554097
v 0.0086381004 -0.01624298 0.0098654894
v 0.0081515183 -0.016223628 0.010121152
v 0.0084444515 -0.016258773 0.0094555608
v 0.0079373873 -0.016241092 0.0096678662
v 0.008287288 -0.016275839 0.0090303558
v 0.007763601 -0.016259963 0.0091976877
v 0.0081678066 -0.016294048 0.0085931107
v 0.0076314823 -0.016280098 0.0087141952
v 0.0080869166 -0.01631326 0.0081471529
v 0.0075420361 -0.016301342 0.0082210688
v 0.0080452331 -0.016333329 0.0076958765
v 0.0074959438 -0.016323534 0.0077220613
v 0.0080430732 -0.016354104 0.0072427159
v 0.0074935558 -0.016346506 0.0072209703
v 0.0080804543 -0.016375425 0.0067911201
v 0.0075348904 -0.016370082 0.0067216095
v 0.008157091 -0.016397131 0.0063445259
v 0.0076196327 -0.016394084 0.0062277793
v 0.0082724 -0.016419055 0.005906332
v 0.0077471385 -0.016418327 0.0057432382
v 0.0084255045 -0.016441033 0.0054798737
v 0.0079164366 -0.016442629 0.0052716736
v 0.0086152391 -0.016462895 0.0050683965
v 0.008126239 -0.016466804 0.0048166746
v 0.0088401594 -0.016484476 0.0046750316
v 0.0083749489 -0.016490668 0.004381704
v 0.0090985538 -0.016505612 0.0043027731
v 0.0086606736 -0.016514039 0.0039700721
v 0.0093884558 -0.016526141 0.0039544542
v 0.0089812381 -0.016536739 0.0035849115
v 0.0097076588 -0.016545908 0.0036327254
v 0.0093342036 -0.016558597 0.003229154
v 0.010053734 -0.016564762 0.0033400356
v 0.0097168826 -0.016579445 0.0029055062
v 0.010424047 -0.016582559 0.0030786124
v 0.010126364 -0.016599124 0.0026164325
v 0.01081578 -0.016599164 0.0028504451
v 0.01055953 -0.016617486 0.0023641321
v 0.011225952 -0.016614451 0.0026572704
v 0.011013085 -0.016634389 0.0021505255
v 0.01165144 -0.016628303 0.0025005582
v 0.011483576 -0.016649707 0.0019772382
v 0.012089007 -0.016640615 0.0023815016
v 0.011967424 -0.016663321 0.0018455893
v 0.012535322 -0.016651293 0.0023010068
v 0.012460946 -0.016675129 0.0017565801
v 0.012986989 -0.016660256 0.0022596858
v 0.012960385 -0.01668504 0.0017108887
v 0.01344057 -0.016667436 0.0022578531
v 0.013461941 -0.016692979 0.0017088624
v 0.013892613 -0.016672778 0.0022955234
v 0.013961797 -0.016698886 0.0017505168
v 0.014339678 -0.016676241 0.0023724093
v 0.014456148 -0.016702716 0.0018355347
v 0.014778363 -0.0166778 0.0024879254
v 0.014941232 -0.016704439 0.0019632695
v 0.015205328 -0.016677441 0.0026411935
v 0.015413357 -0.016704043 0.0021327484
v 0.015617325 -0.016675169 0.0028310468
v 0.01586893 -0.01670153 0.0023426822
v 0.016011218 -0.016671 0.0030560402
v 0.016304485 -0.016696919 0.0025914728
v 0.016384008 -0.016664965 0.0033144614
v 0.016716705 -0.016690247 0.0028772271
v 0.01673286 -0.016657112 0.0036043436
v 0.017102454 -0.016681563 0.0031977699
v 0.017055117 -0.016647499 0.0039234808
v 0.017458796 -0.016670933 0.0035506623
v 0.017348328 -0.0166362 0.0042694442
v 0.01778302 -0.016658439 0.0039332178
v 0.01761026 -0.016623301 0.0046396004
v 0.018072657 -0.016644175 0.0043425254
v 0.017838921 -0.016608899 0.0050311328
v 0.018325503 -0.016628251 0.0047754697
v 0.01803257 -0.016593106 0.0054410614
v 0.018539634 -0.016610787 0.005228756
v 0.018189733 -0.01657604 0.0058662662
v 0.01871342 -0.016591916 0.0056989345
v 0.018309215 -0.016557831 0.0063035113
v 0.018845539 -0.016571782 0.0061824268
v 0.018390105 -0.016538619 0.0067494692
v 0.018934985 -0.016550537 0.0066755532
v 0.018431788 -0.01651855 0.0072007456
v 0.018981078 -0.016528345 0.0071745608
v 0.018433948 -0.016497775 0.0076539061
v 0.018983466 -0.016505373 0.0076756518
v 0.018396567 -0.016476454 0.008105502
v 0.018942131 -0.016481797 0.0081750126
v 0.01831993 -0.016454748 0.0085520962
v 0.018857389 -0.016457796 0.0086688427
v 0.018204621 -0.016432824 0.0089902899
v 0.018729883 -0.016433552 0.0091533838
v 0.018051517 -0.016410846 0.0094167483
v 0.018560585 -0.01640925 0.0096249486
v 0.017861782 -0.016388984 0.0098282257
v 0.018350782 -0.016385075 0.010079948
v 0.017636862 -0.016367403 0.010221591
v 0.018102072 -0.016361211 0.010514918
v 0.017378468 -0.016346267 0.010593849
v 0.017816348 -0.01633784 0.01092655
v 0.017088566 -0.016325738 0.010942168
v 0.017495783 -0.01631514 0.011311711
v 0.016769363 -0.016305971 0.011263897
v 0.017142818 -0.016293282 0.011667468
v 0.016423287 -0.016287118 0.011556586
v 0.016760139 -0.016272434 0.011991116
v 0.016052974 -0.01626932 0.011818009
v 0.016350658 -0.016252755 0.012280189
v 0.015661241 -0.016252715 0.012046177
v 0.015917492 -0.016234393 0.01253249
v 0.01525107 -0.016237428 0.012239351
v 0.015463937 -0.01621749 0.012746096
v 0.014825582 -0.016223576 0.012396064
v 0.014993445 -0.016202172 0.012919384
v 0.014388015 -0.016211264 0.01251512
v 0.014509597 -0.016188558 0.013051032
v 0.0139417 -0.016200586 0.012595615
v 0.014016076 -0.016176751 0.013140042
v 0.013490033 -0.016191623 0.012636936
v 0.013516636 -0.016166839 0.013185733
v 0.013036452 -0.016184443 0.012638769
v 0.01301508 -0.0161589 0.013187759
v 0.012584409 -0.016179101 0.012601098
v 0.012515225 -0.016152993 0.013146105
v 0.012137343 -0.016175638 0.012524212
v 0.012020874 -0.016149163 0.013061087
v 0.011698659 -0.016174079 0.012408696
v 0.01153579 -0.01614744 0.012933352
v 0.011271693 -0.016174438 0.012255428
v 0.011063664 -0.016147837 0.012763873
v 0.010859696 -0.01617671 0.012065575
v 0.010608091 -0.016150349 0.01255394
v 0.010465804 -0.01618088 0.011840582
v 0.010172537 -0.01615496 0.012305149
v 0.0078388571 -0.015478806 0.0033729384
v 0.0079446145 -0.015395909 0.0034403462
v 0.0079093824 -0.015414858 0.0035015527
v 0.008028878 -0.014917385 0.0031142156
v 0.0080558088 -0.014905719 0.0031120876
v 0.008083813 -0.014986877 0.0033120204
v 0.008412764 -0.014585703 0.0042843683
v 0.0082909174 -0.014723247 0.0040588312
v 0.0082998201 -0.014712154 0.0041635646
v 0.0085799914 -0.014519459 0.0040308676
v 0.008482652 -0.014626309 0.0039512103
v 0.0085518518 -0.014507242 0.0040546669
v 0.0088308622 -0.014937805 0.0037140338
v 0.0088328828 -0.014962438 0.003712254
v 0.0088227086 -0.014940686 0.0036614923
v 0.008825335 -0.01498483 0.0036587745
v 0.0088261814 -0.014899008 0.0037186627
v 0.0086673744 -0.014905264 0.0037026059
v 0.0088195808 -0.014859558 0.0037275761
v 0.0086316372 -0.014848564 0.0037213791
v 0.0088030244 -0.014794609 0.0037441831
v 0.0087878836 -0.014749498 0.0037617027
v 0.0086106108 -0.014789663 0.0037516066
v 0.0087720374 -0.014710771 0.0037814699
v 0.0087259407 -0.014681173 0.0037738529
v 0.0085695936 -0.014723036 0.0038033825
v 0.0087434865 -0.014655659 0.0038170242
v 0.0086777782 -0.014595392 0.0038566517
v 0.0087158737 -0.014616509 0.0038514813
v 0.0085158451 -0.014666363 0.0038398928
v 0.00864684 -0.014560282 0.0039100111
v 0.0086081899 -0.014528021 0.0039934428
v 0.0086147075 -0.014541068 0.0039463652
v 0.0085186239 -0.014516309 0.0040864179
v 0.0083991493 -0.014628074 0.004063144
v 0.0084969911 -0.014524017 0.0041528159
v 0.008448369 -0.014539713 0.004187254
v 0.0084419997 -0.014553609 0.0042314861
v 0.0083876858 -0.014618758 0.0043221648
v 0.0083697876 -0.014649297 0.0043516955
v 0.0082767567 -0.014746525 0.0042154121
v 0.0083559034 -0.014678376 0.0043749834
v 0.0083288779 -0.01475371 0.0044213051
v 0.0083413104 -0.014714807 0.0043997994
v 0.0082551464 -0.014792397 0.0042572959
v 0.0083195069 -0.01478935 0.0044377475
v 0.0082396722 -0.014846489 0.004292001
v 0.0083110175 -0.014830972 0.0044529192
v 0.0082558546 -0.014851377 0.0044702349
v 0.0083048625 -0.014869869 0.0044641332
v 0.0083013614 -0.014899836 0.0044706824
v 0.0082242502 -0.014937543 0.0043143216
v 0.0082990749 -0.014926165 0.0044750959
v 0.0082974021 -0.014954803 0.0044785069
v 0.0082438876 -0.014981861 0.0044904248
v 0.008296557 -0.014983289 0.0044804991
v 0.0082443032 -0.015026162 0.0044908733
v 0.0081972155 -0.01505397 0.0043096899
v 0.0082987479 -0.015067148 0.0044783587
v 0.0082972983 -0.015040689 0.0044803289
v 0.0082965208 -0.015012066 0.0044811114
v 0.0083062723 -0.015137938 0.0044669175
v 0.008301327 -0.015097916 0.0044745504
v 0.0082287192 -0.015105068 0.0043119595
v 0.0083216181 -0.01521794 0.0044426173
v 0.0083134543 -0.015181011 0.0044556057
v 0.0082407293 -0.015167266 0.0042825861
v 0.0083328369 -0.015259136 0.0044247239
v 0.0082601719 -0.015222935 0.0042547023
v 0.0083462888 -0.015298201 0.0044033103
v 0.0083417327 -0.015378892 0.0043598103
v 0.0083722488 -0.015358569 0.0043562734
v 0.0083288378 -0.015327873 0.0043652752
v 0.0083921644 -0.015390195 0.0043311725
v 0.0083614473 -0.015407467 0.004332283
v 0.0083808612 -0.015414694 0.0042894369
v 0.0084315787 -0.015455122 0.0042301748
v 0.0083916946 -0.015381989 0.0040965653
v 0.008480731 -0.015474925 0.0042003565
v 0.0085032837 -0.015490392 0.0041331195
v 0.0084466677 -0.01539119 0.0040120936
v 0.0085550117 -0.015494635 0.0040914206
v 0.0085775239 -0.015509159 0.0040255943
v 0.0085876843 -0.015491286 0.0040434501
v 0.008635547 -0.015455742 0.0039227913
v 0.0086324749 -0.015474908 0.0039836926
v 0.008496369 -0.015372222 0.0039313882
v 0.0086030648 -0.015487134 0.0040220717
v 0.0086901912 -0.015431785 0.0039038787
v 0.0086774189 -0.015443622 0.0039209207
v 0.0086734126 -0.015456618 0.0038871956
v 0.0087103444 -0.015410245 0.0038771474
v 0.0086951901 -0.01543458 0.0038555253
v 0.0087269853 -0.015389213 0.0038552202
v 0.0085557467 -0.015282197 0.0038091485
v 0.0087456311 -0.015361348 0.003830784
v 0.0086219082 -0.01522709 0.0037540024
v 0.0087842801 -0.015290147 0.0037839799
v 0.0087389145 -0.01533339 0.0037844083
v 0.0088068968 -0.01521921 0.0037507683
v 0.0087998549 -0.015242474 0.0037600243
v 0.008795139 -0.015241296 0.0037080055
v 0.0088158594 -0.015184206 0.0037388856
v 0.0086513848 -0.01513779 0.003713797
v 0.0088226262 -0.01515084 0.0037297598
v 0.0088271231 -0.01512259 0.003723546
v 0.0088199526 -0.015116858 0.0036695818
v 0.0088290052 -0.015108078 0.0037208757
v 0.0086718071 -0.015044403 0.0036935548
v 0.0088330484 -0.015063363 0.0037147806
v 0.0088308624 -0.015090991 0.0037181684
v 0.008834193 -0.014990199 0.0037114208
v 0.0088344719 -0.015026841 0.0037120747
v 0.0077704445 -0.014492089 0.0035105446
v 0.0078997678 -0.014640552 0.0035477704
v 0.0077603233 -0.014532675 0.0034581455
v 0.0077887923 -0.014540277 0.0034227474
v 0.0078185647 -0.014554525 0.0033776578
v 0.0078481789 -0.014571632 0.0033448137
v 0.007947031 -0.01465985 0.0034640259
v 0.0078482617 -0.01451636 0.0033998038
v 0.0078792347 -0.014599525 0.0032970084
v 0.0079202147 -0.014574832 0.0032982561
v 0.0079805258 -0.014688682 0.0033543181
v 0.0079191429 -0.014646529 0.0032432397
v 0.0078944773 -0.014614923 0.0032772538
v 0.0079799089 -0.014683197 0.0032429303
v 0.008038273 -0.014795091 0.0033433391
v 0.0079613921 -0.014711623 0.0031921129
v 0.0080196707 -0.014788197 0.0031682711
v 0.0079834767 -0.014758925 0.0031646241
v 0.0080680902 -0.014889488 0.003308711
v 0.0080089951 -0.014827592 0.0031363884
v 0.0080208022 -0.014874564 0.0031230227
v 0.0080364152 -0.014991815 0.0031069617
v 0.0080329728 -0.014948195 0.0031100111
v 0.0080374451 -0.015042509 0.0031070586
v 0.0080814638 -0.015053181 0.0032984682
v 0.0080348208 -0.015092514 0.0031116086
v 0.0080724011 -0.015122544 0.0032861047
v 0.0080300058 -0.015135541 0.0031186584
v 0.0080355252 -0.015212074 0.0031604809
v 0.0080217338 -0.015180704 0.0031300297
v 0.0080548361 -0.015207823 0.0033442341
v 0.0080022817 -0.015252344 0.0031559773
v 0.0079859221 -0.015294882 0.0031774983
v 0.0080322653 -0.015262974 0.0033634166
v 0.00797076 -0.015327608 0.0031973895
v 0.0079622692 -0.015385206 0.0032685875
v 0.0079487757 -0.015364361 0.0032241382
v 0.0080197575 -0.015333187 0.0034145757
v 0.0078993594 -0.015426201 0.0032904235
v 0.0079285467 -0.015463245 0.0033072525
v 0.0078748952 -0.01545447 0.0033313606
v 0.00780829 -0.01549439 0.0034149213
v 0.0078081742 -0.015503641 0.0034893093
v 0.0078495489 -0.015422336 0.0035976936
v 0.0077490471 -0.015508202 0.0034973138
v 0.0077245988 -0.015508197 0.0035320159
v 0.0078238091 -0.015400827 0.003663005
v 0.0076890175 -0.015501195 0.0035892562
v 0.0076877527 -0.015485622 0.0036580588
v 0.0076512761 -0.01550422 0.0037048325
v 0.0076272308 -0.01548468 0.0037387678
v 0.0076065325 -0.015455424 0.0037052742
v 0.0076287934 -0.01547296 0.0036717393
v 0.0075631977 -0.015407611 0.0037713633
v 0.0075832631 -0.015432227 0.0037405944
v 0.0077085102 -0.01535778 0.0037841648
v 0.0075996376 -0.015449107 0.0037156981
v 0.0075619498 -0.015405487 0.0038302833
v 0.0075456791 -0.015374726 0.0038036993
v 0.0075618033 -0.015352884 0.003847336
v 0.0075272608 -0.01528888 0.00388201
v 0.0074967784 -0.015260043 0.0039200826
v 0.0074861187 -0.015243475 0.0038919795
v 0.0074682514 -0.015166535 0.0039200993
v 0.0074768364 -0.015208352 0.0039066321
v 0.0076693644 -0.015139904 0.0038984075
v 0.007462287 -0.015128752 0.0039293348
v 0.0074686191 -0.015130703 0.0039573184
v 0.0074593397 -0.01510391 0.0039337956
v 0.0074823326 -0.015082634 0.0039523067
v 0.0074608981 -0.015039645 0.0039662185
v 0.007454833 -0.015033021 0.0039399982
v 0.007485373 -0.014950684 0.0039501385
v 0.0074558659 -0.014958949 0.0039368104
v 0.0074604672 -0.014993698 0.0039657531
v 0.0074545698 -0.014994486 0.0039396905
v 0.0074664807 -0.01490271 0.0039550096
v 0.0074598546 -0.014910131 0.0039291325
v 0.0074627971 -0.014886446 0.0039237173
v 0.0074951155 -0.014865578 0.0039331462
v 0.0074814801 -0.014815231 0.0039314951
v 0.0074728819 -0.014829075 0.0039056863
v 0.0074957905 -0.014746823 0.0038660367
v 0.0074835121 -0.014785736 0.0038871197
v 0.0076874042 -0.0148285 0.003870177
v 0.0074772087 -0.014809955 0.0038980861
v 0.0075306562 -0.014715226 0.0038582322
v 0.0075595645 -0.01468134 0.0038392196
v 0.0075159516 -0.014696669 0.003832
v 0.0075546669 -0.014628853 0.003822419
v 0.0075427377 -0.014647312 0.0037877514
v 0.0076184685 -0.014550319 0.0037293064
v 0.0075781648 -0.014600098 0.0037306219
v 0.0077148464 -0.014687332 0.0037801262
v 0.0075584887 -0.014624091 0.0037621545
v 0.0077685836 -0.014638887 0.0037051907
v 0.0076199786 -0.014562927 0.0036650811
v 0.0075980701 -0.014580307 0.0036991797
v 0.0078244642 -0.014614054 0.0036207251
v 0.0076724184 -0.014537142 0.0035862186
v 0.0076920664 -0.014503671 0.0036229318
v 0.0076419389 -0.014549521 0.0036314156
v 0.0077379282 -0.014529414 0.0034899051
v 0.0077133651 -0.014529161 0.0035252748
v 0.0077830237 -0.014468103 0.0040571544
v 0.0080817524 -0.015345368 0.0041686829
v 0.0080739478 -0.015314562 0.0042378119
v 0.0080055243 -0.015363817 0.0043888532
v 0.0079884706 -0.015313608 0.0044120651
v 0.0080511675 -0.015165859 0.0042317709
v 0.0080099697 -0.015033885 0.0043099647
v 0.007958366 -0.014807632 0.0044432165
v 0.0080408095 -0.014779527 0.0042696367
v 0.0080174175 -0.014603565 0.004353944
v 0.0080828487 -0.014671128 0.0042096129
v 0.0081138285 -0.014681846 0.0041297811
v 0.0078772677 -0.014455826 0.0041329487
v 0.0078289712 -0.01445988 0.0040961746
v 0.0084239878 -0.014671416 0.0036150239
v 0.0085989246 -0.014562198 0.0035211642
v 0.0085228702 -0.014704211 0.0035812917
v 0.0085776984 -0.015074272 0.0035053981
v 0.0085532045 -0.01523929 0.0035475121
v 0.0085235144 -0.015310169 0.003586428
v 0.0084411162 -0.015362731 0.0036427275
v 0.0083634739 -0.015534826 0.0033905178
v 0.0083963568 -0.015534454 0.003409817
v 0.0083758874 -0.015568603 0.0034459039
v 0.0084425066 -0.015527328 0.0034470035
v 0.0083376615 -0.015535008 0.0033777481
v 0.0083246919 -0.015566187 0.0034131238
v 0.0082721013 -0.015559585 0.0033832572
v 0.0081226611 -0.015092921 0.0031037392
v 0.0081196717 -0.015133176 0.0032575772
v 0.0081021312 -0.015235209 0.003136455
v 0.0080951158 -0.015240981 0.0032952417
v 0.0080610882 -0.015362666 0.0031981648
v 0.0080552804 -0.015333478 0.0033544091
v 0.0080028774 -0.015404377 0.0034310286
v 0.0079626986 -0.015437177 0.003489277
v 0.0079197295 -0.015457195 0.003551212
v 0.0078205296 -0.015581834 0.0035474268
v 0.007852916 -0.01546203 0.0036468989
v 0.0077362499 -0.015568555 0.0036676705
v 0.00783119 -0.015430086 0.0037440174
v 0.0077665229 -0.015421477 0.0037695309
v 0.0076317107 -0.01549297 0.0038154272
v 0.0077094552 -0.015358513 0.0038496687
v 0.0075661059 -0.015397878 0.0039070315
v 0.0076633998 -0.015272226 0.0039135201
v 0.007539515 -0.015321724 0.0038610105
v 0.0076403966 -0.0152046 0.0039448349
v 0.0074940776 -0.015185812 0.0040050713
v 0.0076191739 -0.015093136 0.0039725606
v 0.0076145274 -0.015015431 0.003977387
v 0.0076176595 -0.014937756 0.0039710753
v 0.0076284864 -0.014862471 0.0039538133
v 0.0076466849 -0.014791866 0.0039261234
v 0.0075411571 -0.014672475 0.0039256428
v 0.0076865214 -0.014699365 0.0038669631
v 0.0075999163 -0.014568535 0.0038391449
v 0.0077389208 -0.01462847 0.003790338
v 0.0076723875 -0.014495197 0.0037337536
v 0.0078003223 -0.014584021 0.003701471
v 0.0077536316 -0.014457458 0.003616651
v 0.0078665228 -0.014569027 0.0036064144
v 0.0078381123 -0.014457889 0.0034958175
v 0.0079330269 -0.014584528 0.0035116505
v 0.0079200721 -0.014496462 0.0033794877
v 0.0079952963 -0.014629462 0.0034236341
v 0.0079939259 -0.014570547 0.0032755892
v 0.0080490901 -0.014700769 0.0033483697
v 0.0080546401 -0.014675096 0.0031912024
v 0.0080907385 -0.014793583 0.0032909743
v 0.0080980778 -0.014802985 0.0031320785
v 0.0081174059 -0.014901584 0.0032553634
v 0.0081212784 -0.014945497 0.0031022462
v 0.008127275 -0.015017414 0.0032439802
v 0.0081745993 -0.01505786 0.0032520392
v 0.0081786453 -0.015148137 0.0031132825
v 0.0081605548 -0.015177533 0.0032749416
v 0.0081494003 -0.015294798 0.0031585681
v 0.0081291645 -0.015286187 0.0033223999
v 0.0080992467 -0.01542252 0.0032333163
v 0.0080825661 -0.015376417 0.0033911788
v 0.0080316023 -0.015522599 0.0033324325
v 0.0080239365 -0.015442076 0.0034765892
v 0.0079801124 -0.015469909 0.0035399303
v 0.0079340384 -0.015483942 0.0036061685
v 0.0078332389 -0.015614743 0.0036183466
v 0.0078637754 -0.015478312 0.0037065422
v 0.0078351353 -0.015441561 0.0038029722
v 0.0077753753 -0.015422158 0.003831671
v 0.0076382583 -0.015490645 0.0038943313
v 0.0077188923 -0.015347277 0.0039107027
v 0.007573913 -0.015379843 0.0039837644
v 0.0076751629 -0.015249809 0.0039709612
v 0.0076546103 -0.015175511 0.0039986135
v 0.0075089673 -0.015144718 0.0040711295
v 0.0076382279 -0.015055718 0.0040192223
v 0.0076374296 -0.014973828 0.0040184361
v 0.0076447944 -0.014893214 0.0040060054
v 0.0076600903 -0.014816325 0.0039823112
v 0.0076828688 -0.014745503 0.0039480676
v 0.0075859366 -0.014611256 0.0039484724
v 0.0077294649 -0.014655271 0.0038792888
v 0.0076535809 -0.014511177 0.0038493561
v 0.0077880937 -0.014589612 0.0037938777
v 0.007734106 -0.014445561 0.003732626
v 0.0078547599 -0.014553001 0.0036976548
v 0.007822024 -0.014418881 0.0036062371
v 0.0079249191 -0.014547934 0.0035971782
v 0.0079113438 -0.014432953 0.0034788026
v 0.0079937899 -0.014574753 0.003499296
v 0.0079959781 -0.01448682 0.0033590071
v 0.008056679 -0.014631631 0.003410677
v 0.0080701597 -0.01457681 0.0032550142
v 0.0081092998 -0.01471469 0.0033373578
v 0.0081288327 -0.014696791 0.0031739108
v 0.0081480681 -0.014818277 0.0032843442
v 0.0081679988 -0.014838586 0.0031212246
v 0.0081703399 -0.014935326 0.0032552445
v 0.0081849888 -0.014992531 0.0031005454
v 0.0082187357 -0.015101325 0.0032663663
v 0.0082311589 -0.015206689 0.003132654
v 0.0081979151 -0.015223 0.0032990137
v 0.0081928644 -0.015355009 0.0031909233
v 0.0081596482 -0.015330515 0.0033562862
v 0.0081336783 -0.015480237 0.0032785327
v 0.0081065428 -0.015416548 0.0034342738
v 0.0080576345 -0.01557384 0.0033895119
v 0.0080422178 -0.015475235 0.0035276663
v 0.0079952442 -0.015497103 0.0035953754
v 0.0079466494 -0.015504331 0.0036650569
v 0.0078451897 -0.01563831 0.0036949172
v 0.0078739508 -0.015487365 0.0037686478
v 0.0078405868 -0.01544458 0.0038645059
v 0.0077850406 -0.015415217 0.003894129
v 0.0076476171 -0.015477755 0.0039737514
v 0.0077302622 -0.015328738 0.0039704487
v 0.0075860761 -0.015351911 0.0040588185
v 0.0076899035 -0.015220897 0.0040256366
v 0.0076724205 -0.015140715 0.0040487592
v 0.0075304222 -0.015096286 0.0041324101
v 0.0076616463 -0.015014092 0.0040611924
v 0.0076650802 -0.014929182 0.0040542813
v 0.0076769275 -0.014846888 0.0040353986
v 0.0076968242 -0.014769709 0.0040051207
v 0.0077241637 -0.014699988 0.003964368
v 0.007638936 -0.014552101 0.003964378
v 0.0077772701 -0.014613955 0.0038863783
v 0.0077149798 -0.014458498 0.003853399
v 0.0078415974 -0.014555273 0.0037929838
v 0.0078026995 -0.0144029 0.0037266135
v 0.0079127581 -0.014527935 0.0036905499
v 0.0078961172 -0.014389095 0.0035926615
v 0.0079859064 -0.014533809 0.0035860567
v 0.0079888659 -0.014418023 0.0034606719
v 0.0080560545 -0.014572491 0.003486625
v 0.0080746255 -0.014487715 0.0033396392
v 0.0081184248 -0.014641345 0.0033990291
v 0.0081475515 -0.01459342 0.0032378118
v 0.0081687651 -0.01473568 0.0033292381
v 0.0082026742 -0.014727934 0.0031621293
v 0.0082036461 -0.01484907 0.0032820146
v 0.0082362368 -0.014882091 0.0031177491
v 0.0082206904 -0.014973784 0.0032605666
v 0.0082459526 -0.015045386 0.0031076954
v 0.008303316 -0.015102447 0.0031241768
v 0.0082593855 -0.015146603 0.0032872424
v 0.0082796038 -0.01526679 0.0031619637
v 0.0082316405 -0.015268314 0.003329795
v 0.0082321994 -0.015414003 0.0032332383
v 0.008186646 -0.015372744 0.0033966108
v 0.0081643326 -0.015534053 0.0033331433
v 0.0081274655 -0.015452763 0.0034831507
v 0.0080806285 -0.015618759 0.0034548702
v 0.0080581348 -0.015502928 0.0035835055
v 0.0080085883 -0.015518007 0.0036547317
v 0.0079581284 -0.015517789 0.0037269064
v 0.0078570112 -0.015651805 0.0037755168
v 0.0078840759 -0.015488925 0.0038321557
v 0.0078480647 -0.015438988 0.0039270851
v 0.0077961617 -0.015400832 0.0039558347
v 0.0076604955 -0.015454672 0.0040519785
v 0.0077441669 -0.015303385 0.0040279131
v 0.0076032204 -0.015314906 0.004130616
v 0.0077081476 -0.015186258 0.0040766814
v 0.007694274 -0.015101144 0.0040945283
v 0.0075587862 -0.015041962 0.0041877512
v 0.0076897097 -0.014969381 0.0040979568
v 0.0076976302 -0.0148827 0.004084582
v 0.0077140913 -0.014800029 0.0040590896
v 0.007738582 -0.014723876 0.004022261
v 0.007770367 -0.01465656 0.0039752102
v 0.0076995459 -0.014496783 0.0039735696
v 0.0078295484 -0.014576538 0.0038886732
v 0.0077832504 -0.014412077 0.0038518428
v 0.0078988809 -0.014526376 0.0037883186
v 0.0078770871 -0.014368488 0.0037165894
v 0.0079736382 -0.014509486 0.0036809864
v 0.0079746622 -0.014368986 0.0035770267
v 0.0080487275 -0.014527021 0.0035739891
v 0.0080693259 -0.014413537 0.003442666
v 0.008119031 -0.014577787 0.0034746183
v 0.0081546267 -0.014499106 0.0033226633
v 0.0081797586 -0.014658327 0.0033896487
v 0.0082247517 -0.01461986 0.0032251967
v 0.0082267708 -0.014763149 0.0033248698
v 0.0082749223 -0.014767571 0.0031569084
v 0.0082568646 -0.014885109 0.003284692
v 0.0083017192 -0.014932173 0.0031224525
v 0.0082679891 -0.015015898 0.0032718573
v 0.0083118427 -0.01506051 0.0032894336
v 0.0083563782 -0.015161973 0.0031502162
v 0.0083482165 -0.015218543 0.0031632231
v 0.0083372455 -0.01527356 0.0031802111
v 0.0083235494 -0.015326607 0.0032010512
v 0.0082617072 -0.01531223 0.0033670719
v 0.0082672497 -0.015469981 0.003284959
v 0.008210313 -0.015411688 0.0034429296
v 0.008185126 -0.015433363 0.0035367294
v 0.008145658 -0.01548405 0.0035371169
v 0.008100923 -0.01565598 0.0035272565
v 0.0080721475 -0.015524378 0.0036432186
v 0.0080206799 -0.015532017 0.0037170186
v 0.0079690619 -0.015523917 0.0037906644
v 0.0078693812 -0.015654798 0.0038584331
v 0.0078947724 -0.015482923 0.0038959653
v 0.0078667174 -0.0154051 0.0040014873
v 0.0078093414 -0.015379363 0.0040157309
v 0.00767754 -0.015422074 0.0041273703
v 0.0077611422 -0.015271875 0.0040821457
v 0.0076258633 -0.015269928 0.0041977085
v 0.0077302888 -0.015146817 0.0041233329
v 0.0077204511 -0.015057858 0.0041353103
v 0.0075942376 -0.014983372 0.0042362011
v 0.0075966171 -0.014924999 0.0042314229
v 0.007727718 -0.014878689 0.0041206977
v 0.0076210408 -0.014755722 0.0041925014
v 0.0077561776 -0.014753897 0.0040770524
v 0.0077851477 -0.014680071 0.0040338765
v 0.0078211201 -0.014616389 0.0039809203
v 0.0078714249 -0.014574712 0.0039500565
v 0.0078857743 -0.014544026 0.0038867326
v 0.0078573633 -0.014373302 0.0038454563
v 0.0079592866 -0.014503701 0.003780631
v 0.0079560554 -0.014343351 0.0037035795
v 0.0080366426 -0.014498148 0.0036698477
v 0.0080563208 -0.014359148 0.0035605285
v 0.0081125722 -0.014527753 0.0035619313
v 0.0081513268 -0.014419616 0.0034260528
v 0.0081819021 -0.014590499 0.0034642372
v 0.0082345986 -0.014520634 0.0033093164
v 0.0082587365 -0.014562199 0.0032757671
v 0.0082807467 -0.014607208 0.0032453422
v 0.0083004615 -0.014655318 0.003218274
v 0.008282634 -0.014796337 0.0033249923
v 0.0083444271 -0.014814488 0.0031591314
v 0.0083071682 -0.014925405 0.0032929388
v 0.0083634992 -0.014987299 0.0031359182
v 0.008240036 -0.015460995 0.0035228479
v 0.008161507 -0.015509538 0.0035953349
v 0.0081189746 -0.01568436 0.0036052317
v 0.0080847585 -0.015538981 0.0037058118
v 0.008032073 -0.015538736 0.0037811693
v 0.0079800354 -0.015522528 0.0038552233
v 0.0078829958 -0.015647181 0.0039419077
v 0.0079066377 -0.015469494 0.003958966
v 0.0078402425 -0.014404116 0.0039738006
v 0.0079453189 -0.0145173 0.0038812199
v 0.0079361505 -0.014343328 0.0038351799
v 0.008022067 -0.014487857 0.0037707432
v 0.0080382883 -0.014328234 0.0036887241
v 0.0081009522 -0.014494229 0.0036580529
v 0.0081396947 -0.014359864 0.0035444134
v 0.0081765978 -0.014535986 0.0035508306
v 0.0082334597 -0.014436061 0.003412083
v 0.0082525803 -0.0145849 0.0034348286
v 0.0079342216 -0.014550008 0.0039788938
v 0.0079884111 -0.014516686 0.0039413408
v 0.0080074531 -0.014497065 0.0038728948
v 0.0080655207 -0.014480867 0.0038301975
v 0.0080864105 -0.014479272 0.003759533
v 0.0081575996 -0.014523057 0.003703987
v 0.008178675 -0.014550125 0.0036640565
v 0.0082234903 -0.014517894 0.0036051046
v 0.0082399533 -0.01455149 0.0035416008
v 0.0082935841 -0.014588214 0.0035064962
v 0.0082568629 -0.015488635 0.0035802194
v 0.0082354169 -0.01565653 0.0035429524
v 0.0081754605 -0.015528519 0.003656853
v 0.0081353342 -0.015703021 0.0036872077
v 0.0080965036 -0.015546312 0.0037702149
v 0.0080754725 -0.015543673 0.0038409813
v 0.0079969164 -0.015691776 0.00388494
v 0.0080139966 -0.015461608 0.0039210741
v 0.0079732147 -0.015487174 0.0039859239
v 0.0079202305 -0.015448975 0.0040200695
v 0.0079791759 -0.014557894 0.0040370063
v 0.0079356032 -0.014390591 0.0040479685
v 0.0080514588 -0.014498989 0.0039322239
v 0.0080333824 -0.014328617 0.0039066436
v 0.0081303797 -0.014475038 0.003818769
v 0.0081648557 -0.014578517 0.0037683527
v 0.0082865328 -0.014536023 0.0035968392
v 0.0083364915 -0.014423159 0.0034752921
v 0.0083475608 -0.01560347 0.0034872442
v 0.0082713188 -0.015508806 0.0036415011
v 0.0082462304 -0.015524705 0.0036777629
v 0.0082197732 -0.015695812 0.0036722091
v 0.0081777494 -0.015508305 0.003773978
v 0.0081347366 -0.015548333 0.0037970249
v 0.0080871306 -0.015536026 0.0039056106
v 0.0080549551 -0.015479532 0.0039489495
v 0.0079876773 -0.015464121 0.0040461791
v 0.0078876802 -0.01556611 0.0041441915
v 0.0079275495 -0.014455975 0.0041671988
v 0.0080412993 -0.014536993 0.004028928
v 0.0080171904 -0.014365261 0.0040368385
v 0.0081158938 -0.01448971 0.0039211121
v 0.0081176827 -0.01431858 0.0038919921
v 0.0082483159 -0.014490377 0.0037317075
v 0.0082682202 -0.014508995 0.0036631627
v 0.0083471372 -0.014561819 0.0035920326
v 0.0083655021 -0.014598468 0.0035306956
v 0.008348938 -0.015454639 0.0035687278
v 0.0083670674 -0.015631935 0.0035661823
v 0.0082261792 -0.015539055 0.0037475485
v 0.0081786746 -0.015544476 0.0038561386
v 0.0081306722 -0.015703675 0.0039060178
v 0.0080998018 -0.015519881 0.0039683817
v 0.0079974044 -0.015630048 0.004094915
v 0.0080047596 -0.0154338 0.0041023067
v 0.0080585846 -0.014566366 0.0040850626
v 0.0080974271 -0.014511224 0.0039888221
v 0.0081804076 -0.014489135 0.0039089846
v 0.0082022166 -0.01431912 0.0038766707
v 0.0082277782 -0.014481923 0.0038016737
v 0.0083056304 -0.014512355 0.0036910282
v 0.0084033549 -0.014397676 0.003590806
v 0.0084041265 -0.014594397 0.0035914476
v 0.0084899069 -0.015578689 0.0034955649
v 0.0083626047 -0.01547172 0.0036321149
v 0.0083148825 -0.015510587 0.0037012929
v 0.0083181667 -0.015686641 0.0037430051
v 0.0082375863 -0.015540175 0.0038125558
v 0.008158149 -0.015533697 0.0039260337
v 0.0080819823 -0.015491589 0.0040339931
v 0.0080183978 -0.015593142 0.0041696022
v 0.0080780577 -0.014637962 0.0041065644
v 0.0081129058 -0.014535115 0.0040479694
v 0.0081617568 -0.014504179 0.0039773641
v 0.0082352306 -0.01459225 0.0038637663
v 0.008291403 -0.014495024 0.0037916986
v 0.0083860664 -0.014361552 0.0037188879
v 0.0083664703 -0.014536541 0.0036852972
v 0.0084790055 -0.014437078 0.0035877225
v 0.0084195549 -0.015438572 0.0036294677
v 0.0083752066 -0.015485449 0.0036951385
v 0.0083263556 -0.015516383 0.0037657451
v 0.0083321325 -0.01568452 0.0038271804
v 0.0082488761 -0.015533785 0.0038769841
v 0.0082303619 -0.015684 0.003972744
v 0.0081710679 -0.015515509 0.0039878529
v 0.0081316277 -0.015637533 0.004112882
v 0.0080982337 -0.015462803 0.0040907957
v 0.0080569869 -0.015410217 0.0041549386
v 0.0081568933 -0.014668167 0.0040260915
v 0.0081921612 -0.014642696 0.003975045
v 0.0082295464 -0.014628387 0.0039212299
v 0.0083662818 -0.014351468 0.0038489832
v 0.0083530262 -0.014515083 0.0037838689
v 0.0084625684 -0.014396784 0.0037123182
v 0.0084243272 -0.014566688 0.0036830953
v 0.0085493323 -0.014483819 0.0035902578
v 0.0084324457 -0.015454346 0.0036923776
v 0.0083863948 -0.015491829 0.0037591318
v 0.0083371582 -0.015514663 0.0038300987
v 0.0083456255 -0.015671884 0.0039096141
v 0.0082606185 -0.015520054 0.0039397108
v 0.0082466134 -0.015656285 0.0040508768
v 0.0081855047 -0.015490661 0.0040464634
v 0.008152795 -0.015596572 0.0041836719
v 0.0081169359 -0.015428491 0.0041430833
v 0.0085954011 -0.015139638 0.003530555
v 0.008711318 -0.015255473 0.0034758049
v 0.008524928 -0.01525151 0.0036347913
v 0.0085235483 -0.015362515 0.0036385842
v 0.0084696806 -0.015375923 0.0037175626
v 0.0084651442 -0.015441327 0.0037239819
v 0.0085156027 -0.015601674 0.003763912
v 0.0083967488 -0.015490686 0.0038229819
v 0.0083478785 -0.015505466 0.0038932313
v 0.0083593241 -0.015649101 0.003988574
v 0.0082733758 -0.015499351 0.0039996596
v 0.0082645332 -0.015619535 0.0041234698
v 0.0082019466 -0.01545982 0.0041009037
v 0.0081768851 -0.015548309 0.0042471673
v 0.0081384598 -0.015389571 0.0041900638
v 0.0081023534 -0.015440276 0.0043512365
v 0.0080735272 -0.015256656 0.0042798149
v 0.0080381401 -0.015093879 0.0043266033
v 0.008033708 -0.014963938 0.004329883
v 0.0080415722 -0.014878475 0.0043166203
v 0.0080924791 -0.01483191 0.0042435007
v 0.0080820461 -0.014721926 0.0042550413
v 0.0081874538 -0.014621297 0.0041035034
v 0.0083388567 -0.014512941 0.0038827734
v 0.0084430502 -0.01438226 0.0038389874
v 0.0084118677 -0.014541526 0.0037790075
v 0.0085337756 -0.014440003 0.0037105703
v 0.0084785151 -0.01460197 0.0036850946
v 0.0085171457 -0.01465801 0.0036311603
v 0.0085634489 -0.014761455 0.0035673599
v 0.0087067131 -0.014764434 0.0034708325
v 0.0085930566 -0.014881773 0.0035278381
v 0.0087330705 -0.014926338 0.0034369412
v 0.0086039586 -0.015010764 0.0035152824
v 0.0086295068 -0.015052029 0.0035569939
v 0.0087593777 -0.015142317 0.0034997965
v 0.0086150484 -0.015174417 0.0035805524
v 0.0087293335 -0.015292986 0.0035463195
v 0.0086778096 -0.015424199 0.00362311
v 0.0085351262 -0.015377698 0.003699665
v 0.0084751009 -0.015444736 0.0037871062
v 0.0085255913 -0.015594421 0.0038448547
v 0.0084068728 -0.015482038 0.0038855763
v 0.008359115 -0.015489043 0.0039540539
v 0.0083738682 -0.015616842 0.0040624115
v 0.0082876885 -0.015472232 0.0040558298
v 0.0082846335 -0.015574846 0.0041890672
v 0.0082208336 -0.015423816 0.0041503238
v 0.0081810749 -0.015375522 0.004206056
v 0.0081465942 -0.01531608 0.0042539816
v 0.0081200781 -0.015336326 0.0044188369
v 0.0081070097 -0.015210031 0.0043081066
v 0.008089879 -0.015131211 0.0043307556
v 0.0080807972 -0.015048661 0.0043418009
v 0.0080618843 -0.014978865 0.0044936642
v 0.0080828001 -0.014923341 0.0043359887
v 0.0080763742 -0.014820876 0.0044692186
v 0.0081138819 -0.014675604 0.0044121463
v 0.00814101 -0.014698248 0.0042474263
v 0.008171852 -0.014552948 0.0043263368
v 0.0081932497 -0.014613815 0.0041707121
v 0.0082564971 -0.014556279 0.0040788847
v 0.0083026704 -0.014534882 0.0040123325
v 0.0083504273 -0.014527875 0.0039438547
v 0.0083983158 -0.014535471 0.0038755316
v 0.0085145926 -0.014421625 0.0038329786
v 0.0084672253 -0.014573613 0.0037778622
v 0.0085985907 -0.014489885 0.0037144328
v 0.0085284692 -0.014641395 0.0036918527
v 0.0085629474 -0.014700841 0.0036439308
v 0.0087082039 -0.014678638 0.0035620816
v 0.0086025325 -0.014806888 0.0035898034
v 0.0087484402 -0.014824307 0.0035079553
v 0.0086252333 -0.014926671 0.003560152
v 0.008765895 -0.01498246 0.003486711
v 0.0086505493 -0.015089357 0.0036034684
v 0.0087773999 -0.015183867 0.0035659865
v 0.0086308958 -0.015203718 0.0036342773
v 0.0087418054 -0.015321729 0.0036201476
v 0.0085948465 -0.015304735 0.0036882247
v 0.0086867922 -0.015438128 0.0037015802
v 0.0085448555 -0.01538552 0.0037616351
v 0.0086161096 -0.015525131 0.0038047346
v 0.0084843295 -0.015440565 0.0038495034
v 0.0085345748 -0.01557681 0.0039225812
v 0.0084174 -0.015466125 0.0039458419
v 0.0083714651 -0.015465836 0.0040115419
v 0.0083898336 -0.015576071 0.0041296056
v 0.0083040693 -0.015439433 0.0041073269
v 0.0083073218 -0.015523555 0.0042463972
v 0.0082425503 -0.015383618 0.0041940112
v 0.0082068981 -0.015331871 0.0042437882
v 0.0081768198 -0.015270282 0.0042853647
v 0.0081628003 -0.015274692 0.004447266
v 0.0081440974 -0.0151636 0.0043296616
v 0.0081315115 -0.015086098 0.0043458387
v 0.0081267901 -0.01500622 0.0043507136
v 0.0081246404 -0.014928926 0.0044937123
v 0.0081346991 -0.014887256 0.0043366012
v 0.008145852 -0.014781909 0.0044599092
v 0.0081600281 -0.014776512 0.0042977635
v 0.008188259 -0.014650217 0.0043961492
v 0.0082010501 -0.014681536 0.0042368466
v 0.0082489703 -0.014542824 0.0043067776
v 0.0082549698 -0.014608801 0.0041580041
v 0.0083238495 -0.014467049 0.0041978845
v 0.0083181125 -0.014563262 0.004066609
v 0.0083632252 -0.014549624 0.0040017595
v 0.0084091605 -0.014549913 0.0039360598
v 0.0084545206 -0.014564118 0.0038715064
v 0.0085797635 -0.014468356 0.0038318479
v 0.0085184915 -0.014610455 0.0037810932
v 0.0086560713 -0.014544903 0.0037244973
v 0.0085737304 -0.014683874 0.0037038121
v 0.0086038048 -0.014745467 0.0036622374
v 0.0087509236 -0.014738867 0.0035933837
v 0.0086365287 -0.014852149 0.0036179408
v 0.0087821198 -0.014882155 0.0035521325
v 0.0086524764 -0.014969443 0.0035978942
v 0.0087911507 -0.015033936 0.0035427878
v 0.0088090446 -0.015079196 0.0036041509
v 0.0086674296 -0.015121704 0.0036540779
v 0.0087891331 -0.0152172 0.0036358815
v 0.008643416 -0.015226714 0.0036909089
v 0.008749326 -0.015340819 0.0036957327
v 0.0086045115 -0.01531677 0.0037486761
v 0.0086923364 -0.015441628 0.0037796256
v 0.0085533771 -0.015385734 0.0038234406
v 0.0086220479 -0.015512757 0.0038818431
v 0.0084935027 -0.015428912 0.003910107
v 0.0085432502 -0.01554936 0.0039954192
v 0.0084289644 -0.015443362 0.0040027712
v 0.0083855093 -0.015436454 0.0040647594
v 0.0084077059 -0.015528005 0.0041888033
v 0.0083229907 -0.015401829 0.0041533769
v 0.0083328795 -0.015467198 0.0042944058
v 0.0082674268 -0.015340315 0.0042314112
v 0.0082361444 -0.015286369 0.0042748831
v 0.0082106036 -0.015223946 0.0043099483
v 0.0082091771 -0.015214239 0.0044653983
v 0.0081846983 -0.015118619 0.0043445262
v 0.0081838426 -0.015028406 0.0044972632
v 0.0081757834 -0.014967707 0.0043537253
v 0.0081896477 -0.014886002 0.0044856067
v 0.0081889071 -0.014856662 0.0043323368
v 0.0082164116 -0.014751784 0.0044441633
v 0.0082181243 -0.014755883 0.004288174
v 0.00826231 -0.014634899 0.0043757573
v 0.0082614431 -0.014672238 0.0042242404
v 0.0083242152 -0.014543311 0.0042850504
v 0.0083979082 -0.014483262 0.004178224
v 0.0083778195 -0.014577593 0.0040555449
v 0.0084211509 -0.014571247 0.0039934108
v 0.0084646048 -0.014578146 0.0039314205
v 0.0085068507 -0.014598092 0.0038714539
v 0.0085651872 -0.014651021 0.0037892592
v 0.0087054499 -0.014603375 0.0037411347
v 0.008613966 -0.014728236 0.0037212957
v 0.0086395087 -0.014790659 0.0036862304
v 0.0087852017 -0.014797992 0.0036316366
v 0.0086654105 -0.014895987 0.0036516552
v 0.0088077036 -0.014936212 0.0036027031
v 0.0086749438 -0.0150089 0.0036406855
v 0.0084098388 -0.015435124 0.0042634261
v 0.013087974 -0.01339702 0.012310716
v 0.013047348 -0.015993966 0.012429963
v 0.012653317 -0.013391884 0.012274495
v 0.012612691 -0.01598883 0.012393742
v 0.012223447 -0.013388553 0.012200566
v 0.012182821 -0.0159855 0.012319813
v 0.011801635 -0.013387055 0.012089493
v 0.011761009 -0.015984001 0.012208739
v 0.011391091 -0.0133874 0.01194212
v 0.011350465 -0.015984346 0.012061366
v 0.01099494 -0.013389585 0.011759568
v 0.010954314 -0.015986531 0.011878815
v 0.010616198 -0.013393594 0.011543229
v 0.010575571 -0.01599054 0.011662475
v 0.010257745 -0.013399396 0.011294747
v 0.010217119 -0.015996342 0.011413993
v 0.0099223108 -0.013406947 0.011016014
v 0.0098816848 -0.016003893 0.011135261
v 0.0096124482 -0.01341619 0.010709151
v 0.0095718221 -0.016013137 0.010828398
v 0.0093305147 -0.013427055 0.010376494
v 0.0092898887 -0.016024001 0.010495741
v 0.0090786566 -0.013439458 0.010020575
v 0.0090380306 -0.016036404 0.010139822
v 0.0088587903 -0.013453305 0.0096441015
v 0.0088181643 -0.016050252 0.0097633481
v 0.0086725894 -0.013468492 0.0092499395
v 0.0086319633 -0.016065438 0.0093691861
v 0.0085214708 -0.013484901 0.0088410885
v 0.0084808448 -0.016081847 0.0089603351
v 0.0084065848 -0.013502409 0.0084206604
v 0.0083659587 -0.016099355 0.0085399071
v 0.0083288057 -0.013520882 0.0079918549
v 0.0082881796 -0.016117828 0.0081111016
v 0.0082887255 -0.01354018 0.0075579352
v 0.0082480994 -0.016137126 0.0076771819
v 0.008286649 -0.013560156 0.0071222039
v 0.0082460229 -0.016157102 0.0072414506
v 0.008322592 -0.013580657 0.0066879771
v 0.008281966 -0.016177603 0.0068072238
v 0.008396281 -0.013601527 0.0062585596
v 0.008355655 -0.016198474 0.0063778063
v 0.0085071554 -0.013622609 0.0058372195
v 0.0084665293 -0.016219555 0.0059564661
v 0.0086543713 -0.013643741 0.0054271634
v 0.0086137452 -0.016240687 0.00554641
v 0.0088368082 -0.013664763 0.0050315121
v 0.0087961822 -0.016261709 0.0051507588
v 0.0090530778 -0.013685514 0.0046532768
v 0.0090124518 -0.01628246 0.0047725235
v 0.009301534 -0.013705836 0.004295336
v 0.009260908 -0.016302782 0.0044145826
v 0.0095802859 -0.013725576 0.0039604138
v 0.0095396598 -0.016322522 0.0040796604
v 0.0098872121 -0.013744582 0.0036510595
v 0.0098465861 -0.016341529 0.0037703061
v 0.010219976 -0.013762711 0.003369627
v 0.01017935 -0.016359657 0.0034888736
v 0.010576047 -0.013779824 0.0031182582
v 0.010535421 -0.01637677 0.0032375048
v 0.010952713 -0.01379579 0.0028988666
v 0.010912087 -0.016392736 0.0030181132
v 0.011347109 -0.013810489 0.0027131216
v 0.011306483 -0.016407435 0.0028323682
v 0.011756232 -0.013823808 0.0025624369
v 0.011715606 -0.016420755 0.0026816836
v 0.012176969 -0.013835647 0.0024479594
v 0.012136343 -0.016432593 0.002567206
v 0.012606119 -0.013845914 0.0023705603
v 0.012565493 -0.016442861 0.0024898069
v 0.013040414 -0.013854533 0.0023308287
v 0.012999788 -0.016451479 0.0024500753
v 0.013476549 -0.013861437 0.0023290668
v 0.013435923 -0.016458383 0.0024483134
v 0.013911206 -0.013866573 0.0023652879
v 0.01387058 -0.016463519 0.0024845346
v 0.014341077 -0.013869903 0.0024392165
v 0.014300451 -0.016466849 0.0025584631
v 0.014762889 -0.013871402 0.00255029
v 0.014722263 -0.016468348 0.0026695367
v 0.015173433 -0.013871057 0.0026976632
v 0.015132807 -0.016468003 0.0028169099
v 0.015569583 -0.013868872 0.0028802143
v 0.015528957 -0.016465818 0.002999461
v 0.015948326 -0.013864863 0.0030965542
v 0.0159077 -0.016461809 0.0032158008
v 0.016306779 -0.013859061 0.0033450361
v 0.016266153 -0.016456007 0.0034642828
v 0.016642213 -0.013851509 0.0036237692
v 0.016601587 -0.016448455 0.0037430159
v 0.016952075 -0.013842266 0.003930632
v 0.016911449 -0.016439212 0.0040498786
v 0.017234009 -0.013831402 0.0042632888
v 0.017193383 -0.016428348 0.0043825354
v 0.017485867 -0.013818999 0.0046192084
v 0.017445241 -0.016415945 0.0047384551
v 0.017705733 -0.013805151 0.0049956818
v 0.017665107 -0.016402097 0.0051149285
v 0.017891934 -0.013789965 0.0053898438
v 0.017851308 -0.016386911 0.0055090904
v 0.018043053 -0.013773555 0.0057986945
v 0.018002427 -0.016370502 0.0059179412
v 0.018157939 -0.013756047 0.0062191226
v 0.018117313 -0.016352994 0.0063383693
v 0.018235718 -0.013737574 0.0066479282
v 0.018195092 -0.01633452 0.0067671749
v 0.018275798 -0.013718277 0.0070818478
v 0.018235172 -0.016315223 0.0072010945
v 0.018277875 -0.013698301 0.0075175792
v 0.018237249 -0.016295247 0.0076368258
v 0.018241932 -0.0136778 0.0079518059
v 0.018201306 -0.016274746 0.0080710526
v 0.018168243 -0.013656929 0.0083812235
v 0.018127617 -0.016253875 0.0085004702
v 0.018057368 -0.013635848 0.0088025635
v 0.018016742 -0.016232794 0.0089218102
v 0.017910152 -0.013614716 0.0092126197
v 0.017869526 -0.016211662 0.0093318663
v 0.017727715 -0.013593694 0.0096082711
v 0.017687089 -0.01619064 0.0097275178
v 0.017511446 -0.013572943 0.0099865064
v 0.01747082 -0.016169889 0.010105753
v 0.01726299 -0.01355262 0.010344447
v 0.017222364 -0.016149566 0.010463694
v 0.016984238 -0.013532881 0.010679369
v 0.016943612 -0.016129827 0.010798616
v 0.016677311 -0.013513874 0.010988724
v 0.016636685 -0.01611082 0.01110797
v 0.016344547 -0.013495746 0.011270156
v 0.016303921 -0.016092692 0.011389403
v 0.015988477 -0.013478633 0.011521525
v 0.015947851 -0.016075579 0.011640771
v 0.01561181 -0.013462666 0.011740916
v 0.015571184 -0.016059613 0.011860163
v 0.015217415 -0.013447968 0.011926661
v 0.015176789 -0.016044914 0.012045908
v 0.014808292 -0.013434648 0.012077346
v 0.014767666 -0.016031594 0.012196593
v 0.014387554 -0.01342281 0.012191823
v 0.014346928 -0.016019756 0.01231107
v 0.013958405 -0.013412542 0.012269223
v 0.013917779 -0.016009488 0.012388469
v 0.01352411 -0.013403924 0.012308954
v 0.013483484 -0.01600087 0.012428201
v 0.006516884 -0.014835327 0.0076217057
v 0.0065164354 -0.014859724 0.0076209383
v 0.0066654482 -0.014869495 0.0074979572
v 0.0065424555 -0.015074057 0.0066669882
v 0.0065507164 -0.015025177 0.0066441558
v 0.0066834708 -0.015001145 0.0067655269
v 0.0075326228 -0.015222337 0.0068505613
v 0.0075307598 -0.015237467 0.0068685977
v 0.0075053591 -0.015251764 0.0068434475
v 0.0075089099 -0.015336735 0.0071863986
v 0.0075074337 -0.015330896 0.0072329852
v 0.0073726123 -0.015221118 0.0071814049
v 0.0075058601 -0.015273474 0.0073865303
v 0.00750616 -0.015254458 0.0074161227
v 0.0073699942 -0.015174382 0.0073384724
v 0.0075099338 -0.015099139 0.0075562986
v 0.007512329 -0.015056277 0.0075783742
v 0.0073510414 -0.01502899 0.0074620001
v 0.0075197079 -0.014393719 0.0073252682
v 0.0075201764 -0.014381232 0.0072921878
v 0.007378995 -0.014491921 0.0072733554
v 0.0075251234 -0.014359795 0.007118014
v 0.007526623 -0.014363566 0.0070830305
v 0.0073857177 -0.014471635 0.0071120539
v 0.0075390367 -0.014415512 0.0069305802
v 0.0075382886 -0.014442454 0.0068883091
v 0.0073942216 -0.014518384 0.0069551654
v 0.0075488972 -0.01459795 0.00674891
v 0.0075517612 -0.014640715 0.0067271471
v 0.0073806539 -0.014663605 0.0068308229
v 0.0075195656 -0.014783157 0.0066481795
v 0.0075549354 -0.014799655 0.0066859175
v 0.007519104 -0.0148273 0.0066444218
v 0.0075548793 -0.014826231 0.0066841727
v 0.0075198689 -0.014739508 0.0066557675
v 0.0075544452 -0.014740338 0.0066950274
v 0.007554847 -0.014776351 0.0066886039
v 0.0075538283 -0.014707211 0.0067031226
v 0.0073890568 -0.014716759 0.0067975739
v 0.0075529526 -0.014675059 0.0067135325
v 0.0073903341 -0.014606653 0.0068607697
v 0.0075476692 -0.014558896 0.0067731523
v 0.0075122724 -0.014495286 0.0068197515
v 0.007545881 -0.014531633 0.0067937341
v 0.0075165727 -0.014446017 0.0068416093
v 0.0075403336 -0.014470368 0.0068528706
v 0.0075097699 -0.014395309 0.0069719582
v 0.0073732747 -0.014496201 0.0070527036
v 0.0075223361 -0.01437614 0.0070352233
v 0.0074989692 -0.014360756 0.0071639581
v 0.0074980431 -0.014364598 0.0072165713
v 0.0075226152 -0.014360218 0.0071885397
v 0.0074959351 -0.014370259 0.007255872
v 0.0074948883 -0.01441524 0.0073691094
v 0.0073466115 -0.014524863 0.0073455486
v 0.0075190987 -0.014437399 0.0074063496
v 0.007492624 -0.014462724 0.0074433175
v 0.0073549835 -0.014591785 0.0073974973
v 0.0075191325 -0.014499977 0.0074811728
v 0.0075192205 -0.014525204 0.0075042309
v 0.0075193135 -0.014551775 0.0075250198
v 0.0074871395 -0.01453774 0.0075533445
v 0.0074766374 -0.01458906 0.0075552982
v 0.0075193999 -0.014582125 0.0075457164
v 0.0074842216 -0.01461226 0.0076010425
v 0.0075194421 -0.014635492 0.0075745523
v 0.0075193907 -0.014666536 0.0075878992
v 0.0073619163 -0.014720601 0.0074977177
v 0.0075192585 -0.014698486 0.0075989316
v 0.0074806968 -0.014736702 0.0076466357
v 0.0075190297 -0.014733807 0.0076086748
v 0.0075182702 -0.014803809 0.0076200031
v 0.0075185363 -0.014783135 0.0076176858
v 0.0074797857 -0.014780308 0.0076544227
v 0.0075188232 -0.014756929 0.0076135275
v 0.0075179253 -0.014827259 0.0076215969
v 0.007479019 -0.014824429 0.0076583818
v 0.0075175347 -0.014850703 0.00762211
v 0.0074784024 -0.01486873 0.0076584829
v 0.0075171614 -0.014870915 0.0076216775
v 0.0074779408 -0.014912873 0.0076547251
v 0.0075166198 -0.014897575 0.0076199011
v 0.0074776375 -0.014956523 0.0076471372
v 0.0075152057 -0.014957139 0.007610633
v 0.007516097 -0.014921003 0.0076171639
v 0.0075143144 -0.014990263 0.0076024441
v 0.0073579716 -0.014975851 0.0074954974
v 0.0075133861 -0.015022041 0.0075920556
v 0.0073612323 -0.015086058 0.0074324787
v 0.0075096168 -0.015138317 0.0075318698
v 0.0073444904 -0.015117986 0.007373333
v 0.0075060883 -0.015226439 0.0074518463
v 0.0075078276 -0.015192733 0.0074874407
v 0.0075087184 -0.015165244 0.0075113859
v 0.0074841743 -0.015295992 0.0073428819
v 0.0074878297 -0.015327899 0.0072632335
v 0.0074865019 -0.015335122 0.0071383752
v 0.0075041276 -0.015341906 0.0070835846
v 0.0075120035 -0.015336317 0.007115683
v 0.0075001406 -0.015280786 0.0069338886
v 0.0075035719 -0.015277071 0.0068797697
v 0.0075278027 -0.015259511 0.0068988056
v 0.0075354707 -0.015197149 0.0068242837
v 0.0073677762 -0.01510035 0.0068946666
v 0.0075380545 -0.015172208 0.0068015082
v 0.0075405424 -0.015145513 0.0067806465
v 0.0075103669 -0.015158291 0.0067495601
v 0.0075118758 -0.015122074 0.0067240848
v 0.0075431103 -0.015115139 0.0067599699
v 0.0075481073 -0.01504219 0.0067226316
v 0.0075463145 -0.015071122 0.0067355654
v 0.0073922893 -0.015010976 0.006805016
v 0.0075446554 -0.015094891 0.0067480116
v 0.0075499045 -0.015009289 0.0067101808
v 0.0075157611 -0.015002087 0.0066678246
v 0.0075508604 -0.014989045 0.0067038748
v 0.0073841525 -0.014910515 0.0067815983
v 0.0075527262 -0.014940703 0.0066924148
v 0.0075519074 -0.014963813 0.0066972706
v 0.0075535013 -0.014914282 0.0066882177
v 0.0075547246 -0.014846647 0.0066837527
v 0.0073716937 -0.01486698 0.0067566297
v 0.0075544208 -0.014870337 0.0066842936
v 0.0075539844 -0.014893965 0.0066859249
v 0.0065857729 -0.014945776 0.0066228184
v 0.0065547564 -0.014938886 0.0066163
v 0.0065764974 -0.014905217 0.0065924996
v 0.006574465 -0.014994794 0.0066125617
v 0.0065528885 -0.014984031 0.0066286001
v 0.0065519682 -0.01500256 0.0066350547
v 0.0065820203 -0.015104633 0.00669386
v 0.0065688701 -0.015156808 0.0066973373
v 0.0065422522 -0.01513775 0.0067125853
v 0.0065698758 -0.015170808 0.0067477905
v 0.0065654777 -0.015224322 0.006759475
v 0.0065346064 -0.015209082 0.0067837899
v 0.0065762081 -0.015228024 0.0068139466
v 0.0065618223 -0.015280006 0.0068323901
v 0.0065291127 -0.015249814 0.0068415575
v 0.0066861605 -0.015179977 0.006961481
v 0.0065253016 -0.015273692 0.0068859345
v 0.0065216835 -0.015293101 0.006932293
v 0.006564186 -0.015302501 0.0069653048
v 0.0065541718 -0.015349528 0.0070014307
v 0.0065170668 -0.015312526 0.0070000544
v 0.0066780107 -0.015216777 0.0070879444
v 0.0065148396 -0.015319284 0.0070375923
v 0.0065129741 -0.015323788 0.0070875527
v 0.0065102163 -0.015323776 0.0071351053
v 0.0066703717 -0.015220866 0.007156785
v 0.006508965 -0.015320845 0.0071703043
v 0.0066734218 -0.015203925 0.0072196929
v 0.006507841 -0.015315243 0.0072082404
v 0.0065076816 -0.015303537 0.0072569563
v 0.0065062012 -0.015288354 0.0073022262
v 0.0066683845 -0.015181692 0.0072845578
v 0.0065060266 -0.015274311 0.0073346411
v 0.0065519024 -0.015250867 0.0073742553
v 0.0065383421 -0.015251943 0.0074355458
v 0.0065072436 -0.015230104 0.0074111882
v 0.0066623237 -0.015107171 0.0073917097
v 0.006507051 -0.015200842 0.0074490817
v 0.0065463033 -0.015138343 0.0075136151
v 0.006506604 -0.015165359 0.0074850239
v 0.0065442408 -0.015103753 0.0075412054
v 0.0065098058 -0.015107095 0.0075344988
v 0.0065349831 -0.015076872 0.0075816006
v 0.0065113143 -0.015058591 0.0075642652
v 0.0065123099 -0.015025624 0.007580622
v 0.0066670828 -0.01496347 0.0074738134
v 0.0065132869 -0.014991551 0.0075940664
v 0.0065142334 -0.014956591 0.0076051764
v 0.0065349234 -0.014947535 0.0076283001
v 0.0065147069 -0.014937901 0.0076098126
v 0.0065156763 -0.01489625 0.0076172526
v 0.0065172886 -0.014810897 0.0076212079
v 0.0065363562 -0.014810528 0.007639963
v 0.006517648 -0.014786432 0.0076194354
v 0.0065371514 -0.014764766 0.0076358566
v 0.0065179622 -0.014761936 0.0076163693
v 0.0065182962 -0.014730506 0.0076104434
v 0.0065498747 -0.014724514 0.0076064245
v 0.0065523316 -0.014682298 0.0075930803
v 0.0065186518 -0.014685562 0.0075981507
v 0.0065404056 -0.014632056 0.0075999914
v 0.0065188838 -0.014633494 0.0075774787
v 0.0065189516 -0.014600505 0.0075607805
v 0.0066728932 -0.014646461 0.0074441427
v 0.0065189605 -0.01456919 0.0075414282
v 0.0065189417 -0.01453941 0.0075201328
v 0.0065447788 -0.014513175 0.0075310188
v 0.0065189243 -0.014524127 0.0075076796
v 0.006550095 -0.014499327 0.0074809791
v 0.0065481712 -0.014445661 0.0074688811
v 0.0065189083 -0.014460051 0.0074421627
v 0.006563223 -0.014442317 0.0074154694
v 0.0065518265 -0.014389977 0.007395966
v 0.0065191209 -0.014419426 0.0073844767
v 0.0065556989 -0.014398869 0.0073426088
v 0.0065556337 -0.014347815 0.0073144889
v 0.0065200834 -0.014375882 0.0072931964
v 0.0065206479 -0.014364926 0.0072597446
v 0.0066804062 -0.014465072 0.0072142682
v 0.0065213661 -0.014356474 0.0072255881
v 0.0066861624 -0.01445674 0.0071503223
v 0.0065222923 -0.014349707 0.0071881988
v 0.0065245762 -0.014345152 0.0071379174
v 0.006525526 -0.01434513 0.0070901679
v 0.0066840925 -0.014452608 0.0070811156
v 0.0065269696 -0.014348038 0.0070552046
v 0.0065684844 -0.0143211 0.0069990845
v 0.0065292643 -0.014355988 0.0070054968
v 0.0065286801 -0.01435359 0.0070175075
v 0.0065700723 -0.014333118 0.0069547592
v 0.0065320539 -0.014365387 0.006968608
v 0.00653375 -0.014380608 0.0069232193
v 0.0066911161 -0.014491828 0.0069535924
v 0.0065357368 -0.014394583 0.0068910736
v 0.0065839782 -0.014419394 0.0068551411
v 0.0065753067 -0.01441804 0.0067928104
v 0.0065418411 -0.014438904 0.0068147281
v 0.0066915885 -0.014566334 0.0068463354
v 0.0065437811 -0.014468238 0.00677683
v 0.006578446 -0.014530272 0.0067202099
v 0.0065458269 -0.014492311 0.0067507934
v 0.006705713 -0.014650544 0.0068000046
v 0.0065511586 -0.014570438 0.0066862224
v 0.0065531947 -0.014610463 0.0066622773
v 0.0065556659 -0.014677492 0.0066326377
v 0.0065545646 -0.014643282 0.0066460742
v 0.0066988238 -0.014710026 0.0067647274
v 0.0065568527 -0.014731456 0.0066168874
v 0.0065565304 -0.014712763 0.0066214925
v 0.0065787255 -0.014722448 0.0066000561
v 0.0065572402 -0.014768995 0.0066100198
v 0.006578411 -0.014767721 0.0065921859
v 0.0066882409 -0.014836571 0.0067305446
v 0.0065572985 -0.014809186 0.0066058682
v 0.0065557595 -0.014907431 0.0066103972
v 0.0065563635 -0.014882986 0.0066073505
v 0.0065568234 -0.014858346 0.0066055746
v 0.0065571353 -0.014833686 0.0066050845
v 0.0071948764 -0.014508004 0.0068026781
v 0.0072304676 -0.014538819 0.0067429105
v 0.0072678135 -0.014539764 0.0065524493
v 0.0072680498 -0.014592288 0.0065281255
v 0.0072224601 -0.014737379 0.0066632974
v 0.0072668893 -0.014817378 0.0064788028
v 0.0072650821 -0.0149329 0.0064841073
v 0.0072660838 -0.014875256 0.0064789349
v 0.007262522 -0.015045733 0.006509378
v 0.0072231588 -0.015073845 0.0066974647
v 0.0072554746 -0.015249809 0.0066161633
v 0.0072000922 -0.015146946 0.0068243685
v 0.0072512014 -0.015334851 0.0066944332
v 0.0068892576 -0.015385165 0.0067106852
v 0.0069047339 -0.014989914 0.0064576974
v 0.0069070015 -0.014871343 0.0064418216
v 0.0069428166 -0.014322492 0.0075924179
v 0.0068714006 -0.014293765 0.0075432746
v 0.0068739394 -0.014327452 0.007585267
v 0.0071322513 -0.015182005 0.0074504989
v 0.0072147398 -0.015291272 0.0076310526
v 0.0071475577 -0.015306459 0.0076279824
v 0.0071606962 -0.015255094 0.0076780125
v 0.0071905963 -0.015149243 0.0075371837
v 0.0071930085 -0.015199129 0.0077103557
v 0.0071977234 -0.014753869 0.0078038937
v 0.007176301 -0.014796801 0.0078100925
v 0.0071871584 -0.014824968 0.0076344023
v 0.0071965511 -0.014872169 0.0078121229
v 0.0071796203 -0.014640022 0.0077829108
v 0.0071796338 -0.014674758 0.0077926587
v 0.0072180812 -0.014643151 0.0077730716
v 0.0072095642 -0.014700218 0.0077980418
v 0.0071794996 -0.014607842 0.0077720954
v 0.0072106906 -0.014585855 0.0077566544
v 0.0071944916 -0.014614168 0.0075824928
v 0.0071774412 -0.014528342 0.007737728
v 0.0072131152 -0.014484058 0.0077068076
v 0.0072251286 -0.014439075 0.0076662863
v 0.0071775561 -0.014452938 0.007692306
v 0.0071770396 -0.014427154 0.0076736518
v 0.0072004092 -0.014505803 0.0075094007
v 0.0071743296 -0.014384143 0.0076381029
v 0.0071626654 -0.01433505 0.0075812756
v 0.0071830798 -0.014515951 0.0074254716
v 0.007045635 -0.014326085 0.0075955909
v 0.006978057 -0.014469722 0.0074179015
v 0.0067064017 -0.014876762 0.0066740923
v 0.0067047998 -0.014953536 0.0066877459
v 0.006702728 -0.015026763 0.0067145159
v 0.0067002496 -0.015094218 0.006753589
v 0.0066974385 -0.015153854 0.0068037773
v 0.0066943815 -0.015203856 0.0068635564
v 0.0066075916 -0.015337312 0.006856611
v 0.0066895387 -0.015257566 0.0069671684
v 0.0066862812 -0.015277591 0.0070424778
v 0.0065973824 -0.015399915 0.0070927258
v 0.0066816006 -0.015282437 0.0071590893
v 0.0065917592 -0.01538665 0.0072394604
v 0.0066774454 -0.015256917 0.0072729974
v 0.0066751106 -0.015223808 0.007343577
v 0.0066732065 -0.015178942 0.0074073465
v 0.0066717938 -0.01512368 0.0074623667
v 0.006670913 -0.015059702 0.0075069674
v 0.0065806413 -0.015050286 0.0076379382
v 0.006670646 -0.014951703 0.0075514619
v 0.0065811157 -0.014907776 0.0076757436
v 0.0066716524 -0.014835875 0.0075665134
v 0.006673 -0.0147582 0.0075595988
v 0.0065853467 -0.014664304 0.0076538964
v 0.0066759349 -0.014646885 0.0075243271
v 0.0066784138 -0.014579429 0.0074852543
v 0.0066812239 -0.014519794 0.0074350661
v 0.0065969147 -0.01438664 0.0074585866
v 0.0066858725 -0.01444889 0.0073423587
v 0.0066891237 -0.014416081 0.0072716751
v 0.0066923812 -0.014396058 0.0071963652
v 0.0066955437 -0.014389423 0.007118718
v 0.0066985198 -0.014396385 0.0070410915
v 0.0066184657 -0.01429753 0.0069451237
v 0.0067024345 -0.014431743 0.0069298345
v 0.0067045609 -0.014470879 0.0068624031
v 0.0066251284 -0.014420361 0.0067338372
v 0.0067068681 -0.014549968 0.0067764764
v 0.0066273004 -0.014533563 0.0066393965
v 0.0067455875 -0.014637794 0.0067351032
v 0.0067080696 -0.014684696 0.0066990515
v 0.0066277438 -0.014714977 0.0065648054
v 0.0067074848 -0.014798776 0.0066739694
v 0.0067492896 -0.01492001 0.006658908
v 0.0067473527 -0.014999064 0.0066802182
v 0.0067449551 -0.015073206 0.0067149261
v 0.0067421662 -0.015140184 0.0067619741
v 0.0067390746 -0.015197962 0.0068199363
v 0.0067357705 -0.015244787 0.0068870475
v 0.0066561718 -0.015389942 0.0068904361
v 0.0067306417 -0.015291471 0.0070003535
v 0.0067272574 -0.015305514 0.0070809684
v 0.0066454659 -0.015434209 0.0071455086
v 0.0067224902 -0.015299896 0.0072034004
v 0.0066397648 -0.015406642 0.0072992089
v 0.0067183802 -0.015262761 0.0073202249
v 0.0067161476 -0.015221658 0.0073910277
v 0.006714399 -0.015168884 0.0074536312
v 0.006713191 -0.015106036 0.00750613
v 0.0067125577 -0.015035027 0.0075469311
v 0.0066297638 -0.015014706 0.0076888804
v 0.0067127253 -0.01491798 0.0075835922
v 0.0066308334 -0.014860761 0.0077156418
v 0.0067142165 -0.014795444 0.007588736
v 0.0067158987 -0.014714828 0.0075743929
v 0.0066361615 -0.014605744 0.0076701016
v 0.0067193273 -0.014601625 0.0075273058
v 0.0067708614 -0.014563206 0.0074391984
v 0.0067252078 -0.014476869 0.0074222957
v 0.0066491395 -0.014330662 0.0074382609
v 0.0067302104 -0.0144112 0.0073188235
v 0.0067336393 -0.01438336 0.0072418782
v 0.0067370254 -0.014369319 0.0071612629
v 0.006740259 -0.014369495 0.0070794281
v 0.0067432496 -0.014383894 0.0069988603
v 0.0066715625 -0.014284048 0.0068879132
v 0.0067470758 -0.014431077 0.0068857099
v 0.0067490739 -0.014478195 0.0068187524
v 0.0066778786 -0.014433251 0.0066761712
v 0.006751091 -0.014568796 0.0067361017
v 0.0067836999 -0.014662399 0.0066955436
v 0.0067517614 -0.014716819 0.0066674384
v 0.0066793482 -0.014759905 0.006524899
v 0.0067507049 -0.014838446 0.0066516414
v 0.0067945606 -0.014881757 0.0066360385
v 0.0067928091 -0.01496568 0.0066509775
v 0.0067905438 -0.015045724 0.0066802541
v 0.0067878336 -0.015119457 0.0067229785
v 0.0067847609 -0.015184639 0.0067778523
v 0.0067814189 -0.015239289 0.0068432094
v 0.0067779098 -0.015281746 0.0069170632
v 0.0067072412 -0.015436318 0.0069328906
v 0.0067725645 -0.015319862 0.0070388117
v 0.0067691054 -0.015327098 0.0071236937
v 0.006696217 -0.015459236 0.0072034672
v 0.0067643352 -0.015310145 0.0072501607
v 0.0066905538 -0.015416374 0.007361555
v 0.0067603533 -0.015261018 0.0073679519
v 0.0067582738 -0.015211959 0.0074376529
v 0.006756729 -0.01515154 0.0074977897
v 0.0067557672 -0.015081595 0.007546534
v 0.0067554172 -0.015004248 0.0075824043
v 0.0066820126 -0.01497122 0.0077329299
v 0.0067560573 -0.014879537 0.0076098036
v 0.0066837204 -0.014807927 0.0077468305
v 0.0067580497 -0.014751996 0.0076040183
v 0.0067600658 -0.014669699 0.007581826
v 0.0067901447 -0.014613074 0.0075535191
v 0.0067639684 -0.014556584 0.007522717
v 0.0067960596 -0.014479689 0.0074506763
v 0.006770384 -0.014436753 0.0074024854
v 0.0067044137 -0.014279438 0.0074085611
v 0.0067756781 -0.014378057 0.0072892119
v 0.0067792389 -0.014356181 0.007206883
v 0.0067826975 -0.014348944 0.0071220011
v 0.0067859505 -0.014356568 0.0070371451
v 0.0067888968 -0.014378819 0.0069548924
v 0.0067273165 -0.014281078 0.0068292283
v 0.006792553 -0.014438031 0.0068418234
v 0.0067943708 -0.014492977 0.0067766542
v 0.0067331094 -0.01445634 0.0066216028
v 0.0067960353 -0.014594447 0.0066991611
v 0.0068243402 -0.01469388 0.0066611562
v 0.006796113 -0.014754191 0.006641383
v 0.0068349349 -0.014840003 0.0066691649
v 0.00683896 -0.014927539 0.0066276228
v 0.0068724151 -0.015001779 0.0066836416
v 0.0067840818 -0.015089168 0.0065207366
v 0.0068342973 -0.015092259 0.0066878867
v 0.0068312991 -0.015164271 0.0067384908
v 0.0068279734 -0.015226389 0.0068008267
v 0.0068244218 -0.015276724 0.0068730014
v 0.0068207508 -0.01531375 0.0069528204
v 0.0067604638 -0.015475054 0.0069827405
v 0.0068152664 -0.015341988 0.0070815333
v 0.0068117876 -0.015341778 0.0071695295
v 0.0067493092 -0.015474255 0.0072648981
v 0.0068070971 -0.01531293 0.0072981382
v 0.0067437985 -0.015415565 0.0074246615
v 0.0068033215 -0.015251759 0.0074149216
v 0.0068014429 -0.015194997 0.0074822269
v 0.006800144 -0.015127408 0.0075386664
v 0.0067994648 -0.015051044 0.007582525
v 0.0067994243 -0.014968227 0.0076124712
v 0.0067370161 -0.01492116 0.0077688003
v 0.0068005615 -0.014837439 0.0076294334
v 0.0067393858 -0.014750886 0.0077684119
v 0.0068030588 -0.014706733 0.007611994
v 0.0068303217 -0.014644544 0.007590955
v 0.0068330114 -0.014566656 0.0075501886
v 0.0068097449 -0.014513005 0.0075107353
v 0.0068394853 -0.014437819 0.0074315846
v 0.0068166222 -0.014400551 0.0073762256
v 0.0067622743 -0.014234534 0.0073704309
v 0.0068221372 -0.014350373 0.0072543803
v 0.0068257757 -0.014335286 0.0071676932
v 0.006829256 -0.014335498 0.0070796969
v 0.0068324695 -0.014350992 0.0069930652
v 0.0068353199 -0.014381306 0.0069104304
v 0.00678525 -0.014288732 0.0067708911
v 0.0068387306 -0.014452428 0.0067994148
v 0.0068403254 -0.014514841 0.0067373052
v 0.0067903589 -0.014488949 0.006571831
v 0.0068415797 -0.014626232 0.0066667018
v 0.0068766418 -0.014758672 0.0066617745
v 0.0068738789 -0.014807377 0.0066731427
v 0.006885646 -0.014885686 0.0066108433
v 0.0068837903 -0.014974565 0.0066266821
v 0.0068405238 -0.015150558 0.0065298273
v 0.0068785198 -0.015137414 0.0067029688
v 0.0068752651 -0.015206436 0.0067611
v 0.0068717254 -0.015264301 0.00683033
v 0.0068680083 -0.015309253 0.006908556
v 0.0068642267 -0.015339923 0.0069934016
v 0.0068154926 -0.015504993 0.0070385304
v 0.0068836382 -0.015358693 0.0071059462
v 0.0068107994 -0.01550977 0.0071554605
v 0.00685524 -0.01534915 0.0072172747
v 0.0068043997 -0.015478826 0.0073279945
v 0.0068507099 -0.015308169 0.0073460685
v 0.0067991516 -0.015404254 0.0074866706
v 0.0068861693 -0.015231509 0.0074502028
v 0.0068463222 -0.015204623 0.0074931269
v 0.0067945493 -0.015246133 0.0076582212
v 0.0068445612 -0.015097143 0.0075751801
v 0.0068441912 -0.015015219 0.0076131548
v 0.0068444804 -0.014927949 0.0076363393
v 0.0067943738 -0.014866055 0.0077954551
v 0.0068461256 -0.014792844 0.0076419733
v 0.0067974093 -0.014691379 0.0077797811
v 0.0067987965 -0.014634808 0.0077644927
v 0.0068020727 -0.014526739 0.0077194605
v 0.0068059331 -0.014428148 0.0076563551
v 0.0068565069 -0.014472095 0.0074917157
v 0.0068850403 -0.014400621 0.0074052713
v 0.0068637642 -0.01436928 0.0073442593
v 0.0068222343 -0.014197328 0.007325071
v 0.0068694248 -0.014328938 0.0072153096
v 0.006873088 -0.014321292 0.0071254109
v 0.0068765325 -0.014329383 0.0070355424
v 0.0068796538 -0.014352968 0.0069484354
v 0.0068823552 -0.014391324 0.0068667333
v 0.0068448738 -0.014306796 0.0067147156
v 0.0068854502 -0.014473909 0.0067596918
v 0.0068480473 -0.014431164 0.0065910666
v 0.0068487072 -0.01447927 0.0065575814
v 0.0068491585 -0.014530112 0.0065284119
v 0.0068875803 -0.014663311 0.0066396623
v 0.0068492347 -0.014695091 0.0064688433
v 0.00691591 -0.015297361 0.0068656137
v 0.0069120775 -0.015336001 0.006948961
v 0.0069082378 -0.015359568 0.0070377553
v 0.0069270181 -0.015369708 0.0071534987
v 0.0068673197 -0.015519689 0.0072180575
v 0.0068993641 -0.015349021 0.0072656813
v 0.0068611278 -0.015472826 0.0073909012
v 0.0068950709 -0.015296001 0.0073926965
v 0.0068586174 -0.015306888 0.007630238
v 0.0068576562 -0.015252266 0.0076759679
v 0.0068571828 -0.015174494 0.0077274363
v 0.0068593013 -0.015100572 0.0077664277
v 0.0068615049 -0.015046988 0.0077830164
v 0.0068615389 -0.014988945 0.0078002357
v 0.006862701 -0.014927097 0.0078123603
v 0.0068624248 -0.014863465 0.0078193609
v 0.0068648178 -0.014806741 0.0078182452
v 0.0068627254 -0.01474646 0.0078156409
v 0.0068664533 -0.014686 0.0078018251
v 0.0068671437 -0.014624235 0.0077820049
v 0.0068689416 -0.014573395 0.0077617199
v 0.0068679854 -0.014518629 0.0077392168
v 0.0068678604 -0.014463623 0.0077067447
v 0.0068702827 -0.014413644 0.0076718179
v 0.0068711755 -0.014370296 0.0076290589
v 0.0069321777 -0.014369353 0.0073726408
v 0.0069116084 -0.014343798 0.0073074933
v 0.0068837858 -0.014168964 0.0072739027
v 0.006917334 -0.014314343 0.0071730979
v 0.0069209665 -0.01431458 0.007081221
v 0.0069243218 -0.014330779 0.0069907725
v 0.0069272979 -0.014362447 0.0069045002
v 0.0069298044 -0.014408624 0.006825027
v 0.0069337942 -0.014252514 0.0075015462
v 0.006980336 -0.014345092 0.0073348156
v 0.0069599381 -0.01432483 0.0072669496
v 0.0069861789 -0.014309262 0.0071996722
v 0.0069656465 -0.014307023 0.0071289203
v 0.006991707 -0.014309663 0.0070598474
v 0.0069557961 -0.01416154 0.0069773397
v 0.0069998422 -0.014433323 0.0069819314
v 0.0069979414 -0.014366145 0.0068825672
v 0.0069633276 -0.01425463 0.0067544905
v 0.0069787509 -0.014429544 0.006783354
v 0.0069620567 -0.01528166 0.0068224421
v 0.0069604059 -0.01532468 0.0069057771
v 0.0069807998 -0.015352504 0.0069711002
v 0.0069368918 -0.015519902 0.0069804386
v 0.0069526678 -0.015372155 0.0070847327
v 0.0069713873 -0.015372067 0.0072021234
v 0.0069249949 -0.01551905 0.007281374
v 0.0069440409 -0.015341395 0.0073134848
v 0.0069191175 -0.015456454 0.0074517698
v 0.0069400547 -0.015276752 0.007436802
v 0.0069134647 -0.015340696 0.0076333555
v 0.007023091 -0.014387581 0.0074202684
v 0.0069969174 -0.014219544 0.0074532226
v 0.0070289375 -0.014328666 0.0072931103
v 0.0070045682 -0.014157554 0.0072815457
v 0.007034733 -0.014304704 0.007155029
v 0.0070119788 -0.014142148 0.0070996608
v 0.0070400826 -0.014317321 0.0070154356
v 0.007045899 -0.01438921 0.0068433332
v 0.0070255984 -0.014287199 0.0067048086
v 0.0070332874 -0.015295436 0.0068453947
v 0.0070294471 -0.015293626 0.0069234147
v 0.0070276292 -0.015310146 0.00696358
v 0.0070254835 -0.015366353 0.0070178211
v 0.0069949973 -0.015535144 0.0070420679
v 0.0069925208 -0.015540292 0.0071028504
v 0.0069901092 -0.01554012 0.0071638529
v 0.0070162958 -0.015365697 0.0072502264
v 0.0070146761 -0.015353439 0.0072954399
v 0.0070131592 -0.015337285 0.0073394161
v 0.0070117568 -0.015317356 0.0073818193
v 0.0069865866 -0.015279527 0.007440218
v 0.0069729279 -0.015372946 0.0076402684
v 0.0070527294 -0.014286598 0.0075578379
v 0.0070715631 -0.014367953 0.0073799365
v 0.0070602371 -0.01419587 0.0073998182
v 0.0070773998 -0.014320655 0.0072489666
v 0.0070678524 -0.014149172 0.0072236944
v 0.007072732 -0.014144206 0.0071021216
v 0.0070750563 -0.014149689 0.0070414692
v 0.0070793858 -0.014176379 0.006922737
v 0.0070672155 -0.01435728 0.006906506
v 0.0070934442 -0.014419541 0.006808969
v 0.0070778612 -0.015316353 0.0068894072
v 0.0070701 -0.015371609 0.0070662274
v 0.0070533079 -0.015539915 0.0071053056
v 0.0070509005 -0.015539743 0.0071662019
v 0.0070485762 -0.01553426 0.0072268543
v 0.0070571155 -0.01529158 0.0074223112
v 0.0070346481 -0.015254928 0.0074822647
v 0.0070269979 -0.015313124 0.0076420371
v 0.0071127743 -0.014274746 0.0075856012
v 0.0071156103 -0.014398579 0.0074178103
v 0.0070978326 -0.014342813 0.0073158996
v 0.0071035976 -0.014313213 0.0071805481
v 0.0071072554 -0.014313493 0.0070880272
v 0.0071375734 -0.014167613 0.0069853331
v 0.0071121851 -0.014343912 0.0069528242
v 0.007114955 -0.014383292 0.0068690681
v 0.0071288202 -0.015427509 0.0067663151
v 0.0070982853 -0.015342136 0.0069552926
v 0.0071187682 -0.015518854 0.0069884158
v 0.0071141983 -0.015368117 0.0071147303
v 0.0070888625 -0.015371458 0.0071831648
v 0.0071069336 -0.015518007 0.0072877736
v 0.0070839328 -0.015341038 0.0073183674
v 0.007101087 -0.015455739 0.0074572762
v 0.0071021517 -0.015259023 0.0074572567
v 0.0070980028 -0.015367657 0.0076354085
v 0.0071416499 -0.014470918 0.0074253052
v 0.0071421351 -0.014367972 0.0073572884
v 0.0071459571 -0.01433703 0.007271518
v 0.0071877772 -0.014168901 0.0072261114
v 0.0071715935 -0.014330678 0.007159511
v 0.0071925295 -0.014164063 0.0071077091
v 0.0071550383 -0.014327854 0.007045252
v 0.0071990098 -0.014195397 0.0069330028
v 0.0071596144 -0.014369356 0.0069151118
v 0.0071621 -0.01441523 0.0068362584
v 0.007207036 -0.014343363 0.0066784786
v 0.0071482912 -0.015297295 0.0068770246
v 0.0071834364 -0.015472889 0.0068801854
v 0.0071425749 -0.015349197 0.007003331
v 0.0071760197 -0.015518368 0.0070517159
v 0.0071712674 -0.015523205 0.0071701182
v 0.0071334942 -0.015358374 0.0072295968
v 0.0071647871 -0.015491871 0.0073448245
v 0.0071289181 -0.015316871 0.0073597367
v 0.0071594729 -0.015416361 0.0075054984
v 0.0071860331 -0.014399093 0.0073941085
v 0.0071897572 -0.014361602 0.0073131003
v 0.0071934873 -0.01433876 0.0072268092
v 0.0071988481 -0.014333358 0.0070932275
v 0.007202107 -0.014349155 0.007005355
v 0.007258862 -0.01423222 0.0068861124
v 0.007206276 -0.014400751 0.0068819758
v 0.0072258586 -0.014451194 0.0068372913
v 0.0071769412 -0.01517315 0.0069084792
v 0.0071920548 -0.015308914 0.0069240431
v 0.0072393773 -0.015477742 0.0069433043
v 0.0071864543 -0.015348732 0.0070516568
v 0.007189965 -0.015308505 0.0071404361
v 0.007181093 -0.015354135 0.0071852387
v 0.0071778341 -0.015338338 0.0072731114
v 0.0072217412 -0.015456664 0.0073963372
v 0.0071736656 -0.015286741 0.0073964908
v 0.0072170209 -0.015369643 0.0075460265
v 0.0072540055 -0.014889439 0.0066452194
v 0.0072522186 -0.014974903 0.0066605247
v 0.007248507 -0.015021477 0.0067495387
v 0.0072471448 -0.015131456 0.0067340273
v 0.0073008046 -0.015415143 0.0068487268
v 0.0072352152 -0.015313047 0.0069720561
v 0.0072937898 -0.015471981 0.0070061324
v 0.007229808 -0.015340771 0.007099009
v 0.0072247549 -0.015334665 0.0072288245
v 0.0072217551 -0.015311911 0.0073125793
v 0.0072773978 -0.015413467 0.0074408083
v 0.0072180358 -0.01525148 0.0074276838
v 0.0072161863 -0.015195442 0.007494001
v 0.0072144976 -0.015092008 0.0075728265
v 0.0071961775 -0.015153125 0.0077370586
v 0.0072141444 -0.015013188 0.0076092794
v 0.0071859993 -0.015102271 0.0077614173
v 0.0071961096 -0.015040688 0.0077830194
v 0.0072703435 -0.014982315 0.0077697185
v 0.0071943044 -0.014982128 0.0077992328
v 0.0072148025 -0.014886133 0.0076370537
v 0.0072069608 -0.01492899 0.0078085465
v 0.0072316903 -0.014781321 0.0076120143
v 0.0072178001 -0.014713834 0.0076215059
v 0.0072770214 -0.014598031 0.0077352359
v 0.0072228729 -0.014557281 0.0075480031
v 0.0072909331 -0.014303157 0.0074867136
v 0.0072329849 -0.014392189 0.0073501428
v 0.0072366232 -0.014362759 0.0072685201
v 0.0072402107 -0.014347966 0.0071830217
v 0.0073070468 -0.014204347 0.0071140414
v 0.0072452629 -0.014354072 0.0070532063
v 0.0072482621 -0.014376827 0.0069694517
v 0.0073166443 -0.014276985 0.0068461303
v 0.0072650863 -0.014444682 0.0068857255
v 0.0072538315 -0.014493295 0.0067880298
v 0.0072555211 -0.014596729 0.0067092045
v 0.0072558733 -0.01467555 0.0066727518
v 0.0072552157 -0.014802605 0.0066449774
v 0.0072967768 -0.014930052 0.0066700481
v 0.0073722216 -0.01503253 0.0065600601
v 0.0073675173 -0.015177808 0.0066281792
v 0.0072894807 -0.015155152 0.0067757581
v 0.0072863158 -0.015214185 0.0068351224
v 0.0072829356 -0.015262 0.0069038346
v 0.0073530187 -0.015414695 0.0069117941
v 0.0072776882 -0.015309613 0.0070198006
v 0.0073463155 -0.015455799 0.0070668218
v 0.0072725466 -0.015325562 0.0071441465
v 0.0073399745 -0.015455345 0.0072272201
v 0.0072678624 -0.015308762 0.0072683983
v 0.0072651521 -0.015279841 0.007346981
v 0.0073313607 -0.015363606 0.0074769461
v 0.007261913 -0.015212071 0.0074525247
v 0.0072603991 -0.015152634 0.0075115492
v 0.0073265448 -0.015174873 0.0076645887
v 0.0072592112 -0.015046593 0.0075786062
v 0.0072591774 -0.014967776 0.0076070126
v 0.0073264293 -0.01492451 0.0077549865
v 0.0072602645 -0.014843336 0.0076230195
v 0.0072626448 -0.014719008 0.0076062976
v 0.0072648739 -0.014640387 0.0075774393
v 0.00733574 -0.014514155 0.0076630814
v 0.0072690114 -0.014534809 0.0075097734
v 0.0073415272 -0.01439149 0.0075596988
v 0.0072738463 -0.014450367 0.0074170968
v 0.0073480027 -0.014299798 0.0074280981
v 0.0072790488 -0.014392819 0.0073057246
v 0.0072825466 -0.014371416 0.007224801
v 0.0072859446 -0.0143644 0.0071413853
v 0.0073632828 -0.014236618 0.0070640404
v 0.0072906306 -0.014381199 0.0070171336
v 0.0072933414 -0.014410118 0.0069385499
v 0.0072965795 -0.01447789 0.0068330076
v 0.0072980934 -0.014537328 0.0067739833
v 0.0073767125 -0.014517089 0.0066266719
v 0.0072992809 -0.014643368 0.0067069256
v 0.0072993157 -0.014722185 0.0066785192
v 0.0073768281 -0.014767452 0.006536274
v 0.0072982285 -0.014846625 0.0066625119
v 0.0073401112 -0.014887262 0.0066868089
v 0.0073384603 -0.014966154 0.0067009516
v 0.0074219009 -0.015071518 0.0066094972
v 0.0073350993 -0.0150769 0.0067471875
v 0.0074170563 -0.015203216 0.0066859064
v 0.0073308855 -0.015171884 0.0068204973
v 0.0073277413 -0.015223193 0.0068820124
v 0.0073244411 -0.015263029 0.0069515015
v 0.0074028989 -0.01540368 0.0069736227
v 0.0073194158 -0.015298727 0.0070660195
v 0.0073966047 -0.015429706 0.0071235872
v 0.0073146054 -0.015303542 0.0071858845
v 0.0073907947 -0.015416001 0.0072751943
v 0.0073103396 -0.015277151 0.0073029283
v 0.0073079417 -0.015243019 0.0073754256
v 0.0073832368 -0.015308609 0.0075037092
v 0.0073051995 -0.015169607 0.0074703836
v 0.0073040211 -0.015108022 0.007521692
v 0.0073795155 -0.015114662 0.0076655118
v 0.0073033156 -0.015001346 0.00757677
v 0.0073035762 -0.014923847 0.0075972738
v 0.0073803283 -0.014870503 0.0077302829
v 0.0073050412 -0.014803897 0.0076021522
v 0.0073829645 -0.014718799 0.0077166702
v 0.0073077021 -0.014686787 0.0075758418
v 0.0073100526 -0.014614259 0.0075417735
v 0.0073903674 -0.014490186 0.0076094762
v 0.0073142674 -0.014519275 0.0074684638
v 0.0073961214 -0.014382784 0.007501597
v 0.0073190485 -0.014446529 0.0073730746
v 0.0074023928 -0.014306997 0.0073695998
v 0.0073240677 -0.01440098 0.0072621061
v 0.007327381 -0.014387335 0.0071831795
v 0.0073305479 -0.014387615 0.0071030766
v 0.007416629 -0.014277401 0.0070201883
v 0.0073348142 -0.014414008 0.0069860331
v 0.0073372103 -0.01444814 0.0069135355
v 0.0074241869 -0.014384794 0.0067916734
v 0.0073399539 -0.014521552 0.0068185769
v 0.0073411327 -0.014583137 0.0067672692
v 0.0074279082 -0.014578741 0.0066298708
v 0.0073418363 -0.014689813 0.0067121914
v 0.0073415762 -0.014767312 0.0066916877
v 0.0074270954 -0.014822899 0.0065650997
v 0.0073808362 -0.014923416 0.006717254
v 0.0073790353 -0.014996765 0.0067371344
v 0.0074685505 -0.015101664 0.0066647148
v 0.0073755512 -0.015097547 0.006789965
v 0.0074636805 -0.015218557 0.0067469375
v 0.0073713433 -0.015181198 0.0068670694
v 0.0073682758 -0.015224573 0.0069294211
v 0.0073651075 -0.01525645 0.0069983576
v 0.0074501184 -0.015382452 0.0070323901
v 0.0073603741 -0.015280691 0.0071094895
v 0.0074443178 -0.01539451 0.00717476
v 0.0073559527 -0.015275321 0.0072231203
v 0.0074391005 -0.015369283 0.0073154178
v 0.0073521413 -0.015240703 0.0073315058
v 0.0073500724 -0.015202465 0.0073971718
v 0.0074326385 -0.015250154 0.0075203376
v 0.0073478293 -0.015125261 0.0074808069
v 0.0073469767 -0.015062843 0.0075241868
v 0.0074299689 -0.015055552 0.007655794
v 0.0073467224 -0.014957521 0.0075674008
v 0.007347245 -0.01488262 0.0075803646
v 0.0074315919 -0.014821942 0.0076964044
v 0.0073490271 -0.014768914 0.0075750595
v 0.0074345324 -0.014681201 0.0076712714
v 0.0073518931 -0.014660473 0.0075405254
v 0.0073543121 -0.014594783 0.0075023483
v 0.0074420734 -0.014476205 0.0075523362
v 0.0073585199 -0.014511132 0.007425244
v 0.0073631651 -0.014450312 0.0073291208
v 0.00745364 -0.014324547 0.0073130344
v 0.0073679303 -0.014416469 0.0072205282
v 0.0073710124 -0.014410116 0.0071448406
v 0.007373912 -0.014417009 0.007069193
v 0.0074666535 -0.014325479 0.006983856
v 0.007377722 -0.014451626 0.0069608072
v 0.0073797913 -0.014489866 0.0068951419
v 0.0074731154 -0.014444608 0.0067789361
v 0.007382033 -0.01456707 0.0068115064
v 0.0073828875 -0.014629487 0.0067681266
v 0.007475785 -0.01463921 0.0066434798
v 0.0073831409 -0.014734809 0.0067249125
v 0.0073826183 -0.01480971 0.006711949
v 0.0075016473 -0.015300104 0.0069739443
v 0.0074919844 -0.015313721 0.0070084735
v 0.0074976485 -0.015325229 0.007047525
v 0.0074879073 -0.015312933 0.0073007403
v 0.01067293 -0.013674165 0.0010915793
v 0.010498766 -0.013690479 0.0006769703
v 0.010140496 -0.013654322 0.001342335
v 0.009930837 -0.013669312 0.00094444275
v 0.0096319968 -0.013632767 0.0016385139
v 0.0093884376 -0.01364632 0.0012603669
v 0.0091513019 -0.013609665 0.0019778614
v 0.0088756963 -0.013621678 0.0016223374
v 0.0087020695 -0.013585191 0.0023577949
v 0.0083965151 -0.013595573 0.0020276
v 0.0082877195 -0.013559533 0.0027754236
v 0.0079545415 -0.013568204 0.0024730707
v 0.0079114045 -0.013532884 0.0032275687
v 0.007553139 -0.013539779 0.0029553585
v 0.0075759885 -0.013505448 0.0037107886
v 0.0071953619 -0.013510514 0.0034707935
v 0.0072840246 -0.013477434 0.0042214066
v 0.006883934 -0.013480632 0.0040154522
v 0.0070377349 -0.013449055 0.0047555358
v 0.0066212246 -0.013450361 0.0045851903
v 0.0068389934 -0.013420527 0.0053091114
v 0.0064092341 -0.013419931 0.005175671
v 0.006689313 -0.013392067 0.0058779206
v 0.0062495745 -0.013389574 0.0057824007
v 0.0065898325 -0.013363891 0.0064576343
v 0.0061434624 -0.01335952 0.006400762
v 0.0065413092 -0.013336215 0.0070438404
v 0.0060917044 -0.013329998 0.0070260486
v 0.0065441127 -0.013309248 0.0076320777
v 0.0060946945 -0.013301234 0.0076535017
v 0.0065982214 -0.013283196 0.0082178692
v 0.00615241 -0.013273445 0.0082783459
v 0.0067032231 -0.013258257 0.0087967567
v 0.0062644124 -0.013246844 0.0088958259
v 0.0068583193 -0.013234622 0.0093643348
v 0.0064298479 -0.013221632 0.0095012424
v 0.0070623291 -0.013212469 0.0099162833
v 0.0066474589 -0.013198002 0.010089988
v 0.0073137004 -0.013191967 0.010448402
v 0.0069155879 -0.013176134 0.010657581
v 0.00761052 -0.013173273 0.010956641
v 0.0072321955 -0.013156194 0.011199702
v 0.0079505285 -0.013156529 0.011437132
v 0.0075948711 -0.013138333 0.011712226
v 0.0083311382 -0.013141862 0.011886219
v 0.008000855 -0.013122689 0.012191253
v 0.0087494532 -0.013129384 0.012300484
v 0.0084470577 -0.013109378 0.012633135
v 0.0092022892 -0.013119189 0.012676773
v 0.0089300828 -0.013098504 0.01303451
v 0.0096861999 -0.013111356 0.013012224
v 0.0094462543 -0.013090149 0.013392324
v 0.010197503 -0.013105944 0.013304283
v 0.0099916439 -0.013084376 0.013703853
v 0.010732306 -0.013102994 0.013550726
v 0.010562101 -0.01308123 0.013966727
v 0.01128654 -0.013102529 0.01374968
v 0.011153284 -0.013080734 0.014178944
v 0.011855987 -0.013104552 0.013899629
v 0.011760694 -0.013082891 0.014338891
v 0.012436312 -0.013109048 0.013999433
v 0.012379707 -0.013087687 0.014445348
v 0.013023099 -0.013115982 0.014048332
v 0.013005613 -0.013095083 0.014497506
v 0.013611882 -0.013125302 0.014045953
v 0.013633648 -0.013105025 0.014494969
v 0.01419818 -0.013136937 0.013992315
v 0.014259033 -0.013117435 0.014437755
v 0.014777532 -0.013150798 0.013887827
v 0.014877008 -0.01313222 0.0143263
v 0.015345527 -0.01316678 0.013733282
v 0.01548287 -0.013149268 0.014161453
v 0.015897843 -0.013184761 0.013529858
v 0.016072007 -0.013168448 0.013944467
v 0.016430278 -0.013204605 0.013279102
v 0.016639937 -0.013189614 0.013676994
v 0.016938777 -0.013226159 0.012982923
v 0.017182336 -0.013212606 0.01336107
v 0.017419472 -0.013249261 0.012643576
v 0.017695078 -0.013237248 0.0129991
v 0.017868704 -0.013273735 0.012263642
v 0.018174259 -0.013263353 0.012593837
v 0.018283054 -0.013299394 0.011846014
v 0.018616232 -0.013290722 0.012148366
v 0.018659369 -0.013326042 0.011393869
v 0.019017635 -0.013319148 0.011666079
v 0.018994785 -0.013353478 0.010910649
v 0.019375412 -0.013348412 0.011150644
v 0.019286749 -0.013381492 0.010400031
v 0.01968684 -0.013378294 0.010605985
v 0.019533039 -0.013409871 0.0098659019
v 0.019949549 -0.013408565 0.010036247
v 0.01973178 -0.013438399 0.009312326
v 0.02016154 -0.013438995 0.0094457664
v 0.019881461 -0.013466859 0.0087435168
v 0.020321199 -0.013469352 0.0088390367
v 0.019980941 -0.013495035 0.0081638032
v 0.020427311 -0.013499406 0.0082206755
v 0.020029465 -0.013522711 0.007577597
v 0.020479069 -0.013528928 0.0075953889
v 0.020026661 -0.013549678 0.0069893598
v 0.020476079 -0.013557693 0.0069679358
v 0.019972552 -0.01357573 0.0064035682
v 0.020418364 -0.013585481 0.0063430915
v 0.019867551 -0.013600669 0.0058246806
v 0.020306361 -0.013612083 0.0057256115
v 0.019712454 -0.013624305 0.0052571028
v 0.020140926 -0.013637294 0.0051201952
v 0.019508445 -0.013646458 0.0047051543
v 0.019923315 -0.013660924 0.0045314498
v 0.019257073 -0.013666959 0.0041730354
v 0.019655186 -0.013682792 0.0039638566
v 0.018960254 -0.013685653 0.0036647964
v 0.019338578 -0.013702732 0.0034217348
v 0.018620245 -0.013702397 0.0031843048
v 0.018975903 -0.013720593 0.0029092107
v 0.018239636 -0.013717064 0.0027352177
v 0.018569919 -0.013736238 0.0024301844
v 0.017821321 -0.013729542 0.0023209535
v 0.018123716 -0.013749548 0.0019883023
v 0.017368485 -0.013739737 0.0019446641
v 0.017640691 -0.013760422 0.0015869271
v 0.016884574 -0.01374757 0.0016092133
v 0.017124519 -0.013768777 0.0012291129
v 0.016373271 -0.013752982 0.0013171546
v 0.01657913 -0.01377455 0.00091758392
v 0.015838467 -0.013755932 0.0010707108
v 0.016008673 -0.013777696 0.00065471003
v 0.015284234 -0.013756397 0.00087175692
v 0.01541749 -0.013778193 0.00044249303
v 0.014714787 -0.013754374 0.00072180766
v 0.01481008 -0.013776035 0.00028254662
v 0.014134462 -0.013749878 0.0006220037
v 0.014191067 -0.013771239 0.00017608953
v 0.013547675 -0.013742944 0.00057310498
v 0.013565161 -0.013763843 0.00012393105
v 0.012958892 -0.013733624 0.00057548375
v 0.012937125 -0.013753902 0.00012646825
v 0.012372594 -0.013721989 0.00062912181
v 0.012311741 -0.013741491 0.00018368171
v 0.011793242 -0.013708128 0.00073361056
v 0.011693766 -0.013726706 0.00029513691
v 0.011225247 -0.013692146 0.00088815528
v 0.011087904 -0.013709658 0.00045998418
v 0.0081812039 -0.015141133 0.010095576
v 0.0081614541 -0.015112676 0.010063006
v 0.017149554 -0.014502926 0.011611801
v 0.017170219 -0.014557492 0.011587535
v 0.017465113 -0.015443696 0.0034804078
v 0.017478746 -0.015410254 0.0034930212
v 0.0175242 -0.01537804 0.0034705505
v 0.017499983 -0.015341586 0.003511818
v 0.017510286 -0.015294827 0.0035201683
v 0.017515959 -0.015258612 0.0035241284
v 0.017519916 -0.015220378 0.0035260804
v 0.017522392 -0.01517131 0.0035257145
v 0.017522084 -0.015135336 0.0035231
v 0.017520821 -0.015109465 0.0035200701
v 0.017517339 -0.015062725 0.0035095445
v 0.017509018 -0.015019356 0.0035013941
v 0.017499453 -0.014978677 0.0034883736
v 0.017157306 -0.01566996 0.0031871063
v 0.017191397 -0.015680231 0.0032070365
v 0.017216172 -0.015665892 0.0032401962
v 0.017253503 -0.015659057 0.0032776232
v 0.017308705 -0.015640313 0.0033060416
v 0.017329374 -0.015620302 0.0033501868
v 0.017356196 -0.015598797 0.0033760241
v 0.017398247 -0.015574826 0.0033815991
v 0.017406824 -0.015547185 0.0034216972
v 0.017433589 -0.015504278 0.0034505556
v 0.017448653 -0.015477654 0.0034649027
v 0.01712589 -0.014705825 0.0031002794
v 0.017160881 -0.01469654 0.0031316671
v 0.017116889 -0.014717005 0.0030636554
v 0.017096519 -0.014728175 0.0030358744
v 0.017052727 -0.01474196 0.0030372835
v 0.017031631 -0.01475694 0.0030197862
v 0.017002666 -0.014780791 0.0029995117
v 0.016988782 -0.014819123 0.0029446508
v 0.016969681 -0.014847816 0.0029212795
v 0.016922961 -0.014881307 0.0029352133
v 0.016904192 -0.014914991 0.0029217679
v 0.016887089 -0.014951529 0.0029099672
v 0.016872714 -0.014988653 0.002900503
v 0.016860428 -0.015027965 0.002892913
v 0.016850921 -0.015067166 0.0028875878
v 0.016843729 -0.015108078 0.0028842355
v 0.016839192 -0.015149077 0.0028830152
v 0.016837256 -0.015190216 0.0028838766
v 0.016837931 -0.015231437 0.0028868191
v 0.016841173 -0.015271887 0.0028917631
v 0.01684715 -0.015312841 0.0028989266
v 0.016855434 -0.015351555 0.002907827
v 0.016866536 -0.015390429 0.0029190385
v 0.016879648 -0.015426623 0.0029317758
v 0.016895706 -0.01546262 0.0029469796
v 0.016913445 -0.015495493 0.0029634909
v 0.0169337 -0.015526878 0.0029821369
v 0.01698092 -0.015558301 0.0029787547
v 0.017051468 -0.015626285 0.0030517904
v 0.01705259 -0.015636852 0.0030905522
v 0.017084448 -0.015646086 0.0030808473
v 0.016985858 -0.015587414 0.0030297201
v 0.017011654 -0.015609651 0.0030532033
v 0.017106857 -0.015657399 0.0031150012
v 0.017118383 -0.015663336 0.0031510149
v 0.017319443 -0.014720268 0.0032848433
v 0.017300674 -0.014706374 0.0032369325
v 0.017343282 -0.014734517 0.0033095647
v 0.017516774 -0.01493899 0.0034426788
v 0.017468857 -0.014894975 0.0034509197
v 0.01744136 -0.014839863 0.0034172736
v 0.017421903 -0.014808609 0.0033886156
v 0.01738138 -0.014765492 0.0033497347
v 0.017236932 -0.014694048 0.0032028444
v 0.017214852 -0.01469301 0.0031564077
v 0.018741682 -0.014785345 0.0056159803
v 0.018730751 -0.014830114 0.0055888044
v 0.018720211 -0.014895479 0.0055603956
v 0.018715053 -0.014933478 0.0055484417
v 0.01871061 -0.014974549 0.0055390089
v 0.018707346 -0.015014734 0.0055330493
v 0.018705055 -0.015056453 0.0055301306
v 0.018703871 -0.015097739 0.0055304421
v 0.018703765 -0.015138904 0.0055339171
v 0.018704751 -0.015180069 0.0055406166
v 0.018706759 -0.015219546 0.0055502034
v 0.01870992 -0.015259657 0.0055633303
v 0.01871394 -0.015296875 0.0055788515
v 0.018719154 -0.015334397 0.0055981549
v 0.018724984 -0.015368238 0.0056192
v 0.018893546 -0.014603998 0.0060806047
v 0.018883658 -0.014595317 0.0060382057
v 0.018852977 -0.014589725 0.005991198
v 0.018844543 -0.014589872 0.0059571881
v 0.01884387 -0.01458443 0.0059166277
v 0.018837591 -0.014602361 0.005872242
v 0.018835051 -0.014613485 0.0058291969
v 0.018820054 -0.014629115 0.0057923638
v 0.018820954 -0.014646728 0.0057551063
v 0.018803013 -0.014668586 0.0057249353
v 0.018768923 -0.014695969 0.0056952511
v 0.01875659 -0.014731706 0.0056581754
v 0.018749424 -0.014755889 0.0056375822
v 0.018871014 -0.015518432 0.0061861315
v 0.018916639 -0.015491432 0.0062281087
v 0.018891711 -0.015464495 0.0062669183
v 0.018897483 -0.015440774 0.0062930874
v 0.018904077 -0.015408383 0.0063231914
v 0.018908446 -0.015383196 0.0063431809
v 0.018949438 -0.015374247 0.0063440148
v 0.018914198 -0.015343695 0.0063693797
v 0.018917328 -0.015318675 0.0063834728
v 0.018919517 -0.015298993 0.0063931925
v 0.018921047 -0.015284019 0.0063998839
v 0.018923735 -0.01525452 0.0064113554
v 0.018927008 -0.015211422 0.0064245649
v 0.018929041 -0.015177991 0.0064319708
v 0.018931037 -0.015136073 0.0064380518
v 0.018932309 -0.015099011 0.0064405166
v 0.018933183 -0.015059134 0.0064401951
v 0.018933543 -0.015019879 0.0064368575
v 0.01893342 -0.014983176 0.0064309792
v 0.018932723 -0.01494204 0.006421078
v 0.018931702 -0.014908914 0.006410449
v 0.018929767 -0.014867534 0.0063934602
v 0.018927982 -0.014839189 0.0063793272
v 0.018972158 -0.014824368 0.0063627323
v 0.018923606 -0.01478986 0.0063488597
v 0.018919181 -0.014751188 0.0063187442
v 0.018912219 -0.014707939 0.0062763449
v 0.018949062 -0.014698808 0.0062549249
v 0.018899712 -0.014662285 0.0062178901
v 0.018891105 -0.014631734 0.0061627294
v 0.018905229 -0.014610214 0.0061211384
v 0.018732035 -0.01540201 0.0056442963
v 0.018738915 -0.015429703 0.0056686231
v 0.018781084 -0.015464062 0.00568696
v 0.018757604 -0.015487141 0.0057347794
v 0.018767514 -0.01551029 0.0057701752
v 0.018776964 -0.015528218 0.0058042952
v 0.018814281 -0.015544998 0.0058313962
v 0.018817872 -0.015555023 0.0058715287
v 0.018822749 -0.01556418 0.0059149459
v 0.018820555 -0.015568488 0.0059680055
v 0.018829158 -0.015568526 0.0060018301
v 0.01884768 -0.015574509 0.0060389767
v 0.01886746 -0.015557924 0.0060795926
v 0.018876259 -0.015546918 0.0061241171
v 0.018579199 -0.015219344 0.0095703105
v 0.018570361 -0.015183491 0.0095915045
v 0.018543402 -0.014947235 0.0096532942
v 0.018543387 -0.014905932 0.0096529352
v 0.018603894 -0.015149241 0.0096268911
v 0.018554133 -0.015099051 0.009627527
v 0.018547378 -0.015029271 0.0096447931
v 0.018544764 -0.014989004 0.00965052
v 0.018544692 -0.014864784 0.0096495077
v 0.018547341 -0.014823669 0.009642952
v 0.018551188 -0.014784273 0.009633597
v 0.018556483 -0.014744279 0.0096208046
v 0.018562742 -0.014707204 0.0096056902
v 0.018570499 -0.014669861 0.0095869001
v 0.018578905 -0.014636217 0.0095664183
v 0.018744427 -0.015404756 0.0091111199
v 0.018733715 -0.015413685 0.009155097
v 0.018714348 -0.015418371 0.0092048449
v 0.018703261 -0.015417955 0.0092380823
v 0.018699235 -0.015423332 0.0092784567
v 0.01867523 -0.015405241 0.0093190466
v 0.018684342 -0.015393949 0.0093649491
v 0.018641099 -0.015369188 0.0094102882
v 0.0186457 -0.015337871 0.0094664139
v 0.01861014 -0.015309524 0.0094933418
v 0.018595909 -0.01527342 0.0095293663
v 0.018587808 -0.015249027 0.0095493554
v 0.01877336 -0.01449073 0.0090129604
v 0.018821396 -0.014519025 0.0089746896
v 0.018798877 -0.014545306 0.0089340024
v 0.018806042 -0.014569206 0.0089083452
v 0.018814097 -0.0146018 0.0088788209
v 0.018819335 -0.014627119 0.0088592115
v 0.018860002 -0.014637197 0.0088616091
v 0.018826047 -0.014666793 0.008833506
v 0.018829588 -0.014691905 0.0088196769
v 0.018876229 -0.014709821 0.0088221731
v 0.018835631 -0.014747387 0.0087959614
v 0.01883952 -0.014799429 0.0087793609
v 0.018841208 -0.014832911 0.0087721022
v 0.01884252 -0.014874876 0.0087661521
v 0.01884296 -0.014911961 0.0087637551
v 0.018842705 -0.014951846 0.0087641011
v 0.018840116 -0.015027772 0.0087732239
v 0.018841716 -0.014991092 0.0087674138
v 0.018837503 -0.015068862 0.0087829941
v 0.018834731 -0.015101935 0.008793473
v 0.018830319 -0.015143228 0.0088102106
v 0.018826641 -0.015171497 0.0088241275
v 0.018868941 -0.015187514 0.0088441445
v 0.018818512 -0.015220654 0.0088541002
v 0.018810655 -0.015259156 0.0088837295
v 0.018799174 -0.015302149 0.008925399
v 0.018833943 -0.015312271 0.0089496529
v 0.018811795 -0.015337472 0.0089766738
v 0.018769645 -0.015367596 0.0090180784
v 0.018777248 -0.015399475 0.0090794614
v 0.018588846 -0.01460268 0.0095419945
v 0.018598388 -0.014575213 0.0095183173
v 0.018642807 -0.014542052 0.0095034068
v 0.018623825 -0.014518385 0.0094539072
v 0.018637135 -0.014495558 0.0094194301
v 0.018649742 -0.014477934 0.009386183
v 0.018689532 -0.014462221 0.0093621333
v 0.018696559 -0.014452343 0.009322421
v 0.018705101 -0.014443371 0.0092795348
v 0.018707227 -0.014439062 0.0092264726
v 0.018718473 -0.014439298 0.0091934335
v 0.01874003 -0.014433869 0.0091578729
v 0.018762491 -0.014451039 0.0091189285
v 0.018774473 -0.014462332 0.0090752263
v 0.016783032 -0.015263796 0.011951266
v 0.016763582 -0.015244893 0.011978667
v 0.016737102 -0.015230419 0.012004822
v 0.016706062 -0.015222577 0.011996687
v 0.016704379 -0.015209831 0.012035655
v 0.01666233 -0.015192122 0.012028154
v 0.016641623 -0.015174408 0.012042719
v 0.01661359 -0.015146554 0.012059258
v 0.016602351 -0.015105014 0.012116639
v 0.01655784 -0.015070497 0.012099029
v 0.016539055 -0.015036435 0.012110957
v 0.016517539 -0.014989932 0.012123585
v 0.016477515 -0.014800464 0.012144821
v 0.016476777 -0.014759224 0.012143861
v 0.016496199 -0.014922272 0.012136447
v 0.016487405 -0.01488305 0.012141044
v 0.016481072 -0.014842043 0.012143887
v 0.01648095 -0.014841012 0.012143933
v 0.016478803 -0.014718124 0.01214104
v 0.016483621 -0.014677151 0.012136336
v 0.016491028 -0.014637608 0.012129921
v 0.016501394 -0.014597805 0.012121468
v 0.016514031 -0.014560392 0.012111513
v 0.01652967 -0.014523252 0.012099454
v 0.01654688 -0.01448961 0.012086355
v 0.016547435 -0.014488621 0.012085935
v 0.016567374 -0.014456167 0.012070874
v 0.016590081 -0.014425133 0.012053783
v 0.016614349 -0.014397248 0.012035527
v 0.016662843 -0.014369544 0.012039193
v 0.016727903 -0.01431495 0.011949272
v 0.016751217 -0.014305606 0.011931285
v 0.016686849 -0.014348393 0.012018053
v 0.016697631 -0.014330404 0.011972405
v 0.016802308 -0.01429234 0.011889368
v 0.016780493 -0.014295979 0.011936911
v 0.016976006 -0.015242577 0.011781701
v 0.016953005 -0.015255938 0.011828182
v 0.017002138 -0.015228999 0.011758929
v 0.01714811 -0.015064773 0.011623902
v 0.017130354 -0.015097245 0.011641184
v 0.0171352 -0.015131793 0.011687369
v 0.017088784 -0.015157203 0.011686512
v 0.017043998 -0.01519923 0.011722077
v 0.016886568 -0.015266431 0.011856909
v 0.016860811 -0.015266666 0.011901544
v 0.016824685 -0.015263016 0.01193082
v 0.017212907 -0.014590952 0.011613411
v 0.017191074 -0.014627164 0.011570317
v 0.017200692 -0.014674291 0.011562775
v 0.017205591 -0.014710291 0.011559287
v 0.017207939 -0.014735782 0.011557868
v 0.017209508 -0.014766935 0.011557357
v 0.017209697 -0.014797749 0.011558139
v 0.017208517 -0.014828715 0.011560217
v 0.017205981 -0.014859343 0.011563565
v 0.017202858 -0.014884316 0.011567289
v 0.017196772 -0.014920007 0.011574129
v 0.017189105 -0.014953573 0.01158237
v 0.017182238 -0.014978216 0.011589564
v 0.017166966 -0.015018614 0.011606066
v 0.016873408 -0.01428791 0.011858487
v 0.016908753 -0.014291418 0.011829101
v 0.016947898 -0.014307792 0.011771806
v 0.017005945 -0.014326062 0.01175909
v 0.0170387 -0.014344047 0.011740744
v 0.01705981 -0.014366216 0.011712102
v 0.017085794 -0.014390677 0.01169233
v 0.017096715 -0.0144186 0.011653058
v 0.017124621 -0.014462473 0.011626267
v 0.014124003 -0.015077975 0.013076454
v 0.014097862 -0.015098757 0.013114138
v 0.014062754 -0.014237635 0.013050742
v 0.014107624 -0.014262105 0.01304337
v 0.014136032 -0.014282765 0.013040002
v 0.014166965 -0.014309392 0.013036344
v 0.014199688 -0.014343833 0.013032327
v 0.014232417 -0.014385016 0.013028856
v 0.014250335 -0.014412589 0.013026962
v 0.014268716 -0.014445824 0.013025169
v 0.014284829 -0.014481132 0.013023809
v 0.014295953 -0.014510751 0.013023068
v 0.014300026 -0.014523255 0.013022861
v 0.014306153 -0.014544521 0.01302265
v 0.014312369 -0.014571074 0.013022642
v 0.014319561 -0.014614242 0.013023158
v 0.014322485 -0.014646835 0.013024011
v 0.014323304 -0.014685052 0.0130255
v 0.014321291 -0.014723193 0.013027517
v 0.014317375 -0.014755461 0.013029638
v 0.014310854 -0.014789974 0.013032339
v 0.014304415 -0.01481522 0.013034618
v 0.014290642 -0.014857586 0.013038972
v 0.014278498 -0.01488693 0.01304244
v 0.014261336 -0.014921372 0.013046995
v 0.014236401 -0.014959556 0.013051705
v 0.014188894 -0.01502114 0.013063063
v 0.014155404 -0.015053013 0.013070478
v 0.013866929 -0.014184797 0.013088941
v 0.013933714 -0.014192494 0.013060637
v 0.013556269 -0.014301417 0.013103297
v 0.013592573 -0.014273124 0.013123937
v 0.01362667 -0.014248851 0.013093223
v 0.013661362 -0.014228159 0.013120482
v 0.013701239 -0.014213568 0.013107412
v 0.013743683 -0.014199761 0.013103436
v 0.013801718 -0.014191314 0.013077669
v 0.013991081 -0.0141951 0.01306638
v 0.01402916 -0.014219424 0.013076654
v 0.013493861 -0.014981376 0.013133149
v 0.013471297 -0.014949976 0.013132616
v 0.013458154 -0.014928774 0.013132129
v 0.013440171 -0.014894835 0.013131184
v 0.013425157 -0.014861129 0.013130109
v 0.013414846 -0.014832642 0.013129103
v 0.013409042 -0.014813879 0.013128403
v 0.013402772 -0.014789775 0.013127466
v 0.013395989 -0.014754741 0.013126034
v 0.013389486 -0.0146658 0.013122131
v 0.013391622 -0.014628336 0.013120376
v 0.013391122 -0.014715572 0.013124363
v 0.01338969 -0.014690542 0.013123254
v 0.013396758 -0.014587911 0.013118417
v 0.013400871 -0.014566622 0.01311735
v 0.013406795 -0.014542157 0.013116091
v 0.013417032 -0.014509054 0.01311432
v 0.01343149 -0.014471613 0.013112217
v 0.013447401 -0.01443881 0.013110241
v 0.013466471 -0.014405489 0.013108096
v 0.013496032 -0.014364011 0.013106384
v 0.01352797 -0.014327004 0.013102071
v 0.014020448 -0.015133879 0.013114784
v 0.013953392 -0.015153656 0.013100476
v 0.014060922 -0.015118241 0.013106484
v 0.01389959 -0.015171075 0.013119646
v 0.01385115 -0.01516275 0.013118349
v 0.013802288 -0.015160389 0.013120056
v 0.013766784 -0.015163211 0.013132984
v 0.013730915 -0.015143199 0.013145357
v 0.013689696 -0.0151293 0.013148355
v 0.013647668 -0.015110261 0.013151332
v 0.013614742 -0.015089206 0.013165432
v 0.01358202 -0.01506579 0.013157445
v 0.013545105 -0.01503914 0.013134147
v 0.013517088 -0.015009352 0.013133412
v 0.010642786 -0.015140699 0.012517423
v 0.010586181 -0.015134414 0.012507336
v 0.010546741 -0.015124131 0.012489028
v 0.010510585 -0.015110767 0.01247538
v 0.0105023 -0.015103315 0.012441036
v 0.010470929 -0.015092553 0.012451862
v 0.010442971 -0.015073044 0.012429985
v 0.010410454 -0.015050042 0.012415397
v 0.010390342 -0.015018435 0.01237361
v 0.010371358 -0.014996515 0.01236143
v 0.010352727 -0.014971349 0.012349168
v 0.010336069 -0.014945786 0.012337961
v 0.01030509 -0.014928581 0.012367797
v 0.010311831 -0.014899756 0.012321016
v 0.01029533 -0.014859724 0.012308903
v 0.010282827 -0.014820967 0.012299205
v 0.010274444 -0.014787359 0.012292253
v 0.010270264 -0.014765832 0.012288513
v 0.0102669 -0.014744075 0.012285254
v 0.010266031 -0.014737341 0.012284349
v 0.010262557 -0.014698475 0.012280068
v 0.010261696 -0.014655875 0.012277177
v 0.010263888 -0.014613263 0.012276154
v 0.010521569 -0.014194377 0.012427128
v 0.01055844 -0.014179668 0.012444488
v 0.01026961 -0.014567828 0.012277132
v 0.010277309 -0.014529349 0.012279693
v 0.010284022 -0.014503348 0.012282332
v 0.010263146 -0.014490722 0.012328094
v 0.010302194 -0.014449866 0.012290356
v 0.010319044 -0.014411615 0.012298348
v 0.010339487 -0.014373634 0.012308413
v 0.010337287 -0.014347488 0.012348936
v 0.010374819 -0.014321745 0.012326313
v 0.010390253 -0.014286626 0.012364689
v 0.010430859 -0.014261738 0.012355267
v 0.010452044 -0.014234252 0.012394195
v 0.010487806 -0.014212607 0.012407622
v 0.010592867 -0.014167229 0.012460335
v 0.010629367 -0.014166568 0.012457797
v 0.011073881 -0.014808465 0.012697966
v 0.011059208 -0.01484871 0.012694014
v 0.011042035 -0.014886333 0.012688835
v 0.011021738 -0.014922864 0.012682219
v 0.010690477 -0.015139868 0.012541285
v 0.010881179 -0.015071167 0.012629041
v 0.010835848 -0.015089288 0.012643565
v 0.010809654 -0.015105519 0.012620429
v 0.010921707 -0.015040738 0.012645042
v 0.010951676 -0.015012816 0.012656797
v 0.010998291 -0.014957986 0.012674095
v 0.010979539 -0.014981954 0.012667292
v 0.010773188 -0.015118167 0.012607778
v 0.010765814 -0.015126011 0.012577443
v 0.010736281 -0.015141527 0.012574521
v 0.010702525 -0.01513929 0.012567227
v 0.011088947 -0.014531682 0.012689663
v 0.011094604 -0.014564389 0.012693684
v 0.011097654 -0.014590279 0.01269628
v 0.011099328 -0.014614354 0.01269822
v 0.011099934 -0.014649695 0.012700314
v 0.011093577 -0.014723492 0.012701585
v 0.01109822 -0.014684864 0.012701456
v 0.011084802 -0.014769414 0.012700405
v 0.010677031 -0.014162243 0.012481846
v 0.010708383 -0.0141597 0.012518159
v 0.010743187 -0.014167742 0.012515185
v 0.010746424 -0.014170446 0.012548455
v 0.010785207 -0.014179077 0.012559148
v 0.010815576 -0.014191562 0.012580492
v 0.010852269 -0.014204336 0.012569145
v 0.010894645 -0.014229314 0.012590006
v 0.010913042 -0.01425211 0.012634156
v 0.010941235 -0.014266039 0.012612765
v 0.010963262 -0.014287593 0.012623603
v 0.010983188 -0.014309631 0.012633453
v 0.011002205 -0.014334035 0.012642934
v 0.011030046 -0.014376349 0.012657021
v 0.01104929 -0.014412831 0.012667029
v 0.011065704 -0.014451357 0.012675884
v 0.011078541 -0.014489741 0.012683197
v 0.0084455497 -0.01429381 0.010483641
v 0.0084629256 -0.01431587 0.010511857
v 0.0084771952 -0.014337329 0.010535008
v 0.0084930758 -0.014365671 0.01056081
v 0.0084819471 -0.014393382 0.01060648
v 0.0085259259 -0.014437861 0.010610444
v 0.0085382374 -0.014485919 0.010635503
v 0.0085438811 -0.014509359 0.010645261
v 0.0085509073 -0.014544584 0.010657776
v 0.0085560082 -0.014578114 0.010667372
v 0.0085592186 -0.014606471 0.01067389
v 0.0085604826 -0.014621026 0.010676685
v 0.0085616477 -0.014638155 0.010679512
v 0.0085627957 -0.014665829 0.010683032
v 0.0085629922 -0.014702374 0.010685802
v 0.008559645 -0.014766708 0.010685427
v 0.0085616511 -0.014738993 0.010686392
v 0.0085570921 -0.014791278 0.010683466
v 0.0085517225 -0.014829935 0.01067844
v 0.0085457228 -0.014862715 0.010672086
v 0.0085353347 -0.014906738 0.01066014
v 0.008524136 -0.014945737 0.010646594
v 0.0085128322 -0.014978379 0.010632345
v 0.0084975343 -0.015016675 0.010611345
v 0.0084501804 -0.015044981 0.010615265
v 0.0084703712 -0.015071016 0.010573587
v 0.0084444972 -0.015109427 0.010537013
v 0.0082040015 -0.014292646 0.010078371
v 0.0081848618 -0.014283597 0.0101143
v 0.0082351019 -0.014262445 0.010129451
v 0.0082510167 -0.014241967 0.010190361
v 0.0082916057 -0.014231692 0.010233823
v 0.0083187348 -0.014227039 0.010273677
v 0.0083480899 -0.014229745 0.010326269
v 0.0083882009 -0.014244794 0.010385634
v 0.0083932527 -0.014268375 0.010460496
v 0.0084344954 -0.014281644 0.010465656
v 0.0081508247 -0.015091192 0.010033816
v 0.0081400497 -0.015067645 0.010011056
v 0.0081288568 -0.015038218 0.0099867754
v 0.0081172812 -0.015001425 0.0099609238
v 0.0081076654 -0.014962218 0.0099385456
v 0.0081006101 -0.014926351 0.0099214532
v 0.0080944981 -0.014884527 0.0099057037
v 0.0080903244 -0.014845487 0.009894081
v 0.0080881802 -0.014815442 0.0098873083
v 0.0080869773 -0.014789065 0.0098827567
v 0.0080863704 -0.014760395 0.0098792555
v 0.008086472 -0.014731899 0.0098772339
v 0.0080872786 -0.014703133 0.0098766521
v 0.0080887818 -0.014674541 0.0098775249
v 0.0080908011 -0.01464813 0.0098796323
v 0.0080939195 -0.014617441 0.0098836661
v 0.0080993493 -0.014577563 0.0098917095
v 0.0081068014 -0.014534692 0.0099036004
v 0.0081149298 -0.014497989 0.0099172336
v 0.0081258328 -0.014457098 0.0099360024
v 0.008138624 -0.014418396 0.0099584545
v 0.0081507185 -0.014387371 0.0099798716
v 0.0081624433 -0.014358716 0.010007461
v 0.008181179 -0.014327624 0.010034092
v 0.0084063605 -0.01512949 0.010528826
v 0.0083982562 -0.01515939 0.010469579
v 0.0083690308 -0.015182037 0.010425532
v 0.0083549041 -0.015190138 0.010403176
v 0.0083410038 -0.01519642 0.010380812
v 0.0083205847 -0.015202885 0.010347346
v 0.0082940868 -0.015214346 0.010321384
v 0.0082637343 -0.0152044 0.010287117
v 0.008247636 -0.015196171 0.010219226
v 0.0082023385 -0.015179176 0.010181071
v 0.008183247 -0.015164004 0.010145288
v 0.012951767 -0.01577798 0.014920789
v 0.012337283 -0.013373094 0.014756383
v 0.012299782 -0.015770275 0.014866457
v 0.011692477 -0.013368098 0.01464549
v 0.011654976 -0.01576528 0.014755564
v 0.011059759 -0.013365851 0.014478879
v 0.011022258 -0.015763032 0.014588953
v 0.010443943 -0.013366368 0.01425782
v 0.010406442 -0.015763549 0.014367894
v 0.0098497171 -0.013369645 0.013983993
v 0.0098122161 -0.015766827 0.014094067
v 0.0092816029 -0.013375659 0.013659483
v 0.0092441019 -0.01577284 0.013769557
v 0.0087439241 -0.013384362 0.013286761
v 0.0087064231 -0.015781543 0.013396835
v 0.0082407729 -0.013395689 0.012868661
v 0.008203272 -0.01579287 0.012978735
v 0.0077759786 -0.013409554 0.012408368
v 0.0077384776 -0.015806735 0.012518441
v 0.0073530788 -0.013425851 0.011909382
v 0.0073155778 -0.015823032 0.012019456
v 0.0069752915 -0.013444455 0.011375503
v 0.0069377905 -0.015841637 0.011485576
v 0.0066454923 -0.013465226 0.010810793
v 0.0066079914 -0.015862408 0.010920867
v 0.0063661906 -0.013488006 0.01021955
v 0.0063286896 -0.015885187 0.010329624
v 0.006139513 -0.01351262 0.0096062736
v 0.0061020121 -0.015909801 0.0097163474
v 0.0059671842 -0.013538882 0.0089756313
v 0.0059296832 -0.015936063 0.0090857052
v 0.0058505153 -0.013566592 0.008332423
v 0.0058130143 -0.015963773 0.0084424968
v 0.0057903945 -0.013595538 0.0076815435
v 0.0057528936 -0.01599272 0.0077916174
v 0.00578728 -0.013625501 0.0070279465
v 0.0057497791 -0.016022683 0.0071380204
v 0.0058411943 -0.013656253 0.0063766064
v 0.0058036934 -0.016053434 0.0064866802
v 0.0059517283 -0.013687559 0.00573248
v 0.0059142273 -0.016084741 0.0058425539
v 0.0061180401 -0.013719182 0.0051004698
v 0.0060805391 -0.016116363 0.0052105437
v 0.0063388637 -0.01375088 0.0044853858
v 0.0063013627 -0.016148061 0.0045954596
v 0.0066125189 -0.013782412 0.0038919088
v 0.0065750179 -0.016179593 0.0040019826
v 0.0069369235 -0.013813539 0.0033245558
v 0.0068994225 -0.01621072 0.0034346297
v 0.0073096076 -0.013844023 0.0027876443
v 0.0072721066 -0.016241204 0.0028977182
v 0.0077277355 -0.013873632 0.0022852611
v 0.0076902345 -0.016270814 0.002395335
v 0.0081881245 -0.013902142 0.0018212293
v 0.0081506236 -0.016299323 0.0019313032
v 0.0086872714 -0.013929335 0.0013990809
v 0.0086497705 -0.016326516 0.0015091547
v 0.009221377 -0.013955004 0.001022028
v 0.009183876 -0.016352185 0.0011321018
v 0.0097863765 -0.013978953 0.00069294077
v 0.0097488755 -0.016376135 0.00080301462
v 0.01037797 -0.014001002 0.00041432304
v 0.010340469 -0.016398183 0.00052439689
v 0.010991655 -0.014020981 0.00018829631
v 0.010954154 -0.016418162 0.00029837015
v 0.011622761 -0.014038739 1.6580219e-05
v 0.01158526 -0.01643592 0.00012665406
v 0.012266484 -0.01405414 -9.9518658e-05
v 0.012228983 -0.016451321 1.0555187e-05
v 0.012917927 -0.014067067 -0.0001591165
v 0.012880426 -0.016464249 -4.9042653e-05
v 0.013572131 -0.014077423 -0.00016175916
v 0.01353463 -0.016474604 -5.1685314e-05
v 0.014224116 -0.014085128 -0.00010742767
v 0.014186615 -0.016482309 2.6461781e-06
v 0.014868922 -0.014090123 3.4656236e-06
v 0.014831421 -0.016487304 0.00011353947
v 0.01550164 -0.014092371 0.00017007617
v 0.015464139 -0.016489552 0.00028015002
v 0.016117455 -0.014091854 0.00039113574
v 0.016079954 -0.016489035 0.00050120959
v 0.016711681 -0.014088576 0.00066496222
v 0.016674181 -0.016485757 0.00077503606
v 0.017279796 -0.014082563 0.00098947218
v 0.017242295 -0.016479744 0.001099546
v 0.017817474 -0.014073859 0.0013621949
v 0.017779973 -0.016471041 0.0014722687
v 0.018320626 -0.014062532 0.0017802943
v 0.018283125 -0.016459713 0.0018903682
v 0.01878542 -0.014048667 0.0022405881
v 0.018747919 -0.016445849 0.0023506619
v 0.01920832 -0.014032371 0.0027395736
v 0.019170819 -0.016429552 0.0028496475
v 0.019586107 -0.014013766 0.003273453
v 0.019548606 -0.016410947 0.0033835268
v 0.019915906 -0.013992995 0.0038381633
v 0.019878405 -0.016390176 0.0039482371
v 0.020195208 -0.013970216 0.0044294063
v 0.020157707 -0.016367397 0.0045394801
v 0.020421885 -0.013945601 0.0050426825
v 0.020384385 -0.016342783 0.0051527564
v 0.020594214 -0.013919339 0.0056733245
v 0.020556713 -0.016316521 0.0057833984
v 0.020710883 -0.01389163 0.0063165329
v 0.020673382 -0.016288811 0.0064266067
v 0.020771004 -0.013862683 0.0069674124
v 0.020733503 -0.016259864 0.0070774863
v 0.020774118 -0.01383272 0.0076210094
v 0.020736618 -0.016229901 0.0077310832
v 0.020720204 -0.013801968 0.0082723496
v 0.020682703 -0.016199149 0.0083824234
v 0.02060967 -0.013770662 0.0089164758
v 0.020572169 -0.016167843 0.0090265497
v 0.020443358 -0.01373904 0.009548486
v 0.020405858 -0.016136221 0.0096585598
v 0.020222535 -0.013707342 0.01016357
v 0.020185034 -0.016104523 0.010273644
v 0.01994888 -0.013675809 0.010757047
v 0.019911379 -0.016072991 0.010867121
v 0.019624475 -0.013644683 0.0113244
v 0.019586974 -0.016041864 0.011434474
v 0.019251791 -0.013614199 0.011861311
v 0.01921429 -0.01601138 0.011971385
v 0.018833663 -0.013584589 0.012363694
v 0.018796162 -0.01598177 0.012473768
v 0.018373274 -0.013556079 0.012827726
v 0.018335773 -0.015953261 0.0129378
v 0.017874127 -0.013528887 0.013249875
v 0.017836626 -0.015926068 0.013359949
v 0.017340022 -0.013503218 0.013626928
v 0.017302521 -0.015900399 0.013737001
v 0.016775022 -0.013479268 0.013956015
v 0.016737521 -0.015876449 0.014066089
v 0.016183429 -0.01345722 0.014234633
v 0.016145928 -0.015854401 0.014344706
v 0.015569744 -0.013437241 0.014460659
v 0.015532243 -0.015834422 0.014570733
v 0.014938638 -0.013419483 0.014632375
v 0.014901137 -0.015816664 0.014742449
v 0.014294914 -0.013404082 0.014748474
v 0.014257413 -0.015801263 0.014858548
v 0.013643472 -0.013391154 0.014808072
v 0.013605971 -0.015788335 0.014918146
v 0.012989268 -0.013380798 0.014810715
v 0.010626054 -0.016670642 0.0012291716
v 0.010225818 -0.014114569 0.013374802
v 0.010209293 -0.014120456 0.013310916
v 0.0075881829 -0.014248284 0.010991321
v 0.0076014541 -0.014231606 0.010932552
v 0.0075421805 -0.014213362 0.010922054
v 0.0075646297 -0.014204074 0.010863326
v 0.0075017166 -0.014195375 0.010850479
v 0.00747418 -0.014190675 0.010808741
v 0.0074325788 -0.014193568 0.010738128
v 0.0074114564 -0.014200059 0.010701873
v 0.0074108994 -0.014200278 0.010700912
v 0.0073897763 -0.014210482 0.010664379
v 0.007454321 -0.014190453 0.010775163
v 0.0073698397 -0.014223702 0.010629656
v 0.0073840243 -0.014242472 0.010578137
v 0.007331391 -0.014260497 0.010562097
v 0.0073130111 -0.014284361 0.010529579
v 0.0077070512 -0.014804302 0.011214852
v 0.0077401878 -0.014754602 0.011204024
v 0.0079036523 -0.016153005 0.011574725
v 0.0076648746 -0.015021786 0.01108551
v 0.0076094413 -0.015050749 0.011086517
v 0.0076432101 -0.014992771 0.011134838
v 0.0076599616 -0.014959355 0.011156381
v 0.0076745392 -0.014922838 0.011175446
v 0.0077126054 -0.014880776 0.011177554
v 0.0076986596 -0.0148437 0.011205363
v 0.0077180257 -0.014727066 0.011225433
v 0.0077199075 -0.014702157 0.01122644
v 0.007721392 -0.014664199 0.01122598
v 0.0077205275 -0.014614185 0.01122131
v 0.007717458 -0.014570785 0.011213907
v 0.0077113576 -0.014525418 0.011201964
v 0.0077283596 -0.014494564 0.011172813
v 0.007696075 -0.014453608 0.011174767
v 0.0076825433 -0.014410318 0.011151892
v 0.0076690293 -0.014375135 0.011129449
v 0.0076528064 -0.0143419 0.011104136
v 0.0076698954 -0.014319201 0.011054766
v 0.0076213985 -0.014289216 0.011051616
v 0.0076077007 -0.014271363 0.011029317
v 0.0072999782 -0.015093207 0.010566005
v 0.0073559669 -0.01511658 0.010576006
v 0.0072668242 -0.016188444 0.010585995
v 0.0073387499 -0.01513417 0.010640559
v 0.0073607063 -0.015149824 0.010681805
v 0.0074213361 -0.0151585 0.01068261
v 0.007394792 -0.015164469 0.010743464
v 0.0074225985 -0.015169129 0.010792024
v 0.0075636438 -0.01616975 0.011094233
v 0.0074406547 -0.015168976 0.010822884
v 0.0074623154 -0.015165696 0.010859197
v 0.0074826783 -0.015159577 0.010892646
v 0.0075479999 -0.015152051 0.010900456
v 0.0075270645 -0.015134777 0.010968148
v 0.0075655244 -0.01510367 0.01102214
v 0.007580571 -0.015087711 0.011044548
v 0.007595205 -0.015070071 0.011065991
v 0.0072955623 -0.014319114 0.010493046
v 0.0073145792 -0.014341481 0.010450843
v 0.0072669475 -0.014369506 0.010447949
v 0.0072932741 -0.014372023 0.010424216
v 0.007279635 -0.014406843 0.010407528
v 0.0072395633 -0.014448793 0.01040017
v 0.0072305655 -0.014483394 0.010384897
v 0.0072218775 -0.014525136 0.010370676
v 0.0072155904 -0.014562918 0.010360909
v 0.0072123129 -0.01458775 0.010356193
v 0.0072361144 -0.01460954 0.010339564
v 0.007206381 -0.014658169 0.010349603
v 0.0070154529 -0.016208945 0.010053876
v 0.0072050203 -0.014696932 0.010349845
v 0.0072051045 -0.01473254 0.010352788
v 0.0072353799 -0.014741532 0.010341828
v 0.0072071248 -0.014781343 0.010360695
v 0.0072089538 -0.01480485 0.010366237
v 0.0072412907 -0.014826834 0.010359402
v 0.0072176379 -0.014872476 0.010389029
v 0.0072240026 -0.014906555 0.010404442
v 0.0072334295 -0.014945461 0.010426225
v 0.0072666817 -0.014978017 0.010436723
v 0.0072495027 -0.014996274 0.010461817
v 0.0072932021 -0.015012696 0.010458007
v 0.0072713727 -0.015046342 0.010508061
v 0.007284324 -0.015069801 0.010534629
v 0.010681061 -0.014653666 0.01361082
v 0.010683489 -0.014627612 0.01361046
v 0.01068543 -0.016099471 0.013688319
v 0.010132409 -0.015085683 0.013377481
v 0.0101747 -0.015091476 0.013399692
v 0.010150627 -0.016102421 0.013441875
v 0.010232458 -0.015094428 0.013375994
v 0.010246283 -0.015091554 0.013435914
v 0.010283085 -0.015087018 0.013453888
v 0.010322075 -0.015078576 0.013473437
v 0.010352552 -0.015069322 0.013486556
v 0.010389937 -0.015065543 0.013447967
v 0.01040941 -0.015045375 0.013512062
v 0.010455103 -0.015032041 0.013486365
v 0.010469069 -0.01500993 0.013537608
v 0.010501311 -0.014985539 0.013550856
v 0.010528516 -0.014961066 0.013561662
v 0.010575022 -0.014925488 0.013547381
v 0.010595557 -0.014881667 0.013586711
v 0.010626034 -0.014854926 0.013565987
v 0.010635143 -0.014812618 0.01359995
v 0.010650393 -0.014777292 0.013604517
v 0.010658245 -0.014755459 0.013606661
v 0.010665915 -0.014730375 0.013608548
v 0.010672269 -0.014705047 0.013609865
v 0.01067641 -0.014684477 0.013610506
v 0.010684581 -0.014601311 0.013609534
v 0.01068431 -0.014574967 0.013608042
v 0.010682681 -0.014548781 0.013605996
v 0.010678981 -0.014517975 0.013602848
v 0.010689008 -0.014515094 0.013571821
v 0.010669573 -0.01447084 0.013596463
v 0.010662856 -0.014446639 0.013592389
v 0.010668903 -0.014431534 0.013557317
v 0.010639031 -0.014384332 0.013579095
v 0.010623137 -0.014352596 0.013570681
v 0.010604038 -0.014321148 0.01356085
v 0.010581549 -0.014289462 0.01354947
v 0.010574177 -0.014280231 0.013545777
v 0.010565798 -0.014270284 0.013541595
v 0.010539676 -0.014242687 0.013528641
v 0.010534942 -0.014226329 0.013475865
v 0.010481658 -0.014194355 0.013500081
v 0.010452457 -0.014175376 0.013485741
v 0.010432822 -0.014164407 0.013476093
v 0.010437515 -0.014159857 0.013423367
v 0.010371595 -0.014137992 0.013442109
v 0.010311692 -0.014122077 0.013416184
v 0.010275236 -0.014116641 0.013397969
v 0.0097984881 -0.01446215 0.013156321
v 0.0098059617 -0.014479146 0.013128543
v 0.0098215342 -0.014398669 0.013166563
v 0.0098089435 -0.014429883 0.013160791
v 0.0099255665 -0.014244624 0.013218671
v 0.0099334532 -0.014256676 0.01317784
v 0.01014756 -0.014123218 0.013333336
v 0.010116252 -0.0141309 0.013317295
v 0.010082271 -0.014142422 0.013299314
v 0.010044718 -0.014158657 0.013280406
v 0.010006377 -0.014179943 0.013262796
v 0.0099976287 -0.014203414 0.013205256
v 0.0099503332 -0.014221682 0.013231475
v 0.0098913092 -0.014282956 0.01320109
v 0.0098868103 -0.014321165 0.013158388
v 0.0098512457 -0.01434085 0.013180922
v 0.0098553188 -0.014357629 0.013146491
v 0.0097770755 -0.014585586 0.013150271
v 0.0097762558 -0.014608335 0.013151035
v 0.0096393237 -0.016107833 0.013149816
v 0.0097763809 -0.014631153 0.013152374
v 0.0097774645 -0.014654039 0.013154295
v 0.0097833494 -0.014529021 0.013150924
v 0.0097788335 -0.014562906 0.013150076
v 0.0097809916 -0.014688031 0.013158304
v 0.0097863656 -0.014721403 0.013163385
v 0.0098074381 -0.014739419 0.013139758
v 0.0098001711 -0.014775401 0.013174645
v 0.0098110122 -0.014806947 0.013182854
v 0.0098180407 -0.014824199 0.013187982
v 0.0098471911 -0.014856372 0.013176097
v 0.0098538367 -0.014892162 0.013212813
v 0.009894103 -0.014926251 0.013202649
v 0.0099086561 -0.014962551 0.013248387
v 0.0099505331 -0.014985219 0.013227779
v 0.0099621202 -0.015010172 0.013281119
v 0.009995009 -0.015032566 0.013300769
v 0.010021642 -0.015047393 0.013316202
v 0.010049492 -0.015060564 0.013332063
v 0.010088702 -0.01507273 0.013352607
v 0.014151304 -0.016133413 0.014129908
v 0.014167798 -0.015079086 0.014081495
v 0.014730656 -0.016147274 0.014025419
v 0.014200075 -0.015064008 0.014076347
v 0.014229353 -0.015044702 0.014024984
v 0.014271559 -0.015019755 0.014061473
v 0.014309997 -0.014987707 0.014056553
v 0.014337943 -0.01495995 0.01405087
v 0.014369373 -0.014921576 0.014043856
v 0.014384277 -0.014891735 0.014002329
v 0.014410451 -0.014856691 0.014034731
v 0.014431342 -0.014813175 0.014028694
v 0.014437933 -0.014774296 0.01399238
v 0.014455486 -0.014733534 0.014020955
v 0.014464208 -0.014677145 0.01401695
v 0.014466069 -0.014641846 0.014015092
v 0.014465308 -0.01460639 0.014013702
v 0.014460591 -0.014562329 0.014012657
v 0.014449589 -0.014555489 0.013979316
v 0.014448609 -0.014506044 0.01401238
v 0.014436549 -0.014468506 0.0140129
v 0.014416552 -0.014432227 0.013991213
v 0.014407641 -0.014404515 0.01401517
v 0.014398573 -0.014388496 0.014016029
v 0.01438965 -0.014373984 0.014016915
v 0.014372121 -0.014348398 0.014018744
v 0.014330207 -0.01429893 0.014025327
v 0.014298491 -0.014267987 0.014027066
v 0.014278944 -0.014260963 0.013983732
v 0.014254235 -0.014233069 0.01403304
v 0.01417886 -0.014189942 0.014041055
v 0.014212667 -0.014207298 0.014037123
v 0.013565006 -0.016121778 0.014183546
v 0.013611688 -0.014983093 0.014129798
v 0.013652083 -0.015017649 0.014124705
v 0.013708573 -0.015053312 0.014127136
v 0.013740555 -0.01507431 0.014077042
v 0.013793562 -0.015090803 0.01412403
v 0.013863262 -0.015110113 0.01411745
v 0.01389595 -0.015115541 0.01411465
v 0.013911997 -0.015117419 0.014113181
v 0.01395219 -0.015119452 0.014105448
v 0.013996945 -0.015119152 0.014104389
v 0.014014809 -0.015117761 0.014102324
v 0.014046618 -0.015113692 0.014098455
v 0.014111919 -0.015099391 0.014090065
v 0.013454172 -0.014621274 0.014119815
v 0.013454375 -0.01464417 0.014120851
v 0.012976223 -0.016112458 0.014185924
v 0.013557829 -0.014332948 0.014103016
v 0.013535724 -0.014363025 0.014105301
v 0.013523313 -0.014382419 0.014106665
v 0.013510162 -0.014405527 0.014108202
v 0.013502794 -0.014410698 0.014078339
v 0.013487827 -0.014453913 0.014111173
v 0.013476167 -0.014486164 0.014113015
v 0.013467079 -0.014519478 0.014114808
v 0.013459061 -0.014535554 0.01408905
v 0.013456083 -0.014587128 0.014118208
v 0.013455702 -0.014667167 0.014121858
v 0.013458153 -0.014690071 0.014122828
v 0.013463999 -0.014723861 0.01412419
v 0.013471629 -0.014752905 0.014092505
v 0.013482605 -0.014789637 0.014126587
v 0.013495361 -0.014821623 0.014127605
v 0.013502543 -0.014835264 0.014098336
v 0.013520653 -0.014870448 0.01412888
v 0.013545563 -0.014908336 0.014100673
v 0.013577263 -0.014947957 0.014129936
v 0.014114849 -0.01416521 0.01404493
v 0.014069056 -0.014152967 0.014053463
v 0.014032012 -0.014146462 0.014057118
v 0.013990782 -0.014142211 0.014061872
v 0.013964233 -0.014144588 0.014010131
v 0.01393207 -0.014143983 0.014065511
v 0.013884908 -0.014146551 0.014072609
v 0.013871958 -0.014148577 0.014073873
v 0.013838097 -0.014155499 0.014077132
v 0.013794929 -0.014167764 0.014081196
v 0.013757675 -0.014182577 0.014043569
v 0.013698327 -0.01421222 0.014093637
v 0.013647826 -0.014246904 0.014049097
v 0.01360809 -0.014279138 0.014097471
v 0.013579765 -0.014304891 0.014062546
v 0.017843844 -0.014598711 0.012328303
v 0.017837693 -0.01457741 0.012333308
v 0.017828331 -0.014549773 0.012341043
v 0.017811007 -0.014507464 0.012355551
v 0.017796346 -0.014478035 0.012367935
v 0.017753895 -0.014450797 0.012356466
v 0.017755992 -0.014414774 0.012402165
v 0.017734852 -0.014388787 0.012420083
v 0.017730987 -0.014384443 0.012423355
v 0.017711554 -0.014364274 0.012439774
v 0.017682013 -0.014338336 0.012464624
v 0.017647237 -0.014315739 0.012489217
v 0.017597126 -0.014288167 0.012534986
v 0.017519635 -0.014265789 0.012598223
v 0.017487811 -0.01426253 0.012623763
v 0.017548103 -0.014271452 0.012575199
v 0.017458337 -0.014262457 0.012647219
v 0.017850806 -0.014897834 0.012331258
v 0.01785895 -0.014853131 0.012322285
v 0.018236178 -0.01629587 0.011983606
v 0.017839643 -0.01494043 0.012342935
v 0.017821828 -0.016270211 0.012401235
v 0.017863376 -0.014813176 0.012316909
v 0.017846804 -0.014774296 0.01229628
v 0.017864633 -0.014732989 0.012313225
v 0.017861491 -0.014692817 0.012314893
v 0.017854735 -0.014647011 0.012319736
v 0.017847738 -0.014613975 0.012325183
v 0.017422852 -0.015234777 0.012707364
v 0.017459536 -0.015240238 0.012679027
v 0.017372596 -0.016245738 0.012781168
v 0.017472501 -0.015241175 0.0126687
v 0.017507002 -0.015237234 0.012639187
v 0.017568294 -0.015231651 0.012590214
v 0.017760692 -0.015098877 0.012419816
v 0.017772435 -0.015082668 0.012408749
v 0.017569456 -0.015221697 0.012521368
v 0.017632104 -0.015207598 0.012535076
v 0.017663825 -0.015189663 0.012507928
v 0.017695535 -0.015166357 0.01248185
v 0.017692287 -0.015146249 0.012425071
v 0.017740847 -0.015122934 0.012438297
v 0.017787527 -0.015059162 0.01239437
v 0.017790048 -0.015022877 0.01235548
v 0.017826242 -0.014979673 0.012356525
v 0.017392421 -0.014268747 0.01263585
v 0.017395562 -0.014270996 0.012696617
v 0.01735437 -0.014283323 0.01272827
v 0.017314949 -0.014300845 0.012758981
v 0.017284066 -0.014318596 0.012782595
v 0.017254312 -0.014339589 0.012805228
v 0.017231762 -0.014358314 0.012822321
v 0.017205978 -0.014383512 0.012841239
v 0.017158416 -0.014416776 0.012832459
v 0.017157746 -0.014444439 0.012877518
v 0.01706244 -0.014644857 0.01291576
v 0.017075542 -0.014668737 0.012943319
v 0.017073267 -0.014689643 0.012945613
v 0.017071407 -0.014721411 0.012948004
v 0.017134647 -0.014482734 0.012895872
v 0.017112872 -0.014484638 0.012871278
v 0.017116587 -0.014519931 0.012909768
v 0.017105067 -0.014548138 0.012918751
v 0.017099576 -0.01456372 0.012923095
v 0.017092212 -0.014587384 0.012929007
v 0.017084644 -0.014617496 0.012935272
v 0.017054329 -0.014732867 0.012921073
v 0.016891901 -0.016222636 0.013120516
v 0.017072808 -0.014784789 0.012949277
v 0.017076026 -0.014816177 0.012948177
v 0.017081168 -0.014847334 0.012945743
v 0.01709442 -0.014901079 0.012939237
v 0.017106321 -0.014938067 0.012931559
v 0.017124383 -0.01498098 0.012920477
v 0.017140312 -0.01501217 0.012910395
v 0.017146589 -0.015023191 0.012906357
v 0.017165034 -0.015052333 0.012894313
v 0.017168153 -0.015086041 0.01285105
v 0.017207243 -0.015106431 0.012865369
v 0.017235669 -0.015135088 0.012846294
v 0.017248029 -0.015146164 0.012837626
v 0.017270912 -0.015164522 0.01282138
v 0.017308668 -0.015189681 0.012793177
v 0.017348159 -0.015210389 0.012764872
v 0.017372781 -0.015220516 0.012746344
v 0.01738855 -0.015225873 0.012734338
v 0.019834585 -0.016463336 0.0088811091
v 0.019684904 -0.016434876 0.0094499183
v 0.019702229 -0.015399892 0.0093987349
v 0.019668967 -0.015386781 0.0093445235
v 0.019723362 -0.015368795 0.0093175687
v 0.019737596 -0.015348413 0.009281236
v 0.019741877 -0.015339132 0.0092665151
v 0.01974924 -0.015321113 0.0092409277
v 0.019758944 -0.015292968 0.0092067055
v 0.019766208 -0.01526768 0.0091807034
v 0.01977354 -0.015237479 0.0091541357
v 0.019780271 -0.015204197 0.0091294704
v 0.01975035 -0.015163823 0.0090989397
v 0.019788645 -0.015127316 0.0090852031
v 0.019796923 -0.015075841 0.0090676682
v 0.019799816 -0.015035849 0.0090569994
v 0.019801922 -0.014992332 0.0090494243
v 0.019802928 -0.014953502 0.0090460762
v 0.019803138 -0.014914421 0.0090458542
v 0.019802398 -0.014870241 0.0090494274
v 0.019800756 -0.014829163 0.0090564402
v 0.019798978 -0.014799241 0.0090637724
v 0.019796739 -0.014770749 0.0090728001
v 0.019792304 -0.014727002 0.009090328
v 0.019788191 -0.014695391 0.0091062544
v 0.019749899 -0.014664315 0.0091180639
v 0.019776214 -0.014627261 0.0091513432
v 0.019769798 -0.014599564 0.0091748421
v 0.019768222 -0.014593418 0.0091805518
v 0.019721611 -0.014565865 0.0091944875
v 0.019720466 -0.014542093 0.0092297847
v 0.019737973 -0.014515582 0.0092743927
v 0.019486163 -0.016406347 0.010003494
v 0.019484537 -0.015196848 0.0099167888
v 0.019522575 -0.01523587 0.0099050313
v 0.019534506 -0.01527061 0.0098752686
v 0.019508113 -0.015291744 0.0098374794
v 0.019562908 -0.015335028 0.0097967514
v 0.019583179 -0.015366169 0.0097486611
v 0.019596753 -0.015388349 0.0096974021
v 0.019623464 -0.015406973 0.0096371842
v 0.019636722 -0.015414034 0.0095990524
v 0.019650724 -0.015418085 0.0095579472
v 0.019663313 -0.015418654 0.0095202309
v 0.019681661 -0.015414531 0.009468454
v 0.019507924 -0.014655131 0.0099285528
v 0.019500568 -0.014698187 0.0099549701
v 0.019494221 -0.014746555 0.0099784909
v 0.019484745 -0.014800585 0.0099937117
v 0.019483196 -0.014816465 0.0099975296
v 0.019481685 -0.014834797 0.010001272
v 0.019479857 -0.014864674 0.010005866
v 0.019478578 -0.01490416 0.010009242
v 0.019478619 -0.014943946 0.010009502
v 0.019239873 -0.016377968 0.010537623
v 0.019479525 -0.014974569 0.010007627
v 0.019455238 -0.014992838 0.0099920562
v 0.019486071 -0.015057372 0.0099915907
v 0.019494058 -0.015114966 0.0099740821
v 0.019501473 -0.015153989 0.00995642
v 0.019726162 -0.014487333 0.0093254011
v 0.019716717 -0.014473754 0.0093562085
v 0.019703741 -0.01445924 0.0093976669
v 0.01969229 -0.014449982 0.0094334629
v 0.01967871 -0.014442783 0.0094750252
v 0.019666066 -0.014439456 0.0095129138
v 0.01964315 -0.014442048 0.0095751384
v 0.019624711 -0.014448868 0.0096319603
v 0.019610738 -0.014458724 0.0096706683
v 0.019597188 -0.014471528 0.009707546
v 0.01958314 -0.014488342 0.0097451322
v 0.019570644 -0.01450655 0.0097780488
v 0.019556324 -0.01453576 0.009822676
v 0.019532783 -0.014584943 0.0098750802
v 0.019483626 -0.014622459 0.0098877103
v 0.0198522 -0.01463568 0.0058759422
v 0.01981441 -0.014647809 0.0059273419
v 0.019865988 -0.014667259 0.0059584902
v 0.019876739 -0.014687988 0.0059958116
v 0.019879585 -0.014697366 0.0060108146
v 0.019884404 -0.014715554 0.006036884
v 0.019890593 -0.014743919 0.0060717351
v 0.01989508 -0.014769369 0.0060982022
v 0.019899453 -0.014799732 0.0061252331
v 0.019903293 -0.01483316 0.0061503167
v 0.01986995 -0.01487266 0.006178344
v 0.019908931 -0.014904951 0.0061910735
v 0.019882234 -0.01491177 0.0062049305
v 0.01991146 -0.01496186 0.0062131012
v 0.019912396 -0.015001904 0.0062239215
v 0.019912695 -0.015045455 0.0062315918
v 0.019925676 -0.016572207 0.0065411605
v 0.019912362 -0.015084294 0.0062349664
v 0.019911475 -0.015123365 0.0062351616
v 0.0199098 -0.015167513 0.0062314929
v 0.019907584 -0.015208537 0.0062243275
v 0.019905565 -0.015238407 0.006216845
v 0.019903261 -0.015266835 0.0062076374
v 0.019899018 -0.015310463 0.0061897662
v 0.019895305 -0.015341965 0.0061735301
v 0.019857223 -0.015371985 0.0061586982
v 0.019885052 -0.015409788 0.0061275616
v 0.01987975 -0.015437323 0.006103599
v 0.019878462 -0.015443429 0.006097776
v 0.019873699 -0.015464276 0.0060762981
v 0.019865594 -0.015494331 0.0060399896
v 0.019853584 -0.015520503 0.0060017536
v 0.019701106 -0.014823648 0.0053355215
v 0.019708649 -0.014795233 0.005356856
v 0.019722068 -0.014747536 0.0054044633
v 0.019739071 -0.014708204 0.0054485845
v 0.019749098 -0.014686834 0.0054807147
v 0.019760283 -0.014666486 0.0055176678
v 0.019770373 -0.014644633 0.0055698629
v 0.019792746 -0.014626687 0.0056320234
v 0.019803139 -0.014619954 0.005671091
v 0.019813957 -0.014616246 0.0057131782
v 0.019823538 -0.014615983 0.0057517719
v 0.019837617 -0.014620555 0.005804832
v 0.019665578 -0.016620781 0.0053946951
v 0.01968371 -0.015380784 0.005333801
v 0.019461568 -0.016642934 0.0048427466
v 0.019650752 -0.01537371 0.0053331172
v 0.019653521 -0.01533528 0.0053133081
v 0.01967269 -0.015283659 0.0052808514
v 0.019665942 -0.015229404 0.0052649887
v 0.019665138 -0.015213492 0.0052610776
v 0.019664435 -0.015195129 0.0052572472
v 0.019663801 -0.015165218 0.0052525564
v 0.019663883 -0.015125715 0.0052491327
v 0.019665042 -0.015085947 0.0052489202
v 0.019666643 -0.015055358 0.0052508947
v 0.019668563 -0.015028962 0.0052542303
v 0.019674185 -0.014972749 0.0052674882
v 0.01968235 -0.014915379 0.0052856361
v 0.019689421 -0.014876557 0.0053038714
v 0.019845065 -0.015548471 0.0059499406
v 0.019837712 -0.015561818 0.0059184686
v 0.019820674 -0.016597145 0.0059622729
v 0.019827656 -0.015576014 0.0058760987
v 0.019818817 -0.015584991 0.0058394997
v 0.019808371 -0.015591858 0.0057969868
v 0.019798672 -0.015594876 0.0057582139
v 0.019780824 -0.01559172 0.0056943767
v 0.019767128 -0.015584455 0.0056362829
v 0.019756534 -0.01557426 0.0055966027
v 0.019698346 -0.015559227 0.0055702495
v 0.019734585 -0.015539629 0.0055103411
v 0.01971613 -0.015501035 0.005449685
v 0.019664572 -0.015469591 0.0054287797
v 0.019700399 -0.01544093 0.0053794363
v 0.017785834 -0.014743603 0.0024208973
v 0.017856623 -0.014738574 0.0024142221
v 0.017884259 -0.014736357 0.0024398656
v 0.017913996 -0.014737119 0.0024679894
v 0.017960441 -0.014745191 0.0025171602
v 0.017975582 -0.014758761 0.0025804324
v 0.018029955 -0.014773769 0.0025872543
v 0.018065288 -0.014796406 0.0026199628
v 0.018086408 -0.014813957 0.0026425118
v 0.018105959 -0.014834171 0.0026647057
v 0.018134332 -0.01486702 0.0026952526
v 0.018153456 -0.014895007 0.0027170189
v 0.018169773 -0.014923288 0.0027360016
v 0.018187073 -0.014959506 0.0027566593
v 0.018202203 -0.014999482 0.002775372
v 0.017478698 -0.015321415 0.0021605752
v 0.017494585 -0.015297898 0.002134115
v 0.017321608 -0.016736213 0.0020822564
v 0.017774444 -0.016726019 0.0024585458
v 0.017783013 -0.015704072 0.002404897
v 0.017744968 -0.015690717 0.0023702354
v 0.017708452 -0.015672088 0.0023364083
v 0.017680016 -0.015653507 0.0023104311
v 0.017652841 -0.015631822 0.0022856384
v 0.01763213 -0.015612403 0.0022667412
v 0.017608664 -0.015586614 0.0022459834
v 0.017561458 -0.015551951 0.0022509027
v 0.017565189 -0.015524392 0.0022059752
v 0.017507891 -0.015379974 0.0021496859
v 0.017501669 -0.015349727 0.0021428734
v 0.017544602 -0.01548543 0.0021858834
v 0.017521041 -0.015482881 0.0022087911
v 0.017528739 -0.015447783 0.0021706518
v 0.01751872 -0.0154192 0.0021607908
v 0.017514057 -0.015403601 0.0021560809
v 0.017493071 -0.015276834 0.002131661
v 0.017492304 -0.015255781 0.0021298105
v 0.017492274 -0.015234738 0.0021285555
v 0.017473469 -0.015233212 0.002154656
v 0.017495502 -0.015182177 0.0021280812
v 0.017499505 -0.015150669 0.0021294661
v 0.017505343 -0.015119418 0.0021323559
v 0.017519478 -0.01506631 0.0021398593
v 0.017531633 -0.015029867 0.0021484809
v 0.017539305 -0.015010866 0.002153643
v 0.017550056 -0.014987153 0.0021610775
v 0.017566092 -0.014956219 0.0021724913
v 0.017590424 -0.014916974 0.002190417
v 0.017591043 -0.01488326 0.0022337351
v 0.017631723 -0.014863974 0.0022226885
v 0.017659496 -0.014835933 0.0022441082
v 0.017671297 -0.01482532 0.002253629
v 0.017693277 -0.014807619 0.0022716141
v 0.017729275 -0.014783513 0.0023027078
v 0.017767195 -0.014763765 0.00233422
v 0.017790453 -0.01475434 0.0023545638
v 0.017805366 -0.014749407 0.0023677837
v 0.018192759 -0.016713541 0.00287281
v 0.01819836 -0.015424381 0.0027978943
v 0.018186242 -0.015456632 0.0027869099
v 0.01817774 -0.015476264 0.0027790549
v 0.018166185 -0.015500072 0.00276825
v 0.018132095 -0.01550011 0.0027921305
v 0.018141834 -0.015542376 0.0027451779
v 0.018098365 -0.015566022 0.0027489446
v 0.018094614 -0.015604148 0.0026998965
v 0.018075524 -0.015623791 0.0026815209
v 0.018061643 -0.015636411 0.0026681572
v 0.018040129 -0.015653511 0.002647463
v 0.017999744 -0.015678989 0.0026094955
v 0.017971911 -0.01569265 0.0025821286
v 0.017925649 -0.015694596 0.0026082278
v 0.017929261 -0.015706689 0.0025416098
v 0.017895218 -0.015713006 0.0025094711
v 0.017868949 -0.015715002 0.0024848026
v 0.017838914 -0.015714253 0.0024577516
v 0.017774374 -0.015706594 0.0024636542
v 0.018231269 -0.015134514 0.0028153001
v 0.01823414 -0.015174275 0.0028209352
v 0.018221553 -0.015080547 0.0028027773
v 0.018193884 -0.015041246 0.0028110377
v 0.018234685 -0.01521472 0.0028240772
v 0.018228311 -0.015272807 0.0028255996
v 0.018573369 -0.016698874 0.0033218971
v 0.018221212 -0.015340295 0.002817313
v 0.018213726 -0.015373301 0.0028112688
v 0.018184238 -0.015385629 0.002829748
v 0.015237357 -0.016752873 0.0010093492
v 0.014667911 -0.016750851 0.00085939996
v 0.013500799 -0.016739421 0.00071069728
v 0.014087586 -0.016746355 0.000759596
v 0.011178371 -0.016688623 0.0010257476
v 0.01009362 -0.016650798 0.0014799273
v 0.0072371484 -0.016473911 0.0043589989
v 0.0078645283 -0.01652936 0.003365161
v 0.0075291123 -0.016501925 0.0038483809
v 0.0082408433 -0.016556009 0.0029130159
v 0.0065429563 -0.016360368 0.0065952266
v 0.0064944331 -0.016332691 0.0071814327
v 0.0064972365 -0.016305724 0.00776967
v 0.012389436 -0.016105524 0.014137026
v 0.011809111 -0.016101029 0.014037222
v 0.011239664 -0.016099006 0.013887273
v 0.009155413 -0.016115666 0.012814365
v 0.008702577 -0.01612586 0.012438076
v 0.008284262 -0.016138338 0.012023812
v 0.0068114431 -0.016231098 0.0095019271
v 0.0066563469 -0.016254734 0.008934349
v 0.0065513452 -0.016279672 0.0083554615
v 0.0066424369 -0.016388543 0.0060155129
v 0.0067921172 -0.016417004 0.0054467037
v 0.0069908587 -0.016445532 0.0048931281
v 0.0086551933 -0.016581668 0.0024953872
v 0.0091044257 -0.016606141 0.0021154537
v 0.0095851206 -0.016629243 0.0017761062
v 0.011746366 -0.016704605 0.00087120286
v 0.012325717 -0.016718466 0.00076671411
v 0.012912016 -0.016730101 0.00071307605
v 0.015791591 -0.016752408 0.0012083031
v 0.016326395 -0.016749458 0.0014547469
v 0.016837698 -0.016744046 0.0017468056
v 0.018913378 -0.016682129 0.0038023887
v 0.019210197 -0.016663435 0.0043106277
v 0.019979785 -0.016546155 0.0071269521
v 0.019982588 -0.016519188 0.0077151893
v 0.019934065 -0.016491511 0.0083013955
v 0.018947909 -0.016349954 0.011048241
v 0.018612493 -0.016322519 0.011531461
v 0.016383401 -0.016201081 0.013416694
v 0.015850967 -0.016181238 0.01366745
v 0.015298651 -0.016163256 0.013870874
v 0.0073004551 -0.015226549 0.0097419886
v 0.0075112239 -0.015198202 0.010219463
v 0.0074903168 -0.015154715 0.010181613
v 0.0074715756 -0.015110834 0.010143783
v 0.0074555155 -0.015060354 0.01011349
v 0.0074431159 -0.015005014 0.010084098
v 0.0074361388 -0.014950084 0.010063106
v 0.0074275819 -0.014898964 0.010045418
v 0.0074207799 -0.014836995 0.010027478
v 0.0074177602 -0.014716127 0.010012225
v 0.0074180243 -0.014659346 0.010011644
v 0.0073160805 -0.014227723 0.0096961245
v 0.007414067 -0.014776251 0.010016281
v 0.0074248208 -0.014595905 0.01001687
v 0.0074326766 -0.014534239 0.010027315
v 0.0074437354 -0.014476496 0.010041769
v 0.0074523586 -0.014423087 0.010056746
v 0.0074726621 -0.014349659 0.010091174
v 0.007501335 -0.014272678 0.010135331
v 0.0075265472 -0.014218766 0.010174492
v 0.0069151149 -0.014294499 0.0081052934
v 0.0068994895 -0.015293324 0.0081511575
v 0.0071370261 -0.014248717 0.0091779309
v 0.0071214007 -0.015247542 0.009223795
v 0.0070030428 -0.01427103 0.0086463515
v 0.0069874174 -0.015269855 0.0086922156
v 0.012890249 -0.016750378 0.00026406055
v 0.012264864 -0.016737968 0.00032127401
v 0.01164689 -0.016723182 0.00043272922
v 0.011041028 -0.016706135 0.00059757648
v 0.01045189 -0.016686955 0.0008145626
v 0.0098839608 -0.016665789 0.001082035
v 0.0093415614 -0.016642797 0.0013979592
v 0.0088288201 -0.016618155 0.0017599297
v 0.0083496389 -0.01659205 0.0021651923
v 0.0079076653 -0.01656468 0.002610663
v 0.0075062628 -0.016536255 0.0030929508
v 0.0071484857 -0.01650699 0.0036083858
v 0.0068370578 -0.016477109 0.0041530445
v 0.0065743484 -0.016446838 0.0047227826
v 0.0063623579 -0.016416408 0.0053132633
v 0.0062026983 -0.01638605 0.005919993
v 0.0060965862 -0.016355996 0.0065383543
v 0.0060448282 -0.016326475 0.0071636409
v 0.0060478184 -0.01629771 0.007791094
v 0.0061055338 -0.016269921 0.0084159382
v 0.0062175362 -0.01624332 0.0090334182
v 0.0063829717 -0.016218109 0.0096388347
v 0.0066005827 -0.016194479 0.01022758
v 0.0068687117 -0.016172611 0.010795173
v 0.0071853194 -0.01615267 0.011337295
v 0.0075479949 -0.01613481 0.011849819
v 0.0079539788 -0.016119165 0.012328845
v 0.0084001815 -0.016105855 0.012770727
v 0.0088832066 -0.016094981 0.013172102
v 0.0093993781 -0.016086626 0.013529917
v 0.0099447677 -0.016080853 0.013841446
v 0.010515225 -0.016077706 0.014104319
v 0.011106408 -0.01607721 0.014316536
v 0.011713817 -0.016079368 0.014476483
v 0.012332831 -0.016084163 0.01458294
v 0.012958737 -0.01609156 0.014635098
v 0.013586772 -0.016101501 0.014632561
v 0.014212157 -0.016113912 0.014575348
v 0.014830132 -0.016128697 0.014463893
v 0.015435993 -0.016145744 0.014299045
v 0.016025131 -0.016164924 0.014082059
v 0.016593061 -0.01618609 0.013814587
v 0.01713546 -0.016209082 0.013498663
v 0.017648201 -0.016233724 0.013136692
v 0.018127382 -0.01625983 0.012731429
v 0.018569356 -0.016287199 0.012285959
v 0.018970759 -0.016315624 0.011803671
v 0.019328536 -0.016344889 0.011288236
v 0.019639964 -0.01637477 0.010743578
v 0.019902673 -0.016405041 0.01017384
v 0.020114664 -0.016435471 0.0095833587
v 0.020274323 -0.016465829 0.008976629
v 0.020380435 -0.016495883 0.0083582678
v 0.020432193 -0.016525404 0.0077329812
v 0.020429203 -0.016554169 0.0071055281
v 0.020371488 -0.016581958 0.0064806838
v 0.020259485 -0.016608559 0.0058632038
v 0.02009405 -0.016633771 0.0052577875
v 0.019876439 -0.0166574 0.0046690421
v 0.01960831 -0.016679269 0.0041014489
v 0.019291702 -0.016699209 0.0035593271
v 0.018929027 -0.016717069 0.003046803
v 0.018523043 -0.016732714 0.0025677767
v 0.01807684 -0.016746024 0.0021258946
v 0.017593815 -0.016756898 0.0017245194
v 0.017077643 -0.016765253 0.0013667052
v 0.016532254 -0.016771026 0.0010551762
v 0.015961796 -0.016774173 0.00079230233
v 0.015370614 -0.016774669 0.00058008533
v 0.014763204 -0.016772511 0.00042013892
v 0.014144191 -0.016767716 0.00031368183
v 0.013518285 -0.016760319 0.00026152336
v 0.0075750794 -0.014187768 0.010145438
v 0.0076258057 -0.014158511 0.010110877
v 0.0077379252 -0.014170242 0.010056222
v 0.0077819277 -0.014233982 0.010040173
v 0.0075927288 -0.01423737 0.0095802841
v 0.007213775 -0.01430048 0.0080767848
v 0.0076758557 -0.014192883 0.010083295
v 0.0072972433 -0.014278309 0.0085880591
v 0.0074238665 -0.014257222 0.0090904358
v 0.017505115 -0.015011144 0.0021542023
v 0.017496792 -0.015145047 0.0023320765
v 0.017027989 -0.015401361 0.0028815076
v 0.017061911 -0.015453186 0.0029116265
v 0.016845449 -0.015323428 0.0028482194
v 0.017002228 -0.015341487 0.0028575887
v 0.017575271 -0.015128025 0.0035212983
v 0.017559295 -0.01509526 0.0033379542
v 0.017545417 -0.015033545 0.0033295517
v 0.017509692 -0.014947224 0.0032919994
v 0.017473068 -0.014816477 0.0034065029
v 0.017449702 -0.014787232 0.0033828022
v 0.017441316 -0.01486784 0.0032114599
v 0.017391922 -0.014822652 0.0031861017
v 0.017334414 -0.014823113 0.0030974621
v 0.017250467 -0.014808022 0.0030409248
v 0.017056021 -0.014726888 0.0030096861
v 0.017158009 -0.014884139 0.0029366204
v 0.017063984 -0.014959029 0.002874617
v 0.017019952 -0.015044496 0.0028443473
v 0.01688849 -0.014937492 0.002865224
v 0.016849557 -0.015060848 0.0028361622
v 0.016834877 -0.015192484 0.0028303622
v 0.016988646 -0.015141266 0.0028325685
v 0.016983068 -0.015252364 0.0028349854
v 0.017140163 -0.015505019 0.0029639601
v 0.01725629 -0.0155502 0.0030671838
v 0.017321332 -0.015564302 0.0031059438
v 0.017334819 -0.015564975 0.0031752112
v 0.017414403 -0.01551023 0.0032143689
v 0.017462243 -0.015481899 0.0033049621
v 0.017484195 -0.015500634 0.0034584054
v 0.017515864 -0.015389882 0.0033357123
v 0.017548869 -0.015298747 0.0033473645
v 0.017568982 -0.015260437 0.0035234205
v 0.017564155 -0.015200112 0.0033587048
v 0.017837686 -0.014835544 0.0026177589
v 0.018019844 -0.014742684 0.0026209947
v 0.018049252 -0.014763063 0.002649829
v 0.017945192 -0.014907001 0.0027247475
v 0.017993317 -0.014946541 0.0027584003
v 0.018169506 -0.01491357 0.0027718042
v 0.017988947 -0.01504524 0.0028050351
v 0.018223325 -0.015077626 0.002832254
v 0.018070035 -0.015159781 0.0028367415
v 0.01823429 -0.015213438 0.0028507747
v 0.018071589 -0.015265207 0.0028448249
v 0.018219065 -0.015349967 0.0028447594
v 0.018194803 -0.015436773 0.0028272509
v 0.018178685 -0.015477909 0.002814617
v 0.018139083 -0.015554085 0.0027820683
v 0.018090697 -0.015620229 0.0027406678
v 0.017875858 -0.015537843 0.0027222833
v 0.01806366 -0.015648899 0.0027170313
v 0.017973674 -0.015714754 0.002636572
v 0.017908592 -0.015740261 0.0025770397
v 0.017875256 -0.015747162 0.0025461733
v 0.017754205 -0.015613743 0.0025798104
v 0.017680617 -0.015598203 0.0025090148
v 0.017680074 -0.015705233 0.0023604589
v 0.017612296 -0.015552749 0.0024468773
v 0.017573222 -0.015509439 0.0024117294
v 0.017530412 -0.015534348 0.002209649
v 0.017498158 -0.015455842 0.0021746219
v 0.017485991 -0.015413789 0.0021606547
v 0.017476593 -0.015370291 0.0021491991
v 0.017466373 -0.015280294 0.0021341542
v 0.017467807 -0.015188584 0.0021299431
v 0.017491621 -0.0150539 0.0021441293
v 0.017521233 -0.014970008 0.0021668362
v 0.017547364 -0.014991207 0.0023648624
v 0.01756887 -0.014936961 0.0024481673
v 0.017636258 -0.014799019 0.0022644219
v 0.017640166 -0.014889437 0.0024508481
v 0.017726244 -0.014733164 0.0023448812
v 0.017758437 -0.014718486 0.0023742039
v 0.017824662 -0.014700755 0.0024352799
v 0.017800708 -0.014812923 0.0025581624
v 0.01738689 -0.014829815 0.0025496836
v 0.017186285 -0.015553404 0.0027398588
v 0.017157616 -0.015439604 0.0026894661
v 0.017048094 -0.015252505 0.0026280626
v 0.016917339 -0.015035033 0.0025431052
v 0.017076611 -0.014995394 0.0026469287
v 0.016991659 -0.014824489 0.0026000938
v 0.017127039 -0.014882413 0.0026895031
v 0.017047287 -0.014734509 0.0026468468
v 0.017313116 -0.014789292 0.0025737173
v 0.017664997 -0.014839709 0.0031458716
v 0.017764672 -0.01522723 0.0033041941
v 0.017731031 -0.015394907 0.0032852962
v 0.017698697 -0.015468909 0.0032553305
v 0.017746478 -0.015609603 0.0033560511
v 0.017717279 -0.01565301 0.0033312779
v 0.017865834 -0.015730801 0.0031466763
v 0.017905474 -0.01573042 0.003100526
v 0.017942314 -0.01572606 0.003052306
v 0.018119964 -0.015315219 0.0031941295
v 0.018129435 -0.015195956 0.0031957912
v 0.017749487 -0.014667023 0.0032215108
v 0.018227251 -0.015259792 0.0029121528
v 0.018076568 -0.015305799 0.0028904059
v 0.018201718 -0.015404203 0.002896942
v 0.018045758 -0.015416256 0.0028681871
v 0.018150001 -0.015536188 0.0028564052
v 0.017995425 -0.015513207 0.0028268291
v 0.017952673 -0.015567026 0.0027899676
v 0.018015902 -0.015704764 0.0027407716
v 0.017877983 -0.015627452 0.0027235332
v 0.017823351 -0.015652412 0.0026737794
v 0.017766778 -0.015664182 0.002621397
v 0.017709975 -0.015662395 0.002567982
v 0.01770232 -0.01576968 0.0024504164
v 0.017628108 -0.015634529 0.0024894669
v 0.017603814 -0.015716044 0.0023547205
v 0.017555183 -0.015578291 0.0024176162
v 0.01751987 -0.015628732 0.0022706501
v 0.017496166 -0.015497506 0.0023573325
v 0.017466584 -0.015432667 0.002325649
v 0.017427246 -0.015425403 0.0021714033
v 0.017439093 -0.015323866 0.002293254
v 0.017406211 -0.015282266 0.0021429888
v 0.017433421 -0.015207855 0.0022808953
v 0.017413205 -0.015135013 0.0021406291
v 0.017449961 -0.015092543 0.0022894395
v 0.017472826 -0.015019953 0.0023064904
v 0.017484999 -0.014907537 0.0021942213
v 0.017523156 -0.014923003 0.0023478531
v 0.017619099 -0.014738961 0.0023098548
v 0.0176406 -0.014808755 0.0024511424
v 0.017719368 -0.014679885 0.0024003751
v 0.01772338 -0.014776227 0.0025268588
v 0.017826325 -0.014657744 0.0024994097
v 0.017808606 -0.014773813 0.0026066963
v 0.017932681 -0.014674046 0.0026002101
v 0.017890469 -0.014801679 0.0026852155
v 0.018031187 -0.014727681 0.0026959059
v 0.017963398 -0.014857917 0.0027570621
v 0.018115131 -0.014814994 0.0027799764
v 0.018022413 -0.014938705 0.002817343
v 0.018178791 -0.014930034 0.0028466919
v 0.018063502 -0.015038531 0.0028619503
v 0.01807948 -0.015112343 0.0028814274
v 0.018085745 -0.015189366 0.0028919699
v 0.018072174 -0.015227009 0.0029403346
v 0.018211379 -0.015311672 0.0029698646
v 0.018054807 -0.015348094 0.0029313705
v 0.018174767 -0.015461459 0.0029445819
v 0.018015299 -0.01546019 0.0029010874
v 0.01811145 -0.015594765 0.0028932391
v 0.017956349 -0.01555566 0.0028515494
v 0.017908181 -0.015606793 0.0028094478
v 0.017959 -0.015756417 0.0027599647
v 0.017826291 -0.015660862 0.0027358678
v 0.017767681 -0.015680214 0.0026820373
v 0.017707924 -0.015685462 0.0026262801
v 0.017648843 -0.015676466 0.0025702825
v 0.017624746 -0.015785517 0.0024480387
v 0.017565383 -0.01563694 0.0024895631
v 0.017524745 -0.01571622 0.0023499913
v 0.017493141 -0.015568744 0.0024176319
v 0.017442338 -0.01561308 0.0022664035
v 0.017437039 -0.015476525 0.0023593911
v 0.017410549 -0.015404742 0.0023301868
v 0.017358635 -0.015385912 0.0021740836
v 0.017389182 -0.015287066 0.0023029995
v 0.017346174 -0.015231584 0.0021530374
v 0.017391043 -0.015164559 0.0022973254
v 0.017363476 -0.01507644 0.0021598732
v 0.017415999 -0.01504557 0.0023135287
v 0.017444695 -0.014972236 0.0023360222
v 0.017454362 -0.014844493 0.0022311115
v 0.017503645 -0.014876765 0.0023855577
v 0.017551809 -0.014825629 0.00242766
v 0.017606811 -0.014682841 0.0023643859
v 0.017633703 -0.014771563 0.0025012385
v 0.017716279 -0.014632933 0.0024640942
v 0.017722161 -0.014747799 0.002582812
v 0.017830287 -0.014623007 0.0025704861
v 0.017811151 -0.01475596 0.0026668228
v 0.017941066 -0.01465374 0.0026763119
v 0.017894608 -0.014795488 0.002747544
v 0.018041066 -0.014723038 0.0027743598
v 0.01796685 -0.014863683 0.0028194734
v 0.018123474 -0.014826177 0.0028579471
v 0.018022952 -0.014955903 0.0028777114
v 0.018182672 -0.01495613 0.0029213782
v 0.018059087 -0.015065864 0.0029182872
v 0.018070815 -0.015145359 0.0029341064
v 0.018052925 -0.015268095 0.002984876
v 0.018186367 -0.015367461 0.003022999
v 0.018026929 -0.015391963 0.0029679892
v 0.018138239 -0.015519952 0.0029870731
v 0.017978659 -0.015503721 0.0029294637
v 0.01806341 -0.015651816 0.0029248387
v 0.017911408 -0.015595758 0.0028719255
v 0.017858244 -0.01564299 0.0028248941
v 0.017893891 -0.015802243 0.0027748649
v 0.017770029 -0.015689069 0.0027449011
v 0.017708182 -0.01570192 0.0026876382
v 0.017646089 -0.015699955 0.0026292446
v 0.017585634 -0.01568323 0.0025714968
v 0.017543955 -0.015790896 0.0024457713
v 0.017502018 -0.015631706 0.002489903
v 0.017444476 -0.015705701 0.0023472504
v 0.017431899 -0.015551732 0.0024192539
v 0.017365576 -0.01558722 0.0022660244
v 0.017380051 -0.015448769 0.0023643517
v 0.017357445 -0.01537076 0.0023384127
v 0.017293616 -0.015338513 0.0021834201
v 0.017343178 -0.015245618 0.0023174337
v 0.017290959 -0.015175112 0.0021710242
v 0.017353235 -0.015118338 0.0023191619
v 0.017319341 -0.015014585 0.0021879324
v 0.01738693 -0.014997601 0.0023434722
v 0.017421448 -0.014924836 0.0023714536
v 0.017429465 -0.014782732 0.0022772309
v 0.017488701 -0.014832802 0.0024289921
v 0.017541866 -0.014785571 0.0024760245
v 0.017598984 -0.014632306 0.0024272047
v 0.017630078 -0.01473949 0.0025560178
v 0.017716286 -0.014593679 0.0025349487
v 0.017723061 -0.014725759 0.0026424451
v 0.017835642 -0.014597549 0.0026471964
v 0.017814473 -0.014745329 0.002729421
v 0.017948919 -0.014643653 0.0027562983
v 0.017898092 -0.01479685 0.0028110149
v 0.018048398 -0.014728847 0.0028548192
v 0.017968212 -0.014876821 0.002881668
v 0.018127298 -0.014847328 0.0029360451
v 0.018020056 -0.01497979 0.0029365639
v 0.018180244 -0.014991019 0.0029944409
v 0.018050098 -0.015098738 0.0029719631
v 0.018056933 -0.01518294 0.0029834791
v 0.01793083 -0.015219417 0.0030064907
v 0.01792289 -0.015290729 0.0030033611
v 0.017995292 -0.015374137 0.0030335989
v 0.01799293 -0.015436158 0.00300007
v 0.018092408 -0.015577861 0.0030240087
v 0.017936082 -0.015545611 0.0029533522
v 0.018006504 -0.015705563 0.0029511282
v 0.01786107 -0.015632351 0.0028882107
v 0.017803452 -0.015674562 0.0028366959
v 0.017821712 -0.0158408 0.002785901
v 0.017709977 -0.015711257 0.0027511966
v 0.017645724 -0.015716895 0.0026912368
v 0.017582193 -0.015707199 0.0026310265
v 0.017521316 -0.015682458 0.0025723986
v 0.017461562 -0.015785595 0.0024445635
v 0.017438986 -0.015618929 0.0024912824
v 0.017364607 -0.015684749 0.0023474625
v 0.017372366 -0.015527686 0.002423232
v 0.017291079 -0.015551878 0.0022704058
v 0.017325994 -0.015414954 0.0023728781
v 0.01730796 -0.015331602 0.0023509071
v 0.017233331 -0.015284582 0.0022000135
v 0.017301582 -0.015200608 0.0023369836
v 0.01724141 -0.015114505 0.0021972881
v 0.017320278 -0.01507041 0.0023466388
v 0.01728131 -0.014951264 0.0022248416
v 0.017362773 -0.01494988 0.002379212
v 0.017402961 -0.014879006 0.0024126361
v 0.017410236 -0.014724069 0.0023320676
v 0.017477973 -0.014792263 0.0024777752
v 0.017535591 -0.01475005 0.0025292885
v 0.017595028 -0.014588832 0.0024972948
v 0.017629065 -0.014713356 0.0026147902
v 0.017718563 -0.014563259 0.0026116797
v 0.017725297 -0.014710661 0.0027049373
v 0.017841403 -0.014582088 0.0027281035
v 0.017817727 -0.014742153 0.0027935895
v 0.017955178 -0.014644037 0.0028386323
v 0.017900057 -0.014805686 0.0028747044
v 0.018052133 -0.014744883 0.0029357333
v 0.017966675 -0.014896929 0.0029427539
v 0.018125661 -0.014877754 0.0030127895
v 0.018013043 -0.015009665 0.0029931017
v 0.017982012 -0.015099636 0.0030197658
v 0.017975655 -0.015149046 0.0030145456
v 0.018108872 -0.015483738 0.0031128264
v 0.017952984 -0.015479427 0.0030275321
v 0.018037796 -0.01563338 0.0030551916
v 0.017887966 -0.015584664 0.0029728926
v 0.017941587 -0.015754324 0.0029722307
v 0.017804493 -0.015653512 0.0029318139
v 0.017866665 -0.015814841 0.0029055852
v 0.017744549 -0.015700604 0.0028453232
v 0.017743783 -0.015870865 0.0027936586
v 0.017647015 -0.015726766 0.0027553756
v 0.017581254 -0.015724665 0.0026935322
v 0.01751723 -0.015706937 0.0026323733
v 0.01745689 -0.015674117 0.0025737581
v 0.017379195 -0.015769718 0.0024453721
v 0.017377255 -0.015598895 0.002494464
v 0.017286689 -0.01565394 0.0023515414
v 0.017315424 -0.015497189 0.002430273
v 0.017220236 -0.015508062 0.0022803369
v 0.017275603 -0.015375937 0.0023855524
v 0.017262698 -0.01528828 0.0023681298
v 0.017178741 -0.015225693 0.0022242829
v 0.017181521 -0.01516715 0.0022233449
v 0.017271185 -0.015108594 0.0023652055
v 0.017292321 -0.015022025 0.0023797958
v 0.017343458 -0.014903676 0.0024206155
v 0.017388991 -0.014835937 0.0024592412
v 0.017432775 -0.014806377 0.0025435752
v 0.017471011 -0.014756211 0.0025313844
v 0.017532413 -0.014720001 0.0025868143
v 0.0175942 -0.014553681 0.0025734575
v 0.017629946 -0.01469384 0.0026767614
v 0.017722178 -0.014542539 0.0026928874
v 0.017728061 -0.014702873 0.0027693876
v 0.017846533 -0.014577039 0.0028116817
v 0.017820069 -0.014746492 0.0028583799
v 0.017958788 -0.014654828 0.002921744
v 0.017899707 -0.014821709 0.0029376749
v 0.018051293 -0.014770607 0.0030155747
v 0.017961542 -0.014923413 0.0030018677
v 0.018117746 -0.014916484 0.0030867792
v 0.018001353 -0.015044671 0.0030465804
v 0.017907081 -0.01576342 0.0030215046
v 0.017746915 -0.015682647 0.0029418333
v 0.017789816 -0.015849238 0.0029166551
v 0.017682385 -0.015720349 0.002851324
v 0.017661565 -0.015891471 0.0027988534
v 0.017582107 -0.015735112 0.0027581099
v 0.017515777 -0.015724966 0.0026952458
v 0.017452218 -0.015699124 0.0026340317
v 0.017393364 -0.015658367 0.0025763287
v 0.017467271 -0.01472559 0.0025891644
v 0.017531683 -0.014696196 0.0026478305
v 0.017595632 -0.014527859 0.0026543439
v 0.017631961 -0.014681436 0.0027410448
v 0.01772613 -0.014532091 0.0027770694
v 0.017730538 -0.014702582 0.0028348398
v 0.017849982 -0.014582498 0.0028963556
v 0.017820704 -0.014758178 0.0029228253
v 0.017958747 -0.014675645 0.003004073
v 0.017371042 -0.014746861 0.0025959156
v 0.017382813 -0.01458307 0.0025404919
v 0.017433448 -0.014705728 0.0026519888
v 0.017466612 -0.014539364 0.002616487
v 0.017532692 -0.01467924 0.0027114775
v 0.017567723 -0.014669781 0.0027758247
v 0.017619957 -0.014728511 0.0028237532
v 0.017668665 -0.014685262 0.0028714943
v 0.017731933 -0.01470974 0.0029003092
v 0.017762158 -0.014736167 0.0029623199
v 0.017820362 -0.014773388 0.0029886936
v 0.017776803 -0.015637641 0.003030692
v 0.017747634 -0.015663526 0.0030048864
v 0.017685228 -0.015704657 0.0029488117
v 0.017708383 -0.015874658 0.0029243018
v 0.017617901 -0.015733207 0.0028553129
v 0.017576626 -0.015901933 0.0028023041
v 0.017516269 -0.015736007 0.0027601044
v 0.017450009 -0.015725127 0.0027293062
v 0.017403659 -0.015864777 0.0026377265
v 0.017388184 -0.015683905 0.0026367411
v 0.017328135 -0.015649905 0.0026103718
v 0.017369346 -0.014721279 0.0026568573
v 0.017424405 -0.01453278 0.0026598071
v 0.017467611 -0.014676479 0.0027463618
v 0.017519869 -0.014706396 0.002796151
v 0.017569951 -0.014667568 0.0028418659
v 0.017730912 -0.014542719 0.0029480578
v 0.017700711 -0.014712204 0.0029672854
v 0.017847828 -0.014623739 0.0030626912
v 0.017685498 -0.015684983 0.0030119578
v 0.017620783 -0.01571874 0.0029532702
v 0.017623895 -0.015890271 0.002929287
v 0.01755323 -0.015736825 0.0028909695
v 0.017519029 -0.015739804 0.0028590537
v 0.017490602 -0.015901875 0.0028048979
v 0.017446563 -0.015895125 0.002763159
v 0.01738545 -0.015711111 0.0027319542
v 0.017354134 -0.015694058 0.0027015307
v 0.017324134 -0.015673273 0.0026721176
v 0.017278976 -0.014770387 0.0026389442
v 0.017259008 -0.014604337 0.0025924204
v 0.017401989 -0.014695257 0.0027179746
v 0.017469932 -0.014670781 0.0028121157
v 0.017604211 -0.014677671 0.0029066901
v 0.017689005 -0.014541186 0.0029921363
v 0.017728443 -0.014745335 0.0030273795
v 0.017823693 -0.0157272 0.0031904088
v 0.017714279 -0.015647424 0.0030687525
v 0.017620996 -0.015698519 0.0030161657
v 0.017555032 -0.015724374 0.0029558263
v 0.017452137 -0.015733715 0.0028279677
v 0.017361945 -0.01587925 0.0027662836
v 0.017262659 -0.015636918 0.0026478855
v 0.017308076 -0.014734269 0.0026961422
v 0.017300508 -0.014554111 0.0027113622
v 0.0174039 -0.014684318 0.0027830447
v 0.017504886 -0.014669516 0.0028769195
v 0.017561398 -0.014515796 0.0029538793
v 0.017604148 -0.014690863 0.0029713692
v 0.017666007 -0.014724563 0.003031465
v 0.017690953 -0.014762787 0.0030881617
v 0.01767754 -0.015623226 0.0031277189
v 0.017651151 -0.015665821 0.0030745616
v 0.017555578 -0.015703625 0.0030181303
v 0.017488153 -0.015729658 0.0029254599
v 0.017408274 -0.015888832 0.0028933814
v 0.017387549 -0.015720319 0.0028304801
v 0.017280184 -0.015853296 0.0027710182
v 0.01729322 -0.015675522 0.0027392395
v 0.017164556 -0.015773169 0.0026576485
v 0.017249739 -0.014762491 0.0027065939
v 0.017309471 -0.014718809 0.0027600035
v 0.01730403 -0.014543441 0.0027959715
v 0.017406357 -0.014680881 0.0028486297
v 0.017432877 -0.014516768 0.0029152747
v 0.01750608 -0.014678189 0.0029420545
v 0.017560999 -0.014536407 0.0030367045
v 0.017601844 -0.014710929 0.0030339096
v 0.017679666 -0.014601019 0.0031519857
v 0.017662261 -0.015549843 0.0031464232
v 0.017613888 -0.015635843 0.0031302222
v 0.017586517 -0.015677195 0.0030780814
v 0.017489632 -0.015715127 0.0029894559
v 0.017423044 -0.015720897 0.0029273154
v 0.017325573 -0.015867948 0.002896453
v 0.017325213 -0.015699838 0.0028342261
v 0.017202812 -0.015817985 0.0027782175
v 0.017282632 -0.015554956 0.0027771702
v 0.017095005 -0.015725658 0.0026714484
v 0.017079036 -0.014694598 0.0026742243
v 0.01722267 -0.014769606 0.0027444171
v 0.01718708 -0.014598723 0.0027698104
v 0.01731205 -0.014710756 0.0028247304
v 0.017308426 -0.0145434 0.0028803378
v 0.017408561 -0.014684971 0.0029137405
v 0.017434805 -0.014532397 0.002998275
v 0.017505628 -0.014694008 0.0030053841
v 0.017557605 -0.014566465 0.0031155845
v 0.017596636 -0.014737253 0.0030934156
v 0.017624416 -0.01482173 0.0031334751
v 0.017651472 -0.015729035 0.0032741271
v 0.017550102 -0.015640131 0.0031298476
v 0.017521393 -0.015681213 0.0030800027
v 0.01745614 -0.01584412 0.0030977869
v 0.017424881 -0.015707 0.0029909927
v 0.017359819 -0.015704852 0.0029298028
v 0.017246968 -0.015837338 0.0029010733
v 0.017266073 -0.015672793 0.002839881
v 0.017739068 -0.015292228 0.0033225939
v 0.017779971 -0.015398406 0.0034526159
v 0.017649022 -0.015412098 0.0032459782
v 0.017648525 -0.01552303 0.0032516073
v 0.017636721 -0.01567396 0.0033348767
v 0.017574495 -0.015608476 0.0031873134
v 0.01748765 -0.015635903 0.0031272849
v 0.017456802 -0.015677724 0.0030810562
v 0.017374287 -0.015828579 0.0030979589
v 0.017362087 -0.01569157 0.0029930082
v 0.017299447 -0.015681923 0.0029336373
v 0.017173929 -0.015797868 0.0029080668
v 0.017210986 -0.015639873 0.0028480713
v 0.017158294 -0.015594691 0.002795881
v 0.017112517 -0.015537335 0.0027494442
v 0.016954225 -0.015569346 0.0026880313
v 0.017059788 -0.015432377 0.0026936013
v 0.016900114 -0.01542249 0.0026283499
v 0.017029291 -0.01531117 0.0026576327
v 0.017023086 -0.015181979 0.0026439846
v 0.017032735 -0.015095758 0.0026478138
v 0.017096574 -0.015043404 0.0027051762
v 0.017083602 -0.0149348 0.002685798
v 0.017146196 -0.014833661 0.0027384097
v 0.017083157 -0.014673625 0.0027547513
v 0.01722512 -0.014757072 0.002807838
v 0.017192772 -0.014593405 0.0028527602
v 0.017315002 -0.014710261 0.0028893548
v 0.017312656 -0.014553928 0.0029628769
v 0.017409717 -0.014696416 0.0029774033
v 0.017434641 -0.014557884 0.0030775961
v 0.017502809 -0.01471648 0.0030659838
v 0.017550412 -0.014605002 0.0031891002
v 0.017587934 -0.014769088 0.0031490576
v 0.017659292 -0.014850646 0.0032209719
v 0.017696763 -0.014918436 0.0032602432
v 0.017772008 -0.014908791 0.0034154722
v 0.017734981 -0.015035103 0.003303178
v 0.017806263 -0.015067346 0.0034572276
v 0.01774941 -0.015162596 0.0033244438
v 0.017705649 -0.015203673 0.0033466506
v 0.017746287 -0.015283399 0.0034890631
v 0.017687767 -0.015327516 0.0033373687
v 0.017708674 -0.015437279 0.0034630898
v 0.017643627 -0.015574228 0.0034103437
v 0.017586862 -0.015539692 0.0032555279
v 0.017555579 -0.015684913 0.0033344202
v 0.017510715 -0.015613569 0.0031885453
v 0.017427982 -0.015623319 0.0031232873
v 0.017393754 -0.015666792 0.0030820068
v 0.017296497 -0.015803032 0.0030984361
v 0.017302207 -0.015669223 0.0029962382
v 0.017242819 -0.015652695 0.0029395027
v 0.017107783 -0.015750678 0.0029181599
v 0.0171607 -0.015601935 0.0028593602
v 0.017113023 -0.01555228 0.0028116071
v 0.017072718 -0.01549168 0.0027701085
v 0.016912745 -0.015506573 0.0027203288
v 0.017028691 -0.015384361 0.0027222857
v 0.016870241 -0.015359668 0.0026715372
v 0.01700694 -0.015263937 0.0026945773
v 0.01685744 -0.015201122 0.0026499158
v 0.017008956 -0.015138612 0.0026888738
v 0.016875214 -0.015041739 0.0026569385
v 0.016922354 -0.014892381 0.0026921264
v 0.017082114 -0.014907179 0.0027435063
v 0.016995645 -0.014763226 0.0027530819
v 0.017148274 -0.014816843 0.0028001198
v 0.017090094 -0.014663076 0.0028356504
v 0.017228562 -0.014752073 0.002871545
v 0.017199263 -0.014598756 0.0029342059
v 0.017317511 -0.014717288 0.0029529132
v 0.017315714 -0.01457465 0.0030420312
v 0.017409058 -0.014714858 0.00303868
v 0.01743151 -0.014592399 0.0031517784
v 0.017496964 -0.014744945 0.0031230007
v 0.017538759 -0.014650795 0.0032559683
v 0.017575239 -0.014805499 0.0032001314
v 0.017630154 -0.014745858 0.0033475011
v 0.017638547 -0.0148924 0.0032648073
v 0.017670257 -0.014962103 0.0032987921
v 0.017731 -0.014967234 0.0034555575
v 0.017699676 -0.015079037 0.0033334879
v 0.017753902 -0.015123076 0.003486494
v 0.017657703 -0.015241283 0.0033634597
v 0.017679379 -0.015326138 0.003500422
v 0.017633161 -0.015357714 0.0033474801
v 0.017634644 -0.015467877 0.0034670292
v 0.017587688 -0.015462727 0.0033111746
v 0.017565091 -0.015590444 0.0034091829
v 0.017524378 -0.015549163 0.0032570015
v 0.01747546 -0.015685486 0.0033308259
v 0.01744755 -0.015611124 0.0031886476
v 0.017372486 -0.015602792 0.0031185675
v 0.017333215 -0.015648671 0.0030836289
v 0.017224274 -0.0157682 0.003100106
v 0.01724612 -0.015640524 0.0030013958
v 0.017190724 -0.015617922 0.0029480384
v 0.01704968 -0.015697141 0.0029319479
v 0.017115831 -0.015559967 0.0028742394
v 0.017073578 -0.015507013 0.0028313785
v 0.017038993 -0.01544443 0.0027951308
v 0.016880726 -0.015443431 0.0027580135
v 0.017003727 -0.015336725 0.0027555069
v 0.016849572 -0.01529923 0.002720038
v 0.01699042 -0.01521903 0.0027358868
v 0.016847102 -0.01514735 0.0027085157
v 0.016999986 -0.015099366 0.0027376101
v 0.016873483 -0.014998141 0.0027242324
v 0.017031763 -0.014985886 0.0027605562
v 0.016926918 -0.014861771 0.002766116
v 0.017083593 -0.014886326 0.0028031635
v 0.017003766 -0.014747533 0.0028313125
v 0.01715194 -0.014807469 0.0028625272
v 0.017098788 -0.014663213 0.0029153793
v 0.017232149 -0.014754688 0.0029346023
v 0.017205511 -0.014614556 0.003012587
v 0.01731875 -0.014731578 0.0030144788
v 0.017316659 -0.01460488 0.003116311
v 0.017405848 -0.014739728 0.0030967071
v 0.01742466 -0.014634842 0.0032194829
v 0.017487501 -0.014778562 0.0031756925
v 0.017522153 -0.014702402 0.003315072
v 0.017558147 -0.014845443 0.0032460491
v 0.017602494 -0.014802955 0.0033965635
v 0.017612972 -0.014935821 0.0033029714
v 0.017638835 -0.01500613 0.0033315075
v 0.017684098 -0.015024426 0.003486568
v 0.017659637 -0.015121365 0.0033580078
v 0.017696247 -0.015174885 0.0035070865
v 0.017634236 -0.015221154 0.0035192463
v 0.017606121 -0.015274342 0.0033752536
v 0.017609472 -0.015361216 0.0035044933
v 0.017575982 -0.015381947 0.0033534946
v 0.017559312 -0.015489227 0.0034651772
v 0.017526832 -0.015476351 0.0033130881
v 0.017487176 -0.015596461 0.0034039777
v 0.017462018 -0.01555112 0.0032567908
v 0.017397979 -0.015675612 0.0033250643
v 0.017385958 -0.015601162 0.0031884446
v 0.017276079 -0.015623796 0.0030866955
v 0.017158992 -0.015725085 0.0031037796
v 0.017194597 -0.015606205 0.00300916
v 0.017143824 -0.015578501 0.0029598333
v 0.017000568 -0.015638825 0.0029498747
v 0.017076838 -0.015515072 0.0028931238
v 0.017040275 -0.015460078 0.002855476
v 0.017011507 -0.015396828 0.0028246482
v 0.016858323 -0.015381777 0.0028008047
v 0.016984829 -0.015290722 0.0027931796
v 0.016837922 -0.015242952 0.0027732457
v 0.016979422 -0.015177633 0.0027812527
v 0.016844705 -0.015100133 0.0027709572
v 0.016995654 -0.015065268 0.0027896803
v 0.016878211 -0.014963055 0.0027940945
v 0.017032431 -0.014961286 0.0028178885
v 0.016936156 -0.01484106 0.0028410813
v 0.017087231 -0.014872769 0.0028639556
v 0.01701459 -0.01474246 0.0029087153
v 0.017156328 -0.01480575 0.0029247409
v 0.01710817 -0.014673975 0.0029923874
v 0.017235012 -0.014764801 0.0029961026
v 0.017210517 -0.014640272 0.0030863954
v 0.017317921 -0.014752708 0.0030731775
v 0.017314657 -0.014643649 0.0031843332
v 0.017399404 -0.014770302 0.00315071
v 0.017413493 -0.014683875 0.0032795257
v 0.017473908 -0.014816372 0.003223424
v 0.017500289 -0.014758209 0.0033654868
v 0.017536356 -0.014887787 0.0032863579
v 0.017569131 -0.014861584 0.0034363571
v 0.017582492 -0.014979679 0.003335223
v 0.017602582 -0.015049268 0.0033582949
v 0.017631917 -0.015078585 0.0035084304
v 0.017615194 -0.015160872 0.0033768978
v 0.01981584 -0.015572248 0.0059844429
v 0.019703314 -0.015491239 0.0059145144
v 0.019028396 -0.015228272 0.0063311792
v 0.019042621 -0.015158991 0.0063372545
v 0.018856278 -0.015212767 0.0055860724
v 0.018739087 -0.01531273 0.0055401089
v 0.018852038 -0.015145273 0.0055680117
v 0.018872313 -0.015312895 0.0056392089
v 0.018889301 -0.015354762 0.0056864353
v 0.018777206 -0.015507006 0.0057130663
v 0.018910669 -0.015431211 0.0057891883
v 0.018948463 -0.015471138 0.0059518824
v 0.018988672 -0.015436695 0.0061124639
v 0.019022544 -0.015373151 0.0061834324
v 0.018936926 -0.015423718 0.0063406196
v 0.018951882 -0.015353668 0.0063926416
v 0.018958279 -0.015315378 0.0064139919
v 0.018977699 -0.015103268 0.0064684258
v 0.019051064 -0.015048396 0.0063336505
v 0.019056544 -0.014984112 0.0063130581
v 0.018974097 -0.014886729 0.0064306272
v 0.018970597 -0.014846534 0.0064123228
v 0.018960985 -0.014771758 0.0063659214
v 0.019021032 -0.014796693 0.0062358564
v 0.019058329 -0.01476713 0.0061388664
v 0.01900334 -0.014724259 0.0061121903
v 0.018968916 -0.014693897 0.0059480019
v 0.018929672 -0.014799392 0.0057172792
v 0.018772757 -0.014735546 0.005611812
v 0.018881679 -0.014916795 0.0056073717
v 0.018888843 -0.014859329 0.0056397666
v 0.018872018 -0.014979553 0.0055834547
v 0.018734083 -0.015011887 0.0054875943
v 0.018856348 -0.015079496 0.0055665847
v 0.019896364 -0.015128978 0.0062573803
v 0.019713335 -0.015163069 0.0061222014
v 0.019886998 -0.015264281 0.0062347015
v 0.019742215 -0.015274006 0.0061205524
v 0.019703836 -0.015341267 0.0060894383
v 0.019854075 -0.015461348 0.0061248204
v 0.019845316 -0.015493735 0.0060934187
v 0.019688247 -0.015410895 0.005989034
v 0.019783168 -0.015618883 0.0058592764
v 0.019668293 -0.015512598 0.005802306
v 0.019611184 -0.015495046 0.0057334993
v 0.019749527 -0.015630461 0.0057264491
v 0.019634236 -0.015493704 0.0056701761
v 0.0196048 -0.015446203 0.0055811346
v 0.019679948 -0.015521274 0.0054373198
v 0.019579346 -0.01535396 0.0054826329
v 0.019570189 -0.015235794 0.005406997
v 0.019640828 -0.015216922 0.0052484567
v 0.019559763 -0.01513594 0.005401876
v 0.01964151 -0.015079948 0.0052363446
v 0.019643687 -0.015034198 0.0052400663
v 0.019572476 -0.014995063 0.0054006247
v 0.019560288 -0.014944447 0.0054560849
v 0.019591316 -0.014866385 0.0054558479
v 0.019603816 -0.014813022 0.0054995226
v 0.019619994 -0.014766192 0.0055497819
v 0.019638149 -0.014728696 0.0056075425
v 0.019655918 -0.014708003 0.0056683915
v 0.019765925 -0.0145822 0.005678315
v 0.019676606 -0.01469823 0.0057718435
v 0.01979938 -0.014582604 0.0058116925
v 0.019697531 -0.014716385 0.0058715578
v 0.019840382 -0.014638108 0.0059811173
v 0.01984946 -0.014661193 0.0060197997
v 0.019750441 -0.014782762 0.0060242977
v 0.019872767 -0.014749861 0.0061222874
v 0.019742308 -0.014879254 0.0060845546
v 0.019744487 -0.015003003 0.0061358647
v 0.019766091 -0.015068221 0.0061601143
v 0.019354517 -0.014665609 0.0054780803
v 0.018993564 -0.01561147 0.005523378
v 0.019044287 -0.015457581 0.0055818026
v 0.019065681 -0.015374306 0.0055841946
v 0.018966983 -0.015488675 0.0054041445
v 0.018960151 -0.015441178 0.0053717728
v 0.019022677 -0.015317431 0.0054781038
v 0.01901806 -0.015065543 0.0054248791
v 0.018951831 -0.014940983 0.0052844597
v 0.019028861 -0.014896891 0.0054571972
v 0.018978876 -0.014728424 0.0053692353
v 0.019045771 -0.014782527 0.0055184797
v 0.018998415 -0.014636906 0.0054372004
v 0.019272052 -0.014724128 0.006162917
v 0.01922756 -0.014598745 0.0063463323
v 0.019233131 -0.014748654 0.0062622898
v 0.019251162 -0.014731713 0.0064547962
v 0.019256887 -0.014781909 0.0064830467
v 0.019259819 -0.014939853 0.0063548026
v 0.019267973 -0.015001804 0.0065510393
v 0.019266166 -0.015117325 0.0065563438
v 0.019267686 -0.015059462 0.0065561378
v 0.019259482 -0.015231908 0.0065421092
v 0.019243543 -0.015277659 0.0063540436
v 0.019232437 -0.015444467 0.0064573337
v 0.019223676 -0.015391941 0.0062935003
v 0.019212898 -0.015535985 0.0063893685
v 0.019439316 -0.015609913 0.0063154391
v 0.019497583 -0.015608506 0.0062979957
v 0.019554523 -0.0156032 0.0062772365
v 0.01974921 -0.015101968 0.006213121
v 0.019857197 -0.015178552 0.0063018078
v 0.019742476 -0.015217699 0.0061988228
v 0.019844173 -0.015320807 0.0062653011
v 0.019728791 -0.015325478 0.0061559291
v 0.01970907 -0.015417954 0.0060873512
v 0.019794782 -0.015552145 0.0060934988
v 0.019684666 -0.015488828 0.0059977695
v 0.019761781 -0.015625464 0.0059699113
v 0.019657247 -0.015533275 0.0058932887
v 0.019726131 -0.015663192 0.0058319105
v 0.019628671 -0.015548255 0.0057810272
v 0.019569187 -0.015523972 0.005698589
v 0.019592143 -0.015520943 0.0056324757
v 0.019646298 -0.015603247 0.0055072411
v 0.019568341 -0.015466795 0.0055317529
v 0.019555112 -0.015416544 0.0054735892
v 0.019544471 -0.015356704 0.0054247115
v 0.019536745 -0.015289096 0.0053865987
v 0.019532169 -0.015215773 0.0053604104
v 0.019584735 -0.015175262 0.0052155428
v 0.019463119 -0.015082386 0.0054663869
v 0.01953516 -0.015022317 0.0053513968
v 0.019542038 -0.014947052 0.0053706548
v 0.01960787 -0.014841041 0.0052715633
v 0.019557864 -0.014843601 0.0054225302
v 0.019631616 -0.014720556 0.0053531603
v 0.01957931 -0.014757689 0.0054987055
v 0.019596024 -0.014713109 0.0055604827
v 0.019614081 -0.014680318 0.005628907
v 0.019632937 -0.014660307 0.0057018935
v 0.019731727 -0.014539085 0.0057325093
v 0.019661463 -0.014655474 0.0058150593
v 0.019767123 -0.014552362 0.0058750203
v 0.019688548 -0.014681001 0.0059257764
v 0.019704887 -0.014714109 0.0059944788
v 0.019818318 -0.014656301 0.0060903094
v 0.019725581 -0.014785396 0.0060846649
v 0.019840944 -0.014760827 0.0061918035
v 0.019740462 -0.014878191 0.0061540277
v 0.019855526 -0.014888686 0.0062637627
v 0.01974852 -0.014986168 0.00619784
v 0.019861069 -0.015031164 0.0063012831
v 0.019711609 -0.015141854 0.0062437077
v 0.019812608 -0.015233105 0.0063380005
v 0.019702027 -0.015261498 0.0062184614
v 0.019795749 -0.01537973 0.0062866861
v 0.019685406 -0.015370124 0.0061639817
v 0.019770583 -0.015507419 0.0062002095
v 0.019662883 -0.01546033 0.0060839856
v 0.019738824 -0.015607472 0.0060844643
v 0.019635995 -0.015525972 0.0059839257
v 0.019702636 -0.01567307 0.0059473382
v 0.01960657 -0.015562571 0.0058706184
v 0.019664485 -0.015699742 0.005798176
v 0.019576617 -0.015567637 0.005751787
v 0.019522131 -0.015538931 0.0056641682
v 0.019539372 -0.015525058 0.0055987322
v 0.019582337 -0.015605582 0.0054605757
v 0.019515923 -0.015458939 0.0054981229
v 0.019503345 -0.015400916 0.0054417095
v 0.019493667 -0.015333742 0.0053958681
v 0.019487184 -0.015259464 0.0053619859
v 0.019484092 -0.015180334 0.0053410965
v 0.019527667 -0.015126223 0.0051907909
v 0.019491556 -0.014977235 0.0053488497
v 0.01950038 -0.014900367 0.005375698
v 0.019559467 -0.014778901 0.0052799245
v 0.019519114 -0.014797111 0.0054391889
v 0.019587046 -0.014659538 0.00537692
v 0.019543279 -0.014714486 0.0055265543
v 0.019561606 -0.014673713 0.0055951768
v 0.019581062 -0.01464589 0.005669707
v 0.019601054 -0.014631862 0.0057478785
v 0.019695895 -0.014504171 0.0057939197
v 0.019630731 -0.014637488 0.0058667539
v 0.01973262 -0.014531748 0.005943275
v 0.019658228 -0.014674627 0.0059803687
v 0.019674416 -0.014715725 0.0060493347
v 0.01978381 -0.014661915 0.0061613856
v 0.019694255 -0.014798768 0.0061373925
v 0.019805102 -0.014781868 0.0062592334
v 0.019707591 -0.014902327 0.0062017477
v 0.019817449 -0.014923629 0.00632379
v 0.019713508 -0.015019348 0.0062380084
v 0.019820009 -0.015077537 0.0063506559
v 0.019773992 -0.015129693 0.00639217
v 0.019671312 -0.015184744 0.0062677724
v 0.019762829 -0.015290956 0.0063651399
v 0.01965879 -0.015306388 0.0062310296
v 0.019742077 -0.015439239 0.0062984857
v 0.019639285 -0.015413879 0.0061649276
v 0.01971315 -0.015564434 0.0061967497
v 0.019614124 -0.015499886 0.0060739661
v 0.019678019 -0.015658012 0.0060668652
v 0.019585027 -0.015558554 0.005964351
v 0.019639078 -0.015713595 0.0059176834
v 0.019553975 -0.015585885 0.0058435497
v 0.019598982 -0.015727394 0.0057593709
v 0.019523084 -0.015580015 0.0057197939
v 0.019472068 -0.015545547 0.0056284592
v 0.019485764 -0.015521555 0.0055647246
v 0.019516053 -0.015597258 0.0054147673
v 0.019463147 -0.015443606 0.0054661521
v 0.01945152 -0.015378185 0.0054127257
v 0.019443078 -0.015304272 0.0053710741
v 0.019438076 -0.015224111 0.0053424639
v 0.019436668 -0.01514014 0.005327756
v 0.019470241 -0.015071257 0.0051752317
v 0.019441357 -0.015012631 0.005332636
v 0.019448876 -0.014930359 0.0053537068
v 0.019459663 -0.014853198 0.0053883362
v 0.019510977 -0.014716955 0.0052992272
v 0.019481221 -0.014752119 0.0054633203
v 0.019542215 -0.014601446 0.0054112223
v 0.0195079 -0.014674655 0.0055612577
v 0.019527641 -0.01463882 0.0056360607
v 0.019548255 -0.01461696 0.0057158512
v 0.019569115 -0.014609731 0.0057982035
v 0.0196584 -0.014478488 0.0058609697
v 0.019599481 -0.014626694 0.005921063
v 0.0196958 -0.014521357 0.0060146722
v 0.019626905 -0.014675823 0.0060356857
v 0.019642622 -0.014724875 0.0061036295
v 0.019745868 -0.014677837 0.0062311574
v 0.01966115 -0.01481919 0.0061876872
v 0.019765212 -0.014812319 0.0063228156
v 0.019672532 -0.014932554 0.0062453344
v 0.019774805 -0.014966439 0.006377734
v 0.019676001 -0.015057236 0.0062726541
v 0.019635953 -0.015098765 0.0063011065
v 0.019723237 -0.015186025 0.0064248621
v 0.019628343 -0.015229437 0.0062849302
v 0.019708194 -0.015350327 0.0063826973
v 0.019612875 -0.015351116 0.0062364615
v 0.019557395 -0.015400726 0.0061714273
v 0.019590605 -0.015455513 0.0061590054
v 0.019651148 -0.01561752 0.0061842675
v 0.019563049 -0.015535515 0.0060578385
v 0.019613033 -0.015702202 0.0060415253
v 0.019532083 -0.015585665 0.0059398538
v 0.019571857 -0.015745778 0.005882136
v 0.01949982 -0.015602553 0.0058130927
v 0.019530427 -0.015745278 0.0057169616
v 0.019468456 -0.015585019 0.0056861935
v 0.019419812 -0.015543527 0.005592843
v 0.019431705 -0.015510495 0.0055316569
v 0.019448278 -0.015578491 0.005371496
v 0.019410377 -0.015421183 0.0054369847
v 0.019399975 -0.015348946 0.0053877004
v 0.019393007 -0.015269068 0.0053512804
v 0.019389686 -0.015183977 0.0053288315
v 0.019390113 -0.015096258 0.0053210361
v 0.019413017 -0.015011992 0.0051696322
v 0.01939772 -0.014965588 0.0053372143
v 0.019378739 -0.014895956 0.0054047402
v 0.019435266 -0.014796203 0.0052349413
v 0.01941992 -0.014806806 0.0054084998
v 0.019462693 -0.014657044 0.005329185
v 0.019444142 -0.014709823 0.005494535
v 0.019497305 -0.014548004 0.0054553264
v 0.019473058 -0.014639263 0.0056021425
v 0.01949398 -0.014609356 0.0056822876
v 0.019515482 -0.014594283 0.0057663471
v 0.019536906 -0.014594504 0.0058517659
v 0.019619202 -0.014462782 0.0059319274
v 0.019567489 -0.014623357 0.0059767728
v 0.019656604 -0.014521475 0.0060873478
v 0.019594357 -0.014684528 0.0060904854
v 0.019566667 -0.014781085 0.0061345636
v 0.019593725 -0.014791007 0.0062045043
v 0.019626086 -0.01484608 0.006234438
v 0.019721306 -0.014851232 0.0063809204
v 0.019635182 -0.014968009 0.0062838839
v 0.019727709 -0.015015793 0.0064242561
v 0.01967482 -0.015128762 0.0064624633
v 0.019590774 -0.015187557 0.0063172946
v 0.019582805 -0.015274687 0.0062949677
v 0.019564472 -0.015394435 0.0062348666
v 0.019539635 -0.01549387 0.0061466417
v 0.019585227 -0.015665037 0.0061634453
v 0.019509984 -0.01556621 0.0060362989
v 0.019544605 -0.015738672 0.0060095164
v 0.019477541 -0.015606527 0.0059113598
v 0.019501779 -0.015768613 0.0058420766
v 0.019444515 -0.015612075 0.0057803391
v 0.019459669 -0.015752817 0.0056725367
v 0.01941316 -0.015582474 0.0056521663
v 0.019351058 -0.015513509 0.005555391
v 0.019377607 -0.015492149 0.0055006912
v 0.019379836 -0.015549812 0.0053323777
v 0.019357989 -0.015392246 0.0054116833
v 0.019349052 -0.015313955 0.0053675874
v 0.019343759 -0.015229052 0.0053373019
v 0.019342271 -0.015140116 0.0053217461
v 0.019349736 -0.015066221 0.0051600569
v 0.019347243 -0.015005075 0.0053269389
v 0.019355212 -0.014917945 0.0053492677
v 0.019383892 -0.014734936 0.0052603207
v 0.019381176 -0.014762427 0.005435912
v 0.019414851 -0.014600947 0.0053692018
v 0.019407825 -0.014671354 0.0055322611
v 0.019452449 -0.014500797 0.0055082087
v 0.019409882 -0.014615221 0.0056334556
v 0.019479952 -0.01445631 0.0056130037
v 0.019460476 -0.014586106 0.0057328743
v 0.019482568 -0.014578468 0.0058200942
v 0.019504248 -0.01458657 0.0059073762
v 0.019578263 -0.014457498 0.0060049552
v 0.019534563 -0.014627551 0.0060326335
v 0.019529817 -0.014659524 0.0061265489
v 0.019560409 -0.014700483 0.0061435423
v 0.019659626 -0.014738266 0.0063596297
v 0.019588963 -0.014878679 0.0062766425
v 0.019673487 -0.014897398 0.0064320967
v 0.019595482 -0.015007711 0.0063165909
v 0.01967636 -0.015070166 0.0064622548
v 0.019486698 -0.015527865 0.0061284164
v 0.019516112 -0.015705513 0.0061352285
v 0.019455315 -0.0155911 0.006010184
v 0.019473537 -0.015766283 0.0059721221
v 0.019421826 -0.015620534 0.0058798974
v 0.019429698 -0.015781371 0.0057990328
v 0.019388512 -0.015614159 0.0057464355
v 0.019387582 -0.015749747 0.0056277564
v 0.019357645 -0.015572413 0.0056188934
v 0.01937221 -0.01463773 0.0055757487
v 0.019376146 -0.014588615 0.0056826328
v 0.019436447 -0.014425587 0.0056791451
v 0.019426992 -0.014569675 0.0057867166
v 0.019449363 -0.014569924 0.0058759024
v 0.019470976 -0.014586125 0.0059637941
v 0.019535554 -0.014462762 0.0060781638
v 0.019500547 -0.014639147 0.0060873934
v 0.019288546 -0.014667182 0.0055322637
v 0.019321164 -0.014506678 0.0054755836
v 0.01933722 -0.014609843 0.0056240941
v 0.019342286 -0.014569771 0.0057358955
v 0.019392722 -0.014404539 0.0057497212
v 0.019393392 -0.014560497 0.0058426288
v 0.019387748 -0.014562204 0.005916266
v 0.019451174 -0.014415784 0.0059839027
v 0.019413481 -0.014644389 0.0060138005
v 0.019429472 -0.014618696 0.006088676
v 0.019465022 -0.014654287 0.0061428798
v 0.019424983 -0.015519354 0.0061682976
v 0.019432185 -0.015556553 0.0061050771
v 0.019393662 -0.015588937 0.0060509992
v 0.019399478 -0.015609477 0.0059804537
v 0.019359826 -0.015624741 0.0059200227
v 0.019365403 -0.015627266 0.0058465724
v 0.019320388 -0.015582459 0.0057688794
v 0.019332282 -0.015608705 0.0057125566
v 0.019293849 -0.01558772 0.0056530615
v 0.019302371 -0.015555059 0.0055875402
v 0.019253166 -0.014638194 0.0055800036
v 0.019275531 -0.014471284 0.005539393
v 0.019302763 -0.014588413 0.0056762582
v 0.019308428 -0.014559312 0.0057917123
v 0.019348779 -0.014393767 0.0058229308
v 0.019363631 -0.014393946 0.0058821467
v 0.019353569 -0.014567997 0.0059725646
v 0.019366009 -0.014624506 0.0060250701
v 0.019376729 -0.014707344 0.0061185806
v 0.019369837 -0.015545883 0.0061432714
v 0.019400156 -0.015714221 0.006170661
v 0.019371513 -0.015760555 0.0060615148
v 0.019326018 -0.015616762 0.0059763065
v 0.019326909 -0.015791739 0.0058871229
v 0.019292853 -0.015525338 0.0058258909
v 0.019258499 -0.015559609 0.0056978247
v 0.019238625 -0.015567738 0.0056226918
v 0.019230865 -0.015681653 0.0054924201
v 0.019215996 -0.014677 0.0055291572
v 0.019218809 -0.014616701 0.0056321486
v 0.019230777 -0.01444518 0.005608223
v 0.019240662 -0.01458135 0.0057154152
v 0.019259993 -0.014408916 0.0057207386
v 0.01927469 -0.014557554 0.0058484578
v 0.01930461 -0.014393561 0.0058968971
v 0.019319241 -0.014399049 0.0059558036
v 0.019318778 -0.01458228 0.0060268508
v 0.019373619 -0.01447266 0.0061804983
v 0.019363087 -0.015505883 0.0062051366
v 0.019313896 -0.015564918 0.0061137793
v 0.019326957 -0.015737122 0.0061314264
v 0.019312477 -0.01575779 0.0060759528
v 0.019286191 -0.015624764 0.0059144377
v 0.019224556 -0.01561152 0.0057627589
v 0.019215004 -0.015542674 0.0057223014
v 0.019184743 -0.015540093 0.0055963498
v 0.019181021 -0.014654267 0.0055816576
v 0.019185615 -0.014603402 0.0056872
v 0.019235019 -0.014566964 0.0057874151
v 0.019241188 -0.014564537 0.0059044778
v 0.0192799 -0.014567543 0.0059663539
v 0.019310977 -0.014609639 0.0060947729
v 0.019326015 -0.014507149 0.0062431502
v 0.019306372 -0.015526126 0.006175643
v 0.019274763 -0.015589749 0.0060565534
v 0.019252374 -0.015613426 0.0059698835
v 0.019229721 -0.015621205 0.0058804411
v 0.019180218 -0.015775223 0.0057993608
v 0.019126346 -0.015702297 0.0055767556
v 0.01912815 -0.014688491 0.0055620983
v 0.019147109 -0.014634879 0.0056345087
v 0.019179205 -0.014583004 0.0057568142
v 0.019201488 -0.014567453 0.0058439365
v 0.019208044 -0.014579971 0.0059581451
v 0.019245137 -0.014583879 0.0060196819
v 0.019242186 -0.014460391 0.0061493689
v 0.019265124 -0.0147278 0.0060900178
v 0.019270809 -0.015489492 0.0062173842
v 0.019250597 -0.015543074 0.006145292
v 0.019209169 -0.015717109 0.0061538431
v 0.019218501 -0.01559495 0.0060229869
v 0.019196219 -0.0156105 0.0059358648
v 0.019174017 -0.015610204 0.0058473461
v 0.019152569 -0.015594074 0.00576012
v 0.019132528 -0.015562594 0.0056768375
v 0.019058327 -0.015660528 0.0055465287
v 0.019047392 -0.015626352 0.0054992482
v 0.019009448 -0.014596111 0.0054767548
v 0.019121993 -0.014754908 0.0056701649
v 0.01911405 -0.014622699 0.0056894602
v 0.019073735 -0.014453283 0.0057175075
v 0.019146155 -0.014582908 0.0058131042
v 0.019168011 -0.014575418 0.0058994056
v 0.019175403 -0.014603322 0.0060079095
v 0.019209843 -0.014606906 0.0060695318
v 0.019201865 -0.01557678 0.0063498142
v 0.019203109 -0.01546886 0.0061625851
v 0.019177693 -0.015646893 0.0062610653
v 0.019194951 -0.015552846 0.0061125984
v 0.019137579 -0.015719608 0.0061090614
v 0.019162847 -0.015592639 0.0059889541
v 0.019140989 -0.015600127 0.005902653
v 0.019119543 -0.015592044 0.005816302
v 0.019099158 -0.015568642 0.0057325251
v 0.019080455 -0.015530628 0.0056538684
v 0.019231993 -0.015088299 0.0063952282
v 0.019227869 -0.015174754 0.0063881543
v 0.019205432 -0.015228873 0.0063064575
v 0.019209183 -0.015337083 0.0063312529
v 0.019187199 -0.015439956 0.0062547761
v 0.019132273 -0.015594961 0.0063077707
v 0.019107746 -0.015654756 0.0062164908
v 0.019139893 -0.015555164 0.0060787098
v 0.019067948 -0.015711562 0.0060640262
v 0.019108261 -0.015582866 0.005955637
v 0.019087134 -0.015582569 0.0058714042
v 0.019066725 -0.015567201 0.0057884042
v 0.019047659 -0.015537226 0.0057091603
v 0.019030506 -0.015493565 0.0056360775
v 0.018909905 -0.015427988 0.0054034361
v 0.018992405 -0.015255311 0.0054584279
v 0.018894565 -0.015221935 0.0053199901
v 0.01898891 -0.015128284 0.0054307376
v 0.019044335 -0.015018134 0.0055319583
v 0.01901527 -0.014944272 0.0055177532
v 0.019012405 -0.014836089 0.0054927414
v 0.019034386 -0.014733214 0.0055692158
v 0.01899348 -0.014515144 0.0056376997
v 0.019081691 -0.014618005 0.0057452818
v 0.019033278 -0.014458338 0.0057901643
v 0.019113323 -0.0145903 0.0058683543
v 0.019134451 -0.014590601 0.0059525874
v 0.019143425 -0.014633752 0.0060523627
v 0.019173927 -0.014635942 0.006114832
v 0.019148698 -0.014545005 0.0062595588
v 0.019198768 -0.014706176 0.0062214385
v 0.019217614 -0.014802332 0.0063069587
v 0.019226193 -0.014877662 0.0063493069
v 0.019232434 -0.015001791 0.006387621
v 0.019183235 -0.015128984 0.0063873084
v 0.019140178 -0.015218319 0.0065231614
v 0.01912286 -0.015368948 0.0064704456
v 0.019156361 -0.01536239 0.0063054696
v 0.019097006 -0.015500125 0.0063816074
v 0.019133299 -0.015454562 0.006223525
v 0.019115333 -0.015502359 0.0061571039
v 0.019039949 -0.015652107 0.006170659
v 0.019085865 -0.015549949 0.0060448119
v 0.019001135 -0.015693184 0.0060204118
v 0.019055171 -0.015565881 0.0059242019
v 0.019035061 -0.015558285 0.0058432273
v 0.019015947 -0.015536323 0.0057646697
v 0.018998413 -0.015500657 0.0056909172
v 0.018982984 -0.015452382 0.0056242066
v 0.018876412 -0.015497461 0.0055021332
v 0.018964804 -0.01535961 0.005541711
v 0.018956532 -0.015286932 0.005500865
v 0.018951638 -0.015208132 0.0054728356
v 0.018847191 -0.015161953 0.0053493464
v 0.01895094 -0.015083722 0.0054565795
v 0.018872379 -0.014798073 0.0054103383
v 0.018979362 -0.014808446 0.0055400631
v 0.018898232 -0.014666896 0.0054991763
v 0.01900243 -0.014716276 0.0056220098
v 0.019020393 -0.01466848 0.0056884305
v 0.018955289 -0.014514914 0.0057101247
v 0.019049861 -0.014620892 0.0058007233
v 0.018994103 -0.014473838 0.005860372
v 0.019080556 -0.01460496 0.0059213322
v 0.019100666 -0.014612553 0.0060023069
v 0.01911231 -0.014670207 0.0060902758
v 0.019137317 -0.014670176 0.0061546183
v 0.019101502 -0.014596939 0.0063017415
v 0.019159515 -0.014746882 0.0062513972
v 0.019126136 -0.014710741 0.0064122423
v 0.019175468 -0.014846657 0.0063257817
v 0.019182076 -0.014922686 0.0063603497
v 0.019147169 -0.01495223 0.0065222141
v 0.019185448 -0.015045234 0.0063870562
v 0.019137694 -0.015085937 0.0063793953
v 0.019133884 -0.015165744 0.0063728521
v 0.019077866 -0.015259187 0.0064935121
v 0.019122076 -0.015280073 0.0063381666
v 0.019058577 -0.015397013 0.006431558
v 0.019103707 -0.01538106 0.0062758922
v 0.019031689 -0.01551338 0.0063369961
v 0.01908003 -0.015461823 0.0061902739
v 0.019062081 -0.015501642 0.0061230514
v 0.01897515 -0.015638996 0.0061252571
v 0.019033271 -0.015537319 0.0060120961
v 0.018937957 -0.015664999 0.0059798376
v 0.019003957 -0.015542118 0.0058957711
v 0.018985119 -0.015527918 0.0058191554
v 0.018967515 -0.01550024 0.0057460072
v 0.018951689 -0.015459916 0.0056785533
v 0.018938107 -0.015408187 0.0056188359
v 0.018825113 -0.015435893 0.0055052918
v 0.018922845 -0.015312708 0.0055476682
v 0.018916526 -0.015239955 0.0055145981
v 0.018913526 -0.015162474 0.0054942494
v 0.018804572 -0.015105869 0.0053876927
v 0.018915419 -0.015042554 0.005488819
v 0.018920888 -0.014963683 0.0055020883
v 0.018929551 -0.014888479 0.0055284664
v 0.018835573 -0.014767262 0.0054745896
v 0.018947924 -0.014787494 0.0055907433
v 0.018862461 -0.014650895 0.0055691515
v 0.018971597 -0.01470673 0.0056763613
v 0.018989547 -0.014666914 0.0057435848
v 0.018919 -0.014525279 0.0057808904
v 0.019018354 -0.014631236 0.0058545399
v 0.018956193 -0.014499277 0.00592631
v 0.019047671 -0.014626433 0.0059708642
v 0.019066508 -0.014640632 0.0060474809
v 0.019082292 -0.014711439 0.0061206441
v 0.019099941 -0.014708636 0.0061880819
v 0.019054287 -0.014653212 0.0063339338
v 0.01911933 -0.014790034 0.0062741763
v 0.019075045 -0.014770155 0.0064293263
v 0.019132348 -0.014891488 0.0063370371
v 0.019137027 -0.014966891 0.0063638518
v 0.019089831 -0.015007696 0.0065139709
v 0.019089388 -0.015122751 0.0063651198
v 0.019084198 -0.015197537 0.0063525277
v 0.019016979 -0.015291878 0.0064566595
v 0.019070816 -0.015302519 0.006310575
v 0.018996332 -0.015415464 0.00638775
v 0.01905157 -0.01539255 0.0062436089
v 0.018969077 -0.015516246 0.006290034
v 0.019027767 -0.015461496 0.0061562002
v 0.019010158 -0.015493357 0.006089467
v 0.018914162 -0.01561579 0.0060819454
v 0.018982468 -0.015517581 0.0059817327
v 0.018879177 -0.01562783 0.0059438173
v 0.018954929 -0.0155122 0.0058714009
v 0.018937587 -0.015492263 0.005800125
v 0.018921675 -0.015459897 0.0057332087
v 0.018907684 -0.015416079 0.0056726882
v 0.018896027 -0.01536215 0.0056203983
v 0.018779237 -0.015373699 0.0055179888
v 0.018883688 -0.015265943 0.0055607963
v 0.01887925 -0.015194441 0.0055353737
v 0.018878019 -0.015119558 0.0055223585
v 0.01876685 -0.015055348 0.0054341541
v 0.018882235 -0.015005881 0.0055268516
v 0.018888966 -0.014932555 0.0055457281
v 0.018898602 -0.014863803 0.0055766929
v 0.018802393 -0.014746219 0.0055423405
v 0.018917846 -0.014773769 0.0056436543
v 0.018829648 -0.014645437 0.0056400563
v 0.018941649 -0.014704821 0.0057310611
v 0.018959256 -0.014672957 0.0057977937
v 0.018884563 -0.014545893 0.0058481451
v 0.01898695 -0.014648739 0.0059055299
v 0.018919548 -0.014533853 0.005986273
v 0.019014487 -0.014654121 0.0060158614
v 0.019031829 -0.014674058 0.0060871372
v 0.019061732 -0.014750239 0.0062145764
v 0.019007336 -0.014712088 0.0063554524
v 0.019078225 -0.014834428 0.0062894134
v 0.019024214 -0.014829425 0.0064354245
v 0.019088341 -0.014935565 0.006340691
v 0.019091185 -0.015009038 0.0063599843
v 0.01903313 -0.015058564 0.0064957664
v 0.013433388 -0.014122645 0.013574454
v 0.013435747 -0.014100949 0.013506468
v 0.012939776 -0.014143742 0.013441001
v 0.010905528 -0.014133143 0.013112502
v 0.010878971 -0.014069736 0.013161708
v 0.011315779 -0.01411824 0.01344311
v 0.010847579 -0.014099167 0.013215235
v 0.010940705 -0.014145323 0.013000271
v 0.010926966 -0.014083653 0.013046667
v 0.011413695 -0.014132779 0.013159831
v 0.010824733 -0.014128488 0.013264286
v 0.013452846 -0.014147365 0.013748497
v 0.013448204 -0.014116798 0.013691884
v 0.012930503 -0.014129839 0.013740612
v 0.013436217 -0.014165378 0.013460589
v 0.01191382 -0.014134318 0.013296701
v 0.01184487 -0.014119849 0.01358832
v 0.012423741 -0.014137981 0.01339065
v 0.012384433 -0.014123725 0.013687731
v 0.013439385 -0.014087819 0.013631005
v 0.019606379 -0.014568303 0.0092867625
v 0.01958053 -0.014540591 0.0093494549
v 0.018702827 -0.014795215 0.0096096471
v 0.018585178 -0.014692006 0.0096463157
v 0.018695311 -0.014862548 0.0096272425
v 0.01872577 -0.014695627 0.0095580513
v 0.01874759 -0.0146543 0.0095123592
v 0.018642191 -0.014499046 0.0094771227
v 0.018779107 -0.014578579 0.0094117003
v 0.018830724 -0.014539887 0.0092525442
v 0.018882526 -0.014575601 0.009095602
v 0.018920135 -0.014640136 0.0090274639
v 0.018848632 -0.014587396 0.0088640592
v 0.018865711 -0.014657889 0.008813305
v 0.018950798 -0.014833072 0.0088891555
v 0.018878623 -0.014736609 0.0087749221
v 0.018953512 -0.01490123 0.0088769519
v 0.018951458 -0.014965719 0.008879614
v 0.018953517 -0.015030107 0.0089005049
v 0.01887796 -0.015125305 0.0087766831
v 0.018871916 -0.015165368 0.0087946099
v 0.018856608 -0.015239799 0.0088400252
v 0.018906856 -0.01521639 0.0089744542
v 0.018877457 -0.015288172 0.0090962572
v 0.018882875 -0.015276694 0.0092095025
v 0.018829344 -0.015317393 0.0092571795
v 0.018846358 -0.015294735 0.0093453573
v 0.018780654 -0.015277711 0.0094146479
v 0.018774921 -0.015210603 0.0094841958
v 0.018608462 -0.015269977 0.0095768665
v 0.01872976 -0.015149479 0.0095583087
v 0.01871617 -0.015059941 0.0096034411
v 0.018708155 -0.014994497 0.0096213259
v 0.018697681 -0.014928417 0.0096289322
v 0.019789991 -0.014908418 0.0090225174
v 0.019597865 -0.01486914 0.0091428509
v 0.019782601 -0.014772883 0.0090445331
v 0.019629576 -0.014759041 0.0091468973
v 0.019590731 -0.014690711 0.009174955
v 0.019746552 -0.014574863 0.0091516848
v 0.019659264 -0.01441514 0.0094109686
v 0.019537358 -0.01451815 0.0094585692
v 0.019474529 -0.014534042 0.009522632
v 0.019615565 -0.014402493 0.0095407354
v 0.019492457 -0.014535955 0.0095875741
v 0.019558497 -0.014441223 0.0097101753
v 0.019454779 -0.014582528 0.0096739592
v 0.019520374 -0.014509401 0.0098233446
v 0.019423817 -0.01465157 0.0097435205
v 0.0194807 -0.014643679 0.0099410825
v 0.019473299 -0.014683363 0.0099630377
v 0.019400724 -0.01479171 0.0098445897
v 0.019458069 -0.014812351 0.010008194
v 0.019387173 -0.014891233 0.0098487617
v 0.01945401 -0.014949278 0.010020173
v 0.019332132 -0.015008332 0.0097481939
v 0.019386692 -0.015082725 0.009794553
v 0.019427044 -0.015187821 0.0097933943
v 0.019448671 -0.015262662 0.0097056714
v 0.01947029 -0.015300707 0.0096494844
v 0.019492234 -0.015321951 0.0095902081
v 0.019599167 -0.015450754 0.0095888695
v 0.019520761 -0.015332414 0.0094887069
v 0.019643052 -0.01545142 0.0094585525
v 0.01954998 -0.015314939 0.009390974
v 0.019549081 -0.015285222 0.0093074753
v 0.019711568 -0.01537447 0.0092551385
v 0.019616606 -0.015250218 0.0092429645
v 0.019745338 -0.015286591 0.0091549095
v 0.019615928 -0.015153606 0.0091823582
v 0.019776971 -0.015132779 0.0090610588
v 0.01962557 -0.01503002 0.0091315156
v 0.019650813 -0.014965449 0.0091091205
v 0.019464008 -0.014424962 0.0089762338
v 0.01914923 -0.015295775 0.0090669199
v 0.019115924 -0.015420083 0.0088804249
v 0.019118973 -0.015270294 0.0089648078
v 0.019151683 -0.015287937 0.0087743101
v 0.019161005 -0.015237949 0.008746655
v 0.019163335 -0.0149108 0.0088443644
v 0.019180679 -0.014788258 0.0086884737
v 0.019151202 -0.014741878 0.0088747431
v 0.0191529 -0.01457494 0.0087710797
v 0.019129776 -0.014627025 0.0089336515
v 0.019130586 -0.014482844 0.0088373887
v 0.01935241 -0.014415113 0.008929056
v 0.019409055 -0.014418109 0.0089510467
v 0.018845686 -0.014400387 0.0096834258
v 0.018896599 -0.014555679 0.0096290243
v 0.018915809 -0.014639517 0.0096282377
v 0.018806389 -0.014522271 0.0098000524
v 0.018795712 -0.014569525 0.0098317311
v 0.018863004 -0.014695067 0.0097305374
v 0.018772082 -0.014726151 0.0099018153
v 0.018763901 -0.014838944 0.0099260501
v 0.018762093 -0.014954465 0.0099313546
v 0.018762192 -0.014896582 0.0099310924
v 0.018766716 -0.015069205 0.0099175676
v 0.018855905 -0.015115595 0.0097514084
v 0.018794496 -0.015282522 0.0098349616
v 0.018910379 -0.015200717 0.0096429309
v 0.018934296 -0.015251471 0.0096406769
v 0.018881543 -0.015428133 0.0097595574
v 0.018935576 -0.015436748 0.009786155
v 0.019166281 -0.015432623 0.0098597807
v 0.019353514 -0.014926343 0.0099030547
v 0.01939817 -0.01499985 0.010037196
v 0.019410105 -0.015142449 0.010001677
v 0.019372214 -0.015150395 0.0098474121
v 0.019433415 -0.015270491 0.0099323913
v 0.019394726 -0.015243453 0.0097805009
v 0.01946651 -0.01537525 0.0098340611
v 0.019424165 -0.015315076 0.0096930538
v 0.019446659 -0.015348426 0.0096262334
v 0.019470665 -0.015369032 0.0095549435
v 0.01956818 -0.015492968 0.0095320957
v 0.019507896 -0.015374772 0.0094443795
v 0.019615078 -0.015480828 0.0093928413
v 0.019544339 -0.015350125 0.0093361763
v 0.019534002 -0.015296569 0.009247019
v 0.019587438 -0.015273174 0.0092082366
v 0.019709249 -0.015312418 0.009113294
v 0.019612789 -0.015187495 0.0091330041
v 0.019625364 -0.015120168 0.0090956963
v 0.019634019 -0.015047027 0.009070035
v 0.019755589 -0.015005268 0.0089758565
v 0.01963911 -0.014931307 0.0090549828
v 0.01975584 -0.01485783 0.0089751885
v 0.019634466 -0.014815419 0.0090688308
v 0.019743904 -0.014715231 0.0090107075
v 0.019620415 -0.014707256 0.0091106268
v 0.019597899 -0.014614195 0.0091775328
v 0.019578928 -0.01456373 0.0092338933
v 0.019557445 -0.014524361 0.0092977028
v 0.019534107 -0.014497277 0.0093670208
v 0.019601488 -0.014369243 0.0094337911
v 0.019497177 -0.014481391 0.00947669
v 0.019430718 -0.014503932 0.0095541444
v 0.019448286 -0.014507522 0.0096218615
v 0.019494629 -0.014426608 0.0097510729
v 0.019415115 -0.014560883 0.0097203294
v 0.019455939 -0.014510591 0.0098659145
v 0.019387478 -0.014639318 0.0098023522
v 0.019373078 -0.014702957 0.0098450828
v 0.019410843 -0.014710181 0.0099997183
v 0.019358604 -0.014810623 0.0098880047
v 0.019398421 -0.014852411 0.010036528
v 0.01930625 -0.014967204 0.0099091233
v 0.019342326 -0.015055555 0.010044439
v 0.019314494 -0.015087094 0.0098845797
v 0.019359131 -0.015202646 0.0099944567
v 0.019332361 -0.015196197 0.0098314648
v 0.019387517 -0.015331076 0.0099100996
v 0.019358633 -0.015287078 0.0097534007
v 0.019425547 -0.015432094 0.009797116
v 0.019391522 -0.015353546 0.0096557059
v 0.019416029 -0.015381975 0.0095829148
v 0.019441742 -0.015396638 0.0095065525
v 0.019536362 -0.015526946 0.0094680083
v 0.01948086 -0.015391961 0.0093903989
v 0.019585519 -0.015500557 0.0093220515
v 0.019518264 -0.015355721 0.0092793519
v 0.019514262 -0.015296574 0.0091901577
v 0.019561101 -0.01526286 0.0091521992
v 0.019679982 -0.015295508 0.0090416589
v 0.01958512 -0.015165965 0.0090809363
v 0.019596303 -0.015091927 0.0090477573
v 0.019603219 -0.015012937 0.0090272625
v 0.019719853 -0.014957833 0.0089234446
v 0.01960516 -0.014890431 0.0090215644
v 0.019715772 -0.014802107 0.0089356457
v 0.019596919 -0.014770542 0.0090461061
v 0.019698967 -0.014655017 0.008985628
v 0.01957905 -0.014661439 0.0090992206
v 0.019670581 -0.014526586 0.0090699854
v 0.019552777 -0.014570558 0.0091772852
v 0.019531458 -0.014523214 0.0092406218
v 0.019507834 -0.014488196 0.0093107868
v 0.019482626 -0.01446657 0.0093856484
v 0.019538402 -0.014330969 0.0094625897
v 0.019443531 -0.014460547 0.0095017476
v 0.019381519 -0.014487645 0.0095847555
v 0.019393147 -0.014501917 0.0096513334
v 0.01942727 -0.014422457 0.0097925417
v 0.019360007 -0.014567252 0.009749704
v 0.019388896 -0.014522316 0.0099064352
v 0.019333389 -0.014657226 0.0098286967
v 0.019320186 -0.014727926 0.0098678703
v 0.019347167 -0.014746079 0.010030229
v 0.019308191 -0.014844699 0.0099034211
v 0.019338245 -0.014899829 0.01005664
v 0.019278273 -0.014953172 0.010067554
v 0.019260308 -0.015011149 0.0099082952
v 0.01928708 -0.015114711 0.010041314
v 0.019272332 -0.015133132 0.0098725204
v 0.019308932 -0.015263582 0.0099763456
v 0.019294026 -0.015241193 0.0098080498
v 0.01934234 -0.01538964 0.0098770764
v 0.019323908 -0.015327963 0.0097192665
v 0.019385026 -0.015484294 0.0097502712
v 0.019359944 -0.015387533 0.0096122288
v 0.019386185 -0.01541004 0.0095342916
v 0.019413279 -0.015417931 0.0094538367
v 0.019503586 -0.015551658 0.0093981775
v 0.019453713 -0.015401948 0.0093337791
v 0.019554182 -0.015510005 0.0092479572
v 0.019491453 -0.015353719 0.009221735
v 0.019491556 -0.015288117 0.0091332533
v 0.019533191 -0.015245232 0.009097859
v 0.019646907 -0.015268706 0.0089727465
v 0.019555288 -0.015137911 0.0090322977
v 0.019564744 -0.01505795 0.0090042593
v 0.019569628 -0.014974066 0.008989803
v 0.019678717 -0.014904472 0.0088784817
v 0.019568089 -0.014846472 0.008994438
v 0.01966991 -0.014742933 0.0089047216
v 0.019556065 -0.014724489 0.0090302099
v 0.019648058 -0.014594062 0.0089696898
v 0.019534375 -0.014616427 0.009094681
v 0.01961465 -0.014468004 0.0090689591
v 0.01950449 -0.014529659 0.0091834643
v 0.019481005 -0.014486632 0.0092532243
v 0.019455489 -0.01445704 0.0093290043
v 0.019428721 -0.014441782 0.0094085026
v 0.019470826 -0.014301477 0.0094961286
v 0.019387998 -0.014446663 0.0095294239
v 0.019328994 -0.014479608 0.0096164061
v 0.019336945 -0.0145039 0.0096809966
v 0.01935737 -0.014428898 0.009832961
v 0.019304468 -0.014581087 0.0097773889
v 0.019320186 -0.014544226 0.0099433141
v 0.019279469 -0.014681968 0.0098515671
v 0.019267825 -0.014759045 0.0098861057
v 0.01928311 -0.014789974 0.010053277
v 0.01925877 -0.014883555 0.0099129291
v 0.019210636 -0.014926128 0.0099159019
v 0.019219172 -0.015010828 0.01006855
v 0.019215887 -0.015056976 0.0099002323
v 0.019232958 -0.015175529 0.010027526
v 0.01923177 -0.01517909 0.0098530082
v 0.019221328 -0.01523027 0.009769101
v 0.0192572 -0.015284147 0.0097774385
v 0.019298105 -0.015444412 0.0098339316
v 0.019290445 -0.015364991 0.0096786788
v 0.019345027 -0.01553027 0.0096945546
v 0.019329239 -0.015416105 0.0095634536
v 0.019356889 -0.015431856 0.0094813389
v 0.019384994 -0.015432321 0.0093978805
v 0.019469699 -0.015566353 0.0093243277
v 0.019426141 -0.015404459 0.0092757127
v 0.019520869 -0.015508885 0.0091724122
v 0.019463588 -0.015344179 0.0091645448
v 0.01946582 -0.015271433 0.0090779123
v 0.019503418 -0.015220772 0.009046347
v 0.019473211 -0.015130083 0.0090212023
v 0.019523068 -0.015104109 0.0089880545
v 0.0195305 -0.015019166 0.0089660322
v 0.019533114 -0.014931478 0.0089583209
v 0.019632278 -0.014846797 0.0088419435
v 0.01952786 -0.014800629 0.008973988
v 0.019618492 -0.014682096 0.0088829674
v 0.019511976 -0.014678516 0.0090212164
v 0.019452922 -0.014627323 0.0090817178
v 0.019486546 -0.01457346 0.0090967852
v 0.019553345 -0.014413213 0.0090765618
v 0.019453304 -0.014492616 0.009195545
v 0.0194279 -0.014454976 0.0092709997
v 0.019400796 -0.01443173 0.0093515007
v 0.01937281 -0.014423593 0.0094346041
v 0.019399655 -0.014281661 0.0095330086
v 0.019331047 -0.014440113 0.0095586099
v 0.019274052 -0.014480145 0.00964778
v 0.019280157 -0.014513426 0.0097096783
v 0.019285895 -0.01444574 0.0098707219
v 0.019248959 -0.014602012 0.0098022715
v 0.019250739 -0.014575659 0.0099750487
v 0.019226138 -0.014712868 0.0098699805
v 0.019216372 -0.014795462 0.0098989342
v 0.019219463 -0.014840539 0.010067778
v 0.019156853 -0.014954863 0.010073155
v 0.019165866 -0.015016099 0.0099065315
v 0.019173166 -0.01510344 0.0098848062
v 0.019192876 -0.015223717 0.0098262162
v 0.019221852 -0.015323893 0.0097401178
v 0.019254953 -0.015493733 0.0097815646
v 0.01925812 -0.015397144 0.0096323823
v 0.019305561 -0.01556863 0.0096312458
v 0.019299207 -0.015438479 0.0095103533
v 0.019327902 -0.015446817 0.0094251427
v 0.019356625 -0.015439413 0.0093398552
v 0.019434527 -0.015570585 0.009248288
v 0.019397861 -0.01539942 0.0092174296
v 0.019485388 -0.015497226 0.0090972975
v 0.019434394 -0.015327353 0.0091089875
v 0.019540565 -0.01534041 0.0089335373
v 0.01947155 -0.015190136 0.0089987231
v 0.019488292 -0.015065467 0.0089490733
v 0.019493459 -0.014976624 0.0089337798
v 0.019585421 -0.014902742 0.0088005721
v 0.019491823 -0.014841491 0.0089387113
v 0.019484524 -0.014754149 0.0089604335
v 0.019464812 -0.014633876 0.0090190299
v 0.019435836 -0.014533697 0.0091051251
v 0.019487322 -0.014363873 0.0090921626
v 0.019383341 -0.014469068 0.0091855157
v 0.019454259 -0.01430929 0.0091903718
v 0.019372544 -0.014429124 0.0092931233
v 0.019344192 -0.014412984 0.0093773213
v 0.019315374 -0.014412514 0.0094628958
v 0.019325843 -0.014272123 0.0095717128
v 0.019273185 -0.014441096 0.0095881585
v 0.019201751 -0.014508209 0.009679653
v 0.019223296 -0.014530241 0.009736251
v 0.019213811 -0.014472475 0.0099042793
v 0.019193957 -0.014629465 0.009823323
v 0.019181458 -0.014615669 0.010000275
v 0.019173811 -0.014749094 0.009883081
v 0.019166193 -0.014836192 0.0099056564
v 0.019156953 -0.014896247 0.01007289
v 0.01918792 -0.015359342 0.0096967339
v 0.019212951 -0.015536112 0.0097211395
v 0.019226788 -0.015423548 0.0095812813
v 0.019266586 -0.015598213 0.0095618402
v 0.019269642 -0.015454037 0.0094540157
v 0.019298986 -0.015454504 0.0093668763
v 0.019327915 -0.015438998 0.009280985
v 0.019397896 -0.015564224 0.0091719397
v 0.019368611 -0.01538695 0.009160166
v 0.019447576 -0.01547538 0.009024467
v 0.019382585 -0.014498232 0.009119147
v 0.019328569 -0.014440005 0.0092060031
v 0.019382136 -0.014275151 0.0092194281
v 0.019315414 -0.014409776 0.0093186564
v 0.019286195 -0.014401297 0.0094054259
v 0.019256946 -0.014408844 0.0094922716
v 0.019250386 -0.014273153 0.0096106545
v 0.019214959 -0.014449583 0.009616931
v 0.019324002 -0.014505081 0.009074506
v 0.019327211 -0.014468025 0.0091381378
v 0.019271447 -0.014418325 0.0092306115
v 0.019307387 -0.01425027 0.0092530335
v 0.019234324 -0.014449143 0.0093514471
v 0.019212583 -0.014393139 0.00940542
v 0.019230363 -0.014238563 0.0094817571
v 0.019181248 -0.014465318 0.0095090419
v 0.019154509 -0.014432559 0.0095778463
v 0.019156923 -0.014465371 0.0096438002
v 0.01913226 -0.015338831 0.0097235861
v 0.019155305 -0.015389533 0.0096481116
v 0.019152826 -0.015423019 0.0095823107
v 0.019196282 -0.015443477 0.0095264038
v 0.019195903 -0.015459886 0.0094543775
v 0.019240323 -0.015462344 0.0093956134
v 0.019240563 -0.015460561 0.0093217625
v 0.019305069 -0.015608752 0.0092591884
v 0.019276181 -0.015379227 0.0092266558
v 0.019297322 -0.015405434 0.0091532491
v 0.019338013 -0.015370896 0.0091020629
v 0.019267803 -0.014477013 0.0090951266
v 0.019270191 -0.014443902 0.0091612542
v 0.019212905 -0.014404766 0.0092581843
v 0.019190339 -0.014432617 0.0093276142
v 0.019153422 -0.014395726 0.0094348226
v 0.019135296 -0.014446862 0.0094910522
v 0.019096527 -0.014450975 0.0096037364
v 0.019081647 -0.014336748 0.0097331117
v 0.019098122 -0.015366515 0.0096717102
v 0.019096455 -0.015547938 0.0096884923
v 0.019122454 -0.015440413 0.0095262201
v 0.019151136 -0.015611251 0.0095260857
v 0.019166497 -0.01546544 0.0093954227
v 0.019209191 -0.015628053 0.009353686
v 0.019211112 -0.015453892 0.0092629455
v 0.019229217 -0.015397803 0.0092116489
v 0.019249574 -0.015315394 0.0091193688
v 0.019264862 -0.01451688 0.0090328785
v 0.019210255 -0.014456408 0.0091201267
v 0.019184735 -0.014481829 0.0091920313
v 0.019211177 -0.01426353 0.0091579342
v 0.019153915 -0.014399793 0.0092874567
v 0.019134463 -0.014230698 0.0093857504
v 0.019094783 -0.014406976 0.0094630426
v 0.019058778 -0.014282064 0.0096104652
v 0.01903999 -0.01447709 0.0096257101
v 0.019041999 -0.015340648 0.0096942182
v 0.019066542 -0.015391176 0.009619097
v 0.019056576 -0.015572873 0.0096163133
v 0.019100061 -0.01539886 0.0094429766
v 0.01912001 -0.015422158 0.0094004176
v 0.019137281 -0.015462242 0.0093362822
v 0.019170917 -0.015621807 0.0092767578
v 0.019181126 -0.015438712 0.0092060965
v 0.019244888 -0.015549971 0.0090571422
v 0.019206574 -0.014495047 0.009057821
v 0.019134631 -0.014253796 0.0091957066
v 0.019109494 -0.014397565 0.0093461471
v 0.019058011 -0.01424215 0.0094232312
v 0.019051459 -0.014428758 0.0095184626
v 0.018984727 -0.014313318 0.0096408048
v 0.019010667 -0.015362464 0.0096390937
v 0.019036182 -0.015409133 0.0095633016
v 0.019052836 -0.015400426 0.0094656815
v 0.019137198 -0.015452306 0.0092633159
v 0.019179474 -0.015411221 0.0091378005
v 0.019203353 -0.015514249 0.0089909629
v 0.019173422 -0.014530728 0.0090133576
v 0.019149065 -0.014476532 0.0090836883
v 0.019113262 -0.014301428 0.0090720811
v 0.019108851 -0.014423656 0.0092031318
v 0.019080193 -0.0144074 0.0092882382
v 0.019051068 -0.014406987 0.0093747258
v 0.019022357 -0.014422422 0.0094599674
v 0.018994939 -0.014453248 0.0095413714
v 0.018913406 -0.014353161 0.0096655177
v 0.018897831 -0.01438697 0.0097117492
v 0.01894438 -0.015334348 0.0096249271
v 0.018980514 -0.015380964 0.0095837067
v 0.019006849 -0.015419907 0.0095054857
v 0.019049387 -0.015450094 0.009379156
v 0.019078513 -0.015450508 0.0092926685
v 0.019107222 -0.01543507 0.0092074273
v 0.019111118 -0.015558573 0.0090777769
v 0.019136668 -0.015291835 0.0091390464
v 0.019117593 -0.014441716 0.0088759922
v 0.019101061 -0.014549425 0.0090626164
v 0.019088429 -0.014370866 0.0089626306
v 0.0190913 -0.014465191 0.0091118939
v 0.019038454 -0.014296906 0.0091110694
v 0.01905064 -0.014424395 0.0092326596
v 0.019022247 -0.01441621 0.0093169715
v 0.018993831 -0.014423604 0.0094013492
v 0.018966253 -0.014446344 0.0094832279
v 0.018940352 -0.01448374 0.0095601193
v 0.018918091 -0.015345894 0.0095678064
v 0.018951577 -0.015392288 0.0095263014
v 0.018978321 -0.015423217 0.009446867
v 0.018944936 -0.015586135 0.009388076
v 0.01902063 -0.01544127 0.0093212241
v 0.019049047 -0.015433877 0.0092368465
v 0.019076625 -0.015411136 0.0091549684
v 0.018819715 -0.014926571 0.009776858
v 0.018821999 -0.015013116 0.009770034
v 0.018848454 -0.015067923 0.0096900189
v 0.018840637 -0.015175958 0.0097146084
v 0.018875926 -0.015308982 0.0096097459
v 0.018894299 -0.01534895 0.0095099342
v 0.018923613 -0.015396146 0.0094680927
v 0.018950349 -0.015418987 0.0093886879
v 0.018909871 -0.015569601 0.0093143305
v 0.018991808 -0.015425224 0.0092655736
v 0.019019126 -0.015410514 0.0091844627
v 0.019045216 -0.015381167 0.0091070049
v 0.019029 -0.015471531 0.0089606379
v 0.019080331 -0.015311762 0.0090027707
v 0.019108522 -0.015216257 0.0089191116
v 0.019122496 -0.015141238 0.0088776558
v 0.019132101 -0.015059762 0.0088491779
v 0.019137046 -0.014974305 0.0088345396
v 0.019126545 -0.014862565 0.0089479182
v 0.019108118 -0.014789541 0.0089191149
v 0.019116802 -0.014681504 0.0088948122
v 0.019091693 -0.01457798 0.0089694252
v 0.019045425 -0.014421575 0.008912426
v 0.019015423 -0.014361026 0.0090015481
v 0.019033823 -0.014461316 0.0091413289
v 0.018965287 -0.014302977 0.0091504538
v 0.018993343 -0.014432618 0.0092615484
v 0.018965627 -0.01443224 0.0093438485
v 0.018938309 -0.014446949 0.0094249597
v 0.01891222 -0.014476299 0.0095024169
v 0.018888147 -0.014519389 0.0095738691
v 0.01874778 -0.014581358 0.0097961827
v 0.018829569 -0.014756307 0.009747692
v 0.018822268 -0.014840093 0.0097693312
v 0.018783888 -0.01496858 0.0097445029
v 0.018676277 -0.015058897 0.0098369965
v 0.018693542 -0.015210005 0.0097856493
v 0.018810685 -0.01520273 0.0096647938
v 0.018827776 -0.015267136 0.0096140116
v 0.018848177 -0.01532126 0.0095534029
v 0.018872939 -0.015343456 0.0094529414
v 0.018896352 -0.015392445 0.0094103133
v 0.018922663 -0.015407342 0.00933218
v 0.018875612 -0.015543161 0.0092448233
v 0.018962677 -0.015402403 0.0092133644
v 0.018988535 -0.015381064 0.0091365856
v 0.019012823 -0.015345979 0.0090644879
v 0.018986735 -0.01541836 0.0089149151
v 0.019044707 -0.015270022 0.0089698484
v 0.019023155 -0.015305403 0.0088068302
v 0.019069234 -0.015170805 0.0088970666
v 0.019089628 -0.015037434 0.0089840024
v 0.019094017 -0.014976857 0.0089710018
v 0.019094982 -0.014914819 0.0089681682
v 0.019042658 -0.014647419 0.0087492691
v 0.019062827 -0.01465472 0.0089163693
v 0.019013497 -0.014515482 0.0088359303
v 0.019035915 -0.014561857 0.0089963361
v 0.019014084 -0.014513508 0.0090611813
v 0.01894417 -0.014361752 0.0090418773
v 0.018977163 -0.014465004 0.0091708479
v 0.018894756 -0.014319456 0.0091886332
v 0.018937487 -0.014448098 0.0092886726
v 0.01891084 -0.014455046 0.0093677966
v 0.018884979 -0.014476385 0.009444575
v 0.018860696 -0.014511474 0.0095166723
v 0.018838719 -0.014559232 0.0095819028
v 0.01872412 -0.014511095 0.009695224
v 0.018811524 -0.014651377 0.0096626028
v 0.018798047 -0.014723754 0.0097025884
v 0.018788781 -0.014802358 0.0097300575
v 0.018784011 -0.014884802 0.0097441742
v 0.018748884 -0.014926801 0.0097125828
v 0.018750993 -0.01500669 0.0097062736
v 0.01864078 -0.015101484 0.0097790444
v 0.018762343 -0.015121341 0.0096725064
v 0.018661092 -0.015239857 0.0097186574
v 0.018782783 -0.015222862 0.0096117652
v 0.018800782 -0.015279789 0.0095582688
v 0.018821676 -0.015326039 0.0094962127
v 0.018853937 -0.015329642 0.0093984303
v 0.018869495 -0.015381293 0.009354187
v 0.018894971 -0.015388612 0.0092785304
v 0.018842019 -0.015507619 0.0091812594
v 0.018932982 -0.01537344 0.0091656636
v 0.018957067 -0.015346332 0.0090941677
v 0.018979284 -0.015306539 0.0090282175
v 0.018943783 -0.015360841 0.0088791547
v 0.019007653 -0.015225801 0.0089440135
v 0.018975233 -0.01524462 0.0087858281
v 0.019028393 -0.015124813 0.0088824882
v 0.01903761 -0.014811538 0.008855282
v 0.019028973 -0.014736094 0.0088809757
v 0.018976303 -0.014617549 0.008782987
v 0.019008536 -0.014634572 0.0089417143
v 0.018945251 -0.01450038 0.0088752562
v 0.018980407 -0.014553091 0.0090252817
v 0.018958311 -0.014512722 0.009090922
v 0.018875649 -0.014373021 0.0090820035
v 0.018921819 -0.014476139 0.0091992913
v 0.018827815 -0.014345842 0.0092240583
v 0.018883549 -0.014470404 0.0093129419
v 0.018858332 -0.014483997 0.0093878143
v 0.018834247 -0.014511098 0.009459313
v 0.018812036 -0.014550897 0.0095252613
v 0.018792354 -0.014602165 0.0095836631
v 0.018671552 -0.014571227 0.0096879552
v 0.018768888 -0.014697109 0.0096532977
v 0.018757969 -0.014769623 0.0096856864
v 0.018751233 -0.01484697 0.0097056493
v 0.018716774 -0.014964936 0.0096750687
v 0.018720879 -0.015039851 0.0096628448
v 0.018610192 -0.015135867 0.0097156716
v 0.018734631 -0.015145205 0.0096219584
v 0.018632799 -0.015260051 0.0096484738
v 0.018756612 -0.015235809 0.0095566281
v 0.01877513 -0.015284905 0.0095016278
v 0.01879608 -0.015323186 0.0094393859
v 0.018842712 -0.015362985 0.0093008942
v 0.018866972 -0.015363297 0.0092288542
v 0.018808988 -0.01546405 0.0091251819
v 0.018902481 -0.015339112 0.0091234285
v 0.018924514 -0.015307271 0.0090580128
v 0.01894445 -0.015263926 0.0089988331
v 0.018900321 -0.015300714 0.0088540582
v 0.018969122 -0.015180306 0.008925625
v 0.018926698 -0.015183976 0.0087757978
v 0.018986046 -0.015079543 0.0088754175
v 0.018992432 -0.015006198 0.0088564892
v 0.018994659 -0.014930498 0.0088499233
v 0.018992656 -0.014854744 0.0088559102
v 0.018986484 -0.014781237 0.0088742727
v 0.018976333 -0.014712212 0.0089044556
v 0.018911325 -0.014597338 0.0088217606
v 0.018954348 -0.014621611 0.0089697901
v 0.018879227 -0.014495736 0.0089171278
v 0.018925626 -0.014551938 0.0090551197
v 0.018903686 -0.014519531 0.0091202881
v 0.018810812 -0.014394486 0.009120336
v 0.01886825 -0.014494434 0.0092255247
v 0.01876537 -0.014381334 0.0092552814
v 0.018831943 -0.014498932 0.0093333301
v 0.018808479 -0.014518304 0.009402991
v 0.018786444 -0.014550147 0.0094684058
v 0.018766511 -0.014593496 0.0095275837
v 0.018749275 -0.014647025 0.0095787305
v 0.018625123 -0.014632145 0.0096716055
v 0.018729615 -0.014742789 0.0096370661
v 0.018721209 -0.014814113 0.0096619811
v 0.018716888 -0.01488892 0.009674776
v 0.0095295455 -0.014131699 0.012541447
v 0.0099651213 -0.014134962 0.012830367
v 0.0099883564 -0.014130824 0.012778767
v 0.010015927 -0.014075944 0.012723284
v 0.010080425 -0.014089315 0.012616717
v 0.010107038 -0.014153761 0.012579373
v 0.0096994832 -0.014145695 0.012294523
v 0.0081652757 -0.014190968 0.010919623
v 0.0081165466 -0.01418253 0.010953055
v 0.0083315181 -0.014164492 0.011419114
v 0.0080822646 -0.014181229 0.010969697
v 0.008255761 -0.014202316 0.010844354
v 0.0082177642 -0.014140987 0.010875015
v 0.0085672239 -0.014176689 0.011233803
v 0.010042204 -0.014110987 0.012673001
v 0.0080555388 -0.01418032 0.010980387
v 0.0080152193 -0.01418834 0.011003669
v 0.0089140831 -0.014164426 0.011619028
v 0.0086982439 -0.0141515 0.011826998
v 0.0092924138 -0.01415407 0.011973455
v 0.0090985673 -0.014140542 0.012202028
v 0.017089183 -0.014821794 0.012745921
v 0.016632188 -0.014644356 0.012191792
v 0.016510737 -0.014544245 0.012157491
v 0.016617856 -0.01471178 0.012203596
v 0.016695844 -0.014566873 0.012194604
v 0.016546483 -0.014469478 0.012126364
v 0.016568084 -0.014435471 0.012107928
v 0.016721399 -0.01446821 0.012111377
v 0.016706311 -0.014308922 0.011992995
v 0.016738525 -0.014293659 0.011966684
v 0.016895976 -0.014376701 0.011971875
v 0.017005966 -0.014398398 0.011893024
v 0.017127528 -0.014402177 0.011658748
v 0.017166576 -0.01452766 0.01177409
v 0.017194207 -0.014578686 0.011747175
v 0.017225572 -0.01467063 0.011737627
v 0.017258404 -0.014709776 0.011564197
v 0.017238753 -0.014776387 0.011736404
v 0.017260849 -0.014842309 0.011566664
v 0.017231592 -0.014873274 0.011727848
v 0.017236429 -0.01497042 0.0115905
v 0.017201026 -0.014974979 0.011756848
v 0.017170969 -0.015022081 0.011786963
v 0.01711537 -0.015179353 0.011694435
v 0.017095646 -0.015098537 0.011864447
v 0.017043233 -0.015142157 0.011885969
v 0.016979164 -0.015139505 0.011970112
v 0.016661572 -0.01520636 0.012058791
v 0.016769755 -0.015056769 0.012131205
v 0.016695651 -0.014996386 0.012170751
v 0.016652371 -0.014909563 0.012197564
v 0.016519383 -0.015013093 0.01216622
v 0.016481696 -0.014888678 0.01219225
v 0.016474887 -0.014845082 0.012196248
v 0.016619812 -0.01477754 0.012207288
v 0.017298898 -0.014373932 0.012584768
v 0.017371942 -0.014367344 0.012518081
v 0.017289505 -0.014266945 0.012732785
v 0.01722459 -0.014417553 0.012641133
v 0.017181688 -0.01445966 0.012673201
v 0.017123736 -0.014433469 0.012871113
v 0.01708666 -0.014511016 0.012903396
v 0.017072271 -0.014552702 0.012916313
v 0.017060801 -0.014595912 0.012926942
v 0.017046943 -0.014685576 0.012941034
v 0.017045508 -0.014777286 0.012945246
v 0.017066641 -0.014912591 0.012932838
v 0.017112226 -0.014920416 0.012738772
v 0.017114294 -0.015037012 0.012898826
v 0.017135559 -0.015074568 0.012883049
v 0.017164401 -0.015031999 0.01263578
v 0.017213239 -0.015171499 0.01282407
v 0.017234367 -0.015081458 0.012638651
v 0.017307448 -0.015239902 0.0127509
v 0.017341439 -0.015255494 0.012724196
v 0.017333322 -0.015132695 0.01256786
v 0.01744757 -0.01527899 0.012639979
v 0.017425984 -0.015159342 0.012519061
v 0.01744548 -0.015152349 0.012462
v 0.017622095 -0.015238791 0.012498856
v 0.01753915 -0.015089397 0.012408446
v 0.017740699 -0.015140109 0.012400569
v 0.01776546 -0.015107538 0.012379651
v 0.017787864 -0.015072267 0.012360529
v 0.017824939 -0.01499472 0.012328245
v 0.017667015 -0.014887323 0.01229774
v 0.017706224 -0.014718099 0.012280366
v 0.017700705 -0.014823474 0.012288171
v 0.01785506 -0.014637483 0.012292194
v 0.017844959 -0.014593145 0.012298804
v 0.017831896 -0.014550022 0.012307826
v 0.017649182 -0.01455202 0.012311851
v 0.017594489 -0.014488794 0.012316934
v 0.017726379 -0.014363667 0.012386114
v 0.017698361 -0.014334237 0.012407571
v 0.017511134 -0.014433679 0.012389621
v 0.017486205 -0.014381896 0.012437144
v 0.017435698 -0.014351408 0.012487519
v 0.01670335 -0.014245586 0.012324788
v 0.016797487 -0.014482779 0.012319959
v 0.016699046 -0.014539627 0.012378418
v 0.016530741 -0.01457298 0.012473965
v 0.016513286 -0.014685926 0.012491716
v 0.016511479 -0.014801447 0.012497021
v 0.016510412 -0.014743583 0.012495944
v 0.016525375 -0.014916034 0.012489717
v 0.016691196 -0.014960168 0.012398759
v 0.016598124 -0.015128612 0.012438549
v 0.016741693 -0.015074544 0.012360177
v 0.016654767 -0.015220143 0.012396238
v 0.016804296 -0.015243576 0.012615664
v 0.016758245 -0.015266085 0.012548969
v 0.016915399 -0.015172639 0.0124902
v 0.016839954 -0.015273316 0.012646793
v 0.016988138 -0.015134131 0.012520025
v 0.016842446 -0.014340287 0.012335048
v 0.01760606 -0.014254121 0.012063842
v 0.017631538 -0.014866255 0.012039566
v 0.017398042 -0.015307616 0.011878775
v 0.017312637 -0.015132575 0.011947696
v 0.017435172 -0.014748132 0.011798162
v 0.017404784 -0.01457957 0.011814527
v 0.01745848 -0.014412768 0.011725573
v 0.01735238 -0.014465273 0.011850725
v 0.017401837 -0.014321236 0.011767884
v 0.017437953 -0.014356364 0.012044424
v 0.017023701 -0.014757238 0.01279207
v 0.016990463 -0.014829341 0.012930221
v 0.017037674 -0.014872971 0.012784733
v 0.017059803 -0.014946184 0.012769462
v 0.01705996 -0.01505877 0.01288222
v 0.017110548 -0.015044531 0.012732099
v 0.017198072 -0.01523111 0.012777358
v 0.017232587 -0.015162092 0.012638288
v 0.01730351 -0.015293031 0.012694978
v 0.01732016 -0.015196973 0.012569311
v 0.017380921 -0.015203606 0.012520865
v 0.017493988 -0.015313661 0.012543109
v 0.017458752 -0.015171421 0.012408415
v 0.01752776 -0.015161317 0.012401851
v 0.017671751 -0.015229439 0.012397924
v 0.017603527 -0.015098378 0.012339068
v 0.017645579 -0.015043131 0.012303538
v 0.017803488 -0.015056146 0.012286627
v 0.017692804 -0.014944525 0.012262426
v 0.017712302 -0.014871204 0.012244353
v 0.017721504 -0.014794395 0.012234423
v 0.017866053 -0.014727924 0.01222556
v 0.01771545 -0.014677751 0.012235384
v 0.017843394 -0.014582847 0.012238863
v 0.017686043 -0.014566461 0.01225522
v 0.017654392 -0.014499023 0.012278312
v 0.017591263 -0.014413095 0.012326005
v 0.017654188 -0.0142771 0.012380193
v 0.017513256 -0.014350558 0.012386396
v 0.017455575 -0.014324044 0.012431706
v 0.017395387 -0.014310659 0.012479469
v 0.017334513 -0.01431082 0.012528226
v 0.017320558 -0.014203236 0.012644937
v 0.017245962 -0.014336328 0.012599999
v 0.017213357 -0.014254027 0.012732492
v 0.017166063 -0.014390453 0.012665802
v 0.017120655 -0.014338897 0.012809573
v 0.01710026 -0.014469513 0.012721145
v 0.017066489 -0.014533476 0.012750322
v 0.017014902 -0.014539483 0.012900969
v 0.017033532 -0.014641442 0.012780324
v 0.016987745 -0.014681953 0.012927476
v 0.016981574 -0.014799366 0.012772295
v 0.016940812 -0.01488654 0.012907044
v 0.017004439 -0.014919015 0.012757984
v 0.017032787 -0.014993139 0.012737749
v 0.017030604 -0.015120985 0.012842955
v 0.017092807 -0.015090254 0.012692921
v 0.017142717 -0.015142745 0.012654698
v 0.017188586 -0.015286929 0.012721965
v 0.017228645 -0.015199131 0.012587762
v 0.01730417 -0.015339949 0.012631163
v 0.017322581 -0.015225419 0.012513407
v 0.017386499 -0.01522524 0.012462204
v 0.017506392 -0.015339236 0.012469175
v 0.017471859 -0.015184353 0.012351111
v 0.017536793 -0.015163694 0.012339778
v 0.017687649 -0.015229125 0.012320327
v 0.017611402 -0.01508885 0.012277525
v 0.017651359 -0.015026019 0.01224342
v 0.017813976 -0.015030249 0.012212509
v 0.017693609 -0.014917143 0.012205946
v 0.017708741 -0.014838019 0.01219119
v 0.017712842 -0.014756444 0.012185178
v 0.017856228 -0.014675688 0.012166831
v 0.01769817 -0.014634916 0.012192874
v 0.017821882 -0.014524921 0.012189306
v 0.017659501 -0.014521739 0.012220064
v 0.01762163 -0.014454778 0.012248156
v 0.017701978 -0.014313158 0.012278268
v 0.017549569 -0.014372133 0.012303115
v 0.017600429 -0.014223917 0.012356621
v 0.017463644 -0.014315744 0.012370054
v 0.017401521 -0.014294724 0.012419107
v 0.017337713 -0.014287769 0.012469973
v 0.017274167 -0.014295068 0.012521119
v 0.017243506 -0.01418526 0.012641196
v 0.01718353 -0.014332186 0.01259495
v 0.017134197 -0.014251664 0.01273096
v 0.017103976 -0.014398284 0.012660874
v 0.017042628 -0.014352398 0.012807663
v 0.017040925 -0.014488856 0.0127144
v 0.017010239 -0.014559848 0.01274134
v 0.016945654 -0.014577067 0.012892833
v 0.01698355 -0.01467686 0.012766626
v 0.016927314 -0.01473097 0.012912661
v 0.016872154 -0.014785916 0.012890306
v 0.016944348 -0.014844549 0.01274749
v 0.016897341 -0.014947184 0.012875518
v 0.016976512 -0.014966197 0.012725786
v 0.017011111 -0.015039917 0.012700539
v 0.017007734 -0.015182086 0.012794946
v 0.017080135 -0.015133834 0.012648393
v 0.017135525 -0.015182569 0.012605658
v 0.017184354 -0.015337298 0.012658669
v 0.017228475 -0.015231154 0.012532833
v 0.017308691 -0.015379266 0.012560487
v 0.017327581 -0.015247539 0.012454006
v 0.017393738 -0.015239923 0.012400766
v 0.017519553 -0.015354842 0.012390788
v 0.017484047 -0.015188951 0.01229065
v 0.017544956 -0.015158496 0.012276937
v 0.017550581 -0.015080765 0.01221719
v 0.017616881 -0.015072055 0.012216446
v 0.017653784 -0.015002126 0.012184549
v 0.017818292 -0.014995386 0.012139521
v 0.017689801 -0.014884092 0.012151764
v 0.017699845 -0.014800123 0.012140916
v 0.017698314 -0.014714891 0.0121393
v 0.017837041 -0.014619288 0.012111947
v 0.017674493 -0.014590334 0.012154215
v 0.017790453 -0.014465488 0.012144125
v 0.017626434 -0.014477244 0.012188929
v 0.017582489 -0.014412071 0.012221953
v 0.017650276 -0.014257855 0.012249463
v 0.017502023 -0.014334592 0.01228381
v 0.017537989 -0.014176328 0.012336673
v 0.017409071 -0.014286007 0.012356634
v 0.017343272 -0.01427139 0.012408846
v 0.017276728 -0.014271577 0.012462149
v 0.017211462 -0.014286563 0.012514922
v 0.017162968 -0.014177651 0.012637079
v 0.017120271 -0.014335669 0.012589599
v 0.017053703 -0.01425996 0.012727339
v 0.017042607 -0.0144136 0.0126544
v 0.016965391 -0.014376128 0.012801948
v 0.016983762 -0.014515034 0.01270492
v 0.016957033 -0.014592361 0.012728907
v 0.016880292 -0.014622664 0.012878337
v 0.016937703 -0.014717038 0.012748557
v 0.016896556 -0.014760904 0.012725733
v 0.016823181 -0.014845161 0.012860143
v 0.016912355 -0.014891579 0.012717443
v 0.016860612 -0.015009471 0.01283565
v 0.016953947 -0.015013271 0.012688196
v 0.016994677 -0.015085266 0.012657976
v 0.016991285 -0.015240255 0.012738697
v 0.017072179 -0.015174117 0.012598872
v 0.017132499 -0.015217959 0.012552024
v 0.017184749 -0.015380722 0.012588438
v 0.017231388 -0.015257313 0.012474135
v 0.017316182 -0.015409821 0.012484143
v 0.01733433 -0.015262764 0.012391871
v 0.017401741 -0.015247275 0.012337361
v 0.017532317 -0.015360037 0.012309374
v 0.017494372 -0.015185031 0.01222835
v 0.017507156 -0.01510349 0.012203237
v 0.017619104 -0.015048474 0.012156635
v 0.017652087 -0.014972131 0.012127667
v 0.017815547 -0.01495264 0.012068928
v 0.017620371 -0.014831794 0.012103488
v 0.017619434 -0.014766421 0.012085274
v 0.017633861 -0.014718215 0.012086793
v 0.017615677 -0.014674083 0.012101982
v 0.017647658 -0.014607352 0.012086292
v 0.017644368 -0.014545253 0.012119597
v 0.0177493 -0.014406376 0.012103747
v 0.017587049 -0.014434222 0.012161797
v 0.017537324 -0.014372115 0.012199551
v 0.0174786 -0.01433423 0.012212574
v 0.017449229 -0.014301529 0.012267751
v 0.017468001 -0.014135805 0.012320011
v 0.017350339 -0.014262175 0.012345638
v 0.017281731 -0.014254699 0.012400341
v 0.017213398 -0.014262575 0.012455332
v 0.017147419 -0.014285561 0.01250894
v 0.017080622 -0.014180674 0.012631768
v 0.017057215 -0.014346705 0.012583229
v 0.016973552 -0.014278699 0.012720795
v 0.016982935 -0.014435999 0.012645704
v 0.016890526 -0.014409406 0.012791656
v 0.016929635 -0.014547353 0.012692114
v 0.016907628 -0.014630151 0.012712499
v 0.016820041 -0.014674929 0.012856974
v 0.016767014 -0.014790911 0.012829494
v 0.016865955 -0.014852074 0.012695097
v 0.01688578 -0.01493921 0.012682128
v 0.016936696 -0.01505897 0.012645346
v 0.016983251 -0.015127982 0.012610364
v 0.017032728 -0.015158832 0.012529721
v 0.017068482 -0.015210019 0.012544839
v 0.017133047 -0.015247971 0.012494395
v 0.017188971 -0.01541592 0.01251241
v 0.017236623 -0.015276914 0.012412406
v 0.017325629 -0.015430721 0.012403452
v 0.017309889 -0.015276311 0.012322812
v 0.017415975 -0.015415119 0.012330571
v 0.017409611 -0.015247122 0.012272862
v 0.01754351 -0.015354694 0.012226409
v 0.017526122 -0.015204503 0.012152144
v 0.017578252 -0.015092841 0.012132642
v 0.017617335 -0.015018776 0.012098867
v 0.01764563 -0.014936873 0.01207347
v 0.017770125 -0.014501015 0.012016405
v 0.017607926 -0.014500927 0.012089112
v 0.017698876 -0.014349405 0.012068408
v 0.017541726 -0.014393876 0.012138559
v 0.017486656 -0.014348593 0.01215026
v 0.017426142 -0.014300164 0.012197111
v 0.017391933 -0.014273881 0.012254525
v 0.017391788 -0.014103608 0.012306154
v 0.017288357 -0.014244939 0.012336515
v 0.017217882 -0.014245154 0.012392968
v 0.017148761 -0.014261043 0.012448857
v 0.017083097 -0.014292124 0.012502485
v 0.01699817 -0.014194272 0.012624437
v 0.0169954 -0.01436503 0.012575159
v 0.016895379 -0.01430735 0.012710539
v 0.016925906 -0.01446492 0.012634152
v 0.016819507 -0.01445126 0.012776111
v 0.016879345 -0.014584978 0.012675455
v 0.016862689 -0.014672226 0.012691708
v 0.016765934 -0.014732315 0.012828403
v 0.017068474 -0.015240592 0.012486912
v 0.017136483 -0.015271817 0.012433486
v 0.017196077 -0.01544186 0.012431861
v 0.017243366 -0.01528944 0.01234847
v 0.017318183 -0.015279775 0.012258131
v 0.017426622 -0.015415157 0.012246322
v 0.017416455 -0.015239475 0.012208171
v 0.017551976 -0.015339006 0.012143381
v 0.017433105 -0.014315005 0.012133875
v 0.017368349 -0.014272578 0.012184324
v 0.017331005 -0.014252438 0.012243654
v 0.017310837 -0.014080747 0.012294502
v 0.017224123 -0.014234809 0.01232867
v 0.017152778 -0.01424305 0.012386086
v 0.017083893 -0.01426706 0.012442059
v 0.017019562 -0.014306115 0.012494887
v 0.017536271 -0.014209926 0.012041209
v 0.017374549 -0.014287947 0.012120549
v 0.017306515 -0.014252443 0.012173853
v 0.017267418 -0.014237807 0.012234597
v 0.017226758 -0.014067947 0.012284363
v 0.017158698 -0.014232098 0.012321481
v 0.017089938 -0.014241114 0.012346936
v 0.017040369 -0.014100135 0.01243472
v 0.017019877 -0.014280508 0.012434283
v 0.016957017 -0.01431281 0.012455788
v 0.016973704 -0.015216678 0.012472603
v 0.016976532 -0.015380671 0.012528604
v 0.017039185 -0.015259579 0.01242159
v 0.017064835 -0.015426757 0.012459419
v 0.01714205 -0.015288863 0.0123701
v 0.017181781 -0.015299354 0.01230871
v 0.01725077 -0.015294572 0.012283214
v 0.017325386 -0.01527455 0.012192867
v 0.017435536 -0.015404695 0.012161782
v 0.017421421 -0.015224565 0.012144199
v 0.017377938 -0.014311365 0.012058787
v 0.017312302 -0.014268361 0.012109919
v 0.017242068 -0.014240455 0.012165239
v 0.017202211 -0.014230426 0.012226768
v 0.017132788 -0.014228617 0.012252368
v 0.017096418 -0.014232824 0.012281638
v 0.017001408 -0.014097841 0.012388049
v 0.016957019 -0.014118872 0.012424304
v 0.016958554 -0.014289408 0.012393945
v 0.016976122 -0.015242271 0.01241169
v 0.017026018 -0.01543222 0.012412893
v 0.017079876 -0.015289866 0.01233018
v 0.017119453 -0.015458285 0.012338929
v 0.017189157 -0.015301702 0.012243049
v 0.017262034 -0.015457782 0.012224716
v 0.017308763 -0.015447019 0.012186931
v 0.0173306 -0.015260828 0.012128402
v 0.017393375 -0.015228042 0.01210697
v 0.017377737 -0.014342077 0.012000293
v 0.017380276 -0.014145704 0.012008249
v 0.017291611 -0.014099429 0.012077717
v 0.017198339 -0.014073409 0.012151551
v 0.017140232 -0.014233119 0.012186878
v 0.017028653 -0.014249154 0.012306525
v 0.016919392 -0.014121581 0.012376573
v 0.016894377 -0.014324027 0.012413204
v 0.016886009 -0.015190668 0.012422461
v 0.016857851 -0.015356052 0.01246708
v 0.01701276 -0.015269251 0.012353314
v 0.017087228 -0.015295695 0.012264808
v 0.017129025 -0.015463805 0.01225349
v 0.017228697 -0.015292617 0.012181146
v 0.017316177 -0.015431485 0.012102517
v 0.01733299 -0.015239097 0.012066084
v 0.017395099 -0.015207648 0.012041671
v 0.017316013 -0.014306324 0.012018587
v 0.017297061 -0.01412769 0.011996768
v 0.017215037 -0.014253652 0.012097702
v 0.017159994 -0.014081425 0.012105003
v 0.017071303 -0.014238123 0.012212303
v 0.01697277 -0.014092567 0.012255326
v 0.016966198 -0.014268524 0.012297498
v 0.01690143 -0.014307892 0.012350687
v 0.016722591 -0.015294231 0.01249526
v 0.016918529 -0.015227635 0.0123677
v 0.016907217 -0.015407533 0.012351734
v 0.017019505 -0.015280307 0.012288586
v 0.017127143 -0.015297996 0.012202967
v 0.017185294 -0.015453301 0.012130545
v 0.017234109 -0.015279498 0.012116679
v 0.017320637 -0.015406075 0.012020569
v 0.017331822 -0.015210128 0.012007186
v 0.017314734 -0.014338547 0.011961413
v 0.017252198 -0.014293174 0.012009984
v 0.017212547 -0.014119944 0.011987687
v 0.017149698 -0.014252485 0.012090719
v 0.017078594 -0.01424481 0.012147411
v 0.017007787 -0.014253039 0.012204397
v 0.016893191 -0.014121071 0.012243502
v 0.016906821 -0.014294524 0.012286647
v 0.016862002 -0.015197826 0.012352704
v 0.016924538 -0.015243199 0.012304132
v 0.016917117 -0.015418389 0.012267655
v 0.01702704 -0.015283884 0.012223396
v 0.017054201 -0.015448739 0.012158876
v 0.017133719 -0.015289428 0.012138139
v 0.017192009 -0.015432777 0.012047969
v 0.017237308 -0.015259446 0.012054173
v 0.017321151 -0.015371591 0.011942494
v 0.01730828 -0.014384371 0.011915295
v 0.017251467 -0.01432485 0.011952998
v 0.017187565 -0.014287363 0.012002928
v 0.017128443 -0.014122735 0.011980222
v 0.017085072 -0.014258827 0.012084064
v 0.017015345 -0.01425911 0.012139919
v 0.016946969 -0.014274898 0.012195211
v 0.016818828 -0.014158597 0.012229395
v 0.016851452 -0.014326471 0.012273433
v 0.016687466 -0.015260947 0.012371411
v 0.016838213 -0.015190007 0.012312867
v 0.016800036 -0.015359871 0.012284555
v 0.016931999 -0.015251392 0.012239803
v 0.016928161 -0.015418644 0.0121839
v 0.017034491 -0.01527993 0.012158667
v 0.017063111 -0.01543326 0.012076304
v 0.017138708 -0.015273675 0.012074989
v 0.017195689 -0.015402723 0.011969101
v 0.017237546 -0.015233051 0.011994471
v 0.017270725 -0.015149419 0.011956823
v 0.016642777 -0.014772174 0.012397668
v 0.016650314 -0.014858632 0.012394519
v 0.016717017 -0.014912791 0.012342323
v 0.01669956 -0.015020975 0.012360497
v 0.016763299 -0.015123861 0.012312885
v 0.016697356 -0.015282113 0.012291439
v 0.016845319 -0.015202673 0.012249825
v 0.016812114 -0.015365435 0.012202309
v 0.016940034 -0.015252036 0.012175614
v 0.016939188 -0.015408327 0.012101965
v 0.017040991 -0.015268587 0.012095308
v 0.017069918 -0.015407865 0.011997246
v 0.017141308 -0.015251198 0.012014381
v 0.017195393 -0.015364082 0.011895289
v 0.017234149 -0.01520105 0.01193835
v 0.01731319 -0.015121572 0.011872387
v 0.017355503 -0.015054885 0.011836273
v 0.017442483 -0.015066774 0.011687464
v 0.0174002 -0.014939366 0.011796619
v 0.017484293 -0.014909271 0.011648718
v 0.017419778 -0.014812343 0.011776699
v 0.017412904 -0.014682472 0.011777868
v 0.017466868 -0.014577606 0.0116516
v 0.01736366 -0.014520128 0.011811884
v 0.017299924 -0.01441724 0.011859498
v 0.017246952 -0.014361655 0.011900069
v 0.017187437 -0.014318497 0.011946297
v 0.017123187 -0.014289066 0.01199677
v 0.017046462 -0.014136011 0.011973567
v 0.01702223 -0.014272515 0.012077075
v 0.016954853 -0.014280364 0.012131301
v 0.016889807 -0.014303104 0.012184156
v 0.016751099 -0.014204043 0.012212399
v 0.016800906 -0.014363519 0.01225738
v 0.016645783 -0.014300462 0.012299968
v 0.016564118 -0.014429027 0.012369668
v 0.016663021 -0.014601738 0.012375766
v 0.016647057 -0.014685666 0.012391353
v 0.016631046 -0.014815183 0.012351756
v 0.016688384 -0.014882737 0.012315331
v 0.016538207 -0.015058933 0.012341402
v 0.016701875 -0.015048607 0.012302821
v 0.016612492 -0.015190128 0.012286287
v 0.016769782 -0.015140796 0.012251513
v 0.016710368 -0.015292937 0.012211329
v 0.016853643 -0.015207837 0.012186584
v 0.016825166 -0.015360354 0.012121636
v 0.016947748 -0.015245153 0.012112459
v 0.016949061 -0.015387784 0.012023322
v 0.017045683 -0.015250204 0.01203419
v 0.017073611 -0.015373358 0.011923086
v 0.017140773 -0.015222647 0.01195711
v 0.017190328 -0.015318059 0.011827759
v 0.017226539 -0.01516436 0.011886472
v 0.017291259 -0.015225655 0.011743837
v 0.017297134 -0.01507931 0.011827095
v 0.017333342 -0.015010546 0.011795798
v 0.017406398 -0.015007265 0.011644327
v 0.017368626 -0.014894506 0.011763663
v 0.017435966 -0.014852148 0.011615467
v 0.017379059 -0.014770097 0.011751149
v 0.017433007 -0.014691679 0.01161248
v 0.017363925 -0.014645798 0.011759124
v 0.017340071 -0.014567195 0.011775606
v 0.017306007 -0.014494805 0.011800473
v 0.017304847 -0.014357057 0.011703953
v 0.017238103 -0.014402613 0.011851778
v 0.017183633 -0.014354803 0.011893806
v 0.017123703 -0.014319665 0.011940634
v 0.017060135 -0.014298257 0.011990831
v 0.016968278 -0.014159401 0.011966917
v 0.0169622 -0.014293208 0.012069101
v 0.016898081 -0.014308025 0.012120949
v 0.01683718 -0.014336934 0.012170692
v 0.016691246 -0.014256067 0.012192024
v 0.016755864 -0.014404679 0.01223808
v 0.016597174 -0.014359554 0.012270823
v 0.016691455 -0.014497438 0.012292764
v 0.016660135 -0.014570109 0.012320276
v 0.016639258 -0.014648904 0.012339627
v 0.016629465 -0.014731432 0.012350227
v 0.016617909 -0.01477441 0.012305336
v 0.016757365 -0.014845458 0.012271499
v 0.01665522 -0.014968558 0.012281933
v 0.016547757 -0.015089738 0.012267971
v 0.016707487 -0.015069557 0.012243445
v 0.016626332 -0.015206125 0.012208925
v 0.016778108 -0.015150336 0.012189581
v 0.016725335 -0.015293128 0.012132537
v 0.016862271 -0.015205391 0.01212401
v 0.01683802 -0.015344818 0.012044011
v 0.016954242 -0.015230968 0.0120512
v 0.016956706 -0.015357673 0.011949382
v 0.017047756 -0.015225317 0.011976119
v 0.017073307 -0.015330816 0.011855098
v 0.017136435 -0.015188837 0.011903875
v 0.017179875 -0.015266077 0.011767584
v 0.017214238 -0.015124009 0.011839391
v 0.017269148 -0.01516787 0.011692805
v 0.017275862 -0.015035241 0.011787076
v 0.01730583 -0.014965704 0.01176075
v 0.01736369 -0.014948834 0.011609771
v 0.017331833 -0.014851117 0.011736103
v 0.01738157 -0.01479879 0.011590441
v 0.017333647 -0.014731197 0.011730646
v 0.01736841 -0.014647122 0.011595917
v 0.017311143 -0.014614116 0.011744764
v 0.017283327 -0.014541597 0.01176461
v 0.017246195 -0.014476109 0.011792165
v 0.017225853 -0.014343776 0.011699965
v 0.017175573 -0.014395331 0.011846032
v 0.01712063 -0.014355505 0.011888712
v 0.017061317 -0.014328353 0.011935309
v 0.016999435 -0.0143147 0.011984409
v 0.016895478 -0.014192228 0.011959509
v 0.016905924 -0.014320351 0.012059497
v 0.016845883 -0.014341356 0.012108286
v 0.01678982 -0.014375472 0.012154326
v 0.016640302 -0.014313128 0.012167921
v 0.016716869 -0.014448861 0.012215205
v 0.016558216 -0.014421106 0.012237269
v 0.016661632 -0.014544327 0.012262632
v 0.016636569 -0.014617074 0.012285134
v 0.016621848 -0.014694553 0.012299515
v 0.01661201 -0.014813451 0.012257028
v 0.016504227 -0.014987178 0.012236343
v 0.016659737 -0.01499323 0.012224805
v 0.016562312 -0.015110778 0.012193948
v 0.016715541 -0.015083277 0.012183116
v 0.016643094 -0.01521158 0.012132614
v 0.016787348 -0.015152242 0.012127906
v 0.016741065 -0.015282713 0.012056522
v 0.016870263 -0.015195427 0.012062939
v 0.01684955 -0.015319331 0.011970857
v 0.016958638 -0.015209885 0.011992644
v 0.016961155 -0.015318937 0.011881457
v 0.017046445 -0.015194637 0.011921808
v 0.017068276 -0.015281559 0.011794415
v 0.017127704 -0.015150719 0.011855259
v 0.017163611 -0.015209743 0.011715661
v 0.017196876 -0.015081124 0.011797534
v 0.017240664 -0.015108385 0.011650564
v 0.017249248 -0.014990594 0.011752566
v 0.017273011 -0.014921611 0.01173123
v 0.017314914 -0.014893279 0.011583913
v 0.01729013 -0.014810419 0.011713804
v 0.017322015 -0.01475084 0.01157347
v 0.017284091 -0.014696739 0.01171485
v 0.017300038 -0.014610132 0.011586374
v 0.017255309 -0.01458832 0.011734277
v 0.017224394 -0.014522642 0.011756843
v 0.017185151 -0.014464601 0.011786338
v 0.017147587 -0.014340885 0.011699484
v 0.017113344 -0.014395639 0.01184155
v 0.017058963 -0.014363761 0.011884036
v 0.017001285 -0.014344355 0.01192959
v 0.016942054 -0.01433799 0.01197681
v 0.016829525 -0.014233528 0.011950642
v 0.01685425 -0.014353244 0.01204765
v 0.016798993 -0.014379482 0.01209278
v 0.016748335 -0.014417707 0.012134628
v 0.016599065 -0.014373529 0.012139895
v 0.016684292 -0.014494886 0.0121885
v 0.016638375 -0.01459108 0.012228485
v 0.016619443 -0.014662579 0.012246036
v 0.016610563 -0.014737461 0.012255648
v 0.014308532 -0.014799873 0.013910844
v 0.013508521 -0.014360078 0.014082661
v 0.014106834 -0.014983214 0.013203709
v 0.014356287 -0.014772111 0.013063608
v 0.014346075 -0.014815121 0.013066579
v 0.014229385 -0.014832556 0.013186582
v 0.014193672 -0.014884737 0.013194881
v 0.014147502 -0.014929149 0.013214685
v 0.013948666 -0.015050962 0.013225488
v 0.013853628 -0.015053689 0.013240845
v 0.013529554 -0.015055847 0.013162479
v 0.013601638 -0.014905968 0.01328203
v 0.013442006 -0.014956398 0.013167214
v 0.013548489 -0.014831206 0.013282209
v 0.013382964 -0.014837696 0.013168121
v 0.013507041 -0.014739076 0.013275072
v 0.013356449 -0.01470783 0.013165138
v 0.013503128 -0.014645152 0.013273414
v 0.01336427 -0.014575651 0.013158468
v 0.013518711 -0.014545012 0.013263927
v 0.013543686 -0.014487739 0.013257634
v 0.013588984 -0.014438355 0.013261541
v 0.01363122 -0.014388838 0.013250456
v 0.01368624 -0.014329576 0.013260109
v 0.013861904 -0.014371708 0.013319505
v 0.013928751 -0.014284951 0.013194124
v 0.014052796 -0.014325047 0.013181654
v 0.014156469 -0.014264263 0.013061978
v 0.014191004 -0.014291915 0.013059597
v 0.014147494 -0.014421267 0.013195248
v 0.014278551 -0.014391364 0.013054862
v 0.014213632 -0.014501089 0.013183077
v 0.014337593 -0.014510066 0.013053955
v 0.014350182 -0.014552541 0.013054522
v 0.01426341 -0.01463106 0.013172772
v 0.0142627 -0.014694946 0.013174072
v 0.014480638 -0.014597185 0.013991679
v 0.014316318 -0.014530466 0.013887772
v 0.014415848 -0.014378584 0.013988762
v 0.014261779 -0.014406162 0.013892175
v 0.014334303 -0.01426792 0.013992374
v 0.014265276 -0.014207543 0.013996906
v 0.014137102 -0.014284191 0.013908652
v 0.014067482 -0.014267708 0.013900569
v 0.014000413 -0.014263277 0.013900375
v 0.013920612 -0.014107335 0.014028449
v 0.01387521 -0.014112402 0.014033413
v 0.013833594 -0.014233096 0.013952444
v 0.013736971 -0.014294669 0.013950056
v 0.013670137 -0.014350492 0.013924258
v 0.013533681 -0.014321868 0.014078342
v 0.01346863 -0.014442409 0.014090471
v 0.013454203 -0.014485904 0.014093903
v 0.013559836 -0.014611695 0.01397258
v 0.013435499 -0.014667609 0.014103903
v 0.013440753 -0.014713237 0.014105375
v 0.013463 -0.014802305 0.014106997
v 0.01350029 -0.014886211 0.01410682
v 0.013551489 -0.014962404 0.014104849
v 0.013676432 -0.014930401 0.013981153
v 0.013727023 -0.014972999 0.013982674
v 0.013821635 -0.015016251 0.013969883
v 0.013858998 -0.015148682 0.014080997
v 0.013904213 -0.015155597 0.014076583
v 0.013949838 -0.01515853 0.01407195
v 0.013995526 -0.015157459 0.014067133
v 0.014001163 -0.014971461 0.013868743
v 0.014070973 -0.015015722 0.013913511
v 0.014128641 -0.01499892 0.013943249
v 0.014288485 -0.015042306 0.014031451
v 0.014322663 -0.015011984 0.01402654
v 0.014246782 -0.014875739 0.013907061
v 0.014472527 -0.014734281 0.013998597
v 0.0143462 -0.014661871 0.013904185
v 0.013470911 -0.014146169 0.013388653
v 0.01354658 -0.014297975 0.013418588
v 0.013382428 -0.014214117 0.013453875
v 0.013558009 -0.014380711 0.013439142
v 0.013347165 -0.014262606 0.013417048
v 0.013524613 -0.014454022 0.013481011
v 0.013319449 -0.014301386 0.013456558
v 0.013287139 -0.01436074 0.013461218
v 0.013267886 -0.014417969 0.013431328
v 0.013424302 -0.014522828 0.013448646
v 0.013245168 -0.014473436 0.01346433
v 0.013229708 -0.014533348 0.013436775
v 0.013230678 -0.014591331 0.013433445
v 0.013222683 -0.01458951 0.013468217
v 0.013228871 -0.014706852 0.01343875
v 0.013220408 -0.014681826 0.013474514
v 0.013227264 -0.01464904 0.013436357
v 0.013220085 -0.014647073 0.013472913
v 0.013226193 -0.014762061 0.013448251
v 0.013222077 -0.014711284 0.013475881
v 0.013239584 -0.014821188 0.013481019
v 0.013231971 -0.014785961 0.01347937
v 0.013247064 -0.014821026 0.013441907
v 0.013248422 -0.014853931 0.013482546
v 0.01326044 -0.014878708 0.013451946
v 0.013436677 -0.014860729 0.013455576
v 0.01327799 -0.014935207 0.013487601
v 0.013303787 -0.01498346 0.01345302
v 0.013340649 -0.0150316 0.013441462
v 0.013318673 -0.015013245 0.013489551
v 0.013335731 -0.015040098 0.013490579
v 0.013560692 -0.014941602 0.013463339
v 0.01336872 -0.015085064 0.013493864
v 0.013431062 -0.015143165 0.013504393
v 0.013413198 -0.015121602 0.013437874
v 0.013434848 -0.015169411 0.013749553
v 0.013573157 -0.015084407 0.013757769
v 0.013437521 -0.015126801 0.013793471
v 0.013259919 -0.01481811 0.013793219
v 0.01325036 -0.014751989 0.013801102
v 0.013244889 -0.014759582 0.01377852
v 0.013241852 -0.014632722 0.013796709
v 0.013234857 -0.014633639 0.013772698
v 0.013229094 -0.014691175 0.013798734
v 0.013237377 -0.014703401 0.013775915
v 0.01323632 -0.014598637 0.013771095
v 0.013242496 -0.014568362 0.013781599
v 0.014286654 -0.014222269 0.013662218
v 0.014598606 -0.014541301 0.013651025
v 0.01418663 -0.015017148 0.013444155
v 0.014194618 -0.014963375 0.013403191
v 0.01438307 -0.014675047 0.013350935
v 0.01436245 -0.01454612 0.013351933
v 0.014344078 -0.014461496 0.013343171
v 0.014433572 -0.014293398 0.013294678
v 0.014277885 -0.01434863 0.013343548
v 0.014196798 -0.014352581 0.01337281
v 0.013499445 -0.014648343 0.013962903
v 0.013398469 -0.014721164 0.014062357
v 0.013517741 -0.014763664 0.013966098
v 0.013546246 -0.014836262 0.013966336
v 0.013487984 -0.014948673 0.014063088
v 0.013611309 -0.014933237 0.01396384
v 0.013667634 -0.014987074 0.013960345
v 0.013732368 -0.015030309 0.013955499
v 0.013752747 -0.015160675 0.014044837
v 0.013840869 -0.01507252 0.013946046
v 0.013917603 -0.015084306 0.013938553
v 0.013993306 -0.015197466 0.014021354
v 0.014143294 -0.015038984 0.013912986
v 0.014268079 -0.015103164 0.013988493
v 0.01423954 -0.014974074 0.013900063
v 0.01437774 -0.015005877 0.013972737
v 0.014315669 -0.01488628 0.01388823
v 0.014458465 -0.01488328 0.013958881
v 0.014366488 -0.014781579 0.013878287
v 0.014384519 -0.014705878 0.013873052
v 0.014389176 -0.014628123 0.013869124
v 0.014380315 -0.014550674 0.013866619
v 0.014358205 -0.014475886 0.013865615
v 0.014443982 -0.014362343 0.013937323
v 0.014301776 -0.014373624 0.013866976
v 0.014356549 -0.014243688 0.013941196
v 0.014220988 -0.014289394 0.01387168
v 0.014241624 -0.014151665 0.013949118
v 0.014121345 -0.014228937 0.013879405
v 0.014047754 -0.014203951 0.01388598
v 0.014010889 -0.014073503 0.013969744
v 0.013932203 -0.014191335 0.013897487
v 0.013864301 -0.014076939 0.013985198
v 0.013834916 -0.014218204 0.013870325
v 0.01378078 -0.014221746 0.01391464
v 0.013679949 -0.014140209 0.014007245
v 0.013679228 -0.014277956 0.013927732
v 0.013595745 -0.014358721 0.01394002
v 0.013471131 -0.014342501 0.014038003
v 0.013536009 -0.01445853 0.013950679
v 0.013511471 -0.014532334 0.013956509
v 0.013394375 -0.014573907 0.014056264
v 0.013475626 -0.014691627 0.01392418
v 0.013370495 -0.014779724 0.014016944
v 0.013505268 -0.014810625 0.013926356
v 0.013541693 -0.014883975 0.013925802
v 0.013485885 -0.015011711 0.014015172
v 0.013618572 -0.014979468 0.013922004
v 0.013682376 -0.015030626 0.01391761
v 0.013754003 -0.01506992 0.013911875
v 0.013784796 -0.015211061 0.013992796
v 0.013871307 -0.015104104 0.013901141
v 0.013952617 -0.015109384 0.013892888
v 0.014042051 -0.0152276 0.013966673
v 0.014073085 -0.015090636 0.013879481
v 0.014190988 -0.015183691 0.013949181
v 0.014184476 -0.01504119 0.013865664
v 0.014323358 -0.015102506 0.013931767
v 0.014279196 -0.014964409 0.013852375
v 0.014430141 -0.014989578 0.013915618
v 0.014350792 -0.014865528 0.013840522
v 0.01450406 -0.014852603 0.013901836
v 0.014394384 -0.014751286 0.013830912
v 0.014406334 -0.014670407 0.013826082
v 0.014404111 -0.014588609 0.013822692
v 0.014387783 -0.014508376 0.013820843
v 0.014357845 -0.014432146 0.013820593
v 0.01444087 -0.014303739 0.013884126
v 0.014289515 -0.014330323 0.013823215
v 0.014337687 -0.014186528 0.013889707
v 0.014197359 -0.014249611 0.013829262
v 0.014207941 -0.014099997 0.01389942
v 0.014087657 -0.014195508 0.01383832
v 0.014008429 -0.014176132 0.013845733
v 0.013957248 -0.014038851 0.013922882
v 0.013886453 -0.014173567 0.013858352
v 0.013786115 -0.014204824 0.013837732
v 0.013730895 -0.014219325 0.013876615
v 0.013614128 -0.014140009 0.013963181
v 0.013629836 -0.01428749 0.013890183
v 0.013497909 -0.014243114 0.01397988
v 0.013549903 -0.014379684 0.013902612
v 0.013412356 -0.014373042 0.013994565
v 0.013496546 -0.014489629 0.013913052
v 0.013477618 -0.01456912 0.013918548
v 0.013352632 -0.014624572 0.014011938
v 0.013319529 -0.014681028 0.013964209
v 0.013458715 -0.014737838 0.013883917
v 0.013352306 -0.014841568 0.013967897
v 0.013500208 -0.014858593 0.013884932
v 0.013544601 -0.01493137 0.013883521
v 0.01349394 -0.015073468 0.013963381
v 0.01363293 -0.015023435 0.013878378
v 0.013703702 -0.015070686 0.01387308
v 0.013781509 -0.015104916 0.013866473
v 0.013824283 -0.015254402 0.013936908
v 0.013906203 -0.015129684 0.013854554
v 0.013990972 -0.015127742 0.013845618
v 0.014094481 -0.015248069 0.013908421
v 0.014114163 -0.015097306 0.013831411
v 0.014246043 -0.015188495 0.013889961
v 0.014225166 -0.015035841 0.013817101
v 0.014260437 -0.014958058 0.013768638
v 0.014316416 -0.014947539 0.013803665
v 0.014478163 -0.014963629 0.01385577
v 0.014381695 -0.014838419 0.013792017
v 0.014542902 -0.014813661 0.013842371
v 0.014416554 -0.014715917 0.013782953
v 0.014421629 -0.014630916 0.013778658
v 0.014411931 -0.014546254 0.013775922
v 0.01438775 -0.014464501 0.013774827
v 0.014349822 -0.014388144 0.013775404
v 0.01442695 -0.014245736 0.013829325
v 0.014269781 -0.014288736 0.013779357
v 0.014308512 -0.01413269 0.013836683
v 0.014166948 -0.014213403 0.013786757
v 0.014165122 -0.014054153 0.013848174
v 0.014048329 -0.014167285 0.013797097
v 0.013964445 -0.014154409 0.013805283
v 0.013878852 -0.014191425 0.013774522
v 0.013837767 -0.014162874 0.013818882
v 0.013735255 -0.014199864 0.013802891
v 0.013680641 -0.014224533 0.013838017
v 0.01354855 -0.014150504 0.013916807
v 0.013582037 -0.014304473 0.013851851
v 0.013436548 -0.014268951 0.013933744
v 0.013507513 -0.01440742 0.013864189
v 0.013359016 -0.01441262 0.0139482
v 0.013462143 -0.014526356 0.013874192
v 0.013449706 -0.014610555 0.013879221
v 0.013431507 -0.014699488 0.01384011
v 0.013449077 -0.01478576 0.013842097
v 0.01334433 -0.014904881 0.013915494
v 0.013502587 -0.014906304 0.013841848
v 0.013554776 -0.014977201 0.013839541
v 0.013511783 -0.015132131 0.013908077
v 0.013653888 -0.015063971 0.013833037
v 0.013730916 -0.015106208 0.013826866
v 0.013814016 -0.015134401 0.01381944
v 0.013869891 -0.015289439 0.01387766
v 0.013944491 -0.015148606 0.013806448
v 0.014031505 -0.015138935 0.013796936
v 0.014148886 -0.015258303 0.013847156
v 0.01415548 -0.015096451 0.013782112
v 0.014206639 -0.015025104 0.013736711
v 0.014231946 -0.014981974 0.013733807
v 0.014350068 -0.014923979 0.013754161
v 0.014357419 -0.014834636 0.013712535
v 0.014407419 -0.014805745 0.013742937
v 0.014573689 -0.014767683 0.013781082
v 0.014432284 -0.01467649 0.013734618
v 0.01442988 -0.014588533 0.013730974
v 0.014412306 -0.014502262 0.013728988
v 0.014380099 -0.014420299 0.01372872
v 0.014334237 -0.014345132 0.013730179
v 0.014402514 -0.014190143 0.013773375
v 0.014242993 -0.01425005 0.013735493
v 0.014269778 -0.014083857 0.013782525
v 0.014130467 -0.014181815 0.013744219
v 0.014114335 -0.014015575 0.013795728
v 0.014004326 -0.014145076 0.013755761
v 0.013916892 -0.014139415 0.013764637
v 0.013787357 -0.014159594 0.013779054
v 0.013683923 -0.01420359 0.013766088
v 0.01363128 -0.014237292 0.013798788
v 0.013485073 -0.014171431 0.013868321
v 0.013537038 -0.014328508 0.013812664
v 0.013379867 -0.014304271 0.013885186
v 0.013469619 -0.014441221 0.013824695
v 0.0133126 -0.014460093 0.013899109
v 0.013433626 -0.014567757 0.013834056
v 0.013426255 -0.014634962 0.013812089
v 0.013264035 -0.01468896 0.013856345
v 0.013421236 -0.01474756 0.013797617
v 0.013446861 -0.014834138 0.013798776
v 0.013333594 -0.014984654 0.01381338
v 0.013512234 -0.014952509 0.013797193
v 0.013571838 -0.015020264 0.013793972
v 0.013538745 -0.015185978 0.013849678
v 0.013680763 -0.015100024 0.013786133
v 0.013763174 -0.015136261 0.013779134
v 0.013850533 -0.015157602 0.01377096
v 0.013920112 -0.015315166 0.013815587
v 0.013985018 -0.015160394 0.013757045
v 0.014073002 -0.015142693 0.013747076
v 0.014203491 -0.015258047 0.013783475
v 0.014195801 -0.015088139 0.013731841
v 0.014329652 -0.014969473 0.013712612
v 0.014379118 -0.014894408 0.013704124
v 0.014427147 -0.014768436 0.013693532
v 0.014595357 -0.014716114 0.013718567
v 0.014441022 -0.014634121 0.013686135
v 0.014430728 -0.014544458 0.013683239
v 0.014405101 -0.01445788 0.01368208
v 0.014364917 -0.014377019 0.013682694
v 0.014311394 -0.014304331 0.013685062
v 0.014209763 -0.014215369 0.013691732
v 0.014222522 -0.014041562 0.013727616
v 0.01408879 -0.014155756 0.013701721
v 0.014056983 -0.013985486 0.013742414
v 0.013956723 -0.014129554 0.013714347
v 0.013866947 -0.014131627 0.01372381
v 0.013767809 -0.013992264 0.013772902
v 0.013736484 -0.014163888 0.013738859
v 0.01362582 -0.01423569 0.013714859
v 0.013584046 -0.01425731 0.013758909
v 0.013425486 -0.014202216 0.013817935
v 0.013495942 -0.014358984 0.01377261
v 0.01332945 -0.014348065 0.01383442
v 0.013437147 -0.014480222 0.013784117
v 0.013274382 -0.014514085 0.013847521
v 0.013265866 -0.014571976 0.013850973
v 0.013276938 -0.014870166 0.013793454
v 0.013296109 -0.014926108 0.013796549
v 0.013367924 -0.015047797 0.013799456
v 0.013573879 -0.015233441 0.01378865
v 0.013712725 -0.015130656 0.01373786
v 0.013799495 -0.015160074 0.013730105
v 0.013889964 -0.015173934 0.013721275
v 0.013973293 -0.015330861 0.013751269
v 0.014026577 -0.015164762 0.013706607
v 0.014114225 -0.015138946 0.013696314
v 0.01417522 -0.015112974 0.013665166
v 0.01425541 -0.015099373 0.013684721
v 0.01432481 -0.01409301 0.013659755
v 0.014170865 -0.01418569 0.013648186
v 0.014168035 -0.014007142 0.013672318
v 0.014042927 -0.014135992 0.013659341
v 0.013994663 -0.013964856 0.013688544
v 0.013906694 -0.014121187 0.013672907
v 0.013815845 -0.014131302 0.013682839
v 0.013746223 -0.014147845 0.013667209
v 0.013686412 -0.014175688 0.013698317
v 0.013404063 -0.014198775 0.013755772
v 0.013348135 -0.014272905 0.013764403
v 0.013304698 -0.014344159 0.013769439
v 0.013284797 -0.0143966 0.013771708
v 0.01326414 -0.014453312 0.013776464
v 0.013248254 -0.014514208 0.013780027
v 0.014226589 -0.014218748 0.01357362
v 0.014187759 -0.014192852 0.013576527
v 0.014127228 -0.014161874 0.013604966
v 0.014060024 -0.014136745 0.013587377
v 0.013993996 -0.014123114 0.013617159
v 0.013922337 -0.01411569 0.013600818
v 0.013855475 -0.014120268 0.013631494
v 0.01378408 -0.014131127 0.013615935
v 0.013696263 -0.014161266 0.013626437
v 0.013638384 -0.01419474 0.013657454
v 0.013624196 -0.0150937 0.013698746
v 0.013681105 -0.015131761 0.013670998
v 0.01374881 -0.015155076 0.013688455
v 0.01381317 -0.015176494 0.013659192
v 0.013847114 -0.015340339 0.013704356
v 0.013931137 -0.015182987 0.013670657
v 0.014027688 -0.015336107 0.013685318
v 0.014067935 -0.015161629 0.013655431
v 0.014131686 -0.01514094 0.013624367
v 0.014212888 -0.015095915 0.013613896
v 0.014354665 -0.015190703 0.013644745
v 0.014391677 -0.015155716 0.013638514
v 0.014142565 -0.014171376 0.013533312
v 0.014160254 -0.013999984 0.013551219
v 0.014010192 -0.014126528 0.013545145
v 0.013983499 -0.013956872 0.013567761
v 0.013870929 -0.014117578 0.013559287
v 0.013801869 -0.01396113 0.013586911
v 0.01373427 -0.014145119 0.013574772
v 0.013649236 -0.014182933 0.013585324
v 0.013521729 -0.014071244 0.013621031
v 0.013423422 -0.01517763 0.01369584
v 0.013595767 -0.01508652 0.013630921
v 0.013554507 -0.015250204 0.01366982
v 0.013718484 -0.015153736 0.013621087
v 0.013794357 -0.015136814 0.013613199
v 0.013854194 -0.015186838 0.013608385
v 0.013901015 -0.015350947 0.013638108
v 0.013947335 -0.015188738 0.013598747
v 0.013993647 -0.01518357 0.013593683
v 0.014081512 -0.015330804 0.013618374
v 0.014139703 -0.015313648 0.013611539
v 0.014169028 -0.015123381 0.013572709
v 0.014384648 -0.015216047 0.01358229
v 0.014199826 -0.014208953 0.013505494
v 0.014093753 -0.014157818 0.013490945
v 0.014095995 -0.013984313 0.013496017
v 0.013958907 -0.01412493 0.013503566
v 0.013916557 -0.013956869 0.013513534
v 0.01381515 -0.014184669 0.013519978
v 0.013763965 -0.014179981 0.013530475
v 0.013621926 -0.014016257 0.013546921
v 0.013606619 -0.014212163 0.013544205
v 0.013418784 -0.015164525 0.013622999
v 0.01363159 -0.015111594 0.013581429
v 0.01360214 -0.015281043 0.013604997
v 0.013758807 -0.015167483 0.013570624
v 0.013895939 -0.01518846 0.013557238
v 0.014058889 -0.015167482 0.013562655
v 0.014189356 -0.015293019 0.013544227
v 0.014201984 -0.015098246 0.013521293
v 0.014343846 -0.015198268 0.013523903
v 0.014382498 -0.015157996 0.013526336
v 0.014206234 -0.014233145 0.013436315
v 0.014153078 -0.014190535 0.013462684
v 0.014024221 -0.014140547 0.013473922
v 0.013907792 -0.014132025 0.013462992
v 0.013844448 -0.014171393 0.013478582
v 0.013665224 -0.014180679 0.013513176
v 0.013418426 -0.015193696 0.013558992
v 0.01349573 -0.015215512 0.013552326
v 0.013692144 -0.015142336 0.013552953
v 0.013824797 -0.015180876 0.013540812
v 0.013962702 -0.015183662 0.013526538
v 0.014067059 -0.015328659 0.013497694
v 0.014096463 -0.015150505 0.013511106
v 0.014155061 -0.015074179 0.013486137
v 0.014362417 -0.015213891 0.013459017
v 0.014205367 -0.014306513 0.013412166
v 0.014240689 -0.014078301 0.013364117
v 0.014103746 -0.014179139 0.013420784
v 0.014078564 -0.014007083 0.013377887
v 0.013972998 -0.014141169 0.013432751
v 0.013858452 -0.014147633 0.013423763
v 0.013748166 -0.014156382 0.013456895
v 0.013616859 -0.014038194 0.013427464
v 0.013624096 -0.014211605 0.013472294
v 0.013466397 -0.014130474 0.013447257
v 0.01361056 -0.01509369 0.01351277
v 0.013597589 -0.015269995 0.013484025
v 0.013732861 -0.015153858 0.013502668
v 0.013765211 -0.015326777 0.013469042
v 0.013866353 -0.015180254 0.013489901
v 0.013941555 -0.015338114 0.013451135
v 0.014001939 -0.015171077 0.01347534
v 0.014114601 -0.015303234 0.013431525
v 0.014130379 -0.015126953 0.013459978
v 0.014172785 -0.014233993 0.013369969
v 0.01417537 -0.014067551 0.01331163
v 0.014053051 -0.014175102 0.01337986
v 0.014011902 -0.014012176 0.013326243
v 0.013922365 -0.014149274 0.013392358
v 0.013812431 -0.014171254 0.013386195
v 0.013726344 -0.014018869 0.013356349
v 0.013704489 -0.014183417 0.013416617
v 0.013625051 -0.014223045 0.013426664
v 0.013645413 -0.014972798 0.013475445
v 0.013650056 -0.015109671 0.013463317
v 0.013651688 -0.015280656 0.013420021
v 0.013774397 -0.015157879 0.013452472
v 0.013819273 -0.015321532 0.013404337
v 0.013906774 -0.015172177 0.013439286
v 0.013991482 -0.015317495 0.01338618
v 0.014038167 -0.015151588 0.013424658
v 0.014156578 -0.015268822 0.01336679
v 0.014159623 -0.015097521 0.013409584
v 0.013392346 -0.014674125 0.013425566
v 0.013402313 -0.014760349 0.013428343
v 0.013487829 -0.01481273 0.013421278
v 0.013465744 -0.014921327 0.01342885
v 0.013553493 -0.015213507 0.013370165
v 0.013691093 -0.015118239 0.013414045
v 0.013706387 -0.01528067 0.013357179
v 0.013815518 -0.015154346 0.013402656
v 0.013871196 -0.015305876 0.01334109
v 0.013944859 -0.015156917 0.013389268
v 0.014036689 -0.015287407 0.013322996
v 0.014070302 -0.015125781 0.013374793
v 0.014191586 -0.015226522 0.013304129
v 0.014183298 -0.015063057 0.013360219
v 0.014301477 -0.01493795 0.013342342
v 0.01434252 -0.014861803 0.013334686
v 0.014494978 -0.014843439 0.013255492
v 0.014377894 -0.014736989 0.013325467
v 0.014379863 -0.014607084 0.013319507
v 0.014332608 -0.014509764 0.013305604
v 0.014309576 -0.014403205 0.013317815
v 0.01425543 -0.014147484 0.013249679
v 0.014123122 -0.01422542 0.013329407
v 0.014108884 -0.014067218 0.013261423
v 0.014002255 -0.014178571 0.01333995
v 0.013946823 -0.01402769 0.013276591
v 0.013873577 -0.014164682 0.013352766
v 0.013771149 -0.01420212 0.013350591
v 0.013672403 -0.014058316 0.013306594
v 0.013665566 -0.014216315 0.013376768
v 0.013592022 -0.014261474 0.013386446
v 0.01333363 -0.014333286 0.013354137
v 0.013432801 -0.014462728 0.013411981
v 0.013397424 -0.014587541 0.013421201
v 0.01340823 -0.014717492 0.013381268
v 0.013282384 -0.014814318 0.013325783
v 0.013341157 -0.014963695 0.013326263
v 0.01349946 -0.014948953 0.013381996
v 0.013554818 -0.015011765 0.013378997
v 0.013620152 -0.015064016 0.013374491
v 0.013608405 -0.015218776 0.013309661
v 0.013732443 -0.015119218 0.013365215
v 0.013759901 -0.015270095 0.013296118
v 0.013854998 -0.015143415 0.013353491
v 0.013919279 -0.015280341 0.013279934
v 0.013979466 -0.015134953 0.013340123
v 0.014075676 -0.015248817 0.013262211
v 0.014097366 -0.015094415 0.013326018
v 0.014218436 -0.01517767 0.013244157
v 0.014200661 -0.015024555 0.013312142
v 0.014257878 -0.014963973 0.013303486
v 0.014303705 -0.01489428 0.013295617
v 0.014336757 -0.014817602 0.013288769
v 0.014476114 -0.014786337 0.013199927
v 0.01436028 -0.01469461 0.013280869
v 0.014485583 -0.014626296 0.013191851
v 0.014351287 -0.014569547 0.013276267
v 0.014310385 -0.014450934 0.013275283
v 0.014266676 -0.014379474 0.013276684
v 0.014314757 -0.014241923 0.013192663
v 0.01417978 -0.014289107 0.013281752
v 0.014189634 -0.014141734 0.013201288
v 0.01407266 -0.014224309 0.013290067
v 0.014043107 -0.014077368 0.013213734
v 0.013952622 -0.014189484 0.013301054
v 0.013885161 -0.014053212 0.013229152
v 0.013827844 -0.014187016 0.013313974
v 0.013706828 -0.014217062 0.013327935
v 0.013632344 -0.014254241 0.013337359
v 0.013565476 -0.014303874 0.013346536
v 0.013413278 -0.014263054 0.013287706
v 0.013483826 -0.01439829 0.013359243
v 0.013325389 -0.01439653 0.013302792
v 0.01342938 -0.014510827 0.013369908
v 0.013274992 -0.014548466 0.013314782
v 0.013405852 -0.014633818 0.01337781
v 0.013421339 -0.014677148 0.013334469
v 0.013430557 -0.014756741 0.013337031
v 0.013321698 -0.014857923 0.013271147
v 0.013469703 -0.014870233 0.013337969
v 0.01338954 -0.014994315 0.013270105
v 0.013536716 -0.014969814 0.013335384
v 0.013594685 -0.01502507 0.013331779
v 0.01366128 -0.015069417 0.013326792
v 0.013663094 -0.015213357 0.013251248
v 0.013772861 -0.015112645 0.013317058
v 0.013810483 -0.015249307 0.013237454
v 0.013891647 -0.015125442 0.013305225
v 0.013961939 -0.015245757 0.013221486
v 0.014009541 -0.015106938 0.013292097
v 0.014107139 -0.015202949 0.013204432
v 0.014118511 -0.015058394 0.013278571
v 0.014236188 -0.015123801 0.013187455
v 0.014211129 -0.014983117 0.013265568
v 0.014260613 -0.014920546 0.013257632
v 0.014298486 -0.014850246 0.013250567
v 0.014214935 -0.014728843 0.013313188
v 0.01444747 -0.014732286 0.013148061
v 0.014335799 -0.014655096 0.013238029
v 0.014443239 -0.014580139 0.013141765
v 0.014316834 -0.014536591 0.013234762
v 0.014399954 -0.014434095 0.013139816
v 0.014268005 -0.014426912 0.013235
v 0.014220422 -0.01436243 0.013237113
v 0.014250158 -0.014230806 0.013146451
v 0.014130114 -0.014283544 0.013243046
v 0.014123666 -0.014146446 0.01315592
v 0.014022662 -0.014230732 0.013251925
v 0.013979898 -0.014097745 0.013168771
v 0.013905392 -0.014207587 0.013263141
v 0.01382865 -0.014088021 0.01318413
v 0.013786293 -0.014215693 0.013275933
v 0.01368023 -0.014117937 0.013200949
v 0.013673482 -0.014254494 0.013289428
v 0.013605598 -0.014296191 0.013298361
v 0.013546011 -0.01434913 0.013306926
v 0.0134 -0.014325684 0.013239403
v 0.013476057 -0.014446011 0.01331852
v 0.013327935 -0.014459223 0.01325284
v 0.013433532 -0.014557891 0.013327913
v 0.013292822 -0.014607105 0.013263054
v 0.01344334 -0.014716392 0.013291242
v 0.013458595 -0.014790843 0.013292946
v 0.013367712 -0.014893018 0.013218374
v 0.013504907 -0.014894841 0.013292717
v 0.013442236 -0.015015037 0.013215998
v 0.013576383 -0.01498338 0.013289177
v 0.013635672 -0.015030778 0.013285089
v 0.013702204 -0.015067157 0.013279753
v 0.013715782 -0.015197471 0.013195521
v 0.013811125 -0.015098737 0.013269781
v 0.013856482 -0.01521899 0.013181785
v 0.013924341 -0.015100962 0.013258061
v 0.013997766 -0.015203223 0.013166338
v 0.014034139 -0.015073682 0.01324539
v 0.014130004 -0.015151244 0.013150232
v 0.014133037 -0.015018756 0.013232631
v 0.014244186 -0.015066596 0.013134563
v 0.014214289 -0.014939919 0.013220662
v 0.014255869 -0.014876684 0.013213515
v 0.014285842 -0.014807102 0.013207307
v 0.014409792 -0.014682971 0.013100286
v 0.014305002 -0.014619583 0.013197005
v 0.014393445 -0.014540985 0.013095705
v 0.014277342 -0.014509169 0.013194999
v 0.014341089 -0.014407918 0.013095278
v 0.014222198 -0.01440958 0.013196348
v 0.01417196 -0.014352595 0.013199068
v 0.014184509 -0.014230051 0.013103747
v 0.014080192 -0.014285547 0.013205676
v 0.0140594 -0.014161527 0.013113772
v 0.013974381 -0.014244569 0.013214912
v 0.013921046 -0.014127782 0.013126721
v 0.013778876 -0.014131114 0.01314171
v 0.013749952 -0.014249997 0.013238582
v 0.013642577 -0.014171298 0.013157718
v 0.013559597 -0.014217306 0.013168419
v 0.01358596 -0.014341078 0.013259734
v 0.013534053 -0.014396055 0.013267587
v 0.013397553 -0.014388674 0.013192924
v 0.013475976 -0.014493419 0.013277961
v 0.013341068 -0.014519521 0.013204615
v 0.013445033 -0.01460268 0.013286028
v 0.013320291 -0.01466075 0.013213038
v 0.0077257184 -0.014558056 0.0098712978
v 0.0077297492 -0.014611647 0.0098577962
v 0.0077672674 -0.014285305 0.0099905247
v 0.0077545924 -0.014328038 0.0099631148
v 0.0077459467 -0.01435775 0.0099470709
v 0.0077383548 -0.014386816 0.009933101
v 0.0077257741 -0.014436664 0.0099130583
v 0.0077379469 -0.014499877 0.0098839892
v 0.0077000833 -0.014668485 0.0098668175
v 0.0077183209 -0.014724825 0.0098604578
v 0.0077094694 -0.0147811 0.0098686694
v 0.0075771034 -0.015236196 0.0096261482
v 0.007725312 -0.01484037 0.0098687616
v 0.0077002088 -0.014864335 0.0098879526
v 0.0077030217 -0.014899146 0.009896998
v 0.0077063743 -0.014931415 0.0099070024
v 0.0077399877 -0.014955162 0.0099061838
v 0.0077167151 -0.015011139 0.0099392917
v 0.0077543407 -0.015066051 0.0099570584
v 0.0077414223 -0.015112988 0.0099972695
v 0.007753611 -0.015156256 0.01003044
v 0.0077676444 -0.015205414 0.010086673
v 0.0071981497 -0.015299305 0.0081226489
v 0.0074082411 -0.015256047 0.0091362999
v 0.0072816179 -0.015277134 0.0086339232
v 0.0099522701 -0.01456315 0.013081562
v 0.01019776 -0.01425001 0.013182597
v 0.010360074 -0.014894964 0.012524241
v 0.010262131 -0.014601556 0.012422791
v 0.010228084 -0.01452293 0.012295055
v 0.010256413 -0.014439636 0.012304883
v 0.010331488 -0.014447016 0.01248639
v 0.010348981 -0.014294645 0.012343844
v 0.010406088 -0.01433764 0.012542458
v 0.010597043 -0.014278525 0.012612864
v 0.010763325 -0.014316613 0.012697537
v 0.010823122 -0.014345433 0.012748725
v 0.010990134 -0.014289814 0.012667488
v 0.010883268 -0.014408647 0.012749898
v 0.010935914 -0.014454672 0.01276138
v 0.011092683 -0.014474215 0.012729219
v 0.010950262 -0.014561946 0.012789008
v 0.011116276 -0.014603306 0.012748086
v 0.010953526 -0.014662516 0.012799406
v 0.010961102 -0.014729558 0.01279104
v 0.011087254 -0.014821205 0.012745152
v 0.01092649 -0.014823473 0.012780815
v 0.011030768 -0.014939077 0.01272296
v 0.010846147 -0.014894278 0.01276919
v 0.010949284 -0.015037311 0.012687082
v 0.010766034 -0.014941237 0.012747465
v 0.010580107 -0.014992698 0.012660645
v 0.01036645 -0.015041703 0.012392877
v 0.010267354 -0.014907511 0.012335592
v 0.010302306 -0.014783359 0.012500097
v 0.010223976 -0.014785509 0.012307112
v 0.010216092 -0.01474237 0.012300807
v 0.010264128 -0.014667641 0.012434762
v 0.010708487 -0.014556298 0.013596994
v 0.010695666 -0.014466087 0.013585662
v 0.01066898 -0.014380118 0.013567554
v 0.010578843 -0.014410042 0.013373113
v 0.010604837 -0.014264777 0.013528941
v 0.010577652 -0.014231145 0.013513398
v 0.010513622 -0.014284907 0.013330249
v 0.010481573 -0.014148267 0.013460399
v 0.010432104 -0.014233749 0.013288312
v 0.010371399 -0.014233892 0.013273904
v 0.010312328 -0.014220397 0.013249475
v 0.010165783 -0.014088158 0.01329763
v 0.010137631 -0.014269882 0.01316101
v 0.0099433811 -0.014204919 0.013191559
v 0.010038048 -0.014358398 0.013089863
v 0.0098166402 -0.014386541 0.013137305
v 0.0098002783 -0.014429064 0.013131329
v 0.009769105 -0.014609226 0.013125276
v 0.009770177 -0.014655068 0.013128285
v 0.0097748196 -0.014700534 0.013133077
v 0.0097946482 -0.01478896 0.013147854
v 0.0098096833 -0.014831247 0.013157725
v 0.0098494236 -0.014910363 0.01318206
v 0.0099010113 -0.01498022 0.013211882
v 0.0099628787 -0.015038698 0.013246283
v 0.0099970904 -0.015063099 0.01326488
v 0.010033146 -0.015084019 0.013284221
v 0.010186773 -0.014975916 0.013216882
v 0.010249058 -0.014985676 0.013242383
v 0.010272116 -0.015129505 0.013407394
v 0.010361562 -0.014991045 0.013314516
v 0.010443412 -0.014976495 0.013333275
v 0.010502301 -0.015034633 0.013518576
v 0.010521297 -0.014891705 0.013384296
v 0.010619798 -0.014904558 0.013570933
v 0.010662024 -0.014824825 0.013587974
v 0.010678385 -0.014782301 0.013593951
v 0.010691406 -0.014738434 0.013598168
v 0.010700986 -0.014693556 0.013600592
v 0.010638234 -0.014626813 0.013434871
v 0.010174652 -0.014133697 0.012537261
v 0.010225532 -0.01428335 0.012605696
v 0.010066499 -0.014203957 0.012545448
v 0.010225891 -0.014365717 0.012630463
v 0.010068194 -0.014262038 0.012490388
v 0.010039872 -0.01424596 0.012529176
v 0.010023126 -0.014275215 0.012520308
v 0.010039668 -0.014311008 0.012478612
v 0.010008404 -0.014303882 0.012512618
v 0.010133698 -0.014428227 0.012567751
v 0.0099856399 -0.014353115 0.012502487
v 0.0099868643 -0.014410884 0.012467837
v 0.0099507005 -0.014467236 0.012484796
v 0.0099591093 -0.014434396 0.012488396
v 0.0099779959 -0.014471292 0.012456082
v 0.0099433735 -0.014501993 0.012481989
v 0.009954379 -0.014527254 0.012453623
v 0.0099582876 -0.014585193 0.012452256
v 0.0099327388 -0.014583549 0.012477175
v 0.0099564804 -0.014700714 0.012457561
v 0.0099294851 -0.014675886 0.012482697
v 0.0099551301 -0.01464297 0.01245377
v 0.0099293026 -0.014641156 0.012480628
v 0.0099503276 -0.014755964 0.012464979
v 0.0099308084 -0.014705285 0.012485211
v 0.0099452142 -0.014814665 0.012500716
v 0.0099389136 -0.014779661 0.012494664
v 0.0099726293 -0.014814345 0.012471834
v 0.0099525559 -0.014847153 0.012507287
v 0.0099797474 -0.014871629 0.012488412
v 0.010125652 -0.014848846 0.012586334
v 0.0099765139 -0.014927586 0.012528782
v 0.010017972 -0.014975159 0.012514365
v 0.010056301 -0.015022289 0.012525297
v 0.010011429 -0.015004484 0.012553614
v 0.010025824 -0.01503086 0.01256411
v 0.010227228 -0.014926981 0.012672447
v 0.010052807 -0.015074906 0.012585393
v 0.010105715 -0.01513202 0.01262476
v 0.010227826 -0.014975323 0.012688472
v 0.0099728199 -0.015123973 0.012824371
v 0.0099830747 -0.015149396 0.012899264
v 0.0099497969 -0.015114398 0.01287534
v 0.010709882 -0.014176409 0.013186924
v 0.010927453 -0.015116821 0.013045672
v 0.010799526 -0.01498375 0.012969829
v 0.010980959 -0.015068006 0.013053928
v 0.010870873 -0.014957501 0.012966744
v 0.011026681 -0.015014977 0.01301513
v 0.011011667 -0.015026437 0.013062123
v 0.011030005 -0.014997352 0.01306784
v 0.011055208 -0.014966006 0.013026905
v 0.011046169 -0.014968839 0.013072675
v 0.010932805 -0.014845764 0.012993926
v 0.011069962 -0.014919716 0.013080771
v 0.011099559 -0.014865231 0.013054413
v 0.011112646 -0.014793367 0.01308871
v 0.011100558 -0.014838868 0.013086814
v 0.01111688 -0.014805723 0.013049435
v 0.011135309 -0.014749208 0.013062163
v 0.011136148 -0.014573836 0.013066421
v 0.011130693 -0.014616265 0.013089016
v 0.010974221 -0.014637545 0.0130063
v 0.01113712 -0.014692273 0.013072401
v 0.010953459 -0.014509225 0.012993981
v 0.011117763 -0.01447164 0.013073957
v 0.011138482 -0.014520405 0.013052545
v 0.011108912 -0.014410122 0.013043134
v 0.011069801 -0.014310406 0.012981316
v 0.010899973 -0.014352349 0.012954146
v 0.011033071 -0.014251628 0.013029447
v 0.011007836 -0.014209095 0.012962236
v 0.010994663 -0.014197058 0.013013963
v 0.010973594 -0.014166732 0.012942657
v 0.0099021085 -0.014673051 0.013047146
v 0.0099159407 -0.014749006 0.013058222
v 0.0098000399 -0.014849815 0.013100598
v 0.0099582884 -0.014854446 0.013085289
v 0.0098688155 -0.014973486 0.013142
v 0.010023858 -0.014943367 0.013123199
v 0.010078316 -0.014990424 0.013153249
v 0.010139493 -0.015025975 0.013186063
v 0.010205511 -0.015048956 0.013220655
v 0.010207982 -0.015170274 0.013323934
v 0.01030922 -0.015058422 0.013273555
v 0.010339576 -0.015162859 0.013390015
v 0.010412236 -0.015037475 0.013324474
v 0.01050754 -0.01498753 0.013369932
v 0.010563548 -0.014939732 0.013395653
v 0.010641271 -0.014967665 0.013531923
v 0.010632027 -0.014849906 0.013425413
v 0.010665301 -0.014780588 0.013438492
v 0.010687446 -0.014706149 0.013445673
v 0.01069779 -0.014628851 0.013446738
v 0.010696021 -0.014551042 0.013441657
v 0.010750005 -0.014458284 0.013559439
v 0.010670866 -0.014438531 0.01342289
v 0.010701765 -0.014322607 0.013527767
v 0.010620377 -0.014337843 0.013391967
v 0.010574274 -0.014280726 0.0133656
v 0.010489951 -0.014214379 0.013319434
v 0.010392618 -0.014175135 0.013268151
v 0.01031345 -0.014045649 0.013316687
v 0.01028891 -0.014165672 0.013215245
v 0.010219715 -0.014176302 0.013180864
v 0.010152931 -0.014200175 0.013148411
v 0.010090591 -0.014236567 0.013118873
v 0.010034581 -0.014284362 0.013093151
v 0.009966103 -0.014374188 0.013063391
v 0.0098074992 -0.014372993 0.013078704
v 0.0099203182 -0.014480224 0.013045965
v 0.0097657235 -0.014513743 0.013065174
v 0.0099003387 -0.014595243 0.013042065
v 0.0098990131 -0.014637432 0.012995604
v 0.0099072391 -0.01471847 0.013004122
v 0.0099279612 -0.014796336 0.01301878
v 0.0098160836 -0.014912807 0.013055336
v 0.0099809839 -0.01490206 0.013051258
v 0.0098990622 -0.015035988 0.013103886
v 0.010057001 -0.014988159 0.013094295
v 0.010117949 -0.01503169 0.013127427
v 0.010184987 -0.015062533 0.013162953
v 0.010256076 -0.015079751 0.013199794
v 0.010274154 -0.015208251 0.01330265
v 0.010365566 -0.015079002 0.013255065
v 0.010412769 -0.015186838 0.013371524
v 0.010471839 -0.015046575 0.01330701
v 0.010542574 -0.01512614 0.013433834
v 0.010567654 -0.014984676 0.013352086
v 0.010622452 -0.014929043 0.013376775
v 0.010715843 -0.014950011 0.013511888
v 0.010686879 -0.014828259 0.013403897
v 0.010716082 -0.014752492 0.01341457
v 0.0107332 -0.01467252 0.013418914
v 0.010737713 -0.014590774 0.013416793
v 0.010729486 -0.014509736 0.013408278
v 0.010788816 -0.014402125 0.013519265
v 0.010693905 -0.01439487 0.01338412
v 0.010726573 -0.014264171 0.013480396
v 0.01063273 -0.014294947 0.013347835
v 0.010579726 -0.014240047 0.013318105
v 0.010558774 -0.014090612 0.013386284
v 0.010485897 -0.014179439 0.013267443
v 0.010430837 -0.014031857 0.01331849
v 0.010380652 -0.014148455 0.013212605
v 0.01029286 -0.014012527 0.013247744
v 0.010271161 -0.0141492 0.013157333
v 0.010199498 -0.014167393 0.013122108
v 0.010131447 -0.014199159 0.013089438
v 0.010069075 -0.014243533 0.013060317
v 0.010014273 -0.014299162 0.013035628
v 0.0098511705 -0.014270768 0.013038506
v 0.0099498477 -0.014399946 0.013008503
v 0.0097845958 -0.014409692 0.01301235
v 0.0099105306 -0.014515323 0.012994852
v 0.0097520211 -0.014562293 0.013004107
v 0.0099041612 -0.014682968 0.01295153
v 0.0099192897 -0.014765997 0.012963643
v 0.0099471488 -0.014844473 0.01298194
v 0.0098428142 -0.014976086 0.013012412
v 0.010010842 -0.014948494 0.013019715
v 0.0099397692 -0.015096034 0.013067849
v 0.010096837 -0.015029869 0.013067539
v 0.010163712 -0.015068727 0.013103416
v 0.010235888 -0.015093831 0.013141228
v 0.010311168 -0.015104424 0.013179829
v 0.010346606 -0.015237275 0.013280981
v 0.010424898 -0.015092526 0.013236646
v 0.010489999 -0.015200767 0.013351456
v 0.010532713 -0.015048163 0.013288724
v 0.010620956 -0.015124201 0.013413494
v 0.010627263 -0.014974362 0.013332516
v 0.010679697 -0.014911221 0.013355609
v 0.010722171 -0.014857013 0.013342569
v 0.01073847 -0.014800374 0.013379332
v 0.010762671 -0.014718998 0.013387182
v 0.010773967 -0.014634497 0.01338834
v 0.010772019 -0.01454944 0.013382778
v 0.010756888 -0.014466412 0.013370664
v 0.010819617 -0.014344106 0.01347187
v 0.01071058 -0.014351156 0.013341067
v 0.010743166 -0.014206634 0.013425849
v 0.010638887 -0.014253966 0.013299615
v 0.010579343 -0.014202537 0.013266769
v 0.010553279 -0.014042836 0.013321104
v 0.010476907 -0.014149352 0.013212157
v 0.010414514 -0.013994662 0.013248409
v 0.010365011 -0.014127981 0.013154478
v 0.010268459 -0.013988623 0.013174298
v 0.010251282 -0.014139886 0.013097662
v 0.01017828 -0.014165996 0.013062188
v 0.010110134 -0.014205784 0.013029903
v 0.010048915 -0.014258045 0.013001789
v 0.0099964829 -0.014321188 0.012978699
v 0.0099793665 -0.014378096 0.012941537
v 0.0099377045 -0.014432032 0.012954972
v 0.0097687209 -0.014454728 0.012946921
v 0.0099062157 -0.01455543 0.012945705
v 0.009747085 -0.014617172 0.012944734
v 0.0099563639 -0.014684838 0.012886782
v 0.0099776903 -0.014727637 0.012901696
v 0.010041422 -0.014781012 0.01291246
v 0.0099734826 -0.014892154 0.012947716
v 0.010059403 -0.014940763 0.01295261
v 0.010047542 -0.014992536 0.012990532
v 0.0099902528 -0.015151865 0.013033901
v 0.010142773 -0.015067415 0.013042671
v 0.010214861 -0.015100569 0.013080875
v 0.010291306 -0.015119069 0.01312049
v 0.010369784 -0.015122352 0.013160312
v 0.010423694 -0.015256522 0.013258504
v 0.010486097 -0.015098663 0.013217798
v 0.010569476 -0.015204282 0.013329341
v 0.010593695 -0.015042242 0.013269119
v 0.010699116 -0.015111925 0.013389863
v 0.010685243 -0.01495693 0.013310776
v 0.01073419 -0.014905813 0.013304098
v 0.010856072 -0.014887006 0.01345705
v 0.010785898 -0.014767071 0.01335141
v 0.010804288 -0.014681073 0.01335607
v 0.010809127 -0.014593171 0.013353783
v 0.010800267 -0.014506033 0.013344618
v 0.010777975 -0.014422308 0.013328851
v 0.010842019 -0.01428604 0.013417606
v 0.010720935 -0.014308641 0.013293914
v 0.010751587 -0.014151794 0.013364695
v 0.010639183 -0.014216071 0.013247635
v 0.010573637 -0.014169278 0.013212002
v 0.010541358 -0.014001852 0.013250419
v 0.010463727 -0.014124999 0.013154093
v 0.010393519 -0.013966156 0.013173812
v 0.010346624 -0.01411434 0.013094361
v 0.01024153 -0.01397472 0.013097489
v 0.010230312 -0.01413803 0.013036875
v 0.010157142 -0.014172204 0.01300175
v 0.01009008 -0.01421993 0.01297044
v 0.010031165 -0.014279763 0.012943897
v 0.010005233 -0.014333334 0.012905024
v 0.0098091513 -0.014344236 0.012898943
v 0.0099305165 -0.014469625 0.012903268
v 0.009760901 -0.014506799 0.012883317
v 0.0099079914 -0.014599501 0.012898878
v 0.0099162972 -0.014646392 0.012854672
v 0.0098484374 -0.014975116 0.012833751
v 0.010006751 -0.01493813 0.012916069
v 0.010090589 -0.015033032 0.012963531
v 0.010049558 -0.015201852 0.013001945
v 0.01018617 -0.015093522 0.012988038
v 0.010143542 -0.015250578 0.013052047
v 0.010270501 -0.015126397 0.013059447
v 0.010350232 -0.015137596 0.013100328
v 0.010430826 -0.015133087 0.013140801
v 0.010503655 -0.015265468 0.013234774
v 0.010547991 -0.015097297 0.013198065
v 0.010649367 -0.015197333 0.013304719
v 0.010661184 -0.015026149 0.013208246
v 0.010684982 -0.014999778 0.013262023
v 0.010811286 -0.015046311 0.013378391
v 0.010785026 -0.014856516 0.013304854
v 0.0109186 -0.014843674 0.013421699
v 0.010828341 -0.014729294 0.013319889
v 0.010840292 -0.014639798 0.013321111
v 0.010956996 -0.01455539 0.013425581
v 0.010831916 -0.014505313 0.01330964
v 0.010925782 -0.014384601 0.013400619
v 0.010792653 -0.014378681 0.013282989
v 0.010855911 -0.014229743 0.013356987
v 0.010725176 -0.01426853 0.013242971
v 0.010752147 -0.014101371 0.013297657
v 0.010634086 -0.014182367 0.013192316
v 0.010563251 -0.01414123 0.013154317
v 0.010523938 -0.013968961 0.013175241
v 0.010447203 -0.014107102 0.013093854
v 0.010369053 -0.013947263 0.013095827
v 0.010326483 -0.014107965 0.013032914
v 0.010213454 -0.013971301 0.013018514
v 0.010238465 -0.014135229 0.012962879
v 0.010114579 -0.014012052 0.012970757
v 0.010137153 -0.014185911 0.012941462
v 0.010072329 -0.014241276 0.012911692
v 0.0099058228 -0.014190458 0.012874897
v 0.0099722823 -0.014384535 0.012868861
v 0.0097985092 -0.014393094 0.012831589
v 0.009928967 -0.014511758 0.012853826
v 0.0097619431 -0.014564395 0.012822336
v 0.0097698742 -0.014687241 0.012757312
v 0.0097799084 -0.014748288 0.012763039
v 0.0097936275 -0.014810667 0.01277439
v 0.0098089804 -0.014862239 0.012784594
v 0.0098246858 -0.014917633 0.012798428
v 0.0098862449 -0.015037317 0.01284156
v 0.010139312 -0.015068932 0.012938485
v 0.0102498 -0.015126251 0.012997386
v 0.01032962 -0.015145548 0.013038749
v 0.010411559 -0.015148961 0.013080328
v 0.010493129 -0.015136383 0.01312086
v 0.010584663 -0.015263905 0.013209343
v 0.010609388 -0.0150885 0.013177015
v 0.010809409 -0.015107924 0.013309259
v 0.010853316 -0.01505522 0.013328499
v 0.010903814 -0.014979649 0.013349396
v 0.010943863 -0.014907496 0.013362787
v 0.010962568 -0.014854737 0.013367022
v 0.01098117 -0.014797481 0.013373436
v 0.010999424 -0.014729659 0.013375075
v 0.011008177 -0.014670493 0.013383311
v 0.011008152 -0.014616372 0.01337567
v 0.011007982 -0.014555999 0.013375729
v 0.011000059 -0.014495177 0.013365825
v 0.010985486 -0.014432707 0.013356163
v 0.010970397 -0.014381164 0.013345438
v 0.010952347 -0.01432552 0.013336243
v 0.010925603 -0.014269253 0.013322136
v 0.010897431 -0.014217992 0.013304754
v 0.010861176 -0.014172978 0.013285583
v 0.01062422 -0.014153807 0.013134203
v 0.010548944 -0.01411921 0.013094312
v 0.010500252 -0.014101793 0.013042439
v 0.010428264 -0.014096208 0.013032106
v 0.010342444 -0.013938619 0.013015649
v 0.010305614 -0.014109082 0.012970838
v 0.010217437 -0.014145505 0.012901915
v 0.010088074 -0.014029771 0.012892049
v 0.010098347 -0.01418019 0.012875417
v 0.0099212985 -0.014187675 0.01281096
v 0.0098712394 -0.014263293 0.012789194
v 0.0098335661 -0.014335699 0.012771101
v 0.0098167682 -0.014388661 0.012763091
v 0.009798087 -0.014445909 0.012756832
v 0.0097841564 -0.014507212 0.012752212
v 0.0097738876 -0.014570395 0.01275141
v 0.0097724302 -0.014627159 0.012751976
v 0.010712111 -0.014185424 0.013102053
v 0.010732198 -0.014019943 0.013149493
v 0.01061032 -0.014131243 0.013073895
v 0.010562723 -0.014107975 0.013022415
v 0.010480831 -0.014092394 0.012980205
v 0.0104079 -0.014092676 0.012969559
v 0.010355936 -0.014099431 0.012917489
v 0.010285065 -0.014117739 0.012908853
v 0.010198778 -0.014164213 0.012841581
v 0.010134845 -0.014200984 0.012836184
v 0.010120081 -0.015052988 0.012878353
v 0.010192888 -0.015099312 0.012915116
v 0.010189605 -0.015278719 0.012943128
v 0.010298864 -0.015144185 0.012944886
v 0.010293687 -0.015309283 0.012997355
v 0.010391107 -0.015157551 0.013018388
v 0.010464167 -0.01515914 0.0130292
v 0.010509386 -0.015307658 0.013106237
v 0.010555495 -0.015132181 0.01310007
v 0.010625444 -0.015109798 0.01310802
v 0.010669115 -0.015072555 0.013154261
v 0.010833313 -0.015143601 0.013261127
v 0.010698918 -0.014161741 0.013041751
v 0.010632234 -0.014131005 0.013032612
v 0.010543381 -0.014099171 0.012959808
v 0.010460219 -0.014091645 0.012917389
v 0.010401136 -0.014135299 0.012890763
v 0.010335791 -0.01411087 0.012855564
v 0.010265869 -0.014133752 0.012847676
v 0.010183585 -0.014190774 0.012782973
v 0.0099974044 -0.015184001 0.01277632
v 0.010169826 -0.015070007 0.012823342
v 0.010117756 -0.01523471 0.012836376
v 0.010241499 -0.015116238 0.012862039
v 0.010279878 -0.015133863 0.012882377
v 0.010320334 -0.015316201 0.012943102
v 0.010374242 -0.015323753 0.012970743
v 0.01044342 -0.015164994 0.012966672
v 0.010537294 -0.015314566 0.013052621
v 0.010567848 -0.015145771 0.013028497
v 0.010642972 -0.015282239 0.013104268
v 0.010684368 -0.015091287 0.013084429
v 0.010788946 -0.015196893 0.013173419
v 0.010862662 -0.015178028 0.013210361
v 0.010762027 -0.014199394 0.013050256
v 0.010681787 -0.01414575 0.012980007
v 0.010614964 -0.014175369 0.01294646
v 0.010638928 -0.013954727 0.012962551
v 0.010532205 -0.013934413 0.012907543
v 0.010439583 -0.01409964 0.012855167
v 0.010317644 -0.014130679 0.012795235
v 0.010288089 -0.014204448 0.012782891
v 0.010164619 -0.014028 0.012726879
v 0.01002695 -0.01515282 0.01272235
v 0.010227254 -0.015094154 0.012801425
v 0.010350757 -0.015152348 0.012892983
v 0.010401752 -0.015325458 0.012916507
v 0.01051647 -0.015159187 0.012977068
v 0.010627939 -0.015130432 0.0130058
v 0.01072064 -0.015260343 0.013074101
v 0.010739305 -0.015065326 0.013058557
v 0.010888943 -0.015148585 0.01315661
v 0.010745025 -0.014182223 0.012987708
v 0.010612157 -0.013951251 0.012880991
v 0.010512202 -0.014101449 0.01286574
v 0.010388696 -0.014114478 0.012804048
v 0.010148711 -0.014069244 0.012653213
v 0.010066493 -0.015169028 0.01266258
v 0.010130994 -0.015201772 0.012705216
v 0.010294265 -0.015123266 0.012810636
v 0.010323872 -0.015301769 0.012808038
v 0.010413282 -0.015158188 0.012872642
v 0.010495799 -0.015161582 0.012914511
v 0.010577936 -0.015148875 0.012955322
v 0.010694994 -0.015100603 0.013011861
v 0.010910493 -0.015176624 0.01309458
v 0.010794713 -0.014218265 0.012963598
v 0.010727087 -0.014168347 0.012926024
v 0.01073883 -0.01399555 0.012880409
v 0.010613155 -0.014122558 0.012866002
v 0.010584636 -0.013958319 0.012800508
v 0.010491793 -0.01411162 0.012804103
v 0.010426113 -0.01396725 0.012720904
v 0.010371273 -0.014136265 0.012744542
v 0.010274064 -0.014021736 0.012647023
v 0.010259809 -0.014194833 0.012691386
v 0.01013885 -0.014118063 0.012583899
v 0.010246245 -0.015076911 0.012732007
v 0.010254794 -0.015253537 0.012703584
v 0.010355936 -0.015133733 0.01279048
v 0.010405174 -0.015305744 0.012782365
v 0.010475726 -0.015156492 0.012852222
v 0.010557179 -0.015151877 0.012893122
v 0.010637019 -0.015131522 0.012932361
v 0.010768157 -0.015249669 0.012962723
v 0.010696549 -0.014984289 0.012961306
v 0.010903371 -0.015153342 0.013025847
v 0.010826336 -0.014253296 0.012906623
v 0.010717627 -0.01429171 0.012894385
v 0.01070707 -0.014161729 0.012864246
v 0.010710753 -0.013997206 0.012800748
v 0.010592226 -0.014128064 0.012804417
v 0.010557806 -0.013975779 0.012722327
v 0.010472786 -0.014129013 0.012744126
v 0.010404152 -0.013999516 0.012645981
v 0.010356885 -0.014164527 0.012687487
v 0.010285512 -0.014206294 0.012653677
v 0.010199212 -0.015183942 0.012606194
v 0.010306541 -0.015091866 0.012711964
v 0.010335114 -0.015262795 0.012679094
v 0.010418081 -0.015136677 0.012770725
v 0.010485487 -0.015299103 0.012757016
v 0.01053689 -0.015147374 0.012831321
v 0.010616139 -0.015135094 0.012870697
v 0.010692612 -0.015107653 0.012907854
v 0.0101004 -0.014663556 0.012534209
v 0.010109211 -0.014749473 0.012543284
v 0.010186138 -0.014799511 0.012584329
v 0.010165893 -0.01490866 0.012580486
v 0.010127787 -0.015056487 0.012499575
v 0.01026831 -0.015035228 0.012639041
v 0.010277934 -0.015198407 0.012583067
v 0.010367869 -0.01509937 0.012692787
v 0.010415076 -0.015261391 0.012655739
v 0.010479504 -0.015132086 0.012750944
v 0.010562981 -0.015282111 0.012731574
v 0.010595607 -0.015131144 0.012809548
v 0.010671578 -0.015111756 0.012846885
v 0.010743705 -0.015077981 0.012881506
v 0.010809798 -0.015030848 0.012912358
v 0.010970934 -0.01509135 0.012927402
v 0.010916087 -0.014902587 0.01295915
v 0.010966941 -0.014784456 0.012978484
v 0.010985007 -0.014699636 0.012983045
v 0.01098698 -0.014569731 0.012977051
v 0.010958838 -0.014444497 0.012956093
v 0.011084743 -0.014349322 0.013037871
v 0.010878063 -0.014299413 0.012907477
v 0.01082416 -0.014058573 0.012797668
v 0.010686003 -0.014162583 0.012803086
v 0.010682342 -0.014009339 0.012723373
v 0.010572007 -0.014140951 0.012744332
v 0.010533073 -0.014003167 0.012647631
v 0.010456174 -0.014153209 0.012686473
v 0.010386525 -0.014040478 0.012575605
v 0.010346399 -0.014198526 0.012633458
v 0.010280306 -0.014245658 0.012602603
v 0.010081977 -0.014324529 0.012437038
v 0.010123164 -0.014492051 0.012536478
v 0.010105097 -0.014576871 0.012531915
v 0.010138659 -0.014706525 0.012506189
v 0.010064914 -0.014806813 0.01239307
v 0.010117434 -0.014954531 0.012427553
v 0.010220181 -0.014935411 0.012559692
v 0.010269776 -0.014996694 0.012588044
v 0.010328341 -0.015047149 0.012620345
v 0.010356929 -0.015202247 0.012561876
v 0.010429053 -0.015099281 0.01267403
v 0.010492841 -0.015249431 0.012633077
v 0.010539029 -0.015120137 0.012730713
v 0.010635894 -0.015255346 0.012705664
v 0.010650775 -0.015108302 0.012786528
v 0.010722483 -0.015082552 0.012821369
v 0.010789406 -0.015043368 0.012853069
v 0.010943106 -0.015111692 0.012853133
v 0.010876428 -0.014962112 0.012892657
v 0.011041767 -0.014992751 0.012896574
v 0.010942224 -0.014858927 0.012920343
v 0.01111016 -0.014850033 0.012923444
v 0.010932172 -0.014729538 0.01291464
v 0.011136542 -0.014746434 0.012931197
v 0.010993327 -0.014657804 0.012935336
v 0.011145299 -0.014586203 0.012926997
v 0.010985452 -0.014533039 0.012924642
v 0.010964171 -0.014453415 0.012909605
v 0.010930757 -0.014379473 0.012888746
v 0.011024302 -0.014245892 0.012847554
v 0.010860214 -0.01428406 0.012847971
v 0.010920346 -0.014138367 0.012789249
v 0.010769548 -0.014212931 0.012798341
v 0.010794396 -0.01406529 0.012721688
v 0.010664943 -0.014170933 0.012743236
v 0.010655037 -0.014031641 0.012649474
v 0.010553528 -0.014160924 0.01268641
v 0.010511765 -0.014039713 0.012577529
v 0.010442893 -0.014183593 0.012631741
v 0.010374345 -0.014088957 0.012510756
v 0.01034058 -0.014237385 0.012582946
v 0.010280475 -0.014288814 0.012555351
v 0.010183297 -0.014252229 0.012423028
v 0.010207028 -0.014385407 0.012523445
v 0.010171373 -0.014459916 0.012509445
v 0.010147676 -0.014539907 0.012501777
v 0.010136662 -0.014622951 0.012500683
v 0.010174063 -0.014665894 0.012473243
v 0.010182207 -0.014745204 0.012481623
v 0.010128472 -0.014849394 0.012369
v 0.010217169 -0.014857585 0.012505335
v 0.010189153 -0.014983886 0.012406894
v 0.010277166 -0.014955304 0.012540905
v 0.010329114 -0.015008965 0.012570035
v 0.010388825 -0.015051483 0.012602492
v 0.010434366 -0.015195408 0.012542157
v 0.01048892 -0.015091665 0.01265522
v 0.010566617 -0.01522734 0.012610688
v 0.01059553 -0.015101228 0.012709595
v 0.01070258 -0.01521968 0.012678963
v 0.010701393 -0.015079534 0.012761906
v 0.010767969 -0.015048343 0.012793862
v 0.010828973 -0.01500482 0.012822338
v 0.010983006 -0.015055725 0.012811807
v 0.010906035 -0.014919399 0.012856671
v 0.011067679 -0.014934386 0.012848053
v 0.010961183 -0.014815104 0.012878919
v 0.011121919 -0.014793419 0.012867867
v 0.011139252 -0.014693245 0.012871232
v 0.010994989 -0.014619023 0.012885444
v 0.011135698 -0.014541277 0.012861258
v 0.010978155 -0.014501083 0.012870593
v 0.010951883 -0.014427333 0.01285335
v 0.010914445 -0.014360122 0.012830821
v 0.010995901 -0.014231435 0.012773957
v 0.010839938 -0.014275955 0.012788649
v 0.010889462 -0.01413962 0.012715244
v 0.010748022 -0.014216767 0.012739029
v 0.010764735 -0.014082339 0.01264915
v 0.010644966 -0.014186587 0.012685341
v 0.01063022 -0.014063494 0.01258018
v 0.01053779 -0.014187473 0.012631243
v 0.010495084 -0.014084371 0.012513034
v 0.010433799 -0.014219367 0.012580423
v 0.010368535 -0.014143546 0.012452288
v 0.010340082 -0.014280102 0.012536354
v 0.010286504 -0.01433463 0.012512218
v 0.010199613 -0.014315255 0.012376192
v 0.010223552 -0.014433369 0.012485729
v 0.010195052 -0.014507571 0.012475323
v 0.010178388 -0.014585874 0.012471122
v 0.010216797 -0.014704574 0.012449364
v 0.010230372 -0.014778579 0.012460202
v 0.010196471 -0.014883283 0.012349981
v 0.010271779 -0.014881274 0.012486649
v 0.010263174 -0.015003227 0.012390134
v 0.010335799 -0.014967835 0.01252365
v 0.010388943 -0.015013609 0.012552958
v 0.01044861 -0.015048167 0.01258496
v 0.010508437 -0.015178157 0.012523454
v 0.010546335 -0.015076772 0.012635873
v 0.010634706 -0.015195846 0.012588196
v 0.010647964 -0.015075924 0.012687168
v 0.010761558 -0.015176249 0.012651225
v 0.010746571 -0.015045673 0.012735356
v 0.010807287 -0.015010108 0.012764117
v 0.01086182 -0.014963439 0.012789151
v 0.011012353 -0.014997582 0.012768309
v 0.010928449 -0.014875785 0.012818096
v 0.011082826 -0.014876604 0.012797399
v 0.010972945 -0.014772371 0.012835008
v 0.010988741 -0.014698121 0.012838993
v 0.011132258 -0.014645032 0.012809908
v 0.010990449 -0.014584411 0.012833733
v 0.011117811 -0.01450355 0.012794995
v 0.010965788 -0.014474797 0.012815378
v 0.010935463 -0.014407711 0.012796447
v 0.010895055 -0.014347819 0.01277281
v 0.0108183 -0.014275378 0.012730134
v 0.01085768 -0.014151292 0.012644621
v 0.010726913 -0.014228091 0.01268142
v 0.010736607 -0.01410926 0.012581194
v 0.010627124 -0.014209183 0.01262999
v 0.010609173 -0.01410399 0.012516532
v 0.010525733 -0.014219939 0.012579347
v 0.010484063 -0.014135843 0.012455042
v 0.01042965 -0.014259629 0.012532944
v 0.010345423 -0.014325547 0.012493941
v 0.01029874 -0.014381911 0.012473393
v 0.010224065 -0.014378343 0.012336745
v 0.010246448 -0.014480809 0.012452296
v 0.010224958 -0.014553393 0.012445347
v 0.010214972 -0.014628745 0.012444357
v 0.0081906192 -0.014329021 0.010321556
v 0.0082031287 -0.014354694 0.010395402
v 0.008220242 -0.015093301 0.010419181
v 0.0085448956 -0.014788115 0.010735203
v 0.0083658809 -0.014730233 0.010708336
v 0.0085393535 -0.014831623 0.010728929
v 0.0083690687 -0.014848751 0.010670956
v 0.0085116924 -0.014955569 0.010690859
v 0.0083364924 -0.014933324 0.010628448
v 0.0082978737 -0.014998852 0.010573521
v 0.0082651561 -0.015065328 0.010498729
v 0.0083515007 -0.015201662 0.010436173
v 0.0080727172 -0.01500827 0.010365506
v 0.0080847629 -0.015042974 0.010190667
v 0.0081207168 -0.015114738 0.010037233
v 0.0080392609 -0.014967734 0.010139672
v 0.0080223033 -0.014921332 0.010096258
v 0.008011118 -0.014866871 0.010060498
v 0.00804146 -0.014862626 0.0098841062
v 0.0080000276 -0.01477545 0.010037129
v 0.0080347321 -0.014731883 0.0098631765
v 0.0080364046 -0.014687611 0.0098628106
v 0.0079759352 -0.014658317 0.010039738
v 0.0080089188 -0.014608109 0.010040018
v 0.0080202826 -0.014546235 0.010070317
v 0.0080389912 -0.014491093 0.01009971
v 0.0080621617 -0.014442808 0.010136548
v 0.0080990819 -0.01438792 0.010161263
v 0.0081420567 -0.0143507 0.010237847
v 0.0081599747 -0.014414708 0.010472098
v 0.0084281974 -0.014268505 0.010498973
v 0.008446788 -0.014291102 0.010532241
v 0.0082999656 -0.014439525 0.01056729
v 0.0083600038 -0.014496384 0.010627429
v 0.0085293958 -0.01448691 0.010686985
v 0.0083837461 -0.014586415 0.010669741
v 0.0085476516 -0.014611944 0.010727113
v 0.0083999201 -0.014680308 0.010691432
v 0.0074651457 -0.014158537 0.010714297
v 0.0074419318 -0.014165968 0.010675342
v 0.0075070464 -0.014297776 0.010598114
v 0.0074640869 -0.014345268 0.010525834
v 0.0073147258 -0.014288873 0.01046784
v 0.0072528628 -0.014432561 0.010373014
v 0.0074200281 -0.014557423 0.010408193
v 0.0072241737 -0.014561114 0.010333528
v 0.0072146693 -0.014651934 0.010323946
v 0.0072129348 -0.014697852 0.010324326
v 0.0072155667 -0.014788959 0.010335412
v 0.0072262409 -0.014876793 0.010359942
v 0.0074269679 -0.014869148 0.010437391
v 0.0072854083 -0.015065001 0.010474256
v 0.0074452465 -0.015008854 0.010529373
v 0.0075056805 -0.015055079 0.010577031
v 0.0073810846 -0.015181293 0.010645467
v 0.0075156642 -0.015107888 0.010703046
v 0.0074720137 -0.015207329 0.010802053
v 0.0075873156 -0.015087699 0.010792589
v 0.0076456094 -0.015049745 0.010872676
v 0.0076067707 -0.015128519 0.011025601
v 0.0076268246 -0.015102634 0.011057841
v 0.007725557 -0.014988233 0.010945193
v 0.0076797242 -0.015006641 0.011140877
v 0.0077494412 -0.014875629 0.010996846
v 0.0077626841 -0.01479803 0.011057174
v 0.0077458188 -0.014710479 0.011231843
v 0.007780706 -0.014654839 0.011038461
v 0.0077726215 -0.014585219 0.011050174
v 0.0077612127 -0.014497795 0.010995128
v 0.0077409248 -0.014439417 0.010968883
v 0.0076583721 -0.014267474 0.011050937
v 0.0076942329 -0.014352748 0.010877915
v 0.0076752026 -0.014301635 0.010811297
v 0.0075347673 -0.014160187 0.010832865
v 0.0075779806 -0.014269173 0.010731627
v 0.0078577808 -0.014363683 0.010171493
v 0.0078546148 -0.014394343 0.010101937
v 0.0077997241 -0.014343382 0.0099460157
v 0.0077831782 -0.014393126 0.0099214743
v 0.0078273322 -0.014542354 0.010105997
v 0.0077888136 -0.014673225 0.010024648
v 0.0077416729 -0.014898113 0.009887489
v 0.0078281232 -0.014872979 0.01015629
v 0.0077878309 -0.015103635 0.009980925
v 0.0078434947 -0.015037745 0.010130048
v 0.0078683546 -0.015027801 0.010212089
v 0.0075568182 -0.015231942 0.010195588
v 0.0075987055 -0.015148429 0.010326077
v 0.0079913224 -0.014153949 0.010969743
v 0.008233032 -0.015210949 0.01086157
v 0.0082500071 -0.015173615 0.010886464
v 0.0082220949 -0.015187451 0.010907452
v 0.0081721439 -0.015044321 0.010755697
v 0.0082812397 -0.015123494 0.010925748
v 0.0083208742 -0.015116266 0.010888714
v 0.0082405151 -0.014976645 0.010810185
v 0.0083098356 -0.015064812 0.010956741
v 0.0083457473 -0.015023284 0.010956398
v 0.0083995268 -0.014800596 0.011011001
v 0.0082306764 -0.014721086 0.010824573
v 0.0083808808 -0.014741699 0.011030377
v 0.0083988304 -0.014686901 0.011015467
v 0.0083800302 -0.014462378 0.010975404
v 0.0082755743 -0.014482061 0.01082786
v 0.0083473879 -0.014398326 0.010967814
v 0.0083619111 -0.014354368 0.010922578
v 0.00825102 -0.014410432 0.010786798
v 0.0083200832 -0.014306027 0.010920446
v 0.0083131637 -0.014256269 0.010873965
v 0.0081748089 -0.014355679 0.010724221
v 0.0080999427 -0.014147868 0.010915501
v 0.0080462703 -0.014148834 0.010944132
v 0.0073684523 -0.014758117 0.010331379
v 0.0072420155 -0.014846195 0.010290802
v 0.0073819883 -0.014869879 0.010362516
v 0.0073991616 -0.014937866 0.01039666
v 0.0074222665 -0.014998204 0.010440345
v 0.0073301554 -0.015126563 0.010461091
v 0.0074664712 -0.015070435 0.010520793
v 0.0075194078 -0.015116466 0.010614185
v 0.0074626869 -0.015241599 0.010694913
v 0.0075774536 -0.015133177 0.010714158
v 0.0075373365 -0.015243368 0.010822043
v 0.007636665 -0.015119414 0.010813897
v 0.0076108829 -0.015206945 0.010944527
v 0.0076930019 -0.015076122 0.010906608
v 0.0076783142 -0.015134813 0.011054016
v 0.0077570758 -0.014977825 0.011008489
v 0.0077508667 -0.014991896 0.011167085
v 0.0077926045 -0.014880182 0.011061846
v 0.0077874587 -0.01485912 0.011219709
v 0.0078146312 -0.014769315 0.011091285
v 0.0078210334 -0.014691763 0.01109655
v 0.0078074407 -0.014616005 0.01123607
v 0.0078177271 -0.014575851 0.01108252
v 0.0077934954 -0.014473239 0.01120199
v 0.0077992089 -0.01446745 0.011043153
v 0.0077609903 -0.014344765 0.01113737
v 0.0077667413 -0.014373953 0.010981124
v 0.0077384029 -0.014323098 0.010929224
v 0.0077056922 -0.014283273 0.010870684
v 0.0076506296 -0.014246757 0.010774362
v 0.0075549193 -0.014119423 0.010770434
v 0.0075917429 -0.014240182 0.010673701
v 0.0074800686 -0.014130501 0.010643893
v 0.0075768851 -0.014271622 0.010575134
v 0.0075142215 -0.014278469 0.010544582
v 0.0073854833 -0.014203333 0.010488257
v 0.0074619473 -0.014339922 0.010460117
v 0.0073247209 -0.014296678 0.010391652
v 0.0074187175 -0.014424974 0.010392733
v 0.0073964027 -0.014491974 0.010359625
v 0.0072548369 -0.014506782 0.010287996
v 0.007374368 -0.01460284 0.010330187
v 0.0073679736 -0.014680393 0.010324924
v 0.0073928901 -0.014722657 0.010285767
v 0.0073970212 -0.014803429 0.010298653
v 0.0072761082 -0.014907062 0.010253291
v 0.0074164758 -0.01491725 0.010340001
v 0.0074376972 -0.014984884 0.01038102
v 0.007464815 -0.01504348 0.010431403
v 0.0073828551 -0.015185392 0.010455089
v 0.007514678 -0.015110639 0.010521107
v 0.0074520641 -0.015253078 0.010577745
v 0.0075724967 -0.015148973 0.010622256
v 0.0075289516 -0.015282038 0.010710655
v 0.007634332 -0.015155865 0.010727956
v 0.0076082785 -0.015270297 0.010844763
v 0.0076959683 -0.01513085 0.010831003
v 0.0076846384 -0.015218656 0.01097093
v 0.007753205 -0.015075635 0.010924378
v 0.0077869724 -0.015023824 0.010978069
v 0.0078160139 -0.014961797 0.011022973
v 0.0078231256 -0.014967356 0.011188312
v 0.0078488288 -0.014853802 0.011070971
v 0.0078557263 -0.014821275 0.01123318
v 0.0078668276 -0.014734483 0.01109293
v 0.0078699453 -0.014652648 0.011092299
v 0.0078655067 -0.014562366 0.01123104
v 0.0078610631 -0.014532658 0.011068489
v 0.0078439907 -0.014415002 0.011183746
v 0.0078365318 -0.014423231 0.011018818
v 0.0078034443 -0.014286026 0.011105408
v 0.007798022 -0.014331824 0.010946671
v 0.007765844 -0.014284034 0.010888465
v 0.0077295832 -0.014248514 0.010824194
v 0.007652394 -0.01410243 0.010835109
v 0.0076699681 -0.014220474 0.010720737
v 0.0075740956 -0.014086955 0.010700776
v 0.0076077276 -0.014224274 0.010615119
v 0.0075857924 -0.014260326 0.010516689
v 0.0075279711 -0.0142781 0.010483336
v 0.0073981776 -0.014205924 0.010410114
v 0.0074758636 -0.01435148 0.010400007
v 0.0073380651 -0.014315005 0.010315756
v 0.0074343573 -0.01444777 0.010336376
v 0.0074140119 -0.014521503 0.010307106
v 0.0072737589 -0.014548343 0.010223276
v 0.0073960083 -0.014640821 0.010285136
v 0.0074220437 -0.014768087 0.01025217
v 0.007430085 -0.014850657 0.010271839
v 0.0073178042 -0.014969762 0.010223435
v 0.0074556276 -0.014964572 0.010323559
v 0.0074808909 -0.015030523 0.010371324
v 0.0075118739 -0.015086107 0.010428068
v 0.0074429038 -0.01523975 0.010455852
v 0.0075669765 -0.01514644 0.010526188
v 0.0075187642 -0.015297611 0.010589111
v 0.0076290395 -0.015175621 0.010633894
v 0.0076008901 -0.015313843 0.01073001
v 0.0076938373 -0.015171655 0.010743846
v 0.0076836841 -0.015287341 0.010868946
v 0.0077569509 -0.015134818 0.010848553
v 0.0077615044 -0.015219911 0.010996452
v 0.0078140826 -0.015067615 0.010940877
v 0.0078468982 -0.015008128 0.010992391
v 0.0078743138 -0.014938954 0.011034016
v 0.0078953036 -0.014933801 0.011203334
v 0.0079035392 -0.014821689 0.011075235
v 0.0079227562 -0.014776121 0.011238602
v 0.0079167913 -0.014695398 0.011088625
v 0.0079162587 -0.014610433 0.011081551
v 0.0079209829 -0.014505307 0.011215942
v 0.0079014493 -0.014488266 0.011047494
v 0.0078915207 -0.01435605 0.011154991
v 0.0078708095 -0.014379797 0.010987495
v 0.0078429208 -0.014229332 0.011063116
v 0.0078264267 -0.014292416 0.01090565
v 0.0077906648 -0.014248893 0.01084165
v 0.0077512102 -0.014218748 0.01077234
v 0.007675685 -0.014065776 0.010766733
v 0.0076877502 -0.014200505 0.010663051
v 0.0075927045 -0.01406381 0.010625415
v 0.0076230226 -0.01421557 0.010554022
v 0.0075961688 -0.014257524 0.010455781
v 0.0075423459 -0.014285374 0.010421829
v 0.0074134224 -0.014219154 0.010331667
v 0.0074914016 -0.014370392 0.010341326
v 0.0073553441 -0.014343345 0.010241867
v 0.0074525696 -0.014477138 0.010283005
v 0.0074347613 -0.014556832 0.010258486
v 0.0072986432 -0.014597416 0.010163829
v 0.0074215113 -0.014683123 0.010245102
v 0.0074511466 -0.014728632 0.010210621
v 0.0074555898 -0.014815484 0.010224485
v 0.0074676966 -0.01489855 0.010251108
v 0.0073668863 -0.015032444 0.010201526
v 0.0074993512 -0.01501058 0.010313086
v 0.0075285129 -0.015073581 0.01036727
v 0.0075631148 -0.015124957 0.010429868
v 0.0075095305 -0.015288037 0.010462747
v 0.0076228913 -0.015176905 0.010535333
v 0.007591149 -0.015334052 0.010604943
v 0.0076884397 -0.015195737 0.010648218
v 0.0076773692 -0.015336095 0.010751779
v 0.0077552967 -0.015180163 0.010760832
v 0.0077623154 -0.015294027 0.010893247
v 0.0078189046 -0.015131247 0.010865502
v 0.0078401982 -0.015210715 0.011019708
v 0.0078749293 -0.015052323 0.010955093
v 0.0079061512 -0.014985618 0.011003373
v 0.0079313405 -0.014909955 0.011040738
v 0.0079662603 -0.014892289 0.011211082
v 0.0079561975 -0.014784762 0.01107395
v 0.0079875628 -0.014725065 0.011235195
v 0.0079641137 -0.01465317 0.01107787
v 0.0079596651 -0.014566318 0.011064002
v 0.007972939 -0.01450443 0.011031644
v 0.0079387396 -0.014443933 0.011019523
v 0.0079356893 -0.01429821 0.011115981
v 0.0079020641 -0.014338375 0.010949474
v 0.0078792676 -0.014176442 0.011011158
v 0.0078521373 -0.014256848 0.010858617
v 0.0078131416 -0.014218663 0.010789504
v 0.0077709399 -0.01419483 0.010715976
v 0.0076976772 -0.01403794 0.01069217
v 0.0077044465 -0.014187436 0.010602317
v 0.0076112249 -0.014050735 0.010546016
v 0.0076381727 -0.01421436 0.010491514
v 0.0076084102 -0.014263389 0.010393982
v 0.0075579078 -0.014300131 0.010361181
v 0.0074317987 -0.014242669 0.010254677
v 0.0075090987 -0.014396182 0.010285113
v 0.0073770791 -0.014380887 0.010171608
v 0.0074738254 -0.014512324 0.010233523
v 0.0074590618 -0.014597042 0.010214543
v 0.0073297803 -0.014652562 0.010110843
v 0.0073677 -0.014770573 0.010070168
v 0.0074883152 -0.014820363 0.010190855
v 0.0073842902 -0.014940417 0.010110713
v 0.0075097814 -0.014945846 0.010236476
v 0.0074229611 -0.01509326 0.01018759
v 0.007440343 -0.015138581 0.010220449
v 0.0075631057 -0.015084989 0.010337288
v 0.0075041185 -0.015252856 0.01033724
v 0.0076180941 -0.015159005 0.01043621
v 0.0075818084 -0.015328836 0.010474926
v 0.0076818523 -0.01520123 0.010547744
v 0.0076681185 -0.015361344 0.010624124
v 0.0077500311 -0.015208794 0.010664286
v 0.0077571663 -0.015348165 0.010774666
v 0.007817986 -0.015181178 0.010777896
v 0.0078428839 -0.015290196 0.010916294
v 0.007881086 -0.015120264 0.010880831
v 0.0079194293 -0.015191388 0.011039355
v 0.0079419794 -0.015150468 0.011074751
v 0.0079627511 -0.015106051 0.011106869
v 0.007964059 -0.014956929 0.011010146
v 0.007986483 -0.014875623 0.011042396
v 0.0080349376 -0.014844118 0.011210681
v 0.0080063085 -0.014744058 0.011066581
v 0.0080492734 -0.014669697 0.01122242
v 0.0080488907 -0.014611286 0.011217532
v 0.0080051681 -0.014564776 0.011051641
v 0.0080217634 -0.014388059 0.011155189
v 0.0079728578 -0.014400906 0.010984786
v 0.0079762481 -0.014243278 0.011067252
v 0.007930383 -0.014300149 0.010905214
v 0.007913293 -0.01427789 0.010809741
v 0.0078753932 -0.014226132 0.010806293
v 0.0078336034 -0.014194222 0.010732881
v 0.0077891754 -0.014177459 0.010656077
v 0.0077187944 -0.014019811 0.010613034
v 0.007720548 -0.014181681 0.010539629
v 0.007630185 -0.014048174 0.010464339
v 0.0076537073 -0.014220725 0.010428742
v 0.0076319309 -0.014297845 0.01032124
v 0.007575179 -0.014322019 0.010302489
v 0.00745384 -0.014275808 0.010180832
v 0.0075294297 -0.014428208 0.010232356
v 0.0074037018 -0.014426546 0.010106465
v 0.0074984863 -0.014552412 0.010188724
v 0.0074871742 -0.014641078 0.010175909
v 0.0073673178 -0.014712162 0.010065281
v 0.0076649334 -0.015162056 0.010378914
v 0.0076762556 -0.015187361 0.01044638
v 0.0076586799 -0.015360962 0.010491362
v 0.0077431938 -0.015218791 0.010562543
v 0.0077484719 -0.015378709 0.010645413
v 0.0078130751 -0.015214474 0.010681121
v 0.0078389943 -0.015349734 0.010797319
v 0.0078811368 -0.015174704 0.010794029
v 0.007924079 -0.015276009 0.010936727
v 0.0079490356 -0.015127767 0.010915715
v 0.0079998959 -0.015167776 0.01104864
v 0.0080252627 -0.01511387 0.01108771
v 0.0080547725 -0.015036925 0.011131375
v 0.0080796231 -0.014963692 0.011163131
v 0.0080918934 -0.014910438 0.011175963
v 0.008102802 -0.014852689 0.011190506
v 0.0081120132 -0.01479108 0.011200155
v 0.008117295 -0.014727574 0.01120627
v 0.0081202531 -0.014670908 0.011204105
v 0.0081187306 -0.014610563 0.011203115
v 0.0081160578 -0.01454999 0.011189545
v 0.0081076215 -0.014487952 0.011172565
v 0.0080995687 -0.014436853 0.01115458
v 0.0080881094 -0.014381732 0.011136224
v 0.0080719725 -0.014326233 0.011109027
v 0.0080483551 -0.014263452 0.011069854
v 0.0079676769 -0.014251768 0.010827948
v 0.0078964899 -0.014201157 0.010749535
v 0.007852424 -0.014176289 0.010672761
v 0.0078063504 -0.014167156 0.010593715
v 0.0077395222 -0.014011989 0.010531055
v 0.0077365461 -0.014183446 0.010476137
v 0.0076501365 -0.014056256 0.010382193
v 0.0076701376 -0.014234547 0.010366862
v 0.00798974 -0.014224668 0.010772115
v 0.0079700596 -0.014056203 0.010807754
v 0.0079157787 -0.014182634 0.010689333
v 0.0079019573 -0.0141666 0.010618558
v 0.0078525943 -0.014001114 0.010603914
v 0.0078229237 -0.014164255 0.010530025
v 0.0077603877 -0.014014761 0.010448032
v 0.007773909 -0.014245351 0.010413108
v 0.0077390999 -0.01421874 0.010345268
v 0.0076879448 -0.0142555 0.010307001
v 0.0076835933 -0.015145128 0.010318028
v 0.0076519248 -0.015334413 0.01035922
v 0.0077663351 -0.01516138 0.010466666
v 0.0077909995 -0.015227039 0.0105067
v 0.007806189 -0.015229136 0.010578793
v 0.0078739486 -0.015187272 0.010639837
v 0.007876797 -0.015212644 0.010697722
v 0.0079316533 -0.015194142 0.01074361
v 0.0079439685 -0.015160943 0.010808252
v 0.0079870084 -0.015111883 0.010875703
v 0.0080495248 -0.015176619 0.011022598
v 0.0080759442 -0.014112278 0.010872091
v 0.0080095435 -0.01420497 0.010712189
v 0.007987847 -0.014188422 0.010674076
v 0.007965381 -0.014175758 0.010634935
v 0.0079188277 -0.014162425 0.010554767
v 0.0078742235 -0.013998552 0.010520652
v 0.0078712986 -0.014165386 0.01047412
v 0.0078476186 -0.014172961 0.010434382
v 0.007781935 -0.014028093 0.010365783
v 0.0077576354 -0.014242249 0.010286318
v 0.0076685481 -0.014137646 0.010180823
v 0.0076063069 -0.015266598 0.010162929
v 0.0076762508 -0.015313934 0.010279247
v 0.0077638521 -0.015192099 0.01036579
v 0.0077315497 -0.015361933 0.010376809
v 0.007854567 -0.015234644 0.010523211
v 0.007887795 -0.015132103 0.010576306
v 0.0079491581 -0.015212528 0.010682536
v 0.0080034658 -0.015321688 0.010836504
v 0.0080057073 -0.015140295 0.010819638
v 0.0080996739 -0.015236517 0.010995265
v 0.0080796462 -0.014261178 0.010790808
v 0.0080462788 -0.014253881 0.010694365
v 0.0079820873 -0.014172163 0.010571143
v 0.0079351666 -0.014166991 0.010490942
v 0.0078647594 -0.01418952 0.010372791
v 0.0078105455 -0.014211797 0.010328006
v 0.0077782557 -0.014273093 0.010231683
v 0.0076596195 -0.015234686 0.010132969
v 0.0077537868 -0.015159552 0.010300184
v 0.0078263 -0.015207105 0.010381168
v 0.0078398611 -0.015225185 0.010451385
v 0.007965635 -0.015222475 0.010619335
v 0.0080030908 -0.015186989 0.010726319
v 0.008083498 -0.015293019 0.010850467
v 0.0080753732 -0.0151274 0.010799138
v 0.0081501614 -0.015206431 0.010963753
v 0.0080987449 -0.014244549 0.010728718
v 0.0080358741 -0.014190012 0.010617801
v 0.0079978439 -0.014177283 0.010507622
v 0.0079199375 -0.014177276 0.010419632
v 0.0078514051 -0.014217381 0.010305946
v 0.0078015609 -0.014114261 0.010165849
v 0.0077186032 -0.015263031 0.010107171
v 0.0078065836 -0.015141661 0.010252178
v 0.007815154 -0.015179525 0.010314059
v 0.0078805466 -0.015222753 0.010428447
v 0.0079264224 -0.015392551 0.010470996
v 0.0079504633 -0.015230434 0.010547955
v 0.0080201409 -0.01520204 0.010664439
v 0.0080641042 -0.015163929 0.01073647
v 0.0082024199 -0.015233947 0.010923626
v 0.0081543696 -0.014279257 0.010735819
v 0.0081166589 -0.014231246 0.010666901
v 0.0081473184 -0.014058243 0.010632137
v 0.0080522067 -0.014188649 0.010554156
v 0.007983295 -0.014181094 0.010436367
v 0.0079371932 -0.014195878 0.010359006
v 0.0079111378 -0.01407295 0.010231386
v 0.0078712926 -0.014246668 0.010250574
v 0.0078338062 -0.014298163 0.010183313
v 0.0078296631 -0.015070657 0.010232357
v 0.0078373948 -0.015303463 0.010195179
v 0.0078776291 -0.015192322 0.010329945
v 0.0079196064 -0.015366167 0.010339594
v 0.0079440788 -0.015223442 0.010445253
v 0.0080086073 -0.015383758 0.010492289
v 0.0080134384 -0.015219082 0.01056294
v 0.0080983328 -0.015355038 0.010642857
v 0.0080809822 -0.015179538 0.010674985
v 0.0081227155 -0.015134867 0.010742746
v 0.0081726223 -0.014263911 0.010674142
v 0.0081330407 -0.014225245 0.010603999
v 0.0081667617 -0.014060759 0.010549962
v 0.0080679871 -0.014194793 0.010491114
v 0.0080799666 -0.014043603 0.010401052
v 0.0080000857 -0.014199078 0.010375905
v 0.0079555234 -0.014221184 0.010301694
v 0.007936693 -0.014114557 0.010162445
v 0.007893113 -0.01428154 0.01019989
v 0.0078797808 -0.015145052 0.010239842
v 0.0079179005 -0.015315831 0.010217605
v 0.0079404483 -0.015197652 0.01034687
v 0.0080009188 -0.015362636 0.01036224
v 0.0080069589 -0.01521664 0.010461404
v 0.0080886175 -0.015364714 0.010511594
v 0.008074781 -0.015200726 0.010575636
v 0.0081750199 -0.015321924 0.010655488
v 0.0081392934 -0.015150996 0.010681784
v 0.0081695274 -0.015064103 0.010714157
v 0.0078121114 -0.014743822 0.010006591
v 0.0077960984 -0.014839674 0.0098637367
v 0.0078427087 -0.014843884 0.0100374
v 0.0078476863 -0.014986994 0.010084753
v 0.0079235297 -0.015245027 0.010109939
v 0.0079414996 -0.01515491 0.01025654
v 0.0079977196 -0.015317584 0.010241422
v 0.0080028379 -0.015195417 0.010363833
v 0.0080801408 -0.015348628 0.010383897
v 0.0080684152 -0.01520258 0.010475919
v 0.0081651769 -0.015336042 0.010527657
v 0.0081337611 -0.015175909 0.01058516
v 0.0082470323 -0.015280685 0.010662904
v 0.0081944236 -0.015117226 0.01068411
v 0.0082462696 -0.015030528 0.010766027
v 0.0082857647 -0.014921724 0.010825329
v 0.0083517228 -0.014972604 0.010982455
v 0.008421057 -0.014908559 0.010931983
v 0.00837357 -0.014911609 0.010995247
v 0.0083102176 -0.014798227 0.010857973
v 0.0083824035 -0.014853286 0.011009936
v 0.0084437577 -0.014632363 0.01095057
v 0.008390939 -0.014629913 0.011017097
v 0.0083135328 -0.014582822 0.010847989
v 0.0084022848 -0.014571801 0.011001024
v 0.0083866039 -0.014519211 0.010995325
v 0.008427915 -0.014470171 0.010911853
v 0.0082546298 -0.014469161 0.010738633
v 0.008256619 -0.014358164 0.010734864
v 0.0082095506 -0.014343361 0.010651892
v 0.0082073427 -0.014277863 0.010645206
v 0.0082652053 -0.014119013 0.010609562
v 0.0081483728 -0.014226741 0.010541166
v 0.0081849239 -0.014073753 0.010469695
v 0.0080837172 -0.014208299 0.010429833
v 0.0081001161 -0.014071743 0.010325265
v 0.0080177913 -0.014223781 0.010318796
v 0.0079753584 -0.014252522 0.010248687
v 0.0079643827 -0.014163537 0.010100999
v 0.0079171982 -0.014321092 0.010154716
v 0.0078953523 -0.014269584 0.0099912484
v 0.0078559157 -0.01445226 0.010059968
v 0.0078198558 -0.014614049 0.010010353
v 0.007860393 -0.014785765 0.010004339
v 0.0078750161 -0.01490577 0.010037924
v 0.0078935089 -0.01497875 0.010074678
v 0.0079183732 -0.015043496 0.010121676
v 0.0079488528 -0.015098042 0.010177487
v 0.0080012471 -0.015252047 0.010134735
v 0.0080030352 -0.015157202 0.010273961
v 0.0080755488 -0.015308718 0.010265257
v 0.0080640416 -0.015185734 0.010379824
v 0.0081559874 -0.015324617 0.01040326
v 0.0081277169 -0.015181697 0.01048786
v 0.0082370803 -0.01529866 0.010539342
v 0.0081897212 -0.015145363 0.01059071
v 0.0083133022 -0.015232615 0.010664229
v 0.0082458252 -0.015079203 0.010681364
v 0.0083794574 -0.015130985 0.010769408
v 0.0082922102 -0.014987732 0.010753644
v 0.0084310387 -0.015000693 0.010847714
v 0.0083257068 -0.014877179 0.01080262
v 0.0084645307 -0.014850621 0.010893809
v 0.0083440544 -0.014755086 0.010824968
v 0.0083471892 -0.014671367 0.010824232
v 0.008474578 -0.014584636 0.01089161
v 0.0083380222 -0.014548652 0.010799739
v 0.0084524739 -0.014433246 0.010843023
v 0.0084108198 -0.014300746 0.010762545
v 0.0082734015 -0.014343373 0.010674906
v 0.0082223467 -0.014274799 0.010583069
v 0.0082813536 -0.014126628 0.010529654
v 0.0081631664 -0.014235736 0.010479557
v 0.0082023649 -0.014096878 0.010393111
v 0.0080999005 -0.014228841 0.010371425
v 0.0081208701 -0.014108939 0.010255338
v 0.00803686 -0.014254578 0.010266039
v 0.0079970892 -0.014289089 0.010200876
v 0.00796054 -0.014336328 0.010142124
v 0.0079283258 -0.014394847 0.010091559
v 0.0079154861 -0.014374057 0.0099251461
v 0.0078902289 -0.014499822 0.01003436
v 0.0078727718 -0.014578164 0.010010342
v 0.0078623158 -0.014660444 0.0099985236
v 0.0078535406 -0.014729857 0.0098455647
v 0.0079147017 -0.01478151 0.0098504203
v 0.0079111622 -0.01482327 0.010007789
v 0.0079291099 -0.014929019 0.0098856329
v 0.0079302769 -0.014934628 0.010048386
v 0.0079511018 -0.015000766 0.01008862
v 0.0079776836 -0.015058052 0.010137998
v 0.0080092136 -0.015104743 0.010195027
v 0.0080770898 -0.015248386 0.010160557
v 0.0080636579 -0.01515191 0.010291074
v 0.0081501032 -0.01528955 0.010287762
v 0.008123343 -0.01516892 0.010393847
v 0.0082272331 -0.015291378 0.010419117
v 0.0081841964 -0.015154605 0.010496345
v 0.0083032232 -0.015253745 0.01054567
v 0.008242078 -0.015109952 0.01059158
v 0.008372895 -0.015179216 0.010658797
v 0.008293045 -0.015038003 0.010673064
v 0.0084315002 -0.015072871 0.010750789
v 0.0083336099 -0.014943649 0.01073524
v 0.0084750446 -0.014941956 0.010815376
v 0.0083610248 -0.014833333 0.010773877
v 0.0085005618 -0.014795393 0.010848158
v 0.0083734067 -0.014714567 0.010786335
v 0.0083728596 -0.014634686 0.010779606
v 0.0084989133 -0.014543672 0.010827096
v 0.0083588665 -0.014519859 0.010747466
v 0.0084715284 -0.014404939 0.010770442
v 0.0083299939 -0.014417944 0.010690949
v 0.008426355 -0.014287155 0.010685045
v 0.0082882077 -0.014335891 0.010613907
v 0.0083664719 -0.014198347 0.010576724
v 0.0082363566 -0.014279292 0.010521591
v 0.0081791421 -0.014314853 0.010453616
v 0.0081779787 -0.014252 0.010420294
v 0.0082196251 -0.014129478 0.010321896
v 0.0081170514 -0.014255873 0.010316917
v 0.008142668 -0.014154111 0.010192756
v 0.0080577234 -0.014290653 0.010218507
v 0.0080210716 -0.014329919 0.010158997
v 0.0079880487 -0.014380716 0.010106502
v 0.0079596606 -0.014441497 0.010062611
v 0.0079586031 -0.014436879 0.0099001139
v 0.0079276072 -0.014547283 0.010015752
v 0.0079142046 -0.014624426 0.0099985458
v 0.0079076799 -0.014704149 0.0099932261
v 0.007955676 -0.014744003 0.009994053
v 0.0079776557 -0.014826203 0.0098635896
v 0.0079639986 -0.014855344 0.01001629
v 0.0079973463 -0.014961063 0.0099068713
v 0.0079868422 -0.014956843 0.010062513
v 0.0080094081 -0.015015585 0.010105159
v 0.0080370659 -0.015065064 0.01015581
v 0.00806898 -0.015103788 0.010212911
v 0.008149783 -0.015234203 0.010186025
v 0.0082201472 -0.015260705 0.010307659
v 0.0081800746 -0.015145454 0.010404953
v 0.0082927438 -0.01524996 0.010430389
v 0.0082372781 -0.01512209 0.010500568
v 0.0083626252 -0.015202701 0.010545851
v 0.0082903752 -0.0150707 0.010587173
v 0.008425029 -0.015122147 0.010646177
v 0.0083357454 -0.014994787 0.010658862
v 0.0084757025 -0.01501379 0.010724529
v 0.0083703015 -0.01489953 0.010710749
v 0.0085111927 -0.014885011 0.010775568
v 0.0083917023 -0.014791424 0.010739305
v 0.008398461 -0.014677827 0.010742572
v 0.0083945725 -0.014602872 0.010730524
v 0.0085170475 -0.014510752 0.010758383
v 0.0083764518 -0.014497279 0.010692025
v 0.0084855212 -0.014386147 0.010695709
v 0.0083447323 -0.014406248 0.010631463
v 0.0084381424 -0.014283895 0.010607686
v 0.0083015883 -0.014335981 0.010552968
v 0.0083781397 -0.014210964 0.010500312
v 0.008193371 -0.014275136 0.010364432
v 0.0082372004 -0.014170608 0.010257604
v 0.0081356632 -0.014288715 0.010267241
v 0.008165869 -0.014205934 0.010138809
v 0.0080807762 -0.01433107 0.010176942
v 0.0080476203 -0.014373933 0.010123632
v 0.0080183934 -0.014427042 0.010077765
v 0.0079939889 -0.014488775 0.010040723
v 0.0080045809 -0.014498609 0.0098856362
v 0.0079679989 -0.014593384 0.010004092
v 0.007976723 -0.014683706 0.0098516664
v 0.0085515985 -0.015175514 0.011279667
v 0.0083158927 -0.015163318 0.011464979
v 0.0095139201 -0.015130524 0.012587311
v 0.0096838578 -0.015144521 0.012340387
v 0.0092767884 -0.015152896 0.012019319
v 0.0090829419 -0.015139368 0.012247892
v 0.0088984577 -0.015163252 0.011664892
v 0.0086826185 -0.015150326 0.011872863
v 0.011300154 -0.015117065 0.013488974
v 0.01139807 -0.015131604 0.013205695
v 0.012914878 -0.015128665 0.013786476
v 0.01292415 -0.015142567 0.013486865
v 0.012408116 -0.015136807 0.013436514
v 0.012368808 -0.01512255 0.013733595
v 0.011898194 -0.015133144 0.013342565
v 0.011829245 -0.015118674 0.013634184
f 1 2 3
f 4 5 6
f 6 5 7
f 2 8 3
f 9 10 11
f 11 10 4
f 6 7 12
f 13 14 15
f 4 6 11
f 11 6 16
f 6 17 16
f 16 17 18
f 17 19 18
f 18 19 3
f 19 15 3
f 14 20 15
f 20 1 15
f 15 1 3
f 21 22 23
f 24 25 26
f 27 28 29
f 29 28 30
f 24 26 31
f 32 33 34
f 34 33 27
f 23 35 21
f 30 36 29
f 29 36 37
f 27 29 34
f 34 29 38
f 29 39 38
f 38 39 40
f 39 41 40
f 40 41 23
f 41 24 23
f 23 24 35
f 24 31 35
f 29 37 42
f 42 43 29
f 29 43 44
f 29 44 45
f 45 46 29
f 46 47 29
f 48 49 15
f 47 50 29
f 29 50 48
f 49 51 15
f 51 52 15
f 52 53 15
f 15 53 54
f 15 54 55
f 55 56 15
f 56 13 15
f 6 12 57
f 57 58 6
f 58 59 6
f 6 59 60
f 6 60 61
f 61 62 6
f 6 62 63
f 63 64 6
f 65 66 24
f 64 67 6
f 6 67 65
f 66 68 24
f 68 69 24
f 69 70 24
f 70 71 24
f 24 71 72
f 24 72 73
f 24 73 74
f 74 75 24
f 75 25 24
f 65 24 6
f 24 41 6
f 6 41 17
f 41 39 17
f 17 39 19
f 39 29 19
f 19 29 15
f 29 48 15
f 76 77 3
f 8 78 3
f 78 79 3
f 79 80 3
f 3 80 81
f 81 82 3
f 82 83 3
f 83 76 3
f 77 84 3
f 85 86 34
f 34 86 87
f 87 88 34
f 88 89 34
f 89 90 34
f 90 91 34
f 34 91 92
f 34 92 93
f 93 94 34
f 94 95 34
f 95 96 34
f 96 32 34
f 97 98 23
f 22 99 23
f 99 100 23
f 100 101 23
f 23 101 102
f 102 103 23
f 103 104 23
f 23 104 97
f 98 105 23
f 106 107 11
f 107 108 11
f 11 108 109
f 109 110 11
f 110 111 11
f 111 112 11
f 112 113 11
f 11 113 114
f 11 114 115
f 115 116 11
f 116 117 11
f 117 118 11
f 118 9 11
f 105 106 23
f 106 11 23
f 23 11 40
f 11 16 40
f 40 16 38
f 16 18 38
f 38 18 34
f 18 3 34
f 34 3 85
f 3 84 85
f 119 120 121
f 122 123 121
f 123 124 121
f 124 125 121
f 121 125 126
f 126 127 121
f 127 128 121
f 128 119 121
f 120 129 121
f 130 131 132
f 132 131 133
f 133 134 132
f 134 135 132
f 135 136 132
f 136 137 132
f 132 137 138
f 132 138 139
f 139 140 132
f 140 141 132
f 142 143 144
f 145 146 144
f 146 147 144
f 147 148 144
f 148 149 144
f 149 150 144
f 150 142 144
f 143 151 144
f 152 153 154
f 154 153 155
f 155 156 154
f 156 157 154
f 154 157 158
f 154 158 159
f 159 160 154
f 160 161 154
f 161 162 154
f 151 152 144
f 152 154 144
f 144 154 163
f 154 164 163
f 163 164 165
f 164 166 165
f 165 166 132
f 166 121 132
f 132 121 130
f 121 129 130
f 167 168 169
f 169 170 167
f 167 170 171
f 167 171 172
f 172 173 167
f 173 174 167
f 175 176 177
f 174 178 167
f 167 178 175
f 176 179 177
f 179 180 177
f 180 181 177
f 177 181 182
f 177 182 183
f 183 184 177
f 184 185 177
f 186 187 188
f 188 189 186
f 186 189 190
f 186 190 191
f 191 192 186
f 192 193 186
f 194 195 196
f 193 197 186
f 186 197 194
f 195 198 196
f 198 199 196
f 199 200 196
f 196 200 201
f 196 201 202
f 196 202 203
f 203 204 196
f 204 205 196
f 194 196 186
f 196 206 186
f 186 206 207
f 206 208 207
f 207 208 209
f 208 167 209
f 209 167 177
f 167 175 177
f 210 211 144
f 212 213 167
f 211 145 144
f 141 214 132
f 132 214 212
f 213 215 167
f 167 215 168
f 205 216 196
f 212 167 132
f 132 167 165
f 167 208 165
f 165 208 163
f 208 206 163
f 163 206 144
f 206 196 144
f 216 217 196
f 217 210 196
f 196 210 144
f 218 219 220
f 221 222 220
f 222 223 220
f 223 224 220
f 224 225 220
f 225 226 220
f 226 218 220
f 219 227 220
f 228 229 230
f 230 229 231
f 231 232 230
f 232 233 230
f 230 233 234
f 230 234 235
f 235 236 230
f 236 237 230
f 237 238 230
f 239 240 241
f 242 243 241
f 243 244 241
f 244 245 241
f 241 245 246
f 246 247 241
f 247 248 241
f 241 248 249
f 249 239 241
f 240 250 241
f 251 252 253
f 253 252 254
f 254 255 253
f 255 256 253
f 253 256 257
f 253 257 258
f 258 259 253
f 259 260 253
f 260 261 253
f 250 251 241
f 251 253 241
f 241 253 262
f 253 263 262
f 262 263 264
f 263 265 264
f 264 265 230
f 265 220 230
f 230 220 228
f 220 227 228
f 266 267 268
f 268 269 266
f 266 269 270
f 266 270 271
f 271 272 266
f 272 273 266
f 274 275 276
f 273 277 266
f 277 278 266
f 266 278 274
f 275 279 276
f 279 280 276
f 280 281 276
f 276 281 282
f 276 282 283
f 283 284 276
f 284 285 276
f 286 287 288
f 288 289 286
f 289 290 286
f 286 290 291
f 286 291 292
f 292 293 286
f 293 294 286
f 294 295 286
f 286 295 296
f 296 297 298
f 297 299 298
f 299 300 298
f 300 301 298
f 298 301 302
f 298 302 303
f 298 303 304
f 304 305 298
f 305 306 298
f 296 298 286
f 298 307 286
f 286 307 308
f 307 309 308
f 308 309 310
f 309 266 310
f 310 266 276
f 266 274 276
f 298 306 311
f 298 311 312
f 313 242 241
f 314 315 266
f 238 316 230
f 230 316 314
f 241 317 313
f 315 318 266
f 266 318 267
f 314 266 230
f 230 266 264
f 266 309 264
f 264 309 262
f 309 307 262
f 262 307 241
f 307 298 241
f 241 298 317
f 298 312 317
f 319 320 321
f 322 323 321
f 323 324 321
f 324 325 321
f 325 326 321
f 326 319 321
f 320 327 321
f 328 329 330
f 330 329 331
f 331 332 330
f 332 333 330
f 333 334 330
f 334 335 330
f 330 335 336
f 330 336 337
f 337 338 330
f 338 339 330
f 339 340 330
f 340 341 330
f 342 343 344
f 345 346 344
f 346 347 344
f 347 348 344
f 344 348 349
f 349 350 344
f 350 351 344
f 344 351 342
f 343 352 344
f 353 354 355
f 354 356 355
f 355 356 357
f 357 358 355
f 358 359 355
f 359 360 355
f 360 361 355
f 355 361 362
f 355 362 363
f 363 364 355
f 364 365 355
f 365 366 355
f 366 367 355
f 352 353 344
f 353 355 344
f 344 355 368
f 355 369 368
f 368 369 370
f 369 371 370
f 370 371 330
f 371 321 330
f 330 321 328
f 321 327 328
f 372 373 374
f 374 375 372
f 372 375 376
f 372 376 377
f 377 378 372
f 378 379 372
f 380 381 382
f 379 383 372
f 372 383 380
f 381 384 382
f 384 385 382
f 385 386 382
f 382 386 387
f 382 387 388
f 388 389 382
f 389 390 382
f 391 392 393
f 393 394 391
f 391 394 395
f 391 395 396
f 396 397 391
f 397 398 391
f 399 400 401
f 398 402 391
f 402 403 391
f 391 403 399
f 400 404 401
f 404 405 401
f 405 406 401
f 406 407 401
f 401 407 408
f 401 408 409
f 401 409 410
f 410 411 401
f 411 412 401
f 399 401 391
f 401 413 391
f 391 413 414
f 413 415 414
f 414 415 416
f 415 372 416
f 416 372 382
f 372 380 382
f 417 345 344
f 401 412 418
f 419 420 372
f 401 418 421
f 341 422 330
f 330 422 419
f 420 423 372
f 372 423 373
f 344 424 417
f 419 372 330
f 330 372 370
f 372 415 370
f 370 415 368
f 415 413 368
f 368 413 344
f 413 401 344
f 344 401 424
f 401 421 424
f 425 426 321
f 427 428 391
f 391 428 429
f 367 430 355
f 355 430 427
f 390 431 382
f 426 322 321
f 391 429 392
f 427 391 355
f 355 391 369
f 391 414 369
f 369 414 371
f 414 416 371
f 371 416 321
f 416 382 321
f 431 432 382
f 432 425 382
f 382 425 321
f 433 434 435
f 436 437 435
f 437 438 435
f 438 439 435
f 435 439 440
f 440 441 435
f 441 442 435
f 442 433 435
f 434 443 435
f 444 445 446
f 446 445 447
f 447 448 446
f 448 449 446
f 449 450 446
f 450 451 446
f 446 451 452
f 446 452 453
f 453 454 446
f 454 455 446
f 455 456 446
f 456 457 446
f 458 459 460
f 461 462 460
f 462 463 460
f 460 463 464
f 464 465 460
f 465 466 460
f 466 458 460
f 459 467 460
f 468 469 470
f 470 469 471
f 471 472 470
f 472 473 470
f 470 473 474
f 470 474 475
f 475 476 470
f 476 477 470
f 477 478 470
f 467 468 460
f 468 470 460
f 460 470 479
f 470 480 479
f 479 480 481
f 480 482 481
f 481 482 446
f 482 435 446
f 446 435 444
f 435 443 444
f 483 484 485
f 485 486 483
f 486 487 483
f 483 487 488
f 483 488 489
f 489 490 483
f 490 491 483
f 492 493 494
f 491 495 483
f 483 495 492
f 493 496 494
f 496 497 494
f 497 498 494
f 494 498 499
f 494 499 500
f 500 501 494
f 501 502 494
f 503 504 505
f 505 506 503
f 503 506 507
f 503 507 508
f 508 509 503
f 509 510 503
f 511 512 513
f 510 514 503
f 514 515 503
f 503 515 511
f 512 516 513
f 516 517 513
f 517 518 513
f 518 519 513
f 513 519 520
f 513 520 521
f 521 522 513
f 522 523 513
f 511 513 503
f 513 524 503
f 503 524 525
f 524 526 525
f 525 526 527
f 526 483 527
f 527 483 494
f 483 492 494
f 513 523 528
f 513 528 529
f 530 531 460
f 531 461 460
f 532 533 483
f 483 533 534
f 457 535 446
f 446 535 532
f 483 534 484
f 460 536 530
f 532 483 446
f 446 483 481
f 483 526 481
f 481 526 479
f 526 524 479
f 479 524 460
f 524 513 460
f 460 513 536
f 513 529 536
f 537 538 435
f 539 540 503
f 503 540 541
f 478 542 470
f 470 542 539
f 541 543 503
f 503 543 504
f 502 544 494
f 538 436 435
f 539 503 470
f 470 503 480
f 503 525 480
f 480 525 482
f 525 527 482
f 482 527 435
f 527 494 435
f 544 545 494
f 545 537 494
f 494 537 435
f 546 547 548
f 549 550 548
f 550 551 548
f 551 552 548
f 548 552 553
f 553 554 548
f 554 555 548
f 548 555 556
f 556 546 548
f 547 557 548
f 558 559 560
f 560 559 561
f 561 562 560
f 562 563 560
f 563 564 560
f 564 565 560
f 560 565 566
f 560 566 567
f 567 568 560
f 568 569 560
f 569 570 560
f 570 571 560
f 572 573 574
f 575 576 574
f 576 577 574
f 577 578 574
f 574 578 579
f 579 580 574
f 580 581 574
f 574 581 572
f 573 582 574
f 583 584 585
f 584 586 585
f 585 586 587
f 587 588 585
f 588 589 585
f 589 590 585
f 590 591 585
f 585 591 592
f 585 592 593
f 593 594 585
f 594 595 585
f 595 596 585
f 596 597 585
f 582 583 574
f 583 585 574
f 574 585 598
f 585 599 598
f 598 599 600
f 599 601 600
f 600 601 560
f 601 548 560
f 560 548 558
f 548 557 558
f 602 603 604
f 604 605 602
f 602 605 606
f 602 606 607
f 607 608 602
f 608 609 602
f 610 611 612
f 609 613 602
f 602 613 610
f 611 614 612
f 614 615 612
f 615 616 612
f 612 616 617
f 612 617 618
f 612 618 619
f 619 620 612
f 620 621 612
f 622 623 624
f 624 625 622
f 622 625 626
f 622 626 627
f 627 628 622
f 628 629 622
f 630 631 632
f 629 633 622
f 622 633 630
f 631 634 632
f 634 635 632
f 635 636 632
f 632 636 637
f 632 637 638
f 632 638 639
f 639 640 632
f 640 641 632
f 630 632 622
f 632 642 622
f 622 642 643
f 642 644 643
f 643 644 645
f 644 602 645
f 645 602 612
f 602 610 612
f 646 647 574
f 648 649 602
f 602 649 650
f 571 651 560
f 560 651 648
f 650 652 602
f 602 652 603
f 641 653 632
f 647 575 574
f 648 602 560
f 560 602 600
f 602 644 600
f 600 644 598
f 644 642 598
f 598 642 574
f 642 632 574
f 653 654 632
f 654 646 632
f 632 646 574
f 612 621 655
f 612 655 656
f 657 549 548
f 658 659 622
f 622 659 660
f 597 661 585
f 585 661 658
f 660 662 622
f 622 662 623
f 548 663 657
f 658 622 585
f 585 622 599
f 622 643 599
f 599 643 601
f 643 645 601
f 601 645 548
f 645 612 548
f 548 612 663
f 612 656 663
f 664 665 666
f 667 668 666
f 668 669 666
f 666 669 670
f 670 671 666
f 671 672 666
f 672 664 666
f 665 673 666
f 674 675 676
f 676 675 677
f 677 678 676
f 678 679 676
f 676 679 680
f 676 680 681
f 681 682 676
f 682 683 676
f 683 684 676
f 684 685 676
f 686 687 688
f 689 690 688
f 690 691 688
f 691 692 688
f 688 692 693
f 693 694 688
f 694 695 688
f 688 695 696
f 696 697 688
f 688 697 686
f 687 698 688
f 699 700 701
f 700 702 701
f 701 702 703
f 703 704 701
f 704 705 701
f 705 706 701
f 706 707 701
f 701 707 708
f 701 708 709
f 709 710 701
f 710 711 701
f 711 712 701
f 712 713 701
f 698 699 688
f 699 701 688
f 688 701 714
f 701 715 714
f 714 715 716
f 715 717 716
f 716 717 676
f 717 666 676
f 676 666 674
f 666 673 674
f 718 719 720
f 720 721 718
f 718 721 722
f 718 722 723
f 723 724 718
f 724 725 718
f 726 727 728
f 725 729 718
f 718 729 726
f 727 730 728
f 730 731 728
f 731 732 728
f 728 732 733
f 728 733 734
f 734 735 728
f 735 736 728
f 737 738 739
f 739 740 737
f 737 740 741
f 737 741 742
f 742 743 737
f 743 744 737
f 745 746 747
f 744 748 737
f 737 748 745
f 746 749 747
f 749 750 747
f 750 751 747
f 747 751 752
f 747 752 753
f 753 754 747
f 754 755 747
f 745 747 737
f 747 756 737
f 737 756 757
f 756 758 757
f 757 758 759
f 758 718 759
f 759 718 728
f 718 726 728
f 760 689 688
f 747 755 761
f 762 763 718
f 747 761 764
f 685 765 676
f 676 765 762
f 688 766 760
f 763 767 718
f 718 767 719
f 762 718 676
f 676 718 716
f 718 758 716
f 716 758 714
f 758 756 714
f 714 756 688
f 756 747 688
f 688 747 766
f 747 764 766
f 768 769 666
f 770 771 737
f 737 771 772
f 769 773 666
f 773 667 666
f 713 774 701
f 774 775 701
f 701 775 770
f 737 772 738
f 736 776 728
f 770 737 701
f 701 737 715
f 737 757 715
f 715 757 717
f 757 759 717
f 717 759 666
f 759 728 666
f 776 777 728
f 777 768 728
f 728 768 666
f 778 779 780
f 781 782 780
f 782 783 780
f 780 783 784
f 784 785 780
f 785 786 780
f 786 778 780
f 779 787 780
f 788 789 790
f 790 789 791
f 791 792 790
f 792 793 790
f 790 793 794
f 790 794 795
f 795 796 790
f 796 797 790
f 797 798 790
f 798 799 790
f 800 801 802
f 803 802 804
f 802 805 804
f 803 806 802
f 806 807 802
f 802 807 808
f 808 809 802
f 809 810 802
f 802 810 811
f 811 812 802
f 802 812 800
f 801 813 802
f 814 815 816
f 815 817 816
f 816 817 818
f 818 819 816
f 819 820 816
f 820 821 816
f 821 822 816
f 816 822 823
f 816 823 824
f 824 825 816
f 825 826 816
f 826 827 816
f 827 828 816
f 813 814 802
f 814 816 802
f 802 816 829
f 816 830 829
f 829 830 831
f 830 832 831
f 831 832 790
f 832 780 790
f 790 780 788
f 780 787 788
f 833 834 835
f 835 836 833
f 833 836 837
f 833 837 838
f 838 839 833
f 839 840 833
f 841 842 843
f 840 844 833
f 844 845 833
f 833 845 841
f 842 846 843
f 846 847 843
f 847 848 843
f 843 848 849
f 843 849 850
f 850 851 843
f 851 852 843
f 853 854 855
f 855 856 853
f 853 856 857
f 853 857 858
f 858 859 853
f 859 860 853
f 861 862 863
f 860 864 853
f 853 864 861
f 862 865 863
f 865 866 863
f 866 867 863
f 863 867 868
f 863 868 869
f 869 870 863
f 870 871 863
f 861 863 853
f 863 872 853
f 853 872 873
f 872 874 873
f 873 874 875
f 874 833 875
f 875 833 843
f 833 841 843
f 863 871 876
f 863 876 877
f 878 805 802
f 879 880 833
f 833 880 881
f 799 882 790
f 790 882 879
f 833 881 834
f 802 883 878
f 879 833 790
f 790 833 831
f 833 874 831
f 831 874 829
f 874 872 829
f 829 872 802
f 872 863 802
f 802 863 883
f 863 877 883
f 884 885 886
f 887 888 889
f 890 891 892
f 893 894 895
f 896 897 894
f 894 897 895
f 898 896 899
f 896 894 899
f 898 899 900
f 899 901 900
f 900 901 902
f 901 903 902
f 903 904 902
f 890 905 891
f 891 905 903
f 905 904 903
f 906 907 908
f 907 909 908
f 910 911 906
f 912 911 910
f 913 914 915
f 916 914 913
f 917 918 916
f 918 917 919
f 917 920 919
f 919 920 921
f 922 923 920
f 923 921 920
f 924 925 922
f 925 926 922
f 922 926 923
f 927 925 924
f 928 929 927
f 927 929 925
f 928 927 930
f 927 931 930
f 930 931 932
f 933 934 931
f 934 932 931
f 935 936 937
f 937 936 933
f 936 938 933
f 933 938 934
f 939 940 941
f 941 940 937
f 940 935 937
f 939 941 942
f 941 943 942
f 942 943 944
f 945 946 943
f 946 944 943
f 945 947 948
f 948 949 945
f 945 949 946
f 947 950 948
f 950 947 951
f 947 952 951
f 951 952 953
f 954 953 952
f 954 955 956
f 955 957 956
f 958 959 960
f 961 959 958
f 961 962 963
f 962 964 963
f 965 966 967
f 967 966 968
f 967 969 965
f 970 971 972
f 972 971 973
f 971 974 973
f 973 974 975
f 976 977 978
f 977 979 978
f 978 979 974
f 979 975 974
f 980 981 976
f 981 977 976
f 982 983 980
f 983 984 980
f 980 984 981
f 985 986 982
f 982 986 983
f 982 987 985
f 985 987 988
f 895 989 893
f 989 990 893
f 893 990 991
f 990 992 991
f 991 992 987
f 992 988 987
f 993 994 995
f 996 997 993
f 997 996 998
f 998 996 999
f 999 1000 1001
f 1001 1000 1002
f 1003 1004 1000
f 1004 1005 1000
f 1000 1005 1002
f 1004 1003 1006
f 1003 1007 1006
f 1006 1007 1008
f 1007 1009 1008
f 1010 1011 1009
f 1011 1010 1012
f 1010 1013 1012
f 1012 1013 1014
f 1013 1015 1014
f 1014 1015 1016
f 1016 1015 1017
f 1015 1018 1017
f 1017 1018 1019
f 1019 1018 1020
f 1018 1021 1020
f 1022 1023 1024
f 1024 1025 1022
f 1022 1025 1021
f 1026 1027 1028
f 1028 1027 1023
f 1027 1029 1023
f 1023 1029 1024
f 1030 1026 1031
f 1031 1026 1028
f 1030 1031 1032
f 1031 1033 1032
f 1032 1033 1034
f 1033 1035 1034
f 1034 1035 1036
f 1036 1035 1037
f 1035 1038 1037
f 1038 1039 1040
f 889 888 1039
f 888 1040 1039
f 887 889 1041
f 889 1042 1041
f 1043 1044 1045
f 1045 1046 1043
f 1043 1046 1042
f 1047 1048 1049
f 1049 1050 1044
f 1044 1050 1045
f 1048 1047 1051
f 1047 1052 1051
f 1051 1052 1053
f 1053 1052 1054
f 1052 1055 1054
f 1054 1055 1056
f 1055 1057 1056
f 1057 1058 1059
f 1059 1058 1060
f 1058 1061 1060
f 1060 1061 1062
f 1063 1064 1061
f 1064 1062 1061
f 1065 1066 1063
f 1066 1064 1063
f 1065 1067 1066
f 1068 1067 1065
f 1069 1068 1070
f 1068 1065 1070
f 1070 1071 1069
f 1069 1071 1072
f 1071 1073 1072
f 1073 1074 1075
f 1075 1074 1076
f 1074 1077 1076
f 1076 1077 1078
f 1077 1079 1078
f 1078 1079 1080
f 1080 1079 1081
f 1079 1082 1081
f 1083 1084 1082
f 1084 1081 1082
f 1085 1086 1087
f 1087 1086 1083
f 1086 1088 1083
f 1083 1088 1084
f 1089 1085 1087
f 1085 1089 1090
f 1089 1091 1090
f 1090 1091 1092
f 1091 1093 1092
f 1093 1094 1095
f 1096 1097 1094
f 1097 1095 1094
f 1097 1096 1098
f 1098 1096 1099
f 1096 1100 1099
f 1100 1101 1099
f 884 1102 885
f 885 1102 1101
f 1103 1104 886
f 1105 1104 1103
f 994 1106 995
f 1106 1107 995
f 995 1107 1108
f 1107 1105 1108
f 1105 1103 1108
f 318 1109 267
f 272 1110 273
f 278 277 1110
f 277 273 1110
f 1111 1112 221
f 221 1112 222
f 1112 1113 222
f 1113 223 222
f 223 1114 224
f 1115 225 1114
f 225 224 1114
f 226 225 1115
f 229 228 1116
f 1116 228 227
f 1117 232 231
f 232 1117 233
f 235 1118 236
f 237 236 1118
f 238 237 1119
f 1120 1121 345
f 345 1121 346
f 347 1122 348
f 348 1122 349
f 1123 350 1122
f 350 349 1122
f 351 350 1123
f 1124 342 351
f 1124 343 342
f 343 1125 352
f 1126 354 1127
f 354 353 1127
f 1127 353 1125
f 353 352 1125
f 357 356 1126
f 1126 356 354
f 359 358 1128
f 1128 358 357
f 359 1128 360
f 1128 361 360
f 361 1129 362
f 1129 363 362
f 363 1130 364
f 364 1130 365
f 1131 366 1130
f 366 365 1130
f 367 366 1132
f 1132 366 1131
f 429 1133 392
f 397 1134 398
f 1135 399 403
f 403 402 1134
f 402 398 1134
f 399 1135 400
f 1135 404 400
f 1108 1136 995
f 1136 1137 995
f 995 1137 993
f 993 1137 996
f 1137 1138 996
f 996 1138 999
f 1138 1139 999
f 999 1139 1000
f 1139 1140 1000
f 1000 1140 1003
f 1140 1141 1003
f 1003 1141 1007
f 1141 1142 1007
f 1007 1142 1009
f 1009 1142 1010
f 1142 1143 1010
f 1010 1143 1013
f 1143 1144 1013
f 1013 1144 1015
f 1144 1145 1015
f 1015 1145 1018
f 1145 1146 1018
f 1146 1147 1018
f 1018 1147 1021
f 1021 1147 1022
f 1147 1148 1022
f 1022 1148 1023
f 1148 1149 1023
f 1023 1149 1028
f 1149 1150 1028
f 1028 1150 1031
f 1031 1150 1033
f 1150 1151 1033
f 1033 1151 1035
f 1151 1152 1035
f 1035 1152 1038
f 1152 1153 1038
f 1038 1153 1039
f 1039 1153 889
f 1153 1154 889
f 889 1154 1042
f 1154 1155 1042
f 1042 1155 1043
f 1043 1155 1044
f 1155 1156 1044
f 1044 1156 1049
f 1049 1156 1047
f 1156 1157 1047
f 1047 1157 1052
f 1157 1158 1052
f 1052 1158 1055
f 1158 1159 1055
f 1055 1159 1057
f 1057 1159 1058
f 1159 1160 1058
f 1058 1160 1061
f 1160 1063 1061
f 1063 1161 1065
f 1161 1162 1065
f 1065 1162 1070
f 1162 1163 1070
f 1070 1163 1071
f 1163 1164 1071
f 1071 1164 1073
f 1164 1165 1073
f 1073 1165 1074
f 1165 1166 1074
f 1074 1166 1077
f 1166 1167 1077
f 1077 1167 1079
f 1079 1167 1082
f 1167 1168 1082
f 1082 1168 1083
f 1168 1087 1083
f 1089 1169 1091
f 1169 1170 1091
f 1091 1170 1093
f 1170 1094 1093
f 1094 1171 1096
f 1171 1100 1096
f 1100 1172 1101
f 1172 1173 1101
f 1101 1173 885
f 1173 1174 885
f 885 1174 886
f 886 1174 1103
f 1174 1175 1103
f 1103 1175 1108
f 1175 1136 1108
f 1136 1176 1137
f 1176 1177 1137
f 1137 1177 1138
f 1177 1178 1138
f 1138 1178 1139
f 1178 1179 1139
f 1139 1179 1140
f 1179 1180 1140
f 1140 1180 1141
f 1180 1181 1141
f 1141 1181 1142
f 1181 1182 1142
f 1142 1182 1143
f 1182 1183 1143
f 1143 1183 1144
f 1183 1184 1144
f 1144 1184 1145
f 1184 1185 1145
f 1145 1185 1146
f 1185 1186 1146
f 1146 1186 1147
f 1186 1187 1147
f 1147 1187 1148
f 1187 1188 1148
f 1148 1188 1149
f 1188 1189 1149
f 1149 1189 1150
f 1189 1190 1150
f 1150 1190 1151
f 1190 1191 1151
f 1151 1191 1152
f 1191 1192 1152
f 1152 1192 1153
f 1192 1193 1153
f 1153 1193 1154
f 1193 1194 1154
f 1154 1194 1155
f 1194 1195 1155
f 1155 1195 1156
f 1195 1196 1156
f 1156 1196 1157
f 1196 1197 1157
f 1157 1197 1158
f 1197 1198 1158
f 1158 1198 1159
f 1198 1199 1159
f 1159 1199 1160
f 1199 1200 1160
f 1160 1200 1063
f 1200 1161 1063
f 1161 1201 1162
f 1201 1202 1162
f 1162 1202 1163
f 1202 1203 1163
f 1163 1203 1164
f 1203 1204 1164
f 1164 1204 1165
f 1204 1205 1165
f 1165 1205 1166
f 1205 1206 1166
f 1166 1206 1167
f 1206 1207 1167
f 1167 1207 1168
f 1207 1208 1168
f 1168 1208 1087
f 1208 1209 1087
f 1087 1209 1089
f 1209 1169 1089
f 1169 1210 1170
f 1210 1211 1170
f 1170 1211 1094
f 1211 1212 1094
f 1094 1212 1171
f 1212 1213 1171
f 1171 1213 1100
f 1213 1172 1100
f 1172 1214 1173
f 1214 1215 1173
f 1173 1215 1174
f 1215 1216 1174
f 1174 1216 1175
f 1216 1217 1175
f 1175 1217 1136
f 1217 1176 1136
f 1217 1218 1176
f 1218 1219 1176
f 1176 1219 1177
f 1219 1220 1177
f 1177 1220 1178
f 1220 1221 1178
f 1178 1221 1179
f 1221 1222 1179
f 1179 1222 1180
f 1222 1223 1180
f 1180 1223 1181
f 1223 1224 1181
f 1181 1224 1182
f 1224 1225 1182
f 1182 1225 1183
f 1225 1226 1183
f 1183 1226 1184
f 1226 1227 1184
f 1184 1227 1185
f 1227 1228 1185
f 1185 1228 1186
f 1228 1229 1186
f 1186 1229 1187
f 1229 1230 1187
f 1187 1230 1188
f 1230 1231 1188
f 1188 1231 1189
f 1231 1232 1189
f 1189 1232 1190
f 1232 1233 1190
f 1190 1233 1191
f 1233 1234 1191
f 1191 1234 1192
f 1234 1235 1192
f 1192 1235 1193
f 1235 1236 1193
f 1193 1236 1194
f 1236 1237 1194
f 1194 1237 1195
f 1237 1238 1195
f 1195 1238 1196
f 1238 1239 1196
f 1196 1239 1197
f 1239 1240 1197
f 1197 1240 1198
f 1240 1241 1198
f 1198 1241 1199
f 1241 1242 1199
f 1199 1242 1200
f 1242 1243 1200
f 1200 1243 1161
f 1243 1201 1161
f 1201 1244 1202
f 1244 1245 1202
f 1202 1245 1203
f 1245 1246 1203
f 1203 1246 1204
f 1246 1247 1204
f 1204 1247 1205
f 1247 1248 1205
f 1205 1248 1206
f 1248 1249 1206
f 1206 1249 1207
f 1249 1250 1207
f 1207 1250 1208
f 1250 1251 1208
f 1208 1251 1209
f 1251 1252 1209
f 1209 1252 1169
f 1252 1210 1169
f 1210 1253 1211
f 1253 1254 1211
f 1211 1254 1212
f 1254 1255 1212
f 1212 1255 1213
f 1255 1256 1213
f 1213 1256 1172
f 1256 1214 1172
f 1214 1257 1215
f 1257 1258 1215
f 1215 1258 1216
f 1258 1259 1216
f 1216 1259 1217
f 1259 1218 1217
f 1259 1260 1218
f 1218 1260 1219
f 1260 1261 1219
f 1219 1261 1220
f 1261 1262 1220
f 1220 1262 1221
f 1262 1263 1221
f 1221 1263 1222
f 1263 1264 1222
f 1222 1264 1223
f 1264 1265 1223
f 1223 1265 1224
f 1265 1266 1224
f 1224 1266 1225
f 1266 1267 1225
f 1225 1267 1226
f 1267 1268 1226
f 1226 1268 1227
f 1268 1269 1227
f 1227 1269 1228
f 1269 1270 1228
f 1228 1270 1229
f 1229 1271 1230
f 1230 1271 1231
f 1271 1272 1231
f 1231 1272 1232
f 1272 1273 1232
f 1232 1273 1233
f 1273 1274 1233
f 1233 1274 1234
f 1274 1275 1234
f 1234 1275 1235
f 1275 1276 1235
f 1276 1277 1235
f 1235 1277 1236
f 1277 1278 1236
f 1236 1278 1237
f 1278 1279 1237
f 1237 1279 1238
f 1279 1280 1238
f 1238 1280 1239
f 1280 1281 1239
f 1239 1281 1240
f 1281 1282 1240
f 1240 1282 1241
f 1282 1283 1241
f 1241 1283 1242
f 1283 1284 1242
f 1242 1284 1243
f 1284 1285 1243
f 1243 1285 1201
f 1285 1244 1201
f 1244 1286 1245
f 1286 1287 1245
f 1245 1287 1246
f 1287 1288 1246
f 1246 1288 1247
f 1288 1289 1247
f 1247 1289 1248
f 1289 1290 1248
f 1248 1290 1249
f 1290 1291 1249
f 1249 1291 1250
f 1291 1292 1250
f 1250 1292 1251
f 1292 1293 1251
f 1251 1293 1252
f 1293 1294 1252
f 1252 1294 1210
f 1294 1253 1210
f 1253 1295 1254
f 1295 1296 1254
f 1254 1296 1255
f 1296 1297 1255
f 1255 1297 1256
f 1297 1298 1256
f 1256 1298 1214
f 1298 1257 1214
f 1257 1299 1258
f 1299 1300 1258
f 1258 1300 1259
f 1300 1301 1259
f 1301 1260 1259
f 1301 1302 1260
f 1302 1303 1260
f 1260 1303 1261
f 1303 1304 1261
f 1261 1304 1262
f 1304 1305 1262
f 1262 1305 1263
f 1305 1306 1263
f 1263 1306 1264
f 1306 1133 1264
f 1264 1133 1265
f 1133 1307 1265
f 1265 1307 1266
f 1307 1308 1266
f 1266 1308 1267
f 1308 1309 1267
f 1267 1309 1268
f 1309 1310 1268
f 1268 1310 1269
f 1310 1311 1269
f 1269 1311 1270
f 1311 1312 1270
f 1270 1312 1229
f 1312 1313 1229
f 1229 1313 1271
f 1313 1314 1271
f 1271 1314 1272
f 1314 1315 1272
f 1272 1315 1273
f 1315 1316 1273
f 1316 1317 1273
f 1273 1317 1274
f 1317 1318 1274
f 1274 1318 1275
f 1318 1319 1275
f 1275 1319 1276
f 1276 1320 1277
f 1277 1320 1278
f 1320 1321 1278
f 1278 1321 1279
f 1321 1322 1279
f 1279 1322 1280
f 1322 1323 1280
f 1280 1323 1281
f 1323 1324 1281
f 1281 1324 1282
f 1324 1325 1282
f 1282 1325 1283
f 1325 269 1283
f 1283 269 1284
f 269 1326 1284
f 1284 1326 1285
f 1326 1327 1285
f 1285 1327 1244
f 1327 1286 1244
f 1286 1328 1287
f 1328 1329 1287
f 1287 1329 1288
f 1329 1330 1288
f 1288 1330 1289
f 1330 1331 1289
f 1289 1331 1290
f 1331 1332 1290
f 1290 1332 1291
f 1332 1333 1291
f 1291 1333 1292
f 1333 1334 1292
f 1292 1334 1293
f 1334 1335 1293
f 1293 1335 1294
f 1335 1336 1294
f 1294 1336 1253
f 1336 1295 1253
f 1297 1337 1298
f 1337 1338 1298
f 1298 1338 1257
f 1338 1299 1257
f 1301 403 1302
f 403 1134 1302
f 1302 1134 1303
f 1134 397 1303
f 397 396 1303
f 1303 396 1304
f 396 395 1304
f 395 394 1304
f 1304 394 1305
f 394 393 1305
f 1305 393 1306
f 393 392 1306
f 392 1133 1306
f 1133 1339 1307
f 1339 1340 1307
f 1307 1340 1308
f 1340 1341 1308
f 1308 1341 1309
f 1341 1342 1309
f 1309 1342 1310
f 1342 1343 1310
f 1310 1343 1311
f 1343 1344 1311
f 1311 1344 1312
f 1344 1345 1312
f 1312 1345 1313
f 1345 1346 1313
f 1313 1346 1314
f 1346 1347 1314
f 1314 1347 1315
f 1347 1316 1315
f 1316 285 1317
f 285 284 1317
f 1317 284 1318
f 284 283 1318
f 1318 283 1319
f 283 282 1319
f 1319 282 1276
f 282 281 1276
f 1276 281 1320
f 281 280 1320
f 1320 280 1321
f 280 279 1321
f 279 275 1321
f 1321 275 1322
f 275 274 1322
f 1322 274 1323
f 274 278 1323
f 278 1110 1323
f 1323 1110 1324
f 1110 272 1324
f 272 271 1324
f 1324 271 1325
f 271 270 1325
f 270 269 1325
f 269 268 1326
f 268 267 1326
f 1326 267 1327
f 267 1109 1327
f 1327 1109 1286
f 1109 1328 1286
f 1328 1348 1329
f 1348 1349 1329
f 1329 1349 1330
f 1349 1350 1330
f 1330 1350 1331
f 1350 1351 1331
f 1331 1351 1332
f 1351 1352 1332
f 1332 1352 1333
f 1352 1353 1333
f 1333 1353 1334
f 1353 1354 1334
f 1334 1354 1335
f 1354 1355 1335
f 1335 1355 1336
f 1355 1356 1336
f 1336 1356 1295
f 1356 412 1295
f 412 411 1295
f 1295 411 1296
f 411 410 1296
f 1296 410 1297
f 410 409 1297
f 1297 409 1337
f 409 408 1337
f 1337 408 1338
f 408 407 1338
f 407 406 1338
f 1338 406 1299
f 406 405 1299
f 405 404 1299
f 1299 404 1300
f 404 1135 1300
f 1300 1135 1301
f 1135 403 1301
f 318 1357 1109
f 1109 1357 1328
f 1357 1348 1328
f 1348 1358 1349
f 1358 1359 1349
f 1349 1359 1350
f 1359 1360 1350
f 1360 1361 1350
f 1350 1361 1351
f 1361 1362 1351
f 1351 1362 1352
f 1362 1363 1352
f 1352 1363 1353
f 1363 1364 1353
f 1353 1364 1354
f 1364 1365 1354
f 1365 1355 1354
f 1355 1366 1356
f 1366 1367 1356
f 1367 418 1356
f 1356 418 412
f 429 1368 1133
f 1133 1368 1339
f 1368 1369 1339
f 1339 1369 1340
f 1369 1370 1340
f 1340 1370 1341
f 1370 1371 1341
f 1341 1371 1342
f 1371 1372 1342
f 1342 1372 1343
f 1372 1373 1343
f 1343 1373 1344
f 1373 1374 1344
f 1344 1374 1345
f 1374 1375 1345
f 1375 1346 1345
f 1346 1376 1347
f 1376 1377 1347
f 1347 1377 1316
f 1377 1378 1316
f 1316 1378 285
f 315 1379 318
f 318 1379 1357
f 1379 1380 1357
f 1357 1380 1348
f 1380 1358 1348
f 1358 1381 1359
f 1381 1382 1359
f 1382 1360 1359
f 1360 1383 1361
f 1383 1384 1361
f 1361 1384 1362
f 1384 1385 1362
f 1385 1386 1362
f 1362 1386 1363
f 1386 1387 1363
f 1363 1387 1364
f 1387 1388 1364
f 1388 1365 1364
f 1365 1389 1355
f 1389 1366 1355
f 1366 421 1367
f 421 418 1367
f 428 1368 429
f 1369 1390 1370
f 1390 1391 1370
f 1391 1371 1370
f 1371 1392 1372
f 1392 1393 1372
f 1393 1373 1372
f 1373 1394 1374
f 1394 1395 1374
f 1395 1375 1374
f 1375 1396 1346
f 1396 1376 1346
f 1376 1397 1377
f 1397 1398 1377
f 1398 1399 1377
f 1377 1399 1378
f 314 1379 315
f 1379 1400 1380
f 1400 1401 1380
f 1380 1401 1358
f 1401 1381 1358
f 1381 1402 1382
f 1402 1403 1382
f 1382 1403 1360
f 1403 1383 1360
f 1383 1404 1384
f 1404 1385 1384
f 1386 1405 1387
f 1387 1405 1388
f 1405 1406 1388
f 1388 1406 1365
f 1406 1389 1365
f 1389 1407 1366
f 1407 1408 1366
f 1366 1408 421
f 1408 424 421
f 427 1409 428
f 428 1409 1368
f 1368 1409 1369
f 1409 1390 1369
f 1390 1410 1391
f 1391 1392 1371
f 1392 1411 1393
f 1411 1412 1393
f 1393 1412 1373
f 1412 1394 1373
f 1395 1413 1375
f 1413 1396 1375
f 1396 1414 1376
f 1414 1397 1376
f 1397 1415 1398
f 1415 1416 1398
f 1398 1416 1399
f 316 1417 314
f 314 1417 1379
f 1417 1400 1379
f 1400 1418 1401
f 1401 1418 1381
f 1418 1402 1381
f 1402 1419 1403
f 1403 1419 1383
f 1419 1404 1383
f 1404 1420 1385
f 1385 1420 1386
f 1420 1421 1386
f 1386 1421 1405
f 1421 1422 1405
f 1405 1422 1406
f 1422 1423 1406
f 1406 1423 1389
f 1423 1407 1389
f 1407 417 1408
f 417 424 1408
f 430 1424 427
f 427 1424 1409
f 1424 1425 1409
f 1409 1425 1390
f 1425 1410 1390
f 1410 1426 1391
f 1391 1426 1392
f 1426 1411 1392
f 1411 1427 1412
f 1412 1427 1394
f 1427 1428 1394
f 1394 1428 1395
f 1395 1428 1413
f 1428 1429 1413
f 1413 1429 1396
f 1429 1430 1396
f 1396 1430 1414
f 1414 1430 1397
f 1430 1415 1397
f 1415 1431 1416
f 238 1432 316
f 1432 1433 316
f 316 1433 1417
f 1417 1433 1400
f 1433 1434 1400
f 1400 1434 1418
f 1434 1435 1418
f 1418 1435 1402
f 1435 1436 1402
f 1402 1436 1419
f 1436 1437 1419
f 1419 1437 1404
f 1437 1438 1404
f 1404 1438 1420
f 1438 1439 1420
f 1420 1439 1421
f 1439 1440 1421
f 1421 1440 1422
f 1440 1441 1422
f 1422 1441 1423
f 1423 1120 1407
f 1407 1120 417
f 1120 345 417
f 367 1442 430
f 1442 1424 430
f 1424 1443 1425
f 1443 1444 1425
f 1425 1444 1410
f 1444 1445 1410
f 1410 1445 1426
f 1445 1446 1426
f 1426 1446 1411
f 1446 1447 1411
f 1411 1447 1427
f 1447 1448 1427
f 1448 1449 1427
f 1427 1449 1428
f 1449 1450 1428
f 1428 1450 1429
f 1450 1451 1429
f 1429 1451 1430
f 1451 1452 1430
f 1430 1452 1415
f 1452 1453 1415
f 1415 1453 1431
f 1453 221 1431
f 238 1119 1432
f 1119 1454 1432
f 1432 1454 1433
f 1454 1455 1433
f 1433 1455 1434
f 1455 1456 1434
f 1434 1456 1435
f 1456 1457 1435
f 1435 1457 1436
f 1457 1458 1436
f 1436 1458 1437
f 1458 1459 1437
f 1437 1459 1438
f 1459 1460 1438
f 1438 1460 1439
f 1460 1461 1439
f 1439 1461 1440
f 1461 1462 1440
f 1440 1462 1441
f 1462 1463 1441
f 1441 1463 1423
f 1463 1120 1423
f 1132 1442 367
f 1442 1464 1424
f 1424 1464 1443
f 1464 1465 1443
f 1443 1465 1444
f 1465 1466 1444
f 1444 1466 1445
f 1466 1467 1445
f 1445 1467 1446
f 1467 1468 1446
f 1446 1468 1447
f 1468 1448 1447
f 1448 1469 1449
f 1449 1469 1450
f 1469 1470 1450
f 1450 1470 1451
f 1470 1471 1451
f 1451 1471 1452
f 1471 1111 1452
f 1452 1111 1453
f 1111 221 1453
f 1127 1472 1126
f 1472 1473 1126
f 1126 1473 357
f 357 1473 1128
f 1473 1474 1128
f 1128 1474 361
f 1474 1129 361
f 1129 1475 363
f 363 1475 1130
f 1475 1131 1130
f 1132 1476 1442
f 1442 1476 1464
f 1476 1477 1464
f 1464 1477 1465
f 1477 1478 1465
f 1465 1478 1466
f 1478 1479 1466
f 1466 1479 1467
f 1479 1480 1467
f 1467 1480 1468
f 1480 1481 1468
f 1468 1481 1448
f 1481 1482 1448
f 1448 1482 1469
f 1482 1483 1469
f 1469 1483 1470
f 1483 1484 1470
f 1470 1484 1471
f 1484 1485 1471
f 1471 1485 1111
f 1485 1112 1111
f 1113 1114 223
f 1115 1486 226
f 226 1486 218
f 1486 1487 218
f 218 1487 219
f 219 1487 227
f 1487 1116 227
f 1116 1488 229
f 229 1488 231
f 1488 1117 231
f 1117 1489 233
f 233 1489 234
f 1489 235 234
f 1118 1490 237
f 237 1490 1119
f 1490 1491 1119
f 1491 1492 1119
f 1119 1492 1454
f 1454 1492 1455
f 1492 1493 1455
f 1455 1493 1456
f 1493 1494 1456
f 1456 1494 1457
f 1494 1495 1457
f 1457 1495 1458
f 1495 1496 1458
f 1458 1496 1459
f 1496 1497 1459
f 1459 1497 1460
f 1497 1498 1460
f 1460 1498 1461
f 1498 1499 1461
f 1461 1499 1462
f 1499 1500 1462
f 1462 1500 1463
f 1500 1501 1463
f 1463 1501 1120
f 1501 1121 1120
f 1121 1502 346
f 346 1502 347
f 347 1502 1122
f 1502 1503 1122
f 1122 1503 1123
f 1123 1503 351
f 1503 1124 351
f 1124 1504 343
f 343 1504 1125
f 1504 1472 1125
f 1125 1472 1127
f 1472 1505 1473
f 1505 1506 1473
f 1506 1474 1473
f 1474 1507 1129
f 1129 1507 1475
f 1507 1508 1475
f 1475 1508 1131
f 1508 1509 1131
f 1131 1509 1132
f 1509 1510 1132
f 1132 1510 1476
f 1510 1511 1476
f 1476 1511 1477
f 1511 1512 1477
f 1477 1512 1478
f 1512 1513 1478
f 1478 1513 1479
f 1513 1514 1479
f 1479 1514 1480
f 1514 1515 1480
f 1480 1515 1481
f 1515 1516 1481
f 1481 1516 1482
f 1516 1517 1482
f 1482 1517 1483
f 1517 1518 1483
f 1483 1518 1484
f 1518 1519 1484
f 1484 1519 1485
f 1519 1520 1485
f 1485 1520 1112
f 1520 1521 1112
f 1112 1521 1113
f 1521 1522 1113
f 1113 1522 1114
f 1522 1523 1114
f 1114 1523 1115
f 1523 1524 1115
f 1115 1524 1486
f 1524 1525 1486
f 1486 1525 1487
f 1525 1526 1487
f 1487 1526 1116
f 1526 1527 1116
f 1116 1527 1488
f 1527 1528 1488
f 1488 1528 1117
f 1528 1529 1117
f 1117 1529 1489
f 1529 1530 1489
f 1489 1530 235
f 235 1530 1118
f 1530 1531 1118
f 1118 1531 1490
f 1531 1532 1490
f 1490 1532 1491
f 1532 1533 1491
f 1491 1533 1492
f 1533 1534 1492
f 1492 1534 1493
f 1534 1535 1493
f 1493 1535 1494
f 1535 1536 1494
f 1494 1536 1495
f 1536 1537 1495
f 1495 1537 1496
f 1537 1538 1496
f 1496 1538 1497
f 1538 1539 1497
f 1497 1539 1498
f 1539 1540 1498
f 1498 1540 1499
f 1540 1541 1499
f 1499 1541 1500
f 1541 1542 1500
f 1500 1542 1501
f 1542 1543 1501
f 1501 1543 1121
f 1543 1544 1121
f 1121 1544 1502
f 1544 1545 1502
f 1502 1545 1503
f 1545 1546 1503
f 1503 1546 1124
f 1546 1547 1124
f 1124 1547 1504
f 1547 1548 1504
f 1504 1548 1472
f 1548 1505 1472
f 1548 1549 1505
f 1549 1550 1505
f 1505 1550 1506
f 1550 1551 1506
f 1506 1551 1474
f 1551 1552 1474
f 1474 1552 1507
f 1552 1553 1507
f 1507 1553 1508
f 1553 1554 1508
f 1508 1554 1509
f 1554 1555 1509
f 1509 1555 1510
f 1555 1556 1510
f 1510 1556 1511
f 1556 1557 1511
f 1511 1557 1512
f 1557 1558 1512
f 1512 1558 1513
f 1558 1559 1513
f 1513 1559 1514
f 1559 1560 1514
f 1514 1560 1515
f 1560 1561 1515
f 1515 1561 1516
f 1561 1562 1516
f 1516 1562 1517
f 1562 1563 1517
f 1517 1563 1518
f 1563 1564 1518
f 1518 1564 1519
f 1564 1565 1519
f 1519 1565 1520
f 1565 1566 1520
f 1520 1566 1521
f 1566 1567 1521
f 1521 1567 1522
f 1567 1568 1522
f 1522 1568 1523
f 1568 1569 1523
f 1523 1569 1524
f 1569 1570 1524
f 1524 1570 1525
f 1570 1571 1525
f 1525 1571 1526
f 1571 1572 1526
f 1526 1572 1527
f 1572 1573 1527
f 1527 1573 1528
f 1573 1574 1528
f 1528 1574 1529
f 1574 1575 1529
f 1529 1575 1530
f 1575 1576 1530
f 1530 1576 1531
f 1576 1577 1531
f 1531 1577 1532
f 1577 1578 1532
f 1532 1578 1533
f 1578 1579 1533
f 1533 1579 1534
f 1579 1580 1534
f 1534 1580 1535
f 1580 1581 1535
f 1535 1581 1536
f 1581 1582 1536
f 1536 1582 1537
f 1582 1583 1537
f 1537 1583 1538
f 1583 1584 1538
f 1538 1584 1539
f 1584 1585 1539
f 1539 1585 1540
f 1585 1586 1540
f 1540 1586 1541
f 1586 1587 1541
f 1541 1587 1542
f 1587 1588 1542
f 1542 1588 1543
f 1588 1589 1543
f 1543 1589 1544
f 1589 1590 1544
f 1544 1590 1545
f 1590 1591 1545
f 1545 1591 1546
f 1591 1592 1546
f 1546 1592 1547
f 1592 1593 1547
f 1547 1593 1548
f 1593 1549 1548
f 1549 1594 1550
f 1594 1595 1550
f 1550 1595 1551
f 1595 1596 1551
f 1551 1596 1552
f 1596 1597 1552
f 1552 1597 1553
f 1597 1598 1553
f 1553 1598 1554
f 1598 1599 1554
f 1554 1599 1555
f 1599 1600 1555
f 1555 1600 1556
f 1600 1601 1556
f 1556 1601 1557
f 1601 1602 1557
f 1557 1602 1558
f 1602 1603 1558
f 1558 1603 1559
f 1603 1604 1559
f 1559 1604 1560
f 1604 958 1560
f 1560 958 1561
f 958 1605 1561
f 1561 1605 1562
f 1605 1606 1562
f 1562 1606 1563
f 1606 1607 1563
f 1563 1607 1564
f 1607 955 1564
f 955 1608 1564
f 1564 1608 1565
f 1608 1609 1565
f 1565 1609 1566
f 1609 1610 1566
f 1566 1610 1567
f 1610 1611 1567
f 1567 1611 1568
f 1611 1612 1568
f 1568 1612 1569
f 1612 1613 1569
f 1569 1613 1570
f 1613 1614 1570
f 1570 1614 1571
f 1614 1615 1571
f 1571 1615 1572
f 1615 1616 1572
f 1572 1616 1573
f 1616 1617 1573
f 1573 1617 1574
f 1617 1618 1574
f 1574 1618 1575
f 1618 1619 1575
f 1575 1619 1576
f 1619 1620 1576
f 1576 1620 1577
f 1620 1621 1577
f 1577 1621 1578
f 1621 1622 1578
f 1578 1622 1579
f 1622 1623 1579
f 1579 1623 1580
f 1623 1624 1580
f 1580 1624 1581
f 1624 1625 1581
f 1581 1625 1582
f 1625 1626 1582
f 1582 1626 1583
f 1626 1627 1583
f 1583 1627 1584
f 1627 1628 1584
f 1584 1628 1585
f 1628 1629 1585
f 1585 1629 1586
f 1629 1630 1586
f 1586 1630 1587
f 1630 1631 1587
f 1587 1631 1588
f 1631 1632 1588
f 1588 1632 1589
f 1632 1633 1589
f 1589 1633 1590
f 1633 1634 1590
f 1590 1634 1591
f 1634 1635 1591
f 1591 1635 1592
f 1592 1636 1593
f 1593 1636 1549
f 1636 1594 1549
f 1636 987 1594
f 987 982 1594
f 1594 982 1595
f 982 980 1595
f 980 976 1595
f 1595 976 1596
f 976 978 1596
f 1596 978 1597
f 978 974 1597
f 974 971 1597
f 1597 971 1598
f 1598 971 1599
f 971 970 1599
f 970 969 1599
f 1599 969 1600
f 969 967 1600
f 1600 967 1601
f 967 968 1601
f 1601 968 1602
f 968 964 1602
f 1602 964 1603
f 964 962 1603
f 1603 962 1604
f 962 961 1604
f 1604 961 958
f 958 960 1605
f 1605 960 1606
f 960 1637 1606
f 1637 957 1606
f 1606 957 1607
f 957 955 1607
f 955 954 1608
f 954 952 1608
f 1608 952 1609
f 952 947 1609
f 1609 947 1610
f 947 945 1610
f 1610 945 1611
f 1611 945 1612
f 945 943 1612
f 1612 943 1613
f 943 941 1613
f 1613 941 1614
f 941 937 1614
f 1614 937 1615
f 937 933 1615
f 1615 933 1616
f 933 931 1616
f 1616 931 1617
f 931 927 1617
f 1617 927 1618
f 927 924 1618
f 1618 924 1619
f 924 922 1619
f 922 920 1619
f 1619 920 1620
f 920 917 1620
f 1620 917 1621
f 917 916 1621
f 1621 916 1622
f 916 913 1622
f 1622 913 1623
f 913 915 1623
f 1623 915 1624
f 915 1638 1624
f 1638 912 1624
f 1624 912 1625
f 912 910 1625
f 1625 910 1626
f 910 906 1626
f 1626 906 1627
f 906 908 1627
f 1627 908 1628
f 908 909 1628
f 1628 909 1629
f 909 1639 1629
f 1639 892 1629
f 1629 892 1630
f 892 891 1630
f 1630 891 1631
f 891 903 1631
f 1631 903 1632
f 1632 903 1633
f 903 901 1633
f 1633 901 1634
f 901 899 1634
f 1634 899 1635
f 899 894 1635
f 894 893 1635
f 1635 893 1592
f 893 991 1592
f 1592 991 1636
f 991 987 1636
f 1640 1641 1642
f 1641 1643 1642
f 1642 1643 1644
f 1643 1645 1644
f 1644 1645 1646
f 1645 1647 1646
f 1646 1647 1648
f 1647 1649 1648
f 1648 1649 1650
f 1649 1651 1650
f 1650 1651 1652
f 1651 1653 1652
f 1652 1653 1654
f 1653 1655 1654
f 1654 1655 1656
f 1655 1657 1656
f 1656 1657 1658
f 1657 1659 1658
f 1658 1659 1660
f 1659 1661 1660
f 1660 1661 1662
f 1661 1663 1662
f 1662 1663 1664
f 1663 1665 1664
f 1664 1665 1666
f 1665 1667 1666
f 1666 1667 1668
f 1667 1669 1668
f 1668 1669 1670
f 1669 1671 1670
f 1670 1671 1672
f 1671 1673 1672
f 1672 1673 1674
f 1673 1675 1674
f 1674 1675 1676
f 1675 1677 1676
f 1676 1677 1678
f 1677 1679 1678
f 1678 1679 1680
f 1679 1681 1680
f 1680 1681 1682
f 1681 1683 1682
f 1682 1683 1684
f 1683 1685 1684
f 1684 1685 1686
f 1685 1687 1686
f 1686 1687 1688
f 1687 1689 1688
f 1688 1689 1690
f 1689 1691 1690
f 1690 1691 1692
f 1691 1693 1692
f 1692 1693 1694
f 1693 1695 1694
f 1694 1695 1696
f 1695 1697 1696
f 1696 1697 1698
f 1697 1699 1698
f 1698 1699 1700
f 1699 1701 1700
f 1700 1701 1702
f 1701 1703 1702
f 1702 1703 1704
f 1703 1705 1704
f 1704 1705 1706
f 1705 1707 1706
f 1706 1707 1708
f 1707 1709 1708
f 1708 1709 1710
f 1709 1711 1710
f 1710 1711 1712
f 1711 1713 1712
f 1712 1713 1714
f 1713 1715 1714
f 1714 1715 1716
f 1715 1717 1716
f 1716 1717 1718
f 1717 1719 1718
f 1718 1719 1720
f 1719 1721 1720
f 1720 1721 1722
f 1721 1723 1722
f 1722 1723 1724
f 1723 1725 1724
f 1724 1725 1726
f 1725 1727 1726
f 1726 1727 1728
f 1727 1729 1728
f 1728 1729 1730
f 1729 1731 1730
f 1730 1731 1732
f 1731 1733 1732
f 1732 1733 1734
f 1733 1735 1734
f 1734 1735 1736
f 1735 1737 1736
f 1736 1737 1738
f 1737 1739 1738
f 1738 1739 1740
f 1739 1741 1740
f 1740 1741 1742
f 1741 1743 1742
f 1742 1743 1744
f 1743 1745 1744
f 1744 1745 1746
f 1745 1747 1746
f 1746 1747 1748
f 1747 1749 1748
f 1748 1749 1750
f 1749 1751 1750
f 1750 1751 1752
f 1751 1753 1752
f 1752 1753 1754
f 1753 1755 1754
f 1754 1755 1756
f 1755 1757 1756
f 1756 1757 1758
f 1757 1759 1758
f 1758 1759 1760
f 1759 1761 1760
f 1760 1761 1762
f 1761 1763 1762
f 1762 1763 1764
f 1763 1765 1764
f 1764 1765 1766
f 1765 1767 1766
f 1766 1767 1768
f 1767 1769 1768
f 1768 1769 1770
f 1769 1771 1770
f 1770 1771 1772
f 1771 1773 1772
f 1772 1773 1774
f 1773 1775 1774
f 1774 1775 1776
f 1775 1777 1776
f 1776 1777 1778
f 1777 1779 1778
f 1778 1779 1780
f 1779 1781 1780
f 1780 1781 1782
f 1781 1783 1782
f 1782 1783 1640
f 1783 1641 1640
f 1784 1785 1786
f 1787 1788 1789
f 1790 1791 1792
f 1793 1794 1795
f 1795 1796 1793
f 1793 1796 1797
f 1798 1799 1796
f 1799 1797 1796
f 1798 1800 1801
f 1802 1803 1800
f 1803 1801 1800
f 1804 1803 1802
f 1804 1802 1805
f 1805 1806 1807
f 1808 1807 1806
f 1808 1809 1810
f 1811 1810 1809
f 1812 1813 1814
f 1815 1816 1813
f 1813 1816 1814
f 1817 1818 1819
f 1817 1820 1815
f 1821 1822 1823
f 1821 1819 1818
f 1824 1825 1826
f 1826 1825 1822
f 1825 1827 1822
f 1822 1827 1823
f 1828 1829 1826
f 1829 1824 1826
f 1830 1829 1828
f 1831 1832 1830
f 1832 1833 1830
f 1830 1833 1829
f 1834 1835 1831
f 1835 1832 1831
f 1836 1837 1834
f 1834 1837 1835
f 1838 1836 1839
f 1839 1836 1834
f 1838 1839 1840
f 1839 1841 1840
f 1840 1841 1842
f 1842 1841 1843
f 1841 1844 1843
f 1843 1844 1845
f 1846 1847 1848
f 1847 1849 1848
f 1848 1849 1844
f 1849 1845 1844
f 1848 1850 1846
f 1846 1850 1851
f 1850 1852 1851
f 1851 1852 1853
f 1853 1852 1854
f 1852 1855 1854
f 1854 1855 1856
f 1855 1857 1856
f 1856 1857 1858
f 1859 1860 1857
f 1860 1858 1857
f 1861 1862 1859
f 1859 1862 1860
f 1859 1863 1861
f 1861 1863 1864
f 1863 1865 1864
f 1864 1865 1866
f 1865 1867 1866
f 1867 1868 1869
f 1870 1871 1872
f 1872 1871 1873
f 1874 1875 1876
f 1876 1875 1877
f 1875 1878 1877
f 1879 1880 1791
f 1792 1791 1880
f 1790 1792 1881
f 1792 1882 1881
f 1882 1883 1884
f 1885 1886 1883
f 1886 1884 1883
f 1885 1887 1888
f 1889 1890 1887
f 1890 1888 1887
f 1891 1892 1889
f 1892 1893 1889
f 1889 1893 1890
f 1794 1894 1795
f 1795 1894 1895
f 1894 1896 1895
f 1895 1896 1891
f 1896 1897 1891
f 1891 1897 1892
f 1898 1899 1900
f 1901 1902 1898
f 1903 1904 1901
f 1904 1902 1901
f 1905 1906 1907
f 1907 1906 1903
f 1905 1907 1908
f 1907 1909 1908
f 1908 1909 1910
f 1911 1912 1913
f 1912 1914 1913
f 1913 1914 1909
f 1914 1910 1909
f 1911 1913 1915
f 1913 1916 1915
f 1916 1917 1915
f 1917 1918 1919
f 1920 1921 1918
f 1921 1919 1918
f 1922 1923 1920
f 1923 1921 1920
f 1924 1925 1922
f 1924 1926 1925
f 1925 1926 1927
f 1928 1929 1930
f 1930 1929 1926
f 1929 1927 1926
f 1930 1931 1928
f 1931 1932 1933
f 1789 1788 1932
f 1788 1933 1932
f 1934 1935 1789
f 1935 1787 1789
f 1936 1937 1934
f 1934 1937 1935
f 1936 1938 1939
f 1940 1941 1938
f 1941 1939 1938
f 1940 1942 1943
f 1944 1943 1942
f 1944 1945 1946
f 1947 1948 1945
f 1949 1950 1951
f 1951 1952 1949
f 1949 1952 1947
f 1952 1948 1947
f 1785 1953 1786
f 1786 1953 1950
f 1784 1786 1954
f 1786 1955 1954
f 1954 1955 1956
f 1955 1957 1956
f 1956 1957 1958
f 1958 1957 1959
f 1957 1960 1959
f 1959 1960 1961
f 1960 1962 1961
f 1962 1963 1964
f 1964 1963 1965
f 1963 1966 1965
f 1965 1966 1967
f 1968 1967 1966
f 1968 1969 1970
f 1971 1970 1969
f 1971 1972 1973
f 1974 1973 1972
f 1975 1976 1974
f 1976 1975 1977
f 1975 1978 1977
f 1977 1978 1979
f 1978 1980 1979
f 1981 1982 1980
f 1982 1979 1980
f 1981 1983 1982
f 1984 1983 1981
f 1985 1986 1984
f 1986 1985 1987
f 1987 1988 1989
f 1990 1989 1988
f 1991 1992 1993
f 1993 1994 1991
f 1991 1994 1990
f 1995 1993 1992
f 1995 1992 1996
f 1996 1997 1998
f 1999 2000 1997
f 2000 1998 1997
f 1999 2001 2002
f 2002 2003 1999
f 1999 2003 2000
f 2004 2005 2001
f 2005 2004 2006
f 2004 2007 2006
f 2006 2007 2008
f 2009 2010 2011
f 2011 2010 2007
f 2010 2008 2007
f 2009 2011 2012
f 2011 2013 2012
f 2012 2013 2014
f 2013 2015 2014
f 2014 2015 2016
f 2017 2018 2015
f 2018 2016 2015
f 1899 2019 1900
f 2019 2020 1900
f 1900 2020 2017
f 2020 2021 2017
f 2021 2022 2017
f 2017 2022 2018
f 2023 2024 122
f 122 2024 123
f 2024 2025 123
f 2025 2026 123
f 123 2026 124
f 124 2026 125
f 2026 2027 125
f 125 2027 126
f 2028 127 2027
f 127 126 2027
f 128 127 2028
f 2029 131 130
f 133 131 2029
f 135 134 2030
f 2030 134 133
f 135 2030 136
f 2030 137 136
f 137 2031 138
f 2031 139 138
f 140 139 2032
f 141 140 2033
f 2033 140 2032
f 213 212 2034
f 242 2035 243
f 2035 2036 243
f 2036 2037 243
f 243 2037 244
f 244 2037 245
f 2037 2038 245
f 245 2038 246
f 2039 247 2038
f 247 246 2038
f 248 247 2039
f 239 249 2040
f 2040 249 248
f 2040 240 239
f 2041 255 254
f 255 2041 256
f 258 2042 259
f 260 259 2042
f 261 260 2043
f 2044 2045 2046
f 2045 2047 2046
f 2048 2044 2049
f 2048 2050 287
f 2017 2051 1900
f 2051 2052 1900
f 1900 2052 1898
f 1898 2052 1901
f 2052 2053 1901
f 1901 2053 1903
f 1903 2053 1907
f 2053 2054 1907
f 1907 2054 1909
f 2054 2055 1909
f 1909 2055 1913
f 2055 2056 1913
f 1913 2056 1916
f 1916 2056 1917
f 2056 1918 1917
f 1918 2057 1920
f 1920 2057 1922
f 2057 1924 1922
f 1924 2058 1926
f 2058 2059 1926
f 1926 2059 1930
f 2059 2060 1930
f 1930 2060 1931
f 2060 2061 1931
f 1931 2061 1932
f 1932 2061 1789
f 2061 2062 1789
f 2062 2063 1789
f 1789 2063 1934
f 2063 2064 1934
f 1934 2064 1936
f 2064 2065 1936
f 1936 2065 1938
f 1938 2065 1940
f 2065 1942 1940
f 1942 2066 1944
f 1944 2066 1945
f 2066 2067 1945
f 1945 2067 1947
f 2067 2068 1947
f 1947 2068 1949
f 1949 2068 1950
f 2068 2069 1950
f 1950 2069 1786
f 2069 2070 1786
f 1786 2070 1955
f 2070 2071 1955
f 1955 2071 1957
f 1957 2071 1960
f 2071 2072 1960
f 1960 2072 1962
f 1962 2072 1963
f 2072 2073 1963
f 1963 2073 1966
f 2073 2074 1966
f 1966 2074 1968
f 1968 2074 1969
f 2074 2075 1969
f 1969 2075 1971
f 2075 2076 1971
f 1971 2076 1972
f 1972 2076 1974
f 2076 2077 1974
f 1974 2077 1975
f 1975 2077 1978
f 2077 2078 1978
f 1978 2078 1980
f 1980 2078 1981
f 2078 2079 1981
f 1981 2079 1984
f 2079 1985 1984
f 1985 2080 1987
f 1987 2080 1988
f 2080 2081 1988
f 1988 2081 1990
f 1990 2081 1991
f 2081 2082 1991
f 1991 2082 1992
f 2082 2083 1992
f 1992 2083 1996
f 1996 2083 1997
f 2083 2084 1997
f 1997 2084 1999
f 2084 2085 1999
f 1999 2085 2001
f 2085 2004 2001
f 2004 2086 2007
f 2086 2087 2007
f 2007 2087 2011
f 2087 2088 2011
f 2011 2088 2013
f 2013 2088 2015
f 2088 2089 2015
f 2015 2089 2017
f 2089 2051 2017
f 2089 2090 2051
f 2090 2091 2051
f 2051 2091 2052
f 2091 2092 2052
f 2052 2092 2053
f 2092 2093 2053
f 2053 2093 2054
f 2093 2094 2054
f 2054 2094 2055
f 2094 2095 2055
f 2055 2095 2056
f 2095 2096 2056
f 2056 2096 1918
f 2096 2097 1918
f 1918 2097 2057
f 2097 2098 2057
f 2057 2098 1924
f 2098 2099 1924
f 1924 2099 2058
f 2099 2100 2058
f 2058 2100 2059
f 2100 2101 2059
f 2059 2101 2060
f 2101 2102 2060
f 2060 2102 2061
f 2102 2103 2061
f 2061 2103 2062
f 2103 2104 2062
f 2062 2104 2063
f 2104 2105 2063
f 2063 2105 2064
f 2105 2106 2064
f 2064 2106 2065
f 2106 2107 2065
f 2065 2107 1942
f 2107 2108 1942
f 1942 2108 2066
f 2108 2109 2066
f 2066 2109 2067
f 2109 2110 2067
f 2067 2110 2068
f 2110 2111 2068
f 2068 2111 2069
f 2111 2112 2069
f 2069 2112 2070
f 2112 2113 2070
f 2070 2113 2071
f 2113 2114 2071
f 2071 2114 2072
f 2114 2115 2072
f 2072 2115 2073
f 2115 2116 2073
f 2073 2116 2074
f 2116 2117 2074
f 2074 2117 2075
f 2117 2118 2075
f 2075 2118 2076
f 2118 2119 2076
f 2076 2119 2077
f 2119 2120 2077
f 2077 2120 2078
f 2120 2121 2078
f 2078 2121 2079
f 2121 2122 2079
f 2079 2122 1985
f 2122 2123 1985
f 1985 2123 2080
f 2123 2124 2080
f 2080 2124 2081
f 2124 2125 2081
f 2081 2125 2082
f 2125 2126 2082
f 2082 2126 2083
f 2126 2127 2083
f 2083 2127 2084
f 2127 2128 2084
f 2084 2128 2085
f 2128 2129 2085
f 2085 2129 2004
f 2129 2086 2004
f 2086 2130 2087
f 2130 2131 2087
f 2087 2131 2088
f 2131 2132 2088
f 2088 2132 2089
f 2132 2090 2089
f 2090 2133 2091
f 2133 2134 2091
f 2091 2134 2092
f 2134 2135 2092
f 2092 2135 2093
f 2135 2136 2093
f 2093 2136 2094
f 2136 2137 2094
f 2094 2137 2095
f 2137 2138 2095
f 2095 2138 2096
f 2138 2139 2096
f 2096 2139 2097
f 2139 2140 2097
f 2097 2140 2098
f 2140 2141 2098
f 2098 2141 2099
f 2141 2142 2099
f 2099 2142 2100
f 2142 2143 2100
f 2100 2143 2101
f 2143 2144 2101
f 2101 2144 2102
f 2144 2145 2102
f 2102 2145 2103
f 2145 2146 2103
f 2103 2146 2104
f 2146 2147 2104
f 2104 2147 2105
f 2147 2148 2105
f 2105 2148 2106
f 2148 2149 2106
f 2106 2149 2107
f 2149 2150 2107
f 2107 2150 2108
f 2150 2151 2108
f 2108 2151 2109
f 2151 2152 2109
f 2109 2152 2110
f 2152 2153 2110
f 2110 2153 2111
f 2153 2154 2111
f 2111 2154 2112
f 2154 2155 2112
f 2112 2155 2113
f 2155 2156 2113
f 2113 2156 2114
f 2156 2157 2114
f 2114 2157 2115
f 2157 2158 2115
f 2115 2158 2116
f 2158 2159 2116
f 2116 2159 2117
f 2159 2160 2117
f 2117 2160 2118
f 2160 2161 2118
f 2118 2161 2119
f 2161 2162 2119
f 2119 2162 2120
f 2162 2163 2120
f 2120 2163 2121
f 2163 2164 2121
f 2121 2164 2122
f 2164 2165 2122
f 2122 2165 2123
f 2165 2166 2123
f 2123 2166 2124
f 2166 2167 2124
f 2124 2167 2125
f 2167 2168 2125
f 2125 2168 2126
f 2168 2169 2126
f 2126 2169 2127
f 2169 2170 2127
f 2127 2170 2128
f 2170 2171 2128
f 2128 2171 2129
f 2171 2172 2129
f 2129 2172 2086
f 2172 2130 2086
f 2130 2173 2131
f 2173 2174 2131
f 2131 2174 2132
f 2174 2175 2132
f 2132 2175 2090
f 2175 2133 2090
f 2175 2176 2133
f 2176 2177 2133
f 2133 2177 2134
f 2177 2178 2134
f 2134 2178 2135
f 2178 2179 2135
f 2135 2179 2136
f 2179 2180 2136
f 2136 2180 2137
f 2180 2181 2137
f 2137 2181 2138
f 2181 2182 2138
f 2138 2182 2139
f 2182 2183 2139
f 2139 2183 2140
f 2183 2184 2140
f 2140 2184 2141
f 2184 2185 2141
f 2141 2185 2142
f 2185 2186 2142
f 2142 2186 2143
f 2186 2187 2143
f 2143 2187 2144
f 2187 2188 2144
f 2144 2188 2145
f 2188 2189 2145
f 2145 2189 2146
f 2189 2190 2146
f 2146 2190 2147
f 2190 2191 2147
f 2147 2191 2148
f 2191 2192 2148
f 2148 2192 2149
f 2149 2193 2150
f 2150 2193 2151
f 2193 2194 2151
f 2151 2194 2152
f 2194 2195 2152
f 2152 2195 2153
f 2195 2196 2153
f 2153 2196 2154
f 2196 2197 2154
f 2154 2197 2155
f 2197 2198 2155
f 2155 2198 2156
f 2198 2199 2156
f 2156 2199 2157
f 2199 2200 2157
f 2157 2200 2158
f 2200 2201 2158
f 2158 2201 2159
f 2201 2202 2159
f 2159 2202 2160
f 2202 2203 2160
f 2160 2203 2161
f 2203 2204 2161
f 2161 2204 2162
f 2204 2205 2162
f 2162 2205 2163
f 2205 2206 2163
f 2163 2206 2164
f 2206 2207 2164
f 2164 2207 2165
f 2207 2208 2165
f 2165 2208 2166
f 2208 2209 2166
f 2166 2209 2167
f 2209 2210 2167
f 2167 2210 2168
f 2210 2211 2168
f 2168 2211 2169
f 2211 2212 2169
f 2169 2212 2170
f 2212 2213 2170
f 2170 2213 2171
f 2213 2214 2171
f 2171 2214 2172
f 2214 2215 2172
f 2172 2215 2130
f 2215 2173 2130
f 2173 2216 2174
f 2216 2217 2174
f 2174 2217 2175
f 2217 2218 2175
f 2218 2176 2175
f 2178 2219 2179
f 2219 2220 2179
f 2179 2220 2180
f 2220 2221 2180
f 2180 2221 2181
f 2221 2222 2181
f 2181 2222 2182
f 2222 2223 2182
f 2182 2223 2183
f 2223 2224 2183
f 2183 2224 2184
f 2224 2225 2184
f 2184 2225 2185
f 2225 2226 2185
f 2185 2226 2186
f 2226 2227 2186
f 2186 2227 2187
f 2227 2228 2187
f 2187 2228 2188
f 2228 2229 2188
f 2188 2229 2189
f 2229 2230 2189
f 2230 2231 2189
f 2189 2231 2190
f 2231 2232 2190
f 2190 2232 2191
f 2192 2233 2149
f 2149 2233 2193
f 2233 2234 2193
f 2193 2234 2194
f 2234 2235 2194
f 2194 2235 2195
f 2235 2236 2195
f 2195 2236 2196
f 2236 2237 2196
f 2196 2237 2197
f 2237 2238 2197
f 2197 2238 2198
f 2200 170 2201
f 170 2239 2201
f 2201 2239 2202
f 2202 2240 2203
f 2203 2240 2204
f 2240 2241 2204
f 2204 2241 2205
f 2241 2242 2205
f 2242 2243 2205
f 2205 2243 2206
f 2243 2244 2206
f 2206 2244 2207
f 2244 2245 2207
f 2207 2245 2208
f 2245 2246 2208
f 2208 2246 2209
f 2246 2247 2209
f 2209 2247 2210
f 2247 2248 2210
f 2248 2249 2210
f 2210 2249 2211
f 2249 2250 2211
f 2211 2250 2212
f 2250 2251 2212
f 2212 2251 2213
f 2214 2252 2215
f 2252 2253 2215
f 2215 2253 2173
f 2253 2216 2173
f 295 294 2218
f 2218 294 2176
f 294 293 2176
f 2176 293 2177
f 293 292 2177
f 2177 292 2178
f 292 291 2178
f 2178 291 2219
f 291 290 2219
f 2219 290 2220
f 290 289 2220
f 289 288 2220
f 2220 288 2221
f 288 287 2221
f 287 2050 2221
f 2221 2050 2222
f 2050 2254 2222
f 2222 2254 2223
f 2254 2255 2223
f 2223 2255 2224
f 2255 2256 2224
f 2224 2256 2225
f 2256 2257 2225
f 2225 2257 2226
f 2257 2258 2226
f 2226 2258 2227
f 2258 2259 2227
f 2227 2259 2228
f 2259 2260 2228
f 2228 2260 2229
f 2260 2230 2229
f 2230 2261 2231
f 2261 2262 2231
f 2231 2262 2232
f 2262 2263 2232
f 2232 2263 2191
f 2263 185 2191
f 2191 185 2192
f 185 184 2192
f 2192 184 2233
f 184 183 2233
f 2233 183 2234
f 183 182 2234
f 182 181 2234
f 2234 181 2235
f 181 180 2235
f 2235 180 2236
f 180 179 2236
f 179 176 2236
f 2236 176 2237
f 176 175 2237
f 2237 175 2238
f 175 178 2238
f 178 174 2238
f 2238 174 2198
f 174 173 2198
f 2198 173 2199
f 173 172 2199
f 2199 172 2200
f 172 171 2200
f 171 170 2200
f 170 169 2239
f 169 168 2239
f 2239 168 2202
f 2202 168 2240
f 168 2264 2240
f 2240 2264 2241
f 2264 2242 2241
f 2242 2265 2243
f 2243 2265 2244
f 2265 2266 2244
f 2244 2266 2245
f 2266 2267 2245
f 2245 2267 2246
f 2267 2268 2246
f 2246 2268 2247
f 2268 2248 2247
f 2248 2269 2249
f 2269 2270 2249
f 2249 2270 2250
f 2270 2271 2250
f 2250 2271 2251
f 2271 306 2251
f 306 305 2251
f 2251 305 2213
f 305 304 2213
f 2213 304 2214
f 304 303 2214
f 2214 303 2252
f 303 302 2252
f 2252 302 2253
f 302 301 2253
f 301 300 2253
f 2253 300 2216
f 300 299 2216
f 299 297 2216
f 2216 297 2217
f 297 296 2217
f 2217 296 2218
f 296 295 2218
f 215 2272 168
f 168 2272 2264
f 2272 2273 2264
f 2264 2273 2242
f 2273 2274 2242
f 2242 2274 2265
f 2274 2275 2265
f 2275 2276 2265
f 2265 2276 2266
f 2276 2277 2266
f 2266 2277 2267
f 2277 2278 2267
f 2278 2279 2267
f 2267 2279 2268
f 2279 2280 2268
f 2268 2280 2248
f 2280 2269 2248
f 2269 2281 2270
f 2281 2282 2270
f 2270 2282 2271
f 2282 311 2271
f 2271 311 306
f 2048 2049 2050
f 2049 2283 2050
f 2050 2283 2254
f 2283 2284 2254
f 2254 2284 2255
f 2284 2285 2255
f 2255 2285 2256
f 2285 2286 2256
f 2256 2286 2257
f 2286 2287 2257
f 2257 2287 2258
f 2287 2288 2258
f 2258 2288 2259
f 2288 2289 2259
f 2259 2289 2260
f 2289 2290 2260
f 2260 2290 2230
f 2290 2261 2230
f 2261 2291 2262
f 2291 2292 2262
f 2262 2292 2263
f 2292 2293 2263
f 2263 2293 185
f 213 2034 215
f 215 2034 2272
f 2034 2294 2272
f 2272 2294 2273
f 2294 2295 2273
f 2295 2296 2273
f 2273 2296 2274
f 2296 2275 2274
f 2275 2297 2276
f 2297 2298 2276
f 2276 2298 2277
f 2298 2299 2277
f 2299 2278 2277
f 2278 2300 2279
f 2300 2301 2279
f 2279 2301 2280
f 2301 2302 2280
f 2280 2302 2269
f 2302 2281 2269
f 2281 2303 2282
f 2303 312 2282
f 312 311 2282
f 2044 2046 2049
f 2046 2283 2049
f 2283 2304 2284
f 2304 2305 2284
f 2305 2285 2284
f 2285 2306 2286
f 2306 2307 2286
f 2307 2287 2286
f 2287 2308 2288
f 2289 2309 2290
f 2309 2310 2290
f 2290 2310 2261
f 2310 2291 2261
f 2291 2311 2292
f 2311 2312 2292
f 2312 2293 2292
f 212 2313 2034
f 2313 2294 2034
f 2296 2314 2275
f 2275 2314 2297
f 2314 2315 2297
f 2297 2315 2298
f 2315 2299 2298
f 2299 2316 2278
f 2278 2316 2300
f 2316 2301 2300
f 2301 2317 2302
f 2317 2318 2302
f 2318 2319 2302
f 2302 2319 2281
f 2319 2303 2281
f 2303 317 312
f 2047 2320 2046
f 2046 2320 2283
f 2320 2304 2283
f 2304 2321 2305
f 2321 2322 2305
f 2305 2322 2285
f 2322 2306 2285
f 2306 2323 2307
f 2307 2323 2287
f 2323 2308 2287
f 2308 2324 2288
f 2288 2324 2289
f 2324 2309 2289
f 2309 2325 2310
f 2325 2326 2310
f 2326 2327 2310
f 2310 2327 2291
f 2327 2311 2291
f 2311 2328 2312
f 214 2313 212
f 2313 2329 2294
f 2294 2329 2295
f 2329 2330 2295
f 2295 2330 2296
f 2296 2330 2314
f 2330 2331 2314
f 2314 2331 2315
f 2331 2332 2315
f 2315 2332 2299
f 2299 2332 2316
f 2332 2333 2316
f 2316 2333 2301
f 2333 2317 2301
f 2318 2334 2319
f 2319 2334 2303
f 2334 313 2303
f 2303 313 317
f 2047 2335 2320
f 2335 2336 2320
f 2320 2336 2304
f 2336 2321 2304
f 2321 2337 2322
f 2322 2337 2306
f 2337 2338 2306
f 2306 2338 2323
f 2338 2339 2323
f 2323 2339 2308
f 2339 2340 2308
f 2308 2340 2324
f 2340 2341 2324
f 2324 2341 2309
f 2341 2325 2309
f 2326 2342 2327
f 2327 2342 2311
f 2342 2343 2311
f 2311 2343 2328
f 141 2344 214
f 214 2344 2313
f 2313 2344 2329
f 2344 2345 2329
f 2329 2345 2330
f 2345 2346 2330
f 2330 2346 2331
f 2346 2347 2331
f 2331 2347 2332
f 2347 2348 2332
f 2332 2348 2333
f 2348 2349 2333
f 2333 2349 2317
f 2349 2350 2317
f 2317 2350 2318
f 2350 2351 2318
f 2318 2351 2334
f 2351 2352 2334
f 2334 2352 313
f 2352 242 313
f 261 2353 2335
f 2335 2353 2336
f 2353 2354 2336
f 2336 2354 2321
f 2354 2355 2321
f 2321 2355 2337
f 2355 2356 2337
f 2337 2356 2338
f 2356 2357 2338
f 2338 2357 2339
f 2357 2358 2339
f 2339 2358 2340
f 2358 2359 2340
f 2340 2359 2341
f 2359 2360 2341
f 2341 2360 2325
f 2360 2361 2325
f 2325 2361 2326
f 2361 2362 2326
f 2326 2362 2342
f 2362 2363 2342
f 2342 2363 2343
f 2363 122 2343
f 2033 2364 141
f 141 2364 2344
f 2364 2365 2344
f 2344 2365 2345
f 2365 2366 2345
f 2345 2366 2346
f 2366 2367 2346
f 2346 2367 2347
f 2367 2368 2347
f 2347 2368 2348
f 2368 2369 2348
f 2348 2369 2349
f 2369 2370 2349
f 2349 2370 2350
f 2370 2371 2350
f 2350 2371 2351
f 2371 2035 2351
f 2351 2035 2352
f 2035 242 2352
f 261 2043 2353
f 2043 2372 2353
f 2353 2372 2354
f 2372 2373 2354
f 2354 2373 2355
f 2373 2374 2355
f 2355 2374 2356
f 2374 2375 2356
f 2356 2375 2357
f 2375 2376 2357
f 2357 2376 2358
f 2376 2377 2358
f 2358 2377 2359
f 2377 2378 2359
f 2359 2378 2360
f 2378 2379 2360
f 2360 2379 2361
f 2379 2380 2361
f 2361 2380 2362
f 2380 2023 2362
f 2362 2023 2363
f 2023 122 2363
f 251 2381 252
f 252 2381 254
f 2381 2041 254
f 2041 2382 256
f 256 2382 257
f 2382 258 257
f 2042 2383 260
f 260 2383 2043
f 2383 2384 2043
f 2043 2384 2372
f 2384 2385 2372
f 2372 2385 2373
f 2385 2386 2373
f 2373 2386 2374
f 2386 2387 2374
f 2374 2387 2375
f 2387 2388 2375
f 2375 2388 2376
f 2388 2389 2376
f 2376 2389 2377
f 2389 2390 2377
f 2377 2390 2378
f 2390 2391 2378
f 2378 2391 2379
f 2391 2392 2379
f 2379 2392 2380
f 2392 2393 2380
f 2380 2393 2023
f 2393 2024 2023
f 2025 2394 2026
f 2026 2394 2027
f 2394 2028 2027
f 2028 2395 128
f 128 2395 119
f 2395 2396 119
f 119 2396 120
f 2396 2397 120
f 120 2397 129
f 129 2397 130
f 2397 2029 130
f 2029 2398 133
f 133 2398 2030
f 2398 2399 2030
f 2030 2399 137
f 2399 2031 137
f 2031 2400 139
f 2400 2401 139
f 139 2401 2032
f 2401 2402 2032
f 2032 2402 2033
f 2402 2403 2033
f 2033 2403 2364
f 2403 2404 2364
f 2364 2404 2365
f 2404 2405 2365
f 2365 2405 2366
f 2405 2406 2366
f 2366 2406 2367
f 2406 2407 2367
f 2367 2407 2368
f 2407 2408 2368
f 2368 2408 2369
f 2408 2409 2369
f 2369 2409 2370
f 2409 2410 2370
f 2370 2410 2371
f 2410 2411 2371
f 2371 2411 2035
f 2411 2412 2035
f 2412 2036 2035
f 2036 2413 2037
f 2037 2413 2038
f 2413 2039 2038
f 2039 2414 248
f 248 2414 2040
f 2414 2415 2040
f 2040 2415 240
f 240 2415 250
f 2415 2416 250
f 250 2416 251
f 2416 2381 251
f 2416 2417 2381
f 2417 2418 2381
f 2381 2418 2041
f 2418 2419 2041
f 2041 2419 2382
f 2419 2420 2382
f 2382 2420 258
f 258 2420 2042
f 2420 2421 2042
f 2042 2421 2383
f 2383 2422 2384
f 2422 2423 2384
f 2384 2423 2385
f 2423 2424 2385
f 2385 2424 2386
f 2424 2425 2386
f 2386 2425 2387
f 2425 2426 2387
f 2387 2426 2388
f 2426 2427 2388
f 2388 2427 2389
f 2427 2428 2389
f 2389 2428 2390
f 2428 2429 2390
f 2390 2429 2391
f 2429 2430 2391
f 2391 2430 2392
f 2430 2431 2392
f 2392 2431 2393
f 2431 2432 2393
f 2393 2432 2024
f 2432 2433 2024
f 2024 2433 2025
f 2433 2434 2025
f 2025 2434 2394
f 2434 2435 2394
f 2394 2435 2028
f 2028 2435 2395
f 2435 2436 2395
f 2395 2436 2396
f 2436 2437 2396
f 2396 2437 2397
f 2437 2438 2397
f 2397 2438 2029
f 2438 2398 2029
f 2399 2400 2031
f 2400 2439 2401
f 2439 2440 2401
f 2401 2440 2402
f 2440 2441 2402
f 2402 2441 2403
f 2441 2442 2403
f 2403 2442 2404
f 2442 2443 2404
f 2404 2443 2405
f 2443 2444 2405
f 2405 2444 2406
f 2444 2445 2406
f 2406 2445 2407
f 2445 2446 2407
f 2407 2446 2408
f 2446 2447 2408
f 2408 2447 2409
f 2447 2448 2409
f 2409 2448 2410
f 2448 2449 2410
f 2410 2449 2411
f 2449 2450 2411
f 2450 2451 2411
f 2411 2451 2412
f 2412 2451 2036
f 2451 2452 2036
f 2036 2452 2413
f 2452 2453 2413
f 2413 2453 2039
f 2453 2454 2039
f 2039 2454 2414
f 2454 2455 2414
f 2455 2456 2414
f 2414 2456 2415
f 2456 2457 2415
f 2415 2457 2416
f 2457 2417 2416
f 2457 2458 2417
f 2458 2459 2417
f 2417 2459 2418
f 2459 2460 2418
f 2418 2460 2419
f 2460 2461 2419
f 2419 2461 2420
f 2461 2462 2420
f 2420 2462 2421
f 2462 2463 2421
f 2421 2463 2383
f 2383 2463 2422
f 2463 2464 2422
f 2422 2464 2423
f 2464 2465 2423
f 2423 2465 2424
f 2465 2466 2424
f 2424 2466 2425
f 2466 2467 2425
f 2425 2467 2426
f 2467 2468 2426
f 2426 2468 2427
f 2468 2469 2427
f 2427 2469 2428
f 2469 2470 2428
f 2428 2470 2429
f 2470 2471 2429
f 2429 2471 2430
f 2471 2472 2430
f 2430 2472 2431
f 2472 2473 2431
f 2431 2473 2432
f 2473 2474 2432
f 2432 2474 2433
f 2474 2475 2433
f 2433 2475 2434
f 2475 2476 2434
f 2434 2476 2435
f 2476 2477 2435
f 2435 2477 2436
f 2477 2478 2436
f 2436 2478 2437
f 2478 2479 2437
f 2437 2479 2438
f 2479 2480 2438
f 2438 2480 2398
f 2480 2481 2398
f 2398 2481 2399
f 2481 2482 2399
f 2399 2482 2400
f 2482 2439 2400
f 2439 2483 2440
f 2483 2484 2440
f 2440 2484 2441
f 2484 2485 2441
f 2441 2485 2442
f 2485 2486 2442
f 2442 2486 2443
f 2486 2487 2443
f 2443 2487 2444
f 2487 2488 2444
f 2444 2488 2445
f 2488 2489 2445
f 2445 2489 2446
f 2489 2490 2446
f 2446 2490 2447
f 2490 2491 2447
f 2447 2491 2448
f 2491 2492 2448
f 2448 2492 2449
f 2492 2493 2449
f 2449 2493 2450
f 2493 2494 2450
f 2450 2494 2451
f 2494 2495 2451
f 2451 2495 2452
f 2495 2496 2452
f 2452 2496 2453
f 2496 2497 2453
f 2453 2497 2454
f 2497 2498 2454
f 2454 2498 2455
f 2455 2499 2456
f 2456 2499 2457
f 2499 2458 2457
f 2458 2500 2459
f 2500 2501 2459
f 2459 2501 2460
f 2501 2502 2460
f 2460 2502 2461
f 2502 2503 2461
f 2461 2503 2462
f 2503 2504 2462
f 2462 2504 2463
f 2504 2505 2463
f 2463 2505 2464
f 2505 2506 2464
f 2464 2506 2465
f 2506 2507 2465
f 2465 2507 2466
f 2507 2508 2466
f 2466 2508 2467
f 2508 2509 2467
f 2467 2509 2468
f 2509 2510 2468
f 2468 2510 2469
f 2510 2511 2469
f 2469 2511 2470
f 2511 2512 2470
f 2470 2512 2471
f 2512 2513 2471
f 2471 2513 2472
f 2513 1809 2472
f 2472 1809 2473
f 1809 2514 2473
f 2473 2514 2474
f 2514 2515 2474
f 2474 2515 2475
f 2515 2516 2475
f 2475 2516 2476
f 2516 2517 2476
f 2476 2517 2477
f 2517 2518 2477
f 2477 2518 2478
f 2518 2519 2478
f 2478 2519 2479
f 2519 2520 2479
f 2479 2520 2480
f 2520 2521 2480
f 2480 2521 2481
f 2521 2522 2481
f 2481 2522 2482
f 2522 2523 2482
f 2482 2523 2439
f 2523 2483 2439
f 2483 1880 2484
f 2484 1880 2485
f 1880 2524 2485
f 2485 2524 2486
f 2524 2525 2486
f 2486 2525 2487
f 2525 2526 2487
f 2487 2526 2488
f 2526 2527 2488
f 2488 2527 2489
f 2527 2528 2489
f 2489 2528 2490
f 2528 2529 2490
f 2490 2529 2491
f 2529 2530 2491
f 2491 2530 2492
f 2530 2531 2492
f 2492 2531 2493
f 2531 2532 2493
f 2493 2532 2494
f 2532 2533 2494
f 2494 2533 2495
f 2533 2534 2495
f 2495 2534 2496
f 2534 2535 2496
f 2496 2535 2497
f 2535 2536 2497
f 2497 2536 2498
f 2536 2537 2498
f 2498 2537 2455
f 2455 2537 2499
f 2537 2538 2499
f 2499 2538 2458
f 2538 2500 2458
f 2538 1844 2500
f 1844 1841 2500
f 2500 1841 2501
f 1841 1839 2501
f 2501 1839 2502
f 1839 1834 2502
f 2502 1834 2503
f 1834 1831 2503
f 2503 1831 2504
f 1831 1830 2504
f 1830 1828 2504
f 2504 1828 2505
f 1828 1826 2505
f 2505 1826 2506
f 1826 1822 2506
f 2506 1822 2507
f 1822 1821 2507
f 1821 1818 2507
f 2507 1818 2508
f 1818 1817 2508
f 1817 1815 2508
f 2508 1815 2509
f 1815 1813 2509
f 2509 1813 2510
f 1813 1812 2510
f 2510 1812 2511
f 1812 2539 2511
f 2539 2540 2511
f 2511 2540 2512
f 2540 2541 2512
f 2512 2541 2513
f 2541 1811 2513
f 1811 1809 2513
f 1809 1808 2514
f 1808 1806 2514
f 1806 1805 2514
f 2514 1805 2515
f 1805 1802 2515
f 2515 1802 2516
f 1802 1800 2516
f 2516 1800 2517
f 1800 1798 2517
f 1798 1796 2517
f 2517 1796 2518
f 1796 1795 2518
f 2518 1795 2519
f 1795 1895 2519
f 2519 1895 2520
f 1895 1891 2520
f 2520 1891 2521
f 1891 1889 2521
f 1889 1887 2521
f 2521 1887 2522
f 1887 1885 2522
f 1885 1883 2522
f 2522 1883 2523
f 1883 1882 2523
f 1882 1792 2523
f 2523 1792 2483
f 1792 1880 2483
f 1880 1879 2524
f 1879 2542 2524
f 2542 2543 2524
f 2524 2543 2525
f 2543 1878 2525
f 1878 1875 2525
f 2525 1875 2526
f 1875 1874 2526
f 1874 1873 2526
f 2526 1873 2527
f 1873 1871 2527
f 2527 1871 2528
f 1871 1870 2528
f 1870 2544 2528
f 2528 2544 2529
f 2544 2545 2529
f 2545 1868 2529
f 2529 1868 2530
f 1868 1867 2530
f 1867 1865 2530
f 2530 1865 2531
f 1865 1863 2531
f 2531 1863 2532
f 1863 1859 2532
f 2532 1859 2533
f 1859 1857 2533
f 2533 1857 2534
f 1857 1855 2534
f 2534 1855 2535
f 1855 1852 2535
f 2535 1852 2536
f 1852 1850 2536
f 2536 1850 2537
f 1850 1848 2537
f 2537 1848 2538
f 1848 1844 2538
f 2546 2547 2548
f 2547 2549 2548
f 2548 2549 2550
f 2549 2551 2550
f 2550 2551 2552
f 2551 2553 2552
f 2552 2553 2554
f 2553 2555 2554
f 2554 2555 2556
f 2555 2557 2556
f 2556 2557 2558
f 2557 2559 2558
f 2558 2559 2560
f 2559 2561 2560
f 2560 2561 2562
f 2561 2563 2562
f 2562 2563 2564
f 2563 2565 2564
f 2564 2565 2566
f 2565 2567 2566
f 2566 2567 2568
f 2567 2569 2568
f 2568 2569 2570
f 2569 2571 2570
f 2570 2571 2572
f 2571 2573 2572
f 2572 2573 2574
f 2573 2575 2574
f 2574 2575 2576
f 2575 2577 2576
f 2576 2577 2578
f 2577 2579 2578
f 2578 2579 2580
f 2579 2581 2580
f 2580 2581 2582
f 2581 2583 2582
f 2582 2583 2584
f 2583 2585 2584
f 2584 2585 2586
f 2585 2587 2586
f 2586 2587 2588
f 2587 2589 2588
f 2588 2589 2590
f 2589 2591 2590
f 2590 2591 2592
f 2591 2593 2592
f 2592 2593 2594
f 2593 2595 2594
f 2594 2595 2596
f 2595 2597 2596
f 2596 2597 2598
f 2597 2599 2598
f 2598 2599 2600
f 2599 2601 2600
f 2600 2601 2602
f 2601 2603 2602
f 2602 2603 2604
f 2603 2605 2604
f 2604 2605 2606
f 2605 2607 2606
f 2606 2607 2608
f 2607 2609 2608
f 2608 2609 2610
f 2609 2611 2610
f 2610 2611 2612
f 2611 2613 2612
f 2612 2613 2614
f 2613 2615 2614
f 2614 2615 2616
f 2615 2617 2616
f 2616 2617 2618
f 2617 2619 2618
f 2618 2619 2620
f 2619 2621 2620
f 2620 2621 2622
f 2621 2623 2622
f 2622 2623 2624
f 2623 2625 2624
f 2624 2625 2626
f 2625 2627 2626
f 2626 2627 2628
f 2627 2629 2628
f 2628 2629 2630
f 2629 2631 2630
f 2630 2631 2632
f 2631 2633 2632
f 2632 2633 2634
f 2633 2635 2634
f 2634 2635 2636
f 2635 2637 2636
f 2636 2637 2638
f 2637 2639 2638
f 2638 2639 2640
f 2639 2641 2640
f 2640 2641 2642
f 2641 2643 2642
f 2642 2643 2644
f 2643 2645 2644
f 2644 2645 2646
f 2645 2647 2646
f 2646 2647 2648
f 2647 2649 2648
f 2648 2649 2650
f 2649 2651 2650
f 2650 2651 2652
f 2651 2653 2652
f 2652 2653 2654
f 2653 2655 2654
f 2654 2655 2656
f 2655 2657 2656
f 2656 2657 2658
f 2657 2659 2658
f 2658 2659 2660
f 2659 2661 2660
f 2660 2661 2662
f 2661 2663 2662
f 2662 2663 2664
f 2663 2665 2664
f 2664 2665 2666
f 2665 2667 2666
f 2666 2667 2668
f 2667 2669 2668
f 2668 2669 2670
f 2669 2671 2670
f 2670 2671 2672
f 2671 2673 2672
f 2672 2673 2674
f 2673 2675 2674
f 2674 2675 2676
f 2675 2677 2676
f 2676 2677 2678
f 2677 2679 2678
f 2678 2679 2680
f 2679 2681 2680
f 2680 2681 2682
f 2681 2683 2682
f 2682 2683 2684
f 2683 2685 2684
f 2684 2685 2686
f 2685 2687 2686
f 2686 2687 2688
f 2687 2689 2688
f 2688 2689 2546
f 2689 2547 2546
f 2690 2691 2692
f 2693 2694 2695
f 2696 2697 2698
f 2699 2700 2701
f 2702 2703 2704
f 2704 2703 2705
f 2702 2704 2706
f 2704 2707 2706
f 2706 2707 2708
f 2707 2709 2708
f 2709 2710 2708
f 2710 2709 2711
f 2709 2712 2711
f 2711 2712 2713
f 2712 2714 2713
f 2715 2716 2714
f 2717 2718 2715
f 2718 2716 2715
f 2717 2719 2720
f 2699 2721 2700
f 2700 2721 2722
f 2723 2724 2725
f 2725 2724 2726
f 2726 2697 2727
f 2696 2727 2697
f 2728 2696 2698
f 2728 2698 2729
f 2698 2730 2729
f 2729 2730 2731
f 2732 2733 2734
f 2734 2733 2730
f 2733 2731 2730
f 2732 2734 2735
f 2734 2736 2735
f 2735 2736 2737
f 2736 2738 2737
f 2737 2738 2739
f 2739 2738 2740
f 2738 2741 2740
f 2740 2741 2742
f 2742 2741 2743
f 2741 2744 2743
f 2743 2744 2745
f 2746 2747 2748
f 2748 2749 2746
f 2749 2750 2746
f 2746 2750 2744
f 2750 2745 2744
f 2751 2752 2753
f 2753 2752 2747
f 2752 2748 2747
f 2754 2755 2756
f 2756 2755 2753
f 2755 2751 2753
f 2754 2756 2757
f 2756 2758 2757
f 2757 2758 2759
f 2760 2761 2762
f 2762 2759 2758
f 2763 2761 2760
f 2760 2764 2763
f 2764 2765 2763
f 2766 2767 2768
f 2768 2767 2769
f 2770 2771 2769
f 2772 2773 2770
f 2773 2771 2770
f 2774 2775 2776
f 2775 2777 2776
f 2776 2777 2772
f 2777 2773 2772
f 2778 2779 2780
f 2780 2779 2774
f 2778 2780 2781
f 2780 2782 2781
f 2781 2782 2783
f 2782 2784 2783
f 2783 2784 2785
f 2786 2787 2788
f 2788 2785 2784
f 2789 2790 2791
f 2791 2790 2786
f 2790 2787 2786
f 2789 2791 2792
f 2791 2793 2792
f 2792 2793 2794
f 2794 2793 2795
f 2793 2796 2795
f 2795 2796 2797
f 2798 2799 2796
f 2799 2800 2796
f 2796 2800 2797
f 2703 2801 2705
f 2705 2801 2798
f 2801 2802 2798
f 2802 2799 2798
f 2803 2804 2805
f 2806 2805 2804
f 2807 2806 2804
f 2808 2807 2809
f 2809 2807 2810
f 2807 2804 2810
f 2808 2809 2811
f 2809 2812 2811
f 2813 2814 2812
f 2814 2815 2812
f 2812 2815 2811
f 2813 2816 2814
f 2817 2818 2816
f 2819 2820 2817
f 2820 2818 2817
f 2819 2821 2822
f 2822 2821 2823
f 2694 2693 2821
f 2693 2823 2821
f 2824 2825 2695
f 2695 2825 2693
f 2824 2695 2826
f 2695 2827 2826
f 2826 2827 2828
f 2829 2830 2827
f 2830 2828 2827
f 2831 2832 2829
f 2829 2832 2830
f 2831 2833 2834
f 2834 2833 2835
f 2836 2837 2833
f 2837 2835 2833
f 2838 2839 2836
f 2839 2837 2836
f 2838 2840 2841
f 2840 2842 2841
f 2841 2842 2843
f 2842 2691 2843
f 2690 2843 2691
f 2692 2844 2690
f 2845 2844 2692
f 2845 2846 2847
f 2847 2846 2848
f 2846 2849 2848
f 2848 2849 2850
f 2850 2849 2851
f 2852 2853 2854
f 2854 2855 2852
f 2852 2855 2851
f 2856 2857 2858
f 2858 2857 2853
f 2857 2859 2853
f 2853 2859 2854
f 2858 2860 2856
f 2856 2860 2861
f 2862 2861 2860
f 2863 2864 2865
f 2866 2867 2868
f 2868 2867 2864
f 2867 2865 2864
f 2866 2868 2869
f 2868 2870 2869
f 2869 2870 2871
f 2870 2872 2871
f 2872 2873 2874
f 2875 2876 2877
f 2876 2878 2877
f 2877 2878 2873
f 2878 2874 2873
f 2875 2879 2880
f 2880 2879 2881
f 2879 2882 2881
f 2882 2883 2884
f 2885 2886 2887
f 2887 2886 2883
f 2886 2888 2883
f 2883 2888 2884
f 2885 2887 2889
f 2889 2890 2891
f 2890 2892 2893
f 2894 2895 2896
f 2895 2897 2896
f 2896 2897 2892
f 2897 2893 2892
f 2898 2899 2894
f 2899 2900 2894
f 2894 2900 2895
f 2901 2902 2903
f 2903 2902 2898
f 2902 2904 2898
f 2898 2904 2899
f 2805 2905 2803
f 2905 2906 2803
f 2803 2906 2901
f 2906 2902 2901
f 36 2907 37
f 8 2908 78
f 2908 2909 78
f 2909 2910 78
f 78 2910 79
f 79 2910 80
f 2910 2911 80
f 80 2911 81
f 2912 82 2911
f 82 81 2911
f 83 82 2912
f 77 2913 84
f 85 84 2913
f 89 88 2914
f 2914 88 87
f 89 2914 90
f 2914 91 90
f 91 2915 92
f 2915 93 92
f 93 2916 94
f 94 2916 95
f 2917 96 2916
f 96 95 2916
f 32 96 2918
f 2918 96 2917
f 30 28 2919
f 28 27 2919
f 36 30 2920
f 2921 2922 145
f 145 2922 146
f 2922 2923 146
f 2923 147 146
f 2924 153 152
f 155 153 2924
f 157 2925 158
f 2925 159 158
f 159 2926 160
f 161 160 2926
f 162 161 2927
f 2928 2929 2930
f 2929 2931 2930
f 2932 2928 2933
f 2932 2934 187
f 2935 2936 2827
f 2827 2936 2829
f 2936 2937 2829
f 2829 2937 2831
f 2937 2938 2831
f 2831 2938 2833
f 2938 2939 2833
f 2833 2939 2836
f 2939 2940 2836
f 2836 2940 2838
f 2940 2840 2838
f 2840 2941 2842
f 2842 2941 2691
f 2941 2942 2691
f 2691 2942 2692
f 2942 2943 2692
f 2692 2943 2845
f 2943 2944 2845
f 2845 2944 2846
f 2944 2945 2846
f 2846 2945 2849
f 2945 2946 2849
f 2946 2947 2849
f 2849 2947 2851
f 2947 2948 2851
f 2851 2948 2852
f 2852 2948 2853
f 2948 2949 2853
f 2853 2949 2858
f 2949 2950 2858
f 2858 2950 2860
f 2950 2951 2860
f 2860 2951 2862
f 2951 2952 2862
f 2862 2952 2953
f 2953 2952 2863
f 2952 2954 2863
f 2863 2954 2864
f 2864 2954 2868
f 2954 2955 2868
f 2955 2956 2868
f 2868 2956 2870
f 2870 2956 2872
f 2956 2957 2872
f 2872 2957 2873
f 2873 2957 2877
f 2957 2958 2877
f 2877 2958 2875
f 2875 2958 2879
f 2958 2959 2879
f 2879 2959 2882
f 2882 2959 2883
f 2959 2960 2883
f 2883 2960 2887
f 2960 2961 2887
f 2887 2961 2889
f 2961 2962 2889
f 2889 2962 2890
f 2890 2962 2892
f 2962 2963 2892
f 2892 2963 2896
f 2963 2964 2896
f 2896 2964 2894
f 2964 2965 2894
f 2894 2965 2898
f 2965 2966 2898
f 2898 2966 2903
f 2966 2967 2903
f 2903 2967 2901
f 2967 2968 2901
f 2901 2968 2803
f 2968 2969 2803
f 2803 2969 2804
f 2969 2970 2804
f 2804 2970 2810
f 2970 2971 2810
f 2810 2971 2809
f 2971 2972 2809
f 2809 2972 2812
f 2972 2973 2812
f 2812 2973 2813
f 2973 2974 2813
f 2813 2974 2816
f 2974 2975 2816
f 2816 2975 2817
f 2975 2976 2817
f 2817 2976 2819
f 2976 2977 2819
f 2819 2977 2821
f 2977 2978 2821
f 2821 2978 2694
f 2978 2979 2694
f 2694 2979 2695
f 2979 2980 2695
f 2695 2980 2827
f 2980 2935 2827
f 2980 2981 2935
f 2981 2982 2935
f 2935 2982 2936
f 2982 2983 2936
f 2936 2983 2937
f 2983 2984 2937
f 2937 2984 2938
f 2984 2985 2938
f 2938 2985 2939
f 2985 2986 2939
f 2939 2986 2940
f 2986 2987 2940
f 2940 2987 2840
f 2987 2988 2840
f 2840 2988 2941
f 2988 2989 2941
f 2941 2989 2942
f 2989 2990 2942
f 2942 2990 2943
f 2990 2991 2943
f 2943 2991 2944
f 2991 2992 2944
f 2944 2992 2945
f 2992 2993 2945
f 2945 2993 2946
f 2993 2947 2946
f 2947 2994 2948
f 2994 2995 2948
f 2948 2995 2949
f 2995 2996 2949
f 2949 2996 2950
f 2996 2997 2950
f 2950 2997 2951
f 2997 2998 2951
f 2951 2998 2952
f 2998 2999 2952
f 2952 2999 2954
f 2999 3000 2954
f 2954 3000 2955
f 3000 3001 2955
f 2955 3001 2956
f 3001 3002 2956
f 2956 3002 2957
f 3002 3003 2957
f 2957 3003 2958
f 3003 3004 2958
f 2958 3004 2959
f 3004 3005 2959
f 2959 3005 2960
f 3005 3006 2960
f 2960 3006 2961
f 3006 3007 2961
f 2961 3007 2962
f 3007 3008 2962
f 2962 3008 2963
f 3008 3009 2963
f 2963 3009 2964
f 3009 3010 2964
f 2964 3010 2965
f 3010 3011 2965
f 2965 3011 2966
f 3011 3012 2966
f 2966 3012 2967
f 3012 3013 2967
f 2967 3013 2968
f 3013 3014 2968
f 2968 3014 2969
f 3014 3015 2969
f 2969 3015 2970
f 3015 3016 2970
f 2970 3016 2971
f 3016 3017 2971
f 2971 3017 2972
f 3017 3018 2972
f 2972 3018 2973
f 3018 3019 2973
f 2973 3019 2974
f 3019 3020 2974
f 2974 3020 2975
f 3020 3021 2975
f 2975 3021 2976
f 3021 3022 2976
f 2976 3022 2977
f 3022 3023 2977
f 2977 3023 2978
f 3023 3024 2978
f 2978 3024 2979
f 3024 3025 2979
f 2979 3025 2980
f 3025 2981 2980
f 2981 3026 2982
f 3026 3027 2982
f 2982 3027 2983
f 3027 3028 2983
f 2983 3028 2984
f 3028 3029 2984
f 2984 3029 2985
f 3029 3030 2985
f 2985 3030 2986
f 3030 3031 2986
f 2986 3031 2987
f 3031 3032 2987
f 2987 3032 2988
f 3032 3033 2988
f 2988 3033 2989
f 3033 3034 2989
f 2989 3034 2990
f 3034 3035 2990
f 2990 3035 2991
f 3035 3036 2991
f 2991 3036 2992
f 3036 3037 2992
f 2992 3037 2993
f 3037 3038 2993
f 2993 3038 2947
f 3038 2994 2947
f 2994 3039 2995
f 3039 3040 2995
f 2995 3040 2996
f 3040 3041 2996
f 2996 3041 2997
f 3041 3042 2997
f 2997 3042 2998
f 3042 3043 2998
f 2998 3043 2999
f 3043 3044 2999
f 2999 3044 3000
f 3044 3045 3000
f 3000 3045 3001
f 3045 3046 3001
f 3001 3046 3002
f 3046 3047 3002
f 3002 3047 3003
f 3047 3048 3003
f 3003 3048 3004
f 3048 3049 3004
f 3004 3049 3005
f 3049 3050 3005
f 3005 3050 3006
f 3050 3051 3006
f 3006 3051 3007
f 3051 3052 3007
f 3007 3052 3008
f 3052 3053 3008
f 3008 3053 3009
f 3053 3054 3009
f 3009 3054 3010
f 3054 3055 3010
f 3010 3055 3011
f 3055 3056 3011
f 3011 3056 3012
f 3056 3057 3012
f 3012 3057 3013
f 3057 3058 3013
f 3013 3058 3014
f 3058 3059 3014
f 3014 3059 3015
f 3059 3060 3015
f 3015 3060 3016
f 3060 3061 3016
f 3016 3061 3017
f 3061 3062 3017
f 3017 3062 3018
f 3062 3063 3018
f 3018 3063 3019
f 3063 3064 3019
f 3019 3064 3020
f 3064 3065 3020
f 3020 3065 3021
f 3065 3066 3021
f 3021 3066 3022
f 3066 3067 3022
f 3022 3067 3023
f 3067 3068 3023
f 3023 3068 3024
f 3068 3069 3024
f 3024 3069 3025
f 3069 3070 3025
f 3025 3070 2981
f 3070 3026 2981
f 3070 3071 3026
f 3071 3072 3026
f 3026 3072 3027
f 3072 3073 3027
f 3027 3073 3028
f 3073 3074 3028
f 3028 3074 3029
f 3074 3075 3029
f 3029 3075 3030
f 3075 3076 3030
f 3030 3076 3031
f 3076 3077 3031
f 3031 3077 3032
f 3077 3078 3032
f 3032 3078 3033
f 3078 3079 3033
f 3033 3079 3034
f 3079 3080 3034
f 3034 3080 3035
f 3080 3081 3035
f 3035 3081 3036
f 3081 3082 3036
f 3036 3082 3037
f 3082 3083 3037
f 3037 3083 3038
f 3083 3084 3038
f 3038 3084 2994
f 3084 3039 2994
f 3039 3085 3040
f 3085 3086 3040
f 3040 3086 3041
f 3086 3087 3041
f 3041 3087 3042
f 3087 3088 3042
f 3042 3088 3043
f 3088 3089 3043
f 3043 3089 3044
f 3089 3090 3044
f 3044 3090 3045
f 3090 3091 3045
f 3045 3091 3046
f 3091 3092 3046
f 3046 3092 3047
f 3092 3093 3047
f 3047 3093 3048
f 3093 3094 3048
f 3048 3094 3049
f 3094 3095 3049
f 3049 3095 3050
f 3095 3096 3050
f 3050 3096 3051
f 3096 3097 3051
f 3051 3097 3052
f 3097 3098 3052
f 3052 3098 3053
f 3098 3099 3053
f 3053 3099 3054
f 3099 3100 3054
f 3054 3100 3055
f 3100 3101 3055
f 3055 3101 3056
f 3101 3102 3056
f 3056 3102 3057
f 3102 3103 3057
f 3057 3103 3058
f 3103 3104 3058
f 3058 3104 3059
f 3104 3105 3059
f 3059 3105 3060
f 3105 3106 3060
f 3060 3106 3061
f 3106 3107 3061
f 3061 3107 3062
f 3107 3108 3062
f 3062 3108 3063
f 3108 3109 3063
f 3063 3109 3064
f 3109 3110 3064
f 3064 3110 3065
f 3110 3111 3065
f 3065 3111 3066
f 3111 3112 3066
f 3066 3112 3067
f 3112 3113 3067
f 3067 3113 3068
f 3113 3114 3068
f 3068 3114 3069
f 3114 3115 3069
f 3069 3115 3070
f 3115 3071 3070
f 3115 3116 3071
f 3116 3117 3071
f 3071 3117 3072
f 3117 3118 3072
f 3118 3119 3072
f 3072 3119 3073
f 3119 3120 3073
f 3073 3120 3074
f 3120 3121 3074
f 3074 3121 3075
f 3121 3122 3075
f 3075 3122 3076
f 3122 3123 3076
f 3076 3123 3077
f 3123 3124 3077
f 3077 3124 3078
f 3124 3125 3078
f 3078 3125 3079
f 3125 3126 3079
f 3079 3126 3080
f 3126 3127 3080
f 3080 3127 3081
f 3127 3128 3081
f 3081 3128 3082
f 3128 3129 3082
f 3082 3129 3083
f 3129 3130 3083
f 3083 3130 3084
f 3130 3131 3084
f 3084 3131 3039
f 3131 3085 3039
f 3085 3132 3086
f 3132 3133 3086
f 3086 3133 3087
f 3133 3134 3087
f 3087 3134 3088
f 3134 3135 3088
f 3088 3135 3089
f 3135 3136 3089
f 3089 3136 3090
f 3136 3137 3090
f 3090 3137 3091
f 3137 3138 3091
f 3091 3138 3092
f 3138 3139 3092
f 3092 3139 3093
f 3139 3140 3093
f 3140 3141 3093
f 3093 3141 3094
f 3141 3142 3094
f 3094 3142 3095
f 3142 3143 3095
f 3095 3143 3096
f 3143 3144 3096
f 3096 3144 3097
f 3144 3145 3097
f 3097 3145 3098
f 3145 3146 3098
f 3098 3146 3099
f 3146 3147 3099
f 3099 3147 3100
f 3147 3148 3100
f 3100 3148 3101
f 3148 3149 3101
f 3101 3149 3102
f 3149 3150 3102
f 3102 3150 3103
f 3150 3151 3103
f 3103 3151 3104
f 3151 3152 3104
f 3104 3152 3105
f 3152 3153 3105
f 3105 3153 3106
f 3153 3154 3106
f 3106 3154 3107
f 3154 3155 3107
f 3107 3155 3108
f 3155 3156 3108
f 3108 3156 3109
f 3156 3157 3109
f 3157 3158 3109
f 3109 3158 3110
f 3158 3159 3110
f 3110 3159 3111
f 3159 3160 3111
f 3111 3160 3112
f 3160 3161 3112
f 3112 3161 3113
f 3161 3162 3113
f 3113 3162 3114
f 3162 3163 3114
f 3114 3163 3115
f 3163 3116 3115
f 197 193 3116
f 3116 193 3117
f 193 192 3117
f 3117 192 3118
f 192 191 3118
f 3118 191 3119
f 191 190 3119
f 3119 190 3120
f 190 189 3120
f 3120 189 3121
f 189 188 3121
f 3121 188 3122
f 188 187 3122
f 3122 187 3123
f 187 2934 3123
f 2934 3164 3123
f 3123 3164 3124
f 3124 3165 3125
f 3125 3165 3126
f 3165 3166 3126
f 3126 3166 3127
f 3166 3167 3127
f 3127 3167 3128
f 3167 3168 3128
f 3128 3168 3129
f 3168 3169 3129
f 3129 3169 3130
f 3169 3170 3130
f 3130 3170 3131
f 3170 3171 3131
f 3131 3171 3085
f 3171 3132 3085
f 3132 13 3133
f 13 56 3133
f 3133 56 3134
f 56 55 3134
f 3134 55 3135
f 55 54 3135
f 3135 54 3136
f 54 53 3136
f 3136 53 3137
f 53 52 3137
f 52 51 3137
f 3137 51 3138
f 51 49 3138
f 49 48 3138
f 3138 48 3139
f 48 50 3139
f 3139 50 3140
f 50 47 3140
f 3140 47 3141
f 47 46 3141
f 46 45 3141
f 3141 45 3142
f 45 44 3142
f 3142 44 3143
f 44 43 3143
f 43 42 3143
f 3143 42 3144
f 42 37 3144
f 3144 37 3145
f 37 2907 3145
f 2907 3146 3145
f 3146 3172 3147
f 3172 3173 3147
f 3147 3173 3148
f 3173 3174 3148
f 3148 3174 3149
f 3174 3175 3149
f 3149 3175 3150
f 3175 3176 3150
f 3150 3176 3151
f 3176 3177 3151
f 3151 3177 3152
f 3177 3178 3152
f 3152 3178 3153
f 3178 3179 3153
f 3153 3179 3154
f 3179 3180 3154
f 3154 3180 3155
f 3180 3181 3155
f 3155 3181 3156
f 3181 205 3156
f 3156 205 3157
f 205 204 3157
f 3157 204 3158
f 204 203 3158
f 3158 203 3159
f 203 202 3159
f 3159 202 3160
f 202 201 3160
f 201 200 3160
f 3160 200 3161
f 200 199 3161
f 3161 199 3162
f 199 198 3162
f 198 195 3162
f 3162 195 3163
f 195 194 3163
f 3163 194 3116
f 194 197 3116
f 36 2920 2907
f 2920 3182 2907
f 2907 3182 3146
f 3146 3182 3172
f 3182 3183 3172
f 3172 3183 3173
f 3183 3184 3173
f 3173 3184 3174
f 3184 3185 3174
f 3174 3185 3175
f 3185 3186 3175
f 3175 3186 3176
f 3186 3187 3176
f 3176 3187 3177
f 3187 3188 3177
f 3177 3188 3178
f 3188 3189 3178
f 3178 3189 3179
f 3189 3190 3179
f 3179 3190 3180
f 3190 3191 3180
f 3180 3191 3181
f 3191 216 3181
f 3181 216 205
f 2932 2933 2934
f 2933 3164 2934
f 3164 3192 3124
f 3192 3193 3124
f 3124 3193 3165
f 3193 3194 3165
f 3165 3194 3166
f 3194 3195 3166
f 3166 3195 3167
f 3195 3196 3167
f 3167 3196 3168
f 3196 3197 3168
f 3197 3198 3168
f 3168 3198 3169
f 3198 3199 3169
f 3169 3199 3170
f 3199 3200 3170
f 3170 3200 3171
f 3200 3201 3171
f 3171 3201 3132
f 3201 14 3132
f 3132 14 13
f 30 2919 2920
f 2919 3202 2920
f 2920 3202 3182
f 3202 3203 3182
f 3203 3183 3182
f 3183 3204 3184
f 3204 3205 3184
f 3205 3185 3184
f 3185 3206 3186
f 3206 3207 3186
f 3186 3207 3187
f 3189 3208 3190
f 3208 3209 3190
f 3209 3191 3190
f 3191 217 216
f 2928 2930 2933
f 2930 3210 2933
f 2933 3210 3164
f 3210 3192 3164
f 3192 3211 3193
f 3211 3212 3193
f 3193 3212 3194
f 3212 3213 3194
f 3213 3214 3194
f 3194 3214 3195
f 3214 3215 3195
f 3195 3215 3196
f 3215 3197 3196
f 3197 3216 3198
f 3216 3217 3198
f 3198 3217 3199
f 3200 3218 3201
f 3218 3219 3201
f 3219 20 3201
f 3201 20 14
f 27 3220 2919
f 3220 3202 2919
f 3202 3221 3203
f 3221 3222 3203
f 3203 3222 3183
f 3222 3204 3183
f 3204 3223 3205
f 3223 3224 3205
f 3205 3224 3185
f 3224 3206 3185
f 3207 3225 3187
f 3225 3226 3187
f 3187 3226 3188
f 3188 3226 3189
f 3226 3208 3189
f 3208 3227 3209
f 3227 3228 3209
f 3209 3228 3191
f 3191 3228 217
f 3228 210 217
f 2931 3229 2930
f 2930 3229 3210
f 3229 3230 3210
f 3210 3230 3192
f 3230 3211 3192
f 3212 3231 3213
f 3213 3231 3214
f 3214 3232 3215
f 3232 3233 3215
f 3215 3233 3197
f 3233 3216 3197
f 3216 3234 3217
f 3217 3235 3199
f 3199 3235 3200
f 3235 3218 3200
f 3218 3236 3219
f 3236 1 3219
f 3219 1 20
f 27 33 3220
f 33 3237 3220
f 3220 3237 3202
f 3237 3221 3202
f 3221 3238 3222
f 3222 3238 3204
f 3238 3223 3204
f 3223 3239 3224
f 3239 3240 3224
f 3224 3240 3206
f 3240 3241 3206
f 3206 3241 3207
f 3241 3225 3207
f 3225 3242 3226
f 3242 3243 3226
f 3226 3243 3208
f 3243 3227 3208
f 3227 3244 3228
f 3244 211 3228
f 211 210 3228
f 2931 3245 3229
f 3245 3246 3229
f 3229 3246 3230
f 3246 3247 3230
f 3230 3247 3211
f 3211 3247 3212
f 3247 3248 3212
f 3212 3248 3231
f 3248 3249 3231
f 3231 3249 3214
f 3249 3232 3214
f 3232 3250 3233
f 3233 3250 3216
f 3250 3234 3216
f 3234 3251 3217
f 3217 3251 3235
f 3251 3252 3235
f 3235 3252 3218
f 3252 3236 3218
f 3236 2 1
f 32 3253 33
f 3253 3237 33
f 3237 3254 3221
f 3221 3254 3238
f 3254 3255 3238
f 3238 3255 3223
f 3255 3239 3223
f 3239 3256 3240
f 3240 3256 3241
f 3256 3257 3241
f 3241 3257 3225
f 3257 3258 3225
f 3225 3258 3242
f 3258 3259 3242
f 3242 3259 3243
f 3259 3260 3243
f 3243 3260 3227
f 3260 3244 3227
f 3244 2921 211
f 2921 145 211
f 162 3261 3245
f 3245 3261 3246
f 3261 3262 3246
f 3246 3262 3247
f 3262 3263 3247
f 3247 3263 3248
f 3263 3264 3248
f 3248 3264 3249
f 3264 3265 3249
f 3249 3265 3232
f 3265 3266 3232
f 3232 3266 3250
f 3266 3267 3250
f 3250 3267 3234
f 3267 3268 3234
f 3234 3268 3251
f 3268 3269 3251
f 3251 3269 3252
f 3269 3270 3252
f 3252 3270 3236
f 3236 3270 2
f 3270 8 2
f 2918 3253 32
f 3253 3271 3237
f 3237 3271 3254
f 3271 3272 3254
f 3254 3272 3255
f 3272 3273 3255
f 3255 3273 3239
f 3273 3256 3239
f 3256 3274 3257
f 3274 3275 3257
f 3257 3275 3258
f 3275 3276 3258
f 3258 3276 3259
f 3276 3277 3259
f 3259 3277 3260
f 3277 3278 3260
f 3260 3278 3244
f 3278 2921 3244
f 162 2927 3261
f 2927 3279 3261
f 3261 3279 3262
f 3279 3280 3262
f 3262 3280 3263
f 3280 3281 3263
f 3263 3281 3264
f 3281 3282 3264
f 3264 3282 3265
f 3282 3283 3265
f 3265 3283 3266
f 3283 3284 3266
f 3266 3284 3267
f 3284 3285 3267
f 3267 3285 3268
f 3285 3286 3268
f 3268 3286 3269
f 3286 3287 3269
f 3269 3287 3270
f 3287 2908 3270
f 2908 8 3270
f 2924 3288 155
f 155 3288 156
f 3288 3289 156
f 156 3289 157
f 3289 2925 157
f 2925 3290 159
f 3290 2926 159
f 2926 3291 161
f 161 3291 2927
f 3291 3292 2927
f 3292 3293 2927
f 2927 3293 3279
f 3293 3294 3279
f 3279 3294 3280
f 3294 3295 3280
f 3280 3295 3281
f 3295 3296 3281
f 3281 3296 3282
f 3296 3297 3282
f 3282 3297 3283
f 3297 3298 3283
f 3283 3298 3284
f 3298 3299 3284
f 3284 3299 3285
f 3299 3300 3285
f 3285 3300 3286
f 3300 3301 3286
f 3286 3301 3287
f 3301 3302 3287
f 3287 3302 2908
f 3302 3303 2908
f 3303 2909 2908
f 2909 3304 2910
f 2910 3304 2911
f 3304 2912 2911
f 2912 3305 83
f 83 3305 76
f 76 3305 77
f 3305 2913 77
f 2913 3306 85
f 85 3306 86
f 3306 3307 86
f 86 3307 87
f 87 3307 2914
f 3307 3308 2914
f 2914 3308 91
f 3308 2915 91
f 2915 3309 93
f 93 3309 2916
f 3309 2917 2916
f 2918 3310 3253
f 3253 3310 3271
f 3273 3311 3256
f 3256 3311 3274
f 3311 3312 3274
f 3274 3312 3275
f 3312 3313 3275
f 3275 3313 3276
f 3313 3314 3276
f 3276 3314 3277
f 3314 3315 3277
f 3277 3315 3278
f 3315 3316 3278
f 3278 3316 2921
f 2921 3316 2922
f 3316 2923 2922
f 2923 3317 147
f 147 3317 148
f 3317 3318 148
f 148 3318 149
f 3318 3319 149
f 149 3319 150
f 150 3319 142
f 3319 3320 142
f 142 3320 143
f 3320 3321 143
f 143 3321 151
f 151 3321 152
f 3321 2924 152
f 3321 3322 2924
f 3322 3323 2924
f 2924 3323 3288
f 3323 3324 3288
f 3288 3324 3289
f 3324 3325 3289
f 3289 3325 2925
f 3325 3290 2925
f 3290 3326 2926
f 2926 3326 3291
f 3326 3327 3291
f 3291 3327 3292
f 3292 3328 3293
f 3293 3328 3294
f 3328 3329 3294
f 3294 3329 3295
f 3329 3330 3295
f 3295 3330 3296
f 3330 3331 3296
f 3296 3331 3297
f 3331 3332 3297
f 3297 3332 3298
f 3332 3333 3298
f 3298 3333 3299
f 3333 3334 3299
f 3299 3334 3300
f 3334 3335 3300
f 3300 3335 3301
f 3335 3336 3301
f 3301 3336 3302
f 3336 3337 3302
f 3302 3337 3303
f 3303 3337 2909
f 3337 3338 2909
f 2909 3338 3304
f 3338 3339 3304
f 3304 3339 2912
f 3339 3340 2912
f 2912 3340 3305
f 3340 3341 3305
f 3305 3341 2913
f 3341 3342 2913
f 2913 3342 3306
f 3342 3343 3306
f 3306 3343 3307
f 3343 3344 3307
f 3344 3308 3307
f 3308 3345 2915
f 2915 3345 3309
f 3345 3346 3309
f 3309 3346 2917
f 3346 3347 2917
f 2917 3347 2918
f 3347 3348 2918
f 2918 3348 3310
f 3310 3349 3271
f 3271 3349 3272
f 3349 3350 3272
f 3272 3350 3273
f 3350 3351 3273
f 3273 3351 3311
f 3351 3352 3311
f 3311 3352 3312
f 3352 3353 3312
f 3312 3353 3313
f 3353 3354 3313
f 3313 3354 3314
f 3354 3355 3314
f 3314 3355 3315
f 3355 3356 3315
f 3315 3356 3316
f 3356 3357 3316
f 3316 3357 2923
f 3357 3358 2923
f 2923 3358 3317
f 3358 3359 3317
f 3317 3359 3318
f 3359 3360 3318
f 3318 3360 3319
f 3360 3361 3319
f 3319 3361 3320
f 3361 3362 3320
f 3320 3362 3321
f 3362 3322 3321
f 3322 3363 3323
f 3363 3364 3323
f 3323 3364 3324
f 3364 3365 3324
f 3324 3365 3325
f 3365 3366 3325
f 3325 3366 3290
f 3366 3367 3290
f 3290 3367 3326
f 3367 3368 3326
f 3326 3368 3327
f 3368 3369 3327
f 3327 3369 3292
f 3369 3370 3292
f 3292 3370 3328
f 3370 3371 3328
f 3328 3371 3329
f 3371 3372 3329
f 3329 3372 3330
f 3372 3373 3330
f 3330 3373 3331
f 3373 3374 3331
f 3331 3374 3332
f 3374 3375 3332
f 3332 3375 3333
f 3375 3376 3333
f 3333 3376 3334
f 3376 3377 3334
f 3334 3377 3335
f 3377 3378 3335
f 3335 3378 3336
f 3378 3379 3336
f 3336 3379 3337
f 3379 3380 3337
f 3337 3380 3338
f 3380 3381 3338
f 3338 3381 3339
f 3381 3382 3339
f 3339 3382 3340
f 3382 3383 3340
f 3340 3383 3341
f 3383 3384 3341
f 3341 3384 3342
f 3384 3385 3342
f 3342 3385 3343
f 3385 3386 3343
f 3343 3386 3344
f 3386 3387 3344
f 3344 3387 3308
f 3387 3388 3308
f 3308 3388 3345
f 3388 3389 3345
f 3345 3389 3346
f 3389 3390 3346
f 3346 3390 3347
f 3390 3391 3347
f 3347 3391 3348
f 3391 3392 3348
f 3348 3392 3310
f 3392 3393 3310
f 3310 3393 3349
f 3393 3394 3349
f 3349 3394 3350
f 3394 3395 3350
f 3350 3395 3351
f 3395 3396 3351
f 3351 3396 3352
f 3396 3397 3352
f 3352 3397 3353
f 3397 3398 3353
f 3353 3398 3354
f 3398 3399 3354
f 3354 3399 3355
f 3399 3400 3355
f 3355 3400 3356
f 3400 3401 3356
f 3356 3401 3357
f 3401 3402 3357
f 3357 3402 3358
f 3402 3403 3358
f 3358 3403 3359
f 3403 3404 3359
f 3359 3404 3360
f 3404 3405 3360
f 3360 3405 3361
f 3405 3406 3361
f 3361 3406 3362
f 3406 3407 3362
f 3362 3407 3322
f 3407 3363 3322
f 3407 3408 3363
f 3408 3409 3363
f 3363 3409 3364
f 3409 3410 3364
f 3364 3410 3365
f 3410 3411 3365
f 3365 3411 3366
f 3411 3412 3366
f 3366 3412 3367
f 3412 3413 3367
f 3367 3413 3368
f 3413 3414 3368
f 3368 3414 3369
f 3414 3415 3369
f 3369 3415 3370
f 3415 3416 3370
f 3370 3416 3371
f 3416 3417 3371
f 3371 3417 3372
f 3417 3418 3372
f 3372 3418 3373
f 3418 3419 3373
f 3373 3419 3374
f 3419 3420 3374
f 3374 3420 3375
f 3420 3421 3375
f 3375 3421 3376
f 3421 3422 3376
f 3376 3422 3377
f 3422 3423 3377
f 3377 3423 3378
f 3423 3424 3378
f 3378 3424 3379
f 3424 3425 3379
f 3379 3425 3380
f 3425 3426 3380
f 3380 3426 3381
f 3426 3427 3381
f 3381 3427 3382
f 3427 3428 3382
f 3382 3428 3383
f 3428 2747 3383
f 2747 3429 3383
f 3383 3429 3384
f 3429 3430 3384
f 3384 3430 3385
f 3430 3431 3385
f 3385 3431 3386
f 3431 3432 3386
f 3386 3432 3387
f 3432 3433 3387
f 3387 3433 3388
f 3433 3434 3388
f 3388 3434 3389
f 3434 3435 3389
f 3389 3435 3390
f 3435 3436 3390
f 3390 3436 3391
f 3436 3437 3391
f 3391 3437 3392
f 3437 2697 3392
f 3392 2697 3393
f 2697 3438 3393
f 3393 3438 3394
f 3438 3439 3394
f 3394 3439 3395
f 3439 3440 3395
f 3395 3440 3396
f 3440 3441 3396
f 3396 3441 3397
f 3441 3442 3397
f 3397 3442 3398
f 3442 2719 3398
f 3398 2719 3399
f 2719 3443 3399
f 3399 3443 3400
f 3443 3444 3400
f 3400 3444 3401
f 3444 3445 3401
f 3401 3445 3402
f 3445 3446 3402
f 3402 3446 3403
f 3446 3447 3403
f 3403 3447 3404
f 3447 3448 3404
f 3404 3448 3405
f 3448 3449 3405
f 3405 3449 3406
f 3449 3450 3406
f 3406 3450 3407
f 3450 3408 3407
f 3450 2798 3408
f 2798 2796 3408
f 3408 2796 3409
f 2796 2793 3409
f 3409 2793 3410
f 2793 2791 3410
f 3410 2791 3411
f 2791 2786 3411
f 3411 2786 3412
f 2786 2788 3412
f 3412 2788 3413
f 2788 2784 3413
f 3413 2784 3414
f 2784 2782 3414
f 3414 2782 3415
f 2782 2780 3415
f 2780 2774 3415
f 3415 2774 3416
f 2774 2776 3416
f 3416 2776 3417
f 2776 2772 3417
f 3417 2772 3418
f 2772 2770 3418
f 3418 2770 3419
f 2770 2769 3419
f 3419 2769 3420
f 2769 2767 3420
f 3420 2767 3421
f 2767 2766 3421
f 3421 2766 3422
f 2766 3451 3422
f 3451 2765 3422
f 3422 2765 3423
f 2765 2764 3423
f 3423 2764 3424
f 2764 2760 3424
f 2760 2762 3424
f 3424 2762 3425
f 2762 2758 3425
f 3425 2758 3426
f 2758 2756 3426
f 3426 2756 3427
f 2756 2753 3427
f 3427 2753 3428
f 2753 2747 3428
f 2747 2746 3429
f 2746 2744 3429
f 3429 2744 3430
f 2744 2741 3430
f 3430 2741 3431
f 2741 2738 3431
f 3431 2738 3432
f 2738 2736 3432
f 3432 2736 3433
f 2736 2734 3433
f 3433 2734 3434
f 2734 2730 3434
f 3434 2730 3435
f 3435 2730 3436
f 2730 2698 3436
f 3436 2698 3437
f 2698 2697 3437
f 2697 2726 3438
f 2726 2724 3438
f 3438 2724 3439
f 2724 2723 3439
f 3439 2723 3440
f 2723 2701 3440
f 2701 2700 3440
f 3440 2700 3441
f 2700 2722 3441
f 3441 2722 3442
f 2722 2720 3442
f 2720 2719 3442
f 2719 2717 3443
f 2717 2715 3443
f 3443 2715 3444
f 2715 2714 3444
f 3444 2714 3445
f 2714 2712 3445
f 3445 2712 3446
f 2712 2709 3446
f 3446 2709 3447
f 2709 2707 3447
f 3447 2707 3448
f 2707 2704 3448
f 3448 2704 3449
f 2704 2705 3449
f 3449 2705 3450
f 2705 2798 3450
f 3452 3453 3454
f 3453 3455 3454
f 3454 3455 3456
f 3455 3457 3456
f 3456 3457 3458
f 3457 3459 3458
f 3458 3459 3460
f 3459 3461 3460
f 3460 3461 3462
f 3461 3463 3462
f 3462 3463 3464
f 3463 3465 3464
f 3464 3465 3466
f 3465 3467 3466
f 3466 3467 3468
f 3467 3469 3468
f 3468 3469 3470
f 3469 3471 3470
f 3470 3471 3472
f 3471 3473 3472
f 3472 3473 3474
f 3473 3475 3474
f 3474 3475 3476
f 3475 3477 3476
f 3476 3477 3478
f 3477 3479 3478
f 3478 3479 3480
f 3479 3481 3480
f 3480 3481 3482
f 3481 3483 3482
f 3482 3483 3484
f 3483 3485 3484
f 3484 3485 3486
f 3485 3487 3486
f 3486 3487 3488
f 3487 3489 3488
f 3488 3489 3490
f 3489 3491 3490
f 3490 3491 3492
f 3491 3493 3492
f 3492 3493 3494
f 3493 3495 3494
f 3494 3495 3496
f 3495 3497 3496
f 3496 3497 3498
f 3497 3499 3498
f 3498 3499 3500
f 3499 3501 3500
f 3500 3501 3502
f 3501 3503 3502
f 3502 3503 3504
f 3503 3505 3504
f 3504 3505 3506
f 3505 3507 3506
f 3506 3507 3508
f 3507 3509 3508
f 3508 3509 3510
f 3509 3511 3510
f 3510 3511 3512
f 3511 3513 3512
f 3512 3513 3514
f 3513 3515 3514
f 3514 3515 3516
f 3515 3517 3516
f 3516 3517 3518
f 3517 3519 3518
f 3518 3519 3520
f 3519 3521 3520
f 3520 3521 3522
f 3521 3523 3522
f 3522 3523 3524
f 3523 3525 3524
f 3524 3525 3526
f 3525 3527 3526
f 3526 3527 3528
f 3527 3529 3528
f 3528 3529 3530
f 3529 3531 3530
f 3530 3531 3532
f 3531 3533 3532
f 3532 3533 3534
f 3533 3535 3534
f 3534 3535 3536
f 3535 3537 3536
f 3536 3537 3538
f 3537 3539 3538
f 3538 3539 3540
f 3539 3541 3540
f 3540 3541 3542
f 3541 3543 3542
f 3542 3543 3544
f 3543 3545 3544
f 3544 3545 3546
f 3545 3547 3546
f 3546 3547 3548
f 3547 3549 3548
f 3548 3549 3550
f 3549 3551 3550
f 3550 3551 3552
f 3551 3553 3552
f 3552 3553 3554
f 3553 3555 3554
f 3554 3555 3556
f 3555 3557 3556
f 3556 3557 3558
f 3557 3559 3558
f 3558 3559 3560
f 3559 3561 3560
f 3560 3561 3562
f 3561 3563 3562
f 3562 3563 3564
f 3563 3565 3564
f 3564 3565 3566
f 3565 3567 3566
f 3566 3567 3568
f 3567 3569 3568
f 3568 3569 3570
f 3569 3571 3570
f 3570 3571 3572
f 3571 3573 3572
f 3572 3573 3574
f 3573 3575 3574
f 3574 3575 3576
f 3575 3577 3576
f 3576 3577 3578
f 3577 3579 3578
f 3578 3579 3580
f 3579 3581 3580
f 3580 3581 3582
f 3581 3583 3582
f 3582 3583 3584
f 3583 3585 3584
f 3584 3585 3586
f 3585 3587 3586
f 3586 3587 3588
f 3587 3589 3588
f 3588 3589 3590
f 3589 3591 3590
f 3590 3591 3592
f 3591 3593 3592
f 3592 3593 3594
f 3593 3595 3594
f 3594 3595 3452
f 3595 3453 3452
f 3596 3597 3598
f 3599 3600 3601
f 3602 3603 3604
f 3605 3606 3607
f 3608 3609 3610
f 3611 3612 3613
f 3614 3615 3616
f 3617 3618 3619
f 3620 3621 3622
f 3623 3624 3625
f 3626 3627 3628
f 3627 3629 3628
f 3630 3631 3626
f 3631 3632 3626
f 3626 3632 3627
f 3631 3630 3633
f 3630 3634 3633
f 3633 3634 3635
f 3625 3624 3634
f 3624 3635 3634
f 3636 3637 3625
f 3637 3623 3625
f 3638 3639 3636
f 3636 3639 3637
f 3638 3640 3641
f 3622 3621 3640
f 3621 3641 3640
f 3622 3642 3620
f 3642 3643 3644
f 3619 3618 3643
f 3618 3644 3643
f 3617 3619 3645
f 3645 3646 3647
f 3616 3615 3648
f 3614 3616 3649
f 3649 3650 3651
f 3652 3651 3650
f 3652 3653 3654
f 3654 3653 3655
f 3655 3653 3656
f 3653 3657 3656
f 3658 3659 3657
f 3659 3656 3657
f 3660 3661 3658
f 3661 3660 3662
f 3660 3663 3662
f 3662 3663 3664
f 3665 3666 3663
f 3666 3664 3663
f 3667 3668 3669
f 3669 3668 3665
f 3668 3670 3665
f 3665 3670 3666
f 3667 3669 3671
f 3669 3672 3671
f 3671 3672 3673
f 3672 3674 3673
f 3673 3674 3675
f 3676 3677 3674
f 3677 3675 3674
f 3678 3679 3676
f 3679 3680 3676
f 3676 3680 3677
f 3679 3678 3681
f 3678 3682 3681
f 3681 3682 3683
f 3613 3612 3682
f 3612 3683 3682
f 3684 3685 3613
f 3685 3611 3613
f 3686 3687 3688
f 3686 3688 3684
f 3688 3689 3684
f 3684 3689 3685
f 3610 3609 3686
f 3609 3687 3686
f 3608 3610 3690
f 3607 3606 3691
f 3605 3607 3692
f 3692 3693 3694
f 3695 3696 3697
f 3604 3603 3696
f 3603 3697 3696
f 3602 3604 3698
f 3604 3699 3698
f 3698 3699 3700
f 3700 3699 3701
f 3699 3702 3701
f 3703 3704 3702
f 3704 3701 3702
f 3705 3706 3707
f 3707 3706 3703
f 3706 3708 3703
f 3703 3708 3704
f 3705 3707 3709
f 3707 3710 3709
f 3709 3710 3711
f 3712 3713 3714
f 3712 3714 3710
f 3714 3711 3710
f 3713 3712 3715
f 3629 3716 3628
f 3628 3716 3717
f 3716 3718 3717
f 3717 3718 3712
f 3718 3719 3712
f 3712 3719 3715
f 3720 3721 3722
f 3720 3723 3724
f 3601 3600 3723
f 3600 3725 3723
f 3723 3725 3724
f 3601 3726 3599
f 3726 3727 3728
f 3729 3728 3727
f 3729 3730 3731
f 3730 3732 3731
f 3732 3733 3734
f 3735 3736 3733
f 3736 3734 3733
f 3737 3736 3735
f 3737 3735 3738
f 3738 3739 3740
f 3741 3742 3739
f 3742 3740 3739
f 3741 3743 3742
f 3743 3741 3744
f 3741 3745 3744
f 3744 3745 3746
f 3747 3748 3745
f 3748 3746 3745
f 3747 3749 3748
f 3749 3747 3750
f 3747 3751 3750
f 3750 3751 3752
f 3753 3752 3751
f 3753 3754 3755
f 3756 3757 3754
f 3757 3755 3754
f 3758 3759 3756
f 3756 3759 3757
f 3758 3760 3761
f 3762 3763 3760
f 3763 3762 3764
f 3762 3765 3764
f 3764 3765 3766
f 3766 3765 3767
f 3765 3768 3767
f 3767 3768 3769
f 3597 3770 3598
f 3598 3770 3768
f 3770 3769 3768
f 3596 3598 3771
f 3598 3772 3771
f 3771 3772 3773
f 3772 3774 3773
f 3773 3774 3775
f 3775 3774 3776
f 3774 3777 3776
f 3778 3779 3777
f 3780 3781 3778
f 3781 3780 3782
f 3780 3783 3782
f 3782 3783 3784
f 3784 3783 3785
f 3783 3786 3785
f 3785 3786 3787
f 3788 3787 3786
f 3788 3789 3790
f 3789 3791 3790
f 3791 3792 3793
f 3794 3793 3792
f 3795 3796 3794
f 3796 3795 3797
f 3795 3798 3797
f 3797 3798 3799
f 3800 3801 3798
f 3801 3799 3798
f 3800 3802 3801
f 3802 3800 3803
f 3800 3804 3803
f 3803 3804 3805
f 3806 3807 3808
f 3806 3808 3804
f 3808 3805 3804
f 3809 3810 3806
f 3806 3810 3807
f 3810 3809 3811
f 3809 3812 3811
f 3811 3812 3813
f 3814 3813 3812
f 3814 3815 3816
f 3817 3818 3815
f 3818 3816 3815
f 3819 3820 3817
f 3817 3820 3818
f 3819 3821 3822
f 3823 3822 3821
f 3824 3825 3826
f 3826 3825 3821
f 3825 3823 3821
f 3827 3828 3829
f 3829 3828 3826
f 3828 3824 3826
f 3827 3829 3830
f 3829 3831 3830
f 3832 3833 3831
f 3833 3830 3831
f 3721 3834 3722
f 3834 3835 3722
f 3722 3835 3832
f 3835 3836 3832
f 3836 3837 3832
f 3832 3837 3833
f 22 3838 99
f 3838 3839 99
f 3839 100 99
f 100 3840 101
f 101 3840 102
f 3841 103 3840
f 103 102 3840
f 104 103 3841
f 3842 97 104
f 3842 98 97
f 98 3843 105
f 3844 107 3845
f 107 106 3845
f 3845 106 3843
f 106 105 3843
f 109 108 3844
f 3844 108 107
f 111 110 3846
f 3846 110 109
f 111 3846 112
f 3846 113 112
f 113 3847 114
f 3847 115 114
f 115 3848 116
f 116 3848 117
f 3849 118 3848
f 118 117 3848
f 9 118 3850
f 3850 118 3849
f 7 3851 12
f 61 63 62
f 63 3852 64
f 3853 65 67
f 67 64 3852
f 65 3853 66
f 3853 68 66
f 3854 3855 3856
f 3857 3858 3859
f 3859 3858 3860
f 3858 3861 3860
f 3861 3862 3860
f 3863 3864 3865
f 3865 3864 3866
f 3867 3868 3869
f 3869 3868 3870
f 3867 3869 3871
f 3869 3872 3871
f 3872 3873 3874
f 3873 3875 3874
f 3875 3876 3877
f 3877 3876 3878
f 3879 3880 3876
f 3880 3878 3876
f 3881 3880 3882
f 3882 3880 3879
f 3854 3883 3884
f 3832 3885 3722
f 3885 3886 3722
f 3722 3886 3720
f 3720 3886 3723
f 3886 3887 3723
f 3723 3887 3601
f 3887 3888 3601
f 3601 3888 3726
f 3726 3888 3727
f 3888 3889 3727
f 3727 3889 3729
f 3729 3889 3730
f 3889 3890 3730
f 3730 3890 3732
f 3732 3890 3733
f 3890 3891 3733
f 3733 3891 3735
f 3891 3892 3735
f 3735 3892 3738
f 3892 3893 3738
f 3738 3893 3739
f 3739 3893 3741
f 3893 3894 3741
f 3894 3895 3741
f 3741 3895 3745
f 3895 3896 3745
f 3745 3896 3747
f 3896 3897 3747
f 3747 3897 3751
f 3897 3898 3751
f 3751 3898 3753
f 3898 3899 3753
f 3753 3899 3754
f 3754 3899 3756
f 3899 3900 3756
f 3756 3900 3758
f 3900 3901 3758
f 3758 3901 3760
f 3760 3901 3762
f 3901 3902 3762
f 3762 3902 3765
f 3902 3903 3765
f 3765 3903 3768
f 3903 3904 3768
f 3768 3904 3598
f 3904 3905 3598
f 3598 3905 3772
f 3905 3906 3772
f 3772 3906 3774
f 3774 3906 3777
f 3906 3907 3777
f 3777 3907 3778
f 3907 3908 3778
f 3778 3908 3780
f 3780 3908 3783
f 3908 3909 3783
f 3783 3909 3786
f 3909 3910 3786
f 3786 3910 3788
f 3788 3910 3789
f 3910 3911 3789
f 3789 3911 3791
f 3911 3912 3791
f 3791 3912 3792
f 3792 3912 3794
f 3912 3913 3794
f 3794 3913 3795
f 3795 3913 3798
f 3913 3914 3798
f 3798 3914 3800
f 3914 3915 3800
f 3800 3915 3804
f 3915 3916 3804
f 3804 3916 3806
f 3916 3917 3806
f 3806 3917 3809
f 3917 3918 3809
f 3809 3918 3812
f 3918 3919 3812
f 3812 3919 3814
f 3814 3919 3815
f 3919 3920 3815
f 3815 3920 3817
f 3920 3921 3817
f 3817 3921 3819
f 3921 3922 3819
f 3819 3922 3821
f 3922 3923 3821
f 3923 3924 3821
f 3821 3924 3826
f 3924 3925 3826
f 3826 3925 3829
f 3925 3926 3829
f 3829 3926 3831
f 3831 3926 3832
f 3926 3885 3832
f 3885 3927 3886
f 3927 3928 3886
f 3886 3928 3887
f 3928 3929 3887
f 3887 3929 3888
f 3929 3930 3888
f 3888 3930 3889
f 3930 3931 3889
f 3889 3931 3890
f 3931 3932 3890
f 3890 3932 3891
f 3932 3933 3891
f 3891 3933 3892
f 3933 3934 3892
f 3892 3934 3893
f 3934 3935 3893
f 3893 3935 3894
f 3935 3936 3894
f 3894 3936 3895
f 3936 3937 3895
f 3895 3937 3896
f 3937 3938 3896
f 3896 3938 3897
f 3938 3939 3897
f 3897 3939 3898
f 3939 3940 3898
f 3898 3940 3899
f 3940 3941 3899
f 3899 3941 3900
f 3941 3942 3900
f 3900 3942 3901
f 3942 3943 3901
f 3901 3943 3902
f 3943 3944 3902
f 3902 3944 3903
f 3944 3945 3903
f 3903 3945 3904
f 3945 3946 3904
f 3904 3946 3905
f 3946 3947 3905
f 3905 3947 3906
f 3947 3948 3906
f 3906 3948 3907
f 3948 3949 3907
f 3907 3949 3908
f 3949 3950 3908
f 3908 3950 3909
f 3950 3951 3909
f 3909 3951 3910
f 3951 3952 3910
f 3910 3952 3911
f 3952 3953 3911
f 3911 3953 3912
f 3953 3954 3912
f 3912 3954 3913
f 3954 3955 3913
f 3913 3955 3914
f 3955 3956 3914
f 3914 3956 3915
f 3956 3957 3915
f 3915 3957 3916
f 3957 3958 3916
f 3916 3958 3917
f 3958 3959 3917
f 3917 3959 3918
f 3959 3960 3918
f 3918 3960 3919
f 3960 3961 3919
f 3919 3961 3920
f 3961 3962 3920
f 3920 3962 3921
f 3962 3963 3921
f 3921 3963 3922
f 3963 3923 3922
f 3923 3964 3924
f 3964 3965 3924
f 3924 3965 3925
f 3965 3966 3925
f 3925 3966 3926
f 3966 3967 3926
f 3926 3967 3885
f 3967 3927 3885
f 3967 3968 3927
f 3968 3969 3927
f 3927 3969 3928
f 3969 3970 3928
f 3928 3970 3929
f 3970 3971 3929
f 3929 3971 3930
f 3971 3972 3930
f 3930 3972 3931
f 3972 3973 3931
f 3931 3973 3932
f 3973 3974 3932
f 3932 3974 3933
f 3974 3975 3933
f 3933 3975 3934
f 3975 3976 3934
f 3934 3976 3935
f 3976 3977 3935
f 3935 3977 3936
f 3977 3978 3936
f 3936 3978 3937
f 3978 3979 3937
f 3937 3979 3938
f 3979 3980 3938
f 3938 3980 3939
f 3980 3981 3939
f 3939 3981 3940
f 3981 3982 3940
f 3940 3982 3941
f 3982 3983 3941
f 3941 3983 3942
f 3983 3984 3942
f 3942 3984 3943
f 3984 3985 3943
f 3943 3985 3944
f 3985 3986 3944
f 3944 3986 3945
f 3986 3987 3945
f 3945 3987 3946
f 3987 3988 3946
f 3946 3988 3947
f 3988 3989 3947
f 3947 3989 3948
f 3989 3990 3948
f 3948 3990 3949
f 3990 3991 3949
f 3949 3991 3950
f 3991 3992 3950
f 3950 3992 3951
f 3951 3993 3952
f 3993 3994 3952
f 3952 3994 3953
f 3994 3995 3953
f 3953 3995 3954
f 3995 3996 3954
f 3954 3996 3955
f 3996 3997 3955
f 3955 3997 3956
f 3997 3998 3956
f 3956 3998 3957
f 3998 3999 3957
f 3957 3999 3958
f 3999 4000 3958
f 3958 4000 3959
f 4000 4001 3959
f 3959 4001 3960
f 4001 4002 3960
f 3960 4002 3961
f 4002 4003 3961
f 3961 4003 3962
f 4003 4004 3962
f 3962 4004 3963
f 4004 4005 3963
f 3963 4005 3923
f 4005 3964 3923
f 3964 4006 3965
f 4006 4007 3965
f 3965 4007 3966
f 4007 4008 3966
f 3966 4008 3967
f 4008 3968 3967
f 3968 4009 3969
f 4009 4010 3969
f 4010 4011 3969
f 3969 4011 3970
f 4011 4012 3970
f 3970 4012 3971
f 4012 4013 3971
f 3971 4013 3972
f 4013 4014 3972
f 3972 4014 3973
f 4014 4015 3973
f 3973 4015 3974
f 4015 4016 3974
f 3974 4016 3975
f 4016 4017 3975
f 3975 4017 3976
f 4017 4018 3976
f 3976 4018 3977
f 4018 4019 3977
f 3977 4019 3978
f 4019 4020 3978
f 3978 4020 3979
f 4020 4021 3979
f 3979 4021 3980
f 4021 4022 3980
f 3980 4022 3981
f 4022 4023 3981
f 3981 4023 3982
f 4023 4024 3982
f 3982 4024 3983
f 4024 4025 3983
f 3983 4025 3984
f 4025 4026 3984
f 3984 4026 3985
f 4026 4027 3985
f 3985 4027 3986
f 4027 4028 3986
f 3986 4028 3987
f 4028 4029 3987
f 3987 4029 3988
f 4029 4030 3988
f 3988 4030 3989
f 4030 4031 3989
f 3989 4031 3990
f 4031 4032 3990
f 4032 3991 3990
f 3991 4033 3992
f 4033 4034 3992
f 3992 4034 3951
f 4034 3993 3951
f 3993 4035 3994
f 4035 4036 3994
f 3994 4036 3995
f 4036 4037 3995
f 3995 4037 3996
f 4037 4038 3996
f 3996 4038 3997
f 4038 4039 3997
f 3997 4039 3998
f 4039 4040 3998
f 3998 4040 3999
f 4040 4041 3999
f 3999 4041 4000
f 4041 4042 4000
f 4000 4042 4001
f 4042 4043 4001
f 4001 4043 4002
f 4043 4044 4002
f 4002 4044 4003
f 4044 4045 4003
f 4003 4045 4004
f 4045 4046 4004
f 4004 4046 4005
f 4046 4047 4005
f 4005 4047 3964
f 4047 4006 3964
f 4006 4048 4007
f 4048 4049 4007
f 4007 4049 4008
f 4008 4009 3968
f 4008 4050 4009
f 4050 4051 4009
f 4009 4051 4010
f 4010 4052 4011
f 4011 4052 4012
f 4052 4053 4012
f 4012 4053 4013
f 4053 4054 4013
f 4013 4054 4014
f 4054 4055 4014
f 4014 4055 4015
f 4055 4056 4015
f 4015 4056 4016
f 4056 4057 4016
f 4016 4057 4017
f 4057 4058 4017
f 4017 4058 4018
f 4058 4059 4018
f 4059 4060 4018
f 4018 4060 4019
f 4060 4061 4019
f 4019 4061 4020
f 4061 4062 4020
f 4020 4062 4021
f 4062 4063 4021
f 4021 4063 4022
f 4063 4064 4022
f 4022 4064 4023
f 4064 4065 4023
f 4065 4066 4023
f 4023 4066 4024
f 4066 4067 4024
f 4024 4067 4025
f 4067 4068 4025
f 4025 4068 4026
f 4068 4069 4026
f 4026 4069 4027
f 4069 4070 4027
f 4027 4070 4028
f 4070 4071 4028
f 4028 4071 4029
f 4071 4072 4029
f 4029 4072 4030
f 4072 4073 4030
f 4030 4073 4031
f 4073 4074 4031
f 4074 4032 4031
f 4032 4075 3991
f 4075 4033 3991
f 4033 4076 4034
f 4076 4077 4034
f 4034 4077 3993
f 4077 4035 3993
f 4035 4078 4036
f 4078 4079 4036
f 4036 4079 4037
f 4079 4080 4037
f 4037 4080 4038
f 4080 4081 4038
f 4038 4081 4039
f 4081 4082 4039
f 4039 4082 4040
f 4082 4083 4040
f 4040 4083 4041
f 4083 4084 4041
f 4041 4084 4042
f 4084 4085 4042
f 4042 4085 4043
f 4085 4086 4043
f 4043 4086 4044
f 4086 4087 4044
f 4044 4087 4045
f 4087 4088 4045
f 4088 4089 4045
f 4045 4089 4046
f 4089 4090 4046
f 4046 4090 4047
f 4090 4091 4047
f 4047 4091 4006
f 4091 4092 4006
f 4006 4092 4048
f 4049 4050 4008
f 67 3852 4050
f 4050 3852 4051
f 3852 63 4051
f 63 61 4051
f 4051 61 4010
f 61 60 4010
f 4010 60 4052
f 60 59 4052
f 4052 59 4053
f 59 58 4053
f 58 57 4053
f 4053 57 4054
f 57 12 4054
f 12 3851 4054
f 4054 3851 4055
f 3851 4093 4055
f 4055 4093 4056
f 4093 4094 4056
f 4056 4094 4057
f 4094 4095 4057
f 4057 4095 4058
f 4095 4059 4058
f 4059 4096 4060
f 4096 4097 4060
f 4060 4097 4061
f 4097 4098 4061
f 4061 4098 4062
f 4098 4099 4062
f 4062 4099 4063
f 4099 4100 4063
f 4063 4100 4064
f 4100 4065 4064
f 4065 4101 4066
f 4101 4102 4066
f 4066 4102 4067
f 4102 4103 4067
f 4067 4103 4068
f 4103 4104 4068
f 4068 4104 4069
f 4104 4105 4069
f 4105 4106 4069
f 4069 4106 4070
f 4106 4107 4070
f 4107 4108 4070
f 4070 4108 4071
f 4108 4109 4071
f 4071 4109 4072
f 4109 4110 4072
f 4110 4111 4072
f 4072 4111 4073
f 4111 4112 4073
f 4073 4112 4074
f 4112 4113 4074
f 4074 4113 4032
f 4113 4114 4032
f 4032 4114 4075
f 4114 4115 4075
f 4075 4115 4033
f 4115 4116 4033
f 4033 4116 4076
f 4116 4117 4076
f 4076 4117 4077
f 4117 3856 4077
f 3856 3855 4077
f 4077 3855 4035
f 3855 4078 4035
f 4078 4118 4079
f 4118 4119 4079
f 4079 4119 4080
f 4119 4120 4080
f 4080 4120 4081
f 4120 4121 4081
f 4081 4121 4082
f 4121 4122 4082
f 4082 4122 4083
f 4122 4123 4083
f 4083 4123 4084
f 4123 4124 4084
f 4084 4124 4085
f 4124 4125 4085
f 4085 4125 4086
f 4125 25 4086
f 4086 25 4087
f 25 75 4087
f 4087 75 4088
f 75 74 4088
f 4088 74 4089
f 74 73 4089
f 4089 73 4090
f 73 72 4090
f 4090 72 4091
f 72 71 4091
f 71 70 4091
f 4091 70 4092
f 70 69 4092
f 4092 69 4048
f 69 68 4048
f 4048 68 4049
f 68 3853 4049
f 4049 3853 4050
f 3853 67 4050
f 3854 3884 3855
f 3884 4126 3855
f 3855 4126 4078
f 4126 4118 4078
f 4118 4127 4119
f 4127 4128 4119
f 4119 4128 4120
f 4128 4129 4120
f 4120 4129 4121
f 4129 4130 4121
f 4121 4130 4122
f 4130 4131 4122
f 4131 4132 4122
f 4122 4132 4123
f 4132 4133 4123
f 4123 4133 4124
f 4133 4134 4124
f 4134 4135 4124
f 4124 4135 4125
f 4135 4136 4125
f 4125 4136 25
f 4136 26 25
f 7 4137 3851
f 3851 4137 4093
f 4137 4138 4093
f 4093 4138 4094
f 4138 4139 4094
f 4139 4140 4094
f 4094 4140 4095
f 4140 4141 4095
f 4095 4141 4059
f 4141 4096 4059
f 4096 4142 4097
f 4142 4143 4097
f 4097 4143 4098
f 4143 4144 4098
f 4098 4144 4099
f 4144 4145 4099
f 4099 4145 4100
f 4145 4146 4100
f 4100 4146 4065
f 4146 4147 4065
f 4065 4147 4101
f 3884 4148 4126
f 4148 4149 4126
f 4126 4149 4118
f 4149 4127 4118
f 4127 4150 4128
f 4150 4151 4128
f 4151 4129 4128
f 4129 4152 4130
f 4152 4153 4130
f 4153 4131 4130
f 4131 4154 4132
f 4154 4133 4132
f 4134 4155 4135
f 4155 4156 4135
f 4135 4156 4136
f 4156 31 4136
f 31 26 4136
f 7 5 4137
f 5 4157 4137
f 4157 4158 4137
f 4137 4158 4138
f 4158 4159 4138
f 4159 4139 4138
f 4139 4160 4140
f 4160 4161 4140
f 4140 4161 4141
f 4161 4162 4141
f 4162 4163 4141
f 4141 4163 4096
f 4163 4142 4096
f 4142 4164 4143
f 4164 4165 4143
f 4143 4165 4144
f 4165 4166 4144
f 4166 4167 4144
f 4144 4167 4145
f 4167 4168 4145
f 4145 4168 4146
f 4168 4169 4146
f 4146 4169 4147
f 3883 4170 3884
f 4170 4148 3884
f 4148 4171 4149
f 4171 4172 4149
f 4149 4172 4127
f 4172 4150 4127
f 4150 4173 4151
f 4173 4174 4151
f 4151 4174 4129
f 4174 4152 4129
f 4152 4175 4153
f 4175 4176 4153
f 4153 4176 4131
f 4176 4154 4131
f 4154 4177 4133
f 4177 4178 4133
f 4133 4178 4134
f 4178 4155 4134
f 4155 4179 4156
f 4179 35 4156
f 4156 35 31
f 4 4157 5
f 4157 4180 4158
f 4159 4160 4139
f 4160 4181 4161
f 4181 4182 4161
f 4161 4182 4162
f 4182 4183 4162
f 4162 4183 4163
f 4183 4184 4163
f 4163 4184 4142
f 4184 4164 4142
f 4167 4185 4168
f 4185 4186 4168
f 4168 4186 4169
f 4186 4187 4169
f 3883 4188 4170
f 4188 4189 4170
f 4170 4189 4148
f 4189 4171 4148
f 4171 4190 4172
f 4172 4190 4150
f 4190 4173 4150
f 4173 4191 4174
f 4174 4191 4152
f 4191 4192 4152
f 4152 4192 4175
f 4175 4192 4176
f 4192 4193 4176
f 4176 4193 4154
f 4193 4194 4154
f 4154 4194 4177
f 4177 4194 4178
f 4194 4195 4178
f 4178 4195 4155
f 4195 4179 4155
f 4179 21 35
f 10 4196 4
f 4 4196 4157
f 4196 4180 4157
f 4180 4197 4158
f 4158 4197 4159
f 4197 4198 4159
f 4159 4198 4160
f 4198 4181 4160
f 4181 4199 4182
f 4199 4200 4182
f 4182 4200 4183
f 4183 4200 4184
f 4200 4201 4184
f 4184 4201 4164
f 4201 4202 4164
f 4164 4202 4165
f 4165 4202 4166
f 4202 4203 4166
f 4166 4203 4167
f 4203 4185 4167
f 4185 4204 4186
f 4204 4205 4186
f 4205 4187 4186
f 3881 4206 4188
f 4206 4189 4188
f 4189 4207 4171
f 4171 4207 4190
f 4207 4208 4190
f 4190 4208 4173
f 4208 4209 4173
f 4173 4209 4191
f 4209 4210 4191
f 4210 4211 4191
f 4191 4211 4192
f 4211 4212 4192
f 4192 4212 4193
f 4212 4213 4193
f 4193 4213 4194
f 4213 4214 4194
f 4194 4214 4195
f 4214 4215 4195
f 4195 4215 4179
f 4215 4216 4179
f 4179 4216 21
f 4216 22 21
f 9 4217 10
f 10 4217 4196
f 4196 4217 4180
f 4217 4218 4180
f 4180 4218 4197
f 4218 4219 4197
f 4197 4219 4198
f 4219 4220 4198
f 4198 4220 4181
f 4220 4199 4181
f 4199 4221 4200
f 4221 4222 4200
f 4200 4222 4201
f 4222 4223 4201
f 4201 4223 4202
f 4223 4224 4202
f 4202 4224 4203
f 4224 4225 4203
f 4203 4225 4185
f 4225 4204 4185
f 4204 3857 4205
f 3857 3859 4205
f 3882 4206 3881
f 4206 4226 4189
f 4189 4226 4207
f 4226 4227 4207
f 4207 4227 4208
f 4227 4228 4208
f 4208 4228 4209
f 4228 4210 4209
f 4210 4229 4211
f 4211 4229 4212
f 4229 4230 4212
f 4212 4230 4213
f 4230 4231 4213
f 4213 4231 4214
f 4231 4232 4214
f 4214 4232 4215
f 4232 4233 4215
f 4233 3838 4215
f 4215 3838 4216
f 3838 22 4216
f 3850 4234 9
f 9 4234 4217
f 4234 4235 4217
f 4217 4235 4218
f 4235 4236 4218
f 4218 4236 4219
f 4236 4237 4219
f 4219 4237 4220
f 4237 4238 4220
f 4220 4238 4199
f 4238 4239 4199
f 4199 4239 4221
f 4221 4239 4222
f 4239 4240 4222
f 4222 4240 4223
f 4240 4241 4223
f 4223 4241 4224
f 4241 4242 4224
f 4224 4242 4225
f 4242 4243 4225
f 4225 4243 4204
f 4243 3857 4204
f 3845 4244 3844
f 4244 4245 3844
f 3844 4245 109
f 109 4245 3846
f 4245 4246 3846
f 3846 4246 113
f 4246 3847 113
f 3847 4247 115
f 115 4247 3848
f 4247 3849 3848
f 3849 4234 3850
f 4234 4248 4235
f 4248 4249 4235
f 4235 4249 4236
f 4249 4250 4236
f 4236 4250 4237
f 4250 4251 4237
f 4237 4251 4238
f 4238 4252 4239
f 4239 4252 4240
f 4252 4253 4240
f 4240 4253 4241
f 4253 4254 4241
f 4241 4254 4242
f 4254 4255 4242
f 4242 4255 4243
f 4255 4256 4243
f 4243 4256 3857
f 3857 4256 3858
f 4256 3861 3858
f 3861 4257 3862
f 3862 4257 4258
f 4257 4259 4258
f 4258 4259 4260
f 4260 4259 4261
f 4259 4262 4261
f 4261 4262 4263
f 4262 4264 4263
f 4263 4264 4265
f 4265 4264 3866
f 4264 3865 3866
f 3865 4266 3863
f 4266 4267 3863
f 3863 4267 3870
f 3870 4267 3869
f 4267 4268 3869
f 3869 4268 3872
f 4268 3873 3872
f 3873 4269 3875
f 3875 4269 3876
f 4269 3879 3876
f 3882 4270 4206
f 4206 4270 4226
f 4270 4271 4226
f 4226 4271 4227
f 4271 4272 4227
f 4227 4272 4228
f 4272 4273 4228
f 4228 4273 4210
f 4273 4274 4210
f 4210 4274 4229
f 4274 4275 4229
f 4229 4275 4230
f 4275 4276 4230
f 4230 4276 4231
f 4276 4277 4231
f 4231 4277 4232
f 4277 4278 4232
f 4278 4233 4232
f 4233 4279 3838
f 4279 3839 3838
f 3839 4280 100
f 100 4280 3840
f 4280 4281 3840
f 3840 4281 3841
f 3841 4281 104
f 4281 3842 104
f 3842 4282 98
f 98 4282 3843
f 4282 4244 3843
f 3843 4244 3845
f 4244 4283 4245
f 4283 4284 4245
f 4284 4246 4245
f 4246 4285 3847
f 3847 4285 4247
f 4285 4286 4247
f 4247 4286 3849
f 4286 4287 3849
f 3849 4287 4234
f 4287 4288 4234
f 4234 4288 4248
f 4288 4289 4248
f 4248 4289 4249
f 4289 4290 4249
f 4249 4290 4250
f 4290 4291 4250
f 4250 4291 4251
f 4291 4292 4251
f 4251 4292 4238
f 4292 4293 4238
f 4238 4293 4252
f 4293 4294 4252
f 4252 4294 4253
f 4294 4295 4253
f 4253 4295 4254
f 4295 4296 4254
f 4254 4296 4255
f 4296 4297 4255
f 4255 4297 4256
f 4297 4298 4256
f 4256 4298 3861
f 4298 4299 3861
f 3861 4299 4257
f 4299 4300 4257
f 4257 4300 4259
f 4300 4301 4259
f 4259 4301 4262
f 4301 4302 4262
f 4262 4302 4264
f 4302 4303 4264
f 4264 4303 3865
f 4303 4266 3865
f 4266 4304 4267
f 4304 4305 4267
f 4267 4305 4268
f 4268 4305 3873
f 4305 4306 3873
f 3873 4306 4269
f 4306 4307 4269
f 4269 4307 3879
f 4307 4308 3879
f 3879 4308 3882
f 4308 4309 3882
f 3882 4309 4270
f 4309 4310 4270
f 4270 4310 4271
f 4310 4311 4271
f 4271 4311 4272
f 4311 4312 4272
f 4272 4312 4273
f 4312 4313 4273
f 4273 4313 4274
f 4313 4314 4274
f 4274 4314 4275
f 4314 4315 4275
f 4275 4315 4276
f 4315 4316 4276
f 4276 4316 4277
f 4316 4278 4277
f 4278 4317 4233
f 4233 4317 4279
f 4317 4318 4279
f 4279 4318 3839
f 4318 4319 3839
f 3839 4319 4280
f 4319 4320 4280
f 4280 4320 4281
f 4320 4321 4281
f 4281 4321 3842
f 4321 4322 3842
f 3842 4322 4282
f 4322 4323 4282
f 4282 4323 4244
f 4323 4283 4244
f 4323 4324 4283
f 4324 4325 4283
f 4283 4325 4284
f 4325 4326 4284
f 4284 4326 4246
f 4326 4327 4246
f 4246 4327 4285
f 4327 4328 4285
f 4285 4328 4286
f 4328 4329 4286
f 4286 4329 4287
f 4329 4330 4287
f 4287 4330 4288
f 4330 4331 4288
f 4288 4331 4289
f 4331 4332 4289
f 4289 4332 4290
f 4332 4333 4290
f 4290 4333 4291
f 4333 4334 4291
f 4291 4334 4292
f 4334 4335 4292
f 4292 4335 4293
f 4335 4336 4293
f 4293 4336 4294
f 4336 4337 4294
f 4294 4337 4295
f 4337 4338 4295
f 4295 4338 4296
f 4338 4339 4296
f 4296 4339 4297
f 4339 4340 4297
f 4297 4340 4298
f 4340 4341 4298
f 4298 4341 4299
f 4341 4342 4299
f 4299 4342 4300
f 4342 4343 4300
f 4300 4343 4301
f 4343 4344 4301
f 4301 4344 4302
f 4344 4345 4302
f 4302 4345 4303
f 4345 4346 4303
f 4303 4346 4266
f 4346 4347 4266
f 4266 4347 4304
f 4347 4348 4304
f 4304 4348 4305
f 4348 4349 4305
f 4305 4349 4306
f 4349 4350 4306
f 4306 4350 4307
f 4350 4351 4307
f 4307 4351 4308
f 4351 4352 4308
f 4308 4352 4309
f 4352 4353 4309
f 4309 4353 4310
f 4353 4354 4310
f 4310 4354 4311
f 4354 4355 4311
f 4311 4355 4312
f 4355 4356 4312
f 4312 4356 4313
f 4356 4357 4313
f 4313 4357 4314
f 4357 4358 4314
f 4314 4358 4315
f 4358 4359 4315
f 4315 4359 4316
f 4359 4360 4316
f 4316 4360 4278
f 4360 4361 4278
f 4278 4361 4317
f 4361 4362 4317
f 4317 4362 4318
f 4362 4363 4318
f 4318 4363 4319
f 4363 4364 4319
f 4319 4364 4320
f 4364 4365 4320
f 4320 4365 4321
f 4365 4366 4321
f 4321 4366 4322
f 4366 4367 4322
f 4322 4367 4323
f 4367 4324 4323
f 4324 4368 4325
f 4368 4369 4325
f 4325 4369 4326
f 4369 4370 4326
f 4326 4370 4327
f 4370 4371 4327
f 4327 4371 4328
f 4371 4372 4328
f 4328 4372 4329
f 4372 4373 4329
f 4329 4373 4330
f 4373 4374 4330
f 4330 4374 4331
f 4374 4375 4331
f 4331 4375 4332
f 4375 4376 4332
f 4332 4376 4333
f 4376 4377 4333
f 4333 4377 4334
f 4377 4378 4334
f 4334 4378 4335
f 4378 4379 4335
f 4335 4379 4336
f 4379 4380 4336
f 4336 4380 4337
f 4380 4381 4337
f 4337 4381 4338
f 4381 4382 4338
f 4338 4382 4339
f 4382 4383 4339
f 4339 4383 4340
f 4383 4384 4340
f 4340 4384 4341
f 4384 4385 4341
f 4341 4385 4342
f 4385 4386 4342
f 4342 4386 4343
f 4386 4387 4343
f 4343 4387 4344
f 4387 4388 4344
f 4344 4388 4345
f 4388 4389 4345
f 4345 4389 4346
f 4389 4390 4346
f 4346 4390 4347
f 4390 4391 4347
f 4347 4391 4348
f 4391 4392 4348
f 4348 4392 4349
f 4392 4393 4349
f 4349 4393 4350
f 4393 4394 4350
f 4350 4394 4351
f 4394 4395 4351
f 4351 4395 4352
f 4395 3650 4352
f 4352 3650 4353
f 3650 4396 4353
f 4353 4396 4354
f 4396 4397 4354
f 4354 4397 4355
f 4397 4398 4355
f 4355 4398 4356
f 4398 4399 4356
f 4356 4399 4357
f 4399 4400 4357
f 4357 4400 4358
f 4400 4401 4358
f 4358 4401 4359
f 4401 4402 4359
f 4359 4402 4360
f 4402 4403 4360
f 4360 4403 4361
f 4403 4404 4361
f 4361 4404 4362
f 4404 4405 4362
f 4362 4405 4363
f 4405 4406 4363
f 4363 4406 4364
f 4406 4407 4364
f 4364 4407 4365
f 4407 4408 4365
f 4365 4408 4366
f 4408 4409 4366
f 4366 4409 4367
f 4409 3717 4367
f 4367 3717 4324
f 3717 4368 4324
f 3717 3712 4368
f 3712 3710 4368
f 4368 3710 4369
f 3710 3707 4369
f 4369 3707 4370
f 3707 3703 4370
f 4370 3703 4371
f 3703 3702 4371
f 3702 3699 4371
f 4371 3699 4372
f 4372 3699 4373
f 3699 3604 4373
f 3604 3696 4373
f 4373 3696 4374
f 3696 3695 4374
f 3695 4410 4374
f 4374 4410 4375
f 4410 4411 4375
f 4411 4412 4375
f 4375 4412 4376
f 4412 3693 4376
f 4376 3693 4377
f 3693 3692 4377
f 3692 3607 4377
f 4377 3607 4378
f 4378 3607 4379
f 3607 3691 4379
f 3691 4413 4379
f 4379 4413 4380
f 4413 3690 4380
f 4380 3690 4381
f 3690 3610 4381
f 4381 3610 4382
f 3610 3686 4382
f 4382 3686 4383
f 3686 3684 4383
f 4383 3684 4384
f 3684 3613 4384
f 4384 3613 4385
f 3613 3682 4385
f 4385 3682 4386
f 4386 3682 4387
f 3682 3678 4387
f 3678 3676 4387
f 4387 3676 4388
f 3676 3674 4388
f 3674 3672 4388
f 4388 3672 4389
f 3672 3669 4389
f 4389 3669 4390
f 3669 3665 4390
f 3665 3663 4390
f 4390 3663 4391
f 4391 3663 4392
f 3663 3660 4392
f 3660 3658 4392
f 4392 3658 4393
f 3658 3657 4393
f 3657 3653 4393
f 4393 3653 4394
f 4394 3653 4395
f 3653 3652 4395
f 3652 3650 4395
f 3650 3649 4396
f 3649 3616 4396
f 4396 3616 4397
f 3616 3648 4397
f 4397 3648 4398
f 3648 3646 4398
f 3646 3645 4398
f 4398 3645 4399
f 3645 3619 4399
f 4399 3619 4400
f 3619 3643 4400
f 4400 3643 4401
f 3643 3642 4401
f 4401 3642 4402
f 3642 3622 4402
f 4402 3622 4403
f 3622 3640 4403
f 3640 3638 4403
f 4403 3638 4404
f 3638 3636 4404
f 4404 3636 4405
f 3636 3625 4405
f 4405 3625 4406
f 3625 3634 4406
f 4406 3634 4407
f 4407 3634 4408
f 3634 3630 4408
f 3630 3626 4408
f 4408 3626 4409
f 3626 3628 4409
f 3628 3717 4409
f 3522 1772 3520
f 1772 1774 3520
f 3520 1774 3518
f 1774 1776 3518
f 3518 1776 3516
f 1776 1778 3516
f 3516 1778 3514
f 1778 1780 3514
f 3514 1780 3512
f 1780 1782 3512
f 3512 1782 3510
f 1782 1640 3510
f 3510 1640 3508
f 1640 1642 3508
f 3508 1642 3506
f 1642 1644 3506
f 3506 1644 3504
f 1644 1646 3504
f 3504 1646 3502
f 1646 1648 3502
f 3502 1648 3500
f 1648 1650 3500
f 3500 1650 3498
f 1650 1652 3498
f 3498 1652 3496
f 1652 1654 3496
f 3496 1654 3494
f 1654 1656 3494
f 3494 1656 3492
f 1656 1658 3492
f 3492 1658 3490
f 1658 1660 3490
f 3490 1660 3488
f 1660 1662 3488
f 3488 1662 3486
f 1662 1664 3486
f 3486 1664 3484
f 1664 1666 3484
f 3484 1666 3482
f 1666 1668 3482
f 3482 1668 3480
f 1668 1670 3480
f 3480 1670 3478
f 1670 1672 3478
f 3478 1672 3476
f 1672 1674 3476
f 3476 1674 3474
f 1674 1676 3474
f 3474 1676 3472
f 1676 1678 3472
f 3472 1678 3470
f 1678 1680 3470
f 3470 1680 3468
f 1680 1682 3468
f 3468 1682 3466
f 1682 1684 3466
f 3466 1684 3464
f 1684 1686 3464
f 3464 1686 3462
f 1686 1688 3462
f 3462 1688 3460
f 1688 1690 3460
f 3460 1690 3458
f 1690 1692 3458
f 3458 1692 3456
f 1692 1694 3456
f 3456 1694 3454
f 1694 1696 3454
f 3454 1696 3452
f 1696 1698 3452
f 3452 1698 3594
f 1698 1700 3594
f 3594 1700 3592
f 1700 1702 3592
f 3592 1702 3590
f 1702 1704 3590
f 3590 1704 3588
f 1704 1706 3588
f 3588 1706 3586
f 1706 1708 3586
f 3586 1708 3584
f 1708 1710 3584
f 3584 1710 3582
f 1710 1712 3582
f 3582 1712 3580
f 1712 1714 3580
f 3580 1714 3578
f 1714 1716 3578
f 3578 1716 3576
f 1716 1718 3576
f 3576 1718 3574
f 1718 1720 3574
f 3574 1720 3572
f 1720 1722 3572
f 3572 1722 3570
f 1722 1724 3570
f 3570 1724 3568
f 1724 1726 3568
f 3568 1726 3566
f 1726 1728 3566
f 3566 1728 3564
f 1728 1730 3564
f 3564 1730 3562
f 1730 1732 3562
f 3562 1732 3560
f 1732 1734 3560
f 3560 1734 3558
f 1734 1736 3558
f 3558 1736 3556
f 1736 1738 3556
f 3556 1738 3554
f 1738 1740 3554
f 3554 1740 3552
f 1740 1742 3552
f 3552 1742 3550
f 1742 1744 3550
f 3550 1744 3548
f 1744 1746 3548
f 3548 1746 3546
f 1746 1748 3546
f 3546 1748 3544
f 1748 1750 3544
f 3544 1750 3542
f 1750 1752 3542
f 3542 1752 3540
f 1752 1754 3540
f 3540 1754 3538
f 1754 1756 3538
f 3538 1756 3536
f 1756 1758 3536
f 3536 1758 3534
f 1758 1760 3534
f 3534 1760 3532
f 1760 1762 3532
f 3532 1762 3530
f 1762 1764 3530
f 3530 1764 3528
f 1764 1766 3528
f 3528 1766 3526
f 1766 1768 3526
f 3526 1768 3524
f 1768 1770 3524
f 3524 1770 3522
f 1770 1772 3522
f 4414 4415 4416
f 4415 4417 4416
f 4416 4417 4418
f 4417 4419 4418
f 4418 4419 4420
f 4419 4421 4420
f 4420 4421 4422
f 4421 4423 4422
f 4422 4423 4424
f 4423 4425 4424
f 4424 4425 4426
f 4425 4427 4426
f 4426 4427 4428
f 4427 4429 4428
f 4428 4429 4430
f 4429 4431 4430
f 4430 4431 4432
f 4431 4433 4432
f 4432 4433 4434
f 4433 4435 4434
f 4434 4435 4436
f 4435 4437 4436
f 4436 4437 4438
f 4437 4439 4438
f 4438 4439 4440
f 4439 4441 4440
f 4440 4441 4442
f 4441 4443 4442
f 4442 4443 4444
f 4443 4445 4444
f 4444 4445 4446
f 4445 4447 4446
f 4446 4447 4448
f 4447 4449 4448
f 4448 4449 4450
f 4449 4451 4450
f 4450 4451 4452
f 4451 4453 4452
f 4452 4453 4454
f 4453 4455 4454
f 4454 4455 4456
f 4455 4457 4456
f 4456 4457 4458
f 4457 4459 4458
f 4458 4459 4460
f 4459 4461 4460
f 4460 4461 4462
f 4461 4463 4462
f 4462 4463 4464
f 4463 4465 4464
f 4464 4465 4466
f 4465 4467 4466
f 4466 4467 4468
f 4467 4469 4468
f 4468 4469 4470
f 4469 4471 4470
f 4470 4471 4472
f 4471 4473 4472
f 4472 4473 4474
f 4473 4475 4474
f 4474 4475 4476
f 4475 4477 4476
f 4476 4477 4478
f 4477 4479 4478
f 4478 4479 4480
f 4479 4481 4480
f 4480 4481 4482
f 4481 4483 4482
f 4482 4483 4484
f 4483 4485 4484
f 4484 4485 4486
f 4485 4487 4486
f 4486 4487 4488
f 4487 4489 4488
f 4488 4489 4490
f 4489 4491 4490
f 4490 4491 4492
f 4491 4493 4492
f 4492 4493 4494
f 4493 4495 4494
f 4494 4495 4496
f 4495 4497 4496
f 4496 4497 4498
f 4497 4499 4498
f 4498 4499 4500
f 4499 4501 4500
f 4500 4501 4502
f 4501 4503 4502
f 4502 4503 4504
f 4503 4505 4504
f 4504 4505 4506
f 4505 4507 4506
f 4506 4507 4508
f 4507 4509 4508
f 4508 4509 4510
f 4509 4511 4510
f 4510 4511 4512
f 4511 4513 4512
f 4512 4513 4514
f 4513 4515 4514
f 4514 4515 4516
f 4515 4517 4516
f 4516 4517 4518
f 4517 4519 4518
f 4518 4519 4520
f 4519 4521 4520
f 4520 4521 4522
f 4521 4523 4522
f 4522 4523 4524
f 4523 4525 4524
f 4524 4525 4526
f 4525 4527 4526
f 4526 4527 4528
f 4527 4529 4528
f 4528 4529 4530
f 4529 4531 4530
f 4530 4531 4532
f 4531 4533 4532
f 4532 4533 4534
f 4533 4535 4534
f 4534 4535 4536
f 4535 4537 4536
f 4536 4537 4538
f 4537 4539 4538
f 4538 4539 4540
f 4539 4541 4540
f 4540 4541 4542
f 4541 4543 4542
f 4542 4543 4544
f 4543 4545 4544
f 4544 4545 4546
f 4545 4547 4546
f 4546 4547 4548
f 4547 4549 4548
f 4548 4549 4550
f 4549 4551 4550
f 4550 4551 4552
f 4551 4553 4552
f 4552 4553 4554
f 4553 4555 4554
f 4554 4555 4556
f 4555 4557 4556
f 4556 4557 4414
f 4557 4415 4414
f 1416 1431 220
f 2047 2045 286
f 286 2045 2044
f 1431 221 220
f 261 2335 253
f 253 2335 2047
f 2044 2048 286
f 286 2048 287
f 285 1378 276
f 2047 286 253
f 253 286 263
f 286 308 263
f 263 308 265
f 308 310 265
f 265 310 220
f 310 276 220
f 1378 1399 276
f 1399 1416 276
f 276 1416 220
f 4558 4559 2557
f 4560 4561 1717
f 4562 4563 2623
f 3692 3694 2569
f 2569 3694 2571
f 3694 3693 2571
f 3693 4412 2571
f 4412 4411 2571
f 2571 4411 4410
f 3621 3620 1661
f 4410 3695 2571
f 3695 3697 2571
f 3697 3603 2571
f 3603 3602 2571
f 2571 3602 3698
f 2571 3698 3700
f 3700 3701 2571
f 3631 3633 1661
f 3701 3704 2571
f 3704 3708 2571
f 2571 3708 3706
f 3706 3705 2571
f 3705 3709 2571
f 3709 3711 2571
f 3711 3714 2571
f 3714 3713 2571
f 2571 3713 3715
f 3715 3719 2571
f 2571 3719 3718
f 3627 3632 1661
f 1661 3718 3716
f 3716 3629 1661
f 1661 3629 3627
f 3632 3631 1661
f 3633 3635 1661
f 3635 3624 1661
f 3624 3623 1661
f 1661 3623 3637
f 3637 3639 1661
f 3639 3638 1661
f 3638 3641 1661
f 1661 3641 3621
f 1661 3620 3642
f 3642 3644 1661
f 1661 3644 1663
f 1663 3644 3618
f 3618 3617 1663
f 1663 3617 3645
f 3606 3605 2569
f 2569 3605 3692
f 3645 3647 1663
f 1663 3647 1665
f 3647 3646 1665
f 1665 3646 3648
f 3648 3615 1665
f 1665 3615 3614
f 3609 3608 2567
f 2567 3608 3690
f 3614 3649 1665
f 3649 3651 1665
f 3651 3652 1665
f 1665 3652 3654
f 1665 3654 3655
f 3655 3656 1665
f 3656 3659 1665
f 3659 3658 1665
f 1665 3658 3661
f 1665 3661 3662
f 3662 3664 1665
f 3664 3666 1665
f 3666 3670 1665
f 1665 3670 3668
f 3668 3667 1665
f 1665 3667 3671
f 2567 3673 3675
f 3675 3677 2567
f 3677 3680 2567
f 2567 3680 3679
f 2567 3679 3681
f 3681 3683 2567
f 3683 3612 2567
f 3612 3611 2567
f 2567 3611 3685
f 3685 3689 2567
f 3689 3688 2567
f 3688 3687 2567
f 2567 3687 3609
f 3690 4413 2567
f 4413 3691 2567
f 2567 3691 2569
f 3691 3606 2569
f 2778 2781 2585
f 2781 2783 2585
f 2585 2783 2785
f 2585 2785 2788
f 2788 2787 2585
f 2787 2790 2585
f 2790 2789 2585
f 2789 2792 2585
f 2792 2794 2585
f 2794 2795 2585
f 2795 2797 2585
f 2585 2797 2800
f 2800 2799 2585
f 2585 2799 2802
f 2802 2801 1647
f 1647 2801 2703
f 2703 2702 1647
f 1647 2702 2706
f 2706 2708 1647
f 2708 2710 1647
f 2710 2711 1647
f 2711 2713 1647
f 2713 2714 1647
f 1647 2714 2716
f 1647 2716 2718
f 2765 3451 2581
f 3451 2766 2581
f 2766 2768 2581
f 2581 2768 2769
f 2771 2583 2769
f 2583 2581 2769
f 2771 2773 2583
f 2773 2777 2583
f 2777 2775 2583
f 2775 2774 2583
f 2774 2779 2583
f 2583 2779 2585
f 2779 2778 2585
f 1651 2696 1653
f 2696 2728 1653
f 2728 2729 1653
f 2729 2731 1653
f 2731 2733 1653
f 1653 2733 2732
f 1653 2732 2735
f 2735 2737 1653
f 2737 2739 1653
f 2739 2740 1653
f 2740 2742 1653
f 2742 2743 1653
f 1653 2743 2745
f 2745 2750 2579
f 2750 2749 2579
f 2579 2749 2748
f 2748 2752 2579
f 2579 2752 2751
f 2579 2751 2755
f 2755 2754 2579
f 2754 2757 2579
f 2757 2759 2579
f 2759 2762 2579
f 2579 2762 2761
f 2579 2761 2581
f 2761 2763 2581
f 2581 2763 2765
f 2718 2717 1647
f 1647 2717 1649
f 1649 2717 2720
f 2720 2722 1649
f 2722 2721 1649
f 2721 2699 1649
f 2699 2701 1649
f 1649 2701 1651
f 2701 2723 1651
f 2723 2725 1651
f 2725 2726 1651
f 1651 2726 2727
f 1651 2727 2696
f 1781 1873 1874
f 1876 1877 1783
f 1781 1874 1783
f 1874 1876 1783
f 1877 1878 1783
f 1878 2543 1783
f 2543 2542 1783
f 2542 1879 1783
f 1879 1791 1783
f 1791 1790 1783
f 1790 1881 1783
f 1783 1881 1882
f 1882 1884 1783
f 1884 1886 1783
f 1886 1885 1783
f 1783 1885 1888
f 1783 1888 1890
f 1890 1893 1783
f 1893 1892 1783
f 1783 1892 1897
f 1897 1896 1783
f 1783 1896 1894
f 2540 2539 2593
f 1794 1793 2593
f 1793 1797 2593
f 1797 1799 2593
f 1799 1798 2593
f 2593 1798 1801
f 2593 1801 1803
f 1803 1804 2593
f 1804 1805 2593
f 2593 1805 1807
f 2593 1807 1808
f 1808 1810 2593
f 1810 1811 2593
f 2593 1811 2541
f 2593 2541 2540
f 2539 1812 2593
f 2593 1812 2595
f 1812 1814 2595
f 1779 1853 1854
f 1854 1856 1779
f 1779 1856 1858
f 1872 1873 1781
f 1866 1867 1779
f 1867 1869 1779
f 1864 1866 1779
f 1861 1864 1779
f 1858 1860 1779
f 1779 1860 1862
f 1779 1862 1861
f 1869 1868 1779
f 1868 2545 1779
f 2545 2544 1779
f 2544 1870 1779
f 1779 1870 1781
f 1870 1872 1781
f 2599 2597 1840
f 1840 1842 2599
f 2599 1842 1843
f 1843 1845 2599
f 2599 1845 1849
f 1849 1847 1777
f 1777 1847 1846
f 1846 1851 1777
f 1777 1851 1779
f 1779 1851 1853
f 1814 1816 2595
f 1816 1815 2595
f 2595 1815 2597
f 1815 1820 2597
f 2597 1820 1817
f 1817 1819 2597
f 2597 1819 1821
f 1821 1823 2597
f 2597 1823 1827
f 1827 1825 2597
f 2597 1825 1824
f 1824 1829 2597
f 1829 1833 2597
f 2597 1833 1832
f 2597 1832 1835
f 1835 1837 2597
f 2597 1837 1836
f 1836 1838 2597
f 2597 1838 1840
f 890 892 1765
f 966 965 2611
f 965 969 2611
f 969 970 2611
f 970 972 2611
f 972 973 2611
f 973 975 2611
f 975 979 2611
f 979 977 2611
f 977 981 2611
f 981 984 2611
f 2611 984 983
f 983 986 2611
f 2611 986 985
f 985 988 2611
f 2611 988 992
f 992 990 1765
f 990 989 1765
f 1765 989 895
f 895 897 1765
f 1765 897 896
f 896 898 1765
f 1765 898 900
f 900 902 1765
f 902 904 1765
f 904 905 1765
f 1765 905 890
f 961 963 2609
f 953 954 2607
f 2607 954 956
f 956 957 2607
f 957 1637 2607
f 1637 960 2607
f 960 959 2607
f 2607 959 2609
f 959 961 2609
f 963 964 2609
f 2609 964 968
f 968 966 2609
f 2609 966 2611
f 1771 921 923
f 923 926 1771
f 926 925 1771
f 925 929 1771
f 1771 929 928
f 1771 928 930
f 930 932 1771
f 935 2605 936
f 932 934 1771
f 934 938 1771
f 1771 938 936
f 935 940 2605
f 2605 940 939
f 939 942 2605
f 942 944 2605
f 944 946 2605
f 2605 946 949
f 2605 949 948
f 948 950 2605
f 950 951 2605
f 2605 951 2607
f 951 953 2607
f 909 907 1767
f 892 1639 1765
f 1765 1639 1767
f 1639 909 1767
f 907 906 1767
f 1767 906 911
f 1767 911 1769
f 911 912 1769
f 1769 912 1638
f 1638 915 1769
f 915 914 1769
f 914 916 1769
f 1769 916 918
f 1769 918 1771
f 918 919 1771
f 1771 919 921
f 2623 4563 2625
f 4563 4564 2625
f 2625 4564 4565
f 2625 4565 4566
f 4566 4567 2625
f 2625 4567 4568
f 2625 4568 4569
f 4569 4570 1751
f 4570 4571 1751
f 4571 4572 1751
f 4572 4573 1751
f 1751 4573 4574
f 2621 4575 4576
f 2623 2621 4577
f 2621 4576 4577
f 4577 4578 2623
f 4578 4579 2623
f 4579 4580 2623
f 4580 4581 2623
f 4581 4582 2623
f 2623 4582 4583
f 2623 4583 4584
f 4584 4585 2623
f 2623 4585 4562
f 1757 1755 4586
f 4586 1755 4587
f 4586 4588 1757
f 1757 4588 4589
f 4589 4590 1757
f 1757 4590 4591
f 4591 4592 1757
f 4592 4593 1757
f 4593 4594 1757
f 1757 4594 4595
f 4595 4596 1757
f 1757 4596 4597
f 4597 4598 1757
f 1757 4598 4599
f 4599 4600 1757
f 1757 4600 4601
f 4601 4602 1757
f 1757 4602 4603
f 4603 4604 2619
f 4604 4605 2619
f 4605 4606 2619
f 2619 4606 4607
f 4607 4608 2619
f 2619 4608 4609
f 4609 4610 2619
f 2619 4610 4611
f 4611 4612 2619
f 2619 4612 4613
f 4614 4615 2619
f 2619 4615 4616
f 4617 4618 2619
f 2619 4618 4614
f 4613 4617 2619
f 4616 4619 2619
f 2619 4619 2621
f 4619 4620 2621
f 2621 4620 4575
f 4621 4622 1753
f 4621 1753 4623
f 1751 4574 1753
f 4574 4624 1753
f 1753 4624 4625
f 1753 4625 4626
f 4626 4627 1753
f 4627 4628 1753
f 1753 4628 4623
f 4622 4629 1753
f 1753 4629 1755
f 1755 4629 4630
f 1755 4630 4587
f 1743 4631 1745
f 4631 4632 1745
f 4632 4633 1745
f 4633 4634 1745
f 4634 4635 1745
f 4635 4636 1745
f 4636 4637 1745
f 4638 4639 2631
f 2631 4639 4640
f 4640 4641 2631
f 2631 4641 4642
f 4642 4643 2631
f 2631 4643 4644
f 4644 4645 2631
f 2631 4645 2633
f 4646 4647 1741
f 4647 4648 1741
f 4648 4649 1741
f 1741 4649 1743
f 4649 4650 1743
f 1743 4650 4651
f 1743 4651 4652
f 4652 4653 1743
f 1743 4653 4654
f 4654 4655 1743
f 1743 4655 4656
f 1743 4656 4657
f 4657 4658 1743
f 1743 4658 4631
f 2637 4659 4660
f 4660 4661 2637
f 2637 4661 4662
f 4662 4663 2637
f 2637 4663 4664
f 4664 4665 2637
f 4665 4666 2637
f 4666 4667 2637
f 4667 4668 2637
f 2637 4668 4669
f 4669 4670 2637
f 2637 4670 4671
f 4671 4672 2637
f 2637 4672 4673
f 4673 4674 2637
f 2637 4674 4675
f 4675 4676 1739
f 1739 4676 4677
f 4677 4678 1739
f 1739 4678 4679
f 4679 4680 1739
f 1739 4680 4681
f 4681 4682 1739
f 4682 4683 1739
f 4683 4684 1739
f 4684 4685 1739
f 1739 4685 4686
f 4686 4687 1739
f 4687 4688 1739
f 4688 4689 1739
f 1739 4689 1741
f 4689 4646 1741
f 4645 4690 2633
f 4690 4691 2633
f 4691 4692 2633
f 4692 4693 2633
f 4693 4694 2633
f 4694 4695 2633
f 4695 4696 2633
f 2633 4696 4697
f 4697 4698 2633
f 4698 4699 2633
f 2633 4699 2635
f 4699 4700 2635
f 2635 4700 4701
f 4701 4702 2635
f 4702 4703 2635
f 2635 4703 2637
f 4703 4659 2637
f 2649 4704 2651
f 4704 4705 2651
f 4706 4707 1725
f 4705 4708 2651
f 4708 4709 2651
f 4709 4710 2651
f 4710 4711 2651
f 4711 4706 2651
f 4707 4712 1725
f 1725 4712 4713
f 4713 4714 1725
f 1725 4714 4715
f 4715 4716 1725
f 1725 4716 4717
f 4717 4718 1725
f 1725 4718 1727
f 4719 4720 2647
f 4720 4721 2647
f 4721 4722 2647
f 2647 4722 2649
f 4722 4723 2649
f 2649 4723 4724
f 2649 4724 4725
f 4725 4726 2649
f 4726 4727 2649
f 2649 4727 4728
f 2649 4728 4729
f 4729 4730 2649
f 2649 4730 4704
f 1731 4731 4732
f 4732 4733 1731
f 1731 4733 4734
f 4734 4735 1731
f 1731 4735 4736
f 4736 4737 1731
f 4737 4738 1731
f 4738 4739 1731
f 4739 4740 1731
f 1731 4740 4741
f 1731 4741 4742
f 4742 4743 1731
f 1731 4743 4744
f 4744 4745 1731
f 1731 4745 4746
f 4747 2645 4748
f 4747 4749 2645
f 2645 4749 4750
f 4750 4751 2645
f 2645 4751 4752
f 4752 4753 2645
f 4753 4754 2645
f 4754 4755 2645
f 4755 4756 2645
f 2645 4756 4757
f 4757 4758 2645
f 2645 4758 4759
f 4759 4760 2645
f 2645 4760 2647
f 4760 4719 2647
f 4718 4761 1727
f 4761 4762 1727
f 4762 4763 1727
f 4763 4764 1727
f 4764 4765 1727
f 4765 4766 1727
f 4766 4767 1727
f 1727 4767 4768
f 4768 4769 1727
f 4769 4770 1727
f 1727 4770 1729
f 4770 4771 1729
f 1729 4771 4772
f 4772 4773 1729
f 4773 4774 1729
f 1729 4774 1731
f 4774 4731 1731
f 2661 4775 2663
f 4775 4776 2663
f 4776 4777 2663
f 4777 4778 2663
f 4778 4779 2663
f 4779 4780 2663
f 4780 4781 2663
f 4781 4782 2663
f 4782 4783 2663
f 2663 4783 4784
f 4784 4785 2663
f 2663 4785 4786
f 4787 4788 2663
f 2663 4786 4789
f 4789 4790 2663
f 2663 4790 4791
f 4791 4792 2663
f 4792 4787 2663
f 4788 4793 1713
f 4793 4794 1713
f 1713 4794 4795
f 4795 4796 1713
f 1713 4796 4797
f 4797 4798 1713
f 1713 4798 4799
f 4799 4800 1713
f 4800 4801 1713
f 4801 4802 1713
f 4802 4803 1713
f 1713 4803 4804
f 4805 4806 1713
f 4804 4807 1713
f 1713 4807 4808
f 1713 4808 4805
f 4809 1715 4810
f 1715 1713 4810
f 4810 1713 4806
f 4811 4812 2659
f 4811 2659 4813
f 4814 4815 2659
f 4815 4816 2659
f 4816 4817 2659
f 4817 4818 2659
f 2659 4818 4813
f 4812 4819 2659
f 2659 4819 2661
f 4819 4820 2661
f 4820 4821 2661
f 2661 4821 4775
f 1717 4561 1719
f 1719 4561 4822
f 4822 4823 1719
f 4823 4824 1719
f 4824 4825 1719
f 4825 4826 1719
f 4826 4827 1719
f 1719 4827 4828
f 4828 4829 2657
f 4829 4830 2657
f 4830 4831 2657
f 2657 4831 4832
f 4832 4833 2657
f 2657 4833 4834
f 4834 4835 2657
f 2657 4835 2659
f 2659 4835 4814
f 4809 4836 1715
f 1717 1715 4837
f 4837 1715 4836
f 4837 4838 1717
f 1717 4838 4839
f 4839 4840 1717
f 4840 4841 1717
f 4841 4842 1717
f 1717 4842 4843
f 1717 4843 4844
f 4844 4560 1717
f 4845 4846 2671
f 4847 4848 1705
f 4848 4849 1705
f 4849 4850 1705
f 4850 4851 1705
f 4851 4852 1705
f 4852 4853 1705
f 4853 4854 1705
f 4854 4855 1705
f 4855 4856 1705
f 4856 4857 1705
f 1705 4857 4858
f 4858 4859 1705
f 1705 4859 4860
f 4860 4861 1705
f 1705 4861 4862
f 4863 4864 2671
f 2671 4864 4865
f 4865 4866 2671
f 2671 4866 4867
f 4867 4868 2671
f 2671 4868 4869
f 4869 4870 2671
f 4870 4871 2671
f 4871 4872 2671
f 2671 4872 4845
f 4873 4874 1703
f 4875 4876 1701
f 1701 4876 4877
f 4877 4878 1701
f 4878 4879 1701
f 4879 4880 1701
f 4880 4881 1701
f 1701 4881 1703
f 4881 4873 1703
f 4874 4882 1703
f 1703 4882 4883
f 4883 4847 1703
f 1703 4847 1705
f 2677 4884 4885
f 4885 4886 2677
f 4886 4887 2677
f 4887 4888 2677
f 2677 4888 4889
f 4889 4890 2677
f 2677 4890 4891
f 4891 4892 2677
f 4893 4894 1699
f 4892 4895 2677
f 4895 4896 2677
f 2677 4896 4893
f 4894 4897 1699
f 1699 4897 4898
f 4898 4899 1699
f 4899 4900 1699
f 4900 4901 1699
f 1699 4901 4902
f 1699 4902 4903
f 4903 4904 1699
f 4904 4905 1699
f 1699 4905 1701
f 4905 4875 1701
f 4906 4907 2673
f 4846 4908 2671
f 2671 4908 2673
f 4908 4906 2673
f 4907 4909 2673
f 2673 4909 4910
f 2673 4910 2675
f 4910 4911 2675
f 4911 4912 2675
f 2675 4912 4913
f 4913 4914 2675
f 4914 4915 2675
f 2675 4915 4916
f 4916 4917 2675
f 2675 4917 4918
f 2675 4918 2677
f 4918 4919 2677
f 2677 4919 4884
f 2687 4920 4921
f 4922 4923 2689
f 2687 4921 2689
f 2689 4921 4922
f 4923 4924 2689
f 2689 4924 4925
f 4925 4926 2689
f 4926 4927 2689
f 4927 4928 2689
f 4928 4929 2689
f 4929 4930 2689
f 4930 4931 2689
f 2689 4931 4932
f 4932 4933 2689
f 4933 4934 2689
f 2689 4934 4935
f 2689 4935 4936
f 4936 4937 2689
f 4937 4938 2689
f 2689 4938 4939
f 4939 4940 2689
f 2689 4940 4941
f 4942 1687 4941
f 4943 4944 1687
f 4942 4945 1687
f 4945 4946 1687
f 4946 4947 1687
f 4947 4948 1687
f 1687 4948 4949
f 1687 4949 4950
f 4950 4951 1687
f 4951 4952 1687
f 1687 4952 4953
f 1687 4953 4954
f 4954 4955 1687
f 4955 4956 1687
f 1687 4956 4957
f 1687 4957 4943
f 4944 4958 1687
f 1687 4958 1689
f 4958 4959 1689
f 2685 4960 4961
f 4961 4962 2685
f 2685 4962 4963
f 4964 4920 2687
f 4965 4966 2685
f 4966 4967 2685
f 4968 4965 2685
f 4969 4968 2685
f 4963 4970 2685
f 2685 4970 4971
f 2685 4971 4969
f 4967 4972 2685
f 4972 4973 2685
f 4973 4974 2685
f 4974 4975 2685
f 2685 4975 2687
f 4975 4964 2687
f 1693 1691 4976
f 4976 4977 1693
f 1693 4977 4978
f 4978 4979 1693
f 1693 4979 4980
f 4981 2683 4982
f 4981 4983 2683
f 2683 4983 2685
f 2685 4983 4960
f 4959 4984 1689
f 4984 4985 1689
f 1689 4985 1691
f 4985 4986 1691
f 1691 4986 4987
f 4987 4988 1691
f 1691 4988 4989
f 4989 4990 1691
f 1691 4990 4991
f 1691 4991 4992
f 4992 4993 1691
f 4993 4994 1691
f 4994 4995 1691
f 1691 4995 4996
f 1691 4996 4997
f 4997 4998 1691
f 1691 4998 4999
f 4999 5000 1691
f 1691 5000 4976
f 5001 5002 1679
f 5002 5003 1679
f 1679 5003 5004
f 1679 5004 5005
f 5005 5006 1679
f 5006 5007 1679
f 5007 5008 1679
f 5008 5009 1679
f 5009 5010 1679
f 5010 5011 1679
f 5011 5012 1679
f 1679 5012 5013
f 5013 5014 1679
f 1679 5014 5015
f 5016 2553 5017
f 5016 5018 2553
f 2553 5018 5019
f 5019 5020 2553
f 2553 5020 5021
f 5021 5022 2553
f 5022 5023 2553
f 5023 5024 2553
f 5024 5025 2553
f 2553 5025 5026
f 2553 5026 5027
f 5028 5029 1675
f 5029 5030 1675
f 5030 5031 1675
f 1675 5031 5032
f 5033 1677 5032
f 1677 1675 5032
f 5033 5034 1677
f 5034 5035 1677
f 5035 5036 1677
f 5036 5037 1677
f 1677 5037 1679
f 5037 5001 1679
f 2557 4559 2559
f 2559 4559 5038
f 5038 5039 2559
f 5039 5040 2559
f 5040 5041 2559
f 2559 5041 5042
f 2559 5042 5043
f 5043 5044 2559
f 5044 5045 2559
f 5045 5046 2559
f 5046 5047 2559
f 5047 5048 2559
f 2559 5048 5049
f 5049 5050 1673
f 5050 5051 1673
f 1673 5051 5052
f 5052 5053 1673
f 1673 5053 5054
f 1673 5054 5055
f 5055 5056 1673
f 5056 5057 1673
f 5057 5058 1673
f 5058 5059 1673
f 1673 5059 5060
f 1673 5060 1675
f 5060 5061 1675
f 1675 5061 5028
f 5027 5062 2553
f 2553 5062 2555
f 2555 5062 5063
f 5063 5064 2555
f 5064 5065 2555
f 5065 5066 2555
f 5066 5067 2555
f 5067 5068 2555
f 2555 5068 2557
f 5068 5069 2557
f 5069 5070 2557
f 5070 5071 2557
f 2557 5071 5072
f 2557 5072 4558
f 4788 1713 2663
f 1713 1711 2663
f 2663 1711 2665
f 1711 1709 2665
f 2665 1709 2667
f 1709 1707 2667
f 2667 1707 2669
f 1707 1705 2669
f 2669 1705 2671
f 1705 4862 2671
f 2671 4862 4863
f 4706 1725 2651
f 1725 1723 2651
f 2651 1723 2653
f 1723 1721 2653
f 2653 1721 2655
f 1721 1719 2655
f 2655 1719 2657
f 1719 4828 2657
f 4675 1739 2637
f 1739 1737 2637
f 2637 1737 2639
f 1737 1735 2639
f 2639 1735 2641
f 1735 1733 2641
f 2641 1733 2643
f 1733 1731 2643
f 2643 1731 2645
f 1731 4746 2645
f 2645 4746 4748
f 4569 1751 2625
f 1751 1749 2625
f 2625 1749 2627
f 1749 1747 2627
f 2627 1747 2629
f 1747 1745 2629
f 2629 1745 2631
f 1745 4637 2631
f 2631 4637 4638
f 992 1765 2611
f 1765 1763 2611
f 2611 1763 2613
f 1763 1761 2613
f 2613 1761 2615
f 1761 1759 2615
f 2615 1759 2617
f 1759 1757 2617
f 2617 1757 2619
f 1757 4603 2619
f 1849 1777 2599
f 1777 1775 2599
f 2599 1775 2601
f 1775 1773 2601
f 2601 1773 2603
f 1773 1771 2603
f 2603 1771 2605
f 1771 936 2605
f 2802 1647 2585
f 1647 1645 2585
f 2585 1645 2587
f 1645 1643 2587
f 2587 1643 2589
f 1643 1641 2589
f 2589 1641 2591
f 1641 1783 2591
f 2591 1783 2593
f 1783 1894 2593
f 2593 1894 1794
f 3718 1661 2571
f 1661 1659 2571
f 2571 1659 2573
f 1659 1657 2573
f 2573 1657 2575
f 1657 1655 2575
f 2575 1655 2577
f 1655 1653 2577
f 2577 1653 2579
f 1653 2745 2579
f 5049 1673 2559
f 1673 1671 2559
f 2559 1671 2561
f 1671 1669 2561
f 2561 1669 2563
f 1669 1667 2563
f 2563 1667 2565
f 1667 1665 2565
f 2565 1665 2567
f 1665 3671 2567
f 2567 3671 3673
f 4941 1687 2689
f 1687 1685 2689
f 2689 1685 2547
f 1685 1683 2547
f 2547 1683 2549
f 1683 1681 2549
f 2549 1681 2551
f 1681 1679 2551
f 2551 1679 2553
f 1679 5015 2553
f 2553 5015 5017
f 4893 1699 2677
f 1699 1697 2677
f 2677 1697 2679
f 1697 1695 2679
f 2679 1695 2681
f 1695 1693 2681
f 2681 1693 2683
f 1693 4980 2683
f 2683 4980 4982
f 5073 5074 5075
f 5074 5076 5075
f 5075 5076 5077
f 5076 5078 5077
f 5077 5078 5079
f 5078 5080 5079
f 5079 5080 5081
f 5080 5082 5081
f 5081 5082 5083
f 5082 5084 5083
f 5083 5084 5085
f 5084 5086 5085
f 5085 5086 5087
f 5086 5088 5087
f 5087 5088 5089
f 5088 5090 5089
f 5089 5090 5091
f 5090 5092 5091
f 5091 5092 5093
f 5092 5094 5093
f 5093 5094 5095
f 5094 5096 5095
f 5095 5096 5097
f 5096 5098 5097
f 5097 5098 5099
f 5098 5100 5099
f 5099 5100 5101
f 5100 5102 5101
f 5101 5102 5103
f 5102 5104 5103
f 5103 5104 5105
f 5104 5106 5105
f 5105 5106 5107
f 5106 5108 5107
f 5107 5108 5109
f 5108 5110 5109
f 5109 5110 5111
f 5110 5112 5111
f 5111 5112 5113
f 5112 5114 5113
f 5113 5114 5115
f 5114 5116 5115
f 5115 5116 5117
f 5116 5118 5117
f 5117 5118 5119
f 5118 5120 5119
f 5119 5120 5121
f 5120 5122 5121
f 5121 5122 5123
f 5122 5124 5123
f 5123 5124 5125
f 5124 5126 5125
f 5125 5126 5127
f 5126 5128 5127
f 5127 5128 5129
f 5128 5130 5129
f 5129 5130 5131
f 5130 5132 5131
f 5131 5132 5133
f 5132 5134 5133
f 5133 5134 5135
f 5134 5136 5135
f 5135 5136 5137
f 5136 5138 5137
f 5137 5138 5139
f 5138 5140 5139
f 5139 5140 5141
f 5140 5142 5141
f 5141 5142 5143
f 5142 5144 5143
f 5143 5144 5145
f 5144 5146 5145
f 5145 5146 5147
f 5146 5148 5147
f 5147 5148 5149
f 5148 5150 5149
f 5149 5150 5151
f 5150 5152 5151
f 5151 5152 5153
f 5152 5154 5153
f 5153 5154 5155
f 5154 5156 5155
f 5155 5156 5157
f 5156 5158 5157
f 5157 5158 5159
f 5158 5160 5159
f 5159 5160 5161
f 5160 5162 5161
f 5161 5162 5163
f 5162 5164 5163
f 5163 5164 5165
f 5164 5166 5165
f 5165 5166 5167
f 5166 5168 5167
f 5167 5168 5169
f 5168 5170 5169
f 5169 5170 5171
f 5170 5172 5171
f 5171 5172 5173
f 5172 5174 5173
f 5173 5174 5175
f 5174 5176 5175
f 5175 5176 5177
f 5176 5178 5177
f 5177 5178 5179
f 5178 5180 5179
f 5179 5180 5181
f 5180 5182 5181
f 5181 5182 5183
f 5182 5184 5183
f 5183 5184 5185
f 5184 5186 5185
f 5185 5186 5187
f 5186 5188 5187
f 5187 5188 5189
f 5188 5190 5189
f 5189 5190 5191
f 5190 5192 5191
f 5191 5192 5193
f 5192 5194 5193
f 5193 5194 5195
f 5194 5196 5195
f 5195 5196 5197
f 5196 5198 5197
f 5197 5198 5199
f 5198 5200 5199
f 5199 5200 5201
f 5200 5202 5201
f 5201 5202 5203
f 5202 5204 5203
f 5203 5204 5205
f 5204 5206 5205
f 5205 5206 5207
f 5206 5208 5207
f 5207 5208 5209
f 5208 5210 5209
f 5209 5210 5211
f 5210 5212 5211
f 5211 5212 5213
f 5212 5214 5213
f 5213 5214 5215
f 5214 5216 5215
f 5215 5216 5073
f 5216 5074 5073
f 2343 122 121
f 177 185 2293
f 2931 2929 186
f 186 2929 2928
f 177 2293 2312
f 162 3245 154
f 154 3245 2931
f 121 2328 2343
f 2928 2932 186
f 186 2932 187
f 2931 186 154
f 154 186 164
f 186 207 164
f 164 207 166
f 207 209 166
f 166 209 121
f 209 177 121
f 121 177 2328
f 177 2312 2328
f 1928 1931 5217
f 5218 5219 4466
f 5220 5221 4454
f 4454 5221 5222
f 5222 5223 4454
f 4454 5223 5224
f 4454 5224 5225
f 5226 5227 4452
f 5227 5228 4452
f 4452 5228 5229
f 5225 5230 4454
f 4454 5230 4452
f 5230 5226 4452
f 5229 5231 4452
f 4452 5231 5232
f 5232 5233 4452
f 4452 5233 5234
f 5235 5236 5237
f 5238 5237 5239
f 5238 5240 5237
f 5240 5241 5237
f 5241 5242 5237
f 5242 5243 5237
f 5237 5243 5244
f 5244 5235 5237
f 5236 5245 5237
f 5245 5246 5237
f 5247 5248 4456
f 5248 5249 4456
f 5249 5250 4456
f 5250 5251 4456
f 4456 5251 5252
f 5252 5253 4456
f 5253 5254 4456
f 5254 5255 4456
f 5255 5256 4456
f 4456 5256 5257
f 5257 5258 4456
f 4456 5258 4454
f 5258 5220 4454
f 5259 5260 5261
f 5260 5262 5261
f 5262 5263 5261
f 5263 5264 5261
f 5264 5265 5261
f 5265 5266 5261
f 5261 5266 5267
f 5266 5268 5267
f 5268 5269 5267
f 5267 5269 5270
f 5270 5271 5267
f 5267 5271 5272
f 5267 5272 5273
f 5273 5274 5267
f 5267 5274 5237
f 5274 5275 5237
f 5237 5275 5239
f 5234 5276 4452
f 4452 5276 4450
f 4450 5276 5277
f 5277 5278 4450
f 4450 5278 5279
f 5279 5280 4450
f 5280 5281 4450
f 5281 5282 4450
f 4450 5282 5283
f 4450 5283 5284
f 5284 5285 4450
f 4450 5285 5286
f 5286 5287 4450
f 5288 5289 5290
f 5290 5291 5288
f 5288 5291 5292
f 5292 5293 5288
f 5288 5293 5294
f 5294 5295 5288
f 5295 5296 5288
f 5296 5297 5288
f 5297 5298 5288
f 5298 5299 5288
f 5299 5300 5288
f 5288 5300 5301
f 5288 5301 5261
f 5301 5302 5261
f 5261 5302 5259
f 5303 5304 5305
f 5306 5307 5308
f 5307 5309 5308
f 5309 5310 5308
f 5310 5311 5308
f 5308 5311 5305
f 5311 5312 5305
f 5312 5313 5305
f 5305 5313 5314
f 5314 5315 5305
f 5315 5316 5305
f 5316 5317 5305
f 5317 5318 5305
f 5305 5318 5319
f 5305 5319 5320
f 5320 5321 5305
f 5321 5322 5305
f 5322 5323 5305
f 5323 5324 5305
f 5324 5325 5305
f 5325 5326 5305
f 5305 5326 5327
f 5327 5328 5305
f 5305 5328 5303
f 4468 5329 5330
f 5330 5331 4468
f 5331 5332 4468
f 5332 5333 4468
f 5333 5334 4468
f 5334 5335 4468
f 5335 5336 4468
f 4468 5336 5337
f 4468 5337 5338
f 5338 5339 4468
f 5339 5340 4468
f 5340 5341 4468
f 4468 5341 5342
f 5342 5343 4468
f 5343 5344 4468
f 5344 5345 4468
f 5345 5346 4468
f 5346 5347 4468
f 5347 5348 4468
f 4468 5348 5349
f 5349 5350 4468
f 4468 5350 4466
f 5350 5351 4466
f 4466 5351 5218
f 5352 5353 4464
f 5354 5355 4464
f 4464 5355 5352
f 5356 5357 4464
f 5219 5358 4466
f 4466 5358 4464
f 5358 5359 4464
f 5359 5360 4464
f 4464 5360 5361
f 5361 5362 4464
f 5362 5363 4464
f 4464 5363 5364
f 4464 5364 5356
f 5357 5365 4464
f 5365 5366 4464
f 5366 5367 4464
f 5367 5368 4464
f 4464 5368 5354
f 5369 5370 5371
f 5370 5372 5371
f 5371 5372 5373
f 5353 5374 4464
f 4464 5374 5375
f 5373 5376 5371
f 5371 5376 5377
f 5377 5378 5371
f 5378 5379 5371
f 5379 5380 5371
f 5380 5381 5371
f 5381 5382 5371
f 5371 5382 5383
f 5371 5383 5384
f 5384 5385 5371
f 5385 5386 5371
f 5371 5386 5387
f 5387 5388 5371
f 5388 5389 5371
f 5389 5390 5371
f 5371 5390 5391
f 5371 5391 5308
f 5391 5306 5308
f 5392 5393 5394
f 5393 5395 5394
f 5395 5396 5394
f 5394 5396 5397
f 5394 5397 5398
f 5398 5399 5394
f 5394 5399 5400
f 5394 5400 5401
f 5401 5402 5394
f 5402 5403 5394
f 5403 5404 5394
f 5394 5404 5405
f 5394 5405 5406
f 5407 5408 4482
f 5408 5409 4482
f 5409 5410 4482
f 5410 5411 4482
f 5411 5412 4482
f 5412 5413 4482
f 5413 5414 4482
f 5414 5415 4482
f 4482 5415 5416
f 5416 5417 4482
f 4482 5417 5418
f 4482 5418 5419
f 5419 5420 4482
f 5420 5421 4482
f 5422 4480 5423
f 4480 4482 5423
f 5423 4482 5421
f 5424 5425 5426
f 5426 5427 5424
f 5427 5428 5424
f 5428 5429 5424
f 5429 5430 5424
f 5430 5431 5424
f 5431 5432 5424
f 5424 5432 5392
f 5432 5433 5392
f 5433 5434 5392
f 5392 5434 5435
f 5435 5436 5392
f 5392 5436 5437
f 5392 5437 5393
f 5438 5439 5440
f 5441 5442 4476
f 5442 5443 4476
f 4476 5443 5444
f 5444 5445 4476
f 4476 5445 5446
f 5446 5447 4476
f 5447 5448 4476
f 5448 5449 4476
f 5449 5450 4476
f 5439 5451 5440
f 5451 5452 5440
f 5440 5452 5453
f 5453 5454 5440
f 5440 5454 5455
f 5455 5456 5440
f 5440 5456 5457
f 5457 5458 5440
f 5458 5459 5440
f 5459 5460 5440
f 5440 5460 5424
f 5424 5460 5425
f 5422 5461 4480
f 5461 5462 4480
f 4480 5462 5463
f 4480 5463 5464
f 5464 5465 4480
f 5465 5466 4480
f 4480 5466 4478
f 5466 5467 4478
f 5467 5468 4478
f 4478 5468 5469
f 5469 5470 4478
f 4478 5470 5471
f 5471 5472 4478
f 5472 5473 4478
f 4478 5473 5474
f 4478 5474 4476
f 5474 5475 4476
f 4476 5475 5441
f 5476 5477 4494
f 5477 5478 4494
f 5478 5479 4494
f 4494 5479 5480
f 5480 5481 4494
f 4494 5481 5482
f 5482 5483 4494
f 4494 5483 5484
f 5484 5485 4494
f 5485 5486 4494
f 5486 5487 4494
f 5487 5488 4494
f 5489 5490 4492
f 5488 5491 4494
f 4494 5491 4492
f 5491 5489 4492
f 5490 5492 4492
f 5493 5494 5495
f 5493 5495 5496
f 5495 5497 5496
f 5498 5499 4496
f 5499 5500 4496
f 4496 5500 5501
f 5501 5502 4496
f 4496 5502 4494
f 5502 5503 4494
f 4494 5503 5476
f 5504 5505 5506
f 5506 5505 5507
f 5507 5508 5506
f 5506 5508 5497
f 5508 5509 5497
f 5510 5511 5497
f 5509 5512 5497
f 5512 5513 5497
f 5497 5513 5514
f 5514 5515 5497
f 5515 5516 5497
f 5497 5516 5517
f 5497 5517 5510
f 5511 5518 5497
f 5518 5519 5497
f 5497 5519 5520
f 5497 5520 5496
f 5492 5521 4492
f 5521 5522 4492
f 4492 5522 4490
f 4490 5522 5523
f 4490 5523 5524
f 5524 5525 4490
f 5525 5526 4490
f 4490 5526 5527
f 5527 5528 4490
f 5528 5529 4490
f 5529 5530 4490
f 5531 5532 4490
f 5532 5533 4490
f 4490 5533 5534
f 5530 5535 4490
f 4490 5535 5536
f 5536 5537 4490
f 4490 5537 5538
f 5538 5539 4490
f 4490 5539 5540
f 5540 5541 4490
f 4490 5541 5531
f 5534 5542 5543
f 5542 5544 5543
f 5544 5545 5543
f 5543 5545 5546
f 5546 5547 5543
f 5543 5547 5548
f 5548 5549 5543
f 5543 5549 5550
f 5550 5551 5543
f 5551 5552 5543
f 5552 5553 5543
f 5553 5554 5543
f 5554 5555 5543
f 5543 5555 5556
f 5556 5557 5543
f 5543 5557 5558
f 5543 5558 5559
f 5559 5560 5543
f 5543 5560 5506
f 5560 5561 5506
f 5506 5561 5504
f 5562 5563 5564
f 5564 5565 5562
f 5562 5565 5566
f 5562 5566 5567
f 5567 5568 5562
f 5568 5569 5562
f 5569 5570 5562
f 5570 5571 5562
f 5571 5572 5562
f 5572 5573 5562
f 5573 5574 5562
f 5574 5575 5562
f 5575 5576 5562
f 5576 5577 5562
f 5562 5577 5578
f 4508 5579 5580
f 5580 5581 4508
f 4508 5581 5582
f 5582 5583 4508
f 4508 5583 5584
f 5584 5585 4508
f 4508 5585 5586
f 5586 5587 4508
f 4508 5587 5588
f 5588 5589 4508
f 4508 5589 5590
f 5590 5591 4508
f 5591 5592 4508
f 5592 5593 4508
f 5594 5595 5596
f 5596 5597 5594
f 5594 5597 5598
f 5598 5599 5594
f 5599 5600 5594
f 5594 5600 5601
f 5594 5601 5602
f 5602 5603 5594
f 5594 5603 5563
f 5603 5604 5563
f 5604 5605 5563
f 5563 5605 5606
f 5563 5606 5564
f 4504 5607 4502
f 5607 5608 4502
f 4502 5608 5609
f 5609 5610 4502
f 4502 5610 5611
f 5611 5612 4502
f 5612 5613 4502
f 5614 5615 5616
f 5616 5615 5617
f 5617 5618 5616
f 5616 5618 5619
f 5619 5620 5616
f 5620 5621 5616
f 5616 5621 5594
f 5594 5621 5595
f 5593 5622 4508
f 5622 5623 4508
f 4508 5623 4506
f 4506 5623 5624
f 5624 5625 4506
f 4506 5625 5626
f 5626 5627 4506
f 4506 5627 4504
f 5627 5628 4504
f 5628 5629 4504
f 4504 5629 5630
f 5630 5631 4504
f 4504 5631 5632
f 5632 5633 4504
f 4504 5633 5634
f 4504 5634 5635
f 5635 5636 4504
f 4504 5636 5607
f 4516 4518 5637
f 5637 5638 4516
f 4516 5638 5639
f 4516 5639 5640
f 5640 5641 4516
f 5641 5642 4516
f 5642 5643 4516
f 5643 5644 4516
f 5644 5645 4516
f 5645 5646 4516
f 5646 5647 4516
f 5647 5648 4516
f 5648 5649 4516
f 5649 5650 4516
f 5650 5651 4516
f 4516 5651 5652
f 5653 5654 5655
f 5655 5656 5653
f 5653 5656 5657
f 5657 5658 5653
f 5653 5658 5659
f 5659 5660 5653
f 5653 5660 5661
f 5661 5662 5653
f 5653 5662 5663
f 5663 5664 5653
f 5653 5664 5665
f 5665 5666 5653
f 5666 5667 5653
f 5667 5668 5653
f 4520 5669 5670
f 5670 5671 4520
f 5671 5672 4520
f 4520 5672 5673
f 5673 5674 4520
f 4520 5674 5675
f 4520 5675 5676
f 5676 5677 4520
f 4520 5677 4518
f 5677 5678 4518
f 5678 5679 4518
f 4518 5679 5680
f 4518 5680 5637
f 5681 5682 5683
f 5683 5682 5684
f 5684 5685 5683
f 5683 5685 5686
f 5686 5687 5683
f 5683 5687 5688
f 5688 5689 5683
f 5689 5690 5683
f 5691 5692 4522
f 4522 5692 5693
f 5693 5694 4522
f 4522 5694 5695
f 5695 5696 4522
f 5696 5697 4522
f 4522 5697 4520
f 4520 5697 5669
f 5668 5698 5653
f 5698 5699 5653
f 5653 5699 5700
f 5700 5699 5701
f 5701 5702 5700
f 5700 5702 5703
f 5703 5704 5700
f 5700 5704 5681
f 5704 5705 5681
f 5705 5706 5681
f 5681 5706 5707
f 5707 5708 5681
f 5681 5708 5709
f 5681 5709 5710
f 5710 5711 5681
f 5681 5711 5712
f 5681 5712 5682
f 5713 5714 4532
f 5714 5715 4532
f 5715 5716 4532
f 4532 5716 4530
f 5716 5717 4530
f 5717 5718 4530
f 5718 5719 4530
f 5719 5720 4530
f 4530 5720 5721
f 5721 5722 4530
f 5722 5723 4530
f 5723 5724 4530
f 5724 5725 4530
f 5725 5726 4530
f 5726 5727 4530
f 5728 5729 5730
f 5731 5732 5730
f 5730 5732 5733
f 5730 5733 5734
f 5734 5735 5730
f 5735 5736 5730
f 5730 5736 5737
f 5737 5738 5730
f 5738 5739 5730
f 5739 5740 5730
f 5741 5742 5730
f 5730 5742 5728
f 5740 5743 5730
f 5730 5743 5744
f 5744 5745 5730
f 5730 5745 5746
f 5746 5747 5730
f 5730 5747 5741
f 4534 5748 5749
f 5749 5750 4534
f 5750 5751 4534
f 4534 5751 5752
f 5752 5753 4534
f 4534 5753 5754
f 5754 5755 4534
f 4534 5755 5756
f 5756 5757 4534
f 5757 5758 4534
f 5758 5759 4534
f 5759 5760 4534
f 5760 5761 4534
f 5761 5762 4534
f 5762 5763 4534
f 4534 5763 5764
f 5764 5765 4534
f 4534 5765 5766
f 4534 5766 5767
f 5767 5768 4534
f 4534 5768 4532
f 5768 5769 4532
f 4532 5769 5713
f 5770 5771 5772
f 5772 5773 5770
f 5773 5774 5770
f 5774 5775 5770
f 5775 5776 5770
f 5776 5777 5770
f 5777 5778 5770
f 5778 5779 5770
f 5779 5780 5770
f 5770 5780 5781
f 5770 5781 5782
f 5782 5783 5770
f 5783 5784 5770
f 5770 5784 5785
f 5770 5785 5731
f 5785 5786 5731
f 5786 5787 5731
f 5787 5788 5731
f 5788 5789 5731
f 5731 5789 5732
f 5790 5791 4528
f 5790 4528 5792
f 5727 5793 4530
f 5793 5792 4530
f 4530 5792 4528
f 5794 5795 5796
f 5796 5795 5797
f 5797 5798 5796
f 5796 5798 5770
f 5798 5799 5770
f 5770 5799 5771
f 4544 1090 4542
f 1090 1092 4542
f 1092 1093 4542
f 4542 1093 1095
f 4542 1095 1097
f 1097 1098 4542
f 4542 1098 1099
f 4542 1099 1101
f 1101 1102 4542
f 1102 884 4542
f 884 886 4542
f 4542 886 1104
f 4542 1104 1105
f 1107 1106 5800
f 1106 994 5800
f 994 993 5800
f 993 997 5800
f 997 998 5800
f 998 999 5800
f 999 1001 5800
f 1001 1002 5800
f 5800 1002 1005
f 1005 1004 5800
f 5800 1004 1006
f 5800 1006 1008
f 1008 1009 5800
f 1009 1011 5800
f 1014 5801 1012
f 5801 5800 1012
f 1012 5800 1011
f 4546 1068 1069
f 1069 1072 4546
f 1072 1073 4546
f 1073 1075 4546
f 1075 1076 4546
f 1076 1078 4546
f 1078 1080 4546
f 4546 1080 4544
f 1080 1081 4544
f 1081 1084 4544
f 4544 1084 1088
f 1088 1086 4544
f 4544 1086 1085
f 4544 1085 1090
f 1051 1053 4548
f 1040 888 5802
f 888 887 5802
f 5802 887 1041
f 1041 1042 5802
f 5802 1042 1046
f 1046 1045 5802
f 1045 1050 5802
f 1050 1049 5802
f 1049 1048 5802
f 1053 1054 4548
f 4548 1054 1056
f 1056 1057 4548
f 4548 1057 1059
f 1059 1060 4548
f 4548 1060 1062
f 1062 1064 4548
f 1064 1066 4548
f 4548 1066 1067
f 4548 1067 4546
f 4546 1067 1068
f 1014 1016 5801
f 1016 1017 5801
f 5801 1017 1019
f 5801 1019 1020
f 1020 1021 5801
f 1021 1025 5801
f 5801 1025 5803
f 1025 1024 5803
f 1024 1029 5803
f 5803 1029 1027
f 1027 1026 5803
f 5803 1026 1030
f 1030 1032 5803
f 5803 1032 1034
f 5803 1034 1036
f 1036 1037 5803
f 5803 1037 5802
f 1037 1038 5802
f 5802 1038 1040
f 2018 2022 4556
f 2002 2001 4556
f 1984 1986 4414
f 1986 1987 4414
f 1987 1989 4414
f 1989 1990 4414
f 4414 1990 4556
f 1990 1994 4556
f 1994 1993 4556
f 1993 1995 4556
f 1995 1996 4556
f 1996 1998 4556
f 1998 2000 4556
f 4556 2000 2003
f 4556 2003 2002
f 2001 2005 4556
f 2005 2006 4556
f 2006 2008 4556
f 2008 2010 4556
f 2010 2009 4556
f 2009 2012 4556
f 4556 2012 2014
f 2014 2016 4556
f 4556 2016 2018
f 5804 2021 2020
f 2020 2019 5804
f 2019 1899 5804
f 1899 1898 5804
f 1898 1902 5804
f 1902 1904 5804
f 1904 1903 5804
f 5804 1903 1906
f 1906 1905 5804
f 5804 1905 1908
f 1908 1910 5804
f 1910 1914 5804
f 1914 1912 5804
f 5804 1912 1911
f 1911 1915 5804
f 1915 1917 5804
f 1917 1919 5804
f 1919 1921 5804
f 1921 1923 5804
f 1923 1922 5804
f 5804 1922 1925
f 1925 1927 5804
f 5804 1927 5217
f 1927 1929 5217
f 5217 1929 1928
f 1951 1950 5805
f 1948 1952 5805
f 5805 1952 1951
f 1941 1940 5805
f 1931 1933 5217
f 5217 1933 5805
f 1933 1788 5805
f 1788 1787 5805
f 5805 1787 1935
f 1935 1937 5805
f 1937 1936 5805
f 5805 1936 1939
f 5805 1939 1941
f 1940 1943 5805
f 1943 1944 5805
f 1944 1946 5805
f 1946 1945 5805
f 5805 1945 1948
f 1784 1954 4416
f 1954 1956 4416
f 4416 1956 1958
f 1950 1953 5805
f 5805 1953 1785
f 1958 1959 4416
f 4416 1959 1961
f 1961 1962 4416
f 1962 1964 4416
f 1964 1965 4416
f 1965 1967 4416
f 1967 1968 4416
f 4416 1968 1970
f 4416 1970 1971
f 1971 1973 4416
f 1973 1974 4416
f 4416 1974 1976
f 1976 1977 4416
f 1977 1979 4416
f 1979 1982 4416
f 4416 1982 1983
f 4416 1983 4414
f 1983 1984 4414
f 2895 2900 4428
f 2900 2899 4428
f 2899 2904 4428
f 2904 2902 4428
f 2902 2906 4428
f 4428 2906 4426
f 2906 2905 4426
f 4426 2905 2805
f 2805 2806 4426
f 2806 2807 4426
f 4426 2807 2808
f 4426 2808 2811
f 2862 2953 5806
f 5806 2953 2863
f 2863 2865 5806
f 2865 2867 5806
f 5806 2867 2866
f 5806 2866 2869
f 2869 2871 5806
f 5806 2871 2872
f 2872 2874 5806
f 4430 2878 2876
f 2876 2875 4430
f 4430 2875 2880
f 2880 2881 4430
f 4430 2881 2882
f 2882 2884 4430
f 4430 2884 2888
f 2888 2886 4430
f 2886 2885 4430
f 2885 2889 4430
f 2889 2891 4430
f 2891 2890 4430
f 4430 2890 2893
f 4430 2893 4428
f 2893 2897 4428
f 4428 2897 2895
f 2843 2690 5807
f 2690 2844 5807
f 2844 2845 5807
f 5807 2845 2847
f 2850 5808 2848
f 5808 5807 2848
f 5807 2847 2848
f 5808 2850 2851
f 2851 2855 5808
f 2855 2854 5808
f 5808 2854 2859
f 2859 2857 5808
f 5808 2857 2856
f 2856 2861 5808
f 5808 2861 5806
f 5806 2861 2862
f 2693 2825 4424
f 2814 2816 4424
f 2811 2815 4426
f 4426 2815 4424
f 2815 2814 4424
f 2816 2818 4424
f 2818 2820 4424
f 4424 2820 2819
f 2819 2822 4424
f 4424 2822 2823
f 4424 2823 2693
f 2825 2824 4424
f 5809 2826 2828
f 5809 2828 2830
f 2830 2832 5809
f 5809 2832 2831
f 2831 2834 5809
f 5809 2834 2835
f 5809 2835 2837
f 2837 2839 5809
f 2839 2838 5809
f 5809 2838 2841
f 5809 2841 5807
f 2841 2843 5807
f 3833 3837 4438
f 3823 3825 4438
f 3803 3805 4440
f 3805 3808 4440
f 3808 3807 4440
f 4440 3807 4438
f 3807 3810 4438
f 4438 3810 3811
f 3811 3813 4438
f 3813 3814 4438
f 3814 3816 4438
f 4438 3816 3818
f 3818 3820 4438
f 3820 3819 4438
f 4438 3819 3822
f 4438 3822 3823
f 3825 3824 4438
f 4438 3824 3828
f 3828 3827 4438
f 4438 3827 3830
f 4438 3830 3833
f 3836 3835 5810
f 3835 3834 5810
f 5810 3834 3721
f 3721 3720 5810
f 5810 3720 3724
f 3724 3725 5810
f 5810 3725 3600
f 3600 3599 5810
f 3599 3726 5810
f 3726 3728 5810
f 3728 3729 5810
f 3729 3731 5810
f 3731 3732 5810
f 3732 3734 5810
f 3734 3736 5810
f 3736 3737 5810
f 3737 3738 5810
f 3738 3740 5810
f 3740 3742 5810
f 5810 3742 5811
f 3742 3743 5811
f 3763 3764 5812
f 5812 3764 3766
f 3743 3744 5811
f 3744 3746 5811
f 3746 3748 5811
f 5811 3748 5812
f 3748 3749 5812
f 5812 3749 3750
f 3750 3752 5812
f 3752 3753 5812
f 3753 3755 5812
f 5812 3755 3757
f 3757 3759 5812
f 3759 3758 5812
f 5812 3758 3761
f 3761 3760 5812
f 5812 3760 3763
f 3766 3767 5812
f 3767 3769 5812
f 3596 3771 4442
f 3771 3773 4442
f 4442 3773 3775
f 3769 3770 5812
f 5812 3770 3597
f 3775 3776 4442
f 4442 3776 3777
f 3777 3779 4442
f 4442 3779 3778
f 3778 3781 4442
f 4442 3781 3782
f 3782 3784 4442
f 4442 3784 3785
f 3785 3787 4442
f 4442 3787 3788
f 3788 3790 4442
f 3790 3791 4442
f 4442 3791 3793
f 4442 3793 3794
f 3794 3796 4442
f 3796 3797 4442
f 3797 3799 4442
f 3799 3801 4442
f 4442 3801 4440
f 3801 3802 4440
f 4440 3802 3803
f 5450 5438 4476
f 5438 5440 4476
f 4476 5440 4474
f 5440 5813 4474
f 4474 5813 4472
f 5813 5814 4472
f 4472 5814 4470
f 5814 5815 4470
f 4470 5815 4468
f 5815 5305 4468
f 4468 5305 5329
f 5305 5304 5329
f 5375 5369 4464
f 5369 5371 4464
f 4464 5371 4462
f 5371 5816 4462
f 4462 5816 4460
f 5816 5817 4460
f 4460 5817 4458
f 5817 5818 4458
f 4458 5818 4456
f 5818 5237 4456
f 4456 5237 5247
f 5237 5246 5247
f 5287 5289 4450
f 5289 5288 4450
f 4450 5288 4448
f 5288 5819 4448
f 4448 5819 4446
f 5819 5820 4446
f 4446 5820 4444
f 5820 5821 4444
f 4444 5821 4442
f 5821 5812 4442
f 4442 5812 3596
f 5812 3597 3596
f 3837 3836 4438
f 3836 5810 4438
f 4438 5810 4436
f 5810 5822 4436
f 4436 5822 4434
f 5822 5823 4434
f 4434 5823 4432
f 5823 5824 4432
f 4432 5824 4430
f 5824 5806 4430
f 4430 5806 2878
f 5806 2874 2878
f 2824 2826 4424
f 2826 5809 4424
f 4424 5809 4422
f 5809 5825 4422
f 4422 5825 4420
f 5825 5826 4420
f 4420 5826 4418
f 5826 5827 4418
f 4418 5827 4416
f 5827 5805 4416
f 4416 5805 1784
f 5805 1785 1784
f 2022 2021 4556
f 2021 5804 4556
f 4556 5804 4554
f 5804 5828 4554
f 4554 5828 4552
f 5828 5829 4552
f 4552 5829 4550
f 5829 5830 4550
f 4550 5830 4548
f 5830 5802 4548
f 4548 5802 1051
f 5802 1048 1051
f 1105 1107 4542
f 1107 5800 4542
f 4542 5800 4540
f 5800 5831 4540
f 4540 5831 4538
f 5831 5832 4538
f 4538 5832 4536
f 5832 5833 4536
f 4536 5833 4534
f 5833 5730 4534
f 4534 5730 5748
f 5730 5729 5748
f 5791 5794 4528
f 5794 5796 4528
f 4528 5796 4526
f 5796 5834 4526
f 4526 5834 4524
f 5834 5835 4524
f 4524 5835 4522
f 5835 5683 4522
f 4522 5683 5691
f 5683 5690 5691
f 5652 5654 4516
f 5654 5653 4516
f 4516 5653 4514
f 5653 5836 4514
f 4514 5836 4512
f 5836 5837 4512
f 4512 5837 4510
f 5837 5838 4510
f 4510 5838 4508
f 5838 5562 4508
f 4508 5562 5579
f 5562 5578 5579
f 5613 5614 4502
f 5614 5616 4502
f 4502 5616 4500
f 5616 5839 4500
f 4500 5839 4498
f 5839 5840 4498
f 4498 5840 4496
f 5840 5495 4496
f 4496 5495 5498
f 5495 5494 5498
f 5534 5543 4490
f 4490 5543 4488
f 5543 5841 4488
f 4488 5841 4486
f 5841 5842 4486
f 4486 5842 4484
f 5842 5843 4484
f 4484 5843 4482
f 5843 5394 4482
f 4482 5394 5407
f 5394 5406 5407
f 5844 5845 5846
f 5846 5847 5844
f 5847 5848 5844
f 5844 5848 5849
f 5844 5849 5850
f 5850 5851 5844
f 5851 5852 5844
f 5853 5854 5855
f 5852 5856 5844
f 5844 5856 5853
f 5854 5857 5855
f 5857 5858 5855
f 5858 5859 5855
f 5855 5859 5860
f 5855 5860 5861
f 5861 5862 5855
f 5862 5863 5855
f 5864 3856 4117
f 4117 4116 5864
f 4116 4115 5864
f 5864 4115 4114
f 5864 4114 4113
f 4113 4112 5864
f 4112 4111 5864
f 4109 4108 5865
f 4111 4110 5864
f 5864 4110 4109
f 4108 4107 5865
f 4107 4106 5865
f 4106 4105 5865
f 5865 4105 4104
f 5865 4104 4103
f 4103 4102 5865
f 4102 4101 5865
f 5853 5855 5844
f 5855 5866 5844
f 5844 5866 5867
f 5866 5868 5867
f 5867 5868 5869
f 5868 5864 5869
f 5869 5864 5865
f 5864 4109 5865
f 5145 5870 5143
f 5870 5871 5143
f 5143 5871 5141
f 5871 5872 5141
f 5141 5872 5139
f 5872 5873 5139
f 5139 5873 5137
f 5873 5874 5137
f 5137 5874 5135
f 5874 5875 5135
f 5135 5875 5133
f 5875 5876 5133
f 5133 5876 5131
f 5876 5877 5131
f 5131 5877 5129
f 5877 5878 5129
f 5129 5878 5127
f 5878 5879 5127
f 5127 5879 5125
f 5879 5880 5125
f 5125 5880 5123
f 5880 5881 5123
f 5123 5881 5121
f 5881 5882 5121
f 5121 5882 5119
f 5882 5883 5119
f 5119 5883 5117
f 5883 5884 5117
f 5117 5884 5115
f 5884 5885 5115
f 5115 5885 5113
f 5885 5886 5113
f 5113 5886 5111
f 5886 5887 5111
f 5111 5887 5109
f 5887 5888 5109
f 5109 5888 5107
f 5888 5889 5107
f 5107 5889 5105
f 5889 5890 5105
f 5105 5890 5103
f 5890 5891 5103
f 5103 5891 5101
f 5891 5892 5101
f 5101 5892 5099
f 5892 5893 5099
f 5099 5893 5097
f 5893 5894 5097
f 5097 5894 5095
f 5894 5895 5095
f 5095 5895 5093
f 5895 5896 5093
f 5093 5896 5091
f 5896 5897 5091
f 5091 5897 5089
f 5897 5898 5089
f 5089 5898 5087
f 5898 5899 5087
f 5087 5899 5085
f 5899 5900 5085
f 5085 5900 5083
f 5900 5901 5083
f 5083 5901 5081
f 5901 5902 5081
f 5081 5902 5079
f 5902 5903 5079
f 5079 5903 5077
f 5903 5904 5077
f 5077 5904 5075
f 5904 5905 5075
f 5075 5905 5073
f 5905 5906 5073
f 5073 5906 5215
f 5906 5907 5215
f 5215 5907 5213
f 5907 5908 5213
f 5213 5908 5211
f 5908 5909 5211
f 5211 5909 5209
f 5909 5910 5209
f 5209 5910 5207
f 5910 5911 5207
f 5207 5911 5205
f 5911 5912 5205
f 5205 5912 5203
f 5912 5913 5203
f 5203 5913 5201
f 5913 5914 5201
f 5201 5914 5199
f 5914 5915 5199
f 5199 5915 5197
f 5915 5916 5197
f 5197 5916 5195
f 5916 5917 5195
f 5195 5917 5193
f 5917 5918 5193
f 5193 5918 5191
f 5918 5919 5191
f 5191 5919 5189
f 5919 5920 5189
f 5189 5920 5187
f 5920 5921 5187
f 5187 5921 5185
f 5921 5922 5185
f 5185 5922 5183
f 5922 5923 5183
f 5183 5923 5181
f 5923 5924 5181
f 5181 5924 5179
f 5924 5925 5179
f 5179 5925 5177
f 5925 5926 5177
f 5177 5926 5175
f 5926 5927 5175
f 5175 5927 5173
f 5927 5928 5173
f 5173 5928 5171
f 5928 5929 5171
f 5171 5929 5169
f 5929 5930 5169
f 5169 5930 5167
f 5930 5931 5167
f 5167 5931 5165
f 5931 5932 5165
f 5165 5932 5163
f 5932 5933 5163
f 5163 5933 5161
f 5933 5934 5161
f 5161 5934 5159
f 5934 5935 5159
f 5159 5935 5157
f 5935 5936 5157
f 5157 5936 5155
f 5936 5937 5155
f 5155 5937 5153
f 5937 5938 5153
f 5153 5938 5151
f 5938 5939 5151
f 5151 5939 5149
f 5939 5940 5149
f 5149 5940 5147
f 5940 5941 5147
f 5147 5941 5145
f 5941 5870 5145
f 5308 5900 5371
f 5900 5899 5371
f 5371 5899 5816
f 5899 5898 5816
f 5816 5898 5817
f 5898 5897 5817
f 5817 5897 5818
f 5897 5896 5818
f 5818 5896 5237
f 5896 5895 5237
f 5237 5895 5267
f 5895 5894 5267
f 5267 5894 5261
f 5894 5893 5261
f 5261 5893 5288
f 5893 5892 5288
f 5288 5892 5819
f 5892 5891 5819
f 5819 5891 5820
f 5891 5890 5820
f 5820 5890 5821
f 5890 5889 5821
f 5821 5889 5812
f 5889 5888 5812
f 5812 5888 5811
f 5888 5887 5811
f 5811 5887 5810
f 5887 5886 5810
f 5810 5886 5822
f 5886 5885 5822
f 5822 5885 5823
f 5885 5884 5823
f 5823 5884 5824
f 5884 5883 5824
f 5824 5883 5806
f 5883 5882 5806
f 5806 5882 5808
f 5882 5881 5808
f 5808 5881 5807
f 5881 5880 5807
f 5807 5880 5809
f 5880 5879 5809
f 5809 5879 5825
f 5879 5878 5825
f 5825 5878 5826
f 5878 5877 5826
f 5826 5877 5827
f 5877 5876 5827
f 5827 5876 5805
f 5876 5875 5805
f 5805 5875 5217
f 5875 5874 5217
f 5217 5874 5804
f 5874 5873 5804
f 5804 5873 5828
f 5873 5872 5828
f 5828 5872 5829
f 5872 5871 5829
f 5829 5871 5830
f 5871 5870 5830
f 5830 5870 5802
f 5870 5941 5802
f 5802 5941 5803
f 5941 5940 5803
f 5803 5940 5801
f 5940 5939 5801
f 5801 5939 5800
f 5939 5938 5800
f 5800 5938 5831
f 5938 5937 5831
f 5831 5937 5832
f 5937 5936 5832
f 5832 5936 5833
f 5936 5935 5833
f 5833 5935 5730
f 5935 5934 5730
f 5730 5934 5731
f 5934 5933 5731
f 5731 5933 5770
f 5933 5932 5770
f 5770 5932 5796
f 5932 5931 5796
f 5796 5931 5834
f 5931 5930 5834
f 5834 5930 5835
f 5930 5929 5835
f 5835 5929 5683
f 5929 5928 5683
f 5683 5928 5681
f 5928 5927 5681
f 5681 5927 5700
f 5927 5926 5700
f 5700 5926 5653
f 5926 5925 5653
f 5653 5925 5836
f 5925 5924 5836
f 5836 5924 5837
f 5924 5923 5837
f 5837 5923 5838
f 5923 5922 5838
f 5838 5922 5562
f 5922 5921 5562
f 5562 5921 5563
f 5921 5920 5563
f 5563 5920 5594
f 5920 5919 5594
f 5594 5919 5616
f 5919 5918 5616
f 5616 5918 5839
f 5918 5917 5839
f 5839 5917 5840
f 5917 5916 5840
f 5840 5916 5495
f 5916 5915 5495
f 5495 5915 5497
f 5915 5914 5497
f 5497 5914 5506
f 5914 5913 5506
f 5506 5913 5543
f 5913 5912 5543
f 5543 5912 5841
f 5912 5911 5841
f 5841 5911 5842
f 5911 5910 5842
f 5842 5910 5843
f 5910 5909 5843
f 5843 5909 5394
f 5909 5908 5394
f 5394 5908 5392
f 5908 5907 5392
f 5392 5907 5424
f 5907 5906 5424
f 5424 5906 5440
f 5906 5905 5440
f 5440 5905 5813
f 5905 5904 5813
f 5813 5904 5814
f 5904 5903 5814
f 5814 5903 5815
f 5903 5902 5815
f 5815 5902 5305
f 5902 5901 5305
f 5305 5901 5308
f 5901 5900 5308
f 3455 2678 3457
f 2678 2680 3457
f 3457 2680 3459
f 2680 2682 3459
f 3459 2682 3461
f 2682 2684 3461
f 3461 2684 3463
f 2684 2686 3463
f 3463 2686 3465
f 2686 2688 3465
f 3465 2688 3467
f 2688 2546 3467
f 3467 2546 3469
f 2546 2548 3469
f 3469 2548 3471
f 2548 2550 3471
f 3471 2550 3473
f 2550 2552 3473
f 3473 2552 3475
f 2552 2554 3475
f 3475 2554 3477
f 2554 2556 3477
f 3477 2556 3479
f 2556 2558 3479
f 3479 2558 3481
f 2558 2560 3481
f 3481 2560 3483
f 2560 2562 3483
f 3483 2562 3485
f 2562 2564 3485
f 3485 2564 3487
f 2564 2566 3487
f 3487 2566 3489
f 2566 2568 3489
f 3489 2568 3491
f 2568 2570 3491
f 3491 2570 3493
f 2570 2572 3493
f 3493 2572 3495
f 2572 2574 3495
f 3495 2574 3497
f 2574 2576 3497
f 3497 2576 3499
f 2576 2578 3499
f 3499 2578 3501
f 2578 2580 3501
f 3501 2580 3503
f 2580 2582 3503
f 3503 2582 3505
f 2582 2584 3505
f 3505 2584 3507
f 2584 2586 3507
f 3507 2586 3509
f 2586 2588 3509
f 3509 2588 3511
f 2588 2590 3511
f 3511 2590 3513
f 2590 2592 3513
f 3513 2592 3515
f 2592 2594 3515
f 3515 2594 3517
f 2594 2596 3517
f 3517 2596 3519
f 2596 2598 3519
f 3519 2598 3521
f 2598 2600 3521
f 3521 2600 3523
f 2600 2602 3523
f 3523 2602 3525
f 2602 2604 3525
f 3525 2604 3527
f 2604 2606 3527
f 3527 2606 3529
f 2606 2608 3529
f 3529 2608 3531
f 2608 2610 3531
f 3531 2610 3533
f 2610 2612 3533
f 3533 2612 3535
f 2612 2614 3535
f 3535 2614 3537
f 2614 2616 3537
f 3537 2616 3539
f 2616 2618 3539
f 3539 2618 3541
f 2618 2620 3541
f 3541 2620 3543
f 2620 2622 3543
f 3543 2622 3545
f 2622 2624 3545
f 3545 2624 3547
f 2624 2626 3547
f 3547 2626 3549
f 2626 2628 3549
f 3549 2628 3551
f 2628 2630 3551
f 3551 2630 3553
f 2630 2632 3553
f 3553 2632 3555
f 2632 2634 3555
f 3555 2634 3557
f 2634 2636 3557
f 3557 2636 3559
f 2636 2638 3559
f 3559 2638 3561
f 2638 2640 3561
f 3561 2640 3563
f 2640 2642 3563
f 3563 2642 3565
f 2642 2644 3565
f 3565 2644 3567
f 2644 2646 3567
f 3567 2646 3569
f 2646 2648 3569
f 3569 2648 3571
f 2648 2650 3571
f 3571 2650 3573
f 2650 2652 3573
f 3573 2652 3575
f 2652 2654 3575
f 3575 2654 3577
f 2654 2656 3577
f 3577 2656 3579
f 2656 2658 3579
f 3579 2658 3581
f 2658 2660 3581
f 3581 2660 3583
f 2660 2662 3583
f 3583 2662 3585
f 2662 2664 3585
f 3585 2664 3587
f 2664 2666 3587
f 3587 2666 3589
f 2666 2668 3589
f 3589 2668 3591
f 2668 2670 3591
f 3591 2670 3593
f 2670 2672 3593
f 3593 2672 3595
f 2672 2674 3595
f 3595 2674 3453
f 2674 2676 3453
f 3453 2676 3455
f 2676 2678 3455
f 5216 4475 5074
f 4475 4473 5074
f 5074 4473 5076
f 4473 4471 5076
f 5076 4471 5078
f 4471 4469 5078
f 5078 4469 5080
f 4469 4467 5080
f 5080 4467 5082
f 4467 4465 5082
f 5082 4465 5084
f 4465 4463 5084
f 5084 4463 5086
f 4463 4461 5086
f 5086 4461 5088
f 4461 4459 5088
f 5088 4459 5090
f 4459 4457 5090
f 5090 4457 5092
f 4457 4455 5092
f 5092 4455 5094
f 4455 4453 5094
f 5094 4453 5096
f 4453 4451 5096
f 5096 4451 5098
f 4451 4449 5098
f 5098 4449 5100
f 4449 4447 5100
f 5100 4447 5102
f 4447 4445 5102
f 5102 4445 5104
f 4445 4443 5104
f 5104 4443 5106
f 4443 4441 5106
f 5106 4441 5108
f 4441 4439 5108
f 5108 4439 5110
f 4439 4437 5110
f 5110 4437 5112
f 4437 4435 5112
f 5112 4435 5114
f 4435 4433 5114
f 5114 4433 5116
f 4433 4431 5116
f 5116 4431 5118
f 4431 4429 5118
f 5118 4429 5120
f 4429 4427 5120
f 5120 4427 5122
f 4427 4425 5122
f 5122 4425 5124
f 4425 4423 5124
f 5124 4423 5126
f 4423 4421 5126
f 5126 4421 5128
f 4421 4419 5128
f 5128 4419 5130
f 4419 4417 5130
f 5130 4417 5132
f 4417 4415 5132
f 5132 4415 5134
f 4415 4557 5134
f 5134 4557 5136
f 4557 4555 5136
f 5136 4555 5138
f 4555 4553 5138
f 5138 4553 5140
f 4553 4551 5140
f 5140 4551 5142
f 4551 4549 5142
f 5142 4549 5144
f 4549 4547 5144
f 5144 4547 5146
f 4547 4545 5146
f 5146 4545 5148
f 4545 4543 5148
f 5148 4543 5150
f 4543 4541 5150
f 5150 4541 5152
f 4541 4539 5152
f 5152 4539 5154
f 4539 4537 5154
f 5154 4537 5156
f 4537 4535 5156
f 5156 4535 5158
f 4535 4533 5158
f 5158 4533 5160
f 4533 4531 5160
f 5160 4531 5162
f 4531 4529 5162
f 5162 4529 5164
f 4529 4527 5164
f 5164 4527 5166
f 4527 4525 5166
f 5166 4525 5168
f 4525 4523 5168
f 5168 4523 5170
f 4523 4521 5170
f 5170 4521 5172
f 4521 4519 5172
f 5172 4519 5174
f 4519 4517 5174
f 5174 4517 5176
f 4517 4515 5176
f 5176 4515 5178
f 4515 4513 5178
f 5178 4513 5180
f 4513 4511 5180
f 5180 4511 5182
f 4511 4509 5182
f 5182 4509 5184
f 4509 4507 5184
f 5184 4507 5186
f 4507 4505 5186
f 5186 4505 5188
f 4505 4503 5188
f 5188 4503 5190
f 4503 4501 5190
f 5190 4501 5192
f 4501 4499 5192
f 5192 4499 5194
f 4499 4497 5194
f 5194 4497 5196
f 4497 4495 5196
f 5196 4495 5198
f 4495 4493 5198
f 5198 4493 5200
f 4493 4491 5200
f 5200 4491 5202
f 4491 4489 5202
f 5202 4489 5204
f 4489 4487 5204
f 5204 4487 5206
f 4487 4485 5206
f 5206 4485 5208
f 4485 4483 5208
f 5208 4483 5210
f 4483 4481 5210
f 5210 4481 5212
f 4481 4479 5212
f 5212 4479 5214
f 4479 4477 5214
f 5214 4477 5216
f 4477 4475 5216
f 5855 5863 5942
f 5855 5942 5943
f 5944 5945 5946
f 3883 3854 5864
f 3881 4188 5947
f 5947 4188 3883
f 5946 5948 5944
f 5864 3854 3856
f 3883 5864 5947
f 5947 5864 5949
f 5864 5868 5949
f 5949 5868 5950
f 5868 5866 5950
f 5950 5866 5946
f 5866 5855 5946
f 5946 5855 5948
f 5855 5943 5948
f 5757 5756 5951
f 5755 5754 5952
f 4610 5953 5954
f 4606 5955 5956
f 5957 5958 4571
f 4571 5958 4572
f 4574 4573 5959
f 5959 4573 5958
f 4573 4572 5958
f 4574 5959 4624
f 4624 5960 4625
f 4625 5960 4626
f 5960 5961 4626
f 4626 5961 4627
f 5961 5962 4627
f 5963 4628 5962
f 4628 4627 5962
f 4623 4628 5963
f 5963 5964 4623
f 4623 5964 4621
f 5964 4622 4621
f 4622 5965 4629
f 4629 5965 4630
f 5966 4587 4630
f 4588 4586 5966
f 5966 4586 4587
f 5967 4590 4589
f 5968 4591 5967
f 4591 4590 5967
f 4593 4592 5968
f 5968 4592 4591
f 5969 4595 4594
f 5970 4597 5971
f 5971 4597 5969
f 4597 4596 5969
f 5969 4596 4595
f 5972 4599 5970
f 4599 4598 5970
f 5970 4598 4597
f 5973 4602 5974
f 4602 4601 5974
f 5974 4601 5972
f 4601 4600 5972
f 5972 4600 4599
f 4604 4603 5973
f 5973 4603 4602
f 5973 5975 4604
f 4604 5975 4605
f 5955 4606 5975
f 4606 4605 5975
f 4608 4607 5956
f 5956 4607 4606
f 5956 5953 4608
f 4608 5953 4609
f 4610 4609 5953
f 4612 4611 5954
f 5954 4611 4610
f 5954 4613 4612
f 5976 4617 4613
f 4614 4618 5976
f 4618 4617 5976
f 4616 4615 4614
f 4619 5977 4620
f 4620 5977 4575
f 5977 4576 4575
f 4578 4577 5978
f 5978 4577 4576
f 4579 4578 5979
f 4578 5978 5979
f 4581 4580 5980
f 5980 4580 4579
f 4582 4581 5980
f 5981 4583 4582
f 4584 4583 5981
f 5981 5982 4584
f 4584 5982 4585
f 4564 4563 5983
f 4563 4562 5983
f 5983 4562 5982
f 4562 4585 5982
f 5984 4565 4564
f 4565 5984 4566
f 4566 5984 4567
f 5984 5985 4567
f 4567 5985 4568
f 5985 5986 4568
f 4571 4570 5957
f 5957 4570 5986
f 4570 4569 5986
f 4569 4568 5986
f 5717 5987 5718
f 5718 5988 5719
f 5989 5720 5988
f 5720 5719 5988
f 5722 5721 5990
f 5990 5721 5989
f 5721 5720 5989
f 5722 5990 5723
f 5990 5991 5723
f 5723 5991 5724
f 5991 5992 5724
f 5724 5992 5725
f 5725 5992 5726
f 5992 5993 5726
f 5726 5993 5727
f 5793 5727 5993
f 5790 5792 5994
f 5994 5792 5793
f 5994 5995 5790
f 5790 5995 5791
f 5995 5996 5791
f 5791 5996 5794
f 5996 5997 5794
f 5794 5997 5795
f 5795 5997 5797
f 5997 5998 5797
f 5797 5998 5798
f 5998 5799 5798
f 5799 5999 5771
f 6000 5772 5999
f 5772 5771 5999
f 5775 5774 6000
f 5774 5773 6000
f 6000 5773 5772
f 5775 6001 5776
f 5777 5776 6001
f 5777 6002 5778
f 5781 5780 6003
f 6003 5780 6004
f 5780 5779 6004
f 6004 5779 6002
f 5779 5778 6002
f 5781 6003 5782
f 6003 6005 5782
f 5784 5783 6005
f 5783 5782 6005
f 5784 6006 5785
f 6007 5786 6006
f 5786 5785 6006
f 5788 5787 6008
f 6008 5787 6007
f 5787 5786 6007
f 5789 6009 5732
f 5789 5788 6008
f 6009 6010 5734
f 5734 5733 6009
f 6009 5733 5732
f 5736 5735 6011
f 6011 5735 6010
f 5735 5734 6010
f 5738 5737 6012
f 6012 5737 6011
f 5737 5736 6011
f 5739 6013 5740
f 5739 5738 6012
f 6014 5745 5744
f 5744 5743 6013
f 5743 5740 6013
f 5745 6014 5746
f 6014 6015 5746
f 5746 6015 5747
f 6016 5742 5741
f 6016 5741 6015
f 5741 5747 6015
f 6016 5728 5742
f 5728 6017 5729
f 5729 6017 5748
f 5748 6017 5749
f 6017 5751 5749
f 5749 5751 5750
f 6018 5752 5751
f 5754 5753 5952
f 5952 5753 6018
f 5753 5752 6018
f 5952 6019 5755
f 5951 5756 6019
f 5756 5755 6019
f 5757 5951 5758
f 5951 6020 5758
f 6020 6021 5758
f 5758 6021 5759
f 5759 6021 5760
f 5760 6021 5761
f 5761 6022 5762
f 5762 6022 5763
f 6022 6023 5763
f 5763 6023 5764
f 5764 6023 5765
f 6023 6024 5765
f 5765 6024 5766
f 6024 6025 5766
f 5766 6025 5767
f 6025 6026 5767
f 5767 6026 5768
f 5768 6026 5769
f 6026 5713 5769
f 5713 6027 5714
f 5717 5716 5987
f 5987 5716 6028
f 5716 5715 6028
f 6028 5715 6027
f 5715 5714 6027
f 423 6029 373
f 322 6030 323
f 323 6031 324
f 325 324 6031
f 320 6032 327
f 328 327 6032
f 333 332 6033
f 6033 332 331
f 333 6033 334
f 6033 335 334
f 335 6034 336
f 6034 337 336
f 337 6035 338
f 338 6035 339
f 6036 340 6035
f 340 339 6035
f 341 340 6037
f 6037 340 6036
f 420 419 6038
f 461 6039 462
f 6040 469 468
f 471 469 6040
f 473 6041 474
f 6041 475 474
f 475 6042 476
f 6043 477 6042
f 477 476 6042
f 478 477 6044
f 6044 477 6043
f 541 540 6045
f 540 539 6045
f 543 541 6046
f 543 6047 504
f 509 6048 510
f 6049 511 515
f 515 514 6048
f 514 510 6048
f 511 6049 512
f 6049 516 512
f 6050 461 531
f 5996 6051 5997
f 6051 6052 5997
f 5997 6052 5998
f 6052 6053 5998
f 5998 6053 5799
f 6053 6054 5799
f 5799 6054 5999
f 5999 6054 6000
f 6054 6055 6000
f 6000 6055 5775
f 6055 6056 5775
f 5775 6056 6001
f 6001 6056 5777
f 6056 6057 5777
f 5777 6057 6002
f 6002 6057 6004
f 6057 6058 6004
f 6004 6058 6003
f 6058 6059 6003
f 6003 6059 6005
f 6059 6060 6005
f 6005 6060 5784
f 5784 6060 6006
f 6060 6061 6006
f 6006 6061 6007
f 6007 6061 6008
f 6061 6062 6008
f 6008 6062 5789
f 6062 6063 5789
f 5789 6063 6009
f 6063 6064 6009
f 6009 6064 6010
f 6064 6065 6010
f 6010 6065 6011
f 6065 6066 6011
f 6011 6066 6012
f 6066 6067 6012
f 6067 6068 6012
f 6012 6068 5739
f 5739 6068 6013
f 6068 6069 6013
f 6013 6069 5744
f 5744 6069 6014
f 6069 6070 6014
f 6014 6070 6015
f 6070 6071 6015
f 6015 6071 6016
f 6016 6071 5728
f 6071 6072 5728
f 5728 6072 6017
f 6072 6073 6017
f 6017 6073 5751
f 5751 6073 6018
f 6073 6074 6018
f 6018 6074 5952
f 6074 6075 5952
f 5952 6075 6019
f 6075 6076 6019
f 6019 6076 5951
f 5951 6076 6020
f 6076 6077 6020
f 6020 6077 6021
f 6077 6078 6021
f 6021 6078 5761
f 6078 6022 5761
f 6022 6079 6023
f 6023 6079 6024
f 6079 6080 6024
f 6024 6080 6025
f 6080 6081 6025
f 6025 6081 6026
f 6081 6082 6026
f 6026 6082 5713
f 5713 6082 6027
f 6082 6083 6027
f 6027 6083 6028
f 6083 6084 6028
f 6028 6084 5987
f 6084 6085 5987
f 6085 6086 5987
f 5987 6086 5718
f 5718 6086 5988
f 6086 6087 5988
f 5988 6087 5989
f 6087 6088 5989
f 5989 6088 5990
f 6088 6089 5990
f 5990 6089 5991
f 6089 6090 5991
f 5991 6090 5992
f 6090 6091 5992
f 5992 6091 5993
f 6091 6092 5993
f 5993 6092 5793
f 6092 6093 5793
f 5793 6093 5994
f 5994 6093 5995
f 6093 6094 5995
f 5995 6094 5996
f 6094 6051 5996
f 6094 6095 6051
f 6095 6096 6051
f 6051 6096 6052
f 6096 6097 6052
f 6052 6097 6053
f 6097 6098 6053
f 6053 6098 6054
f 6098 6099 6054
f 6054 6099 6055
f 6099 6100 6055
f 6055 6100 6056
f 6100 6101 6056
f 6056 6101 6057
f 6101 6102 6057
f 6057 6102 6058
f 6102 6103 6058
f 6058 6103 6059
f 6103 6104 6059
f 6059 6104 6060
f 6104 6105 6060
f 6060 6105 6061
f 6105 6106 6061
f 6061 6106 6062
f 6106 6107 6062
f 6062 6107 6063
f 6107 6108 6063
f 6063 6108 6064
f 6108 6109 6064
f 6064 6109 6065
f 6109 6110 6065
f 6065 6110 6066
f 6110 6111 6066
f 6066 6111 6067
f 6111 6112 6067
f 6067 6112 6068
f 6112 6113 6068
f 6068 6113 6069
f 6113 6114 6069
f 6069 6114 6070
f 6114 6115 6070
f 6070 6115 6071
f 6115 6116 6071
f 6071 6116 6072
f 6116 6117 6072
f 6072 6117 6073
f 6117 6118 6073
f 6073 6118 6074
f 6118 6119 6074
f 6074 6119 6075
f 6119 6120 6075
f 6075 6120 6076
f 6120 6121 6076
f 6076 6121 6077
f 6121 6122 6077
f 6077 6122 6078
f 6122 6123 6078
f 6078 6123 6022
f 6123 6124 6022
f 6022 6124 6079
f 6124 6125 6079
f 6079 6125 6080
f 6125 6126 6080
f 6080 6126 6081
f 6126 6127 6081
f 6081 6127 6082
f 6127 6128 6082
f 6082 6128 6083
f 6128 6129 6083
f 6083 6129 6084
f 6129 6130 6084
f 6084 6130 6085
f 6130 6131 6085
f 6085 6131 6086
f 6131 6132 6086
f 6086 6132 6087
f 6132 6133 6087
f 6087 6133 6088
f 6133 6134 6088
f 6088 6134 6089
f 6134 6135 6089
f 6089 6135 6090
f 6135 6136 6090
f 6090 6136 6091
f 6136 6137 6091
f 6091 6137 6092
f 6137 6138 6092
f 6092 6138 6093
f 6138 6139 6093
f 6093 6139 6094
f 6139 6095 6094
f 6095 6140 6096
f 6140 6141 6096
f 6096 6141 6097
f 6141 6142 6097
f 6097 6142 6098
f 6142 6143 6098
f 6098 6143 6099
f 6143 6144 6099
f 6099 6144 6100
f 6144 6145 6100
f 6100 6145 6101
f 6145 6146 6101
f 6101 6146 6102
f 6146 6147 6102
f 6102 6147 6103
f 6147 6148 6103
f 6103 6148 6104
f 6148 6149 6104
f 6104 6149 6105
f 6149 6150 6105
f 6105 6150 6106
f 6150 6151 6106
f 6106 6151 6107
f 6151 6152 6107
f 6107 6152 6108
f 6152 6153 6108
f 6108 6153 6109
f 6153 6154 6109
f 6109 6154 6110
f 6154 6155 6110
f 6110 6155 6111
f 6155 6156 6111
f 6111 6156 6112
f 6156 6157 6112
f 6112 6157 6113
f 6157 6158 6113
f 6113 6158 6114
f 6158 6159 6114
f 6114 6159 6115
f 6159 6160 6115
f 6115 6160 6116
f 6160 6161 6116
f 6116 6161 6117
f 6161 6162 6117
f 6117 6162 6118
f 6162 6163 6118
f 6118 6163 6119
f 6163 6164 6119
f 6119 6164 6120
f 6164 6165 6120
f 6120 6165 6121
f 6165 6166 6121
f 6121 6166 6122
f 6166 6167 6122
f 6122 6167 6123
f 6167 6168 6123
f 6123 6168 6124
f 6168 6169 6124
f 6124 6169 6125
f 6169 6170 6125
f 6125 6170 6126
f 6170 6171 6126
f 6126 6171 6127
f 6171 6172 6127
f 6127 6172 6128
f 6172 6173 6128
f 6128 6173 6129
f 6173 6174 6129
f 6129 6174 6130
f 6174 6175 6130
f 6130 6175 6131
f 6175 6176 6131
f 6131 6176 6132
f 6176 6177 6132
f 6132 6177 6133
f 6177 6178 6133
f 6133 6178 6134
f 6178 6179 6134
f 6134 6179 6135
f 6179 6180 6135
f 6135 6180 6136
f 6180 6181 6136
f 6136 6181 6137
f 6181 6182 6137
f 6137 6182 6138
f 6182 6183 6138
f 6138 6183 6139
f 6183 6184 6139
f 6139 6184 6095
f 6184 6140 6095
f 6184 6185 6140
f 6185 6186 6140
f 6140 6186 6141
f 6186 6187 6141
f 6141 6187 6142
f 6187 6188 6142
f 6142 6188 6143
f 6188 6189 6143
f 6143 6189 6144
f 6189 6190 6144
f 6144 6190 6145
f 6190 6191 6145
f 6145 6191 6146
f 6191 6192 6146
f 6146 6192 6147
f 6192 6193 6147
f 6147 6193 6148
f 6193 6194 6148
f 6148 6194 6149
f 6194 6195 6149
f 6149 6195 6150
f 6195 6196 6150
f 6150 6196 6151
f 6196 6197 6151
f 6151 6197 6152
f 6197 6198 6152
f 6152 6198 6153
f 6198 6199 6153
f 6153 6199 6154
f 6199 6200 6154
f 6154 6200 6155
f 6200 6201 6155
f 6155 6201 6156
f 6201 6202 6156
f 6156 6202 6157
f 6202 6203 6157
f 6157 6203 6158
f 6203 6204 6158
f 6158 6204 6159
f 6204 6205 6159
f 6159 6205 6160
f 6205 6206 6160
f 6160 6206 6161
f 6206 6207 6161
f 6161 6207 6162
f 6207 6208 6162
f 6162 6208 6163
f 6208 6209 6163
f 6163 6209 6164
f 6209 6210 6164
f 6164 6210 6165
f 6210 6211 6165
f 6165 6211 6166
f 6211 6212 6166
f 6166 6212 6167
f 6212 6213 6167
f 6167 6213 6168
f 6213 6214 6168
f 6168 6214 6169
f 6214 6215 6169
f 6169 6215 6170
f 6215 6216 6170
f 6170 6216 6171
f 6216 6217 6171
f 6171 6217 6172
f 6217 6218 6172
f 6172 6218 6173
f 6218 6219 6173
f 6173 6219 6174
f 6219 6220 6174
f 6174 6220 6175
f 6220 6221 6175
f 6175 6221 6176
f 6221 6222 6176
f 6176 6222 6177
f 6222 6223 6177
f 6177 6223 6178
f 6223 6224 6178
f 6178 6224 6179
f 6224 6225 6179
f 6179 6225 6180
f 6225 6226 6180
f 6180 6226 6181
f 6226 6227 6181
f 6181 6227 6182
f 6227 6228 6182
f 6182 6228 6183
f 6228 6229 6183
f 6183 6229 6184
f 6229 6185 6184
f 6187 6230 6188
f 6230 6231 6188
f 6188 6231 6189
f 6231 6232 6189
f 6189 6232 6190
f 6232 6233 6190
f 6190 6233 6191
f 6233 6234 6191
f 6191 6234 6192
f 6234 6235 6192
f 6235 6236 6192
f 6192 6236 6193
f 6236 6237 6193
f 6193 6237 6194
f 6237 6238 6194
f 6194 6238 6195
f 6238 6239 6195
f 6195 6239 6196
f 6239 6240 6196
f 6196 6240 6197
f 6240 6241 6197
f 6197 6241 6198
f 6241 6242 6198
f 6198 6242 6199
f 6242 6243 6199
f 6199 6243 6200
f 6243 6244 6200
f 6200 6244 6201
f 6244 6245 6201
f 6201 6245 6202
f 6245 6246 6202
f 6202 6246 6203
f 6246 6247 6203
f 6203 6247 6204
f 6247 6248 6204
f 6204 6248 6205
f 6248 6249 6205
f 6205 6249 6206
f 6249 6250 6206
f 6206 6250 6207
f 6250 6251 6207
f 6251 6252 6207
f 6207 6252 6208
f 6208 6252 6209
f 6252 6253 6209
f 6209 6253 6210
f 6253 375 6210
f 6210 375 6211
f 375 6254 6211
f 6211 6254 6212
f 6254 6255 6212
f 6212 6255 6213
f 6255 6256 6213
f 6213 6256 6214
f 6256 6257 6214
f 6214 6257 6215
f 6257 6258 6215
f 6215 6258 6216
f 6258 6259 6216
f 6216 6259 6217
f 6259 6260 6217
f 6217 6260 6218
f 6260 6261 6218
f 6218 6261 6219
f 6261 6262 6219
f 6219 6262 6220
f 6262 6263 6220
f 6220 6263 6221
f 6263 6264 6221
f 6221 6264 6222
f 6264 6265 6222
f 6222 6265 6223
f 6265 6266 6223
f 6223 6266 6224
f 6266 6267 6224
f 6224 6267 6225
f 6267 6268 6225
f 6225 6268 6226
f 6268 6269 6226
f 6226 6269 6227
f 6269 6270 6227
f 6227 6270 6228
f 515 6048 6185
f 6185 6048 6186
f 6048 509 6186
f 509 508 6186
f 6186 508 6187
f 508 507 6187
f 6187 507 6230
f 507 506 6230
f 6230 506 6231
f 506 505 6231
f 6231 505 6232
f 505 504 6232
f 6232 504 6233
f 504 6047 6233
f 6047 6271 6233
f 6233 6271 6234
f 6271 6235 6234
f 6235 6272 6236
f 6272 6273 6236
f 6236 6273 6237
f 6273 6274 6237
f 6237 6274 6238
f 6274 6275 6238
f 6238 6275 6239
f 6275 6276 6239
f 6239 6276 6240
f 6276 6277 6240
f 6240 6277 6241
f 6277 6278 6241
f 6241 6278 6242
f 6278 6279 6242
f 6242 6279 6243
f 6279 390 6243
f 6243 390 6244
f 390 389 6244
f 6244 389 6245
f 389 388 6245
f 6245 388 6246
f 388 387 6246
f 6246 387 6247
f 387 386 6247
f 6247 386 6248
f 386 385 6248
f 385 384 6248
f 6248 384 6249
f 384 381 6249
f 381 380 6249
f 6249 380 6250
f 380 383 6250
f 6250 383 6251
f 383 379 6251
f 6251 379 6252
f 379 378 6252
f 378 377 6252
f 6252 377 6253
f 377 376 6253
f 376 375 6253
f 375 374 6254
f 374 373 6254
f 6254 373 6255
f 373 6029 6255
f 6255 6029 6256
f 6256 6280 6257
f 6257 6280 6258
f 6280 6281 6258
f 6258 6281 6259
f 6281 6282 6259
f 6259 6282 6260
f 6282 6283 6260
f 6260 6283 6261
f 6283 6284 6261
f 6261 6284 6262
f 6284 6285 6262
f 6262 6285 6263
f 6285 6286 6263
f 6263 6286 6264
f 6286 6287 6264
f 6264 6287 6265
f 6287 6288 6265
f 6265 6288 6266
f 6288 523 6266
f 523 522 6266
f 6266 522 6267
f 522 521 6267
f 6267 521 6268
f 521 520 6268
f 6268 520 6269
f 520 519 6269
f 6269 519 6270
f 519 518 6270
f 518 517 6270
f 6270 517 6228
f 517 516 6228
f 6228 516 6229
f 516 6049 6229
f 6229 6049 6185
f 6049 515 6185
f 6029 6289 6256
f 6289 6290 6256
f 6256 6290 6280
f 6290 6291 6280
f 6291 6292 6280
f 6280 6292 6281
f 6292 6293 6281
f 6281 6293 6282
f 6293 6294 6282
f 6282 6294 6283
f 6294 6295 6283
f 6283 6295 6284
f 6295 6296 6284
f 6284 6296 6285
f 6296 6297 6285
f 6285 6297 6286
f 6297 6298 6286
f 6286 6298 6287
f 6298 6299 6287
f 6287 6299 6288
f 6299 528 6288
f 6288 528 523
f 543 6046 6047
f 6046 6300 6047
f 6047 6300 6271
f 6300 6301 6271
f 6271 6301 6235
f 6301 6272 6235
f 6272 6302 6273
f 6302 6303 6273
f 6273 6303 6274
f 6303 6304 6274
f 6274 6304 6275
f 6304 6305 6275
f 6275 6305 6276
f 6305 6306 6276
f 6276 6306 6277
f 6306 6307 6277
f 6307 6308 6277
f 6277 6308 6278
f 6308 6309 6278
f 6278 6309 6279
f 6309 6310 6279
f 6310 431 6279
f 6279 431 390
f 420 6038 423
f 423 6038 6029
f 6038 6289 6029
f 6289 6311 6290
f 6311 6291 6290
f 6291 6312 6292
f 6312 6313 6292
f 6292 6313 6293
f 6313 6314 6293
f 6314 6294 6293
f 6294 6315 6295
f 6296 6316 6297
f 6316 6317 6297
f 6317 6298 6297
f 6298 6318 6299
f 6318 529 6299
f 529 528 6299
f 541 6045 6046
f 6045 6300 6046
f 6301 6319 6272
f 6319 6302 6272
f 6302 6320 6303
f 6320 6321 6303
f 6303 6321 6304
f 6321 6322 6304
f 6322 6323 6304
f 6304 6323 6305
f 6323 6324 6305
f 6305 6324 6306
f 6324 6325 6306
f 6325 6307 6306
f 6307 6326 6308
f 6326 6327 6308
f 6308 6327 6309
f 6327 6328 6309
f 6328 6310 6309
f 6310 432 431
f 419 6329 6038
f 6329 6330 6038
f 6038 6330 6289
f 6330 6311 6289
f 6311 6331 6291
f 6291 6331 6312
f 6331 6313 6312
f 6313 6332 6314
f 6314 6315 6294
f 6315 6333 6295
f 6295 6333 6296
f 6333 6334 6296
f 6296 6334 6316
f 6334 6317 6316
f 6317 6335 6298
f 6298 6335 6318
f 6335 536 6318
f 6318 536 529
f 539 6336 6045
f 6336 6337 6045
f 6045 6337 6300
f 6300 6337 6301
f 6337 6319 6301
f 6319 6338 6302
f 6338 6320 6302
f 6320 6339 6321
f 6339 6322 6321
f 6323 6340 6324
f 6324 6340 6325
f 6340 6341 6325
f 6325 6341 6307
f 6341 6326 6307
f 6328 6342 6310
f 6310 6342 432
f 6342 425 432
f 422 6329 419
f 6329 6343 6330
f 6330 6343 6311
f 6343 6344 6311
f 6311 6344 6331
f 6344 6345 6331
f 6331 6345 6313
f 6345 6332 6313
f 6332 6346 6314
f 6314 6346 6315
f 6346 6347 6315
f 6315 6347 6333
f 6347 6348 6333
f 6333 6348 6334
f 6348 6349 6334
f 6334 6349 6317
f 6317 6349 6335
f 6349 6350 6335
f 6350 530 6335
f 6335 530 536
f 539 542 6336
f 542 6351 6336
f 6336 6351 6337
f 6351 6352 6337
f 6337 6352 6319
f 6352 6338 6319
f 6338 6353 6320
f 6353 6339 6320
f 6339 6354 6322
f 6322 6354 6323
f 6354 6355 6323
f 6323 6355 6340
f 6355 6356 6340
f 6340 6356 6341
f 6356 6357 6341
f 6341 6357 6326
f 6357 6358 6326
f 6326 6358 6327
f 6327 6358 6328
f 6358 6359 6328
f 6328 6359 6342
f 6359 426 6342
f 426 425 6342
f 341 6360 422
f 422 6360 6329
f 6329 6360 6343
f 6360 6361 6343
f 6343 6361 6344
f 6361 6362 6344
f 6344 6362 6345
f 6362 6363 6345
f 6345 6363 6332
f 6363 6364 6332
f 6332 6364 6346
f 6364 6365 6346
f 6346 6365 6347
f 6365 6366 6347
f 6347 6366 6348
f 6366 6367 6348
f 6348 6367 6349
f 6367 6368 6349
f 6368 6350 6349
f 6350 6050 530
f 6050 531 530
f 478 6369 542
f 6369 6351 542
f 6351 6370 6352
f 6370 6371 6352
f 6352 6371 6338
f 6371 6353 6338
f 6353 6372 6339
f 6339 6372 6354
f 6372 6373 6354
f 6354 6373 6355
f 6373 6374 6355
f 6355 6374 6356
f 6374 6375 6356
f 6356 6375 6357
f 6375 6376 6357
f 6357 6376 6358
f 6376 6377 6358
f 6358 6377 6359
f 6377 6378 6359
f 6359 6378 426
f 6378 322 426
f 6037 6379 341
f 6379 6380 341
f 341 6380 6360
f 6380 6381 6360
f 6360 6381 6361
f 6381 6382 6361
f 6361 6382 6362
f 6382 6383 6362
f 6362 6383 6363
f 6383 6384 6363
f 6363 6384 6364
f 6384 6385 6364
f 6364 6385 6365
f 6385 6386 6365
f 6365 6386 6366
f 6386 6387 6366
f 6366 6387 6367
f 6387 6388 6367
f 6367 6388 6368
f 6388 6389 6368
f 6368 6389 6350
f 6389 6039 6350
f 6350 6039 6050
f 6039 461 6050
f 6044 6369 478
f 6369 6390 6351
f 6390 6370 6351
f 6370 6391 6371
f 6391 6392 6371
f 6371 6392 6353
f 6392 6393 6353
f 6353 6393 6372
f 6393 6394 6372
f 6372 6394 6373
f 6394 6395 6373
f 6373 6395 6374
f 6395 6396 6374
f 6374 6396 6375
f 6396 6397 6375
f 6375 6397 6376
f 6397 6377 6376
f 6377 6030 6378
f 6030 322 6378
f 6040 6398 471
f 471 6398 472
f 6398 6399 472
f 472 6399 473
f 6399 6041 473
f 6041 6400 475
f 6400 6042 475
f 6042 6401 6043
f 6043 6401 6044
f 6401 6402 6044
f 6044 6402 6369
f 6402 6403 6369
f 6369 6403 6390
f 6390 6403 6370
f 6403 6391 6370
f 6391 6404 6392
f 6404 6405 6392
f 6392 6405 6393
f 6405 6406 6393
f 6393 6406 6394
f 6406 6407 6394
f 6394 6407 6395
f 6407 6408 6395
f 6395 6408 6396
f 6408 6409 6396
f 6396 6409 6397
f 6409 6410 6397
f 6397 6410 6377
f 6410 6411 6377
f 6377 6411 6030
f 6411 6412 6030
f 6030 6412 323
f 6412 6413 323
f 323 6413 6031
f 6413 6414 6031
f 6031 6414 325
f 6414 6415 325
f 325 6415 326
f 6415 6416 326
f 326 6416 319
f 319 6416 320
f 6416 6032 320
f 6032 6417 328
f 328 6417 329
f 6417 6418 329
f 329 6418 331
f 331 6418 6033
f 6418 6419 6033
f 6033 6419 335
f 6419 6034 335
f 6034 6420 337
f 337 6420 6035
f 6420 6036 6035
f 6036 6421 6037
f 6037 6421 6379
f 6421 6422 6379
f 6379 6422 6380
f 6422 6423 6380
f 6380 6423 6381
f 6423 6424 6381
f 6381 6424 6382
f 6424 6425 6382
f 6382 6425 6383
f 6425 6426 6383
f 6383 6426 6384
f 6426 6427 6384
f 6384 6427 6385
f 6427 6428 6385
f 6385 6428 6386
f 6428 6429 6386
f 6386 6429 6387
f 6429 6430 6387
f 6387 6430 6388
f 6430 6431 6388
f 6388 6431 6389
f 6389 6432 6039
f 6039 6432 462
f 6432 6433 462
f 462 6433 463
f 463 6433 464
f 6433 6434 464
f 464 6434 465
f 6434 6435 465
f 465 6435 466
f 466 6435 458
f 6435 6436 458
f 458 6436 459
f 6436 6437 459
f 459 6437 467
f 467 6437 468
f 6437 6040 468
f 6437 6438 6040
f 6438 6439 6040
f 6040 6439 6398
f 6439 6440 6398
f 6398 6440 6399
f 6440 6441 6399
f 6399 6441 6041
f 6441 6400 6041
f 6400 6442 6042
f 6042 6442 6401
f 6442 6443 6401
f 6401 6443 6402
f 6443 6444 6402
f 6402 6444 6403
f 6444 6445 6403
f 6403 6445 6391
f 6445 6404 6391
f 6404 6446 6405
f 6446 6447 6405
f 6405 6447 6406
f 6447 6448 6406
f 6406 6448 6407
f 6448 6449 6407
f 6407 6449 6408
f 6449 6450 6408
f 6408 6450 6409
f 6450 6451 6409
f 6409 6451 6410
f 6451 6452 6410
f 6410 6452 6411
f 6452 6453 6411
f 6411 6453 6412
f 6453 6454 6412
f 6412 6454 6413
f 6454 6455 6413
f 6413 6455 6414
f 6455 6456 6414
f 6414 6456 6415
f 6456 6457 6415
f 6415 6457 6416
f 6457 6458 6416
f 6416 6458 6032
f 6458 6459 6032
f 6032 6459 6417
f 6459 6460 6417
f 6417 6460 6418
f 6460 6461 6418
f 6461 6419 6418
f 6419 6462 6034
f 6034 6462 6420
f 6462 6463 6420
f 6420 6463 6036
f 6463 6464 6036
f 6036 6464 6421
f 6464 6465 6421
f 6421 6465 6422
f 6465 6466 6422
f 6422 6466 6423
f 6466 6467 6423
f 6423 6467 6424
f 6467 6468 6424
f 6424 6468 6425
f 6468 6469 6425
f 6425 6469 6426
f 6469 6470 6426
f 6426 6470 6427
f 6470 6471 6427
f 6427 6471 6428
f 6471 6472 6428
f 6428 6472 6429
f 6472 6473 6429
f 6429 6473 6430
f 6473 6474 6430
f 6430 6474 6431
f 6474 6475 6431
f 6431 6475 6389
f 6475 6476 6389
f 6389 6476 6432
f 6476 6477 6432
f 6432 6477 6433
f 6477 6478 6433
f 6433 6478 6434
f 6478 6479 6434
f 6434 6479 6435
f 6479 6480 6435
f 6435 6480 6436
f 6480 6481 6436
f 6436 6481 6437
f 6481 6438 6437
f 6438 6482 6439
f 6482 6483 6439
f 6439 6483 6440
f 6483 6484 6440
f 6440 6484 6441
f 6484 6485 6441
f 6441 6485 6400
f 6485 6486 6400
f 6400 6486 6442
f 6486 6487 6442
f 6442 6487 6443
f 6487 6488 6443
f 6443 6488 6444
f 6488 6489 6444
f 6444 6489 6445
f 6489 6490 6445
f 6445 6490 6404
f 6490 6446 6404
f 6446 6491 6447
f 6491 6492 6447
f 6447 6492 6448
f 6492 6493 6448
f 6448 6493 6449
f 6493 6494 6449
f 6449 6494 6450
f 6494 6495 6450
f 6450 6495 6451
f 6495 6496 6451
f 6451 6496 6452
f 6496 6497 6452
f 6452 6497 6453
f 6497 6498 6453
f 6453 6498 6454
f 6498 6499 6454
f 6454 6499 6455
f 6499 6500 6455
f 6455 6500 6456
f 6500 6501 6456
f 6456 6501 6457
f 6501 6502 6457
f 6457 6502 6458
f 6502 6503 6458
f 6458 6503 6459
f 6503 6504 6459
f 6459 6504 6460
f 6504 6505 6460
f 6460 6505 6461
f 6505 6506 6461
f 6461 6506 6419
f 6506 6507 6419
f 6419 6507 6462
f 6507 6508 6462
f 6462 6508 6463
f 6508 6509 6463
f 6463 6509 6464
f 6509 6510 6464
f 6464 6510 6465
f 6510 6511 6465
f 6465 6511 6466
f 6511 6512 6466
f 6466 6512 6467
f 6512 6513 6467
f 6467 6513 6468
f 6513 6514 6468
f 6468 6514 6469
f 6514 6515 6469
f 6469 6515 6470
f 6515 6516 6470
f 6470 6516 6471
f 6516 6517 6471
f 6471 6517 6472
f 6517 6518 6472
f 6472 6518 6473
f 6518 6519 6473
f 6473 6519 6474
f 6519 6520 6474
f 6474 6520 6475
f 6520 6521 6475
f 6475 6521 6476
f 6521 6522 6476
f 6476 6522 6477
f 6522 6523 6477
f 6477 6523 6478
f 6523 6524 6478
f 6478 6524 6479
f 6524 6525 6479
f 6479 6525 6480
f 6525 6526 6480
f 6480 6526 6481
f 6526 6527 6481
f 6481 6527 6438
f 6527 6482 6438
f 6527 6528 6482
f 6528 6529 6482
f 6482 6529 6483
f 6529 6530 6483
f 6483 6530 6484
f 6530 6531 6484
f 6484 6531 6485
f 6531 6532 6485
f 6485 6532 6486
f 6532 6533 6486
f 6486 6533 6487
f 6533 6534 6487
f 6487 6534 6488
f 6534 6535 6488
f 6488 6535 6489
f 6535 6536 6489
f 6489 6536 6490
f 6536 6537 6490
f 6490 6537 6446
f 6537 6491 6446
f 6491 5978 6492
f 5978 6538 6492
f 6492 6538 6493
f 6538 6539 6493
f 6493 6539 6494
f 6539 6540 6494
f 6494 6540 6495
f 6540 6541 6495
f 6495 6541 6496
f 6541 6542 6496
f 6496 6542 6497
f 6542 6543 6497
f 6497 6543 6498
f 6543 6544 6498
f 6498 6544 6499
f 6544 6545 6499
f 6499 6545 6500
f 6545 6546 6500
f 6500 6546 6501
f 6546 6547 6501
f 6501 6547 6502
f 6547 6548 6502
f 6502 6548 6503
f 6548 6549 6503
f 6503 6549 6504
f 6549 6550 6504
f 6504 6550 6505
f 6550 6551 6505
f 6505 6551 6506
f 6551 6552 6506
f 6506 6552 6507
f 6552 6553 6507
f 6507 6553 6508
f 6553 6554 6508
f 6508 6554 6509
f 6554 6555 6509
f 6509 6555 6510
f 6555 6556 6510
f 6510 6556 6511
f 6556 6557 6511
f 6511 6557 6512
f 6557 6558 6512
f 6512 6558 6513
f 6558 6559 6513
f 6513 6559 6514
f 6559 6560 6514
f 6514 6560 6515
f 6560 6561 6515
f 6515 6561 6516
f 6561 6562 6516
f 6516 6562 6517
f 6562 6563 6517
f 6517 6563 6518
f 6563 6564 6518
f 6518 6564 6519
f 6564 6565 6519
f 6519 6565 6520
f 6565 6566 6520
f 6520 6566 6521
f 6566 6567 6521
f 6521 6567 6522
f 6567 6568 6522
f 6522 6568 6523
f 6568 6569 6523
f 6523 6569 6524
f 6569 6570 6524
f 6524 6570 6525
f 6570 6571 6525
f 6525 6571 6526
f 6571 6572 6526
f 6526 6572 6527
f 6572 6528 6527
f 6572 5986 6528
f 5986 5985 6528
f 6528 5985 6529
f 5985 5984 6529
f 6529 5984 6530
f 5984 4564 6530
f 6530 4564 6531
f 4564 5983 6531
f 6531 5983 6532
f 5983 5982 6532
f 6532 5982 6533
f 5982 5981 6533
f 6533 5981 6534
f 5981 4582 6534
f 6534 4582 6535
f 4582 5980 6535
f 6535 5980 6536
f 5980 4579 6536
f 6536 4579 6537
f 4579 5979 6537
f 6537 5979 6491
f 5979 5978 6491
f 5978 4576 6538
f 4576 5977 6538
f 6538 5977 6539
f 5977 4619 6539
f 6539 4619 6540
f 4619 4616 6540
f 4616 4614 6540
f 6540 4614 6541
f 4614 5976 6541
f 6541 5976 6542
f 5976 4613 6542
f 6542 4613 6543
f 4613 5954 6543
f 6543 5954 6544
f 5954 5953 6544
f 6544 5953 6545
f 5953 5956 6545
f 6545 5956 6546
f 5956 5955 6546
f 6546 5955 6547
f 5955 5975 6547
f 6547 5975 6548
f 5975 5973 6548
f 6548 5973 6549
f 5973 5974 6549
f 6549 5974 6550
f 5974 5972 6550
f 6550 5972 6551
f 5972 5970 6551
f 6551 5970 6552
f 5970 5971 6552
f 6552 5971 6553
f 5971 5969 6553
f 6553 5969 6554
f 5969 4594 6554
f 6554 4594 6555
f 4594 4593 6555
f 4593 5968 6555
f 6555 5968 6556
f 6556 5968 6557
f 5968 5967 6557
f 5967 4589 6557
f 6557 4589 6558
f 4589 4588 6558
f 6558 4588 6559
f 4588 5966 6559
f 6559 5966 6560
f 5966 4630 6560
f 6560 4630 6561
f 4630 5965 6561
f 6561 5965 6562
f 5965 4622 6562
f 6562 4622 6563
f 4622 5964 6563
f 6563 5964 6564
f 5964 5963 6564
f 6564 5963 6565
f 5963 5962 6565
f 6565 5962 6566
f 5962 5961 6566
f 6566 5961 6567
f 5961 5960 6567
f 6567 5960 6568
f 5960 4624 6568
f 6568 4624 6569
f 4624 5959 6569
f 6569 5959 6570
f 5959 5958 6570
f 6570 5958 6571
f 5958 5957 6571
f 6571 5957 6572
f 5957 5986 6572
f 5698 6573 6574
f 4671 6575 6576
f 4642 6577 6578
f 4640 4639 6579
f 6579 6577 4640
f 4640 6577 4641
f 4642 4641 6577
f 4644 4643 6578
f 6578 4643 4642
f 4645 4644 6580
f 4644 6578 6580
f 4645 6580 4690
f 6580 6581 4690
f 4690 6581 4691
f 6581 4692 4691
f 6582 4693 4692
f 4695 4694 6583
f 6583 4694 6582
f 4694 4693 6582
f 6583 4696 4695
f 4698 6584 4699
f 4699 6584 4700
f 6584 4701 4700
f 4703 6585 4659
f 6585 4660 4659
f 4660 6586 4661
f 4661 6586 4662
f 4662 6586 4663
f 6586 6587 4663
f 4663 6587 4664
f 6587 4665 4664
f 4665 6588 4666
f 4666 6588 4667
f 6588 6589 4667
f 4667 6589 4668
f 4671 4670 6575
f 6575 4670 6589
f 4670 4669 6589
f 6589 4669 4668
f 4673 4672 6576
f 6576 4672 4671
f 4674 4673 6590
f 6590 4673 6576
f 4674 6590 4675
f 6590 6591 4675
f 4675 6591 4676
f 6591 6592 4676
f 4676 6592 4677
f 4677 6592 4678
f 6592 6593 4678
f 4678 6593 4679
f 4679 6593 4680
f 6593 6594 4680
f 4680 6594 4681
f 6594 4682 4681
f 6595 4683 4682
f 4685 4684 6596
f 6596 4684 6595
f 4684 4683 6595
f 6596 4686 4685
f 6597 4687 4686
f 4689 4688 6598
f 4688 4687 6598
f 4687 6597 6598
f 4650 4649 6599
f 4649 4648 6599
f 4648 4647 6599
f 4655 6600 4656
f 4656 6600 4657
f 6600 6601 4657
f 4657 6601 4658
f 6602 4632 6603
f 4632 4631 6603
f 6603 4631 6601
f 4631 4658 6601
f 6604 4633 6602
f 4633 4632 6602
f 6605 4635 6604
f 4635 4634 6604
f 6604 4634 4633
f 4639 4638 6579
f 6579 4638 6606
f 4638 4637 6606
f 6606 4637 6605
f 4637 4636 6605
f 6605 4636 4635
f 6607 6608 5656
f 5657 5656 6608
f 6609 5658 6608
f 5658 5657 6608
f 5660 5659 6609
f 6609 5659 5658
f 5661 5660 6610
f 5660 6609 6610
f 5661 6610 5662
f 5662 6611 5663
f 5663 6611 5664
f 6611 6612 5664
f 5664 6612 5665
f 6612 6613 5665
f 5665 6613 5666
f 5666 6613 5667
f 6613 6614 5667
f 5667 6614 5668
f 6573 5698 6614
f 5698 5668 6614
f 5701 5699 6574
f 6574 5699 5698
f 6574 6615 5701
f 5701 6615 5702
f 6616 5703 6615
f 5703 5702 6615
f 5705 5704 6616
f 6616 5704 5703
f 6617 5705 6618
f 5705 6616 6618
f 5705 6617 5706
f 6617 6619 5706
f 5706 6619 5707
f 6619 5708 5707
f 5708 6620 5709
f 5709 6620 5710
f 6620 6621 5710
f 6621 5711 5710
f 5711 6622 5712
f 5712 6622 5682
f 6622 5684 5682
f 5685 6623 5686
f 5686 6623 5687
f 6623 6624 5687
f 5687 6624 5688
f 6625 5690 6624
f 5690 5689 6624
f 6624 5689 5688
f 6626 5692 6625
f 5692 5691 6625
f 5691 5690 6625
f 6627 5693 6626
f 5693 5692 6626
f 5695 5694 6627
f 6627 5694 5693
f 6627 6628 5695
f 5695 6628 5696
f 6628 6629 5696
f 5696 6629 5697
f 6630 5669 6629
f 5669 5697 6629
f 5671 5670 6630
f 6630 5670 5669
f 6630 6631 5671
f 6632 5672 6631
f 5672 5671 6631
f 5674 5673 6632
f 6632 5673 5672
f 5675 5674 6633
f 5674 6632 6633
f 6633 6634 5675
f 5675 6634 5676
f 6634 6635 5676
f 5676 6635 5677
f 5677 6635 5678
f 6635 6636 5678
f 5678 6636 5679
f 5679 6636 5680
f 6636 6637 5680
f 6637 6638 5680
f 5680 6638 5637
f 6638 5638 5637
f 5638 6639 5639
f 6640 5640 6639
f 5640 5639 6639
f 5643 5642 6641
f 6641 5642 6640
f 5642 5641 6640
f 6640 5641 5640
f 5644 5643 6642
f 6642 5643 6641
f 5644 6642 5645
f 6642 6643 5645
f 5645 6643 5646
f 6643 5647 5646
f 5647 5649 5648
f 6644 5650 5649
f 5652 5651 6644
f 5651 5650 6644
f 5656 5655 6607
f 5655 5654 6607
f 6607 5654 6645
f 5654 5652 6645
f 5652 6644 6645
f 534 6646 484
f 6647 6648 436
f 436 6648 437
f 6648 6649 437
f 6649 6650 437
f 437 6650 438
f 438 6650 439
f 6650 6651 439
f 439 6651 440
f 6652 441 6651
f 441 440 6651
f 442 441 6652
f 6653 445 444
f 447 445 6653
f 449 448 6654
f 6654 448 447
f 449 6654 450
f 6654 451 450
f 451 6655 452
f 6655 453 452
f 453 6656 454
f 454 6656 455
f 6657 456 6656
f 456 455 6656
f 457 456 6658
f 6658 456 6657
f 6659 6660 575
f 575 6660 576
f 6660 6661 576
f 6661 577 576
f 577 6662 578
f 578 6662 579
f 6663 580 6662
f 580 579 6662
f 581 580 6663
f 6664 572 581
f 6664 573 572
f 573 6665 582
f 6666 584 6667
f 584 583 6667
f 6667 583 6665
f 583 582 6665
f 587 586 6666
f 6666 586 584
f 589 588 6668
f 6668 588 587
f 589 6668 590
f 6668 591 590
f 591 6669 592
f 6669 593 592
f 593 6670 594
f 594 6670 595
f 6671 596 6670
f 596 595 6670
f 597 596 6672
f 6672 596 6671
f 660 659 6673
f 659 658 6673
f 662 660 6674
f 662 6675 623
f 6645 6676 6607
f 6676 6677 6607
f 6607 6677 6608
f 6677 6678 6608
f 6608 6678 6609
f 6678 6679 6609
f 6609 6679 6610
f 6679 6680 6610
f 6610 6680 5662
f 6680 6611 5662
f 6611 6681 6612
f 6612 6681 6613
f 6681 6682 6613
f 6613 6682 6614
f 6682 6683 6614
f 6614 6683 6573
f 6683 6684 6573
f 6573 6684 6574
f 6684 6685 6574
f 6574 6685 6615
f 6685 6686 6615
f 6615 6686 6616
f 6686 6687 6616
f 6616 6687 6618
f 6687 6617 6618
f 6617 6688 6619
f 6688 6689 6619
f 6619 6689 5708
f 6689 6690 5708
f 5708 6690 6620
f 6690 6691 6620
f 6620 6691 6621
f 6691 6692 6621
f 6621 6692 5711
f 5711 6692 6622
f 6692 6693 6622
f 6622 6693 5684
f 6693 6694 5684
f 5684 6694 5685
f 5685 6694 6623
f 6694 6695 6623
f 6623 6695 6624
f 6695 6696 6624
f 6624 6696 6625
f 6696 6697 6625
f 6625 6697 6626
f 6697 6698 6626
f 6626 6698 6627
f 6627 6698 6628
f 6698 6699 6628
f 6628 6699 6629
f 6699 6700 6629
f 6700 6701 6629
f 6629 6701 6630
f 6701 6702 6630
f 6630 6702 6631
f 6702 6703 6631
f 6631 6703 6632
f 6703 6704 6632
f 6632 6704 6633
f 6704 6705 6633
f 6633 6705 6634
f 6705 6706 6634
f 6634 6706 6635
f 6706 6707 6635
f 6635 6707 6636
f 6707 6708 6636
f 6636 6708 6637
f 6708 6709 6637
f 6637 6709 6638
f 6709 6710 6638
f 6638 6710 5638
f 6710 6711 5638
f 5638 6711 6639
f 6639 6711 6640
f 6711 6712 6640
f 6640 6712 6641
f 6712 6713 6641
f 6641 6713 6642
f 6713 6714 6642
f 6642 6714 6643
f 6714 6715 6643
f 6643 6715 5647
f 6715 6716 5647
f 5647 6716 5649
f 6716 6717 5649
f 5649 6717 6644
f 6717 6718 6644
f 6644 6718 6645
f 6718 6676 6645
f 6676 6719 6677
f 6719 6720 6677
f 6677 6720 6678
f 6720 6721 6678
f 6678 6721 6679
f 6721 6722 6679
f 6679 6722 6680
f 6722 6723 6680
f 6680 6723 6611
f 6723 6724 6611
f 6611 6724 6681
f 6724 6725 6681
f 6681 6725 6682
f 6725 6726 6682
f 6682 6726 6683
f 6726 6727 6683
f 6683 6727 6684
f 6727 6728 6684
f 6684 6728 6685
f 6728 6729 6685
f 6685 6729 6686
f 6729 6730 6686
f 6686 6730 6687
f 6730 6731 6687
f 6687 6731 6617
f 6731 6688 6617
f 6688 6732 6689
f 6732 6733 6689
f 6689 6733 6690
f 6733 6734 6690
f 6690 6734 6691
f 6734 6735 6691
f 6691 6735 6692
f 6735 6736 6692
f 6692 6736 6693
f 6736 6737 6693
f 6693 6737 6694
f 6737 6738 6694
f 6694 6738 6695
f 6738 6739 6695
f 6695 6739 6696
f 6739 6740 6696
f 6696 6740 6697
f 6697 6741 6698
f 6698 6741 6699
f 6741 6742 6699
f 6699 6742 6700
f 6742 6743 6700
f 6700 6743 6701
f 6743 6744 6701
f 6701 6744 6702
f 6744 6745 6702
f 6702 6745 6703
f 6745 6746 6703
f 6703 6746 6704
f 6746 6747 6704
f 6704 6747 6705
f 6747 6748 6705
f 6705 6748 6706
f 6748 6749 6706
f 6706 6749 6707
f 6749 6750 6707
f 6707 6750 6708
f 6750 6751 6708
f 6708 6751 6709
f 6751 6752 6709
f 6709 6752 6710
f 6752 6753 6710
f 6710 6753 6711
f 6753 6754 6711
f 6711 6754 6712
f 6754 6755 6712
f 6712 6755 6713
f 6755 6756 6713
f 6713 6756 6714
f 6756 6757 6714
f 6714 6757 6715
f 6757 6758 6715
f 6715 6758 6716
f 6758 6759 6716
f 6716 6759 6717
f 6759 6760 6717
f 6717 6760 6718
f 6760 6761 6718
f 6718 6761 6676
f 6761 6719 6676
f 6761 6762 6719
f 6762 6763 6719
f 6719 6763 6720
f 6763 6764 6720
f 6720 6764 6721
f 6764 6765 6721
f 6721 6765 6722
f 6765 6766 6722
f 6722 6766 6723
f 6766 6767 6723
f 6723 6767 6724
f 6767 6768 6724
f 6724 6768 6725
f 6768 6769 6725
f 6725 6769 6726
f 6769 6770 6726
f 6726 6770 6727
f 6770 6771 6727
f 6727 6771 6728
f 6771 6772 6728
f 6728 6772 6729
f 6772 6773 6729
f 6729 6773 6730
f 6773 6774 6730
f 6730 6774 6731
f 6774 6775 6731
f 6731 6775 6688
f 6775 6732 6688
f 6732 6776 6733
f 6776 6777 6733
f 6733 6777 6734
f 6777 6778 6734
f 6734 6778 6735
f 6778 6779 6735
f 6735 6779 6736
f 6779 6780 6736
f 6736 6780 6737
f 6780 6781 6737
f 6737 6781 6738
f 6781 6782 6738
f 6738 6782 6739
f 6782 6783 6739
f 6739 6783 6740
f 6783 6784 6740
f 6740 6784 6697
f 6784 6785 6697
f 6697 6785 6741
f 6785 6786 6741
f 6741 6786 6742
f 6786 6787 6742
f 6742 6787 6743
f 6787 6788 6743
f 6743 6788 6744
f 6788 6789 6744
f 6744 6789 6745
f 6789 6790 6745
f 6745 6790 6746
f 6790 6791 6746
f 6746 6791 6747
f 6791 6792 6747
f 6747 6792 6748
f 6792 6793 6748
f 6748 6793 6749
f 6793 6794 6749
f 6749 6794 6750
f 6794 6795 6750
f 6750 6795 6751
f 6795 6796 6751
f 6751 6796 6752
f 6796 6797 6752
f 6752 6797 6753
f 6797 6798 6753
f 6753 6798 6754
f 6798 6799 6754
f 6754 6799 6755
f 6799 6800 6755
f 6755 6800 6756
f 6800 6801 6756
f 6756 6801 6757
f 6801 6802 6757
f 6757 6802 6758
f 6802 6803 6758
f 6758 6803 6759
f 6803 6804 6759
f 6759 6804 6760
f 6804 6805 6760
f 6760 6805 6761
f 6805 6762 6761
f 6805 6806 6762
f 6806 6807 6762
f 6762 6807 6763
f 6807 6808 6763
f 6763 6808 6764
f 6808 6809 6764
f 6764 6809 6765
f 6809 6810 6765
f 6765 6810 6766
f 6810 6811 6766
f 6766 6811 6767
f 6811 6812 6767
f 6767 6812 6768
f 6812 6813 6768
f 6768 6813 6769
f 6813 6814 6769
f 6769 6814 6770
f 6814 6815 6770
f 6770 6815 6771
f 6815 6816 6771
f 6771 6816 6772
f 6816 6817 6772
f 6772 6817 6773
f 6817 6818 6773
f 6773 6818 6774
f 6818 6819 6774
f 6774 6819 6775
f 6819 6820 6775
f 6775 6820 6732
f 6820 6776 6732
f 6776 6821 6777
f 6821 6822 6777
f 6777 6822 6778
f 6822 6823 6778
f 6778 6823 6779
f 6823 6824 6779
f 6779 6824 6780
f 6824 6825 6780
f 6780 6825 6781
f 6825 6826 6781
f 6781 6826 6782
f 6826 6827 6782
f 6782 6827 6783
f 6827 6828 6783
f 6783 6828 6784
f 6828 6829 6784
f 6784 6829 6785
f 6829 6830 6785
f 6785 6830 6786
f 6830 6831 6786
f 6831 6832 6786
f 6786 6832 6787
f 6832 6833 6787
f 6787 6833 6788
f 6833 6834 6788
f 6788 6834 6789
f 6834 6835 6789
f 6789 6835 6790
f 6835 6836 6790
f 6790 6836 6791
f 6836 6837 6791
f 6791 6837 6792
f 6837 6838 6792
f 6792 6838 6793
f 6838 6839 6793
f 6793 6839 6794
f 6839 6840 6794
f 6794 6840 6795
f 6840 6841 6795
f 6795 6841 6796
f 6841 6842 6796
f 6796 6842 6797
f 6842 6843 6797
f 6797 6843 6798
f 6843 6844 6798
f 6798 6844 6799
f 6844 6845 6799
f 6799 6845 6800
f 6845 6846 6800
f 6800 6846 6801
f 6846 6847 6801
f 6801 6847 6802
f 6847 6848 6802
f 6802 6848 6803
f 6848 6849 6803
f 6803 6849 6804
f 6849 6850 6804
f 6804 6850 6805
f 6850 6806 6805
f 6851 6852 6806
f 6806 6852 6807
f 6807 6852 6808
f 6852 6853 6808
f 6808 6853 6809
f 6853 625 6809
f 6809 625 6810
f 625 6854 6810
f 6810 6854 6811
f 6811 6855 6812
f 6812 6855 6813
f 6855 6856 6813
f 6813 6856 6814
f 6856 6857 6814
f 6814 6857 6815
f 6857 6858 6815
f 6815 6858 6816
f 6858 6859 6816
f 6816 6859 6817
f 6859 6860 6817
f 6817 6860 6818
f 6860 6861 6818
f 6818 6861 6819
f 6861 6862 6819
f 6819 6862 6820
f 6862 6863 6820
f 6820 6863 6776
f 6863 6821 6776
f 6821 6864 6822
f 6864 6865 6822
f 6822 6865 6823
f 6865 6866 6823
f 6823 6866 6824
f 6866 6867 6824
f 6824 6867 6825
f 6867 6868 6825
f 6825 6868 6826
f 6868 6869 6826
f 6826 6869 6827
f 6869 6870 6827
f 6827 6870 6828
f 6870 6871 6828
f 6871 6872 6828
f 6828 6872 6829
f 6829 6872 6830
f 6872 6873 6830
f 6830 6873 6831
f 6831 6874 6832
f 6832 6874 6833
f 6874 6875 6833
f 6833 6875 6834
f 6875 6876 6834
f 6834 6876 6835
f 6876 6877 6835
f 6835 6877 6836
f 6877 6878 6836
f 6836 6878 6837
f 6878 6879 6837
f 6879 6880 6837
f 6837 6880 6838
f 6880 6881 6838
f 6838 6881 6839
f 6881 6882 6839
f 6839 6882 6840
f 6882 6883 6840
f 6840 6883 6841
f 6883 6884 6841
f 6841 6884 6842
f 6884 6885 6842
f 6842 6885 6843
f 6885 6886 6843
f 6843 6886 6844
f 6886 6887 6844
f 6844 6887 6845
f 6846 6888 6847
f 6888 6889 6847
f 6847 6889 6848
f 6889 6890 6848
f 6848 6890 6849
f 6890 6891 6849
f 6849 6891 6850
f 6891 6892 6850
f 6850 6892 6806
f 6892 6851 6806
f 6892 633 6851
f 633 629 6851
f 6851 629 6852
f 629 628 6852
f 628 627 6852
f 6852 627 6853
f 627 626 6853
f 626 625 6853
f 625 624 6854
f 624 623 6854
f 6854 623 6811
f 623 6675 6811
f 6811 6675 6855
f 6675 6893 6855
f 6855 6893 6856
f 6893 6894 6856
f 6856 6894 6857
f 6894 6895 6857
f 6857 6895 6858
f 6895 6896 6858
f 6858 6896 6859
f 6896 6897 6859
f 6859 6897 6860
f 6897 6898 6860
f 6860 6898 6861
f 6898 6899 6861
f 6861 6899 6862
f 6899 6900 6862
f 6862 6900 6863
f 6900 6901 6863
f 6863 6901 6821
f 6901 6864 6821
f 6864 502 6865
f 502 501 6865
f 6865 501 6866
f 501 500 6866
f 6866 500 6867
f 500 499 6867
f 6867 499 6868
f 499 498 6868
f 498 497 6868
f 6868 497 6869
f 497 496 6869
f 496 493 6869
f 6869 493 6870
f 493 492 6870
f 492 495 6870
f 6870 495 6871
f 495 491 6871
f 6871 491 6872
f 491 490 6872
f 490 489 6872
f 6872 489 6873
f 489 488 6873
f 488 487 6873
f 6873 487 6831
f 487 486 6831
f 6831 486 6874
f 486 485 6874
f 6874 485 6875
f 485 484 6875
f 484 6646 6875
f 6875 6646 6876
f 6876 6646 6877
f 6646 6902 6877
f 6877 6902 6878
f 6902 6879 6878
f 6879 6903 6880
f 6903 6904 6880
f 6880 6904 6881
f 6904 6905 6881
f 6881 6905 6882
f 6905 6906 6882
f 6882 6906 6883
f 6906 6907 6883
f 6883 6907 6884
f 6907 6908 6884
f 6884 6908 6885
f 6908 6909 6885
f 6885 6909 6886
f 6886 641 6887
f 641 640 6887
f 6887 640 6845
f 640 639 6845
f 6845 639 6846
f 639 638 6846
f 6846 638 6888
f 638 637 6888
f 6888 637 6889
f 637 636 6889
f 636 635 6889
f 6889 635 6890
f 635 634 6890
f 6890 634 6891
f 634 631 6891
f 631 630 6891
f 6891 630 6892
f 630 633 6892
f 534 6910 6646
f 6910 6911 6646
f 6646 6911 6902
f 6911 6912 6902
f 6902 6912 6879
f 6912 6903 6879
f 6903 6913 6904
f 6913 6914 6904
f 6904 6914 6905
f 6914 6915 6905
f 6905 6915 6906
f 6915 6916 6906
f 6916 6917 6906
f 6906 6917 6907
f 6917 6918 6907
f 6907 6918 6908
f 6918 6919 6908
f 6908 6919 6909
f 6919 6920 6909
f 6909 6920 6886
f 6920 653 6886
f 6886 653 641
f 662 6674 6675
f 6674 6921 6675
f 6675 6921 6893
f 6921 6922 6893
f 6893 6922 6894
f 6922 6923 6894
f 6894 6923 6895
f 6923 6924 6895
f 6895 6924 6896
f 6924 6925 6896
f 6896 6925 6897
f 6925 6926 6897
f 6897 6926 6898
f 6926 6927 6898
f 6898 6927 6899
f 6927 6928 6899
f 6899 6928 6900
f 6928 6929 6900
f 6900 6929 6901
f 6929 6930 6901
f 6901 6930 6864
f 6930 544 6864
f 6864 544 502
f 533 6910 534
f 6910 6931 6911
f 6931 6932 6911
f 6911 6932 6912
f 6932 6933 6912
f 6912 6933 6903
f 6933 6913 6903
f 6913 6934 6914
f 6934 6935 6914
f 6914 6935 6915
f 6935 6936 6915
f 6936 6916 6915
f 6916 6937 6917
f 6937 6938 6917
f 6917 6938 6918
f 6919 6939 6920
f 6939 654 6920
f 654 653 6920
f 660 6673 6674
f 6673 6921 6674
f 6921 6940 6922
f 6940 6941 6922
f 6941 6923 6922
f 6923 6942 6924
f 6942 6943 6924
f 6943 6925 6924
f 6925 6944 6926
f 6944 6945 6926
f 6926 6945 6927
f 6927 6946 6928
f 6946 6929 6928
f 6929 6947 6930
f 6947 6948 6930
f 6948 545 6930
f 6930 545 544
f 532 6949 533
f 533 6949 6910
f 6949 6931 6910
f 6931 6950 6932
f 6950 6951 6932
f 6932 6951 6933
f 6951 6952 6933
f 6952 6953 6933
f 6933 6953 6913
f 6953 6934 6913
f 6934 6954 6935
f 6954 6955 6935
f 6935 6955 6936
f 6955 6956 6936
f 6936 6956 6916
f 6956 6937 6916
f 6937 6957 6938
f 6938 6958 6918
f 6918 6958 6919
f 6958 6939 6919
f 6939 646 654
f 658 6959 6673
f 6673 6959 6921
f 6959 6940 6921
f 6940 6960 6941
f 6960 6961 6941
f 6941 6961 6923
f 6961 6962 6923
f 6923 6962 6942
f 6962 6943 6942
f 6943 6963 6925
f 6925 6963 6944
f 6963 6945 6944
f 6945 6964 6927
f 6964 6965 6927
f 6927 6965 6946
f 6946 6947 6929
f 6947 6966 6948
f 6966 537 6948
f 6948 537 545
f 532 535 6949
f 535 6967 6949
f 6949 6967 6931
f 6967 6950 6931
f 6950 6968 6951
f 6968 6952 6951
f 6952 6969 6953
f 6953 6969 6934
f 6969 6954 6934
f 6954 6970 6955
f 6970 6971 6955
f 6955 6971 6956
f 6956 6971 6937
f 6971 6957 6937
f 6957 6972 6938
f 6938 6972 6958
f 6972 6973 6958
f 6958 6973 6939
f 6973 647 6939
f 647 646 6939
f 658 661 6959
f 661 6974 6959
f 6959 6974 6940
f 6974 6960 6940
f 6960 6975 6961
f 6961 6975 6962
f 6975 6976 6962
f 6962 6976 6943
f 6943 6976 6963
f 6976 6977 6963
f 6963 6977 6945
f 6977 6978 6945
f 6978 6964 6945
f 6965 6979 6946
f 6946 6979 6947
f 6979 6966 6947
f 6966 538 537
f 457 6980 535
f 535 6980 6967
f 6980 6981 6967
f 6967 6981 6950
f 6981 6968 6950
f 6968 6982 6952
f 6952 6982 6969
f 6982 6983 6969
f 6969 6983 6954
f 6983 6970 6954
f 6970 6984 6971
f 6984 6985 6971
f 6971 6985 6957
f 6985 6986 6957
f 6957 6986 6972
f 6986 6987 6972
f 6972 6987 6973
f 6987 6659 6973
f 6973 6659 647
f 6659 575 647
f 597 6988 661
f 661 6988 6974
f 6988 6989 6974
f 6974 6989 6960
f 6989 6990 6960
f 6960 6990 6975
f 6990 6991 6975
f 6975 6991 6976
f 6991 6992 6976
f 6976 6992 6977
f 6992 6993 6977
f 6977 6993 6978
f 6993 6994 6978
f 6978 6994 6964
f 6964 6994 6965
f 6994 6995 6965
f 6965 6995 6979
f 6995 6996 6979
f 6979 6996 6966
f 6996 6997 6966
f 6966 6997 538
f 6997 436 538
f 6658 6998 457
f 457 6998 6980
f 6998 6999 6980
f 6980 6999 6981
f 6999 7000 6981
f 6981 7000 6968
f 7000 7001 6968
f 6968 7001 6982
f 7001 7002 6982
f 6982 7002 6983
f 7002 7003 6983
f 6983 7003 6970
f 7003 6984 6970
f 6984 7004 6985
f 7004 7005 6985
f 6985 7005 6986
f 7005 6987 6986
f 6672 7006 597
f 597 7006 6988
f 7006 7007 6988
f 7007 7008 6988
f 6988 7008 6989
f 7008 7009 6989
f 6989 7009 6990
f 7009 7010 6990
f 6990 7010 6991
f 7010 7011 6991
f 6991 7011 6992
f 7011 7012 6992
f 6992 7012 6993
f 7012 7013 6993
f 6993 7013 6994
f 7013 7014 6994
f 6994 7014 6995
f 7014 7015 6995
f 6995 7015 6996
f 7015 6647 6996
f 6996 6647 6997
f 6647 436 6997
f 6667 7016 6666
f 7016 7017 6666
f 6666 7017 587
f 587 7017 6668
f 7017 7018 6668
f 6668 7018 591
f 7018 6669 591
f 6669 7019 593
f 593 7019 6670
f 7019 6671 6670
f 6671 7020 6672
f 6672 7020 7006
f 7020 7021 7006
f 7006 7021 7007
f 7007 7022 7008
f 7008 7022 7009
f 7022 7023 7009
f 7009 7023 7010
f 7023 7024 7010
f 7010 7024 7011
f 7024 7025 7011
f 7011 7025 7012
f 7025 7026 7012
f 7012 7026 7013
f 7026 7027 7013
f 7013 7027 7014
f 7027 7028 7014
f 7014 7028 7015
f 7028 7029 7015
f 7015 7029 6647
f 7029 6648 6647
f 6649 7030 6650
f 6650 7030 6651
f 7030 6652 6651
f 6652 7031 442
f 442 7031 433
f 7031 7032 433
f 433 7032 434
f 7032 7033 434
f 434 7033 443
f 443 7033 444
f 7033 6653 444
f 6653 7034 447
f 447 7034 6654
f 7034 7035 6654
f 6654 7035 451
f 7035 6655 451
f 6655 7036 453
f 453 7036 6656
f 7036 6657 6656
f 6657 7037 6658
f 6658 7037 6998
f 7037 6999 6998
f 6999 7038 7000
f 7038 7039 7000
f 7000 7039 7001
f 7039 7040 7001
f 7001 7040 7002
f 7040 7041 7002
f 7002 7041 7003
f 7041 7042 7003
f 7003 7042 6984
f 7042 7004 6984
f 7004 7043 7005
f 7043 7044 7005
f 7005 7044 6987
f 7044 7045 6987
f 7045 7046 6987
f 6987 7046 6659
f 6659 7046 6660
f 7046 6661 6660
f 6661 7047 577
f 577 7047 6662
f 7047 7048 6662
f 6662 7048 6663
f 6663 7048 581
f 7048 6664 581
f 6664 7049 573
f 573 7049 6665
f 7049 7016 6665
f 6665 7016 6667
f 7016 7050 7017
f 7050 7051 7017
f 7051 7018 7017
f 7018 7052 6669
f 6669 7052 7019
f 7052 7053 7019
f 7019 7053 6671
f 7053 7054 6671
f 6671 7054 7020
f 7054 7055 7020
f 7020 7055 7021
f 7055 7056 7021
f 7021 7056 7007
f 7007 7056 7022
f 7056 7057 7022
f 7022 7057 7023
f 7057 7058 7023
f 7023 7058 7024
f 7058 7059 7024
f 7024 7059 7025
f 7059 7060 7025
f 7025 7060 7026
f 7060 7061 7026
f 7026 7061 7027
f 7061 7062 7027
f 7027 7062 7028
f 7062 7063 7028
f 7028 7063 7029
f 7063 7064 7029
f 7029 7064 6648
f 7064 7065 6648
f 6648 7065 6649
f 7065 7066 6649
f 6649 7066 7030
f 7066 7067 7030
f 7030 7067 6652
f 6652 7067 7031
f 7067 7068 7031
f 7031 7068 7032
f 7068 7069 7032
f 7032 7069 7033
f 7069 7070 7033
f 7033 7070 6653
f 7070 7034 6653
f 7035 7071 6655
f 6655 7071 7036
f 7071 7072 7036
f 7036 7072 6657
f 7072 7073 6657
f 6657 7073 7037
f 7073 7074 7037
f 7037 7074 6999
f 7074 7075 6999
f 6999 7075 7038
f 7075 7076 7038
f 7038 7076 7039
f 7076 7077 7039
f 7039 7077 7040
f 7077 7078 7040
f 7040 7078 7041
f 7078 7079 7041
f 7041 7079 7042
f 7079 7080 7042
f 7042 7080 7004
f 7080 7043 7004
f 7043 7081 7044
f 7081 7082 7044
f 7044 7082 7045
f 7082 7083 7045
f 7045 7083 7046
f 7083 7084 7046
f 7046 7084 6661
f 7084 7085 6661
f 6661 7085 7047
f 7085 7086 7047
f 7047 7086 7048
f 7086 7087 7048
f 7048 7087 6664
f 7087 7088 6664
f 6664 7088 7049
f 7088 7089 7049
f 7049 7089 7016
f 7089 7050 7016
f 7089 7090 7050
f 7090 7091 7050
f 7050 7091 7051
f 7091 7092 7051
f 7051 7092 7018
f 7092 7093 7018
f 7018 7093 7052
f 7093 7094 7052
f 7052 7094 7053
f 7094 7095 7053
f 7053 7095 7054
f 7095 7096 7054
f 7054 7096 7055
f 7096 7097 7055
f 7055 7097 7056
f 7097 7098 7056
f 7056 7098 7057
f 7098 7099 7057
f 7057 7099 7058
f 7099 7100 7058
f 7058 7100 7059
f 7100 7101 7059
f 7059 7101 7060
f 7101 7102 7060
f 7060 7102 7061
f 7102 7103 7061
f 7061 7103 7062
f 7103 7104 7062
f 7062 7104 7063
f 7104 7105 7063
f 7063 7105 7064
f 7105 7106 7064
f 7064 7106 7065
f 7106 7107 7065
f 7065 7107 7066
f 7107 7108 7066
f 7066 7108 7067
f 7108 7109 7067
f 7067 7109 7068
f 7109 7110 7068
f 7068 7110 7069
f 7110 7111 7069
f 7069 7111 7070
f 7111 7112 7070
f 7070 7112 7034
f 7112 7113 7034
f 7034 7113 7035
f 7113 7114 7035
f 7035 7114 7071
f 7114 7115 7071
f 7071 7115 7072
f 7115 7116 7072
f 7072 7116 7073
f 7116 7117 7073
f 7073 7117 7074
f 7117 7118 7074
f 7074 7118 7075
f 7118 7119 7075
f 7075 7119 7076
f 7119 7120 7076
f 7076 7120 7077
f 7120 7121 7077
f 7077 7121 7078
f 7121 7122 7078
f 7078 7122 7079
f 7122 7123 7079
f 7079 7123 7080
f 7123 7124 7080
f 7080 7124 7043
f 7124 7081 7043
f 7081 7125 7082
f 7125 7126 7082
f 7082 7126 7083
f 7126 7127 7083
f 7083 7127 7084
f 7127 7128 7084
f 7084 7128 7085
f 7128 7129 7085
f 7085 7129 7086
f 7129 7130 7086
f 7086 7130 7087
f 7130 7131 7087
f 7087 7131 7088
f 7131 7132 7088
f 7088 7132 7089
f 7132 7090 7089
f 7090 7133 7091
f 7133 7134 7091
f 7091 7134 7092
f 7134 7135 7092
f 7092 7135 7093
f 7135 7136 7093
f 7093 7136 7094
f 7136 7137 7094
f 7094 7137 7095
f 7137 7138 7095
f 7095 7138 7096
f 7138 7139 7096
f 7096 7139 7097
f 7139 7140 7097
f 7097 7140 7098
f 7140 7141 7098
f 7098 7141 7099
f 7141 7142 7099
f 7099 7142 7100
f 7142 7143 7100
f 7100 7143 7101
f 7143 7144 7101
f 7101 7144 7102
f 7144 7145 7102
f 7102 7145 7103
f 7145 7146 7103
f 7103 7146 7104
f 7146 7147 7104
f 7104 7147 7105
f 7147 7148 7105
f 7105 7148 7106
f 7148 7149 7106
f 7106 7149 7107
f 7149 7150 7107
f 7107 7150 7108
f 7150 7151 7108
f 7108 7151 7109
f 7151 7152 7109
f 7109 7152 7110
f 7152 7153 7110
f 7110 7153 7111
f 7153 7154 7111
f 7111 7154 7112
f 7154 7155 7112
f 7112 7155 7113
f 7155 7156 7113
f 7113 7156 7114
f 7156 7157 7114
f 7114 7157 7115
f 7157 7158 7115
f 7115 7158 7116
f 7158 7159 7116
f 7116 7159 7117
f 7159 7160 7117
f 7117 7160 7118
f 7160 7161 7118
f 7118 7161 7119
f 7161 7162 7119
f 7119 7162 7120
f 7162 7163 7120
f 7120 7163 7121
f 7163 7164 7121
f 7121 7164 7122
f 7164 7165 7122
f 7122 7165 7123
f 7165 7166 7123
f 7123 7166 7124
f 7166 7167 7124
f 7124 7167 7081
f 7167 7125 7081
f 7125 6597 7126
f 6597 7168 7126
f 7126 7168 7127
f 7168 7169 7127
f 7127 7169 7128
f 7169 7170 7128
f 7128 7170 7129
f 7170 7171 7129
f 7129 7171 7130
f 7171 7172 7130
f 7130 7172 7131
f 7172 7173 7131
f 7131 7173 7132
f 7173 7174 7132
f 7132 7174 7090
f 7174 7133 7090
f 7174 6590 7133
f 6590 6576 7133
f 7133 6576 7134
f 6576 6575 7134
f 7134 6575 7135
f 6575 6589 7135
f 7135 6589 7136
f 6589 6588 7136
f 6588 4665 7136
f 7136 4665 7137
f 4665 6587 7137
f 7137 6587 7138
f 6587 6586 7138
f 7138 6586 7139
f 6586 4660 7139
f 7139 4660 7140
f 4660 6585 7140
f 7140 6585 7141
f 6585 4703 7141
f 4703 4702 7141
f 7141 4702 7142
f 4702 4701 7142
f 7142 4701 7143
f 4701 6584 7143
f 7143 6584 7144
f 6584 4698 7144
f 7144 4698 7145
f 4698 4697 7145
f 4697 4696 7145
f 7145 4696 7146
f 4696 6583 7146
f 7146 6583 7147
f 6583 6582 7147
f 6582 4692 7147
f 7147 4692 7148
f 4692 6581 7148
f 7148 6581 7149
f 6581 6580 7149
f 7149 6580 7150
f 6580 6578 7150
f 7150 6578 7151
f 6578 6577 7151
f 7151 6577 7152
f 6577 6579 7152
f 7152 6579 7153
f 6579 6606 7153
f 7153 6606 7154
f 6606 6605 7154
f 7154 6605 7155
f 6605 6604 7155
f 7155 6604 7156
f 6604 6602 7156
f 7156 6602 7157
f 6602 6603 7157
f 7157 6603 7158
f 6603 6601 7158
f 7158 6601 7159
f 6601 6600 7159
f 7159 6600 7160
f 6600 4655 7160
f 7160 4655 7161
f 4655 4654 7161
f 4654 4653 7161
f 7161 4653 7162
f 4653 4652 7162
f 4652 4651 7162
f 7162 4651 7163
f 4651 4650 7163
f 7163 4650 7164
f 4650 6599 7164
f 7164 6599 7165
f 6599 4647 7165
f 7165 4647 7166
f 4647 4646 7166
f 4646 4689 7166
f 7166 4689 7167
f 4689 6598 7167
f 7167 6598 7125
f 6598 6597 7125
f 6597 4686 7168
f 4686 6596 7168
f 7168 6596 7169
f 6596 6595 7169
f 7169 6595 7170
f 6595 4682 7170
f 4682 6594 7170
f 7170 6594 7171
f 6594 6593 7171
f 7171 6593 7172
f 6593 6592 7172
f 7172 6592 7173
f 6592 6591 7173
f 7173 6591 7174
f 6591 6590 7174
f 7175 7176 7177
f 7178 7179 7180
f 7180 7179 7181
f 7182 7183 7184
f 7184 7183 7178
f 7180 7181 7185
f 7186 7187 7188
f 7176 7189 7177
f 7178 7180 7184
f 7184 7180 7190
f 7180 7191 7190
f 7190 7191 7192
f 7191 7193 7192
f 7192 7193 7177
f 7193 7188 7177
f 7187 7194 7188
f 7194 7175 7188
f 7188 7175 7177
f 5622 7195 7196
f 4715 7197 7198
f 4713 4712 7199
f 7199 7197 4713
f 4713 7197 4714
f 4715 4714 7197
f 4717 4716 7198
f 7198 4716 4715
f 4718 4717 7200
f 4717 7198 7200
f 4718 7200 4761
f 7200 7201 4761
f 4761 7201 4762
f 7201 4763 4762
f 7202 4764 4763
f 4766 4765 7203
f 7203 4765 7202
f 4765 4764 7202
f 7203 4767 4766
f 4769 7204 4770
f 4770 7204 4771
f 7204 4772 4771
f 4774 7205 4731
f 7205 4732 4731
f 4732 7206 4733
f 4733 7206 4734
f 4734 7206 4735
f 7206 7207 4735
f 4735 7207 4736
f 7207 4737 4736
f 4737 7208 4738
f 4738 7208 4739
f 7208 4740 4739
f 7209 4742 7210
f 4742 4741 7210
f 7210 4741 4740
f 4744 4743 7209
f 7209 4743 4742
f 4745 4744 7211
f 4744 7209 7211
f 4745 7211 4746
f 7211 7212 4746
f 4746 7212 4748
f 7212 7213 4748
f 4748 7213 4747
f 4747 7213 4749
f 7213 7214 4749
f 4749 7214 4750
f 4750 7214 4751
f 7214 7215 4751
f 4751 7215 4752
f 7215 4753 4752
f 7216 4754 4753
f 4756 4755 7217
f 7217 4755 7216
f 4755 4754 7216
f 7217 4757 4756
f 4760 4759 7218
f 4759 4758 7218
f 7219 4719 4760
f 4720 4719 7219
f 4721 4720 7219
f 4723 4722 7220
f 4722 4721 7220
f 4721 7219 7220
f 7221 4724 4723
f 4725 4724 7221
f 4725 7222 4726
f 4726 7222 4727
f 4727 7223 4728
f 4728 7223 4729
f 7223 7224 4729
f 4729 7224 4730
f 4708 4705 7225
f 4705 4704 7225
f 7225 4704 7224
f 4704 4730 7224
f 7226 4709 4708
f 7227 4710 7226
f 4710 4709 7226
f 4712 4707 7199
f 7199 4707 7228
f 4707 4706 7228
f 7228 4706 7227
f 4706 4711 7227
f 7227 4711 4710
f 7229 7230 5581
f 5582 5581 7230
f 7231 5583 7230
f 5583 5582 7230
f 5585 5584 7231
f 7231 5584 5583
f 5586 5585 7232
f 5585 7231 7232
f 5586 7232 5587
f 5587 7233 5588
f 5588 7233 5589
f 7233 7234 5589
f 5589 7234 5590
f 7234 5591 5590
f 5592 7195 5593
f 5622 5593 7195
f 5624 5623 7196
f 7196 5623 5622
f 7196 7235 5624
f 5624 7235 5625
f 7236 5626 7235
f 5626 5625 7235
f 5628 5627 7236
f 7236 5627 5626
f 7237 5628 7238
f 5628 7236 7238
f 5628 7237 5629
f 7237 7239 5629
f 5629 7239 5630
f 7239 7240 5630
f 5630 7240 5631
f 5631 7240 5632
f 7240 7241 5632
f 5632 7241 5633
f 5633 7241 5634
f 7241 7242 5634
f 7242 7243 5634
f 5634 7243 5635
f 7243 5636 5635
f 5636 7244 5607
f 5609 5608 7245
f 7245 5608 7244
f 5608 5607 7244
f 7245 7246 5609
f 5609 7246 5610
f 7246 7247 5610
f 5610 7247 5611
f 7248 5613 7247
f 5613 5612 7247
f 7247 5612 5611
f 7249 5615 7248
f 5615 5614 7248
f 5614 5613 7248
f 5618 5617 7249
f 5617 5615 7249
f 5618 7250 5619
f 5619 7250 5620
f 7250 7251 5620
f 5620 7251 5621
f 5595 5621 7251
f 5597 5596 7252
f 7252 5596 5595
f 7252 5598 5597
f 7253 5599 5598
f 5600 5599 7253
f 5601 5600 7254
f 5600 7253 7254
f 7254 7255 5601
f 5601 7255 5602
f 7255 7256 5602
f 5602 7256 5603
f 5603 7256 5604
f 7256 7257 5604
f 5604 7257 5605
f 5605 7257 5606
f 7257 7258 5606
f 7258 7259 5606
f 5606 7259 5564
f 7259 5565 5564
f 5565 7260 5566
f 7261 5567 7260
f 5567 5566 7260
f 5570 5569 7262
f 7262 5569 7261
f 5569 5568 7261
f 7261 5568 5567
f 5571 5570 7263
f 7263 5570 7262
f 5571 7263 5572
f 7263 7264 5572
f 5572 7264 5573
f 7264 5574 5573
f 5574 7265 5575
f 7266 5576 7265
f 5576 5575 7265
f 5578 5577 7266
f 5577 5576 7266
f 5581 5580 7229
f 5580 5579 7229
f 7229 5579 7267
f 5579 5578 7267
f 5578 7266 7267
f 652 7268 603
f 7269 7270 549
f 549 7270 550
f 7270 7271 550
f 7271 551 550
f 551 7272 552
f 552 7272 553
f 7273 554 7272
f 554 553 7272
f 555 554 7273
f 546 556 555
f 7274 559 558
f 561 559 7274
f 563 562 7275
f 7275 562 561
f 563 7275 564
f 7275 565 564
f 565 7276 566
f 7276 567 566
f 567 7277 568
f 568 7277 569
f 7278 570 7277
f 570 569 7277
f 571 570 7279
f 7279 570 7278
f 650 649 7280
f 649 648 7280
f 652 650 7281
f 7282 7283 689
f 689 7283 690
f 7283 7284 690
f 7284 7285 690
f 690 7285 691
f 691 7285 692
f 7285 7286 692
f 692 7286 693
f 7287 694 7286
f 694 693 7286
f 695 694 7287
f 697 696 7288
f 7288 696 695
f 697 7288 686
f 7288 687 686
f 687 7289 698
f 7290 700 7291
f 700 699 7291
f 7291 699 7289
f 699 698 7289
f 703 702 7290
f 7290 702 700
f 705 704 7292
f 7292 704 703
f 705 7292 706
f 7292 707 706
f 707 7293 708
f 7293 709 708
f 709 7294 710
f 710 7294 711
f 7295 712 7294
f 712 711 7294
f 713 712 7296
f 7296 712 7295
f 774 713 7297
f 770 775 7298
f 775 774 7298
f 772 7299 738
f 7248 7300 7249
f 7300 7301 7249
f 7249 7301 5618
f 7301 7250 5618
f 7250 7302 7251
f 7302 7303 7251
f 7251 7303 5595
f 7303 7304 5595
f 5595 7304 7252
f 7304 7305 7252
f 7252 7305 5598
f 7305 7306 5598
f 5598 7306 7253
f 7306 7307 7253
f 7253 7307 7254
f 7307 7308 7254
f 7254 7308 7255
f 7308 7309 7255
f 7255 7309 7256
f 7309 7310 7256
f 7256 7310 7257
f 7310 7311 7257
f 7257 7311 7258
f 7311 7312 7258
f 7258 7312 7259
f 7312 7313 7259
f 7259 7313 5565
f 7313 7260 5565
f 7260 7314 7261
f 7314 7315 7261
f 7261 7315 7262
f 7315 7316 7262
f 7262 7316 7263
f 7316 7317 7263
f 7263 7317 7264
f 7317 7318 7264
f 7264 7318 5574
f 5574 7318 7265
f 7318 7319 7265
f 7265 7319 7266
f 7319 7320 7266
f 7266 7320 7267
f 7320 7321 7267
f 7267 7321 7229
f 7321 7322 7229
f 7229 7322 7230
f 7322 7323 7230
f 7230 7323 7231
f 7323 7324 7231
f 7231 7324 7232
f 7324 7325 7232
f 7232 7325 5587
f 7325 7233 5587
f 7233 7326 7234
f 7234 7326 5591
f 7326 7327 5591
f 5591 7327 5592
f 5592 7327 7195
f 7327 7328 7195
f 7195 7328 7196
f 7328 7329 7196
f 7196 7329 7235
f 7329 7330 7235
f 7235 7330 7236
f 7330 7331 7236
f 7236 7331 7238
f 7331 7237 7238
f 7237 7332 7239
f 7332 7333 7239
f 7239 7333 7240
f 7333 7334 7240
f 7240 7334 7241
f 7334 7335 7241
f 7241 7335 7242
f 7335 7336 7242
f 7242 7336 7243
f 7336 7337 7243
f 7243 7337 5636
f 7337 7338 5636
f 5636 7338 7244
f 7244 7338 7245
f 7338 7339 7245
f 7245 7339 7246
f 7339 7340 7246
f 7246 7340 7247
f 7340 7341 7247
f 7247 7341 7248
f 7341 7300 7248
f 7300 7342 7301
f 7342 7343 7301
f 7301 7343 7250
f 7343 7344 7250
f 7250 7344 7302
f 7344 7345 7302
f 7302 7345 7303
f 7345 7346 7303
f 7303 7346 7304
f 7346 7347 7304
f 7304 7347 7305
f 7347 7348 7305
f 7305 7348 7306
f 7348 7349 7306
f 7306 7349 7307
f 7349 7350 7307
f 7307 7350 7308
f 7350 7351 7308
f 7308 7351 7309
f 7351 7352 7309
f 7309 7352 7310
f 7352 7353 7310
f 7310 7353 7311
f 7353 7354 7311
f 7311 7354 7312
f 7354 7355 7312
f 7312 7355 7313
f 7355 7356 7313
f 7313 7356 7260
f 7356 7314 7260
f 7314 7357 7315
f 7357 7358 7315
f 7315 7358 7316
f 7358 7359 7316
f 7316 7359 7317
f 7359 7360 7317
f 7317 7360 7318
f 7360 7361 7318
f 7318 7361 7319
f 7361 7362 7319
f 7319 7362 7320
f 7362 7363 7320
f 7320 7363 7321
f 7363 7364 7321
f 7321 7364 7322
f 7364 7365 7322
f 7322 7365 7323
f 7365 7366 7323
f 7323 7366 7324
f 7366 7367 7324
f 7324 7367 7325
f 7367 7368 7325
f 7325 7368 7233
f 7368 7369 7233
f 7233 7369 7326
f 7369 7370 7326
f 7326 7370 7327
f 7370 7371 7327
f 7327 7371 7328
f 7371 7372 7328
f 7328 7372 7329
f 7372 7373 7329
f 7329 7373 7330
f 7373 7374 7330
f 7330 7374 7331
f 7374 7375 7331
f 7331 7375 7237
f 7375 7332 7237
f 7332 7376 7333
f 7376 7377 7333
f 7333 7377 7334
f 7377 7378 7334
f 7334 7378 7335
f 7378 7379 7335
f 7335 7379 7336
f 7379 7380 7336
f 7336 7380 7337
f 7380 7381 7337
f 7337 7381 7338
f 7381 7382 7338
f 7338 7382 7339
f 7382 7383 7339
f 7339 7383 7340
f 7383 7384 7340
f 7340 7384 7341
f 7384 7385 7341
f 7341 7385 7300
f 7385 7342 7300
f 7385 7386 7342
f 7386 7387 7342
f 7342 7387 7343
f 7387 7388 7343
f 7343 7388 7344
f 7388 7389 7344
f 7344 7389 7345
f 7389 7390 7345
f 7345 7390 7346
f 7390 7391 7346
f 7346 7391 7347
f 7391 7392 7347
f 7347 7392 7348
f 7392 7393 7348
f 7348 7393 7349
f 7393 7394 7349
f 7349 7394 7350
f 7394 7395 7350
f 7350 7395 7351
f 7395 7396 7351
f 7351 7396 7352
f 7396 7397 7352
f 7352 7397 7353
f 7397 7398 7353
f 7353 7398 7354
f 7398 7399 7354
f 7354 7399 7355
f 7399 7400 7355
f 7355 7400 7356
f 7400 7401 7356
f 7356 7401 7314
f 7401 7357 7314
f 7357 7402 7358
f 7402 7403 7358
f 7358 7403 7359
f 7403 7404 7359
f 7359 7404 7360
f 7404 7405 7360
f 7360 7405 7361
f 7405 7406 7361
f 7361 7406 7362
f 7406 7407 7362
f 7362 7407 7363
f 7407 7408 7363
f 7363 7408 7364
f 7408 7409 7364
f 7364 7409 7365
f 7409 7410 7365
f 7365 7410 7366
f 7410 7411 7366
f 7366 7411 7367
f 7411 7412 7367
f 7367 7412 7368
f 7412 7413 7368
f 7368 7413 7369
f 7413 7414 7369
f 7369 7414 7370
f 7414 7415 7370
f 7370 7415 7371
f 7415 7416 7371
f 7371 7416 7372
f 7416 7417 7372
f 7372 7417 7373
f 7417 7418 7373
f 7373 7418 7374
f 7418 7419 7374
f 7374 7419 7375
f 7419 7420 7375
f 7375 7420 7332
f 7420 7376 7332
f 7376 7421 7377
f 7421 7422 7377
f 7377 7422 7378
f 7422 7423 7378
f 7378 7423 7379
f 7423 7424 7379
f 7379 7424 7380
f 7424 7425 7380
f 7380 7425 7381
f 7425 7426 7381
f 7381 7426 7382
f 7426 7427 7382
f 7382 7427 7383
f 7427 7428 7383
f 7383 7428 7384
f 7428 7429 7384
f 7384 7429 7385
f 7429 7386 7385
f 7429 7430 7386
f 7430 7431 7386
f 7386 7431 7387
f 7431 7432 7387
f 7387 7432 7388
f 7432 7433 7388
f 7388 7433 7389
f 7433 7434 7389
f 7389 7434 7390
f 7434 7435 7390
f 7390 7435 7391
f 7435 7436 7391
f 7391 7436 7392
f 7436 7437 7392
f 7392 7437 7393
f 7437 7438 7393
f 7393 7438 7394
f 7438 7439 7394
f 7394 7439 7395
f 7439 7440 7395
f 7395 7440 7396
f 7440 7441 7396
f 7396 7441 7397
f 7441 7442 7397
f 7397 7442 7398
f 7442 7443 7398
f 7398 7443 7399
f 7443 7444 7399
f 7399 7444 7400
f 7444 7445 7400
f 7400 7445 7401
f 7445 7446 7401
f 7401 7446 7357
f 7446 7402 7357
f 7402 7447 7403
f 7447 7448 7403
f 7403 7448 7404
f 7448 7449 7404
f 7404 7449 7405
f 7449 7450 7405
f 7405 7450 7406
f 7450 7451 7406
f 7406 7451 7407
f 7451 7452 7407
f 7407 7452 7408
f 7452 7453 7408
f 7408 7453 7409
f 7453 7454 7409
f 7409 7454 7410
f 7454 7455 7410
f 7410 7455 7411
f 7455 7456 7411
f 7411 7456 7412
f 7456 7457 7412
f 7412 7457 7413
f 7457 7458 7413
f 7413 7458 7414
f 7458 7459 7414
f 7414 7459 7415
f 7459 7460 7415
f 7415 7460 7416
f 7460 7461 7416
f 7416 7461 7417
f 7461 7462 7417
f 7417 7462 7418
f 7462 7463 7418
f 7418 7463 7419
f 7463 7464 7419
f 7419 7464 7420
f 7464 7465 7420
f 7420 7465 7376
f 7465 7421 7376
f 7421 7466 7422
f 7466 7467 7422
f 7422 7467 7423
f 7467 7468 7423
f 7423 7468 7424
f 7468 7469 7424
f 7424 7469 7425
f 7469 7470 7425
f 7425 7470 7426
f 7470 7471 7426
f 7426 7471 7427
f 7471 7472 7427
f 7427 7472 7428
f 7472 7473 7428
f 7428 7473 7429
f 7473 7430 7429
f 7474 7475 7430
f 7430 7475 7431
f 7431 7475 7432
f 7475 7476 7432
f 7432 7476 7433
f 7476 740 7433
f 7433 740 7434
f 740 7477 7434
f 7434 7477 7435
f 7435 7478 7436
f 7436 7478 7437
f 7478 7479 7437
f 7437 7479 7438
f 7479 7480 7438
f 7438 7480 7439
f 7480 7481 7439
f 7439 7481 7440
f 7481 7482 7440
f 7440 7482 7441
f 7482 7483 7441
f 7441 7483 7442
f 7483 7484 7442
f 7442 7484 7443
f 7484 7485 7443
f 7443 7485 7444
f 7485 7486 7444
f 7444 7486 7445
f 7486 7487 7445
f 7445 7487 7446
f 7487 7488 7446
f 7446 7488 7402
f 7488 7447 7402
f 7447 7489 7448
f 7489 7490 7448
f 7448 7490 7449
f 7449 7491 7450
f 7450 7491 7451
f 7491 7492 7451
f 7451 7492 7452
f 7492 7493 7452
f 7493 7494 7452
f 7452 7494 7453
f 7453 7494 7454
f 7494 7495 7454
f 7454 7495 7455
f 7495 605 7455
f 7455 605 7456
f 605 7496 7456
f 7456 7496 7457
f 7457 7497 7458
f 7458 7497 7459
f 7497 7498 7459
f 7459 7498 7460
f 7498 7499 7460
f 7499 7500 7460
f 7460 7500 7461
f 7500 7501 7461
f 7461 7501 7462
f 7501 7502 7462
f 7462 7502 7463
f 7502 7503 7463
f 7463 7503 7464
f 7503 7504 7464
f 7464 7504 7465
f 7504 7505 7465
f 7465 7505 7421
f 7505 7466 7421
f 7466 7506 7467
f 7506 7507 7467
f 7467 7507 7468
f 7507 7508 7468
f 7468 7508 7469
f 7508 7509 7469
f 7469 7509 7470
f 7509 7510 7470
f 7470 7510 7471
f 7510 7511 7471
f 7471 7511 7472
f 7511 7512 7472
f 7472 7512 7473
f 7512 7513 7473
f 7473 7513 7430
f 7513 7474 7430
f 7513 748 7474
f 748 744 7474
f 7474 744 7475
f 744 743 7475
f 743 742 7475
f 7475 742 7476
f 742 741 7476
f 741 740 7476
f 740 739 7477
f 739 738 7477
f 7477 738 7435
f 738 7299 7435
f 7435 7299 7478
f 7299 7514 7478
f 7478 7514 7479
f 7514 7515 7479
f 7479 7515 7480
f 7515 7516 7480
f 7480 7516 7481
f 7516 7517 7481
f 7481 7517 7482
f 7517 7518 7482
f 7482 7518 7483
f 7518 7519 7483
f 7483 7519 7484
f 7519 7520 7484
f 7484 7520 7485
f 7520 7521 7485
f 7485 7521 7486
f 7521 7522 7486
f 7486 7522 7487
f 7522 7523 7487
f 7487 7523 7488
f 7523 621 7488
f 621 620 7488
f 7488 620 7447
f 620 619 7447
f 7447 619 7489
f 619 618 7489
f 7489 618 7490
f 618 617 7490
f 617 616 7490
f 7490 616 7449
f 616 615 7449
f 7449 615 7491
f 615 614 7491
f 614 611 7491
f 7491 611 7492
f 611 610 7492
f 610 613 7492
f 7492 613 7493
f 613 609 7493
f 7493 609 7494
f 609 608 7494
f 608 607 7494
f 7494 607 7495
f 607 606 7495
f 606 605 7495
f 605 604 7496
f 604 603 7496
f 7496 603 7457
f 603 7268 7457
f 7457 7268 7497
f 7268 7524 7497
f 7497 7524 7498
f 7524 7499 7498
f 7499 7525 7500
f 7525 7526 7500
f 7500 7526 7501
f 7526 7527 7501
f 7501 7527 7502
f 7527 7528 7502
f 7502 7528 7503
f 7528 7529 7503
f 7503 7529 7504
f 7529 7530 7504
f 7504 7530 7505
f 7530 7531 7505
f 7505 7531 7466
f 7531 7506 7466
f 7506 755 7507
f 755 754 7507
f 7507 754 7508
f 754 753 7508
f 7508 753 7509
f 753 752 7509
f 7509 752 7510
f 752 751 7510
f 7510 751 7511
f 751 750 7511
f 750 749 7511
f 7511 749 7512
f 749 746 7512
f 746 745 7512
f 7512 745 7513
f 745 748 7513
f 652 7281 7268
f 7281 7532 7268
f 7268 7532 7524
f 7532 7533 7524
f 7524 7533 7499
f 7533 7525 7499
f 7525 7534 7526
f 7534 7535 7526
f 7526 7535 7527
f 7535 7536 7527
f 7527 7536 7528
f 7536 7537 7528
f 7537 7538 7528
f 7528 7538 7529
f 7538 7539 7529
f 7529 7539 7530
f 7539 7540 7530
f 7530 7540 7531
f 7540 7541 7531
f 7531 7541 7506
f 7541 761 7506
f 7506 761 755
f 772 7542 7299
f 7299 7542 7514
f 7542 7543 7514
f 7514 7543 7515
f 7543 7544 7515
f 7515 7544 7516
f 7544 7545 7516
f 7516 7545 7517
f 7545 7546 7517
f 7517 7546 7518
f 7546 7547 7518
f 7518 7547 7519
f 7547 7548 7519
f 7548 7549 7519
f 7519 7549 7520
f 7549 7550 7520
f 7520 7550 7521
f 7550 7551 7521
f 7521 7551 7522
f 7551 7552 7522
f 7522 7552 7523
f 7552 655 7523
f 7523 655 621
f 650 7280 7281
f 7280 7532 7281
f 7532 7553 7533
f 7553 7554 7533
f 7533 7554 7525
f 7554 7534 7525
f 7534 7555 7535
f 7555 7556 7535
f 7535 7556 7536
f 7537 7557 7538
f 7557 7558 7538
f 7538 7558 7539
f 7540 7559 7541
f 7559 7560 7541
f 7560 764 7541
f 7541 764 761
f 772 771 7542
f 771 7561 7542
f 7542 7561 7543
f 7561 7562 7543
f 7562 7544 7543
f 7544 7563 7545
f 7563 7564 7545
f 7564 7546 7545
f 7546 7565 7547
f 7565 7566 7547
f 7566 7548 7547
f 7548 7567 7549
f 7567 7568 7549
f 7549 7568 7550
f 7551 7569 7552
f 7569 656 7552
f 656 655 7552
f 648 7570 7280
f 7280 7570 7532
f 7570 7553 7532
f 7553 7571 7554
f 7571 7572 7554
f 7572 7573 7554
f 7554 7573 7534
f 7573 7555 7534
f 7555 7574 7556
f 7556 7575 7536
f 7536 7575 7537
f 7575 7557 7537
f 7557 7576 7558
f 7558 7577 7539
f 7539 7577 7540
f 7577 7559 7540
f 7559 7578 7560
f 7578 766 7560
f 7560 766 764
f 770 7579 771
f 771 7579 7561
f 7579 7580 7561
f 7561 7580 7562
f 7580 7581 7562
f 7562 7581 7544
f 7581 7563 7544
f 7563 7582 7564
f 7582 7583 7564
f 7564 7583 7546
f 7583 7565 7546
f 7565 7584 7566
f 7584 7585 7566
f 7566 7585 7548
f 7585 7567 7548
f 7567 7586 7568
f 7568 7587 7550
f 7550 7587 7551
f 7587 7569 7551
f 7569 663 656
f 648 651 7570
f 651 7588 7570
f 7570 7588 7553
f 7588 7571 7553
f 7572 7589 7573
f 7573 7589 7555
f 7589 7574 7555
f 7574 7590 7556
f 7556 7590 7575
f 7590 7591 7575
f 7575 7591 7557
f 7591 7576 7557
f 7576 7592 7558
f 7558 7592 7577
f 7592 7593 7577
f 7577 7593 7559
f 7593 7578 7559
f 7578 760 766
f 770 7298 7579
f 7298 7594 7579
f 7579 7594 7580
f 7594 7595 7580
f 7580 7595 7581
f 7595 7596 7581
f 7581 7596 7563
f 7596 7582 7563
f 7583 7584 7565
f 7584 7597 7585
f 7585 7597 7567
f 7597 7586 7567
f 7586 7598 7568
f 7568 7598 7587
f 7598 7599 7587
f 7587 7599 7569
f 7599 657 7569
f 657 663 7569
f 571 7600 651
f 651 7600 7588
f 7600 7601 7588
f 7588 7601 7571
f 7601 7602 7571
f 7571 7602 7572
f 7602 7603 7572
f 7572 7603 7589
f 7603 7604 7589
f 7589 7604 7574
f 7574 7604 7590
f 7604 7605 7590
f 7590 7605 7591
f 7605 7606 7591
f 7591 7606 7576
f 7576 7606 7592
f 7606 7607 7592
f 7592 7607 7593
f 7607 7608 7593
f 7593 7608 7578
f 7608 7609 7578
f 7578 7609 760
f 7609 689 760
f 774 7297 7298
f 7297 7610 7298
f 7298 7610 7594
f 7610 7611 7594
f 7594 7611 7595
f 7611 7612 7595
f 7595 7612 7596
f 7596 7613 7582
f 7582 7613 7583
f 7613 7614 7583
f 7583 7614 7584
f 7584 7614 7597
f 7614 7615 7597
f 7597 7615 7586
f 7615 7616 7586
f 7586 7616 7598
f 7616 7617 7598
f 7598 7617 7599
f 7617 7269 7599
f 7599 7269 657
f 7269 549 657
f 7279 7618 571
f 571 7618 7600
f 7618 7619 7600
f 7619 7620 7600
f 7600 7620 7601
f 7620 7621 7601
f 7601 7621 7602
f 7621 7622 7602
f 7602 7622 7603
f 7622 7623 7603
f 7603 7623 7604
f 7623 7624 7604
f 7604 7624 7605
f 7624 7625 7605
f 7605 7625 7606
f 7625 7626 7606
f 7606 7626 7607
f 7626 7627 7607
f 7607 7627 7608
f 7627 7282 7608
f 7608 7282 7609
f 7282 689 7609
f 713 7296 7297
f 7296 7610 7297
f 7610 7628 7611
f 7628 7629 7611
f 7611 7629 7612
f 7629 7630 7612
f 7612 7630 7596
f 7630 7631 7596
f 7596 7631 7613
f 7631 7632 7613
f 7613 7632 7614
f 7632 7633 7614
f 7614 7633 7615
f 7633 7634 7615
f 7615 7634 7616
f 7634 7617 7616
f 7291 7635 7290
f 7635 7636 7290
f 7290 7636 703
f 703 7636 7292
f 7636 7637 7292
f 7292 7637 707
f 7637 7293 707
f 7293 7638 709
f 709 7638 7294
f 7638 7295 7294
f 7295 7639 7296
f 7296 7639 7610
f 7639 7628 7610
f 7628 7640 7629
f 7640 7641 7629
f 7629 7641 7630
f 7641 7642 7630
f 7630 7642 7631
f 7642 7643 7631
f 7631 7643 7632
f 7643 7644 7632
f 7632 7644 7633
f 7644 7645 7633
f 7633 7645 7634
f 7645 7646 7634
f 7634 7646 7617
f 7646 7647 7617
f 7647 7648 7617
f 7617 7648 7269
f 7269 7648 7270
f 7648 7271 7270
f 7271 7649 551
f 551 7649 7272
f 7649 7650 7272
f 7272 7650 7273
f 7273 7650 555
f 7650 7651 555
f 555 7651 546
f 546 7651 547
f 7651 7652 547
f 547 7652 557
f 557 7652 558
f 7652 7274 558
f 7274 7653 561
f 561 7653 7275
f 7653 7654 7275
f 7275 7654 565
f 7654 7276 565
f 7276 7655 567
f 567 7655 7277
f 7655 7278 7277
f 7278 7656 7279
f 7279 7656 7618
f 7656 7657 7618
f 7618 7657 7619
f 7619 7658 7620
f 7620 7658 7621
f 7658 7659 7621
f 7621 7659 7622
f 7659 7660 7622
f 7622 7660 7623
f 7660 7661 7623
f 7623 7661 7624
f 7661 7662 7624
f 7624 7662 7625
f 7662 7663 7625
f 7625 7663 7626
f 7663 7664 7626
f 7626 7664 7627
f 7664 7665 7627
f 7627 7665 7282
f 7665 7283 7282
f 7284 7666 7285
f 7285 7666 7286
f 7666 7287 7286
f 7287 7667 695
f 695 7667 7288
f 7667 7668 7288
f 7288 7668 687
f 687 7668 7289
f 7668 7635 7289
f 7289 7635 7291
f 7635 7669 7636
f 7669 7670 7636
f 7670 7637 7636
f 7637 7671 7293
f 7293 7671 7638
f 7671 7672 7638
f 7638 7672 7295
f 7672 7673 7295
f 7295 7673 7639
f 7673 7674 7639
f 7639 7674 7628
f 7674 7640 7628
f 7640 7675 7641
f 7675 7676 7641
f 7641 7676 7642
f 7676 7677 7642
f 7642 7677 7643
f 7677 7678 7643
f 7643 7678 7644
f 7678 7679 7644
f 7644 7679 7645
f 7679 7680 7645
f 7645 7680 7646
f 7680 7681 7646
f 7646 7681 7647
f 7681 7682 7647
f 7647 7682 7648
f 7682 7683 7648
f 7648 7683 7271
f 7683 7684 7271
f 7271 7684 7649
f 7684 7685 7649
f 7649 7685 7650
f 7685 7686 7650
f 7650 7686 7651
f 7686 7687 7651
f 7651 7687 7652
f 7687 7688 7652
f 7652 7688 7274
f 7688 7653 7274
f 7654 7689 7276
f 7276 7689 7655
f 7689 7690 7655
f 7655 7690 7278
f 7690 7691 7278
f 7278 7691 7656
f 7691 7692 7656
f 7656 7692 7657
f 7692 7693 7657
f 7657 7693 7619
f 7619 7693 7658
f 7693 7694 7658
f 7658 7694 7659
f 7694 7695 7659
f 7659 7695 7660
f 7695 7696 7660
f 7660 7696 7661
f 7696 7697 7661
f 7661 7697 7662
f 7697 7698 7662
f 7662 7698 7663
f 7698 7699 7663
f 7663 7699 7664
f 7699 7700 7664
f 7664 7700 7665
f 7700 7701 7665
f 7665 7701 7283
f 7701 7702 7283
f 7283 7702 7284
f 7702 7703 7284
f 7284 7703 7666
f 7703 7704 7666
f 7666 7704 7287
f 7287 7704 7667
f 7704 7705 7667
f 7667 7705 7668
f 7705 7706 7668
f 7668 7706 7635
f 7706 7669 7635
f 7706 7707 7669
f 7707 7708 7669
f 7669 7708 7670
f 7708 7709 7670
f 7670 7709 7637
f 7709 7710 7637
f 7637 7710 7671
f 7710 7711 7671
f 7671 7711 7672
f 7711 7712 7672
f 7672 7712 7673
f 7712 7713 7673
f 7673 7713 7674
f 7713 7714 7674
f 7674 7714 7640
f 7714 7675 7640
f 7675 7715 7676
f 7715 7716 7676
f 7676 7716 7677
f 7716 7717 7677
f 7677 7717 7678
f 7717 7718 7678
f 7678 7718 7679
f 7718 7719 7679
f 7679 7719 7680
f 7719 7720 7680
f 7680 7720 7681
f 7720 7721 7681
f 7681 7721 7682
f 7721 7722 7682
f 7682 7722 7683
f 7722 7723 7683
f 7683 7723 7684
f 7723 7724 7684
f 7684 7724 7685
f 7724 7725 7685
f 7685 7725 7686
f 7688 7726 7653
f 7653 7726 7654
f 7726 7727 7654
f 7654 7727 7689
f 7727 7728 7689
f 7689 7728 7690
f 7728 7729 7690
f 7690 7729 7691
f 7729 7730 7691
f 7691 7730 7692
f 7730 7731 7692
f 7692 7731 7693
f 7731 7732 7693
f 7693 7732 7694
f 7732 7733 7694
f 7694 7733 7695
f 7733 7734 7695
f 7695 7734 7696
f 7734 7735 7696
f 7696 7735 7697
f 7735 7736 7697
f 7697 7736 7698
f 7736 7737 7698
f 7698 7737 7699
f 7737 7738 7699
f 7699 7738 7700
f 7738 7739 7700
f 7700 7739 7701
f 7739 7740 7701
f 7701 7740 7702
f 7740 7741 7702
f 7702 7741 7703
f 7741 7742 7703
f 7703 7742 7704
f 7742 7743 7704
f 7704 7743 7705
f 7743 7744 7705
f 7705 7744 7706
f 7744 7707 7706
f 7707 7745 7708
f 7745 7746 7708
f 7708 7746 7709
f 7746 7747 7709
f 7709 7747 7710
f 7747 7748 7710
f 7710 7748 7711
f 7748 7749 7711
f 7711 7749 7712
f 7749 7750 7712
f 7712 7750 7713
f 7750 7751 7713
f 7713 7751 7714
f 7751 7752 7714
f 7714 7752 7675
f 7752 7715 7675
f 7715 7221 7716
f 7221 7753 7716
f 7716 7753 7717
f 7753 7754 7717
f 7717 7754 7718
f 7754 7755 7718
f 7718 7755 7719
f 7755 7756 7719
f 7719 7756 7720
f 7756 7757 7720
f 7720 7757 7721
f 7757 7758 7721
f 7721 7758 7722
f 7758 7759 7722
f 7722 7759 7723
f 7759 7760 7723
f 7723 7760 7724
f 7760 7761 7724
f 7724 7761 7725
f 7761 7762 7725
f 7725 7762 7686
f 7762 7763 7686
f 7686 7763 7687
f 7763 7764 7687
f 7687 7764 7688
f 7764 7765 7688
f 7688 7765 7726
f 7765 7766 7726
f 7726 7766 7727
f 7766 7767 7727
f 7727 7767 7728
f 7767 7768 7728
f 7728 7768 7729
f 7768 7769 7729
f 7729 7769 7730
f 7769 7770 7730
f 7730 7770 7731
f 7770 7771 7731
f 7731 7771 7732
f 7771 7772 7732
f 7732 7772 7733
f 7772 7773 7733
f 7733 7773 7734
f 7773 7774 7734
f 7734 7774 7735
f 7774 7775 7735
f 7735 7775 7736
f 7775 7776 7736
f 7736 7776 7737
f 7776 7777 7737
f 7737 7777 7738
f 7777 7778 7738
f 7738 7778 7739
f 7778 7779 7739
f 7739 7779 7740
f 7779 7780 7740
f 7740 7780 7741
f 7780 7781 7741
f 7741 7781 7742
f 7781 7782 7742
f 7742 7782 7743
f 7782 7783 7743
f 7743 7783 7744
f 7783 7784 7744
f 7744 7784 7707
f 7784 7745 7707
f 7784 7228 7745
f 7228 7227 7745
f 7745 7227 7746
f 7227 7226 7746
f 7746 7226 7747
f 7226 4708 7747
f 7747 4708 7748
f 4708 7225 7748
f 7748 7225 7749
f 7225 7224 7749
f 7749 7224 7750
f 7224 7223 7750
f 7750 7223 7751
f 7223 4727 7751
f 4727 7222 7751
f 7751 7222 7752
f 7222 4725 7752
f 7752 4725 7715
f 4725 7221 7715
f 7221 4723 7753
f 4723 7220 7753
f 7753 7220 7754
f 7220 7219 7754
f 7754 7219 7755
f 7219 4760 7755
f 7755 4760 7756
f 4760 7218 7756
f 7756 7218 7757
f 7218 4758 7757
f 4758 4757 7757
f 7757 4757 7758
f 4757 7217 7758
f 7758 7217 7759
f 7217 7216 7759
f 7759 7216 7760
f 7216 4753 7760
f 4753 7215 7760
f 7760 7215 7761
f 7215 7214 7761
f 7761 7214 7762
f 7214 7213 7762
f 7762 7213 7763
f 7213 7212 7763
f 7763 7212 7764
f 7212 7211 7764
f 7764 7211 7765
f 7211 7209 7765
f 7765 7209 7766
f 7209 7210 7766
f 7210 4740 7766
f 7766 4740 7767
f 4740 7208 7767
f 7208 4737 7767
f 7767 4737 7768
f 4737 7207 7768
f 7768 7207 7769
f 7207 7206 7769
f 7769 7206 7770
f 7206 4732 7770
f 7770 4732 7771
f 4732 7205 7771
f 7771 7205 7772
f 7205 4774 7772
f 4774 4773 7772
f 7772 4773 7773
f 4773 4772 7773
f 7773 4772 7774
f 4772 7204 7774
f 7774 7204 7775
f 7204 4769 7775
f 7775 4769 7776
f 4769 4768 7776
f 4768 4767 7776
f 7776 4767 7777
f 4767 7203 7777
f 7777 7203 7778
f 7203 7202 7778
f 7202 4763 7778
f 7778 4763 7779
f 4763 7201 7779
f 7779 7201 7780
f 7201 7200 7780
f 7780 7200 7781
f 7200 7198 7781
f 7781 7198 7782
f 7198 7197 7782
f 7782 7197 7783
f 7197 7199 7783
f 7783 7199 7784
f 7199 7228 7784
f 7785 7786 7787
f 7785 7787 7788
f 7789 7790 7791
f 7792 7793 7794
f 7794 7793 7795
f 7796 7797 7798
f 7798 7797 7792
f 7791 7799 7789
f 7795 7800 7794
f 7794 7800 7801
f 7792 7794 7798
f 7798 7794 7802
f 7794 7803 7802
f 7802 7803 7804
f 7803 7805 7804
f 7804 7805 7791
f 7805 7785 7791
f 7791 7785 7799
f 7785 7788 7799
f 5547 5546 7806
f 4796 7807 7808
f 4794 4793 7809
f 7809 7807 4794
f 4794 7807 4795
f 4796 4795 7807
f 4798 4797 7808
f 7808 4797 4796
f 7808 7810 4798
f 7810 7811 4798
f 4798 7811 4799
f 4802 4801 7812
f 7812 4801 7811
f 4801 4800 7811
f 7811 4800 4799
f 7812 7813 4802
f 4802 7813 4803
f 7813 4804 4803
f 7814 7815 4805
f 4805 4808 7814
f 7814 4808 4807
f 4810 4806 7815
f 7815 4806 4805
f 4810 7816 4809
f 4809 7816 4836
f 4839 4838 7817
f 4838 4837 7817
f 7818 4843 4842
f 4844 4843 7818
f 7818 7819 4844
f 4844 7819 4560
f 4822 4561 7820
f 4561 4560 7820
f 7820 4560 7819
f 7821 4823 4822
f 4823 7821 4824
f 4824 7821 4825
f 7821 7822 4825
f 4825 7822 4826
f 7822 7823 4826
f 4826 7823 4827
f 4827 7823 4828
f 7824 7825 4831
f 4831 4830 7824
f 4830 4829 7824
f 7824 4829 7823
f 4829 4828 7823
f 7826 4833 7825
f 4833 4832 7825
f 4832 4831 7825
f 4835 4834 7826
f 4834 4833 7826
f 4835 7826 7827
f 4835 7827 4814
f 7827 7828 4814
f 4814 7828 4815
f 7828 4816 4815
f 4816 7829 4817
f 7830 4818 7829
f 4818 4817 7829
f 4813 4818 7830
f 7830 7831 4813
f 4813 7831 4811
f 7831 4812 4811
f 4812 7832 4819
f 4819 7832 4820
f 4779 4778 4777
f 7833 4780 4779
f 7834 4781 7833
f 4781 4780 7833
f 4783 4782 7834
f 7834 4782 4781
f 7835 4784 4783
f 7836 4786 7837
f 7837 4786 7835
f 4786 4785 7835
f 7835 4785 4784
f 7838 4789 7836
f 4789 4786 7836
f 7839 4791 7838
f 4791 4790 7838
f 7838 4790 4789
f 4793 4788 7809
f 7809 4788 7840
f 4788 4787 7840
f 7840 4787 7839
f 4787 4792 7839
f 7839 4792 4791
f 5521 7841 5522
f 5492 7842 5521
f 7841 7843 5524
f 5524 5523 7841
f 7841 5523 5522
f 5526 5525 7844
f 7844 5525 7843
f 5525 5524 7843
f 5528 5527 7845
f 7845 5527 7844
f 5527 5526 7844
f 5529 7846 5530
f 5529 5528 7845
f 7847 5537 5536
f 5536 5535 7846
f 5535 5530 7846
f 5537 7847 5538
f 7847 7848 5538
f 5538 7848 5539
f 7849 5541 5540
f 7849 5540 7848
f 5540 5539 7848
f 7849 5531 5541
f 5531 7850 5532
f 5532 7850 5533
f 5533 7850 5534
f 7850 5542 5534
f 7851 5544 5542
f 5546 5545 7806
f 7806 5545 7851
f 5545 5544 7851
f 7806 7852 5547
f 5549 5548 7853
f 7853 5548 7852
f 5548 5547 7852
f 7854 5550 7853
f 5550 5549 7853
f 7855 5552 7854
f 5552 5551 7854
f 7854 5551 5550
f 5553 5552 7855
f 7856 5554 5553
f 7857 5555 7856
f 5555 5554 7856
f 7858 5557 7857
f 5557 5556 7857
f 7857 5556 5555
f 5558 5557 7858
f 7859 5558 7858
f 7860 5559 7859
f 7859 5559 5558
f 7861 5561 7860
f 5561 5560 7860
f 7860 5560 5559
f 7861 5504 5561
f 7862 5505 7861
f 5505 5504 7861
f 7863 5508 7862
f 5508 5507 7862
f 7862 5507 5505
f 5512 5509 7864
f 7864 5509 7863
f 5509 5508 7863
f 5512 7865 5513
f 7866 5514 7865
f 5514 5513 7865
f 5516 5515 7866
f 7866 5515 5514
f 5516 7867 5517
f 7868 5511 5510
f 7868 5510 7867
f 5510 5517 7867
f 5511 7868 5518
f 7868 7869 5518
f 5519 5518 7869
f 5519 7870 5520
f 7871 5496 7870
f 5496 5520 7870
f 5494 5493 7871
f 5493 5496 7871
f 5500 5499 7872
f 5499 5498 7873
f 5498 5494 7873
f 5494 7871 7873
f 7874 5502 7872
f 5502 5501 7872
f 7872 5501 5500
f 7875 5503 7874
f 5503 5502 7874
f 7876 5477 7875
f 5477 5476 7875
f 7875 5476 5503
f 5479 5478 7876
f 7876 5478 5477
f 5480 5479 7877
f 5479 7876 7877
f 5480 7877 5481
f 5481 7878 5482
f 5482 7878 5483
f 7878 7879 5483
f 5483 7879 5484
f 7879 7880 5484
f 5484 7880 5485
f 5485 7880 5486
f 7880 7881 5486
f 5486 7881 5487
f 7882 5488 7881
f 5488 5487 7881
f 5491 5488 7882
f 7882 7883 5491
f 5491 7883 5489
f 5492 5490 7842
f 7842 5490 7883
f 5490 5489 7883
f 805 7884 804
f 7884 803 804
f 803 7885 806
f 7885 807 806
f 7886 809 808
f 810 809 7886
f 812 811 7887
f 7887 811 810
f 812 7887 800
f 7887 801 800
f 801 7888 813
f 7889 815 7890
f 815 814 7890
f 7890 814 7888
f 814 813 7888
f 818 817 7889
f 7889 817 815
f 820 819 7891
f 7891 819 818
f 820 7891 821
f 7891 822 821
f 822 7892 823
f 7892 824 823
f 824 7893 825
f 825 7893 826
f 7894 827 7893
f 827 826 7893
f 828 827 7895
f 7895 827 7894
f 7896 7897 7898
f 7899 7900 854
f 7901 805 878
f 767 7902 719
f 727 7903 730
f 731 730 7903
f 7904 667 773
f 667 7905 668
f 7906 675 674
f 677 675 7906
f 679 7907 680
f 7907 681 680
f 681 7908 682
f 682 7908 683
f 7909 684 7908
f 684 683 7908
f 685 684 7910
f 7910 684 7909
f 763 762 7911
f 5542 7912 7851
f 7912 7913 7851
f 7851 7913 7806
f 7913 7914 7806
f 7806 7914 7852
f 7914 7915 7852
f 7852 7915 7853
f 7915 7916 7853
f 7853 7916 7854
f 7916 7917 7854
f 7854 7917 7855
f 7855 7917 5553
f 7917 7856 5553
f 7856 7918 7857
f 7857 7918 7858
f 7918 7919 7858
f 7858 7919 7859
f 7919 7920 7859
f 7859 7920 7860
f 7920 7921 7860
f 7860 7921 7861
f 7921 7922 7861
f 7861 7922 7862
f 7862 7922 7863
f 7922 7923 7863
f 7923 7864 7863
f 7864 7924 5512
f 7924 7925 5512
f 5512 7925 7865
f 7865 7925 7866
f 7925 7926 7866
f 7926 7927 7866
f 7866 7927 5516
f 5516 7927 7867
f 7927 7928 7867
f 7867 7928 7868
f 7868 7928 7869
f 7928 7929 7869
f 7869 7929 5519
f 7929 7930 5519
f 5519 7930 7870
f 7870 7930 7871
f 7930 7931 7871
f 7871 7931 7873
f 7931 7932 7873
f 7873 7932 5499
f 7932 7933 5499
f 5499 7933 7872
f 7933 7934 7872
f 7872 7934 7874
f 7934 7935 7874
f 7874 7935 7875
f 7935 7936 7875
f 7875 7936 7876
f 7876 7936 7877
f 7936 7937 7877
f 7877 7937 5481
f 7937 7878 5481
f 7878 7938 7879
f 7879 7938 7880
f 7938 7939 7880
f 7880 7939 7881
f 7939 7940 7881
f 7881 7940 7882
f 7940 7941 7882
f 7882 7941 7883
f 7941 7942 7883
f 7883 7942 7842
f 7942 7943 7842
f 7842 7943 5521
f 7943 7944 5521
f 5521 7944 7841
f 7944 7945 7841
f 7841 7945 7843
f 7945 7946 7843
f 7843 7946 7844
f 7946 7947 7844
f 7844 7947 7845
f 7947 7948 7845
f 7948 7949 7845
f 7845 7949 5529
f 5529 7949 7846
f 7949 7950 7846
f 7846 7950 5536
f 5536 7950 7847
f 7950 7951 7847
f 7847 7951 7848
f 7951 7952 7848
f 7848 7952 7849
f 7849 7952 5531
f 7952 7953 5531
f 5531 7953 7850
f 7953 7912 7850
f 7850 7912 5542
f 7912 7954 7913
f 7954 7955 7913
f 7913 7955 7914
f 7955 7956 7914
f 7914 7956 7915
f 7956 7957 7915
f 7915 7957 7916
f 7957 7958 7916
f 7916 7958 7917
f 7958 7959 7917
f 7917 7959 7856
f 7959 7960 7856
f 7856 7960 7918
f 7960 7961 7918
f 7918 7961 7919
f 7961 7962 7919
f 7919 7962 7920
f 7962 7963 7920
f 7920 7963 7921
f 7963 7964 7921
f 7921 7964 7922
f 7964 7965 7922
f 7922 7965 7923
f 7965 7966 7923
f 7923 7966 7864
f 7966 7924 7864
f 7924 7967 7925
f 7967 7968 7925
f 7925 7968 7926
f 7968 7969 7926
f 7926 7969 7927
f 7969 7970 7927
f 7927 7970 7928
f 7970 7971 7928
f 7928 7971 7929
f 7971 7972 7929
f 7929 7972 7930
f 7972 7973 7930
f 7930 7973 7931
f 7973 7974 7931
f 7931 7974 7932
f 7974 7975 7932
f 7932 7975 7933
f 7975 7976 7933
f 7933 7976 7934
f 7976 7977 7934
f 7934 7977 7935
f 7977 7978 7935
f 7935 7978 7936
f 7978 7979 7936
f 7936 7979 7937
f 7979 7980 7937
f 7937 7980 7878
f 7980 7981 7878
f 7878 7981 7938
f 7981 7982 7938
f 7938 7982 7939
f 7982 7983 7939
f 7939 7983 7940
f 7983 7984 7940
f 7940 7984 7941
f 7984 7985 7941
f 7941 7985 7942
f 7985 7986 7942
f 7942 7986 7943
f 7986 7987 7943
f 7943 7987 7944
f 7987 7988 7944
f 7944 7988 7945
f 7988 7989 7945
f 7945 7989 7946
f 7989 7990 7946
f 7946 7990 7947
f 7990 7991 7947
f 7947 7991 7948
f 7991 7992 7948
f 7948 7992 7949
f 7992 7993 7949
f 7949 7993 7950
f 7993 7994 7950
f 7950 7994 7951
f 7994 7995 7951
f 7951 7995 7952
f 7995 7996 7952
f 7952 7996 7953
f 7996 7997 7953
f 7953 7997 7912
f 7997 7954 7912
f 7997 7998 7954
f 7998 7999 7954
f 7954 7999 7955
f 7999 8000 7955
f 7955 8000 7956
f 8000 8001 7956
f 7956 8001 7957
f 8001 8002 7957
f 7957 8002 7958
f 8002 8003 7958
f 7958 8003 7959
f 8003 8004 7959
f 7959 8004 7960
f 8004 8005 7960
f 7960 8005 7961
f 8005 8006 7961
f 7961 8006 7962
f 8006 8007 7962
f 7962 8007 7963
f 8007 8008 7963
f 7963 8008 7964
f 8008 8009 7964
f 7964 8009 7965
f 8009 8010 7965
f 7965 8010 7966
f 8010 8011 7966
f 7966 8011 7924
f 8011 7967 7924
f 7967 8012 7968
f 8012 8013 7968
f 7968 8013 7969
f 8013 8014 7969
f 7969 8014 7970
f 8014 8015 7970
f 7970 8015 7971
f 8015 8016 7971
f 7971 8016 7972
f 8016 8017 7972
f 7972 8017 7973
f 8017 8018 7973
f 7973 8018 7974
f 8018 8019 7974
f 7974 8019 7975
f 8019 8020 7975
f 7975 8020 7976
f 8020 8021 7976
f 7976 8021 7977
f 8021 8022 7977
f 7977 8022 7978
f 8022 8023 7978
f 7978 8023 7979
f 8023 8024 7979
f 7979 8024 7980
f 8024 8025 7980
f 7980 8025 7981
f 8025 8026 7981
f 7981 8026 7982
f 8026 8027 7982
f 7982 8027 7983
f 8027 8028 7983
f 7983 8028 7984
f 8028 8029 7984
f 7984 8029 7985
f 8029 8030 7985
f 7985 8030 7986
f 8030 8031 7986
f 7986 8031 7987
f 8031 8032 7987
f 7987 8032 7988
f 8032 8033 7988
f 7988 8033 7989
f 8033 8034 7989
f 7989 8034 7990
f 8034 8035 7990
f 7990 8035 7991
f 8035 8036 7991
f 7991 8036 7992
f 8036 8037 7992
f 7992 8037 7993
f 8037 8038 7993
f 7993 8038 7994
f 8038 8039 7994
f 7994 8039 7995
f 8039 8040 7995
f 7995 8040 7996
f 8040 8041 7996
f 7996 8041 7997
f 8041 7998 7997
f 8041 8042 7998
f 8042 8043 7998
f 7998 8043 7999
f 8043 8044 7999
f 7999 8044 8000
f 8044 8045 8000
f 8000 8045 8001
f 8045 8046 8001
f 8001 8046 8002
f 8046 8047 8002
f 8002 8047 8003
f 8047 8048 8003
f 8003 8048 8004
f 8048 8049 8004
f 8004 8049 8005
f 8049 8050 8005
f 8005 8050 8006
f 8050 8051 8006
f 8006 8051 8007
f 8051 8052 8007
f 8007 8052 8008
f 8052 8053 8008
f 8008 8053 8009
f 8053 8054 8009
f 8009 8054 8010
f 8054 8055 8010
f 8010 8055 8011
f 8055 8056 8011
f 8011 8056 7967
f 8056 8012 7967
f 8012 8057 8013
f 8057 8058 8013
f 8013 8058 8014
f 8014 8059 8015
f 8015 8059 8016
f 8059 8060 8016
f 8016 8060 8017
f 8060 8061 8017
f 8017 8061 8018
f 8061 8062 8018
f 8018 8062 8019
f 8062 8063 8019
f 8063 8064 8019
f 8019 8064 8020
f 8064 8065 8020
f 8020 8065 8021
f 8065 8066 8021
f 8021 8066 8022
f 8066 8067 8022
f 8022 8067 8023
f 8067 8068 8023
f 8023 8068 8024
f 8068 8069 8024
f 8024 8069 8025
f 8069 8070 8025
f 8025 8070 8026
f 8070 8071 8026
f 8026 8071 8027
f 8071 8072 8027
f 8027 8072 8028
f 8072 8073 8028
f 8028 8073 8029
f 8073 8074 8029
f 8029 8074 8030
f 8074 8075 8030
f 8030 8075 8031
f 8075 8076 8031
f 8031 8076 8032
f 8076 8077 8032
f 8032 8077 8033
f 8077 8078 8033
f 8033 8078 8034
f 8078 8079 8034
f 8034 8079 8035
f 8079 8080 8035
f 8035 8080 8036
f 8080 8081 8036
f 8036 8081 8037
f 8081 8082 8037
f 8037 8082 8038
f 8082 8083 8038
f 8038 8083 8039
f 8083 8084 8039
f 8039 8084 8040
f 8084 8085 8040
f 8040 8085 8041
f 8085 8042 8041
f 8086 8087 8042
f 8042 8087 8043
f 8043 8087 8044
f 8087 8088 8044
f 8044 8088 8045
f 8088 856 8045
f 8045 856 8046
f 856 8089 8046
f 8046 8089 8047
f 8089 8090 8047
f 8047 8090 8048
f 8090 8091 8048
f 8048 8091 8049
f 8091 8092 8049
f 8049 8092 8050
f 8092 8093 8050
f 8050 8093 8051
f 8093 8094 8051
f 8051 8094 8052
f 8094 8095 8052
f 8052 8095 8053
f 8095 8096 8053
f 8053 8096 8054
f 8096 8097 8054
f 8097 8098 8054
f 8054 8098 8055
f 8098 8099 8055
f 8055 8099 8056
f 8099 8100 8056
f 8056 8100 8012
f 8100 8057 8012
f 8057 8101 8058
f 8058 8102 8014
f 8014 8102 8059
f 8102 8103 8059
f 8059 8103 8060
f 8103 8104 8060
f 8060 8104 8061
f 8104 7903 8061
f 8061 7903 8062
f 8066 8105 8067
f 8105 8106 8067
f 8067 8106 8068
f 8106 8107 8068
f 8068 8107 8069
f 8107 8108 8069
f 8069 8108 8070
f 8108 8109 8070
f 8109 8071 8070
f 8071 8110 8072
f 8110 8111 8072
f 8072 8111 8073
f 8111 8112 8073
f 8073 8112 8074
f 8112 8113 8074
f 8074 8113 8075
f 8113 8114 8075
f 8075 8114 8076
f 8114 8115 8076
f 8076 8115 8077
f 8115 8116 8077
f 8077 8116 8078
f 8116 8117 8078
f 8078 8117 8079
f 8117 8118 8079
f 8079 8118 8080
f 8118 8119 8080
f 8080 8119 8081
f 8119 8120 8081
f 8081 8120 8082
f 8120 8121 8082
f 8082 8121 8083
f 8121 8122 8083
f 8083 8122 8084
f 8122 8123 8084
f 8084 8123 8085
f 8123 8124 8085
f 8085 8124 8042
f 8124 8086 8042
f 8124 864 8086
f 864 860 8086
f 8086 860 8087
f 860 859 8087
f 859 858 8087
f 8087 858 8088
f 858 857 8088
f 857 856 8088
f 856 855 8089
f 855 854 8089
f 8089 854 8090
f 854 7900 8090
f 8090 7900 8091
f 8091 8125 8092
f 8092 8125 8093
f 8125 8126 8093
f 8093 8126 8094
f 8126 8127 8094
f 8094 8127 8095
f 8127 8128 8095
f 8095 8128 8096
f 8128 8097 8096
f 8097 8129 8098
f 8129 8130 8098
f 8098 8130 8099
f 8130 8131 8099
f 8099 8131 8100
f 8131 8132 8100
f 8100 8132 8057
f 8132 8101 8057
f 8101 736 8058
f 736 735 8058
f 8058 735 8102
f 735 734 8102
f 8102 734 8103
f 734 733 8103
f 733 732 8103
f 8103 732 8104
f 732 731 8104
f 731 7903 8104
f 7903 727 8062
f 727 726 8062
f 8062 726 8063
f 726 729 8063
f 729 725 8063
f 8063 725 8064
f 725 724 8064
f 8064 724 8065
f 724 723 8065
f 8065 723 8066
f 723 722 8066
f 8066 722 8105
f 722 721 8105
f 8105 721 8106
f 721 720 8106
f 8106 720 8107
f 720 719 8107
f 8107 719 8108
f 719 7902 8108
f 7902 8109 8108
f 8109 8133 8071
f 8133 8110 8071
f 8110 8134 8111
f 8134 8135 8111
f 8111 8135 8112
f 8135 8136 8112
f 8112 8136 8113
f 8136 8137 8113
f 8113 8137 8114
f 8137 8138 8114
f 8114 8138 8115
f 8138 8139 8115
f 8115 8139 8116
f 8139 8140 8116
f 8116 8140 8117
f 8140 871 8117
f 8117 871 8118
f 871 870 8118
f 8118 870 8119
f 870 869 8119
f 8119 869 8120
f 869 868 8120
f 8120 868 8121
f 868 867 8121
f 8121 867 8122
f 867 866 8122
f 866 865 8122
f 8122 865 8123
f 865 862 8123
f 862 861 8123
f 8123 861 8124
f 861 864 8124
f 767 8141 7902
f 7902 8141 8109
f 8141 8133 8109
f 8133 8142 8110
f 8142 8134 8110
f 8134 8143 8135
f 8143 8144 8135
f 8135 8144 8136
f 8144 8145 8136
f 8136 8145 8137
f 8145 8146 8137
f 8137 8146 8138
f 8146 8147 8138
f 8147 8148 8138
f 8138 8148 8139
f 8148 8149 8139
f 8139 8149 8140
f 8149 8150 8140
f 8150 876 8140
f 8140 876 871
f 7900 8151 8091
f 8151 8152 8091
f 8091 8152 8125
f 8152 8153 8125
f 8153 8154 8125
f 8125 8154 8126
f 8154 8155 8126
f 8126 8155 8127
f 8155 8156 8127
f 8127 8156 8128
f 8156 8157 8128
f 8128 8157 8097
f 8157 8129 8097
f 8129 8158 8130
f 8158 8159 8130
f 8130 8159 8131
f 8159 8160 8131
f 8131 8160 8132
f 8160 776 8132
f 8132 776 8101
f 8101 776 736
f 763 7911 767
f 767 7911 8141
f 7911 8161 8141
f 8141 8161 8133
f 8161 8142 8133
f 8142 8162 8134
f 8162 8143 8134
f 8143 8163 8144
f 8163 8164 8144
f 8144 8164 8145
f 8164 8165 8145
f 8145 8165 8146
f 8165 8166 8146
f 8166 8147 8146
f 8147 8167 8148
f 8167 8168 8148
f 8148 8168 8149
f 8168 8169 8149
f 8169 8150 8149
f 8150 877 876
f 7896 7898 7899
f 7899 7898 7900
f 7898 8151 7900
f 8151 8170 8152
f 8170 8153 8152
f 8153 8171 8154
f 8171 8172 8154
f 8154 8172 8155
f 8172 8173 8155
f 8173 8156 8155
f 8156 8174 8157
f 8174 8175 8157
f 8175 8176 8157
f 8157 8176 8129
f 8176 8158 8129
f 8158 8177 8159
f 8177 8178 8159
f 8159 8178 8160
f 8178 777 8160
f 8160 777 776
f 762 8179 7911
f 8179 8161 7911
f 8161 8180 8142
f 8180 8162 8142
f 8162 8181 8143
f 8181 8163 8143
f 8163 8182 8164
f 8182 8183 8164
f 8183 8165 8164
f 8166 8184 8147
f 8147 8184 8167
f 8184 8185 8167
f 8167 8185 8168
f 8185 8169 8168
f 8169 8186 8150
f 8150 8186 877
f 8186 883 877
f 7897 8187 7898
f 8187 8188 7898
f 7898 8188 8151
f 8188 8170 8151
f 8170 8189 8153
f 8153 8189 8171
f 8189 8172 8171
f 8172 8190 8173
f 8190 8191 8173
f 8173 8191 8156
f 8191 8174 8156
f 8174 8192 8175
f 8175 8192 8176
f 8192 8193 8176
f 8176 8193 8158
f 8193 8177 8158
f 8177 8194 8178
f 8194 8195 8178
f 8178 8195 777
f 8195 768 777
f 765 8179 762
f 8179 8196 8161
f 8161 8196 8180
f 8196 8197 8180
f 8180 8197 8162
f 8197 8198 8162
f 8162 8198 8181
f 8181 8198 8163
f 8198 8199 8163
f 8163 8199 8182
f 8199 8183 8182
f 8183 8200 8165
f 8165 8200 8166
f 8200 8201 8166
f 8166 8201 8184
f 8201 8202 8184
f 8184 8202 8185
f 8202 8203 8185
f 8185 8203 8169
f 8169 8203 8186
f 8203 878 8186
f 878 883 8186
f 8204 8187 7897
f 8187 8205 8188
f 8188 8205 8170
f 8205 8206 8170
f 8170 8206 8189
f 8206 8207 8189
f 8189 8207 8172
f 8207 8190 8172
f 8190 8208 8191
f 8191 8208 8174
f 8208 8209 8174
f 8174 8209 8192
f 8209 8210 8192
f 8192 8210 8193
f 8210 8211 8193
f 8193 8211 8177
f 8211 8194 8177
f 8194 8212 8195
f 8212 769 8195
f 769 768 8195
f 685 8213 765
f 765 8213 8179
f 8179 8213 8196
f 8213 8214 8196
f 8196 8214 8197
f 8214 8215 8197
f 8197 8215 8198
f 8215 8216 8198
f 8198 8216 8199
f 8216 8217 8199
f 8199 8217 8183
f 8183 8217 8200
f 8217 8218 8200
f 8200 8218 8201
f 8218 8219 8201
f 8201 8219 8202
f 8219 8220 8202
f 8202 8220 8203
f 8220 7901 8203
f 8203 7901 878
f 828 8221 8204
f 8204 8221 8187
f 8187 8221 8205
f 8221 8222 8205
f 8205 8222 8206
f 8222 8223 8206
f 8206 8223 8207
f 8223 8224 8207
f 8207 8224 8190
f 8224 8225 8190
f 8190 8225 8208
f 8225 8226 8208
f 8208 8226 8209
f 8226 8227 8209
f 8209 8227 8210
f 8227 8228 8210
f 8210 8228 8211
f 8228 8229 8211
f 8211 8229 8194
f 8229 8212 8194
f 8212 7904 769
f 7904 773 769
f 7910 8230 685
f 685 8230 8213
f 8230 8231 8213
f 8213 8231 8214
f 8231 8232 8214
f 8214 8232 8215
f 8232 8233 8215
f 8215 8233 8216
f 8233 8234 8216
f 8216 8234 8217
f 8234 8235 8217
f 8217 8235 8218
f 8235 8236 8218
f 8218 8236 8219
f 8236 8237 8219
f 8219 8237 8220
f 8237 8238 8220
f 8220 8238 7901
f 8238 7884 7901
f 7884 805 7901
f 7895 8239 828
f 8239 8240 828
f 828 8240 8221
f 8240 8241 8221
f 8221 8241 8222
f 8241 8242 8222
f 8222 8242 8223
f 8242 8243 8223
f 8223 8243 8224
f 8243 8244 8224
f 8224 8244 8225
f 8244 8245 8225
f 8225 8245 8226
f 8245 8246 8226
f 8226 8246 8227
f 8246 8247 8227
f 8227 8247 8228
f 8247 8248 8228
f 8228 8248 8229
f 8248 8249 8229
f 8229 8249 8212
f 8249 7905 8212
f 8212 7905 7904
f 7905 667 7904
f 7890 8250 7889
f 8250 8251 7889
f 7889 8251 818
f 818 8251 7891
f 8251 8252 7891
f 7891 8252 822
f 8252 7892 822
f 7892 8253 824
f 824 8253 7893
f 8253 7894 7893
f 7894 8254 7895
f 7895 8254 8239
f 8254 8255 8239
f 8239 8255 8240
f 8255 8256 8240
f 8240 8256 8241
f 8256 8257 8241
f 8241 8257 8242
f 8257 8258 8242
f 8242 8258 8243
f 8258 8259 8243
f 8243 8259 8244
f 8259 8260 8244
f 8244 8260 8245
f 8260 8261 8245
f 8245 8261 8246
f 8261 8262 8246
f 8246 8262 8247
f 8262 8263 8247
f 8247 8263 8248
f 8263 8264 8248
f 8248 8264 8249
f 8249 8265 7905
f 7905 8265 668
f 8265 8266 668
f 668 8266 669
f 669 8266 670
f 8266 8267 670
f 670 8267 671
f 8267 8268 671
f 671 8268 672
f 672 8268 664
f 8268 8269 664
f 664 8269 665
f 8269 8270 665
f 665 8270 673
f 673 8270 674
f 8270 7906 674
f 7906 8271 677
f 677 8271 678
f 8271 8272 678
f 678 8272 679
f 8272 7907 679
f 7907 8273 681
f 681 8273 7908
f 8273 7909 7908
f 7909 8274 7910
f 7910 8274 8230
f 8274 8275 8230
f 8230 8275 8231
f 8275 8276 8231
f 8231 8276 8232
f 8276 8277 8232
f 8232 8277 8233
f 8277 8278 8233
f 8233 8278 8234
f 8278 8279 8234
f 8234 8279 8235
f 8279 8280 8235
f 8235 8280 8236
f 8280 8281 8236
f 8236 8281 8237
f 8281 8282 8237
f 8237 8282 8238
f 8282 8283 8238
f 8238 8283 7884
f 8283 8284 7884
f 7884 8284 803
f 8284 7885 803
f 7885 8285 807
f 807 8285 808
f 8285 7886 808
f 7886 8286 810
f 810 8286 7887
f 8286 8287 7887
f 7887 8287 801
f 801 8287 7888
f 8287 8250 7888
f 7888 8250 7890
f 8250 8288 8251
f 8288 8289 8251
f 8289 8252 8251
f 8252 8290 7892
f 7892 8290 8253
f 8290 8291 8253
f 8253 8291 7894
f 8291 8292 7894
f 7894 8292 8254
f 8292 8293 8254
f 8254 8293 8255
f 8293 8294 8255
f 8255 8294 8256
f 8294 8295 8256
f 8256 8295 8257
f 8295 8296 8257
f 8257 8296 8258
f 8296 8297 8258
f 8258 8297 8259
f 8297 8298 8259
f 8259 8298 8260
f 8298 8299 8260
f 8260 8299 8261
f 8299 8300 8261
f 8261 8300 8262
f 8300 8301 8262
f 8262 8301 8263
f 8301 8302 8263
f 8263 8302 8264
f 8302 8303 8264
f 8264 8303 8249
f 8303 8304 8249
f 8249 8304 8265
f 8304 8305 8265
f 8265 8305 8266
f 8305 8306 8266
f 8266 8306 8267
f 8306 8307 8267
f 8267 8307 8268
f 8307 8308 8268
f 8268 8308 8269
f 8308 8309 8269
f 8269 8309 8270
f 8309 8310 8270
f 8270 8310 7906
f 8310 8311 7906
f 7906 8311 8271
f 8311 8312 8271
f 8271 8312 8272
f 8312 8313 8272
f 8272 8313 7907
f 7907 8313 8273
f 8313 8314 8273
f 8273 8314 7909
f 8314 8315 7909
f 7909 8315 8274
f 8315 8316 8274
f 8274 8316 8275
f 8316 8317 8275
f 8275 8317 8276
f 8317 8318 8276
f 8276 8318 8277
f 8318 8319 8277
f 8277 8319 8278
f 8319 8320 8278
f 8278 8320 8279
f 8320 8321 8279
f 8279 8321 8280
f 8321 8322 8280
f 8280 8322 8281
f 8322 8323 8281
f 8281 8323 8282
f 8323 8324 8282
f 8282 8324 8283
f 8324 8325 8283
f 8283 8325 8284
f 8325 8326 8284
f 8284 8326 7885
f 8326 8327 7885
f 7885 8327 8285
f 8327 8328 8285
f 8285 8328 7886
f 7886 8328 8286
f 8328 8329 8286
f 8286 8329 8287
f 8329 8330 8287
f 8287 8330 8250
f 8330 8288 8250
f 8330 8331 8288
f 8331 8332 8288
f 8288 8332 8289
f 8289 8333 8252
f 8252 8333 8290
f 8333 8334 8290
f 8290 8334 8291
f 8334 8335 8291
f 8291 8335 8292
f 8335 8336 8292
f 8292 8336 8293
f 8336 8337 8293
f 8293 8337 8294
f 8337 8338 8294
f 8294 8338 8295
f 8338 8339 8295
f 8295 8339 8296
f 8339 8340 8296
f 8296 8340 8297
f 8340 8341 8297
f 8297 8341 8298
f 8341 8342 8298
f 8298 8342 8299
f 8342 8343 8299
f 8299 8343 8300
f 8343 8344 8300
f 8300 8344 8301
f 8344 8345 8301
f 8301 8345 8302
f 8345 8346 8302
f 8302 8346 8303
f 8346 8347 8303
f 8303 8347 8304
f 8347 8348 8304
f 8304 8348 8305
f 8348 8349 8305
f 8305 8349 8306
f 8349 8350 8306
f 8306 8350 8307
f 8350 8351 8307
f 8307 8351 8308
f 8351 8352 8308
f 8308 8352 8309
f 8352 8353 8309
f 8309 8353 8310
f 8353 8354 8310
f 8310 8354 8311
f 8354 8355 8311
f 8311 8355 8312
f 8355 8356 8312
f 8312 8356 8313
f 8356 8357 8313
f 8313 8357 8314
f 8357 8358 8314
f 8314 8358 8315
f 8358 8359 8315
f 8315 8359 8316
f 8359 8360 8316
f 8316 8360 8317
f 8360 8361 8317
f 8317 8361 8318
f 8361 8362 8318
f 8318 8362 8319
f 8362 8363 8319
f 8319 8363 8320
f 8363 8364 8320
f 8320 8364 8321
f 8364 8365 8321
f 8321 8365 8322
f 8365 8366 8322
f 8322 8366 8323
f 8366 8367 8323
f 8323 8367 8324
f 8367 8368 8324
f 8324 8368 8325
f 8368 8369 8325
f 8325 8369 8326
f 8369 8370 8326
f 8326 8370 8327
f 8370 8371 8327
f 8327 8371 8328
f 8371 8372 8328
f 8328 8372 8329
f 8372 8373 8329
f 8329 8373 8330
f 8373 8331 8330
f 8331 8374 8332
f 8332 8375 8289
f 8289 8375 8333
f 8375 8376 8333
f 8333 8376 8334
f 8376 8377 8334
f 8334 8377 8335
f 8377 8378 8335
f 8335 8378 8336
f 8378 8379 8336
f 8336 8379 8337
f 8379 8380 8337
f 8337 8380 8338
f 8380 8381 8338
f 8338 8381 8339
f 8381 8382 8339
f 8339 8382 8340
f 8382 8383 8340
f 8340 8383 8341
f 8383 8384 8341
f 8341 8384 8342
f 8384 8385 8342
f 8342 8385 8343
f 8385 8386 8343
f 8343 8386 8344
f 8386 8387 8344
f 8344 8387 8345
f 8387 8388 8345
f 8345 8388 8346
f 8388 8389 8346
f 8346 8389 8347
f 8389 8390 8347
f 8347 8390 8348
f 8390 8391 8348
f 8348 8391 8349
f 8391 8392 8349
f 8349 8392 8350
f 8392 8393 8350
f 8350 8393 8351
f 8393 8394 8351
f 8351 8394 8352
f 8394 8395 8352
f 8352 8395 8353
f 8395 8396 8353
f 8353 8396 8354
f 8396 8397 8354
f 8354 8397 8355
f 8397 8398 8355
f 8355 8398 8356
f 8398 8399 8356
f 8356 8399 8357
f 8399 8400 8357
f 8357 8400 8358
f 8400 8401 8358
f 8358 8401 8359
f 8401 8402 8359
f 8359 8402 8360
f 8402 8403 8360
f 8360 8403 8361
f 8403 8404 8361
f 8361 8404 8362
f 8404 8405 8362
f 8362 8405 8363
f 8405 8406 8363
f 8363 8406 8364
f 8406 8407 8364
f 8364 8407 8365
f 8407 8408 8365
f 8365 8408 8366
f 8408 8409 8366
f 8366 8409 8367
f 8409 8410 8367
f 8367 8410 8368
f 8410 8411 8368
f 8368 8411 8369
f 8411 8412 8369
f 8369 8412 8370
f 8412 7810 8370
f 8370 7810 8371
f 7810 8413 8371
f 8371 8413 8372
f 8413 8414 8372
f 8372 8414 8373
f 8414 8415 8373
f 8373 8415 8331
f 8415 8374 8331
f 8415 7840 8374
f 7840 7839 8374
f 7839 7838 8374
f 8374 7838 8332
f 7838 7836 8332
f 8332 7836 8375
f 7836 7837 8375
f 8375 7837 8376
f 7837 7835 8376
f 8376 7835 8377
f 7835 4783 8377
f 8377 4783 8378
f 4783 7834 8378
f 8378 7834 8379
f 7834 7833 8379
f 8379 7833 8380
f 7833 4779 8380
f 4779 4777 8380
f 8380 4777 8381
f 4777 4776 8381
f 8381 4776 8382
f 4776 4775 8382
f 4775 4821 8382
f 8382 4821 8383
f 4821 4820 8383
f 8383 4820 8384
f 4820 7832 8384
f 8384 7832 8385
f 7832 4812 8385
f 8385 4812 8386
f 4812 7831 8386
f 8386 7831 8387
f 7831 7830 8387
f 8387 7830 8388
f 7830 7829 8388
f 8388 7829 8389
f 7829 4816 8389
f 8389 4816 8390
f 4816 7828 8390
f 8390 7828 8391
f 7828 7827 8391
f 8391 7827 8392
f 7827 7826 8392
f 8392 7826 8393
f 7826 7825 8393
f 8393 7825 8394
f 7825 7824 8394
f 8394 7824 8395
f 7824 7823 8395
f 8395 7823 8396
f 7823 7822 8396
f 8396 7822 8397
f 7822 7821 8397
f 8397 7821 8398
f 7821 4822 8398
f 8398 4822 8399
f 4822 7820 8399
f 8399 7820 8400
f 7820 7819 8400
f 8400 7819 8401
f 7819 7818 8401
f 7818 4842 8401
f 8401 4842 8402
f 4842 4841 8402
f 8402 4841 8403
f 4841 4840 8403
f 4840 4839 8403
f 8403 4839 8404
f 4839 7817 8404
f 8404 7817 8405
f 7817 4837 8405
f 4837 4836 8405
f 8405 4836 8406
f 4836 7816 8406
f 8406 7816 8407
f 7816 4810 8407
f 8407 4810 8408
f 4810 7815 8408
f 7815 7814 8408
f 8408 7814 8409
f 7814 4807 8409
f 4807 4804 8409
f 8409 4804 8410
f 4804 7813 8410
f 8410 7813 8411
f 7813 7812 8411
f 8411 7812 8412
f 7812 7811 8412
f 7811 7810 8412
f 7810 7808 8413
f 7808 7807 8413
f 8413 7807 8414
f 7807 7809 8414
f 8414 7809 8415
f 7809 7840 8415
f 5403 8416 5404
f 5443 5442 8417
f 4845 8418 4846
f 8419 8420 4865
f 4867 4866 8420
f 8420 4866 4865
f 4868 4867 8421
f 4867 8420 8421
f 4868 8421 4869
f 8421 8422 4869
f 4869 8422 4870
f 8422 8423 4870
f 8423 4871 4870
f 4845 4872 8418
f 8418 4872 8423
f 4872 4871 8423
f 4909 4907 8424
f 4907 4906 8424
f 8425 4910 4909
f 4911 4910 8425
f 8425 4912 4911
f 8426 4918 4917
f 4918 8426 4919
f 8426 8427 4919
f 4919 8427 4884
f 8428 4885 8427
f 4885 4884 8427
f 8429 4887 8428
f 4887 4886 8428
f 8428 4886 4885
f 4890 4889 8430
f 8430 4889 8429
f 4889 4888 8429
f 8429 4888 4887
f 4890 8430 4891
f 8430 8431 4891
f 4891 8431 4892
f 8432 4895 8431
f 4895 4892 8431
f 4894 4893 8433
f 8433 4893 8432
f 4893 4896 8432
f 8432 4896 4895
f 4898 4897 8434
f 8434 4897 8433
f 4897 4894 8433
f 4898 8434 4899
f 8434 8435 4899
f 4899 8435 4900
f 8436 4901 8435
f 4901 4900 8435
f 8436 8437 4903
f 4903 4902 8436
f 8436 4902 4901
f 8437 4904 4903
f 4904 8437 4905
f 8437 8438 4905
f 4905 8438 4875
f 4876 4875 8438
f 4876 8439 4877
f 8439 4878 4877
f 8440 4881 4880
f 4873 4881 8440
f 4873 8441 4874
f 8441 4882 4874
f 4848 4847 8442
f 8442 4847 4883
f 8442 8443 4848
f 4848 8443 4849
f 4849 8443 4850
f 8443 8444 4850
f 4850 8444 4851
f 8444 8445 4851
f 4851 8445 4852
f 8445 8446 4852
f 4852 8446 4853
f 4855 4854 8447
f 8447 4854 8446
f 4854 4853 8446
f 8448 4856 8447
f 4856 4855 8447
f 8449 4858 8448
f 4858 4857 8448
f 8448 4857 4856
f 4860 4859 8449
f 8449 4859 4858
f 8449 8450 4860
f 4860 8450 4861
f 4865 4864 8419
f 4864 4863 8419
f 8419 4863 8451
f 4863 4862 8451
f 8451 4862 8450
f 4862 4861 8450
f 5410 5409 8452
f 8453 5411 5410
f 5411 8453 5412
f 5412 8453 5413
f 5413 8454 5414
f 5414 8454 5415
f 8455 5417 8454
f 5417 5416 8454
f 8454 5416 5415
f 5417 8455 5418
f 8455 8456 5418
f 5418 8456 5419
f 8456 5420 5419
f 8457 5421 5420
f 5421 8457 5423
f 8457 8458 5423
f 5423 8458 5422
f 8458 8459 5422
f 5422 8459 5461
f 5461 8459 5462
f 8459 8460 5462
f 5462 8460 5463
f 5463 8460 5464
f 8460 5465 5464
f 8461 8462 5467
f 5467 5466 8461
f 8461 5466 5465
f 5470 5469 8463
f 8463 5469 8462
f 5469 5468 8462
f 8462 5468 5467
f 5471 5470 8463
f 5471 8464 5472
f 8464 5473 5472
f 5473 8465 5474
f 8465 5475 5474
f 5475 8466 5441
f 8417 5442 8466
f 5442 5441 8466
f 5443 8417 5444
f 8417 5445 5444
f 8467 8468 5447
f 5447 5446 8467
f 8467 5446 5445
f 8469 5450 5449
f 5449 5448 8468
f 8468 5448 5447
f 5450 8469 5438
f 5438 8469 5439
f 8469 8470 5439
f 5439 8470 5451
f 5451 8470 5452
f 8470 8471 5452
f 5452 8471 5453
f 8471 5454 5453
f 5454 8472 5455
f 5455 8472 5456
f 8472 5457 5456
f 8473 5458 5457
f 5459 5458 8473
f 8474 5460 5459
f 5425 5460 8474
f 5426 5425 8475
f 5425 8474 8475
f 8475 8476 5426
f 5426 8476 5427
f 8476 5428 5427
f 5428 8477 5429
f 5429 8477 5430
f 8477 8478 5430
f 5430 8478 5431
f 8478 8479 5431
f 5431 8479 5432
f 5432 8479 5433
f 8479 8480 5433
f 8481 5434 8480
f 5434 5433 8480
f 5437 5436 8482
f 8482 5436 8481
f 5436 5435 8481
f 8481 5435 5434
f 8483 5437 8482
f 5437 8483 5393
f 8483 8484 5393
f 5393 8484 5395
f 8484 5396 5395
f 5396 8485 5397
f 8486 5398 8485
f 5398 5397 8485
f 5398 8486 5399
f 8486 8487 5399
f 5399 8487 5400
f 8487 5401 5400
f 5403 5402 8416
f 8416 5402 5401
f 8488 5405 5404
f 5406 5405 8488
f 5409 5408 8452
f 5408 5407 8452
f 8452 5407 8489
f 5407 5406 8489
f 5406 8488 8489
f 8490 8491 7189
f 7189 8491 8492
f 8491 8493 8492
f 8493 8494 8492
f 8494 8495 8496
f 8497 8496 8495
f 8498 8497 8495
f 8499 8500 8498
f 8499 8501 8500
f 8501 8502 8503
f 8504 8505 8506
f 8505 8507 8506
f 8506 8507 8502
f 8507 8503 8502
f 8508 8509 8504
f 8504 8509 8505
f 8510 8511 8512
f 8512 8511 8508
f 8510 8512 8513
f 8512 8514 8513
f 8514 8515 8516
f 8515 8517 8516
f 8517 8518 8519
f 8519 8518 8520
f 8521 8522 8518
f 8522 8520 8518
f 8523 8522 8524
f 8524 8522 8521
f 8525 8526 8527
f 8528 8529 8530
f 8531 8532 8533
f 8533 8534 8529
f 8534 8530 8529
f 8532 8531 8535
f 8531 8536 8535
f 881 8537 834
f 839 8538 840
f 845 844 8538
f 844 840 8538
f 8539 8540 781
f 781 8540 782
f 789 788 8541
f 8541 788 787
f 8542 792 791
f 792 8542 793
f 793 8543 794
f 8543 795 794
f 795 8544 796
f 796 8544 797
f 8545 798 8544
f 798 797 8544
f 799 798 8546
f 8546 798 8545
f 8469 8547 8470
f 8547 8548 8470
f 8470 8548 8471
f 8548 8549 8471
f 8471 8549 5454
f 5454 8549 8472
f 8549 8550 8472
f 8472 8550 5457
f 5457 8550 8473
f 8550 8551 8473
f 8473 8551 5459
f 8551 8552 5459
f 5459 8552 8474
f 8474 8552 8475
f 8552 8553 8475
f 8475 8553 8476
f 8553 8554 8476
f 8476 8554 5428
f 8554 8555 5428
f 5428 8555 8477
f 8555 8556 8477
f 8477 8556 8478
f 8556 8557 8478
f 8478 8557 8479
f 8479 8557 8480
f 8557 8558 8480
f 8480 8558 8481
f 8558 8482 8481
f 8483 8559 8484
f 8559 8560 8484
f 8484 8560 5396
f 8560 8561 5396
f 5396 8561 8485
f 8485 8561 8486
f 8561 8562 8486
f 8486 8562 8487
f 8562 8563 8487
f 8487 8563 5401
f 8563 8564 5401
f 5401 8564 8416
f 8564 8565 8416
f 8416 8565 5404
f 8565 8566 5404
f 5404 8566 8488
f 8488 8566 8489
f 8566 8567 8489
f 8489 8567 8452
f 8567 8568 8452
f 8452 8568 5410
f 5410 8568 8453
f 8568 8569 8453
f 8453 8569 5413
f 8569 8570 5413
f 5413 8570 8454
f 8570 8571 8454
f 8454 8571 8455
f 8571 8572 8455
f 8455 8572 8456
f 8572 8573 8456
f 8456 8573 5420
f 5420 8573 8457
f 8573 8574 8457
f 8457 8574 8458
f 8574 8575 8458
f 8458 8575 8459
f 8575 8576 8459
f 8459 8576 8460
f 8576 8577 8460
f 8577 8578 8460
f 8460 8578 5465
f 5465 8578 8461
f 8578 8579 8461
f 8461 8579 8462
f 8579 8580 8462
f 8462 8580 8463
f 8580 8581 8463
f 8463 8581 5471
f 8581 8582 5471
f 5471 8582 8464
f 8582 8583 8464
f 8464 8583 5473
f 8583 8465 5473
f 8465 8584 5475
f 5475 8584 8466
f 8584 8585 8466
f 8466 8585 8417
f 8585 8586 8417
f 8417 8586 5445
f 5445 8586 8467
f 8586 8587 8467
f 8467 8587 8468
f 8468 8587 5449
f 8587 8588 5449
f 5449 8588 8469
f 8588 8547 8469
f 8547 8589 8548
f 8589 8590 8548
f 8548 8590 8549
f 8590 8591 8549
f 8549 8591 8550
f 8591 8592 8550
f 8550 8592 8551
f 8592 8593 8551
f 8551 8593 8552
f 8593 8594 8552
f 8552 8594 8553
f 8594 8595 8553
f 8553 8595 8554
f 8595 8596 8554
f 8554 8596 8555
f 8596 8597 8555
f 8555 8597 8556
f 8597 8598 8556
f 8556 8598 8557
f 8598 8599 8557
f 8557 8599 8558
f 8599 8600 8558
f 8558 8600 8482
f 8600 8601 8482
f 8482 8601 8483
f 8601 8602 8483
f 8483 8602 8559
f 8602 8603 8559
f 8559 8603 8560
f 8603 8604 8560
f 8560 8604 8561
f 8604 8605 8561
f 8561 8605 8562
f 8605 8606 8562
f 8562 8606 8563
f 8606 8607 8563
f 8563 8607 8564
f 8607 8608 8564
f 8564 8608 8565
f 8608 8609 8565
f 8565 8609 8566
f 8609 8610 8566
f 8566 8610 8567
f 8610 8611 8567
f 8567 8611 8568
f 8611 8612 8568
f 8568 8612 8569
f 8612 8613 8569
f 8569 8613 8570
f 8613 8614 8570
f 8570 8614 8571
f 8614 8615 8571
f 8571 8615 8572
f 8615 8616 8572
f 8572 8616 8573
f 8616 8617 8573
f 8573 8617 8574
f 8617 8618 8574
f 8574 8618 8575
f 8618 8619 8575
f 8575 8619 8576
f 8619 8620 8576
f 8576 8620 8577
f 8620 8621 8577
f 8577 8621 8578
f 8621 8622 8578
f 8578 8622 8579
f 8622 8580 8579
f 8580 8623 8581
f 8623 8624 8581
f 8581 8624 8582
f 8624 8625 8582
f 8582 8625 8583
f 8625 8626 8583
f 8583 8626 8465
f 8626 8627 8465
f 8465 8627 8584
f 8627 8628 8584
f 8584 8628 8585
f 8628 8629 8585
f 8585 8629 8586
f 8629 8630 8586
f 8586 8630 8587
f 8630 8631 8587
f 8587 8631 8588
f 8631 8632 8588
f 8588 8632 8547
f 8632 8589 8547
f 8632 8633 8589
f 8633 8634 8589
f 8589 8634 8590
f 8634 8635 8590
f 8590 8635 8591
f 8635 8636 8591
f 8591 8636 8592
f 8636 8637 8592
f 8592 8637 8593
f 8637 8638 8593
f 8593 8638 8594
f 8638 8639 8594
f 8594 8639 8595
f 8639 8640 8595
f 8595 8640 8596
f 8640 8641 8596
f 8596 8641 8597
f 8641 8642 8597
f 8597 8642 8598
f 8642 8643 8598
f 8598 8643 8599
f 8643 8644 8599
f 8599 8644 8600
f 8644 8645 8600
f 8600 8645 8601
f 8645 8646 8601
f 8601 8646 8602
f 8646 8647 8602
f 8602 8647 8603
f 8647 8648 8603
f 8603 8648 8604
f 8648 8649 8604
f 8604 8649 8605
f 8649 8650 8605
f 8605 8650 8606
f 8650 8651 8606
f 8606 8651 8607
f 8651 8652 8607
f 8607 8652 8608
f 8652 8653 8608
f 8608 8653 8609
f 8653 8654 8609
f 8609 8654 8610
f 8654 8655 8610
f 8610 8655 8611
f 8655 8656 8611
f 8611 8656 8612
f 8656 8657 8612
f 8612 8657 8613
f 8657 8658 8613
f 8613 8658 8614
f 8658 8659 8614
f 8614 8659 8615
f 8659 8660 8615
f 8615 8660 8616
f 8660 8661 8616
f 8616 8661 8617
f 8661 8662 8617
f 8617 8662 8618
f 8662 8663 8618
f 8618 8663 8619
f 8663 8664 8619
f 8619 8664 8620
f 8664 8665 8620
f 8620 8665 8621
f 8665 8666 8621
f 8621 8666 8622
f 8666 8667 8622
f 8622 8667 8580
f 8667 8623 8580
f 8623 8668 8624
f 8668 8669 8624
f 8624 8669 8625
f 8669 8670 8625
f 8625 8670 8626
f 8670 8671 8626
f 8626 8671 8627
f 8671 8672 8627
f 8627 8672 8628
f 8672 8673 8628
f 8628 8673 8629
f 8673 8674 8629
f 8629 8674 8630
f 8674 8675 8630
f 8630 8675 8631
f 8675 8676 8631
f 8631 8676 8632
f 8676 8633 8632
f 8676 8677 8633
f 8633 8677 8634
f 8677 8678 8634
f 8634 8678 8635
f 8678 8679 8635
f 8635 8679 8636
f 8679 8680 8636
f 8636 8680 8637
f 8680 8681 8637
f 8637 8681 8638
f 8681 8682 8638
f 8638 8682 8639
f 8682 8683 8639
f 8639 8683 8640
f 8683 8684 8640
f 8640 8684 8641
f 8684 8685 8641
f 8641 8685 8642
f 8685 8686 8642
f 8642 8686 8643
f 8686 8687 8643
f 8643 8687 8644
f 8687 8688 8644
f 8644 8688 8645
f 8688 8689 8645
f 8645 8689 8646
f 8689 8690 8646
f 8646 8690 8647
f 8690 8691 8647
f 8647 8691 8648
f 8691 8692 8648
f 8648 8692 8649
f 8649 8693 8650
f 8650 8693 8651
f 8693 8694 8651
f 8651 8694 8652
f 8694 8695 8652
f 8652 8695 8653
f 8695 8696 8653
f 8653 8696 8654
f 8696 8697 8654
f 8654 8697 8655
f 8697 8698 8655
f 8655 8698 8656
f 8698 8699 8656
f 8656 8699 8657
f 8699 8700 8657
f 8657 8700 8658
f 8700 8701 8658
f 8658 8701 8659
f 8701 8702 8659
f 8659 8702 8660
f 8702 8703 8660
f 8660 8703 8661
f 8703 8704 8661
f 8661 8704 8662
f 8704 8705 8662
f 8662 8705 8663
f 8705 8706 8663
f 8663 8706 8664
f 8706 8707 8664
f 8664 8707 8665
f 8707 8708 8665
f 8665 8708 8666
f 8666 8709 8667
f 8667 8709 8623
f 8709 8668 8623
f 8668 8710 8669
f 8710 8711 8669
f 8669 8711 8670
f 8711 8712 8670
f 8670 8712 8671
f 8712 8713 8671
f 8671 8713 8672
f 8713 8714 8672
f 8672 8714 8673
f 8714 8715 8673
f 8673 8715 8674
f 8715 8716 8674
f 8674 8716 8675
f 8716 8717 8675
f 8675 8717 8676
f 8717 8718 8676
f 8718 8677 8676
f 8718 8719 8677
f 8719 8720 8677
f 8677 8720 8678
f 8720 8721 8678
f 8678 8721 8679
f 8721 8722 8679
f 8679 8722 8680
f 8722 8723 8680
f 8680 8723 8681
f 8723 8724 8681
f 8681 8724 8682
f 8724 8725 8682
f 8682 8725 8683
f 8725 8726 8683
f 8683 8726 8684
f 8726 8727 8684
f 8684 8727 8685
f 8727 8728 8685
f 8685 8728 8686
f 8728 8729 8686
f 8686 8729 8687
f 8729 8730 8687
f 8687 8730 8688
f 8730 8731 8688
f 8688 8731 8689
f 8731 8732 8689
f 8689 8732 8690
f 8732 8733 8690
f 8690 8733 8691
f 8692 8734 8649
f 8649 8734 8693
f 8734 8735 8693
f 8693 8735 8694
f 8694 8736 8695
f 8695 8736 8696
f 8736 8737 8696
f 8696 8737 8697
f 8737 8738 8697
f 8697 8738 8698
f 8738 8739 8698
f 8698 8739 8699
f 8739 8740 8699
f 8699 8740 8700
f 8740 8741 8700
f 8700 8741 8701
f 8741 8742 8701
f 8701 8742 8702
f 8742 8537 8702
f 8702 8537 8703
f 8537 8743 8703
f 8703 8743 8704
f 8743 8744 8704
f 8704 8744 8705
f 8744 8745 8705
f 8705 8745 8706
f 8745 8746 8706
f 8706 8746 8707
f 8746 8747 8707
f 8707 8747 8708
f 8747 8748 8708
f 8708 8748 8666
f 8748 8749 8666
f 8666 8749 8709
f 8749 8750 8709
f 8709 8750 8668
f 8750 8710 8668
f 8710 8751 8711
f 8751 8752 8711
f 8711 8752 8712
f 8752 8753 8712
f 8712 8753 8713
f 8753 8754 8713
f 8713 8754 8714
f 8754 8755 8714
f 8714 8755 8715
f 8755 8756 8715
f 8715 8756 8716
f 8756 8757 8716
f 8716 8757 8717
f 8757 8758 8717
f 8758 8718 8717
f 8718 8533 8719
f 8533 8529 8719
f 8719 8529 8720
f 8529 8528 8720
f 8528 8759 8720
f 8720 8759 8721
f 8759 8760 8721
f 8760 8722 8721
f 8722 8761 8723
f 8761 8527 8723
f 8723 8527 8724
f 8527 8526 8724
f 8724 8526 8725
f 8526 8762 8725
f 8725 8762 8726
f 8762 8763 8726
f 8726 8763 8727
f 8763 8764 8727
f 8727 8764 8728
f 8764 8765 8728
f 8728 8765 8729
f 8765 8766 8729
f 8729 8766 8730
f 8766 8767 8730
f 8730 8767 8731
f 8767 8768 8731
f 8731 8768 8732
f 8768 8769 8732
f 8732 8769 8733
f 8769 8770 8733
f 8733 8770 8691
f 8770 852 8691
f 8691 852 8692
f 852 851 8692
f 8692 851 8734
f 851 850 8734
f 8734 850 8735
f 850 849 8735
f 849 848 8735
f 8735 848 8694
f 848 847 8694
f 8694 847 8736
f 847 846 8736
f 846 842 8736
f 8736 842 8737
f 842 841 8737
f 8737 841 8738
f 841 845 8738
f 845 8538 8738
f 8738 8538 8739
f 8538 839 8739
f 839 838 8739
f 8739 838 8740
f 838 837 8740
f 837 836 8740
f 8740 836 8741
f 836 835 8741
f 8741 835 8742
f 835 834 8742
f 834 8537 8742
f 8537 8771 8743
f 8771 8772 8743
f 8743 8772 8744
f 8772 8773 8744
f 8744 8773 8745
f 8773 8774 8745
f 8745 8774 8746
f 8774 8775 8746
f 8746 8775 8747
f 8775 8776 8747
f 8747 8776 8748
f 8776 8777 8748
f 8748 8777 8749
f 8777 8778 8749
f 8749 8778 8750
f 8778 8779 8750
f 8750 8779 8710
f 8779 8751 8710
f 8751 7186 8752
f 7186 8780 8752
f 8752 8780 8753
f 8780 8781 8753
f 8753 8781 8754
f 8781 8782 8754
f 8754 8782 8755
f 8782 8783 8755
f 8755 8783 8756
f 8783 8784 8756
f 8784 8785 8756
f 8756 8785 8757
f 8785 8536 8757
f 8757 8536 8758
f 8536 8531 8758
f 8758 8531 8718
f 8531 8533 8718
f 881 8786 8537
f 8537 8786 8771
f 8786 8787 8771
f 8771 8787 8772
f 8787 8788 8772
f 8772 8788 8773
f 8788 8789 8773
f 8773 8789 8774
f 8789 8790 8774
f 8774 8790 8775
f 8790 8791 8775
f 8775 8791 8776
f 8791 8792 8776
f 8776 8792 8777
f 8792 8793 8777
f 8793 8778 8777
f 8778 8794 8779
f 8794 8795 8779
f 8779 8795 8751
f 8795 7187 8751
f 8751 7187 7186
f 8525 8796 8526
f 8526 8796 8762
f 8796 8797 8762
f 8762 8797 8763
f 8797 8798 8763
f 8763 8798 8764
f 8798 8799 8764
f 8799 8800 8764
f 8764 8800 8765
f 8800 8801 8765
f 8765 8801 8766
f 8801 8802 8766
f 8766 8802 8767
f 8802 8803 8767
f 8767 8803 8768
f 8803 8804 8768
f 8804 8769 8768
f 8769 8805 8770
f 8805 8806 8770
f 8806 8807 8770
f 8770 8807 852
f 880 8786 881
f 8787 8808 8788
f 8808 8809 8788
f 8809 8789 8788
f 8789 8810 8790
f 8810 8811 8790
f 8811 8791 8790
f 8791 8812 8792
f 8812 8813 8792
f 8813 8793 8792
f 8793 8814 8778
f 8814 8794 8778
f 8794 8815 8795
f 8815 8816 8795
f 8816 7194 8795
f 8795 7194 7187
f 8817 8818 8525
f 8525 8818 8796
f 8818 8819 8796
f 8819 8797 8796
f 8797 8820 8798
f 8820 8821 8798
f 8821 8799 8798
f 8799 8822 8800
f 8822 8823 8800
f 8800 8823 8801
f 8823 8824 8801
f 8824 8825 8801
f 8801 8825 8802
f 8825 8826 8802
f 8802 8826 8803
f 8826 8827 8803
f 8827 8804 8803
f 8804 8828 8769
f 8828 8805 8769
f 8805 8829 8806
f 8829 8807 8806
f 879 8830 880
f 880 8830 8786
f 8786 8830 8787
f 8830 8808 8787
f 8808 8831 8809
f 8831 8832 8809
f 8809 8832 8789
f 8832 8810 8789
f 8810 8833 8811
f 8833 8834 8811
f 8811 8834 8791
f 8834 8812 8791
f 8812 8835 8813
f 8835 8836 8813
f 8813 8836 8793
f 8836 8814 8793
f 8814 8837 8794
f 8837 8815 8794
f 8815 8838 8816
f 8838 7175 8816
f 8816 7175 7194
f 8839 8818 8817
f 8818 8840 8819
f 8840 8841 8819
f 8819 8841 8797
f 8841 8820 8797
f 8820 8842 8821
f 8821 8822 8799
f 8822 8843 8823
f 8843 8824 8823
f 8825 8844 8826
f 8826 8844 8827
f 8844 8845 8827
f 8827 8845 8804
f 8845 8828 8804
f 8828 8846 8805
f 8846 8847 8805
f 8805 8847 8829
f 8847 8848 8829
f 882 8849 879
f 879 8849 8830
f 8849 8850 8830
f 8830 8850 8808
f 8850 8831 8808
f 8831 8851 8832
f 8832 8851 8810
f 8851 8833 8810
f 8833 8852 8834
f 8852 8853 8834
f 8834 8853 8812
f 8853 8835 8812
f 8836 8854 8814
f 8814 8854 8837
f 8837 8854 8815
f 8854 8838 8815
f 8838 7176 7175
f 8855 8856 8839
f 8839 8856 8818
f 8856 8840 8818
f 8840 8857 8841
f 8841 8857 8820
f 8857 8842 8820
f 8842 8858 8821
f 8821 8858 8822
f 8858 8843 8822
f 8843 8859 8824
f 8824 8859 8825
f 8859 8860 8825
f 8825 8860 8844
f 8860 8861 8844
f 8844 8861 8845
f 8861 8862 8845
f 8845 8862 8828
f 8862 8846 8828
f 8846 8863 8847
f 8863 8848 8847
f 799 8864 882
f 8864 8849 882
f 8849 8865 8850
f 8865 8866 8850
f 8850 8866 8831
f 8866 8867 8831
f 8831 8867 8851
f 8867 8868 8851
f 8851 8868 8833
f 8868 8852 8833
f 8852 8869 8853
f 8853 8870 8835
f 8835 8870 8836
f 8870 8871 8836
f 8836 8871 8854
f 8871 8872 8854
f 8854 8872 8838
f 8872 8873 8838
f 8838 8873 7176
f 8873 7189 7176
f 8523 8874 8855
f 8855 8874 8856
f 8856 8874 8840
f 8874 8875 8840
f 8840 8875 8857
f 8875 8876 8857
f 8857 8876 8842
f 8876 8877 8842
f 8842 8877 8858
f 8877 8878 8858
f 8858 8878 8843
f 8878 8879 8843
f 8843 8879 8859
f 8879 8880 8859
f 8859 8880 8860
f 8880 8881 8860
f 8860 8881 8861
f 8881 8882 8861
f 8861 8882 8862
f 8862 8539 8846
f 8846 8539 8863
f 8539 781 8863
f 8546 8864 799
f 8864 8883 8849
f 8849 8883 8865
f 8883 8884 8865
f 8865 8884 8866
f 8884 8885 8866
f 8866 8885 8867
f 8885 8886 8867
f 8867 8886 8868
f 8886 8887 8868
f 8868 8887 8852
f 8887 8869 8852
f 8869 8888 8853
f 8888 8889 8853
f 8853 8889 8870
f 8889 8890 8870
f 8870 8890 8871
f 8890 8891 8871
f 8871 8891 8872
f 8891 8490 8872
f 8872 8490 8873
f 8490 7189 8873
f 8524 8892 8523
f 8523 8892 8874
f 8892 8893 8874
f 8874 8893 8875
f 8893 8894 8875
f 8875 8894 8876
f 8894 8895 8876
f 8876 8895 8877
f 8895 8896 8877
f 8877 8896 8878
f 8896 8897 8878
f 8878 8897 8879
f 8897 8898 8879
f 8879 8898 8880
f 8898 8899 8880
f 8880 8899 8881
f 8899 8900 8881
f 8881 8900 8882
f 8900 8901 8882
f 8882 8901 8862
f 8901 8539 8862
f 8506 8902 8504
f 8902 8903 8504
f 8504 8903 8508
f 8508 8903 8512
f 8903 8904 8512
f 8512 8904 8514
f 8904 8515 8514
f 8515 8905 8517
f 8517 8905 8518
f 8905 8521 8518
f 8521 8892 8524
f 8892 8906 8893
f 8906 8907 8893
f 8893 8907 8894
f 8907 8908 8894
f 8894 8908 8895
f 8908 8909 8895
f 8895 8909 8896
f 8909 8910 8896
f 8896 8910 8897
f 8910 8911 8897
f 8897 8911 8898
f 8911 8912 8898
f 8898 8912 8899
f 8912 8913 8899
f 8899 8913 8900
f 8913 8914 8900
f 8900 8914 8901
f 8914 8915 8901
f 8901 8915 8539
f 8915 8540 8539
f 8540 8916 782
f 782 8916 783
f 783 8916 784
f 8916 8917 784
f 784 8917 785
f 785 8917 786
f 8917 8918 786
f 786 8918 778
f 8918 8919 778
f 778 8919 779
f 779 8919 787
f 8919 8541 787
f 8541 8920 789
f 789 8920 791
f 8920 8542 791
f 8542 8921 793
f 8921 8543 793
f 8543 8922 795
f 795 8922 8544
f 8922 8545 8544
f 8546 8923 8864
f 8864 8923 8883
f 8923 8924 8883
f 8883 8924 8884
f 8924 8925 8884
f 8884 8925 8885
f 8925 8926 8885
f 8885 8926 8886
f 8926 8927 8886
f 8886 8927 8887
f 8927 8928 8887
f 8887 8928 8869
f 8928 8888 8869
f 8888 8929 8889
f 8929 8930 8889
f 8889 8930 8890
f 8930 8931 8890
f 8890 8931 8891
f 8931 8932 8891
f 8891 8932 8490
f 8932 8491 8490
f 8493 8933 8494
f 8494 8933 8495
f 8933 8934 8495
f 8495 8934 8498
f 8934 8499 8498
f 8499 8935 8501
f 8501 8935 8502
f 8935 8902 8502
f 8502 8902 8506
f 8902 8936 8903
f 8936 8937 8903
f 8937 8904 8903
f 8904 8938 8515
f 8515 8938 8905
f 8938 8939 8905
f 8905 8939 8521
f 8939 8940 8521
f 8521 8940 8892
f 8940 8941 8892
f 8892 8941 8906
f 8941 8942 8906
f 8906 8942 8907
f 8942 8943 8907
f 8907 8943 8908
f 8943 8944 8908
f 8908 8944 8909
f 8944 8945 8909
f 8909 8945 8910
f 8945 8946 8910
f 8910 8946 8911
f 8946 8947 8911
f 8911 8947 8912
f 8947 8948 8912
f 8912 8948 8913
f 8948 8949 8913
f 8913 8949 8914
f 8949 8950 8914
f 8914 8950 8915
f 8950 8951 8915
f 8915 8951 8540
f 8951 8952 8540
f 8540 8952 8916
f 8952 8953 8916
f 8916 8953 8917
f 8953 8954 8917
f 8917 8954 8918
f 8954 8955 8918
f 8918 8955 8919
f 8955 8956 8919
f 8919 8956 8541
f 8956 8957 8541
f 8541 8957 8920
f 8957 8958 8920
f 8920 8958 8542
f 8958 8921 8542
f 8921 8959 8543
f 8543 8959 8922
f 8959 8960 8922
f 8922 8960 8545
f 8960 8961 8545
f 8545 8961 8546
f 8961 8962 8546
f 8546 8962 8923
f 8962 8963 8923
f 8923 8963 8924
f 8963 8964 8924
f 8924 8964 8925
f 8964 8965 8925
f 8925 8965 8926
f 8965 8966 8926
f 8926 8966 8927
f 8966 8967 8927
f 8927 8967 8928
f 8967 8968 8928
f 8928 8968 8888
f 8968 8929 8888
f 8929 8969 8930
f 8930 8969 8931
f 8969 8970 8931
f 8931 8970 8932
f 8970 8971 8932
f 8932 8971 8491
f 8971 8972 8491
f 8491 8972 8493
f 8972 8973 8493
f 8493 8973 8933
f 8973 8974 8933
f 8933 8974 8934
f 8974 8975 8934
f 8934 8975 8499
f 8975 8976 8499
f 8499 8976 8935
f 8976 8977 8935
f 8935 8977 8902
f 8977 8936 8902
f 8977 8978 8936
f 8978 8979 8936
f 8936 8979 8937
f 8979 8980 8937
f 8937 8980 8904
f 8980 8981 8904
f 8904 8981 8938
f 8981 8982 8938
f 8938 8982 8939
f 8982 8983 8939
f 8939 8983 8940
f 8983 8984 8940
f 8940 8984 8941
f 8984 8985 8941
f 8941 8985 8942
f 8985 8986 8942
f 8942 8986 8943
f 8986 8987 8943
f 8943 8987 8944
f 8987 8988 8944
f 8944 8988 8945
f 8988 8989 8945
f 8945 8989 8946
f 8989 8990 8946
f 8946 8990 8947
f 8990 8991 8947
f 8947 8991 8948
f 8991 8992 8948
f 8948 8992 8949
f 8992 8993 8949
f 8949 8993 8950
f 8993 8994 8950
f 8950 8994 8951
f 8994 8995 8951
f 8951 8995 8952
f 8995 8996 8952
f 8952 8996 8953
f 8996 8997 8953
f 8953 8997 8954
f 8997 8998 8954
f 8954 8998 8955
f 8998 8999 8955
f 8955 8999 8956
f 8999 9000 8956
f 8956 9000 8957
f 9000 9001 8957
f 8957 9001 8958
f 9001 9002 8958
f 8958 9002 8921
f 9002 9003 8921
f 8921 9003 8959
f 9003 9004 8959
f 8959 9004 8960
f 9004 9005 8960
f 8960 9005 8961
f 9005 9006 8961
f 8961 9006 8962
f 9006 9007 8962
f 8962 9007 8963
f 9007 9008 8963
f 8963 9008 8964
f 9008 9009 8964
f 8964 9009 8965
f 9009 9010 8965
f 8965 9010 8966
f 9010 9011 8966
f 8966 9011 8967
f 9011 9012 8967
f 8967 9012 8968
f 9012 9013 8968
f 8968 9013 8929
f 9013 9014 8929
f 8929 9014 8969
f 9014 9015 8969
f 8969 9015 8970
f 9015 9016 8970
f 8970 9016 8971
f 9016 9017 8971
f 8971 9017 8972
f 9017 9018 8972
f 8972 9018 8973
f 9018 9019 8973
f 8973 9019 8974
f 9019 9020 8974
f 8974 9020 8975
f 9020 9021 8975
f 8975 9021 8976
f 9021 9022 8976
f 8976 9022 8977
f 9022 8978 8977
f 8978 9023 8979
f 9023 9024 8979
f 8979 9024 8980
f 9024 9025 8980
f 8980 9025 8981
f 9025 9026 8981
f 8981 9026 8982
f 9026 9027 8982
f 8982 9027 8983
f 9027 9028 8983
f 8983 9028 8984
f 9028 9029 8984
f 8984 9029 8985
f 9029 9030 8985
f 8985 9030 8986
f 9030 9031 8986
f 8986 9031 8987
f 9031 9032 8987
f 8987 9032 8988
f 9032 9033 8988
f 8988 9033 8989
f 9033 9034 8989
f 8989 9034 8990
f 9034 9035 8990
f 8990 9035 8991
f 9035 9036 8991
f 8991 9036 8992
f 9036 9037 8992
f 8992 9037 8993
f 9037 9038 8993
f 8993 9038 8994
f 9038 9039 8994
f 8994 9039 8995
f 9039 9040 8995
f 8995 9040 8996
f 9040 9041 8996
f 8996 9041 8997
f 9041 9042 8997
f 8997 9042 8998
f 8998 9043 8999
f 8999 9043 9000
f 9043 9044 9000
f 9000 9044 9001
f 9044 9045 9001
f 9001 9045 9002
f 9045 9046 9002
f 9002 9046 9003
f 9046 9047 9003
f 9003 9047 9004
f 9047 9048 9004
f 9004 9048 9005
f 9048 9049 9005
f 9005 9049 9006
f 9049 9050 9006
f 9006 9050 9007
f 9050 9051 9007
f 9007 9051 9008
f 9051 9052 9008
f 9008 9052 9009
f 9052 9053 9009
f 9009 9053 9010
f 9053 9054 9010
f 9010 9054 9011
f 9054 8440 9011
f 9011 8440 9012
f 8440 9055 9012
f 9012 9055 9013
f 9055 9056 9013
f 9013 9056 9014
f 9056 9057 9014
f 9014 9057 9015
f 9057 8439 9015
f 8439 9058 9015
f 9015 9058 9016
f 9058 9059 9016
f 9016 9059 9017
f 9059 9060 9017
f 9017 9060 9018
f 9060 9061 9018
f 9018 9061 9019
f 9061 9062 9019
f 9019 9062 9020
f 9062 9063 9020
f 9020 9063 9021
f 9063 9064 9021
f 9021 9064 9022
f 9064 9065 9022
f 9022 9065 8978
f 9065 9023 8978
f 9065 8432 9023
f 8432 8431 9023
f 9023 8431 9024
f 8431 8430 9024
f 8430 8429 9024
f 9024 8429 9025
f 9025 8429 9026
f 8429 8428 9026
f 8428 8427 9026
f 9026 8427 9027
f 9027 8427 9028
f 8427 8426 9028
f 8426 4917 9028
f 9028 4917 9029
f 4917 4916 9029
f 4916 4915 9029
f 9029 4915 9030
f 4915 4914 9030
f 4914 4913 9030
f 9030 4913 9031
f 4913 4912 9031
f 9031 4912 9032
f 4912 8425 9032
f 9032 8425 9033
f 8425 4909 9033
f 9033 4909 9034
f 4909 8424 9034
f 9034 8424 9035
f 8424 4906 9035
f 9035 4906 9036
f 4906 4908 9036
f 4908 4846 9036
f 9036 4846 9037
f 4846 8418 9037
f 9037 8418 9038
f 8418 8423 9038
f 9038 8423 9039
f 9039 8423 9040
f 8423 8422 9040
f 9040 8422 9041
f 8422 8421 9041
f 9041 8421 9042
f 8421 8420 9042
f 8420 8419 9042
f 9042 8419 8998
f 8419 8451 8998
f 8998 8451 9043
f 8451 8450 9043
f 9043 8450 9044
f 8450 8449 9044
f 9044 8449 9045
f 8449 8448 9045
f 9045 8448 9046
f 8448 8447 9046
f 9046 8447 9047
f 8447 8446 9047
f 9047 8446 9048
f 8446 8445 9048
f 9048 8445 9049
f 8445 8444 9049
f 8444 8443 9049
f 9049 8443 9050
f 8443 8442 9050
f 9050 8442 9051
f 8442 4883 9051
f 9051 4883 9052
f 4883 4882 9052
f 9052 4882 9053
f 4882 8441 9053
f 9053 8441 9054
f 8441 4873 9054
f 9054 4873 8440
f 8440 4880 9055
f 9055 4880 9056
f 4880 4879 9056
f 4879 4878 9056
f 9056 4878 9057
f 4878 8439 9057
f 8439 4876 9058
f 4876 8438 9058
f 9058 8438 9059
f 8438 8437 9059
f 9059 8437 9060
f 8437 8436 9060
f 9060 8436 9061
f 9061 8436 9062
f 8436 8435 9062
f 9062 8435 9063
f 8435 8434 9063
f 9063 8434 9064
f 8434 8433 9064
f 9064 8433 9065
f 8433 8432 9065
f 9066 9067 5946
f 5945 9068 5946
f 9068 9069 5946
f 9069 9070 5946
f 5946 9070 9071
f 9071 9072 5946
f 9072 9073 5946
f 9073 9066 5946
f 9067 9074 5946
f 9075 9076 9077
f 9077 9076 9078
f 9078 9079 9077
f 9079 9080 9077
f 9080 9081 9077
f 9081 9082 9077
f 9077 9082 9083
f 9077 9083 9084
f 9084 9085 9077
f 9085 9086 9077
f 9086 9087 9077
f 4263 4265 9088
f 3859 3860 9088
f 3860 3862 9088
f 9088 3862 4258
f 4258 4260 9088
f 4260 4261 9088
f 4261 4263 9088
f 4265 3866 9088
f 3864 3863 5947
f 5947 3863 3870
f 3870 3868 5947
f 3868 3867 5947
f 3867 3871 5947
f 3871 3872 5947
f 5947 3872 3874
f 5947 3874 3875
f 3875 3877 5947
f 3877 3878 5947
f 3878 3880 5947
f 3880 3881 5947
f 9074 9075 5946
f 9075 9077 5946
f 5946 9077 5950
f 9077 9089 5950
f 5950 9089 5949
f 9089 9090 5949
f 5949 9090 5947
f 9090 9088 5947
f 5947 9088 3864
f 9088 3866 3864
f 5369 5375 9091
f 5360 5359 9092
f 4930 4929 9093
f 4945 4942 9094
f 9094 9095 4945
f 4945 9095 4946
f 4948 4947 9095
f 4947 4946 9095
f 4948 9096 4949
f 9097 4950 9096
f 4950 4949 9096
f 4951 4950 9097
f 4951 9097 4952
f 4952 9098 4953
f 4954 4953 9098
f 4954 9099 4955
f 4956 4955 9099
f 4958 9100 4959
f 4985 4984 9100
f 9100 4984 4959
f 4987 4986 4985
f 4989 9101 4990
f 4992 4991 9101
f 9101 4991 4990
f 9102 4994 4992
f 4994 4993 4992
f 9103 4994 9102
f 9104 4996 9103
f 4996 4995 9103
f 9103 4995 4994
f 9105 4997 9104
f 4997 4996 9104
f 4999 4998 9105
f 9105 4998 4997
f 5000 4999 9106
f 9106 4999 9105
f 5000 9106 4976
f 9106 9107 4976
f 4976 9107 4977
f 4977 9107 4978
f 9107 9108 4978
f 4978 9108 4979
f 4981 4982 9109
f 4982 4980 9109
f 9109 4980 9108
f 4980 4979 9108
f 9109 9110 4981
f 4981 9110 4983
f 9110 9111 4983
f 4983 9111 4960
f 4960 9111 4961
f 9111 9112 4961
f 4961 9112 4962
f 9112 9113 4962
f 4962 9113 4963
f 9114 4970 9113
f 4970 4963 9113
f 4969 4971 9114
f 9114 4971 4970
f 9114 9115 4969
f 4969 9115 4968
f 9115 9116 4968
f 4968 9116 4965
f 9116 4966 4965
f 4972 4974 4973
f 4975 9117 4964
f 4964 9117 4920
f 4920 9117 4921
f 4923 4925 4924
f 4927 9118 4928
f 9093 4929 9118
f 4929 4928 9118
f 4930 9093 4931
f 9093 4932 4931
f 4932 9119 4933
f 9120 4934 9119
f 4934 4933 9119
f 4934 9120 4935
f 9121 4936 9120
f 4936 4935 9120
f 9122 4938 9121
f 4938 4937 9121
f 9121 4937 4936
f 4942 4941 9094
f 9094 4941 9123
f 4941 4940 9123
f 9123 4940 9122
f 4940 4939 9122
f 9122 4939 4938
f 5333 5332 9124
f 9125 5334 5333
f 5336 5335 9125
f 5335 5334 9125
f 9126 5337 5336
f 5337 9126 5338
f 9126 9127 5338
f 5338 9127 5339
f 5342 5341 9128
f 5341 5340 9128
f 9128 5340 9127
f 5340 5339 9127
f 5342 9128 5343
f 9128 9129 5343
f 9129 5344 5343
f 5344 9130 5345
f 9131 5346 9130
f 5346 5345 9130
f 5348 5347 9131
f 5347 5346 9131
f 9132 5349 5348
f 9132 9133 5349
f 5349 9133 5350
f 5218 5351 9134
f 9134 5351 9133
f 5351 5350 9133
f 9134 5219 5218
f 5219 9135 5358
f 9092 5359 9135
f 5359 5358 9135
f 9136 5361 9092
f 5361 5360 9092
f 5363 5362 9136
f 9136 5362 5361
f 5363 9137 5364
f 5357 5356 9137
f 5356 5364 9137
f 5357 9138 5365
f 5366 5365 9138
f 5366 5368 5367
f 9139 5354 5368
f 9140 5353 5352
f 5352 5355 9140
f 9140 5355 9139
f 5355 5354 9139
f 5375 5374 9091
f 9091 5374 5353
f 5369 9091 5370
f 9091 9141 5370
f 5370 9141 5372
f 9141 9142 5372
f 5372 9142 5373
f 5373 9142 5376
f 9142 9143 5376
f 5376 9143 5377
f 9143 5378 5377
f 5378 9144 5379
f 5379 9144 5380
f 9144 9145 5380
f 5380 9145 5381
f 5382 5381 9145
f 5382 9146 5383
f 5384 5383 9146
f 5384 9147 5385
f 5386 5385 9147
f 9148 5387 5386
f 5387 9148 5388
f 9148 9149 5388
f 5388 9149 5389
f 9149 9150 5389
f 9151 5390 9150
f 5390 5389 9150
f 9151 5391 5390
f 9152 5306 9151
f 5306 5391 9151
f 5307 5306 9152
f 5307 9152 5309
f 5309 9153 5310
f 9154 5311 9153
f 5311 5310 9153
f 9154 5314 5313
f 5313 5312 9154
f 9154 5312 5311
f 9155 5315 5314
f 5315 9155 5316
f 5316 9156 5317
f 9157 5318 9156
f 5318 5317 9156
f 5320 5319 9157
f 9157 5319 5318
f 9158 5321 5320
f 5321 9158 5322
f 5322 9159 5323
f 5325 5324 9160
f 9160 5324 9159
f 5324 5323 9159
f 5325 9160 5326
f 9160 9161 5326
f 5326 9161 5327
f 9161 9162 5327
f 5327 9162 5328
f 9163 5303 9162
f 5303 5328 9162
f 5332 5331 9124
f 5331 5330 9124
f 9124 5330 9163
f 5330 5329 9163
f 5329 5304 9163
f 9163 5304 5303
f 9164 9165 7790
f 7790 9165 9166
f 9165 9167 9166
f 9167 9168 9166
f 9166 9168 9169
f 9169 9168 9170
f 9168 9171 9170
f 9170 9171 9172
f 9173 9174 9171
f 9174 9172 9171
f 9175 9174 9173
f 9176 9177 9178
f 9178 9177 9175
f 9176 9178 9179
f 9178 9180 9179
f 9180 9181 9182
f 9183 9184 9185
f 9184 9186 9185
f 9185 9186 9181
f 9186 9182 9181
f 9187 9188 9183
f 9183 9188 9184
f 9189 9190 9191
f 9191 9190 9187
f 9189 9191 9192
f 9191 9193 9192
f 9193 9194 9195
f 9194 9196 9195
f 9196 9197 9198
f 9198 9197 9199
f 9200 9201 9197
f 9201 9199 9197
f 9202 9201 9203
f 9203 9201 9200
f 9204 9205 9206
f 7181 9207 7185
f 9208 9209 9210
f 9209 9211 9210
f 9211 9212 9210
f 9210 9212 9213
f 9213 9212 9214
f 9212 9215 9214
f 9214 9215 9216
f 9217 9218 9215
f 9218 9216 9215
f 9219 9218 9217
f 9220 9221 9222
f 9222 9221 9219
f 9222 9223 9220
f 9224 9225 9226
f 9226 9225 9227
f 9228 9229 9230
f 9229 9228 9231
f 9232 9233 9234
f 9235 9236 9233
f 9236 9234 9233
f 7182 9236 9237
f 9237 9236 9235
f 9141 9238 9142
f 9142 9238 9143
f 9238 9239 9143
f 9143 9239 5378
f 5378 9239 9144
f 9239 9240 9144
f 9144 9240 9145
f 9240 9241 9145
f 9145 9241 5382
f 5382 9241 9146
f 9241 9242 9146
f 9146 9242 5384
f 9242 9243 5384
f 5384 9243 9147
f 9147 9243 5386
f 9243 9244 5386
f 5386 9244 9148
f 9148 9244 9149
f 9244 9245 9149
f 9149 9245 9150
f 9150 9245 9151
f 9245 9246 9151
f 9151 9246 9152
f 9246 9247 9152
f 9247 9248 9152
f 9152 9248 5309
f 5309 9248 9153
f 9248 9249 9153
f 9153 9249 9154
f 9249 9250 9154
f 9154 9250 5314
f 9250 9155 5314
f 9155 9251 5316
f 5316 9251 9156
f 9251 9252 9156
f 9156 9252 9157
f 9252 9253 9157
f 9157 9253 5320
f 9253 9254 5320
f 5320 9254 9158
f 9158 9254 5322
f 9254 9255 5322
f 5322 9255 9159
f 9159 9255 9160
f 9255 9256 9160
f 9160 9256 9161
f 9161 9256 9162
f 9256 9257 9162
f 9162 9257 9163
f 9257 9258 9163
f 9163 9258 9124
f 9124 9258 5333
f 9258 9259 5333
f 5333 9259 9125
f 9259 9260 9125
f 9125 9260 5336
f 5336 9260 9126
f 9260 9261 9126
f 9126 9261 9127
f 9261 9262 9127
f 9127 9262 9128
f 9262 9263 9128
f 9128 9263 9129
f 9129 9263 5344
f 9263 9130 5344
f 9130 9264 9131
f 9131 9264 5348
f 9264 9132 5348
f 9132 9265 9133
f 9265 9266 9133
f 9133 9266 9134
f 9266 9267 9134
f 9134 9267 5219
f 9267 9268 5219
f 5219 9268 9135
f 9135 9268 9092
f 9268 9269 9092
f 9092 9269 9136
f 9269 9270 9136
f 9136 9270 5363
f 9270 9271 5363
f 5363 9271 9137
f 9137 9271 5357
f 9271 9138 5357
f 9138 9272 5366
f 5366 9272 5368
f 9272 9273 5368
f 5368 9273 9139
f 9273 9274 9139
f 9139 9274 9140
f 9140 9274 5353
f 9274 9275 5353
f 5353 9275 9091
f 9275 9276 9091
f 9091 9276 9141
f 9276 9238 9141
f 9276 9277 9238
f 9277 9278 9238
f 9238 9278 9239
f 9278 9279 9239
f 9239 9279 9240
f 9279 9280 9240
f 9240 9280 9241
f 9280 9281 9241
f 9241 9281 9242
f 9281 9282 9242
f 9242 9282 9243
f 9282 9283 9243
f 9243 9283 9244
f 9283 9284 9244
f 9244 9284 9245
f 9284 9285 9245
f 9245 9285 9246
f 9285 9286 9246
f 9246 9286 9247
f 9286 9287 9247
f 9247 9287 9248
f 9287 9288 9248
f 9248 9288 9249
f 9288 9289 9249
f 9249 9289 9250
f 9289 9290 9250
f 9250 9290 9155
f 9290 9291 9155
f 9155 9291 9251
f 9291 9292 9251
f 9251 9292 9252
f 9292 9293 9252
f 9252 9293 9253
f 9293 9294 9253
f 9253 9294 9254
f 9294 9295 9254
f 9254 9295 9255
f 9295 9296 9255
f 9255 9296 9256
f 9296 9297 9256
f 9256 9297 9257
f 9297 9298 9257
f 9257 9298 9258
f 9298 9299 9258
f 9258 9299 9259
f 9299 9300 9259
f 9259 9300 9260
f 9300 9301 9260
f 9260 9301 9261
f 9301 9302 9261
f 9261 9302 9262
f 9302 9303 9262
f 9262 9303 9263
f 9303 9304 9263
f 9263 9304 9130
f 9304 9305 9130
f 9130 9305 9264
f 9305 9306 9264
f 9264 9306 9132
f 9306 9307 9132
f 9132 9307 9265
f 9307 9308 9265
f 9265 9308 9266
f 9308 9309 9266
f 9266 9309 9267
f 9309 9310 9267
f 9267 9310 9268
f 9310 9311 9268
f 9268 9311 9269
f 9311 9312 9269
f 9269 9312 9270
f 9312 9313 9270
f 9270 9313 9271
f 9313 9314 9271
f 9271 9314 9138
f 9314 9315 9138
f 9138 9315 9272
f 9315 9316 9272
f 9272 9316 9273
f 9316 9317 9273
f 9273 9317 9274
f 9317 9318 9274
f 9274 9318 9275
f 9318 9319 9275
f 9275 9319 9276
f 9319 9277 9276
f 9277 9320 9278
f 9320 9321 9278
f 9278 9321 9279
f 9321 9322 9279
f 9279 9322 9280
f 9322 9323 9280
f 9280 9323 9281
f 9323 9324 9281
f 9281 9324 9282
f 9324 9325 9282
f 9282 9325 9283
f 9325 9326 9283
f 9283 9326 9284
f 9326 9327 9284
f 9284 9327 9285
f 9327 9328 9285
f 9285 9328 9286
f 9328 9329 9286
f 9286 9329 9287
f 9329 9330 9287
f 9287 9330 9288
f 9330 9331 9288
f 9288 9331 9289
f 9331 9332 9289
f 9289 9332 9290
f 9332 9333 9290
f 9290 9333 9291
f 9333 9334 9291
f 9291 9334 9292
f 9334 9335 9292
f 9292 9335 9293
f 9335 9336 9293
f 9293 9336 9294
f 9336 9337 9294
f 9294 9337 9295
f 9337 9338 9295
f 9295 9338 9296
f 9338 9339 9296
f 9296 9339 9297
f 9339 9340 9297
f 9297 9340 9298
f 9340 9341 9298
f 9298 9341 9299
f 9341 9342 9299
f 9299 9342 9300
f 9342 9343 9300
f 9300 9343 9301
f 9343 9344 9301
f 9301 9344 9302
f 9344 9345 9302
f 9302 9345 9303
f 9345 9346 9303
f 9303 9346 9304
f 9346 9347 9304
f 9304 9347 9305
f 9347 9348 9305
f 9305 9348 9306
f 9348 9349 9306
f 9306 9349 9307
f 9349 9350 9307
f 9307 9350 9308
f 9350 9351 9308
f 9308 9351 9309
f 9351 9352 9309
f 9309 9352 9310
f 9352 9353 9310
f 9310 9353 9311
f 9353 9354 9311
f 9311 9354 9312
f 9354 9355 9312
f 9312 9355 9313
f 9355 9356 9313
f 9313 9356 9314
f 9356 9357 9314
f 9314 9357 9315
f 9357 9358 9315
f 9315 9358 9316
f 9358 9359 9316
f 9316 9359 9317
f 9359 9360 9317
f 9317 9360 9318
f 9360 9361 9318
f 9318 9361 9319
f 9361 9362 9319
f 9319 9362 9277
f 9362 9320 9277
f 9362 9363 9320
f 9363 9364 9320
f 9320 9364 9321
f 9364 9365 9321
f 9321 9365 9322
f 9365 9366 9322
f 9322 9366 9323
f 9366 9367 9323
f 9323 9367 9324
f 9367 9368 9324
f 9324 9368 9325
f 9368 9369 9325
f 9325 9369 9326
f 9369 9370 9326
f 9326 9370 9327
f 9370 9371 9327
f 9327 9371 9328
f 9371 9372 9328
f 9328 9372 9329
f 9372 9373 9329
f 9329 9373 9330
f 9373 9374 9330
f 9330 9374 9331
f 9374 9375 9331
f 9331 9375 9332
f 9375 9376 9332
f 9332 9376 9333
f 9376 9377 9333
f 9333 9377 9334
f 9377 9378 9334
f 9334 9378 9335
f 9378 9379 9335
f 9335 9379 9336
f 9379 9380 9336
f 9380 9337 9336
f 9337 9381 9338
f 9381 9382 9338
f 9338 9382 9339
f 9382 9383 9339
f 9339 9383 9340
f 9383 9384 9340
f 9340 9384 9341
f 9384 9385 9341
f 9341 9385 9342
f 9385 9386 9342
f 9342 9386 9343
f 9386 9387 9343
f 9343 9387 9344
f 9387 9388 9344
f 9344 9388 9345
f 9388 9389 9345
f 9345 9389 9346
f 9389 9390 9346
f 9346 9390 9347
f 9390 9391 9347
f 9347 9391 9348
f 9391 9392 9348
f 9348 9392 9349
f 9392 9393 9349
f 9349 9393 9350
f 9393 9394 9350
f 9350 9394 9351
f 9394 9395 9351
f 9351 9395 9352
f 9395 9396 9352
f 9352 9396 9353
f 9396 9397 9353
f 9353 9397 9354
f 9397 9398 9354
f 9354 9398 9355
f 9398 9399 9355
f 9355 9399 9356
f 9399 9400 9356
f 9356 9400 9357
f 9400 9401 9357
f 9401 9358 9357
f 9358 9402 9359
f 9402 9403 9359
f 9359 9403 9360
f 9403 9404 9360
f 9360 9404 9361
f 9404 9405 9361
f 9361 9405 9362
f 9405 9363 9362
f 9405 9406 9363
f 9365 9407 9366
f 9407 9408 9366
f 9366 9408 9367
f 9367 9409 9368
f 9368 9409 9369
f 9409 9410 9369
f 9369 9410 9370
f 9410 9411 9370
f 9411 9412 9370
f 9370 9412 9371
f 9412 9413 9371
f 9371 9413 9372
f 9413 9414 9372
f 9372 9414 9373
f 9414 9415 9373
f 9373 9415 9374
f 9415 9416 9374
f 9374 9416 9375
f 9416 9417 9375
f 9375 9417 9376
f 9417 9418 9376
f 9376 9418 9377
f 9418 9419 9377
f 9419 9420 9377
f 9377 9420 9378
f 9378 9420 9379
f 9420 9421 9379
f 9421 9380 9379
f 9380 9422 9337
f 9337 9422 9381
f 9422 9423 9381
f 9381 9423 9382
f 9423 9424 9382
f 9382 9424 9383
f 9424 9425 9383
f 9383 9425 9384
f 9425 9426 9384
f 9426 9427 9384
f 9384 9427 9385
f 9427 9428 9385
f 9385 9428 9386
f 9428 9429 9386
f 9386 9429 9387
f 9429 9430 9387
f 9387 9430 9388
f 9430 9431 9388
f 9388 9431 9389
f 9431 9432 9389
f 9389 9432 9390
f 9432 9433 9390
f 9390 9433 9391
f 9433 9434 9391
f 9391 9434 9392
f 9434 9435 9392
f 9392 9435 9393
f 9435 9436 9393
f 9393 9436 9394
f 9436 9437 9394
f 9394 9437 9395
f 9437 9438 9395
f 9395 9438 9396
f 9438 9439 9396
f 9396 9439 9397
f 9439 9440 9397
f 9440 9441 9397
f 9397 9441 9398
f 9441 9442 9398
f 9398 9442 9399
f 9442 9443 9399
f 9399 9443 9400
f 9443 9444 9400
f 9444 9401 9400
f 9401 9445 9358
f 9358 9445 9402
f 9445 9446 9402
f 9402 9446 9403
f 9446 9447 9403
f 9403 9447 9404
f 9447 9448 9404
f 9404 9448 9405
f 9448 9406 9405
f 9449 9450 9406
f 9406 9450 9363
f 9450 9451 9363
f 9363 9451 9364
f 9451 9452 9364
f 9364 9452 9365
f 9452 9453 9365
f 9453 9407 9365
f 9407 9454 9408
f 9454 9206 9408
f 9408 9206 9367
f 9206 9205 9367
f 9367 9205 9409
f 9205 9455 9409
f 9409 9455 9410
f 9455 9411 9410
f 9411 9456 9412
f 9412 9456 9413
f 9456 9457 9413
f 9413 9457 9414
f 9457 9458 9414
f 9414 9458 9415
f 9458 9459 9415
f 9415 9459 9416
f 9459 9460 9416
f 9416 9460 9417
f 9460 9461 9417
f 9417 9461 9418
f 9461 9419 9418
f 9419 9462 9420
f 9462 9463 9420
f 9420 9463 9421
f 9463 9464 9421
f 9421 9464 9380
f 9380 9464 9422
f 9464 9465 9422
f 9465 9466 9422
f 9422 9466 9423
f 9466 9467 9423
f 9423 9467 9424
f 9467 9468 9424
f 9468 9469 9424
f 9424 9469 9425
f 9469 9470 9425
f 9470 9471 9425
f 9425 9471 9426
f 9471 9472 9426
f 9426 9472 9427
f 9472 9473 9427
f 9473 9474 9427
f 9427 9474 9428
f 9474 9475 9428
f 9428 9475 9429
f 9475 9476 9429
f 9476 9477 9429
f 9429 9477 9430
f 9477 9478 9430
f 9430 9478 9431
f 9478 7185 9431
f 7185 9207 9431
f 9431 9207 9432
f 9432 9207 9433
f 9207 9479 9433
f 9433 9479 9434
f 9479 9480 9434
f 9434 9480 9435
f 9480 9481 9435
f 9435 9481 9436
f 9481 9482 9436
f 9436 9482 9437
f 9482 9483 9437
f 9437 9483 9438
f 9483 9484 9438
f 9438 9484 9439
f 9484 9440 9439
f 9440 9485 9441
f 9485 9486 9441
f 9441 9486 9442
f 9486 9487 9442
f 9442 9487 9443
f 9487 7786 9443
f 7786 9488 9443
f 9443 9488 9444
f 9488 9489 9444
f 9444 9489 9401
f 9401 9489 9445
f 9489 9490 9445
f 9490 9491 9445
f 9445 9491 9446
f 9491 9492 9446
f 9446 9492 9447
f 9492 9493 9447
f 9493 9494 9447
f 9447 9494 9448
f 9494 9495 9448
f 9448 9495 9406
f 9495 9449 9406
f 7181 9496 9207
f 9496 9497 9207
f 9207 9497 9479
f 9497 9498 9479
f 9479 9498 9480
f 9498 9499 9480
f 9499 9481 9480
f 9481 9500 9482
f 9500 9501 9482
f 9482 9501 9483
f 9501 9502 9483
f 9483 9502 9484
f 9502 9503 9484
f 9484 9503 9440
f 9503 9485 9440
f 9485 9504 9486
f 9504 9505 9486
f 9486 9505 9487
f 9505 7787 9487
f 9487 7787 7786
f 9204 9506 9205
f 9205 9506 9455
f 9506 9507 9455
f 9455 9507 9411
f 9507 9508 9411
f 9411 9508 9456
f 9508 9509 9456
f 9509 9510 9456
f 9456 9510 9457
f 9510 9511 9457
f 9457 9511 9458
f 9511 9512 9458
f 9512 9513 9458
f 9458 9513 9459
f 9513 9514 9459
f 9459 9514 9460
f 9514 9515 9460
f 9460 9515 9461
f 9515 9516 9461
f 9461 9516 9419
f 9516 9517 9419
f 9419 9517 9462
f 7179 9496 7181
f 9496 9518 9497
f 9518 9519 9497
f 9497 9519 9498
f 9519 9499 9498
f 9499 9520 9481
f 9520 9500 9481
f 9500 9521 9501
f 9521 9522 9501
f 9522 9502 9501
f 9502 9523 9503
f 9523 9524 9503
f 9503 9524 9485
f 9524 9504 9485
f 9504 9525 9505
f 9525 7788 9505
f 7788 7787 9505
f 9204 9526 9506
f 9526 9527 9506
f 9527 9528 9506
f 9506 9528 9507
f 9528 9529 9507
f 9529 9530 9507
f 9507 9530 9508
f 9530 9509 9508
f 9509 9531 9510
f 9531 9532 9510
f 9510 9532 9511
f 9532 9533 9511
f 9533 9512 9511
f 9512 9534 9513
f 9534 9535 9513
f 9513 9535 9514
f 9535 9536 9514
f 9536 9515 9514
f 9515 9537 9516
f 9537 9538 9516
f 9538 9539 9516
f 9516 9539 9517
f 7178 9540 7179
f 7179 9540 9496
f 9540 9518 9496
f 9518 9541 9519
f 9541 9542 9519
f 9542 9543 9519
f 9519 9543 9499
f 9543 9520 9499
f 9520 9544 9500
f 9544 9521 9500
f 9521 9545 9522
f 9522 9523 9502
f 9523 9546 9524
f 9546 9547 9524
f 9547 9548 9524
f 9524 9548 9504
f 9548 9525 9504
f 9525 7799 7788
f 9549 9527 9526
f 9527 9550 9528
f 9550 9529 9528
f 9530 9551 9509
f 9509 9551 9531
f 9551 9552 9531
f 9531 9552 9532
f 9552 9533 9532
f 9533 9553 9512
f 9512 9553 9534
f 9553 9535 9534
f 9535 9554 9536
f 9554 9555 9536
f 9536 9555 9515
f 9555 9537 9515
f 9537 9556 9538
f 9556 9557 9538
f 9538 9557 9539
f 7178 7183 9540
f 7183 9558 9540
f 9540 9558 9518
f 9558 9541 9518
f 9542 9559 9543
f 9543 9559 9520
f 9559 9560 9520
f 9520 9560 9544
f 9544 9560 9521
f 9560 9545 9521
f 9545 9561 9522
f 9522 9561 9523
f 9561 9546 9523
f 9547 9562 9548
f 9548 9562 9525
f 9562 7789 9525
f 9525 7789 7799
f 9563 9564 9549
f 9549 9564 9527
f 9564 9550 9527
f 9550 9565 9529
f 9529 9565 9530
f 9565 9566 9530
f 9530 9566 9551
f 9566 9567 9551
f 9551 9567 9552
f 9567 9568 9552
f 9552 9568 9533
f 9533 9568 9553
f 9568 9569 9553
f 9553 9569 9535
f 9569 9554 9535
f 9554 9570 9555
f 9555 9570 9537
f 9570 9556 9537
f 9556 9571 9557
f 7182 9572 7183
f 7183 9572 9558
f 9572 9573 9558
f 9558 9573 9541
f 9573 9574 9541
f 9541 9574 9542
f 9574 9575 9542
f 9542 9575 9559
f 9575 9576 9559
f 9559 9576 9560
f 9576 9577 9560
f 9560 9577 9545
f 9577 9578 9545
f 9545 9578 9561
f 9578 9579 9561
f 9561 9579 9546
f 9579 9580 9546
f 9546 9580 9547
f 9580 9581 9547
f 9547 9581 9562
f 9581 9582 9562
f 9562 9582 7789
f 9582 7790 7789
f 9202 9583 9563
f 9563 9583 9564
f 9564 9583 9550
f 9583 9584 9550
f 9550 9584 9565
f 9584 9585 9565
f 9565 9585 9566
f 9585 9586 9566
f 9566 9586 9567
f 9586 9587 9567
f 9567 9587 9568
f 9587 9588 9568
f 9568 9588 9569
f 9588 9589 9569
f 9569 9589 9554
f 9589 9590 9554
f 9554 9590 9570
f 9590 9591 9570
f 9570 9591 9556
f 9591 9592 9556
f 9556 9592 9571
f 9592 9208 9571
f 9237 9593 7182
f 7182 9593 9572
f 9593 9594 9572
f 9572 9594 9573
f 9594 9595 9573
f 9573 9595 9574
f 9595 9596 9574
f 9574 9596 9575
f 9596 9597 9575
f 9575 9597 9576
f 9597 9598 9576
f 9576 9598 9577
f 9598 9599 9577
f 9577 9599 9578
f 9599 9600 9578
f 9578 9600 9579
f 9600 9601 9579
f 9579 9601 9580
f 9601 9602 9580
f 9580 9602 9581
f 9602 9164 9581
f 9581 9164 9582
f 9164 7790 9582
f 9203 9603 9202
f 9202 9603 9583
f 9603 9604 9583
f 9583 9604 9584
f 9604 9605 9584
f 9584 9605 9585
f 9605 9606 9585
f 9585 9606 9586
f 9606 9607 9586
f 9586 9607 9587
f 9607 9608 9587
f 9587 9608 9588
f 9608 9609 9588
f 9588 9609 9589
f 9609 9610 9589
f 9589 9610 9590
f 9610 9591 9590
f 9591 9209 9592
f 9209 9208 9592
f 9185 9611 9183
f 9611 9612 9183
f 9183 9612 9187
f 9187 9612 9191
f 9612 9613 9191
f 9191 9613 9193
f 9613 9194 9193
f 9194 9614 9196
f 9196 9614 9197
f 9614 9615 9197
f 9197 9615 9200
f 9200 9616 9203
f 9203 9616 9603
f 9616 9617 9603
f 9603 9617 9604
f 9617 9618 9604
f 9604 9618 9605
f 9618 9619 9605
f 9605 9619 9606
f 9619 9620 9606
f 9606 9620 9607
f 9620 9621 9607
f 9607 9621 9608
f 9621 9622 9608
f 9608 9622 9609
f 9622 9623 9609
f 9609 9623 9610
f 9623 9624 9610
f 9610 9624 9591
f 9624 9625 9591
f 9591 9625 9209
f 9625 9626 9209
f 9626 9211 9209
f 9211 9627 9212
f 9212 9627 9215
f 9627 9217 9215
f 9217 9628 9219
f 9219 9628 9222
f 9628 9629 9222
f 9222 9629 9223
f 9223 9629 9227
f 9629 9226 9227
f 9226 9630 9224
f 9224 9630 9230
f 9630 9228 9230
f 9228 9631 9231
f 9231 9631 9632
f 9631 9232 9632
f 9233 9633 9235
f 9235 9633 9237
f 9633 9593 9237
f 9594 9634 9595
f 9634 9635 9595
f 9595 9635 9596
f 9635 9636 9596
f 9596 9636 9597
f 9636 9637 9597
f 9597 9637 9598
f 9637 9638 9598
f 9598 9638 9599
f 9638 9639 9599
f 9599 9639 9600
f 9639 9640 9600
f 9600 9640 9601
f 9640 9641 9601
f 9601 9641 9602
f 9641 9642 9602
f 9602 9642 9164
f 9642 9165 9164
f 9167 9643 9168
f 9168 9643 9171
f 9643 9173 9171
f 9173 9644 9175
f 9175 9644 9178
f 9644 9645 9178
f 9178 9645 9180
f 9180 9645 9181
f 9645 9611 9181
f 9181 9611 9185
f 9611 9646 9612
f 9646 9647 9612
f 9647 9613 9612
f 9613 9648 9194
f 9194 9648 9614
f 9648 9649 9614
f 9614 9649 9615
f 9649 9650 9615
f 9615 9650 9200
f 9200 9650 9616
f 9650 9651 9616
f 9616 9651 9617
f 9651 9652 9617
f 9617 9652 9618
f 9652 9653 9618
f 9618 9653 9619
f 9653 9654 9619
f 9619 9654 9620
f 9654 9655 9620
f 9620 9655 9621
f 9655 9656 9621
f 9621 9656 9622
f 9656 9657 9622
f 9622 9657 9623
f 9657 9658 9623
f 9623 9658 9624
f 9658 9659 9624
f 9624 9659 9625
f 9659 9660 9625
f 9660 9661 9625
f 9625 9661 9626
f 9626 9661 9211
f 9661 9662 9211
f 9211 9662 9627
f 9662 9663 9627
f 9627 9663 9217
f 9663 9664 9217
f 9217 9664 9628
f 9664 9665 9628
f 9665 9666 9628
f 9628 9666 9629
f 9666 9667 9629
f 9629 9667 9226
f 9667 9668 9226
f 9226 9668 9630
f 9668 9669 9630
f 9630 9669 9228
f 9669 9670 9228
f 9228 9670 9631
f 9670 9671 9631
f 9631 9671 9232
f 9232 9671 9233
f 9671 9672 9233
f 9233 9672 9633
f 9672 9673 9633
f 9633 9673 9593
f 9673 9674 9593
f 9593 9674 9594
f 9674 9675 9594
f 9594 9675 9634
f 9675 9676 9634
f 9634 9676 9635
f 9676 9677 9635
f 9635 9677 9636
f 9677 9678 9636
f 9636 9678 9637
f 9678 9679 9637
f 9637 9679 9638
f 9679 9680 9638
f 9638 9680 9639
f 9680 9681 9639
f 9639 9681 9640
f 9681 9682 9640
f 9640 9682 9641
f 9682 9683 9641
f 9641 9683 9642
f 9683 9684 9642
f 9642 9684 9165
f 9684 9685 9165
f 9165 9685 9167
f 9685 9686 9167
f 9167 9686 9643
f 9686 9687 9643
f 9643 9687 9173
f 9173 9687 9644
f 9687 9688 9644
f 9644 9688 9645
f 9688 9689 9645
f 9645 9689 9611
f 9689 9646 9611
f 9689 9690 9646
f 9690 9691 9646
f 9646 9691 9647
f 9691 9692 9647
f 9647 9692 9613
f 9692 9693 9613
f 9613 9693 9648
f 9693 9694 9648
f 9648 9694 9649
f 9694 9695 9649
f 9649 9695 9650
f 9695 9696 9650
f 9650 9696 9651
f 9696 9697 9651
f 9651 9697 9652
f 9697 9698 9652
f 9652 9698 9653
f 9698 9699 9653
f 9653 9699 9654
f 9699 9700 9654
f 9654 9700 9655
f 9700 9701 9655
f 9655 9701 9656
f 9701 9702 9656
f 9656 9702 9657
f 9702 9703 9657
f 9657 9703 9658
f 9703 9704 9658
f 9658 9704 9659
f 9704 9705 9659
f 9659 9705 9660
f 9705 9706 9660
f 9660 9706 9661
f 9706 9707 9661
f 9661 9707 9662
f 9707 9708 9662
f 9662 9708 9663
f 9708 9709 9663
f 9663 9709 9664
f 9709 9710 9664
f 9664 9710 9665
f 9665 9711 9666
f 9666 9711 9667
f 9711 9712 9667
f 9667 9712 9668
f 9712 9713 9668
f 9668 9713 9669
f 9713 9714 9669
f 9669 9714 9670
f 9714 9715 9670
f 9670 9715 9671
f 9715 9716 9671
f 9671 9716 9672
f 9716 9717 9672
f 9672 9717 9673
f 9717 9718 9673
f 9673 9718 9674
f 9718 9719 9674
f 9674 9719 9675
f 9719 9720 9675
f 9675 9720 9676
f 9720 9721 9676
f 9676 9721 9677
f 9721 9722 9677
f 9677 9722 9678
f 9722 9723 9678
f 9678 9723 9679
f 9723 9724 9679
f 9679 9724 9680
f 9724 9725 9680
f 9680 9725 9681
f 9725 9726 9681
f 9681 9726 9682
f 9726 9727 9682
f 9682 9727 9683
f 9727 9728 9683
f 9683 9728 9684
f 9728 9729 9684
f 9684 9729 9685
f 9729 9730 9685
f 9685 9730 9686
f 9730 9731 9686
f 9686 9731 9687
f 9731 9732 9687
f 9687 9732 9688
f 9732 9733 9688
f 9688 9733 9689
f 9733 9690 9689
f 9690 9734 9691
f 9734 9735 9691
f 9691 9735 9692
f 9735 9736 9692
f 9692 9736 9693
f 9736 9737 9693
f 9693 9737 9694
f 9737 9738 9694
f 9694 9738 9695
f 9738 9739 9695
f 9695 9739 9696
f 9739 9740 9696
f 9696 9740 9697
f 9740 9741 9697
f 9697 9741 9698
f 9741 9742 9698
f 9698 9742 9699
f 9742 9743 9699
f 9699 9743 9700
f 9743 9744 9700
f 9700 9744 9701
f 9744 9745 9701
f 9701 9745 9702
f 9745 9746 9702
f 9702 9746 9703
f 9746 9747 9703
f 9703 9747 9704
f 9747 9748 9704
f 9704 9748 9705
f 9748 9749 9705
f 9705 9749 9706
f 9749 9750 9706
f 9706 9750 9707
f 9750 9751 9707
f 9707 9751 9708
f 9751 9752 9708
f 9708 9752 9709
f 9752 9753 9709
f 9709 9753 9710
f 9753 9754 9710
f 9710 9754 9665
f 9665 9754 9711
f 9754 9755 9711
f 9711 9755 9712
f 9755 9756 9712
f 9712 9756 9713
f 9756 9757 9713
f 9713 9757 9714
f 9757 9758 9714
f 9714 9758 9715
f 9758 9759 9715
f 9715 9759 9716
f 9759 9760 9716
f 9716 9760 9717
f 9760 9102 9717
f 9717 9102 9718
f 9102 9761 9718
f 9718 9761 9719
f 9761 9762 9719
f 9719 9762 9720
f 9762 9763 9720
f 9720 9763 9721
f 9763 9764 9721
f 9721 9764 9722
f 9764 9765 9722
f 9722 9765 9723
f 9765 9766 9723
f 9723 9766 9724
f 9766 9767 9724
f 9724 9767 9725
f 9767 9768 9725
f 9725 9768 9726
f 9768 9769 9726
f 9726 9769 9727
f 9769 9099 9727
f 9727 9099 9728
f 9099 9770 9728
f 9728 9770 9729
f 9770 9771 9729
f 9729 9771 9730
f 9771 9772 9730
f 9730 9772 9731
f 9772 9773 9731
f 9731 9773 9732
f 9773 9774 9732
f 9732 9774 9733
f 9774 9775 9733
f 9733 9775 9690
f 9775 9734 9690
f 9775 9123 9734
f 9123 9122 9734
f 9122 9121 9734
f 9734 9121 9735
f 9121 9120 9735
f 9735 9120 9736
f 9120 9119 9736
f 9736 9119 9737
f 9119 4932 9737
f 4932 9093 9737
f 9737 9093 9738
f 9738 9093 9739
f 9093 9118 9739
f 9118 4927 9739
f 9739 4927 9740
f 4927 4926 9740
f 4926 4925 9740
f 9740 4925 9741
f 4925 4923 9741
f 4923 4922 9741
f 9741 4922 9742
f 4922 4921 9742
f 9742 4921 9743
f 4921 9117 9743
f 9743 9117 9744
f 9117 4975 9744
f 9744 4975 9745
f 4975 4974 9745
f 4974 4972 9745
f 9745 4972 9746
f 4972 4967 9746
f 9746 4967 9747
f 4967 4966 9747
f 4966 9116 9747
f 9747 9116 9748
f 9116 9115 9748
f 9748 9115 9749
f 9115 9114 9749
f 9749 9114 9750
f 9114 9113 9750
f 9750 9113 9751
f 9113 9112 9751
f 9751 9112 9752
f 9112 9111 9752
f 9752 9111 9753
f 9111 9110 9753
f 9753 9110 9754
f 9110 9109 9754
f 9754 9109 9755
f 9109 9108 9755
f 9755 9108 9756
f 9108 9107 9756
f 9756 9107 9757
f 9107 9106 9757
f 9757 9106 9758
f 9106 9105 9758
f 9758 9105 9759
f 9105 9104 9759
f 9759 9104 9760
f 9104 9103 9760
f 9103 9102 9760
f 9102 4992 9761
f 4992 9101 9761
f 9761 9101 9762
f 9101 4989 9762
f 9762 4989 9763
f 4989 4988 9763
f 4988 4987 9763
f 9763 4987 9764
f 4987 4985 9764
f 9764 4985 9765
f 4985 9100 9765
f 9765 9100 9766
f 9100 4958 9766
f 9766 4958 9767
f 4958 4944 9767
f 4944 4943 9767
f 9767 4943 9768
f 4943 4957 9768
f 9768 4957 9769
f 4957 4956 9769
f 4956 9099 9769
f 9099 4954 9770
f 4954 9098 9770
f 9098 4952 9770
f 9770 4952 9771
f 4952 9097 9771
f 9771 9097 9772
f 9097 9096 9772
f 9772 9096 9773
f 9096 4948 9773
f 4948 9095 9773
f 9773 9095 9774
f 9095 9094 9774
f 9774 9094 9775
f 9094 9123 9775
f 5033 9776 9777
f 5067 9778 5068
f 5018 5016 9779
f 9779 5016 9780
f 5018 9779 5019
f 9779 9781 5019
f 5019 9781 5020
f 9781 9782 5020
f 5020 9782 5021
f 9783 5022 9782
f 5022 5021 9782
f 5022 9783 5023
f 9783 9784 5023
f 5023 9784 5024
f 9784 5025 5024
f 9785 5026 5025
f 5062 5027 9785
f 5027 5026 9785
f 5062 9786 5063
f 5063 9786 5064
f 9786 9787 5064
f 5067 5066 9778
f 9778 5066 9787
f 5066 5065 9787
f 9787 5065 5064
f 5069 9788 5070
f 5070 9788 5071
f 9789 4558 5072
f 5038 4559 9790
f 9790 4559 9789
f 9789 4559 4558
f 5038 9790 5039
f 9790 9791 5039
f 5039 9791 5040
f 5042 5041 9792
f 9792 5041 9791
f 5041 5040 9791
f 5042 9792 5043
f 9792 9793 5043
f 5043 9793 5044
f 9793 9794 5044
f 5044 9794 5045
f 5045 9794 5046
f 9794 9795 5046
f 5046 9795 5047
f 5047 9795 5048
f 9795 9796 5048
f 5048 9796 5049
f 9797 9798 5052
f 5052 5051 9797
f 5051 5050 9797
f 9797 5050 9796
f 5050 5049 9796
f 5054 5053 9799
f 9799 5053 9798
f 5053 5052 9798
f 5056 5055 9800
f 9800 5055 9799
f 5055 5054 9799
f 5056 9800 5057
f 9800 9801 5057
f 5057 9801 5058
f 5060 5059 9802
f 9802 5059 9801
f 5059 5058 9801
f 5061 5060 9802
f 9802 9803 5061
f 5061 9803 5028
f 9803 5029 5028
f 5031 5030 9804
f 9804 5030 5029
f 5031 9776 5032
f 5033 5032 9776
f 9777 5034 5033
f 5036 5035 9805
f 9805 5035 9777
f 5035 5034 9777
f 5001 5037 9806
f 9806 5037 5036
f 5001 9806 5002
f 9806 9807 5002
f 5002 9807 5003
f 9807 9808 5003
f 5003 9808 5004
f 9809 5006 5005
f 5005 5004 9808
f 5008 5007 9810
f 9810 5007 9809
f 5007 5006 9809
f 5008 9810 5009
f 9810 9811 5009
f 5009 9811 5010
f 5010 9811 5011
f 9811 9812 5011
f 5011 9812 5012
f 9813 5014 9812
f 5014 5013 9812
f 9812 5013 5012
f 5016 5017 9780
f 9780 5017 9813
f 5017 5015 9813
f 5015 5014 9813
f 5226 9814 5227
f 9814 9815 5227
f 5227 9815 5228
f 9815 5229 5228
f 9815 9816 5229
f 5229 9816 5231
f 5232 5231 9816
f 5234 5233 9817
f 9817 5233 5232
f 9817 9818 5234
f 5234 9818 5276
f 5277 5276 9818
f 5277 5279 5278
f 9819 5281 5280
f 5281 9819 5282
f 9819 9820 5282
f 5282 9820 5283
f 9821 5284 9820
f 5284 5283 9820
f 5286 5285 9821
f 5285 5284 9821
f 9822 5287 5286
f 5287 9822 5289
f 9822 9823 5289
f 5289 9823 5290
f 9823 5291 5290
f 9824 5292 5291
f 5294 5293 9824
f 5293 5292 9824
f 9825 5295 5294
f 5295 9825 5296
f 9825 9826 5296
f 5296 9826 5297
f 5298 5297 9826
f 5300 5299 5298
f 9827 5301 5300
f 5301 9827 5302
f 9827 9828 5302
f 5302 9828 5259
f 9828 5260 5259
f 5260 9829 5262
f 9829 9830 5262
f 5262 9830 5263
f 9830 5264 5263
f 5266 5265 9831
f 9831 5265 5264
f 9831 9832 5266
f 5266 9832 5268
f 5271 5270 9833
f 5270 5269 9833
f 9833 5269 9832
f 5269 5268 9832
f 9834 5272 5271
f 5274 5273 9835
f 9835 5273 9834
f 5273 5272 9834
f 5274 9835 5275
f 9835 9836 5275
f 5275 9836 5239
f 9836 9837 5239
f 9837 5238 5239
f 9838 5240 5238
f 5240 9838 5241
f 9838 9839 5241
f 5241 9839 5242
f 9840 5244 5243
f 5243 5242 9839
f 5235 5244 9840
f 9840 5236 5235
f 5236 9841 5245
f 5245 9841 5246
f 5248 5247 9842
f 9842 5247 9841
f 5247 5246 9841
f 5249 5248 9842
f 9842 9843 5249
f 5249 9843 5250
f 9843 5251 5250
f 5253 5252 9844
f 9844 5252 5251
f 5253 9844 5254
f 9844 9845 5254
f 5254 9845 5255
f 9845 5256 5255
f 5256 9846 5257
f 5220 5258 9847
f 9847 5258 9846
f 5258 5257 9846
f 5220 9847 5221
f 5221 9848 5222
f 9848 5223 5222
f 5223 9849 5224
f 5226 5230 9814
f 9814 5230 9850
f 5230 5225 9850
f 9850 5225 9849
f 5225 5224 9849
f 5945 9851 9068
f 9851 9852 9068
f 9852 9853 9068
f 9068 9853 9069
f 9069 9853 9070
f 9853 9854 9070
f 9070 9854 9071
f 9855 9072 9854
f 9072 9071 9854
f 9073 9072 9855
f 9067 9856 9074
f 9075 9074 9856
f 9080 9079 9857
f 9857 9079 9078
f 9080 9857 9081
f 9857 9082 9081
f 9082 9858 9083
f 9858 9084 9083
f 9084 9859 9085
f 9860 9086 9859
f 9086 9085 9859
f 9087 9086 9861
f 9861 9086 9860
f 9862 9863 5845
f 7800 9864 7801
f 9865 9866 9867
f 9866 9868 9869
f 9868 9870 9869
f 9870 9871 9869
f 9869 9871 9872
f 9871 9873 9872
f 9874 9875 9876
f 9877 9876 9875
f 9878 9879 9880
f 9879 9881 9880
f 9881 9882 9883
f 9884 9883 9882
f 7796 9884 9885
f 7795 7793 9886
f 7793 7792 9886
f 7800 7795 9887
f 9823 9888 5291
f 5291 9888 9824
f 9888 9889 9824
f 9824 9889 5294
f 9889 9890 5294
f 5294 9890 9825
f 9825 9890 9826
f 9890 9891 9826
f 9826 9891 5298
f 9891 9892 5298
f 5298 9892 5300
f 5300 9892 9827
f 9892 9893 9827
f 9827 9893 9828
f 9893 9894 9828
f 9828 9894 5260
f 9894 9829 5260
f 9829 9895 9830
f 9830 9895 5264
f 9895 9896 5264
f 5264 9896 9831
f 9896 9897 9831
f 9831 9897 9832
f 9897 9898 9832
f 9832 9898 9833
f 9898 9899 9833
f 9833 9899 5271
f 9899 9900 5271
f 5271 9900 9834
f 9900 9901 9834
f 9834 9901 9835
f 9901 9902 9835
f 9835 9902 9836
f 9902 9837 9836
f 9837 9903 5238
f 5238 9903 9838
f 9903 9904 9838
f 9838 9904 9839
f 9904 9905 9839
f 9839 9905 5243
f 9905 9906 5243
f 5243 9906 9840
f 9906 9907 9840
f 9840 9907 5236
f 9907 9908 5236
f 5236 9908 9841
f 9841 9908 9842
f 9908 9909 9842
f 9909 9910 9842
f 9842 9910 9843
f 9910 9911 9843
f 9843 9911 5251
f 9911 9912 5251
f 5251 9912 9844
f 9912 9913 9844
f 9844 9913 9845
f 9913 9914 9845
f 9845 9914 5256
f 9914 9915 5256
f 5256 9915 9846
f 9846 9915 9847
f 9915 9916 9847
f 9847 9916 5221
f 9916 9848 5221
f 9848 9917 5223
f 5223 9917 9849
f 9917 9918 9849
f 9849 9918 9850
f 9918 9919 9850
f 9850 9919 9814
f 9919 9920 9814
f 9814 9920 9815
f 9920 9921 9815
f 9815 9921 9816
f 9921 9922 9816
f 9816 9922 5232
f 9922 9923 5232
f 5232 9923 9817
f 9923 9924 9817
f 9817 9924 9818
f 9924 9925 9818
f 9818 9925 5277
f 9925 9926 5277
f 5277 9926 5279
f 5279 9926 5280
f 9926 9927 5280
f 5280 9927 9819
f 9819 9927 9820
f 9927 9928 9820
f 9928 9929 9820
f 9820 9929 9821
f 9821 9929 5286
f 9929 9930 5286
f 5286 9930 9822
f 9822 9930 9823
f 9930 9888 9823
f 9930 9931 9888
f 9931 9932 9888
f 9888 9932 9889
f 9932 9933 9889
f 9889 9933 9890
f 9933 9934 9890
f 9890 9934 9891
f 9934 9935 9891
f 9891 9935 9892
f 9935 9936 9892
f 9892 9936 9893
f 9936 9937 9893
f 9893 9937 9894
f 9937 9938 9894
f 9894 9938 9829
f 9938 9939 9829
f 9829 9939 9895
f 9939 9940 9895
f 9895 9940 9896
f 9940 9941 9896
f 9896 9941 9897
f 9941 9942 9897
f 9897 9942 9898
f 9942 9943 9898
f 9898 9943 9899
f 9943 9944 9899
f 9899 9944 9900
f 9944 9945 9900
f 9900 9945 9901
f 9945 9946 9901
f 9901 9946 9902
f 9946 9947 9902
f 9902 9947 9837
f 9837 9947 9903
f 9947 9948 9903
f 9903 9948 9904
f 9948 9949 9904
f 9904 9949 9905
f 9949 9950 9905
f 9905 9950 9906
f 9950 9951 9906
f 9906 9951 9907
f 9951 9952 9907
f 9907 9952 9908
f 9952 9953 9908
f 9908 9953 9909
f 9953 9954 9909
f 9909 9954 9910
f 9954 9955 9910
f 9910 9955 9911
f 9955 9956 9911
f 9911 9956 9912
f 9956 9957 9912
f 9912 9957 9913
f 9957 9958 9913
f 9913 9958 9914
f 9958 9959 9914
f 9914 9959 9915
f 9959 9960 9915
f 9915 9960 9916
f 9960 9961 9916
f 9916 9961 9848
f 9961 9962 9848
f 9848 9962 9917
f 9962 9963 9917
f 9917 9963 9918
f 9963 9964 9918
f 9918 9964 9919
f 9964 9965 9919
f 9919 9965 9920
f 9965 9921 9920
f 9921 9966 9922
f 9966 9967 9922
f 9922 9967 9923
f 9967 9968 9923
f 9923 9968 9924
f 9968 9969 9924
f 9924 9969 9925
f 9969 9970 9925
f 9925 9970 9926
f 9970 9971 9926
f 9926 9971 9927
f 9971 9972 9927
f 9927 9972 9928
f 9972 9973 9928
f 9928 9973 9929
f 9973 9974 9929
f 9929 9974 9930
f 9974 9931 9930
f 9931 9975 9932
f 9975 9976 9932
f 9932 9976 9933
f 9976 9977 9933
f 9933 9977 9934
f 9977 9978 9934
f 9934 9978 9935
f 9978 9979 9935
f 9935 9979 9936
f 9979 9980 9936
f 9936 9980 9937
f 9980 9981 9937
f 9937 9981 9938
f 9981 9982 9938
f 9938 9982 9939
f 9982 9983 9939
f 9939 9983 9940
f 9983 9984 9940
f 9940 9984 9941
f 9984 9985 9941
f 9941 9985 9942
f 9985 9986 9942
f 9942 9986 9943
f 9986 9987 9943
f 9943 9987 9944
f 9987 9988 9944
f 9944 9988 9945
f 9988 9989 9945
f 9945 9989 9946
f 9989 9990 9946
f 9946 9990 9947
f 9990 9991 9947
f 9947 9991 9948
f 9991 9992 9948
f 9948 9992 9949
f 9992 9993 9949
f 9949 9993 9950
f 9993 9994 9950
f 9950 9994 9951
f 9994 9995 9951
f 9951 9995 9952
f 9995 9996 9952
f 9952 9996 9953
f 9996 9997 9953
f 9953 9997 9954
f 9997 9998 9954
f 9954 9998 9955
f 9998 9999 9955
f 9955 9999 9956
f 9999 10000 9956
f 9956 10000 9957
f 10000 10001 9957
f 9957 10001 9958
f 10001 10002 9958
f 9958 10002 9959
f 10002 10003 9959
f 9959 10003 9960
f 10003 10004 9960
f 9960 10004 9961
f 10004 10005 9961
f 9961 10005 9962
f 10005 10006 9962
f 9962 10006 9963
f 10006 10007 9963
f 9963 10007 9964
f 10007 10008 9964
f 9964 10008 9965
f 10008 10009 9965
f 9965 10009 9921
f 10009 9966 9921
f 9966 10010 9967
f 10010 10011 9967
f 9967 10011 9968
f 10011 10012 9968
f 9968 10012 9969
f 10012 10013 9969
f 9969 10013 9970
f 10013 10014 9970
f 9970 10014 9971
f 10014 10015 9971
f 9971 10015 9972
f 10015 10016 9972
f 9972 10016 9973
f 10016 10017 9973
f 9973 10017 9974
f 10017 10018 9974
f 9974 10018 9931
f 10018 9975 9931
f 10018 10019 9975
f 10019 10020 9975
f 9975 10020 9976
f 10020 10021 9976
f 9976 10021 9977
f 10021 10022 9977
f 9977 10022 9978
f 10022 10023 9978
f 9978 10023 9979
f 10023 10024 9979
f 9979 10024 9980
f 10024 10025 9980
f 9980 10025 9981
f 10025 10026 9981
f 9981 10026 9982
f 10026 10027 9982
f 9982 10027 9983
f 10027 10028 9983
f 9983 10028 9984
f 10028 10029 9984
f 9984 10029 9985
f 10029 10030 9985
f 9985 10030 9986
f 10030 10031 9986
f 9986 10031 9987
f 10031 10032 9987
f 9987 10032 9988
f 10032 10033 9988
f 9988 10033 9989
f 10033 10034 9989
f 9989 10034 9990
f 10034 10035 9990
f 9990 10035 9991
f 10035 10036 9991
f 9991 10036 9992
f 10036 10037 9992
f 9992 10037 9993
f 10037 10038 9993
f 9993 10038 9994
f 10038 10039 9994
f 9994 10039 9995
f 10039 10040 9995
f 9995 10040 9996
f 10040 10041 9996
f 9996 10041 9997
f 10041 10042 9997
f 9997 10042 9998
f 10042 10043 9998
f 9998 10043 9999
f 10043 10044 9999
f 9999 10044 10000
f 10044 10045 10000
f 10000 10045 10001
f 10045 10046 10001
f 10001 10046 10002
f 10046 10047 10002
f 10002 10047 10003
f 10047 10048 10003
f 10003 10048 10004
f 10048 10049 10004
f 10004 10049 10005
f 10049 10050 10005
f 10005 10050 10006
f 10050 10051 10006
f 10006 10051 10007
f 10051 10052 10007
f 10007 10052 10008
f 10052 10053 10008
f 10008 10053 10009
f 10053 10054 10009
f 10009 10054 9966
f 10054 10010 9966
f 10010 10055 10011
f 10055 10056 10011
f 10011 10056 10012
f 10056 10057 10012
f 10012 10057 10013
f 10057 10058 10013
f 10013 10058 10014
f 10058 10059 10014
f 10014 10059 10015
f 10059 10060 10015
f 10015 10060 10016
f 10060 10061 10016
f 10016 10061 10017
f 10061 10062 10017
f 10017 10062 10018
f 10062 10019 10018
f 10063 10064 10019
f 10019 10064 10020
f 10064 10065 10020
f 10020 10065 10021
f 10065 10066 10021
f 10021 10066 10022
f 10066 10067 10022
f 10022 10067 10023
f 10067 10068 10023
f 10068 10069 10023
f 10023 10069 10024
f 10069 10070 10024
f 10024 10070 10025
f 10070 10071 10025
f 10025 10071 10026
f 10071 10072 10026
f 10026 10072 10027
f 10072 10073 10027
f 10027 10073 10028
f 10073 10074 10028
f 10028 10074 10029
f 10074 10075 10029
f 10029 10075 10030
f 10075 10076 10030
f 10030 10076 10031
f 10076 10077 10031
f 10031 10077 10032
f 10077 10078 10032
f 10032 10078 10033
f 10078 10079 10033
f 10033 10079 10034
f 10079 10080 10034
f 10034 10080 10035
f 10080 10081 10035
f 10081 10082 10035
f 10035 10082 10036
f 10082 10083 10036
f 10036 10083 10037
f 10083 10084 10037
f 10037 10084 10038
f 10084 10085 10038
f 10038 10085 10039
f 10085 10086 10039
f 10039 10086 10040
f 10086 10087 10040
f 10040 10087 10041
f 10087 10088 10041
f 10088 10089 10041
f 10041 10089 10042
f 10089 10043 10042
f 10043 10090 10044
f 10090 10091 10044
f 10044 10091 10045
f 10091 10092 10045
f 10045 10092 10046
f 10092 10093 10046
f 10046 10093 10047
f 10093 10094 10047
f 10047 10094 10048
f 10094 10095 10048
f 10048 10095 10049
f 10095 10096 10049
f 10049 10096 10050
f 10096 10097 10050
f 10050 10097 10051
f 10097 10098 10051
f 10051 10098 10052
f 10098 10099 10052
f 10052 10099 10053
f 10099 10100 10053
f 10053 10100 10054
f 10100 10101 10054
f 10054 10101 10010
f 10101 10055 10010
f 10055 10102 10056
f 10102 10103 10056
f 10056 10103 10057
f 10103 10104 10057
f 10057 10104 10058
f 10104 10105 10058
f 10058 10105 10059
f 10105 10106 10059
f 10059 10106 10060
f 10106 10107 10060
f 10060 10107 10061
f 10107 10108 10061
f 10061 10108 10062
f 10108 10109 10062
f 10062 10109 10019
f 10109 10063 10019
f 10109 5856 10063
f 5856 5852 10063
f 10063 5852 10064
f 5852 5851 10064
f 5851 5850 10064
f 10064 5850 10065
f 5850 5849 10065
f 10065 5849 10066
f 5849 5848 10066
f 5848 5847 10066
f 10066 5847 10067
f 5847 5846 10067
f 10067 5846 10068
f 5846 5845 10068
f 10068 5845 10069
f 5845 9863 10069
f 10069 9863 10070
f 9863 10110 10070
f 10070 10110 10071
f 10110 10111 10071
f 10071 10111 10072
f 10111 10112 10072
f 10072 10112 10073
f 10112 10113 10073
f 10073 10113 10074
f 10113 10114 10074
f 10074 10114 10075
f 10114 10115 10075
f 10075 10115 10076
f 10115 10116 10076
f 10076 10116 10077
f 10116 10117 10077
f 10077 10117 10078
f 10117 10118 10078
f 10078 10118 10079
f 10118 10119 10079
f 10079 10119 10080
f 10119 10120 10080
f 10080 10120 10081
f 10120 10121 10081
f 10081 10121 10082
f 10121 10122 10082
f 10082 10122 10083
f 10122 10123 10083
f 10083 10123 10084
f 10123 10124 10084
f 10124 10125 10084
f 10084 10125 10085
f 10125 10126 10085
f 10085 10126 10086
f 10126 10127 10086
f 10127 10128 10086
f 10086 10128 10087
f 10128 10129 10087
f 10087 10129 10088
f 10129 10130 10088
f 10088 10130 10089
f 10130 10131 10089
f 10131 10132 10089
f 10089 10132 10043
f 10132 10133 10043
f 10043 10133 10090
f 10133 10134 10090
f 10090 10134 10091
f 10134 10135 10091
f 10091 10135 10092
f 10135 7801 10092
f 10092 7801 10093
f 7801 9864 10093
f 9864 10136 10093
f 10093 10136 10094
f 10094 10137 10095
f 10095 10137 10096
f 10137 10138 10096
f 10096 10138 10097
f 10138 10139 10097
f 10097 10139 10098
f 10139 10140 10098
f 10098 10140 10099
f 10140 10141 10099
f 10099 10141 10100
f 10141 10142 10100
f 10100 10142 10101
f 10142 10143 10101
f 10101 10143 10055
f 10143 10102 10055
f 10102 5863 10103
f 5863 5862 10103
f 10103 5862 10104
f 5862 5861 10104
f 10104 5861 10105
f 5861 5860 10105
f 10105 5860 10106
f 5860 5859 10106
f 10106 5859 10107
f 5859 5858 10107
f 5858 5857 10107
f 10107 5857 10108
f 5857 5854 10108
f 5854 5853 10108
f 10108 5853 10109
f 5853 5856 10109
f 7800 9887 9864
f 9887 10136 9864
f 10136 10144 10094
f 10144 10145 10094
f 10094 10145 10137
f 10145 10146 10137
f 10137 10146 10138
f 10146 10147 10138
f 10147 10148 10138
f 10138 10148 10139
f 10148 10149 10139
f 10139 10149 10140
f 10149 10150 10140
f 10140 10150 10141
f 10150 10151 10141
f 10141 10151 10142
f 10151 10152 10142
f 10142 10152 10143
f 10152 10153 10143
f 10143 10153 10102
f 10153 5942 10102
f 10102 5942 5863
f 9862 10154 9863
f 10154 10110 9863
f 10110 10155 10111
f 10155 10156 10111
f 10111 10156 10112
f 10156 10157 10112
f 10112 10157 10113
f 10157 10158 10113
f 10113 10158 10114
f 10158 10159 10114
f 10114 10159 10115
f 10159 10160 10115
f 10115 10160 10116
f 10160 10161 10116
f 10116 10161 10117
f 10161 10162 10117
f 10117 10162 10118
f 10162 10163 10118
f 10118 10163 10119
f 10163 10164 10119
f 10119 10164 10120
f 7795 9886 9887
f 9886 10165 9887
f 9887 10165 10136
f 10165 10144 10136
f 10144 10166 10145
f 10166 10167 10145
f 10145 10167 10146
f 10167 10168 10146
f 10168 10147 10146
f 10147 10169 10148
f 10169 10170 10148
f 10148 10170 10149
f 10170 10171 10149
f 10171 10172 10149
f 10149 10172 10150
f 10172 10173 10150
f 10150 10173 10151
f 10152 10174 10153
f 10174 10175 10153
f 10175 5943 10153
f 10153 5943 5942
f 10176 10154 9862
f 10154 10177 10110
f 10177 10178 10110
f 10110 10178 10155
f 10178 10179 10155
f 10155 10179 10156
f 10157 10180 10158
f 10180 10181 10158
f 10158 10181 10159
f 10159 10182 10160
f 10182 10161 10160
f 10161 10183 10162
f 10183 10184 10162
f 10162 10184 10163
f 10184 10185 10163
f 10185 10164 10163
f 7792 10186 9886
f 9886 10186 10165
f 10186 10187 10165
f 10165 10187 10144
f 10187 10166 10144
f 10168 10188 10147
f 10188 10169 10147
f 10169 10189 10170
f 10189 10171 10170
f 10172 10190 10173
f 10190 10191 10173
f 10173 10191 10151
f 10151 10191 10152
f 10191 10174 10152
f 10174 10192 10175
f 10192 5948 10175
f 10175 5948 5943
f 10193 10194 10176
f 10176 10194 10154
f 10154 10194 10177
f 10194 10178 10177
f 10178 10195 10179
f 10195 10196 10179
f 10179 10196 10156
f 10156 10196 10157
f 10196 10180 10157
f 10181 10197 10159
f 10197 10182 10159
f 10182 10198 10161
f 10161 10198 10183
f 10198 10199 10183
f 10183 10199 10184
f 10199 10200 10184
f 10200 10201 10184
f 10184 10201 10185
f 7792 7797 10186
f 7797 10202 10186
f 10186 10202 10187
f 10187 10203 10166
f 10166 10203 10167
f 10167 10203 10168
f 10203 10188 10168
f 10188 10204 10169
f 10204 10189 10169
f 10189 10205 10171
f 10171 10205 10172
f 10205 10190 10172
f 10190 10206 10191
f 10206 10207 10191
f 10191 10207 10174
f 10207 10192 10174
f 10192 5944 5948
f 10208 10209 10193
f 10193 10209 10194
f 10209 10210 10194
f 10194 10210 10178
f 10210 10195 10178
f 10195 10211 10196
f 10211 10212 10196
f 10196 10212 10180
f 10212 10213 10180
f 10180 10213 10181
f 10213 10197 10181
f 10197 10214 10182
f 10182 10214 10198
f 10214 10215 10198
f 10198 10215 10199
f 10215 10200 10199
f 10200 10216 10201
f 7796 10217 7797
f 7797 10217 10202
f 10217 10218 10202
f 10202 10218 10187
f 10218 10219 10187
f 10187 10219 10203
f 10219 10220 10203
f 10203 10220 10188
f 10220 10204 10188
f 10204 10221 10189
f 10189 10221 10205
f 10221 10222 10205
f 10205 10222 10190
f 10222 10223 10190
f 10190 10223 10206
f 10223 10224 10206
f 10206 10224 10207
f 10224 10225 10207
f 10207 10225 10192
f 10192 10225 5944
f 10225 5945 5944
f 9087 10226 10208
f 10226 10209 10208
f 10209 10227 10210
f 10227 10228 10210
f 10210 10228 10195
f 10228 10229 10195
f 10195 10229 10211
f 10229 10230 10211
f 10211 10230 10212
f 10230 10231 10212
f 10212 10231 10213
f 10231 10232 10213
f 10213 10232 10197
f 10232 10233 10197
f 10197 10233 10214
f 10233 10234 10214
f 10214 10234 10215
f 10234 10235 10215
f 10215 10235 10200
f 10235 9865 10200
f 10200 9865 10216
f 9865 9867 10216
f 7796 9885 10217
f 9885 10236 10217
f 10217 10236 10218
f 10236 10237 10218
f 10218 10237 10219
f 10237 10238 10219
f 10219 10238 10220
f 10238 10239 10220
f 10220 10239 10204
f 10239 10240 10204
f 10204 10240 10221
f 10240 10241 10221
f 10221 10241 10222
f 10241 10242 10222
f 10222 10242 10223
f 10242 10243 10223
f 10223 10243 10224
f 10243 10244 10224
f 10224 10244 10225
f 10244 9851 10225
f 9851 5945 10225
f 9861 10226 9087
f 10226 10245 10209
f 10209 10245 10227
f 10245 10246 10227
f 10227 10246 10228
f 10246 10247 10228
f 10228 10247 10229
f 10247 10248 10229
f 10229 10248 10230
f 10248 10249 10230
f 10230 10249 10231
f 10249 10250 10231
f 10231 10250 10232
f 10250 10251 10232
f 10232 10251 10233
f 10251 10252 10233
f 10233 10252 10234
f 10252 10253 10234
f 10234 10253 10235
f 10253 10254 10235
f 10254 9868 10235
f 10235 9868 9865
f 9868 9866 9865
f 9075 10255 9076
f 10255 10256 9076
f 9076 10256 9078
f 10256 10257 9078
f 9078 10257 9857
f 10257 9858 9857
f 9857 9858 9082
f 9858 10258 9084
f 9084 10258 9859
f 10258 9860 9859
f 9861 10259 10226
f 10226 10259 10245
f 10259 10260 10245
f 10245 10260 10246
f 10260 10261 10246
f 10246 10261 10247
f 10261 10262 10247
f 10247 10262 10248
f 10262 10263 10248
f 10248 10263 10249
f 10263 10264 10249
f 10249 10264 10250
f 10264 10265 10250
f 10250 10265 10251
f 10265 10266 10251
f 10251 10266 10252
f 10266 10267 10252
f 10252 10267 10253
f 10267 10268 10253
f 10253 10268 10254
f 10254 10269 9868
f 9868 10269 9870
f 10269 9871 9870
f 9871 10270 9873
f 9873 10270 10271
f 10270 10272 10271
f 10271 10272 10273
f 10272 10274 10273
f 10273 10274 10275
f 10275 10274 9874
f 10274 9875 9874
f 9875 10276 9877
f 9877 10276 10277
f 10276 10278 10277
f 10277 10278 10279
f 10279 10278 10280
f 10278 10281 10280
f 10280 10281 9878
f 10281 9879 9878
f 9879 10282 9881
f 10282 9882 9881
f 9882 10283 9884
f 9884 10283 9885
f 10283 10284 9885
f 10284 10285 9885
f 9885 10285 10236
f 10285 10286 10236
f 10236 10286 10237
f 10286 10287 10237
f 10237 10287 10238
f 10287 10288 10238
f 10238 10288 10239
f 10288 10289 10239
f 10239 10289 10240
f 10289 10290 10240
f 10240 10290 10241
f 10290 10291 10241
f 10241 10291 10242
f 10291 10292 10242
f 10242 10292 10243
f 10292 10293 10243
f 10243 10293 10244
f 10293 10294 10244
f 10244 10294 9851
f 10294 10295 9851
f 10295 9852 9851
f 9852 10296 9853
f 9853 10296 9854
f 10296 9855 9854
f 9855 10297 9073
f 9073 10297 9066
f 9066 10297 9067
f 10297 9856 9067
f 9856 10255 9075
f 10255 10298 10256
f 10298 10257 10256
f 10257 10299 9858
f 10299 10300 9858
f 9858 10300 10258
f 10300 10301 10258
f 10258 10301 9860
f 9860 10301 9861
f 10301 10302 9861
f 9861 10302 10259
f 10302 10303 10259
f 10259 10303 10260
f 10303 10304 10260
f 10260 10304 10261
f 10304 10305 10261
f 10261 10305 10262
f 10305 10306 10262
f 10262 10306 10263
f 10306 10307 10263
f 10263 10307 10264
f 10307 10308 10264
f 10264 10308 10265
f 10308 10309 10265
f 10265 10309 10266
f 10309 10310 10266
f 10266 10310 10267
f 10310 10311 10267
f 10267 10311 10268
f 10311 10312 10268
f 10268 10312 10254
f 10312 10313 10254
f 10254 10313 10269
f 10313 10314 10269
f 10269 10314 9871
f 10314 10315 9871
f 9871 10315 10270
f 10315 10316 10270
f 10270 10316 10272
f 10316 10317 10272
f 10272 10317 10274
f 10317 10318 10274
f 10274 10318 9875
f 10318 10319 9875
f 9875 10319 10276
f 10319 10320 10276
f 10276 10320 10278
f 10320 10321 10278
f 10278 10321 10281
f 10321 10322 10281
f 10281 10322 9879
f 10322 10282 9879
f 10282 10323 9882
f 9882 10323 10283
f 10323 10324 10283
f 10283 10324 10284
f 10284 10325 10285
f 10285 10325 10286
f 10325 10326 10286
f 10286 10326 10287
f 10326 10327 10287
f 10287 10327 10288
f 10327 10328 10288
f 10288 10328 10289
f 10328 10329 10289
f 10289 10329 10290
f 10329 10330 10290
f 10290 10330 10291
f 10330 10331 10291
f 10291 10331 10292
f 10331 10332 10292
f 10292 10332 10293
f 10332 10333 10293
f 10293 10333 10294
f 10333 10334 10294
f 10294 10334 10295
f 10295 10334 9852
f 10334 10335 9852
f 9852 10335 10296
f 10335 10336 10296
f 10296 10336 9855
f 10336 10337 9855
f 9855 10337 10297
f 10337 10338 10297
f 10297 10338 9856
f 10338 10339 9856
f 9856 10339 10255
f 10339 10298 10255
f 10339 10340 10298
f 10340 10341 10298
f 10298 10341 10257
f 10341 10342 10257
f 10257 10342 10299
f 10342 10343 10299
f 10299 10343 10300
f 10343 10344 10300
f 10300 10344 10301
f 10344 10345 10301
f 10301 10345 10302
f 10345 10346 10302
f 10302 10346 10303
f 10346 10347 10303
f 10303 10347 10304
f 10347 10348 10304
f 10304 10348 10305
f 10348 10349 10305
f 10305 10349 10306
f 10349 10350 10306
f 10306 10350 10307
f 10350 10351 10307
f 10307 10351 10308
f 10351 10352 10308
f 10308 10352 10309
f 10352 10353 10309
f 10309 10353 10310
f 10353 10354 10310
f 10310 10354 10311
f 10354 10355 10311
f 10311 10355 10312
f 10355 10356 10312
f 10312 10356 10313
f 10356 10357 10313
f 10313 10357 10314
f 10357 10358 10314
f 10314 10358 10315
f 10358 10359 10315
f 10315 10359 10316
f 10359 10360 10316
f 10316 10360 10317
f 10360 10361 10317
f 10317 10361 10318
f 10361 10362 10318
f 10318 10362 10319
f 10362 10363 10319
f 10319 10363 10320
f 10363 10364 10320
f 10320 10364 10321
f 10364 10365 10321
f 10321 10365 10322
f 10365 10366 10322
f 10322 10366 10282
f 10366 10367 10282
f 10282 10367 10323
f 10367 10368 10323
f 10323 10368 10324
f 10368 10369 10324
f 10324 10369 10284
f 10369 10370 10284
f 10284 10370 10325
f 10370 10371 10325
f 10325 10371 10326
f 10371 10372 10326
f 10326 10372 10327
f 10372 10373 10327
f 10327 10373 10328
f 10373 10374 10328
f 10328 10374 10329
f 10374 10375 10329
f 10329 10375 10330
f 10375 10376 10330
f 10330 10376 10331
f 10376 10377 10331
f 10331 10377 10332
f 10377 10378 10332
f 10332 10378 10333
f 10378 10379 10333
f 10333 10379 10334
f 10379 10380 10334
f 10334 10380 10335
f 10380 10381 10335
f 10335 10381 10336
f 10381 10382 10336
f 10336 10382 10337
f 10382 10383 10337
f 10337 10383 10338
f 10383 10384 10338
f 10338 10384 10339
f 10384 10340 10339
f 10384 10385 10340
f 10385 10386 10340
f 10340 10386 10341
f 10386 10387 10341
f 10341 10387 10342
f 10387 10388 10342
f 10342 10388 10343
f 10388 10389 10343
f 10343 10389 10344
f 10389 10390 10344
f 10344 10390 10345
f 10390 10391 10345
f 10345 10391 10346
f 10391 10392 10346
f 10346 10392 10347
f 10392 10393 10347
f 10347 10393 10348
f 10393 9788 10348
f 10348 9788 10349
f 9788 10394 10349
f 10349 10394 10350
f 10394 10395 10350
f 10350 10395 10351
f 10395 10396 10351
f 10351 10396 10352
f 10396 10397 10352
f 10352 10397 10353
f 10397 10398 10353
f 10353 10398 10354
f 10398 10399 10354
f 10354 10399 10355
f 10399 10400 10355
f 10355 10400 10356
f 10400 10401 10356
f 10356 10401 10357
f 10401 10402 10357
f 10357 10402 10358
f 10402 10403 10358
f 10358 10403 10359
f 10403 10404 10359
f 10359 10404 10360
f 10404 10405 10360
f 10360 10405 10361
f 10405 9780 10361
f 10361 9780 10362
f 9780 10406 10362
f 10362 10406 10363
f 10406 10407 10363
f 10363 10407 10364
f 10407 10408 10364
f 10364 10408 10365
f 10408 10409 10365
f 10365 10409 10366
f 10409 10410 10366
f 10366 10410 10367
f 10410 10411 10367
f 10367 10411 10368
f 10411 10412 10368
f 10368 10412 10369
f 10412 10413 10369
f 10369 10413 10370
f 10413 10414 10370
f 10370 10414 10371
f 10414 9805 10371
f 10371 9805 10372
f 10372 10415 10373
f 10373 10415 10374
f 10415 10416 10374
f 10374 10416 10375
f 10416 10417 10375
f 10375 10417 10376
f 10417 10418 10376
f 10376 10418 10377
f 10418 10419 10377
f 10377 10419 10378
f 10419 10420 10378
f 10378 10420 10379
f 10420 10421 10379
f 10379 10421 10380
f 10421 10422 10380
f 10380 10422 10381
f 10422 10423 10381
f 10381 10423 10382
f 10423 10424 10382
f 10382 10424 10383
f 10424 9798 10383
f 9798 10425 10383
f 10383 10425 10384
f 10425 10385 10384
f 10385 9795 10386
f 9795 9794 10386
f 10386 9794 10387
f 9794 9793 10387
f 10387 9793 10388
f 9793 9792 10388
f 10388 9792 10389
f 9792 9791 10389
f 10389 9791 10390
f 9791 9790 10390
f 10390 9790 10391
f 9790 9789 10391
f 10391 9789 10392
f 9789 5072 10392
f 5072 5071 10392
f 10392 5071 10393
f 5071 9788 10393
f 9788 5069 10394
f 5069 5068 10394
f 10394 5068 10395
f 5068 9778 10395
f 10395 9778 10396
f 9778 9787 10396
f 10396 9787 10397
f 9787 9786 10397
f 10397 9786 10398
f 9786 5062 10398
f 10398 5062 10399
f 5062 9785 10399
f 10399 9785 10400
f 9785 5025 10400
f 10400 5025 10401
f 5025 9784 10401
f 10401 9784 10402
f 9784 9783 10402
f 10402 9783 10403
f 9783 9782 10403
f 10403 9782 10404
f 9782 9781 10404
f 10404 9781 10405
f 9781 9779 10405
f 9779 9780 10405
f 9780 9813 10406
f 9813 9812 10406
f 10406 9812 10407
f 9812 9811 10407
f 10407 9811 10408
f 9811 9810 10408
f 10408 9810 10409
f 9810 9809 10409
f 10409 9809 10410
f 9809 5005 10410
f 10410 5005 10411
f 5005 9808 10411
f 10411 9808 10412
f 9808 9807 10412
f 10412 9807 10413
f 9807 9806 10413
f 9806 5036 10413
f 10413 5036 10414
f 5036 9805 10414
f 9805 9777 10372
f 10372 9777 10415
f 9777 9776 10415
f 10415 9776 10416
f 9776 5031 10416
f 10416 5031 10417
f 5031 9804 10417
f 10417 9804 10418
f 9804 5029 10418
f 10418 5029 10419
f 5029 9803 10419
f 10419 9803 10420
f 9803 9802 10420
f 10420 9802 10421
f 9802 9801 10421
f 10421 9801 10422
f 9801 9800 10422
f 10422 9800 10423
f 9800 9799 10423
f 10423 9799 10424
f 9799 9798 10424
f 9798 9797 10425
f 9797 9796 10425
f 10425 9796 10385
f 9796 9795 10385
f 4187 4205 9088
f 10193 10176 5844
f 5844 10176 9862
f 4205 3859 9088
f 9087 10208 9077
f 9077 10208 10193
f 5844 9862 5845
f 4101 4147 5865
f 10193 5844 9077
f 9077 5844 9089
f 5844 5867 9089
f 9089 5867 9090
f 5867 5869 9090
f 9090 5869 9088
f 5869 5865 9088
f 4147 4169 5865
f 4169 4187 5865
f 5865 4187 9088
f 10216 9867 10426
f 9867 9866 10426
f 10427 10120 10164
f 9549 9526 10428
f 10428 9526 9204
f 10427 10164 10185
f 9202 9563 10429
f 10429 9563 9549
f 10428 9204 9206
f 10426 10201 10216
f 9549 10428 10429
f 10429 10428 10430
f 10428 10431 10430
f 10430 10431 10432
f 10431 10433 10432
f 10432 10433 10426
f 10433 10427 10426
f 10426 10427 10201
f 10427 10185 10201
f 7794 7801 10135
f 10135 10134 7794
f 7794 10134 10133
f 7794 10133 10132
f 10132 10131 7794
f 10131 10130 7794
f 10128 10127 10427
f 10130 10129 7794
f 7794 10129 10128
f 10127 10126 10427
f 10126 10125 10427
f 10125 10124 10427
f 10427 10124 10123
f 10427 10123 10122
f 10122 10121 10427
f 10121 10120 10427
f 10428 9206 9454
f 9454 9407 10428
f 10428 9407 9453
f 10428 9453 9452
f 9452 9451 10428
f 9451 9450 10428
f 9495 9494 7785
f 9450 9449 10428
f 10428 9449 9495
f 9494 9493 7785
f 9493 9492 7785
f 9492 9491 7785
f 7785 9491 9490
f 7785 9490 9489
f 9489 9488 7785
f 9488 7786 7785
f 9495 7785 10428
f 7785 7805 10428
f 10428 7805 10431
f 7805 7803 10431
f 10431 7803 10433
f 7803 7794 10433
f 10433 7794 10427
f 7794 10128 10427
f 10275 9874 10426
f 9866 9869 10426
f 9869 9872 10426
f 10426 9872 9873
f 9873 10271 10426
f 10271 10273 10426
f 10273 10275 10426
f 9874 9876 10426
f 9877 10277 7798
f 7798 10277 10279
f 10279 10280 7798
f 10280 9878 7798
f 7798 9878 9880
f 7798 9880 9881
f 9881 9883 7798
f 9883 9884 7798
f 9884 7796 7798
f 9179 9180 7791
f 7790 9166 7791
f 9166 9169 7791
f 9169 9170 7791
f 7791 9170 9172
f 9172 9174 7791
f 9174 9175 7791
f 7791 9175 9177
f 9177 9176 7791
f 7791 9176 9179
f 9180 9182 7791
f 9186 9184 10429
f 9184 9188 10429
f 10429 9188 9187
f 9187 9190 10429
f 9190 9189 10429
f 9189 9192 10429
f 9192 9193 10429
f 10429 9193 9195
f 10429 9195 9196
f 9196 9198 10429
f 9198 9199 10429
f 9199 9201 10429
f 9201 9202 10429
f 9182 9186 7791
f 9186 10429 7791
f 7791 10429 7804
f 10429 10430 7804
f 7804 10430 7802
f 10430 10432 7802
f 7802 10432 7798
f 10432 10426 7798
f 7798 10426 9877
f 10426 9876 9877
f 10434 9462 9517
f 10434 9517 9539
f 9571 9208 10435
f 8839 8817 10436
f 8523 8855 10437
f 10437 8855 8839
f 8817 8525 10436
f 10436 8525 8527
f 10435 9557 9571
f 8839 10436 10437
f 10437 10436 10438
f 10436 10439 10438
f 10438 10439 10440
f 10439 10441 10440
f 10440 10441 10435
f 10441 10434 10435
f 10435 10434 9557
f 10434 9539 9557
f 7180 7185 9478
f 9478 9477 7180
f 9477 9476 7180
f 7180 9476 9475
f 7180 9475 9474
f 9474 9473 7180
f 9473 9472 7180
f 9470 9469 10434
f 9472 9471 7180
f 7180 9471 9470
f 9469 9468 10434
f 9468 9467 10434
f 9467 9466 10434
f 10434 9466 9465
f 10434 9465 9464
f 9464 9463 10434
f 9463 9462 10434
f 10436 8527 8761
f 8761 8722 10436
f 10436 8722 8760
f 10436 8760 8759
f 8759 8528 10436
f 8528 8530 10436
f 8532 8535 7188
f 8530 8534 10436
f 8534 8533 10436
f 10436 8533 8532
f 8535 8536 7188
f 8536 8785 7188
f 8785 8784 7188
f 8784 8783 7188
f 7188 8783 8782
f 7188 8782 8781
f 8781 8780 7188
f 8780 7186 7188
f 8532 7188 10436
f 7188 7193 10436
f 10436 7193 10439
f 7193 7191 10439
f 10439 7191 10441
f 7191 7180 10441
f 10441 7180 10434
f 7180 9470 10434
f 9220 9223 10435
f 9208 9210 10435
f 9210 9213 10435
f 9213 9214 10435
f 10435 9214 9216
f 9216 9218 10435
f 9218 9219 10435
f 10435 9219 9221
f 9221 9220 10435
f 9223 9227 10435
f 9225 9224 7184
f 7184 9224 9230
f 9230 9229 7184
f 9229 9231 7184
f 7184 9231 9632
f 7184 9632 9232
f 9232 9234 7184
f 9234 9236 7184
f 9236 7182 7184
f 8500 8501 7177
f 7189 8492 7177
f 8492 8494 7177
f 8494 8496 7177
f 8496 8497 7177
f 8497 8498 7177
f 7177 8498 8500
f 8501 8503 7177
f 8507 8505 10437
f 8505 8509 10437
f 10437 8509 8508
f 8508 8511 10437
f 8511 8510 10437
f 8510 8513 10437
f 8513 8514 10437
f 10437 8514 8516
f 10437 8516 8517
f 8517 8519 10437
f 8519 8520 10437
f 8520 8522 10437
f 8522 8523 10437
f 8503 8507 7177
f 8507 10437 7177
f 7177 10437 7192
f 10437 10438 7192
f 7192 10438 7190
f 10438 10440 7190
f 7190 10440 7184
f 10440 10435 7184
f 7184 10435 9225
f 10435 9227 9225
f 8848 8863 780
f 7897 7896 853
f 828 8204 816
f 816 8204 7897
f 7896 7899 853
f 853 7899 854
f 852 8807 843
f 8863 781 780
f 7897 853 816
f 816 853 830
f 853 873 830
f 830 873 832
f 873 875 832
f 832 875 780
f 875 843 780
f 8807 8829 843
f 8829 8848 843
f 843 8848 780
