# generated by mjcf2godot
v -0.0066241521 0.040006238 -0.012844356
v -0.0066636184 0.040038127 -0.013865717
v -0.006610513 0.038072741 -0.01276664
v -0.0066494639 0.038031531 -0.013785064
v 0.024734215 0.025402268 -0.014474333
v 0.023724792 0.02665192 -0.014486294
v 0.025599286 0.027532716 -0.014593628
v 0.024490413 0.028762799 -0.014600991
v 0.022555196 0.027868683 -0.014490796
v 0.02326579 0.029925035 -0.014601184
v 0.021394471 0.028894568 -0.014487915
v 0.021907813 0.03103121 -0.014594008
v 0.019978036 0.029964988 -0.014477056
v 0.020545328 0.03199341 -0.014580833
v 0.020286908 0.032162137 -0.014577776
v 0.018253324 0.031070496 -0.014455827
v 0.019071231 0.032905663 -0.014561369
v 0.026605552 0.026222417 -0.014579093
v 0.026976031 0.025681137 -0.014571359
v 0.025624145 0.024089936 -0.014455267
v 0.018346091 0.033313868 -0.014550152
v 0.016108234 0.032224849 -0.014420495
v 0.016140466 0.034422084 -0.014510638
v 0.023631002 -0.030342234 -0.012176461
v 0.024655317 -0.029141384 -0.012264229
v 0.025989711 -0.030675406 -0.01225319
v 0.024966897 -0.031841666 -0.012166879
v 0.024878209 -0.03193502 -0.01215971
v 0.022486894 -0.031477878 -0.01208675
v 0.023731967 -0.033048924 -0.012070798
v 0.021234724 -0.03253724 -0.011995991
v 0.022294343 -0.034246436 -0.011967357
v 0.019781356 -0.033589391 -0.01189783
v 0.025527241 -0.027933305 -0.012346462
v 0.026442275 -0.030098731 -0.012293835
v 0.026058081 -0.030590923 -0.012259224
v 0.02934543 0.013270676 -0.014159795
v 0.028616671 0.016732914 -0.014272021
v 0.030864227 0.015915268 -0.014324897
v 0.027852185 0.019307197 -0.01434695
v 0.030052741 0.019002127 -0.014418768
v 0.030588589 0.017084002 -0.014361647
v 0.027583824 0.024708518 -0.014555249
v 0.027884497 0.024182322 -0.014545456
v 0.026418524 0.022689826 -0.014428994
v 0.028461742 0.023071501 -0.014522585
v 0.027155535 0.021123812 -0.014393815
v 0.0041409744 -0.041829581 -0.010966209
v 0.0010310081 -0.040449067 -0.010903126
v 0.0071755819 -0.041065081 -0.011113206
v 0.0072702468 -0.038964093 -0.011201842
v 0.011762649 -0.039641889 -0.011346233
v 0.01203706 -0.037416596 -0.011446773
v 0.014688191 -0.038519299 -0.011503549
v 0.015502408 -0.035973752 -0.011637695
v 0.015847365 -0.038015502 -0.01156827
v 0.026334598 -0.026605843 -0.012431054
v 0.027385338 -0.028745068 -0.012384679
v 0.027014698 -0.02930434 -0.012347873
v 0.013621423 0.035493545 -0.01445765
v 0.013335904 0.033457821 -0.014364356
v 0.011520989 0.036265521 -0.014408554
v 0.009647436 0.0347834 -0.014276924
v 0.0072861951 0.037561395 -0.014299026
v 0.004560945 0.036194351 -0.014139479
v 0.0028158765 0.038632414 -0.014171392
v -0.0018476593 0.039469706 -0.014026909
v -0.0014234502 0.037382623 -0.013958682
v -0.0057281941 0.039953008 -0.013898051
v 0.0032125454 -0.042038432 -0.010922249
v -0.00085642462 -0.042821864 -0.010734925
v -0.0048183796 -0.041367388 -0.010642248
v -0.0060742477 -0.0435106 -0.010507493
v -0.006088402 -0.041504004 -0.010588148
v 0.021019091 -0.035166788 -0.011881342
v 0.020432345 -0.035554124 -0.011843227
v 0.018033883 -0.034668994 -0.01178731
v 0.018655677 -0.036613412 -0.011732411
v 0.016389118 -0.037766494 -0.011599065
v 0.028745206 0.022469311 -0.014509059
v 0.029256291 0.02126778 -0.014479987
v 0.02960659 0.020340136 -0.014455848
v 0.02901082 -0.025718327 -0.012569324
v 0.028809021 -0.026158367 -0.012543799
v 0.027095513 -0.02510051 -0.01252107
v 0.028238717 -0.027291799 -0.012476123
v 0.027954265 -0.027804929 -0.012444481
v 0.029578065 -0.024346031 -0.012646548
v 0.0278228 -0.023331885 -0.012620453
v 0.0297066 -0.024002547 -0.012665364
v 0.03025943 -0.022349388 -0.012753402
v 0.028516406 -0.021189157 -0.012733686
v 0.030328124 -0.022120417 -0.012765294
v 0.030211222 -0.010119139 -0.01324645
v 0.032216741 -0.010072671 -0.013325033
v 0.029735248 -0.015099821 -0.013026703
v 0.03188043 -0.014024374 -0.013152267
v 0.029163341 -0.01851933 -0.012866461
v 0.03136203 -0.01766109 -0.012985281
v 0.030697203 -0.020776207 -0.012833802
v 0.031122865 0.014663242 -0.014284126
v 0.0315913 0.011822334 -0.014187086
v 0.029989093 0.0082479808 -0.013981171
v 0.032141014 0.0064015552 -0.013988761
v 0.030402972 -6.8912918e-05 -0.013660462
v 0.032399185 7.3612421e-05 -0.013742576
v 0.030419633 -0.0015336055 -0.013601831
v 0.032418126 -0.0015225979 -0.01367871
v 0.032387229 -0.0059049821 -0.013500199
v 0.0092292651 0.035580108 0.021419277
v 0.0092202834 0.03685334 0.0213681
v 0.0087756909 0.036382958 0.009743638
v -0.0066701188 0.036723648 -0.035320843
v -0.0066584029 0.036856538 -0.034997269
v -0.0066720533 0.036806788 -0.035359244
v -0.0066609839 0.036967397 -0.035048466
v -0.0066742419 0.036886259 -0.035404738
v -0.0066639009 0.037073365 -0.035109124
v -0.0066766652 0.036961463 -0.03545698
v -0.0066671329 0.037173632 -0.035178782
v -0.0066793066 0.03703182 -0.035515575
v -0.0066706551 0.037267445 -0.035256907
v -0.0066821474 0.0370968 -0.035580075
v -0.0066744396 0.037354082 -0.035342914
v -0.0066851627 0.037155904 -0.035649993
v -0.0066784595 0.037432887 -0.03543613
v -0.0066883296 0.037208688 -0.035724789
v -0.0066826842 0.037503259 -0.035535867
v -0.006691627 0.037254739 -0.035803903
v -0.0066870808 0.037564667 -0.035641345
v -0.0066950276 0.03729372 -0.035886727
v -0.0066916155 0.037616639 -0.035751778
v -0.0066985062 0.037325324 -0.035972633
v -0.0066962529 0.03765878 -0.035866321
v -0.0067020369 0.037349317 -0.036060966
v -0.0067009597 0.037690769 -0.035984094
v -0.0067055926 0.037365514 -0.03615105
v -0.0067057003 0.037712365 -0.036104211
v -0.0067091446 0.03737379 -0.036242212
v -0.0067104368 0.037723401 -0.036225754
v -0.0067126664 0.037374087 -0.036333739
v -0.006715133 0.037723794 -0.036347799
v -0.0067161327 0.037366396 -0.036424956
v -0.0067197558 0.037713539 -0.036469415
v -0.0067195165 0.03735078 -0.036515147
v -0.0067242669 0.03769272 -0.036589677
v -0.0067227913 0.037327357 -0.036603645
v -0.0067286339 0.037661491 -0.036707669
v -0.0067259347 0.037296307 -0.036689763
v -0.0067328228 0.037620089 -0.036822498
v -0.0067289196 0.037257863 -0.036772853
v -0.0067368037 0.03756883 -0.036933279
v -0.0067317239 0.037212317 -0.036852281
v -0.006740543 0.037508105 -0.037039181
v -0.0067343277 0.037160024 -0.036927438
v -0.006744013 0.037438376 -0.037139395
v -0.0067367096 0.037101369 -0.036997757
v -0.006747189 0.037360173 -0.037233154
v -0.0067388522 0.037036807 -0.037062701
v -0.0067500472 0.037274089 -0.037319749
v -0.0067407396 0.036966827 -0.037121779
v -0.0067525628 0.037180784 -0.037398518
v -0.0067423553 0.036891963 -0.037174539
v -0.0067547187 0.037080965 -0.03746886
v -0.0067436918 0.036812782 -0.037220577
v -0.0067564998 0.036975395 -0.037530247
v -0.0067447335 0.036729894 -0.037259544
v -0.0067578889 0.036864868 -0.0375822
v -0.0067454756 0.036643921 -0.037291144
v -0.0067588798 0.036750237 -0.037624338
v -0.0067459119 0.036555515 -0.037315138
v -0.0067594601 0.036632367 -0.037656326
v -0.0067460378 0.036465361 -0.037331342
v -0.0067596298 0.036512159 -0.037677931
v -0.0067458539 0.036374133 -0.037339636
v -0.0067593849 0.036390527 -0.037688987
v -0.006745363 0.036282539 -0.037339947
v -0.0067587279 0.036268398 -0.037689408
v -0.0067445658 0.036191258 -0.037332283
v -0.0067576652 0.036146694 -0.037679188
v -0.0067434674 0.036101003 -0.037316696
v -0.0067562019 0.03602635 -0.037658404
v -0.0067420807 0.036012447 -0.037293311
v -0.0067543517 0.035908278 -0.037627224
v -0.0067404127 0.035926274 -0.037262301
v -0.0067521283 0.035793376 -0.037585878
v -0.0067384783 0.035843134 -0.037223899
v -0.0067495495 0.035682521 -0.037534678
v -0.0067362893 0.035763656 -0.037178409
v -0.0067466325 0.035576558 -0.03747402
v -0.0067338663 0.035688455 -0.037126164
v -0.0067433986 0.035476287 -0.037404361
v -0.0067312248 0.035618095 -0.037067568
v -0.0067398767 0.035382474 -0.037326232
v -0.0067283863 0.035553119 -0.037003065
v -0.0067360916 0.035295837 -0.037240233
v -0.0067253707 0.035494015 -0.036933151
v -0.0067320721 0.035217032 -0.037147013
v -0.006722202 0.035441234 -0.036858355
v -0.006727847 0.035146659 -0.03704728
v -0.0067189045 0.035395176 -0.036779241
v -0.006723451 0.035085252 -0.036941795
v -0.0067155039 0.035356199 -0.036696417
v -0.0067189161 0.03503328 -0.036831365
v -0.0067120254 0.035324595 -0.036610511
v -0.0067142783 0.034991138 -0.036716826
v -0.0067084946 0.035300602 -0.036522177
v -0.0067095718 0.03495915 -0.03659905
v -0.006704941 0.035284405 -0.03643209
v -0.0067048313 0.034937553 -0.036478932
v -0.0067013884 0.035276129 -0.036340935
v -0.0067000947 0.034926514 -0.036357389
v -0.0066978654 0.035275835 -0.036249401
v -0.0066953985 0.034926124 -0.036235345
v -0.0066943985 0.035283522 -0.036158191
v -0.0066907757 0.034936376 -0.036113729
v -0.0066910153 0.035299139 -0.036067993
v -0.0066862646 0.034957199 -0.035993466
v -0.0066877402 0.035322561 -0.035979498
v -0.0066818976 0.034988428 -0.035875475
v -0.0066845968 0.035353612 -0.03589338
v -0.0066777084 0.03502983 -0.03576065
v -0.0066816137 0.035392055 -0.03581029
v -0.0066737278 0.035081089 -0.035649864
v -0.0066788076 0.035437598 -0.035730862
v -0.0066699888 0.035141814 -0.035543959
v -0.006676206 0.035489899 -0.035655702
v -0.0066665182 0.035211543 -0.035443752
v -0.0066738237 0.035548549 -0.035585386
v -0.0066633425 0.035289746 -0.03534999
v -0.0066716797 0.035613112 -0.035520438
v -0.0066604858 0.035375829 -0.035263398
v -0.0066697937 0.035683087 -0.035461364
v -0.0066579687 0.035469135 -0.035184626
v -0.0066681762 0.035757956 -0.035408604
v -0.0066558129 0.035568954 -0.035114284
v -0.0066668416 0.035837133 -0.035362566
v -0.0066540318 0.035674528 -0.035052897
v -0.006665798 0.035920028 -0.035323599
v -0.0066526426 0.03578505 -0.035000943
v -0.0066650562 0.036006002 -0.035291996
v -0.0066516532 0.035899678 -0.034958809
v -0.0066646196 0.036094403 -0.035268005
v -0.0066510717 0.036017548 -0.034926813
v -0.0066644938 0.036184558 -0.035251801
v -0.006650902 0.036137756 -0.034905208
v -0.0066646775 0.036275782 -0.035243507
v -0.0066511484 0.036259391 -0.034894156
v -0.0066651704 0.036367383 -0.035243197
v -0.0066518036 0.036381524 -0.034893736
v -0.0066659675 0.036458657 -0.03525086
v -0.0066528679 0.036503225 -0.034903959
v -0.0066670641 0.036548916 -0.035266447
v -0.0066543299 0.036623565 -0.034924735
v -0.0066684509 0.036637471 -0.035289833
v -0.0066561798 0.036741637 -0.03495592
v -0.0034591185 0.0027516271 0.064096145
v -0.0026597213 0.0027560301 0.064065393
v -0.0034544214 0.002751234 0.06421819
v -0.0026550242 0.0027556371 0.064187438
v -0.0034496849 0.0027401978 0.064339733
v -0.0026502876 0.0027446009 0.064308981
v -0.0034449453 0.0027186027 0.06445985
v -0.002645548 0.0027230057 0.064429098
v -0.0034402378 0.0026866128 0.064577626
v -0.0026408415 0.0026910158 0.064546874
v -0.0034356001 0.0026444716 0.064692165
v -0.0026362028 0.0026488747 0.064661414
v -0.0034310654 0.0025925002 0.064802599
v -0.0026316679 0.0025969032 0.064771843
v -0.0034266692 0.0025310937 0.06490808
v -0.0026272719 0.0025354968 0.064877328
v -0.003422445 0.0024607198 0.065007813
v -0.0026230487 0.0024651228 0.064977061
v -0.0034184245 0.0023819137 0.065101033
v -0.0026190282 0.0023863168 0.065070281
v -0.0034146397 0.0022952755 0.065187036
v -0.0026152421 0.0022996784 0.065156281
v -0.0034111175 0.0022014643 0.065265161
v -0.0026117203 0.0022058673 0.06523441
v -0.0034078845 0.0021011942 0.06533482
v -0.0026084882 0.0021055973 0.065304068
v -0.0034049676 0.0019952284 0.065395478
v -0.0026055713 0.0019996314 0.065364726
v -0.0034023878 0.0018843733 0.065446679
v -0.0026029906 0.0018887764 0.065415927
v -0.0034001644 0.0017694723 0.065488024
v -0.0026007672 0.0017738754 0.065457272
v -0.0033983142 0.0016514002 0.065519204
v -0.002598917 0.0016558033 0.065488453
v -0.0033968519 0.0015310558 0.065539988
v -0.0025974556 0.0015354588 0.065509237
v -0.0033957882 0.0014093544 0.065550208
v -0.0025963919 0.0014137575 0.065519456
v -0.0033951324 0.0012872227 0.065549791
v -0.0025957349 0.0012916256 0.065519036
v -0.0033948873 0.0011655897 0.065538732
v -0.00259549 0.0011699927 0.06550798
v -0.0033950563 0.0010453817 0.06551713
v -0.0025956597 0.0010497847 0.065486375
v -0.0033956382 0.00092751324 0.065485138
v -0.002596241 0.00093191631 0.065454386
v -0.0033966272 0.00081288129 0.065443001
v -0.0025972309 0.00081728432 0.065412249
v -0.0033980173 0.00070235861 0.065391047
v -0.002598621 0.0007067617 0.065360295
v -0.0033997975 0.00059678587 0.06532966
v -0.0026004002 0.00060118897 0.065298908
v -0.0034019533 0.00049696699 0.065259318
v -0.002602557 0.00050137002 0.065228566
v -0.0034044698 0.00040366138 0.06518055
v -0.0026050726 0.00040806448 0.065149798
v -0.0034073271 0.00031757917 0.065093954
v -0.0026079299 0.00032198215 0.065063202
v -0.0034105031 0.00023937559 0.065000195
v -0.0026111059 0.00024377869 0.064969443
v -0.0034139743 0.00016964588 0.064899985
v -0.0026145768 0.00017404871 0.064869229
v -0.0034177133 0.00010892032 0.06479408
v -0.002618317 0.0001133234 0.064763328
v -0.0034216933 5.7661787e-05 0.064683298
v -0.0026222961 6.2064883e-05 0.064652546
v -0.0034258822 1.6259546e-05 0.064568469
v -0.002626485 2.0662642e-05 0.064537717
v -0.0034302492 -1.4970547e-05 0.064450477
v -0.0026308529 -1.0567577e-05 0.064419726
v -0.0034347612 -3.579133e-05 0.064330215
v -0.0026353637 -3.1388381e-05 0.06429946
v -0.0034393831 -4.6044048e-05 0.064208599
v -0.0026399859 -4.1640952e-05 0.064177847
v -0.0034440802 -4.5650998e-05 0.064086554
v -0.002644683 -4.1247902e-05 0.064055802
v -0.0034488168 -3.4614813e-05 0.063965011
v -0.0026494196 -3.0211717e-05 0.063934259
v -0.0034535564 -1.301965e-05 0.063844894
v -0.0026541591 -8.6165544e-06 0.063814142
v -0.0034582632 1.8970458e-05 0.063727121
v -0.002658866 2.3373554e-05 0.06369637
v -0.0034629016 6.1111336e-05 0.063612578
v -0.0026635044 6.5514432e-05 0.063581827
v -0.0034674362 0.00011308277 0.063502145
v -0.002668039 0.00011748587 0.063471394
v -0.0034718319 0.00017448953 0.063396668
v -0.0026724356 0.0001788925 0.063365916
v -0.0034760566 0.00024486328 0.063296931
v -0.0026766594 0.00024926638 0.063266179
v -0.0034800765 0.00032366959 0.063203714
v -0.0026806793 0.00032807257 0.063172963
v -0.0034838619 0.00041030755 0.063117708
v -0.0026844647 0.00041471059 0.063086956
v -0.0034873841 0.00050411879 0.063039583
v -0.0026879878 0.00050852187 0.063008831
v -0.0034906162 0.00060438884 0.062969924
v -0.0026912199 0.00060879192 0.062939172
v -0.0034935331 0.00071035468 0.062909266
v -0.0026941368 0.00071475777 0.062878514
v -0.0034961132 0.00082120994 0.062858069
v -0.0026967169 0.000825613 0.062827317
v -0.0034983372 0.0009361107 0.06281672
v -0.00269894 0.00094051377 0.062785968
v -0.0035001874 0.0010541828 0.062785539
v -0.0027007898 0.0010585858 0.062754784
v -0.0035016492 0.0011745275 0.062764759
v -0.002702252 0.0011789305 0.062734008
v -0.0035027125 0.0012962286 0.062754536
v -0.0027033162 0.0013006317 0.062723784
v -0.0035033686 0.0014183605 0.062754956
v -0.0027039723 0.0014227636 0.062724205
v -0.0035036144 0.0015399934 0.062766012
v -0.0027042168 0.0015443963 0.062735257
v -0.0035034447 0.0016602015 0.062787617
v -0.0027040481 0.0016646044 0.062756862
v -0.0035028638 0.0017780699 0.06281961
v -0.0027034666 0.001782473 0.062788858
v -0.0035018745 0.0018927018 0.062861743
v -0.0027024772 0.0018971048 0.062830992
v -0.0035004844 0.0020032244 0.062913697
v -0.0027010871 0.0020076275 0.062882945
v -0.0034987042 0.0021087972 0.062975084
v -0.002699307 0.0021132003 0.062944332
v -0.0034965474 0.0022086161 0.063045426
v -0.0026971511 0.0022130191 0.063014674
v -0.0034940312 0.0023019218 0.063124198
v -0.0026946349 0.0023063248 0.063093446
v -0.0034911745 0.0023880039 0.06321079
v -0.0026917782 0.002392407 0.063180038
v -0.003487998 0.0024662077 0.063304553
v -0.0026886017 0.0024706106 0.063273801
v -0.0034845273 0.0025359372 0.063404759
v -0.0026851301 0.0025403403 0.063374007
v -0.0034807883 0.0025966627 0.063510664
v -0.0026813911 0.0026010658 0.063479913
v -0.0034768077 0.0026479215 0.06362145
v -0.0026774115 0.0026523246 0.063590698
v -0.0034726194 0.0026893236 0.063736275
v -0.0026732222 0.0026937266 0.063705523
v -0.0034682515 0.0027205537 0.063854267
v -0.0026688552 0.0027249567 0.063823515
v -0.0034637404 0.0027413743 0.063974529
v -0.0026643432 0.0027457774 0.063943777
v -0.0050812773 0.036361059 0.026740509
v -0.0051202284 0.036319848 0.025722086
v -0.0004951467 0.035695842 0.025570444
v -0.00045619566 0.035737052 0.026588867
v 0.0042640715 0.034671855 0.025429857
v 0.0043030226 0.034713065 0.026448279
v 0.0085186317 0.033406967 0.02531832
v 0.0085575827 0.033448178 0.026336742
v 0.01189798 0.032113274 0.025241421
v 0.011936931 0.032154484 0.026259843
v 0.01456143 0.030854678 0.025190481
v 0.01460038 0.030895888 0.026208904
v 0.016678514 0.029648946 0.0251583
v 0.016717465 0.029690156 0.026176723
v 0.018423483 0.028468518 0.025139328
v 0.018462433 0.028509728 0.02615775
v 0.019875561 0.027312597 0.025130564
v 0.019914512 0.027353808 0.026148988
v 0.021196383 0.026074333 0.025130154
v 0.021235334 0.026115543 0.026148577
v 0.022276077 0.024883183 0.025137059
v 0.022315028 0.024924394 0.026155483
v 0.023308319 0.023539651 0.025151946
v 0.02334727 0.023580861 0.026170368
v 0.024209093 0.022142351 0.025174035
v 0.024248044 0.022183561 0.026192459
v 0.025021163 0.020631257 0.025204123
v 0.025060113 0.020672467 0.026222545
v 0.025768179 0.018940271 0.025243977
v 0.02580713 0.018981479 0.0262624
v 0.026452639 0.017014635 0.025295719
v 0.026491591 0.017055845 0.026314142
v 0.027175512 0.014336718 0.025376433
v 0.027214463 0.014377928 0.026394855
v 0.027826332 0.010807332 0.025494356
v 0.027865282 0.010848542 0.02651278
v 0.028342349 0.0057673765 0.025678561
v 0.028381299 0.0058085866 0.026696983
v 0.028537784 4.1000739e-05 0.025902801
v 0.028576734 8.2210839e-05 0.026921225
v -0.0026572544 0.0024063212 0.064079449
v 0.0085342979 0.0024679639 0.063648921
v -0.0026537314 0.0024060266 0.064170984
v 0.0085378207 0.0024676692 0.063740456
v -0.0026501797 0.0023977492 0.064262138
v 0.008541373 0.0024593918 0.06383161
v -0.0026466243 0.0023815528 0.064352226
v 0.0085449277 0.0024431956 0.063921698
v -0.0026430945 0.0023575605 0.064440559
v 0.0085484579 0.0024192031 0.064010031
v -0.0026396159 0.0023259547 0.064526465
v 0.0085519368 0.0023875972 0.064095934
v -0.0026362144 0.0022869761 0.064609289
v 0.0085553375 0.0023486187 0.064178761
v -0.0026329179 0.0022409213 0.064688403
v 0.0085586348 0.0023025638 0.064257871
v -0.0026297501 0.0021881407 0.064763199
v 0.0085618028 0.0022497832 0.064332668
v -0.0026267344 0.0021290361 0.064833113
v 0.008564818 0.0021906787 0.064402585
v -0.002623895 0.0020640575 0.064897617
v 0.0085676573 0.0021257 0.064467085
v -0.0026212535 0.0019936992 0.064956212
v 0.0085702987 0.0020553418 0.064525684
v -0.0026188296 0.0019184967 0.065008458
v 0.008572723 0.0019801392 0.064577926
v -0.0026166416 0.0018390221 0.065053948
v 0.0085749106 0.0019006648 0.06462342
v -0.0026147071 0.0017558809 0.065092349
v 0.0085768458 0.0018175234 0.064661818
v -0.0026130392 0.0016697052 0.065123359
v 0.0085785135 0.0017313477 0.064692828
v -0.0026116515 0.0015811511 0.065146745
v 0.0085799007 0.0016427938 0.064716217
v -0.0026105549 0.0014908927 0.065162332
v 0.0085809975 0.0015525354 0.064731804
v -0.0026097577 0.0013996167 0.065169995
v 0.008581795 0.0014612593 0.064739467
v -0.0026092649 0.001308018 0.065169685
v 0.0085822877 0.0013696605 0.064739153
v -0.0026090811 0.0012167932 0.065161391
v 0.0085824709 0.0012784359 0.064730863
v -0.0026092079 0.0011266372 0.065145187
v 0.0085823442 0.0011882799 0.064714659
v -0.0026096442 0.0010382358 0.065121192
v 0.0085819082 0.0010998784 0.064690664
v -0.0026103863 0.00095226194 0.065089593
v 0.0085811661 0.0010139044 0.064659061
v -0.0026114289 0.00086936989 0.065050625
v 0.0085801237 0.00093101252 0.064620098
v -0.0026127636 0.0007901904 0.065004588
v 0.0085787887 0.00085183289 0.064574056
v -0.0026143811 0.00071532613 0.064951828
v 0.0085771714 0.00077696877 0.0645213
v -0.0026162677 0.00064534681 0.06489275
v 0.0085752843 0.00070698944 0.064462222
v -0.0026184111 0.00058078526 0.064827806
v 0.0085731413 0.0006424279 0.064397278
v -0.0026207931 0.00052213258 0.064757487
v 0.0085707594 0.00058377522 0.064326959
v -0.0026233959 0.00046983531 0.06468233
v 0.0085681563 0.00053147779 0.064251798
v -0.0026262011 0.00042429117 0.064602902
v 0.0085653516 0.00048593371 0.06417237
v -0.0026291851 0.00038584716 0.064519812
v 0.0085623668 0.00044748979 0.064089284
v -0.0026323276 0.00035479568 0.064433694
v 0.008559225 0.00041643816 0.064003162
v -0.0026356024 0.00033137281 0.064345196
v 0.0085559496 0.00039301555 0.063914668
v -0.0026389862 0.00031575753 0.064255004
v 0.008552566 0.00037740002 0.063824473
v -0.0026424525 0.00030806784 0.064163788
v 0.0085490994 0.00036971047 0.06373326
v -0.0026459758 0.00030836273 0.064072257
v 0.0085455767 0.00037000537 0.063641729
v -0.0026495281 0.00031663984 0.063981099
v 0.0085420243 0.00037828247 0.063550571
v -0.0026530829 0.00033283636 0.063891015
v 0.0085384695 0.00039447884 0.063460483
v -0.0026566136 0.00035682866 0.063802681
v 0.0085349393 0.00041847127 0.06337215
v -0.0026600922 0.00038843442 0.063716775
v 0.0085314604 0.00045007706 0.063286247
v -0.0026634928 0.00042741307 0.063633951
v 0.0085280596 0.00048905556 0.063203419
v -0.0026667903 0.00047346782 0.063554837
v 0.0085247625 0.00053511052 0.063124309
v -0.002669958 0.00052624846 0.063480041
v 0.0085215944 0.00058789116 0.063049513
v -0.0026729734 0.0005853529 0.063410123
v 0.0085185792 0.00064699554 0.062979595
v -0.0026758122 0.00065033173 0.063345624
v 0.0085157399 0.00071197437 0.062915096
v -0.0026784537 0.00072069003 0.063287028
v 0.0085130986 0.00078233251 0.062856497
v -0.0026808779 0.00079589262 0.063234786
v 0.0085106743 0.00085753532 0.062804258
v -0.0026830656 0.00087536704 0.063189293
v 0.0085084867 0.00093700953 0.062758761
v -0.002685001 0.00095850832 0.063150891
v 0.0085065514 0.001020151 0.062720363
v -0.002686669 0.001044684 0.063119881
v 0.0085048838 0.0011063266 0.062689353
v -0.0026880557 0.0011332381 0.063096496
v 0.0085034964 0.0011948806 0.062665964
v -0.0026891532 0.0012234965 0.063080909
v 0.0085023997 0.001285139 0.062650377
v -0.0026899504 0.0013147725 0.063073245
v 0.0085016023 0.001376415 0.062642714
v -0.0026904423 0.0014063712 0.063073556
v 0.0085011095 0.0014680139 0.062643028
v -0.0026906261 0.0014975959 0.06308185
v 0.0085009263 0.0015592384 0.062651318
v -0.0026904993 0.001587752 0.063098053
v 0.0085010531 0.0016493945 0.062667522
v -0.0026900636 0.0016761533 0.063122045
v 0.008501489 0.0017377959 0.062691517
v -0.0026893209 0.0017621273 0.063153648
v 0.0085022311 0.0018237699 0.06272312
v -0.0026882782 0.0018450193 0.063192615
v 0.0085032738 0.001906662 0.062762087
v -0.0026869436 0.0019241988 0.063238652
v 0.0085046085 0.0019858415 0.062808124
v -0.002685327 0.001999063 0.063291413
v 0.008506226 0.0020607056 0.062860881
v -0.0026834392 0.0020690422 0.063350487
v 0.0085081129 0.0021306848 0.062919959
v -0.002681297 0.0021336039 0.063415435
v 0.0085102559 0.0021952465 0.062984903
v -0.0026789147 0.0021922564 0.06348575
v 0.0085126378 0.0022538991 0.063055222
v -0.0026763113 0.0022445539 0.063560911
v 0.008515241 0.0023061965 0.063130383
v -0.002673507 0.002290098 0.063640339
v 0.0085180456 0.0023517406 0.063209811
v -0.0026705221 0.002328542 0.063723429
v 0.0085210304 0.0023901845 0.063292897
v -0.0026673796 0.0023595936 0.063809547
v 0.0085241723 0.0024212362 0.063379019
v -0.0026641045 0.0023830162 0.063898041
v 0.0085274475 0.0024446589 0.063467513
v -0.0026607213 0.0023986318 0.06398824
v 0.0085308313 0.0024602745 0.063557712
v -0.0033231665 0.0010332077 0.067384164
v 0.0060724662 0.00076831105 0.067309575
v 0.0056805892 0.00078426624 0.067430835
v 0.002517425 0.00090730847 0.068271285
v -0.0017042019 0.0010577738 0.069061899
v -0.003251035 0.0011095225 0.069270128
v -0.0061628961 -0.040561046 -0.033201151
v 0.0050286573 -0.040499406 -0.033631683
v -0.0061593725 -0.04056134 -0.033109624
v 0.0050321796 -0.040499695 -0.033540152
v -0.0061558205 -0.040569619 -0.033018462
v 0.0050357319 -0.040507975 -0.033448994
v -0.0061522648 -0.040585816 -0.032928378
v 0.0050392873 -0.040524172 -0.033358906
v -0.0061487359 -0.040609809 -0.032840045
v 0.0050428172 -0.040548165 -0.033270573
v -0.0061452573 -0.04064141 -0.032754139
v 0.0050462961 -0.04057977 -0.03318467
v -0.0061418549 -0.040680391 -0.032671315
v 0.0050496973 -0.040618747 -0.033101843
v -0.0061385593 -0.040726445 -0.032592201
v 0.0050529941 -0.040664805 -0.033022732
v -0.0061353906 -0.040779226 -0.032517405
v 0.0050561619 -0.040717586 -0.032947936
v -0.0061323752 -0.040838333 -0.032447487
v 0.0050591772 -0.04077669 -0.032878018
v -0.0061295364 -0.040903306 -0.032382987
v 0.0050620167 -0.040841665 -0.032813515
v -0.006126895 -0.040973666 -0.032324392
v 0.0050646581 -0.040912026 -0.03275492
v -0.0061244698 -0.04104887 -0.03227215
v 0.0050670814 -0.040987226 -0.032702678
v -0.006122283 -0.041128345 -0.032226656
v 0.0050692701 -0.041066701 -0.032657184
v -0.0061203467 -0.041211485 -0.032188255
v 0.0050712049 -0.041149845 -0.032618786
v -0.0061186806 -0.041297662 -0.032157245
v 0.0050728725 -0.041236018 -0.032587773
v -0.006117292 -0.041386217 -0.032133859
v 0.0050742601 -0.041324573 -0.032564387
v -0.0061161954 -0.041476472 -0.032118272
v 0.0050753567 -0.041414828 -0.0325488
v -0.0061153982 -0.04156775 -0.032110609
v 0.0050761539 -0.04150611 -0.032541137
v -0.0061149054 -0.041659347 -0.032110919
v 0.005076647 -0.041597704 -0.032541451
v -0.0061147216 -0.041750575 -0.032119213
v 0.0050768305 -0.041688931 -0.032549741
v -0.0061148494 -0.04184073 -0.032135417
v 0.0050767037 -0.041779086 -0.032565945
v -0.006115286 -0.041929131 -0.032159408
v 0.0050762674 -0.041867491 -0.03258994
v -0.0061160277 -0.042015105 -0.032191011
v 0.0050755257 -0.041953461 -0.032621543
v -0.0061170695 -0.042097996 -0.032229979
v 0.005074483 -0.042036352 -0.03266051
v -0.0061184041 -0.042177174 -0.032276016
v 0.0050731483 -0.042115533 -0.032706548
v -0.0061200217 -0.042252038 -0.032328776
v 0.0050715305 -0.042190398 -0.032759304
v -0.0061219094 -0.042322022 -0.03238785
v 0.0050696431 -0.042260378 -0.032818382
v -0.0061240516 -0.04238658 -0.032452798
v 0.0050675005 -0.04232494 -0.032883326
v -0.0061264339 -0.042445234 -0.032523114
v 0.0050651186 -0.042383594 -0.032953645
v -0.0061290373 -0.042497531 -0.032598274
v 0.0050625148 -0.042435887 -0.033028802
v -0.0061318416 -0.042543074 -0.032677702
v 0.0050597105 -0.042481434 -0.03310823
v -0.0061348265 -0.042581522 -0.032760792
v 0.0050567256 -0.042519878 -0.03319132
v -0.0061379681 -0.042612572 -0.03284691
v 0.0050535844 -0.042550928 -0.033277442
v -0.0061412432 -0.042635994 -0.032935405
v 0.0050503093 -0.04257435 -0.033365936
v -0.0061446283 -0.042651607 -0.033025604
v 0.0050469251 -0.042589963 -0.033456135
v -0.0061480933 -0.042659298 -0.033116812
v 0.0050434583 -0.042597658 -0.033547344
v -0.0061516163 -0.042659001 -0.033208347
v 0.0050399362 -0.042597361 -0.033638879
v -0.0061551689 -0.042650725 -0.033299502
v 0.0050363835 -0.042589085 -0.033730033
v -0.0061587243 -0.042634532 -0.033389589
v 0.0050328291 -0.042572888 -0.033820121
v -0.0061622532 -0.042610538 -0.033477922
v 0.0050292983 -0.042548894 -0.033908454
v -0.0061657318 -0.04257893 -0.033563829
v 0.0050258194 -0.04251729 -0.033994357
v -0.0061691343 -0.042539953 -0.033646653
v 0.0050224191 -0.042478309 -0.034077185
v -0.0061724298 -0.042493899 -0.033725767
v 0.0050191214 -0.042432258 -0.034156294
v -0.0061755985 -0.042441118 -0.033800563
v 0.0050159536 -0.042379474 -0.034231091
v -0.0061786142 -0.042382014 -0.033870477
v 0.0050129383 -0.04232037 -0.034301009
v -0.0061814527 -0.042317035 -0.03393498
v 0.0050100994 -0.042255391 -0.034365508
v -0.0061840942 -0.042246674 -0.033993576
v 0.005007457 -0.042185034 -0.034424104
v -0.006186519 -0.042171474 -0.034045821
v 0.0050050331 -0.04210983 -0.03447635
v -0.0061887061 -0.042091999 -0.034091311
v 0.0050028464 -0.042030359 -0.034521843
v -0.0061906425 -0.042008859 -0.034129713
v 0.0050009106 -0.041947218 -0.034560241
v -0.0061923085 -0.041922682 -0.034160723
v 0.0049992427 -0.041861042 -0.034591251
v -0.0061936971 -0.04183413 -0.034184108
v 0.0049978554 -0.041772486 -0.03461464
v -0.0061947938 -0.041743868 -0.034199695
v 0.0049967587 -0.041682228 -0.034630227
v -0.0061955909 -0.041652594 -0.034207359
v 0.0049959613 -0.041590954 -0.034637887
v -0.0061960837 -0.041560993 -0.034207048
v 0.0049954684 -0.041499353 -0.034637576
v -0.0061962675 -0.041469772 -0.034198754
v 0.0049952856 -0.041408128 -0.034629282
v -0.0061961398 -0.041379614 -0.034182551
v 0.0049954124 -0.041317974 -0.034613078
v -0.0061957035 -0.041291213 -0.034158555
v 0.0049958481 -0.041229572 -0.034589087
v -0.0061949614 -0.041205239 -0.034126956
v 0.0049965908 -0.041143599 -0.034557484
v -0.0061939197 -0.041122348 -0.034087989
v 0.0049976328 -0.041060704 -0.034518521
v -0.006192585 -0.041043167 -0.034041952
v 0.0049989681 -0.040981526 -0.034472479
v -0.0061909675 -0.040968302 -0.033989191
v 0.005000585 -0.040906658 -0.034419723
v -0.00618908 -0.040898326 -0.033930113
v 0.0050024724 -0.040836682 -0.034360645
v -0.0061869375 -0.040833764 -0.033865169
v 0.0050046146 -0.04077212 -0.034295697
v -0.0061845556 -0.040775109 -0.03379485
v 0.0050069969 -0.040713469 -0.034225382
v -0.0061819518 -0.040722813 -0.033719693
v 0.0050096003 -0.040661169 -0.034150221
v -0.0061791475 -0.040677266 -0.033640266
v 0.0050124046 -0.040615626 -0.034070793
v -0.0061761626 -0.040638826 -0.033557175
v 0.0050153899 -0.040577182 -0.033987707
v -0.006173021 -0.040607776 -0.033471057
v 0.0050185311 -0.040546132 -0.033901585
v -0.0061697462 -0.040584354 -0.033382559
v 0.0050218072 -0.04052271 -0.033813091
v -0.0061663624 -0.040568733 -0.033292368
v 0.0050251907 -0.040507093 -0.033722896
v -0.00042065137 0.039759649 -0.035715095
v -0.0024760352 0.040097796 -0.035695453
v -0.0075006116 0.039521314 -0.035697238
v -0.0064426453 0.040598487 -0.035662945
v -0.0075054773 0.040695922 -0.035655536
v 0.00017654733 -0.044898656 -0.03231227
v -0.0069060768 -0.044759405 -0.032309592
v -0.001880067 -0.04526407 -0.032264255
v -0.0068944224 -0.045926826 -0.032173751
v 0.0060615005 0.002322826 0.067247091
v -0.0033316876 0.0020940545 0.067314525
v -0.0033295091 0.0019324591 0.067348016
v 0.012383125 0.0051573982 0.064345392
v -0.0034404345 0.0045299689 0.064836455
v -0.0034295504 0.0044586994 0.065109162
v 0.014737512 0.0053047494 0.062928942
v -0.0034838087 0.0045730575 0.063715115
v -0.0034731534 0.00459893 0.063995805
v 0.018254486 0.0042106399 0.060381151
v 0.018288979 0.0041841708 0.060353477
v -0.0035534924 0.0035465226 0.061756714
v 0.019085312 0.0033567299 0.059703376
v 0.019092397 0.0033466693 0.059697528
v -0.0035682972 0.0028550192 0.061272853
v 0.019638293 0.0021572949 0.059255619
v 0.019669782 0.002021058 0.059232615
v -0.0035754505 0.001784494 0.060933645
v -0.0033230491 0.00086943096 0.067363748
v 0.0061208662 0.00069833466 0.067296016
v -0.0033236035 0.00059257773 0.067309709
v 0.0062230285 0.00056660829 0.067266503
v 0.0062414531 0.00054465728 0.067261071
v -0.0033251037 0.00032145152 0.067231891
v 0.0064025372 0.00036975241 0.067212475
v 0.0068633789 -2.8097741e-05 0.067065067
v 0.0068456651 -1.4658272e-05 0.067070924
v -0.003327539 5.80942e-05 0.067130868
v 0.0066440082 0.00014731005 0.067136577
v 0.0065118038 0.0002643894 0.067178537
v 0.0077430117 -0.00059089369 0.066758321
v 0.0076792568 -0.00055532611 0.066781546
v -0.0033308918 -0.00019551007 0.06700741
v 0.0072763751 -0.00031410411 0.066924799
v 0.007248823 -0.00029641704 0.066934372
v -0.003335136 -0.00043745092 0.066862445
v -0.0033402391 -0.00066590549 0.066697065
v 0.0082556514 -0.00085628401 0.066566247
v 0.0084437807 -0.00094573601 0.0664934
v -0.0033461644 -0.0008791532 0.066512518
v 0.0088038385 -0.0011069292 0.06635048
v -0.0033528657 -0.0010755874 0.066310193
v 0.0093736036 -0.0013386232 0.066114887
v 0.0094792756 -0.0013787644 0.066069909
v -0.0033602936 -0.0012537289 0.066091607
v 0.0099672672 -0.0015536465 0.065856952
v 0.0099914016 -0.0015618649 0.065846194
v -0.0033683907 -0.0014122351 0.065858418
v 0.010581175 -0.0017507129 0.065576558
v 0.011141453 -0.0019094983 0.065308199
v -0.0033770973 -0.0015499119 0.065612373
v 0.011197325 -0.0019242541 0.065280771
v -0.0033863482 -0.0016657229 0.065355334
v 0.011818348 -0.0020751156 0.064967606
v 0.012251545 -0.0021658931 0.064739928
v -0.003396072 -0.0017587949 0.06508923
v 0.012435884 -0.0022008307 0.064640686
v -0.0034061965 -0.0018284273 0.064816068
v 0.013045873 -0.0023001299 0.064301997
v 0.013304769 -0.002334385 0.064153356
v -0.0034166458 -0.0018740954 0.064537906
v 0.013642907 -0.0023716405 0.063954714
v -0.0034273406 -0.001895455 0.064256843
v 0.014228496 -0.0024147513 0.063598273
v 0.014292654 -0.0024177224 0.063558243
v -0.0034382003 -0.0018923456 0.063974991
v 0.014650593 -0.0024275016 0.063331228
v 0.014791023 -0.0024280557 0.063240435
v -0.0034491432 -0.0018647903 0.063694476
v 0.015333898 -0.0024112821 0.06288002
v 0.015381564 -0.0024082809 0.062847639
v -0.0034600867 -0.0018129964 0.06341741
v 0.015849273 -0.002364381 0.062523423
v 0.015992385 -0.0023453436 0.062421803
v -0.0034709495 -0.0017373548 0.063145883
v 0.016338427 -0.0022872654 0.062171252
v 0.016547851 -0.0022431173 0.062016198
v -0.0034816481 -0.0016384348 0.062881934
v 0.016799329 -0.0021801607 0.061826481
v 0.017052032 -0.0021048152 0.061631843
v -0.0034921029 -0.0015169819 0.062627554
v 0.017230201 -0.0020436196 0.061492116
v 0.017508687 -0.0019329109 0.061269443
v -0.0035022341 -0.0013739103 0.062384664
v 0.017631699 -0.0018775131 0.061169362
v 0.017650865 -0.0018684939 0.061153672
v -0.0035119668 -0.0012102987 0.062155087
v 0.017972399 -0.0016999125 0.060886396
v -0.0035212276 -0.0010273791 0.06194056
v 0.018261553 -0.0015159336 0.060639181
v 0.017997505 -0.0016852601 0.060865197
v -0.0035299454 -0.0008265295 0.061742696
v 0.018521007 -0.0013177972 0.060411368
v 0.018329492 -0.0014674037 0.060580099
v 0.018891776 -0.00096002063 0.06007474
v 0.018832171 -0.0010249696 0.060129821
v -0.0035380558 -0.00060926298 0.06156298
v 0.018753061 -0.0011063067 0.060202331
v 0.018627668 -0.0012251792 0.060315939
v 0.019001027 -0.00083164352 0.059972706
v -0.0035454973 -0.00037721621 0.061402773
v 0.019120488 -0.00067486769 0.059859417
v 0.019149976 -0.0006330458 0.059831157
v -0.003552213 -0.00013213709 0.061263275
v 0.019280571 -0.00042935785 0.059704365
v 0.019471242 -5.4032294e-05 0.059513334
v 0.019434635 -0.00013601411 0.059550689
v -0.0035581537 0.00012412796 0.061145541
v 0.019394057 -0.0002205163 0.059591678
v 0.019313608 -0.00037215 0.059671827
v 0.019518538 6.1828748e-05 0.059464454
v -0.0035632735 0.00038964877 0.061050461
v 0.019588336 0.00026099185 0.059390678
v -0.0035675348 0.00066242488 0.060978745
v 0.019644875 0.00046181429 0.059328775
v 0.019593376 0.00027711014 0.059385255
v 0.019730482 0.00096529587 0.059225183
v 0.019719796 0.00086699382 0.059239811
v -0.0035709052 0.00094040165 0.060930939
v 0.019688867 0.00066548512 0.059278205
v 0.019679694 0.00061759427 0.059289015
v 0.019738616 0.0010678773 0.05921274
v -0.0035733593 0.001221485 0.0609074
v 0.019745745 0.0012687097 0.059196631
v 0.019717116 0.0017412068 0.059201403
v 0.019725512 0.0016700302 0.059196857
v -0.0035748778 0.0015035575 0.060908305
v 0.019737753 0.0015305318 0.059191886
v 0.019745738 0.0013171281 0.059194372
v 0.019684006 0.0019499073 0.05922265
v 0.019435786 0.0027418042 0.059415381
v 0.019451855 0.0027052792 0.059402354
v -0.0035737464 0.0023345195 0.061056697
v 0.019527979 0.002514848 0.059341198
v -0.0035750724 0.0020621786 0.060983231
v 0.019578495 0.0023672952 0.059301368
v 0.019604257 0.0022827077 0.059281419
v 0.019327102 0.0029642803 0.059504141
v -0.0035714819 0.0025994649 0.061153477
v 0.019289668 0.0030328766 0.059534889
v 0.019232029 0.0031321241 0.059582342
v -0.0035642163 0.0030992568 0.061413917
v 0.018859124 0.0036455202 0.059889761
v 0.018911404 0.0035837745 0.059846755
v -0.0035592686 0.0033303383 0.061575609
v 0.018439185 0.0040619455 0.060232408
v 0.018591188 0.0039253853 0.060109041
v 0.018693738 0.0038247987 0.060025366
v -0.003546931 0.0037461816 0.061955864
v 0.017952819 0.0044200331 0.060621121
v 0.018143476 0.0042921243 0.0604699
v -0.0035396343 0.003927811 0.062171561
v -0.0035316559 0.0040900429 0.062402182
v 0.017182097 0.004815561 0.061216196
v 0.017356913 0.0047403094 0.061083549
v 0.017582988 0.0046313167 0.060909968
v 0.017794765 0.0045158061 0.060745301
v 0.016288103 0.0051000315 0.061873027
v 0.016336802 0.0050882668 0.061838168
v -0.0035230567 0.0042316549 0.062645988
v 0.016748711 0.0049725814 0.061539097
v 0.01691759 0.0049160627 0.06141428
v -0.0035139016 0.0043515797 0.062901137
v -0.0035042601 0.0044489148 0.063165714
v 0.015795371 0.005198781 0.062219809
v -0.003494204 0.0045229266 0.063437723
v 0.014810961 0.0053014564 0.062881231
v 0.015275281 0.0052672407 0.062574389
v 0.015655064 0.0052206365 0.062316616
v 0.013587711 0.0052896455 0.063647462
v 0.014029771 0.0053095074 0.063377445
v 0.014173021 0.0053123146 0.063288292
v -0.0034623184 0.0046003491 0.064277669
v -0.0034513845 0.0045773039 0.064558589
v 0.012993143 0.0052379567 0.063998747
v 0.012877625 0.0052247775 0.064065447
v 0.011150217 0.0049160684 0.065005253
v 0.011700443 0.0050363698 0.06471734
v 0.011768188 0.0050497906 0.064681168
v -0.0034188161 0.0043640331 0.065374662
v -0.0034083097 0.004246683 0.065630958
v 0.010532251 0.0047570574 0.065316431
v -0.0033981123 0.0041075329 0.065876112
v -0.0033883009 0.0039476311 0.066108284
v 0.0093305438 0.0043723609 0.065886556
v 0.0093789638 0.0043899312 0.065864438
v 0.0099291325 0.0045769702 0.065608182
v 0.010522891 0.0047544521 0.065321048
v -0.0033789477 0.0037681824 0.06632572
v -0.0033701248 0.0035705384 0.066526785
v 0.0082173756 0.0039109319 0.066376511
v 0.0082816894 0.0039409935 0.066349132
v 0.0087657164 0.0041529091 0.066139493
v 0.0091628916 0.0043100635 0.065962597
v -0.003361897 0.0033561879 0.066709963
v -0.0033543278 0.0031267456 0.066873873
v 0.0072526974 0.0033892481 0.066775024
v 0.00741407 0.0034877039 0.066709843
v 0.007713707 0.0036571554 0.066587316
v 0.0078667275 0.003737974 0.066523934
v 0.0065924465 0.002908718 0.067037028
v -0.0033474732 0.0028839402 0.067017286
v 0.0064927338 0.0028197856 0.067076192
v -0.0033413862 0.0026296005 0.067139117
v 0.0064129229 0.0027437313 0.06710754
v 0.0067120414 0.0030080744 0.066989985
v 0.0068435376 0.0031098105 0.066938106
v 0.0070311936 0.0032440359 0.066863663
v -0.0033361112 0.0023656424 0.067238441
v 0.0061581426 0.0024585007 0.067208214
v 0.0062094153 0.0025227457 0.067187812
v 0.0062621058 0.0025845688 0.067166946
v -0.005094598 0.038249297 0.026664612
v -0.005134391 0.038327617 0.025641384
v -0.0075402061 0.040722602 -0.036554484
v -0.0074726418 0.039315681 -0.034999585
v -0.0073806265 0.036461857 -0.033016263
v -0.0074621767 0.039195012 -0.034744838
v -0.0073831126 0.036742865 -0.033040669
v -0.0075353611 0.039553079 -0.036596008
v -0.0073790741 0.036179782 -0.0330163
v -0.007494213 0.039488589 -0.035535595
v -0.0074833472 0.039413785 -0.035263839
v -0.0074665292 0.037169227 -0.035148031
v -0.0074632971 0.03706896 -0.035078372
v -0.0075098331 0.037718996 -0.036195002
v -0.0075050965 0.037707961 -0.036073459
v -0.0075003579 0.037686368 -0.035953342
v -0.007495651 0.037654376 -0.035835569
v -0.0074522642 0.03649882 -0.034873207
v -0.0074537263 0.036619164 -0.034893984
v -0.0074555761 0.036737237 -0.034925168
v -0.0073865155 0.037020696 -0.03308933
v -0.0073908069 0.037293245 -0.033161885
v -0.0073959571 0.037558474 -0.033257783
v -0.0074161334 0.038290573 -0.033677472
v -0.0074242666 0.038507288 -0.033857857
v -0.0074330055 0.038707528 -0.034056338
v -0.0074422842 0.038889783 -0.034271428
v -0.0074520312 0.039052688 -0.034501505
v -0.0074910117 0.037612235 -0.035721026
v -0.0074864771 0.037560263 -0.035610593
v -0.0074820809 0.037498859 -0.035505112
v -0.0074603802 0.036962993 -0.035017714
v -0.0074577992 0.036852138 -0.034966517
v -0.007401926 0.037814378 -0.033376298
v -0.0074086685 0.038059024 -0.033516552
v -0.0074778576 0.037428486 -0.035405379
v -0.007473838 0.037349677 -0.035312159
v -0.0074700514 0.03726304 -0.035226156
v -0.0074511999 0.036377119 -0.034862984
v -0.0074505447 0.036254987 -0.034863404
v -0.0073784673 0.035898767 -0.033040777
v -0.0074503002 0.036133355 -0.034874457
v -0.0073788123 0.035620931 -0.033089512
v -0.007450468 0.036013148 -0.034896062
v -0.0073801037 0.035348367 -0.033162135
v -0.0074510499 0.035895278 -0.034928054
v -0.0073823354 0.035083125 -0.033258106
v -0.0074520392 0.035780646 -0.034970188
v -0.0073854879 0.034827203 -0.033376691
v -0.0074534299 0.035670123 -0.035022145
v -0.007389537 0.034582534 -0.033517005
v -0.0074552091 0.035564549 -0.035083532
v -0.0073944548 0.034350956 -0.033677983
v -0.007457365 0.03546473 -0.035153874
v -0.0074002016 0.034134213 -0.033858423
v -0.0074598821 0.035371425 -0.035232646
v -0.0074067358 0.033933945 -0.034056963
v -0.0074627392 0.035285345 -0.035319234
v -0.0074140098 0.033751653 -0.0342721
v -0.0074659148 0.035207142 -0.035412997
v -0.0074219636 0.03358871 -0.034502219
v -0.007469387 0.03513741 -0.035513207
v -0.0074305427 0.033446349 -0.034745585
v -0.0074731259 0.035076685 -0.035619112
v -0.0074396783 0.033325638 -0.035000369
v -0.0074771046 0.035025425 -0.035729898
v -0.0074493049 0.03322749 -0.035264642
v -0.0074812939 0.034984027 -0.035844723
v -0.0074593469 0.03315264 -0.035536423
v -0.0074856609 0.034952794 -0.035962715
v -0.0074697322 0.033101653 -0.035813663
v -0.0074901738 0.034931972 -0.036082977
v -0.0074803785 0.033074916 -0.036094266
v -0.0074947948 0.03492172 -0.036204593
v -0.0074912092 0.033072631 -0.036376129
v -0.0074994929 0.034922113 -0.036326638
v -0.0075021409 0.033094812 -0.036657119
v -0.0075042294 0.034933153 -0.036448181
v -0.0075130919 0.033141288 -0.036935127
v -0.0075089681 0.034954745 -0.036568298
v -0.0075239795 0.033211719 -0.037208055
v -0.0075136746 0.034986734 -0.036686074
v -0.0075347211 0.033305567 -0.037473846
v -0.0075183142 0.035028879 -0.036800614
v -0.007545235 0.033422129 -0.037730496
v -0.0075228491 0.035080847 -0.036911043
v -0.0075554457 0.033560518 -0.037976082
v -0.0075272451 0.035142255 -0.037016528
v -0.0075652723 0.033719705 -0.038208743
v -0.0075314683 0.035212627 -0.037116261
v -0.0075746433 0.033898484 -0.03842673
v -0.0075354879 0.035291432 -0.037209481
v -0.0075834873 0.034095507 -0.038628402
v -0.0075392749 0.035378073 -0.037295481
v -0.0075917357 0.034309293 -0.03881224
v -0.0075427967 0.035471882 -0.037373609
v -0.0075993299 0.034538231 -0.038976854
v -0.0075460288 0.035572153 -0.037443268
v -0.0076062094 0.034780594 -0.039121011
v -0.0075489458 0.035678121 -0.037503926
v -0.0076123248 0.035034554 -0.03924362
v -0.0075515264 0.035788972 -0.037555127
v -0.0076176291 0.035298205 -0.039343761
v -0.0075537498 0.035903873 -0.037596472
v -0.0076220834 0.035569558 -0.039420677
v -0.0075556 0.036021946 -0.037627652
v -0.0076256525 0.035846564 -0.039473792
v -0.0075570615 0.036142293 -0.037648437
v -0.0076283103 0.036127147 -0.039502702
v -0.0075581242 0.036263994 -0.037658656
v -0.0076300364 0.036409183 -0.039507192
v -0.0075587812 0.036386127 -0.037658236
v -0.0076308171 0.036690553 -0.039487224
v -0.007559026 0.036507755 -0.037647179
v -0.0076306483 0.036969136 -0.039442954
v -0.0075588564 0.036627962 -0.037625574
v -0.0076295317 0.037242834 -0.03937471
v -0.0075582761 0.036745832 -0.037593586
v -0.0076274731 0.037509581 -0.039283009
v -0.0075572852 0.036860467 -0.037551449
v -0.0076244899 0.037767371 -0.039168548
v -0.0075558961 0.03697099 -0.037499495
v -0.0076206034 0.038014266 -0.039032175
v -0.0075541168 0.03707656 -0.037438108
v -0.0076158439 0.038248399 -0.038874929
v -0.0075519591 0.037176383 -0.037367766
v -0.0076102472 0.038468013 -0.038697987
v -0.0075494435 0.037269685 -0.037288998
v -0.007603855 0.038671445 -0.038502688
v -0.0075465871 0.037355769 -0.037202402
v -0.0075967153 0.038857171 -0.038290506
v -0.0075434112 0.037433971 -0.037108643
v -0.007588881 0.039023787 -0.038063025
v -0.0075399393 0.0375037 -0.037008429
v -0.0075804143 0.039170039 -0.037821974
v -0.0075362 0.037564429 -0.036902528
v -0.0075713765 0.039294827 -0.037569161
v -0.007532221 0.037615684 -0.036791746
v -0.0075618343 0.039397209 -0.037306493
v -0.007528032 0.037657086 -0.036676917
v -0.0075518637 0.039476416 -0.037035947
v -0.0075236632 0.037688319 -0.036558925
v -0.0075415366 0.039531849 -0.036759565
v -0.0075191524 0.037709138 -0.036438659
v -0.0075145311 0.03771939 -0.036317047
v -0.0069282623 -0.04602605 -0.033067638
v -0.0069450246 -0.04301341 -0.033072005
v -0.0069398679 -0.044863682 -0.03320289
v -0.0069497208 -0.043013016 -0.03319405
v -0.0069462479 -0.044855734 -0.033367619
v -0.0069544573 -0.04300198 -0.033315593
v -0.006957198 -0.044822814 -0.033647555
v -0.0069036578 -0.04226501 -0.031889557
v -0.0069054389 -0.04237058 -0.031950944
v -0.006912967 -0.042649788 -0.032186646
v -0.0069161445 -0.042727991 -0.032280409
v -0.0069196149 -0.04279772 -0.032380619
v -0.0069233538 -0.042858445 -0.032486524
v -0.0069273344 -0.042909704 -0.03259731
v -0.0069315236 -0.042951106 -0.032712135
v -0.0069358906 -0.042982335 -0.032830127
v -0.0069404017 -0.043003158 -0.032950389
v -0.0069006978 -0.041921982 -0.031763474
v -0.0069012796 -0.042039852 -0.031795466
v -0.0069022689 -0.042154487 -0.0318376
v -0.0069075947 -0.042470403 -0.032021286
v -0.00691011 -0.042563704 -0.032100058
v -0.0069681314 -0.044765725 -0.033923576
v -0.0069591978 -0.042980384 -0.03343571
v -0.006978964 -0.044684901 -0.034193611
v -0.0069639044 -0.042948396 -0.033553486
v -0.0069896165 -0.044580942 -0.034455619
v -0.0069685421 -0.042906254 -0.033668026
v -0.0070000058 -0.044454643 -0.034707626
v -0.006973077 -0.042854282 -0.033778455
v -0.0070100569 -0.044306943 -0.034947737
v -0.006977473 -0.042792879 -0.03388394
v -0.0070196914 -0.044138967 -0.035174139
v -0.0069816962 -0.042722506 -0.033983673
v -0.0070288385 -0.043951975 -0.035385132
v -0.0069857176 -0.042643697 -0.034076893
v -0.0070374273 -0.04374737 -0.035579125
v -0.0069895028 -0.04255706 -0.034162893
v -0.0070453956 -0.043526704 -0.035754649
v -0.0069930246 -0.042463247 -0.034241021
v -0.0070526828 -0.04329163 -0.035910394
v -0.0069962567 -0.04236298 -0.03431068
v -0.0070592312 -0.043043925 -0.036045175
v -0.0069991736 -0.042257013 -0.034371338
v -0.0070649946 -0.042785451 -0.036157989
v -0.0070017543 -0.042146158 -0.034422539
v -0.0070699278 -0.042518159 -0.036247977
v -0.0070039777 -0.042031253 -0.034463884
v -0.0070739957 -0.042244056 -0.036314463
v -0.0070058279 -0.041913184 -0.034495064
v -0.0070771655 -0.041965213 -0.036356949
v -0.0070072894 -0.04179284 -0.034515848
v -0.0070794152 -0.041683732 -0.036375112
v -0.0070083539 -0.041671139 -0.034526068
v -0.0070807269 -0.041401724 -0.036368812
v -0.007009011 -0.041549007 -0.034525648
v -0.0070810884 -0.041121328 -0.036338103
v -0.0070092539 -0.041427374 -0.034514592
v -0.0070805023 -0.040844641 -0.036283216
v -0.0070090861 -0.041307163 -0.034492987
v -0.0070789689 -0.040573755 -0.036204558
v -0.007008504 -0.041189297 -0.034460998
v -0.0070765004 -0.04031071 -0.036102731
v -0.007007515 -0.041074666 -0.034418861
v -0.0070731141 -0.040057485 -0.035978495
v -0.0070061239 -0.040964143 -0.034366907
v -0.0070688392 -0.039815991 -0.035832787
v -0.0070043447 -0.040858569 -0.03430552
v -0.0070637066 -0.039588049 -0.035666707
v -0.0070021888 -0.04075875 -0.034235178
v -0.007057754 -0.039375371 -0.035481503
v -0.0069996732 -0.040665445 -0.03415641
v -0.0070510257 -0.039179559 -0.035278574
v -0.006996815 -0.040579365 -0.034069814
v -0.0070435721 -0.039002093 -0.035059438
v -0.006993639 -0.040501162 -0.033976055
v -0.0070354528 -0.038844307 -0.034825762
v -0.006990169 -0.040431429 -0.033875841
v -0.0070267253 -0.038707387 -0.034579296
v -0.0069864279 -0.040370704 -0.03376994
v -0.0070174577 -0.038592368 -0.034321903
v -0.0069824489 -0.040319445 -0.033659158
v -0.0070077173 -0.038500117 -0.034055514
v -0.0069782599 -0.040278043 -0.033544329
v -0.0069975798 -0.038431324 -0.033782141
v -0.006973893 -0.040246814 -0.033426337
v -0.0069871205 -0.038386513 -0.03350384
v -0.0069693822 -0.040225991 -0.033306071
v -0.0069764185 -0.038366019 -0.033222712
v -0.006964759 -0.040215739 -0.033184459
v -0.0069655549 -0.038369998 -0.032940874
v -0.0069600628 -0.040216133 -0.033062414
v -0.0069546112 -0.03839842 -0.032660444
v -0.0069553263 -0.040227169 -0.032940871
v -0.0069436676 -0.038451063 -0.032383535
v -0.0069505858 -0.040248765 -0.032820754
v -0.0069328111 -0.038527544 -0.032112241
v -0.0069458789 -0.040280753 -0.032702982
v -0.0069221194 -0.038627276 -0.031848597
v -0.0069412415 -0.040322895 -0.032588439
v -0.006911674 -0.038749512 -0.031594595
v -0.0069367069 -0.040374867 -0.032478005
v -0.0069015551 -0.03889333 -0.031352148
v -0.0069323106 -0.040436274 -0.032372524
v -0.0068918384 -0.039057648 -0.031123076
v -0.0069280855 -0.040506647 -0.032272791
v -0.0068825954 -0.039241227 -0.030909112
v -0.0069240659 -0.040585452 -0.032179571
v -0.006873899 -0.039442684 -0.030711862
v -0.0069202793 -0.040672093 -0.032093567
v -0.0068658112 -0.039660504 -0.030532818
v -0.0069167571 -0.040765902 -0.032015443
v -0.006858395 -0.039893043 -0.030373323
v -0.006913525 -0.040866173 -0.031945784
v -0.0068517058 -0.040138553 -0.030234585
v -0.0069106081 -0.04097214 -0.031885126
v -0.0068457926 -0.040395177 -0.030117641
v -0.006908029 -0.041082992 -0.031833929
v -0.0068407034 -0.040660991 -0.030023375
v -0.0069058059 -0.041197893 -0.03179258
v -0.0068364724 -0.040933983 -0.029952499
v -0.006903956 -0.041315965 -0.031761396
v -0.0068331345 -0.041212112 -0.029905547
v -0.006902492 -0.041436313 -0.031740619
v -0.0068307128 -0.041493264 -0.029882873
v -0.0069014296 -0.041558014 -0.031730396
v -0.0068292282 -0.041775331 -0.029884645
v -0.0069007726 -0.041680146 -0.031730816
v -0.0068286895 -0.042056189 -0.029910848
v -0.0069005281 -0.041801775 -0.031741869
v -0.0068291002 -0.042333718 -0.029961293
v -0.0068304596 -0.042605836 -0.030035594
v -0.0069002331 -0.044713725 -0.032151099
v -0.0068905741 -0.044617204 -0.031886227
v -0.0068813999 -0.044498066 -0.031630707
v -0.0068727814 -0.044357207 -0.031386473
v -0.0068647799 -0.044195688 -0.031155354
v -0.0068574567 -0.044014722 -0.030939097
v -0.0068508685 -0.043815676 -0.030739333
v -0.0068450645 -0.04360005 -0.030557567
v -0.0068400868 -0.043369465 -0.030395161
v -0.006835974 -0.043125664 -0.030253347
v -0.0068327566 -0.04287048 -0.030133185
v -0.0088244666 -0.043369622 0.0012674802
v -0.0072933539 -0.043209029 0.0020697895
v -0.010290439 -0.047707598 -0.037461389
v -0.0087919415 -0.047646872 -0.037521156
v -0.0032573789 0.002008774 0.069233983
v -0.0021219333 0.0020505337 0.069081822
v 0.0021225081 0.0021986286 0.068306934
v 0.0056697751 0.002311135 0.067369477
v 0.020157946 0.032720691 -0.039253763
v 0.020173366 0.032710779 -0.039235886
v 0.020810182 0.032282764 -0.037971557
v 0.020830039 0.032268165 -0.037867887
v 0.020859215 0.032245592 -0.037637656
v 0.020867002 0.032238541 -0.037502056
v 0.012449397 0.035523728 -0.040878007
v 0.016167833 0.03421238 -0.040586318
v 0.017744553 0.034115993 -0.040642723
v 0.018161984 0.033893895 -0.040511207
v 0.014916203 0.034532221 -0.040682255
v 0.014144881 0.034856471 -0.040781581
v 0.014851031 0.034560148 -0.040692275
v 0.012849825 0.035371478 -0.040868108
v 0.013325979 0.035186229 -0.040846577
v 0.013854887 0.034974903 -0.040808954
v 0.010585881 0.03619212 -0.040840256
v 0.010815451 0.0361132 -0.040851565
v 0.011528226 0.035862161 -0.040875326
v 0.0095819087 0.036526654 -0.040771689
v 0.008576122 0.036845273 -0.04067449
v 0.0083311862 0.037801667 -0.040417134
v 0.0084196788 0.037775682 -0.040434166
v 0.006155979 0.037550531 -0.04033848
v 0.0073518046 0.03808086 -0.040215474
v 0.0064777841 0.03746141 -0.040390934
v 0.0075288668 0.037160609 -0.040545934
v 0.0084910048 0.036871513 -0.040665051
v 0.0054284359 0.038586656 -0.039747686
v 0.0058891604 0.038470434 -0.039868757
v 0.0063743574 0.038344707 -0.039989979
v 0.003580046 0.039022484 -0.039196589
v 0.0036064388 0.0390166 -0.039205295
v 0.0045146983 0.038808171 -0.039489235
v 0.0020085668 0.039354907 -0.038620257
v 0.0021338431 0.039329699 -0.038671166
v 0.0027788048 0.039196367 -0.038918323
v 0.0029627585 0.039157253 -0.038984765
v 0.00070112724 0.039603941 -0.038006925
v 0.00088053013 0.039571343 -0.038102683
v 0.0013127912 0.039490683 -0.03831577
v 0.0014451308 0.039465415 -0.038376905
v -8.6797457e-06 0.039727325 -0.037561507
v 5.9823445e-05 0.039715855 -0.037611011
v 0.00018135299 0.039695246 -0.037694514
v 0.00042387346 0.039653253 -0.037847901
v -0.00045661289 0.039799232 -0.03716758
v -0.00051157981 0.039807544 -0.037104735
v -0.00033431479 0.039780247 -0.037291859
v -0.00023740187 0.039764812 -0.037379504
v -0.00018624716 0.03975655 -0.037422865
v -0.00028335582 0.039732424 -0.035594416
v 0.00030364811 0.039616579 -0.035211623
v -1.7872882e-05 0.039680098 -0.035402174
v -8.4202342e-05 0.039693161 -0.03544646
v -0.00011444892 0.039699121 -0.035467379
v 0.00089394759 0.039498253 -0.034928244
v 0.00084276547 0.039508626 -0.034950414
v 0.00033860613 0.039609639 -0.035192813
v 0.0015495813 0.039363211 -0.034672244
v 0.0017880823 0.039313015 -0.034589467
v 0.0021930174 0.039226405 -0.034458689
v 0.0022690131 0.039209953 -0.034435357
v 0.0030957281 0.039026754 -0.034202249
v 0.0039290542 0.038834049 -0.033998907
v 0.0040762674 0.038799142 -0.033965761
v 0.0048522636 0.038610756 -0.03380321
v 0.0057969954 0.038371224 -0.033630295
v 0.0067040971 0.038130377 -0.033487563
v 0.0067456496 0.038119083 -0.033481543
v 0.0077399477 0.037841705 -0.03335065
v 0.0087341059 0.037550028 -0.033244647
v 0.0093266113 0.037368932 -0.033193389
v 0.0097191267 0.03724584 -0.03316446
v 0.010690216 0.036930049 -0.033110797
v 0.01165814 0.036598377 -0.033084468
v 0.011979455 0.036484318 -0.033082218
v 0.012585945 0.03626338 -0.033087528
v 0.013490533 0.0359194 -0.033120848
v 0.01352195 0.035907132 -0.033122597
v 0.014143833 0.03565955 -0.033166231
v 0.015146046 0.035240735 -0.033276834
v 0.014882828 0.035353219 -0.03324249
v 0.014333879 0.035582066 -0.033183166
v 0.016073993 0.034828926 -0.033433147
v 0.015907932 0.034904439 -0.033400764
v 0.01665868 0.034556384 -0.033564834
v 0.016620118 0.034574689 -0.033555234
v 0.01740943 0.034190251 -0.033781573
v 0.017269468 0.034259954 -0.033736503
v 0.018069142 0.033852294 -0.034028706
v 0.017865535 0.033958292 -0.033945778
v 0.018896861 0.033404931 -0.034444459
v 0.018852642 0.033429519 -0.034418407
v 0.018469243 0.033639412 -0.03421214
v 0.018411019 0.033670781 -0.034183589
v 0.019193504 0.033237882 -0.034633459
v 0.019326143 0.033162 -0.034727026
v 0.019495802 0.033063858 -0.034856342
v 0.019702547 0.032942609 -0.035031158
v 0.019762989 0.032906823 -0.035086442
v 0.019998029 0.032766196 -0.035323509
v 0.020293611 0.032586199 -0.035689888
v 0.020208798 0.032638181 -0.035574739
v 0.020040297 0.032740663 -0.03537051
v 0.020025523 0.032749595 -0.035353909
v 0.02035537 0.032548187 -0.035780282
v 0.020481739 0.032470066 -0.035987294
v 0.020675725 0.032349704 -0.036398684
v 0.020650484 0.032365349 -0.036335243
v 0.020567185 0.032417054 -0.036150003
v 0.020510612 0.032452166 -0.036039808
v 0.020719104 0.032322889 -0.036518945
v 0.02077407 0.032289169 -0.036701539
v 0.020849723 0.032244469 -0.037097542
v 0.020845768 0.032246656 -0.037065442
v 0.020816129 0.032263835 -0.036883519
v 0.020789969 0.032279519 -0.036764206
v 0.020868024 0.032237284 -0.037459975
v 0.020864997 0.032236819 -0.037280173
v 0.020853664 0.032242339 -0.037133123
v 0.02083871 0.03226166 -0.037813888
v 0.020624081 0.032412856 -0.03853494
v 0.020604393 0.032426262 -0.038577202
v 0.020559479 0.032456679 -0.038667357
v 0.020700328 0.032360432 -0.03835025
v 0.020742557 0.032330971 -0.038227502
v 0.020762242 0.032317101 -0.038162703
v 0.020323123 0.032613614 -0.039046981
v 0.020414587 0.032553453 -0.038914817
v 0.020452456 0.032528343 -0.038855316
v 0.01953031 0.033111808 -0.039821072
v 0.019723896 0.032993629 -0.039672698
v 0.01987821 0.032897907 -0.039539618
v 0.01995833 0.032847647 -0.039464321
v 0.018672077 0.033612532 -0.040309231
v 0.018722573 0.03358405 -0.040286294
v 0.019071403 0.033384051 -0.040110372
v 0.019128758 0.033350605 -0.040078195
v 0.019440629 0.03316587 -0.039883876
v 0.015560779 0.034250525 -0.040564644
v 0.018170334 0.033889381 -0.040508295
v -0.0087988325 -0.046670001 -0.037560422
v -0.007300261 -0.042229902 0.0020304334
v -0.0019232148 -0.045401404 -0.033506555
v 8.7088245e-05 -0.045059201 -0.033693534
v -0.010297175 -0.046752919 -0.037499761
v -0.0064080768 0.0015877882 0.070518092
v -0.0049112076 0.0015939276 0.070408131
v -0.0063796715 -0.0032739574 0.070560374
v -0.0048828232 -0.0032644004 0.070450388
v -0.006367332 -0.0068336876 0.07037147
v -0.004870493 -0.0068211228 0.070261645
v -0.00636357 -0.0098755054 0.07003373
v -0.0048667354 -0.0098599386 0.069924245
v -0.0063662898 -0.012502783 0.069586859
v -0.0048694519 -0.012484224 0.069477884
v -0.0063740114 -0.014802042 0.069056958
v -0.0048771625 -0.014780519 0.068948667
v -0.0063856713 -0.016829881 0.068463499
v -0.0048888066 -0.016805425 0.068356067
v -0.0064005459 -0.018635709 0.067818268
v -0.0049036582 -0.018608372 0.067711865
v -0.0064182332 -0.020268075 0.067124798
v -0.004921313 -0.02023791 0.067019599
v -0.0064382649 -0.021744706 0.066392641
v -0.0049413085 -0.021711793 0.066288806
v -0.0064605681 -0.023099037 0.065618941
v -0.004963568 -0.023063461 0.065516633
v -0.0064878657 -0.024481779 0.064711376
v -0.0049908094 -0.024443358 0.064610932
v -0.0065173149 -0.025738427 0.063765949
v -0.0050201959 -0.025697355 0.063667502
v -0.0065493066 -0.026904568 0.062767319
v -0.0050521197 -0.026860999 0.062671008
v -0.006583969 -0.027993376 0.061710397
v -0.0050867086 -0.027947495 0.061616333
v -0.0066219508 -0.02902819 0.060574917
v -0.0051246114 -0.028980163 0.060483207
v -0.006664992 -0.03004615 0.05931031
v -0.0051675673 -0.029996097 0.059221109
v -0.0067112527 -0.030996838 0.057971641
v -0.0052137414 -0.030945008 0.057884945
v -0.0067625747 -0.031915209 0.056506047
v -0.0052649757 -0.031861804 0.056421867
v -0.0068211418 -0.032825346 0.05485329
v -0.0053234517 -0.032770525 0.05477167
v -0.0068888681 -0.033733706 0.052962726
v -0.0053910845 -0.033677644 0.052883681
v -0.006968668 -0.034650649 0.050757051
v -0.0054707913 -0.03459352 0.050680565
v -0.0070862418 -0.035776076 0.0475396
v -0.0055882567 -0.03571789 0.047466121
v -0.0072483109 -0.037018862 0.043148694
v -0.0057502146 -0.036959823 0.043078214
v -0.0074999979 -0.038504893 0.036393352
v -0.006001793 -0.038445203 0.036325798
v -0.0078374199 -0.040028267 0.027403997
v -0.0063488179 -0.040006997 0.027081302
v 0.016402373 0.025017736 0.053319054
v 0.015816794 0.025518413 0.053371238
v 0.015354597 0.024957777 0.054568951
v 0.01625099 0.026051108 0.05213532
v 0.017573297 0.022895941 0.054372294
v 0.017036333 0.022333895 0.055537719
v 0.017546431 0.021792487 0.05549317
v 0.016465434 0.021745547 0.056666781
v 0.017449681 0.020668197 0.056581864
v 0.016819794 0.020073668 0.057678034
v 0.017279975 0.019527056 0.057639304
v 0.016151177 0.019453337 0.058739071
v 0.022039829 0.020777767 0.050389414
v 0.022924831 0.021613269 0.047706649
v 0.021951944 0.022926486 0.047787087
v 0.023332678 0.018718953 0.050288722
v 0.022919587 0.019423585 0.050319687
v 0.021883305 0.018555857 0.052848395
v 0.018158128 0.018396624 0.057566899
v 0.017726208 0.018968071 0.057602225
v 0.017034163 0.018373428 0.058666194
v 0.018977689 0.017215618 0.057501957
v 0.018575399 0.017812539 0.057533442
v 0.01786176 0.017246393 0.05860006
v 0.021474146 0.014477289 0.056271452
v 0.022151473 0.014908218 0.055130602
v 0.021815322 0.015609026 0.055151761
v 0.018542056 0.014329748 0.059527912
v 0.017852551 0.015517026 0.059575918
v 0.017026449 0.014942815 0.060575587
v 0.018631286 0.016071159 0.058541499
v -0.0022962687 0.0031972937 0.070763225
v 0.0014262725 0.0046932636 0.070014112
v 0.00050552119 0.0061357439 0.07005123
v 0.026770687 0.0033096657 0.05157381
v 0.026176055 0.0032765089 0.052813231
v 0.026417187 0.0010963172 0.052530011
v 0.0099787883 0.0065469015 0.06718728
v 0.011383887 0.0070308585 0.066482379
v 0.010648836 0.0087147466 0.066507578
v 0.018089116 0.006821615 0.062351609
v 0.016991753 0.0065267369 0.063253328
v 0.017423074 0.0040693965 0.063290872
v 0.02413858 0.030987738 -0.00350365
v 0.023815365 0.03055403 0.0085574893
v 0.024455913 0.029960618 0.0085311633
v 0.029253806 0.023345647 0.0084005423
v 0.028342625 0.02504046 0.0084108192
v 0.027855771 0.024490625 0.018655653
v 0.031577446 0.0092036946 0.027504338
v 0.031229507 0.01179043 0.027446362
v 0.030825276 0.011573251 0.031359586
v 0.028241338 0.017209808 0.038410569
v 0.027621229 0.016702943 0.041626934
v 0.028227346 0.014837636 0.041612163
v 0.031172391 0.009059057 0.031412225
v 0.030356789 0.01132245 0.035011457
v 0.03070273 0.0088856232 0.035059013
v 0.030956724 0.0062681016 0.035127262
v 0.031427188 0.0063509896 0.031485585
v 0.030409151 0.0061629355 0.03853455
v 0.030156359 0.008684456 0.038471265
v 0.029520172 0.0084564319 0.041671544
v 0.029771215 0.0060364725 0.041730042
v -0.0080404448 0.039519859 0.033515965
v -0.0078908785 0.039044099 0.037335835
v -0.0060342175 0.03896407 0.037262118
v -0.0057937437 0.037056918 0.047010463
v -0.0075013697 0.037097631 0.047182357
v -0.0073729863 0.036101138 0.050376984
v 0.0010830255 0.036051901 0.046647758
v -0.00062971909 0.036404576 0.046749652
v -0.00074417934 0.035558788 0.049574607
v 0.013074754 0.029807262 0.049892308
v 0.013375001 0.030270997 0.048538295
v 0.011936745 0.031083954 0.048660044
v 0.012680727 0.024009555 0.058034698
v 0.011532778 0.024873671 0.058133045
v 0.01100742 0.024158048 0.059176434
v -0.0020289527 0.018024483 0.067925676
v -0.0024288913 0.016538582 0.068496748
v -0.0010441066 0.015959903 0.068415812
v 0.00099585324 0.01661897 0.067739522
v 0.0016432324 0.017925541 0.067103127
v 1.3240711e-05 0.01875912 0.067208907
v 0.0047349807 0.015840682 0.066891003
v 0.0061602739 0.014614034 0.066791036
v 0.0071163938 0.015642665 0.066079033
v -0.0041028964 0.0052465147 0.070843408
v -0.0063795271 0.0016179936 0.071264554
v -0.0033954851 0.004647092 0.070807878
v 0.034059096 0.013330842 -0.051215205
v 0.033579916 0.015697893 -0.051214095
v 0.032890835 0.014956901 -0.017454227
v -0.010158031 0.042155453 -0.021152999
v -0.0094235277 0.041552955 -0.002145967
v -0.0045477331 0.041124617 0.00044324331
v 0.0029967044 0.039046993 0.021438497
v 0.0033762393 0.038394004 0.029017187
v 0.0030206621 0.039042518 0.021426417
v 0.0036595888 0.038921947 0.021071419
v 0.002310572 0.039173589 0.021749598
v 0.0022667488 0.039181564 0.021767272
v 0.0016015626 0.039300963 0.022005213
v 0.0014917438 0.039320356 0.022039204
v 0.0014855156 0.039321454 0.022041087
v 0.0014745844 0.038799859 0.029122292
v 0.00068289383 0.039460292 0.022245823
v -0.00044600614 0.039149158 0.029223039
v -0.00050712525 0.039651615 0.0224951
v -0.0023796701 0.039439591 0.02931863
v -0.0040268524 0.040089017 0.023237748
v -0.0043199797 0.039666916 0.02940832
v -0.0084043305 0.040336531 0.02417375
v -0.0062604312 0.039826391 0.02949138
v 0.0049524634 0.03867247 0.02012671
v 0.0044237495 0.038775142 0.020554331
v 0.0071001099 0.037419851 0.028797158
v 0.0043737254 0.038784822 0.020591623
v 0.0042984045 0.038799378 0.02064681
v 0.0037414669 0.03890634 0.021021106
v 0.0052533008 0.037933397 0.028908537
v 0.0061887905 0.03843302 0.018822693
v 0.0059919639 0.038470706 0.019066284
v 0.0072484534 0.03808217 0.01981375
v 0.0072678057 0.038237751 0.017076315
v 0.007086952 0.038268214 0.017436393
v 0.0069315614 0.038295412 0.017718153
v 0.0066683256 0.038343033 0.01814944
v 0.0065466596 0.03836554 0.018332497
v 0.0064516117 0.038383299 0.018469315
v 0.0056520609 0.038536365 0.019451
v 0.0054919425 0.038567456 0.019618356
v 0.0050622154 0.038651102 0.020029662
v 0.0073486309 0.038594059 0.0090983087
v 0.0074551436 0.038554671 0.0093461719
v 0.011068851 0.03745648 0.0091721205
v 0.007476593 0.038546601 0.0093985069
v 0.0077151689 0.038452914 0.010052317
v 0.0077568031 0.038435636 0.010183835
v 0.0079161891 0.038365525 0.010763951
v 0.0079678518 0.03834088 0.010989917
v 0.0080605698 0.038292429 0.011480864
v 0.008108121 0.03826377 0.01181061
v 0.0081495692 0.038233705 0.01220313
v 0.0081729303 0.038210412 0.01255626
v 0.0081765374 0.038205422 0.01263976
v 0.0081795269 0.038173318 0.013291976
v 0.0081725468 0.038166649 0.013470715
v 0.0081305169 0.038152044 0.014014685
v 0.010934717 0.036923268 0.019605862
v 0.0080961995 0.038147862 0.014297359
v 0.0080277395 0.038146032 0.014725224
v 0.0079480691 0.038149119 0.01511339
v 0.007871902 0.038154915 0.015424242
v 0.0077926751 0.038162804 0.015707449
v 0.0077292789 0.038170104 0.0159126
v 0.0075552246 0.038193257 0.016406457
v 0.0074415077 0.038210132 0.016688891
v 0.0091132576 0.037527971 0.019709883
v 0.0031022892 0.039782906 0.0045300868
v 0.003779717 0.039624449 0.0049298577
v 0.0070783614 0.039444026 -0.017166478
v 0.0038190925 0.039614954 0.004955461
v 0.0044138186 0.039467525 0.0053772881
v 0.0044967167 0.039446362 0.0054416625
v 0.0050056718 0.039312897 0.0058706026
v 0.0051300028 0.039279334 0.0059849486
v 0.0055555918 0.039161361 0.0064089184
v 0.0056898126 0.039123111 0.0065541751
v 0.0057141833 0.03911611 0.0065812001
v 0.0061871329 0.038976525 0.0071500547
v 0.0062447188 0.038959015 0.007225748
v 0.0066282395 0.038839128 0.0077735123
v 0.0067176074 0.038810292 0.0079136776
v 0.0070150737 0.038711438 0.0084231747
v 0.0029347085 0.040413749 -0.017023286
v -0.0013277514 0.041182977 -0.016872923
v 0.00051102439 0.040325094 0.0031425661
v -0.011057599 0.042845875 -0.04443825
v -0.0067628683 0.042584957 -0.045183102
v -0.0062365625 0.042533945 -0.045273973
v -0.0020370776 0.041994896 -0.045995996
v 2.570172e-05 0.041648676 -0.046348467
v 0.0026439144 0.041131861 -0.046793323
v 0.0059168877 0.040362543 -0.047344799
v 0.0072713602 0.040003341 -0.047571273
v 0.011051347 0.038283451 -0.017299808
v 0.011532447 0.038691425 -0.048274911
v 0.012959724 0.037628107 -0.017361752
v 0.01471551 0.037491947 -0.048789142
v 0.014808847 0.036919775 -0.017419969
v 0.015812784 0.037025943 -0.048963549
v 0.016593551 0.036155546 -0.017474011
v 0.016591288 0.036676317 -0.049086176
v 0.018403177 0.035792367 -0.049367568
v 0.018309553 0.035329795 -0.017523346
v 0.019001296 0.035476304 -0.049459122
v 0.019952792 0.034436197 -0.017567427
v 0.02012977 0.034842417 -0.049629857
v 0.020485632 0.034631439 -0.049683116
v 0.021519202 0.03346843 -0.017605707
v 0.021230764 0.034170752 -0.049793675
v 0.023004937 0.032419496 -0.017637615
v 0.023113003 0.032876014 -0.050066393
v 0.02178379 0.033811014 -0.049874826
v 0.02440704 0.031279646 -0.017662509
v 0.024841903 0.031479907 -0.050306901
v 0.025256462 0.03110824 -0.050362903
v 0.025075869 0.030672376 -0.017672118
v 0.026323798 0.03007254 -0.050503825
v 0.025722759 0.03003847 -0.017679725
v 0.026347368 0.029376617 -0.017685246
v 0.026929281 0.029427528 -0.050581498
v 0.026949354 0.028685525 -0.0176886
v 0.027536811 0.028731283 -0.050657576
v 0.027666251 0.028575886 -0.050673526
v 0.027528399 0.0279638 -0.017689698
v 0.02843349 0.027596805 -0.050766035
v 0.028084296 0.027209716 -0.017688445
v 0.028743421 0.027170259 -0.050802343
v 0.028933552 0.026898816 -0.050824286
v 0.028616873 0.026421453 -0.017684749
v 0.029852436 0.025467842 -0.050926369
v 0.030862511 0.023609528 -0.051029406
v 0.030344902 0.024605415 -0.050977978
v 0.030072878 0.023833429 -0.017658007
v 0.029997153 0.025222133 -0.05094178
v 0.029125946 0.025597191 -0.01767851
v 0.030977878 0.023373237 -0.05104041
v 0.030923662 0.021903892 -0.017626157
v 0.031391576 0.022477165 -0.051078367
v 0.031677097 0.019793371 -0.017582164
v 0.031903201 0.021247054 -0.051121445
v 0.031770788 0.021579901 -0.051110751
v 0.03327874 0.016942966 -0.051205462
v 0.032994101 0.017994052 -0.051193231
v 0.032332856 0.01748392 -0.017525153
v 0.032773695 0.018739695 -0.051181556
v 0.032576496 0.01936387 -0.051169739
v 0.033350924 0.012193678 -0.01736849
v 0.034371986 0.011410323 -0.051203574
v 0.034309081 0.011828629 -0.051206978
v 0.035311577 -0.0029975428 -0.05088146
v 0.034926795 0.0064635266 -0.051131882
v 0.034666196 -0.0021842225 -0.030533697
v 0.03397878 0.0058781145 -0.017148831
v 0.034224359 -0.0016376596 -0.016858306
v 0.0038417464 0.014679692 0.067549748
v 0.0029040623 0.013465342 0.068164514
v 0.0040995363 0.012420575 0.068086141
v 0.00088940544 0.010869697 0.069255537
v 0.0018294375 0.01003612 0.069198586
v -0.00066412275 0.007448952 0.070111919
v -0.0020148171 0.0085766666 0.070187035
v 0.0032233029 0.016948374 0.066996103
v 0.0024497301 0.01570966 0.067643682
v 0.0016380517 0.014411013 0.068247238
v -0.0011404058 0.012295064 0.069378088
v 0.00031679398 0.015246541 0.068331827
v -0.0005028014 0.017394992 0.067834452
v -0.0016479565 0.019435294 0.067310304
v -0.0012853457 0.020773637 0.066651825
v -0.0045156425 0.017124436 0.068607134
v -0.0049153814 0.013799973 0.069583179
v -0.0043744347 0.01367569 0.069556808
v -0.0049830344 0.010035346 0.070344437
v -0.0054526269 0.013890174 0.06960799
v -0.0064790349 0.011769757 0.070131382
v -0.0057294961 0.010187711 0.070378763
v -0.0064599252 0.010238484 0.070408873
v -0.0064268232 0.007210599 0.070835829
v -0.0056503296 0.0060243306 0.070919862
v -0.0064163981 0.0061323357 0.070952447
v -0.0048667942 0.0057171947 0.070882128
v -0.0034777274 0.0094595899 0.070267529
v -0.004229487 0.0097898898 0.070306986
v -0.0022056436 0.012866874 0.069440105
v -0.0032878644 0.01333079 0.069500266
v -0.0028483343 0.014974935 0.069022185
v -0.0040911904 0.015364288 0.069088232
v -0.0031252201 0.016773212 0.068535309
v -0.0038214813 0.01696908 0.068572208
v -0.0035649277 0.01849297 0.068010442
v -0.0027968237 0.018279774 0.06796904
v -0.0024842654 0.019709592 0.067358383
v -0.0033211637 0.019938751 0.067404209
v 0.0039599867 0.018129111 0.066305864
v 0.0022599174 0.019168467 0.066423941
v 0.00050478353 0.020054721 0.066540429
v -0.00094057118 0.02204214 0.065951451
v -0.0022817778 0.026091938 0.063744647
v -0.002466873 0.024995836 0.064557438
v -0.00030236401 0.024379872 0.064429052
v -0.00061308403 0.023243393 0.065210297
v 0.0014174165 0.022450074 0.065079552
v 0.00097259055 0.021284235 0.065830259
v 0.0028468943 0.02034996 0.06570327
v -0.0030898291 0.021309191 0.066754696
v -0.0028705684 0.022607052 0.066063078
v -0.0026630279 0.023835063 0.065330439
v -0.0041562149 0.020120763 0.067447389
v -0.0043310286 0.018662178 0.068049536
v -0.0049869328 0.020253431 0.067487545
v -0.0050928443 0.018785363 0.06808599
v -0.0052056359 0.017237408 0.068639788
v -0.0059845548 0.013944781 0.069631038
v -0.0065095488 0.013962279 0.06965209
v -0.0066417405 0.021089313 0.06723621
v -0.0058108201 0.020334513 0.067524302
v -0.0048877207 0.021644456 0.06684563
v -0.0044860236 0.027541632 0.063018021
v -0.0056815998 0.026600098 0.063915256
v -0.0045543243 0.026494269 0.063863675
v -0.0057001327 0.025485038 0.064718653
v -0.0046284852 0.025383527 0.064669816
v -0.0057222401 0.024303649 0.065481889
v -0.0066967374 0.023302533 0.066123475
v -0.0067255496 0.024337685 0.065522704
v -0.0067585364 0.02543238 0.064821991
v -0.0047086667 0.024206752 0.065435904
v -0.0047950241 0.022961291 0.066161394
v -0.0066575546 0.021760718 0.066921258
v -0.0021074128 0.027125942 0.062892609
v -7.8963132e-06 0.025454019 0.063608296
v 0.0018399839 0.023554532 0.064289034
v 0.0034051398 0.021472208 0.064942299
v 0.0046609975 0.019253831 0.065574316
v -0.0058480844 0.018860448 0.068119456
v -0.0065871815 0.018516541 0.068286103
v -0.005889388 0.017306097 0.068669877
v -0.0065648275 0.017328597 0.068697101
v -0.0065327529 0.015458542 0.069263136
v 0.012028518 0.025552978 0.057053147
v 0.013206521 0.024675424 0.056951283
v 0.012495827 0.026197315 0.055936267
v 0.0085847135 0.020903525 0.062984343
v 0.0092411209 0.021778877 0.062087435
v 0.0071318248 0.023230172 0.062255274
v 0.0076719366 0.024102696 0.061330801
v 0.0053693901 0.025410121 0.061509617
v 0.0057978458 0.026266965 0.060556826
v 0.0033219395 0.027403718 0.060740319
v 0.0049335913 0.027682045 0.059663167
v 0.0036438175 0.028234832 0.059757976
v 0.0052774022 0.028456159 0.058639105
v 0.0039475836 0.029017731 0.058737618
v 0.0056016869 0.029185482 0.057577168
v 0.0042338903 0.029754508 0.057679124
v 0.0059071569 0.029871907 0.056476808
v 0.0045033567 0.030447139 0.056581945
v 0.0047565945 0.031097576 0.05544543
v 0.016427124 0.028910059 0.046900422
v 0.015066979 0.029837825 0.047018889
v 0.016109263 0.028476149 0.048300527
v 0.014767049 0.029402146 0.048418118
v 0.015769488 0.028017227 0.049657076
v 0.014446415 0.028940386 0.049773435
v 0.015406674 0.027532186 0.05097143
v 0.014104034 0.028451333 0.051086211
v 0.015019684 0.027019897 0.052244853
v 0.013655785 0.030707642 0.047140016
v 0.012440269 0.031931335 0.045819097
v 0.013918006 0.031118429 0.045695665
v 0.01534718 0.030248554 0.045573935
v 0.016724126 0.029319983 0.045454946
v 0.014607376 0.026479233 0.053478601
v 0.013738858 0.027933742 0.052357711
v 0.012754092 0.029315117 0.051203433
v 0.011658108 0.030618874 0.050012694
v 0.010455994 0.031841985 0.04878237
v 0.010917745 0.032688675 0.045943213
v 0.014168582 0.02590906 0.054673815
v 0.013349833 0.027386384 0.053589197
v 0.012412048 0.028793217 0.052472936
v 0.011360414 0.030124337 0.051322114
v 0.010200156 0.031375976 0.050133616
v 0.0089368457 0.032544887 0.048904306
v 0.0093546211 0.033390558 0.04606703
v 0.013702052 0.025308191 0.055831182
v 0.012935875 0.02680801 0.054781817
v 0.012047657 0.028240222 0.053702094
v 0.011042784 0.029598894 0.052589576
v 0.0099266491 0.030879529 0.051441295
v 0.0087049404 0.032078215 0.050254118
v 0.0073834789 0.033192181 0.049024893
v 0.0077551877 0.034036773 0.046189575
v 0.011659926 0.027654778 0.054892054
v 0.010704345 0.029041106 0.053816359
v 0.0096346787 0.030351104 0.052706686
v 0.0084567778 0.031580201 0.051560039
v 0.0071765874 0.032724972 0.050373255
v 0.0058000793 0.033783374 0.049143178
v 0.0061237393 0.0346271 0.046309868
v 0.0098628533 0.022612105 0.061153708
v 0.0081832337 0.024930118 0.060369246
v 0.006203014 0.027076665 0.059566501
v 0.006585749 0.027841142 0.058538646
v 0.0069468994 0.028562296 0.057473175
v 0.0072872705 0.029241918 0.056369552
v 0.0061945156 0.030517289 0.055337379
v 0.0049942145 0.03170776 0.054268918
v -0.0056466648 0.029573798 0.06126869
v -0.0068840762 0.028882793 0.062052613
v -0.0056549346 0.028641899 0.062190031
v -0.0068757796 0.028684542 0.062239873
v -0.0056665597 0.027651502 0.063072229
v -0.0068207607 0.027269953 0.063467576
v -0.0067983081 0.026638482 0.063960785
v -0.0034199085 0.026323911 0.063806611
v -0.0032984441 0.027365434 0.062957946
v -0.0031850151 0.028346698 0.062070352
v -0.0044234286 0.028528241 0.062133308
v -0.003079399 0.029270169 0.061143875
v -0.0043663976 0.029456597 0.061209578
v -0.002981384 0.030138286 0.060178448
v -0.0043147996 0.030329165 0.060246758
v -0.0028907604 0.030953487 0.059174008
v -0.0042685043 0.031148413 0.059244778
v -0.0028073208 0.031718172 0.058130395
v -0.0042273844 0.031916773 0.058203483
v -0.0027308776 0.032434629 0.057047032
v -0.0041913291 0.032636549 0.057122285
v -0.0026612446 0.033105096 0.055923239
v -0.0041602308 0.033310009 0.056000513
v -0.0025982384 0.033731817 0.054758334
v -0.0041339847 0.033939424 0.054837479
v -0.0041124839 0.034527038 0.053632404
v -0.0056414312 0.032043298 0.058269064
v -0.0070186605 0.031639889 0.058948866
v -0.0056399661 0.031272031 0.059308326
v -0.0070009374 0.031320939 0.05936392
v -0.0056416936 0.030449682 0.060308146
v -0.0069497027 0.030328114 0.060553608
v -0.0069162898 0.029618546 0.061320549
v 0.010451199 0.023404678 0.060183344
v 0.0086667738 0.025714138 0.059370634
v 0.00786902 0.027174099 0.05843702
v 0.008265834 0.027886271 0.057367954
v 0.0086399191 0.028558398 0.056261026
v 0.0076076574 0.029881773 0.055227152
v 0.0064644636 0.03112349 0.054158245
v 0.0052168236 0.032279622 0.05305166
v 0.0036930985 0.032809918 0.0531615
v 0.0038712627 0.03334732 0.051904326
v 0.0022981938 0.033820596 0.052012054
v 0.0024346552 0.034323961 0.050713076
v 0.00081667814 0.03473738 0.050817442
v 0.00091405294 0.035207623 0.049474829
v 0.0091236137 0.02645645 0.058335018
v 0.0095548011 0.027158735 0.057262323
v 0.0099613294 0.027822568 0.056152066
v 0.0089921651 0.02919214 0.055115604
v 0.0079088542 0.030483623 0.054045329
v 0.0067177001 0.031692346 0.052938641
v 0.0054249797 0.032814978 0.051792477
v 0.0040370539 0.033849288 0.050603659
v 0.0025606696 0.034793179 0.049369054
v 0.0027827935 0.035636656 0.046539884
v 0.010345978 0.025689443 0.058233422
v 0.010810162 0.026380828 0.057157109
v 0.011247787 0.027035461 0.056043525
v 0.010344184 0.028449507 0.055003617
v 0.0093234575 0.029789163 0.053931072
v 0.0081916509 0.031049216 0.052823348
v 0.0069548677 0.032225602 0.051677409
v 0.0056192203 0.033315634 0.050490082
v 0.0041909262 0.034317686 0.049258203
v 0.0044646707 0.035161008 0.046426949
v 0.0071624587 0.019020294 0.064665002
v 0.0078922794 0.019984512 0.063843781
v 0.0059607641 0.021342861 0.063991875
v 0.0065618128 0.022310825 0.063142497
v 0.0044391635 0.023547277 0.063302445
v 0.0049167893 0.024504207 0.062424863
v 0.0026212048 0.025588373 0.062591021
v 0.0029812882 0.026522271 0.061684659
v 0.00053434417 0.027425055 0.06185049
v 0.0020586018 0.027892984 0.060828732
v 0.00078312207 0.028326678 0.060913992
v 0.0023372499 0.028733375 0.059850187
v 0.0010176398 0.029175416 0.059939069
v 0.0025999491 0.029524276 0.058833399
v 0.0012383689 0.029973553 0.058925685
v 0.0028472586 0.030267866 0.057778227
v 0.0014457745 0.030723336 0.057873692
v 0.0030797072 0.030966201 0.056684125
v 0.0016402985 0.031426896 0.056782533
v 0.0032978157 0.031621308 0.055550428
v 0.001822374 0.032086326 0.055651544
v 0.0035021065 0.032235214 0.054376476
v 0.0019924343 0.032703724 0.054480046
v 0.00215091 0.033281161 0.053267277
v 0.00059472622 0.033691015 0.053368124
v 0.00071033396 0.034232502 0.052114775
v -0.00088775586 0.034580738 0.052211609
v -0.0024091593 0.035844154 0.049667492
v -0.0024914058 0.034862754 0.052301663
v -0.00097099268 0.034037152 0.053463163
v 0.00046956055 0.033110932 0.054578783
v 0.00033452855 0.032490249 0.055747938
v 0.00018928265 0.031826825 0.056876362
v 3.3478116e-05 0.031118512 0.057964731
v -0.00013323674 0.030363149 0.059013718
v -0.00031121335 0.029558548 0.060023888
v -0.00050082975 0.028702396 0.060995397
v -0.00070246554 0.02779235 0.061928293
v 0.00027083474 0.026468274 0.062748615
v 0.0022410089 0.024599877 0.063459314
v 0.0039355875 0.022537296 0.064141808
v 0.0053275387 0.020324468 0.064802719
v 0.0063938951 0.018009311 0.065447267
v -0.0019434491 0.028100398 0.0620018
v -0.0017895799 0.029017738 0.061072255
v -0.0016455093 0.029880358 0.060103925
v -0.0015109436 0.03069065 0.059096744
v -0.0013855925 0.031450985 0.058050556
v -0.0012691862 0.032163599 0.056964796
v -0.0011614603 0.032830699 0.055838777
v -0.0010621497 0.033454488 0.05467183
v -0.002541677 0.034317003 0.053551536
v -0.0040956491 0.035074958 0.0523841
v -0.0040756878 0.036060034 0.049752621
v -0.0057385177 0.036202468 0.049829127
v -0.00569548 0.035213518 0.052458072
v -0.0040735543 0.036911021 0.04693187
v -0.0023503871 0.036692209 0.046844643
v -0.0072858874 0.035274579 0.052522738
v -0.007266425 0.035070175 0.052999407
v -0.0056785309 0.034663477 0.053704934
v -0.0072349326 0.03472255 0.053768298
v -0.005664633 0.034073616 0.05490845
v -0.0071747307 0.033994991 0.055229053
v -0.0056537963 0.033441805 0.05606981
v -0.007137316 0.033496844 0.056130326
v -0.0056460521 0.032765795 0.057189786
v -0.0070933339 0.03286092 0.057182569
v -0.0070451089 0.032094261 0.058326386
v 0.018125026 0.031331444 0.03571376
v 0.018469264 0.031853997 0.032000456
v 0.016989363 0.03276596 0.032111322
v 0.018609006 0.029081981 0.042305077
v 0.017724211 0.030739858 0.039179725
v 0.017259724 0.030071902 0.04242013
v 0.016289787 0.031663999 0.039297315
v 0.015852246 0.03099959 0.042539117
v 0.01479873 0.032526963 0.039417968
v 0.014390276 0.031867242 0.042660999
v 0.01325477 0.033331437 0.039540643
v 0.012877516 0.032677072 0.042784733
v 0.011317779 0.033430927 0.042909286
v 0.016666648 0.032250108 0.035828619
v 0.015448915 0.033614936 0.032225614
v 0.015149624 0.033106618 0.035946719
v 0.013851683 0.034404535 0.032342328
v 0.013577697 0.033904132 0.036067028
v 0.011661756 0.034079711 0.039664312
v 0.0097153408 0.034129222 0.043033678
v 0.0089111653 0.036854688 0.028683875
v 0.010681595 0.036237278 0.02856957
v 0.012707963 0.036266507 0.019502488
v 0.012406682 0.035566503 0.028455139
v 0.014428131 0.035556139 0.019400561
v 0.01408171 0.03484125 0.028341476
v 0.016090531 0.034790061 0.019300893
v 0.015702118 0.034059901 0.028229493
v 0.017691178 0.033963974 0.019204365
v 0.012201576 0.035137915 0.032460461
v 0.01195475 0.034645378 0.03618853
v 0.010024042 0.034772516 0.039787986
v 0.0083461069 0.035410194 0.039910694
v 0.008074592 0.034772023 0.04315692
v 0.0066324289 0.035993079 0.040031459
v 0.0063999225 0.035359397 0.043278035
v 0.0048876138 0.03652113 0.040149318
v 0.0046958355 0.035891053 0.043396052
v 0.0031167677 0.036992734 0.040263352
v 0.0029672949 0.036365261 0.04351004
v 0.0013251211 0.037405881 0.040372655
v 0.0012193778 0.036779945 0.043619085
v -0.0004820929 0.037758578 0.040476314
v -0.00054283587 0.03713303 0.043722258
v -0.0022994795 0.038048426 0.040573434
v -0.0023141205 0.037422078 0.043818658
v -0.0041211911 0.03827147 0.040663157
v -0.0040888346 0.037643227 0.043907408
v -0.0059413212 0.038423373 0.040744648
v -0.0058612817 0.037792262 0.043987654
v -0.0076257666 0.037864958 0.044058541
v -0.0077053298 0.038275079 0.042048993
v -0.0041705001 0.03880951 0.037179764
v -0.0023058416 0.038584878 0.037089585
v -0.00044635253 0.038294658 0.03699239
v 0.0014019201 0.037942885 0.036889009
v 0.003233421 0.037531927 0.036780316
v 0.0050427694 0.037063704 0.036667198
v 0.0068245883 0.036540154 0.036550543
v 0.0085736341 0.035962775 0.036431245
v 0.010285209 0.035331388 0.036310256
v 0.031809291 0.00024310722 0.030356823
v 0.031186954 0.000438656 0.035331069
v 0.03053056 0.00059395972 0.039310042
v 0.029930573 0.0034527896 0.041810007
v 0.028746943 0.012847278 0.041613857
v 0.0293773 0.013237874 0.038404959
v 0.028853215 0.015291608 0.038399395
v 0.03223915 0.0094021753 0.018786987
v 0.03249536 0.0064541715 0.018876196
v 0.033028181 0.0063886879 0.008738099
v 0.033078552 -0.0004490834 0.012913172
v 0.031832793 0.0064104421 0.027582922
v 0.032065668 0.00014243021 0.027807102
v 0.02494867 0.02371092 0.038598148
v 0.025301065 0.021632023 0.041757906
v 0.02589465 0.022245174 0.038532205
v 0.026156109 0.020092578 0.041700997
v 0.026760214 0.02067805 0.038478178
v 0.024414847 0.025668397 0.035224867
v 0.02545114 0.02428435 0.035151812
v 0.026407473 0.022800831 0.035089635
v 0.02728173 0.021209604 0.035039509
v 0.01909828 0.029751862 0.039066237
v 0.02040839 0.028696934 0.038957904
v 0.01989651 0.02802726 0.042195011
v 0.021651446 0.027570441 0.038855822
v 0.021119103 0.02690375 0.042091019
v 0.02282447 0.026367355 0.038761096
v 0.022273778 0.025707107 0.041994203
v 0.023924495 0.025082653 0.038674832
v 0.023357518 0.024432977 0.041905665
v 0.024367427 0.02307666 0.041826519
v 0.01952101 0.030347478 0.035603169
v 0.019884864 0.030875445 0.031894023
v 0.020850995 0.029294629 0.03549789
v 0.021232544 0.029826232 0.031793048
v 0.022111915 0.02816763 0.035399014
v 0.022509276 0.02870047 0.031698606
v 0.023300842 0.026960785 0.035307637
v 0.02371218 0.027491806 0.031611778
v 0.024838382 0.026193898 0.031533648
v 0.025885138 0.02479994 0.03146532
v 0.026850302 0.023301303 0.031407944
v 0.02773188 0.021688901 0.031362679
v 0.030800392 0.019487945 0.0084185401
v 0.030073508 0.021499255 0.0084027821
v 0.029565012 0.021020628 0.018616896
v 0.028755018 0.022826317 0.01862978
v 0.028121024 0.022117272 0.027421511
v 0.027233102 0.023748523 0.027461038
v 0.026868961 0.026024983 0.018693437
v 0.027853208 0.025835008 0.0084203422
v 0.02658539 0.025667818 0.023265957
v 0.026260184 0.025260263 0.027512674
v 0.025520871 0.027077045 0.023321935
v 0.025204163 0.026662399 0.027575271
v 0.024373777 0.02838222 0.023387738
v 0.024067088 0.02796435 0.027647703
v 0.024639595 0.028749009 0.018800444
v 0.025228285 0.028107791 0.018770091
v 0.025796277 0.027440817 0.018742055
v 0.017263974 0.033218905 0.028120153
v 0.018763503 0.032314212 0.028014433
v 0.019013999 0.032718547 0.023728503
v 0.020196931 0.031341777 0.027913314
v 0.020463976 0.031752281 0.023633722
v 0.021560638 0.030297062 0.027817785
v 0.02184254 0.030712261 0.023544657
v 0.022851636 0.029173578 0.027728894
v 0.023146736 0.029591431 0.02346232
v 0.024030547 0.029365487 0.018832988
v 0.019226265 0.033073033 0.019111867
v 0.020691982 0.032112392 0.019024291
v 0.022084696 0.03107666 0.018942547
v 0.023401483 0.029958243 0.018867602
v 0.03241926 0.012304486 0.0085577073
v 0.03197364 0.014906921 0.0084949144
v 0.0314473 0.014626174 0.018667373
v 0.030911875 0.016935002 0.01863453
v 0.030257143 0.016403502 0.027387109
v 0.029634467 0.018456131 0.027383361
v 0.02985624 0.016074611 0.031311301
v 0.02923641 0.018086011 0.031313156
v 0.029392063 0.015703916 0.034973261
v 0.028775733 0.017670652 0.034980113
v 0.029919517 0.013591441 0.034983295
v 0.030386234 0.013907634 0.031326363
v 0.030789142 0.014185879 0.0274077
v 0.03188988 0.012120372 0.018717795
v 0.032770574 0.0094715136 0.0086383785
v 0.022769194 0.032110254 -0.0034626795
v 0.025075756 0.029342291 0.008506895
v 0.025674552 0.028697913 0.0084847947
v 0.02625197 0.028026341 0.0084649727
v 0.02680769 0.027326356 0.0084475424
v 0.027341499 0.026596443 0.0084326244
v 0.0071292549 0.038672144 0.0086397249
v 0.012886592 0.036808939 0.0090823226
v 0.014648706 0.03610851 0.0089947329
v 0.016350362 0.035352683 0.0089100493
v 0.017987509 0.034536562 0.008829037
v 0.019556287 0.033654625 0.0087524788
v 0.021052836 0.032701371 0.0086811573
v 0.022473493 0.031670679 0.0086158715
v 0.0098263372 0.0015904518 0.067735207
v 0.0092543848 0.0031179626 0.067872752
v 0.006731739 0.0016136704 0.068855963
v 0.0076207223 0.0029453509 0.068485694
v 0.0059867586 0.001617693 0.069086786
v 0.0031241185 0.0016282141 0.069850934
v 0.0020312761 0.003174655 0.070009792
v 0.005901574 0.0027686228 0.069050066
v 0.005669693 0.0039052083 0.06903157
v -0.0018589007 0.0016304886 0.070782042
v -0.0019769019 0.00241259 0.070762565
v -0.0011497068 0.0016312701 0.070677022
v 0.0022546662 0.0016299851 0.070047583
v 0.017299025 0.0014764167 0.063586686
v 0.018705107 0.0014418616 0.062480226
v 0.018538221 0.0042141165 0.06239155
v 0.016242048 0.003920729 0.064153586
v 0.01639477 0.0014959322 0.064230906
v 0.015070911 0.0015211751 0.065091257
v 0.014992506 0.003768118 0.064978628
v 0.013808221 0.001541989 0.065830687
v 0.01367178 0.0036115617 0.065764805
v 0.012503578 0.0015605312 0.06652096
v 0.012277069 0.0034510364 0.066510426
v 0.010805546 0.0032865133 0.06721368
v 0.015829939 0.0062246574 0.06411839
v 0.014601102 0.0059153548 0.064945756
v 0.013302639 0.0055988009 0.065734248
v 0.011931826 0.0052749421 0.06648219
v 0.010485905 0.0049437173 0.067187785
v 0.0089621203 0.0046050672 0.06784925
v 0.019254835 0.0014267883 0.062008743
v 0.019590129 0.0043548845 0.06145668
v 0.019124598 0.0071093129 0.061414285
v 0.0053022098 0.0050210885 0.069029413
v 0.019763361 0.0014119766 0.061550997
v 0.020839641 0.0013775899 0.06050661
v 0.020581408 0.0044916877 0.060487196
v 0.021514537 0.0046244961 0.059483551
v 0.02321614 0.0048780108 0.057374978
v 0.023860109 0.0012526821 0.056868955
v 0.023989479 0.004998653 0.056270554
v 0.024187964 0.0012358599 0.0563929
v 0.024916664 0.0011954785 0.05526037
v 0.025186592 0.0011793609 0.054812009
v 0.025539412 0.0032403813 0.054017541
v 0.024858511 0.0032013318 0.055187294
v 0.021699099 0.0013467745 0.059589122
v 0.022422839 0.0013181578 0.058750154
v 0.022391964 0.0047532804 0.05844604
v 0.022581557 0.0013115222 0.058557215
v 0.023410364 0.0012745425 0.057491746
v 0.022996259 0.0065680985 0.057340963
v 0.022177003 0.0063730555 0.058413753
v 0.021304962 0.0061724851 0.059452949
v 0.020377717 0.0059664113 0.060458251
v 0.020100742 0.0073898409 0.060442283
v 0.021019968 0.0076631926 0.059436033
v 0.02188466 0.0079293672 0.058395824
v 0.022697207 0.0081883617 0.057321967
v 0.027325422 0.0033397878 0.050298222
v 0.027387815 0.0010168865 0.050383521
v 0.02757396 0.00099987254 0.049927564
v 0.028323526 0.0033906649 0.047633716
v 0.023765124 0.0067575821 0.056234773
v 0.024714277 0.0051151499 0.055132459
v 0.025392794 0.0052274384 0.053960245
v 0.026027283 0.005335456 0.05275347
v 0.026619973 0.0054391322 0.051511562
v 0.027172973 0.0055383893 0.050233476
v 0.028387596 0.00091707852 0.047724952
v 0.02866741 0.00088488895 0.046875006
v 0.029186781 0.0034285768 0.044809169
v 0.029252283 0.00080987945 0.044906211
v 0.029711809 0.00074195516 0.043135687
v 0.0299973 0.00069481181 0.041912712
v 0.029029144 0.0058896421 0.044734317
v 0.028780558 0.0082023845 0.044680417
v 0.028168161 0.0057233367 0.047563942
v 0.020232388 0.01048188 0.059439929
v 0.020661677 0.0090990232 0.059431965
v 0.02151704 0.0094250893 0.058391389
v 0.019335651 0.01009019 0.060446141
v 0.019752619 0.0087639313 0.060438502
v 0.027922893 0.007923153 0.04751443
v 0.027445113 0.0077743489 0.048870604
v 0.026932055 0.0076195265 0.050188145
v 0.02638167 0.0074587547 0.051468243
v 0.025791922 0.0072921026 0.052712103
v 0.02516072 0.007119645 0.053920789
v 0.024485867 0.006941451 0.055094861
v 0.023459968 0.0084401691 0.056214633
v 0.023076022 0.010050296 0.056209171
v 0.022080809 0.013065858 0.056238514
v 0.021346552 0.012661275 0.057345945
v 0.021617222 0.011954264 0.057334171
v 0.020565167 0.012243874 0.058419532
v 0.021076427 0.010862547 0.058399573
v 0.019734453 0.011813492 0.059459117
v 0.01917021 0.013095584 0.059488711
v 0.018304541 0.012604589 0.060492613
v 0.018852178 0.011369959 0.060464438
v 0.022321051 0.0097421689 0.057317064
v 0.022855204 0.01082921 0.056211649
v 0.022104762 0.01049503 0.057319622
v 0.022615536 0.011591193 0.056217446
v 0.021870057 0.011232288 0.05732536
v 0.022357309 0.012336617 0.056226441
v 0.02277003 0.013457749 0.055096906
v 0.023051861 0.012707245 0.055084605
v 0.023315013 0.01193932 0.055075504
v 0.024845022 0.0089220778 0.053898132
v 0.025471722 0.0091520978 0.052688062
v 0.025280369 0.010047614 0.052682207
v 0.026057444 0.0093747675 0.051442738
v 0.026408251 0.010535931 0.050154046
v 0.02660424 0.0095900331 0.050161079
v 0.027114121 0.0097978497 0.048841898
v 0.027389455 0.010991398 0.047475541
v 0.0275891 0.0099981726 0.047483987
v 0.028442185 0.010376113 0.04464622
v 0.027168266 0.011956302 0.047471416
v 0.02595333 0.012352744 0.05015226
v 0.026191196 0.011456609 0.050151151
v 0.024836436 0.011772732 0.052682144
v 0.025068514 0.010920974 0.052680272
v 0.024447595 0.010639701 0.053891231
v 0.024656393 0.009791211 0.053892776
v 0.023989567 0.0095266893 0.055068597
v 0.024175171 0.0086847541 0.055073503
v 0.027769207 0.013395702 0.044629188
v 0.028015312 0.012419965 0.0446305
v 0.026925782 0.012893698 0.047471467
v 0.029812128 0.011038893 0.038428497
v 0.029178392 0.01072324 0.041633239
v 0.026377895 0.0146892 0.047483521
v 0.027212788 0.01525952 0.044638914
v 0.026072972 0.015548927 0.04749524
v 0.026902923 0.016149488 0.044649655
v 0.025747728 0.016384386 0.047510553
v 0.02657225 0.017012753 0.044664119
v 0.025402401 0.017196386 0.047529328
v 0.025416207 0.014074104 0.050165935
v 0.025117469 0.014900688 0.050178227
v 0.024798961 0.015705449 0.05019397
v 0.024460937 0.016489063 0.050213029
v 0.024103677 0.017252178 0.05023526
v 0.027501626 0.014341907 0.044632041
v 0.026662244 0.013804393 0.047475552
v 0.025694912 0.013225016 0.050157232
v 0.024584404 0.012603441 0.052687679
v 0.024218904 0.011468039 0.053893372
v 0.02378415 0.010349474 0.055067381
v 0.018383927 0.0096873764 0.061417938
v 0.017386424 0.012097958 0.061461854
v 0.017374891 0.0092733515 0.062354911
v 0.016413668 0.011575443 0.062396046
v 0.016306105 0.0088480032 0.06325615
v 0.015383962 0.011036773 0.063294328
v 0.015175103 0.008411209 0.064120637
v 0.014294978 0.010481662 0.064155707
v 0.013979415 0.0079628462 0.064947352
v 0.013144387 0.0099098245 0.0649792
v 0.012716549 0.0075027837 0.065735147
v 0.011929829 0.0093209634 0.065763689
v 0.00982153 0.012684183 0.065888561
v 0.010959094 0.011049856 0.065816075
v 0.011529828 0.012637106 0.065074535
v 0.012113296 0.011754415 0.065037101
v 0.012591626 0.013368927 0.064259851
v 0.013207402 0.012436014 0.064219016
v 0.013597578 0.014075288 0.063407032
v 0.014243606 0.01309516 0.063362889
v 0.015224073 0.013732348 0.062469666
v 0.016150972 0.014348073 0.061540287
v 0.006218672 0.010074988 0.067952512
v 0.0034994013 0.0081740239 0.069102317
v 0.007112861 0.0087928216 0.067902331
v 0.0042056099 0.0071629467 0.069066645
v 0.0078775685 0.0074488689 0.067866661
v 0.004810394 0.0061093906 0.069041725
v 0.0084986117 0.0060507411 0.067848095
v -0.0027811611 0.0039529422 0.070779744
v -0.00010460283 0.011625914 0.06931597
v 0.0063736435 0.012302777 0.067379002
v 0.007480937 0.010976179 0.067307961
v 0.0084611954 0.0095696234 0.067250354
v 0.009298915 0.0080908296 0.06720914
v 0.0097425003 0.01032178 0.066554381
v 0.0086811822 0.011845637 0.066619441
v 0.0085346125 0.014217775 0.06597744
v 0.0074814305 0.013279246 0.066699423
v 0.010238401 0.014320393 0.06516379
v 0.010904101 0.013492641 0.065116934
v 0.011227885 0.015144237 0.064357063
v 0.011930994 0.014271821 0.06430605
v 0.012165986 0.01593646 0.063511994
v 0.01290422 0.015022476 0.063456936
v 0.01382576 0.015745344 0.062570488
v 0.0052093446 0.011287267 0.068014632
v 0.0027034056 0.0091346081 0.069146903
v 0.022469806 0.014191261 0.055112276
v 0.021786328 0.01377929 0.056253559
v 0.021058336 0.013353642 0.057360574
v 0.019985598 0.013571197 0.058450399
v 0.019340109 0.014846501 0.058491338
v 0.020752864 0.014031685 0.057377938
v 0.021144567 0.015160206 0.056292073
v 0.020430435 0.014695702 0.057397921
v 0.020797909 0.015828305 0.056315313
v 0.020091372 0.015345907 0.057420429
v 0.021461677 0.016293993 0.055175633
v 0.021090867 0.016963409 0.0552021
v 0.019736008 0.015982499 0.057445341
v 0.019364668 0.016605671 0.057472553
v 0.01710431 0.016658315 0.059631945
v 0.016301117 0.016047736 0.060628887
v 0.015450255 0.015414088 0.061590684
v 0.016299941 0.01775452 0.059695206
v 0.0155217 0.01711066 0.060689069
v 0.014697597 0.016441165 0.061647602
v 0.024312699 0.013413653 0.052696752
v 0.024021586 0.014203921 0.052709233
v 0.023711342 0.014974798 0.052724989
v 0.023382242 0.015726837 0.052743889
v 0.023034565 0.016460562 0.052765809
v 0.022668631 0.017176386 0.052790614
v 0.02382587 0.020223673 0.047636137
v 0.024248664 0.019498751 0.047604956
v 0.025457759 0.019451449 0.044728331
v 0.024652563 0.018752957 0.047576661
v 0.025849406 0.01866291 0.044703599
v 0.026930233 0.018451832 0.041656948
v 0.021464567 0.019220275 0.052881117
v 0.02248853 0.020109694 0.050353295
v 0.021028885 0.019868321 0.052916224
v 0.020576584 0.020500385 0.052953588
v 0.015442104 0.018806407 0.059764913
v 0.014690819 0.018132071 0.060755392
v 0.013895575 0.017429514 0.061710341
v 0.012238891 0.017614126 0.062693292
v 0.011385442 0.016816632 0.06357161
v 0.010484772 0.015985414 0.06441233
v 0.0095350965 0.015119468 0.065214598
v 0.018042486 0.021237663 0.055450162
v 0.018524119 0.02066928 0.055408818
v 0.018990951 0.0200872 0.055369249
v 0.019442614 0.019491261 0.05533157
v 0.019878768 0.018881197 0.055295898
v 0.020299081 0.018256725 0.055262353
v 0.020703225 0.017617556 0.055231046
v 0.015859069 0.02113006 0.05776003
v 0.015215678 0.020486583 0.058817882
v 0.014533625 0.019814186 0.059840297
v 0.013811252 0.01911194 0.060827127
v 0.013046904 0.0183789 0.061778213
v 0.020107992 0.021116846 0.052993087
v 0.02109078 0.022061746 0.050468659
v 0.019623447 0.02171806 0.053034598
v 0.020591087 0.022678589 0.050511518
v 0.019123323 0.022304268 0.053077995
v 0.020075098 0.023279151 0.050556366
v 0.018608 0.022875687 0.05312316
v 0.018077861 0.02343253 0.053169969
v 0.019543197 0.023863717 0.050603077
v 0.020909811 0.024167774 0.047876355
v 0.02163907 0.024975474 0.045027149
v 0.020505744 0.026162244 0.045124739
v 0.020363701 0.024762488 0.047923967
v 0.019801405 0.025340415 0.047973386
v 0.018995768 0.02443258 0.050651518
v 0.024615512 0.020958986 0.044787061
v 0.023696686 0.022378487 0.044857199
v 0.022703698 0.023715553 0.044937606
v 0.018433195 0.024986039 0.050701565
v 0.016974665 0.02450334 0.053268037
v 0.017533289 0.023975011 0.0532183
v 0.01649054 0.023953806 0.054468132
v 0.01785586 0.02552438 0.050753088
v 0.018629786 0.026447407 0.048077128
v 0.017264149 0.026047899 0.050805966
v 0.018021229 0.026977225 0.048131186
v 0.016658443 0.026556889 0.050860063
v 0.019223303 0.025901932 0.048024487
v 0.019306764 0.027279526 0.045229287
v 0.018683606 0.027813257 0.045283835
v 0.018045176 0.028330991 0.045339717
v 0.017732573 0.027922855 0.046785628
v 0.017398018 0.027491752 0.048186525
v 0.017040379 0.027036762 0.049544218
v 0.015975517 0.023377013 0.055631014
v 0.01486306 0.024368139 0.055729137
v 0.015428151 0.022772006 0.056757239
v 0.014340828 0.023748411 0.056852359
v 0.014846998 0.022137821 0.057847362
v 0.013786544 0.023097517 0.057939199
v 0.014230589 0.021473483 0.058901825
v 0.013198836 0.022414354 0.058990098
v 0.013577384 0.02077794 0.059920598
v 0.012576256 0.021697736 0.060005041
v 0.011917345 0.020946473 0.060983925
v 0.027543139 0.01900218 0.038437239
v 0.028071811 0.01950243 0.035002607
v 0.028527869 0.019953651 0.031330692
v 0.028922055 0.020356607 0.027395233
v 0.030284236 0.01906158 0.018618094
v 0.031433896 0.017295952 0.0084488885
v 0.011220637 0.020159365 0.06192664
v 0.010484644 0.019335208 0.062832939
v 0.0097077998 0.018472739 0.063702138
v 0.0088885285 0.017570684 0.064533438
v 0.0080252574 0.016627757 0.065326046
v 0.022284769 0.017874688 0.052818187
v 0.023727482 0.017995313 0.050260534
v 0.025037243 0.017985701 0.047551411
v 0.026220998 0.017850259 0.044682149
v 0.023970599 0.012276718 0.05389907
v 0.023559204 0.011153539 0.055069719
v 0.0082667744 0.035818017 0.022448011
v 0.0082592247 0.036888237 0.022404993
v 0.0019047665 -0.044815344 -0.034925806
v 0.00036275372 -0.044846307 -0.032155896
v 0.00048194208 -0.044814079 -0.032070238
v 0.00073865907 -0.044746607 -0.031910037
v 0.00093015312 -0.044697347 -0.031805779
v 0.013124086 -0.041022636 -0.029980788
v 0.020776561 -0.037461037 -0.03285827
v 0.020788186 -0.03745502 -0.032875302
v 0.0080913843 -0.042583998 -0.037340612
v 0.0070445707 -0.042886162 -0.037161376
v 0.006724026 -0.042975307 -0.037101759
v 0.010135471 -0.041941337 -0.037617689
v 0.0091342427 -0.042265257 -0.037494662
v 0.0090515485 -0.04229121 -0.03748338
v 0.012072303 -0.041259956 -0.037775418
v 0.01136308 -0.041518307 -0.037731179
v 0.011134643 -0.041599285 -0.037713446
v 0.013384589 -0.040752614 -0.037808352
v 0.012988667 -0.040909868 -0.037805771
v 0.014387253 -0.040337098 -0.037781726
v 0.013860248 -0.040558678 -0.037802025
v 0.015376295 -0.039900792 -0.037699329
v 0.014674466 -0.040213229 -0.037764165
v 0.016688007 -0.039527128 -0.037622372
v 0.016081539 -0.039571958 -0.037597365
v 0.015441061 -0.039871236 -0.03769162
v 0.018263245 -0.039413382 -0.037687221
v 0.018673185 -0.039178076 -0.03757549
v 0.018838449 -0.039080568 -0.037522724
v 0.019081279 -0.038934355 -0.037435897
v 0.019182995 -0.038872011 -0.037395901
v 0.019457146 -0.038700577 -0.03727595
v 0.019635377 -0.038586281 -0.037187167
v 0.019791196 -0.038484382 -0.03710142
v 0.020034721 -0.038321103 -0.036949486
v 0.020087331 -0.038285133 -0.03691335
v 0.020217719 -0.038194835 -0.036817916
v 0.020670741 -0.03786609 -0.036399625
v 0.020596091 -0.037922131 -0.036480402
v 0.020418472 -0.038052309 -0.036651839
v 0.020379577 -0.038080283 -0.036686067
v 0.020752541 -0.037803639 -0.036303794
v 0.020889456 -0.037696252 -0.036121969
v 0.021097767 -0.037523275 -0.035765727
v 0.021031253 -0.037580131 -0.03589378
v 0.020930534 -0.037663205 -0.036060858
v 0.020910443 -0.03767942 -0.036091186
v 0.021117114 -0.037506354 -0.035724972
v 0.02118914 -0.037441358 -0.035554137
v 0.02130485 -0.037324569 -0.035156243
v 0.021262964 -0.037369715 -0.035329521
v 0.021248083 -0.037384757 -0.035380865
v 0.021234476 -0.037398202 -0.035424654
v 0.021357163 -0.037246136 -0.03470912
v 0.021352164 -0.037259072 -0.034809117
v 0.021334395 -0.037287812 -0.034982961
v 0.021320818 -0.037305548 -0.035071418
v 0.021338384 -0.037219675 -0.034294044
v 0.021343664 -0.037220499 -0.034341041
v 0.021354918 -0.037226534 -0.03448633
v 0.021358453 -0.037238122 -0.034634117
v 0.021308575 -0.037221979 -0.034102366
v 0.021280292 -0.037228847 -0.033970323
v 0.021141876 -0.037281892 -0.033535989
v 0.021166825 -0.037271081 -0.033600237
v 0.021214355 -0.037251648 -0.033735918
v 0.021265404 -0.037233369 -0.033910556
v 0.021040605 -0.037328569 -0.033308598
v 0.021002755 -0.037346831 -0.03323381
v 0.020919312 -0.037388128 -0.033082968
v 0.020200683 -0.037766315 -0.032188417
v 0.02038425 -0.037668167 -0.032372907
v 0.020520514 -0.037595594 -0.032524979
v 0.020599665 -0.037553672 -0.032620516
v 0.019402067 -0.038190925 -0.03156677
v 0.019814048 -0.03797289 -0.031857311
v 0.019829533 -0.037964638 -0.031869348
v 0.020103254 -0.03781845 -0.032098401
v 0.018377798 -0.038717239 -0.031024432
v 0.018835303 -0.038485246 -0.031240953
v 0.018918242 -0.038442638 -0.031284255
v 0.019375749 -0.038204749 -0.031549935
v 0.017134102 -0.03932099 -0.030583067
v 0.017344467 -0.039221634 -0.030645415
v 0.017781518 -0.039011629 -0.030789753
v 0.018175745 -0.038818011 -0.030939466
v 0.016431615 -0.039644859 -0.030403814
v 0.014863296 -0.040326465 -0.030131373
v 0.015547186 -0.04003597 -0.030231353
v 0.015682664 -0.039977216 -0.030254408
v 0.01621594 -0.039741905 -0.030356748
v 0.014026232 -0.040668862 -0.03004207
v 0.013885921 -0.040724898 -0.030030291
v 0.011253482 -0.041709967 -0.029949633
v 0.011777554 -0.041523349 -0.029946578
v 0.012204687 -0.041367909 -0.029950623
v 0.010275248 -0.042046765 -0.029977486
v 0.0092946555 -0.042370206 -0.030032534
v 0.0073211822 -0.042982336 -0.030221233
v 0.0074582499 -0.042941369 -0.030204783
v 0.008306204 -0.04268294 -0.030114166
v 0.0091193357 -0.042426622 -0.030045125
v 0.0063677289 -0.043261425 -0.030349903
v 0.0045251213 -0.043773556 -0.030675592
v 0.005119625 -0.043612036 -0.030558426
v 0.0054161343 -0.04353019 -0.030504496
v 0.0036646968 -0.044001624 -0.030869174
v 0.0021349741 -0.04439346 -0.031307566
v 0.0022629198 -0.044361182 -0.031264758
v 0.0028665033 -0.044207887 -0.031079716
v 0.0033098963 -0.044093885 -0.030958603
v 0.0014906572 -0.044555515 -0.031548129
v 0.0013785205 -0.044583739 -0.031595249
v 0.00053406133 -0.044800198 -0.032035345
v 0.00022045088 -0.044886015 -0.032272205
v 0.00019871411 -0.045050488 -0.033817447
v 0.00033147522 -0.045037841 -0.03394494
v 0.00057374254 -0.045010677 -0.034144009
v 0.00036094696 -0.045034785 -0.033971138
v 0.00093837709 -0.044963365 -0.03439572
v 0.00077957706 -0.044984737 -0.034291405
v 0.0018797186 -0.044819501 -0.034913641
v 0.0015669233 -0.044870087 -0.034755945
v 0.001302733 -0.044910789 -0.034612882
v 0.0033712015 -0.044548943 -0.035552809
v 0.0032633218 -0.044569973 -0.035511195
v 0.0026248063 -0.044689965 -0.035251869
v 0.0042265344 -0.044374761 -0.035864157
v 0.0050887602 -0.044186295 -0.036149789
v 0.0053875563 -0.044118034 -0.036243111
v 0.0060107811 -0.043970829 -0.036429294
v 0.0069656498 -0.043732639 -0.036694021
v 0.0079232718 -0.043478217 -0.036936329
v 0.0081086777 -0.043427108 -0.036980668
v 0.0089018936 -0.043201489 -0.03716108
v 0.0089907262 -0.043175506 -0.037180351
v 0.013851691 -0.018107567 0.061483594
v 0.014794308 -0.017139996 0.061325664
v 0.014061557 -0.01637106 0.062253358
v 0.015486343 -0.017882604 0.060360125
v 0.020539847 -0.015873916 0.056634227
v 0.020934965 -0.015233693 0.056551496
v 0.01958102 -0.01406413 0.058705319
v 0.017217855 -0.0121907 0.061666214
v 0.016333541 -0.011532845 0.062580566
v 0.015647881 -0.012601139 0.062716752
v 0.015397536 -0.010857634 0.063458053
v 0.011686757 -0.0096090109 0.065968712
v 0.012257755 -0.008724042 0.065860229
v 0.011093303 -0.007975564 0.066580798
v -0.0027483564 -0.00069741673 0.070966664
v 0.00056915616 -0.0028851348 0.070413824
v 0.00146952 -0.0014374614 0.070260534
v 0.0072144812 -0.0056127749 0.068481361
v 0.007960203 -0.004265383 0.068337516
v 0.0048738018 -0.002879254 0.069403023
v 0.027238701 -0.0078624576 0.049551753
v 0.026725198 -0.0075566414 0.05085029
v 0.026542553 -0.0085027184 0.050919302
v 0.021228778 -0.010808047 0.058331746
v 0.021507222 -0.010115096 0.058261438
v 0.020719427 -0.0096239272 0.059298501
v 0.021963319 -0.01131087 0.057262053
v 0.020932877 -0.011486744 0.058403646
v 0.024127543 -0.0099714914 0.054793332
v 0.023466603 -0.0095500324 0.055939266
v 0.023214289 -0.01031838 0.056010115
v 0.026681698 -0.0033109376 0.051863269
v 0.026086903 -0.0031162834 0.053093185
v 0.025879148 -0.0050730589 0.053209118
v 0.024886811 -0.00081038875 0.055348545
v 0.021560781 -0.0019311204 0.059747052
v 0.023238087 -0.034359619 -0.00079093538
v 0.022929386 -0.032956299 0.011213541
v 0.021523351 -0.033998332 0.011362139
v 0.025275229 -0.022581884 0.040458879
v 0.024683283 -0.021698825 0.043626258
v 0.023692533 -0.023058506 0.043814578
v 0.03129603 -0.0084677959 0.032116713
v 0.031512616 -0.0057592571 0.031972354
v 0.03103897 -0.0053910047 0.035595898
v -0.0052809137 -0.035641374 0.049932557
v -0.0035629067 -0.035478038 0.049841535
v -0.0035786224 -0.034403531 0.05258489
v -0.0019152521 -0.034171725 0.052481766
v -0.00025440358 -0.033871314 0.052365336
v -0.00041323537 -0.032686905 0.054915418
v 0.003336558 -0.023840469 0.063708978
v 0.0029628431 -0.022842008 0.06453767
v 0.00062501042 -0.023739439 0.064766702
v 0.0059965331 -0.026787565 0.059826995
v 0.0073328934 -0.02615585 0.059672557
v 0.0069610178 -0.025356671 0.060676922
v 0.0090263758 -0.026225402 0.058463051
v 0.010337352 -0.025482151 0.058294641
v 0.0099208857 -0.024737148 0.059348271
v 0.0090114063 -0.023140658 0.061334342
v 0.0085163059 -0.02228591 0.062267085
v 0.0061498782 -0.023636856 0.062562702
v 0.013537442 -0.022235621 0.058836861
v 0.01404247 -0.022949201 0.05777088
v 0.015190181 -0.022004111 0.05759306
v 0.0079928609 -0.021391271 0.063159425
v 0.010762665 -0.020748517 0.061958074
v -0.0023471098 -0.020949102 0.067130529
v -0.0021341877 -0.022165288 0.066453071
v 2.1503033e-05 -0.02153119 0.066274437
v -0.00179641 -0.014940628 0.069250705
v -0.0022175607 -0.013419469 0.069700904
v -0.002910537 -0.013660032 0.069758569
v -0.0058100468 -0.010793341 0.070625382
v -0.0052789276 -0.010733273 0.070597726
v -0.0063353962 -0.0085923592 0.070949835
v -0.0048089906 -0.002476962 0.071211489
v -0.0055881436 -0.0027910841 0.071274195
v -0.0033528587 -0.0013956534 0.071050765
v -0.0040517759 -0.0020001952 0.071134689
v 0.0035302043 -0.044003191 -0.013630164
v 0.0010940956 -0.042330538 0.0064648939
v -0.00072108389 -0.044817834 -0.013416136
v -0.0039513702 -0.043415293 0.0038413091
v 0.0078779387 -0.045984725 -0.044115001
v 0.012120523 -0.044673627 -0.044924071
v 0.011616188 -0.041787848 -0.014081359
v 0.020663544 -0.040825068 -0.046588417
v 0.020462711 -0.03784949 -0.014661917
v 0.018832196 -0.038759718 -0.014545331
v 0.034084828 -0.0091552176 -0.016544569
v 0.035060235 -0.012452673 -0.05037155
v 0.033546114 -0.015476253 -0.016256301
v 0.034575196 -0.017396588 -0.050045686
v 0.033290174 -0.023977003 -0.049506211
v 0.033559987 -0.022926384 -0.049602923
v 0.032602749 -0.020775815 -0.01598731
v 0.033843601 -0.021681902 -0.049711624
v 0.033125039 -0.018243646 -0.016119736
v 0.034289394 -0.019316062 -0.049902966
v 0.034518191 -0.017814662 -0.050015465
v 0.031750887 -0.02845856 -0.049031015
v 0.032117443 -0.027561538 -0.049135522
v 0.031256007 -0.025209045 -0.015732461
v 0.03224516 -0.02722879 -0.049172964
v 0.031979615 -0.023091401 -0.015858419
v 0.032891891 -0.025346261 -0.049372623
v 0.033080286 -0.024722333 -0.04943461
v 0.030395189 -0.031203079 -0.048673779
v 0.030734237 -0.03058642 -0.048759553
v 0.030432503 -0.027146705 -0.01560887
v 0.031237797 -0.029590681 -0.048891033
v 0.03134983 -0.029354433 -0.048921033
v 0.030253938 -0.031448772 -0.048638615
v 0.029510519 -0.028919586 -0.015487219
v 0.029355243 -0.032879739 -0.048421499
v 0.027946471 -0.031301724 -0.01530753
v 0.028111603 -0.034556982 -0.048135914
v 0.028865029 -0.033577773 -0.048307135
v 0.021755061 -0.040153274 -0.046806235
v 0.022303012 -0.039793456 -0.046916309
v 0.022015355 -0.03686595 -0.014778629
v 0.023619032 -0.038858215 -0.047183049
v 0.023486188 -0.035802138 -0.01489546
v 0.025328232 -0.037461703 -0.047535804
v 0.02101643 -0.040614053 -0.046658638
v 0.017127967 -0.039602938 -0.014428912
v 0.018950355 -0.041775125 -0.046249759
v 0.019544015 -0.041459033 -0.04636672
v 0.015354174 -0.040385422 -0.014312701
v 0.016377365 -0.043008663 -0.045746573
v 0.017150937 -0.042659076 -0.045897307
v 0.0065285339 -0.046343638 -0.043859662
v 0.0076598671 -0.042989823 -0.013853064
v 0.0032664071 -0.047112233 -0.043246368
v 0.00065548331 -0.047628505 -0.042759987
v -0.0014024145 -0.047974345 -0.042379697
v -0.0088191816 -0.044118691 0.0012975888
v -0.0095343649 -0.046254948 -0.017599361
v -0.005594298 -0.048512804 -0.041614366
v -0.0061198858 -0.048563765 -0.0415194
v -0.010410935 -0.048824527 -0.040753575
v 0.0079032688 -0.040030967 0.012258627
v 0.007685274 -0.040148685 0.011807913
v 0.0075717804 -0.040206837 0.01159528
v 0.0072760245 -0.040350447 0.011095529
v 0.0071871505 -0.040391693 0.01095818
v 0.0068056667 -0.040560544 0.010422022
v 0.0067483769 -0.040584882 0.010348011
v 0.0062777619 -0.040776319 0.0097924612
v 0.006253507 -0.040785808 0.009766099
v 0.0061199214 -0.040837482 0.009624457
v 0.0056962757 -0.040995078 0.0092115634
v 0.0055724952 -0.041039457 0.0091003503
v 0.0050657124 -0.041214078 0.0086837937
v 0.0049831581 -0.041241502 0.0086213723
v 0.004390806 -0.041430674 0.0082130747
v 0.0043515832 -0.041442745 0.0081883383
v 0.0036766809 -0.0416423 0.0078029576
v 0.011607055 -0.038838849 0.012238797
v 0.0084929755 -0.039096322 0.018218256
v 0.0085728137 -0.039123275 0.017831049
v 0.011459517 -0.037471927 0.022596163
v 0.0082740502 -0.039056175 0.019016695
v 0.008337453 -0.039064472 0.018811585
v 0.0084167213 -0.03907822 0.018528613
v 0.0086415353 -0.039158474 0.017404673
v 0.0086760679 -0.039184844 0.017123227
v 0.0087186074 -0.039242464 0.01658216
v 0.0087257821 -0.039263354 0.016404529
v 0.008723614 -0.03934774 0.015756995
v 0.0087201251 -0.039359463 0.015674166
v 0.0086972941 -0.03941135 0.015324059
v 0.0086564962 -0.039473403 0.014935241
v 0.0086095396 -0.0395291 0.014608886
v 0.0085177912 -0.039618098 0.014123464
v 0.0084666088 -0.039661524 0.013900234
v 0.0083085543 -0.039780202 0.013327706
v 0.0082672426 -0.039808566 0.013198023
v 0.0080303801 -0.039957774 0.012553975
v 0.0080090761 -0.039970317 0.012502469
v 0.0055022 -0.039257772 0.023259101
v 0.0056116952 -0.039242723 0.02316059
v 0.0077898249 -0.038662219 0.022898476
v 0.0060404346 -0.03918631 0.022743655
v 0.0062001938 -0.039166496 0.022574252
v 0.0065393561 -0.039127145 0.022185315
v 0.0067357705 -0.039106362 0.021939374
v 0.0069980651 -0.039081468 0.021582998
v 0.0070929308 -0.039073406 0.021445142
v 0.0072143712 -0.039063951 0.021260799
v 0.0074771543 -0.039047393 0.020826933
v 0.0076323056 -0.039040713 0.020543811
v 0.0078129163 -0.0390367 0.020182347
v 0.0096466968 -0.038091929 0.022749411
v 0.0079864313 -0.039037821 0.019793858
v 0.0081000593 -0.039042067 0.019510917
v 0.0049248391 -0.039340589 0.023731859
v 0.0049747427 -0.03933323 0.023693881
v 0.0076270819 -0.037283213 0.031799834
v 0.002159421 -0.039780613 0.025183882
v 0.0039171768 -0.038288921 0.032099444
v 0.0020498669 -0.039798762 0.025219381
v 0.0020436547 -0.039799793 0.025221351
v 0.0028229949 -0.039671339 0.02493675
v 0.0028667101 -0.039664191 0.024918467
v 0.003551168 -0.039553318 0.024597821
v 0.0035750669 -0.039549493 0.024585408
v 0.0042124328 -0.039448813 0.024221517
v 0.005787626 -0.037812127 0.031953115
v 0.0042941117 -0.039436142 0.024170068
v 0.0048496991 -0.039351732 0.023788079
v 0.0012429515 -0.03993304 0.025437022
v 0.0020213677 -0.038711778 0.032237857
v 5.5603829e-05 -0.040120486 0.025701525
v 0.00010583091 -0.039078882 0.032367401
v -0.0034580328 -0.040546403 0.026478874
v -0.0018236038 -0.039387911 0.032487087
v -0.0038942621 -0.040585162 0.026574797
v -0.0037605697 -0.039634612 0.03259583
v -0.0078321207 -0.040779633 0.027434198
v -0.0056986296 -0.039814221 0.032692519
v -0.0074850627 -0.039210781 0.036680527
v -0.00058190973 -0.0042055798 0.07058037
v 0.0030717647 -0.010307998 0.069120079
v 0.0019483606 -0.0068223232 0.069876208
v 0.0010201301 -0.0076617989 0.07000041
v -0.0019166275 -0.0053425408 0.070746515
v 0.0040268077 -0.01155444 0.068604225
v 0.0018191528 -0.011261715 0.069279148
v 3.6838301e-05 -0.0084246519 0.070121898
v 0.012467198 -0.014750603 0.063994186
v 0.011602104 -0.013897292 0.06480615
v 0.0099478816 -0.015561045 0.065070119
v 0.0091155155 -0.014606811 0.065826807
v 0.0074099606 -0.016065354 0.066075264
v 0.0066267905 -0.015005778 0.066774303
v 0.0049115224 -0.016260371 0.067001802
v 0.013286421 -0.015574892 0.06314298
v 0.01148533 -0.017363249 0.063434854
v 0.010737289 -0.016479464 0.064272502
v 0.008859551 -0.018057174 0.064550359
v 0.0081537547 -0.017081995 0.065333661
v 0.0062414795 -0.018451148 0.065591388
v 0.0055935142 -0.017379984 0.06631824
v 0.0036873926 -0.018539784 0.066550573
v 0.0031129656 -0.017368056 0.067219338
v 0.0012519352 -0.018315435 0.067421957
v -0.0047429922 -0.010637797 0.070565453
v -0.0038965691 -0.012225023 0.07019718
v -0.0042038346 -0.010508423 0.070528886
v -0.0026592832 -0.011824761 0.070099397
v -0.0031221977 -0.010153903 0.07044423
v -0.00084101876 -0.012829705 0.069573003
v -0.0020465848 -0.0096811163 0.070346417
v -0.0056083552 -0.0069851618 0.071069026
v -0.0048640941 -0.0068255445 0.071022157
v -0.004114057 -0.0065732968 0.070964704
v -0.0033670028 -0.0062366731 0.070898438
v -0.00098947146 -0.0091011806 0.070238104
v 0.00050974681 -0.012106288 0.069431268
v 0.0026493837 -0.012593052 0.068781302
v -0.0063380139 -0.0070436378 0.071103525
v -0.0063478042 -0.0039910889 0.071286081
v -0.00027922472 -0.014299056 0.069108389
v 0.00025633455 -0.015701583 0.068594048
v 0.0018744823 -0.014856308 0.068420787
v 0.0025089977 -0.016140922 0.067843197
v 0.00076645518 -0.017039601 0.068031426
v -0.0013952311 -0.016390768 0.068750323
v -0.0025606326 -0.015202406 0.069314848
v -0.0036039917 -0.013862093 0.06981146
v -0.0033256821 -0.015422387 0.069373663
v -0.0022276214 -0.016672075 0.068820739
v -0.0010134335 -0.017772401 0.068201173
v 0.00033153523 -0.022663487 0.065542369
v 0.0025682701 -0.021792466 0.065324047
v -0.0042959145 -0.014023907 0.069859134
v -0.0049842673 -0.014143602 0.06990114
v -0.0040893458 -0.015598688 0.069426644
v -0.0048493697 -0.015729267 0.069473297
v -0.0038936638 -0.017098285 0.068943403
v -0.0047224533 -0.01723899 0.068994549
v -0.0046032938 -0.01867551 0.068466281
v -0.0044916731 -0.020041575 0.067889888
v -0.0053995039 -0.021447062 0.067320828
v -0.0043873707 -0.021339901 0.067266644
v -0.0053603282 -0.022685466 0.066654859
v -0.004290189 -0.022573119 0.066597423
v -0.0053256357 -0.023861034 0.06594353
v -0.0041999337 -0.023743819 0.065882983
v -0.0052953112 -0.024976389 0.065187599
v -0.005667001 -0.014219278 0.069937034
v -0.0056034978 -0.015812055 0.069513113
v -0.0055451375 -0.017328457 0.069038159
v -0.0063713596 -0.018810244 0.068552
v -0.0019332123 -0.023320368 0.065730765
v -0.0063347542 -0.010816485 0.070648069
v -0.0063366606 -0.012339316 0.070380464
v -0.0063420728 -0.014249033 0.06996636
v -0.0063474589 -0.015466326 0.069652035
v -0.0063651809 -0.018115571 0.068812043
v 0.011330012 -0.02157236 0.061014559
v 0.013496756 -0.019818551 0.06068764
v -0.0028102532 -0.018323334 0.068347718
v -0.0025723416 -0.019669297 0.067762368
v -0.00065042985 -0.019088039 0.067604673
v -0.00030563622 -0.020340166 0.066962127
v 0.0017135624 -0.019531378 0.066766987
v 0.0021520922 -0.020689656 0.06606742
v 0.004233243 -0.019658102 0.065837842
v 0.00475147 -0.020724996 0.06508196
v 0.0068565834 -0.019475595 0.064822093
v 0.00743999 -0.020455061 0.064011192
v 0.0095287299 -0.018992352 0.063726228
v 0.010162665 -0.019888989 0.062862031
v 0.012193588 -0.018213586 0.062557958
v 0.01286357 -0.01903163 0.06164215
v 0.012371858 -0.023118675 0.059009495
v 0.011865988 -0.022361941 0.06003167
v 0.011165224 -0.02395259 0.059180253
v 0.010690739 -0.023183661 0.060197868
v 0.011612657 -0.024688252 0.058122548
v 0.012848829 -0.023843925 0.057947666
v 0.0057088573 -0.02271243 0.063443894
v 0.0052430232 -0.021742448 0.064283738
v 0.0094792425 -0.023957182 0.060361384
v 0.0082348236 -0.024681928 0.060521366
v 0.0086422345 -0.025471942 0.059512677
v 0.0076834278 -0.026916991 0.058626848
v 0.0063122638 -0.027555715 0.058785101
v 0.0049166459 -0.02814037 0.058936859
v 0.016498327 -0.026677099 0.0505174
v 0.017773152 -0.025686973 0.050324032
v 0.016151352 -0.026115617 0.051832936
v 0.017408371 -0.02512957 0.051641035
v 0.015780999 -0.025531815 0.053104328
v 0.01701897 -0.024551066 0.052914335
v 0.015386111 -0.02492448 0.054332744
v 0.013789482 -0.028485407 0.050899994
v 0.015169221 -0.027609485 0.05070969
v 0.013481966 -0.027918776 0.052212593
v 0.014841348 -0.027045004 0.052023759
v 0.013153661 -0.027327559 0.053480174
v 0.014491369 -0.026457039 0.053293243
v 0.012803582 -0.026710326 0.054703889
v 0.01411822 -0.025844269 0.054519308
v 0.012430743 -0.026065656 0.05588491
v 0.013720827 -0.025205377 0.05570311
v 0.01236275 -0.029306148 0.051087412
v 0.012076824 -0.028737981 0.052398531
v 0.011771452 -0.028144192 0.053664207
v 0.011445736 -0.02752325 0.054885592
v 0.011098779 -0.026873627 0.056063842
v 0.0078394238 -0.031442219 0.051622862
v 0.0093835877 -0.030784874 0.051449833
v 0.0076252091 -0.030871261 0.052929494
v 0.0091443681 -0.030214689 0.052757968
v 0.0073957394 -0.030272007 0.054189488
v 0.0088884764 -0.029617019 0.054019848
v 0.0071503705 -0.029642644 0.055403989
v 0.0086151816 -0.028990145 0.055236619
v 0.0068884564 -0.028981368 0.056574148
v 0.0083237549 -0.028332345 0.056409426
v 0.0097285009 -0.02762944 0.056239002
v 0.010048299 -0.028283393 0.05506349
v 0.0103484 -0.028907502 0.053844424
v 0.010629612 -0.029503395 0.052580651
v 0.010892754 -0.030072697 0.051271019
v 0.011367992 -0.031137928 0.048508712
v 0.0098148391 -0.031849555 0.048689344
v 0.0062644422 -0.03204425 0.051789104
v 0.0060762503 -0.031472515 0.053094229
v 0.0058742396 -0.030871738 0.054352352
v 0.0056578502 -0.030240037 0.055564629
v 0.0054265196 -0.02957552 0.05673219
v 0.0024337544 -0.025288313 0.062966343
v 0.0036901249 -0.024789975 0.062838234
v 0.0027247657 -0.026200518 0.062058244
v 0.0016439854 -0.027526248 0.061236876
v 0.0014114625 -0.026652543 0.062183065
v 0.0011644619 -0.025731687 0.063086857
v 0.00090247896 -0.024761408 0.063948114
v -0.00032907877 -0.025138655 0.064055845
v -0.00011411641 -0.026117706 0.063198882
v 8.8089337e-05 -0.02704631 0.062299112
v 0.00027795329 -0.027926801 0.061356671
v 0.00045588458 -0.028761491 0.060371597
v -0.00083136406 -0.029901704 0.059459502
v -0.0009584108 -0.029105959 0.060484635
v -0.001095051 -0.028265956 0.061466495
v -0.0012415866 -0.02737942 0.062405471
v -0.0013983409 -0.026443984 0.06330153
v -0.0015656414 -0.02545726 0.064154537
v -0.001743819 -0.024416862 0.064964361
v -0.0030679978 -0.023562628 0.06581179
v -0.0029313958 -0.024667089 0.065049383
v -0.0028036536 -0.025714726 0.06424334
v -0.0026845159 -0.026707994 0.063393904
v -0.002573738 -0.027649326 0.062501211
v -0.0024710721 -0.028541151 0.061565384
v -0.00237628 -0.029385876 0.06058646
v -0.0022891395 -0.03018582 0.059564049
v -0.0022094334 -0.030943268 0.058497651
v -0.003669661 -0.031882706 0.057483187
v -0.0037054288 -0.031162409 0.05859197
v -0.003746644 -0.030401597 0.059656091
v -0.0037934462 -0.029597951 0.060676054
v -0.0038459737 -0.028749155 0.061652351
v -0.0039043705 -0.027852869 0.062585375
v -0.0039687986 -0.026906657 0.063475089
v -0.0040394234 -0.025908056 0.064321366
v -0.0041164094 -0.024854607 0.065124079
v -0.0064549941 -0.024580636 0.065551702
v -0.0064893897 -0.026089827 0.064441518
v -0.0052692386 -0.02603413 0.064387723
v -0.0064947858 -0.026302565 0.064270777
v -0.0052473218 -0.027036758 0.063544143
v -0.0065162202 -0.027095076 0.063600142
v -0.0052294702 -0.027986748 0.062656989
v -0.0065391999 -0.027864307 0.062892641
v -0.0052155939 -0.02888658 0.061726389
v 0.0046629095 -0.032590222 0.051947553
v 0.0045016934 -0.032017567 0.053251162
v 0.0043281119 -0.031415221 0.054507444
v 0.004141684 -0.030781219 0.055717533
v 0.0039419289 -0.030113605 0.056882573
v 0.0051796632 -0.02887629 0.057856068
v 0.0066093291 -0.02828635 0.057700983
v 0.008013442 -0.02764189 0.057539304
v 0.0013987741 -0.033505966 0.052236757
v 0.0030394493 -0.033078196 0.052097132
v 0.0012940248 -0.032930905 0.053537357
v 0.0029060772 -0.032504448 0.053399232
v 0.0011798455 -0.032325088 0.054790043
v 0.0027618041 -0.031900431 0.054653697
v 0.0010559121 -0.031686439 0.055995959
v 0.0026062269 -0.031264123 0.05586166
v 0.0009219039 -0.031012888 0.057156226
v 0.0024389469 -0.030593509 0.057024266
v 0.0022595442 -0.029886536 0.058142531
v 0.0037283467 -0.0294104 0.058003584
v 0.0035003908 -0.028669558 0.05908117
v 0.0046368294 -0.027365781 0.059975061
v 0.0056614065 -0.025980008 0.060827159
v 0.0065669712 -0.024517635 0.061640325
v 0.005306147 -0.025131123 0.061785983
v 0.0043395741 -0.026550537 0.060971176
v 0.00325751 -0.027889012 0.06011583
v 0.0020675576 -0.029141095 0.059217054
v 0.00077748077 -0.030302336 0.058271875
v -0.00060486822 -0.031369409 0.057277414
v -0.00050482878 -0.032045852 0.056119357
v -0.0052032141 -0.032717 0.05641328
v -0.0067848225 -0.033201328 0.055743566
v -0.005211707 -0.033365513 0.055214591
v -0.0068011357 -0.033443587 0.05528485
v -0.0068753682 -0.034440828 0.053212406
v 0.004024234 -0.02569263 0.061925579
v 0.0029991541 -0.027066693 0.061108063
v 0.0018625264 -0.028355045 0.060248333
v 0.00062226739 -0.029552604 0.059343494
v -0.00071361613 -0.030655435 0.058390593
v -0.0021369463 -0.031660504 0.057386765
v -0.0020714653 -0.032339806 0.056230793
v -0.002012805 -0.032983339 0.055028726
v -0.0018429435 -0.035242683 0.049736053
v -0.00012644327 -0.034939396 0.049617309
v 0.0015812218 -0.034571945 0.049486472
v 0.0032750333 -0.0341428 0.049344658
v 0.0049501071 -0.033654106 0.049192962
v 0.0066015573 -0.033108006 0.049032469
v 0.0082245973 -0.032506315 0.04886426
v -0.006987894 -0.035692204 0.050108134
v -0.0052393235 -0.03456277 0.052673522
v -0.0036139466 -0.03321082 0.055128835
v -0.0036392039 -0.032564776 0.056329148
v -0.0065757731 -0.028950032 0.061786501
v -0.0065887678 -0.029301483 0.061398392
v -0.0052056076 -0.029738708 0.06075238
v -0.00660846 -0.029804674 0.060814404
v -0.0051994399 -0.030545485 0.059734569
v -0.0066452353 -0.03066126 0.05973583
v -0.0051970283 -0.031309242 0.058672465
v -0.0066796597 -0.03138014 0.058738043
v -0.0051983059 -0.032032316 0.057565565
v -0.006709544 -0.031949487 0.057879678
v -0.0067586638 -0.032792709 0.056482059
v -0.0064417184 -0.023911366 0.065992627
v -0.0064194262 -0.022639598 0.066754236
v -0.0064022587 -0.02149184 0.067364813
v -0.0063883695 -0.020411509 0.067880555
v 0.012437976 -0.033856388 0.038941946
v 0.01405039 -0.033104499 0.038760428
v 0.013717462 -0.032259478 0.042177058
v 0.015610997 -0.032297153 0.038575611
v 0.015250008 -0.031445781 0.041989341
v 0.017115872 -0.031431605 0.038388294
v 0.01672883 -0.030574367 0.041798974
v 0.018561231 -0.03050467 0.038199251
v 0.018150162 -0.029642532 0.041606784
v 0.01994328 -0.029513189 0.038009257
v 0.019510243 -0.028647576 0.041413592
v 0.012907216 -0.035388738 0.031307171
v 0.013223395 -0.036800673 0.022439409
v 0.014571926 -0.034651423 0.031134719
v 0.014933444 -0.036076619 0.022279825
v 0.016181231 -0.033858839 0.030959475
v 0.016584945 -0.035297671 0.022118057
v 0.017731148 -0.033007414 0.030782107
v 0.0094300608 -0.036703512 0.031640533
v 0.011191683 -0.036072394 0.031476043
v 0.011780158 -0.032115567 0.045543917
v 0.010187644 -0.032824127 0.045724855
v 0.010507213 -0.033721418 0.042541088
v 0.0085560425 -0.03347801 0.045900218
v 0.0088383572 -0.034370763 0.042715525
v 0.006889744 -0.034077301 0.04606903
v 0.0071329905 -0.034966159 0.042883652
v 0.0051932475 -0.034621717 0.0462303
v 0.0053957198 -0.035507569 0.043044499
v 0.0034714936 -0.035109546 0.046382956
v 0.0036316278 -0.035993395 0.043197015
v 0.0017295293 -0.03553872 0.04652592
v 0.0018459165 -0.03642163 0.043340137
v -2.7594346e-05 -0.035907171 0.046658097
v 4.3790336e-05 -0.03679029 0.043472792
v -0.0017946857 -0.036212472 0.046778384
v -0.0017693875 -0.037096977 0.043593888
v -0.0035661595 -0.03645076 0.046885602
v -0.003587827 -0.037337739 0.043702255
v -0.0053363778 -0.036617821 0.046978557
v -0.0054056817 -0.03750823 0.043796705
v -0.0070997018 -0.036709438 0.047056044
v -0.0071723446 -0.037280598 0.045085941
v 0.013329193 -0.031352249 0.045358377
v 0.012135076 -0.033017775 0.042361282
v 0.010778195 -0.034553864 0.039119282
v 0.0090756144 -0.035197552 0.039291522
v 0.0073348075 -0.03578807 0.039457762
v 0.0055604738 -0.036325613 0.039617067
v 0.0037578356 -0.036808686 0.039768421
v 0.0019322442 -0.037235351 0.039910785
v 8.9050766e-05 -0.037603691 0.04004311
v -0.0017662203 -0.037911337 0.040164336
v -0.0036275822 -0.038154243 0.040273309
v -0.0054889827 -0.038327935 0.040368856
v -0.0073443737 -0.038427934 0.04044981
v 0.029018883 -0.016798169 0.036365579
v 0.029487441 -0.017499951 0.032743529
v 0.030078879 -0.01548666 0.032579901
v 0.031921229 -0.0061260109 0.028086823
v 0.031705293 -0.0089198787 0.028232812
v 0.031393855 -0.011507567 0.02838282
v 0.030488041 -0.0050204457 0.038984065
v 0.029864531 -0.021439132 0.020323558
v 0.030556091 -0.019476375 0.02016712
v 0.029892898 -0.018178626 0.028855889
v 0.025596519 -0.020251349 0.043441401
v 0.026200508 -0.021112982 0.040274978
v 0.026723056 -0.021935855 0.036887816
v 0.026429828 -0.018709545 0.043260641
v 0.027043943 -0.019543214 0.040094866
v 0.027574842 -0.020341629 0.036709653
v 0.028033779 -0.021108079 0.033082896
v 0.02843115 -0.021845846 0.029188601
v 0.027174974 -0.022723903 0.033257919
v 0.025787677 -0.02342292 0.037069397
v 0.024270434 -0.02395733 0.040645984
v 0.023188565 -0.02524633 0.040835698
v 0.022626796 -0.024336557 0.0440057
v 0.022032548 -0.026454335 0.041027337
v 0.021489036 -0.025537716 0.044198893
v 0.020805425 -0.027586397 0.041220202
v 0.02028233 -0.026666363 0.044393413
v 0.026230981 -0.024226545 0.03343593
v 0.02477094 -0.024811098 0.037253881
v 0.025203924 -0.025625129 0.033616504
v 0.023675203 -0.026108236 0.037440736
v 0.024096072 -0.026928315 0.033799184
v 0.02250334 -0.027320481 0.037629349
v 0.022910262 -0.028142932 0.033983416
v 0.021258363 -0.028453559 0.037819068
v 0.021649458 -0.029275355 0.034168627
v 0.020316634 -0.030331957 0.034354243
v 0.018914898 -0.031318654 0.034539669
v 0.017447925 -0.032239528 0.034724206
v 0.015919524 -0.033098205 0.034907136
v 0.014333506 -0.033898309 0.035087747
v 0.012693826 -0.034643012 0.035265293
v 0.028204314 -0.024918558 0.020641646
v 0.027239192 -0.026458678 0.020803008
v 0.028226482 -0.027079951 0.010547249
v 0.027725542 -0.027845073 0.010620891
v 0.028491691 -0.030542217 -0.015367119
v 0.027566269 -0.023481007 0.029359421
v 0.026948031 -0.025739724 0.025332273
v 0.025903434 -0.027154765 0.025501773
v 0.019476439 -0.03283653 0.026363476
v 0.019217846 -0.032093094 0.030603273
v 0.020912715 -0.031860661 0.026190632
v 0.020637492 -0.031111819 0.030423623
v 0.022276545 -0.030811827 0.026017606
v 0.021986403 -0.030059036 0.030243786
v 0.023564871 -0.029682964 0.025844843
v 0.023261498 -0.028928238 0.030064286
v 0.024774801 -0.028466475 0.02567276
v 0.024459844 -0.027712428 0.02988562
v 0.025578509 -0.026404605 0.029708289
v 0.026614712 -0.024997278 0.029532767
v 0.018173852 -0.034459536 0.021954635
v 0.01969629 -0.033557356 0.021790062
v 0.02114838 -0.032586298 0.021624842
v 0.022526415 -0.031540953 0.02145945
v 0.02382736 -0.030413722 0.021294242
v 0.024448031 -0.029816855 0.021211811
v 0.033126859 -0.0075999016 0.0093003677
v 0.032589275 -0.0068590295 0.019411318
v 0.032912756 -0.010684108 0.0094485298
v 0.032374663 -0.0098079989 0.019559137
v 0.032601425 -0.013519082 0.0095956807
v 0.032063753 -0.012527629 0.019708516
v 0.032192541 -0.01612418 0.0097422039
v 0.031656539 -0.015035378 0.019859613
v 0.031686525 -0.018516563 0.0098883658
v 0.031153706 -0.017346708 0.020012477
v 0.031083975 -0.020712625 0.010034394
v 0.030385501 -0.02272875 0.010180518
v 0.029591889 -0.024580727 0.010326934
v 0.025048356 -0.02919646 0.021129551
v 0.025627973 -0.028551519 0.021047501
v 0.026186529 -0.027881011 0.020965705
v 0.027202057 -0.028578882 0.010694643
v 0.030486598 -0.016123749 0.028694534
v 0.030987297 -0.013904355 0.028536781
v 0.024591549 -0.033224837 -0.00092263716
v 0.02487211 -0.034648328 -0.015012548
v 0.025532325 -0.034034429 -0.015071241
v 0.027377648 -0.032029117 -0.015248187
v 0.026656242 -0.029282968 0.01076851
v 0.026785454 -0.032726121 -0.015189039
v 0.02608833 -0.029958848 0.010842492
v 0.026170225 -0.033394124 -0.015130064
v 0.025498656 -0.030607745 0.010916575
v 0.024887571 -0.031230796 0.010990741
v 0.02425543 -0.031829147 0.011064969
v 0.013415546 -0.038175068 0.012096291
v 0.013515179 -0.041112777 -0.014196777
v 0.015167668 -0.037459174 0.011951772
v 0.016858558 -0.036688694 0.011805739
v 0.018484093 -0.035858728 0.011658562
v 0.020040336 -0.034963771 0.011510582
v 0.025737546 -0.037089928 -0.047621689
v 0.026790269 -0.036053946 -0.047845886
v 0.027386651 -0.035408787 -0.047975413
v 0.027984356 -0.034712403 -0.048107468
v 0.0092758789 7.1002992e-05 0.067995221
v 0.0076396003 0.00026922311 0.06859326
v 0.005917814 0.00046644353 0.069142602
v -0.0019658631 0.00084776258 0.070825465
v 0.01963165 -0.0015311552 0.061693269
v 0.018577335 -0.0013306421 0.062614423
v 0.017459751 -0.0011299344 0.063499858
v 0.01627626 -0.00092915802 0.064348527
v 0.015024226 -0.00072843951 0.065159367
v 0.01370098 -0.00052791103 0.065931191
v 0.0020530767 8.427211e-05 0.070134008
v 0.0057019754 -0.000671113 0.069215513
v 0.0090046022 -0.0014171591 0.068091314
v 0.010829633 -0.00012803345 0.067350926
v -0.0022741463 6.122281e-05 0.070889279
v 0.019204986 -0.0042863837 0.061872333
v 0.018165023 -0.0039390015 0.062784131
v 0.017063106 -0.0035881919 0.063659896
v 0.015896663 -0.0032340545 0.06449858
v 0.014663123 -0.0028766873 0.065299151
v 0.013359884 -0.0025161941 0.066060426
v 0.011984222 -0.0021526929 0.066780742
v 0.022440522 -0.0021303841 0.058722728
v 0.024042567 -0.0025270356 0.056573048
v 0.025568856 -0.00093359765 0.054185311
v 0.025244896 -0.0048130605 0.054400424
v 0.025450272 -0.0029207107 0.054287756
v 0.024566936 -0.0045507383 0.055556787
v 0.024769578 -0.0027242754 0.055447562
v 0.022248416 -0.0037503921 0.058820661
v 0.023070945 -0.004019345 0.057766522
v 0.022794756 -0.0056399572 0.057877794
v 0.023561613 -0.0059690537 0.056793809
v 0.026206626 -0.0010572911 0.052987428
v 0.026802368 -0.0011814332 0.051754329
v 0.027358193 -0.0013060152 0.050484959
v 0.028358425 -0.0015565072 0.047832567
v 0.029223727 -0.0018088209 0.045019685
v 0.029969484 -0.0020631777 0.04203172
v 0.026471888 -0.0053306772 0.051982312
v 0.027025208 -0.0055858976 0.050718934
v 0.027236765 -0.0035046496 0.050596959
v 0.027541142 -0.0058387193 0.049417781
v 0.028235969 -0.0038892106 0.047950319
v 0.028021737 -0.00608914 0.04807765
v 0.029100811 -0.0042699303 0.045142677
v 0.028884854 -0.0065828096 0.045274704
v 0.029846577 -0.0046469314 0.042159459
v 0.029629679 -0.0070670748 0.042295509
v 0.030270826 -0.0075422212 0.039123493
v 0.030821907 -0.0080088767 0.035738083
v 0.030984391 -0.010982744 0.03226622
v 0.030578292 -0.013318214 0.032420701
v 0.018725269 -0.011642408 0.060571855
v 0.020158594 -0.010952523 0.059436127
v 0.019336 -0.010406646 0.060433378
v 0.019882144 -0.0091232436 0.060300666
v 0.018993141 -0.0086129302 0.061267645
v 0.019458552 -0.0073320743 0.061146427
v 0.018500698 -0.0068660142 0.0620833
v 0.022513939 -0.0098671284 0.057118915
v 0.022761646 -0.0091212674 0.057049981
v 0.021767913 -0.0094075684 0.058192807
v 0.022010559 -0.0086851397 0.058125936
v 0.021211192 -0.0082415942 0.059167462
v 0.022247732 -0.01059687 0.057189636
v 0.02294305 -0.011069371 0.056082766
v 0.020361287 -0.0077905869 0.060174386
v 0.019856803 -0.0060049669 0.061032136
v 0.0174854 -0.0063923801 0.062984592
v 0.01641022 -0.0059111699 0.063849392
v 0.015272688 -0.0054223786 0.064676677
v 0.014070335 -0.0049259989 0.065465417
v 0.012800669 -0.0044220285 0.066214463
v 0.01146107 -0.0039104733 0.066922163
v 0.010048895 -0.0033913433 0.067586745
v 0.026174697 -0.0072469329 0.052110842
v 0.025406474 -0.0078290118 0.053400756
v 0.025585192 -0.0069333091 0.053334612
v 0.024778264 -0.0074850946 0.054587194
v 0.024954629 -0.0066157649 0.054522673
v 0.024107113 -0.0071364781 0.05573837
v 0.024280836 -0.0062943346 0.055675584
v 0.023843029 -0.0042861472 0.056678673
v 0.02326698 -0.0023290503 0.057664665
v 0.02633849 -0.009423624 0.050990426
v 0.027324019 -0.010122959 0.048358886
v 0.027094761 -0.011060649 0.048434306
v 0.027946783 -0.011777215 0.04564101
v 0.027692553 -0.012723813 0.045719942
v 0.028426893 -0.013450035 0.042749181
v 0.030105095 -0.012716156 0.036040724
v 0.03051035 -0.010446291 0.035886447
v 0.029556016 -0.012096793 0.039423281
v 0.029959816 -0.0098971108 0.039270016
v 0.028918403 -0.011458841 0.042590837
v 0.029319883 -0.0093342337 0.042439445
v 0.028179117 -0.01080115 0.045563869
v 0.028577153 -0.0087568199 0.045415266
v 0.027531591 -0.0091578166 0.048285434
v 0.027717224 -0.0081644047 0.048214026
v 0.020625306 -0.0017313482 0.060737329
v 0.020442424 -0.0032063599 0.060826949
v 0.021373049 -0.0034793695 0.059840903
v 0.021109088 -0.004970492 0.059943842
v 0.021978033 -0.0053070851 0.05892786
v 0.021631519 -0.0068033671 0.059043686
v 0.022440524 -0.0071942893 0.057997823
v 0.022234859 -0.0079474888 0.058060915
v 0.023200388 -0.0075796737 0.056917804
v 0.022990561 -0.0083589089 0.056982912
v 0.023913306 -0.0079595184 0.055803307
v 0.023699706 -0.0087638898 0.055870299
v 0.024581438 -0.0083338289 0.054653871
v 0.024364435 -0.0091624612 0.05472261
v 0.025206943 -0.0087026071 0.05346904
v 0.024986883 -0.0095546513 0.053539395
v 0.026113269 -0.010320041 0.051063588
v 0.025867159 -0.011192653 0.051138696
v 0.026844075 -0.0119717 0.048511614
v 0.026572211 -0.01285693 0.048590732
v 0.027416664 -0.013641891 0.0458006
v 0.027119359 -0.014532402 0.045882908
v 0.027847103 -0.015316493 0.042913949
v 0.024746574 -0.010385704 0.053611722
v 0.024486303 -0.01119632 0.053685945
v 0.025600437 -0.012042145 0.051215671
v 0.025313365 -0.012869203 0.051294431
v 0.026279422 -0.013717153 0.048671585
v 0.025965968 -0.014553186 0.048754082
v 0.02680087 -0.015396292 0.045966792
v 0.02646144 -0.016234515 0.046052177
v 0.02718079 -0.017066889 0.043084617
v 0.029060913 -0.014151525 0.039582856
v 0.028476108 -0.016071068 0.039748287
v 0.029607455 -0.01482984 0.036200559
v 0.018462933 -0.0098489066 0.061395128
v 0.017537222 -0.0092791052 0.062321101
v 0.016556674 -0.0086970543 0.063210898
v 0.015518975 -0.0081025861 0.06406363
v 0.014421792 -0.0074955281 0.064878299
v 0.013262796 -0.0068757082 0.065653891
v 0.01203962 -0.0062429524 0.066389277
v 0.010749795 -0.0055970927 0.067082836
v 0.0093908228 -0.0049379596 0.067732831
v 0.0053502472 -0.0017886319 0.069303128
v 0.0085615028 -0.002864647 0.068206447
v 0.01053338 -0.0017863071 0.067458299
v 0.012303725 -0.00032772352 0.066662313
v 0.013361816 -0.0094536198 0.065098864
v 0.012759219 -0.010388826 0.065214787
v 0.014407686 -0.010164688 0.064297815
v 0.0042839034 -0.0039358255 0.069512757
v 0.0063384117 -0.006899245 0.068634791
v 0.008573992 -0.0064203279 0.067893068
v 0.0076136096 -0.00783139 0.068063929
v 0.0098661578 -0.0072077919 0.067258978
v 0.0088263717 -0.0087363085 0.06744673
v 0.0099788308 -0.0096146621 0.066784861
v 0.011073119 -0.010467111 0.066079991
v 0.0049366786 -0.012751857 0.068040276
v 0.0063446097 -0.011517235 0.067841374
v 0.0042524488 -0.0092561563 0.068957434
v 0.0028095734 -0.0059156479 0.069751845
v 0.0035919856 -0.0049506249 0.069629857
v 0.0053462246 -0.0081167237 0.068794571
v 0.0065250712 -0.0091634703 0.068241832
v 0.0076468862 -0.010175629 0.067642188
v 0.0073155256 -0.012586122 0.067213684
v 0.0082386006 -0.013615568 0.066541668
v 0.0097271084 -0.012099974 0.066308678
v 0.01068934 -0.013014051 0.065577958
v 0.011420563 -0.012169641 0.065454938
v 0.012370208 -0.013013837 0.064675647
v 0.013095526 -0.012096912 0.064546994
v 0.0041943257 -0.015090554 0.067641121
v 0.014027658 -0.01287554 0.063720896
v 0.013775502 -0.011147114 0.064420841
v 0.012111343 -0.011294315 0.065333679
v 0.010419116 -0.011297727 0.066193506
v 0.0087135917 -0.011154148 0.066997258
v 0.0034406936 -0.013868722 0.068234791
v 0.0012084043 -0.013512125 0.068950636
v 0.019531109 -0.012229393 0.059579646
v 0.020289937 -0.012802503 0.058551848
v 0.02061982 -0.01215149 0.05847704
v 0.02134105 -0.012693144 0.057411635
v 0.02166099 -0.012009509 0.057336084
v 0.022344965 -0.012521026 0.056233117
v 0.022653177 -0.011803439 0.056157131
v 0.023588493 -0.013511135 0.053919105
v 0.023906978 -0.012758478 0.053839726
v 0.02467925 -0.014458749 0.051456971
v 0.023967055 -0.015966508 0.051625625
v 0.023251173 -0.014245558 0.054000035
v 0.022895344 -0.014962164 0.054082417
v 0.022018705 -0.013222539 0.056310643
v 0.02167473 -0.013908294 0.056389608
v 0.021003823 -0.013362038 0.057488613
v 0.014909732 -0.013630835 0.062856341
v 0.016508128 -0.013297886 0.061808431
v 0.018052529 -0.012831596 0.060715385
v 0.017320405 -0.013975133 0.060863249
v 0.018086647 -0.014633401 0.059881463
v 0.018839577 -0.013455936 0.059728332
v 0.019202653 -0.014675142 0.058783802
v 0.020128351 -0.016499538 0.056718022
v 0.021293605 -0.017658164 0.054424594
v 0.02085023 -0.018291498 0.054512821
v 0.024510867 -0.017670733 0.049098975
v 0.023582468 -0.016691043 0.051712021
v 0.022521339 -0.01566134 0.054166159
v 0.021313371 -0.014578581 0.056469923
v 0.01994356 -0.013439984 0.058627976
v 0.025720803 -0.017837424 0.046227152
v 0.025278086 -0.016155902 0.048923726
v 0.024904236 -0.016924002 0.049010689
v 0.024332761 -0.015222575 0.051540578
v 0.024899841 -0.019347099 0.046407157
v 0.029168942 -0.033151196 -0.048377735
v 0.02901311 -0.029748776 -0.015426997
v 0.028704664 -0.026281915 0.010473712
v 0.029080045 -0.023249193 0.020481776
v 0.029207317 -0.020081862 0.02902065
v 0.028805267 -0.019369954 0.032911297
v 0.028340818 -0.018631965 0.036535412
v 0.02780321 -0.017865175 0.039919115
v 0.026101318 -0.017047977 0.046138994
v 0.025632102 -0.015365842 0.048838157
v 0.025006213 -0.01367451 0.05137489
v 0.024206344 -0.011987059 0.053761974
v 0.021720135 -0.017008953 0.054337343
v 0.022318689 -0.018753139 0.051978351
v 0.021387773 -0.020039854 0.052160927
v 0.023216889 -0.019788704 0.049370793
v 0.024098306 -0.018396695 0.049188475
v 0.022757956 -0.018083865 0.051888476
v 0.023179325 -0.017396664 0.05179967
v 0.022129493 -0.016343473 0.054251169
v 0.014121675 -0.01462216 0.062998654
v 0.014927276 -0.015387817 0.062102717
v 0.015743725 -0.014363424 0.061954166
v 0.017274969 -0.015763038 0.060038303
v 0.017537587 -0.016991781 0.059107171
v 0.017975923 -0.016431346 0.059025098
v 0.018798957 -0.018291694 0.056974848
v 0.01653152 -0.015073944 0.061014741
v 0.015688544 -0.016128822 0.061169127
v 0.01640724 -0.016845943 0.060198113
v 0.017085128 -0.017539948 0.059189909
v 0.016812377 -0.021669434 0.056301952
v 0.01569063 -0.022677978 0.056483664
v 0.014518072 -0.023634386 0.056665205
v 0.013298088 -0.024539041 0.056845705
v 0.012034131 -0.025392118 0.057024262
v 0.01072965 -0.026193783 0.057199993
v 0.0093881615 -0.026944003 0.057371986
v 0.014515204 -0.018873361 0.06052356
v 0.015141506 -0.019611437 0.059525468
v 0.016139332 -0.01859978 0.059356963
v 0.016754925 -0.019292418 0.058316293
v 0.017723947 -0.018211604 0.058144633
v 0.01783714 -0.019418166 0.057149624
v 0.018325356 -0.018861651 0.057061945
v 0.014094623 -0.020575506 0.059694628
v 0.015732151 -0.020322813 0.058489428
v 0.017334693 -0.019961382 0.057237768
v 0.018915202 -0.02067302 0.05487359
v 0.021237954 -0.022349474 0.049746108
v 0.02226255 -0.021104803 0.049556917
v 0.018808792 -0.015273216 0.058863319
v 0.019700814 -0.017110853 0.056802786
v 0.020390345 -0.018909338 0.054601933
v 0.020896795 -0.020658247 0.052253437
v 0.020863577 -0.024563839 0.047163663
v 0.021980129 -0.023372886 0.046970502
v 0.023026957 -0.022109345 0.046779528
v 0.024001059 -0.020769191 0.046591511
v 0.020146119 -0.023526043 0.049937564
v 0.020700247 -0.022946085 0.049841605
v 0.019865649 -0.021846843 0.052440405
v 0.020389289 -0.021260478 0.052346628
v 0.019422451 -0.020099868 0.054782421
v 0.019914293 -0.019512045 0.054691833
v 0.019257567 -0.017708149 0.056888426
v 0.018399772 -0.015858551 0.058943778
v 0.018771509 -0.022973164 0.052629276
v 0.018392933 -0.021231721 0.05496524
v 0.017856028 -0.021776188 0.055057263
v 0.01788018 -0.020607529 0.056120911
v 0.016288621 -0.021008487 0.057415082
v 0.014658635 -0.021303654 0.058663222
v 0.013001708 -0.021492421 0.05986364
v 0.018201785 -0.023513711 0.052724166
v 0.017617477 -0.024039579 0.052819222
v 0.018389085 -0.02516982 0.050227225
v 0.017304873 -0.022306638 0.055149556
v 0.016739854 -0.022823291 0.055242016
v 0.016603712 -0.02395036 0.054145117
v 0.016161355 -0.023326363 0.055334542
v 0.01496553 -0.024292406 0.055519357
v 0.019680394 -0.025685902 0.047358222
v -0.0030612341 -0.016908582 0.06888528
v 0.01932626 -0.022417638 0.052534655
v 0.019575956 -0.024089733 0.050033892
v 0.012879767 -0.030371622 0.048323352
v 0.014345978 -0.029550512 0.048134244
v 0.01407718 -0.029028866 0.049541112
v 0.015762827 -0.028673168 0.047942284
v 0.01547605 -0.028151785 0.049349772
v 0.017126625 -0.027737841 0.047748373
v 0.01682306 -0.027217454 0.049156456
v 0.018433679 -0.026742778 0.047553394
v 0.018114539 -0.026224359 0.048962063
v 0.019064784 -0.026222259 0.047455782
v 0.01899015 -0.024637531 0.050130477
v 0.020185535 -0.0046302389 0.060925428
v 0.02077106 -0.0064069214 0.060055221
v 0.019009748 -0.027726879 0.044588498
v 0.017674477 -0.028723279 0.044783393
v 0.016280139 -0.029658155 0.04497724
v 0.014830466 -0.030533733 0.045169191
v 0.015286666 -0.043474573 -0.045534708
v 0.02592495 -0.032264959 -0.039070754
v 0.027006032 -0.03079764 -0.039171476
v 0.027591674 -0.031512469 -0.039164949
v 0.028148103 -0.030665056 -0.039220519
v 0.026608664 0.025532922 -0.041435672
v 0.025506966 0.026988218 -0.041452423
v 0.02674638 0.026850433 -0.041494251
v 0.0059153875 -0.043221067 -0.037862128
v 0.011347517 -0.041534773 -0.038138123
v 0.010880314 -0.042638398 -0.038075596
v -0.0022937028 -0.045874908 -0.037440773
v -0.0022999947 -0.044982959 -0.037476627
v -0.00042810654 -0.045554732 -0.037525082
v 0.00020344367 -0.044537732 -0.03759039
v 0.010799887 0.036096734 -0.041258505
v 0.01212094 0.036569392 -0.041328157
v 0.014825905 0.034533565 -0.041349234
v 0.016169903 0.034901381 -0.041415519
v 0.017784016 0.033100035 -0.041404363
v 0.0081511005 -0.043509109 -0.037935978
v 0.0048001037 -0.044424045 -0.037770794
v 0.0026786564 -0.044924997 -0.037669387
v 0.018288826 -0.038461373 -0.038527966
v 0.020289737 -0.037261801 -0.038653034
v 0.020534256 -0.03816294 -0.038625918
v 0.0053443903 0.03772306 -0.041115663
v 0.0075758655 0.038035709 -0.04121366
v 0.010317151 0.037195128 -0.041284488
v -0.0028952091 0.039394321 -0.040868154
v -0.002901501 0.04028627 -0.040904008
v -0.00038568434 0.038976703 -0.040947236
v -0.0010315346 0.039986667 -0.040963404
v 0.0042122207 0.03891366 -0.041120539
v 0.019458304 -0.038819962 -0.038558184
v 0.018132802 -0.039557795 -0.038477632
v 0.015351169 -0.039927378 -0.038356289
v 0.016700251 -0.040280358 -0.038393604
v 0.012675135 -0.041992841 -0.038170361
v 0.027162325 -0.032113532 -0.039124207
v 0.026524714 -0.032934229 -0.039066611
v 0.024760209 -0.033594498 -0.038972407
v 0.025358306 -0.034254302 -0.038968584
v 0.023482516 -0.034833158 -0.038873417
v 0.024033848 -0.035532959 -0.038866189
v 0.021944347 -0.036100431 -0.03876331
v 0.022486128 -0.036806072 -0.038755477
v 0.02128551 -0.037668342 -0.038674667
v 0.019801695 0.0319226 -0.041433888
v 0.020791655 0.032340077 -0.041488641
v 0.021472561 0.030779546 -0.041451537
v 0.022004345 0.0314911 -0.041500668
v 0.023028489 0.029529313 -0.041460458
v 0.023569906 0.030235132 -0.041509723
v 0.024323559 0.028304825 -0.041460441
v 0.0249123 0.028971167 -0.041509918
v 0.026097241 0.027664044 -0.041502348
v 0.017612536 0.034194651 -0.041442096
v 0.018948344 0.033471479 -0.041463926
v 0.020033482 0.032826359 -0.041479324
v 0.028558949 -0.029981569 -0.039263891
v 0.027911641 -0.029329313 -0.039265528
v 0.029437308 -0.028314168 -0.039364955
v 0.028760494 -0.02767562 -0.03936491
v 0.030227911 -0.026492472 -0.039468906
v 0.029560916 -0.025762357 -0.039472942
v 0.030933745 -0.024488278 -0.039577004
v 0.030321159 -0.023463325 -0.039595047
v 0.031555231 -0.022268862 -0.03969058
v 0.031022326 -0.020641973 -0.03973603
v 0.031786381 -0.021283436 -0.039739294
v 0.031645369 -0.017033789 -0.039905864
v 0.032467311 -0.017519442 -0.039917645
v 0.03215829 -0.01942938 -0.039828544
v 0.033193106 -0.009019325 -0.04028936
v 0.033138527 -0.010257624 -0.040237166
v 0.032160289 -0.011896833 -0.04013342
v 0.032931184 -0.013390191 -0.040102477
v 0.032586118 -0.016651799 -0.039957298
v 0.027184176 0.026254148 -0.041486869
v 0.027752516 0.025412929 -0.041474564
v 0.027534917 0.024074687 -0.041412089
v 0.028172975 0.024734021 -0.041463174
v 0.028407034 0.022430473 -0.041378912
v 0.029074787 0.023076424 -0.041430591
v 0.029234387 0.020526174 -0.041333502
v 0.02989103 0.021263579 -0.041388454
v 0.030027005 0.018235694 -0.041271132
v 0.030625083 0.019267316 -0.041335751
v 0.030767921 0.015422287 -0.041185625
v 0.031277832 0.017054919 -0.04127119
v 0.033283433 -0.0025966889 -0.040552704
v 0.032402947 -0.0026015386 -0.040518833
v 0.033102503 0.0038244532 -0.040805612
v 0.03202917 0.0066903601 -0.040880531
v 0.033030459 0.005062054 -0.040852935
v 0.031441819 0.011821246 -0.041065684
v 0.032387884 0.011449647 -0.04108683
v 0.032778938 0.008192095 -0.040969974
v 0.031522867 0.016072116 -0.041240795
v 0.031920903 0.014222301 -0.041181167
v 0.032256846 0.012315914 -0.041116875
v -0.0013844994 0.037423833 -0.012940257
v 0.0045998959 0.036235561 -0.013121054
v 0.009686387 0.03482461 -0.013258502
v 0.013374855 0.033499031 -0.013345932
v 0.016147185 0.032266059 -0.013402072
v 0.018292275 0.031111706 -0.013437403
v 0.020016987 0.030006198 -0.013458633
v 0.021433422 0.028935778 -0.013469493
v 0.022594147 0.027909893 -0.013472374
v 0.023763743 0.026693131 -0.01346787
v 0.024773166 0.025443478 -0.013455911
v 0.025663096 0.024131146 -0.013436844
v 0.026457475 0.022731036 -0.013410571
v 0.027194486 0.021165023 -0.013375391
v 0.027891136 0.019348407 -0.013328525
v 0.028655622 0.016774124 -0.013253598
v 0.029384381 0.013311886 -0.013141372
v 0.030028044 0.0082891909 -0.012962749
v 0.030441923 -2.7702787e-05 -0.012642038
v 0.030458584 -0.0014923954 -0.012583407
v 0.0036643808 -0.039898702 0.0077328738
v 0.0043399343 -0.039695292 0.0081185322
v 0.0043784786 -0.039683212 0.0081428359
v 0.0049720716 -0.039490196 0.0085519406
v 0.0050533582 -0.039462701 0.0086133976
v 0.0055618741 -0.03928432 0.0090313777
v 0.0056838929 -0.039239785 0.0091410089
v 0.006109661 -0.039078562 0.0095560152
v 0.0062431475 -0.039026003 0.0096976146
v 0.0062653525 -0.039017155 0.0097217528
v 0.0067379512 -0.038821513 0.010279735
v 0.0067932308 -0.038797617 0.01035116
v 0.0071765735 -0.038624988 0.010890056
v 0.0072635611 -0.038583925 0.01102452
v 0.0075609827 -0.038437044 0.011527233
v 0.0076727847 -0.038378794 0.011736766
v 0.0078921955 -0.038258343 0.012190571
v 0.0079991833 -0.03819598 0.012437482
v 0.0080178735 -0.038184793 0.012482716
v 0.0082565348 -0.038032022 0.013132229
v 0.0082960279 -0.038004478 0.01325633
v 0.0084551993 -0.037883139 0.013833455
v 0.0085052466 -0.037840055 0.01405199
v 0.0085975687 -0.037749255 0.014540953
v 0.0086439401 -0.037693521 0.014863691
v 0.0086849292 -0.03763042 0.015254817
v 0.0087080251 -0.03757694 0.015612666
v 0.002031359 -0.038056962 0.025151299
v 0.0020445234 -0.038054711 0.025147117
v 0.0021502227 -0.038036639 0.025112778
v 0.0028106696 -0.037924306 0.024866527
v 0.0028579886 -0.037916306 0.024846716
v 0.0035428379 -0.037801504 0.024525351
v 0.0035627152 -0.037798209 0.024515016
v 0.0042043966 -0.037693088 0.024148267
v 0.0042817274 -0.03768063 0.024099505
v 0.0048418493 -0.037592146 0.023714002
v 0.0049118921 -0.037581328 0.023661547
v 0.004962328 -0.037573578 0.023623154
v 0.0054894312 -0.03749488 0.023188535
v 0.0055992512 -0.037479088 0.023089704
v 0.0060277493 -0.03741998 0.022672889
v 0.0061877207 -0.037399114 0.022503219
v 0.006526675 -0.037357603 0.022114427
v 0.0067232724 -0.037335529 0.021868203
v 0.0069853247 -0.037308967 0.021512088
v 0.0070781664 -0.037300479 0.021377211
v 0.0072018533 -0.03729004 0.021189503
v 0.0074622444 -0.037271943 0.020759745
v 0.0076197699 -0.037264151 0.020472409
v 0.007797942 -0.037259056 0.020116029
v 0.0079738822 -0.037259086 0.019722367
v 0.008085126 -0.037262544 0.019445601
v 0.0082614889 -0.037275776 0.018945136
v 0.0083226915 -0.037283418 0.018747411
v 0.0084032094 -0.03729689 0.018460611
v 0.0084804081 -0.037314825 0.01814665
v 0.0085592816 -0.037341068 0.017764644
v 0.0086289649 -0.037376478 0.017333046
v 0.0086627583 -0.03740214 0.017058457
v 0.0087060377 -0.037460572 0.016510537
v 0.0087129469 -0.037480544 0.016341404
v 0.0087110494 -0.037566563 0.015685407
v 0.001314751 -0.038179867 0.025347959
v 0.0012306858 -0.038194311 0.025367135
v 0.0062008712 0.036732469 0.018890938
v 0.0066799049 0.036708682 0.018215054
v 0.0070981732 0.036682892 0.017500041
v 0.0074524963 0.036655296 0.016751341
v 0.0077401722 0.036626109 0.015974652
v 0.0079590173 0.036595545 0.015175884
v 0.0081073619 0.036563841 0.014361117
v 0.0081840782 0.036531241 0.013536551
v 0.0081885847 0.036497988 0.012708462
v 0.0081395024 0.036470842 0.012041708
v 0.0045316242 0.036867704 0.022548391
v 0.0057558016 0.036750712 0.019422866
v -0.0028705572 0.040262521 -0.040102987
v -0.0028646599 0.039426643 -0.040069389
v -0.010441351 -0.048789223 -0.041540442
v -0.010434069 -0.048819471 -0.041357556
v -0.010353229 -0.045896388 -0.03883429
v -0.010433548 -0.048821118 -0.041344399
v -0.010346177 -0.046896255 -0.038794101
v -0.010415313 -0.048834882 -0.040869858
v -0.010418311 -0.048838766 -0.04094958
v -0.01053217 -0.046426081 -0.043561645
v -0.010530787 -0.046609352 -0.043547865
v -0.010528944 -0.046804273 -0.043518021
v -0.010527797 -0.046902924 -0.043496801
v -0.010503734 -0.047890243 -0.043015322
v -0.010501624 -0.047943508 -0.042971511
v -0.010490846 -0.04818445 -0.04273849
v -0.010488381 -0.048233873 -0.042682215
v -0.010464573 -0.048602338 -0.042108173
v -0.010459449 -0.048655183 -0.04198649
v -0.010456843 -0.048679446 -0.04192402
v -0.010454269 -0.048701804 -0.041861643
v -0.010425835 -0.04883763 -0.041146945
v -0.010424409 -0.048839008 -0.041109899
v -0.010526533 -0.04699746 -0.043472478
v -0.010523431 -0.047187548 -0.043411294
v -0.010521962 -0.047263308 -0.043382114
v -0.010497328 -0.048045116 -0.042880738
v -0.010492889 -0.048142133 -0.042784109
v -0.010449091 -0.048742073 -0.041733654
v -0.010444114 -0.048774214 -0.041609452
v -0.010519577 -0.047373182 -0.043334644
v -0.010514972 -0.047553038 -0.043242819
v -0.010513167 -0.047615128 -0.043206712
v -0.01050966 -0.047725817 -0.043136208
v -0.010505728 -0.047837582 -0.043056302
v -0.010484726 -0.048305701 -0.042593967
v -0.010479466 -0.048400104 -0.042464208
v -0.010478017 -0.048423744 -0.042428817
v -0.010471604 -0.048517153 -0.042274756
v -0.010469753 -0.048541139 -0.042230814
v 0.0128127 0.015039297 0.061379078
v 0.013621979 0.015682456 0.060537248
v 0.01434024 0.014701801 0.060483359
v -0.0025810739 0.0041125314 0.069019108
v 0.0004692877 0.0061429945 0.068314295
v 0.0014077334 0.0046727377 0.068275864
v 0.024285959 0.0089656082 0.051295207
v 0.023730313 0.0087478632 0.052428224
v 0.023550787 0.0095957835 0.052417569
v 0.019136338 0.011659139 0.057604812
v 0.018365371 0.011254721 0.058548311
v 0.017833551 0.012471279 0.058571833
v 0.018395715 0.0083631896 0.059445933
v 0.01872251 0.007057388 0.059454407
v 0.017820989 0.0067925285 0.060335857
v 0.025013602 0.0010462279 0.051530176
v 0.024450218 0.0010871528 0.052647215
v 0.02439296 0.0031593344 0.052569582
v 0.021744815 0.0029928234 0.056744113
v 0.021225318 0.001260729 0.05753156
v 0.021026556 0.0012689674 0.057771405
v 0.022522579 0.0012009455 0.055816547
v 0.01376881 0.0090601553 0.062806091
v 0.012684165 0.0085848056 0.063562713
v 0.012260006 0.0095082095 0.063580279
v 0.013381357 0.0066674513 0.063548861
v 0.013058567 0.007637856 0.063552093
v 0.014161998 0.0080548493 0.062794727
v 0.02506119 0.019717173 0.039345269
v 0.024463073 0.019138117 0.042316846
v 0.023664169 0.020577192 0.042365178
v 0.028512437 0.0059737913 0.039463852
v 0.029064714 0.0060890128 0.036311737
v 0.02930745 0.00046807217 0.036392763
v 0.010565987 0.036141742 0.001253415
v 0.010552262 0.03652729 -0.011799627
v 0.014162757 0.035214466 -0.011929609
v 0.012236314 0.035071098 0.012350654
v 0.010487713 0.035700331 0.01244818
v 0.013821471 0.030847848 0.04030984
v 0.013393034 0.030207762 0.043295572
v 0.011952058 0.030981665 0.043429794
v 0.017383818 0.030236117 0.033425411
v 0.017016853 0.029722519 0.036854684
v 0.015636654 0.030596752 0.036979282
v -0.0025823232 0.035540364 0.044530282
v -0.00089072377 0.035263338 0.044431971
v -0.00099195931 0.034546101 0.04720815
v 0.013980857 0.028268966 0.04727444
v 0.013679606 0.027855501 0.048554519
v 0.012355436 0.028681025 0.048683059
v 0.013220877 0.022547497 0.056201569
v 0.012696281 0.021945456 0.05718789
v 0.011640233 0.022812608 0.057284332
v 0.010559554 0.021488869 0.059150175
v 0.011558149 0.02065396 0.059062485
v 0.010941727 0.019961878 0.059951471
v -0.0027656839 0.019062678 0.065811668
v -0.0035649703 0.019282742 0.065854938
v -0.0033543192 0.020543888 0.065259004
v 0.0042119343 0.01531735 0.065360456
v 0.0055979037 0.014125531 0.065262919
v 0.0036903671 0.012096711 0.066465141
v -0.0013545145 0.012128572 0.06768573
v -0.00033026054 0.011465103 0.067624599
v -0.0020959312 0.0086309818 0.06845311
v 0.0006550248 0.010714328 0.067564819
v 0.0015881852 0.009886101 0.067508266
v -0.00072276373 0.007482199 0.068376602
v 0.026953213 0.021222214 0.025106316
v 0.026786078 0.021568402 0.0250987
v 0.027079621 0.021902863 0.021008747
v 0.011464567 0.034350694 0.026189041
v 0.0099984597 0.034463274 0.030348631
v 0.0082964772 0.035063316 0.030472016
v 0.026886902 0.021091002 0.026135742
v 0.027450961 0.019807705 0.026166096
v 0.027181683 0.019523194 0.02910731
v -0.0025326956 0.040136217 -0.036944202
v -0.010916512 0.041043895 -0.041028739
v -0.010966796 0.041082187 -0.042330377
v -0.0094171173 0.040977493 -0.041083396
v -0.0067194647 0.040802122 -0.04248149
v 0.022242693 0.031302523 -0.040700912
v 0.023553586 0.030238657 -0.040708
v 0.024895305 0.028976456 -0.040708242
v 0.026078986 0.027671686 -0.040700715
v 0.026452437 0.027213517 -0.04069646
v 0.027168931 0.026258291 -0.040685212
v 0.027479161 0.025809159 -0.040678902
v 0.028178759 0.024702291 -0.040660868
v 0.0284105 0.024302744 -0.040653564
v 0.029101545 0.02299361 -0.040627023
v 0.02925617 0.022672992 -0.040619964
v 0.030022191 0.02089704 -0.040577395
v 0.030711451 0.018950104 -0.040524975
v 0.031249309 0.01709546 -0.0404705
v 0.031970466 0.013860149 -0.040367165
v 0.032547877 0.010090986 -0.040236731
v 0.032936875 0.0060851454 -0.040089514
v 0.033005512 0.0050884392 -0.040051808
v 0.033165259 0.0018660954 -0.039927527
v 0.033258086 -0.002564675 -0.039751787
v 0.021987653 0.031493487 -0.040698887
v 0.020786413 0.032333724 -0.040686941
v 0.019970261 0.032855659 -0.040676849
v 0.0028511129 0.039209041 -0.040279192
v 0.0034454777 0.039075962 -0.040296539
v -0.0019949408 0.040186247 -0.042637262
v 0.019984007 0.032877213 -0.043182121
v 0.018319751 0.033841739 -0.043157496
v 0.015334411 0.035303592 -0.043102472
v 0.014099258 0.035829555 -0.043076514
v 0.011122345 0.036950871 -0.043008033
v 0.0064246644 0.038385872 -0.04288643
v 0.0028348398 0.039264827 -0.0427847
v 0.020802483 0.032352953 -0.043192209
v 0.022012243 0.031505527 -0.043204187
v 0.022265575 0.031315599 -0.043206192
v 0.023588484 0.030240644 -0.04321329
v 0.023638159 0.030197266 -0.043213433
v 0.024939082 0.028968348 -0.043213462
v 0.026130512 0.027653243 -0.043205816
v 0.026490152 0.027211931 -0.043201713
v 0.027216367 0.026244413 -0.043190335
v 0.027524868 0.025798092 -0.043184075
v 0.028231416 0.024681215 -0.043165904
v 0.028463265 0.024281832 -0.043158612
v 0.029158985 0.022965205 -0.043131944
v 0.029315138 0.022641746 -0.043124826
v 0.031405584 0.016706848 -0.042964627
v 0.031320719 0.017034975 -0.042974655
v 0.030780526 0.018896209 -0.043029311
v 0.030086585 0.020854847 -0.043082025
v 0.032045137 0.013788262 -0.042870986
v 0.032624966 0.010007581 -0.042740179
v 0.033337273 -0.0026647182 -0.042254641
v 0.033244187 0.0017711391 -0.042430576
v 0.033015094 0.0059957318 -0.042592763
v -0.0078785699 0.039750665 -0.0012647601
v -0.0056418365 0.039870006 -0.0112014
v -0.0029864196 0.039197379 0.0013376407
v -0.0014473745 0.039339011 -0.01135621
v 0.0020208101 0.038284867 0.0040138852
v 0.00269141 0.038592246 -0.011509502
v 0.0067300667 0.037043769 0.0079846795
v 0.0066425859 0.037072683 0.0078474023
v 0.0067110906 0.037650904 -0.011658353
v 0.0062571548 0.037196087 0.0072966076
v 0.0062015845 0.037213393 0.0072235263
v 0.0057265934 0.037356946 0.0066519102
v 0.0057042793 0.037363512 0.0066271525
v 0.0055701459 0.037402653 0.0064818672
v 0.0051423839 0.037524041 0.0060555014
v 0.0050198122 0.037557907 0.005942719
v 0.0045090709 0.037694985 0.0055120589
v 0.0044274397 0.037716314 0.0054486394
v 0.0038314199 0.037867493 0.0050256998
v 0.0037927225 0.037877039 0.0050005269
v 0.0031145893 0.038039308 0.0046001703
v 0.008073941 0.036512741 0.011557454
v 0.0081206929 0.036483878 0.011882276
v 0.007980392 0.036562837 0.011061378
v 0.0079296755 0.036587627 0.010839323
v 0.0077693293 0.036659912 0.010255207
v 0.0077291066 0.036677025 0.010128038
v 0.0074891024 0.036773621 0.0094697766
v 0.0074702803 0.036780877 0.0094238017
v 0.0073625647 0.036821712 0.0091727428
v 0.007141736 0.036902252 0.008710859
v 0.0070292431 0.036941914 0.0084973896
v 0.0084056982 0.035549804 0.025235929
v 0.0037538503 0.037150828 0.021091669
v 0.0043153816 0.037039586 0.020714194
v 0.0030376984 0.037225828 0.02250473
v 0.0030130896 0.03729507 0.021506858
v 0.0030330175 0.037291234 0.02149681
v 0.0036763245 0.037166071 0.021139317
v 0.0044361592 0.03701549 0.020625062
v 0.0046760889 0.03696749 0.020438893
v 0.0050746308 0.036887476 0.020100574
v 0.0052356259 0.036855106 0.019952591
v 0.00566455 0.036768978 0.019522017
v -0.00021718944 0.03783241 0.02317155
v 0.00069515943 0.037721563 0.022315711
v 0.00077943035 0.037706809 0.022297708
v 0.0015110066 0.037576229 0.022107145
v 0.0016169682 0.037556952 0.022074308
v 0.0014978093 0.037578623 0.022111141
v 0.0022790723 0.037434531 0.021837493
v 0.00232651 0.037425635 0.021818361
v -0.0024943278 0.03819949 0.022985277
v -0.00060716255 0.037741713 0.025491943
v -0.0068429934 0.0384705 0.025471602
v -0.0069031925 0.038580473 0.023922495
v -0.004630773 0.038427204 0.023437635
v -0.0058512747 0.034117934 0.050627954
v -0.0058750717 0.034335496 0.050040521
v -0.005849995 0.034333936 0.050039413
v -0.0059833924 0.035207405 0.047349603
v -0.0043074416 0.033252905 0.052352456
v -0.0043273385 0.032731651 0.053479691
v -0.0057464645 0.033024897 0.053196008
v -0.0056440101 0.031699548 0.055669531
v -0.0044113006 0.030956337 0.05661442
v -0.0055844959 0.030783922 0.057085491
v -0.0044474598 0.030287773 0.057581313
v -0.0055612282 0.030391783 0.057634183
v -0.0044877769 0.029577226 0.058511561
v -0.0055131894 0.029513949 0.058757269
v -0.0045323116 0.028822551 0.059406059
v -0.0054832012 0.028914782 0.059451034
v -0.0045811572 0.028021198 0.060265636
v -0.0054533157 0.028274256 0.060136177
v -0.004634439 0.027170368 0.061091162
v -0.0054317986 0.027784007 0.060625307
v -0.0046923013 0.02626716 0.061883388
v -0.005376554 0.026401144 0.061863399
v -0.0045177026 0.018112791 0.066450993
v -0.0051759435 0.019289438 0.066060001
v -0.0043592841 0.019457202 0.065895461
v -0.0051458098 0.019584145 0.065932926
v -0.0050565259 0.020863669 0.065344092
v -0.0050271909 0.01008686 0.068609175
v -0.0050594113 0.012573509 0.068127651
v -0.0043286538 0.0098621788 0.068573324
v -0.0034654135 0.013152498 0.067804668
v -0.0035744788 0.0095278345 0.068534116
v -0.0049852297 0.0061351659 0.069134155
v -0.0050190976 0.0093982035 0.068720971
v -0.0040256786 0.0055317894 0.069087865
v -0.0049667127 0.0039958289 0.069309201
v -0.0049757668 0.0050793724 0.069228982
v -0.0020497703 0.0032820142 0.069001655
v -0.0049521781 0.0020974399 0.069415224
v -0.0049541675 0.0023687575 0.06940236
v 0.0020233002 0.0031278311 0.068270919
v 0.0053975466 0.0038053365 0.067341362
v 0.0056260662 0.0026831176 0.067359558
v -0.0017000866 0.0024200873 0.069001485
v 0.0084450355 0.0044547479 0.066233567
v 0.0098534572 0.0047692811 0.065618798
v 0.011188559 0.0050771588 0.064966118
v 0.012453312 0.0053785497 0.064277151
v 0.013650718 0.0056736216 0.063553435
v 0.014783512 0.0059624718 0.062796507
v 0.015854237 0.0062451558 0.062007497
v 0.016865776 0.0065218029 0.061187085
v 0.019172973 0.0042999673 0.059505579
v 0.020208714 0.0013006451 0.05870304
v 0.020035719 0.0044274371 0.058598099
v 0.030157089 0.00020985187 0.029819431
v 0.029958528 0.0062562174 0.029323649
v 0.030446596 9.2509957e-05 0.026849293
v 0.030227467 0.0061807868 0.026611314
v 0.027799564 0.01891139 0.026189033
v 0.028120318 0.017998811 0.026213693
v 0.027852579 0.017740365 0.029101742
v 0.028600199 0.016430265 0.02625881
v 0.028442879 0.01580473 0.029111936
v 0.029330742 0.013318861 0.02635677
v 0.028950704 0.013702144 0.029138499
v 0.02937387 0.011419166 0.029182101
v 0.023713878 0.026083193 0.026055092
v 0.023995162 0.025740406 0.026058204
v 0.023721064 0.025391954 0.029275107
v 0.024894329 0.024541909 0.02607231
v 0.024700792 0.024089587 0.029212715
v 0.025947616 0.022886896 0.026098996
v 0.02560445 0.022685455 0.029163423
v 0.026702552 0.02147334 0.026127322
v 0.02643176 0.0211674 0.029128067
v 0.02328786 0.026577233 0.026051393
v 0.022665501 0.026603378 0.029349563
v 0.022939475 0.026960654 0.026049203
v 0.02204928 0.027866606 0.026046591
v 0.021534965 0.027732015 0.029434927
v 0.02180759 0.028096213 0.026046543
v 0.020330157 0.028785309 0.029529926
v 0.020676009 0.029092026 0.026049527
v 0.019051903 0.02977016 0.029633174
v 0.019147164 0.03026535 0.026060521
v 0.011653167 0.03381301 0.030224465
v 0.014268141 0.033119841 0.026131619
v 0.0083095938 0.03549025 0.026263596
v 0.0065520285 0.035613704 0.030593521
v 0.0066723947 0.035996836 0.026305713
v 0.0047875916 0.036517371 0.026356737
v 0.0047711603 0.036114296 0.03071208
v 0.0039445826 0.036729567 0.026380391
v 0.0029606311 0.036563233 0.030826725
v 0.0011263391 0.036958568 0.030936514
v -0.0005960699 0.037664273 0.026516232
v -0.0044540131 0.037799916 0.031227423
v -0.0025885782 0.037580244 0.031137765
v -0.00072581507 0.037298396 0.031040507
v 0.0048713776 0.036578271 0.025329488
v 0.0039611903 0.036806538 0.025355062
v 0.0085498724 0.035747527 0.022177689
v 0.010304404 0.035158312 0.022065532
v 0.0084750777 0.035527197 0.025234191
v 0.011566996 0.034410956 0.025161104
v 0.012008126 0.034520119 0.02195336
v 0.013656075 0.033832076 0.021842145
v 0.014372449 0.03318263 0.025103509
v 0.015242515 0.033093355 0.021732893
v 0.016762697 0.032301191 0.021626729
v 0.016835767 0.031883498 0.025061867
v 0.018213374 0.031451863 0.021524825
v 0.017534185 0.031467682 0.02505198
v 0.019591596 0.030541601 0.02142837
v 0.019233058 0.030347323 0.025032339
v 0.020894212 0.029566517 0.021338592
v 0.020756808 0.029181596 0.025021232
v 0.02211951 0.028520261 0.021256801
v 0.021881097 0.028195495 0.025018135
v 0.022125433 0.027964148 0.025018151
v 0.022703064 0.02796796 0.0212193
v 0.02301558 0.027060918 0.025020655
v 0.023267201 0.0273948 0.021184266
v 0.023359893 0.026683099 0.025022774
v 0.023811906 0.026799658 0.021151843
v 0.02378688 0.026189428 0.02502642
v 0.024337156 0.026181371 0.021122166
v 0.024073508 0.02584097 0.025029558
v 0.025329043 0.024870325 0.021071577
v 0.024964267 0.024656532 0.025043418
v 0.026243163 0.02344891 0.021033494
v 0.02595867 0.023107031 0.025068085
v 0.026015311 0.02300987 0.02506985
v 0.027535833 0.019897885 0.025137621
v 0.027837552 0.020217913 0.020998037
v 0.027865002 0.019052534 0.025159239
v 0.028515305 0.018379646 0.02100201
v 0.028206358 0.018082145 0.025185449
v 0.029111304 0.016371874 0.021021344
v 0.028667 0.016578131 0.025228691
v 0.029623653 0.014178578 0.021056764
v 0.029400688 0.013471009 0.025326359
v 0.030050203 0.011784596 0.021109061
v 0.029725567 0.011614197 0.025389069
v 0.030388997 0.0091745869 0.021179116
v 0.030041931 0.0092421145 0.025472954
v 0.030638902 0.0063316315 0.021267938
v 0.030305191 0.0063548736 0.025579716
v 0.030529107 0.00076949933 0.025797162
v 0.031248535 -0.00036426917 0.01534442
v 0.030536275 5.2008337e-05 0.025825921
v 0.032366638 1.2763917e-05 -0.012717288
v 0.032103988 0.0059051446 -0.01176006
v 0.0321127 0.006346067 -0.012963852
v 0.031494995 0.012024152 -0.011971196
v 0.031567353 0.011771293 -0.013162523
v 0.031052529 0.014678665 -0.012052318
v 0.030843565 0.015870668 -0.013300721
v 0.030519847 0.017089478 -0.012118409
v 0.030557404 0.017087063 -0.013338997
v 0.029898956 0.019275505 -0.012170362
v 0.030033936 0.0189646 -0.013394951
v 0.029595885 0.020284787 -0.013431617
v 0.029191733 0.021256762 -0.012209065
v 0.029227392 0.021263436 -0.013457123
v 0.028736846 0.022419619 -0.013485147
v 0.02839979 0.02305367 -0.012235376
v 0.028434222 0.023064154 -0.013499654
v 0.027878085 0.024136826 -0.013521789
v 0.027524828 0.024684662 -0.012250089
v 0.027557845 0.024698558 -0.01353227
v 0.026971905 0.025638228 -0.013547885
v 0.026567504 0.026168256 -0.012253992
v 0.026603532 0.02617865 -0.013555664
v 0.02552698 0.027523126 -0.012247891
v 0.025600493 0.02749004 -0.013570366
v 0.024401952 0.028766035 -0.0122326
v 0.024495147 0.028720963 -0.013577899
v 0.023191811 0.029909717 -0.012208873
v 0.023274466 0.029883792 -0.013578266
v 0.021895659 0.030965571 -0.012177452
v 0.021920954 0.030990319 -0.013571275
v 0.020512909 0.031943926 -0.012139083
v 0.020292694 0.032129663 -0.013555102
v 0.01904496 0.032852947 -0.012094494
v 0.018360802 0.03327883 -0.013527716
v -0.0018175891 0.039438725 -0.013005225
v 0.0028362095 0.038602972 -0.013149398
v 0.0072967763 0.037533969 -0.013276741
v 0.011522224 0.036240497 -0.013386009
v 0.013660058 0.035453454 -0.013435925
v 0.016165966 0.03438453 -0.013488513
v 0.015866561 0.034483239 -0.011989153
v 0.017495138 0.033697725 -0.012044314
v -0.0032536506 0.0048749721 0.069049363
v -0.0049582281 0.0029112873 0.069374482
v -0.002404185 0.012694474 0.067746358
v -0.0049842889 0.0060334361 0.069144057
v 0.0064830031 0.015075324 0.064605988
v 0.0049984266 0.01634115 0.064713945
v 0.005746993 0.01731779 0.064031912
v 0.0077795733 0.019981246 0.061783166
v 0.0096066245 0.01847828 0.061633968
v 0.0088849422 0.017684216 0.062426827
v 0.0071361147 0.019136154 0.062565858
v 0.0080258918 0.018428109 0.062495189
v 0.0064591016 0.018248941 0.063315598
v 0.0073064404 0.017568107 0.063250161
v 0.0065493711 0.016666927 0.063971747
v -0.0013366706 0.015560814 0.066786431
v 0.00061425517 0.016133692 0.066154935
v -1.1473091e-05 0.014864377 0.066705191
v 0.0027431745 0.016392766 0.065462869
v 0.0012792944 0.014047074 0.066622854
v 0.002518694 0.013120803 0.066541971
v 0.0046888568 0.019503498 0.063450579
v 0.0040718617 0.018518195 0.064156045
v 0.0023210598 0.019573829 0.064281757
v 0.0034237209 0.017481937 0.064827208
v 0.0017793613 0.018486005 0.064942015
v 0.0012108149 0.017340104 0.065566798
v -0.00083931563 0.016887569 0.066246594
v -0.0026789288 0.016124312 0.06686407
v -0.0045239541 0.013492024 0.067858947
v -0.0040203327 0.016542201 0.066935735
v -0.0033508585 0.016352244 0.066900793
v -0.0023128892 0.01749745 0.066333943
v -0.0037868192 0.017949842 0.06641426
v -0.0046538765 0.014246663 0.067683366
v -0.0046850438 0.01669261 0.066968633
v -0.0031543919 0.021736339 0.064627599
v -0.0049730057 0.022072961 0.064719701
v -0.0029647632 0.022862955 0.063961847
v -0.0048950282 0.023214982 0.06406088
v -0.0027850456 0.02392646 0.063262498
v -0.0048223985 0.024292568 0.063368374
v -0.0026147887 0.024929918 0.062529869
v -0.00036515315 0.018146502 0.065668924
v -0.0019641821 0.018798775 0.065765995
v -0.0016321152 0.020031117 0.065161468
v -0.001315982 0.02119737 0.064521493
v -0.0010151527 0.022300232 0.063847205
v -0.00072903925 0.023342255 0.063139371
v -0.00045696688 0.02432633 0.062398316
v -0.00019828058 0.025255353 0.06162424
v 0.0095231876 0.022281151 0.05924097
v 0.0068702055 0.022974463 0.060297885
v 0.0089717945 0.021552183 0.060120454
v 0.0063652973 0.022173116 0.061134958
v 0.0083909998 0.02078603 0.060967902
v 0.0058342551 0.021328843 0.061939656
v 0.0052758778 0.020439675 0.062711637
v 0.010046529 0.022974633 0.058329071
v 0.011114234 0.022166714 0.058233581
v 0.012142502 0.021314696 0.058141417
v 0.012138843 0.023427943 0.056302062
v 0.010543113 0.023634279 0.057384314
v 0.011014134 0.024261609 0.056406305
v 0.0094082426 0.024409955 0.057486882
v 0.0098501137 0.025048155 0.056513282
v 0.013717471 0.023121821 0.055182031
v 0.012611157 0.024013843 0.055286312
v 0.0114606 0.024857874 0.055394544
v 0.010269188 0.02565375 0.055505662
v 0.0078059223 0.024455536 0.058526418
v 0.0082389651 0.025139162 0.057591061
v 0.0086501551 0.025787267 0.056621976
v 0.0090403221 0.026401333 0.055618586
v 0.0046633447 0.024220088 0.060477382
v 0.0042401876 0.023388848 0.061303937
v 0.00379542 0.022510912 0.062097945
v 0.0033280421 0.021584034 0.062859124
v 0.0028369603 0.020605804 0.063587192
v 0.0023793741 0.025277038 0.060652624
v 0.0020429018 0.024420766 0.061468983
v 0.0016892865 0.023514644 0.062252625
v 0.001317735 0.022556166 0.063003348
v 0.00092737221 0.02154266 0.063720897
v 0.00051730264 0.020471464 0.064404929
v 0.010291687 0.019237042 0.0608087
v 0.0073500328 0.023734609 0.05942852
v 0.005065758 0.025006629 0.05961829
v 0.002699388 0.026085694 0.059803515
v 0.0074179801 0.02647832 0.056731342
v 0.0070389261 0.025821137 0.057695874
v 0.0061576125 0.027120002 0.056840375
v 0.0058120546 0.026454493 0.057800367
v 0.0048729025 0.027711037 0.056948077
v 0.0045621231 0.027037871 0.05790359
v 0.0035676994 0.028250177 0.057053429
v 0.0077777851 0.027100133 0.055732229
v 0.0064856933 0.027748924 0.055845528
v 0.0051679632 0.028346508 0.05595743
v 0.0038285119 0.028891723 0.056066875
v 0.0024717175 0.029383096 0.056172793
v 0.015448277 0.025164049 0.050751692
v 0.01505166 0.02468977 0.051914052
v 0.013881804 0.02560741 0.052027841
v 0.014264552 0.028660466 0.04595055
v 0.012906017 0.029488 0.046081605
v 0.011498311 0.030263226 0.046214958
v 0.010984942 0.029454857 0.048813815
v 0.010045556 0.030986862 0.046349232
v 0.008121712 0.030848005 0.049076679
v 0.0066377609 0.031465964 0.049206253
v 0.0070233158 0.032277394 0.046615326
v 0.0089316923 0.032373983 0.043699842
v 0.010463331 0.031703842 0.04356499
v 0.00050301174 0.027738457 0.059103922
v 0.0017582269 0.027320989 0.059014444
v -0.001126488 0.026478742 0.060893792
v 4.7606286e-05 0.026132054 0.060817313
v -0.00093726571 0.027313132 0.060058095
v 0.00028119323 0.026958867 0.059977427
v -0.00075789826 0.028099494 0.059188652
v -0.0018918592 0.02914838 0.058367387
v -0.002020436 0.028402059 0.059267795
v -0.0021567074 0.027609784 0.060133523
v -0.0023009708 0.026768841 0.060965394
v -0.0024535579 0.025876413 0.061764124
v 0.0011022813 0.029818464 0.056274165
v 0.0022462726 0.028735911 0.057155416
v 0.0032929121 0.027569959 0.058004584
v 0.0054483666 0.025750705 0.058726153
v 0.0030036736 0.026849202 0.058921062
v 0.0020085745 0.028049185 0.058102377
v 0.0009131917 0.029166069 0.057253055
v -0.00027538813 0.030195687 0.056369992
v -0.00013218519 0.030814099 0.055357078
v -0.0015501452 0.03113497 0.055449336
v -0.0014503524 0.031720095 0.054400262
v -0.0029035029 0.03198128 0.054487143
v 2.5811925e-06 0.031395784 0.054305287
v 0.0014500478 0.031010696 0.054203284
v 0.001281137 0.030432678 0.055258022
v 0.0028874414 0.030566916 0.054095311
v 0.0026853171 0.029992785 0.055153197
v 0.0043101592 0.030066588 0.053982438
v 0.0040758466 0.029496566 0.055043642
v 0.0057132425 0.029511888 0.053865761
v 0.0054478952 0.028946188 0.05493041
v 0.0070921089 0.02890418 0.053746426
v 0.0067969798 0.028343071 0.054814619
v 0.0084427231 0.028244456 0.053625583
v 0.0081191216 0.027688296 0.054697372
v 0.0097610502 0.027533747 0.05350438
v 0.0094103418 0.026982974 0.054579773
v 0.011042813 0.026773107 0.053383955
v 0.010666443 0.026228249 0.054462926
v 0.01228412 0.025962729 0.053265503
v 0.011883586 0.025424465 0.05434797
v 0.013481544 0.025102396 0.053150216
v 0.013058349 0.024571584 0.054236048
v 0.014631674 0.02419189 0.053039261
v 0.014187328 0.02366958 0.05412827
v -0.0051823953 0.019587925 0.065935012
v -0.0052010115 0.020416239 0.065569683
v -0.0052264505 0.021475158 0.065060017
v -0.0052741794 0.023263451 0.064075344
v -0.0053241215 0.024899273 0.063011333
v -0.0047548928 0.025308894 0.062642492
v -0.0035770259 0.026101751 0.06182664
v -0.003471719 0.027000219 0.061031399
v -0.0033728353 0.027846668 0.060202935
v -0.0032801339 0.028643967 0.059340515
v -0.0031934087 0.029394875 0.058443284
v -0.0031124938 0.030101917 0.057510425
v 0.00071353954 0.028473399 0.058196044
v -0.00058799929 0.028840481 0.058284677
v -0.00042724315 0.029538529 0.057345398
v -0.001770735 0.029851229 0.057431504
v -0.0016568893 0.0305127 0.056459288
v -0.0030372741 0.030767219 0.056541058
v -0.0029676404 0.03139298 0.055533768
v -0.0043792506 0.031585138 0.055609442
v -0.0043512716 0.032176268 0.054564967
v -0.0056615105 0.031946894 0.055250052
v -0.0057320553 0.032855353 0.053546294
v 8.6740543e-05 0.01934024 0.065054649
v 0.014260033 0.02608756 0.050867954
v 0.012663169 0.02647391 0.052146135
v 0.013021553 0.026959029 0.050988872
v 0.011399161 0.027289666 0.052267709
v 0.011736227 0.027779047 0.051113179
v 0.010093215 0.028055095 0.052391333
v 0.010407491 0.028548218 0.051239601
v 0.0087492645 0.028770146 0.052515765
v 0.0090393171 0.029266648 0.051366857
v 0.0073716652 0.029433857 0.052639821
v 0.0076361356 0.029933456 0.051493723
v 0.0059644995 0.030045286 0.052762321
v 0.0062020753 0.030547799 0.051618994
v 0.0045318579 0.030603529 0.052882083
v 0.0047412766 0.031108857 0.051741449
v 0.0030784191 0.031107277 0.052997914
v 0.0032585171 0.031615382 0.051859885
v 0.0016092672 0.031554354 0.053108711
v 0.0017589998 0.032065203 0.051973158
v 0.00012909965 0.031942615 0.053213366
v 0.00024751264 0.032456168 0.052080153
v -0.0013573861 0.032269965 0.053310789
v -0.0012711509 0.032786181 0.052179758
v 0.0054624649 0.032843366 0.046744594
v 0.0051245601 0.032030658 0.049332916
v 0.0038750518 0.033355352 0.046869665
v 0.0035870765 0.032540966 0.049455424
v 0.0022667539 0.033811216 0.04698938
v 0.0020307517 0.032994727 0.049572611
v 0.00064270228 0.034208827 0.047102585
v 0.00046054798 0.0333898 0.049683339
v -0.0028447893 0.032534029 0.053399895
v -0.0027914492 0.033052841 0.052270864
v -0.0042797661 0.034199548 0.049965517
v -0.0057781986 0.033380892 0.052422047
v -0.0058428371 0.035192622 0.04736438
v -0.0061582202 0.036288193 0.042959705
v -0.0065255455 0.037728272 0.033617326
v -0.0061106165 0.037070894 0.038497153
v -0.0062860037 0.036890277 0.039724222
v -0.0060274696 0.03652431 0.041711691
v -0.0054633819 0.035979934 0.044147095
v -0.0042682634 0.035028667 0.047391917
v -0.0027007566 0.03399513 0.049880877
v 0.00079496531 0.034924172 0.044325007
v 0.0024683986 0.034525363 0.044210505
v 0.0041242716 0.034068963 0.044089597
v 0.0057572859 0.033557082 0.0439634
v 0.015237708 0.030024379 0.040178858
v 0.016596018 0.029145768 0.040051769
v 0.014782064 0.029381107 0.043163723
v 0.016115816 0.028499977 0.043035691
v 0.015570543 0.02777927 0.045823212
v 0.016820687 0.02684303 0.045700975
v 0.015271585 0.027388851 0.047148074
v 0.014954047 0.026977312 0.048429559
v 0.0092627782 0.033003798 0.040711975
v 0.01082938 0.032336951 0.040577746
v 0.012350606 0.031618262 0.040443269
v 0.01419598 0.031415292 0.037107838
v 0.015983893 0.031104678 0.033546093
v 0.017702196 0.030692026 0.029743229
v 0.009548882 0.033556379 0.037503319
v 0.01142079 0.033383741 0.033926793
v 0.011147353 0.032894244 0.037371177
v 0.012998536 0.032676133 0.033798144
v 0.012698096 0.032180577 0.037238927
v 0.014521049 0.03191709 0.033670801
v 0.01628424 0.031554184 0.029858715
v 0.014801043 0.032359812 0.029978292
v 0.013255838 0.03311201 0.030100635
v 0.017442908 0.0313928 0.026080081
v 0.017959048 0.031068706 0.026073455
v 0.0062270848 0.034726542 0.037762392
v 0.0079072568 0.03416709 0.037634127
v 0.0076552791 0.033618731 0.040844689
v 0.0097930931 0.034040193 0.034055531
v 0.016530756 0.031932999 0.026093109
v 0.016733163 0.031816519 0.026090081
v 0.0095721807 0.030177416 0.048945448
v 0.0085524567 0.031658408 0.046483112
v 0.0073615377 0.032991817 0.043833067
v 0.0060114003 0.034181691 0.040974643
v 0.0043366588 0.034692027 0.041100622
v 0.0026371819 0.035147693 0.041221504
v 0.00091842366 0.035546614 0.041336197
v -0.00081415257 0.035886769 0.041443611
v -0.0025539578 0.036165661 0.041542655
v 0.0045140659 0.035234245 0.037886938
v 0.0027745455 0.03568821 0.03800669
v 0.0010141297 0.03608641 0.038120593
v -0.00076156713 0.036426866 0.038227597
v -0.0025457236 0.036707079 0.03832666
v 0.029966611 0.0090890707 0.026503607
v 0.029710288 0.0089421871 0.029243514
v 0.029543283 0.0061835131 0.032938759
v 0.029768987 0.00034098909 0.033150084
v 0.0292962 0.0087836026 0.03286285
v 0.026036524 0.020730975 0.032771334
v 0.025214525 0.022232953 0.032811026
v 0.017391048 0.027562606 0.042912899
v 0.017893228 0.028209871 0.039930015
v 0.01860434 0.026567166 0.042796789
v 0.019125976 0.027214482 0.039815042
v 0.01975304 0.025510288 0.042688842
v 0.02029177 0.026155673 0.039708363
v 0.020835207 0.024387688 0.042590462
v 0.021388939 0.025028485 0.039611409
v 0.021848971 0.023194854 0.042502956
v 0.022415889 0.023827647 0.0395255
v 0.022792408 0.021926913 0.042427504
v 0.023370945 0.022547465 0.039451827
v 0.024253028 0.021180216 0.039391468
v 0.025582587 0.020247813 0.036169942
v 0.024766854 0.021731632 0.036213256
v 0.023876286 0.023113391 0.03627077
v 0.024316894 0.023626816 0.032864835
v 0.022911603 0.024402975 0.03634164
v 0.023344125 0.024923594 0.032931927
v 0.021873603 0.025609153 0.036424799
v 0.022296739 0.026133097 0.033011242
v 0.020763698 0.026738453 0.036519056
v 0.021175863 0.027262674 0.033101607
v 0.019583188 0.027796891 0.036623094
v 0.019982508 0.028319071 0.033201715
v 0.018333466 0.028790094 0.036735472
v 0.018717774 0.029308563 0.033310146
v 0.031650151 0.0061677739 0.0010151811
v 0.031180678 0.0063057616 0.011920822
v 0.030929124 0.0092865121 0.011823171
v 0.031051283 0.012096813 0.0008204455
v 0.030587949 0.012013435 0.011743929
v 0.030616472 0.014674836 0.00074866887
v 0.030158006 0.014505178 0.011682051
v 0.030093293 0.017020086 0.00069265724
v 0.029641101 0.016778624 0.011636594
v 0.02948379 0.019150492 0.00065151666
v 0.029039327 0.018850439 0.011606699
v 0.028789833 0.021085035 0.00062438899
v 0.028354571 0.020738261 0.011591555
v 0.02801303 0.022843069 0.00061044648
v 0.027588431 0.022460021 0.011590395
v 0.027155063 0.024442032 0.00060893163
v 0.026742562 0.024031801 0.01160251
v 0.02621662 0.025899416 0.00061907747
v 0.025817728 0.025469656 0.011627163
v 0.025197005 0.027232826 0.00064006547
v 0.024813481 0.026789694 0.011663528
v 0.024095109 0.028458079 0.00067101737
v 0.024281285 0.027410232 0.011685811
v 0.023729062 0.028006359 0.011710667
v 0.022910483 0.029587176 0.00071107016
v 0.013926018 0.034392766 0.012254831
v 0.014088895 0.034840399 0.0010923953
v 0.015550786 0.033664192 0.012161553
v 0.015751935 0.034115298 0.0010163181
v 0.017105647 0.032882134 0.012071764
v 0.017342066 0.033336486 0.00094417815
v 0.018587298 0.032042348 0.011986449
v 0.018855893 0.032499297 0.00087676076
v 0.019992791 0.031140547 0.011906609
v 0.020290406 0.03159904 0.0008148674
v 0.021318975 0.03017234 0.011833284
v 0.021642402 0.030630904 0.0007593292
v 0.022564349 0.02913061 0.0117676
v 0.023156765 0.028579396 0.011737972
v 0.032383917 -0.0014817908 -0.012657473
v 0.032047307 -0.0010962731 -0.0030071672
v -0.0032541544 0.0015592035 0.06925342
v -0.0049482853 0.0015547003 0.069438709
v 0.012198297 0.0063043608 0.064273021
v 0.011892814 0.0072104784 0.064276027
v 0.010948999 0.005932951 0.064962329
v 0.010662143 0.0067725017 0.064965023
v 0.0093637003 0.0063236109 0.065617578
v 0.010329718 0.0075953363 0.064973823
v 0.0087050063 0.0078230171 0.065638246
v 0.015205518 0.0084616199 0.06200504
v 0.013323157 0.010038468 0.062825019
v 0.014794908 0.0095229105 0.062017013
v 0.016191856 0.0088584427 0.061183689
v 0.022580825 0.0011979893 0.055732777
v 0.022468996 0.0030380983 0.055748171
v 0.023150315 0.0030809878 0.054721118
v 0.023790941 0.0031214239 0.053661935
v 0.023800259 0.001129582 0.053816872
v 0.023205185 0.001164604 0.054792613
v 0.020848808 0.0045516854 0.05766057
v 0.020374039 0.007569537 0.057601586
v 0.020647641 0.0060919287 0.05762475
v 0.01983955 0.0059000861 0.058564505
v 0.021614821 0.0046726844 0.056692633
v 0.021408989 0.0062793538 0.056654569
v 0.022336138 0.0047903842 0.055693992
v 0.022125956 0.0064623224 0.055653676
v 0.023014774 0.0049046976 0.054664266
v 0.022800537 0.0066407418 0.054621698
v 0.023652893 0.0050155401 0.053602435
v 0.023434881 0.0068145336 0.053557633
v 0.024252571 0.0051228172 0.052507465
v 0.024031058 0.0069836056 0.052460449
v 0.024815763 0.0052264251 0.051378437
v 0.0254887 0.0032272644 0.050281705
v 0.028733496 0.0005951898 0.039656031
v 0.028352451 0.00066578209 0.041479158
v 0.028029039 0.0033613798 0.042496105
v 0.027336983 0.00081702436 0.045420105
v 0.027294147 0.0033290545 0.045257054
v 0.02651266 0.00091239238 0.047937419
v 0.026451361 0.0032840805 0.047847985
v 0.026186283 0.00094526628 0.048812563
v 0.025548103 0.0010031771 0.050365316
v 0.024591007 0.0071478493 0.051329243
v 0.025116381 0.007307123 0.050163136
v 0.025344129 0.0053262399 0.050214473
v 0.025608897 0.0074613089 0.048960636
v 0.026303238 0.0055140285 0.047775797
v 0.026070245 0.0076102878 0.04772026
v 0.027143075 0.0056852473 0.045180046
v 0.026905763 0.0078921123 0.045120415
v 0.027875565 0.0058388587 0.042414394
v 0.027634791 0.0081514661 0.042350725
v 0.028268955 0.0083872061 0.039396151
v 0.028819172 0.0085982524 0.036239969
v 0.028961387 0.011187644 0.032805475
v 0.028540414 0.013409607 0.032765795
v 0.02803541 0.015462167 0.032743117
v 0.027448567 0.017357838 0.032736837
v 0.01883373 0.0099914202 0.058535361
v 0.019616538 0.010350411 0.057591988
v 0.019236781 0.0086793442 0.058533475
v 0.020029723 0.0089880694 0.057590776
v 0.019572666 0.0073163717 0.058543071
v 0.021129137 0.0078169194 0.056629627
v 0.020961989 0.0085610905 0.056621991
v 0.021840289 0.0080585113 0.055626923
v 0.021669689 0.0088296712 0.055618557
v 0.022509466 0.0082942356 0.054593122
v 0.022335661 0.0090916678 0.054584002
v 0.023138789 0.0085240413 0.053527225
v 0.026179906 0.011895602 0.045051115
v 0.025565781 0.010522262 0.047667191
v 0.025357255 0.011435147 0.047657381
v 0.024622969 0.010072918 0.050115119
v 0.028068289 0.013081918 0.036150398
v 0.02848647 0.010924916 0.036186437
v 0.027524453 0.012719865 0.039313634
v 0.027939037 0.010631949 0.039346296
v 0.026898525 0.012324146 0.042274923
v 0.027308499 0.010309645 0.042304417
v 0.026584086 0.009959017 0.04507759
v 0.025754293 0.0095811529 0.04768091
v 0.025296262 0.009382356 0.048923041
v 0.024807376 0.0091771395 0.050127312
v 0.020776998 0.0092894625 0.05661753
v 0.021480884 0.0095835678 0.055613479
v 0.022143325 0.00987034 0.054578278
v 0.023352147 0.010421861 0.052410513
v 0.023134643 0.011226735 0.052407022
v 0.024195607 0.011790212 0.050102008
v 0.023953158 0.012613272 0.050101024
v 0.024881215 0.013179853 0.047649371
v 0.024614198 0.014013499 0.04765109
v 0.025423616 0.014574962 0.045041289
v 0.025132515 0.015412161 0.045045819
v 0.025836156 0.015960671 0.042264673
v 0.020574398 0.010002424 0.0566162
v 0.020354425 0.010700356 0.056617954
v 0.021274116 0.010320651 0.05561165
v 0.021049617 0.011041363 0.055613033
v 0.021932695 0.010630762 0.054575919
v 0.021704011 0.011373442 0.054576886
v 0.022898518 0.012011041 0.052407056
v 0.022643998 0.012775424 0.052410586
v 0.023691848 0.013413642 0.050103703
v 0.023411899 0.014192106 0.05011001
v 0.02432816 0.014822576 0.047656581
v 0.024023305 0.015608019 0.047665794
v 0.024822284 0.016223195 0.045054182
v 0.024493105 0.017009162 0.045066325
v 0.025187645 0.017601968 0.042283167
v 0.026984167 0.016933623 0.036128418
v 0.027566795 0.015080975 0.036131232
v 0.026449996 0.01646789 0.039297865
v 0.027027393 0.014661671 0.039297638
v 0.026407043 0.014204662 0.042261799
v 0.025695371 0.013710516 0.045040635
v 0.025128981 0.012320708 0.047651452
v 0.024418961 0.010943686 0.050106695
v 0.0050345707 0.004908763 0.067339368
v 0.0079946607 0.0058634926 0.066232127
v 0.01153864 0.0080966308 0.064285789
v 0.011137591 0.0089624933 0.064301883
v 0.011788003 0.010407846 0.063604336
v 0.015280992 0.011054015 0.061217363
v 0.014329303 0.01055358 0.062037165
v 0.01381067 0.011553939 0.062064981
v 0.012826989 0.010989814 0.062851021
v 0.01228241 0.011913849 0.062883588
v 0.011270212 0.011283172 0.063634415
v 0.010708749 0.01213356 0.063670027
v 0.0080478573 0.011436161 0.065095873
v 0.009076924 0.0099577303 0.065033029
v 0.0078910948 0.0092616319 0.065678008
v 0.0095352483 0.0091886775 0.065008221
v 0.0099534846 0.0084009319 0.064988355
v 0.011691589 0.01281013 0.062922208
v 0.013241146 0.012523873 0.062099921
v 0.014741499 0.012100799 0.061246848
v 0.016180751 0.011540226 0.060366187
v 0.017123718 0.0092455792 0.060331271
v 0.017548053 0.010839135 0.059461308
v 0.018003609 0.0096232092 0.059448378
v 0.010202468 0.01063133 0.064351364
v 0.009103492 0.012211305 0.064420975
v 0.010105766 0.012958372 0.063710677
v 0.01262295 0.01346315 0.062141437
v 0.014148782 0.013113935 0.061284027
v 0.015621906 0.012630957 0.060397188
v 0.017030917 0.012012568 0.05948423
v 0.0073894982 0.0072282439 0.066250043
v 0.0045477718 0.0059866639 0.067351757
v 0.0066425114 0.0085423003 0.066284835
v 0.0039481254 0.0070316653 0.067376691
v 0.0057673933 0.0097976468 0.066333989
v 0.0032470639 0.0080356417 0.067412328
v 0.0047783832 0.010985656 0.066394947
v 0.0024563571 0.0089901273 0.067456811
v 0.0068824724 0.012828508 0.065173606
v 0.007857641 0.013695542 0.064507079
v 0.011249669 0.015248597 0.062241839
v 0.0094634979 0.013756864 0.063755865
v 0.010499495 0.016093605 0.062299529
v 0.0087843095 0.014528019 0.063805075
v 0.0080705987 0.015270786 0.06385781
v 0.0073247821 0.015984131 0.06391354
v 0.0081249117 0.01685334 0.063186853
v -0.0051033327 0.015448898 0.067397622
v -0.0051505891 0.018054664 0.06654228
v -0.0051538446 0.018218993 0.066481192
v 0.011958334 0.014371524 0.062188946
v 0.013505087 0.014093438 0.061328313
v 0.015007651 0.013684719 0.060436454
v 0.016454144 0.013144871 0.059516589
v 0.017240193 0.013642867 0.058605373
v 0.017982263 0.014125442 0.057663326
v 0.018590948 0.012916745 0.05762878
v 0.019136421 0.019451448 0.052624496
v 0.019562325 0.018855777 0.052589699
v 0.018474434 0.017927766 0.054756638
v 0.01887086 0.017337882 0.054725876
v 0.0176312 0.016363425 0.056762733
v 0.017996878 0.015785724 0.056736068
v 0.01731243 0.015286701 0.057707829
v 0.018237545 0.020599799 0.05270178
v 0.018694729 0.020032679 0.052661902
v 0.017635764 0.019067627 0.054825534
v 0.018062645 0.01850425 0.054789892
v 0.016855516 0.017482564 0.05682302
v 0.017250653 0.016928973 0.056791749
v 0.016583678 0.016401794 0.057761594
v 0.019001913 0.013977683 0.056671132
v 0.01868251 0.01459306 0.056690179
v 0.019965284 0.015484815 0.054649607
v 0.019616549 0.016116712 0.054672265
v 0.020742822 0.016978045 0.052502058
v 0.020365775 0.01761949 0.052528371
v 0.021352633 0.018444219 0.05022078
v 0.0209483 0.019088902 0.05025071
v 0.020911886 0.013500084 0.054599265
v 0.020613213 0.014176831 0.05461303
v 0.021772261 0.014955419 0.052441634
v 0.021446317 0.015646443 0.052458602
v 0.022462276 0.01640386 0.050150159
v 0.022109855 0.017102248 0.050170413
v 0.022997829 0.017831542 0.047715208
v 0.022619779 0.018530987 0.047738719
v 0.021193386 0.012807601 0.05458861
v 0.022080661 0.014246975 0.052427926
v 0.022796912 0.015686456 0.050133295
v 0.023357923 0.017111699 0.047695171
v 0.023778719 0.018509861 0.045101715
v 0.022991126 0.019921191 0.04515145
v 0.026781754 0.019109745 0.03274642
v 0.026322247 0.018651918 0.036141486
v 0.025794073 0.018149467 0.039313894
v 0.024145172 0.017771096 0.045082188
v 0.023699827 0.016370765 0.047678676
v 0.023113524 0.014949449 0.050119888
v 0.022371309 0.013520521 0.052417561
v 0.021457499 0.012098887 0.054581132
v 0.02080762 0.01174615 0.05561758
v 0.020117308 0.011383639 0.05662275
v 0.019305348 0.013349326 0.056654789
v 0.020297593 0.014838295 0.054629838
v 0.021103088 0.016320507 0.052478773
v 0.021739896 0.017782183 0.050193985
v 0.022223998 0.01921072 0.047765623
v 0.021380078 0.020513776 0.047829206
v 0.01587761 0.015855345 0.058699963
v 0.016587463 0.014770584 0.058648306
v 0.015130473 0.015288924 0.059607144
v 0.015819909 0.014236793 0.059557776
v 0.015798281 0.017471939 0.057823859
v 0.016022643 0.018554603 0.056891897
v 0.016446075 0.018024393 0.056856437
v 0.017194097 0.01961813 0.054863439
v 0.012074037 0.015951331 0.061435679
v 0.011291702 0.016828936 0.061497471
v 0.012855311 0.016626746 0.060597431
v 0.012042903 0.01753425 0.060663208
v 0.013595377 0.017275786 0.059727609
v 0.012754887 0.018210632 0.059797234
v 0.014295895 0.01789923 0.058826495
v 0.013429231 0.018858985 0.058899806
v 0.014958697 0.018498064 0.057893821
v 0.014067674 0.019480437 0.057970641
v 0.015585575 0.019073249 0.056929284
v 0.014671912 0.020076079 0.057009417
v 0.0161782 0.019625641 0.055932627
v 0.01524352 0.020646897 0.056015849
v 0.016267795 0.020681015 0.054945577
v 0.015783845 0.021193656 0.054989567
v 0.016294338 0.021717258 0.05392961
v 0.018678741 0.022070239 0.050443413
v 0.019635142 0.020924211 0.050358216
v 0.020527123 0.019716776 0.05028367
v 0.019972193 0.01824526 0.052557617
v 0.019251652 0.016734299 0.054697721
v 0.018347405 0.015195671 0.056711858
v 0.018445376 0.024015493 0.048089513
v 0.019488669 0.022912207 0.047992238
v 0.020467686 0.021746054 0.047905093
v 0.019592548 0.012707757 0.056641231
v 0.020272013 0.013109691 0.055635946
v 0.020548344 0.012435448 0.055625238
v 0.014388142 0.016301814 0.059664002
v 0.015112931 0.016898022 0.058759615
v 0.017765211 0.021153019 0.052744004
v 0.018177169 0.022621015 0.050489661
v 0.015267027 0.022718433 0.054025747
v 0.015187901 0.023717786 0.052985766
v 0.015730994 0.023230998 0.052933792
v 0.016022453 0.024682616 0.050695695
v 0.017278055 0.021692542 0.052788458
v 0.01677641 0.022218576 0.052834997
v 0.017660436 0.023157357 0.050538168
v 0.017128858 0.023679548 0.050588779
v 0.017900357 0.024544513 0.048141573
v 0.017340153 0.02505894 0.048195705
v 0.01801151 0.025850318 0.045585249
v 0.01914021 0.024798325 0.045477454
v 0.020204601 0.023683456 0.045378964
v 0.021202563 0.022501944 0.045291039
v 0.022131939 0.021249738 0.045214848
v 0.016737993 0.020155883 0.054903491
v 0.016175399 0.026045465 0.048309508
v 0.016765065 0.025559141 0.048251742
v 0.016582756 0.024187875 0.050641337
v 0.01626061 0.022731329 0.052883494
v 0.01582253 0.025615646 0.049550682
v 0.01461715 0.026543863 0.049669037
v 0.013360096 0.027419198 0.049792178
v 0.012054747 0.028242444 0.04991881
v 0.010704524 0.029014393 0.05004762
v 0.0093134415 0.029735298 0.050177275
v 0.007885997 0.030404382 0.050306539
v 0.0064263674 0.031020884 0.050434168
v 0.0049387409 0.031584077 0.050558929
v 0.0034279878 0.032092774 0.050679589
v 0.0018994328 0.032544815 0.050794993
v 0.00035795311 0.032938042 0.050904011
v -0.0011185623 0.03372408 0.049786471
v -0.0026311412 0.034820566 0.047304942
v -0.0042729549 0.03575157 0.044618926
v -0.0042938297 0.036379473 0.041632336
v -0.0043309098 0.036923103 0.038416819
v -0.0063152242 0.037953077 0.031308671
v 0.0089117559 0.016105972 0.063126247
v 0.009710385 0.016905742 0.062361396
v 0.010468339 0.017671462 0.061563791
v 0.01118745 0.018404501 0.060733871
v 0.011869411 0.019106081 0.059872117
v 0.012515713 0.019777242 0.058978747
v 0.013127999 0.020419248 0.058053468
v 0.013707871 0.02103333 0.05709593
v 0.014256805 0.021620609 0.056105824
v 0.014776072 0.022181967 0.055082755
v 0.019863274 0.012052651 0.056630527
v 0.017814566 0.033132357 -0.040605598
v 0.0053749404 0.037755382 -0.040316898
v -0.00035513516 0.039009025 -0.040148472
v 0.019832244 0.031954919 -0.04063512
v 0.021503111 0.030811868 -0.040652772
v 0.023059039 0.029561636 -0.040661689
v 0.024354108 0.028337145 -0.040661673
v 0.025537515 0.02702054 -0.040653658
v 0.026639214 0.025565243 -0.040636908
v 0.027565467 0.024107007 -0.040613325
v 0.028437584 0.022462793 -0.040580148
v 0.029264936 0.020558496 -0.040534734
v 0.030057555 0.018268016 -0.040472367
v 0.030798471 0.015454608 -0.04038686
v 0.031472369 0.011853567 -0.04026692
v 0.03205972 0.0067226814 -0.040081763
v 0.032433498 -0.0025692169 -0.039720068
v -0.010923247 0.041998574 -0.04106711
v -0.0094182446 0.040803897 -0.0021158591
v -0.010959742 0.04008232 -0.042290188
v -0.011140748 0.041401264 -0.046806545
v -0.011141689 0.041321844 -0.046842382
v -0.011095926 0.042664305 -0.045460581
v -0.011098542 0.042634094 -0.045532914
v -0.011109601 0.042472586 -0.045843525
v -0.011111172 0.042444501 -0.045888336
v -0.011134823 0.041756385 -0.046601672
v -0.01113643 0.041676345 -0.046654892
v -0.011142825 0.041208321 -0.046888162
v -0.011143844 0.041077365 -0.046933389
v -0.011144272 0.041005817 -0.046954758
v -0.011143449 0.040228332 -0.047044703
v -0.011144459 0.04040152 -0.047046191
v -0.011145056 0.040603848 -0.047032732
v -0.011115589 0.042357068 -0.04601571
v -0.0111188 0.042284837 -0.046109511
v -0.011121106 0.042227777 -0.046177634
v -0.011122321 0.042195822 -0.046213762
v -0.011126225 0.042082905 -0.046331423
v -0.011128706 0.042001738 -0.046407549
v -0.011138092 0.041583065 -0.046711469
v -0.011140213 0.041442243 -0.046786748
v -0.011145003 0.040804346 -0.047002603
v -0.01114511 0.040708924 -0.047019071
v -0.011065426 0.042844088 -0.044641975
v -0.011071231 0.04283195 -0.044794618
v -0.011103041 0.042575463 -0.045658231
v -0.011107098 0.042514514 -0.0457724
v -0.011130872 0.041923397 -0.046475061
v -0.011134121 0.041788809 -0.046578797
v -0.011062095 0.042846891 -0.044554988
v -0.011073486 0.042824648 -0.044854307
v -0.011080451 0.042792508 -0.045039944
v -0.011081184 0.042788249 -0.045059622
v -0.011088629 0.042735068 -0.045260764
v -0.011089605 0.042726704 -0.045287354
v 0.015507381 -0.021571517 0.054806162
v 0.016043593 -0.021082869 0.05471498
v 0.016910046 -0.02220855 0.052506235
v 0.017448964 -0.021698441 0.052412739
v 0.019827573 -0.01379799 0.055874681
v 0.020167387 -0.013165101 0.055801185
v 0.021318078 -0.01415621 0.053703778
v 0.018544428 -0.012734197 0.057834493
v 0.018871024 -0.01213061 0.057764334
v 0.01816371 -0.011596309 0.058697205
v 0.017414383 -0.011050187 0.059597904
v 0.0179912 -0.0098768277 0.05947011
v 0.010859463 -0.0092314245 0.064528787
v 0.010268133 -0.010058724 0.064635847
v 0.0092550347 -0.0092712529 0.065284463
v 0.016297302 -0.0060895115 0.061784522
v 0.017235007 -0.0065306477 0.060965392
v 0.016324434 -0.0088281437 0.061184888
v 0.020956431 -0.0093493179 0.056465509
v 0.020260514 -0.0089170646 0.057438735
v 0.020487985 -0.0082330973 0.057378982
v 0.017682238 -0.0081827468 0.060225889
v 0.018120629 -0.0069654857 0.060115156
v 0.018956371 -0.0073940553 0.059234168
v 0.019904449 -0.00329982 0.058934293
v 0.020079837 -0.0018266082 0.058849481
v 0.020895126 -0.0020142338 0.057924483
v 0.01490938 -0.0067045669 0.062669275
v 0.015305007 -0.0056419827 0.06257193
v 0.014255415 -0.0051878855 0.063327016
v 0.025331063 -0.018539873 0.040883004
v 0.02586168 -0.019316242 0.037760212
v 0.025066904 -0.020803142 0.037922933
v 0.028378898 -0.007198316 0.040022608
v 0.027739805 -0.0067351702 0.04294909
v 0.027947947 -0.0044217511 0.042826818
v 0.0052788903 -0.035861123 0.033605119
v 0.0034747995 -0.036324869 0.033756447
v 0.0032723433 -0.034879142 0.040843131
v 0.0050053643 -0.03441179 0.040686347
v 0.0067111327 -0.033891647 0.040520488
v 0.0070525983 -0.035346629 0.033445758
v 0.0048185185 -0.033615962 0.043846248
v 0.0045956839 -0.032758077 0.046775697
v 0.0062213977 -0.032235024 0.046607902
v 0.0087891898 -0.034783247 0.033279486
v 0.00849426 -0.025491021 0.056834903
v 0.0088262696 -0.026126791 0.055811027
v 0.0074850136 -0.026793647 0.055985188
v 0.0073861756 -0.023404639 0.059674496
v 0.0085765487 -0.022716439 0.05951461
v 0.0089973753 -0.023434373 0.058600431
v -0.0044164873 -0.022663218 0.064570723
v -0.0044987112 -0.021592965 0.065212733
v -0.0024666582 -0.021207878 0.065076662
v -0.00072017703 -0.019515201 0.065527971
v -0.0010368926 -0.018366127 0.06611174
v 0.00078605155 -0.01762617 0.065936255
v 0.0066965731 -0.015414773 0.064668702
v 0.005971014 -0.014439258 0.065308382
v 0.0067641789 -0.013784086 0.065195723
v 0.0052083802 -0.013421673 0.065910255
v 0.0044071795 -0.012360468 0.066472961
v 0.0057762799 -0.011160919 0.066279303
v -0.0019521317 -0.038661839 0.026074703
v 0.00047858956 -0.03822311 0.02619805
v -0.0052939331 -0.031125663 0.055774528
v -0.0052821119 -0.03092837 0.056110069
v -0.0038792391 -0.03079064 0.056032956
v -0.0049242144 -0.016395434 0.067494347
v -0.0049174333 -0.015294434 0.067828256
v -0.0042828343 -0.015182047 0.067789272
v -0.0049082084 -0.0063213213 0.069352813
v -0.0049205386 -0.0030354968 0.069502767
v -0.0034618021 -0.0064451696 0.06917615
v 0.012508364 -0.0024255786 0.064590839
v 0.029119441 -0.015095414 0.027514625
v 0.028867401 -0.016124994 0.027565926
v 0.028663104 -0.015414095 0.030366772
v -0.0045916328 -0.038613556 0.028734021
v -0.0036731813 -0.038513058 0.028694827
v -0.0040854124 -0.038882585 0.026545088
v 0.030729922 -0.0065710937 0.02178656
v 0.030485397 -0.0042106068 0.026000352
v 0.030520134 -0.0094152431 0.02192633
v 0.030252386 -0.0082612639 0.026173172
v 0.030218175 -0.012026969 0.022066162
v 0.029811906 -0.012043265 0.026343056
v 0.029825417 -0.014423195 0.022206407
v 0.029499458 -0.013863385 0.026428656
v 0.029196577 -0.015297983 0.026498291
v 0.029344032 -0.016619255 0.022347417
v 0.028997264 -0.016120748 0.026539207
v 0.028776381 -0.0186303 0.022489617
v 0.028394911 -0.018207652 0.02664669
v 0.028124589 -0.020472318 0.022633573
v 0.027703381 -0.020107984 0.026750035
v 0.02739046 -0.022161482 0.022779906
v 0.027089921 -0.021504026 0.026829988
v 0.025756111 -0.023934066 0.026979332
v 0.026047502 -0.023458453 0.026948942
v 0.026575847 -0.023712181 0.022929126
v 0.026284269 -0.023051669 0.026923426
v 0.026922033 -0.021850074 0.026850412
v 0.025400187 -0.02448136 0.02701509
v 0.025681817 -0.02513869 0.02308168
v 0.024683153 -0.025487559 0.02708323
v 0.024708466 -0.026455288 0.023237886
v 0.024437842 -0.025806133 0.027105504
v 0.02419196 -0.027076535 0.023317387
v 0.023483675 -0.026941948 0.027187957
v 0.022523907 -0.028806829 0.023561052
v 0.022278815 -0.028184632 0.027284323
v 0.023099645 -0.028251156 0.023479017
v 0.023655674 -0.027674766 0.023397777
v 0.019938337 -0.030160952 0.027453809
v 0.020636141 -0.029621067 0.027405274
v 0.021313422 -0.029860302 0.023727242
v 0.021082986 -0.029255057 0.027373374
v 0.022142203 -0.028314334 0.027294797
v 0.017985948 -0.031499701 0.027582652
v 0.018461969 -0.031194035 0.027552077
v 0.018659299 -0.031762193 0.024065702
v 0.020024618 -0.030843284 0.023895723
v 0.017041488 -0.032071854 0.027641926
v 0.017220672 -0.03262095 0.024236262
v 0.015594053 -0.032870914 0.027729619
v 0.015711739 -0.033423373 0.02440652
v 0.015551547 -0.032893103 0.027732143
v 0.014135799 -0.034173209 0.024575604
v 0.013995227 -0.033661172 0.027822746
v 0.012497642 -0.034873253 0.024742614
v 0.012377207 -0.034378474 0.027913654
v 0.00075754462 -0.037823775 0.028497475
v 0.0035474335 -0.037222957 0.028366461
v 0.003565903 -0.03765206 0.025514433
v 0.0051956186 -0.036806067 0.028286555
v 0.0072642894 -0.036683109 0.025221967
v 0.0095720311 -0.035457992 0.028064623
v 0.0090568928 -0.036127282 0.025066684
v -0.0062979555 -0.038793656 0.028577219
v -0.0059956054 -0.037395683 0.03663692
v -0.0057808314 -0.037802057 0.034353635
v 0.0035378378 -0.037063335 0.029381949
v 0.004788386 -0.036749461 0.029321419
v 0.0071807362 -0.03607092 0.029202465
v 0.01672708 -0.0312225 0.032382013
v 0.015270089 -0.032839764 0.028762328
v 0.01525531 -0.03203674 0.0325667
v 0.013945188 -0.033492449 0.028839412
v 0.013720785 -0.032798388 0.03274989
v 0.01196229 -0.034366769 0.028950629
v 0.019469468 -0.029423526 0.032012454
v 0.018397027 -0.031018835 0.028569051
v 0.018132818 -0.030352506 0.032196903
v 0.017709111 -0.031459082 0.028613177
v 0.016981035 -0.031898792 0.028658815
v 0.020733783 -0.028432232 0.031829775
v 0.020327455 -0.029631375 0.028439078
v 0.019697504 -0.030111431 0.028482595
v 0.021923688 -0.027373094 0.031649867
v 0.021870083 -0.028318141 0.028326937
v 0.021010537 -0.029076057 0.028390482
v 0.025565138 -0.023923482 0.028007788
v 0.025317914 -0.024300283 0.028032491
v 0.025038023 -0.023716023 0.031134253
v 0.024468868 -0.025481034 0.028112742
v 0.024076701 -0.02502285 0.03130152
v 0.023319116 -0.026856238 0.028212363
v 0.023038263 -0.02623914 0.031473559
v 0.023242644 -0.026940189 0.028218685
v 0.02220333 -0.028004184 0.028301489
v 0.025887868 -0.023405388 0.02797448
v 0.025921842 -0.022307786 0.030971918
v 0.026200308 -0.022872361 0.027940962
v 0.026770673 -0.021805863 0.027875992
v 0.026727708 -0.020785964 0.030814374
v 0.027004477 -0.021327908 0.027847709
v 0.030162774 -0.0081502327 0.027193687
v 0.029727209 -0.011878074 0.027361191
v 0.029833652 -0.0085459596 0.029946447
v 0.029532191 -0.011024369 0.030084214
v 0.029114438 -0.010508631 0.033677551
v 0.030043991 -0.0058589942 0.029810618
v 0.030395545 -0.0041329752 0.027022228
v 0.019214866 -0.0016388834 0.059744293
v 0.016938242 -0.0037508771 0.061599994
v 0.017897654 -0.0040755644 0.0607727
v 0.015922442 -0.0034235548 0.062396127
v 0.014847395 -0.0030935686 0.063160514
v 0.013710217 -0.0027608863 0.06389246
v 0.011239101 -0.0020877102 0.065254112
v 0.0098994265 -0.0017472797 0.065880729
v 0.0084863663 -0.001404291 0.066469072
v 0.0054294063 -0.00071105564 0.067522897
v 0.0056420863 0.00041211071 0.067450842
v 0.002045426 -8.7268409e-06 0.068396993
v -0.0016879728 0.00070285186 0.069070506
v 0.0014516779 -0.0015567697 0.068526257
v -0.0049445193 0.0010118258 0.069458858
v -0.0025450442 -0.00099495878 0.069224404
v -0.0049426804 0.00074034997 0.069467812
v -0.0032068325 -0.0017619093 0.069316129
v -0.0049390829 0.00019732977 0.069483569
v -0.0049322541 -0.00088896432 0.069505546
v -0.0039695535 -0.0024243267 0.069407657
v -0.0049260002 -0.0019754701 0.069512552
v -0.0049210352 -0.0029332972 0.069504475
v -0.0042112148 -0.0067858784 0.069242491
v -0.0049065388 -0.0070167741 0.069296655
v -0.004903458 -0.0095342542 0.069016271
v -0.0044741462 -0.011231789 0.068707467
v -0.0049064624 -0.012459289 0.068519383
v -0.0044704551 -0.013727403 0.068191359
v -0.0049165277 -0.015125702 0.067875956
v -0.0049916378 -0.022233376 0.064905822
v -0.0049653434 -0.020516895 0.065835089
v -0.0043399746 -0.023678338 0.06389094
v -0.0050222614 -0.023823117 0.063882154
v -0.0042689486 -0.024641308 0.063173723
v -0.0050573225 -0.025301526 0.062759073
v -0.0042032208 -0.025554812 0.062419113
v -0.0050716552 -0.025829705 0.062310876
v -0.0041426057 -0.026421801 0.061626593
v -0.0050921267 -0.026523507 0.061679364
v -0.0040869399 -0.027245127 0.060795526
v -0.0051132809 -0.027176783 0.061035944
v -0.0040360913 -0.028027402 0.059925279
v -0.0051483152 -0.02814251 0.059986959
v -0.0039899724 -0.02877083 0.059015139
v -0.0051657458 -0.028577708 0.05947152
v -0.0039484993 -0.029477745 0.058063855
v -0.005211557 -0.029604767 0.058133646
v -0.0039116059 -0.030150342 0.057070173
v -0.0052253323 -0.029885202 0.057735379
v -0.0053818837 -0.032422646 0.053302541
v -0.0053772276 -0.032685146 0.052733232
v -0.0054022805 -0.032686966 0.052734476
v -0.0053564617 -0.033755564 0.050135739
v -0.0054967858 -0.033773466 0.050122275
v -0.0049641322 -0.03479312 0.046991802
v -0.0056538895 -0.035205434 0.04583338
v -0.0055927382 -0.036343012 0.041448012
v 0.010999385 -0.036833805 0.015363676
v 0.010803015 -0.035524316 0.024906607
v 0.012337242 -0.034395248 0.027915861
v 0.011090205 -0.038171088 0.0042404056
v 0.0072642585 -0.040765777 -0.0085064073
v -0.0050564427 -0.043114817 -0.0078658409
v -0.0024178642 -0.041400692 0.0045772647
v -0.00086978977 -0.042538936 -0.0080651406
v 0.0025745004 -0.040205901 0.0071688068
v 0.0032581524 -0.041748659 -0.008280214
v -0.0061031268 -0.046569423 -0.038969607
v -0.0060358121 -0.04339629 -0.0094920074
v -0.0022635486 -0.045786515 -0.036644261
v -0.0013876594 -0.045901555 -0.039176981
v 0.0034287476 -0.044927006 -0.039400626
v 0.0070058923 -0.044008574 -0.039574601
v 0.010863044 -0.042809575 -0.039770638
v 0.011682963 -0.042521937 -0.03981364
v 0.014643826 -0.041367914 -0.039973579
v 0.015871463 -0.040828389 -0.040042361
v 0.018835947 -0.039333767 -0.040216222
v 0.020486466 -0.03835098 -0.040319116
v 0.021297483 -0.037817747 -0.040371713
v 0.022495193 -0.036957059 -0.040452347
v 0.024053467 -0.035674913 -0.040563827
v 0.02538601 -0.034387837 -0.040666874
v 0.026558794 -0.033059709 -0.040765467
v 0.026912181 -0.032614469 -0.040797001
v 0.027624689 -0.031639029 -0.040863724
v 0.027926869 -0.031189344 -0.040893475
v 0.028617606 -0.030064769 -0.040965399
v 0.028843802 -0.029662864 -0.040990315
v 0.029520894 -0.028338676 -0.041069793
v 0.029672472 -0.028013522 -0.041088749
v 0.03041865 -0.026218264 -0.041189929
v 0.031084904 -0.024252135 -0.041294972
v 0.031598797 -0.022385095 -0.041390174
v 0.032277353 -0.019130653 -0.041547815
v 0.032803801 -0.015343879 -0.041721182
v 0.033306774 -0.007101256 -0.042073953
v 0.0331373 -0.011328045 -0.041896435
v 0.0026959827 -0.044839607 -0.036872262
v 0.0034428146 -0.044670091 -0.036907686
v 0.0040352555 -0.044530475 -0.036935992
v 0.022469018 -0.036744338 -0.037956078
v 0.020471 -0.03812863 -0.03782365
v 0.021279725 -0.037597743 -0.037876062
v 0.026506115 -0.032877767 -0.038266942
v 0.025340934 -0.034195473 -0.038169059
v 0.024017126 -0.035472358 -0.03806676
v 0.026873073 -0.032415521 -0.038299681
v 0.027576035 -0.031452475 -0.038365539
v 0.027879904 -0.030999961 -0.038395471
v 0.028563832 -0.029885474 -0.038466723
v 0.028789919 -0.029483404 -0.038491643
v 0.029462442 -0.02816676 -0.038570641
v 0.029612531 -0.027844464 -0.038589424
v 0.030353438 -0.026060212 -0.038689958
v 0.031015177 -0.024105833 -0.038794349
v 0.031526828 -0.022245409 -0.038889201
v 0.032726477 -0.015227176 -0.039219073
v 0.032202286 -0.019002408 -0.039046263
v 0.033227775 -0.006996124 -0.03957131
v 0.033058932 -0.011217362 -0.039394044
v 0.011089302 -0.039603131 -0.0087395783
v 0.0071456777 -0.040966395 -0.010094475
v 0.004110961 -0.041729272 -0.0099475391
v -0.00088168123 -0.042717583 -0.009716597
v 0.025935963 -0.030453967 -0.0099175121
v 0.024920885 -0.031770122 -0.011146434
v 0.024828545 -0.031707364 -0.0098018833
v 0.023684096 -0.032975596 -0.011050352
v 0.023634619 -0.032862382 -0.0096857599
v 0.02224344 -0.034171986 -0.010946841
v 0.022353449 -0.033930459 -0.009568969
v 0.021004937 -0.035064709 -0.010863349
v 0.020984596 -0.034921959 -0.0094514224
v 0.02037829 -0.035477852 -0.010822664
v 0.019529571 -0.035845053 -0.009333191
v 0.018625285 -0.036520866 -0.010713414
v 0.017991773 -0.036704823 -0.0092144979
v 0.01581638 -0.037921657 -0.010549302
v 0.01637439 -0.037506236 -0.0090955483
v 0.014685607 -0.038412943 -0.010486173
v 0.014681021 -0.038254252 -0.0089765468
v 0.011731781 -0.03954585 -0.010327358
v 0.026957303 -0.029089438 -0.010032918
v 0.026395674 -0.030033409 -0.011273115
v 0.026013191 -0.030521835 -0.011238722
v 0.027893635 -0.027596979 -0.010148639
v 0.027339548 -0.028683297 -0.011363845
v 0.026989665 -0.029210387 -0.011329136
v 0.028745528 -0.025957905 -0.010265365
v 0.028193618 -0.027234185 -0.011455148
v 0.027927569 -0.027713267 -0.011425588
v 0.032207552 -0.0087760831 -0.01116995
v 0.031847186 -0.013956016 -0.012132181
v 0.031684926 -0.014900266 -0.010888974
v 0.031330836 -0.017579367 -0.011965814
v 0.031279939 -0.017558695 -0.010756543
v 0.030668801 -0.020684436 -0.011814849
v 0.030781304 -0.019974299 -0.010628637
v 0.030285006 -0.022079659 -0.011743712
v 0.030191293 -0.02216597 -0.01050463
v 0.029662781 -0.023955342 -0.011644016
v 0.029512068 -0.024153707 -0.0103838
v 0.028966355 -0.025665543 -0.011548178
v 0.02878082 -0.026069334 -0.011524742
v 0.032353056 -0.0058543248 -0.012479359
v 0.032182866 -0.010012832 -0.012304579
v -0.00063909368 -0.004378812 0.068853354
v 0.0017059765 -0.0068118596 0.068179438
v 0.00078454305 -0.0076459391 0.068302804
v 0.0038396767 -0.0090692279 0.0673159
v 0.0026825 -0.010100251 0.067475337
v -0.0019959872 -0.005536976 0.069022587
v 0.0029536549 -0.013444776 0.066662187
v 0.003649835 -0.014571756 0.066115599
v 0.0043128867 -0.015649303 0.065529401
v -0.00019010468 -0.0084032959 0.068423206
v -0.0012049462 -0.0090740788 0.068537965
v 0.0014562244 -0.011034408 0.067630998
v 0.00017705014 -0.011860565 0.067779397
v 0.00082090714 -0.013161006 0.06733243
v -0.00062195342 -0.013925495 0.067485119
v -0.00012977928 -0.015219925 0.067010082
v -0.0022465763 -0.0096480197 0.068644409
v -0.0033012805 -0.010114788 0.068739894
v -0.0038079091 -0.013570771 0.068146121
v -0.0043549646 -0.010463738 0.068821843
v -0.0011382515 -0.012566832 0.067917016
v -0.0020868401 -0.014547092 0.067621968
v -0.0024724848 -0.013141131 0.06804039
v -0.0025172474 -0.016155409 0.067227254
v -0.0031411575 -0.013374821 0.068095665
v -0.0035542964 -0.015012295 0.067739166
v -0.0033133797 -0.016382527 0.067288494
v -0.0041051805 -0.016564343 0.067343341
v 0.00033923085 -0.016452628 0.066493337
v -0.0013697832 -0.017156843 0.066656232
v -0.0017195175 -0.01588476 0.067160097
v -0.0026617337 -0.020094314 0.065688506
v -0.0028675879 -0.018920682 0.0662618
v -0.0030846491 -0.01768434 0.066795579
v -0.0048898605 -0.016698935 0.067391319
v -0.0045869045 -0.020464409 0.065816566
v -0.0046813323 -0.019274408 0.066381652
v -0.004782231 -0.018020204 0.066907021
v -0.0049433642 -0.018654853 0.066673037
v -0.0049331319 -0.017558191 0.067096061
v -0.0049263912 -0.01670305 0.067393723
v -0.0021068899 -0.023266931 0.063739434
v -0.0022818695 -0.022264398 0.064426837
v -0.0001326895 -0.021642981 0.064246041
v -0.00041901488 -0.020606537 0.064905883
v 0.0016165611 -0.01980515 0.064706052
v 0.0012115555 -0.018742924 0.06534017
v 0.003107834 -0.017793018 0.065130625
v 0.0025770561 -0.016715997 0.065740418
v 0.002019716 -0.015586433 0.06631155
v 0.0014347323 -0.014402206 0.066842674
v 0.010544114 -0.016546799 0.062247025
v 0.011204784 -0.017328867 0.061450368
v 0.0092573509 -0.018928068 0.061747551
v 0.01084461 -0.01892047 0.060774421
v 0.011831396 -0.01808131 0.060619443
v 0.011409302 -0.019661812 0.059914871
v 0.012425518 -0.01880554 0.059754043
v 0.011944883 -0.020374331 0.059020223
v 0.012988667 -0.019502929 0.058853901
v 0.012452666 -0.02105943 0.058090225
v 0.013522249 -0.020174738 0.05791878
v 0.012933761 -0.02171825 0.057124505
v 0.01402746 -0.020821982 0.056948342
v 0.013389359 -0.022352127 0.056122137
v 0.014505582 -0.021445872 0.055941677
v 0.013820603 -0.022962357 0.055082171
v 0.0076668815 -0.021181612 0.061233918
v 0.0098194549 -0.01971743 0.060929093
v 0.010353028 -0.02047442 0.060075495
v 0.010859389 -0.021200699 0.059186448
v 0.011339753 -0.021897799 0.05826167
v 0.011795146 -0.022566993 0.057300775
v 0.012226662 -0.023209739 0.056302811
v 0.012635351 -0.023827446 0.055266808
v 0.013022196 -0.024421422 0.054191863
v 0.0081333908 -0.021966119 0.060392325
v 0.0057941984 -0.023274158 0.060696698
v 0.010134524 -0.025409605 0.055632429
v 0.0097754839 -0.024779297 0.05666035
v 0.0093967206 -0.024121429 0.05764934
v 0.015385452 -0.022628199 0.053815989
v 0.014957857 -0.022047586 0.05489785
v 0.014228572 -0.023550134 0.054003719
v 0.016356737 -0.022705176 0.05260044
v 0.016170623 -0.023729813 0.051534113
v 0.015789367 -0.023188601 0.052695218
v 0.014978371 -0.024662424 0.051727262
v 0.014614183 -0.024116447 0.052885896
v 0.0137337 -0.025542669 0.051920969
v 0.0097354986 -0.02198155 0.059351577
v 0.010186866 -0.02268954 0.05843209
v 0.010614998 -0.023368086 0.057476085
v 0.011020896 -0.024018766 0.056482594
v 0.011405514 -0.024643105 0.055450619
v 0.011769734 -0.025242512 0.054379231
v 0.012114313 -0.025818177 0.053267511
v 0.012747541 -0.026903464 0.050917267
v 0.012440005 -0.026371402 0.052114003
v 0.013388032 -0.024992757 0.053077063
v 0.014657725 -0.027075385 0.04819084
v 0.014367794 -0.026582933 0.049479199
v 0.015646069 -0.025697705 0.04928188
v 0.0063741457 -0.028025822 0.055096478
v 0.0077726293 -0.027406437 0.054924506
v 0.009140813 -0.026735485 0.054746805
v 0.010474629 -0.026013869 0.054564625
v 0.005166603 -0.029185014 0.054164949
v 0.0066194229 -0.028615076 0.053997033
v 0.0080447586 -0.027992631 0.053822053
v 0.0094384808 -0.027318456 0.053641284
v 0.010796471 -0.026593359 0.053456007
v 0.00064384777 -0.024450659 0.062043822
v 0.00039816224 -0.02356248 0.062814774
v 0.0027177486 -0.022690681 0.062580678
v 0.0023687874 -0.021776478 0.063325874
v 0.0045514138 -0.020730288 0.063077298
v 0.0040938749 -0.019797813 0.063798536
v 0.0061159478 -0.018603661 0.063544733
v 0.005544665 -0.017663358 0.064243184
v 0.0073864395 -0.01634967 0.063992203
v 0.0075342748 -0.014729519 0.064548358
v 0.0075299292 -0.013097312 0.065082461
v 0.0083426333 -0.01401068 0.064427425
v 0.0082661954 -0.015637118 0.063864433
v 0.0080421801 -0.017245704 0.063279499
v 0.0066592842 -0.01950223 0.062810092
v 0.0049867047 -0.02161914 0.062319882
v 0.0030496016 -0.023560287 0.061799027
v 0.00212638 -0.024868057 0.061112173
v 0.00087711796 -0.025294636 0.061235577
v 0.002387476 -0.025663505 0.060261349
v 0.0010984913 -0.026097032 0.060389491
v 0.0026353589 -0.026420597 0.059372421
v 0.0013084133 -0.026860267 0.059505026
v 0.002870453 -0.027141318 0.058444782
v 0.0015072275 -0.02758639 0.058581544
v 0.0016952915 -0.028277593 0.057617869
v 0.0091147212 -0.014889086 0.063736107
v 0.0098479655 -0.015733976 0.063009121
v 0.0086653428 -0.018104632 0.062531105
v 0.0071759033 -0.020360977 0.062039744
v 0.0054006424 -0.022466345 0.061526456
v 0.0033651108 -0.024387792 0.060980521
v 0.0036649907 -0.025175633 0.060124683
v 0.0039498706 -0.025926053 0.05923103
v 0.004220252 -0.026640969 0.058298999
v 0.0030931959 -0.0278278 0.057477285
v 0.001872924 -0.028935961 0.056612829
v -0.0032271072 -0.023502326 0.063820465
v -0.0031087068 -0.024460145 0.06309984
v -0.0029974409 -0.025368877 0.062341923
v -0.0028930311 -0.026231432 0.061546221
v -0.0027952298 -0.027050631 0.060712102
v -0.0027038362 -0.02782905 0.059838948
v -0.0026187039 -0.028568876 0.058926062
v -0.0025396939 -0.029272417 0.057972203
v -0.0024666837 -0.029941855 0.056976133
v 0.003867904 -0.03026938 0.053186223
v 0.0053714101 -0.029750779 0.053024272
v 0.0068510267 -0.029178517 0.052853871
v 0.0083019002 -0.028553749 0.052676352
v 0.0097198521 -0.02787716 0.052493
v 0.011100716 -0.027149464 0.052305115
v 0.0024841372 -0.031276856 0.052155999
v 0.0040339827 -0.030812085 0.052001886
v 0.0055641951 -0.030291651 0.051837951
v 0.0070693634 -0.029717689 0.05166552
v 0.0085445368 -0.029091282 0.051485927
v 0.0099854904 -0.028413023 0.05130048
v 0.011388009 -0.027683534 0.051110482
v 0.00091959155 -0.031683842 0.052298964
v 0.00080995319 -0.031137066 0.053479502
v 0.0023458031 -0.030732184 0.053338401
v 0.0021979611 -0.030161591 0.054474351
v 0.0036910583 -0.029701235 0.054324493
v 0.0035031767 -0.029106023 0.055418178
v 0.0049494415 -0.028592774 0.055261467
v 0.0047195788 -0.02797243 0.056315305
v 0.006114776 -0.027409178 0.056153693
v 0.0058408843 -0.026763652 0.057169656
v 0.0071814057 -0.026152831 0.057005072
v 0.0068611979 -0.02548231 0.057985148
v 0.0081440876 -0.024826568 0.057819412
v 0.0065237283 -0.024780256 0.058926496
v 0.0077749941 -0.024131705 0.058765602
v 0.0061682872 -0.024044782 0.059830178
v 0.011914184 -0.028690558 0.048584592
v 0.01047169 -0.029421474 0.048777331
v 0.0089881216 -0.030101072 0.048965524
v 0.0074677762 -0.030728927 0.049147853
v 0.0059149786 -0.031304625 0.049323011
v 0.0043348636 -0.03182723 0.049489667
v 0.0027330785 -0.032294626 0.049646491
v 0.0049266386 -0.024635542 0.059980593
v 0.0052474096 -0.025378776 0.059082011
v 0.0055519525 -0.026087484 0.058145392
v 0.0044766598 -0.027322437 0.057327472
v 0.0033039862 -0.028482075 0.056468771
v 0.0020404053 -0.029563416 0.055565325
v 0.00056579391 -0.029962833 0.055701643
v 0.00069207099 -0.030563955 0.054613235
v -0.00082185147 -0.030906267 0.054739864
v -0.00065471212 -0.032030975 0.052429482
v -0.0057713469 -0.036066982 0.042656725
v -0.0055191186 -0.035539087 0.044608267
v -0.0037773077 -0.034510882 0.04744311
v -0.0037843693 -0.033567769 0.050149137
v -0.003809006 -0.032535018 0.052647898
v -0.0038513637 -0.031400348 0.054951181
v -0.0053202104 -0.031543039 0.055031653
v 0.012379581 -0.029623742 0.045865819
v 0.010901098 -0.030353637 0.046059376
v 0.0093789744 -0.031032299 0.046248443
v 0.0078176022 -0.031659504 0.046431714
v 0.015951247 -0.026188944 0.047992454
v 0.016508194 -0.027123289 0.045271458
v 0.015186914 -0.02801 0.045470547
v 0.015653262 -0.028884268 0.04254668
v 0.01424869 -0.029714435 0.04274413
v 0.014632967 -0.030531697 0.039597786
v 0.013145937 -0.031305013 0.039790719
v 0.016062042 -0.029705903 0.039403134
v 0.016418344 -0.030482785 0.036021591
v 0.014967018 -0.03130309 0.036211923
v 0.013310907 -0.027908784 0.048388658
v 0.01380959 -0.028842888 0.0456691
v 0.012788748 -0.030492295 0.042939791
v 0.011277719 -0.031219227 0.043132373
v 0.011605326 -0.032027539 0.039980694
v 0.0097205897 -0.031895153 0.043320573
v 0.010016265 -0.032699379 0.040166456
v 0.0081218364 -0.03252003 0.043503123
v 0.0083833303 -0.033320683 0.040346786
v 0.0064859765 -0.033093843 0.043678771
v 0.010269218 -0.033454846 0.03676848
v 0.010482622 -0.034171135 0.033107379
v 0.01188758 -0.032787984 0.036586552
v 0.012128076 -0.033509691 0.032930488
v 0.013455275 -0.032070834 0.036400637
v 0.014594525 -0.036837379 0.0039734702
v 0.0031255601 -0.034084345 0.044004271
v 0.0015176459 -0.035291669 0.040989621
v 0.0016461961 -0.036735909 0.033898649
v 0.00037627143 -0.037737691 0.029530155
v 0.002946336 -0.033226575 0.046933784
v 0.0014125267 -0.034496943 0.044151583
v -0.00025313912 -0.035647415 0.041124609
v -0.0002010469 -0.037092351 0.03403063
v 0.0011147248 -0.032704702 0.04979216
v 0.001278621 -0.033638441 0.047080867
v -0.0003151472 -0.034851752 0.044286929
v -0.0020332287 -0.035943874 0.041246853
v -0.0020597101 -0.037391689 0.034151248
v -0.0040236535 -0.038396456 0.029725092
v 0.0049440977 -0.016679258 0.064904939
v 0.0036130579 -0.018819509 0.064483137
v 0.0020020004 -0.020815459 0.064034464
v 0.00013949441 -0.022627396 0.06354888
v -0.00077097502 -0.023918415 0.062919497
v -0.00056954675 -0.024814435 0.062153352
v -0.00037862925 -0.025665431 0.061349725
v -0.00019779731 -0.026474113 0.060508036
v -2.6694318e-05 -0.027242958 0.05962772
v 0.00013495423 -0.027974073 0.058708115
v 0.0002874262 -0.028669703 0.057748021
v 0.00043096795 -0.029331971 0.056746229
v -0.00091598777 -0.030302214 0.055825867
v -0.0023382939 -0.031186144 0.054852938
v -0.0022329845 -0.032315835 0.052546235
v -0.00051508327 -0.033055407 0.04992538
v -0.0021502917 -0.033344278 0.050044817
v -0.00040218449 -0.033991635 0.047215663
v -0.0020897687 -0.03428368 0.047336846
v -0.0020509077 -0.03514627 0.044409025
v -0.0037876468 -0.03537668 0.044516559
v -0.0038152455 -0.036177089 0.041355067
v -0.0039219159 -0.037629713 0.034259303
v -0.0045535237 -0.038452816 0.029747638
v -0.006355721 -0.039028433 0.02704197
v 0.029625717 -0.0055022464 0.033408466
v 0.029143956 -0.0051440993 0.036763251
v 0.028258204 -0.018191434 0.027672843
v 0.028100131 -0.017352426 0.03051229
v 0.028248794 -0.014786987 0.033958976
v 0.027688714 -0.016685123 0.034105188
v 0.027772939 -0.014141746 0.037305833
v 0.027216464 -0.015996664 0.037452045
v 0.027225892 -0.01347731 0.04042868
v 0.026673992 -0.015285636 0.040574192
v 0.026597488 -0.012792668 0.043346953
v 0.026051389 -0.014550647 0.043491069
v 0.029415323 -0.008103263 0.033541614
v 0.028633951 -0.0099821223 0.037026791
v 0.017429861 -0.028825137 0.039207995
v 0.016999135 -0.027999645 0.042348718
v 0.018283102 -0.027058363 0.04215151
v 0.017770167 -0.026180929 0.04507311
v 0.019501773 -0.026058146 0.041956325
v 0.018969384 -0.025181027 0.044876798
v 0.020652598 -0.024995001 0.041764356
v 0.020103144 -0.024120148 0.044683727
v 0.021733837 -0.023863887 0.04157663
v 0.021169447 -0.022993935 0.044494958
v 0.022743819 -0.022659474 0.04139404
v 0.022166358 -0.02179781 0.044311427
v 0.023680791 -0.021376009 0.041217323
v 0.023091887 -0.020526855 0.044133923
v 0.024543562 -0.020005727 0.04104693
v 0.023944585 -0.019174344 0.043962987
v 0.024723168 -0.017732681 0.043798859
v 0.017805965 -0.029607078 0.035830797
v 0.018733277 -0.027886836 0.03901359
v 0.019126789 -0.02867307 0.035640705
v 0.01996895 -0.026888354 0.038821157
v 0.020377522 -0.027677758 0.035452497
v 0.021134493 -0.025825156 0.038631842
v 0.021555936 -0.0266161 0.035267255
v 0.022228436 -0.024691543 0.038446627
v 0.022660842 -0.025481744 0.035085891
v 0.023249389 -0.02348143 0.038266345
v 0.023691133 -0.024267876 0.034909168
v 0.024195853 -0.022188234 0.038091659
v 0.024645577 -0.022967094 0.034737669
v 0.025523516 -0.02156954 0.03457166
v 0.026324302 -0.020064164 0.034411085
v 0.031276571 -0.0072878406 0.012467215
v 0.031750226 -0.0080189419 0.0015854133
v 0.024510089 -0.03036916 0.0030355676
v 0.024675251 -0.028438172 0.013930627
v 0.025594636 -0.029134946 0.0029057575
v 0.025198668 -0.02781399 0.013858313
v 0.02659538 -0.027793292 0.0027772454
v 0.026184242 -0.026487116 0.013715555
v 0.027513209 -0.02632835 0.0026496373
v 0.027088746 -0.025042995 0.013575062
v 0.028348568 -0.024722498 0.0025223353
v 0.027912401 -0.023465499 0.013436362
v 0.029100524 -0.02295825 0.0023947002
v 0.028654211 -0.02173858 0.013298903
v 0.029767149 -0.021018189 0.00226609
v 0.029312302 -0.019846175 0.013162102
v 0.030346562 -0.018882981 0.0021357738
v 0.029884817 -0.017770373 0.013025285
v 0.030836624 -0.016533664 0.0020030887
v 0.030369623 -0.015493559 0.012887844
v 0.03123504 -0.01395233 0.001867486
v 0.030764391 -0.01299908 0.012749303
v 0.03106708 -0.01027006 0.012609244
v 0.023341461 -0.031507974 0.0031667786
v 0.023567282 -0.029615102 0.014077089
v 0.024131466 -0.029038101 0.014003558
v 0.012739004 -0.036189861 0.015214975
v 0.01441904 -0.035497675 0.015064064
v 0.01624723 -0.036097366 0.0038385035
v 0.016033438 -0.034756125 0.014911694
v 0.017826275 -0.035304541 0.0037031913
v 0.01757718 -0.033961976 0.01475855
v 0.019328197 -0.034454223 0.0035679448
v 0.019046904 -0.033110956 0.014605273
v 0.020749924 -0.03354172 0.0034331875
v 0.0204396 -0.032198769 0.014452521
v 0.02208818 -0.032562219 0.0032993651
v 0.021752057 -0.031220984 0.014300977
v 0.022982671 -0.030170449 0.014151195
v 0.0094316115 -0.0033034371 0.066004536
v 0.012266416 -0.0033522345 0.064661166
v 0.013454883 -0.0037555727 0.063967811
v 0.013145792 -0.0047270375 0.064049097
v 0.01344458 -0.0071742909 0.063516883
v 0.012373638 -0.0066001578 0.064227751
v 0.012784759 -0.0056752593 0.064135891
v 0.011632062 -0.0051468117 0.064818107
v 0.011973725 -0.0042594005 0.064737057
v 0.010736618 -0.0037849181 0.065389376
v 0.011011621 -0.0029443348 0.065319153
v 0.014458327 -0.0077367494 0.062772339
v 0.013876419 -0.0061944742 0.063419249
v 0.011243239 -0.0060141517 0.064903866
v 0.01041581 -0.0046089921 0.065464374
v 0.022494916 -0.0006363407 0.055895864
v 0.023177354 -0.00075191806 0.054875184
v 0.023819085 -0.00086820268 0.053822295
v 0.024422196 -0.00098517531 0.052736171
v 0.021769605 -0.00052148585 0.056885373
v 0.018803316 -0.0043975868 0.059914837
v 0.025520079 -0.0012210615 0.050460504
v 0.026484822 -0.0014594503 0.04803865
v 0.02893382 -0.007654214 0.036893232
v 0.028588326 -0.0047840634 0.039896263
v 0.028066462 -0.0019437914 0.042709344
v 0.027329627 -0.0017003418 0.045459209
v 0.020462944 -0.0050334707 0.058108162
v 0.020715693 -0.0035550629 0.058012508
v 0.021480154 -0.0038090041 0.05706007
v 0.021663315 -0.0022017237 0.056968948
v 0.022200194 -0.0040615939 0.056076682
v 0.022386783 -0.0023890191 0.055982568
v 0.022877805 -0.004312741 0.055061971
v 0.023067545 -0.0025760356 0.054964952
v 0.023515136 -0.0045624176 0.054014924
v 0.023707762 -0.0027627398 0.053915081
v 0.024114256 -0.0048105855 0.052934515
v 0.024309512 -0.0029490915 0.052831913
v 0.024677103 -0.0050571826 0.051819822
v 0.024874747 -0.0031350339 0.051714524
v 0.02520533 -0.0053021138 0.05066996
v 0.025405124 -0.0033204896 0.050562029
v 0.025700649 -0.0055453574 0.049483439
v 0.026368164 -0.0036898631 0.048145746
v 0.027211799 -0.0040570082 0.045571633
v 0.027005629 -0.0062646632 0.045689441
v 0.026164752 -0.0057868904 0.04825876
v 0.019657552 -0.004716875 0.059026744
v 0.019340902 -0.0060808162 0.059126757
v 0.01849495 -0.0057043295 0.060011377
v 0.020138649 -0.0064530037 0.058211427
v 0.021937053 -0.0056586457 0.056178284
v 0.022610069 -0.0059671298 0.055166353
v 0.022447518 -0.0067650905 0.055221361
v 0.02324317 -0.0062728517 0.05412198
v 0.023670851 -0.0074242836 0.053101687
v 0.018505845 -0.0086587125 0.059348726
v 0.019282965 -0.009126648 0.058440291
v 0.01875533 -0.01038583 0.058565424
v 0.019744691 -0.0078165385 0.058322203
v 0.021611802 -0.009774909 0.055460346
v 0.021188481 -0.0086438305 0.056404277
v 0.020698107 -0.0075345285 0.057321094
v 0.02079685 -0.011855275 0.055659386
v 0.019476302 -0.01088508 0.057628884
v 0.020440073 -0.010714394 0.05659355
v 0.019754445 -0.010242688 0.057563718
v 0.020015924 -0.0095868047 0.057500321
v 0.023838409 -0.0065757989 0.053044158
v 0.024397708 -0.0068759243 0.051931956
v 0.024750949 -0.0080695142 0.05084435
v 0.024922714 -0.0071731395 0.050784509
v 0.025415124 -0.0074674375 0.049600314
v 0.025701384 -0.0087005456 0.048439846
v 0.025876613 -0.0077588105 0.048377886
v 0.02671312 -0.0083326618 0.045812818
v 0.02550574 -0.0096141196 0.048503451
v 0.024347825 -0.0097881706 0.050969348
v 0.024559232 -0.0089409365 0.050905952
v 0.023277726 -0.0090565198 0.053222304
v 0.02348387 -0.0082509786 0.053161061
v 0.022066275 -0.0083053906 0.055337051
v 0.022266171 -0.0075443418 0.055278259
v 0.021599172 -0.007184772 0.05628748
v 0.021777337 -0.0064303155 0.056231928
v 0.021065356 -0.0060920643 0.057210974
v 0.021222001 -0.0053474004 0.057158767
v 0.02305267 -0.0098415414 0.053285415
v 0.021848073 -0.0090487447 0.055397753
v 0.021402808 -0.0079224627 0.056344928
v 0.020890644 -0.0068209781 0.057265085
v 0.024116994 -0.010611988 0.05103456
v 0.025289966 -0.010500427 0.048568741
v 0.025054328 -0.011360373 0.04863576
v 0.026336272 -0.010270625 0.04594208
v 0.029410171 -0.013719693 0.027447837
v 0.029141248 -0.013309217 0.030224217
v 0.028724823 -0.012732318 0.033816566
v 0.028246215 -0.012140735 0.037164218
v 0.028080658 -0.0094442427 0.040153255
v 0.027695544 -0.011533677 0.0402885
v 0.02744397 -0.0088944859 0.043076322
v 0.027062427 -0.010910428 0.043208832
v 0.021357692 -0.010484386 0.055524828
v 0.022808941 -0.010606683 0.053350425
v 0.022546769 -0.011352585 0.053417331
v 0.023866983 -0.011413162 0.051101614
v 0.023598022 -0.012192475 0.051170533
v 0.024799078 -0.012194869 0.048704529
v 0.024524461 -0.013004844 0.048775098
v 0.025617802 -0.012952517 0.046147752
v 0.025338518 -0.013790668 0.046219622
v 0.020706886 -0.01003936 0.056528609
v 0.021085968 -0.011177676 0.055591183
v 0.022266377 -0.012079884 0.05348613
v 0.023310337 -0.012950708 0.051241332
v 0.024230694 -0.01379123 0.048847493
v 0.025039737 -0.014602705 0.046293225
v 0.025877353 -0.01208717 0.046077567
v 0.021967977 -0.012789216 0.053556824
v 0.02300413 -0.013688648 0.051314024
v 0.023917984 -0.014554962 0.048921732
v 0.015417434 -0.0082879097 0.061994808
v 0.011914339 -0.0075015204 0.064324198
v 0.009643842 -0.0062054653 0.065626984
v 0.010050953 -0.0054160423 0.065543725
v 0.0087940904 -0.0048054764 0.066145845
v 0.0080005002 -0.0062475801 0.066301398
v 0.0074699896 -0.0041821093 0.066708677
v 0.008055879 -0.0028148104 0.066580952
v 0.0046104336 -0.0028962649 0.067708804
v 0.0050820096 -0.0018160857 0.067609672
v 0.010331687 -0.0076866399 0.065087652
v 0.0091963812 -0.0069764248 0.065713696
v 0.012141283 -0.011563212 0.063231388
v 0.0096371507 -0.010859982 0.064745332
v 0.0080301641 -0.010761192 0.065490114
v 0.0081882049 -0.0084593901 0.065895571
v 0.00053401228 -0.0030322715 0.068683093
v 0.0033386807 -0.004951888 0.06793436
v 0.0025614711 -0.0059107674 0.068055747
v 0.0058841879 -0.006759079 0.066999486
v 0.0049119746 -0.0079521751 0.067156151
v 0.0070425029 -0.0098572833 0.066085459
v 0.0066750411 -0.012147809 0.065700216
v 0.0082656555 -0.012380306 0.064969241
v 0.0067415653 -0.0054995253 0.066849247
v 0.0040255518 -0.0039442359 0.067817865
v -0.0020254817 -0.00016112061 0.06914005
v -0.002399574 -0.030579201 0.05593672
v -0.0010173071 -0.029668044 0.056867745
v -0.0011259257 -0.029002075 0.057866533
v -0.0012419955 -0.028302323 0.058823347
v -0.0013656976 -0.02756663 0.059739403
v -0.0014972387 -0.026792714 0.060615929
v -0.0016368235 -0.025978424 0.061453607
v -0.0017847319 -0.025121221 0.062253035
v -0.0019412964 -0.024218343 0.063014817
v 0.017181667 -0.0093577226 0.060343207
v 0.016620882 -0.010491787 0.06046666
v 0.01578099 -0.009920631 0.061303646
v 0.014892721 -0.0093364451 0.062108516
v 0.01395382 -0.0087388554 0.062880644
v 0.012961846 -0.0081273766 0.063619432
v 0.018202233 -0.013325283 0.057906181
v 0.017510274 -0.012759569 0.058835145
v 0.016777578 -0.012179901 0.059731578
v 0.016002067 -0.011585705 0.060595704
v 0.015181615 -0.01097639 0.061427701
v 0.014314313 -0.010351578 0.062227221
v 0.013397995 -0.0097107801 0.062993637
v 0.012430317 -0.0090533953 0.063726364
v 0.011408913 -0.0083788136 0.064424724
v 0.016797271 -0.013876904 0.058978639
v 0.016026989 -0.014949557 0.059127034
v 0.016083044 -0.013266908 0.059870525
v 0.015333094 -0.014312101 0.060014101
v 0.01532749 -0.012640087 0.060729744
v 0.014599467 -0.0136555 0.060868132
v 0.01452857 -0.011995725 0.061556463
v 0.013824162 -0.012978911 0.061689288
v 0.013684453 -0.011333335 0.062350338
v 0.013005428 -0.012281727 0.062477241
v 0.012793065 -0.01065231 0.063110752
v 0.011852157 -0.0099519177 0.063837123
v 0.020791249 -0.017725466 0.051788655
v 0.019395623 -0.017292745 0.054101421
v 0.019813114 -0.016695849 0.054018689
v 0.018307386 -0.016190035 0.056184423
v 0.018711034 -0.015612338 0.056104774
v 0.017472154 -0.01447077 0.058053856
v 0.017084836 -0.015025577 0.058129677
v 0.016683048 -0.015568689 0.058206705
v 0.022679623 -0.014407027 0.051388597
v 0.02165179 -0.013481172 0.053629384
v 0.020490567 -0.012517636 0.055729404
v 0.019181739 -0.011514309 0.057695779
v 0.021598789 -0.016450562 0.051623367
v 0.022868436 -0.016718393 0.049155563
v 0.022482252 -0.017399283 0.049237154
v 0.024028455 -0.01689265 0.046524712
v 0.024384478 -0.016152747 0.046445752
v 0.02542605 -0.016194138 0.043641596
v 0.023236609 -0.016017836 0.049075777
v 0.021976703 -0.015787424 0.051543306
v 0.020599105 -0.015457278 0.053857886
v 0.019099128 -0.015021301 0.056026547
v 0.020214359 -0.016084165 0.053937485
v 0.021203559 -0.017096393 0.051705169
v 0.023260791 -0.018306388 0.046688002
v 0.022420367 -0.019637532 0.046858304
v 0.021656734 -0.018704789 0.04940559
v 0.021508677 -0.020892549 0.047035275
v 0.0089688634 -0.011634189 0.064856661
v 0.011445012 -0.012443106 0.063354904
v 0.012279652 -0.01319659 0.062607272
v 0.013070836 -0.013926029 0.061825494
v 0.013820464 -0.014632295 0.061010148
v 0.014530203 -0.01531612 0.060161581
v 0.015201902 -0.01597848 0.059279597
v 0.016267106 -0.016100255 0.058284842
v 0.014324761 -0.016963971 0.059435518
v 0.013677102 -0.016279008 0.060312171
v 0.012993185 -0.015570283 0.061155052
v 0.012271254 -0.014836681 0.061964353
v 0.011509722 -0.014077336 0.062739743
v 0.010706782 -0.013291239 0.063480647
v 0.0091189068 -0.013259579 0.064306591
v 0.017006064 -0.017845715 0.05643096
v 0.016543286 -0.018372348 0.05651532
v 0.016438277 -0.017242527 0.057414535
v 0.015518027 -0.018266874 0.05757998
v 0.015837366 -0.016620333 0.058363981
v 0.013398355 -0.017906248 0.059593956
v 0.012776564 -0.017200742 0.06046507
v 0.012120367 -0.016469217 0.061302058
v 0.011428105 -0.015710414 0.062105111
v 0.01069827 -0.014923336 0.06287393
v 0.0099291543 -0.014106825 0.063607941
v 0.014937872 -0.017626266 0.058524853
v 0.014545073 -0.019244025 0.057748371
v 0.013987361 -0.018586968 0.058688459
v 0.015072774 -0.019878309 0.056773361
v 0.016066579 -0.01888657 0.056600584
v 0.015571835 -0.020490907 0.055762537
v 0.016584996 -0.019486308 0.055585782
v 0.016566148 -0.02058144 0.054624439
v 0.018048447 -0.01899838 0.054357883
v 0.017568913 -0.019539402 0.05444577
v 0.017074703 -0.020067018 0.05453466
v 0.017973163 -0.021174559 0.05232008
v 0.018482318 -0.020636616 0.052228395
v 0.018976108 -0.020084321 0.052137808
v 0.018512966 -0.018443735 0.054271127
v 0.017454572 -0.017306541 0.056347616
v 0.020761747 -0.019939729 0.049580644
v 0.020527406 -0.022077133 0.047218301
v 0.017888462 -0.016754691 0.056265405
v 0.01896214 -0.017875261 0.054185604
v 0.019916322 -0.018935469 0.051960369
v 0.019799203 -0.021108801 0.049761654
v 0.019478768 -0.023195381 0.047406552
v 0.017681021 -0.023262328 0.05013797
v 0.018233955 -0.022746065 0.05004241
v 0.018771498 -0.022215306 0.049947749
v 0.017188148 -0.025248018 0.047794768
v 0.016530214 -0.024252844 0.05033124
v 0.017113005 -0.023764468 0.050234292
v 0.018364937 -0.024251122 0.047599065
v 0.014060025 -0.026072352 0.050722137
v 0.01532204 -0.025189159 0.050526381
v 0.017844713 -0.013904073 0.05797933
v 0.019471398 -0.014416619 0.055949825
v 0.020967096 -0.014814767 0.053779965
v 0.022337063 -0.015106431 0.051465036
v 0.02358654 -0.015296922 0.048997831
v 0.024721654 -0.015389718 0.046368592
v 0.026041811 -0.016969576 0.040725497
v 0.026578805 -0.017717522 0.037603347
v 0.027046637 -0.018439827 0.034255718
v 0.02745441 -0.01913833 0.030661303
v 0.027559575 -0.02007588 0.027775816
v 0.0091549859 -0.03542855 0.029100963
v 0.0044788861 0.037435727 -0.036764271
v 0.0044824085 0.03743543 -0.03667274
v 0.0044859607 0.037427158 -0.036581582
v 0.0044895152 0.037410961 -0.036491494
v 0.004493046 0.037386968 -0.036403161
v 0.0044965249 0.03735536 -0.036317258
v 0.0044999252 0.037316383 -0.036234431
v 0.0045032229 0.037270328 -0.03615532
v 0.0045063907 0.037217548 -0.036080524
v 0.004509406 0.037158444 -0.036010606
v 0.0045122446 0.037093464 -0.035946103
v 0.0045148869 0.037023104 -0.035887507
v 0.0045173102 0.036947903 -0.035835266
v 0.0045194989 0.036868429 -0.035789772
v 0.0045214337 0.036785288 -0.035751374
v 0.0045231013 0.036699111 -0.035720361
v 0.0045244889 0.03661056 -0.035696975
v 0.0045255856 0.036520297 -0.035681388
v 0.0045263827 0.036429023 -0.035673725
v 0.0045268759 0.036337422 -0.035674039
v 0.0045270584 0.036246202 -0.035682329
v 0.0045269325 0.036156044 -0.035698533
v 0.0045264962 0.036067642 -0.035722528
v 0.0045257545 0.035981668 -0.035754131
v 0.0045247118 0.035898777 -0.035793098
v 0.0045233762 0.035819596 -0.035839136
v 0.0045217593 0.035744731 -0.035891892
v 0.0045198719 0.035674755 -0.03595097
v 0.0045177293 0.035610193 -0.036015914
v 0.0045153474 0.035551539 -0.036086233
v 0.0045127436 0.035499242 -0.03616139
v 0.0045099394 0.035453696 -0.036240818
v 0.0045069544 0.035415256 -0.036323908
v 0.0045038132 0.035384205 -0.03641003
v 0.0045005371 0.035360783 -0.036498524
v 0.004497154 0.035345162 -0.036588723
v 0.004493687 0.035337475 -0.036679932
v 0.0044901641 0.035337769 -0.036771467
v 0.0044866123 0.035346048 -0.036862621
v 0.0044830579 0.035362246 -0.036952709
v 0.0044795271 0.035386239 -0.037041042
v 0.0044760482 0.035417839 -0.037126945
v 0.004472648 0.03545682 -0.037209772
v 0.0044693502 0.035502875 -0.037288882
v 0.0044661824 0.035555655 -0.037363679
v 0.0044631671 0.035614763 -0.037433597
v 0.0044603282 0.035679739 -0.037498096
v 0.0044576859 0.035750096 -0.037556692
v 0.0044552619 0.0358253 -0.037608937
v 0.0044530742 0.035904774 -0.037654431
v 0.0044511394 0.035987915 -0.037692829
v 0.0044494715 0.036074092 -0.037723839
v 0.0044480842 0.036162647 -0.037747228
v 0.0044469875 0.036252902 -0.037762815
v 0.0044461901 0.03634418 -0.037770475
v 0.0044456973 0.036435777 -0.037770164
v 0.0044455134 0.036527005 -0.03776187
v 0.0044456403 0.036617159 -0.037745666
v 0.0044460769 0.036705561 -0.037721675
v 0.0044468186 0.036791535 -0.037690072
v 0.0044478616 0.036874425 -0.037651109
v 0.004449196 0.036953603 -0.037605067
v 0.0044508138 0.037028471 -0.037552311
v 0.0044527012 0.037098451 -0.037493233
v 0.0044548434 0.03716301 -0.037428285
v 0.0044572257 0.037221664 -0.03735797
v 0.0044598292 0.037273961 -0.037282809
v 0.0044626335 0.037319504 -0.037203381
v 0.0044656187 0.037357951 -0.037120295
v 0.0044687599 0.037389002 -0.037034173
v 0.004472035 0.037412423 -0.036945679
v 0.0044754195 0.037428037 -0.036855484
v 0.018319376 -0.038429051 -0.037729198
v 0.020320286 -0.037229478 -0.037854266
v 0.021974897 -0.036068109 -0.037964545
v 0.023513066 -0.034800836 -0.038074653
v 0.024790759 -0.033562175 -0.038173643
v 0.0259555 -0.032232639 -0.03827199
v 0.027036582 -0.030765317 -0.038372711
v 0.027942191 -0.029296993 -0.038466763
v 0.028791044 -0.027643298 -0.038566145
v 0.029591466 -0.025730034 -0.038674178
v 0.030351709 -0.023431003 -0.038796283
v 0.031052876 -0.020609653 -0.038937265
v 0.031675919 -0.017001468 -0.039107095
v 0.032190838 -0.011864511 -0.039334656
v 0.0059459376 -0.043188745 -0.037063364
v 0.00023399256 -0.044505413 -0.036791622
v -0.002269444 -0.044950637 -0.036677859
v -0.0046057954 -0.036605787 0.028653318
v -0.0045668443 -0.036564577 0.029671741
v -0.0071570575 0.03297173 0.055541923
v -0.0070986698 0.032129362 0.05693912
v -0.0070416333 0.031199574 0.058288638
v -0.0072217785 0.033794021 0.05397728
v -0.0072945786 0.034599196 0.052200147
v -0.0068886989 0.028046175 0.061812659
v -0.0069358524 0.029136994 0.060743093
v -0.0069867325 0.0301895 0.059571156
v -0.0067600413 0.024360417 0.064629349
v -0.0068015445 0.025679818 0.063739442
v -0.0068443619 0.026904546 0.062801752
v -0.0079755918 0.038586432 0.035068199
v -0.0082788531 0.039355481 0.027295076
v -0.0083990311 0.039585169 0.02420395
v -0.007378305 0.035392929 0.050137329
v -0.007477641 0.036183545 0.04766831
v -0.0075988879 0.036970488 0.044629154
v -0.0077499307 0.037741406 0.040813197
v -0.0066022224 0.017710407 0.067779725
v -0.0066405893 0.019624048 0.067056344
v -0.0066795788 0.021349491 0.066289886
v -0.0067195105 0.022926331 0.06547762
v -0.0064896905 0.010290058 0.069642531
v -0.0065265691 0.013102174 0.069086507
v -0.0065641148 0.01555043 0.068461036
v -0.0064208278 0.0032967715 0.070431304
v -0.0064541881 0.0070532323 0.070101961
v 0.0091721269 0.0014223095 0.063666837
v 0.023694443 -0.023449923 0.028060173
v 0.022684683 -0.024804094 0.028153588
v 0.021583702 -0.026050307 0.028246124
v 0.0045090126 -0.034889063 0.029256824
v 0.0090172079 -0.033506131 0.029028442
v 0.012584897 -0.032084387 0.028834462
v -0.00014190406 -0.035924904 0.029476619
v 0.020320761 -0.027264224 0.028343548
v 0.015359515 -0.03070737 0.028672623
v 0.024551046 -0.022081123 0.027972022
v 0.01891444 -0.028416549 0.028443962
v 0.025341228 -0.020565514 0.027880473
v 0.026081344 -0.018826976 0.027781816
v 0.026772027 -0.01677609 0.027672412
v 0.017283747 -0.029559023 0.02855256
v 0.027407072 -0.014270203 0.027546725
v 0.028369168 -0.0071627158 0.027222326
v 0.027957513 -0.011132751 0.027398717
v 0.021544751 -0.026091517 0.027227701
v 0.022645732 -0.024845303 0.027135165
v 0.023655492 -0.023491133 0.02704175
v -0.0001808551 -0.035966114 0.028458197
v 0.0044700615 -0.034930273 0.028238402
v 0.0089782573 -0.033547341 0.02801002
v 0.012545946 -0.032125597 0.027816038
v 0.020281811 -0.027305434 0.027325125
v 0.015320564 -0.03074858 0.027654199
v 0.024512095 -0.022122333 0.0269536
v 0.018875489 -0.028457759 0.027425539
v 0.017244796 -0.029600233 0.027534138
v 0.025302277 -0.020606724 0.02686205
v 0.026733076 -0.016817301 0.026653989
v 0.026042394 -0.018868186 0.026763394
v 0.027918562 -0.011173962 0.026380293
v 0.028330217 -0.007203926 0.026203903
v 0.027368121 -0.014311413 0.026528302
v 0.0051167145 0.036390074 -0.036746352
v -0.01084127 0.040207187 -0.04709631
v -0.006263345 0.039913493 -0.047879325
v 0.02965008 0.019762851 -0.053282758
v 0.029694888 0.019923357 -0.053297191
v 0.030472671 0.017647748 -0.05333804
v 0.030019655 -0.026115217 -0.051446682
v 0.029972582 -0.025954717 -0.051445151
v 0.03076533 -0.023839497 -0.051670467
v 0.030783268 -0.02333325 -0.051694545
v 0.031407171 -0.021313438 -0.051886584
v 0.031534463 -0.019953662 -0.051965009
v 0.031566201 -0.020565911 -0.05194516
v 0.032292344 -0.016057921 -0.05225801
v 0.03049775 0.017141503 -0.053321425
v 0.031150149 0.015121783 -0.053351091
v 0.031296624 0.013762029 -0.053320205
v 0.031319725 0.014374281 -0.053349581
v 0.032109468 0.0098664012 -0.053300036
v -0.0056565133 -0.046110537 -0.044421603
v -0.010230289 -0.04640489 -0.043614955
v 0.027168615 0.0248061 -0.053060634
v 0.026996974 0.025184914 -0.0530465
v 0.027972106 0.023608278 -0.053150577
v 0.025231451 0.027385019 -0.052830968
v 0.024647105 0.028109208 -0.052759461
v 0.025906879 0.026667547 -0.052918566
v 0.028348862 -0.029800382 -0.051003827
v 0.029014544 -0.028312586 -0.051181077
v 0.029221047 -0.028061654 -0.051227336
v 0.029534778 -0.027109094 -0.05132129
v 0.029848748 -0.026296327 -0.051409487
v 0.029521428 0.020104442 -0.05327456
v 0.029195991 0.020917165 -0.053251693
v 0.02886882 0.021869678 -0.053234316
v 0.028658777 0.022120579 -0.053208234
v 0.02769718 0.02394313 -0.053116694
v 0.01891626 0.03258273 -0.051949324
v 0.017890239 0.033097326 -0.051792418
v 0.017754391 0.033237629 -0.051774629
v 0.016571288 0.033781188 -0.051591642
v 0.01502888 0.034571294 -0.051356459
v 0.013784735 0.035036598 -0.051159627
v 0.011464475 0.035993796 -0.050796254
v 0.026326799 -0.032859948 -0.050525873
v 0.025087366 -0.03430179 -0.050250862
v 0.025661495 -0.033577517 -0.050380593
v 0.027395975 -0.031377157 -0.050773001
v 0.027562272 -0.030998319 -0.050817586
v 0.028078661 -0.030135275 -0.050943021
v 0.024579274 0.028100222 -0.052747309
v 0.024047283 0.028640048 -0.052677259
v 0.02334498 0.029374214 -0.052585682
v 0.022735583 0.029832247 -0.0524988
v 0.021732321 0.03070384 -0.05236064
v 0.021280846 0.03096981 -0.052293239
v 0.019942696 0.031951053 -0.052101442
v 0.019656629 0.032065414 -0.052056492
v 0.018977197 0.032479811 -0.051955647
v 0.012015988 -0.042188275 -0.047653738
v 0.014322741 -0.041230744 -0.048094074
v 0.015560321 -0.040765258 -0.048328319
v 0.017091579 -0.039974932 -0.048627027
v 0.018267013 -0.039431205 -0.048853719
v 0.018400881 -0.039290878 -0.048882786
v 0.01941964 -0.038776138 -0.049081066
v 0.019479125 -0.038673209 -0.049095665
v 0.02015271 -0.038258714 -0.049229826
v 0.020437164 -0.03814431 -0.049283975
v 0.021761469 -0.037162878 -0.04955466
v 0.022209191 -0.036896843 -0.049643447
v 0.023200156 -0.036025102 -0.049851676
v 0.023803089 -0.035566985 -0.04997538
v 0.024495033 -0.034832716 -0.050125982
v 0.025019408 -0.034292812 -0.050239433
v 0.032168413 -0.015480112 -0.052260422
v 0.032428983 -0.012449072 -0.052431231
v 0.032831335 -0.0093949325 -0.052627614
v 0.03266623 -0.006285698 -0.052727725
v 0.032971349 -0.0030957043 -0.052912853
v 0.02674353 0.025442857 -0.053013163
v 0.026348277 0.02599528 -0.052967391
v 0.025711799 0.026815431 -0.052890812
v 0.026133806 -0.03300786 -0.050486226
v 0.026758712 -0.032187616 -0.050628743
v 0.027146171 -0.031635136 -0.050718927
v 0.032674958 -0.0030957256 -0.052861366
v 0.032621225 9.424204e-05 -0.052984163
v 0.032742463 0.0032034978 -0.053134006
v 0.032297021 0.0062575757 -0.053183138
v 0.031993689 0.0092885752 -0.053255998
v 0.010569662 0.036240964 -0.050651064
v 0.0083745627 0.036945605 -0.050298965
v 0.0067921014 0.037462384 -0.050045495
v 0.0036990294 0.03819408 -0.049538545
v 0.0035598915 0.038277266 -0.049517822
v 0.0012740607 0.038723599 -0.049139268
v 0.00029525414 0.03895942 -0.048979017
v -0.0011634452 0.039180043 -0.048734786
v -0.0029769551 0.039504661 -0.048433224
v -0.0036544601 0.039569503 -0.048318231
v -0.0061591036 0.039879508 -0.047896024
v -0.0055527511 -0.046076532 -0.044441035
v -0.0030524837 -0.045766167 -0.044888179
v -0.0023758932 -0.045701228 -0.045008389
v -0.00056696562 -0.045376349 -0.045336058
v 0.00088861793 -0.045155512 -0.045598035
v 0.0018640973 -0.044919553 -0.045777245
v 0.0041436287 -0.044472888 -0.046191695
v 0.0042815931 -0.044389684 -0.046219106
v 0.0073643389 -0.043657539 -0.046784897
v 0.0089395079 -0.043140531 -0.047079916
v 0.011124663 -0.042435574 -0.047488675
v -0.0061086327 -0.041078591 -0.031864681
v -0.0061112118 -0.040967736 -0.031915878
v -0.0061141287 -0.040861768 -0.031976536
v -0.0061173608 -0.040761498 -0.032046194
v -0.006120883 -0.040667688 -0.032124319
v -0.0061246693 -0.040581048 -0.032210326
v -0.0061286892 -0.040502242 -0.032303543
v -0.006132914 -0.04043187 -0.03240328
v -0.0061373087 -0.040370462 -0.032508757
v -0.0061418433 -0.040318494 -0.03261919
v -0.0061464826 -0.040276349 -0.032733733
v -0.0061511895 -0.040244364 -0.032851506
v -0.0061559281 -0.040222768 -0.032971623
v -0.0061606647 -0.040211728 -0.033093166
v -0.0061653627 -0.040211335 -0.033215211
v -0.0061699837 -0.040221587 -0.033336827
v -0.0061744967 -0.040242413 -0.033457089
v -0.0061788636 -0.040273642 -0.033575081
v -0.0061830526 -0.040315041 -0.03368991
v -0.0061870316 -0.040366304 -0.033800691
v -0.0061907709 -0.040427025 -0.033906593
v -0.0061942428 -0.040496758 -0.034006807
v -0.0061974187 -0.04057496 -0.034100566
v -0.0062002751 -0.04066104 -0.034187161
v -0.0062027925 -0.040754349 -0.03426593
v -0.0062049484 -0.040854165 -0.034336272
v -0.0062067276 -0.040959739 -0.034397659
v -0.0062081187 -0.041070261 -0.034449612
v -0.0062091077 -0.041184893 -0.03449175
v -0.0062096898 -0.041302763 -0.034523738
v -0.0062098577 -0.04142297 -0.034545343
v -0.0062096128 -0.041544602 -0.034556399
v -0.0062089558 -0.041666735 -0.03455682
v -0.0062078931 -0.041788436 -0.0345466
v -0.0062064316 -0.041908779 -0.034525816
v -0.0062045814 -0.042026852 -0.034494636
v -0.006202358 -0.042141753 -0.03445329
v -0.0061997774 -0.042252608 -0.03440209
v -0.0061968604 -0.042358576 -0.034341432
v -0.0061936283 -0.042458843 -0.034271773
v -0.0061901065 -0.042552659 -0.034193644
v -0.0061863214 -0.042639292 -0.034107645
v -0.0061822999 -0.042718102 -0.034014425
v -0.0061780767 -0.042788474 -0.033914692
v -0.0061736807 -0.042849878 -0.033809207
v -0.0061691458 -0.042901854 -0.033698777
v -0.0061645081 -0.042943991 -0.033584238
v -0.0061597996 -0.042975984 -0.033466462
v -0.006155061 -0.04299758 -0.033346345
v -0.0061503245 -0.043008612 -0.033224802
v -0.0061456264 -0.043009005 -0.033102757
v -0.0061410055 -0.042998753 -0.032981141
v -0.0061364924 -0.042977935 -0.032860878
v -0.0061321255 -0.042946705 -0.032742887
v -0.0061279363 -0.0429053 -0.032628062
v -0.0061239575 -0.042854044 -0.032517276
v -0.0061202186 -0.042793315 -0.032411371
v -0.006116746 -0.042723586 -0.032311164
v -0.0061135704 -0.042645384 -0.032217402
v -0.0061107137 -0.0425593 -0.03213081
v -0.0061081966 -0.042465999 -0.032052038
v -0.0061060408 -0.042366176 -0.031981696
v -0.0061042615 -0.042260605 -0.031920309
v -0.0061028705 -0.042150083 -0.031868355
v -0.0061018811 -0.042035451 -0.031826221
v -0.0061012996 -0.041917581 -0.031794225
v -0.0061011318 -0.041797374 -0.03177262
v -0.0061013763 -0.041675742 -0.031761568
v -0.0061020333 -0.041553609 -0.031761148
v -0.0061030957 -0.041431909 -0.031771371
v -0.0061045578 -0.041311564 -0.031792147
v -0.0061064077 -0.041193492 -0.031823332
v 0.032338029 -0.0026702219 -0.042216201
v 0.032097855 0.0047602679 -0.042507688
v 0.031720244 0.0091480144 -0.042670793
v 0.031237682 0.012621748 -0.042792902
v 0.030698272 0.015374531 -0.042883661
v 0.030133148 0.017588878 -0.042951652
v 0.02954188 0.019451015 -0.043004387
v 0.028928125 0.021055622 -0.043045841
v 0.028299811 0.022449068 -0.043078196
v 0.027646775 0.023696809 -0.043103709
v 0.026964377 0.024833101 -0.043123591
v 0.026171478 0.025985419 -0.043139895
v 0.025341553 0.027040173 -0.043150833
v 0.024460365 0.028026646 -0.043157049
v 0.023511662 0.028965926 -0.043158771
v 0.022483554 0.029869065 -0.043155993
v 0.022052579 0.03021778 -0.043153622
v 0.020847092 0.03111432 -0.043143796
v 0.019499932 0.032002489 -0.04312821
v 0.017931447 0.032916168 -0.043105192
v 0.016102363 0.033851269 -0.043073075
v 0.013935401 0.034816995 -0.043029277
v 0.010790016 0.036009044 -0.042957213
v 0.0068348746 0.037237913 -0.042855669
v 0.0027349777 0.038263887 -0.042740378
v -0.0021442004 0.039198472 -0.042591584
v -0.0065686443 0.039783004 -0.04244602
v -0.01067 0.040072256 -0.042300862
v -0.010063652 -0.045883133 -0.0388459
v 0.027352808 -0.030230602 -0.040910316
v 0.026576227 -0.031391563 -0.040833636
v 0.025761247 -0.032455377 -0.04075942
v 0.024894045 -0.03345148 -0.040685945
v 0.028019123 -0.02908688 -0.040982081
v 0.028654505 -0.027832044 -0.041057157
v -0.0059666958 -0.045548728 -0.039016127
v -0.0015508415 -0.0449155 -0.039210641
v 0.0033147709 -0.043927245 -0.039436721
v 0.0073998764 -0.042856188 -0.039636302
v 0.011337373 -0.041583848 -0.03983838
v 0.023958667 -0.034401139 -0.040611744
v 0.02294338 -0.035315535 -0.04053591
v 0.022517358 -0.035668967 -0.040505316
v 0.021324614 -0.036578718 -0.040422887
v 0.014465696 -0.04035724 -0.040007661
v 0.016618866 -0.03936772 -0.040130052
v 0.018434615 -0.038412543 -0.04023815
v 0.019990088 -0.03748166 -0.040335306
v 0.029263111 -0.026431784 -0.041137096
v 0.029854182 -0.024820542 -0.041224901
v 0.030419132 -0.022952037 -0.041322116
v 0.030952973 -0.020731637 -0.04143238
v 0.031453505 -0.017973125 -0.041563146
v 0.031887023 -0.014494345 -0.041720493
v 0.032202702 -0.01010278 -0.04191027
v 0.0056664857 -0.041545059 -0.033613764
v -0.0094240084 0.041954364 -0.041122662
v -0.007885477 0.040729792 -0.0013041162
v -0.0069100956 0.039559044 0.02388316
v 0.031634896 0.020073094 -0.052740704
v 0.031545554 0.020043064 -0.052825982
v 0.030671874 0.022218736 -0.052762156
v 0.024312521 0.031892714 -0.050624463
v 0.024322628 0.031895499 -0.050568525
v 0.025217589 0.031114281 -0.050689769
v 0.024261997 0.031869858 -0.050850357
v 0.02427617 0.031877377 -0.050793672
v 0.025171429 0.031097237 -0.050914797
v 0.024230518 0.031851075 -0.050963772
v 0.024246785 0.031861096 -0.050907073
v 0.025141869 0.031081762 -0.051028149
v 0.024289306 0.031883677 -0.050737088
v 0.024301418 0.031888785 -0.050680667
v 0.025196632 0.031108016 -0.050801846
v 0.024331759 0.031897167 -0.050512924
v 0.024339924 0.031897751 -0.050457698
v 0.025234437 0.031116248 -0.050579003
v 0.027697203 0.028535704 -0.050784891
v 0.028427731 0.027601878 -0.050872671
v 0.032993375 0.017994688 -0.051297764
v 0.033584159 0.015677878 -0.051318044
v 0.031758966 0.017658395 -0.053194423
v 0.032347573 0.015393611 -0.053204713
v 0.03223691 0.015368423 -0.053250725
v 0.028150846 0.026125015 -0.05276145
v 0.029354304 0.024166636 -0.052889194
v 0.029255349 0.02411586 -0.052950157
v 0.031972773 0.017718373 -0.053081156
v 0.032562718 0.015442629 -0.053091964
v 0.032456382 0.015418393 -0.053151752
v -0.0028231972 0.039597048 -0.048461066
v 0.014947835 0.034726331 -0.051346184
v 0.018970684 0.032675916 -0.051960019
v 0.021316926 0.032133275 -0.052159436
v 0.023123164 0.030768372 -0.052416248
v 0.023044947 0.030679629 -0.052445087
v 0.017559215 0.034772112 -0.051438152
v 0.019591305 0.033654896 -0.0517446
v 0.01952628 0.033559356 -0.051795535
v 0.021459973 0.032319834 -0.05207962
v 0.023280348 0.030943342 -0.052338092
v 0.023201751 0.030856424 -0.052380602
v 0.021672098 0.032585751 -0.051908976
v 0.02174075 0.032668776 -0.05183896
v 0.023587073 0.03127058 -0.05210016
v 0.02196615 0.03292873 -0.051547488
v 0.021995928 0.032961362 -0.05150061
v 0.023863041 0.031544632 -0.051763607
v 0.023894243 0.031573992 -0.051715752
v 0.0069913539 0.039725975 -0.048826542
v 0.0070249933 0.039782775 -0.048715581
v 0.011571797 0.038381402 -0.049455843
v 0.020237096 0.034481306 -0.050745015
v 0.020257578 0.034501659 -0.050689694
v 0.022250144 0.033215239 -0.050980286
v 0.022228624 0.033196039 -0.051035482
v 0.024133338 0.031781545 -0.051244512
v 0.020347611 0.034581573 -0.050407974
v 0.020363111 0.034593251 -0.050351094
v 0.022359633 0.033301238 -0.050642384
v 0.02331825 0.032600475 -0.050778316
v 0.022430504 0.033367539 -0.050067813
v -0.0072753106 0.041216723 -0.047449129
v -0.0072098627 0.041558336 -0.047251351
v -0.0068663368 0.042538336 -0.045766737
v -0.0068440665 0.042559646 -0.045647305
v -0.0070117549 0.04227048 -0.046475888
v -0.006986536 0.042332127 -0.046361246
v -0.0069615846 0.042386976 -0.046244445
v -0.0069369989 0.042434978 -0.04612605
v -0.0069128752 0.042476147 -0.046006608
v -0.0068892958 0.042510559 -0.045886665
v -0.0070371347 0.042202138 -0.046587805
v -0.0070625666 0.04212728 -0.046696443
v -0.0070879355 0.042046133 -0.046801264
v -0.0071131269 0.041958999 -0.046901748
v 0.033126664 -0.0030955732 -0.052933599
v 0.032944048 0.0012162387 -0.053084234
v 0.033045122 0.0012194994 -0.053094291
v 0.033148725 0.0012230275 -0.053099324
v 0.033298075 -0.0030948628 -0.052942317
v 0.033149925 0.001223036 -0.053099346
v 0.033374606 -0.0030943549 -0.052941448
v 0.03346919 -0.0030935652 -0.052936338
v 0.033177062 0.0059840014 -0.053225105
v 0.033288483 0.0059932704 -0.053206778
v 0.033638451 -0.0030916961 -0.052915882
v 0.033696879 -0.003090912 -0.052905381
v 0.033400353 0.0060027566 -0.053181916
v 0.033804671 -0.003089273 -0.05288126
v 0.033512119 0.0060124198 -0.053150378
v 0.03391465 -0.0030873338 -0.052850074
v 0.033966715 -0.0030863178 -0.052832901
v 0.033623205 0.0060222177 -0.053112072
v 0.034022819 -0.0030851496 -0.052812596
v 0.033733016 0.0060321059 -0.053066957
v 0.034123495 -0.0030828546 -0.052771287
v 0.034147359 0.0060715394 -0.05282035
v 0.034417186 -0.0030745192 -0.052610725
v 0.034048704 0.0060618034 -0.052891553
v 0.034337461 -0.0030770471 -0.052660774
v 0.033946371 0.0060519503 -0.052956553
v 0.034273979 -0.0030789115 -0.052697011
v 0.033840943 0.0060420344 -0.053015078
v 0.03423482 -0.00308 -0.052717864
v 0.034493588 0.0061081971 -0.05248247
v 0.034794391 -0.0030589898 -0.052287371
v 0.034415958 0.0060995359 -0.05257308
v 0.034712299 -0.0030629805 -0.052372524
v 0.034331469 0.006090456 -0.052660688
v 0.034678194 -0.003064522 -0.052405087
v 0.034241785 0.006081109 -0.052743261
v 0.034552205 -0.0030697107 -0.052513151
v 0.034533113 -0.0030704345 -0.052528011
v 0.035205843 0.0013594088 -0.051315447
v 0.035286053 -0.0030141002 -0.051273643
v 0.035190551 0.0013551761 -0.051420126
v 0.035253031 -0.0030208749 -0.051431643
v 0.035169372 0.0013506973 -0.051525819
v 0.03523647 -0.003023536 -0.051493293
v 0.035142081 0.0013459806 -0.051632053
v 0.035207171 -0.0030276014 -0.051587011
v 0.035108496 0.0013410373 -0.051738342
v 0.035148643 -0.0030342356 -0.051738664
v 0.035068485 0.0013358798 -0.051844159
v 0.035118057 -0.0030371963 -0.051805795
v 0.035021976 0.0013305275 -0.051948943
v 0.035077705 -0.0030407343 -0.051885547
v 0.034968953 0.0013249984 -0.052052112
v 0.034994712 -0.0030470548 -0.052026636
v 0.034909477 0.0013193162 -0.052153085
v 0.034942215 -0.0030505584 -0.052104009
v 0.034905561 0.0013189508 -0.052159289
v 0.034900098 -0.0030531539 -0.052160906
v 0.034871258 -0.0030548352 -0.052197554
v 0.035313056 -0.0030016405 -0.050979347
v 0.035308804 -0.0030058528 -0.051079363
v 0.035206389 0.0013595806 -0.051310818
v 0.035306154 -0.0030073189 -0.05111405
v 0.035299293 -0.0030101629 -0.051181153
v 0.034942853 0.0062477487 -0.0512778
v 0.035313334 -0.0030005742 -0.050953947
v 0.024354275 0.031895531 -0.050339732
v 0.02435345 0.031895774 -0.050348549
v 0.023392799 0.032663504 -0.050200382
v 0.023425967 0.032637475 -0.050219428
v 0.022468241 0.033340558 -0.050083069
v 0.020472982 0.034637069 -0.049790668
v 0.020502462 0.034621092 -0.049739906
v 0.018389498 0.035797698 -0.04947542
v 0.02341185 0.032639288 -0.050328657
v 0.023403453 0.032638571 -0.050383932
v 0.022453573 0.033342177 -0.050192397
v 0.022444967 0.033341318 -0.050247711
v 0.020448401 0.034637087 -0.049955654
v 0.020438655 0.034634709 -0.050011453
v 0.018353955 0.035794232 -0.049696794
v 0.023394139 0.032636732 -0.050439572
v 0.023383897 0.032633736 -0.050495539
v 0.022435488 0.033339297 -0.050303396
v 0.022425127 0.03333609 -0.050359403
v 0.020428109 0.034631078 -0.050067571
v 0.020416759 0.034626178 -0.05012396
v 0.018331916 0.035784879 -0.049809596
v 0.014112924 0.037730095 -0.048882869
v 0.01623957 0.036834839 -0.049141399
v 0.011731435 0.038618768 -0.048475556
v 0.0095274224 0.03933937 -0.0481627
v 0.02334744 0.032617537 -0.05066485
v 0.023333338 0.032609648 -0.05072156
v 0.022388605 0.033319047 -0.050528843
v 0.022374586 0.033310802 -0.050585595
v 0.02037777 0.034603534 -0.050294195
v 0.023372709 0.032629555 -0.050551782
v 0.02336056 0.032624162 -0.050608236
v 0.022413867 0.033331661 -0.050415687
v 0.022401696 0.033325991 -0.050472181
v 0.02040459 0.03461997 -0.050180568
v 0.020391596 0.03461243 -0.050237329
v 0.018306945 0.035770121 -0.049923259
v 0.020314097 0.034553949 -0.050521399
v 0.020331272 0.034568478 -0.05046477
v 0.022326902 0.033278082 -0.050755835
v 0.022343738 0.03329034 -0.050699161
v 0.023285085 0.032578207 -0.050891684
v 0.023302167 0.032590003 -0.050835052
v 0.024213196 0.031839774 -0.051020381
v 0.024194818 0.031827179 -0.051076829
v 0.024175377 0.031813285 -0.051133049
v 0.023267006 0.03256508 -0.050948167
v 0.023247926 0.032550608 -0.051004414
v 0.022309119 0.033264455 -0.050812355
v 0.022290398 0.033249444 -0.050868655
v 0.020296084 0.034537976 -0.050577816
v 0.018279003 0.035749737 -0.050037323
v 0.011698519 0.038536475 -0.049000124
v 0.0094335315 0.039279595 -0.048631739
v 0.0094595328 0.039303363 -0.048515791
v 0.0094055971 0.03924957 -0.048747638
v 0.011669942 0.038507225 -0.049115462
v 0.013903162 0.037678837 -0.049473347
v 0.0071937077 0.03998722 -0.048022589
v 0.0071698595 0.039968999 -0.048138663
v 0.0071442462 0.039944625 -0.048255182
v 0.007116895 0.039913913 -0.048371661
v 0.016098825 0.036755825 -0.049819512
v 0.018248076 0.035723564 -0.050151297
v 0.018214174 0.035691474 -0.050264661
v 0.0072546152 0.040007268 -0.047681253
v 0.0026263373 0.0411353 -0.046904532
v -0.0020553937 0.041997765 -0.046108269
v -0.0067819076 0.042587065 -0.045296362
v 0.016128883 0.036783182 -0.049705148
v 0.016156276 0.036804599 -0.049590706
v 0.013959341 0.037729515 -0.049243627
v 0.013983838 0.037745928 -0.049129146
v 0.011749207 0.038576656 -0.048769742
v 0.011771308 0.03858797 -0.048655643
v 0.0095056593 0.03933288 -0.048285655
v 0.0095257895 0.039339089 -0.048172341
v 0.0072360601 0.040006096 -0.047793554
v 0.0026073002 0.041133508 -0.047017794
v -0.0020748917 0.041995292 -0.046222618
v -0.0068018079 0.042583743 -0.04541172
v 0.013932446 0.037707207 -0.049358521
v 0.011724944 0.038559564 -0.048884718
v 0.0094835785 0.039321053 -0.048400278
v 0.0072157732 0.039999506 -0.047907416
v 0.0025867926 0.04112617 -0.047132776
v -0.0020955603 0.041987178 -0.046338706
v -0.0068225409 0.042574697 -0.045528824
v 0.0070878554 0.039876747 -0.048487583
v 0.0093757732 0.039213164 -0.048862967
v 0.011639256 0.038471671 -0.049230222
v 0.013871517 0.037644271 -0.049587579
v 0.016066124 0.036722389 -0.049933271
v 0.020215814 0.034459495 -0.050799835
v 0.01813764 0.035609233 -0.050487361
v 0.02009788 0.034328777 -0.051063836
v 0.020122942 0.034357763 -0.051012619
v 0.022107633 0.033079148 -0.051302335
v 0.022133562 0.033105278 -0.051250419
v 0.024010199 0.031679127 -0.051514144
v 0.024036834 0.031702229 -0.051461541
v 0.02492746 0.030929721 -0.051582316
v 0.024110748 0.031763699 -0.051299615
v 0.024087127 0.031744528 -0.051354206
v 0.022206193 0.033175437 -0.051090159
v 0.02218286 0.033153439 -0.051144261
v 0.020193739 0.034436229 -0.050854076
v 0.020170892 0.034411506 -0.050907668
v 0.018095174 0.035559077 -0.050595563
v 0.0070571944 0.039833044 -0.048602407
v 0.0093441198 0.039170291 -0.048977188
v 0.011606513 0.038429742 -0.049343869
v 0.013837564 0.037603422 -0.049700686
v 0.016030825 0.036682798 -0.050045891
v 0.018177341 0.03565337 -0.050376868
v 0.015993002 0.036637021 -0.050156813
v 0.013801381 0.037556271 -0.049812106
v 0.024871584 0.030884147 -0.051686615
v 0.02395405 0.031629063 -0.051616852
v 0.023982594 0.031654732 -0.051565932
v 0.022080876 0.033051667 -0.051353383
v 0.020018644 0.034233617 -0.051211635
v 0.020072126 0.034298404 -0.051114124
v 0.022024997 0.032992746 -0.051452583
v 0.022053324 0.033022854 -0.051403486
v 0.023924592 0.03160214 -0.051666811
v 0.021872874 0.032823745 -0.051680707
v 0.021904588 0.032859885 -0.051637597
v 0.023764644 0.03144965 -0.051900025
v 0.023798204 0.031482429 -0.051855804
v 0.02468083 0.030718664 -0.051976088
v 0.019962718 0.034163647 -0.051304645
v 0.015669089 0.036152879 -0.050839228
v 0.015720411 0.03623797 -0.050755432
v 0.017846821 0.035222933 -0.051082886
v 0.01577041 0.036318271 -0.050666285
v 0.017900639 0.035300795 -0.050994334
v 0.015818849 0.03639342 -0.050572224
v 0.017952604 0.03537362 -0.050900822
v 0.015865516 0.036463102 -0.050473718
v 0.018002485 0.0354411 -0.050802846
v 0.015910208 0.03652706 -0.050371285
v 0.018050071 0.035502989 -0.050700912
v 0.015952756 0.036585077 -0.050265461
v 0.013763065 0.037502839 -0.049921282
v 0.011535204 0.038326692 -0.049565581
v 0.0069563938 0.039662745 -0.048934728
v 0.0025648193 0.041113022 -0.047249096
v 0.0025413954 0.041093806 -0.047366336
v 0.0025165494 0.041068305 -0.047484045
v 0.0024903239 0.041036348 -0.047601728
v 0.0024627769 0.040997798 -0.047718871
v 0.0024339793 0.040952589 -0.047834932
v 0.0024040188 0.040900697 -0.047949365
v 0.0023729985 0.040842149 -0.048061599
v 0.0023410288 0.040777061 -0.04817107
v 0.0023082379 0.040705588 -0.048277228
v -0.0021173796 0.04197314 -0.046456149
v -0.0021403193 0.04195293 -0.046574534
v -0.002164335 0.041926329 -0.0466934
v -0.0021893757 0.041893166 -0.046812259
v -0.0022153706 0.041853318 -0.0469306
v -0.0022422449 0.041806709 -0.047047878
v -0.0022699061 0.041753315 -0.04716354
v -0.0022982545 0.041693185 -0.047277019
v -0.0023271793 0.041626416 -0.047387755
v -0.002356561 0.041553182 -0.047495187
v -0.0023862747 0.041473706 -0.047598778
v 0.013722742 0.037443214 -0.050027636
v 0.013680556 0.037377551 -0.050130629
v 0.011496857 0.038265691 -0.04967252
v 0.011456897 0.038198563 -0.049776106
v 0.0069202477 0.039593239 -0.04903958
v 0.0068830602 0.039517678 -0.049140563
v 0.002274765 0.040627949 -0.048379528
v 0.0022407508 0.040544436 -0.048477456
v -0.0024161892 0.041388282 -0.04769801
v -0.0024461666 0.041297259 -0.047792405
v -0.0071380272 0.04186622 -0.046997417
v -0.0071625225 0.041768211 -0.047087828
v 0.019655964 0.033748154 -0.05168694
v 0.017676846 0.034962957 -0.051314788
v 0.019719939 0.033838646 -0.051622689
v 0.017734652 0.03505359 -0.05124347
v 0.019782913 0.033925888 -0.051552035
v 0.019844568 0.034009412 -0.051475252
v 0.019904602 0.034088793 -0.05139266
v 0.017791402 0.0351404 -0.051166064
v 0.015616685 0.036063427 -0.050917283
v 0.02335857 0.031028671 -0.052288706
v 0.021531356 0.032410809 -0.052029459
v 0.023436028 0.031111955 -0.052232491
v 0.021602183 0.032499607 -0.051972542
v 0.023512327 0.031192734 -0.052169575
v 0.021388386 0.032227164 -0.052122936
v 0.019461197 0.033462042 -0.051839676
v 0.011193237 0.03768284 -0.050299388
v 0.015563456 0.035970051 -0.050989285
v 0.017618272 0.034868966 -0.051379753
v 0.015509659 0.035873235 -0.051054961
v 0.011147204 0.037581769 -0.050366473
v 0.022600656 0.030155136 -0.05248612
v 0.022670434 0.03023984 -0.052493678
v 0.019027012 0.032771022 -0.051965687
v 0.022742211 0.030326045 -0.05249589
v 0.019085122 0.032867763 -0.05196598
v 0.022815798 0.030413469 -0.052492422
v 0.019144865 0.03296581 -0.051960598
v 0.02289096 0.030501779 -0.052482965
v 0.019206073 0.033064813 -0.051949246
v 0.022967438 0.030590629 -0.052467266
v 0.019268542 0.033164371 -0.051931672
v 0.019332054 0.033264068 -0.051907662
v 0.019396361 0.033363449 -0.051877031
v 0.011101145 0.037477667 -0.050427051
v 0.015455555 0.035773493 -0.051114104
v 0.011055269 0.037371067 -0.050480988
v 0.015401396 0.035671334 -0.051166588
v 0.011009777 0.037262516 -0.050528208
v 0.015347433 0.035567293 -0.051212333
v 0.010964862 0.037152551 -0.050568686
v 0.015293902 0.035461884 -0.051251329
v 0.010920703 0.037041702 -0.050602473
v 0.015241027 0.035355634 -0.051283632
v 0.010877462 0.036930484 -0.05062966
v 0.015189015 0.035249032 -0.051309348
v 0.010835288 0.036819387 -0.050650407
v 0.015138058 0.035142556 -0.051328641
v 0.010794311 0.036708868 -0.050664909
v 0.015088321 0.035036645 -0.051341713
v 0.010754641 0.036599361 -0.050673409
v 0.015039958 0.03493173 -0.051348798
v 0.010716376 0.036491258 -0.050676168
v 0.014993093 0.034828178 -0.051350188
v 0.01067959 0.036384914 -0.050673478
v 0.013636676 0.037306046 -0.050229709
v 0.013591286 0.037228978 -0.05032437
v 0.011415484 0.038125511 -0.049875799
v 0.011372794 0.038046811 -0.049971091
v 0.0068449937 0.039436341 -0.049237162
v 0.0068062183 0.039349561 -0.049328909
v 0.0022063522 0.040455396 -0.048570534
v 0.002171725 0.040361217 -0.048658324
v -0.002476074 0.041201039 -0.047881519
v -0.0025057728 0.041100065 -0.047964959
v -0.0071865022 0.04166542 -0.047172585
v -0.0072543522 0.041333434 -0.04738981
v -0.0072325098 0.041447492 -0.047323831
v -0.0025640237 0.040885869 -0.048113524
v -0.0025351329 0.040994835 -0.048042388
v 0.0021024195 0.040159268 -0.048816531
v 0.0021370287 0.040262349 -0.048740436
v 0.0067272541 0.039161289 -0.049496116
v 0.0067669091 0.039257733 -0.049415353
v 0.011284361 0.03787383 -0.050146606
v 0.011329019 0.037962793 -0.050061503
v 0.013544591 0.037146665 -0.05041414
v -0.002592324 0.040773706 -0.048178149
v 0.0020680568 0.040052494 -0.048886335
v 0.0066874332 0.039060705 -0.049570865
v 0.011239028 0.037780361 -0.050226008
v 0.0062558613 0.037722832 -0.049960488
v 0.0017424169 0.038789057 -0.049220657
v 0.0062858007 0.037832494 -0.049962063
v 0.0017663802 0.038901405 -0.049221245
v 0.0063171234 0.03794395 -0.049958151
v 0.0017916473 0.039015575 -0.049216287
v 0.0063497793 0.038056838 -0.049948446
v 0.0018181859 0.039131189 -0.049205492
v 0.0063836977 0.038170754 -0.049932698
v 0.0018459514 0.039247848 -0.049188603
v 0.0064187994 0.038285253 -0.049910661
v 0.0018748857 0.039365098 -0.049165389
v 0.0064549813 0.038399874 -0.049882161
v 0.0019049155 0.039482466 -0.049135661
v 0.0064921328 0.038514102 -0.049847034
v 0.0019359579 0.039599438 -0.049099283
v 0.0065301204 0.038627428 -0.049805199
v 0.0019679118 0.039715476 -0.049056169
v 0.0065688058 0.038739301 -0.049756611
v 0.002000663 0.039830041 -0.049006271
v 0.006608031 0.038849172 -0.04970129
v 0.0020340905 0.039942567 -0.048949636
v 0.0066476325 0.03895649 -0.049639331
v -0.0074161346 0.040137341 -0.047685651
v -0.0028052414 0.039711684 -0.048460647
v -0.0074049972 0.040253902 -0.047684078
v -0.0027860628 0.039828157 -0.048454632
v -0.0073927295 0.040372325 -0.04767686
v -0.0027656715 0.039946103 -0.048442732
v -0.0073793174 0.040492218 -0.047663724
v -0.0027440894 0.040065095 -0.048424687
v -0.0073647571 0.040613165 -0.047644406
v -0.0027213512 0.040184687 -0.048400282
v -0.0073490565 0.040734718 -0.047618696
v -0.0026975016 0.040304391 -0.048369328
v -0.0073322295 0.040856379 -0.047586417
v -0.0026725972 0.040423689 -0.048331693
v -0.0073143025 0.040977632 -0.047547439
v -0.0026467109 0.040542052 -0.048287293
v -0.0072953141 0.041097932 -0.047501683
v -0.0026199209 0.040658908 -0.048236104
v 0.033314931 0.010773122 -0.053113733
v 0.033421295 0.010788952 -0.053054545
v 0.033524555 0.010804463 -0.05298879
v 0.02958898 0.0242851 -0.052708093
v 0.029633221 0.024307075 -0.052667258
v 0.030174104 0.023275149 -0.052718797
v 0.030626331 0.022200059 -0.05280284
v 0.032174514 0.017774701 -0.052941264
v 0.031451664 0.020011301 -0.052905548
v 0.031353731 0.019977976 -0.052979022
v 0.032075443 0.017747075 -0.053014412
v 0.030483736 0.022141073 -0.052915827
v 0.029450618 0.024215613 -0.052821536
v 0.029497615 0.024239337 -0.052785274
v 0.029047951 0.025312026 -0.05260723
v 0.02837553 0.026262313 -0.052579516
v 0.028417982 0.026287756 -0.052538533
v 0.027743034 0.027232073 -0.052461013
v 0.026982697 0.028113906 -0.052415648
v 0.027022914 0.028142779 -0.05237451
v 0.02824297 0.026181804 -0.052693435
v 0.028287966 0.026209302 -0.052657012
v 0.02625909 0.029017437 -0.052279122
v 0.025416465 0.029822898 -0.052216494
v 0.025454119 0.029854962 -0.052175183
v 0.024610427 0.030654632 -0.052063014
v 0.023695442 0.031380925 -0.051984418
v 0.023730377 0.0314158 -0.051942918
v 0.030579751 0.022180873 -0.052842044
v 0.029543759 0.024262511 -0.052747448
v 0.028332175 0.026236152 -0.052619022
v 0.026941659 0.028084214 -0.052455321
v 0.02537809 0.029789929 -0.052256353
v 0.023659882 0.031345063 -0.052024493
v 0.025259134 0.029685991 -0.052366782
v 0.025299376 0.029721426 -0.052331543
v 0.026857343 0.028022521 -0.052530092
v 0.026899857 0.028053737 -0.05249348
v 0.025339046 0.029756091 -0.05229471
v 0.023623745 0.031308268 -0.052063088
v 0.021807789 0.03274825 -0.051762761
v 0.031867082 0.017688758 -0.05314122
v 0.031147914 0.019907394 -0.053106416
v 0.031252292 0.019943276 -0.053046064
v 0.030384349 0.022099561 -0.052983167
v 0.030602495 0.019717497 -0.053303687
v 0.029856625 0.021874748 -0.053216643
v 0.030712777 0.019756184 -0.053278184
v 0.029964373 0.021921177 -0.053183974
v 0.030823026 0.019794723 -0.053245762
v 0.030071585 0.021967124 -0.053144283
v 0.030932686 0.019832907 -0.053206334
v 0.030177704 0.022012338 -0.053097548
v 0.031041181 0.019870534 -0.053159876
v 0.030282151 0.022056566 -0.053043802
v 0.029154292 0.024063569 -0.053004229
v 0.029051692 0.024010063 -0.053051308
v 0.028948097 0.023955635 -0.053091342
v 0.02884404 0.023900581 -0.053124362
v 0.033588369 -0.0030923107 -0.052923459
v 0.033066597 0.0059749842 -0.053237124
v 0.03295371 0.0059659513 -0.053243186
v 0.032850374 0.0059578164 -0.053243261
v 0.032745422 0.0059497124 -0.053238008
v 0.032643035 0.0059419523 -0.053227656
v 0.032107011 0.010601298 -0.053327498
v 0.032210228 0.010615479 -0.05333816
v 0.032316033 0.01063011 -0.053343642
v 0.032424094 0.01064515 -0.053343615
v 0.032534028 0.010660553 -0.053337742
v 0.032645403 0.010676263 -0.053325715
v 0.032757752 0.010692219 -0.053307288
v 0.032870559 0.010708353 -0.053282248
v 0.032983268 0.010724592 -0.05325044
v 0.033095302 0.010740855 -0.053211761
v 0.033206062 0.01075706 -0.053166177
v 0.032124996 0.015342965 -0.053289754
v 0.032012429 0.015317375 -0.05332183
v 0.03189979 0.015291781 -0.053347056
v 0.030492716 0.019678851 -0.053322456
v 0.031787624 0.015266308 -0.053365584
v 0.030383936 0.019640424 -0.053334686
v 0.028740039 0.02384519 -0.053150471
v 0.028636593 0.023789735 -0.053169807
v 0.028534151 0.023734484 -0.05318259
v 0.028433142 0.023679675 -0.053189074
v 0.031250279 0.015144459 -0.053366843
v 0.029967225 0.019492058 -0.05332403
v 0.031353279 0.015167791 -0.05337773
v 0.030067905 0.019528075 -0.053334964
v 0.031458867 0.015191722 -0.053383392
v 0.03017114 0.019564892 -0.053340625
v 0.031566714 0.015216178 -0.05338348
v 0.031676441 0.015241073 -0.053377642
v 0.030276603 0.019602386 -0.053340638
v 0.029327752 0.021643433 -0.053280135
v 0.029227021 0.021598754 -0.053274632
v 0.029128798 0.021554996 -0.053263834
v 0.028333938 0.023625534 -0.053189551
v 0.028236885 0.023572261 -0.053184366
v 0.028142272 0.023520037 -0.053173859
v 0.028056302 0.026066094 -0.052822788
v 0.027959854 0.026005379 -0.052877268
v 0.027862023 0.025943208 -0.052924776
v 0.02776332 0.025879925 -0.052965265
v 0.027664262 0.025815871 -0.052998756
v 0.02756532 0.025751381 -0.053025341
v 0.027466966 0.025686774 -0.053045186
v 0.027369621 0.025622352 -0.053058468
v 0.027273687 0.025558403 -0.05306547
v 0.027179512 0.025495185 -0.053066456
v 0.027087419 0.02543294 -0.053061768
v 0.026997677 0.025371872 -0.053051741
v 0.028197242 0.026153695 -0.052728259
v 0.026770412 0.027958035 -0.0525985
v 0.026681327 0.027891112 -0.052660292
v 0.026590569 0.027822124 -0.052715271
v 0.026498618 0.027751452 -0.052763311
v 0.026405954 0.027679489 -0.052804372
v 0.026313042 0.027606617 -0.052838472
v 0.02622033 0.02753321 -0.052865692
v 0.026128239 0.027459635 -0.052886182
v 0.026037166 0.027386234 -0.052900146
v 0.025947474 0.02731333 -0.052907825
v 0.025859488 0.027241222 -0.052909504
v 0.025773497 0.027170174 -0.052905504
v 0.02568975 0.027100432 -0.052896158
v 0.03405919 0.013329794 -0.051318357
v 0.034941035 0.0062124303 -0.051350343
v 0.034935497 0.0061720492 -0.051435077
v 0.034919905 0.0061678664 -0.051541356
v 0.034898347 0.0061631855 -0.051648654
v 0.034870607 0.0061580022 -0.051756487
v 0.034836488 0.0061523181 -0.051864366
v 0.034795863 0.0061461362 -0.051971753
v 0.034748657 0.0061394662 -0.052078073
v 0.034694861 0.0061323248 -0.052182742
v 0.034634531 0.0061247308 -0.052285174
v 0.034567807 0.0061167365 -0.052384736
v 0.032665985 0.015466181 -0.053025532
v 0.033242988 0.013166923 -0.05294345
v 0.033624118 0.010819569 -0.052916733
v 0.03333848 0.013184823 -0.052864989
v 0.033719437 0.010834187 -0.052838711
v 0.033429223 0.01320193 -0.052780924
v 0.033809988 0.01084824 -0.052755118
v 0.033514752 0.013218159 -0.052691697
v 0.033895315 0.010861653 -0.052666396
v 0.033594657 0.01323343 -0.05259782
v 0.033975016 0.010874363 -0.052573064
v 0.033668604 0.013247675 -0.052499835
v 0.03404874 0.010886312 -0.052475658
v 0.033736309 0.013260841 -0.052398326
v 0.034116218 0.010897452 -0.052374763
v 0.03379758 0.013272884 -0.052293901
v 0.034177249 0.010907747 -0.052270962
v 0.033852281 0.013283778 -0.052187153
v 0.034231709 0.010917164 -0.052164873
v 0.033900353 0.013293503 -0.052078693
v 0.034279532 0.010925687 -0.052057098
v 0.033941802 0.013302053 -0.051969127
v 0.034320731 0.010933309 -0.051948229
v 0.033976701 0.013309439 -0.051859025
v 0.034355376 0.010940026 -0.051838834
v 0.034005184 0.013315674 -0.051748938
v 0.034383601 0.010945851 -0.051729463
v 0.034027429 0.013320788 -0.051639367
v 0.034405593 0.010950797 -0.051620634
v 0.034043663 0.013324815 -0.051530802
v 0.034421573 0.010954891 -0.051512798
v 0.034054154 0.0133278 -0.051423672
v 0.034431814 0.010958159 -0.051406412
v 0.03443661 0.01096064 -0.051301833
v 0.032292453 0.020187317 -0.051332369
v 0.032987565 0.017993888 -0.051404452
v 0.0308875 0.023556203 -0.051138009
v 0.031389258 0.022479869 -0.051184057
v 0.031848722 0.021382881 -0.051222661
v 0.029749599 0.0256361 -0.051022079
v 0.030341398 0.024609172 -0.051084124
v 0.029111801 0.026634498 -0.050951666
v 0.025247331 0.031114152 -0.050469934
v 0.02434715 0.031897275 -0.050402886
v 0.023419349 0.032638913 -0.05027381
v 0.022461327 0.033341913 -0.050137499
v 0.020465554 0.03463823 -0.049845215
v 0.020457364 0.034638247 -0.049900227
v 0.018373123 0.035798419 -0.049585277
v 0.026921829 0.029433168 -0.050688342
v 0.02610433 0.030292968 -0.050583277
v 0.0162226 0.036835108 -0.04925162
v 0.014025711 0.037761967 -0.048903226
v 0.011791266 0.038593754 -0.048542848
v 0.031841925 0.021383138 -0.051330233
v 0.031829856 0.021381355 -0.0514396
v 0.031382031 0.022480483 -0.051291879
v 0.031369603 0.02247886 -0.051401493
v 0.030879785 0.023557158 -0.051246063
v 0.030866953 0.023555678 -0.051355901
v 0.030333144 0.024610449 -0.051192381
v 0.030319867 0.024609079 -0.051302412
v 0.029740751 0.025637668 -0.051130511
v 0.029726998 0.025636372 -0.051240718
v 0.029102316 0.026636303 -0.051060256
v 0.029088054 0.026635031 -0.051170591
v 0.028417576 0.02760387 -0.050981384
v 0.028402792 0.027602568 -0.051091838
v 0.027686358 0.028537821 -0.05089371
v 0.027671039 0.028536429 -0.051004267
v 0.026910287 0.029435339 -0.050797265
v 0.026894437 0.02943381 -0.050907894
v 0.026092099 0.030295135 -0.05069228
v 0.026075737 0.030293409 -0.050802979
v 0.016203101 0.036830333 -0.049363505
v 0.016181007 0.036820242 -0.049476672
v 0.014005951 0.037756663 -0.04901554
v 0.031812248 0.021377412 -0.05155038
v 0.031788851 0.021371201 -0.051662111
v 0.031351706 0.022474872 -0.051512506
v 0.0313281 0.022468398 -0.051624474
v 0.030848742 0.023551614 -0.051467122
v 0.030824921 0.023544838 -0.051579292
v 0.030301322 0.024604906 -0.051413819
v 0.030277284 0.024597783 -0.051526162
v 0.029708097 0.025632043 -0.051352281
v 0.029683839 0.025624526 -0.05146477
v 0.029068791 0.026630501 -0.05128229
v 0.029044319 0.026622539 -0.051394896
v 0.028383158 0.027597779 -0.051203641
v 0.02835849 0.027589325 -0.051316353
v 0.027651046 0.028531337 -0.051116154
v 0.027626197 0.028522346 -0.051228935
v 0.026874093 0.02942837 -0.051019849
v 0.026849091 0.029418813 -0.051132693
v 0.026055068 0.030287573 -0.050914995
v 0.026029948 0.03027742 -0.051027889
v 0.031759462 0.021362625 -0.05177433
v 0.031723914 0.021351609 -0.0518865
v 0.031298589 0.022459334 -0.051736912
v 0.031263015 0.022447587 -0.051849299
v 0.030795301 0.023535232 -0.05169192
v 0.030759728 0.023522699 -0.0518045
v 0.030247568 0.024587584 -0.051638962
v 0.03021203 0.024574203 -0.051751703
v 0.029654051 0.025613681 -0.051577707
v 0.02961859 0.025599398 -0.051690571
v 0.029014477 0.026611 -0.051507953
v 0.028979142 0.026595761 -0.051620921
v 0.028328627 0.027577048 -0.051429488
v 0.028293458 0.027560813 -0.051542544
v 0.027596354 0.028509295 -0.051342146
v 0.027561404 0.028492043 -0.051455258
v 0.026819298 0.029404961 -0.051245961
v 0.026784621 0.02938668 -0.051359125
v 0.026000248 0.030262755 -0.051141203
v 0.025965891 0.030243445 -0.051254414
v 0.025107878 0.031061427 -0.051141407
v 0.025069417 0.031036114 -0.051254014
v 0.025926824 0.030219355 -0.05136698
v 0.026745001 0.029363848 -0.051471646
v 0.027521286 0.028470477 -0.051567739
v 0.028252907 0.027540522 -0.051654956
v 0.028938221 0.026576727 -0.051733258
v 0.02957737 0.025581581 -0.051802807
v 0.030170575 0.024557559 -0.051863815
v 0.030718098 0.023507165 -0.051916461
v 0.031221271 0.022433096 -0.051961087
v 0.031682098 0.021338091 -0.051998079
v 0.033578794 0.015676446 -0.051424068
v 0.032976354 0.017991567 -0.051512959
v 0.033567995 0.015673777 -0.051531912
v 0.032959456 0.017987638 -0.051622873
v 0.033551462 0.015669803 -0.051641178
v 0.032936613 0.017982025 -0.051733779
v 0.033528938 0.015664471 -0.051751431
v 0.03290761 0.01797466 -0.051845184
v 0.033500197 0.015657727 -0.05186221
v 0.032872267 0.017965492 -0.051956579
v 0.03346506 0.015649533 -0.051972989
v 0.032830464 0.017954479 -0.052067403
v 0.033423402 0.015639861 -0.05208321
v 0.032782138 0.017941597 -0.052177077
v 0.033375151 0.015628694 -0.052192309
v 0.032727279 0.017926841 -0.052284995
v 0.0333203 0.015616039 -0.052299666
v 0.032665953 0.017910225 -0.052390562
v 0.033258913 0.015601901 -0.052404693
v 0.032598298 0.017891783 -0.052493144
v 0.033191121 0.015586322 -0.052506764
v 0.032524509 0.017871567 -0.05259215
v 0.033117127 0.015569341 -0.052605281
v 0.032444869 0.017849648 -0.052686991
v 0.033037204 0.015551024 -0.05269966
v 0.03235971 0.01782612 -0.052777123
v 0.032951698 0.015531453 -0.052789359
v 0.032269437 0.017801095 -0.05286203
v 0.032861007 0.015510713 -0.052873866
v 0.032765599 0.015488919 -0.052952726
v 0.031719242 0.020101239 -0.05265019
v 0.031798194 0.020127371 -0.052554941
v 0.031871412 0.02015138 -0.052455513
v 0.031938622 0.020173181 -0.052352482
v 0.031999629 0.020192714 -0.052246446
v 0.032054291 0.020209946 -0.052138044
v 0.032102548 0.020224862 -0.052027858
v 0.032144393 0.020237476 -0.051916503
v 0.032179887 0.020247819 -0.051804565
v 0.032209154 0.020255947 -0.051692598
v 0.032232352 0.02026193 -0.051581125
v 0.032249701 0.020265852 -0.05147061
v 0.032261448 0.02026781 -0.051361515
v 0.031633955 0.021322033 -0.052108486
v 0.031173299 0.022415812 -0.052071686
v 0.030670366 0.023488578 -0.052027234
v 0.030123159 0.024537593 -0.05197473
v 0.029530355 0.025560174 -0.051913843
v 0.028891692 0.026553826 -0.051844387
v 0.028206949 0.027516103 -0.051766165
v 0.027475983 0.028444528 -0.051678999
v 0.026700427 0.029336385 -0.051582966
v 0.025883047 0.030190415 -0.051478343
v 0.025026488 0.031005742 -0.051365425
v 0.024154885 0.031798075 -0.051188964
v 0.024979142 0.030970277 -0.05147506
v 0.025834599 0.030156589 -0.051587911
v 0.026650934 0.029304265 -0.051692487
v 0.027425521 0.028414163 -0.051788473
v 0.028155607 0.027487522 -0.051875574
v 0.028839571 0.026527034 -0.051953718
v 0.02947756 0.025535147 -0.052023082
v 0.030069793 0.024514283 -0.052083851
v 0.030616537 0.023466919 -0.052136218
v 0.031119106 0.022395721 -0.052180494
v 0.03157949 0.021303417 -0.0522171
v 0.031518767 0.021282256 -0.052323339
v 0.031058767 0.022372827 -0.052286915
v 0.030556685 0.023442197 -0.052242793
v 0.030010553 0.02448764 -0.052190566
v 0.029419062 0.02550651 -0.052129907
v 0.028781942 0.026496358 -0.052060636
v 0.028098967 0.027454789 -0.051982575
v 0.027369989 0.028379385 -0.051895539
v 0.026596612 0.02926749 -0.051799615
v 0.025781567 0.030117879 -0.051695108
v 0.024062481 0.031724034 -0.05140821
v 0.022158646 0.033130052 -0.051197704
v 0.020147285 0.034385347 -0.050960536
v 0.022270737 0.033233044 -0.050924652
v 0.020277245 0.034520548 -0.050633937
v 0.030992413 0.022347173 -0.052390309
v 0.030920245 0.022318823 -0.052490109
v 0.030490949 0.023414449 -0.05234635
v 0.030419526 0.02338375 -0.05244629
v 0.029945577 0.024457702 -0.052294254
v 0.029875065 0.024424546 -0.052394339
v 0.029355 0.025474306 -0.052233724
v 0.029285567 0.025438618 -0.052333921
v 0.02871894 0.026461844 -0.052164546
v 0.028650758 0.026423581 -0.052264853
v 0.028037164 0.027417953 -0.052086569
v 0.027970395 0.027377108 -0.052186968
v 0.027309519 0.028340252 -0.051999613
v 0.027244311 0.028296861 -0.0521001
v 0.026537594 0.02922612 -0.051903765
v 0.02647407 0.029180254 -0.052004336
v 0.02572409 0.030074358 -0.051799325
v 0.025662351 0.030026119 -0.05189999
v 0.024811699 0.030833657 -0.05178738
v 0.024748023 0.030778425 -0.051884045
v 0.025596583 0.02997333 -0.051996534
v 0.026406279 0.029130047 -0.05210077
v 0.0271746 0.028249351 -0.052196431
v 0.027898905 0.027332386 -0.052283191
v 0.028577658 0.026381693 -0.052360971
v 0.029211031 0.025399566 -0.052429925
v 0.029799277 0.024388288 -0.052490226
v 0.030342681 0.023350204 -0.052542041
v 0.030842537 0.02228788 -0.052585702
v 0.02193569 0.032894896 -0.051593178
v 0.023831017 0.031514102 -0.051810313
v 0.025527065 0.029916195 -0.052088436
v 0.026334511 0.029075698 -0.05219253
v 0.027100688 0.028197915 -0.052288068
v 0.027823002 0.027283969 -0.052374714
v 0.028499946 0.02633635 -0.05245237
v 0.029131703 0.025357304 -0.052521198
v 0.029718535 0.024349071 -0.052581363
v 0.030260747 0.023313948 -0.05263304
v 0.030759617 0.022254464 -0.052676556
v 0.031300761 0.021204002 -0.052621619
v 0.03137917 0.021232471 -0.052526188
v 0.031451928 0.021258587 -0.052426563
v 0.026814174 0.027990606 -0.052565117
v 0.025218375 0.029649829 -0.052400422
v 0.025135522 0.029575512 -0.052462734
v 0.025051251 0.029498895 -0.052518294
v 0.024965999 0.029420398 -0.052566972
v 0.024880202 0.029340446 -0.052608712
v 0.024794285 0.02925946 -0.05264354
v 0.02470865 0.029177857 -0.052671526
v 0.024623683 0.029096036 -0.052692824
v 0.024539738 0.029014377 -0.052707603
v 0.024457142 0.028933237 -0.052716123
v 0.024376188 0.028852943 -0.052718643
v 0.024297136 0.028773797 -0.052715496
v 0.024220212 0.028696064 -0.052706994
v -0.0067798571 0.039311522 0.027233236
v -0.0064766798 0.038542695 0.035004184
v -0.0062511285 0.037698072 0.040746442
v -0.0061001914 0.036927702 0.044559726
v -0.0059790555 0.036141487 0.047596075
v -0.0058798332 0.035351786 0.050062252
v -0.0057962212 0.034559138 0.052122258
v -0.0057235348 0.033755223 0.053896614
v -0.005658928 0.032934358 0.055458552
v -0.0056006487 0.032093572 0.056853121
v -0.0055437265 0.031165643 0.058199946
v -0.0054889397 0.030157672 0.059479793
v -0.0054381674 0.029107408 0.060649239
v -0.0053911155 0.028018925 0.061716511
v -0.0053468712 0.026879697 0.062703521
v -0.0053041403 0.02565747 0.063639292
v -0.0052627207 0.024340652 0.064527462
v -0.0052222643 0.022909216 0.065374162
v -0.0051824007 0.021335086 0.066185034
v -0.0051434742 0.019612373 0.066950274
v -0.005105161 0.017701478 0.067672617
v -0.0050671035 0.01554428 0.068353049
v -0.0050296006 0.013098818 0.068977803
v -0.0049927584 0.01028951 0.069533272
v -0.0049572864 0.0070554757 0.069992304
v -0.0049239517 0.0033017893 0.0703214
v 0.030250173 -0.010077929 -0.012228026
v 0.029774199 -0.01505861 -0.012008281
v 0.029202292 -0.018478119 -0.011848037
v 0.028555357 -0.021147947 -0.011715261
v 0.027861751 -0.023290675 -0.011602028
v 0.027134463 -0.0250593 -0.011502646
v 0.026373549 -0.026564633 -0.011412632
v 0.025566192 -0.027892094 -0.011328037
v 0.024694268 -0.029100174 -0.011245804
v 0.023669953 -0.030301024 -0.011158037
v 0.022525845 -0.031436668 -0.011068326
v 0.021273675 -0.03249603 -0.010977569
v 0.019820307 -0.03354818 -0.010879408
v 0.018072834 -0.034627784 -0.010768888
v 0.015541359 -0.035932542 -0.010619271
v 0.012076011 -0.037375386 -0.010428351
v 0.0073091979 -0.038922883 -0.010183419
v 0.001069959 -0.040407857 -0.0098847016
v -0.0047794285 -0.041326178 -0.0096238257
v -0.0060494512 -0.041462793 -0.0095697234
v 0.031116759 -0.028373766 -0.050641558
v 0.03102857 -0.028346262 -0.050729707
v 0.031871555 -0.026170639 -0.050968427
v 0.027379339 -0.035423087 -0.048081456
v 0.026573973 -0.036283111 -0.047907267
v 0.026561834 -0.03629419 -0.048015732
v 0.028142049 -0.034525438 -0.048250158
v 0.029529823 -0.032624011 -0.048569782
v 0.030730846 -0.030598732 -0.048865052
v 0.028912648 -0.029920823 -0.051025927
v 0.02881088 -0.029868139 -0.05103673
v 0.030596815 -0.025790607 -0.051516077
v 0.033640488 -0.012184988 -0.052418939
v 0.033751678 -0.012190115 -0.052380031
v 0.033290346 -0.016908497 -0.0521004
v -0.0022208353 -0.045793375 -0.045028815
v 0.015481461 -0.040920101 -0.04830559
v 0.024251556 -0.037574578 -0.049125609
v 0.02428555 -0.037603226 -0.049078919
v 0.022442966 -0.039016152 -0.048702725
v 0.022473874 -0.039045781 -0.048654488
v -0.0061388291 -0.04857522 -0.041632113
v -0.0014206263 -0.047986469 -0.042491369
v 0.0032489437 -0.047124837 -0.043356933
v 0.014687776 -0.043727829 -0.045606589
v 0.023896981 -0.03864572 -0.047574387
v 0.02481501 -0.037904225 -0.047762938
v 0.024824132 -0.037901299 -0.047707388
v 0.022943367 -0.039358006 -0.047146229
v 0.021033077 -0.040608137 -0.046716607
v 0.021003922 -0.04062847 -0.046765387
v 0.033416636 -0.012173579 -0.052476563
v 0.033969619 -0.012199013 -0.052281879
v 0.033861592 -0.012194803 -0.052334329
v 0.035268013 -0.007376121 -0.050959686
v -0.0063987225 -0.048298818 -0.042950136
v -0.0063724452 -0.048357589 -0.04283311
v -0.0068061431 -0.046334335 -0.044209937
v -0.0067933667 -0.046450224 -0.04419902
v -0.0067794368 -0.046567498 -0.044182331
v -0.0067643436 -0.046685751 -0.044159621
v -0.0067480943 -0.046804543 -0.04413067
v -0.0067306966 -0.046923407 -0.044095294
v -0.0067121766 -0.047041834 -0.044053363
v -0.006692566 -0.0471593 -0.044004792
v -0.0066719098 -0.047275263 -0.043949539
v -0.0066502653 -0.047389161 -0.043887634
v -0.0066276995 -0.047500427 -0.043819152
v -0.006604291 -0.047608501 -0.043744244
v -0.0065801253 -0.047712845 -0.043663113
v -0.0065553027 -0.047812917 -0.043576023
v -0.0065299251 -0.047908227 -0.043483303
v -0.0065041028 -0.047998309 -0.043385332
v -0.0064779543 -0.04808275 -0.043282538
v -0.0064515934 -0.048161179 -0.043175398
v -0.0064251439 -0.048233283 -0.043064418
v -0.0063464247 -0.048409477 -0.042713906
v -0.0063207695 -0.048454419 -0.04259309
v -0.0062955789 -0.048492415 -0.04247124
v -0.0062709436 -0.048523523 -0.042348895
v -0.0062469504 -0.048547859 -0.042226591
v -0.0062236713 -0.048565593 -0.042104833
v -0.0062011703 -0.048576934 -0.041984085
v -0.0061795014 -0.048582125 -0.041864791
v -0.006158709 -0.048581453 -0.041747353
v 0.035267467 -0.0073763286 -0.050964314
v 0.035252175 -0.0073807273 -0.051068994
v 0.035230995 -0.0073850439 -0.051174686
v 0.035203701 -0.007389253 -0.05128094
v 0.03517011 -0.0073933294 -0.051387264
v 0.035130091 -0.0073972451 -0.051493131
v 0.03508357 -0.0074009751 -0.051597981
v 0.035030533 -0.0074044913 -0.051701231
v 0.03497104 -0.0074077691 -0.051802301
v 0.034967122 -0.0074079586 -0.051808512
v 0.034370818 -0.012210497 -0.052008032
v 0.034460578 -0.012211924 -0.051925025
v 0.034545136 -0.012212752 -0.051837017
v 0.03462283 -0.012213019 -0.051746054
v 0.034075143 -0.012202715 -0.052222806
v 0.034177568 -0.012205876 -0.052157288
v 0.03427631 -0.012208477 -0.052085588
v 0.033194531 -0.012160913 -0.052508149
v 0.033210842 -0.0074125356 -0.052752243
v 0.033209643 -0.0074125422 -0.052752221
v 0.033105997 -0.0074100813 -0.052747429
v 0.033004881 -0.007407448 -0.052737611
v 0.018936813 -0.041789291 -0.046356828
v 0.020996541 -0.040634114 -0.046819658
v 0.018920513 -0.041799052 -0.046466263
v 0.023906289 -0.038642958 -0.047518784
v 0.024832273 -0.037897328 -0.047652298
v 0.023914663 -0.038639121 -0.047463635
v 0.024839461 -0.037892355 -0.047597702
v 0.023922125 -0.038634234 -0.047409
v 0.024845709 -0.037886411 -0.047543665
v 0.023928692 -0.038628345 -0.04735491
v 0.024846675 -0.037885267 -0.047533308
v 0.023895894 -0.038653221 -0.047333803
v 0.022948243 -0.039348524 -0.047381725
v 0.022957718 -0.039345934 -0.047326059
v 0.022966305 -0.039342231 -0.04727086
v 0.022974023 -0.039337455 -0.047216164
v 0.022980887 -0.039331633 -0.047162023
v 0.02388673 -0.038647369 -0.047630409
v 0.02293787 -0.039349971 -0.047437802
v 0.022926581 -0.039350231 -0.04749425
v 0.018901351 -0.041804103 -0.046577745
v 0.020979437 -0.040642076 -0.046929823
v 0.020988384 -0.04063866 -0.046874487
v 0.018879246 -0.041804142 -0.046690919
v 0.020959126 -0.04064536 -0.047041846
v 0.02096969 -0.04064432 -0.046985627
v 0.020908531 -0.040636799 -0.047269926
v 0.020922449 -0.040640908 -0.047212535
v 0.018854134 -0.041798905 -0.046805388
v 0.020935516 -0.040643686 -0.047155358
v 0.020947739 -0.04064516 -0.047098441
v 0.018825972 -0.041788141 -0.046920703
v 0.020893761 -0.040631326 -0.047327456
v 0.016690434 -0.042821771 -0.046505443
v 0.016718061 -0.042833549 -0.046389666
v 0.016742945 -0.042839639 -0.046274756
v 0.016765115 -0.042840302 -0.046161156
v 0.016784617 -0.04283581 -0.046049263
v 0.016801518 -0.042826453 -0.04593943
v 0.02376914 -0.038616918 -0.04808702
v 0.02470506 -0.037886488 -0.048217747
v 0.02378737 -0.038625211 -0.048029677
v 0.024722508 -0.037892965 -0.048160425
v 0.023804584 -0.038632179 -0.047972289
v 0.024738882 -0.037898175 -0.048103113
v 0.02382078 -0.038637839 -0.047914907
v 0.022802222 -0.039306377 -0.047952285
v 0.022821121 -0.039316557 -0.047894974
v 0.022839063 -0.039325353 -0.047837554
v 0.022856037 -0.039332786 -0.047780086
v 0.022872052 -0.039338865 -0.047722628
v 0.02087813 -0.040624472 -0.04738508
v 0.018794743 -0.041771635 -0.047036391
v 0.020861641 -0.040616208 -0.047442733
v 0.020844295 -0.040606513 -0.047500338
v 0.018760458 -0.041749225 -0.047151948
v 0.020826091 -0.040595373 -0.047557844
v 0.014477418 -0.043727195 -0.046201248
v 0.014507033 -0.043745845 -0.046084532
v 0.014534174 -0.043758473 -0.045968233
v 0.014558836 -0.043765302 -0.045852819
v 0.014581033 -0.043766574 -0.045738728
v 0.014600802 -0.043762565 -0.045626362
v 0.012224767 -0.044529768 -0.045893996
v 0.012255886 -0.044555563 -0.04577677
v 0.012284805 -0.044575055 -0.04565947
v 0.012311488 -0.044588432 -0.045542598
v 0.012335924 -0.044595899 -0.045426636
v 0.012358118 -0.044597706 -0.045312012
v 0.012378091 -0.044594137 -0.045199124
v 0.012318553 -0.044614499 -0.045129077
v 0.02080704 -0.040582771 -0.047615172
v 0.018723155 -0.041720777 -0.047266826
v 0.02078714 -0.0405687 -0.047672254
v 0.020766405 -0.040553145 -0.047729018
v 0.018682899 -0.041686211 -0.047380484
v 0.02074485 -0.040536104 -0.047785401
v 0.020722479 -0.040517577 -0.047841319
v 0.018639792 -0.041645505 -0.047492341
v 0.020699316 -0.040497559 -0.047896711
v 0.020675374 -0.040476064 -0.047951496
v 0.018593963 -0.041598693 -0.047601824
v 0.020650674 -0.040453096 -0.048005613
v 0.0099395551 -0.045238084 -0.045584411
v 0.0099717442 -0.045271203 -0.045467134
v 0.010002012 -0.04529781 -0.045349273
v 0.010030302 -0.045318039 -0.045231356
v 0.01005657 -0.045332058 -0.045113888
v 0.010080797 -0.045340082 -0.044997342
v 0.010102976 -0.045342354 -0.044882151
v 0.010123128 -0.045339168 -0.044768716
v 0.010124346 -0.045338783 -0.044761326
v 0.0076291375 -0.045860199 -0.045273179
v 0.0076619795 -0.045900767 -0.045156354
v 0.0076931886 -0.045934679 -0.045038409
v 0.0077226827 -0.045962007 -0.044919895
v 0.0077503971 -0.045982881 -0.044801344
v 0.007776285 -0.045997464 -0.044683258
v 0.0078003222 -0.046005975 -0.044566107
v 0.0078224937 -0.04600866 -0.044450334
v 0.0078428073 -0.046005808 -0.044336325
v 0.0078613131 -0.045997701 -0.0442243
v 0.02421684 -0.037544766 -0.049171061
v 0.022411399 -0.038985261 -0.048749793
v 0.020487897 -0.040285318 -0.048312182
v 0.02054475 -0.040346801 -0.048213889
v 0.020625235 -0.040428668 -0.048058973
v 0.018545568 -0.04154586 -0.047708371
v 0.020599084 -0.040402792 -0.048111524
v 0.018494797 -0.041487169 -0.047811415
v 0.018441864 -0.041422824 -0.047910444
v 0.018387005 -0.041353086 -0.048004928
v 0.020428782 -0.040218595 -0.04840589
v 0.022379205 -0.038953148 -0.048795651
v 0.016660058 -0.042804105 -0.046621615
v 0.014445354 -0.043702355 -0.046317868
v 0.016626953 -0.042780375 -0.046737671
v 0.014410893 -0.043671203 -0.04643387
v 0.016591165 -0.04275045 -0.046853089
v 0.014374113 -0.043633658 -0.046548693
v 0.016552764 -0.042714257 -0.046967304
v 0.014335109 -0.043589703 -0.046661779
v 0.016511851 -0.042671777 -0.047079747
v 0.014294011 -0.043539383 -0.046772558
v 0.01646855 -0.042623041 -0.047189859
v 0.014250962 -0.043482794 -0.04688046
v 0.01642302 -0.04256815 -0.047297072
v 0.014206135 -0.043420099 -0.046984935
v 0.016375432 -0.042507261 -0.047400826
v 0.014159719 -0.043351525 -0.047085452
v 0.016325992 -0.042440591 -0.047500589
v 0.014111919 -0.043277349 -0.047181512
v 0.016274918 -0.042368416 -0.04759586
v 0.012191501 -0.044497558 -0.046010623
v 0.01215617 -0.044458859 -0.046126091
v 0.012118872 -0.04441365 -0.046239849
v 0.012079731 -0.044361976 -0.046351316
v 0.012038887 -0.044303946 -0.046459931
v 0.011996506 -0.044239724 -0.046565143
v 0.011952765 -0.044169532 -0.046666419
v 0.011907863 -0.044093663 -0.046763257
v -0.0014400905 -0.047993457 -0.042605536
v -0.0014608076 -0.047994979 -0.04272189
v -0.0014827543 -0.047990719 -0.042840071
v -0.00150591 -0.047980399 -0.042959683
v -0.0015302315 -0.047963764 -0.043080288
v -0.001555667 -0.047940606 -0.04320141
v -0.0015821553 -0.047910756 -0.043322549
v -0.0016096167 -0.047874092 -0.043443176
v -0.0016379622 -0.047830545 -0.043562731
v -0.0016670888 -0.047780119 -0.043680659
v -0.0016968892 -0.047722872 -0.043796379
v -0.0017272399 -0.047658913 -0.043909323
v 0.0032299474 -0.047132406 -0.043469963
v 0.0032094035 -0.047134611 -0.043585151
v 0.003187313 -0.047131154 -0.043702141
v 0.0031636864 -0.047121739 -0.043820531
v 0.0031385511 -0.047106117 -0.043939891
v 0.0031119453 -0.04708408 -0.044059742
v 0.003083923 -0.047055452 -0.044179586
v 0.0030545576 -0.047020113 -0.044298886
v 0.0030239356 -0.046977997 -0.044417098
v 0.007594764 -0.045812971 -0.045388322
v 0.0029921551 -0.046929089 -0.044533652
v 0.0075589783 -0.045759124 -0.045501213
v 0.002959335 -0.046873455 -0.044647975
v 0.0075219162 -0.045698773 -0.045611285
v 0.0029256017 -0.046811197 -0.044759508
v 0.0074837249 -0.04563209 -0.045717983
v 0.0028910951 -0.046742502 -0.044867689
v 0.007444572 -0.045559314 -0.045820779
v 0.022245 -0.038813256 -0.048965756
v 0.024108772 -0.037448736 -0.049299414
v 0.022313108 -0.038885405 -0.04888346
v 0.024145401 -0.037481806 -0.04925801
v 0.024181441 -0.03751383 -0.04921521
v 0.022104139 -0.038657324 -0.049112403
v 0.023918404 -0.037269316 -0.049483918
v 0.022175225 -0.038737094 -0.049042171
v 0.023995798 -0.037343704 -0.049414766
v 0.024071593 -0.037414667 -0.049339367
v 0.020304902 -0.040070734 -0.048577758
v 0.020367683 -0.040146952 -0.04849455
v 0.018330476 -0.041278282 -0.04809443
v 0.020175538 -0.039906208 -0.048726419
v 0.020240745 -0.039990343 -0.048655148
v 0.023760425 -0.037111931 -0.049602623
v 0.023839812 -0.037191912 -0.049546592
v 0.022032101 -0.038574388 -0.049176223
v 0.021813857 -0.038311225 -0.049327933
v 0.023680636 -0.037029822 -0.049651928
v 0.021886611 -0.038400866 -0.049284052
v 0.021959472 -0.038488745 -0.049233481
v 0.020109604 -0.039818795 -0.048791339
v 0.018093279 -0.040936327 -0.048395066
v 0.018153661 -0.041027344 -0.048329115
v 0.018213517 -0.041114981 -0.048256848
v 0.018272553 -0.041198774 -0.048178521
v 0.016222449 -0.042291059 -0.047686189
v 0.019844967 -0.039446008 -0.048985093
v 0.01991065 -0.039541692 -0.048946626
v 0.019976847 -0.03963605 -0.048901511
v 0.020043269 -0.03972858 -0.04884974
v 0.015948186 -0.041841159 -0.048050988
v 0.016003749 -0.041938003 -0.047990505
v 0.016059218 -0.042031904 -0.047923579
v 0.016114337 -0.042122367 -0.047850375
v 0.016168836 -0.042208907 -0.047771143
v 0.019475378 -0.038869107 -0.04908428
v 0.023069782 -0.036347805 -0.049813046
v 0.019533043 -0.038963557 -0.049082329
v 0.02314075 -0.03643185 -0.049813821
v 0.01959251 -0.039059179 -0.04907489
v 0.023213735 -0.036516933 -0.049809147
v 0.019653626 -0.039155627 -0.04906169
v 0.023288545 -0.036602748 -0.049798715
v 0.019716215 -0.039252527 -0.049042464
v 0.023364939 -0.036688949 -0.049782249
v 0.01978007 -0.039349464 -0.049016992
v 0.023442651 -0.036775168 -0.049759508
v 0.023521393 -0.036861 -0.049730303
v 0.023600836 -0.03694603 -0.049694478
v 0.011236621 -0.042579294 -0.047499527
v 0.011274902 -0.042684984 -0.047493692
v 0.015528152 -0.041021292 -0.048301432
v 0.011314684 -0.042791968 -0.047482289
v 0.015576471 -0.041123726 -0.048291764
v 0.011355889 -0.042899867 -0.047465052
v 0.015626302 -0.041227046 -0.048276311
v 0.011398409 -0.043008279 -0.047441747
v 0.015677518 -0.04133085 -0.048254808
v 0.011442133 -0.043116748 -0.047412175
v 0.015729959 -0.041434707 -0.048227063
v 0.011486921 -0.043224804 -0.047376175
v 0.015783452 -0.041538157 -0.048192901
v 0.011532617 -0.043331953 -0.047333627
v 0.015837801 -0.041640722 -0.048152207
v 0.011579053 -0.04343767 -0.047284481
v 0.015892788 -0.041741893 -0.048104903
v 0.011626043 -0.043541432 -0.047228725
v 0.011673386 -0.043642703 -0.047166435
v 0.011720871 -0.043740947 -0.047097722
v 0.011768286 -0.043835647 -0.047022768
v 0.011815405 -0.043926313 -0.046941824
v 0.011862005 -0.044012458 -0.0468552
v 0.002333374 -0.044984729 -0.045853382
v 0.0068317726 -0.043917848 -0.046678953
v 0.0023589189 -0.045096412 -0.04584497
v 0.0068632547 -0.044026857 -0.04667174
v 0.002385788 -0.045209445 -0.045830879
v 0.0068961409 -0.044137184 -0.046658914
v 0.0024139473 -0.045323438 -0.045810855
v 0.0069303785 -0.044248458 -0.046640203
v 0.0024433429 -0.045437965 -0.045784673
v 0.0069658899 -0.044360252 -0.046615379
v 0.0024739118 -0.045552551 -0.045752139
v 0.0070025875 -0.044472107 -0.046584243
v 0.0025055765 -0.045666722 -0.045713108
v 0.0070403642 -0.044583549 -0.046546657
v 0.0025382416 -0.045779946 -0.045667473
v 0.0070791014 -0.04469406 -0.0465025
v 0.0025718033 -0.045891691 -0.045615203
v 0.0071186575 -0.044803112 -0.046451724
v 0.0026061361 -0.046001407 -0.045556295
v 0.0071588873 -0.044910171 -0.046394336
v 0.0026411119 -0.046108542 -0.045490827
v 0.0071996248 -0.045014684 -0.0463304
v 0.0026765902 -0.046212547 -0.045418928
v 0.0072406985 -0.045116113 -0.046260049
v 0.0027124127 -0.046312877 -0.045340802
v 0.0072819247 -0.045213928 -0.046183461
v 0.0027484259 -0.046409023 -0.045256698
v 0.0073231158 -0.045307616 -0.046100907
v 0.0027844666 -0.046500481 -0.045166933
v 0.0073640805 -0.045396701 -0.046012684
v 0.0028203671 -0.046586814 -0.045071885
v 0.0074046291 -0.045480732 -0.045919169
v 0.0028559638 -0.046667606 -0.044971983
v -0.0022012658 -0.045907342 -0.045019207
v -0.0021804527 -0.046022679 -0.045003874
v -0.0021584078 -0.046138986 -0.044982557
v -0.0021351628 -0.046255832 -0.044955031
v -0.0021107565 -0.046372748 -0.044921122
v -0.0020852397 -0.046489232 -0.044880673
v -0.0020586795 -0.046604767 -0.044833599
v -0.0020311523 -0.046718803 -0.04477986
v -0.0020027511 -0.046830787 -0.044719469
v -0.0019735718 -0.046940162 -0.044652504
v -0.0019437299 -0.047046365 -0.044579106
v -0.0019133468 -0.047148857 -0.044499469
v -0.0018825527 -0.047247108 -0.044413859
v -0.0018514816 -0.04734063 -0.044322602
v -0.0018202721 -0.047428956 -0.044226071
v -0.0017890688 -0.047511681 -0.044124695
v -0.001758011 -0.047588437 -0.04401894
v 0.033401298 -0.01691943 -0.052053723
v 0.033510353 -0.016929696 -0.052000224
v 0.033616896 -0.016939225 -0.051940014
v 0.032608223 -0.021555748 -0.05171954
v 0.032717339 -0.021574664 -0.051664825
v 0.032823973 -0.021592524 -0.051603341
v 0.032927523 -0.021609213 -0.051535294
v 0.025841666 -0.035926245 -0.049614905
v 0.025802171 -0.03589615 -0.049655832
v 0.027338962 -0.034193426 -0.049991469
v 0.027296034 -0.034165852 -0.050030444
v 0.028655689 -0.032324848 -0.050341773
v 0.028609589 -0.032300271 -0.050378714
v 0.025880479 -0.035955369 -0.04957255
v 0.027381168 -0.03422015 -0.049951005
v 0.028701047 -0.032348698 -0.050303288
v 0.029835596 -0.030358465 -0.050627942
v 0.02973864 -0.030316438 -0.050699262
v 0.031256004 -0.026000341 -0.051364072
v 0.031145839 -0.025966991 -0.051406375
v 0.032385002 -0.021515231 -0.051808249
v 0.032272104 -0.021493885 -0.051842209
v 0.033065209 -0.016884925 -0.052173148
v 0.0329522 -0.016872444 -0.052199333
v 0.033305106 -0.01216738 -0.052495514
v 0.031035076 -0.025932737 -0.051441724
v 0.032159129 -0.021471988 -0.051869342
v 0.032839648 -0.016859602 -0.052218921
v 0.029120056 -0.030025681 -0.050985142
v 0.02901585 -0.029973421 -0.051008805
v 0.030813973 -0.025862312 -0.051491937
v 0.03070467 -0.025826529 -0.051507152
v 0.031935105 -0.021427046 -0.051903769
v 0.031825042 -0.021404249 -0.051911529
v 0.032617932 -0.016833146 -0.052239127
v 0.03250967 -0.01681968 -0.052240304
v 0.032978092 -0.012147341 -0.052515526
v 0.032873033 -0.01214032 -0.052510882
v 0.031716861 -0.021381389 -0.051913348
v 0.032403666 -0.016806148 -0.052235949
v 0.032770541 -0.012133197 -0.052501122
v 0.028710923 -0.029815613 -0.051041499
v 0.029676771 -0.027833374 -0.051291417
v 0.030490834 -0.025754721 -0.051519007
v 0.031610944 -0.021358568 -0.051909564
v 0.032300254 -0.016792612 -0.052226404
v 0.025762037 -0.035865118 -0.049695302
v 0.02725244 -0.03413746 -0.050067893
v 0.028562812 -0.032275004 -0.050414072
v 0.028467482 -0.032222533 -0.050479885
v 0.029639013 -0.030272119 -0.050764042
v 0.02837022 -0.032167752 -0.050539014
v 0.029537261 -0.030225763 -0.050822084
v 0.02827155 -0.032110978 -0.050591301
v 0.029433944 -0.030177659 -0.050873244
v 0.028171989 -0.032052544 -0.050636681
v 0.029329615 -0.030128084 -0.050917462
v 0.028072057 -0.031992788 -0.050675148
v 0.029224812 -0.030077329 -0.050954733
v 0.027972232 -0.031932037 -0.050706767
v 0.027872987 -0.031870623 -0.050731677
v 0.027774754 -0.031808855 -0.050750038
v 0.027677932 -0.031747029 -0.050762088
v 0.027582877 -0.031685429 -0.050768091
v 0.02572132 -0.035833194 -0.049733253
v 0.027208242 -0.034108295 -0.050103756
v 0.027118258 -0.034047807 -0.05017067
v 0.027026568 -0.033984739 -0.050230957
v 0.026933657 -0.033919453 -0.050284455
v 0.026840013 -0.03385233 -0.050331108
v 0.026746103 -0.033783744 -0.050370895
v 0.026652381 -0.033714074 -0.050403868
v 0.026559275 -0.033643685 -0.050430146
v 0.026467186 -0.03357293 -0.050449906
v 0.026376479 -0.033502149 -0.050463355
v 0.026287487 -0.033431653 -0.050470768
v 0.025680076 -0.035800424 -0.049769659
v 0.025596218 -0.035732524 -0.04983769
v 0.025510909 -0.035661808 -0.04989917
v 0.025424587 -0.035588679 -0.049953945
v 0.025337696 -0.035513549 -0.050001918
v 0.025250667 -0.035436841 -0.050043084
v 0.025163906 -0.035358963 -0.05007748
v 0.025077808 -0.03528032 -0.050105232
v 0.02499273 -0.0352013 -0.050126472
v 0.024909004 -0.035122274 -0.050141427
v 0.024826928 -0.035043592 -0.050150333
v 0.024746767 -0.034965572 -0.050153499
v 0.024668752 -0.034888496 -0.05015123
v 0.026200502 -0.033361734 -0.050472435
v 0.026115776 -0.033292654 -0.05046867
v 0.027489912 -0.031624309 -0.050768361
v 0.027399315 -0.031563904 -0.050763223
v 0.028613127 -0.02976347 -0.051040548
v 0.028517781 -0.029711906 -0.05103421
v 0.029575419 -0.027789823 -0.051289471
v 0.029476582 -0.027746727 -0.051282159
v 0.030387088 -0.025719025 -0.051516262
v 0.030285904 -0.025683671 -0.051508197
v 0.031507618 -0.02133589 -0.051900517
v 0.035073334 -0.012249097 -0.05053432
v 0.034633536 -0.016955376 -0.050179753
v 0.034697107 -0.012212641 -0.051647992
v 0.03476388 -0.012211678 -0.051548146
v 0.034824254 -0.012210177 -0.051445469
v 0.034878085 -0.012208137 -0.051340594
v 0.03492532 -0.012205587 -0.051234108
v 0.034965966 -0.012202558 -0.051126594
v 0.035000101 -0.012199085 -0.051018626
v 0.035027852 -0.012195204 -0.05091074
v 0.035049411 -0.012190955 -0.050803425
v 0.034602563 -0.016971589 -0.050498297
v 0.034235576 -0.019344538 -0.050436162
v 0.034580565 -0.016975703 -0.05060716
v 0.034207071 -0.01934756 -0.050546379
v 0.034552323 -0.016979073 -0.050716629
v 0.034172134 -0.019349527 -0.050656707
v 0.034517649 -0.016981645 -0.050826191
v 0.034130631 -0.019350383 -0.050766583
v 0.034476408 -0.016983366 -0.050935299
v 0.034082487 -0.019350073 -0.05087544
v 0.034428532 -0.016984194 -0.051043384
v 0.034027699 -0.019348553 -0.050982688
v 0.034374005 -0.016984089 -0.051149857
v 0.033966324 -0.019345793 -0.05108771
v 0.034312892 -0.016983019 -0.051254108
v 0.033898496 -0.01934177 -0.051189905
v 0.034245323 -0.016980965 -0.051355543
v 0.033824412 -0.019336477 -0.051288677
v 0.034171491 -0.016977911 -0.051453546
v 0.033744353 -0.019329918 -0.051383435
v 0.034091672 -0.016973856 -0.051547554
v 0.033658655 -0.019322109 -0.05147363
v 0.034006215 -0.01696881 -0.051637013
v 0.033567728 -0.019313083 -0.051558741
v 0.033915522 -0.016962788 -0.051721415
v 0.033472037 -0.019302883 -0.051638327
v 0.033820051 -0.016955824 -0.051800307
v 0.033720327 -0.016947952 -0.05187329
v 0.033847621 -0.021670236 -0.049816846
v 0.033289516 -0.023986034 -0.049610358
v 0.032619567 -0.026184025 -0.049468483
v 0.031262094 -0.029545897 -0.049003579
v 0.02572856 -0.037104541 -0.047727896
v 0.025698948 -0.037122732 -0.047946996
v 0.025715759 -0.037115562 -0.047836437
v 0.022901208 -0.039347093 -0.047608038
v 0.023850143 -0.038645328 -0.047800451
v 0.023863324 -0.038647205 -0.047743494
v 0.024781621 -0.03790644 -0.047931888
v 0.024793772 -0.03790683 -0.047875245
v 0.025677969 -0.037125774 -0.048059203
v 0.028859402 -0.033591471 -0.048413017
v 0.028131297 -0.03453643 -0.048358453
v 0.02736789 -0.035434155 -0.048189847
v 0.027352084 -0.035441737 -0.048300235
v 0.026545513 -0.036301589 -0.048126206
v 0.026524826 -0.03630505 -0.048238315
v 0.025652679 -0.037124452 -0.048172639
v 0.02476843 -0.037904889 -0.047988784
v 0.030153536 -0.031625601 -0.048720456
v 0.029520426 -0.032634659 -0.048677871
v 0.028849339 -0.033602324 -0.048521212
v 0.0288346 -0.033610099 -0.048631409
v 0.028116024 -0.034544135 -0.048468756
v 0.028096023 -0.034548318 -0.048580679
v 0.027331727 -0.035445583 -0.048412254
v 0.027306657 -0.035445463 -0.048525484
v 0.02649963 -0.036304342 -0.04835165
v 0.02646979 -0.036299243 -0.048465756
v 0.025622969 -0.037118543 -0.048286852
v 0.025588759 -0.037107842 -0.048401358
v 0.022887106 -0.039343627 -0.047665262
v 0.023835964 -0.038642215 -0.047857604
v 0.024754184 -0.037902143 -0.048045884
v 0.024804897 -0.03790608 -0.047818913
v 0.023875515 -0.038647875 -0.047686799
v 0.022914363 -0.039349283 -0.047551011
v 0.033763692 -0.021695007 -0.050360822
v 0.033203788 -0.024011216 -0.05015757
v 0.033728505 -0.021696226 -0.050471882
v 0.033168383 -0.024011515 -0.050269322
v 0.033686777 -0.02169602 -0.050582501
v 0.03312649 -0.024010022 -0.050380643
v 0.033638437 -0.021694324 -0.050692119
v 0.03307805 -0.024006667 -0.050490971
v 0.033583473 -0.021691099 -0.050800116
v 0.03302305 -0.024001395 -0.050599705
v 0.033521953 -0.021686303 -0.050905906
v 0.032961556 -0.02399417 -0.050706224
v 0.033454005 -0.021679924 -0.051008855
v 0.032893706 -0.023984974 -0.050809921
v 0.033379836 -0.021671947 -0.051108378
v 0.032819695 -0.023973809 -0.050910177
v 0.033299717 -0.02166239 -0.051203873
v 0.032739807 -0.023960698 -0.05100643
v 0.033213993 -0.021651286 -0.051294808
v 0.032654377 -0.023945681 -0.051098116
v 0.033123067 -0.021638676 -0.051380652
v 0.032508131 -0.026283806 -0.04993424
v 0.032472559 -0.02628298 -0.050046628
v 0.032430602 -0.026279935 -0.050158607
v 0.032382203 -0.026274592 -0.050269602
v 0.032327365 -0.026266888 -0.050379009
v 0.032266148 -0.026256789 -0.050486233
v 0.032198697 -0.026244275 -0.050590647
v 0.032125203 -0.026229357 -0.050691636
v 0.032045947 -0.026212068 -0.050788635
v 0.031580478 -0.028487881 -0.049914326
v 0.031044531 -0.029552921 -0.04989524
v 0.03153233 -0.028480206 -0.050025923
v 0.030990465 -0.029540839 -0.050005577
v 0.031477922 -0.028469677 -0.050135973
v 0.030930332 -0.029525596 -0.050113763
v 0.031417325 -0.028456249 -0.050243843
v 0.030864269 -0.029507177 -0.050219173
v 0.031350676 -0.028439913 -0.050348938
v 0.030792479 -0.029485606 -0.05032122
v 0.031278173 -0.028420684 -0.05045064
v 0.030715222 -0.029460938 -0.050419303
v 0.031200091 -0.028398611 -0.05054837
v 0.030632837 -0.02943326 -0.050512879
v 0.030545705 -0.029402692 -0.050601417
v 0.030982791 -0.028331554 -0.050771729
v 0.031777274 -0.026146693 -0.05105024
v 0.032067796 -0.027396923 -0.049927057
v 0.032025858 -0.027392994 -0.050039347
v 0.031977556 -0.027386529 -0.050150655
v 0.031922896 -0.027377459 -0.050260385
v 0.03186194 -0.02736575 -0.050367941
v 0.031794834 -0.027351386 -0.050472698
v 0.03172177 -0.027334376 -0.050574054
v 0.031643023 -0.027314766 -0.050671415
v 0.031961264 -0.026192467 -0.050881074
v 0.032563808 -0.023928826 -0.051184703
v 0.032468568 -0.023910214 -0.051265744
v 0.031678922 -0.026120754 -0.051126095
v 0.032369159 -0.023889947 -0.051340823
v 0.031577042 -0.02609298 -0.051195648
v 0.032266134 -0.023868143 -0.051409596
v 0.031472202 -0.026063529 -0.051258618
v 0.03216007 -0.023844935 -0.051471781
v 0.031364991 -0.026032586 -0.051314804
v 0.032051567 -0.023820466 -0.051527187
v 0.032497241 -0.021535895 -0.05176736
v 0.033178117 -0.01689697 -0.052140192
v 0.033528615 -0.012179462 -0.052451089
v 0.033027407 -0.021624628 -0.051460957
v 0.030722673 -0.030608808 -0.048972854
v 0.030144772 -0.03163599 -0.04882841
v 0.030131064 -0.031643736 -0.048938353
v 0.02950621 -0.032642448 -0.048787947
v 0.029486948 -0.032647167 -0.048899634
v 0.028814963 -0.033614576 -0.048743221
v 0.028790243 -0.033615542 -0.048856235
v 0.028071114 -0.034548759 -0.048693804
v 0.028041154 -0.034545258 -0.048807679
v 0.027276737 -0.035441173 -0.048639483
v 0.027241869 -0.03543252 -0.04875373
v 0.026435229 -0.036289564 -0.048580132
v 0.026395891 -0.036275137 -0.048694247
v 0.025550008 -0.037092193 -0.048515611
v 0.02550672 -0.03707147 -0.048629075
v 0.024666936 -0.037869667 -0.048332154
v 0.024646264 -0.037859283 -0.048389101
v 0.032192657 -0.027373057 -0.049262927
v 0.031748669 -0.028469771 -0.049136148
v 0.031741512 -0.028479138 -0.049243567
v 0.031254455 -0.029555628 -0.049111206
v 0.031241664 -0.029563149 -0.049220798
v 0.030709439 -0.030616461 -0.049082632
v 0.030690901 -0.030621504 -0.049194004
v 0.030112167 -0.031648642 -0.049049893
v 0.03008787 -0.03165052 -0.049162612
v 0.02946243 -0.032648614 -0.049012502
v 0.029432493 -0.032646608 -0.049126102
v 0.028760274 -0.033612806 -0.048969975
v 0.028724943 -0.033606194 -0.049083948
v 0.028006029 -0.034537632 -0.048921794
v 0.027965674 -0.034525731 -0.049035617
v 0.027201995 -0.035419351 -0.048867699
v 0.027157103 -0.035401545 -0.048980835
v 0.026351774 -0.036255852 -0.048807546
v 0.026302915 -0.036231612 -0.048919452
v 0.025458941 -0.037045586 -0.048741176
v 0.025406753 -0.037014505 -0.048851308
v 0.024624517 -0.037847568 -0.048445783
v 0.024601709 -0.03783452 -0.048502128
v 0.030458498 -0.03058822 -0.049869016
v 0.029821833 -0.031590007 -0.049834924
v 0.030398949 -0.030571062 -0.049977489
v 0.029757383 -0.031567145 -0.049940953
v 0.030333617 -0.03055046 -0.050083214
v 0.029687511 -0.031540596 -0.050043651
v 0.030262701 -0.030526441 -0.050185589
v 0.029612486 -0.031510426 -0.050142438
v 0.030186464 -0.030499065 -0.050284034
v 0.029532623 -0.031476748 -0.050236765
v 0.03010523 -0.030468431 -0.050377979
v 0.029448291 -0.031439706 -0.050326108
v 0.03001938 -0.030434669 -0.05046692
v 0.029974858 -0.030416668 -0.050509367
v 0.029135256 -0.032554808 -0.049792382
v 0.02839969 -0.033479368 -0.049740852
v 0.029066599 -0.032525681 -0.049895402
v 0.028327632 -0.033443527 -0.049840316
v 0.02899297 -0.032492675 -0.049994531
v 0.028251106 -0.033403683 -0.049935382
v 0.028914679 -0.032455913 -0.050089225
v 0.028170463 -0.033360012 -0.050025525
v 0.028832087 -0.032415551 -0.050178966
v 0.028789304 -0.032394079 -0.050221833
v 0.029929346 -0.030397948 -0.05055038
v 0.030935968 -0.028316232 -0.050812317
v 0.034289532 -0.019323293 -0.050005876
v 0.033842296 -0.021677394 -0.049922636
v 0.033283755 -0.023993882 -0.049716761
v 0.032589714 -0.026267025 -0.049491056
v 0.032185925 -0.027382042 -0.049370126
v 0.032173894 -0.027389211 -0.049479276
v 0.031729123 -0.028486493 -0.04935295
v 0.031711235 -0.02849168 -0.049463915
v 0.031223461 -0.029568281 -0.049331976
v 0.031199611 -0.029570867 -0.049444317
v 0.030666829 -0.03062376 -0.049306543
v 0.030637035 -0.030623067 -0.049419779
v 0.030057995 -0.031649197 -0.049276037
v 0.030022402 -0.031644515 -0.049389661
v 0.02939701 -0.032640983 -0.049239911
v 0.02935589 -0.032631604 -0.04935339
v 0.028684174 -0.033595563 -0.049197603
v 0.02863794 -0.033580797 -0.049310385
v 0.027920074 -0.034509437 -0.049148575
v 0.02786925 -0.034488666 -0.049260107
v 0.027107224 -0.035379016 -0.049092556
v 0.02705245 -0.035351731 -0.049202255
v 0.026249404 -0.036202384 -0.049029376
v 0.026191379 -0.036168178 -0.049136719
v 0.025350299 -0.036978235 -0.048958899
v 0.025289766 -0.036936847 -0.049063357
v 0.024472184 -0.037749092 -0.048776258
v 0.02444331 -0.037728003 -0.048829056
v 0.027616265 -0.034360683 -0.049679831
v 0.026787896 -0.035195796 -0.04960915
v 0.027541688 -0.034317807 -0.049775258
v 0.026711711 -0.035145741 -0.049700096
v 0.027463194 -0.034270891 -0.049865807
v 0.027422597 -0.034245982 -0.049909101
v 0.035071061 -0.012219744 -0.05060947
v 0.035065001 -0.012186376 -0.050697162
v 0.034628764 -0.016961364 -0.05028419
v 0.034618539 -0.016966789 -0.050390489
v 0.034274056 -0.019335601 -0.050218018
v 0.034257829 -0.019340529 -0.050326554
v 0.033814996 -0.021688581 -0.050139562
v 0.033792462 -0.021692433 -0.050249882
v 0.033255685 -0.02400558 -0.049934962
v 0.033232828 -0.024009208 -0.050045948
v 0.032560663 -0.026279199 -0.049710413
v 0.032537447 -0.02628251 -0.049821997
v 0.032132876 -0.027397527 -0.049701862
v 0.032103432 -0.027398401 -0.049814383
v 0.031658032 -0.028494949 -0.049688812
v 0.031622359 -0.028492764 -0.049801756
v 0.031134239 -0.029567795 -0.049670534
v 0.031092459 -0.029561882 -0.049783364
v 0.030559756 -0.030612271 -0.049646274
v 0.030512125 -0.030601942 -0.049758406
v 0.029933748 -0.031624586 -0.049615314
v 0.029880668 -0.031609151 -0.049726176
v 0.029256674 -0.032601161 -0.049577072
v 0.029198679 -0.032579978 -0.049686074
v 0.028529227 -0.033538578 -0.049530957
v 0.02846697 -0.03351108 -0.04963754
v 0.027752339 -0.034433581 -0.049476432
v 0.027686584 -0.03439932 -0.049580042
v 0.026928808 -0.03528294 -0.04941325
v 0.02686037 -0.035241593 -0.049513364
v 0.026062573 -0.036085107 -0.049341326
v 0.02599231 -0.036036517 -0.049437479
v 0.025157398 -0.03683922 -0.049260609
v 0.025086149 -0.036783369 -0.049352356
v 0.025225374 -0.036890452 -0.049164106
v 0.024351204 -0.037656913 -0.048982062
v 0.02431878 -0.03763068 -0.049031052
v 0.034284528 -0.019329832 -0.050111008
v 0.033831521 -0.02168354 -0.050030339
v 0.033272574 -0.024000437 -0.049825098
v 0.032578003 -0.026273994 -0.04959995
v 0.032156295 -0.02739442 -0.049590005
v 0.031687604 -0.028494545 -0.049576028
v 0.031169923 -0.02957075 -0.049557334
v 0.030601376 -0.030619277 -0.049533209
v 0.029980997 -0.031636348 -0.049502945
v 0.029309105 -0.032618354 -0.049465972
v 0.028586262 -0.033561816 -0.049421707
v 0.027813295 -0.034463383 -0.049369587
v 0.026992914 -0.035319684 -0.049309357
v 0.026129024 -0.03612905 -0.049240894
v 0.033081531 -0.012153987 -0.052514855
v 0.032728067 -0.016846477 -0.052232096
v 0.032046627 -0.021449667 -0.051889796
v 0.030924276 -0.025897778 -0.051470188
v 0.030208815 -0.028051377 -0.051209872
v 0.030317187 -0.028093511 -0.051173641
v 0.030425013 -0.02813461 -0.051130449
v 0.030531732 -0.028174428 -0.051080301
v 0.030636762 -0.028212724 -0.051023235
v 0.030739522 -0.028249271 -0.05095941
v 0.030839444 -0.02828384 -0.05088901
v 0.029882902 -0.03037854 -0.050589922
v 0.028745608 -0.032371785 -0.050263293
v 0.025918557 -0.035983478 -0.049528817
v 0.024413504 -0.037705592 -0.048881
v 0.024382789 -0.03768189 -0.048932027
v 0.024577851 -0.037820125 -0.048558069
v 0.024552949 -0.037804387 -0.048613525
v 0.024527029 -0.037787294 -0.048668425
v 0.0245001 -0.037768864 -0.048722695
v 0.024686538 -0.037878727 -0.048275012
v 0.023749889 -0.038607276 -0.048144236
v 0.022782364 -0.039294801 -0.048009407
v 0.022761554 -0.039281813 -0.048066282
v 0.022739798 -0.039267412 -0.048122829
v 0.02271711 -0.039251581 -0.048178971
v 0.022693499 -0.039234325 -0.048234648
v 0.022668989 -0.039215644 -0.048289783
v 0.022643588 -0.039195543 -0.048344299
v 0.022617323 -0.039174029 -0.048398132
v 0.02259021 -0.039151111 -0.048451204
v 0.022562283 -0.039126805 -0.048503444
v 0.022533563 -0.039101137 -0.048554786
v 0.022504082 -0.039074119 -0.048605156
f 1 2 3
f 2 4 3
f 5 6 7
f 7 6 8
f 6 9 8
f 8 9 10
f 9 11 10
f 10 11 12
f 11 13 12
f 12 13 14
f 14 13 15
f 13 16 15
f 15 16 17
f 7 18 5
f 18 19 5
f 5 19 20
f 17 16 21
f 16 22 21
f 21 22 23
f 24 25 26
f 26 27 24
f 27 28 24
f 24 28 29
f 28 30 29
f 29 30 31
f 30 32 31
f 31 32 33
f 34 35 25
f 35 36 25
f 25 36 26
f 37 38 39
f 40 41 38
f 41 42 38
f 38 42 39
f 19 43 20
f 43 44 20
f 20 44 45
f 44 46 45
f 45 46 47
f 48 49 50
f 49 51 50
f 50 51 52
f 51 53 52
f 52 53 54
f 53 55 54
f 54 55 56
f 57 58 34
f 58 59 34
f 34 59 35
f 23 22 60
f 22 61 60
f 60 61 62
f 61 63 62
f 62 63 64
f 63 65 64
f 64 65 66
f 66 65 67
f 65 68 67
f 67 68 69
f 68 4 69
f 69 4 2
f 48 70 49
f 70 71 49
f 49 71 72
f 71 73 72
f 72 73 74
f 32 75 33
f 75 76 33
f 33 76 77
f 76 78 77
f 77 78 55
f 78 79 55
f 55 79 56
f 46 80 47
f 80 81 47
f 47 81 40
f 81 82 40
f 40 82 41
f 83 84 85
f 84 86 85
f 85 86 57
f 86 87 57
f 57 87 58
f 83 85 88
f 85 89 88
f 88 89 90
f 90 89 91
f 89 92 91
f 91 92 93
f 94 95 96
f 95 97 96
f 96 97 98
f 97 99 98
f 98 99 92
f 99 100 92
f 92 100 93
f 39 101 37
f 101 102 37
f 37 102 103
f 102 104 103
f 103 104 105
f 104 106 105
f 105 106 107
f 106 108 107
f 107 108 94
f 108 109 94
f 94 109 95
f 110 111 112
f 113 114 115
f 114 116 115
f 115 116 117
f 116 118 117
f 117 118 119
f 118 120 119
f 119 120 121
f 120 122 121
f 121 122 123
f 122 124 123
f 123 124 125
f 124 126 125
f 125 126 127
f 126 128 127
f 127 128 129
f 128 130 129
f 129 130 131
f 130 132 131
f 131 132 133
f 132 134 133
f 133 134 135
f 134 136 135
f 135 136 137
f 136 138 137
f 137 138 139
f 138 140 139
f 139 140 141
f 140 142 141
f 141 142 143
f 142 144 143
f 143 144 145
f 144 146 145
f 145 146 147
f 146 148 147
f 147 148 149
f 148 150 149
f 149 150 151
f 150 152 151
f 151 152 153
f 152 154 153
f 153 154 155
f 154 156 155
f 155 156 157
f 156 158 157
f 157 158 159
f 158 160 159
f 159 160 161
f 160 162 161
f 161 162 163
f 162 164 163
f 163 164 165
f 164 166 165
f 165 166 167
f 166 168 167
f 167 168 169
f 168 170 169
f 169 170 171
f 170 172 171
f 171 172 173
f 172 174 173
f 173 174 175
f 174 176 175
f 175 176 177
f 176 178 177
f 177 178 179
f 178 180 179
f 179 180 181
f 180 182 181
f 181 182 183
f 182 184 183
f 183 184 185
f 184 186 185
f 185 186 187
f 186 188 187
f 187 188 189
f 188 190 189
f 189 190 191
f 190 192 191
f 191 192 193
f 192 194 193
f 193 194 195
f 194 196 195
f 195 196 197
f 196 198 197
f 197 198 199
f 198 200 199
f 199 200 201
f 200 202 201
f 201 202 203
f 202 204 203
f 203 204 205
f 204 206 205
f 205 206 207
f 206 208 207
f 207 208 209
f 208 210 209
f 209 210 211
f 210 212 211
f 211 212 213
f 212 214 213
f 213 214 215
f 214 216 215
f 215 216 217
f 216 218 217
f 217 218 219
f 218 220 219
f 219 220 221
f 220 222 221
f 221 222 223
f 222 224 223
f 223 224 225
f 224 226 225
f 225 226 227
f 226 228 227
f 227 228 229
f 228 230 229
f 229 230 231
f 230 232 231
f 231 232 233
f 232 234 233
f 233 234 235
f 234 236 235
f 235 236 237
f 236 238 237
f 237 238 239
f 238 240 239
f 239 240 241
f 240 242 241
f 241 242 243
f 242 244 243
f 243 244 245
f 244 246 245
f 245 246 247
f 246 248 247
f 247 248 249
f 248 250 249
f 249 250 251
f 250 252 251
f 251 252 253
f 252 254 253
f 253 254 255
f 254 256 255
f 255 256 113
f 256 114 113
f 257 258 259
f 258 260 259
f 259 260 261
f 260 262 261
f 261 262 263
f 262 264 263
f 263 264 265
f 264 266 265
f 265 266 267
f 266 268 267
f 267 268 269
f 268 270 269
f 269 270 271
f 270 272 271
f 271 272 273
f 272 274 273
f 273 274 275
f 274 276 275
f 275 276 277
f 276 278 277
f 277 278 279
f 278 280 279
f 279 280 281
f 280 282 281
f 281 282 283
f 282 284 283
f 283 284 285
f 284 286 285
f 285 286 287
f 286 288 287
f 287 288 289
f 288 290 289
f 289 290 291
f 290 292 291
f 291 292 293
f 292 294 293
f 293 294 295
f 294 296 295
f 295 296 297
f 296 298 297
f 297 298 299
f 298 300 299
f 299 300 301
f 300 302 301
f 301 302 303
f 302 304 303
f 303 304 305
f 304 306 305
f 305 306 307
f 306 308 307
f 307 308 309
f 308 310 309
f 309 310 311
f 310 312 311
f 311 312 313
f 312 314 313
f 313 314 315
f 314 316 315
f 315 316 317
f 316 318 317
f 317 318 319
f 318 320 319
f 319 320 321
f 320 322 321
f 321 322 323
f 322 324 323
f 323 324 325
f 324 326 325
f 325 326 327
f 326 328 327
f 327 328 329
f 328 330 329
f 329 330 331
f 330 332 331
f 331 332 333
f 332 334 333
f 333 334 335
f 334 336 335
f 335 336 337
f 336 338 337
f 337 338 339
f 338 340 339
f 339 340 341
f 340 342 341
f 341 342 343
f 342 344 343
f 343 344 345
f 344 346 345
f 345 346 347
f 346 348 347
f 347 348 349
f 348 350 349
f 349 350 351
f 350 352 351
f 351 352 353
f 352 354 353
f 353 354 355
f 354 356 355
f 355 356 357
f 356 358 357
f 357 358 359
f 358 360 359
f 359 360 361
f 360 362 361
f 361 362 363
f 362 364 363
f 363 364 365
f 364 366 365
f 365 366 367
f 366 368 367
f 367 368 369
f 368 370 369
f 369 370 371
f 370 372 371
f 371 372 373
f 372 374 373
f 373 374 375
f 374 376 375
f 375 376 377
f 376 378 377
f 377 378 379
f 378 380 379
f 379 380 381
f 380 382 381
f 381 382 383
f 382 384 383
f 383 384 385
f 384 386 385
f 385 386 387
f 386 388 387
f 387 388 389
f 388 390 389
f 389 390 391
f 390 392 391
f 391 392 393
f 392 394 393
f 393 394 395
f 394 396 395
f 395 396 397
f 396 398 397
f 397 398 399
f 398 400 399
f 399 400 257
f 400 258 257
f 401 402 403
f 401 403 404
f 403 405 404
f 404 405 406
f 405 407 406
f 406 407 408
f 407 409 408
f 408 409 410
f 409 411 410
f 410 411 412
f 411 413 412
f 412 413 414
f 413 415 414
f 414 415 416
f 415 417 416
f 416 417 418
f 417 419 418
f 418 419 420
f 419 421 420
f 420 421 422
f 421 423 422
f 422 423 424
f 423 425 424
f 424 425 426
f 425 427 426
f 426 427 428
f 427 429 428
f 428 429 430
f 429 431 430
f 430 431 432
f 431 433 432
f 432 433 434
f 433 435 434
f 434 435 436
f 435 437 436
f 436 437 438
f 437 439 438
f 438 439 440
f 441 442 443
f 442 444 443
f 443 444 445
f 444 446 445
f 445 446 447
f 446 448 447
f 447 448 449
f 448 450 449
f 449 450 451
f 450 452 451
f 451 452 453
f 452 454 453
f 453 454 455
f 454 456 455
f 455 456 457
f 456 458 457
f 457 458 459
f 458 460 459
f 459 460 461
f 460 462 461
f 461 462 463
f 462 464 463
f 463 464 465
f 464 466 465
f 465 466 467
f 466 468 467
f 467 468 469
f 468 470 469
f 469 470 471
f 470 472 471
f 471 472 473
f 472 474 473
f 473 474 475
f 474 476 475
f 475 476 477
f 476 478 477
f 477 478 479
f 478 480 479
f 479 480 481
f 480 482 481
f 481 482 483
f 482 484 483
f 483 484 485
f 484 486 485
f 485 486 487
f 486 488 487
f 487 488 489
f 488 490 489
f 489 490 491
f 490 492 491
f 491 492 493
f 492 494 493
f 493 494 495
f 494 496 495
f 495 496 497
f 496 498 497
f 497 498 499
f 498 500 499
f 499 500 501
f 500 502 501
f 501 502 503
f 502 504 503
f 503 504 505
f 504 506 505
f 505 506 507
f 506 508 507
f 507 508 509
f 508 510 509
f 509 510 511
f 510 512 511
f 511 512 513
f 512 514 513
f 513 514 515
f 514 516 515
f 515 516 517
f 516 518 517
f 517 518 519
f 518 520 519
f 519 520 521
f 520 522 521
f 521 522 523
f 522 524 523
f 523 524 525
f 524 526 525
f 525 526 527
f 526 528 527
f 527 528 529
f 528 530 529
f 529 530 531
f 530 532 531
f 531 532 533
f 532 534 533
f 533 534 535
f 534 536 535
f 535 536 537
f 536 538 537
f 537 538 539
f 538 540 539
f 539 540 541
f 540 542 541
f 541 542 543
f 542 544 543
f 543 544 545
f 544 546 545
f 545 546 547
f 546 548 547
f 547 548 549
f 548 550 549
f 549 550 551
f 550 552 551
f 551 552 553
f 552 554 553
f 553 554 555
f 554 556 555
f 555 556 557
f 556 558 557
f 557 558 559
f 558 560 559
f 559 560 561
f 560 562 561
f 561 562 563
f 562 564 563
f 563 564 565
f 564 566 565
f 565 566 567
f 566 568 567
f 567 568 569
f 568 570 569
f 569 570 571
f 570 572 571
f 571 572 573
f 572 574 573
f 573 574 575
f 574 576 575
f 575 576 577
f 576 578 577
f 577 578 579
f 578 580 579
f 579 580 581
f 580 582 581
f 581 582 583
f 582 584 583
f 583 584 441
f 584 442 441
f 585 586 587
f 587 588 585
f 588 589 585
f 585 589 590
f 591 592 593
f 592 594 593
f 593 594 595
f 594 596 595
f 595 596 597
f 596 598 597
f 597 598 599
f 598 600 599
f 599 600 601
f 600 602 601
f 601 602 603
f 602 604 603
f 603 604 605
f 604 606 605
f 605 606 607
f 606 608 607
f 607 608 609
f 608 610 609
f 609 610 611
f 610 612 611
f 611 612 613
f 612 614 613
f 613 614 615
f 614 616 615
f 615 616 617
f 616 618 617
f 617 618 619
f 618 620 619
f 619 620 621
f 620 622 621
f 621 622 623
f 622 624 623
f 623 624 625
f 624 626 625
f 625 626 627
f 626 628 627
f 627 628 629
f 628 630 629
f 629 630 631
f 630 632 631
f 631 632 633
f 632 634 633
f 633 634 635
f 634 636 635
f 635 636 637
f 636 638 637
f 637 638 639
f 638 640 639
f 639 640 641
f 640 642 641
f 641 642 643
f 642 644 643
f 643 644 645
f 644 646 645
f 645 646 647
f 646 648 647
f 647 648 649
f 648 650 649
f 649 650 651
f 650 652 651
f 651 652 653
f 652 654 653
f 653 654 655
f 654 656 655
f 655 656 657
f 656 658 657
f 657 658 659
f 658 660 659
f 659 660 661
f 660 662 661
f 661 662 663
f 662 664 663
f 663 664 665
f 664 666 665
f 665 666 667
f 666 668 667
f 667 668 669
f 668 670 669
f 669 670 671
f 670 672 671
f 671 672 673
f 672 674 673
f 673 674 675
f 674 676 675
f 675 676 677
f 676 678 677
f 677 678 679
f 678 680 679
f 679 680 681
f 680 682 681
f 681 682 683
f 682 684 683
f 683 684 685
f 684 686 685
f 685 686 687
f 686 688 687
f 687 688 689
f 688 690 689
f 689 690 691
f 690 692 691
f 691 692 693
f 692 694 693
f 693 694 695
f 694 696 695
f 695 696 697
f 696 698 697
f 697 698 699
f 698 700 699
f 699 700 701
f 700 702 701
f 701 702 703
f 702 704 703
f 703 704 705
f 704 706 705
f 705 706 707
f 706 708 707
f 707 708 709
f 708 710 709
f 709 710 711
f 710 712 711
f 711 712 713
f 712 714 713
f 713 714 715
f 714 716 715
f 715 716 717
f 716 718 717
f 717 718 719
f 718 720 719
f 719 720 721
f 720 722 721
f 721 722 723
f 722 724 723
f 723 724 725
f 724 726 725
f 725 726 727
f 726 728 727
f 727 728 729
f 728 730 729
f 729 730 731
f 730 732 731
f 731 732 733
f 732 734 733
f 733 734 591
f 734 592 591
f 735 736 737
f 736 738 737
f 737 738 739
f 740 741 742
f 741 743 742
f 744 745 746
f 747 748 749
f 750 751 752
f 753 754 755
f 756 757 758
f 759 760 761
f 585 762 586
f 586 762 763
f 762 764 763
f 763 764 765
f 765 764 766
f 764 767 766
f 766 767 768
f 769 770 771
f 770 772 771
f 771 772 767
f 772 773 767
f 767 773 768
f 774 775 776
f 775 777 776
f 776 777 771
f 777 778 771
f 771 778 769
f 776 779 774
f 779 780 774
f 774 780 781
f 781 780 782
f 780 783 782
f 782 783 784
f 783 785 784
f 784 785 786
f 786 785 787
f 785 788 787
f 787 788 789
f 789 788 790
f 788 791 790
f 790 791 792
f 792 791 793
f 791 794 793
f 793 794 795
f 794 796 795
f 795 796 797
f 797 796 798
f 796 799 798
f 798 799 800
f 799 801 800
f 800 801 802
f 802 801 803
f 801 804 803
f 803 804 805
f 804 806 805
f 805 806 807
f 807 806 808
f 806 809 808
f 808 809 810
f 810 809 811
f 809 812 811
f 811 812 813
f 813 812 814
f 812 815 814
f 814 815 816
f 816 815 817
f 815 818 817
f 817 818 819
f 819 818 820
f 818 821 820
f 820 821 822
f 822 821 823
f 821 824 823
f 823 824 825
f 825 824 826
f 824 827 826
f 826 827 828
f 828 827 829
f 827 830 829
f 829 830 831
f 832 833 830
f 833 834 830
f 830 834 831
f 835 836 832
f 836 837 832
f 832 837 833
f 838 839 840
f 839 841 840
f 840 841 835
f 841 842 835
f 835 842 836
f 838 840 843
f 840 844 843
f 843 844 845
f 845 844 846
f 844 847 846
f 846 847 848
f 849 850 851
f 850 852 851
f 851 852 847
f 852 853 847
f 847 853 848
f 849 851 854
f 851 855 854
f 854 855 856
f 857 858 855
f 858 859 855
f 855 859 856
f 860 861 862
f 861 863 862
f 862 863 857
f 863 864 857
f 857 864 858
f 860 862 865
f 862 866 865
f 865 866 867
f 868 869 870
f 869 871 870
f 870 871 866
f 871 872 866
f 866 872 867
f 761 760 870
f 760 873 870
f 870 873 868
f 874 875 876
f 875 877 876
f 876 877 878
f 877 879 878
f 878 879 761
f 879 880 761
f 761 880 759
f 874 876 881
f 876 882 881
f 881 882 883
f 758 757 882
f 757 884 882
f 882 884 883
f 885 886 758
f 886 887 758
f 758 887 756
f 755 754 888
f 754 889 888
f 889 890 888
f 888 890 885
f 890 891 885
f 885 891 886
f 892 893 755
f 893 894 755
f 755 894 753
f 895 896 897
f 897 898 895
f 898 899 895
f 895 899 892
f 899 900 892
f 892 900 893
f 901 902 903
f 902 904 903
f 903 904 896
f 904 905 896
f 896 905 897
f 903 906 901
f 906 907 901
f 901 907 908
f 751 750 909
f 750 910 909
f 910 911 909
f 909 911 907
f 911 912 907
f 907 912 908
f 913 914 752
f 914 915 752
f 752 915 750
f 752 916 913
f 916 917 913
f 913 917 918
f 748 747 917
f 747 919 917
f 917 919 918
f 920 921 749
f 921 922 749
f 749 922 747
f 749 923 920
f 923 924 920
f 920 924 925
f 926 927 928
f 928 929 926
f 929 930 926
f 926 930 924
f 930 931 924
f 924 931 925
f 932 933 934
f 934 935 932
f 935 936 932
f 932 936 927
f 936 937 927
f 927 937 928
f 938 939 940
f 940 941 938
f 941 942 938
f 938 942 933
f 942 943 933
f 933 943 934
f 944 945 946
f 945 947 946
f 946 947 948
f 944 949 945
f 949 950 945
f 945 950 939
f 950 951 939
f 939 951 940
f 745 744 952
f 744 953 952
f 953 954 952
f 952 954 947
f 954 955 947
f 947 955 948
f 956 957 401
f 957 402 401
f 737 739 958
f 959 960 961
f 960 962 961
f 958 963 737
f 963 964 737
f 737 964 965
f 964 960 965
f 965 960 966
f 960 959 966
f 967 968 964
f 969 970 963
f 970 971 963
f 963 971 972
f 973 964 974
f 964 975 974
f 962 976 961
f 976 977 961
f 961 977 978
f 979 980 981
f 981 982 979
f 982 983 979
f 979 983 961
f 972 984 963
f 984 985 963
f 963 985 986
f 968 987 964
f 987 988 964
f 964 988 975
f 978 989 961
f 989 990 961
f 961 990 979
f 986 991 963
f 991 992 963
f 963 992 964
f 992 993 964
f 964 993 967
f 973 994 964
f 994 995 964
f 964 995 996
f 995 997 996
f 996 997 998
f 997 999 998
f 998 999 1000
f 999 1001 1000
f 1000 1001 1002
f 1001 1003 1002
f 1002 1003 1004
f 1003 1005 1004
f 1004 1005 1006
f 1005 1007 1006
f 1006 1007 1008
f 1007 1009 1008
f 1008 1009 1010
f 1009 1011 1010
f 1010 1011 1012
f 1011 1013 1012
f 1012 1013 1014
f 1013 1015 1014
f 1014 1015 1016
f 1015 1017 1016
f 1016 1017 1018
f 1017 1019 1018
f 1018 1019 1020
f 1019 1021 1020
f 1020 1021 1022
f 1021 1023 1022
f 1022 1023 1024
f 1023 1025 1024
f 1024 1025 1026
f 1025 1027 1026
f 1026 1027 1028
f 1027 1029 1028
f 1028 1029 1030
f 1029 1031 1030
f 1030 1031 1032
f 1031 1033 1032
f 1032 1033 1034
f 1033 1035 1034
f 1034 1035 1036
f 1035 1037 1036
f 1036 1037 1038
f 1037 1039 1038
f 1038 1039 1040
f 1039 1041 1040
f 1040 1041 1042
f 1041 1043 1042
f 1042 1043 1044
f 1043 1045 1044
f 1044 1045 1046
f 1045 1047 1046
f 1046 1047 1048
f 1047 1049 1048
f 1048 1049 1050
f 1049 1051 1050
f 1050 1051 1052
f 1051 1053 1052
f 1052 1053 1054
f 1053 1055 1054
f 1054 1055 1056
f 1055 1057 1056
f 1056 1057 1058
f 1057 1059 1058
f 1058 1059 1060
f 1059 1061 1060
f 1060 1061 1062
f 1061 1063 1062
f 1062 1063 1064
f 1063 1065 1064
f 1064 1065 1066
f 1065 1067 1066
f 1066 1067 1068
f 1067 1069 1068
f 1068 1069 1070
f 1069 1071 1070
f 1070 1071 1072
f 1071 1073 1072
f 1072 1073 1074
f 1073 1075 1074
f 1074 1075 1076
f 1075 1077 1076
f 1076 1077 1078
f 1077 1079 1078
f 1078 1079 1080
f 1079 1081 1080
f 1080 1081 1082
f 1081 1083 1082
f 1082 1083 1084
f 1083 1085 1084
f 1084 1085 1086
f 1085 1087 1086
f 1086 1087 1088
f 1087 1089 1088
f 1088 1089 1090
f 1089 1091 1090
f 1090 1091 1092
f 1091 1093 1092
f 1092 1093 1094
f 1093 1095 1094
f 1094 1095 1096
f 1095 1097 1096
f 1096 1097 1098
f 1097 1099 1098
f 1098 1099 963
f 1099 1100 963
f 963 1100 969
f 1101 743 741
f 1101 1102 1103
f 1102 1104 1103
f 1103 1104 1105
f 1104 1106 1105
f 1105 1106 1107
f 741 1108 1109
f 741 1110 1111
f 1111 1112 741
f 1112 1113 741
f 741 1113 1114
f 1114 1115 741
f 1115 1116 741
f 741 1116 1101
f 1116 1117 1101
f 1101 1117 1102
f 1118 1119 741
f 1119 1120 741
f 741 1120 1108
f 1109 1121 741
f 1121 1122 741
f 741 1122 1110
f 1107 1106 1123
f 1106 1124 1123
f 1123 1124 1125
f 1124 1126 1125
f 1125 1126 1127
f 1126 1128 1127
f 1127 1128 1129
f 1128 1130 1129
f 1129 1130 1131
f 1130 1132 1131
f 1131 1132 1133
f 1132 1134 1133
f 1133 1134 1135
f 1134 1136 1135
f 1135 1136 1137
f 1136 1138 1137
f 1137 1138 1139
f 1138 1140 1139
f 1139 1140 1141
f 1140 1142 1141
f 1141 1142 1143
f 1142 1144 1143
f 1143 1144 1145
f 1144 1146 1145
f 1145 1146 1147
f 1146 1148 1147
f 1147 1148 1149
f 1148 1150 1149
f 1149 1150 1151
f 1150 1152 1151
f 1151 1152 1153
f 1152 1154 1153
f 1153 1154 1155
f 1154 1156 1155
f 1155 1156 1157
f 1156 1158 1157
f 1157 1158 1159
f 1158 1160 1159
f 1159 1160 1161
f 1160 1162 1161
f 1161 1162 1163
f 1162 1164 1163
f 1163 1164 1165
f 1164 1166 1165
f 1165 1166 1167
f 1166 1168 1167
f 1167 1168 1169
f 1168 1170 1169
f 1169 1170 1171
f 1170 1172 1171
f 1171 1172 1173
f 1172 1174 1173
f 1173 1174 1175
f 1174 1176 1175
f 1175 1176 1177
f 1176 1178 1177
f 1177 1178 1179
f 1178 1180 1179
f 1179 1180 1181
f 1180 1182 1181
f 1181 1182 1183
f 1182 1184 1183
f 1183 1184 1185
f 1184 1186 1185
f 1185 1186 1187
f 1186 1188 1187
f 1187 1188 1189
f 1188 1190 1189
f 1189 1190 1191
f 1190 1192 1191
f 1191 1192 1193
f 1192 1194 1193
f 1193 1194 1195
f 1194 1196 1195
f 1195 1196 1197
f 1196 1198 1197
f 1197 1198 1199
f 1198 1200 1199
f 1199 1200 1201
f 1200 1202 1201
f 1201 1202 1203
f 1202 1204 1203
f 1203 1204 1205
f 1204 1206 1205
f 1205 1206 1207
f 1206 1208 1207
f 1207 1208 1209
f 1208 1210 1209
f 1209 1210 1211
f 1210 1212 1211
f 1211 1212 1213
f 1212 1214 1213
f 1213 1214 1215
f 1214 1216 1215
f 1215 1216 1217
f 1216 1218 1217
f 1217 1218 1219
f 1218 1220 1219
f 1219 1220 1221
f 1220 1222 1221
f 1221 1222 1223
f 1222 1224 1223
f 1223 1224 1225
f 1224 1226 1225
f 1225 1226 1227
f 1226 1228 1227
f 1227 1228 1229
f 1228 1230 1229
f 1229 1230 1231
f 1230 1118 1231
f 1231 1118 1232
f 741 1233 1118
f 1233 1234 1118
f 1118 1234 1235
f 1235 1236 1118
f 1236 1237 1118
f 1118 1237 1238
f 1238 1239 1118
f 1239 1240 1118
f 1118 1240 1241
f 1241 1242 1118
f 1242 1243 1118
f 1118 1243 1232
f 1244 1245 1246
f 1245 1247 1246
f 746 1248 1249
f 1249 1250 746
f 1250 1251 746
f 746 1251 744
f 1252 1253 1040
f 1254 1255 1032
f 1256 1257 1030
f 1258 1060 1062
f 1259 1260 1261
f 1052 1054 1262
f 1056 1263 1054
f 1263 1264 1054
f 1054 1264 1262
f 1060 1258 1058
f 1258 1265 1058
f 1265 1266 1058
f 1058 1266 1056
f 1266 1267 1056
f 1056 1267 1263
f 1268 1269 1062
f 1269 1270 1062
f 1062 1270 1258
f 1062 1064 1268
f 1064 1066 1268
f 1268 1066 1271
f 1066 1068 1271
f 1271 1068 1272
f 1273 1274 1275
f 1078 1276 1076
f 1276 1273 1076
f 1076 1273 1074
f 1273 1275 1074
f 1074 1275 1072
f 1275 1277 1072
f 1072 1277 1070
f 1277 1278 1070
f 1070 1278 1068
f 1278 1279 1068
f 1068 1279 1272
f 1280 1281 1078
f 1281 1282 1078
f 1078 1282 1276
f 1283 1284 1084
f 1284 1285 1084
f 1084 1285 1082
f 1285 1280 1082
f 1082 1280 1080
f 1280 1078 1080
f 1086 1088 1286
f 1286 1287 1086
f 1287 1288 1086
f 1086 1288 1084
f 1288 1289 1084
f 1084 1289 1283
f 1090 1092 1290
f 1290 1291 1090
f 1291 1292 1090
f 1090 1292 1088
f 1292 1293 1088
f 1088 1293 1286
f 1294 1295 1094
f 1295 1296 1094
f 1094 1296 1092
f 1296 1297 1092
f 1092 1297 1290
f 1298 1096 1299
f 1096 1098 1299
f 1299 1098 963
f 1298 1300 1096
f 1300 1301 1096
f 1096 1301 1094
f 1301 1302 1094
f 1094 1302 1294
f 966 1303 965
f 1303 735 965
f 965 735 737
f 1304 1305 959
f 1305 1306 959
f 959 1306 966
f 1306 1307 966
f 966 1307 1303
f 1308 1309 959
f 1309 1310 959
f 959 1310 1304
f 959 961 1308
f 961 983 1308
f 1308 983 1311
f 1311 983 1312
f 983 982 1312
f 1312 982 1313
f 1313 982 1314
f 982 981 1314
f 1314 981 1315
f 981 980 1315
f 1315 980 1316
f 1316 980 1317
f 980 979 1317
f 1317 979 1318
f 979 990 1318
f 1318 990 1319
f 1319 990 1320
f 990 989 1320
f 1320 989 1321
f 989 978 1321
f 1321 978 1322
f 978 977 1322
f 1322 977 1323
f 1323 977 1324
f 977 976 1324
f 1324 976 1325
f 976 962 1325
f 1325 962 1326
f 962 960 1326
f 1326 960 1327
f 1327 960 1328
f 960 964 1328
f 1328 964 1329
f 964 996 1329
f 1329 996 1330
f 1330 996 1331
f 996 998 1331
f 1331 998 1332
f 1002 1333 1000
f 1333 1334 1000
f 1000 1334 998
f 1334 1335 998
f 998 1335 1332
f 1004 1336 1002
f 1336 1337 1002
f 1002 1337 1333
f 1006 1338 1004
f 1338 1339 1004
f 1004 1339 1336
f 1008 1340 1006
f 1340 1341 1006
f 1006 1341 1338
f 1010 1342 1008
f 1342 1343 1008
f 1008 1343 1340
f 1344 1345 1012
f 1345 1346 1012
f 1012 1346 1010
f 1346 1347 1010
f 1010 1347 1342
f 1344 1012 1348
f 1012 1014 1348
f 1348 1014 1349
f 1349 1014 1350
f 1014 1016 1350
f 1350 1016 1351
f 1351 1016 1352
f 1016 1018 1352
f 1352 1018 1353
f 1354 1355 1020
f 1355 1356 1020
f 1020 1356 1018
f 1356 1357 1018
f 1018 1357 1353
f 1354 1020 1358
f 1020 1022 1358
f 1358 1022 1359
f 1360 1361 1024
f 1361 1362 1024
f 1024 1362 1022
f 1362 1363 1022
f 1022 1363 1359
f 1360 1024 1364
f 1024 1026 1364
f 1364 1026 1365
f 1366 1367 1028
f 1367 1368 1028
f 1028 1368 1026
f 1368 1369 1026
f 1026 1369 1365
f 1257 1370 1030
f 1370 1371 1030
f 1030 1371 1028
f 1371 1372 1028
f 1028 1372 1366
f 1032 1255 1030
f 1255 1373 1030
f 1030 1373 1256
f 1374 1034 1375
f 1034 1036 1375
f 1375 1036 1376
f 1374 1377 1034
f 1377 1378 1034
f 1034 1378 1032
f 1378 1379 1032
f 1032 1379 1254
f 1040 1253 1038
f 1253 1380 1038
f 1380 1381 1038
f 1038 1381 1036
f 1381 1382 1036
f 1036 1382 1376
f 1042 1044 1383
f 1383 1384 1042
f 1384 1385 1042
f 1042 1385 1040
f 1385 1386 1040
f 1040 1386 1252
f 1048 1387 1046
f 1387 1388 1046
f 1388 1389 1046
f 1389 1390 1046
f 1046 1390 1044
f 1390 1391 1044
f 1044 1391 1383
f 1262 1392 1052
f 1392 1259 1052
f 1052 1259 1050
f 1259 1261 1050
f 1050 1261 1048
f 1261 1393 1048
f 1048 1393 1387
f 1394 1247 1395
f 1247 1245 1395
f 1101 1103 1396
f 1103 1397 1396
f 1246 1247 1398
f 1247 1394 1398
f 1399 1400 1401
f 1400 1402 1401
f 1401 1402 1403
f 1402 1404 1403
f 1403 1404 1405
f 1404 1406 1405
f 1405 1406 1407
f 1406 1408 1407
f 1407 1408 1409
f 1408 1410 1409
f 1409 1410 1411
f 1410 1412 1411
f 1411 1412 1413
f 1412 1414 1413
f 1413 1414 1415
f 1414 1416 1415
f 1415 1416 1417
f 1416 1418 1417
f 1417 1418 1419
f 1418 1420 1419
f 1419 1420 1421
f 1420 1422 1421
f 1421 1422 1423
f 1422 1424 1423
f 1423 1424 1425
f 1424 1426 1425
f 1425 1426 1427
f 1426 1428 1427
f 1427 1428 1429
f 1428 1430 1429
f 1429 1430 1431
f 1430 1432 1431
f 1431 1432 1433
f 1432 1434 1433
f 1433 1434 1435
f 1434 1436 1435
f 1435 1436 1437
f 1436 1438 1437
f 1437 1438 1439
f 1438 1440 1439
f 1439 1440 1441
f 1440 1442 1441
f 1441 1442 1443
f 1442 1444 1443
f 1443 1444 1445
f 1444 1446 1445
f 1445 1446 1447
f 1446 1448 1447
f 1447 1448 1449
f 1448 1450 1449
f 1451 1452 1453
f 1452 1451 1454
f 1455 1456 1457
f 1456 1458 1457
f 1459 1460 1461
f 1460 1462 1461
f 1463 1464 1465
f 1466 1467 1468
f 1469 1470 1471
f 1472 1473 1474
f 1475 1476 1477
f 1478 1479 1480
f 1479 1478 1481
f 1482 1483 1484
f 1485 1486 1487
f 1488 1489 1490
f 1491 1492 1493
f 1494 1495 1496
f 1497 1498 1499
f 1500 1501 1502
f 1503 1504 1505
f 1506 1502 1507
f 1508 1509 1510
f 1509 1508 1511
f 1512 1513 1514
f 1515 1516 1517
f 1518 1519 1520
f 1521 1522 1523
f 1524 1525 1526
f 1527 1528 1529
f 1530 1531 1532
f 1533 1534 1535
f 1536 1537 1538
f 1539 1540 1541
f 1542 1543 1544
f 1545 1546 1547
f 1548 1549 1550
f 1549 1551 1550
f 1548 1552 1549
f 1552 1553 1549
f 1549 1553 1554
f 1554 1555 1549
f 1555 1556 1549
f 1549 1556 1557
f 1556 1558 1557
f 1557 1558 1559
f 1558 1560 1559
f 1559 1560 1561
f 1560 1562 1561
f 1561 1562 1563
f 1562 1564 1563
f 1563 1564 1565
f 1566 1567 1568
f 1567 1569 1568
f 1569 1570 1568
f 1568 1570 1571
f 1551 1549 1571
f 1549 1572 1571
f 1571 1572 1568
f 1573 1574 1575
f 1576 1577 1575
f 1577 1578 1575
f 1575 1578 1579
f 1579 1580 1575
f 1580 1581 1575
f 1575 1581 1573
f 1574 1582 1575
f 1582 1583 1575
f 1575 1583 1584
f 1585 1586 1587
f 1586 1588 1587
f 1587 1588 1589
f 1589 1590 1587
f 1590 1591 1587
f 1587 1591 1592
f 1592 1593 1587
f 1593 1594 1587
f 1587 1594 1595
f 1595 1596 1587
f 1596 1597 1587
f 1587 1597 1598
f 1599 1600 1601
f 1600 1602 1601
f 1601 1602 1603
f 1603 1604 1601
f 1604 1605 1601
f 1601 1605 1606
f 1606 1607 1601
f 1607 1608 1601
f 1601 1608 1609
f 1576 1575 1609
f 1575 1610 1609
f 1609 1610 1601
f 1611 1612 1613
f 1612 1614 1613
f 1614 1615 1613
f 1615 1616 1613
f 1613 1616 1617
f 1617 1618 1613
f 1618 1619 1613
f 1613 1619 1620
f 1620 1621 1613
f 1621 1622 1613
f 1613 1622 1623
f 1623 1624 1613
f 1624 1625 1613
f 1613 1625 1626
f 1613 1627 1611
f 1627 1628 1611
f 1611 1628 1629
f 1628 1547 1629
f 1630 1545 1631
f 1545 1547 1631
f 1631 1547 1632
f 1547 1628 1632
f 1632 1628 1633
f 1633 1628 1634
f 1628 1627 1634
f 1634 1627 1635
f 1627 1613 1635
f 1635 1613 1636
f 1636 1613 1637
f 1613 1638 1637
f 1637 1638 1639
f 1638 1640 1639
f 1639 1640 1641
f 1640 1642 1641
f 1641 1642 1643
f 1642 1644 1643
f 1643 1644 1645
f 1645 1644 1646
f 1644 1647 1646
f 1646 1647 1648
f 1647 1649 1648
f 1648 1649 1650
f 1650 1649 1651
f 1649 1652 1651
f 1651 1652 1653
f 1654 1655 1656
f 1657 1658 1655
f 1658 1657 1659
f 1657 1660 1659
f 1659 1660 1661
f 1660 1662 1661
f 1662 1663 1661
f 1661 1663 1664
f 1663 1665 1664
f 1664 1665 1666
f 1666 1665 1667
f 1665 1668 1667
f 1667 1668 1669
f 1668 1670 1669
f 1669 1670 1671
f 1671 1670 1672
f 1670 1673 1672
f 1672 1673 1674
f 1675 1676 1677
f 1676 1678 1677
f 1677 1678 1679
f 1675 1677 1680
f 1677 1681 1680
f 1680 1681 1682
f 1683 1684 1681
f 1684 1685 1681
f 1681 1685 1682
f 1686 1687 1688
f 1687 1689 1688
f 1688 1689 1683
f 1689 1690 1683
f 1683 1690 1684
f 1691 1692 1693
f 1694 1695 1696
f 1695 1697 1696
f 1696 1697 1698
f 1699 1700 1701
f 1700 1702 1701
f 1701 1702 1703
f 1702 1704 1703
f 1539 1541 1705
f 1706 1534 1707
f 1534 1533 1707
f 1707 1533 1708
f 1709 1708 1710
f 1708 1533 1710
f 1710 1533 1711
f 1533 1535 1711
f 1711 1535 1712
f 1535 1713 1712
f 1714 1715 1716
f 1716 1715 1717
f 1718 1719 1720
f 1719 1721 1720
f 1720 1721 1722
f 1714 1718 1715
f 1718 1720 1715
f 1715 1720 1717
f 1720 1722 1717
f 1717 1722 1723
f 1722 1724 1723
f 1723 1724 1540
f 1725 1726 1727
f 1726 1728 1727
f 1727 1728 1729
f 1728 1730 1729
f 1729 1730 1731
f 1730 1732 1731
f 1731 1732 1733
f 1732 1734 1733
f 1531 1530 1735
f 1530 1736 1735
f 1735 1736 1737
f 1728 1532 1730
f 1532 1531 1730
f 1730 1531 1732
f 1531 1735 1732
f 1732 1735 1734
f 1735 1737 1734
f 1706 1738 1534
f 1738 1739 1534
f 1534 1739 1535
f 1739 1740 1535
f 1535 1740 1713
f 1740 1741 1713
f 1742 1743 1744
f 1743 1745 1744
f 1744 1745 1746
f 1745 1747 1746
f 1746 1747 1748
f 1749 1713 1750
f 1713 1741 1750
f 1750 1741 1751
f 1737 1752 1734
f 1752 1753 1734
f 1734 1753 1733
f 1753 1714 1733
f 1733 1714 1731
f 1714 1716 1731
f 1731 1716 1729
f 1716 1717 1729
f 1729 1717 1727
f 1717 1723 1727
f 1727 1723 1725
f 1723 1540 1725
f 1726 1709 1728
f 1709 1710 1728
f 1728 1710 1532
f 1710 1711 1532
f 1532 1711 1530
f 1711 1712 1530
f 1530 1712 1736
f 1712 1713 1736
f 1736 1713 1737
f 1713 1749 1737
f 1737 1749 1752
f 1749 1754 1752
f 1752 1754 1753
f 1754 1755 1753
f 1753 1755 1714
f 1755 1756 1714
f 1714 1756 1718
f 1756 1757 1718
f 1718 1757 1719
f 1757 1758 1719
f 1759 1760 1761
f 1762 1763 1764
f 1763 1765 1764
f 1764 1765 1766
f 1765 1767 1766
f 1768 1767 1769
f 1767 1765 1769
f 1769 1765 1770
f 1765 1763 1770
f 1751 1766 1771
f 1766 1767 1771
f 1771 1767 1772
f 1767 1768 1772
f 1772 1768 1761
f 1768 1773 1761
f 1761 1773 1759
f 1774 1742 1775
f 1742 1744 1775
f 1775 1744 1776
f 1744 1746 1776
f 1776 1746 1777
f 1746 1748 1777
f 1777 1748 1778
f 1760 1759 1779
f 1759 1780 1779
f 1779 1780 1781
f 1780 1782 1781
f 1781 1782 1783
f 1751 1771 1750
f 1771 1772 1750
f 1750 1772 1749
f 1772 1761 1749
f 1749 1761 1754
f 1761 1760 1754
f 1754 1760 1755
f 1760 1779 1755
f 1755 1779 1756
f 1779 1781 1756
f 1756 1781 1757
f 1781 1783 1757
f 1757 1783 1758
f 1528 1527 1784
f 1527 1785 1784
f 1784 1785 1786
f 1787 1788 1789
f 1788 1790 1789
f 1789 1790 1791
f 1790 1792 1791
f 1791 1792 1793
f 1792 1794 1793
f 1793 1794 1795
f 1794 1796 1795
f 1795 1796 1797
f 1796 1798 1797
f 1797 1798 1799
f 1798 1800 1799
f 1799 1800 1801
f 1800 1802 1801
f 1803 1804 1805
f 1804 1806 1805
f 1805 1806 1807
f 1806 1808 1807
f 1807 1808 1809
f 1808 1810 1809
f 1809 1810 1811
f 1804 1812 1806
f 1812 1525 1806
f 1806 1525 1808
f 1525 1524 1808
f 1808 1524 1810
f 1526 1525 1813
f 1525 1812 1813
f 1813 1812 1814
f 1812 1804 1814
f 1814 1804 1815
f 1804 1803 1815
f 1815 1803 1816
f 1817 1811 1818
f 1811 1810 1818
f 1818 1810 1819
f 1810 1524 1819
f 1819 1524 1820
f 1524 1526 1820
f 1820 1526 1821
f 1526 1813 1821
f 1821 1813 1822
f 1823 1817 1824
f 1817 1818 1824
f 1824 1818 1825
f 1818 1819 1825
f 1825 1819 1826
f 1819 1820 1826
f 1826 1820 1827
f 1820 1821 1827
f 1827 1821 1828
f 1821 1822 1828
f 1828 1822 1829
f 1830 1823 1831
f 1823 1824 1831
f 1831 1824 1832
f 1824 1825 1832
f 1832 1825 1833
f 1825 1826 1833
f 1833 1826 1834
f 1826 1827 1834
f 1834 1827 1835
f 1827 1828 1835
f 1835 1828 1836
f 1828 1829 1836
f 1836 1829 1837
f 1785 1830 1786
f 1830 1831 1786
f 1786 1831 1838
f 1831 1832 1838
f 1838 1832 1839
f 1832 1833 1839
f 1839 1833 1840
f 1833 1834 1840
f 1840 1834 1841
f 1834 1835 1841
f 1841 1835 1842
f 1835 1836 1842
f 1842 1836 1843
f 1836 1837 1843
f 1843 1837 1844
f 1788 1845 1790
f 1845 1846 1790
f 1790 1846 1792
f 1846 1847 1792
f 1792 1847 1794
f 1847 1848 1794
f 1794 1848 1796
f 1848 1849 1796
f 1796 1849 1798
f 1849 1850 1798
f 1798 1850 1800
f 1850 1851 1800
f 1800 1851 1802
f 1851 1852 1802
f 1853 1854 1855
f 1854 1856 1855
f 1855 1856 1857
f 1856 1858 1857
f 1857 1858 1859
f 1766 1860 1764
f 1860 1861 1764
f 1764 1861 1762
f 1861 1862 1762
f 1762 1862 1863
f 1862 1864 1863
f 1863 1864 1865
f 1864 1866 1865
f 1865 1866 1867
f 1866 1868 1867
f 1867 1868 1869
f 1868 1870 1869
f 1869 1870 1871
f 1870 1872 1871
f 1871 1872 1873
f 1872 1874 1873
f 1873 1874 1875
f 1874 1876 1875
f 1875 1876 1877
f 1876 1878 1877
f 1879 1880 1881
f 1880 1882 1881
f 1881 1882 1883
f 1882 1884 1883
f 1883 1884 1853
f 1884 1885 1853
f 1853 1885 1854
f 1845 1886 1846
f 1886 1887 1846
f 1846 1887 1847
f 1887 1888 1847
f 1847 1888 1848
f 1888 1889 1848
f 1848 1889 1849
f 1889 1890 1849
f 1849 1890 1850
f 1890 1891 1850
f 1850 1891 1851
f 1891 1892 1851
f 1851 1892 1852
f 1892 1893 1852
f 1852 1893 1894
f 1893 1895 1894
f 1894 1895 1896
f 1895 1897 1896
f 1896 1897 1898
f 1897 1899 1898
f 1887 1900 1888
f 1900 1901 1888
f 1888 1901 1889
f 1901 1902 1889
f 1889 1902 1890
f 1902 1903 1890
f 1890 1903 1891
f 1903 1904 1891
f 1891 1904 1892
f 1904 1905 1892
f 1892 1905 1893
f 1905 1906 1893
f 1893 1906 1895
f 1906 1907 1895
f 1895 1907 1897
f 1907 1908 1897
f 1897 1908 1899
f 1908 1909 1899
f 1529 1528 1910
f 1528 1784 1910
f 1910 1784 1911
f 1784 1786 1911
f 1911 1786 1912
f 1786 1838 1912
f 1912 1838 1913
f 1838 1839 1913
f 1913 1839 1914
f 1839 1840 1914
f 1914 1840 1915
f 1840 1841 1915
f 1915 1841 1916
f 1841 1842 1916
f 1916 1842 1917
f 1842 1843 1917
f 1917 1843 1918
f 1843 1844 1918
f 1918 1844 1919
f 1886 1529 1887
f 1529 1910 1887
f 1887 1910 1900
f 1910 1911 1900
f 1900 1911 1901
f 1911 1912 1901
f 1901 1912 1902
f 1912 1913 1902
f 1902 1913 1903
f 1913 1914 1903
f 1903 1914 1904
f 1914 1915 1904
f 1904 1915 1905
f 1915 1916 1905
f 1905 1916 1906
f 1916 1917 1906
f 1906 1917 1907
f 1917 1918 1907
f 1907 1918 1908
f 1918 1919 1908
f 1908 1919 1909
f 1920 1921 1922
f 1921 1923 1922
f 1922 1923 1924
f 1923 1925 1924
f 1924 1925 1926
f 1925 1927 1926
f 1926 1927 1928
f 1927 1929 1928
f 1928 1929 1930
f 1929 1931 1930
f 1930 1931 1932
f 1931 1933 1932
f 1932 1933 1934
f 1933 1935 1934
f 1934 1935 1936
f 1935 1937 1936
f 1936 1937 1938
f 1937 1939 1938
f 1938 1939 1940
f 1939 1941 1940
f 1940 1941 1942
f 1941 1943 1942
f 1942 1943 1944
f 1943 1945 1944
f 1944 1945 1946
f 1945 1523 1946
f 1909 1521 1899
f 1521 1523 1899
f 1899 1523 1898
f 1523 1945 1898
f 1898 1945 1896
f 1945 1943 1896
f 1896 1943 1894
f 1943 1941 1894
f 1894 1941 1852
f 1941 1939 1852
f 1852 1939 1802
f 1939 1937 1802
f 1802 1937 1801
f 1937 1935 1801
f 1801 1935 1799
f 1935 1933 1799
f 1799 1933 1797
f 1933 1931 1797
f 1797 1931 1795
f 1931 1929 1795
f 1795 1929 1793
f 1929 1927 1793
f 1793 1927 1791
f 1927 1925 1791
f 1791 1925 1789
f 1925 1923 1789
f 1789 1923 1787
f 1923 1921 1787
f 1522 1947 1523
f 1947 1948 1523
f 1523 1948 1946
f 1948 1949 1946
f 1946 1949 1944
f 1949 1950 1944
f 1944 1950 1942
f 1950 1951 1942
f 1942 1951 1940
f 1951 1952 1940
f 1940 1952 1938
f 1952 1953 1938
f 1938 1953 1936
f 1953 1954 1936
f 1936 1954 1934
f 1954 1955 1934
f 1934 1955 1932
f 1955 1956 1932
f 1932 1956 1930
f 1956 1957 1930
f 1930 1957 1928
f 1957 1958 1928
f 1928 1958 1926
f 1958 1959 1926
f 1926 1959 1924
f 1959 1960 1924
f 1924 1960 1922
f 1960 1961 1922
f 1922 1961 1920
f 1961 1962 1920
f 1738 1778 1739
f 1778 1748 1739
f 1739 1748 1740
f 1748 1747 1740
f 1740 1747 1741
f 1747 1745 1741
f 1741 1745 1751
f 1745 1743 1751
f 1751 1743 1766
f 1743 1742 1766
f 1766 1742 1860
f 1742 1774 1860
f 1860 1774 1861
f 1774 1963 1861
f 1861 1963 1862
f 1963 1964 1862
f 1862 1964 1864
f 1964 1965 1864
f 1864 1965 1866
f 1965 1966 1866
f 1866 1966 1868
f 1966 1967 1868
f 1868 1967 1870
f 1967 1968 1870
f 1870 1968 1872
f 1968 1969 1872
f 1872 1969 1874
f 1969 1970 1874
f 1874 1970 1876
f 1970 1971 1876
f 1876 1971 1878
f 1971 1972 1878
f 1973 1974 1975
f 1738 1962 1778
f 1962 1961 1778
f 1778 1961 1777
f 1961 1960 1777
f 1777 1960 1776
f 1960 1959 1776
f 1776 1959 1775
f 1959 1958 1775
f 1775 1958 1774
f 1958 1957 1774
f 1774 1957 1963
f 1957 1956 1963
f 1963 1956 1964
f 1956 1955 1964
f 1964 1955 1965
f 1955 1954 1965
f 1965 1954 1966
f 1954 1953 1966
f 1966 1953 1967
f 1953 1952 1967
f 1967 1952 1968
f 1952 1951 1968
f 1968 1951 1969
f 1951 1950 1969
f 1969 1950 1970
f 1950 1949 1970
f 1970 1949 1971
f 1949 1948 1971
f 1971 1948 1972
f 1948 1947 1972
f 1518 1974 1976
f 1974 1973 1976
f 1976 1973 1977
f 1518 1520 1974
f 1520 1978 1974
f 1974 1978 1975
f 1978 1979 1975
f 1975 1979 1980
f 1979 1981 1980
f 1980 1981 1982
f 1981 1983 1982
f 1982 1983 1984
f 1983 1985 1984
f 1984 1985 1986
f 1985 1987 1986
f 1986 1987 1879
f 1987 1988 1879
f 1879 1988 1880
f 1522 1977 1947
f 1977 1973 1947
f 1947 1973 1972
f 1973 1975 1972
f 1972 1975 1878
f 1975 1980 1878
f 1878 1980 1877
f 1980 1982 1877
f 1877 1982 1875
f 1982 1984 1875
f 1875 1984 1873
f 1984 1986 1873
f 1873 1986 1871
f 1986 1879 1871
f 1871 1879 1869
f 1879 1881 1869
f 1869 1881 1867
f 1881 1883 1867
f 1867 1883 1865
f 1883 1853 1865
f 1865 1853 1863
f 1853 1855 1863
f 1863 1855 1762
f 1855 1857 1762
f 1762 1857 1763
f 1857 1859 1763
f 1763 1859 1770
f 1989 1990 1991
f 1992 1993 1994
f 1993 1995 1994
f 1994 1995 1996
f 1995 1997 1996
f 1996 1997 1998
f 1997 1999 1998
f 1998 1999 2000
f 1999 2001 2000
f 2002 1991 2003
f 2002 2003 2004
f 2003 2005 2004
f 2004 2005 2006
f 1993 2002 1995
f 2002 2004 1995
f 1995 2004 1997
f 2004 2006 1997
f 1997 2006 1999
f 2006 2007 1999
f 1999 2007 2001
f 2007 2008 2001
f 1584 1566 1575
f 1566 1568 1575
f 1575 1568 1610
f 1568 2009 1610
f 1610 2009 1601
f 2009 2010 1601
f 1601 2010 2011
f 2010 2012 2011
f 2011 2012 2013
f 2012 2014 2013
f 2013 2014 2015
f 2014 2016 2015
f 2015 2016 2017
f 2005 2018 2006
f 2018 2019 2006
f 2006 2019 2007
f 2019 2020 2007
f 2007 2020 2008
f 2020 2021 2008
f 2008 2021 2022
f 2021 2023 2022
f 2022 2023 2024
f 2023 2025 2024
f 2024 2025 2026
f 2025 2027 2026
f 2026 2027 2028
f 2027 2029 2028
f 2028 2029 2030
f 2029 2031 2030
f 2030 2031 2032
f 2031 2033 2032
f 2032 2033 2034
f 2033 2035 2034
f 2034 2035 2036
f 2035 2037 2036
f 2036 2037 2038
f 2039 2038 2040
f 2038 2037 2040
f 2040 2037 1516
f 1564 1515 1565
f 1515 1517 1565
f 1565 1517 1563
f 1517 2041 1563
f 1563 2041 1561
f 2041 2042 1561
f 1561 2042 1559
f 2042 2043 1559
f 1559 2043 1557
f 2043 2044 1557
f 1557 2044 1549
f 2044 2045 1549
f 1549 2045 1572
f 2045 2046 1572
f 1572 2046 1568
f 2046 2047 1568
f 1568 2047 2009
f 2047 2048 2009
f 2009 2048 2010
f 2048 2049 2010
f 2050 1510 2051
f 1510 1509 2051
f 2051 1509 2052
f 1509 1511 2052
f 2052 1511 2053
f 2054 2055 2056
f 1501 1500 2057
f 1500 2058 2057
f 2057 2058 2059
f 2058 2060 2059
f 2059 2060 1698
f 1502 1506 1500
f 1506 2061 1500
f 1500 2061 2058
f 2061 2062 2058
f 2058 2062 2060
f 2063 2064 2065
f 2064 2066 2065
f 2065 2066 2067
f 2068 2063 2069
f 2063 2065 2069
f 2069 2065 2070
f 2065 2067 2070
f 2070 2067 2071
f 1991 2002 1989
f 2002 1993 1989
f 1989 1993 2072
f 1993 1992 2072
f 2072 1992 2073
f 1992 2074 2073
f 2073 2074 2075
f 2074 2076 2075
f 2075 2076 2077
f 2076 2078 2077
f 2077 2078 2079
f 2078 2080 2079
f 2079 2080 2081
f 1990 2082 2083
f 2082 2084 2083
f 2083 2084 2085
f 2084 2086 2085
f 2085 2086 2087
f 2086 2088 2087
f 2087 2088 2089
f 2088 2068 2089
f 2089 2068 2090
f 2068 2069 2090
f 2090 2069 2091
f 2069 2070 2091
f 2091 2070 2092
f 2070 2071 2092
f 2092 2071 2093
f 1990 1989 2082
f 1989 2072 2082
f 2082 2072 2084
f 2072 2073 2084
f 2084 2073 2086
f 2073 2075 2086
f 2086 2075 2088
f 2075 2077 2088
f 2088 2077 2068
f 2077 2079 2068
f 2068 2079 2063
f 2079 2081 2063
f 2063 2081 2064
f 2094 2095 2096
f 2095 2097 2096
f 2096 2097 2098
f 2097 2099 2098
f 2100 1499 2101
f 1499 1498 2101
f 2101 1498 1679
f 2099 2102 2103
f 2102 2104 2103
f 2103 2104 2105
f 2104 2106 2105
f 2105 2106 2107
f 2108 2106 2109
f 2106 2104 2109
f 2109 2104 2110
f 2104 2102 2110
f 2110 2102 2100
f 2102 2099 2100
f 2100 2099 1499
f 2099 2097 1499
f 1499 2097 1497
f 2097 2095 1497
f 2111 2112 2113
f 2112 2114 2113
f 2113 2114 2115
f 2114 2116 2115
f 2115 2116 2117
f 2116 2118 2117
f 2117 2118 2119
f 2108 2120 2106
f 2120 2119 2106
f 2106 2119 2107
f 2119 2118 2107
f 2016 2111 2017
f 2111 2113 2017
f 2017 2113 2121
f 2113 2115 2121
f 2121 2115 2122
f 2115 2117 2122
f 2122 2117 2123
f 2117 2119 2123
f 2123 2119 2124
f 2119 2120 2124
f 1516 2037 1517
f 2037 2035 1517
f 1517 2035 2041
f 2035 2033 2041
f 2041 2033 2042
f 2033 2031 2042
f 2042 2031 2043
f 2031 2029 2043
f 2043 2029 2044
f 2029 2027 2044
f 2044 2027 2045
f 2027 2025 2045
f 2045 2025 2046
f 2025 2023 2046
f 2046 2023 2047
f 2023 2021 2047
f 2047 2021 2048
f 2021 2020 2048
f 2048 2020 2049
f 2020 2019 2049
f 2049 2019 2010
f 2019 2018 2010
f 2010 2018 2012
f 2018 2005 2012
f 2012 2005 2014
f 2005 2003 2014
f 2014 2003 2016
f 2003 1991 2016
f 2016 1991 2111
f 1991 1990 2111
f 2111 1990 2112
f 1990 2083 2112
f 2112 2083 2114
f 2083 2085 2114
f 2114 2085 2116
f 2085 2087 2116
f 2116 2087 2118
f 2087 2089 2118
f 2118 2089 2107
f 2089 2090 2107
f 2107 2090 2105
f 2090 2091 2105
f 2105 2091 2103
f 2091 2092 2103
f 2103 2092 2099
f 2092 2093 2099
f 2099 2093 2098
f 1695 1692 1697
f 1692 1691 1697
f 1697 1691 2125
f 1691 2126 2125
f 2125 2126 2127
f 2126 2128 2127
f 2127 2128 2129
f 2128 2130 2129
f 2129 2130 2131
f 2130 2132 2131
f 2131 2132 2133
f 2132 2134 2133
f 2133 2134 2056
f 2056 2055 2133
f 2055 2135 2133
f 2133 2135 2131
f 2135 2136 2131
f 2131 2136 2129
f 2136 2137 2129
f 2129 2137 2127
f 2137 2138 2127
f 2127 2138 2125
f 2138 2139 2125
f 2125 2139 1697
f 1679 1498 1677
f 1498 1497 1677
f 1677 1497 1681
f 1497 2095 1681
f 1681 2095 1683
f 2095 2094 1683
f 1683 2094 1688
f 1495 1494 2140
f 1494 1654 2140
f 2140 1654 1652
f 1654 1656 1652
f 1652 1656 1653
f 1655 1654 1657
f 1654 1494 1657
f 1657 1494 1660
f 1494 1496 1660
f 1660 1496 1662
f 1496 2141 1662
f 1662 2141 1663
f 2141 2142 1663
f 1663 2142 1665
f 2142 2143 1665
f 1665 2143 1668
f 2143 2144 1668
f 1668 2144 1670
f 2144 2145 1670
f 1670 2145 1673
f 1626 2146 1613
f 2146 1585 1613
f 1613 1585 1638
f 1585 1587 1638
f 1638 1587 1640
f 1587 2147 1640
f 1640 2147 1642
f 2147 2148 1642
f 1642 2148 1644
f 2148 2149 1644
f 1644 2149 1647
f 2149 2150 1647
f 1647 2150 1649
f 2150 2151 1649
f 1649 2151 1652
f 2151 2152 1652
f 1652 2152 2140
f 2152 2153 2140
f 2140 2153 1495
f 1598 1599 1587
f 1599 1601 1587
f 1587 1601 2147
f 1601 2011 2147
f 2147 2011 2148
f 2011 2013 2148
f 2148 2013 2149
f 2013 2015 2149
f 2149 2015 2150
f 2015 2017 2150
f 2150 2017 2151
f 2017 2121 2151
f 2151 2121 2152
f 2121 2122 2152
f 2152 2122 2153
f 2122 2123 2153
f 2153 2123 1495
f 2123 2124 1495
f 1495 2124 1496
f 2124 2120 1496
f 1496 2120 2141
f 2120 2108 2141
f 2141 2108 2142
f 2108 2109 2142
f 2142 2109 2143
f 2109 2110 2143
f 2143 2110 2144
f 2110 2100 2144
f 2144 2100 2145
f 2100 2101 2145
f 2145 2101 1673
f 2101 1679 1673
f 1673 1679 1674
f 1679 1678 1674
f 2154 2155 2156
f 2155 2157 2156
f 2156 2157 2158
f 2159 2158 2160
f 2158 2161 2160
f 2160 2161 2162
f 1540 2163 2164
f 2163 2165 2164
f 2164 2165 2160
f 2165 2166 2160
f 2160 2166 2159
f 2167 2168 2169
f 1493 2170 2171
f 2171 2170 2172
f 2170 2173 2172
f 2172 2173 2174
f 2173 2175 2174
f 2174 2175 2176
f 2175 2177 2176
f 2176 2177 2154
f 2177 2178 2154
f 2154 2178 2155
f 1493 1492 2170
f 1492 2179 2170
f 2170 2179 2173
f 2179 2180 2173
f 2173 2180 2175
f 2180 2181 2175
f 2175 2181 2177
f 2181 2182 2177
f 2177 2182 2178
f 2182 2183 2178
f 2178 2183 2155
f 2183 2184 2155
f 2155 2184 2157
f 2168 2185 2169
f 2185 2186 2169
f 2169 2186 2187
f 2158 2157 2161
f 2157 2184 2161
f 2161 2184 2162
f 2184 2188 2162
f 2162 2188 2160
f 2188 1483 2160
f 2160 1483 2164
f 1483 1482 2164
f 2164 1482 1540
f 2189 2190 2191
f 2191 2190 2192
f 2193 2194 2195
f 2194 2196 2195
f 2195 2196 2197
f 1487 1486 2198
f 1486 2199 2198
f 2198 2199 2197
f 2199 2200 2197
f 2197 2200 2195
f 2190 2201 2192
f 2201 2202 2192
f 2192 2202 2203
f 2202 2204 2203
f 2203 2204 2193
f 2204 2205 2193
f 2193 2205 2194
f 2195 2206 2193
f 2206 2207 2193
f 2193 2207 2203
f 2207 2208 2203
f 2203 2208 2192
f 2208 2209 2192
f 2192 2209 2191
f 2185 2189 2186
f 2189 2191 2186
f 2186 2191 2187
f 2191 2209 2187
f 2187 2209 2210
f 2209 2208 2210
f 2210 2208 2211
f 2208 2207 2211
f 2211 2207 2212
f 2207 2206 2212
f 2212 2206 2213
f 2214 2215 2216
f 2214 2216 2217
f 2213 2206 2218
f 2206 2195 2218
f 2218 2195 2219
f 2195 2200 2219
f 2219 2200 2220
f 2200 2199 2220
f 2220 2199 2221
f 2199 1486 2221
f 2221 1486 2222
f 1486 1485 2222
f 2222 1485 2223
f 2216 2224 2217
f 2224 2225 2217
f 2217 2225 2226
f 2225 2227 2226
f 2227 2228 2226
f 2226 2228 2053
f 2228 2229 2053
f 2053 2229 2052
f 1514 1513 2230
f 1513 2231 2230
f 2230 2231 2232
f 1487 2215 1485
f 2215 2214 1485
f 1485 2214 2223
f 2214 2217 2223
f 2223 2217 2232
f 2217 2226 2232
f 2232 2226 2230
f 2226 2053 2230
f 2230 2053 1514
f 2053 1511 1514
f 1514 1511 1512
f 1511 1508 1512
f 2233 2234 2235
f 2236 2237 2234
f 2231 2238 2232
f 2238 2239 2232
f 2232 2239 2223
f 2239 2240 2223
f 2223 2240 2222
f 2240 2241 2222
f 2222 2241 2221
f 2241 2242 2221
f 2221 2242 2220
f 2242 2243 2220
f 2220 2243 2219
f 2243 2244 2219
f 2219 2244 2218
f 2244 2245 2218
f 2218 2245 2213
f 2245 2246 2213
f 2247 2248 2249
f 2248 2250 2249
f 2249 2250 2251
f 2251 2250 2252
f 2250 2253 2252
f 2252 2253 2254
f 2235 2251 2233
f 2251 2252 2233
f 2233 2252 2255
f 2252 2254 2255
f 2256 2257 2258
f 2257 2259 2258
f 2258 2259 2260
f 2259 2261 2260
f 2262 2261 2263
f 2261 2259 2263
f 2263 2259 2264
f 2259 2257 2264
f 2262 2247 2261
f 2247 2249 2261
f 2261 2249 2260
f 2249 2251 2260
f 2260 2251 2258
f 2251 2235 2258
f 2258 2235 2256
f 2265 2266 2267
f 2266 2268 2267
f 2267 2268 2269
f 2268 2270 2269
f 2270 2271 2269
f 2269 2271 2272
f 2271 2273 2272
f 2272 2273 2274
f 2275 2276 2277
f 2276 2278 2277
f 2277 2278 2279
f 2278 2280 2279
f 2279 2280 2281
f 2280 2282 2281
f 2281 2282 2283
f 2283 2265 2281
f 2265 2267 2281
f 2281 2267 2279
f 2267 2269 2279
f 2279 2269 2277
f 2269 2272 2277
f 2277 2272 2275
f 2272 2274 2275
f 2054 2284 2285
f 2284 2286 2285
f 1698 1697 2059
f 1697 2139 2059
f 2059 2139 2057
f 2139 2138 2057
f 2057 2138 1501
f 2138 2137 1501
f 1501 2137 1502
f 2137 2136 1502
f 1502 2136 1507
f 2136 2135 1507
f 1507 2135 2287
f 2135 2055 2287
f 2287 2055 2288
f 2055 2054 2288
f 2288 2054 2274
f 2054 2285 2274
f 2274 2285 2275
f 2285 2286 2275
f 2275 2286 2276
f 2289 2290 2291
f 2290 2292 2291
f 2291 2292 2293
f 2292 2294 2293
f 2293 2294 2295
f 2296 2289 2297
f 2289 2291 2297
f 2297 2291 2298
f 2291 2293 2298
f 2298 2293 2299
f 2293 2295 2299
f 2299 2295 2300
f 2134 1503 2056
f 1503 1505 2056
f 2056 1505 2054
f 1505 2301 2054
f 2054 2301 2284
f 2301 2302 2284
f 2284 2302 2286
f 2302 2303 2286
f 2286 2303 2276
f 2303 2304 2276
f 2276 2304 2278
f 2304 2305 2278
f 2278 2305 2280
f 2305 2306 2280
f 2280 2306 2282
f 2237 2236 2307
f 2236 2308 2307
f 2307 2308 2309
f 2308 2310 2309
f 2309 2310 2311
f 2310 2312 2311
f 2311 2312 2313
f 2312 2314 2313
f 2313 2314 2315
f 2314 2316 2315
f 2315 2316 2317
f 2316 2318 2317
f 2317 2318 1489
f 2319 2320 2321
f 2320 2322 2321
f 2321 2322 2323
f 2322 2324 2323
f 2323 2324 2325
f 2324 2326 2325
f 2325 2326 2327
f 2320 2318 2322
f 2318 2316 2322
f 2322 2316 2324
f 2316 2314 2324
f 2324 2314 2326
f 2314 2312 2326
f 2326 2312 2327
f 2312 2310 2327
f 2327 2310 2328
f 2310 2308 2328
f 2328 2308 1480
f 2329 2330 2331
f 2330 2332 2331
f 2331 2332 2333
f 2332 2334 2333
f 2333 2334 2335
f 1540 2336 1541
f 2336 1704 1541
f 1541 1704 1705
f 1704 1702 1705
f 1705 1702 2337
f 1702 1700 2337
f 2338 2329 2339
f 2329 2331 2339
f 2339 2331 2340
f 2331 2333 2340
f 2340 2333 2341
f 2333 2335 2341
f 2341 2335 1488
f 1489 2318 1490
f 2318 2320 1490
f 1490 2320 2342
f 2320 2319 2342
f 2342 2319 2343
f 2319 2344 2343
f 2343 2344 2345
f 1488 1490 2341
f 1490 2342 2341
f 2341 2342 2340
f 2342 2343 2340
f 2340 2343 2339
f 2343 2345 2339
f 2339 2345 2338
f 2346 2347 2348
f 2347 2349 2348
f 2348 2349 2350
f 2349 2351 2350
f 2350 2351 2352
f 1536 1699 1537
f 1699 1701 1537
f 1537 1701 2353
f 1701 1703 2353
f 2353 1703 2354
f 1703 1704 2354
f 2354 1704 1484
f 1704 2336 1484
f 1484 2336 1482
f 2336 1540 1482
f 2262 2355 2247
f 2355 2356 2247
f 2247 2356 2248
f 2356 2357 2248
f 2248 2357 2250
f 2357 2358 2250
f 2250 2358 2253
f 2358 2359 2253
f 2360 1475 2361
f 2360 2361 2362
f 2361 2363 2362
f 2362 2363 2364
f 1475 1477 2361
f 1477 2365 2361
f 2361 2365 2363
f 2365 2366 2363
f 2363 2366 2364
f 2234 2233 2236
f 2233 2255 2236
f 2236 2255 2308
f 2255 2254 2308
f 2308 2254 1480
f 2254 2253 1480
f 1480 2253 1478
f 2253 2359 1478
f 1478 2359 1481
f 2359 2367 1481
f 1481 2367 2368
f 2368 1472 1481
f 1472 1474 1481
f 1481 1474 1479
f 1474 2369 1479
f 1479 2369 1480
f 2369 2370 1480
f 1480 2370 2328
f 2370 2371 2328
f 2328 2371 2327
f 2371 2352 2327
f 2327 2352 2325
f 2352 2351 2325
f 2325 2351 2323
f 2351 2349 2323
f 2323 2349 2321
f 2349 2347 2321
f 2321 2347 2319
f 2347 2346 2319
f 2319 2346 2344
f 1473 1469 1474
f 1469 1471 1474
f 1474 1471 2369
f 1471 2372 2369
f 2369 2372 2370
f 2372 2373 2370
f 2370 2373 2371
f 2373 2374 2371
f 2371 2374 2352
f 2375 2296 2376
f 2296 2297 2376
f 2376 2297 2377
f 2297 2298 2377
f 2377 2298 2378
f 2298 2299 2378
f 2378 2299 2379
f 2299 2300 2379
f 2379 2300 2380
f 2381 2382 2383
f 2382 2384 2383
f 2384 2385 2383
f 2383 2385 2386
f 1468 1467 2387
f 1467 2388 2387
f 2387 2388 2389
f 1464 1463 2381
f 2390 2389 1463
f 2389 2388 1463
f 1463 2388 2381
f 2388 1467 2381
f 2381 1467 2382
f 1467 1466 2382
f 2382 1466 2384
f 1470 1461 1471
f 1461 1462 1471
f 1471 1462 2372
f 1462 2391 2372
f 2372 2391 2373
f 2391 2392 2373
f 2373 2392 2374
f 2392 2393 2374
f 2374 2393 2352
f 2393 2394 2352
f 2352 2394 2350
f 2394 2395 2350
f 2350 2395 2348
f 2395 2396 2348
f 2348 2396 2346
f 2396 2397 2346
f 2346 2397 2344
f 2398 1459 2399
f 1459 1461 2399
f 2399 1461 2400
f 1461 1470 2400
f 2400 1470 2401
f 1470 1469 2401
f 2401 1469 2402
f 1469 1473 2402
f 2402 1473 2403
f 1473 1472 2403
f 2403 1472 2404
f 1472 2368 2404
f 2404 2368 2366
f 2368 2367 2366
f 2366 2367 2364
f 2367 2359 2364
f 2364 2359 2362
f 2359 2358 2362
f 2362 2358 2360
f 2358 2357 2360
f 2360 2357 1475
f 2357 2356 1475
f 1475 2356 1476
f 2356 2355 1476
f 2398 1457 1459
f 1457 1458 1459
f 1459 1458 1460
f 1458 2405 1460
f 1460 2405 1462
f 2405 2406 1462
f 1462 2406 2391
f 2406 2407 2391
f 2391 2407 2392
f 2407 2408 2392
f 2392 2408 2393
f 2408 2409 2393
f 2393 2409 2394
f 2410 2411 2412
f 2411 2413 2412
f 2412 2413 2414
f 2413 2415 2414
f 2414 2415 2416
f 2417 2416 2418
f 2416 2415 2418
f 2418 2415 2419
f 2415 2413 2419
f 2419 2413 1465
f 2413 2411 1465
f 1465 2411 1463
f 2411 2410 1463
f 1463 2410 2390
f 2420 2421 2422
f 2421 2423 2422
f 2422 2423 2424
f 2383 2425 2381
f 2425 2426 2381
f 2381 2426 1464
f 2426 2427 1464
f 1464 2427 1465
f 2427 2420 1465
f 1465 2420 2419
f 2420 2422 2419
f 2419 2422 2418
f 2422 2424 2418
f 2418 2424 2417
f 2428 2429 2430
f 2429 2431 2430
f 2430 2431 1455
f 2432 2433 2434
f 2433 2435 2434
f 2432 2434 1451
f 2434 2436 1451
f 1451 2436 1454
f 2432 2428 2437
f 2432 2437 2433
f 2437 2438 2433
f 2433 2438 2435
f 2438 2439 2435
f 2435 2439 2440
f 2440 2441 2435
f 2441 2442 2435
f 2435 2442 2434
f 2442 2443 2434
f 2434 2443 2436
f 2428 2432 2429
f 2432 1451 2429
f 2429 1451 2431
f 1451 1453 2431
f 2431 1453 2444
f 1453 2445 2444
f 2444 2445 2446
f 2445 2447 2446
f 2446 2447 2448
f 2447 2449 2448
f 2448 2449 2450
f 2449 2451 2450
f 2450 2451 2452
f 2451 2453 2452
f 2452 2453 2454
f 2074 2421 2076
f 2421 2420 2076
f 2076 2420 2078
f 2420 2427 2078
f 2078 2427 2080
f 2427 2426 2080
f 2080 2426 2081
f 2426 2425 2081
f 2081 2425 2064
f 2425 2383 2064
f 2064 2383 2066
f 2383 2386 2066
f 2066 2386 2067
f 2386 2455 2067
f 2067 2455 2071
f 2455 2456 2071
f 2071 2456 2093
f 2456 2457 2093
f 2093 2457 2098
f 2457 2458 2098
f 2098 2458 2096
f 2458 2459 2096
f 2096 2459 2094
f 2459 2460 2094
f 2094 2460 1688
f 2460 1544 1688
f 1688 1544 1686
f 1544 1543 1686
f 1455 2431 1456
f 2431 2444 1456
f 1456 2444 1458
f 2444 2446 1458
f 1458 2446 2405
f 2446 2448 2405
f 2405 2448 2406
f 2448 2450 2406
f 2406 2450 2407
f 2450 2452 2407
f 2407 2452 2408
f 2452 2454 2408
f 2408 2454 2409
f 2454 2461 2409
f 2409 2461 2394
f 2461 2462 2394
f 2394 2462 2395
f 2462 2463 2395
f 2395 2463 2396
f 2463 2464 2396
f 2396 2464 2397
f 2464 2465 2397
f 2397 2465 2344
f 2465 1538 2344
f 2344 1538 2345
f 1538 1537 2345
f 2345 1537 2338
f 1537 2353 2338
f 2338 2353 2329
f 2353 2354 2329
f 2329 2354 2330
f 2354 1484 2330
f 2330 1484 2332
f 1484 1483 2332
f 2332 1483 2334
f 1483 2188 2334
f 2334 2188 2335
f 2188 2184 2335
f 2335 2184 1488
f 2184 2183 1488
f 1488 2183 1489
f 2183 2182 1489
f 1489 2182 2317
f 2182 2181 2317
f 2317 2181 2315
f 2181 2180 2315
f 2315 2180 2313
f 2180 2179 2313
f 2313 2179 2311
f 2179 1492 2311
f 2311 1492 2309
f 1492 1491 2309
f 2309 1491 2307
f 1468 2466 1466
f 2466 2467 1466
f 1466 2467 2384
f 2467 2468 2384
f 2384 2468 2385
f 2468 2469 2385
f 2385 2469 2386
f 2469 1504 2386
f 2386 1504 2455
f 1504 1503 2455
f 2455 1503 2456
f 1503 2134 2456
f 2456 2134 2457
f 2134 2132 2457
f 2457 2132 2458
f 2132 2130 2458
f 2458 2130 2459
f 2130 2128 2459
f 2459 2128 2460
f 2128 2126 2460
f 2460 2126 1544
f 2126 1691 1544
f 1544 1691 1542
f 1691 1693 1542
f 2466 2380 2467
f 2380 2300 2467
f 2467 2300 2468
f 2300 2295 2468
f 2468 2295 2469
f 2295 2294 2469
f 2469 2294 1504
f 2294 2292 1504
f 1504 2292 1505
f 2292 2290 1505
f 1505 2290 2301
f 2290 2289 2301
f 2301 2289 2302
f 2289 2296 2302
f 2302 2296 2303
f 2296 2375 2303
f 2303 2375 2304
f 2375 2470 2304
f 2304 2470 2305
f 2470 2471 2305
f 2305 2471 2306
f 2471 2246 2306
f 2306 2246 2282
f 2246 2245 2282
f 2282 2245 2283
f 2245 2244 2283
f 2283 2244 2265
f 2244 2243 2265
f 2265 2243 2266
f 2243 2242 2266
f 2266 2242 2268
f 2242 2241 2268
f 2268 2241 2270
f 2241 2240 2270
f 2270 2240 2271
f 2240 2239 2271
f 2271 2239 2273
f 2239 2238 2273
f 2273 2238 2274
f 2238 2231 2274
f 2274 2231 2288
f 2231 1513 2288
f 2288 1513 2287
f 1513 1512 2287
f 2287 1512 1507
f 1512 1508 1507
f 1507 1508 1506
f 1508 1510 1506
f 1506 1510 2061
f 1510 2050 2061
f 2061 2050 2062
f 2039 1519 2038
f 1519 1518 2038
f 2038 1518 2036
f 1518 1976 2036
f 2036 1976 2034
f 1976 1977 2034
f 2034 1977 2032
f 1977 1522 2032
f 2032 1522 2030
f 1522 1521 2030
f 2030 1521 2028
f 1521 1909 2028
f 2028 1909 2026
f 1909 1919 2026
f 2026 1919 2024
f 1919 1844 2024
f 2024 1844 2022
f 1844 1837 2022
f 2022 1837 2008
f 1837 1829 2008
f 2008 1829 2001
f 1829 1822 2001
f 2001 1822 2000
f 1822 1813 2000
f 2000 1813 1998
f 1813 1814 1998
f 1998 1814 1996
f 1814 1815 1996
f 1996 1815 1994
f 1815 1816 1994
f 1994 1816 1992
f 2171 2167 1493
f 2167 2169 1493
f 1493 2169 1491
f 2169 2187 1491
f 1491 2187 2307
f 2187 2210 2307
f 2307 2210 2237
f 2210 2211 2237
f 2237 2211 2234
f 2211 2212 2234
f 2234 2212 2235
f 2212 2213 2235
f 2235 2213 2256
f 2213 2246 2256
f 2256 2246 2257
f 2246 2471 2257
f 2257 2471 2264
f 2471 2470 2264
f 2264 2470 2263
f 2470 2375 2263
f 2263 2375 2262
f 2375 2376 2262
f 2262 2376 2355
f 2376 2377 2355
f 2355 2377 1476
f 2377 2378 1476
f 1476 2378 1477
f 2378 2379 1477
f 1477 2379 2365
f 2379 2380 2365
f 2365 2380 2366
f 2380 2466 2366
f 2366 2466 2404
f 2466 1468 2404
f 2404 1468 2403
f 1468 2387 2403
f 2403 2387 2402
f 2387 2389 2402
f 2402 2389 2401
f 2389 2390 2401
f 2401 2390 2400
f 2390 2410 2400
f 2400 2410 2399
f 2410 2412 2399
f 2399 2412 2398
f 2412 2414 2398
f 2398 2414 1457
f 2414 2416 1457
f 1457 2416 1455
f 2416 2417 1455
f 1455 2417 2430
f 2417 2424 2430
f 2430 2424 2428
f 2424 2423 2428
f 2428 2423 2437
f 2423 2421 2437
f 2437 2421 2438
f 2421 2074 2438
f 2438 2074 2439
f 2074 1992 2439
f 2439 1992 2440
f 1992 1816 2440
f 2440 1816 2441
f 1816 1803 2441
f 2441 1803 2442
f 1803 1805 2442
f 2442 1805 2443
f 1805 1807 2443
f 2443 1807 2436
f 1807 1809 2436
f 2436 1809 1454
f 1809 1811 1454
f 1454 1811 1452
f 1811 1817 1452
f 1452 1817 1453
f 1817 1823 1453
f 1453 1823 2445
f 1823 1830 2445
f 2445 1830 2447
f 1830 1785 2447
f 2447 1785 2449
f 1785 1527 2449
f 2449 1527 2451
f 1527 1529 2451
f 2451 1529 2453
f 1529 1886 2453
f 2453 1886 2454
f 1886 1845 2454
f 2454 1845 2461
f 1845 1788 2461
f 2461 1788 2462
f 1788 1787 2462
f 2462 1787 2463
f 1787 1921 2463
f 2463 1921 2464
f 1921 1920 2464
f 2464 1920 2465
f 1920 1962 2465
f 2465 1962 1538
f 1962 1738 1538
f 1538 1738 1536
f 1738 1706 1536
f 1536 1706 1699
f 1706 1707 1699
f 1699 1707 1700
f 1707 1708 1700
f 1700 1708 2337
f 1708 1709 2337
f 2337 1709 1705
f 1709 1726 1705
f 1705 1726 1539
f 1726 1725 1539
f 1539 1725 1540
f 110 2472 111
f 2472 2473 111
f 2474 1127 1129
f 1103 1105 1397
f 740 1233 741
f 2475 2476 1234
f 2477 2478 1235
f 2479 1223 1225
f 2480 2481 1197
f 1149 2482 1147
f 2482 2483 1147
f 1147 2483 1145
f 2483 2484 1145
f 1145 2484 1143
f 1153 2485 1151
f 2485 2486 1151
f 1151 2486 1149
f 2486 2487 1149
f 1149 2487 2482
f 1157 2488 1155
f 2488 2489 1155
f 1155 2489 1153
f 2489 2490 1153
f 1153 2490 2485
f 1159 2491 1157
f 2491 2492 1157
f 1157 2492 2488
f 1161 2493 1159
f 2493 2494 1159
f 1159 2494 2491
f 1163 2495 1161
f 2495 2496 1161
f 1161 2496 2493
f 1167 2497 1165
f 2497 2498 1165
f 1165 2498 1163
f 2498 2499 1163
f 1163 2499 2495
f 2500 2497 2501
f 2497 1167 2501
f 2501 1167 2502
f 1167 1169 2502
f 2502 1169 2503
f 1169 2504 2503
f 2504 1169 2505
f 1169 1171 2505
f 2505 1171 2506
f 2506 1171 2507
f 1171 1173 2507
f 2507 1173 2508
f 2508 1173 2509
f 1173 1175 2509
f 2509 1175 2510
f 2511 2512 1177
f 2512 2513 1177
f 1177 2513 1175
f 2513 2514 1175
f 1175 2514 2510
f 2511 1177 2515
f 1177 1179 2515
f 2515 1179 2516
f 2517 2518 1181
f 2518 2519 1181
f 1181 2519 1179
f 2519 2520 1179
f 1179 2520 2516
f 2517 1181 2521
f 1181 1183 2521
f 2521 1183 2522
f 2523 2524 1185
f 2524 2525 1185
f 1185 2525 1183
f 2525 2526 1183
f 1183 2526 2522
f 2527 2528 1187
f 2528 2529 1187
f 1187 2529 1185
f 2529 2530 1185
f 1185 2530 2523
f 2531 2532 1189
f 2532 2533 1189
f 1189 2533 1187
f 2533 2534 1187
f 1187 2534 2527
f 2531 1189 2535
f 1189 1191 2535
f 2535 1191 2536
f 2537 2538 1193
f 2538 2539 1193
f 1193 2539 1191
f 2539 2540 1191
f 1191 2540 2536
f 2537 1193 2541
f 1193 1195 2541
f 2541 1195 2542
f 1197 2481 1195
f 2481 2543 1195
f 1195 2543 2542
f 1199 1201 2544
f 2544 2545 1199
f 2545 2546 1199
f 1199 2546 1197
f 2546 2547 1197
f 1197 2547 2480
f 1203 1205 2548
f 2548 2549 1203
f 2549 2550 1203
f 1203 2550 1201
f 2550 2551 1201
f 1201 2551 2544
f 1207 1209 2552
f 2552 2553 1207
f 2553 2554 1207
f 1207 2554 1205
f 2554 2555 1205
f 1205 2555 2548
f 2556 2557 1211
f 2557 2558 1211
f 1211 2558 1209
f 2558 2559 1209
f 1209 2559 2552
f 1211 1213 2556
f 1213 1215 2556
f 2556 1215 2560
f 2561 2562 1217
f 2562 2563 1217
f 1217 2563 1215
f 2563 2564 1215
f 1215 2564 2560
f 1217 1219 2561
f 1219 1221 2561
f 2561 1221 2565
f 1223 2479 1221
f 2479 2566 1221
f 1221 2566 2565
f 2567 2568 1225
f 2568 2569 1225
f 1225 2569 2479
f 1225 1227 2567
f 1227 1229 2567
f 2567 1229 2570
f 1229 1231 2570
f 2570 1231 2571
f 2572 2573 1232
f 2573 2574 1232
f 1232 2574 1231
f 2574 2575 1231
f 1231 2575 2571
f 1241 2576 1242
f 2576 2572 1242
f 1242 2572 1243
f 2572 1232 1243
f 2577 2578 1241
f 2578 2579 1241
f 1241 2579 2576
f 1241 1240 2577
f 1240 1239 2577
f 2577 1239 2580
f 2581 2582 1238
f 2582 2583 1238
f 1238 2583 1239
f 2583 2584 1239
f 1239 2584 2580
f 1238 1237 2581
f 1237 1236 2581
f 2581 1236 2585
f 1235 2478 1236
f 2478 2586 1236
f 1236 2586 2585
f 1234 2476 1235
f 2476 2587 1235
f 1235 2587 2477
f 1233 740 1234
f 740 2588 1234
f 1234 2588 2475
f 1397 1105 2589
f 1105 1107 2589
f 2589 1107 2590
f 1123 2591 1107
f 2591 2592 1107
f 1107 2592 2590
f 1125 2593 1123
f 2593 2594 1123
f 1123 2594 2591
f 2474 2595 1127
f 2595 2596 1127
f 1127 2596 1125
f 2596 2597 1125
f 1125 2597 2593
f 2598 2599 1129
f 2599 2600 1129
f 1129 2600 2474
f 1129 1131 2598
f 1131 1133 2598
f 2598 1133 2601
f 1133 1135 2601
f 2601 1135 2602
f 2602 1135 2603
f 1135 1137 2603
f 2603 1137 2604
f 1137 1139 2604
f 2604 1139 2605
f 1139 1141 2605
f 2605 1141 2606
f 2606 1141 2607
f 1141 1143 2607
f 2607 1143 2608
f 1143 2484 2608
f 2608 2484 2609
f 2610 2611 2612
f 2611 2610 2613
f 2614 2615 2616
f 2617 2618 2619
f 2618 2620 2619
f 2621 2622 2623
f 2624 2625 2626
f 2627 2628 2629
f 2630 2631 2632
f 2633 2634 2635
f 2636 2633 2637
f 2638 2639 2640
f 2641 2642 2643
f 2644 2197 2196
f 2202 2201 2645
f 2646 2647 2648
f 2649 2650 2651
f 2652 2653 2654
f 2655 2656 2657
f 2658 2659 2660
f 2661 2662 2663
f 2664 2665 2666
f 2667 2668 2669
f 2670 2671 2672
f 2673 2674 2675
f 2676 2671 2677
f 2678 2679 2680
f 2681 2682 2683
f 2684 2685 2686
f 2687 1540 2688
f 2689 1540 2690
f 2691 2692 2693
f 2692 2694 2693
f 2695 2696 2697
f 2698 2699 2700
f 1694 1696 2701
f 1696 1698 2701
f 2701 1698 2060
f 1694 2701 2702
f 2701 2703 2702
f 2702 2703 2704
f 2705 2706 2707
f 2706 2708 2707
f 2707 2708 2709
f 2708 2710 2709
f 2709 2710 2703
f 2710 2711 2703
f 2703 2711 2704
f 2712 2713 2714
f 2713 2715 2714
f 2714 2715 2716
f 2715 2717 2716
f 2716 2717 2707
f 2717 2718 2707
f 2707 2718 2705
f 2719 2720 2721
f 2720 2722 2721
f 2721 2722 2714
f 2722 2723 2714
f 2714 2723 2712
f 2719 2721 2724
f 2721 2725 2724
f 2724 2725 2726
f 2727 2728 2729
f 2730 2731 2732
f 2731 2733 2732
f 2732 2733 2734
f 2733 2735 2734
f 2699 2698 2732
f 2698 2736 2732
f 2732 2736 2730
f 2737 2738 2700
f 2738 2739 2700
f 2700 2739 2698
f 2740 2741 2737
f 2741 2742 2737
f 2737 2742 2738
f 2743 2744 2745
f 2744 2691 2745
f 2745 2691 2746
f 2691 2693 2746
f 2746 2693 2747
f 2694 2748 2749
f 2747 2693 2750
f 2693 2694 2750
f 2750 2694 2751
f 2694 2749 2751
f 2751 2749 2752
f 2744 2753 2754
f 2754 2755 2744
f 2755 2756 2744
f 2744 2756 2757
f 2757 2758 2744
f 2758 2759 2744
f 2744 2759 2760
f 2760 2761 2744
f 2761 2762 2744
f 2744 2762 2763
f 2763 2764 2744
f 2764 2765 2744
f 2744 2765 2766
f 2766 2767 2744
f 2767 2768 2744
f 2744 2768 2691
f 2768 2769 2691
f 2691 2769 2692
f 2743 2695 2744
f 2695 2697 2744
f 2744 2697 2753
f 2697 2770 2753
f 2771 2772 2773
f 2774 2775 2773
f 2775 2776 2773
f 2773 2776 2771
f 2772 2777 2773
f 2777 2778 2773
f 2773 2778 2770
f 2778 2779 2770
f 2770 2779 2780
f 2780 2781 2770
f 2781 2782 2770
f 2770 2782 2783
f 2783 2784 2770
f 2784 2785 2770
f 2770 2785 2786
f 2786 2787 2770
f 2787 2788 2770
f 2770 2788 2789
f 2789 2790 2770
f 2790 2791 2770
f 2770 2791 2753
f 2792 2793 2794
f 2793 2795 2794
f 2794 2795 2796
f 2796 2797 2794
f 2797 2798 2794
f 2794 2798 2799
f 2799 2800 2794
f 2800 2801 2794
f 2794 2801 2802
f 2802 2803 2794
f 2803 2804 2794
f 2794 2804 2805
f 2804 2806 2805
f 2805 2806 2773
f 2806 2807 2773
f 2773 2807 2774
f 2808 2809 2810
f 2811 2812 2813
f 2812 2814 2813
f 2811 2815 2812
f 2815 2816 2812
f 2812 2816 2817
f 2817 2818 2812
f 2818 2819 2812
f 2812 2819 2820
f 2819 2821 2820
f 2820 2821 2810
f 2821 2822 2810
f 2810 2822 2808
f 2814 2812 2823
f 2812 2824 2823
f 2823 2824 2825
f 2824 2826 2825
f 2825 2826 2827
f 2826 2828 2827
f 2827 2828 2829
f 2828 2830 2829
f 2829 2830 2831
f 2830 2832 2831
f 2831 2832 2833
f 2689 2690 2834
f 2835 2836 2837
f 2836 2834 2837
f 2837 2834 2838
f 2834 2690 2838
f 2838 2690 2687
f 2690 1540 2687
f 2839 2835 2840
f 2835 2837 2840
f 2840 2837 2841
f 2837 2838 2841
f 2842 2843 2844
f 2843 2845 2844
f 2844 2845 2846
f 2845 2847 2846
f 2846 2847 2848
f 2612 2849 2850
f 2849 2851 2850
f 2850 2851 2852
f 2851 2853 2852
f 2852 2853 2854
f 2853 2855 2854
f 2854 2855 2856
f 2855 2857 2856
f 2856 2857 2858
f 2859 2860 2861
f 2860 2862 2861
f 2861 2862 2863
f 2862 2864 2863
f 2863 2864 2865
f 2866 2867 2688
f 2867 2868 2688
f 2688 2868 2687
f 2868 2869 2687
f 2687 2869 2838
f 2869 2870 2838
f 2838 2870 2841
f 2870 2871 2841
f 2841 2871 2840
f 2871 2872 2840
f 2840 2872 2839
f 2873 2866 2874
f 2866 2688 2874
f 2874 2688 1540
f 2682 2681 2875
f 2681 2876 2875
f 2875 2876 2877
f 2878 2877 2879
f 2877 2876 2879
f 2879 2876 2880
f 2876 2681 2880
f 2880 2681 2881
f 2681 2683 2881
f 2881 2683 2882
f 2882 2883 2881
f 2883 2884 2881
f 2881 2884 2880
f 2884 2885 2880
f 2880 2885 2879
f 2885 2858 2879
f 2879 2858 2878
f 2858 2857 2878
f 2663 2662 2886
f 2662 2887 2886
f 2886 2887 2680
f 2888 2889 2890
f 2889 2891 2890
f 2890 2891 2892
f 2891 2893 2892
f 2892 2893 2894
f 2895 2896 2897
f 2896 2898 2897
f 2897 2898 2899
f 2898 2900 2899
f 2899 2900 2901
f 2900 2902 2901
f 2889 2903 2891
f 2903 2904 2891
f 2891 2904 2893
f 2904 2905 2893
f 2893 2905 2894
f 2905 2906 2894
f 2894 2906 2895
f 2680 2679 2886
f 2679 2907 2886
f 2886 2907 2663
f 2686 2908 2684
f 2908 2903 2684
f 2684 2903 2685
f 2903 2889 2685
f 2685 2889 2859
f 2889 2888 2859
f 2859 2888 2860
f 2908 2909 2903
f 2909 2910 2903
f 2903 2910 2904
f 2910 2911 2904
f 2904 2911 2905
f 2911 2912 2905
f 2905 2912 2906
f 2677 2913 2914
f 2915 2916 2917
f 2916 2918 2917
f 2917 2918 2919
f 2918 2920 2919
f 2919 2920 2921
f 2920 2922 2921
f 2921 2922 2923
f 2922 2924 2923
f 2923 2924 2925
f 2924 2926 2925
f 2925 2926 2927
f 2926 2928 2927
f 2674 2673 2929
f 2673 2930 2929
f 2929 2930 2931
f 2930 2932 2931
f 2931 2932 2669
f 2669 2668 2931
f 2668 2933 2931
f 2931 2933 2929
f 2933 2934 2929
f 2929 2934 2674
f 2672 2671 2935
f 2671 2676 2935
f 2935 2676 2936
f 2677 2671 2913
f 2671 2670 2913
f 2913 2670 2937
f 2670 2938 2937
f 2937 2938 2939
f 2940 2665 2941
f 2665 2664 2941
f 2941 2664 2942
f 2943 2944 2945
f 2944 2946 2945
f 2945 2946 2947
f 2946 2948 2947
f 2947 2948 2949
f 2950 2951 2952
f 2951 2953 2952
f 2952 2953 2954
f 2953 2955 2954
f 2954 2955 2956
f 2955 2957 2956
f 2956 2957 2958
f 2957 2959 2958
f 2951 2943 2953
f 2943 2945 2953
f 2953 2945 2955
f 2945 2947 2955
f 2955 2947 2957
f 2947 2949 2957
f 2957 2949 2959
f 2960 2950 2961
f 2950 2952 2961
f 2961 2952 2962
f 2952 2954 2962
f 2962 2954 2963
f 2954 2956 2963
f 2963 2956 2964
f 2956 2958 2964
f 2965 2966 2967
f 2966 2968 2967
f 2967 2968 2969
f 2968 2970 2969
f 2969 2970 2971
f 2970 2972 2971
f 2971 2972 2973
f 2972 2974 2973
f 2964 2975 2963
f 2975 2976 2963
f 2963 2976 2962
f 2976 2977 2962
f 2962 2977 2961
f 2977 2978 2961
f 2961 2978 2960
f 2978 2979 2960
f 2960 2979 2980
f 2979 2981 2980
f 2982 2965 2983
f 2965 2967 2983
f 2983 2967 2984
f 2967 2969 2984
f 2984 2969 2985
f 2969 2971 2985
f 2985 2971 2986
f 2971 2973 2986
f 2661 2987 2988
f 2987 2989 2988
f 2990 2989 2991
f 2989 2987 2991
f 2991 2987 2992
f 2987 2661 2992
f 2992 2661 2993
f 2661 2663 2993
f 2663 2994 2993
f 2994 2995 2993
f 2993 2995 2992
f 2995 2996 2992
f 2992 2996 2991
f 2996 2997 2991
f 2991 2997 2990
f 2997 2998 2990
f 2999 2998 3000
f 2998 2997 3000
f 3000 2997 3001
f 2997 2996 3001
f 3001 2996 3002
f 2996 2995 3002
f 3002 2995 3003
f 2995 2994 3003
f 3003 2994 3004
f 2994 2663 3004
f 3004 2663 3005
f 2663 2907 3005
f 2679 3006 2907
f 3006 3007 2907
f 2907 3007 3005
f 3007 3008 3005
f 3005 3008 3004
f 3008 3009 3004
f 3004 3009 3003
f 3009 3010 3003
f 3003 3010 3002
f 3010 3011 3002
f 3002 3011 3001
f 3011 3012 3001
f 3001 3012 3000
f 3012 3013 3000
f 3000 3013 2999
f 3013 3014 2999
f 3015 3014 3016
f 3014 3013 3016
f 3016 3013 3017
f 3013 3012 3017
f 3017 3012 3018
f 3012 3011 3018
f 3018 3011 3019
f 3011 3010 3019
f 3019 3010 3020
f 3010 3009 3020
f 3020 3009 3021
f 3009 3008 3021
f 3021 3008 3022
f 3008 3007 3022
f 3022 3007 3023
f 3007 3006 3023
f 3024 3025 3026
f 3025 3027 3026
f 3026 3027 3028
f 3027 3029 3028
f 3028 3029 3030
f 3029 3031 3030
f 3030 3031 3032
f 3033 2982 3034
f 2982 2983 3034
f 3034 2983 3035
f 2983 2984 3035
f 3035 2984 3036
f 2984 2985 3036
f 3036 2985 3037
f 2985 2986 3037
f 3037 2986 3038
f 2986 2973 3038
f 3038 2973 3039
f 2973 2974 3039
f 3039 2974 3040
f 3041 3042 3043
f 3042 3044 3043
f 3043 3044 3045
f 3044 3046 3045
f 3045 3046 3047
f 3046 3048 3047
f 3047 3048 3049
f 3048 3050 3049
f 3049 3050 3051
f 3050 3052 3051
f 3051 3052 3053
f 3052 2942 3053
f 3053 2942 3054
f 2942 2664 3054
f 3054 2664 3055
f 2664 2666 3055
f 3055 2666 3056
f 3042 3033 3044
f 3033 3034 3044
f 3044 3034 3046
f 3034 3035 3046
f 3046 3035 3048
f 3035 3036 3048
f 3048 3036 3050
f 3036 3037 3050
f 3050 3037 3052
f 3037 3038 3052
f 3052 3038 2942
f 3038 3039 2942
f 2942 3039 2941
f 3039 3040 2941
f 2941 3040 2940
f 3056 3057 3055
f 3057 3058 3055
f 3055 3058 3054
f 3058 3059 3054
f 3054 3059 3053
f 3059 3060 3053
f 3053 3060 3051
f 3060 3061 3051
f 3051 3061 3049
f 3061 3062 3049
f 3049 3062 3047
f 3062 3063 3047
f 3047 3063 3045
f 3063 2660 3045
f 3045 2660 3043
f 2660 2659 3043
f 3043 2659 3041
f 3064 3065 3066
f 3065 3067 3066
f 3066 3067 3068
f 2940 2939 2665
f 2939 2938 2665
f 2665 2938 2666
f 2938 2670 2666
f 2666 2670 3056
f 2670 2672 3056
f 3056 2672 3057
f 2672 3069 3057
f 3057 3069 3058
f 3069 3070 3058
f 3058 3070 3059
f 3070 3071 3059
f 3059 3071 3060
f 3071 3072 3060
f 3060 3072 3061
f 3072 3073 3061
f 3061 3073 3062
f 3073 3074 3062
f 3062 3074 3063
f 3074 3075 3063
f 3063 3075 2660
f 3075 3076 2660
f 2660 3076 2658
f 3076 2657 2658
f 2657 2656 2658
f 2656 3077 2658
f 2658 3077 2659
f 3077 3078 2659
f 2659 3078 3041
f 3078 3079 3041
f 3041 3079 3042
f 3079 3080 3042
f 3042 3080 3033
f 3080 3081 3033
f 3033 3081 2982
f 3081 3082 2982
f 2982 3082 2965
f 3082 3083 2965
f 2965 3083 2966
f 3084 2655 3085
f 2655 2657 3085
f 3085 2657 3086
f 2657 3076 3086
f 3086 3076 3087
f 3076 3075 3087
f 3087 3075 3015
f 3075 3074 3015
f 3015 3074 3014
f 3074 3073 3014
f 3014 3073 2999
f 3073 3072 2999
f 2999 3072 2998
f 3072 3071 2998
f 2998 3071 2990
f 3071 3070 2990
f 2990 3070 2989
f 3070 3069 2989
f 2989 3069 2988
f 3069 2672 2988
f 2988 2672 2661
f 2672 2935 2661
f 2661 2935 2662
f 2935 2936 2662
f 2662 2936 2887
f 3031 3088 3032
f 3088 3089 3032
f 3032 3089 3090
f 3089 3091 3090
f 3090 3091 3092
f 3091 3093 3092
f 3092 3093 3094
f 3093 3095 3094
f 3094 3095 3096
f 3095 3097 3096
f 3096 3097 3064
f 3097 3098 3064
f 3064 3098 3065
f 3026 2902 3024
f 2902 2900 3024
f 3024 2900 3099
f 2900 2898 3099
f 3099 2898 3100
f 2898 2896 3100
f 3100 2896 3101
f 2896 2895 3101
f 3101 2895 3102
f 2895 2906 3102
f 3103 3104 3105
f 3104 3106 3105
f 3105 3106 3107
f 3106 3108 3107
f 3107 3108 3109
f 3108 3110 3109
f 3109 3110 3111
f 3110 3112 3111
f 3111 3112 3113
f 3114 3115 3116
f 3115 3117 3116
f 3116 3117 3118
f 3117 3119 3118
f 3118 3119 3120
f 2809 2792 2810
f 2792 2794 2810
f 2810 2794 3121
f 2794 2805 3121
f 3121 2805 3122
f 2805 2773 3122
f 3123 3124 3125
f 3124 3126 3125
f 3125 3126 3127
f 3126 3128 3127
f 3127 3128 3129
f 3128 3130 3129
f 3129 3130 3131
f 3130 3132 3131
f 3131 3132 3133
f 3132 3134 3133
f 3133 3134 3135
f 3134 3136 3135
f 3135 3136 3137
f 3136 3138 3137
f 3137 3138 3139
f 3138 3140 3139
f 3139 3140 3141
f 3140 3142 3141
f 3141 3142 3143
f 3142 3144 3143
f 3143 3144 3145
f 3146 3123 3147
f 3123 3125 3147
f 3147 3125 3148
f 3125 3127 3148
f 3148 3127 3149
f 3127 3129 3149
f 3149 3129 3150
f 3129 3131 3150
f 3150 3131 3151
f 3131 3133 3151
f 3151 3133 3152
f 3133 3135 3152
f 3152 3135 3153
f 3135 3137 3153
f 3153 3137 3154
f 3137 3139 3154
f 3154 3139 3155
f 3139 3141 3155
f 3155 3141 3156
f 3141 3143 3156
f 3156 3143 3157
f 3143 3145 3157
f 3157 3145 3158
f 3158 2833 3157
f 2833 2832 3157
f 3157 2832 3156
f 2832 2830 3156
f 3156 2830 3155
f 2830 2828 3155
f 3155 2828 3154
f 2828 2826 3154
f 3154 2826 3153
f 2826 2824 3153
f 3153 2824 3152
f 2824 2812 3152
f 3152 2812 3151
f 2812 2820 3151
f 3151 2820 3150
f 2820 2810 3150
f 3150 2810 3149
f 2810 3121 3149
f 3149 3121 3148
f 3121 3122 3148
f 3159 3160 3161
f 3162 2653 3163
f 2653 2652 3163
f 3163 2652 3164
f 2052 3165 2051
f 3165 2654 2051
f 2051 2654 2050
f 2654 2653 2050
f 2050 2653 2062
f 2653 3162 2062
f 2062 3162 2060
f 3166 3167 3168
f 3169 2650 3170
f 2650 2649 3170
f 3170 2649 3171
f 3172 3169 3173
f 3169 3170 3173
f 3173 3170 3174
f 3170 3171 3174
f 3174 3171 3175
f 3176 3175 3177
f 3175 3171 3177
f 3177 3171 3178
f 3171 2649 3178
f 3178 2649 3179
f 2649 2651 3179
f 3179 2651 3180
f 2651 3181 3180
f 3180 3181 3182
f 3181 3183 3182
f 3182 3183 3184
f 3183 3185 3184
f 3184 3185 3113
f 3186 3187 3188
f 3187 3189 3188
f 3188 3189 3190
f 3189 3191 3190
f 3190 3191 3192
f 3191 3193 3192
f 3192 3193 3194
f 3193 3112 3194
f 3194 3112 3195
f 3112 3110 3195
f 3195 3110 3196
f 3110 3108 3196
f 3196 3108 3197
f 3108 3106 3197
f 3197 3106 3198
f 3106 3104 3198
f 3198 3104 3199
f 3104 3103 3199
f 3199 3103 3200
f 3113 3112 3184
f 3112 3193 3184
f 3184 3193 3182
f 3193 3191 3182
f 3182 3191 3180
f 3191 3189 3180
f 3180 3189 3179
f 3189 3187 3179
f 3179 3187 3178
f 3187 3186 3178
f 3178 3186 3177
f 3201 3202 3203
f 3202 3204 3203
f 3203 3204 3205
f 3176 3206 3201
f 3206 3207 3201
f 3201 3207 3202
f 3207 3208 3202
f 3120 3209 3210
f 3209 3211 3210
f 3210 3211 3212
f 3211 3213 3212
f 3212 3213 3214
f 3213 3215 3214
f 3214 3215 3216
f 3215 3217 3216
f 3216 3217 3218
f 3217 3208 3218
f 3218 3208 3219
f 3208 3207 3219
f 3219 3207 3220
f 3207 3206 3220
f 3119 3221 3120
f 3221 3222 3120
f 3120 3222 3209
f 3222 3223 3209
f 3209 3223 3211
f 3223 3224 3211
f 3211 3224 3213
f 3224 3225 3213
f 3213 3225 3215
f 3225 3226 3215
f 3215 3226 3217
f 3176 3177 3206
f 3177 3186 3206
f 3206 3186 3220
f 3186 3188 3220
f 3220 3188 3219
f 3188 3190 3219
f 3219 3190 3218
f 3190 3192 3218
f 3218 3192 3216
f 3192 3194 3216
f 3216 3194 3214
f 3194 3195 3214
f 3214 3195 3212
f 3195 3196 3212
f 3212 3196 3210
f 3196 3197 3210
f 3210 3197 3120
f 3197 3198 3120
f 3120 3198 3118
f 3198 3199 3118
f 3118 3199 3116
f 3199 3200 3116
f 3116 3200 3114
f 3227 3228 3229
f 3228 3230 3229
f 3229 3230 3231
f 3230 3232 3231
f 3231 3232 3233
f 3232 3234 3233
f 3233 3234 3235
f 3234 3236 3235
f 3235 3236 3237
f 3236 3167 3237
f 3237 3167 3238
f 3167 3166 3238
f 3238 3166 3239
f 3226 3240 3217
f 3240 3241 3217
f 3217 3241 3208
f 3241 3242 3208
f 3208 3242 3202
f 3242 3243 3202
f 3202 3243 3204
f 3243 2727 3204
f 3204 2727 3205
f 2727 2729 3205
f 3168 3167 3244
f 3167 3236 3244
f 3244 3236 3245
f 3236 3234 3245
f 3245 3234 3164
f 3234 3232 3164
f 3164 3232 3163
f 3232 3230 3163
f 3163 3230 3162
f 3230 3228 3162
f 3162 3228 2060
f 3228 3227 2060
f 2060 3227 2701
f 3227 3229 2701
f 2701 3229 2703
f 3229 3231 2703
f 2703 3231 2709
f 3231 3233 2709
f 2709 3233 2707
f 3233 3235 2707
f 2707 3235 2716
f 3235 3237 2716
f 2716 3237 2714
f 3237 3238 2714
f 2714 3238 2721
f 3238 3239 2721
f 2721 3239 2725
f 2647 2646 3246
f 2646 3247 3246
f 3246 3247 3248
f 3249 3250 3251
f 3250 3252 3251
f 3251 3252 3253
f 3252 3254 3253
f 3253 3254 3248
f 3254 3255 3248
f 3248 3255 3246
f 3255 3256 3246
f 3246 3256 2647
f 3257 3258 3259
f 3258 2740 3259
f 3259 2740 3260
f 2740 2737 3260
f 3260 2737 3261
f 2737 2700 3261
f 3261 2700 3262
f 2700 2699 3262
f 3262 2699 2648
f 2699 2732 2648
f 2648 2732 2646
f 2732 2734 2646
f 2646 2734 3247
f 2734 2735 3247
f 3247 2735 3248
f 2735 3263 3248
f 3248 3263 3253
f 3263 3264 3253
f 3253 3264 3251
f 3264 3265 3251
f 3251 3265 3249
f 3265 3266 3249
f 3115 3257 3117
f 3257 3259 3117
f 3117 3259 3119
f 3259 3260 3119
f 3119 3260 3221
f 3260 3261 3221
f 3221 3261 3222
f 3261 3262 3222
f 3222 3262 3223
f 3262 2648 3223
f 3223 2648 3224
f 2648 2647 3224
f 3224 2647 3225
f 2647 3256 3225
f 3225 3256 3226
f 3256 3255 3226
f 3226 3255 3240
f 3255 3254 3240
f 3240 3254 3241
f 3254 3252 3241
f 3241 3252 3242
f 3252 3250 3242
f 3242 3250 3243
f 3250 3249 3243
f 3243 3249 2727
f 3249 3266 2727
f 2727 3266 2728
f 3267 2154 3268
f 2154 2156 3268
f 3268 2156 3269
f 2156 2158 3269
f 3269 2158 2159
f 2166 2165 3270
f 2165 2163 3270
f 3270 2163 1540
f 2190 2189 3271
f 2189 2185 3271
f 3271 2185 3272
f 2185 2168 3272
f 3272 2168 3273
f 2168 2167 3273
f 3273 2167 3274
f 2167 2171 3274
f 3274 2171 3275
f 2171 2172 3275
f 3275 2172 3276
f 2159 3277 3269
f 3277 3278 3269
f 3269 3278 3268
f 3278 3279 3268
f 3268 3279 3267
f 3279 3280 3267
f 3267 3280 2154
f 3280 2176 2154
f 1540 3281 3270
f 3281 3277 3270
f 3270 3277 2166
f 3277 2159 2166
f 3282 3271 3283
f 3271 3272 3283
f 3283 3272 3284
f 3272 3273 3284
f 3284 3273 3285
f 3273 3274 3285
f 3285 3274 3286
f 3274 3275 3286
f 3286 3275 3287
f 3275 3276 3287
f 3287 3276 3288
f 3289 2204 2202
f 3290 2196 2194
f 2197 2644 2198
f 2644 3291 2198
f 2198 3291 1487
f 2643 2642 3292
f 2642 3293 3292
f 3292 3293 3294
f 3293 3295 3294
f 3294 3295 3290
f 2202 2645 3289
f 2645 3296 3289
f 3289 3296 3297
f 3296 3298 3297
f 3297 3298 3299
f 3291 3300 1487
f 3300 3301 1487
f 1487 3301 2215
f 3301 3302 2215
f 2215 3302 2216
f 3302 3303 2216
f 2216 3303 2224
f 2196 3290 2644
f 3290 3295 2644
f 2644 3295 3291
f 3295 3293 3291
f 3291 3293 3300
f 3293 2642 3300
f 3300 2642 3301
f 2642 2641 3301
f 3301 2641 3302
f 2224 3303 2225
f 3303 3304 2225
f 2225 3304 2227
f 2227 3304 2228
f 3304 3305 2228
f 2228 3305 2229
f 3306 3307 3308
f 3307 3309 3308
f 3308 3309 3310
f 3309 3311 3310
f 3310 3311 3312
f 3311 3313 3312
f 3312 3313 3314
f 3313 3315 3314
f 3314 3315 3165
f 3315 3316 3165
f 3165 3316 2654
f 3316 3317 2654
f 2654 3317 2652
f 3317 3318 2652
f 2652 3318 3164
f 3318 3319 3164
f 3164 3319 3245
f 3319 3161 3245
f 3245 3161 3244
f 3161 3160 3244
f 3244 3160 3168
f 2052 2229 3165
f 2229 3305 3165
f 3165 3305 3314
f 3305 3304 3314
f 3314 3304 3312
f 3304 3303 3312
f 3312 3303 3310
f 3303 3302 3310
f 3310 3302 3308
f 3302 2641 3308
f 3308 2641 3306
f 2641 2643 3306
f 3320 3321 3322
f 3321 3323 3322
f 3322 3323 3324
f 3323 3325 3324
f 3324 3325 3326
f 2640 2639 3327
f 2639 3328 3327
f 3327 3328 3329
f 3328 3330 3329
f 3329 3330 3331
f 2634 2633 3332
f 2633 2636 3332
f 3332 2636 3333
f 2637 2633 3321
f 2633 2635 3321
f 3321 2635 3323
f 2635 3334 3323
f 3323 3334 3325
f 3334 3335 3325
f 3325 3335 3326
f 3335 3282 3326
f 3326 3282 3336
f 3282 3283 3336
f 3336 3283 3337
f 3283 3284 3337
f 3337 3284 3338
f 3284 3285 3338
f 3338 3285 3339
f 3285 3286 3339
f 3339 3286 3340
f 3286 3287 3340
f 3340 3287 3341
f 3287 3288 3341
f 3341 3288 3342
f 2631 3343 3344
f 3343 3345 3344
f 3344 3345 3346
f 3345 3347 3346
f 3346 3347 3348
f 3347 3349 3348
f 3348 3349 3299
f 3349 3350 3299
f 3299 3350 3297
f 3350 3351 3297
f 3297 3351 3289
f 3351 2205 3289
f 3289 2205 2204
f 2631 3344 2632
f 3344 3352 2632
f 2632 3352 3353
f 3352 3354 3353
f 3353 3354 3355
f 3354 3356 3355
f 3355 3356 3357
f 3358 3359 3360
f 3359 3361 3360
f 3360 3361 3362
f 3361 3363 3362
f 3362 3363 3364
f 3363 3365 3364
f 3364 3365 3366
f 3365 3367 3366
f 3368 3369 3370
f 3369 3371 3370
f 3370 3371 3372
f 3371 3373 3372
f 3372 3373 3374
f 3373 3375 3374
f 3374 3375 3376
f 3375 3377 3376
f 3376 3377 3378
f 3377 3379 3378
f 3378 3379 3380
f 3379 3381 3380
f 3380 3381 3382
f 3381 3383 3382
f 3382 3383 3384
f 3383 3385 3384
f 3384 3385 3386
f 3385 3387 3386
f 3386 3387 3388
f 3387 3389 3388
f 3388 3389 3390
f 3391 3392 3393
f 3392 3394 3393
f 3393 3394 3395
f 3394 3396 3395
f 3395 3396 3397
f 3396 3398 3397
f 3397 3398 3399
f 2201 3368 2645
f 3368 3370 2645
f 2645 3370 3296
f 3370 3372 3296
f 3296 3372 3298
f 3372 3374 3298
f 3298 3374 3299
f 3374 3376 3299
f 3299 3376 3348
f 3376 3378 3348
f 3348 3378 3346
f 3378 3380 3346
f 3346 3380 3344
f 3380 3382 3344
f 3344 3382 3352
f 3382 3384 3352
f 3352 3384 3354
f 3384 3386 3354
f 3354 3386 3356
f 3386 3388 3356
f 3356 3388 3357
f 3388 3390 3357
f 3357 3390 3400
f 3390 3401 3400
f 3400 3401 3402
f 3401 3159 3402
f 3402 3358 3400
f 3358 3360 3400
f 3400 3360 3357
f 3360 3362 3357
f 3357 3362 3355
f 3362 3364 3355
f 3355 3364 3353
f 3364 3366 3353
f 3353 3366 2632
f 3366 3367 2632
f 2632 3367 2630
f 3159 3161 3402
f 3161 3319 3402
f 3402 3319 3358
f 3319 3318 3358
f 3358 3318 3359
f 3318 3317 3359
f 3359 3317 3361
f 3317 3316 3361
f 3361 3316 3363
f 3316 3315 3363
f 3363 3315 3365
f 3315 3313 3365
f 3365 3313 3367
f 3313 3311 3367
f 3367 3311 2630
f 3311 3309 2630
f 2630 3309 2631
f 3309 3307 2631
f 2631 3307 3343
f 3307 3306 3343
f 3343 3306 3345
f 3306 2643 3345
f 3345 2643 3347
f 2643 3292 3347
f 3347 3292 3349
f 3292 3294 3349
f 3349 3294 3350
f 3294 3290 3350
f 3350 3290 3351
f 3290 2194 3351
f 3351 2194 2205
f 3320 3322 3403
f 3322 3324 3403
f 3403 3324 3404
f 3324 3326 3404
f 3404 3326 3405
f 3326 3336 3405
f 3405 3336 3406
f 3336 3337 3406
f 3406 3337 3407
f 3337 3338 3407
f 3407 3338 3408
f 3338 3339 3408
f 3408 3339 3409
f 3339 3340 3409
f 3409 3340 3410
f 3340 3341 3410
f 3410 3341 3411
f 3341 3342 3411
f 3411 3342 2628
f 1540 2624 3281
f 2624 2626 3281
f 3281 2626 3277
f 2626 3412 3277
f 3277 3412 3278
f 3412 3413 3278
f 3278 3413 3279
f 3413 3414 3279
f 3279 3414 3280
f 3414 3415 3280
f 3280 3415 2176
f 3415 2174 2176
f 2622 2621 3416
f 2621 3417 3416
f 3416 3417 3418
f 2629 3419 2627
f 3419 3420 2627
f 2627 3420 3421
f 3420 3422 3421
f 3421 3422 3423
f 3422 3424 3423
f 3423 3424 2623
f 3424 3425 2623
f 2623 3425 2621
f 3425 3426 2621
f 2621 3426 3417
f 2872 3427 2839
f 3427 3428 2839
f 2839 3428 2835
f 3428 3429 2835
f 2835 3429 2836
f 3429 3430 2836
f 2836 3430 2834
f 3430 2625 2834
f 2834 2625 2689
f 2625 2624 2689
f 2689 2624 1540
f 3419 3431 3420
f 3431 3432 3420
f 3420 3432 3422
f 3432 3433 3422
f 3422 3433 3424
f 3433 3434 3424
f 3424 3434 3425
f 3435 3436 3437
f 3436 3438 3437
f 3437 3438 3439
f 3438 3440 3439
f 3439 3440 3441
f 3442 2848 3435
f 2848 2847 3435
f 3435 2847 3436
f 2847 2845 3436
f 3436 2845 3438
f 2845 2843 3438
f 3438 2843 3440
f 2843 2842 3440
f 3440 2842 3441
f 2842 3443 3441
f 3443 3444 3441
f 3444 3445 3441
f 3441 3445 3439
f 3445 3446 3439
f 3439 3446 3437
f 3446 3447 3437
f 3437 3447 3435
f 3447 3428 3435
f 3435 3428 3442
f 3428 3427 3442
f 3442 3427 3448
f 3427 2872 3448
f 3448 2872 3449
f 2872 2871 3449
f 3449 2871 2864
f 2871 2870 2864
f 2864 2870 2865
f 2870 2869 2865
f 2865 2869 2863
f 2869 2868 2863
f 2863 2868 2861
f 2868 2867 2861
f 2861 2867 2859
f 2867 2866 2859
f 2859 2866 2685
f 2866 2873 2685
f 2685 2873 2686
f 2628 2627 3411
f 2627 3421 3411
f 3411 3421 3410
f 3421 3423 3410
f 3410 3423 3409
f 3423 2623 3409
f 3409 2623 3408
f 2623 2622 3408
f 3408 2622 3407
f 2622 3416 3407
f 3407 3416 3406
f 3416 3418 3406
f 3406 3418 3405
f 3418 2620 3405
f 3405 2620 3404
f 2620 2618 3404
f 3404 2618 3403
f 2618 2617 3403
f 3403 2617 3320
f 3450 3451 3452
f 3451 3453 3452
f 3452 3453 3454
f 3453 3455 3454
f 3454 3455 3456
f 3455 3457 3456
f 3456 3457 3458
f 3457 3459 3458
f 3460 3461 3462
f 3461 3463 3462
f 3462 3463 3464
f 3463 3465 3464
f 2172 2174 3276
f 2174 3415 3276
f 3276 3415 3288
f 3415 3414 3288
f 3288 3414 3342
f 3414 3413 3342
f 3342 3413 2628
f 3413 3412 2628
f 2628 3412 2629
f 3412 2626 2629
f 2629 2626 3419
f 2626 2625 3419
f 3419 2625 3431
f 2625 3430 3431
f 3431 3430 3432
f 3430 3429 3432
f 3432 3429 3433
f 3429 3428 3433
f 3433 3428 3434
f 3428 3447 3434
f 3434 3447 3425
f 3447 3446 3425
f 3425 3446 3426
f 3446 3445 3426
f 3426 3445 3417
f 3445 3444 3417
f 3417 3444 3418
f 3444 3443 3418
f 3418 3443 2620
f 3443 3466 2620
f 2620 3466 2619
f 3466 3467 2619
f 2619 3467 2617
f 3467 3468 2617
f 2617 3468 3320
f 3468 3450 3320
f 3320 3450 3321
f 3450 3452 3321
f 3321 3452 2637
f 3452 3454 2637
f 2637 3454 2636
f 3454 3456 2636
f 2636 3456 3333
f 3456 3458 3333
f 3469 3470 3471
f 2616 3472 2614
f 3472 3473 2614
f 2614 3473 3474
f 3473 3475 3474
f 3476 3460 3477
f 3460 3462 3477
f 3477 3462 3478
f 3462 3464 3478
f 3478 3464 3479
f 3464 3465 3479
f 3479 3465 3480
f 3481 3482 3483
f 3482 3484 3483
f 3485 3481 3476
f 3481 3483 3476
f 3476 3483 3460
f 3483 3484 3460
f 3460 3484 3461
f 2729 3486 3205
f 3486 3487 3205
f 3205 3487 3203
f 3487 3488 3203
f 3203 3488 3201
f 3488 3489 3201
f 3201 3489 3176
f 3489 3490 3176
f 3176 3490 3175
f 3490 3491 3175
f 3175 3491 3174
f 3491 3492 3174
f 3174 3492 3173
f 3492 3493 3173
f 3173 3493 3172
f 3493 3399 3172
f 3172 3399 3494
f 3399 3398 3494
f 3494 3398 3495
f 3398 3396 3495
f 3495 3396 3496
f 3396 3394 3496
f 3496 3394 3497
f 3394 3392 3497
f 3497 3392 2640
f 3392 3391 2640
f 2640 3391 2638
f 2615 2614 3498
f 2614 3474 3498
f 3498 3474 3499
f 3474 3475 3499
f 3499 3475 3500
f 3501 3502 3503
f 3502 3504 3503
f 3503 3504 3505
f 3506 3507 3508
f 3509 3510 3511
f 3510 3512 3511
f 3508 3507 3513
f 3507 3514 3513
f 3513 3514 3509
f 3514 3515 3509
f 3509 3515 3510
f 3515 3516 3510
f 3510 3516 3512
f 3506 2849 3507
f 2849 2612 3507
f 3507 2612 3514
f 2612 2611 3514
f 3514 2611 3515
f 2611 2613 3515
f 3515 2613 3516
f 3517 2675 3518
f 2675 2674 3518
f 3518 2674 3519
f 2674 2934 3519
f 3519 2934 3520
f 2934 2933 3520
f 3520 2933 3521
f 2933 2668 3521
f 3521 2668 3522
f 2668 2667 3522
f 3522 2667 3523
f 2916 2678 2918
f 2678 2680 2918
f 2918 2680 2920
f 2680 2887 2920
f 2920 2887 2922
f 2887 2936 2922
f 2922 2936 2924
f 2936 2676 2924
f 2924 2676 2926
f 2676 2677 2926
f 2926 2677 2928
f 2677 2914 2928
f 2928 2914 3524
f 2914 3525 3524
f 3524 3525 3526
f 3525 3527 3526
f 3526 3527 3528
f 3527 3529 3528
f 3528 3529 3530
f 2914 3531 3525
f 3531 3532 3525
f 3525 3532 3527
f 3532 3533 3527
f 3527 3533 3529
f 3533 3534 3529
f 3529 3534 3530
f 3535 3536 3500
f 3536 3501 3500
f 3500 3501 3499
f 3501 3503 3499
f 3499 3503 3498
f 3503 3505 3498
f 3498 3505 2615
f 3472 3537 3473
f 3537 3538 3473
f 3473 3538 3475
f 3538 3539 3475
f 3475 3539 3500
f 3539 3540 3500
f 3500 3540 3535
f 3541 3542 3535
f 3542 3543 3535
f 3535 3543 3536
f 3543 3544 3536
f 3536 3544 3501
f 3544 3485 3501
f 3501 3485 3502
f 3545 3546 3547
f 3546 3548 3547
f 3547 3548 3549
f 3548 3550 3549
f 3549 3550 3512
f 3550 3551 3512
f 3512 3551 3511
f 3551 3552 3511
f 3511 3552 3509
f 3552 3470 3509
f 3509 3470 3513
f 3470 3469 3513
f 3513 3469 3508
f 3553 3554 3555
f 3554 3556 3555
f 3555 3556 3517
f 3556 3557 3517
f 3517 3557 2675
f 3557 3558 2675
f 2675 3558 2673
f 3558 3559 2673
f 2673 3559 2930
f 3560 3561 3562
f 3560 3563 3561
f 3563 3564 3561
f 3561 3564 3565
f 3564 3566 3565
f 3565 3566 3567
f 3485 3476 3502
f 3476 3477 3502
f 3502 3477 3504
f 3477 3478 3504
f 3504 3478 3505
f 3478 3479 3505
f 3505 3479 2615
f 3479 3480 2615
f 2615 3480 2616
f 3480 3471 2616
f 2616 3471 3472
f 3471 3470 3472
f 3472 3470 3537
f 3470 3552 3537
f 3537 3552 3538
f 3552 3551 3538
f 3538 3551 3539
f 3551 3550 3539
f 3539 3550 3540
f 3550 3548 3540
f 3540 3548 3535
f 3548 3546 3535
f 3535 3546 3541
f 3546 3545 3541
f 3541 3545 3568
f 2883 3569 2884
f 3569 2915 2884
f 2884 2915 2885
f 2915 2917 2885
f 2885 2917 2858
f 2917 2919 2858
f 2858 2919 2856
f 2919 2921 2856
f 2856 2921 2854
f 2921 2923 2854
f 2854 2923 2852
f 2923 2925 2852
f 2852 2925 2850
f 2925 2927 2850
f 2850 2927 2612
f 2927 2928 2612
f 2612 2928 2610
f 2928 3524 2610
f 2610 3524 2613
f 3524 3526 2613
f 2613 3526 3516
f 3526 3528 3516
f 3516 3528 3512
f 3528 3530 3512
f 3512 3530 3549
f 3530 3534 3549
f 3549 3534 3547
f 3534 3570 3547
f 3547 3570 3545
f 3570 3571 3545
f 3545 3571 3568
f 3572 3573 3574
f 3573 3575 3574
f 3574 3575 3576
f 3575 3577 3576
f 3576 3577 3578
f 3577 3579 3578
f 3578 3579 3580
f 3579 3581 3580
f 3580 3581 3562
f 3581 3582 3562
f 3562 3582 3560
f 2980 3572 2960
f 3572 3574 2960
f 2960 3574 2950
f 3574 3576 2950
f 2950 3576 2951
f 3576 3578 2951
f 2951 3578 2943
f 3578 3580 2943
f 2943 3580 2944
f 3580 3562 2944
f 2944 3562 2946
f 3562 3561 2946
f 2946 3561 2948
f 3561 3565 2948
f 2948 3565 2949
f 3565 3567 2949
f 2949 3567 2959
f 3582 3553 3560
f 3553 3555 3560
f 3560 3555 3563
f 3555 3517 3563
f 3563 3517 3564
f 3517 3518 3564
f 3564 3518 3566
f 3518 3519 3566
f 3566 3519 3567
f 3519 3520 3567
f 3567 3520 2959
f 3520 3521 2959
f 2959 3521 2958
f 3521 3522 2958
f 2958 3522 2964
f 3522 3523 2964
f 2964 3523 2975
f 3482 3459 3484
f 3459 3457 3484
f 3484 3457 3461
f 3457 3455 3461
f 3461 3455 3463
f 3455 3453 3463
f 3463 3453 3465
f 3453 3451 3465
f 3465 3451 3480
f 3451 3450 3480
f 3480 3450 3471
f 3450 3468 3471
f 3471 3468 3469
f 3468 3467 3469
f 3469 3467 3508
f 3467 3466 3508
f 3508 3466 3506
f 3466 3443 3506
f 3506 3443 2849
f 3443 2842 2849
f 2849 2842 2851
f 2842 2844 2851
f 2851 2844 2853
f 2844 2846 2853
f 2853 2846 2855
f 2846 2848 2855
f 2855 2848 2857
f 2848 3442 2857
f 2857 3442 2878
f 3442 3448 2878
f 2878 3448 2877
f 3448 3449 2877
f 2877 3449 2875
f 3449 2864 2875
f 2875 2864 2682
f 2864 2862 2682
f 2682 2862 2683
f 2862 2860 2683
f 2683 2860 2882
f 2860 2888 2882
f 2882 2888 2883
f 2888 2890 2883
f 2883 2890 3569
f 2890 2892 3569
f 3569 2892 2915
f 2892 2894 2915
f 2915 2894 2916
f 2894 2895 2916
f 2916 2895 2678
f 2895 2897 2678
f 2678 2897 2679
f 2897 2899 2679
f 2679 2899 3006
f 2899 2901 3006
f 3006 2901 3023
f 2901 2902 3023
f 3023 2902 3022
f 2902 3026 3022
f 3022 3026 3021
f 3026 3028 3021
f 3021 3028 3020
f 3028 3030 3020
f 3020 3030 3019
f 3030 3032 3019
f 3019 3032 3018
f 3032 3090 3018
f 3018 3090 3017
f 3090 3092 3017
f 3017 3092 3016
f 3092 3094 3016
f 3016 3094 3015
f 3094 3096 3015
f 3015 3096 3087
f 3096 3064 3087
f 3087 3064 3086
f 3064 3066 3086
f 3086 3066 3085
f 3066 3068 3085
f 3085 3068 3084
f 3369 3583 3371
f 3583 3584 3371
f 3371 3584 3373
f 3584 3331 3373
f 3373 3331 3375
f 3331 3330 3375
f 3375 3330 3377
f 3330 3328 3377
f 3377 3328 3379
f 3328 2639 3379
f 3379 2639 3381
f 2639 2638 3381
f 3381 2638 3383
f 2638 3391 3383
f 3383 3391 3385
f 3391 3393 3385
f 3385 3393 3387
f 3393 3395 3387
f 3387 3395 3389
f 3395 3397 3389
f 3389 3397 3390
f 3397 3399 3390
f 3390 3399 3401
f 3399 3493 3401
f 3401 3493 3159
f 3493 3492 3159
f 3159 3492 3160
f 3492 3491 3160
f 3160 3491 3168
f 3491 3490 3168
f 3168 3490 3166
f 3490 3489 3166
f 3166 3489 3239
f 3489 3488 3239
f 3239 3488 2725
f 3488 3487 2725
f 2725 3487 2726
f 3487 3486 2726
f 2201 2190 3368
f 2190 3271 3368
f 3368 3271 3369
f 3271 3282 3369
f 3369 3282 3583
f 3282 3335 3583
f 3583 3335 3584
f 3335 3334 3584
f 3584 3334 3331
f 3334 2635 3331
f 3331 2635 3329
f 2635 2634 3329
f 3329 2634 3327
f 2634 3332 3327
f 3327 3332 2640
f 3332 3333 2640
f 2640 3333 3497
f 3333 3458 3497
f 3497 3458 3496
f 3458 3459 3496
f 3496 3459 3495
f 3459 3482 3495
f 3495 3482 3494
f 3482 3481 3494
f 3494 3481 3172
f 3481 3485 3172
f 3172 3485 3169
f 3485 3544 3169
f 3169 3544 2650
f 3544 3543 2650
f 2650 3543 2651
f 3543 3542 2651
f 2651 3542 3181
f 3542 3541 3181
f 3181 3541 3183
f 3541 3568 3183
f 3183 3568 3185
f 3568 3585 3185
f 3185 3585 3113
f 3585 3586 3113
f 3113 3586 3111
f 3586 3587 3111
f 3111 3587 3109
f 3587 3588 3109
f 3109 3588 3107
f 3588 3146 3107
f 3107 3146 3105
f 3146 3147 3105
f 3105 3147 3103
f 3147 3148 3103
f 3103 3148 3200
f 3148 3122 3200
f 3200 3122 3114
f 3122 2773 3114
f 3114 2773 3115
f 2773 2770 3115
f 3115 2770 3257
f 2770 2697 3257
f 3257 2697 3258
f 2697 2696 3258
f 3258 2696 2740
f 2696 3589 2740
f 2740 3589 2741
f 3084 3144 2655
f 3144 3142 2655
f 2655 3142 2656
f 3142 3140 2656
f 2656 3140 3077
f 3140 3138 3077
f 3077 3138 3078
f 3138 3136 3078
f 3078 3136 3079
f 3136 3134 3079
f 3079 3134 3080
f 3134 3132 3080
f 3080 3132 3081
f 3132 3130 3081
f 3081 3130 3082
f 3130 3128 3082
f 3082 3128 3083
f 3128 3126 3083
f 3083 3126 2981
f 3126 3124 2981
f 2981 3124 2980
f 3124 3123 2980
f 2980 3123 3572
f 3123 3146 3572
f 3572 3146 3573
f 3146 3588 3573
f 3573 3588 3575
f 3588 3587 3575
f 3575 3587 3577
f 3587 3586 3577
f 3577 3586 3579
f 3586 3585 3579
f 3579 3585 3581
f 3585 3568 3581
f 3581 3568 3582
f 3568 3571 3582
f 3582 3571 3553
f 3571 3570 3553
f 3553 3570 3554
f 3570 3534 3554
f 3554 3534 3556
f 3534 3533 3556
f 3556 3533 3557
f 3533 3532 3557
f 3557 3532 3558
f 3532 3531 3558
f 3558 3531 3559
f 3531 2914 3559
f 3559 2914 2930
f 2914 2913 2930
f 2930 2913 2932
f 2913 2937 2932
f 2932 2937 2669
f 2937 2939 2669
f 2669 2939 2667
f 2939 2940 2667
f 2667 2940 3523
f 2940 3040 3523
f 3523 3040 2975
f 3040 2974 2975
f 2975 2974 2976
f 2974 2972 2976
f 2976 2972 2977
f 2972 2970 2977
f 2977 2970 2978
f 2970 2968 2978
f 2978 2968 2979
f 2968 2966 2979
f 2979 2966 2981
f 2966 3083 2981
f 3590 3591 3592
f 3592 3591 3593
f 3594 3595 3596
f 3597 3598 3599
f 3600 3601 3602
f 3601 3603 3602
f 3604 3605 3606
f 3605 3607 3606
f 3606 3607 3608
f 3599 3609 3597
f 3609 3610 3597
f 3597 3610 3603
f 3610 3611 3603
f 3603 3611 3602
f 3612 3613 3614
f 3615 3616 3604
f 3616 3617 3604
f 3604 3617 3605
f 3618 3619 3620
f 3619 3621 3620
f 3620 3621 3615
f 3621 3622 3615
f 3615 3622 3616
f 3614 3623 3612
f 3623 3624 3612
f 3612 3624 3625
f 3624 3626 3625
f 3625 3626 3598
f 3626 3627 3598
f 3598 3627 3599
f 3592 3628 3590
f 3628 3629 3590
f 3590 3629 3630
f 3629 3631 3630
f 3630 3631 3632
f 3631 3633 3632
f 3632 3633 3634
f 3633 3635 3634
f 3634 3635 3613
f 3635 3636 3613
f 3613 3636 3614
f 3637 3638 3639
f 3638 3640 3639
f 3639 3640 3641
f 3640 3642 3641
f 3641 3642 3643
f 3642 3644 3643
f 3643 3644 3595
f 3644 3645 3595
f 3595 3645 3596
f 3607 3646 3608
f 3646 3647 3608
f 3608 3647 3637
f 3647 3648 3637
f 3637 3648 3638
f 3593 3591 3649
f 3591 3650 3649
f 3649 3650 3651
f 3650 3652 3651
f 3651 3652 3653
f 3652 3654 3653
f 3653 3654 3655
f 3654 3656 3655
f 3655 3656 3657
f 3656 3658 3657
f 3657 3658 3659
f 3660 3661 3658
f 3661 3662 3658
f 3658 3662 3659
f 3663 3664 3665
f 3664 3666 3665
f 3665 3666 3660
f 3666 3667 3660
f 3660 3667 3661
f 3596 3668 3594
f 3668 3669 3594
f 3594 3669 3670
f 3669 3671 3670
f 3670 3671 3672
f 3671 3673 3672
f 3672 3673 3674
f 3673 3675 3674
f 3674 3675 3676
f 3675 3677 3676
f 3676 3677 3678
f 3677 3679 3678
f 3663 3665 3680
f 3665 3681 3680
f 3680 3681 3682
f 3681 3683 3682
f 3682 3683 3684
f 3685 3686 3683
f 3686 3687 3683
f 3683 3687 3684
f 3679 3688 3678
f 3688 3689 3678
f 3678 3689 3685
f 3689 3690 3685
f 3685 3690 3686
f 3 4 68
f 3 68 3691
f 68 65 3691
f 3691 65 3692
f 65 63 3692
f 3692 63 3693
f 63 61 3693
f 3693 61 3694
f 61 22 3694
f 3694 22 3695
f 22 16 3695
f 3695 16 3696
f 16 13 3696
f 3696 13 3697
f 13 11 3697
f 3697 11 3698
f 11 9 3698
f 3698 9 3699
f 9 6 3699
f 3699 6 3700
f 6 5 3700
f 3700 5 3701
f 5 20 3701
f 3701 20 3702
f 20 45 3702
f 3702 45 3703
f 45 47 3703
f 3703 47 3704
f 47 40 3704
f 3704 40 3705
f 40 38 3705
f 3705 38 3706
f 38 37 3706
f 3706 37 3707
f 37 103 3707
f 3707 103 3708
f 103 105 3708
f 3708 105 3709
f 105 107 3709
f 3709 107 3710
f 3711 2769 2768
f 3711 2768 3712
f 2768 2767 3712
f 3712 2767 3713
f 2767 2766 3713
f 3713 2766 3714
f 2766 2765 3714
f 3714 2765 3715
f 2765 2764 3715
f 3715 2764 3716
f 2764 2763 3716
f 3716 2763 3717
f 2763 2762 3717
f 3717 2762 3718
f 2762 2761 3718
f 3718 2761 3719
f 2761 2760 3719
f 3719 2760 3720
f 2760 2759 3720
f 3720 2759 3721
f 2759 2758 3721
f 3721 2758 3722
f 2758 2757 3722
f 3722 2757 3723
f 2757 2756 3723
f 3723 2756 3724
f 2756 2755 3724
f 3724 2755 3725
f 2755 2754 3725
f 3725 2754 3726
f 2754 2753 3726
f 3726 2753 3727
f 2753 2791 3727
f 3727 2791 3728
f 2791 2790 3728
f 3728 2790 3729
f 3729 2790 3730
f 2790 2789 3730
f 3730 2789 3731
f 2789 2788 3731
f 3731 2788 3732
f 2788 2787 3732
f 3732 2787 3733
f 2787 2786 3733
f 3733 2786 3734
f 2786 2785 3734
f 3734 2785 3735
f 2785 2784 3735
f 2784 2783 3735
f 3735 2783 3736
f 2783 2782 3736
f 3736 2782 3737
f 2782 2781 3737
f 3738 3739 2811
f 3739 3740 2811
f 2811 3740 2815
f 3740 3741 2815
f 2815 3741 2816
f 3741 3742 2816
f 2816 3742 2817
f 3742 3743 2817
f 2817 3743 2818
f 3743 3744 2818
f 2818 3744 2819
f 3744 3745 2819
f 2819 3745 2821
f 3745 3746 2821
f 2821 3746 2822
f 3746 3747 2822
f 2822 3747 2808
f 3747 3748 2808
f 2808 3748 2809
f 3748 3749 2809
f 2809 3749 2792
f 3749 3750 2792
f 2792 3750 2793
f 3750 3751 2793
f 2793 3751 2795
f 3751 3752 2795
f 2795 3752 2796
f 3752 3753 2796
f 2796 3753 2797
f 3753 3754 2797
f 2797 3754 2798
f 3754 3755 2798
f 2798 3755 2799
f 3755 3756 2799
f 2799 3756 2800
f 3756 3757 2800
f 2800 3757 2801
f 3757 3758 2801
f 2801 3758 2802
f 3758 3759 2802
f 2802 3759 2803
f 3759 3760 2803
f 2803 3760 2804
f 3760 3761 2804
f 2804 3761 2806
f 3761 3762 2806
f 2806 3762 2807
f 3762 3763 2807
f 2807 3763 2774
f 3763 3764 2774
f 2774 3764 2775
f 3764 3765 2775
f 2775 3765 2776
f 3765 3766 2776
f 2776 3766 2771
f 3766 3767 2771
f 2771 3767 2772
f 3767 3768 2772
f 2772 3768 2777
f 3768 3769 2777
f 2777 3769 2778
f 3769 3770 2778
f 2778 3770 2779
f 3770 3771 2779
f 2779 3771 2780
f 3771 3772 2780
f 2780 3772 2781
f 3772 3773 2781
f 2781 3773 3737
f 2811 2813 3738
f 2813 2814 3738
f 3738 2814 3774
f 2814 2823 3774
f 3774 2823 3775
f 3776 3777 111
f 3777 3778 111
f 3778 3779 111
f 3779 3780 111
f 111 3780 3781
f 3781 3782 111
f 3782 3783 111
f 111 3783 112
f 3783 3784 112
f 112 3784 3785
f 2473 3786 111
f 3786 3787 111
f 111 3787 3776
f 3788 3619 3789
f 3619 3618 3789
f 2748 1244 2749
f 1244 1246 2749
f 2749 1246 2752
f 3790 3791 3792
f 3791 3793 3792
f 1246 1398 2752
f 1398 3794 2752
f 2752 3794 3795
f 3794 3792 3795
f 3795 3792 3796
f 3797 3798 3792
f 3798 3799 3792
f 3792 3799 3800
f 3792 3801 3802
f 3792 3803 3804
f 3805 3806 3792
f 3806 3807 3792
f 3792 3807 3808
f 3793 3809 3792
f 3809 3810 3792
f 3792 3810 3796
f 3800 3811 3792
f 3811 3812 3792
f 3792 3812 3813
f 3802 3814 3792
f 3814 3815 3792
f 3792 3815 3803
f 3808 3816 3792
f 3816 3817 3792
f 3792 3817 3790
f 3813 3818 3792
f 3818 3819 3792
f 3792 3819 3820
f 3820 3821 3792
f 3821 3822 3792
f 3792 3822 3801
f 3804 3823 3792
f 3823 3824 3792
f 3792 3824 3825
f 3825 3826 3792
f 3826 3827 3792
f 3792 3827 3805
f 3828 3829 3830
f 3831 3832 3833
f 3834 3835 3836
f 3837 3838 3839
f 3840 3841 3842
f 3843 3844 3845
f 3846 3847 3848
f 3847 3846 3849
f 3850 3851 3852
f 3853 3854 3855
f 3856 3857 3858
f 3859 3860 3861
f 3862 3863 3864
f 3865 3866 3862
f 3867 3868 3869
f 3870 3871 3872
f 3873 3874 3875
f 3876 3877 3878
f 3879 3880 3881
f 3882 3883 3884
f 3885 3886 3887
f 3888 3889 3890
f 3891 3892 3893
f 3894 3895 3896
f 3897 3898 3899
f 3900 3901 3902
f 3903 3904 3905
f 110 112 3866
f 3788 3906 958
f 3907 3908 3909
f 3908 3910 3909
f 2 739 69
f 739 738 69
f 69 738 67
f 738 736 67
f 736 735 67
f 735 1303 67
f 67 1303 1307
f 1307 1306 67
f 1306 1305 67
f 67 1305 1304
f 1304 1310 67
f 1310 1309 67
f 67 1309 1308
f 1308 1311 67
f 1311 1312 67
f 67 1312 66
f 1312 1313 66
f 66 1313 1314
f 1314 1315 66
f 1315 1316 66
f 66 1316 1317
f 1320 64 1319
f 64 66 1319
f 1319 66 1318
f 66 1317 1318
f 1320 1321 64
f 1321 1322 64
f 64 1322 1323
f 1326 62 1325
f 62 64 1325
f 1325 64 1324
f 64 1323 1324
f 1326 1327 62
f 1327 1328 62
f 62 1328 60
f 1328 1329 60
f 60 1329 1330
f 1334 1333 23
f 1330 1331 60
f 1331 1332 60
f 60 1332 23
f 1332 1335 23
f 23 1335 1334
f 1333 1337 23
f 1337 1336 23
f 23 1336 21
f 1336 1339 21
f 21 1339 1338
f 1338 1341 21
f 1341 1340 21
f 21 1340 17
f 1340 1343 17
f 17 1343 1342
f 1342 1347 17
f 1347 1346 17
f 17 1346 1345
f 1345 1344 17
f 1344 1348 17
f 17 1348 15
f 1348 1349 15
f 15 1349 14
f 1349 1350 14
f 14 1350 1351
f 1351 1352 14
f 1352 1353 14
f 14 1353 1357
f 1357 1356 14
f 1356 1355 14
f 14 1355 1354
f 1354 1358 14
f 1358 1359 14
f 14 1359 1363
f 1363 1362 14
f 1362 1361 14
f 14 1361 1360
f 1360 1364 14
f 1364 1365 14
f 14 1365 12
f 1365 1369 12
f 1369 1368 12
f 12 1368 1367
f 3911 1367 1366
f 1366 1372 3911
f 1372 1371 3911
f 3911 1371 1370
f 1370 1257 3911
f 1257 1256 3911
f 3911 1256 1373
f 1367 3911 12
f 3911 3912 12
f 12 3912 10
f 3912 3913 10
f 10 3913 8
f 3913 3914 8
f 8 3914 7
f 3914 3915 7
f 7 3915 18
f 3915 3916 18
f 18 3916 19
f 3916 3917 19
f 19 3917 43
f 3917 3918 43
f 43 3918 44
f 3918 3919 44
f 44 3919 46
f 3919 3920 46
f 46 3920 80
f 3920 3921 80
f 80 3921 81
f 3921 3922 81
f 81 3922 82
f 3922 3923 82
f 82 3923 41
f 3923 3924 41
f 41 3924 42
f 42 3924 39
f 3924 3925 39
f 39 3925 101
f 3925 3926 101
f 101 3926 102
f 3926 3927 102
f 102 3927 104
f 3927 3928 104
f 3928 3929 104
f 104 3929 106
f 3929 3930 106
f 106 3930 108
f 1373 1255 3911
f 1255 1254 3911
f 3911 1254 3931
f 1254 1379 3931
f 3931 1379 3932
f 1379 1378 3932
f 3932 1378 1377
f 1377 1374 3932
f 1374 1375 3932
f 3932 1375 1376
f 1376 1382 3932
f 1382 1381 3932
f 3932 1381 1380
f 1380 1253 3932
f 1253 1252 3932
f 3932 1252 1386
f 1386 1385 3932
f 1385 1384 3932
f 3932 1384 3933
f 1384 1383 3933
f 1383 1391 3933
f 3933 1391 1390
f 1390 1389 3933
f 1389 1388 3933
f 3933 1388 1387
f 1387 1393 3933
f 1393 1261 3933
f 3933 1261 1260
f 3788 958 3619
f 1293 3788 1286
f 3788 3934 1286
f 1286 3934 1287
f 3934 1288 1287
f 1293 1292 3788
f 1292 1291 3788
f 3788 1291 1290
f 1290 1297 3788
f 1297 1296 3788
f 3788 1296 1295
f 1295 1294 3788
f 1294 1302 3788
f 3788 1302 1301
f 1299 3906 1298
f 3906 3788 1298
f 1298 3788 1300
f 3788 1301 1300
f 1280 1285 3935
f 1285 1284 3935
f 1284 1283 3935
f 3935 1283 3934
f 1283 1289 3934
f 3934 1289 1288
f 1276 3935 1273
f 3935 1274 1273
f 1276 1282 3935
f 1282 1281 3935
f 3935 1281 1280
f 3622 3621 3936
f 3621 3619 3936
f 3936 3619 3910
f 3619 958 3910
f 3910 958 3909
f 3937 3646 3938
f 3646 3607 3938
f 3938 3607 3939
f 3607 3605 3939
f 3939 3605 3940
f 3605 3617 3940
f 3940 3617 3941
f 3617 3616 3941
f 3941 3616 3942
f 3616 3622 3942
f 3942 3622 3943
f 3622 3936 3943
f 3638 3648 3937
f 3648 3647 3937
f 3937 3647 3646
f 3937 3944 3638
f 3944 3945 3638
f 3638 3945 3640
f 3945 3946 3640
f 3946 3947 3640
f 3640 3947 3642
f 3947 3948 3642
f 3948 3949 3642
f 3642 3949 3644
f 3949 3950 3644
f 3644 3950 3645
f 3645 3950 3596
f 3950 3951 3596
f 3596 3951 3668
f 3951 3952 3668
f 3668 3952 3669
f 3952 3953 3669
f 3669 3953 3671
f 3953 3954 3671
f 3954 3955 3671
f 3671 3955 3673
f 3955 3956 3673
f 3956 3957 3673
f 3673 3957 3675
f 3958 3679 3959
f 3679 3677 3959
f 3959 3677 3960
f 3677 3675 3960
f 3960 3675 3961
f 3675 3957 3961
f 3962 3963 3686
f 3686 3690 3962
f 3690 3689 3962
f 3962 3689 3958
f 3689 3688 3958
f 3958 3688 3679
f 3964 3680 3965
f 3680 3682 3965
f 3965 3682 3966
f 3682 3684 3966
f 3966 3684 3963
f 3684 3687 3963
f 3963 3687 3686
f 3967 3968 3969
f 3968 3970 3969
f 3969 3970 3971
f 3970 3972 3971
f 3973 3974 3975
f 3974 3976 3975
f 3976 3977 3975
f 3975 3977 3978
f 3978 3979 3975
f 3979 3980 3975
f 3975 3980 3981
f 3981 3982 3975
f 3982 3983 3975
f 3975 3983 3984
f 3984 3985 3975
f 3985 3986 3975
f 3975 3986 3972
f 3986 3987 3972
f 3972 3987 3971
f 3866 112 3862
f 112 3975 3862
f 3862 3975 3863
f 3988 112 3989
f 112 3785 3989
f 3988 3990 112
f 3990 3991 112
f 112 3991 3992
f 3992 3993 112
f 3993 3994 112
f 112 3994 3995
f 3995 3996 112
f 3996 3997 112
f 112 3997 3975
f 3997 3998 3975
f 3975 3998 3973
f 3786 2472 3999
f 4000 4001 3786
f 4002 4003 4004
f 4002 4004 3786
f 4004 4005 3786
f 3786 4005 4000
f 4001 4006 3786
f 4006 4007 3786
f 3786 4007 4008
f 4008 4009 3786
f 4009 4010 3786
f 3786 4010 3787
f 4011 4012 4013
f 4014 4015 4002
f 4011 4013 4002
f 4013 4016 4002
f 4002 4016 4014
f 4015 4017 4002
f 4017 4018 4002
f 4002 4018 4003
f 4019 4020 957
f 4021 4022 4023
f 4024 4025 4026
f 4025 4027 4026
f 4028 4029 4030
f 4031 4032 4033
f 4032 4034 4033
f 4033 4034 4035
f 4034 4036 4035
f 4035 4036 4037
f 4036 4038 4037
f 4037 4038 4039
f 4038 4040 4039
f 4039 4040 4041
f 4040 4042 4041
f 4041 4042 4043
f 4042 4044 4043
f 4043 4044 4045
f 4046 4047 4048
f 4047 4049 4048
f 4048 4049 4050
f 4051 4052 4053
f 4052 4054 4053
f 4055 4056 4057
f 4058 4059 4060
f 4061 4062 4063
f 4064 4065 4066
f 953 4066 954
f 4066 955 954
f 1248 4067 1249
f 4067 4064 1249
f 1249 4064 1250
f 4064 4066 1250
f 1250 4066 1251
f 4066 953 1251
f 1251 953 744
f 943 4065 934
f 4065 4068 934
f 934 4068 935
f 4068 936 935
f 943 942 4065
f 942 941 4065
f 4065 941 940
f 940 951 4065
f 951 950 4065
f 4065 950 949
f 949 944 4065
f 944 946 4065
f 4065 946 4066
f 946 948 4066
f 4066 948 955
f 929 928 4068
f 928 937 4068
f 4068 937 936
f 931 930 4069
f 921 920 4070
f 920 925 4070
f 921 4070 922
f 4070 4071 922
f 922 4071 747
f 914 913 4072
f 913 918 4072
f 4072 918 4071
f 918 919 4071
f 4071 919 747
f 914 4072 915
f 4072 4073 915
f 915 4073 750
f 901 908 4074
f 908 912 4074
f 912 911 4074
f 4074 911 4073
f 911 910 4073
f 4073 910 750
f 897 905 4075
f 905 904 4075
f 4075 904 4074
f 904 902 4074
f 4074 902 901
f 893 3842 894
f 3842 753 894
f 893 900 3842
f 900 899 3842
f 3842 899 4075
f 899 898 4075
f 4075 898 897
f 753 3842 754
f 3842 3841 754
f 754 3841 889
f 883 884 4076
f 884 757 4076
f 757 756 4076
f 756 887 4076
f 4076 887 886
f 886 891 4076
f 891 890 4076
f 4076 890 889
f 4077 872 871
f 871 869 4077
f 869 868 4077
f 4077 868 873
f 760 759 4078
f 759 880 4078
f 880 879 4078
f 4078 879 877
f 877 875 4078
f 875 874 4078
f 4078 874 4076
f 874 881 4076
f 4076 881 883
f 4079 4080 4081
f 4080 4082 4081
f 4083 4084 4085
f 4084 4086 4085
f 4085 4086 4087
f 4086 4088 4087
f 4087 4088 4089
f 4088 4090 4089
f 4091 4092 4093
f 4092 4094 4093
f 4093 4094 4095
f 4094 4096 4095
f 4095 4096 4097
f 4096 4098 4097
f 4097 4098 4099
f 4091 4093 4100
f 4093 4101 4100
f 4100 4101 4102
f 4102 4101 4103
f 4101 4104 4103
f 4103 4104 4105
f 4104 4106 4105
f 4105 4106 4107
f 4106 4108 4107
f 4107 4108 4109
f 4110 3900 4111
f 3900 3902 4112
f 3902 4113 4112
f 4112 4113 4114
f 4114 4113 4115
f 4113 4116 4115
f 4115 4116 4117
f 4116 4118 4117
f 4118 4119 4117
f 4117 4119 4120
f 4121 956 4122
f 956 4120 4122
f 4122 4120 4123
f 4120 4119 4123
f 3999 4124 3786
f 4124 4125 3786
f 3786 4125 4002
f 4125 4020 4002
f 4002 4020 4011
f 4020 4019 4011
f 4011 4019 4012
f 4126 4127 4128
f 4127 4129 4128
f 4127 4130 4129
f 4130 4131 4129
f 4129 4131 4132
f 4131 4133 4132
f 4133 4134 4132
f 4132 4134 4135
f 4134 4136 4135
f 4135 4136 4137
f 4136 4138 4137
f 4137 4138 4139
f 4138 4140 4139
f 4139 4140 4141
f 4140 4142 4141
f 4141 4142 4143
f 4143 4142 4144
f 4142 4145 4144
f 4144 4145 4146
f 4145 4147 4146
f 4146 4147 4148
f 4147 4149 4148
f 4148 4149 4150
f 4149 4151 4150
f 4150 4151 4152
f 4151 4153 4152
f 4152 4153 4154
f 4153 4155 4154
f 4154 4155 4156
f 3899 3898 4155
f 3898 4157 4155
f 4155 4157 4156
f 3897 3899 4158
f 3899 4159 4158
f 4158 4159 4160
f 4159 4161 4160
f 4160 4161 4162
f 4161 4163 4162
f 4162 4163 4164
f 4163 4165 4164
f 4164 4165 4166
f 4165 4167 4166
f 4166 4167 4168
f 4167 4169 4168
f 4168 4169 4170
f 4169 4171 4170
f 4170 4171 4172
f 4172 4171 4173
f 4171 4174 4173
f 4173 4174 4175
f 4176 4177 4178
f 4177 4179 4178
f 4178 4179 4180
f 4179 4181 4180
f 4180 4181 4182
f 4181 4183 4182
f 4182 4183 4184
f 4183 4185 4184
f 4184 4185 4186
f 4186 4185 4187
f 4185 4188 4187
f 4187 4188 4189
f 4189 4188 4190
f 4188 4191 4190
f 4190 4191 4192
f 4192 4191 4193
f 4191 4194 4193
f 4193 4194 4195
f 4195 4194 4196
f 4194 4197 4196
f 4196 4197 4198
f 4197 4199 4198
f 4198 4199 4200
f 4199 4201 4200
f 4200 4201 4202
f 4201 4203 4202
f 4202 4203 4204
f 4203 4205 4204
f 4204 4205 4206
f 4205 4207 4206
f 4206 4207 4208
f 4207 4209 4208
f 4208 4209 4210
f 958 739 3909
f 739 2 3909
f 3909 2 3967
f 2 1 3967
f 3967 1 3968
f 1 4211 3968
f 3968 4211 3970
f 4211 4212 3970
f 3970 4212 3972
f 4212 4213 3972
f 3972 4213 3975
f 4213 4214 3975
f 3975 4214 3863
f 4214 4215 3863
f 3863 4215 3864
f 4215 4216 3864
f 3864 4216 4217
f 4216 4210 4217
f 4217 4210 4218
f 4210 4209 4218
f 3892 3894 3893
f 3894 3896 3893
f 3893 3896 4058
f 3896 4219 4058
f 4058 4219 4059
f 4219 4220 4059
f 4221 3891 4055
f 3891 3893 4055
f 4055 3893 4056
f 3893 4058 4056
f 4056 4058 4222
f 4058 4060 4222
f 3889 3888 4223
f 3888 4224 4223
f 4223 4224 4225
f 4226 4227 4228
f 4229 4230 4231
f 4230 4232 4231
f 4231 4232 4225
f 4232 4233 4225
f 4225 4233 4223
f 4234 4235 4236
f 4235 4237 4236
f 4236 4237 4238
f 4237 4239 4238
f 4221 4234 3891
f 4234 4236 3891
f 3891 4236 3892
f 4236 4238 3892
f 3892 4238 3894
f 4238 4239 3894
f 3894 4239 3895
f 4240 4241 4242
f 4241 4243 4242
f 4242 4243 4244
f 4243 4237 4244
f 4244 4237 4245
f 4237 4235 4245
f 4245 4235 4246
f 4235 4234 4246
f 4246 4234 4247
f 4234 4221 4247
f 4247 4221 4054
f 4221 4055 4054
f 4054 4055 4053
f 4055 4057 4053
f 4053 4057 4051
f 4248 4249 4250
f 4250 3885 4251
f 4250 4249 3885
f 4249 4252 3885
f 3885 4252 3886
f 4248 4253 4249
f 4253 4254 4249
f 4249 4254 4252
f 4254 4046 4252
f 4252 4046 3886
f 4046 4048 3886
f 3886 4048 3887
f 4048 4050 3887
f 3887 4050 4255
f 4050 4256 4255
f 4255 4256 4257
f 4256 4258 4257
f 4257 4258 4259
f 4258 4260 4259
f 4259 4260 4261
f 4262 4251 4263
f 4251 3885 4263
f 4263 3885 4264
f 3885 3887 4264
f 4264 3887 4265
f 3887 4255 4265
f 4265 4255 4266
f 4255 4257 4266
f 4266 4257 4267
f 4257 4259 4267
f 4267 4259 4268
f 4259 4261 4268
f 4268 4261 4269
f 3882 3884 4270
f 4271 4272 4273
f 4272 4274 4273
f 4273 4274 4275
f 4274 4226 4275
f 4275 4226 4276
f 4277 3881 4278
f 3881 3880 4278
f 4278 3880 4279
f 4280 4281 4282
f 4281 4283 4282
f 4282 4283 4284
f 4285 4280 4286
f 4280 4282 4286
f 4286 4282 4287
f 4282 4284 4287
f 4287 4284 4288
f 4277 4289 4290
f 4285 3879 4280
f 3879 3881 4280
f 4280 3881 4281
f 3881 4277 4281
f 4281 4277 4283
f 4277 4290 4283
f 4283 4290 4284
f 4290 4291 4284
f 4284 4291 4288
f 4291 4292 4288
f 4293 4271 4294
f 4271 4273 4294
f 4294 4273 4295
f 4273 4275 4295
f 4295 4275 4296
f 4275 4276 4296
f 4296 4276 4297
f 4298 4293 4299
f 4293 4294 4299
f 4299 4294 4300
f 4294 4295 4300
f 4300 4295 4301
f 4295 4296 4301
f 4301 4296 4302
f 4296 4297 4302
f 4302 4297 4303
f 4227 4226 4304
f 4226 4274 4304
f 4304 4274 3884
f 4274 4272 3884
f 3884 4272 4270
f 4272 4271 4270
f 4270 4271 4305
f 4271 4293 4305
f 4305 4293 4306
f 4293 4298 4306
f 4306 4298 4307
f 4308 4309 4310
f 4309 4311 4310
f 4310 4311 4312
f 4311 4313 4312
f 4312 4313 4314
f 4315 4308 4316
f 4308 4310 4316
f 4316 4310 4317
f 4310 4312 4317
f 4317 4312 4318
f 4312 4314 4318
f 4318 4314 4319
f 4320 4321 4322
f 4323 3876 4324
f 3876 3878 4324
f 4324 3878 4325
f 3878 4326 4325
f 4325 4326 4327
f 4328 4329 4330
f 4331 4332 4327
f 4327 4332 4325
f 4332 3869 4325
f 4325 3869 4324
f 3869 3868 4324
f 4324 3868 4323
f 4333 4334 4307
f 4269 4335 4336
f 4335 4337 4336
f 4336 4337 4338
f 4337 4339 4338
f 4340 4339 4341
f 4339 4337 4341
f 4341 4337 4342
f 4337 4335 4342
f 4342 4335 4343
f 4335 4269 4343
f 4343 4269 4344
f 4269 4261 4344
f 4345 4319 4346
f 4319 4314 4346
f 4346 4314 4347
f 4314 4313 4347
f 4347 4313 4348
f 4313 4311 4348
f 4348 4311 4289
f 4311 4309 4289
f 4289 4309 4290
f 4309 4308 4290
f 4290 4308 4291
f 4308 4315 4291
f 4291 4315 4292
f 4348 4349 4347
f 4349 4350 4347
f 4347 4350 4346
f 4350 4351 4346
f 4346 4351 4345
f 4351 4352 4345
f 4345 4352 4353
f 4352 4354 4353
f 4353 4354 4355
f 4354 4356 4355
f 4357 4358 4359
f 4358 4360 4359
f 4359 4360 4361
f 4360 4362 4361
f 4361 4362 4363
f 4362 4364 4363
f 4363 4364 4365
f 4364 4366 4365
f 4365 4366 4367
f 4366 4368 4367
f 4367 4368 4369
f 4368 4370 4369
f 4369 4370 4371
f 4370 4372 4371
f 4371 4372 4373
f 4372 4374 4373
f 4373 4374 4375
f 4374 4376 4375
f 4375 4376 4377
f 4376 4378 4377
f 4377 4378 4379
f 4047 4380 4049
f 4380 4381 4049
f 4049 4381 4050
f 4381 4382 4050
f 4050 4382 4256
f 4382 4383 4256
f 4256 4383 4258
f 4383 4384 4258
f 4258 4384 4260
f 4384 4385 4260
f 4260 4385 4261
f 4385 4386 4261
f 4261 4386 4344
f 4386 4387 4344
f 4344 4387 4343
f 4387 4388 4343
f 4343 4388 4342
f 4388 4389 4342
f 4342 4389 4341
f 4389 4390 4341
f 4341 4390 4340
f 4390 4391 4340
f 4032 4391 4034
f 4391 4390 4034
f 4034 4390 4036
f 4390 4389 4036
f 4036 4389 4038
f 4389 4388 4038
f 4038 4388 4040
f 4388 4387 4040
f 4040 4387 4042
f 4387 4386 4042
f 4042 4386 4044
f 4386 4385 4044
f 4044 4385 4045
f 4385 4384 4045
f 4334 4333 4392
f 4333 4393 4392
f 4392 4393 4394
f 4393 4395 4394
f 4394 4395 4396
f 4395 4397 4396
f 4396 4397 4398
f 4397 4399 4398
f 4398 4399 4400
f 4399 4401 4400
f 4400 4401 4402
f 4262 4263 4403
f 4263 4264 4403
f 4403 4264 4303
f 4264 4265 4303
f 4303 4265 4302
f 4265 4266 4302
f 4302 4266 4301
f 4266 4267 4301
f 4301 4267 4300
f 4267 4268 4300
f 4300 4268 4299
f 4268 4269 4299
f 4299 4269 4298
f 4269 4336 4298
f 4298 4336 4307
f 4336 4338 4307
f 4307 4338 4333
f 4338 4339 4333
f 4333 4339 4393
f 4339 4340 4393
f 4393 4340 4395
f 4340 4391 4395
f 4395 4391 4397
f 4391 4032 4397
f 4397 4032 4399
f 4032 4031 4399
f 4399 4031 4401
f 4400 4356 4398
f 4356 4354 4398
f 4398 4354 4396
f 4354 4352 4396
f 4396 4352 4394
f 4352 4351 4394
f 4394 4351 4392
f 4351 4350 4392
f 4392 4350 4334
f 4350 4349 4334
f 4334 4349 4307
f 4349 4348 4307
f 4307 4348 4306
f 4348 4289 4306
f 4306 4289 4305
f 4289 4277 4305
f 4305 4277 4270
f 4277 4278 4270
f 4270 4278 3882
f 4278 4279 3882
f 3882 4279 3883
f 4355 4357 4353
f 4357 4359 4353
f 4353 4359 4345
f 4359 4361 4345
f 4345 4361 4319
f 4361 4363 4319
f 4319 4363 4318
f 4363 4365 4318
f 4318 4365 4317
f 4365 4367 4317
f 4317 4367 4316
f 4367 4369 4316
f 4316 4369 4315
f 4369 4371 4315
f 4315 4371 4292
f 4371 4373 4292
f 4292 4373 4288
f 4373 4375 4288
f 4288 4375 4287
f 4375 4377 4287
f 4287 4377 4286
f 4377 4379 4286
f 4286 4379 4285
f 4320 4322 4404
f 4322 4405 4404
f 4404 4405 4406
f 4405 4407 4406
f 4406 4407 4408
f 4407 4409 4408
f 4408 4409 4410
f 4409 4411 4410
f 4410 4411 4412
f 4411 4413 4412
f 4412 4413 4414
f 4413 4415 4414
f 4414 4415 4416
f 4415 4417 4416
f 4416 4417 4418
f 4417 4419 4418
f 4418 4419 4420
f 4419 4421 4420
f 4420 4421 4422
f 4421 4423 4422
f 4422 4423 4424
f 4423 4425 4424
f 4424 4425 4426
f 4330 4329 4427
f 4329 4428 4427
f 4427 4428 4429
f 4428 4430 4429
f 4429 4430 4431
f 4430 4432 4431
f 4431 4432 4433
f 4432 4434 4433
f 4433 4434 3875
f 4435 4029 4436
f 4029 4028 4436
f 4436 4028 4437
f 4030 4438 4028
f 4438 4024 4028
f 4028 4024 4437
f 4024 4026 4437
f 4437 4026 4439
f 4026 4027 4439
f 4439 4027 4440
f 4441 4442 4443
f 4442 4444 4443
f 4443 4444 4440
f 4444 4445 4440
f 4440 4445 4439
f 4445 4446 4439
f 4439 4446 4437
f 4446 4447 4437
f 4437 4447 4436
f 4447 4426 4436
f 4436 4426 4435
f 4426 4425 4435
f 3875 3874 4433
f 3874 4448 4433
f 4433 4448 4431
f 4448 4449 4431
f 4431 4449 4429
f 4449 4450 4429
f 4429 4450 4427
f 4450 4451 4427
f 4427 4451 4330
f 3872 3871 4452
f 3871 4453 4452
f 4452 4453 4454
f 4453 4455 4454
f 4454 4455 4456
f 4455 4457 4456
f 4456 4457 4458
f 4459 3877 4458
f 3877 3876 4458
f 4458 3876 4456
f 3876 4323 4456
f 4456 4323 4454
f 4323 3868 4454
f 4454 3868 4452
f 3868 3867 4452
f 4452 3867 3872
f 4331 4460 4332
f 4460 4461 4332
f 4332 4461 3869
f 4461 4462 3869
f 3869 4462 3867
f 4462 4463 3867
f 3867 4463 3872
f 4463 4464 3872
f 3872 4464 3870
f 4464 4465 3870
f 4466 4467 4468
f 4467 4469 4468
f 4468 4469 4470
f 4469 4471 4470
f 4472 4471 4473
f 4471 4469 4473
f 4473 4469 4474
f 4469 4467 4474
f 4460 4466 4461
f 4466 4468 4461
f 4461 4468 4462
f 4468 4470 4462
f 4462 4470 4463
f 4470 4471 4463
f 4463 4471 4464
f 4471 4472 4464
f 4464 4472 4465
f 4472 4475 4465
f 4465 4475 4476
f 4477 4478 4479
f 4331 4479 4460
f 4479 4478 4460
f 4460 4478 4466
f 4478 4480 4466
f 4466 4480 4467
f 4480 4110 4467
f 4467 4110 4474
f 4110 4111 4474
f 4474 4111 4473
f 4111 4481 4473
f 4473 4481 4472
f 4481 4482 4472
f 4472 4482 4475
f 4483 4328 4484
f 4328 4330 4484
f 4484 4330 4485
f 4330 4451 4485
f 4485 4451 4486
f 4451 4450 4486
f 4486 4450 4487
f 4450 4449 4487
f 4487 4449 4488
f 4449 4448 4488
f 4488 4448 4489
f 4448 3874 4489
f 4489 3874 4490
f 3874 3873 4490
f 4490 3873 4491
f 4326 4483 4327
f 4483 4484 4327
f 4327 4484 4331
f 4484 4485 4331
f 4331 4485 4479
f 4485 4486 4479
f 4479 4486 4477
f 4486 4487 4477
f 4477 4487 4492
f 4487 4488 4492
f 4492 4488 4493
f 4488 4489 4493
f 4493 4489 4494
f 4489 4490 4494
f 4494 4490 4495
f 4490 4491 4495
f 4495 4491 4496
f 3900 4110 3901
f 4110 4480 3901
f 3901 4480 3902
f 4480 4478 3902
f 3902 4478 4113
f 4478 4477 4113
f 4113 4477 4116
f 4477 4492 4116
f 4116 4492 4118
f 4492 4493 4118
f 4118 4493 4119
f 4493 4494 4119
f 4119 4494 4123
f 4494 4495 4123
f 4123 4495 4122
f 4495 4496 4122
f 4122 4496 4121
f 4497 4082 4498
f 4082 4080 4498
f 4498 4080 4499
f 4080 4079 4499
f 4499 4079 4500
f 4088 4497 4090
f 4497 4498 4090
f 4090 4498 4501
f 4498 4499 4501
f 4501 4499 3860
f 4499 4500 3860
f 3860 4500 3861
f 4099 4502 4503
f 4504 4505 4506
f 4505 4507 4506
f 4506 4507 4508
f 4507 4509 4508
f 4508 4509 4510
f 4509 4511 4510
f 4510 4511 4512
f 4511 4513 4512
f 4512 4513 4514
f 4513 4515 4514
f 4514 4515 3858
f 4515 4516 3858
f 3858 4516 3856
f 4516 4517 3856
f 4502 4518 4503
f 4518 4519 4503
f 4503 4519 4520
f 4519 4521 4520
f 4520 4521 4522
f 4521 4523 4522
f 4522 4523 4524
f 4523 4525 4524
f 4524 4525 4526
f 4525 4527 4526
f 4526 4527 4528
f 4527 4529 4528
f 4528 4529 4530
f 4505 4529 4507
f 4529 4527 4507
f 4507 4527 4509
f 4527 4525 4509
f 4509 4525 4511
f 4525 4523 4511
f 4511 4523 4513
f 4523 4521 4513
f 4513 4521 4515
f 4521 4519 4515
f 4515 4519 4516
f 4519 4518 4516
f 4516 4518 4517
f 4518 4502 4517
f 4099 4503 4097
f 4503 4520 4097
f 4097 4520 4095
f 4520 4522 4095
f 4095 4522 4093
f 4522 4524 4093
f 4093 4524 4101
f 4524 4526 4101
f 4101 4526 4104
f 4526 4528 4104
f 4104 4528 4106
f 4528 4530 4106
f 4106 4530 4108
f 4531 4532 4533
f 4531 4533 4534
f 4533 4535 4534
f 4534 4535 4536
f 4535 4537 4536
f 4536 4537 4538
f 4537 4539 4538
f 4538 4539 4540
f 4539 4541 4540
f 4540 4541 4542
f 4541 4543 4542
f 4542 4543 4544
f 4543 4545 4544
f 4544 4545 4546
f 4545 4547 4546
f 4546 4547 4548
f 4547 4549 4548
f 4548 4549 4550
f 4549 4551 4550
f 4550 4551 4552
f 4551 4553 4552
f 4553 4554 4552
f 4552 4554 4555
f 4556 4557 4558
f 4557 4559 4558
f 4558 4559 4560
f 4559 4561 4560
f 4560 4561 4562
f 4561 4563 4562
f 4562 4563 4564
f 4563 4565 4564
f 4564 4565 4566
f 4565 4567 4566
f 4566 4567 4568
f 4567 4555 4568
f 4568 4555 4569
f 4555 4554 4569
f 4177 4531 4179
f 4531 4534 4179
f 4179 4534 4181
f 4534 4536 4181
f 4181 4536 4183
f 4536 4538 4183
f 4183 4538 4185
f 4538 4540 4185
f 4185 4540 4188
f 4540 4542 4188
f 4188 4542 4191
f 4542 4544 4191
f 4191 4544 4194
f 4544 4546 4194
f 4194 4546 4197
f 4546 4548 4197
f 4197 4548 4199
f 4548 4550 4199
f 4199 4550 4201
f 4550 4552 4201
f 4201 4552 4203
f 4552 4555 4203
f 4203 4555 4205
f 4555 4567 4205
f 4205 4567 4207
f 4567 4565 4207
f 4207 4565 4209
f 4565 4563 4209
f 4209 4563 4218
f 4563 4561 4218
f 4218 4561 4217
f 4561 4559 4217
f 4217 4559 3864
f 4559 4557 3864
f 3864 4557 3862
f 4557 4556 3862
f 3862 4556 3865
f 4176 4570 4177
f 4570 4571 4177
f 4177 4571 4531
f 4571 4174 4531
f 4531 4174 4532
f 4174 4171 4532
f 4532 4171 4533
f 4171 4169 4533
f 4533 4169 4535
f 4169 4167 4535
f 4535 4167 4537
f 4167 4165 4537
f 4537 4165 4539
f 4165 4163 4539
f 4539 4163 4541
f 4163 4161 4541
f 4541 4161 4543
f 4161 4159 4543
f 4543 4159 4545
f 4159 3899 4545
f 4545 3899 4547
f 3899 4155 4547
f 4547 4155 4549
f 4155 4153 4549
f 4549 4153 4551
f 4153 4151 4551
f 4551 4151 4553
f 4151 4149 4553
f 4553 4149 4554
f 4149 4147 4554
f 4554 4147 4569
f 4147 4145 4569
f 4569 4145 4568
f 4145 4142 4568
f 4568 4142 4566
f 4142 4140 4566
f 4566 4140 4564
f 4140 4138 4564
f 4564 4138 4562
f 4138 4136 4562
f 4562 4136 4560
f 4136 4134 4560
f 4560 4134 4558
f 4134 4133 4558
f 4558 4133 4556
f 4133 4131 4556
f 4556 4131 3865
f 4131 4130 3865
f 3865 4130 3866
f 4130 4127 3866
f 3866 4127 110
f 4127 4126 110
f 110 4126 2472
f 4126 4128 2472
f 2472 4128 3999
f 4572 4573 1248
f 4573 4062 1248
f 1248 4062 4067
f 4062 4061 4067
f 4067 4061 4064
f 3853 4574 4575
f 4574 4576 4577
f 4576 4578 4577
f 4577 4578 4579
f 4578 4580 4579
f 3854 3851 3855
f 3851 3850 3855
f 3855 3850 4581
f 3852 4582 3850
f 4582 4583 3850
f 3850 4583 4581
f 4583 4584 4581
f 4585 4586 4587
f 3845 3844 4588
f 3844 4589 4588
f 4588 4589 4587
f 4589 4590 4587
f 4587 4590 4585
f 873 760 4077
f 760 4078 4077
f 4077 4078 3848
f 4078 4591 3848
f 3848 4591 3846
f 4592 4593 4594
f 889 3841 4076
f 3841 4594 4076
f 4076 4594 4078
f 4594 4593 4078
f 4078 4593 4591
f 4595 4596 4597
f 4596 4598 4597
f 4597 4598 4599
f 4598 4600 4599
f 4599 4600 4601
f 4600 4602 4601
f 4601 4602 4603
f 4603 3845 4601
f 3845 4588 4601
f 4601 4588 4599
f 4588 4587 4599
f 4599 4587 4597
f 4587 4586 4597
f 4597 4586 4595
f 4602 4604 4603
f 4604 4605 4603
f 4603 4605 3845
f 4605 4606 3845
f 3845 4606 3843
f 4607 4608 4609
f 4608 4610 4609
f 4609 4610 4611
f 4610 4612 4611
f 4611 4612 4613
f 4612 4614 4613
f 4613 4614 4606
f 4614 4615 4606
f 4606 4615 3843
f 4616 4617 4618
f 4617 4619 4618
f 4618 4619 4620
f 4619 4621 4620
f 4620 4621 4622
f 4621 4623 4622
f 4622 4623 4624
f 4623 4625 4624
f 4624 4625 3859
f 4625 4626 3859
f 3859 4626 3860
f 4626 4627 3860
f 3860 4627 4501
f 4627 4628 4501
f 4501 4628 4090
f 4628 4629 4090
f 4090 4629 4089
f 4629 4630 4089
f 4089 4630 4087
f 4630 4631 4087
f 4087 4631 4085
f 3861 4607 3859
f 4607 4609 3859
f 3859 4609 4624
f 4609 4611 4624
f 4624 4611 4622
f 4611 4613 4622
f 4622 4613 4620
f 4613 4606 4620
f 4620 4606 4618
f 4606 4605 4618
f 4618 4605 4616
f 4605 4604 4616
f 4632 4633 4634
f 4633 4635 4634
f 4634 4635 4636
f 4635 4592 4636
f 4592 4594 4636
f 4594 3841 4636
f 4636 3841 4634
f 3841 3840 4634
f 4634 3840 4632
f 4637 4638 4639
f 4638 4640 4639
f 4639 4640 4641
f 4640 4642 4641
f 4641 4642 4643
f 4644 4645 4646
f 4645 4647 4646
f 4648 4649 4650
f 4649 4651 4650
f 4650 4651 4652
f 4651 4653 4652
f 4652 4653 4644
f 4653 4654 4644
f 4644 4654 4645
f 4654 4655 4645
f 4645 4655 4647
f 4655 4656 4647
f 4647 4656 4657
f 4638 4658 4640
f 4658 4659 4640
f 4640 4659 4642
f 4659 4660 4642
f 4642 4660 4661
f 4660 4662 4661
f 4661 4662 4663
f 4662 4664 4663
f 4663 4664 4665
f 4664 4666 4665
f 4665 4666 4667
f 4666 4668 4667
f 4667 4668 4669
f 4670 4671 4672
f 4671 4673 4672
f 4672 4673 4674
f 4673 4675 4674
f 4674 4675 4676
f 4675 4677 4676
f 4676 4677 4678
f 4677 4679 4678
f 4678 4679 4680
f 4679 4681 4680
f 4680 4681 4682
f 4681 4683 4682
f 4682 4683 4684
f 4685 4686 4687
f 4686 4688 4687
f 4687 4688 4669
f 4688 4689 4669
f 4669 4689 4667
f 4689 4690 4667
f 4667 4690 4665
f 4690 4691 4665
f 4665 4691 4663
f 4691 4692 4663
f 4663 4692 4661
f 4692 3836 4661
f 4661 3836 4642
f 3836 3835 4642
f 4642 3835 4643
f 4686 4648 4688
f 4648 4650 4688
f 4688 4650 4689
f 4650 4652 4689
f 4689 4652 4690
f 4652 4644 4690
f 4690 4644 4691
f 4644 4646 4691
f 4691 4646 4692
f 4646 4647 4692
f 4692 4647 3836
f 4647 4657 3836
f 3836 4657 3834
f 4596 4637 4598
f 4637 4639 4598
f 4598 4639 4600
f 4639 4641 4600
f 4600 4641 4602
f 4641 4643 4602
f 4602 4643 4604
f 4643 3835 4604
f 4604 3835 4616
f 3835 3834 4616
f 4616 3834 4617
f 3834 4657 4617
f 4617 4657 4619
f 4657 4656 4619
f 4619 4656 4621
f 4656 4655 4621
f 4621 4655 4623
f 4655 4654 4623
f 4623 4654 4625
f 4654 4653 4625
f 4625 4653 4626
f 4653 4651 4626
f 4626 4651 4627
f 4651 4649 4627
f 4627 4649 4628
f 4649 4648 4628
f 4628 4648 4629
f 4648 4686 4629
f 4629 4686 4630
f 4686 4685 4630
f 4630 4685 4631
f 4063 3831 4061
f 3831 3833 4061
f 4061 3833 4064
f 3833 4693 4064
f 4064 4693 4065
f 4693 4694 4065
f 4065 4694 4068
f 4694 4069 4068
f 4068 4069 929
f 4069 930 929
f 3853 4575 3854
f 4575 4695 3854
f 3854 4695 3851
f 4695 4696 3851
f 3851 4696 3852
f 4696 4697 3852
f 3852 4697 4582
f 4698 4699 4700
f 4699 4701 4700
f 4700 4701 4702
f 4701 4703 4702
f 4702 4703 4704
f 4705 4706 4707
f 4706 4708 4707
f 4707 4708 4580
f 4708 4709 4580
f 4580 4709 4579
f 4704 4710 4702
f 4710 4711 4702
f 4702 4711 4700
f 4711 4712 4700
f 4700 4712 4698
f 4712 4713 4698
f 4698 4713 4714
f 4713 4715 4714
f 4714 4715 4716
f 4717 4718 4719
f 4710 4720 4711
f 4720 4721 4711
f 4711 4721 4712
f 4721 4722 4712
f 4712 4722 4713
f 4722 4723 4713
f 4713 4723 4715
f 4724 4725 4726
f 4725 4727 4726
f 4726 4727 4728
f 4727 4729 4728
f 4728 4729 4730
f 4063 4220 3831
f 4220 4219 3831
f 3831 4219 3832
f 4219 3896 3832
f 3832 3896 4731
f 3896 3895 4731
f 4731 3895 3890
f 3895 4239 3890
f 3890 4239 3888
f 4239 4237 3888
f 3888 4237 4224
f 4237 4243 4224
f 4224 4243 4225
f 4243 4241 4225
f 4225 4241 4231
f 4241 4240 4231
f 4231 4240 4229
f 4574 4577 4575
f 4577 4579 4575
f 4575 4579 4695
f 4579 4709 4695
f 4695 4709 4696
f 4709 4708 4696
f 4696 4708 4697
f 4708 4706 4697
f 4697 4706 4717
f 4706 4705 4717
f 4717 4705 4718
f 4705 4732 4718
f 4718 4732 4733
f 4578 4724 4580
f 4724 4726 4580
f 4580 4726 4707
f 4726 4728 4707
f 4707 4728 4705
f 4728 4730 4705
f 4705 4730 4732
f 4734 4735 4736
f 4735 4737 4736
f 4736 4737 4738
f 4576 4069 4578
f 4069 4694 4578
f 4578 4694 4724
f 4694 4693 4724
f 4724 4693 4725
f 4693 3833 4725
f 4725 3833 4727
f 3833 3832 4727
f 4727 3832 4729
f 3832 4731 4729
f 4729 4731 4730
f 4731 3890 4730
f 4730 3890 4732
f 3890 3889 4732
f 4732 3889 4733
f 3889 4223 4733
f 4733 4223 4739
f 4223 4233 4739
f 4739 4233 4740
f 4233 4232 4740
f 4740 4232 4228
f 4232 4230 4228
f 4228 4230 4226
f 4230 4229 4226
f 4226 4229 4276
f 4229 4240 4276
f 4276 4240 4297
f 4240 4242 4297
f 4297 4242 4303
f 4242 4244 4303
f 4303 4244 4403
f 4244 4245 4403
f 4403 4245 4262
f 4245 4246 4262
f 4262 4246 4251
f 4246 4247 4251
f 4251 4247 4250
f 4247 4054 4250
f 4250 4054 4248
f 4054 4052 4248
f 4248 4052 4253
f 4052 4741 4253
f 4253 4741 4254
f 4741 4742 4254
f 4254 4742 4046
f 4742 4743 4046
f 4046 4743 4047
f 4714 4584 4698
f 4584 4583 4698
f 4698 4583 4699
f 4583 4582 4699
f 4699 4582 4701
f 4582 4697 4701
f 4701 4697 4703
f 4697 4717 4703
f 4703 4717 4704
f 4717 4719 4704
f 4704 4719 4710
f 4719 4744 4710
f 4710 4744 4720
f 4744 4745 4720
f 4720 4745 4721
f 4745 4746 4721
f 4721 4746 4722
f 4746 4747 4722
f 4722 4747 4723
f 4747 3839 4723
f 4723 3839 4715
f 3839 3838 4715
f 4715 3838 4716
f 4748 4749 4750
f 4751 4752 4753
f 4752 4754 4753
f 4753 4754 4755
f 4754 4756 4755
f 4755 4756 4757
f 4758 4759 4760
f 4759 4761 4760
f 4760 4761 4762
f 4761 4763 4762
f 4762 4763 4764
f 4765 4766 4767
f 4766 4768 4767
f 4767 4768 4769
f 4768 4770 4769
f 4769 4770 4771
f 4770 4772 4771
f 4773 4774 4775
f 4774 4776 4775
f 4775 4776 4777
f 4776 4778 4777
f 4777 4778 4779
f 4778 4780 4779
f 4781 4773 4782
f 4773 4775 4782
f 4782 4775 4783
f 4775 4777 4783
f 4783 4777 4784
f 4777 4779 4784
f 4784 4779 4785
f 4779 4780 4785
f 4785 4780 4786
f 4098 3903 4099
f 3903 3905 4099
f 4099 3905 4502
f 3905 4787 4502
f 4502 4787 4517
f 4787 4788 4517
f 4517 4788 3856
f 4788 4789 3856
f 3856 4789 3857
f 4789 4684 3857
f 3857 4684 4790
f 4684 4683 4790
f 4790 4683 4791
f 4683 4681 4791
f 4791 4681 4792
f 4681 4679 4792
f 4792 4679 4793
f 4679 4677 4793
f 4793 4677 4794
f 4677 4675 4794
f 4794 4675 4795
f 4675 4673 4795
f 4795 4673 4796
f 4673 4671 4796
f 4796 4671 4633
f 4671 4670 4633
f 4633 4670 4635
f 4797 4765 4798
f 4765 4767 4798
f 4798 4767 4799
f 4767 4769 4799
f 4799 4769 4800
f 4769 4771 4800
f 4800 4771 4801
f 4771 4772 4801
f 4801 4772 4802
f 4759 4751 4761
f 4751 4753 4761
f 4761 4753 4763
f 4753 4755 4763
f 4763 4755 4764
f 4755 4757 4764
f 4764 4757 4803
f 4757 4804 4803
f 4803 4804 4805
f 4804 4806 4805
f 4805 4806 3830
f 4807 4808 4809
f 4808 4810 4809
f 4734 4736 4811
f 4736 4812 4811
f 4811 4812 4813
f 4812 4814 4813
f 4813 4814 4815
f 4814 4816 4815
f 4815 4816 4817
f 4816 4818 4817
f 4817 4818 4819
f 4818 4820 4819
f 4819 4820 4821
f 4820 4822 4821
f 4821 4822 4823
f 4822 4824 4823
f 4823 4824 4825
f 4824 4826 4825
f 4825 4826 4827
f 4758 4828 4759
f 4828 4829 4759
f 4759 4829 4751
f 4829 4830 4751
f 4751 4830 4752
f 4830 4831 4752
f 4752 4831 4754
f 4831 4832 4754
f 4754 4832 4756
f 4832 4833 4756
f 4756 4833 4757
f 4833 4749 4757
f 4757 4749 4804
f 4749 4748 4804
f 4804 4748 4806
f 4834 4835 4828
f 4835 4836 4828
f 4828 4836 4829
f 4836 4802 4829
f 4829 4802 4830
f 4802 4772 4830
f 4830 4772 4831
f 4772 4770 4831
f 4831 4770 4832
f 4770 4768 4832
f 4832 4768 4833
f 4768 4766 4833
f 4833 4766 4749
f 4766 4765 4749
f 4749 4765 4750
f 4765 4797 4750
f 4750 4797 4837
f 4797 4838 4837
f 4837 4838 4839
f 3830 3829 4805
f 3829 4840 4805
f 4805 4840 4803
f 4840 4841 4803
f 4803 4841 4764
f 4841 4807 4764
f 4764 4807 4762
f 4807 4809 4762
f 4762 4809 4760
f 4809 4810 4760
f 4760 4810 4758
f 4810 4842 4758
f 4758 4842 4828
f 4842 4843 4828
f 4828 4843 4834
f 4844 4845 4846
f 4845 4847 4846
f 4848 4849 4850
f 4849 4851 4850
f 4850 4851 4852
f 4851 4853 4852
f 4854 4855 4834
f 4855 4856 4834
f 4834 4856 4835
f 4856 4857 4835
f 4835 4857 4836
f 4857 4858 4836
f 4836 4858 4802
f 4858 4786 4802
f 4802 4786 4801
f 4786 4780 4801
f 4801 4780 4800
f 4780 4778 4800
f 4800 4778 4799
f 4778 4776 4799
f 4799 4776 4798
f 4776 4774 4798
f 4798 4774 4797
f 4774 4773 4797
f 4797 4773 4838
f 4773 4781 4838
f 4838 4781 4839
f 4810 4859 4842
f 4859 4848 4842
f 4842 4848 4843
f 4848 4850 4843
f 4843 4850 4834
f 4850 4852 4834
f 4834 4852 4854
f 4852 4853 4854
f 4854 4853 4457
f 4459 4458 4860
f 4458 4457 4860
f 4860 4457 4861
f 4457 4853 4861
f 4861 4853 4862
f 4853 4851 4862
f 4862 4851 4863
f 4851 4849 4863
f 4863 4849 4827
f 4849 4848 4827
f 4827 4848 4825
f 4848 4859 4825
f 4825 4859 4823
f 4859 4810 4823
f 4823 4810 4821
f 4810 4808 4821
f 4821 4808 4819
f 4808 4807 4819
f 4819 4807 4817
f 4807 4841 4817
f 4817 4841 4815
f 4841 4840 4815
f 4815 4840 4813
f 4840 3829 4813
f 4813 3829 4811
f 3829 3828 4811
f 4811 3828 4734
f 4845 4321 4847
f 4321 4320 4847
f 4847 4320 4864
f 4320 4404 4864
f 4864 4404 4865
f 4404 4406 4865
f 4865 4406 4866
f 4406 4408 4866
f 4866 4408 4867
f 4408 4410 4867
f 4867 4410 4868
f 4410 4412 4868
f 4868 4412 4869
f 4412 4414 4869
f 4869 4414 4870
f 4414 4416 4870
f 4870 4416 4871
f 4416 4418 4871
f 4871 4418 4872
f 4418 4420 4872
f 4872 4420 4873
f 4420 4422 4873
f 4873 4422 4874
f 4422 4424 4874
f 4874 4424 4875
f 4424 4426 4875
f 4875 4426 4876
f 4426 4447 4876
f 4876 4447 4877
f 4447 4446 4877
f 4877 4446 4878
f 4446 4445 4878
f 4878 4445 4879
f 4445 4444 4879
f 4879 4444 4880
f 4444 4442 4880
f 4880 4442 4881
f 4442 4441 4881
f 4881 4441 4021
f 4738 4882 4736
f 4882 4883 4736
f 4736 4883 4812
f 4883 4884 4812
f 4812 4884 4814
f 4884 4885 4814
f 4814 4885 4816
f 4885 4886 4816
f 4816 4886 4818
f 4886 4887 4818
f 4818 4887 4820
f 4887 4888 4820
f 4820 4888 4822
f 4888 4889 4822
f 4822 4889 4824
f 4889 4890 4824
f 4824 4890 4826
f 4890 4891 4826
f 4826 4891 4827
f 4891 4844 4827
f 4827 4844 4863
f 4844 4846 4863
f 4863 4846 4862
f 4846 4847 4862
f 4862 4847 4861
f 4847 4864 4861
f 4861 4864 4860
f 4864 4865 4860
f 4860 4865 4459
f 4865 4866 4459
f 4459 4866 3877
f 4866 4867 3877
f 3877 4867 3878
f 4867 4868 3878
f 3878 4868 4326
f 4868 4869 4326
f 4326 4869 4483
f 4869 4870 4483
f 4483 4870 4328
f 4870 4871 4328
f 4328 4871 4329
f 4871 4872 4329
f 4329 4872 4428
f 4872 4873 4428
f 4428 4873 4430
f 4873 4874 4430
f 4430 4874 4432
f 4874 4875 4432
f 4432 4875 4434
f 4875 4876 4434
f 4434 4876 3875
f 4876 4877 3875
f 3875 4877 3873
f 4877 4878 3873
f 3873 4878 4491
f 4878 4879 4491
f 4491 4879 4496
f 4879 4880 4496
f 4496 4880 4121
f 4880 4881 4121
f 4121 4881 956
f 4881 4021 956
f 956 4021 957
f 4021 4023 957
f 957 4023 4019
f 4839 4892 4837
f 4892 3837 4837
f 4837 3837 4750
f 3837 3839 4750
f 4750 3839 4748
f 3839 4747 4748
f 4748 4747 4806
f 4747 4746 4806
f 4806 4746 3830
f 4746 4745 3830
f 3830 4745 3828
f 4745 4744 3828
f 3828 4744 4734
f 4744 4719 4734
f 4734 4719 4735
f 4719 4718 4735
f 4735 4718 4737
f 4718 4733 4737
f 4737 4733 4738
f 4733 4739 4738
f 4738 4739 4882
f 4739 4740 4882
f 4882 4740 4883
f 4740 4228 4883
f 4883 4228 4884
f 4228 4227 4884
f 4884 4227 4885
f 4227 4304 4885
f 4885 4304 4886
f 4304 3884 4886
f 4886 3884 4887
f 3884 3883 4887
f 4887 3883 4888
f 3883 4279 4888
f 4888 4279 4889
f 4279 3880 4889
f 4889 3880 4890
f 3880 3879 4890
f 4890 3879 4891
f 3879 4285 4891
f 4891 4285 4844
f 4285 4379 4844
f 4844 4379 4845
f 4379 4378 4845
f 4845 4378 4321
f 4378 4376 4321
f 4321 4376 4322
f 4376 4374 4322
f 4322 4374 4405
f 4374 4372 4405
f 4405 4372 4407
f 4372 4370 4407
f 4407 4370 4409
f 4370 4368 4409
f 4409 4368 4411
f 4368 4366 4411
f 4411 4366 4413
f 4366 4364 4413
f 4413 4364 4415
f 4364 4362 4415
f 4415 4362 4417
f 4362 4360 4417
f 4417 4360 4419
f 4360 4358 4419
f 4419 4358 4421
f 4358 4357 4421
f 4421 4357 4423
f 4357 4355 4423
f 4423 4355 4425
f 4355 4356 4425
f 4425 4356 4435
f 4356 4400 4435
f 4435 4400 4029
f 4400 4402 4029
f 4029 4402 4030
f 4585 3849 4586
f 3849 3846 4586
f 4586 3846 4595
f 3846 4591 4595
f 4595 4591 4596
f 4591 4593 4596
f 4596 4593 4637
f 4593 4592 4637
f 4637 4592 4638
f 4592 4635 4638
f 4638 4635 4658
f 4635 4670 4658
f 4658 4670 4659
f 4670 4672 4659
f 4659 4672 4660
f 4672 4674 4660
f 4660 4674 4662
f 4674 4676 4662
f 4662 4676 4664
f 4676 4678 4664
f 4664 4678 4666
f 4678 4680 4666
f 4666 4680 4668
f 4680 4682 4668
f 4668 4682 4669
f 4682 4684 4669
f 4669 4684 4687
f 4684 4789 4687
f 4687 4789 4685
f 4789 4788 4685
f 4685 4788 4631
f 4788 4787 4631
f 4631 4787 4085
f 4787 3905 4085
f 4085 3905 4083
f 3905 3904 4083
f 4476 4109 4465
f 4109 4108 4465
f 4465 4108 3870
f 4108 4530 3870
f 3870 4530 3871
f 4530 4529 3871
f 3871 4529 4453
f 4529 4505 4453
f 4453 4505 4455
f 4505 4504 4455
f 4455 4504 4457
f 4504 4506 4457
f 4457 4506 4854
f 4506 4508 4854
f 4854 4508 4855
f 4508 4510 4855
f 4855 4510 4856
f 4510 4512 4856
f 4856 4512 4857
f 4512 4514 4857
f 4857 4514 4858
f 4514 3858 4858
f 4858 3858 4786
f 3858 3857 4786
f 4786 3857 4785
f 3857 4790 4785
f 4785 4790 4784
f 4790 4791 4784
f 4784 4791 4783
f 4791 4792 4783
f 4783 4792 4782
f 4792 4793 4782
f 4782 4793 4781
f 4793 4794 4781
f 4781 4794 4839
f 4794 4795 4839
f 4839 4795 4892
f 4795 4796 4892
f 4892 4796 3837
f 4796 4633 3837
f 3837 4633 3838
f 4633 4632 3838
f 3838 4632 4716
f 4632 3840 4716
f 4716 3840 4714
f 3840 3842 4714
f 4714 3842 4584
f 3842 4075 4584
f 4584 4075 4581
f 4075 4074 4581
f 4581 4074 3855
f 4074 4073 3855
f 3855 4073 3853
f 4073 4072 3853
f 3853 4072 4574
f 4072 4071 4574
f 4574 4071 4576
f 4071 4070 4576
f 4576 4070 4069
f 4070 925 4069
f 4069 925 931
f 441 258 583
f 258 400 583
f 583 400 581
f 400 398 581
f 581 398 579
f 398 396 579
f 579 396 577
f 396 394 577
f 577 394 575
f 394 392 575
f 575 392 573
f 392 390 573
f 573 390 571
f 390 388 571
f 571 388 569
f 388 386 569
f 569 386 567
f 386 384 567
f 567 384 565
f 384 382 565
f 565 382 563
f 382 380 563
f 563 380 561
f 380 378 561
f 561 378 559
f 378 376 559
f 559 376 557
f 376 374 557
f 557 374 555
f 374 372 555
f 555 372 553
f 372 370 553
f 553 370 551
f 370 368 551
f 551 368 549
f 368 366 549
f 549 366 547
f 366 364 547
f 547 364 545
f 364 362 545
f 545 362 543
f 362 360 543
f 543 360 541
f 360 358 541
f 541 358 539
f 358 356 539
f 539 356 537
f 356 354 537
f 537 354 535
f 354 352 535
f 535 352 533
f 352 350 533
f 533 350 531
f 350 348 531
f 531 348 529
f 348 346 529
f 529 346 527
f 346 344 527
f 527 344 525
f 344 342 525
f 525 342 523
f 342 340 523
f 523 340 521
f 340 338 521
f 521 338 519
f 338 336 519
f 519 336 517
f 336 334 517
f 517 334 515
f 334 332 515
f 515 332 513
f 332 330 513
f 513 330 511
f 330 328 511
f 511 328 509
f 328 326 509
f 509 326 507
f 326 324 507
f 507 324 505
f 324 322 505
f 505 322 503
f 322 320 503
f 503 320 501
f 320 318 501
f 501 318 499
f 318 316 499
f 499 316 497
f 316 314 497
f 497 314 495
f 314 312 495
f 495 312 493
f 312 310 493
f 493 310 491
f 310 308 491
f 491 308 489
f 308 306 489
f 489 306 487
f 306 304 487
f 487 304 485
f 304 302 485
f 485 302 483
f 302 300 483
f 483 300 481
f 300 298 481
f 481 298 479
f 298 296 479
f 479 296 477
f 296 294 477
f 477 294 475
f 294 292 475
f 475 292 473
f 292 290 473
f 473 290 471
f 290 288 471
f 471 288 469
f 288 286 469
f 469 286 467
f 286 284 467
f 467 284 465
f 284 282 465
f 465 282 463
f 282 280 463
f 463 280 461
f 280 278 461
f 461 278 459
f 278 276 459
f 459 276 457
f 276 274 457
f 457 274 455
f 274 272 455
f 455 272 453
f 272 270 453
f 453 270 451
f 270 268 451
f 451 268 449
f 268 266 449
f 449 266 447
f 266 264 447
f 447 264 445
f 264 262 445
f 445 262 443
f 262 260 443
f 443 260 441
f 260 258 441
f 1299 963 3906
f 963 958 3906
f 3604 1269 1268
f 1268 1271 3604
f 1271 1272 3604
f 3604 1272 3615
f 1272 1279 3615
f 1279 1278 3615
f 1278 1277 3615
f 3615 1277 1275
f 1264 1263 3606
f 1263 1267 3606
f 3606 1267 1266
f 1266 1265 3606
f 1265 1258 3606
f 3606 1258 3604
f 1258 1270 3604
f 3604 1270 1269
f 4893 1392 3606
f 1392 1262 3606
f 3606 1262 1264
f 1275 4894 3615
f 4894 4895 3615
f 3615 4895 3620
f 4895 3789 3620
f 3620 3789 3618
f 3606 3608 4893
f 3608 3637 4893
f 4893 3637 4896
f 3637 3639 4896
f 4896 3639 4897
f 3639 3641 4897
f 4897 3641 4898
f 3641 3643 4898
f 4898 3643 4899
f 3643 3595 4899
f 4899 3595 4900
f 3595 3594 4900
f 4900 3594 4901
f 3594 3670 4901
f 4901 3670 4902
f 3670 3672 4902
f 4902 3672 4903
f 3672 3674 4903
f 4903 3674 4904
f 3674 3676 4904
f 4904 3676 4905
f 3676 3678 4905
f 4905 3678 4906
f 3678 3685 4906
f 4906 3685 4907
f 3685 3683 4907
f 4907 3683 4908
f 3683 3681 4908
f 4908 3681 4909
f 1630 4910 1545
f 4910 4911 1545
f 1545 4911 1546
f 4912 4913 4914
f 4915 4916 4912
f 4912 4917 4918
f 4912 4919 4920
f 4914 4921 4912
f 4921 4922 4912
f 4912 4922 4923
f 4924 4912 4925
f 4912 4926 4925
f 4918 4927 4912
f 4927 4928 4912
f 4912 4928 4929
f 4929 4930 4912
f 4930 4931 4912
f 4912 4931 4932
f 4920 4933 4912
f 4933 4934 4912
f 4912 4934 4913
f 4923 4935 4912
f 4935 4936 4912
f 4912 4936 4926
f 4937 4938 4912
f 4916 4939 4912
f 4939 4940 4912
f 4912 4940 4917
f 4932 4941 4912
f 4941 4942 4912
f 4912 4942 4919
f 3907 4910 3908
f 4910 1630 3908
f 3908 1630 4912
f 1630 4943 4912
f 4912 4943 4937
f 4938 4944 4912
f 4944 4945 4912
f 4912 4945 4946
f 4946 4947 4912
f 4947 4948 4912
f 4912 4948 4915
f 4949 4950 4951
f 4951 4950 4952
f 4953 4954 4955
f 4956 4957 4954
f 4958 4959 4960
f 4961 4962 4963
f 4964 4965 4966
f 4967 4968 4969
f 4970 4971 4972
f 4973 4974 4975
f 4976 4977 4964
f 4977 4976 4978
f 4979 4980 4981
f 4982 4983 4984
f 4985 4986 4987
f 4988 4989 4990
f 4991 4992 4993
f 4990 4989 4994
f 4995 4996 4997
f 4998 4999 5000
f 5001 5002 5003
f 5004 5005 5006
f 5007 5008 5009
f 5010 5011 5012
f 5013 5014 3775
f 5015 5016 5017
f 5018 5019 5020
f 5021 5022 5023
f 797 798 5024
f 5025 5026 5027
f 5028 5029 5030
f 4175 5031 5032
f 5031 5033 5032
f 5032 5033 5034
f 5033 5035 5034
f 5034 5035 5036
f 5035 5037 5036
f 5036 5037 5038
f 5038 5037 5039
f 5037 5040 5039
f 5039 5040 5041
f 5040 5042 5041
f 5041 5042 5043
f 5042 5044 5043
f 5043 5044 5045
f 5044 5046 5045
f 5045 5046 5047
f 5048 5049 5050
f 5049 5051 5050
f 5050 5051 5046
f 5051 5052 5046
f 5046 5052 5047
f 5048 5050 5053
f 5050 5054 5053
f 5053 5054 5055
f 5054 5056 5055
f 5055 5056 5057
f 5056 5058 5057
f 5057 5058 5059
f 5060 5061 5062
f 5061 5059 5062
f 5062 5059 5063
f 5059 5058 5063
f 5064 5065 5066
f 5065 5067 5066
f 5066 5067 5060
f 5067 5068 5060
f 5060 5068 5061
f 5069 5070 5071
f 5070 5064 5071
f 5071 5064 5072
f 5064 5066 5072
f 5069 5071 5073
f 5071 5074 5073
f 5073 5074 5075
f 5074 5076 5075
f 5075 5076 5077
f 5076 5078 5077
f 5077 5078 5079
f 5078 5080 5079
f 5079 5080 5081
f 5030 5029 5013
f 5029 5082 5013
f 5013 5082 5014
f 5082 5083 5014
f 5014 5083 5084
f 5083 5085 5084
f 5084 5085 5086
f 5085 5087 5086
f 5086 5087 5088
f 5089 5090 5091
f 5092 4986 5093
f 4986 4985 5093
f 5093 4985 5094
f 5095 5096 5097
f 5096 5098 5097
f 5097 5098 5099
f 5098 5100 5099
f 5101 5102 5103
f 5102 5104 5103
f 5103 5104 5095
f 5104 5105 5095
f 5095 5105 5096
f 5106 5107 5101
f 5107 5108 5101
f 5101 5108 5102
f 5109 5110 5106
f 5110 5111 5106
f 5106 5111 5107
f 5112 5113 5114
f 5113 5115 5114
f 5114 5115 5116
f 5115 5117 5116
f 5116 5117 5118
f 5117 5119 5118
f 5118 5119 5109
f 5119 5120 5109
f 5109 5120 5110
f 5112 5114 5121
f 5114 5122 5121
f 5121 5122 5123
f 5123 5122 5124
f 5122 5125 5124
f 5124 5125 5126
f 5127 5128 5129
f 5128 5130 5129
f 5129 5130 5131
f 5132 4079 5133
f 4079 4081 5133
f 848 853 4974
f 853 852 4974
f 852 850 4974
f 4974 850 849
f 849 854 4974
f 854 856 4974
f 4974 856 859
f 858 864 4077
f 864 863 4077
f 863 861 4077
f 4077 861 860
f 860 865 4077
f 865 867 4077
f 4077 867 872
f 5134 836 842
f 842 841 5134
f 841 839 5134
f 5134 839 838
f 838 843 5134
f 843 845 5134
f 5134 845 846
f 5135 823 5136
f 823 825 5136
f 825 826 5136
f 826 828 5136
f 5136 828 829
f 829 831 5136
f 831 834 5136
f 5136 834 833
f 5137 817 5135
f 817 819 5135
f 819 820 5135
f 820 822 5135
f 5135 822 823
f 5138 811 5137
f 811 813 5137
f 813 814 5137
f 814 816 5137
f 5137 816 817
f 5139 805 5138
f 805 807 5138
f 807 808 5138
f 808 810 5138
f 5138 810 811
f 800 802 5139
f 802 803 5139
f 5139 803 805
f 5140 793 795
f 789 790 5141
f 790 792 5141
f 782 784 5142
f 784 786 5142
f 5142 786 787
f 768 773 5143
f 773 772 5143
f 5143 772 770
f 770 769 5143
f 769 778 5143
f 5143 778 777
f 777 775 5143
f 775 774 5143
f 5143 774 5142
f 774 781 5142
f 5142 781 782
f 586 763 5144
f 763 765 5144
f 5144 765 766
f 5145 588 5144
f 588 587 5144
f 5144 587 586
f 589 588 5146
f 588 5145 5146
f 5146 5145 5147
f 4573 4572 5148
f 4572 590 5148
f 5149 5150 5148
f 5151 5152 5150
f 5153 5154 5155
f 5154 5156 5155
f 5157 5158 5021
f 5159 5160 5161
f 5160 5162 5161
f 5161 5162 5163
f 5002 5164 5165
f 5002 5001 5164
f 5001 5166 5164
f 5164 5166 5167
f 5166 5168 5167
f 5167 5168 5169
f 5168 5170 5169
f 5169 5170 5171
f 5170 5172 5171
f 5171 5172 5173
f 5172 5174 5173
f 5173 5174 5175
f 5174 5176 5175
f 5175 5176 5177
f 5176 5178 5177
f 5177 5178 5179
f 5178 5180 5179
f 5179 5180 5181
f 5180 5182 5181
f 5181 5182 5183
f 5184 5185 5186
f 5185 5187 5186
f 5186 5187 5188
f 5187 5189 5188
f 5188 5189 5190
f 5091 5090 5191
f 3743 3742 5084
f 3742 3741 5084
f 5084 3741 3740
f 3740 3739 5084
f 3739 3738 5084
f 5084 3738 5014
f 3738 3774 5014
f 5014 3774 3775
f 3759 3758 5086
f 3758 3757 5086
f 5086 3757 3756
f 3756 3755 5086
f 3755 3754 5086
f 5086 3754 3753
f 3753 3752 5086
f 3752 3751 5086
f 5086 3751 3750
f 3750 3749 5086
f 3749 3748 5086
f 5086 3748 3747
f 3747 3746 5086
f 3746 3745 5086
f 5086 3745 5084
f 3745 3744 5084
f 5084 3744 3743
f 3772 5192 3773
f 5192 3737 3773
f 3772 3771 5192
f 3771 3770 5192
f 5192 3770 3769
f 3768 3767 5193
f 3767 3766 5193
f 3766 3765 5193
f 3765 3764 5193
f 5193 3764 3763
f 3763 3762 5193
f 3762 3761 5193
f 5193 3761 3760
f 3759 5086 3760
f 5086 5088 3760
f 3760 5088 5193
f 5088 5087 5193
f 5193 5087 5080
f 5087 5194 5080
f 5080 5194 5081
f 3726 3727 5195
f 3727 3728 5195
f 3728 3729 5195
f 3729 3730 5195
f 5195 3730 3731
f 3731 3732 5192
f 3732 3733 5192
f 5192 3733 3734
f 3734 3735 5192
f 3735 3736 5192
f 5192 3736 3737
f 3713 3714 5196
f 3714 3715 5196
f 5196 3715 3716
f 3716 3717 5196
f 3717 3718 5196
f 5196 3718 3719
f 3719 3720 5196
f 3720 3721 5196
f 5196 3721 3722
f 3722 3723 5196
f 3723 3724 5196
f 5196 3724 3725
f 5197 5198 5199
f 5198 5200 5199
f 5199 5200 5201
f 5200 3711 5201
f 5201 3711 5196
f 3711 3712 5196
f 5196 3712 3713
f 3794 1398 5202
f 1398 1394 5202
f 5202 1394 1101
f 1394 743 1101
f 1395 5203 73
f 1395 73 1394
f 1101 1396 5204
f 1101 5204 5202
f 5204 3600 5202
f 5202 3600 5205
f 3600 3602 5205
f 5205 3602 5206
f 3602 3611 5206
f 3611 3610 5206
f 5206 3610 5207
f 3610 3609 5207
f 5207 3609 5208
f 3609 3599 5208
f 5208 3599 5209
f 3599 5210 5209
f 3599 3627 5210
f 3627 3626 5210
f 5210 3626 5211
f 3626 3624 5211
f 5211 3624 5212
f 3624 3623 5212
f 5212 3623 5213
f 3623 3614 5213
f 5213 3614 5214
f 3614 3636 5214
f 3636 3635 5214
f 5214 3635 5215
f 3635 3633 5215
f 5215 3633 5216
f 3633 3631 5216
f 5216 3631 5217
f 3631 3629 5217
f 5217 3629 5218
f 5218 3629 5219
f 3629 3628 5219
f 5219 3628 5220
f 3628 3592 5220
f 5220 3592 5221
f 3592 3593 5221
f 5221 3593 5222
f 3593 3649 5222
f 5222 3649 5223
f 3649 3651 5223
f 5223 3651 5224
f 5224 3651 5225
f 3651 3653 5225
f 5225 3653 5226
f 3653 3655 5226
f 5226 3655 5227
f 3655 3657 5227
f 5227 3657 5228
f 3657 3659 5228
f 5228 3659 5229
f 3659 3662 5229
f 3662 3661 5229
f 5229 3661 5230
f 3680 3964 3663
f 3964 5231 3663
f 3663 5231 3664
f 5231 5232 3664
f 3664 5232 3666
f 5232 5230 3666
f 3666 5230 3667
f 5230 3661 3667
f 1396 1397 5204
f 1397 2589 5204
f 5204 2589 2590
f 2590 2592 5204
f 2592 2591 5204
f 5204 2591 2594
f 2594 2593 5204
f 2593 2597 5204
f 5204 2597 2596
f 2600 5233 2474
f 5233 5204 2474
f 2474 5204 2595
f 5204 2596 2595
f 2600 2599 5233
f 2599 2598 5233
f 5233 2598 5234
f 2598 2601 5234
f 5234 2601 5235
f 2601 2602 5235
f 5235 2602 2603
f 2603 2604 5235
f 2604 2605 5235
f 5235 2605 2606
f 2606 2607 5235
f 2607 2608 5235
f 5235 2608 2609
f 2585 2586 71
f 2585 71 2581
f 2586 2478 71
f 2478 2477 71
f 71 2477 2587
f 2587 2476 71
f 2476 2475 71
f 71 2475 2588
f 1394 73 743
f 73 71 743
f 743 71 742
f 71 2588 742
f 742 2588 740
f 2578 2577 70
f 2577 2580 70
f 2580 2584 70
f 2584 2583 70
f 70 2583 71
f 2583 2582 71
f 71 2582 2581
f 2574 50 2575
f 50 2571 2575
f 2574 2573 50
f 2573 2572 50
f 50 2572 48
f 2572 2576 48
f 48 2576 70
f 2576 2579 70
f 70 2579 2578
f 54 2561 2565
f 2565 2566 54
f 2566 2479 54
f 54 2479 52
f 2479 2569 52
f 2569 2568 52
f 2568 2567 52
f 52 2567 50
f 2567 2570 50
f 50 2570 2571
f 2562 79 2563
f 79 2564 2563
f 2561 54 2562
f 54 56 2562
f 2562 56 79
f 2558 2557 78
f 2557 2556 78
f 78 2556 79
f 2556 2560 79
f 79 2560 2564
f 2554 76 2555
f 76 2548 2555
f 2554 2553 76
f 2553 2552 76
f 76 2552 78
f 2552 2559 78
f 78 2559 2558
f 2540 2539 75
f 2539 2538 75
f 75 2538 2537
f 2537 2541 75
f 2541 2542 75
f 75 2542 2543
f 2543 2481 75
f 2481 2480 75
f 75 2480 2547
f 2547 2546 75
f 2546 2545 75
f 75 2545 2544
f 2544 2551 75
f 2551 2550 75
f 75 2550 76
f 2550 2549 76
f 76 2549 2548
f 2530 2529 5236
f 2529 2528 5236
f 2528 2527 5236
f 5236 2527 2534
f 2534 2533 5236
f 2533 2532 5236
f 5236 2532 2531
f 2540 75 2536
f 75 32 2536
f 2536 32 2535
f 5237 2508 2509
f 5237 2509 5238
f 2509 2510 5238
f 5238 2510 2514
f 2514 2513 5238
f 2513 2512 5238
f 5238 2512 2511
f 2511 2515 5238
f 2515 2516 5238
f 5238 2516 2520
f 2520 2519 5238
f 2519 2518 5238
f 5238 2518 2517
f 2517 2521 5238
f 2521 2522 5238
f 5238 2522 2526
f 2526 2525 5238
f 2525 2524 5238
f 5238 2524 5236
f 2524 2523 5236
f 5236 2523 2530
f 2500 2501 5237
f 2501 2502 5237
f 2502 2503 5237
f 2503 2504 5237
f 5237 2504 2505
f 2505 2506 5237
f 2506 2507 5237
f 5237 2507 2508
f 5239 5240 28
f 5240 5241 28
f 28 5241 30
f 5241 5236 30
f 30 5236 32
f 5236 2531 32
f 32 2531 2535
f 28 27 5239
f 27 26 5239
f 5239 26 5242
f 26 36 5242
f 36 35 5242
f 5242 35 5243
f 35 59 5243
f 5243 59 5244
f 59 58 5244
f 5244 58 5245
f 58 87 5245
f 5245 87 5246
f 87 86 5246
f 5246 86 5247
f 86 84 5247
f 5247 84 5248
f 84 83 5248
f 5248 83 5249
f 83 88 5249
f 88 90 5249
f 5249 90 5250
f 90 91 5250
f 91 93 5250
f 5250 93 5251
f 95 5252 97
f 5252 5253 97
f 97 5253 99
f 5253 5251 99
f 99 5251 100
f 5251 93 100
f 108 3930 109
f 3930 5254 109
f 109 5254 95
f 5254 5255 95
f 95 5255 5252
f 5256 5257 5196
f 5257 5258 5196
f 5196 5258 5201
f 5258 5259 5201
f 5201 5259 5199
f 5259 5203 5199
f 5199 5203 5197
f 5203 1395 5197
f 5197 1395 5198
f 5260 5261 5262
f 5261 5263 5262
f 5262 5263 5264
f 5263 5265 5264
f 5264 5265 5266
f 5265 5267 5266
f 5266 5267 5268
f 5267 5269 5268
f 5268 5269 5270
f 5269 5271 5270
f 5270 5271 5272
f 5271 5273 5272
f 5272 5273 5274
f 5273 5275 5274
f 5274 5275 5276
f 5275 5277 5276
f 5278 5279 5260
f 5279 5280 5260
f 5260 5280 5261
f 5281 5282 5278
f 5282 5283 5278
f 5278 5283 5279
f 5284 5285 5281
f 5285 5286 5281
f 5281 5286 5282
f 5287 5288 5289
f 5288 5290 5289
f 5289 5290 5291
f 5290 5292 5291
f 5291 5292 5293
f 5292 5294 5293
f 5293 5294 5295
f 5294 5296 5295
f 5295 5296 5297
f 5296 5298 5297
f 5297 5298 5284
f 5298 5299 5284
f 5284 5299 5285
f 4570 5300 5287
f 5300 5301 5287
f 5287 5301 5288
f 5302 5303 5304
f 5303 5305 5304
f 5304 5305 5306
f 5153 5152 5154
f 5152 5151 5154
f 5154 5151 5307
f 5308 5011 5309
f 5011 5010 5309
f 5309 5010 5310
f 5307 5311 5312
f 5311 5313 5312
f 5312 5313 5314
f 5313 5315 5314
f 5314 5315 5316
f 5315 5317 5316
f 5021 5023 5157
f 5023 5318 5157
f 5157 5318 5319
f 5019 5163 5020
f 5163 5162 5020
f 5020 5162 5320
f 5162 5160 5320
f 5320 5160 5321
f 5160 5159 5321
f 5322 5323 5324
f 5323 5325 5324
f 5318 5322 5319
f 5322 5324 5319
f 5319 5324 5326
f 5324 5325 5326
f 5326 5325 5327
f 5325 5328 5327
f 5327 5328 5329
f 5006 5005 5330
f 5005 5331 5330
f 5330 5331 5317
f 5331 5332 5317
f 5317 5332 5316
f 5004 5333 5005
f 5333 5334 5005
f 5005 5334 5331
f 5334 5335 5331
f 5158 5157 5159
f 5157 5319 5159
f 5159 5319 5321
f 5319 5326 5321
f 5321 5326 5320
f 5326 5327 5320
f 5320 5327 5020
f 5327 5329 5020
f 5020 5329 5018
f 5156 5154 5022
f 5154 5307 5022
f 5022 5307 5023
f 5307 5312 5023
f 5023 5312 5318
f 5312 5314 5318
f 5318 5314 5322
f 5314 5316 5322
f 5322 5316 5323
f 5316 5332 5323
f 5323 5332 5325
f 5332 5331 5325
f 5325 5331 5328
f 5331 5335 5328
f 5328 5335 5329
f 5335 5336 5329
f 5329 5336 5018
f 5333 5337 5334
f 5337 5338 5334
f 5334 5338 5335
f 5338 5339 5335
f 5335 5339 5336
f 5004 5003 5333
f 5003 5002 5333
f 5333 5002 5337
f 5002 5165 5337
f 5337 5165 5338
f 5165 5340 5338
f 5338 5340 5339
f 5340 5341 5339
f 5339 5341 5336
f 5341 5342 5336
f 5336 5342 5018
f 5343 5344 5345
f 5344 5346 5345
f 5345 5346 5347
f 5346 5348 5347
f 5347 5348 5349
f 5348 5350 5349
f 5349 5350 5310
f 5350 5351 5310
f 5310 5351 5309
f 5351 5352 5309
f 5309 5352 5308
f 5353 5354 5355
f 5355 5354 5356
f 5354 5357 5356
f 5356 5357 5358
f 5357 5359 5358
f 5358 5359 5360
f 5359 5361 5360
f 5360 5361 5362
f 5361 5363 5362
f 5362 5363 5364
f 5363 5365 5364
f 5364 5365 5366
f 5365 5367 5366
f 5366 5367 5368
f 5369 5355 5370
f 5355 5356 5370
f 5370 5356 5371
f 5356 5358 5371
f 5371 5358 5372
f 5358 5360 5372
f 5372 5360 5373
f 5360 5362 5373
f 5373 5362 5374
f 5362 5364 5374
f 5374 5364 5375
f 5364 5366 5375
f 5375 5366 5376
f 5366 5368 5376
f 5376 5368 5377
f 5369 5378 5379
f 5380 4996 5381
f 4996 4995 5381
f 5381 4995 5382
f 4949 5383 5384
f 5383 5385 5384
f 5386 5387 5388
f 5387 5389 5388
f 5388 5389 5390
f 5389 5391 5390
f 5369 5370 5378
f 5370 5371 5378
f 5378 5371 5392
f 5371 5372 5392
f 5392 5372 5393
f 5372 5373 5393
f 5393 5373 5394
f 5373 5374 5394
f 5394 5374 5395
f 5374 5375 5395
f 5395 5375 5396
f 5375 5376 5396
f 5396 5376 5397
f 5376 5377 5397
f 5397 5377 5398
f 5399 5400 5391
f 5400 5401 5391
f 5391 5401 5390
f 5402 5403 5404
f 5405 4997 5406
f 4997 4996 5406
f 5406 4996 5407
f 4996 5380 5407
f 5407 5380 5408
f 5409 5405 5410
f 5405 5406 5410
f 5410 5406 5411
f 5406 5407 5411
f 5411 5407 5412
f 5407 5408 5412
f 5412 5408 5413
f 5414 5415 5416
f 5415 5417 5416
f 5416 5417 5418
f 5417 5419 5418
f 5418 5419 5420
f 5419 5421 5420
f 5420 5421 5422
f 5421 5007 5422
f 5422 5007 5423
f 5007 5009 5423
f 5423 5009 5424
f 5424 5425 5423
f 5425 5426 5423
f 5423 5426 5422
f 5426 5427 5422
f 5422 5427 5420
f 5427 5428 5420
f 5420 5428 5418
f 5428 5429 5418
f 5418 5429 5416
f 5429 5430 5416
f 5416 5430 5414
f 5430 5431 5414
f 5414 5431 5432
f 5431 5433 5432
f 5432 5433 5434
f 5433 5435 5434
f 5434 5435 5436
f 5435 5437 5436
f 5436 5437 5438
f 5437 5439 5438
f 5425 5440 5426
f 5440 5441 5426
f 5426 5441 5427
f 5441 5442 5427
f 5427 5442 5428
f 5442 5443 5428
f 5428 5443 5429
f 5443 5444 5429
f 5429 5444 5430
f 5444 5445 5430
f 5430 5445 5431
f 5445 5446 5431
f 5431 5446 5433
f 5446 5447 5433
f 5433 5447 5435
f 5447 5448 5435
f 5435 5448 5437
f 5448 5449 5437
f 5437 5449 5439
f 5449 5450 5439
f 5001 5451 5166
f 5451 5452 5166
f 5166 5452 5168
f 5452 5453 5168
f 5168 5453 5170
f 5453 5454 5170
f 5170 5454 5172
f 5454 5455 5172
f 5172 5455 5174
f 5455 5456 5174
f 5174 5456 5176
f 5456 5457 5176
f 5176 5457 5178
f 5457 5458 5178
f 5178 5458 5180
f 5458 5459 5180
f 5180 5459 5182
f 5459 5017 5182
f 5182 5017 5183
f 5017 5016 5183
f 5460 5409 5461
f 5409 5410 5461
f 5461 5410 5462
f 5410 5411 5462
f 5462 5411 5463
f 5411 5412 5463
f 5463 5412 5464
f 5412 5413 5464
f 5464 5413 5465
f 5466 5460 5467
f 5460 5461 5467
f 5467 5461 5468
f 5461 5462 5468
f 5468 5462 5469
f 5462 5463 5469
f 5469 5463 5470
f 5463 5464 5470
f 5470 5464 5471
f 5464 5465 5471
f 5471 5465 5472
f 5473 5474 5475
f 5474 5476 5475
f 5475 5476 5477
f 5476 5478 5477
f 5477 5478 5479
f 5478 5480 5479
f 5479 5480 5481
f 5480 5482 5481
f 5481 5482 5483
f 5482 5484 5483
f 5483 5484 5485
f 5484 5486 5485
f 5485 5486 5487
f 5486 5488 5487
f 5487 5488 4998
f 4998 5000 5487
f 5000 5382 5487
f 5487 5382 5485
f 5382 4995 5485
f 5485 4995 5483
f 4995 4997 5483
f 5483 4997 5481
f 4997 5405 5481
f 5481 5405 5479
f 5405 5409 5479
f 5479 5409 5477
f 5409 5460 5477
f 5477 5460 5475
f 5460 5466 5475
f 5475 5466 5473
f 5472 5489 5471
f 5489 5490 5471
f 5471 5490 5470
f 5490 5491 5470
f 5470 5491 5469
f 5491 5492 5469
f 5469 5492 5468
f 5492 5493 5468
f 5468 5493 5467
f 5493 5494 5467
f 5467 5494 5466
f 5494 5495 5466
f 5466 5495 5473
f 5441 5353 5442
f 5353 5355 5442
f 5442 5355 5443
f 5355 5369 5443
f 5443 5369 5444
f 5369 5379 5444
f 5444 5379 5445
f 5379 5496 5445
f 5445 5496 5446
f 5496 5497 5446
f 5446 5497 5447
f 5497 5498 5447
f 5447 5498 5448
f 5498 5499 5448
f 5448 5499 5449
f 5499 5500 5449
f 5449 5500 5450
f 5500 5501 5450
f 5450 5501 5502
f 5501 5503 5502
f 5502 5503 5504
f 5503 5505 5504
f 5506 5190 5507
f 5190 5189 5507
f 5507 5189 5508
f 5189 5187 5508
f 5508 5187 5509
f 5187 5185 5509
f 5509 5185 5510
f 5185 5184 5510
f 5510 5184 5511
f 5184 5512 5511
f 5489 5513 5490
f 5513 5514 5490
f 5490 5514 5491
f 5514 5515 5491
f 5491 5515 5492
f 5515 5516 5492
f 5492 5516 5493
f 5516 4993 5493
f 5493 4993 5494
f 4993 4992 5494
f 5494 4992 5495
f 5404 5517 5402
f 5517 5518 5402
f 5402 5518 5519
f 5518 5520 5519
f 5519 5520 5521
f 5520 5522 5521
f 5521 5522 5523
f 5524 5525 5526
f 5403 5402 5527
f 5402 5519 5527
f 5527 5519 5528
f 5519 5521 5528
f 5528 5521 5529
f 5521 5523 5529
f 5529 5523 5530
f 5523 5531 5530
f 5530 5531 5532
f 5531 5533 5532
f 5532 5533 5534
f 5533 5535 5534
f 5534 5535 5536
f 4994 5537 5538
f 5537 5539 5538
f 5538 5539 5540
f 5539 5541 5540
f 5522 5541 5523
f 5541 5539 5523
f 5523 5539 5531
f 5539 5537 5531
f 5531 5537 5533
f 5537 4994 5533
f 5533 4994 5535
f 4994 4989 5535
f 5535 4989 5536
f 4989 4988 5536
f 3725 3726 5196
f 3726 5195 5196
f 5196 5195 5256
f 5195 5542 5256
f 5472 5527 5489
f 5527 5528 5489
f 5489 5528 5513
f 5528 5529 5513
f 5513 5529 5514
f 5529 5530 5514
f 5514 5530 5515
f 5530 5532 5515
f 5515 5532 5516
f 5532 5534 5516
f 5516 5534 4993
f 5534 5536 4993
f 4993 5536 4991
f 5536 4988 4991
f 5543 4987 5544
f 4987 4986 5544
f 5544 4986 5545
f 4986 5092 5545
f 5545 5092 5546
f 5547 5543 5548
f 5543 5544 5548
f 5548 5544 5549
f 5544 5545 5549
f 5549 5545 5550
f 5545 5546 5550
f 5551 5547 5552
f 5547 5548 5552
f 5552 5548 5553
f 5548 5549 5553
f 5553 5549 5554
f 5549 5550 5554
f 5554 5550 5555
f 5550 5546 5555
f 5555 5546 5556
f 5008 5007 5557
f 5007 5421 5557
f 5557 5421 5558
f 5421 5419 5558
f 5558 5419 5559
f 5419 5417 5559
f 5559 5417 5560
f 5417 5415 5560
f 5560 5415 5561
f 5415 5414 5561
f 5561 5414 5562
f 5414 5432 5562
f 5562 5432 5563
f 5432 5434 5563
f 5563 5434 5564
f 5434 5436 5564
f 5564 5436 5565
f 5436 5438 5565
f 5565 5438 5566
f 5438 5439 5566
f 5566 5439 5567
f 5439 5450 5567
f 5567 5450 5568
f 5450 5502 5568
f 5568 5502 5569
f 5502 5504 5569
f 5569 5504 5570
f 5504 5505 5570
f 5570 5505 5571
f 5505 5572 5571
f 5571 5572 5573
f 5572 5574 5573
f 5573 5574 5575
f 5574 5576 5575
f 5575 5576 5577
f 5576 5578 5577
f 5577 5578 5191
f 5578 5579 5191
f 5191 5579 5091
f 5505 5551 5572
f 5551 5552 5572
f 5572 5552 5574
f 5552 5553 5574
f 5574 5553 5576
f 5553 5554 5576
f 5576 5554 5578
f 5554 5555 5578
f 5578 5555 5579
f 5555 5556 5579
f 5579 5556 5091
f 5556 5580 5091
f 5091 5580 5089
f 5580 5028 5089
f 5089 5028 5581
f 5028 5030 5581
f 4500 5582 3861
f 5582 5583 3861
f 3861 5583 4607
f 5026 5584 5027
f 5584 5585 5027
f 5027 5585 5586
f 5585 5587 5586
f 5586 5587 5588
f 5587 5589 5588
f 5588 5589 5590
f 5589 5591 5590
f 5590 5591 5592
f 5591 5593 5592
f 5133 5127 5132
f 5127 5129 5132
f 5132 5129 5594
f 5129 5131 5594
f 5594 5131 5595
f 5525 5524 5596
f 5524 5597 5596
f 5596 5597 5598
f 5597 5599 5598
f 5598 5599 5600
f 5599 5601 5600
f 5600 5601 5602
f 5601 5603 5602
f 5602 5603 5604
f 5603 5605 5604
f 5604 5605 5606
f 5605 5607 5606
f 5606 5607 5608
f 5607 5609 5608
f 5608 5609 5610
f 5609 5611 5610
f 5610 5611 5612
f 5613 5614 5615
f 5614 5616 5615
f 5615 5616 5617
f 5616 5618 5617
f 5617 5618 5619
f 5618 5620 5619
f 5619 5620 5621
f 5620 5622 5621
f 5621 5622 5623
f 5622 5624 5623
f 5623 5624 5625
f 5624 4981 5625
f 5625 4981 5626
f 4981 4980 5626
f 5626 4980 5627
f 5612 4979 5610
f 4979 4981 5610
f 5610 4981 5608
f 4981 5624 5608
f 5608 5624 5606
f 5624 5622 5606
f 5606 5622 5604
f 5622 5620 5604
f 5604 5620 5602
f 5620 5618 5602
f 5602 5618 5600
f 5618 5616 5600
f 5600 5616 5598
f 5616 5614 5598
f 5598 5614 5596
f 5614 5613 5596
f 5596 5613 5525
f 5099 5526 5097
f 5526 5525 5097
f 5097 5525 5095
f 5525 5613 5095
f 5095 5613 5103
f 5613 5615 5103
f 5103 5615 5101
f 5615 5617 5101
f 5101 5617 5106
f 5617 5619 5106
f 5106 5619 5109
f 5619 5621 5109
f 5109 5621 5118
f 5621 5623 5118
f 5118 5623 5116
f 5623 5625 5116
f 5116 5625 5114
f 5625 5626 5114
f 5114 5626 5122
f 5626 5627 5122
f 5122 5627 5125
f 4174 4571 5628
f 4571 5629 5628
f 5630 5631 5632
f 5631 5633 5632
f 5632 5633 5634
f 5633 5635 5634
f 5634 5635 5636
f 5635 5637 5636
f 5636 5637 5638
f 5637 5639 5638
f 5638 5639 5640
f 5639 5641 5640
f 5640 5641 5642
f 5641 5643 5642
f 5642 5643 5644
f 5643 5645 5644
f 5644 5645 5646
f 5645 5647 5646
f 5646 5647 5648
f 5647 5649 5648
f 5648 5649 5629
f 5649 5650 5629
f 5629 5650 5628
f 5651 5652 5630
f 5652 5653 5630
f 5630 5653 5631
f 3731 5192 5195
f 5192 5654 5195
f 5195 5654 5542
f 5654 5655 5542
f 5542 5655 5656
f 5655 5657 5656
f 5656 5657 5658
f 5657 5659 5658
f 5658 5659 5660
f 5659 5661 5660
f 5660 5661 5662
f 5661 5663 5662
f 5662 5663 5664
f 5663 5665 5664
f 5664 5665 5651
f 5665 5666 5651
f 5651 5666 5652
f 4571 4570 5629
f 4570 5287 5629
f 5629 5287 5648
f 5287 5289 5648
f 5648 5289 5646
f 5289 5291 5646
f 5646 5291 5644
f 5291 5293 5644
f 5644 5293 5642
f 5293 5295 5642
f 5642 5295 5640
f 5295 5297 5640
f 5640 5297 5638
f 5297 5284 5638
f 5638 5284 5636
f 5284 5281 5636
f 5636 5281 5634
f 5281 5278 5634
f 5634 5278 5632
f 5278 5260 5632
f 5632 5260 5630
f 5260 5262 5630
f 5630 5262 5651
f 5262 5264 5651
f 5651 5264 5664
f 5264 5266 5664
f 5664 5266 5662
f 5266 5268 5662
f 5662 5268 5660
f 5268 5270 5660
f 5660 5270 5658
f 5270 5272 5658
f 5658 5272 5656
f 5272 5274 5656
f 5656 5274 5542
f 5274 5276 5542
f 5542 5276 5256
f 5276 5277 5256
f 5256 5277 5257
f 3769 3768 5192
f 3768 5193 5192
f 5192 5193 5654
f 5193 5080 5654
f 5654 5080 5655
f 5080 5078 5655
f 5655 5078 5657
f 5078 5076 5657
f 5657 5076 5659
f 5076 5074 5659
f 5659 5074 5661
f 5074 5071 5661
f 5661 5071 5663
f 5071 5072 5663
f 5663 5072 5665
f 5072 5066 5665
f 5665 5066 5666
f 5066 5060 5666
f 5666 5060 5652
f 5060 5062 5652
f 5652 5062 5653
f 5062 5063 5653
f 5653 5063 5631
f 5063 5058 5631
f 5631 5058 5633
f 5058 5056 5633
f 5633 5056 5635
f 5056 5054 5635
f 5635 5054 5637
f 5054 5050 5637
f 5637 5050 5639
f 5050 5046 5639
f 5639 5046 5641
f 5046 5044 5641
f 5641 5044 5643
f 5044 5042 5643
f 5643 5042 5645
f 5042 5040 5645
f 5645 5040 5647
f 5040 5037 5647
f 5647 5037 5649
f 5037 5035 5649
f 5649 5035 5650
f 5035 5033 5650
f 5650 5033 5628
f 5033 5031 5628
f 5628 5031 4174
f 5031 4175 4174
f 5667 5142 5141
f 5142 787 5141
f 5141 787 789
f 795 797 5140
f 797 5024 5140
f 5140 5024 5668
f 5024 5669 5668
f 5668 5669 5670
f 5671 5672 5673
f 5672 5674 5673
f 5673 5674 5675
f 5674 5676 5675
f 5675 5676 5677
f 5678 5671 5679
f 5671 5673 5679
f 5679 5673 5670
f 5673 5675 5670
f 5670 5675 5668
f 5675 5677 5668
f 5668 5677 5140
f 5672 5680 5674
f 5680 5681 5674
f 5674 5681 5676
f 5681 5667 5676
f 5676 5667 5677
f 5667 5141 5677
f 5677 5141 5140
f 5141 792 5140
f 5140 792 793
f 5682 4585 5683
f 4585 4590 5683
f 5683 4590 5684
f 4590 4589 5684
f 5684 4589 5685
f 859 858 4974
f 858 4077 4974
f 4974 4077 4975
f 4077 3848 4975
f 4975 3848 5686
f 3848 3847 5686
f 5686 3847 5682
f 3847 3849 5682
f 5682 3849 4585
f 846 848 5134
f 848 4974 5134
f 5134 4974 5687
f 4974 4973 5687
f 4589 3844 5685
f 3844 3843 5685
f 5685 3843 5688
f 3843 4615 5688
f 4615 4614 5688
f 5688 4614 5689
f 5582 5690 5583
f 5690 5691 5583
f 5583 5691 4607
f 5691 5692 4607
f 4607 5692 4608
f 5692 5693 4608
f 4608 5693 4610
f 5693 5689 4610
f 4610 5689 4612
f 5689 4614 4612
f 5694 5695 5696
f 5695 5697 5696
f 5696 5697 5698
f 5697 5699 5698
f 5698 5699 5700
f 5699 5701 5700
f 5700 5701 5702
f 5701 5703 5702
f 5702 5703 5704
f 5703 5705 5704
f 5704 5705 5706
f 5705 5707 5706
f 5706 5707 5708
f 5707 5709 5708
f 5708 5709 5710
f 5709 5711 5710
f 4984 4983 5712
f 4983 5713 5712
f 5712 5713 5711
f 5713 5714 5711
f 5711 5714 5710
f 5715 5716 5717
f 4978 5138 4977
f 5138 5137 4977
f 4977 5137 4964
f 5137 5135 4964
f 4964 5135 4965
f 5135 5136 4965
f 4965 5136 5687
f 5136 833 5687
f 5687 833 5134
f 833 837 5134
f 5134 837 836
f 5718 5716 5694
f 5716 5715 5694
f 5694 5715 5695
f 5719 5720 5721
f 5720 5722 5721
f 5721 5722 5723
f 5724 5725 5726
f 4969 4968 5727
f 4968 5725 5727
f 5727 5725 4972
f 5725 5724 4972
f 4972 5724 4970
f 5728 4967 5729
f 4967 4969 5729
f 5729 4969 5730
f 4969 5727 5730
f 5730 5727 5718
f 5727 4972 5718
f 5718 4972 5716
f 4972 4971 5716
f 5716 4971 5717
f 5731 5732 5733
f 5732 5734 5733
f 5733 5734 5735
f 5722 5736 5723
f 5736 5737 5723
f 5723 5737 5738
f 5737 5739 5738
f 5739 5740 5738
f 5738 5740 5741
f 5740 5742 5741
f 5741 5742 5743
f 5744 5745 5746
f 5745 5747 5746
f 5746 5747 5748
f 5747 5749 5748
f 5748 5749 5750
f 5749 5751 5750
f 5750 5751 5752
f 5751 5753 5752
f 5752 5753 5754
f 5745 5755 5747
f 5755 5756 5747
f 5747 5756 5749
f 5756 5757 5749
f 5749 5757 5751
f 5757 5758 5751
f 5751 5758 5753
f 5754 5719 5752
f 5719 5721 5752
f 5752 5721 5750
f 5721 5723 5750
f 5750 5723 5748
f 5723 5738 5748
f 5748 5738 5746
f 5738 5741 5746
f 5746 5741 5744
f 5741 5743 5744
f 5759 5760 5761
f 5760 5762 5761
f 5128 5763 5130
f 5763 5764 5130
f 5130 5764 5131
f 5764 5765 5131
f 5131 5765 5595
f 5765 5766 5595
f 5595 5766 5767
f 5766 5768 5767
f 5767 5768 5769
f 5768 5770 5769
f 5769 5770 5743
f 5770 5762 5743
f 5743 5762 5744
f 5762 5760 5744
f 5744 5760 5745
f 5760 5759 5745
f 5745 5759 5755
f 5771 5772 5773
f 5772 5774 5773
f 5773 5774 5775
f 5774 5776 5775
f 5775 5776 5777
f 5776 5778 5777
f 5777 5778 5779
f 5780 5771 5781
f 5771 5773 5781
f 5781 5773 5782
f 5773 5775 5782
f 5782 5775 5783
f 5775 5777 5783
f 5783 5777 5784
f 5777 5779 5784
f 5784 5779 5785
f 5763 5025 5764
f 5025 5027 5764
f 5764 5027 5765
f 5027 5586 5765
f 5765 5586 5766
f 5586 5588 5766
f 5766 5588 5768
f 5588 5590 5768
f 5768 5590 5770
f 5590 5592 5770
f 5770 5592 5762
f 5592 5786 5762
f 5762 5786 5761
f 5735 5780 5733
f 5780 5781 5733
f 5733 5781 5731
f 5781 5782 5731
f 5731 5782 5787
f 5782 5783 5787
f 5787 5783 5788
f 5783 5784 5788
f 5788 5784 5789
f 5784 5785 5789
f 798 800 5024
f 800 5139 5024
f 5024 5139 5669
f 5139 5138 5669
f 5669 5138 5670
f 5138 4978 5670
f 5670 4978 5679
f 4978 4976 5679
f 5679 4976 5678
f 4976 4964 5678
f 5678 4964 5790
f 4964 4966 5790
f 5791 5792 5793
f 5793 5792 5794
f 5792 5795 5794
f 5795 5796 5794
f 5794 5796 5797
f 5796 5798 5797
f 5797 5798 5799
f 5791 5800 5792
f 5800 5801 5792
f 5792 5801 5795
f 5150 5149 5151
f 5149 5302 5151
f 5151 5302 5307
f 5302 5304 5307
f 5307 5304 5311
f 5304 5306 5311
f 5311 5306 5313
f 4961 5802 4962
f 5802 5803 4962
f 4962 5803 4963
f 5803 5804 4963
f 4963 5804 5805
f 5806 5807 5808
f 5807 5809 5808
f 5808 5809 5810
f 5809 5811 5810
f 5810 5811 5012
f 5811 5812 5012
f 5012 5812 5010
f 5813 5812 5804
f 5812 5811 5804
f 5804 5811 5805
f 5811 5809 5805
f 5805 5809 5814
f 5809 5807 5814
f 5814 5807 5815
f 5807 5806 5815
f 5815 5806 5147
f 5806 5816 5147
f 5147 5816 5146
f 5512 5015 5511
f 5015 5017 5511
f 5511 5017 5817
f 5017 5459 5817
f 5817 5459 5818
f 5459 5458 5818
f 5818 5458 5819
f 5458 5457 5819
f 5819 5457 5820
f 5457 5456 5820
f 5820 5456 5821
f 5456 5455 5821
f 5821 5455 5822
f 5455 5454 5822
f 5822 5454 5823
f 5454 5453 5823
f 5823 5453 5824
f 5453 5452 5824
f 5824 5452 5825
f 5452 5451 5825
f 5825 5451 5343
f 5451 5001 5343
f 5343 5001 5344
f 5001 5003 5344
f 5344 5003 5346
f 5003 5004 5346
f 5346 5004 5348
f 5004 5006 5348
f 5348 5006 5350
f 5006 5330 5350
f 5350 5330 5351
f 5330 5317 5351
f 5351 5317 5352
f 5317 5315 5352
f 5352 5315 5308
f 5315 5313 5308
f 5308 5313 5011
f 5313 5306 5011
f 5011 5306 5012
f 5306 5305 5012
f 5012 5305 5810
f 5305 5303 5810
f 5810 5303 5808
f 5303 5302 5808
f 5808 5302 5806
f 5302 5149 5806
f 5806 5149 5816
f 5149 5148 5816
f 5816 5148 5146
f 5148 590 5146
f 5146 590 589
f 4960 4959 5826
f 4959 5827 5826
f 5826 5827 4966
f 5827 5828 4966
f 4966 5828 5790
f 5828 5829 5790
f 5790 5829 5678
f 5829 5830 5678
f 5678 5830 5671
f 5830 5831 5671
f 5671 5831 5672
f 5831 5791 5672
f 5672 5791 5680
f 5791 5793 5680
f 5680 5793 5681
f 5793 5794 5681
f 5681 5794 5667
f 5794 5797 5667
f 5667 5797 5142
f 5797 5799 5142
f 5142 5799 5143
f 4954 4953 4956
f 4953 5832 4956
f 4956 5832 5833
f 4957 4956 4958
f 4956 5833 4958
f 4958 5833 4959
f 5833 5834 4959
f 4959 5834 5827
f 5834 5835 5827
f 5827 5835 5828
f 5835 5836 5828
f 5828 5836 5829
f 5836 5837 5829
f 5829 5837 5830
f 5837 5838 5830
f 5830 5838 5831
f 5838 5839 5831
f 5831 5839 5791
f 5839 5840 5791
f 5791 5840 5800
f 5841 5842 5843
f 5842 5844 5843
f 5843 5844 5845
f 5844 5846 5845
f 5845 5846 5847
f 5846 5848 5847
f 5847 5848 5849
f 5848 5850 5849
f 5849 5850 5851
f 5850 5802 5851
f 5851 5802 5852
f 5802 4961 5852
f 5853 5854 5855
f 5854 5856 5855
f 5855 5856 5857
f 5858 5857 5859
f 5857 5856 5859
f 5859 5856 5860
f 5789 5861 5788
f 5861 5862 5788
f 5788 5862 5787
f 5862 5863 5787
f 5787 5863 5731
f 5863 5864 5731
f 5731 5864 5732
f 5864 5726 5732
f 5732 5726 5734
f 5726 5725 5734
f 5734 5725 5735
f 5725 4968 5735
f 5735 4968 5780
f 4968 4967 5780
f 5780 4967 5771
f 4967 5728 5771
f 5771 5728 5772
f 5690 4982 5691
f 4982 4984 5691
f 5691 4984 5692
f 4984 5712 5692
f 5692 5712 5693
f 5712 5711 5693
f 5693 5711 5689
f 5711 5709 5689
f 5689 5709 5688
f 5709 5707 5688
f 5688 5707 5685
f 5707 5705 5685
f 5685 5705 5684
f 5705 5703 5684
f 5684 5703 5683
f 5703 5701 5683
f 5683 5701 5682
f 5701 5699 5682
f 5682 5699 5686
f 5699 5697 5686
f 5686 5697 4975
f 5697 5695 4975
f 4975 5695 4973
f 5695 5715 4973
f 4973 5715 5687
f 5715 5717 5687
f 5687 5717 4965
f 5717 4971 4965
f 4965 4971 4966
f 4971 4970 4966
f 4966 4970 5826
f 4970 5724 5826
f 5826 5724 4960
f 5724 5726 4960
f 4960 5726 4958
f 5726 5864 4958
f 4958 5864 4957
f 5864 5863 4957
f 4957 5863 4954
f 5863 5862 4954
f 4954 5862 4955
f 5862 5861 4955
f 5865 5866 5867
f 5866 5868 5867
f 5868 5869 5870
f 5869 5868 5871
f 5868 5866 5871
f 5871 5866 5872
f 5866 5865 5872
f 5872 5865 5873
f 5858 5874 5857
f 5874 5875 5857
f 5857 5875 5855
f 5875 5876 5855
f 5855 5876 5853
f 5868 5877 5867
f 5877 5878 5867
f 5867 5878 5879
f 5878 5880 5879
f 5813 5804 5881
f 5804 5803 5881
f 5881 5803 5882
f 5803 5802 5882
f 5882 5802 5883
f 5802 5850 5883
f 5883 5850 5884
f 5850 5848 5884
f 5884 5848 5885
f 5848 5846 5885
f 5885 5846 5886
f 5846 5844 5886
f 5886 5844 5887
f 5844 5842 5887
f 5887 5842 5888
f 5887 5889 5886
f 5889 5890 5886
f 5886 5890 5885
f 5890 5891 5885
f 5885 5891 5884
f 5891 5892 5884
f 5884 5892 5883
f 5892 5893 5883
f 5883 5893 5882
f 5893 5894 5882
f 5882 5894 5881
f 5894 5895 5881
f 5881 5895 5813
f 5896 5897 5898
f 5897 5899 5898
f 5898 5899 5900
f 5889 5901 5890
f 5901 5902 5890
f 5890 5902 5891
f 5902 5903 5891
f 5891 5903 5892
f 5903 5904 5892
f 5892 5904 5893
f 5904 5905 5893
f 5893 5905 5894
f 5905 5906 5894
f 5894 5906 5895
f 5900 5899 5907
f 5899 5908 5907
f 5907 5908 5909
f 5910 5911 5912
f 5911 5913 5912
f 5912 5913 5914
f 5896 5915 5897
f 5915 5916 5897
f 5897 5916 5917
f 5918 5914 5917
f 5914 5913 5917
f 5917 5913 5897
f 5913 5911 5897
f 5897 5911 5899
f 5911 5910 5899
f 5899 5910 5908
f 5918 5917 5919
f 5917 5916 5919
f 5919 5916 5920
f 5916 5915 5920
f 5920 5915 5921
f 5915 5896 5921
f 5921 5896 5922
f 5896 5898 5922
f 5922 5898 5888
f 5898 5900 5888
f 5888 5900 5887
f 5900 5907 5887
f 5887 5907 5889
f 5907 5909 5889
f 5889 5909 5901
f 5874 5873 5875
f 5873 5865 5875
f 5875 5865 5876
f 5865 5867 5876
f 5876 5867 5853
f 5867 5879 5853
f 5853 5879 5923
f 5879 5880 5923
f 5923 5880 5924
f 5860 5856 5925
f 5856 5854 5925
f 5925 5854 5926
f 5854 5853 5926
f 5926 5853 5927
f 5853 5923 5927
f 5927 5923 5928
f 5923 5924 5928
f 5928 5924 5929
f 5401 5385 5390
f 5385 5383 5390
f 5390 5383 5388
f 5383 4949 5388
f 5388 4949 5386
f 4949 4951 5386
f 5386 4951 5930
f 5930 4951 5931
f 4951 4952 5931
f 5931 4952 5932
f 5933 5934 5935
f 5933 5935 5936
f 5399 5391 5937
f 5391 5389 5937
f 5937 5389 5938
f 5389 5387 5938
f 5938 5387 5934
f 5387 5386 5934
f 5934 5386 5935
f 5386 5930 5935
f 5935 5930 5936
f 5930 5931 5936
f 5936 5931 5929
f 5931 5932 5929
f 5929 5932 5928
f 5912 5367 5910
f 5367 5365 5910
f 5910 5365 5908
f 5365 5363 5908
f 5908 5363 5909
f 5363 5361 5909
f 5909 5361 5901
f 5361 5359 5901
f 5901 5359 5902
f 5359 5357 5902
f 5902 5357 5903
f 5357 5354 5903
f 5903 5354 5904
f 5354 5353 5904
f 5904 5353 5905
f 5353 5441 5905
f 5905 5441 5906
f 5441 5440 5906
f 5906 5440 5895
f 5440 5425 5895
f 5895 5425 5813
f 5425 5424 5813
f 5813 5424 5812
f 5424 5009 5812
f 5812 5009 5010
f 5009 5008 5010
f 5010 5008 5310
f 5008 5557 5310
f 5310 5557 5349
f 5557 5558 5349
f 5349 5558 5347
f 5558 5559 5347
f 5347 5559 5345
f 5559 5560 5345
f 5345 5560 5343
f 5560 5561 5343
f 5343 5561 5825
f 5561 5562 5825
f 5825 5562 5824
f 5562 5563 5824
f 5824 5563 5823
f 5563 5564 5823
f 5823 5564 5822
f 5564 5565 5822
f 5822 5565 5821
f 5565 5566 5821
f 5821 5566 5820
f 5566 5567 5820
f 5820 5567 5819
f 5567 5568 5819
f 5819 5568 5818
f 5568 5569 5818
f 5818 5569 5817
f 5569 5570 5817
f 5817 5570 5511
f 5570 5571 5511
f 5511 5571 5510
f 5571 5573 5510
f 5510 5573 5509
f 5573 5575 5509
f 5509 5575 5508
f 5575 5577 5508
f 5508 5577 5507
f 5577 5191 5507
f 5507 5191 5506
f 5191 5090 5506
f 5400 5398 5401
f 5398 5377 5401
f 5401 5377 5385
f 5377 5368 5385
f 5385 5368 5384
f 5368 5367 5384
f 5384 5367 4949
f 5367 5912 4949
f 4949 5912 4950
f 5912 5914 4950
f 4950 5914 4952
f 5914 5918 4952
f 4952 5918 5932
f 5918 5919 5932
f 5932 5919 5928
f 5919 5920 5928
f 5928 5920 5927
f 5920 5921 5927
f 5927 5921 5926
f 5921 5922 5926
f 5926 5922 5925
f 5922 5888 5925
f 5925 5888 5860
f 5888 5842 5860
f 5860 5842 5859
f 5842 5841 5859
f 5859 5841 5858
f 5841 5939 5858
f 5858 5939 5874
f 5939 5940 5874
f 5874 5940 5873
f 5940 5941 5873
f 5873 5941 5872
f 5941 5942 5872
f 5872 5942 5871
f 5942 5943 5871
f 5871 5943 5869
f 5943 5944 5869
f 5869 5944 5870
f 5944 5593 5870
f 5870 5593 5945
f 5593 5591 5945
f 5945 5591 5946
f 5591 5589 5946
f 5946 5589 5947
f 5589 5587 5947
f 5947 5587 5948
f 5587 5585 5948
f 5948 5585 5949
f 5585 5584 5949
f 766 768 5144
f 768 5143 5144
f 5144 5143 5145
f 5143 5799 5145
f 5145 5799 5147
f 5799 5798 5147
f 5147 5798 5815
f 5798 5796 5815
f 5815 5796 5814
f 5796 5795 5814
f 5814 5795 5805
f 5795 5801 5805
f 5805 5801 4963
f 5801 5800 4963
f 4963 5800 4961
f 5800 5840 4961
f 4961 5840 5852
f 5840 5839 5852
f 5852 5839 5851
f 5839 5838 5851
f 5851 5838 5849
f 5838 5837 5849
f 5849 5837 5847
f 5837 5836 5847
f 5847 5836 5845
f 5836 5835 5845
f 5845 5835 5843
f 5835 5834 5843
f 5843 5834 5841
f 5834 5833 5841
f 5841 5833 5939
f 5833 5832 5939
f 5939 5832 5940
f 5832 4953 5940
f 5940 4953 5941
f 4953 4955 5941
f 5941 4955 5942
f 4955 5861 5942
f 5942 5861 5943
f 5861 5789 5943
f 5943 5789 5944
f 5789 5785 5944
f 5944 5785 5593
f 5785 5779 5593
f 5593 5779 5592
f 5779 5778 5592
f 5592 5778 5786
f 5778 5776 5786
f 5786 5776 5761
f 5776 5774 5761
f 5761 5774 5759
f 5774 5772 5759
f 5759 5772 5755
f 5772 5728 5755
f 5755 5728 5756
f 5728 5729 5756
f 5756 5729 5757
f 5729 5730 5757
f 5757 5730 5758
f 5730 5718 5758
f 5758 5718 5753
f 5718 5694 5753
f 5753 5694 5754
f 5694 5696 5754
f 5754 5696 5719
f 5696 5698 5719
f 5719 5698 5720
f 5698 5700 5720
f 5720 5700 5722
f 5700 5702 5722
f 5722 5702 5736
f 5702 5704 5736
f 5736 5704 5737
f 5704 5706 5737
f 5737 5706 5739
f 5706 5708 5739
f 5739 5708 5740
f 5708 5710 5740
f 5740 5710 5742
f 5710 5714 5742
f 5742 5714 5743
f 5714 5713 5743
f 5743 5713 5769
f 5713 4983 5769
f 5769 4983 5767
f 4983 4982 5767
f 5767 4982 5595
f 4982 5690 5595
f 5595 5690 5594
f 5690 5582 5594
f 5594 5582 5132
f 5582 4500 5132
f 5132 4500 4079
f 5517 5599 5518
f 5599 5597 5518
f 5518 5597 5520
f 5597 5524 5520
f 5520 5524 5522
f 5524 5526 5522
f 5522 5526 5541
f 5526 5099 5541
f 5541 5099 5540
f 5099 5100 5540
f 5540 5100 5538
f 5100 5950 5538
f 5538 5950 4994
f 5950 5094 4994
f 4994 5094 4990
f 5094 4985 4990
f 4990 4985 4988
f 4985 4987 4988
f 4988 4987 4991
f 4987 5543 4991
f 4991 5543 4992
f 5543 5547 4992
f 4992 5547 5495
f 5547 5551 5495
f 5495 5551 5473
f 5551 5505 5473
f 5473 5505 5474
f 5505 5503 5474
f 5474 5503 5476
f 5503 5501 5476
f 5476 5501 5478
f 5501 5500 5478
f 5478 5500 5480
f 5500 5499 5480
f 5480 5499 5482
f 5499 5498 5482
f 5482 5498 5484
f 5498 5497 5484
f 5484 5497 5486
f 5497 5496 5486
f 5486 5496 5488
f 5496 5379 5488
f 5488 5379 4998
f 5379 5378 4998
f 4998 5378 4999
f 5378 5392 4999
f 4999 5392 5000
f 5392 5393 5000
f 5000 5393 5382
f 5393 5394 5382
f 5382 5394 5381
f 5394 5395 5381
f 5381 5395 5380
f 5395 5396 5380
f 5380 5396 5408
f 5396 5397 5408
f 5408 5397 5413
f 5397 5398 5413
f 5413 5398 5465
f 5398 5400 5465
f 5465 5400 5472
f 5400 5399 5472
f 5472 5399 5527
f 5399 5937 5527
f 5527 5937 5403
f 5937 5938 5403
f 5403 5938 5404
f 5938 5934 5404
f 5404 5934 5517
f 5934 5933 5517
f 5517 5933 5599
f 5933 5936 5599
f 5599 5936 5601
f 5936 5929 5601
f 5601 5929 5603
f 5929 5924 5603
f 5603 5924 5605
f 5924 5880 5605
f 5605 5880 5607
f 5880 5878 5607
f 5607 5878 5609
f 5878 5877 5609
f 5609 5877 5611
f 5877 5868 5611
f 5611 5868 5612
f 5868 5870 5612
f 5612 5870 4979
f 5870 5945 4979
f 4979 5945 4980
f 5945 5946 4980
f 4980 5946 5627
f 5946 5947 5627
f 5627 5947 5125
f 5947 5948 5125
f 5125 5948 5126
f 5948 5949 5126
f 141 5951 139
f 5951 5952 139
f 139 5952 137
f 5952 5953 137
f 137 5953 135
f 5953 5954 135
f 135 5954 133
f 5954 5955 133
f 133 5955 131
f 5955 5956 131
f 131 5956 129
f 5956 5957 129
f 129 5957 127
f 5957 5958 127
f 127 5958 125
f 5958 5959 125
f 125 5959 123
f 5959 5960 123
f 123 5960 121
f 5960 5961 121
f 121 5961 119
f 5961 5962 119
f 119 5962 117
f 5962 5963 117
f 117 5963 115
f 5963 5964 115
f 115 5964 113
f 5964 5965 113
f 113 5965 255
f 5965 5966 255
f 255 5966 253
f 5966 5967 253
f 253 5967 251
f 5967 5968 251
f 251 5968 249
f 5968 5969 249
f 249 5969 247
f 5969 5970 247
f 247 5970 245
f 5970 5971 245
f 245 5971 243
f 5971 5972 243
f 243 5972 241
f 5972 5973 241
f 241 5973 239
f 5973 5974 239
f 239 5974 237
f 5974 5975 237
f 237 5975 235
f 5975 5976 235
f 235 5976 233
f 5976 5977 233
f 233 5977 231
f 5977 5978 231
f 231 5978 229
f 5978 5979 229
f 229 5979 227
f 5979 5980 227
f 227 5980 225
f 5980 5981 225
f 225 5981 223
f 5981 5982 223
f 223 5982 221
f 5982 5983 221
f 221 5983 219
f 5983 5984 219
f 219 5984 217
f 5984 5985 217
f 217 5985 215
f 5985 5986 215
f 215 5986 213
f 5986 5987 213
f 213 5987 211
f 5987 5988 211
f 211 5988 209
f 5988 5989 209
f 209 5989 207
f 5989 5990 207
f 207 5990 205
f 5990 5991 205
f 205 5991 203
f 5991 5992 203
f 203 5992 201
f 5992 5993 201
f 201 5993 199
f 5993 5994 199
f 199 5994 197
f 5994 5995 197
f 197 5995 195
f 5995 5996 195
f 195 5996 193
f 5996 5997 193
f 193 5997 191
f 5997 5998 191
f 191 5998 189
f 5998 5999 189
f 189 5999 187
f 5999 6000 187
f 187 6000 185
f 6000 6001 185
f 185 6001 183
f 6001 6002 183
f 183 6002 181
f 6002 6003 181
f 181 6003 179
f 6003 6004 179
f 179 6004 177
f 6004 6005 177
f 177 6005 175
f 6005 6006 175
f 175 6006 173
f 6006 6007 173
f 173 6007 171
f 6007 6008 171
f 171 6008 169
f 6008 6009 169
f 169 6009 167
f 6009 6010 167
f 167 6010 165
f 6010 6011 165
f 165 6011 163
f 6011 6012 163
f 163 6012 161
f 6012 6013 161
f 161 6013 159
f 6013 6014 159
f 159 6014 157
f 6014 6015 157
f 157 6015 155
f 6015 6016 155
f 155 6016 153
f 6016 6017 153
f 153 6017 151
f 6017 6018 151
f 151 6018 149
f 6018 6019 149
f 149 6019 147
f 6019 6020 147
f 147 6020 145
f 6020 6021 145
f 145 6021 143
f 6021 6022 143
f 143 6022 141
f 6022 5951 141
f 2490 2489 3598
f 2495 2499 3625
f 2499 2498 3625
f 3625 2498 3612
f 2489 2488 3598
f 2488 2492 3598
f 3598 2492 3625
f 2492 2491 3625
f 3625 2491 2494
f 2494 2493 3625
f 2493 2496 3625
f 3625 2496 2495
f 2483 2482 3597
f 2483 3597 2484
f 2482 2487 3597
f 2487 2486 3597
f 3597 2486 3598
f 2486 2485 3598
f 3598 2485 2490
f 2498 6023 3612
f 6023 6024 3612
f 3612 6024 3613
f 6024 6025 3613
f 3613 6025 3634
f 6025 6026 3634
f 3634 6026 3632
f 6026 6027 3632
f 3632 6027 3630
f 6027 6028 3630
f 3630 6028 3590
f 6028 6029 3590
f 3590 6029 3591
f 6029 6030 3591
f 3591 6030 3650
f 6030 6031 3650
f 3650 6031 3652
f 6031 6032 3652
f 3652 6032 3654
f 6032 6033 3654
f 3654 6033 3656
f 6033 6034 3656
f 3656 6034 3658
f 6034 6035 3658
f 3658 6035 3660
f 6035 6036 3660
f 3660 6036 3665
f 6036 4909 3665
f 3665 4909 3681
f 2484 3597 6037
f 3597 3603 6037
f 6037 3603 6038
f 3603 3601 6038
f 6038 3601 6039
f 2473 2472 3786
f 3600 5204 3601
f 5204 6039 3601
f 585 590 4572
f 746 745 752
f 745 952 752
f 289 291 585
f 952 947 752
f 947 945 752
f 752 945 939
f 283 285 585
f 285 287 585
f 585 287 289
f 748 917 933
f 277 279 585
f 279 281 585
f 585 281 283
f 939 938 752
f 938 933 752
f 752 933 916
f 933 917 916
f 932 927 923
f 927 926 923
f 923 926 924
f 932 923 933
f 923 749 933
f 933 749 748
f 275 752 273
f 752 271 273
f 275 277 752
f 277 585 752
f 752 585 746
f 585 4572 746
f 746 4572 1248
f 291 293 585
f 293 295 585
f 585 295 762
f 295 297 762
f 762 297 764
f 297 299 764
f 764 299 767
f 299 301 767
f 767 301 771
f 301 303 771
f 771 303 776
f 303 305 776
f 776 305 779
f 305 307 779
f 779 307 780
f 307 309 780
f 780 309 783
f 309 311 783
f 783 311 785
f 311 313 785
f 785 313 788
f 313 315 788
f 788 315 791
f 315 317 791
f 791 317 794
f 317 319 794
f 794 319 796
f 319 321 796
f 796 321 799
f 321 323 799
f 799 323 801
f 323 325 801
f 801 325 804
f 325 327 804
f 804 327 806
f 327 329 806
f 806 329 809
f 329 331 809
f 809 331 812
f 331 333 812
f 812 333 815
f 333 335 815
f 815 335 818
f 335 337 818
f 818 337 821
f 337 339 821
f 821 339 824
f 339 341 824
f 824 341 827
f 341 343 827
f 827 343 830
f 343 345 830
f 830 345 832
f 345 347 832
f 832 347 835
f 347 349 835
f 835 349 840
f 349 351 840
f 840 351 844
f 351 353 844
f 844 353 847
f 353 355 847
f 847 355 851
f 355 357 851
f 851 357 855
f 357 359 855
f 855 359 857
f 359 361 857
f 857 361 862
f 361 363 862
f 862 363 866
f 363 365 866
f 866 365 870
f 365 367 870
f 870 367 761
f 367 369 761
f 761 369 878
f 369 371 878
f 878 371 876
f 371 373 876
f 876 373 882
f 373 375 882
f 882 375 758
f 375 377 758
f 758 377 885
f 377 379 885
f 885 379 888
f 379 381 888
f 888 381 755
f 381 383 755
f 755 383 892
f 383 385 892
f 892 385 895
f 385 387 895
f 895 387 896
f 387 389 896
f 896 389 903
f 389 391 903
f 903 391 906
f 391 393 906
f 906 393 907
f 393 395 907
f 907 395 909
f 395 397 909
f 909 397 751
f 397 399 751
f 751 399 752
f 399 257 752
f 752 257 259
f 265 267 752
f 267 269 752
f 752 269 271
f 259 261 752
f 261 263 752
f 752 263 265
f 4898 4899 3913
f 3913 4899 3914
f 4899 4900 3914
f 3914 4900 3915
f 4900 4901 3915
f 3915 4901 3916
f 6029 6028 5242
f 1259 1392 4893
f 3916 4901 3917
f 4901 4902 3917
f 3917 4902 3918
f 5242 5243 6029
f 5243 5244 6029
f 6029 5244 6030
f 6024 5238 6025
f 5238 5236 6025
f 6025 5236 6026
f 5236 5241 6026
f 6026 5241 6027
f 5241 5240 6027
f 6027 5240 6028
f 5240 5239 6028
f 6028 5239 5242
f 2498 2497 6023
f 2497 2500 6023
f 6023 2500 6024
f 2500 5237 6024
f 6024 5237 5238
f 4896 3933 4893
f 3933 1260 4893
f 4893 1260 1259
f 3913 3912 4898
f 3912 3911 4898
f 4898 3911 4897
f 3911 3931 4897
f 4897 3931 4896
f 3931 3932 4896
f 4896 3932 3933
f 3918 4902 3919
f 4902 4903 3919
f 3919 4903 3920
f 5244 5245 6030
f 5245 5246 6030
f 6030 5246 6031
f 5246 5247 6031
f 5247 5248 6031
f 6031 5248 6032
f 5248 5249 6032
f 6032 5249 6033
f 5249 5250 6033
f 6033 5250 6034
f 4908 3927 4907
f 3927 3926 4907
f 4907 3926 4906
f 5254 4909 6036
f 3926 3925 4906
f 3925 3924 4906
f 4906 3924 4905
f 3924 3923 4905
f 4905 3923 4904
f 3923 3922 4904
f 4904 3922 4903
f 3922 3921 4903
f 4903 3921 3920
f 5254 3930 4909
f 3930 3929 4909
f 4909 3929 4908
f 3929 3928 4908
f 4908 3928 3927
f 5250 5251 6034
f 5251 5253 6034
f 6034 5253 6035
f 5253 5252 6035
f 6035 5252 6036
f 5252 5255 6036
f 6036 5255 5254
f 6040 5028 6041
f 5028 5580 6041
f 1447 1449 2831
f 6042 6043 1987
f 1987 6043 1988
f 6043 6044 1988
f 1988 6044 1880
f 1423 3025 1421
f 3025 3024 1421
f 1421 3024 1419
f 3024 3099 1419
f 1419 3099 1417
f 1425 3029 1423
f 3029 3027 1423
f 1423 3027 3025
f 1987 1985 6042
f 1985 1983 6042
f 6042 1983 6045
f 1983 1981 6045
f 6045 1981 6046
f 6047 1854 6048
f 1854 1885 6048
f 6048 1885 6049
f 1885 1884 6049
f 6049 1884 6044
f 1884 1882 6044
f 6044 1882 1880
f 1429 3089 1427
f 3089 3088 1427
f 1427 3088 1425
f 3088 3031 1425
f 1425 3031 3029
f 1433 3095 1431
f 3095 3093 1431
f 1431 3093 1429
f 3093 3091 1429
f 1429 3091 3089
f 3099 3100 1417
f 3100 3101 1417
f 1417 3101 1415
f 3101 3102 1415
f 1415 3102 1413
f 3102 2906 1413
f 1413 2906 1411
f 2906 2912 1411
f 1411 2912 1409
f 6050 1770 6051
f 1770 1859 6051
f 6051 1859 6052
f 1859 1858 6052
f 6052 1858 6047
f 1858 1856 6047
f 6047 1856 1854
f 6053 1515 6054
f 1515 1564 6054
f 6054 1564 6055
f 1981 1979 6046
f 1979 1978 6046
f 6046 1978 6056
f 1978 1520 6056
f 6056 1520 6057
f 1520 1519 6057
f 6057 1519 6058
f 1519 2039 6058
f 6058 2039 6059
f 2039 2040 6059
f 6059 2040 6053
f 2040 1516 6053
f 6053 1516 1515
f 2912 2911 1409
f 2911 2910 1409
f 1409 2910 1407
f 2910 2909 1407
f 1407 2909 1405
f 1437 3065 1435
f 3065 3098 1435
f 1435 3098 1433
f 3098 3097 1433
f 1433 3097 3095
f 2831 2833 1447
f 2833 3158 1447
f 1447 3158 1445
f 3158 3145 1445
f 1445 3145 1443
f 3145 3144 1443
f 1443 3144 1441
f 3144 3084 1441
f 1441 3084 1439
f 3084 3068 1439
f 1439 3068 1437
f 3068 3067 1437
f 1437 3067 3065
f 6060 1780 6061
f 1780 1759 6061
f 6061 1759 6062
f 1759 1773 6062
f 6062 1773 6063
f 1773 1768 6063
f 6063 1768 6050
f 1768 1769 6050
f 6050 1769 1770
f 6064 1719 6065
f 1719 1758 6065
f 6065 1758 6066
f 1758 1783 6066
f 6066 1783 6060
f 1783 1782 6060
f 6060 1782 1780
f 2909 2908 1405
f 2908 2686 1405
f 1405 2686 1403
f 2686 2873 1403
f 1403 2873 1401
f 2873 2874 1401
f 1401 2874 1399
f 2874 1540 1399
f 1399 1540 6067
f 1540 6068 6067
f 1540 1724 6068
f 1724 1722 6068
f 6068 1722 6064
f 1722 1721 6064
f 6064 1721 1719
f 6069 512 510
f 514 512 6069
f 6069 506 504
f 508 506 6069
f 510 508 6069
f 6069 500 498
f 502 500 6069
f 504 502 6069
f 6069 494 492
f 496 494 6069
f 498 496 6069
f 6069 488 486
f 490 488 6069
f 492 490 6069
f 6069 482 480
f 484 482 6069
f 486 484 6069
f 6069 476 474
f 478 476 6069
f 480 478 6069
f 6069 470 468
f 472 470 6069
f 474 472 6069
f 6069 464 462
f 466 464 6069
f 468 466 6069
f 6069 458 456
f 460 458 6069
f 462 460 6069
f 6069 452 450
f 454 452 6069
f 456 454 6069
f 6069 446 444
f 448 446 6069
f 450 448 6069
f 6069 584 582
f 442 584 6069
f 444 442 6069
f 6069 578 576
f 580 578 6069
f 582 580 6069
f 6069 572 570
f 574 572 6069
f 576 574 6069
f 6069 566 564
f 568 566 6069
f 570 568 6069
f 6069 560 558
f 562 560 6069
f 564 562 6069
f 6069 554 552
f 556 554 6069
f 558 556 6069
f 6069 548 546
f 550 548 6069
f 552 550 6069
f 6069 542 540
f 544 542 6069
f 546 544 6069
f 6069 536 534
f 538 536 6069
f 540 538 6069
f 6069 530 528
f 532 530 6069
f 534 532 6069
f 6069 524 522
f 526 524 6069
f 528 526 6069
f 6069 518 516
f 520 518 6069
f 522 520 6069
f 516 514 6069
f 416 418 4107
f 4094 4092 424
f 4092 422 424
f 5113 6070 5115
f 6070 6071 5115
f 5115 6071 5117
f 6071 6072 5117
f 4107 418 4105
f 418 420 4105
f 4105 420 4103
f 4092 4091 422
f 4091 4100 422
f 422 4100 420
f 4100 4102 420
f 420 4102 4103
f 5092 5093 6073
f 5093 5094 6073
f 6073 5094 6074
f 5094 5950 6074
f 6074 5950 6075
f 5950 5100 6075
f 5092 6073 5546
f 6073 6076 5546
f 5546 6076 5556
f 6076 6041 5556
f 5556 6041 5580
f 6077 5120 6072
f 5120 5119 6072
f 6072 5119 5117
f 5100 5098 6075
f 5098 5096 6075
f 6075 5096 6078
f 4107 4109 416
f 4109 4476 416
f 416 4476 414
f 5113 5112 6070
f 5112 5121 6070
f 6070 5121 6079
f 6080 5111 6077
f 5111 5110 6077
f 6077 5110 5120
f 4094 424 4096
f 424 426 4096
f 4096 426 4098
f 426 428 4098
f 4098 428 3903
f 428 430 3903
f 3903 430 3904
f 3904 430 4083
f 430 432 4083
f 4083 432 4084
f 5121 5123 6079
f 5123 5124 6079
f 6079 5124 6081
f 5124 5126 6081
f 6081 5126 6082
f 5126 5949 6082
f 6082 5949 6083
f 6084 5108 6080
f 5108 5107 6080
f 6080 5107 5111
f 5096 5105 6078
f 5105 5104 6078
f 6078 5104 6084
f 5104 5102 6084
f 6084 5102 5108
f 956 401 4120
f 401 404 4120
f 4120 404 4117
f 404 406 4117
f 4117 406 4115
f 4476 4475 414
f 4475 4482 414
f 414 4482 412
f 4482 4481 412
f 4481 4111 412
f 412 4111 410
f 4111 3900 410
f 410 3900 408
f 3900 4112 408
f 408 4112 406
f 4112 4114 406
f 406 4114 4115
f 5949 5584 6083
f 5584 5026 6083
f 6083 5026 6085
f 6086 5133 440
f 5133 4081 440
f 440 4081 438
f 4081 4082 438
f 438 4082 436
f 4082 4497 436
f 436 4497 434
f 4497 4088 434
f 434 4088 432
f 4088 4086 432
f 432 4086 4084
f 5026 5025 6085
f 5025 5763 6085
f 6085 5763 6087
f 5763 5128 6087
f 6087 5128 6086
f 5128 5127 6086
f 6086 5127 5133
f 6038 6039 5204
f 5204 5233 6038
f 5233 5234 6038
f 6038 5234 6037
f 5234 5235 6037
f 6037 5235 2484
f 5235 2609 2484
f 403 402 957
f 6088 6089 5057
f 5057 6089 5055
f 6089 6090 5055
f 5055 6090 5053
f 5028 6040 5029
f 6040 6091 5029
f 5029 6091 5082
f 4146 4148 419
f 4148 421 419
f 5082 6091 5083
f 6091 6092 5083
f 5083 6092 5085
f 4148 4150 421
f 4150 4152 421
f 421 4152 423
f 4152 4154 423
f 423 4154 425
f 5085 6092 5087
f 6092 6093 5087
f 5087 6093 5194
f 6093 6094 5194
f 5194 6094 5081
f 5068 6095 5061
f 6095 6088 5061
f 5061 6088 5059
f 6088 5057 5059
f 417 4143 419
f 4143 4144 419
f 419 4144 4146
f 6096 5077 6094
f 5077 5079 6094
f 6094 5079 5081
f 5053 6090 5048
f 6090 6097 5048
f 5048 6097 5049
f 431 4164 433
f 4164 4166 433
f 433 4166 435
f 413 4137 415
f 4137 4139 415
f 415 4139 417
f 4139 4141 417
f 417 4141 4143
f 5068 5067 6095
f 5067 5065 6095
f 6095 5065 6098
f 5065 5064 6098
f 6098 5064 6099
f 5064 5070 6099
f 6100 5052 6097
f 5052 5051 6097
f 6097 5051 5049
f 4154 4156 425
f 4156 4157 425
f 425 4157 427
f 957 4020 403
f 4020 4125 403
f 403 4125 405
f 5070 5069 6099
f 5069 5073 6099
f 6099 5073 6096
f 5073 5075 6096
f 6096 5075 5077
f 6101 5043 6102
f 5043 5045 6102
f 6102 5045 6100
f 5045 5047 6100
f 6100 5047 5052
f 6103 6104 5034
f 429 4160 431
f 4160 4162 431
f 431 4162 4164
f 4157 3898 427
f 3898 3897 427
f 427 3897 429
f 3897 4158 429
f 429 4158 4160
f 4125 4124 405
f 4124 3999 405
f 405 3999 407
f 3999 4128 407
f 407 4128 409
f 4128 4129 409
f 409 4129 411
f 4129 4132 411
f 411 4132 413
f 4132 4135 413
f 413 4135 4137
f 5034 5036 6103
f 5036 5038 6103
f 6103 5038 6105
f 5038 5039 6105
f 6105 5039 6101
f 5039 5041 6101
f 6101 5041 5043
f 4166 4168 435
f 4168 4170 435
f 435 4170 437
f 4170 4172 437
f 4172 4173 437
f 437 4173 439
f 4173 4175 439
f 439 4175 6104
f 4175 5032 6104
f 6104 5032 5034
f 6106 5986 5985
f 5987 5986 6106
f 6106 5983 5982
f 5984 5983 6106
f 5985 5984 6106
f 6106 5980 5979
f 5981 5980 6106
f 5982 5981 6106
f 6106 5977 5976
f 5978 5977 6106
f 5979 5978 6106
f 6106 5974 5973
f 5975 5974 6106
f 5976 5975 6106
f 6106 5971 5970
f 5972 5971 6106
f 5973 5972 6106
f 6106 5968 5967
f 5969 5968 6106
f 5970 5969 6106
f 6106 5965 5964
f 5966 5965 6106
f 5967 5966 6106
f 6106 5962 5961
f 5963 5962 6106
f 5964 5963 6106
f 6106 5959 5958
f 5960 5959 6106
f 5961 5960 6106
f 6106 5956 5955
f 5957 5956 6106
f 5958 5957 6106
f 6106 5953 5952
f 5954 5953 6106
f 5955 5954 6106
f 6106 6022 6021
f 5951 6022 6106
f 5952 5951 6106
f 6106 6019 6018
f 6020 6019 6106
f 6021 6020 6106
f 6106 6016 6015
f 6017 6016 6106
f 6018 6017 6106
f 6106 6013 6012
f 6014 6013 6106
f 6015 6014 6106
f 6106 6010 6009
f 6011 6010 6106
f 6012 6011 6106
f 6106 6007 6006
f 6008 6007 6106
f 6009 6008 6106
f 6106 6004 6003
f 6005 6004 6106
f 6006 6005 6106
f 6106 6001 6000
f 6002 6001 6106
f 6003 6002 6106
f 6106 5998 5997
f 5999 5998 6106
f 6000 5999 6106
f 6106 5995 5994
f 5996 5995 6106
f 5997 5996 6106
f 6106 5992 5991
f 5993 5992 6106
f 5994 5993 6106
f 6106 5989 5988
f 5990 5989 6106
f 5991 5990 6106
f 5988 5987 6106
f 4894 1275 1274
f 1274 3935 4894
f 3935 3934 4894
f 4894 3934 4895
f 3934 3788 4895
f 4895 3788 3789
f 6107 4924 6108
f 6109 6110 6111
f 6112 6113 6114
f 6113 6115 6114
f 6114 6115 6116
f 6115 6117 6116
f 6116 6117 6118
f 6117 6119 6118
f 6109 6111 6120
f 6111 6121 6120
f 6120 6121 6122
f 6121 6123 6122
f 6122 6123 6124
f 6125 3797 6126
f 6127 6128 6129
f 6130 6131 6132
f 6133 6134 6135
f 6134 6136 6135
f 6135 6136 6112
f 6136 6137 6112
f 6112 6137 6113
f 6109 6138 6110
f 6138 6139 6110
f 6110 6139 6140
f 6139 6141 6140
f 6140 6141 6129
f 6141 6142 6129
f 6129 6142 6127
f 6143 6144 6145
f 6144 6146 6145
f 6145 6146 6147
f 6146 6148 6147
f 6147 6148 6149
f 6150 6151 6152
f 6153 6154 6133
f 6154 6155 6133
f 6133 6155 6134
f 6130 6156 6131
f 6156 6157 6131
f 6131 6157 6158
f 6157 6159 6158
f 6158 6159 6160
f 6159 6161 6160
f 6160 6161 6162
f 6161 6163 6162
f 6162 6163 6143
f 6163 6164 6143
f 6143 6164 6144
f 6165 6166 6167
f 6166 6168 6167
f 6167 6168 6169
f 6168 6170 6169
f 6169 6170 6171
f 6170 6172 6171
f 6172 6173 6171
f 6171 6173 6174
f 6173 6175 6174
f 6174 6175 6176
f 6175 6177 6176
f 6176 6177 6178
f 6177 6179 6178
f 6178 6179 6151
f 6179 6180 6151
f 6151 6180 6152
f 6117 6181 6119
f 6181 6182 6119
f 6119 6182 6183
f 6182 6184 6183
f 6183 6184 6185
f 6127 6186 6128
f 6186 6187 6128
f 6128 6187 6132
f 6187 6188 6132
f 6132 6188 6130
f 6152 6189 6150
f 6189 6190 6150
f 6150 6190 6153
f 6190 6191 6153
f 6153 6191 6154
f 6184 6192 6185
f 6192 6193 6185
f 6185 6193 6194
f 6193 6195 6194
f 6194 6195 6124
f 6195 6196 6124
f 6124 6196 6122
f 6148 6197 6149
f 6197 6198 6149
f 6149 6198 6199
f 6198 6200 6199
f 6199 6200 6201
f 6200 6202 6201
f 6201 6202 6203
f 6202 6204 6203
f 6203 6204 6205
f 6204 6206 6205
f 6205 6206 6108
f 6206 6207 6108
f 6108 6207 6107
f 6126 6208 6125
f 6208 6209 6125
f 6125 6209 6210
f 6209 6211 6210
f 6210 6211 6212
f 6211 6213 6212
f 6212 6213 6214
f 6213 6215 6214
f 6214 6215 6216
f 6215 6217 6216
f 6216 6217 6165
f 6217 6218 6165
f 6165 6218 6166
f 619 6219 617
f 6219 6220 617
f 617 6220 615
f 6220 6221 615
f 615 6221 613
f 6221 6222 613
f 613 6222 611
f 6222 6223 611
f 611 6223 609
f 6223 6224 609
f 609 6224 607
f 6224 6225 607
f 607 6225 605
f 6225 6226 605
f 605 6226 603
f 6226 6227 603
f 603 6227 601
f 6227 6228 601
f 601 6228 599
f 6228 6229 599
f 599 6229 597
f 6229 6230 597
f 597 6230 595
f 6230 6231 595
f 595 6231 593
f 6231 6232 593
f 593 6232 591
f 6232 6233 591
f 591 6233 733
f 6233 6234 733
f 733 6234 731
f 6234 6235 731
f 731 6235 729
f 6235 6236 729
f 729 6236 727
f 6236 6237 727
f 727 6237 725
f 6237 6238 725
f 725 6238 723
f 6238 6239 723
f 723 6239 721
f 6239 6240 721
f 721 6240 719
f 6240 6241 719
f 719 6241 717
f 6241 6242 717
f 717 6242 715
f 6242 6243 715
f 715 6243 713
f 6243 6244 713
f 713 6244 711
f 6244 6245 711
f 711 6245 709
f 6245 6246 709
f 709 6246 707
f 6246 6247 707
f 707 6247 705
f 6247 6248 705
f 705 6248 703
f 6248 6249 703
f 703 6249 701
f 6249 6250 701
f 701 6250 699
f 6250 6251 699
f 699 6251 697
f 6251 6252 697
f 697 6252 695
f 6252 6253 695
f 695 6253 693
f 6253 6254 693
f 693 6254 691
f 6254 6255 691
f 691 6255 689
f 6255 6256 689
f 689 6256 687
f 6256 6257 687
f 687 6257 685
f 6257 6258 685
f 685 6258 683
f 6258 6259 683
f 683 6259 681
f 6259 6260 681
f 681 6260 679
f 6260 6261 679
f 679 6261 677
f 6261 6262 677
f 677 6262 675
f 6262 6263 675
f 675 6263 673
f 6263 6264 673
f 673 6264 671
f 6264 6265 671
f 671 6265 669
f 6265 6266 669
f 669 6266 667
f 6266 6267 667
f 667 6267 665
f 6267 6268 665
f 665 6268 663
f 6268 6269 663
f 663 6269 661
f 6269 6270 661
f 661 6270 659
f 6270 6271 659
f 659 6271 657
f 6271 6272 657
f 657 6272 655
f 6272 6273 655
f 655 6273 653
f 6273 6274 653
f 653 6274 651
f 6274 6275 651
f 651 6275 649
f 6275 6276 649
f 649 6276 647
f 6276 6277 647
f 647 6277 645
f 6277 6278 645
f 645 6278 643
f 6278 6279 643
f 643 6279 641
f 6279 6280 641
f 641 6280 639
f 6280 6281 639
f 639 6281 637
f 6281 6282 637
f 637 6282 635
f 6282 6283 635
f 635 6283 633
f 6283 6284 633
f 633 6284 631
f 6284 6285 631
f 631 6285 629
f 6285 6286 629
f 629 6286 627
f 6286 6287 627
f 627 6287 625
f 6287 6288 625
f 625 6288 623
f 6288 6289 623
f 623 6289 621
f 6289 6290 621
f 621 6290 619
f 6290 6219 619
f 6192 6291 6193
f 6291 6292 6193
f 6193 6292 6195
f 6292 6293 6195
f 6195 6293 6196
f 6293 6294 6196
f 6196 6294 6122
f 6294 6295 6122
f 6295 6296 6122
f 6122 6296 6120
f 6296 6297 6120
f 6120 6297 6109
f 6109 6297 6138
f 6297 6298 6138
f 6138 6298 6139
f 6298 6299 6139
f 6139 6299 6141
f 6299 6300 6141
f 6141 6300 6142
f 6300 6301 6142
f 6142 6301 6127
f 6127 6301 6186
f 6301 6302 6186
f 6186 6302 6187
f 6302 6303 6187
f 6187 6303 6188
f 6188 6303 6130
f 6303 6304 6130
f 6130 6304 6156
f 6304 6305 6156
f 6156 6305 6157
f 6305 6306 6157
f 6157 6306 6159
f 6306 6307 6159
f 6159 6307 6161
f 6307 6308 6161
f 6308 6309 6161
f 6161 6309 6163
f 6163 6309 6164
f 6309 6310 6164
f 6164 6310 6144
f 6310 6311 6144
f 6144 6311 6146
f 6311 6312 6146
f 6146 6312 6148
f 6312 6313 6148
f 6148 6313 6197
f 6313 6314 6197
f 6197 6314 6198
f 6314 6315 6198
f 6198 6315 6200
f 6200 6315 6202
f 6315 6316 6202
f 6202 6316 6204
f 6204 6316 6206
f 6316 6317 6206
f 6206 6317 6207
f 6317 6318 6207
f 6207 6318 6107
f 6318 4912 6107
f 6107 4912 4924
f 6319 3792 3794
f 6320 6321 5220
f 5220 6321 5219
f 6321 6322 5219
f 5219 6322 5218
f 5218 6322 5217
f 6322 6323 5217
f 5217 6323 5216
f 6300 3954 6301
f 3954 3953 6301
f 6301 3953 6302
f 5220 5221 6320
f 5221 5222 6320
f 6320 5222 6324
f 5222 5223 6324
f 6324 5223 6325
f 6299 3956 6300
f 3956 3955 6300
f 6300 3955 3954
f 3953 3952 6302
f 3952 3951 6302
f 6302 3951 6303
f 3951 3950 6303
f 6303 3950 6304
f 3950 3949 6304
f 6304 3949 6305
f 3949 3948 6305
f 6305 3948 6306
f 3948 3947 6306
f 6306 3947 6307
f 3947 3946 6307
f 6307 3946 6308
f 6319 3794 6326
f 3794 5202 6326
f 6326 5202 6327
f 5202 5205 6327
f 6327 5205 6328
f 5205 5206 6328
f 6328 5206 6329
f 5206 5207 6329
f 6329 5207 6330
f 3946 3945 6308
f 3945 3944 6308
f 6308 3944 6309
f 3944 3937 6309
f 6309 3937 6310
f 3937 3938 6310
f 6310 3938 6311
f 3938 3939 6311
f 6311 3939 6312
f 3939 3940 6312
f 6312 3940 6313
f 3940 3941 6313
f 6313 3941 6314
f 3941 3942 6314
f 6314 3942 6315
f 3942 3943 6315
f 6315 3943 6316
f 3943 3936 6316
f 6316 3936 6317
f 3936 3910 6317
f 6317 3910 6318
f 3910 3908 6318
f 6318 3908 4912
f 6323 6331 5216
f 6331 6332 5216
f 5216 6332 5215
f 6332 6333 5215
f 5215 6333 6334
f 5207 5208 6330
f 5208 5209 6330
f 6330 5209 6335
f 5209 5210 6335
f 6335 5210 6336
f 5210 5211 6336
f 6336 5211 6337
f 5211 5212 6337
f 6337 5212 6338
f 5212 5213 6338
f 6338 5213 6334
f 5213 5214 6334
f 6334 5214 5215
f 5223 5224 6325
f 5224 5225 6325
f 6325 5225 6339
f 5225 5226 6339
f 6339 5226 6340
f 5226 5227 6340
f 6340 5227 6341
f 5227 5228 6341
f 6341 5228 6342
f 6292 3966 6293
f 3966 3963 6293
f 6293 3963 6294
f 3963 3962 6294
f 6294 3962 6295
f 3962 3958 6295
f 6295 3958 6296
f 3958 3959 6296
f 6296 3959 6297
f 3959 3960 6297
f 6297 3960 6298
f 3960 3961 6298
f 6298 3961 6299
f 3961 3957 6299
f 6299 3957 3956
f 6342 5228 6343
f 5228 5229 6343
f 6343 5229 6344
f 5229 5230 6344
f 6344 5230 6345
f 5230 5232 6345
f 5232 5231 6345
f 6345 5231 6291
f 5231 3964 6291
f 6291 3964 6292
f 3964 3965 6292
f 6292 3965 3966
f 440 439 6104
f 440 6104 6086
f 6104 6103 6086
f 6086 6103 6087
f 6103 6105 6087
f 6087 6105 6085
f 6105 6101 6085
f 6085 6101 6083
f 6101 6102 6083
f 6083 6102 6082
f 6102 6100 6082
f 6082 6100 6081
f 6100 6097 6081
f 6081 6097 6079
f 6097 6090 6079
f 6079 6090 6070
f 6090 6089 6070
f 6070 6089 6071
f 6089 6088 6071
f 6071 6088 6072
f 6088 6095 6072
f 6072 6095 6077
f 6095 6098 6077
f 6077 6098 6080
f 6098 6099 6080
f 6080 6099 6084
f 6099 6096 6084
f 6084 6096 6078
f 6096 6094 6078
f 6078 6094 6075
f 6094 6093 6075
f 6075 6093 6074
f 6093 6092 6074
f 6074 6092 6073
f 6092 6091 6073
f 6073 6091 6076
f 6091 6040 6076
f 6076 6040 6041
f 6346 662 660
f 664 662 6346
f 6346 656 654
f 658 656 6346
f 660 658 6346
f 6346 650 648
f 652 650 6346
f 654 652 6346
f 6346 644 642
f 646 644 6346
f 648 646 6346
f 6346 638 636
f 640 638 6346
f 642 640 6346
f 6346 632 630
f 634 632 6346
f 636 634 6346
f 6346 626 624
f 628 626 6346
f 630 628 6346
f 6346 620 618
f 622 620 6346
f 624 622 6346
f 6346 614 612
f 616 614 6346
f 618 616 6346
f 6346 608 606
f 610 608 6346
f 612 610 6346
f 6346 602 600
f 604 602 6346
f 606 604 6346
f 6346 596 594
f 598 596 6346
f 600 598 6346
f 6346 734 732
f 592 734 6346
f 594 592 6346
f 6346 728 726
f 730 728 6346
f 732 730 6346
f 6346 722 720
f 724 722 6346
f 726 724 6346
f 6346 716 714
f 718 716 6346
f 720 718 6346
f 6346 710 708
f 712 710 6346
f 714 712 6346
f 6346 704 702
f 706 704 6346
f 708 706 6346
f 6346 698 696
f 700 698 6346
f 702 700 6346
f 6346 692 690
f 694 692 6346
f 696 694 6346
f 6346 686 684
f 688 686 6346
f 690 688 6346
f 6346 680 678
f 682 680 6346
f 684 682 6346
f 6346 674 672
f 676 674 6346
f 678 676 6346
f 6346 668 666
f 670 668 6346
f 672 670 6346
f 666 664 6346
f 6347 3909 6348
f 3909 3967 6348
f 1605 1604 3781
f 3997 3996 1586
f 3996 3995 1586
f 1586 3995 1588
f 3995 3994 1588
f 1588 3994 1589
f 3994 3993 1589
f 1589 3993 1590
f 3993 3992 1590
f 1590 3992 1591
f 3992 3991 1591
f 1591 3991 1592
f 3991 3990 1592
f 1592 3990 1593
f 3990 3988 1593
f 1593 3988 1594
f 3988 3989 1594
f 1594 3989 1595
f 3989 3785 1595
f 1595 3785 1596
f 3785 3784 1596
f 1596 3784 1597
f 1586 1585 3997
f 1585 2146 3997
f 3997 2146 3998
f 2146 1626 3998
f 3998 1626 3973
f 1626 1625 3973
f 3973 1625 3974
f 1625 1624 3974
f 3974 1624 3976
f 1624 1623 3976
f 3976 1623 3977
f 1623 1622 3977
f 3977 1622 3978
f 1622 1621 3978
f 3978 1621 3979
f 1621 1620 3979
f 3979 1620 3980
f 1620 3981 3980
f 1611 3987 1612
f 3987 3986 1612
f 1612 3986 1614
f 3986 3985 1614
f 1614 3985 1615
f 3985 3984 1615
f 1615 3984 1616
f 3984 3983 1616
f 1616 3983 1617
f 3983 3982 1617
f 1617 3982 1618
f 3982 3981 1618
f 1618 3981 1619
f 3981 1620 1619
f 1597 3784 1598
f 3784 3783 1598
f 1598 3783 1599
f 1599 3783 1600
f 3783 3782 1600
f 1600 3782 1602
f 3781 1604 3782
f 1604 1603 3782
f 3782 1603 1602
f 1605 3781 1606
f 3781 3780 1606
f 1606 3780 1607
f 1607 3780 1608
f 3780 3779 1608
f 1608 3779 1609
f 1609 3779 1576
f 3779 3778 1576
f 1576 3778 1577
f 1577 3778 1578
f 3778 3777 1578
f 1578 3777 1579
f 3776 1573 1581
f 3776 1581 3777
f 1581 1580 3777
f 3777 1580 1579
f 1573 3776 1574
f 3776 3787 1574
f 1574 3787 1582
f 3787 4010 1582
f 1582 4010 1583
f 4010 4009 1583
f 1583 4009 1584
f 4009 4008 1584
f 1584 4008 1566
f 4008 4007 1566
f 1566 4007 1567
f 4007 4006 1567
f 1567 4006 1569
f 4006 4001 1569
f 1569 4001 1570
f 1570 4001 1571
f 4001 4000 1571
f 1571 4000 1551
f 4000 4005 1551
f 1551 4005 1550
f 4005 4004 1550
f 1550 4004 1548
f 4004 4003 1548
f 4003 4018 1548
f 1548 4018 1552
f 4018 4017 1552
f 1552 4017 1553
f 4017 4015 1553
f 1553 4015 1554
f 4015 4014 1554
f 1554 4014 4016
f 4012 1558 4013
f 1558 1556 4013
f 4013 1556 4016
f 1556 1555 4016
f 4016 1555 1554
f 6348 4911 6347
f 4911 4910 6347
f 1100 142 969
f 142 140 969
f 969 140 970
f 140 138 970
f 970 138 971
f 138 136 971
f 971 136 972
f 136 134 972
f 972 134 984
f 134 132 984
f 984 132 985
f 132 130 985
f 985 130 986
f 130 128 986
f 986 128 991
f 128 126 991
f 991 126 992
f 126 124 992
f 992 124 993
f 124 122 993
f 993 122 967
f 122 120 967
f 967 120 968
f 120 118 968
f 968 118 987
f 118 116 987
f 987 116 988
f 116 114 988
f 988 114 975
f 114 256 975
f 975 256 974
f 256 254 974
f 974 254 973
f 254 252 973
f 973 252 994
f 252 250 994
f 994 250 995
f 250 248 995
f 995 248 997
f 248 246 997
f 997 246 999
f 246 244 999
f 999 244 1001
f 244 242 1001
f 1001 242 1003
f 242 240 1003
f 1003 240 1005
f 240 238 1005
f 1005 238 1007
f 238 236 1007
f 1007 236 1009
f 236 234 1009
f 1009 234 1011
f 234 232 1011
f 1011 232 1013
f 232 230 1013
f 1013 230 1015
f 230 228 1015
f 1015 228 1017
f 228 226 1017
f 1017 226 1019
f 226 224 1019
f 1019 224 1021
f 224 222 1021
f 1021 222 1023
f 222 220 1023
f 1023 220 1025
f 220 218 1025
f 1025 218 1027
f 218 216 1027
f 1027 216 1029
f 216 214 1029
f 1029 214 1031
f 214 212 1031
f 1031 212 1033
f 212 210 1033
f 1033 210 1035
f 210 208 1035
f 1035 208 1037
f 208 206 1037
f 1037 206 1039
f 206 204 1039
f 1039 204 1041
f 204 202 1041
f 1041 202 1043
f 202 200 1043
f 1043 200 1045
f 200 198 1045
f 1045 198 1047
f 198 196 1047
f 1047 196 1049
f 196 194 1049
f 1049 194 1051
f 194 192 1051
f 1051 192 1053
f 192 190 1053
f 1053 190 1055
f 190 188 1055
f 1055 188 1057
f 188 186 1057
f 1057 186 1059
f 186 184 1059
f 1059 184 1061
f 184 182 1061
f 1061 182 1063
f 182 180 1063
f 1063 180 1065
f 180 178 1065
f 1065 178 1067
f 178 176 1067
f 1067 176 1069
f 176 174 1069
f 1069 174 1071
f 174 172 1071
f 1071 172 1073
f 172 170 1073
f 1073 170 1075
f 170 168 1075
f 1075 168 1077
f 168 166 1077
f 1077 166 1079
f 166 164 1079
f 1079 164 1081
f 164 162 1081
f 1081 162 1083
f 162 160 1083
f 1083 160 1085
f 160 158 1085
f 1085 158 1087
f 158 156 1087
f 1087 156 1089
f 156 154 1089
f 1089 154 1091
f 154 152 1091
f 1091 152 1093
f 152 150 1093
f 1093 150 1095
f 150 148 1095
f 1095 148 1097
f 148 146 1097
f 1097 146 1099
f 146 144 1099
f 1099 144 1100
f 144 142 1100
f 1547 1546 6348
f 1546 4911 6348
f 6348 3967 1547
f 3967 3969 1547
f 1547 3969 1629
f 3969 3971 1629
f 1629 3971 1611
f 3971 3987 1611
f 1190 6233 1192
f 6233 6232 1192
f 1192 6232 1194
f 6232 6231 1194
f 1194 6231 1196
f 6231 6230 1196
f 1196 6230 1198
f 6230 6229 1198
f 1198 6229 1200
f 6229 6228 1200
f 1200 6228 1202
f 6228 6227 1202
f 1202 6227 1204
f 6227 6226 1204
f 1204 6226 1206
f 6226 6225 1206
f 1206 6225 1208
f 6225 6224 1208
f 1208 6224 1210
f 6224 6223 1210
f 1210 6223 1212
f 6223 6222 1212
f 1212 6222 1214
f 6222 6221 1214
f 1214 6221 1216
f 6221 6220 1216
f 1216 6220 1218
f 6220 6219 1218
f 1218 6219 1220
f 6219 6290 1220
f 1220 6290 1222
f 6290 6289 1222
f 1222 6289 1224
f 6289 6288 1224
f 1224 6288 1226
f 6288 6287 1226
f 1226 6287 1228
f 6287 6286 1228
f 1228 6286 1230
f 6286 6285 1230
f 1230 6285 1118
f 6285 6284 1118
f 1118 6284 1119
f 6284 6283 1119
f 1119 6283 1120
f 6283 6282 1120
f 1120 6282 1108
f 6282 6281 1108
f 1108 6281 1109
f 6281 6280 1109
f 1109 6280 1121
f 6280 6279 1121
f 1121 6279 1122
f 6279 6278 1122
f 1122 6278 1110
f 6278 6277 1110
f 1110 6277 1111
f 6277 6276 1111
f 1111 6276 1112
f 6276 6275 1112
f 1112 6275 1113
f 6275 6274 1113
f 1113 6274 1114
f 6274 6273 1114
f 1114 6273 1115
f 6273 6272 1115
f 1115 6272 1116
f 6272 6271 1116
f 1116 6271 1117
f 6271 6270 1117
f 1117 6270 1102
f 6270 6269 1102
f 1102 6269 1104
f 6269 6268 1104
f 1104 6268 1106
f 6268 6267 1106
f 1106 6267 1124
f 6267 6266 1124
f 1124 6266 1126
f 6266 6265 1126
f 1126 6265 1128
f 6265 6264 1128
f 1128 6264 1130
f 6264 6263 1130
f 1130 6263 1132
f 6263 6262 1132
f 1132 6262 1134
f 6262 6261 1134
f 1134 6261 1136
f 6261 6260 1136
f 1136 6260 1138
f 6260 6259 1138
f 1138 6259 1140
f 6259 6258 1140
f 1140 6258 1142
f 6258 6257 1142
f 1142 6257 1144
f 6257 6256 1144
f 1144 6256 1146
f 6256 6255 1146
f 1146 6255 1148
f 6255 6254 1148
f 1148 6254 1150
f 6254 6253 1150
f 1150 6253 1152
f 6253 6252 1152
f 1152 6252 1154
f 6252 6251 1154
f 1154 6251 1156
f 6251 6250 1156
f 1156 6250 1158
f 6250 6249 1158
f 1158 6249 1160
f 6249 6248 1160
f 1160 6248 1162
f 6248 6247 1162
f 1162 6247 1164
f 6247 6246 1164
f 1164 6246 1166
f 6246 6245 1166
f 1166 6245 1168
f 6245 6244 1168
f 1168 6244 1170
f 6244 6243 1170
f 1170 6243 1172
f 6243 6242 1172
f 1172 6242 1174
f 6242 6241 1174
f 1174 6241 1176
f 6241 6240 1176
f 1176 6240 1178
f 6240 6239 1178
f 1178 6239 1180
f 6239 6238 1180
f 1180 6238 1182
f 6238 6237 1182
f 1182 6237 1184
f 6237 6236 1184
f 1184 6236 1186
f 6236 6235 1186
f 1186 6235 1188
f 6235 6234 1188
f 1188 6234 1190
f 6234 6233 1190
f 1560 1558 4012
f 6055 1564 6349
f 1564 1562 6349
f 1560 4012 1562
f 4022 6349 4023
f 6349 1562 4023
f 4023 1562 4019
f 1562 4012 4019
f 6350 6351 6352
f 6353 6354 6355
f 6356 6357 6358
f 6359 6360 6361
f 6362 6363 6364
f 6365 6366 6367
f 1666 1667 6368
f 6368 1667 6369
f 1689 1687 6370
f 1686 1543 6371
f 6372 6373 6374
f 6375 6376 6377
f 6378 6379 6380
f 6203 6205 6381
f 6145 6147 6382
f 6162 6143 6383
f 6384 6385 6386
f 6387 6388 6389
f 6390 6391 6392
f 6393 6394 6395
f 6396 6397 6398
f 6398 6397 6399
f 6400 6401 6402
f 6403 6404 6405
f 6406 6405 6407
f 6408 6409 6410
f 6360 6359 6411
f 6412 1656 1655
f 4913 4934 6413
f 4919 4942 6414
f 6415 4944 6416
f 4944 4938 6416
f 6417 4939 6418
f 4939 4916 6418
f 6418 4916 6419
f 4916 4915 6419
f 6419 4915 6420
f 4915 4948 6420
f 6420 4948 6421
f 4948 4947 6421
f 6421 4947 6422
f 4947 4946 6422
f 6422 4946 6415
f 4946 4945 6415
f 6415 4945 4944
f 4918 4917 6417
f 4917 4940 6417
f 6417 4940 4939
f 6417 6423 4918
f 6423 6424 4918
f 4918 6424 4927
f 6424 6425 4927
f 4927 6425 4928
f 6426 4930 6425
f 4930 4929 6425
f 6425 4929 4928
f 4919 6414 4920
f 4913 6413 4914
f 6427 6185 6428
f 6185 6194 6428
f 6428 6429 6427
f 6429 6430 6427
f 6427 6430 6431
f 6430 6432 6431
f 6431 6432 6433
f 6432 6434 6433
f 6435 6436 6437
f 6437 6436 6438
f 6436 6439 6438
f 6438 6439 6440
f 6439 6441 6440
f 6440 6441 6442
f 6442 6441 6443
f 6441 6444 6443
f 6443 6444 6445
f 6444 6446 6445
f 6445 6446 6447
f 6448 6449 6450
f 6449 6451 6450
f 6450 6451 6452
f 6451 6453 6452
f 6452 6453 6454
f 6453 6455 6454
f 6454 6455 6447
f 6456 6457 6458
f 6457 6459 6458
f 6458 6459 6460
f 6459 6461 6460
f 6460 6461 6462
f 6461 6463 6462
f 6462 6463 6448
f 6463 6464 6448
f 6448 6464 6449
f 6465 6466 6467
f 6466 6468 6467
f 6467 6468 6469
f 6468 6470 6469
f 6469 6470 6471
f 6470 6472 6471
f 6471 6472 6473
f 6472 6474 6473
f 6473 6474 6475
f 6474 6476 6475
f 6475 6476 6477
f 6476 6478 6477
f 6477 6478 6479
f 6478 6480 6479
f 6479 6480 6481
f 6480 6482 6481
f 6481 6482 6483
f 6482 6484 6483
f 6483 6484 6456
f 6484 6485 6456
f 6456 6485 6457
f 6486 6487 6488
f 6487 6489 6488
f 6488 6489 6465
f 6489 6490 6465
f 6465 6490 6466
f 1695 1694 6491
f 1694 6492 6491
f 6493 6494 6495
f 6494 6496 6495
f 6495 6496 6497
f 6498 6499 6412
f 6499 1653 6412
f 6412 1653 1656
f 6500 1648 6498
f 1648 1650 6498
f 6498 1650 6499
f 1650 1651 6499
f 6499 1651 1653
f 6366 6365 6501
f 6365 6502 6501
f 6501 6502 6503
f 6502 6504 6503
f 6503 6504 6505
f 6504 6506 6505
f 6505 6506 6507
f 6354 6353 6508
f 6353 6509 6508
f 6508 6509 6510
f 6509 6511 6510
f 6510 6511 6512
f 6511 6513 6512
f 6512 6513 6514
f 1639 1641 6515
f 1641 1643 6515
f 6515 1643 6516
f 1643 1645 6516
f 6516 1645 6500
f 1645 1646 6500
f 6500 1646 1648
f 6515 6517 1639
f 6517 6518 1639
f 1639 6518 1637
f 6357 6356 6519
f 6356 6520 6519
f 6519 6520 6521
f 6520 6522 6521
f 6521 6522 6523
f 6363 6362 6524
f 6362 6525 6524
f 6524 6525 6526
f 6525 6527 6526
f 6526 6527 6528
f 6527 6529 6528
f 6528 6529 6530
f 6531 6532 6533
f 6532 6534 6533
f 6533 6534 6535
f 6534 6536 6535
f 6535 6536 6537
f 6538 6539 6540
f 6539 6541 6540
f 6540 6541 6542
f 6541 6543 6542
f 6542 6543 6544
f 6409 6408 6545
f 6537 6538 6535
f 6538 6540 6535
f 6535 6540 6533
f 6540 6542 6533
f 6533 6542 6531
f 6542 6544 6531
f 6546 6547 6548
f 6549 6547 6550
f 6547 6546 6550
f 6550 6546 6551
f 6552 6548 6553
f 6548 6547 6553
f 6553 6547 6554
f 6547 6549 6554
f 6554 6549 6555
f 6556 6557 6558
f 1636 6559 6560
f 6561 1634 6560
f 1634 1635 6560
f 6560 1635 1636
f 1630 1631 6562
f 1631 1632 6562
f 6562 1632 6561
f 1632 1633 6561
f 6561 1633 1634
f 6408 6557 6545
f 6557 6563 6545
f 6545 6563 6564
f 6563 6565 6564
f 6564 6565 6566
f 6565 6567 6566
f 6566 6567 6568
f 6567 6569 6568
f 6568 6569 6570
f 6569 6571 6570
f 6570 6571 6559
f 6571 6572 6559
f 6559 6572 6560
f 6572 6573 6560
f 6560 6573 6561
f 6573 6574 6561
f 6561 6574 6562
f 6574 4943 6562
f 6562 4943 1630
f 6557 6556 6563
f 6556 6575 6563
f 6563 6575 6565
f 6575 6576 6565
f 6565 6576 6567
f 6576 6577 6567
f 6567 6577 6569
f 6577 6578 6569
f 6569 6578 6571
f 6578 6579 6571
f 6571 6579 6572
f 6579 6580 6572
f 6572 6580 6573
f 6580 6581 6573
f 6573 6581 6574
f 6581 4937 6574
f 6574 4937 4943
f 6582 6555 6583
f 6555 6549 6583
f 6583 6549 6584
f 6549 6550 6584
f 6584 6550 6585
f 6550 6551 6585
f 6585 6551 6586
f 6405 6406 6403
f 6406 6587 6403
f 6403 6587 6588
f 6589 6590 6591
f 6590 6592 6591
f 6591 6592 6593
f 6592 6594 6593
f 6593 6594 6595
f 6596 6597 6598
f 6597 6599 6598
f 6598 6599 6600
f 6599 6601 6600
f 6600 6601 6602
f 6603 6582 6604
f 6582 6583 6604
f 6604 6583 6605
f 6583 6584 6605
f 6605 6584 6606
f 6584 6585 6606
f 6606 6585 6607
f 6585 6586 6607
f 6607 6586 6608
f 6404 6403 6608
f 6403 6588 6608
f 6608 6588 6607
f 6588 6609 6607
f 6607 6609 6606
f 6609 6610 6606
f 6606 6610 6605
f 6610 6402 6605
f 6605 6402 6604
f 6402 6401 6604
f 6604 6401 6603
f 6611 6612 6613
f 6612 6614 6613
f 6615 6616 6617
f 6616 6618 6617
f 6617 6618 6619
f 6620 6621 6622
f 6621 6623 6622
f 6622 6623 6624
f 6619 6399 6617
f 6399 6397 6617
f 6617 6397 6615
f 6397 6396 6615
f 6615 6396 6625
f 6626 6627 6628
f 6627 6629 6628
f 6628 6629 6630
f 6629 6631 6630
f 6630 6631 6632
f 6631 6633 6632
f 6632 6633 6634
f 6633 6635 6634
f 6634 6635 6636
f 6407 6596 6406
f 6596 6598 6406
f 6406 6598 6587
f 6598 6600 6587
f 6587 6600 6588
f 6600 6602 6588
f 6588 6602 6609
f 6602 6637 6609
f 6609 6637 6610
f 6637 6638 6610
f 6610 6638 6402
f 6638 6639 6402
f 6402 6639 6400
f 6639 6640 6400
f 6641 6552 6642
f 6552 6553 6642
f 6642 6553 6643
f 6553 6554 6643
f 6643 6554 6644
f 6554 6555 6644
f 6644 6555 6645
f 6555 6582 6645
f 6645 6582 6646
f 6582 6603 6646
f 6646 6603 6647
f 6603 6401 6647
f 6647 6401 6648
f 6401 6400 6648
f 6648 6400 6649
f 6400 6640 6649
f 6649 6640 6650
f 6651 6641 6652
f 6641 6642 6652
f 6652 6642 6653
f 6642 6643 6653
f 6653 6643 6654
f 6643 6644 6654
f 6654 6644 6655
f 6644 6645 6655
f 6655 6645 6656
f 6645 6646 6656
f 6656 6646 6657
f 6646 6647 6657
f 6657 6647 6658
f 6647 6648 6658
f 6658 6648 6659
f 6648 6649 6659
f 6659 6649 6660
f 6649 6650 6660
f 6660 6650 6661
f 6416 6651 6415
f 6651 6652 6415
f 6415 6652 6422
f 6652 6653 6422
f 6422 6653 6421
f 6653 6654 6421
f 6421 6654 6420
f 6654 6655 6420
f 6420 6655 6419
f 6655 6656 6419
f 6419 6656 6418
f 6656 6657 6418
f 6418 6657 6417
f 6657 6658 6417
f 6417 6658 6423
f 6658 6659 6423
f 6423 6659 6424
f 6659 6660 6424
f 6424 6660 6425
f 6660 6661 6425
f 6425 6661 6426
f 6662 6663 6664
f 6663 6665 6664
f 6664 6665 6666
f 6665 6667 6666
f 6666 6667 6668
f 6667 6669 6668
f 6668 6669 6670
f 6669 6671 6670
f 6670 6671 6672
f 6671 6673 6672
f 6672 6673 4931
f 6673 4932 4931
f 6674 6675 6676
f 6675 6677 6676
f 6676 6677 6678
f 6677 6679 6678
f 6680 6679 6681
f 6679 6677 6681
f 6681 6677 6682
f 6677 6675 6682
f 6391 6390 6683
f 6390 6684 6683
f 6683 6684 6685
f 6684 6686 6685
f 6685 6686 6687
f 6385 6384 6688
f 6384 6689 6688
f 6688 6689 6389
f 6690 6682 6691
f 6682 6675 6691
f 6691 6675 6692
f 6675 6674 6692
f 6692 6674 6388
f 6388 6387 6692
f 6387 6693 6692
f 6692 6693 6691
f 6693 6694 6691
f 6691 6694 6690
f 6160 6162 6695
f 6162 6383 6695
f 6695 6383 6696
f 6383 6697 6696
f 6696 6697 6698
f 6697 6699 6698
f 6698 6699 6700
f 6699 6701 6700
f 6700 6701 6702
f 6701 6703 6702
f 6702 6703 6704
f 6703 6705 6704
f 6704 6705 6386
f 6705 6706 6386
f 6386 6706 6384
f 6706 6707 6384
f 6384 6707 6689
f 6708 6709 6710
f 6709 6711 6710
f 6710 6711 6712
f 6711 6713 6712
f 6712 6713 6714
f 6713 6715 6714
f 6714 6715 6716
f 6715 6717 6716
f 6716 6717 6718
f 6717 6719 6718
f 6718 6719 6720
f 6719 6721 6720
f 6720 6721 6722
f 6721 6723 6722
f 6722 6723 6724
f 6723 6725 6724
f 6724 6725 6726
f 6725 6727 6726
f 6726 6727 6728
f 6727 6382 6728
f 6728 6382 6149
f 6382 6147 6149
f 6143 6145 6383
f 6145 6382 6383
f 6383 6382 6697
f 6382 6727 6697
f 6697 6727 6699
f 6727 6725 6699
f 6699 6725 6701
f 6725 6723 6701
f 6701 6723 6703
f 6723 6721 6703
f 6703 6721 6705
f 6721 6719 6705
f 6705 6719 6706
f 6719 6717 6706
f 6706 6717 6707
f 6717 6715 6707
f 6707 6715 6689
f 6715 6713 6689
f 6689 6713 6389
f 6713 6711 6389
f 6389 6711 6387
f 6711 6709 6387
f 6387 6709 6693
f 6709 6708 6693
f 6693 6708 6694
f 6729 6730 6731
f 6730 6732 6731
f 6731 6732 6733
f 6732 6734 6733
f 6733 6734 6735
f 6734 6736 6735
f 6735 6736 6737
f 6736 6738 6737
f 6737 6738 6739
f 6738 6414 6739
f 6739 6414 4941
f 6414 4942 4941
f 6740 6741 6742
f 6741 6743 6742
f 6742 6743 6744
f 6743 6745 6744
f 6744 6745 6746
f 6745 6747 6746
f 6746 6747 6748
f 6747 6749 6748
f 6748 6749 6750
f 6663 6729 6665
f 6729 6731 6665
f 6665 6731 6667
f 6731 6733 6667
f 6667 6733 6669
f 6733 6735 6669
f 6669 6735 6671
f 6735 6737 6671
f 6671 6737 6673
f 6737 6739 6673
f 6673 6739 4932
f 6739 4941 4932
f 6730 6750 6732
f 6750 6749 6732
f 6732 6749 6734
f 6749 6747 6734
f 6734 6747 6736
f 6747 6745 6736
f 6736 6745 6738
f 6745 6743 6738
f 6738 6743 6414
f 6743 6741 6414
f 6414 6741 4920
f 6741 6740 4920
f 4920 6740 4933
f 4934 4933 6413
f 4933 6740 6413
f 6413 6740 6751
f 6740 6742 6751
f 6751 6742 6752
f 6742 6744 6752
f 6752 6744 6753
f 6744 6746 6753
f 6753 6746 6754
f 6746 6748 6754
f 6754 6748 6626
f 6748 6750 6626
f 6626 6750 6627
f 6750 6730 6627
f 6627 6730 6629
f 6730 6729 6629
f 6629 6729 6631
f 6729 6663 6631
f 6631 6663 6633
f 6663 6662 6633
f 6633 6662 6635
f 6199 6201 6755
f 6201 6756 6755
f 6755 6756 6757
f 6756 6758 6757
f 6757 6758 6759
f 6758 6760 6759
f 6759 6760 6761
f 6760 6762 6761
f 6761 6762 6763
f 6762 6764 6763
f 6763 6764 6765
f 6764 6766 6765
f 6765 6766 6767
f 6766 6768 6767
f 6767 6768 6769
f 6768 6770 6769
f 6769 6770 6771
f 6770 6772 6771
f 6771 6772 6773
f 6772 6774 6773
f 6773 6774 6775
f 6774 6776 6775
f 6775 6776 6777
f 6205 6108 6381
f 6108 6778 6381
f 6381 6778 6779
f 6778 6780 6779
f 6779 6780 6781
f 6780 6782 6781
f 6781 6782 6783
f 6782 6784 6783
f 6783 6784 6785
f 6784 6786 6785
f 6785 6786 6787
f 6786 6788 6787
f 6787 6788 6789
f 6788 6790 6789
f 6789 6790 6791
f 6790 6792 6791
f 6791 6792 6793
f 6792 6794 6793
f 6793 6794 6795
f 6201 6203 6756
f 6203 6381 6756
f 6756 6381 6758
f 6381 6779 6758
f 6758 6779 6760
f 6779 6781 6760
f 6760 6781 6762
f 6781 6783 6762
f 6762 6783 6764
f 6783 6785 6764
f 6764 6785 6766
f 6785 6787 6766
f 6766 6787 6768
f 6787 6789 6768
f 6768 6789 6770
f 6789 6791 6770
f 6770 6791 6772
f 6791 6793 6772
f 6772 6793 6774
f 6793 6795 6774
f 6774 6795 6776
f 6149 6199 6728
f 6199 6755 6728
f 6728 6755 6726
f 6755 6757 6726
f 6726 6757 6724
f 6757 6759 6724
f 6724 6759 6722
f 6759 6761 6722
f 6722 6761 6720
f 6761 6763 6720
f 6720 6763 6718
f 6763 6765 6718
f 6718 6765 6716
f 6765 6767 6716
f 6716 6767 6714
f 6767 6769 6714
f 6714 6769 6712
f 6769 6771 6712
f 6712 6771 6710
f 6771 6773 6710
f 6710 6773 6708
f 6773 6775 6708
f 6708 6775 6694
f 6775 6777 6694
f 6694 6777 6690
f 6796 6380 6797
f 6380 6379 6797
f 6797 6379 6798
f 6799 6800 6801
f 6799 6801 6802
f 6803 6804 6351
f 6804 6802 6351
f 6351 6802 6352
f 6802 6801 6352
f 6805 6806 6378
f 6807 6808 6809
f 6800 6799 6810
f 6799 6811 6810
f 6810 6811 6812
f 6812 6811 6813
f 6811 6814 6813
f 6813 6814 6815
f 6816 6817 6809
f 6815 6814 6818
f 6814 6819 6818
f 6818 6819 6820
f 6820 6819 6821
f 6819 6822 6821
f 6821 6822 6823
f 6804 6824 6802
f 6824 6825 6802
f 6802 6825 6799
f 6825 6826 6799
f 6799 6826 6811
f 6826 6827 6811
f 6811 6827 6814
f 6827 6828 6814
f 6814 6828 6819
f 6828 6829 6819
f 6819 6829 6822
f 6686 6393 6687
f 6393 6395 6687
f 6687 6395 6830
f 6395 6831 6830
f 6830 6831 6832
f 6817 6832 6833
f 6832 6831 6833
f 6833 6831 6834
f 6831 6395 6834
f 6834 6395 6835
f 6395 6394 6835
f 6835 6394 6836
f 6373 6372 6837
f 6372 6838 6837
f 6837 6838 6839
f 6838 6840 6839
f 6839 6840 6807
f 6841 6842 6843
f 6842 6844 6843
f 6843 6844 6845
f 6844 6846 6845
f 6845 6846 6847
f 6846 6848 6847
f 6847 6848 6849
f 6848 6850 6849
f 6376 6850 6377
f 6850 6848 6377
f 6377 6848 6851
f 6848 6846 6851
f 6851 6846 6852
f 6846 6844 6852
f 6852 6844 6853
f 6844 6842 6853
f 6853 6842 6854
f 6437 6855 6435
f 6855 6434 6435
f 6435 6434 6856
f 6434 6432 6856
f 6856 6432 6857
f 6432 6430 6857
f 6857 6430 6858
f 6430 6429 6858
f 6858 6429 6859
f 6429 6428 6859
f 6859 6428 6860
f 6428 6194 6860
f 6194 6124 6860
f 6124 6861 6860
f 6860 6861 6859
f 6861 6862 6859
f 6859 6862 6858
f 6862 6863 6858
f 6858 6863 6857
f 6863 6864 6857
f 6857 6864 6856
f 6864 6865 6856
f 6856 6865 6435
f 6865 6866 6435
f 6435 6866 6436
f 6866 6867 6436
f 6436 6867 6439
f 6867 6868 6439
f 6439 6868 6441
f 6868 6869 6441
f 6441 6869 6444
f 6869 6870 6444
f 6444 6870 6446
f 6870 6871 6446
f 6376 6840 6850
f 6840 6838 6850
f 6850 6838 6849
f 6838 6372 6849
f 6849 6372 6847
f 6372 6374 6847
f 6847 6374 6845
f 6374 6872 6845
f 6845 6872 6843
f 6872 6873 6843
f 6843 6873 6841
f 6873 6874 6841
f 6841 6874 6875
f 6874 6876 6875
f 6875 6876 6877
f 6854 6842 6878
f 6842 6841 6878
f 6878 6841 6879
f 6841 6875 6879
f 6879 6875 6880
f 6875 6877 6880
f 6880 6877 6881
f 6882 6883 6884
f 6883 6885 6884
f 6884 6885 6886
f 6885 6887 6886
f 6886 6887 6888
f 6889 6888 6890
f 6888 6887 6890
f 6890 6887 6891
f 6887 6885 6891
f 6891 6885 6892
f 6885 6883 6892
f 6892 6883 6893
f 6876 6889 6877
f 6889 6890 6877
f 6877 6890 6881
f 6890 6891 6881
f 6881 6891 6894
f 6891 6892 6894
f 6894 6892 6895
f 6892 6893 6895
f 6895 6893 6896
f 6375 6377 6897
f 6377 6851 6897
f 6897 6851 6898
f 6851 6852 6898
f 6898 6852 6899
f 6852 6853 6899
f 6899 6853 6900
f 6853 6854 6900
f 6900 6854 6901
f 6854 6878 6901
f 6901 6878 6902
f 6878 6879 6902
f 6902 6879 6903
f 6879 6880 6903
f 6903 6880 6904
f 6880 6881 6904
f 6904 6881 6905
f 6881 6894 6905
f 6905 6894 6906
f 6894 6895 6906
f 6906 6895 6907
f 6895 6896 6907
f 6907 6896 6908
f 6807 6840 6808
f 6840 6376 6808
f 6808 6376 6909
f 6376 6375 6909
f 6909 6375 6910
f 6375 6897 6910
f 6910 6897 6911
f 6897 6898 6911
f 6911 6898 6912
f 6898 6899 6912
f 6912 6899 6913
f 6899 6900 6913
f 6913 6900 6914
f 6900 6901 6914
f 6914 6901 6915
f 6901 6902 6915
f 6915 6902 6916
f 6902 6903 6916
f 6916 6903 6917
f 6903 6904 6917
f 6917 6904 6918
f 6904 6905 6918
f 6918 6905 6919
f 6905 6906 6919
f 6919 6906 6920
f 6906 6907 6920
f 6920 6907 6921
f 6907 6908 6921
f 6921 6908 6922
f 6908 6132 6922
f 6922 6132 6131
f 6123 6121 6882
f 6121 6111 6882
f 6882 6111 6883
f 6111 6110 6883
f 6883 6110 6893
f 6110 6140 6893
f 6893 6140 6896
f 6140 6129 6896
f 6896 6129 6908
f 6129 6128 6908
f 6908 6128 6132
f 6373 6871 6374
f 6871 6870 6374
f 6374 6870 6872
f 6870 6869 6872
f 6872 6869 6873
f 6869 6868 6873
f 6873 6868 6874
f 6868 6867 6874
f 6874 6867 6876
f 6867 6866 6876
f 6876 6866 6889
f 6866 6865 6889
f 6889 6865 6888
f 6865 6864 6888
f 6888 6864 6886
f 6864 6863 6886
f 6886 6863 6884
f 6863 6862 6884
f 6884 6862 6882
f 6862 6861 6882
f 6882 6861 6123
f 6861 6124 6123
f 6923 1542 1693
f 1542 6923 1543
f 6492 6486 6491
f 6486 6488 6491
f 6491 6488 6924
f 6488 6465 6924
f 6924 6465 6925
f 6465 6467 6925
f 6925 6467 6926
f 6467 6469 6926
f 6926 6469 6927
f 6469 6471 6927
f 6927 6471 6928
f 6471 6473 6928
f 6928 6473 6929
f 6473 6475 6929
f 6929 6475 6930
f 6475 6477 6930
f 6930 6477 6931
f 6477 6479 6931
f 6931 6479 6932
f 6479 6481 6932
f 6932 6481 6933
f 6481 6483 6933
f 6933 6483 6934
f 6483 6456 6934
f 6378 6806 6379
f 6806 6935 6379
f 6379 6935 6798
f 6935 6936 6798
f 6798 6936 6937
f 6936 6938 6937
f 6937 6938 6939
f 6938 6940 6939
f 6939 6940 6941
f 6940 6942 6941
f 6941 6942 6943
f 6942 6944 6943
f 6943 6944 6945
f 6944 6946 6945
f 6945 6946 6947
f 6946 6948 6947
f 6947 6948 6949
f 6948 6950 6949
f 6949 6950 6951
f 6950 6952 6951
f 6951 6952 6953
f 6952 6954 6953
f 6953 6954 6955
f 6954 6956 6955
f 6955 6956 6957
f 6956 6958 6957
f 6957 6958 6959
f 6958 6960 6959
f 6959 6960 6961
f 6960 6962 6961
f 6961 6962 6963
f 6962 6964 6963
f 6963 6964 6965
f 6964 6966 6965
f 6965 6966 6967
f 6966 6923 6967
f 6967 6923 6968
f 6923 1693 6968
f 6968 1693 1692
f 6454 6796 6452
f 6796 6797 6452
f 6452 6797 6450
f 6797 6798 6450
f 6450 6798 6448
f 6798 6937 6448
f 6448 6937 6462
f 6937 6939 6462
f 6462 6939 6460
f 6939 6941 6460
f 6460 6941 6458
f 6941 6943 6458
f 6458 6943 6456
f 6943 6945 6456
f 6456 6945 6934
f 6945 6947 6934
f 6934 6947 6933
f 6947 6949 6933
f 6933 6949 6932
f 6949 6951 6932
f 6932 6951 6931
f 6951 6953 6931
f 6931 6953 6930
f 6953 6955 6930
f 6930 6955 6929
f 6955 6957 6929
f 6929 6957 6928
f 6957 6959 6928
f 6928 6959 6927
f 6959 6961 6927
f 6927 6961 6926
f 6961 6963 6926
f 6926 6963 6925
f 6963 6965 6925
f 6925 6965 6924
f 6965 6967 6924
f 6924 6967 6491
f 6967 6968 6491
f 6491 6968 1695
f 6968 1692 1695
f 1690 1689 6969
f 1689 6370 6969
f 6969 6370 6970
f 6971 1680 6972
f 1680 1682 6972
f 6972 1682 6973
f 1682 1685 6973
f 6973 1685 1684
f 6974 1678 6975
f 1678 1676 6975
f 6975 1676 6971
f 1676 1675 6971
f 6971 1675 1680
f 1667 1669 6369
f 1669 1671 6369
f 6369 1671 6976
f 1671 1672 6976
f 6976 1672 6974
f 1672 1674 6974
f 6974 1674 1678
f 6493 6977 6494
f 6977 6978 6494
f 6494 6978 6496
f 6978 6979 6496
f 6496 6979 6497
f 6979 6980 6497
f 6497 6980 6981
f 6980 6982 6981
f 6981 6982 6983
f 1666 6368 1664
f 6368 6984 1664
f 1664 6984 1661
f 6984 6985 1661
f 1661 6985 1659
f 6985 6977 1659
f 1659 6977 1658
f 6977 6493 1658
f 1658 6493 1655
f 6493 6495 1655
f 1655 6495 6412
f 6495 6497 6412
f 6412 6497 6498
f 6497 6981 6498
f 6498 6981 6500
f 6981 6983 6500
f 6500 6983 6516
f 6983 6986 6516
f 6516 6986 6515
f 6986 6987 6515
f 6515 6987 6517
f 6987 6988 6517
f 6517 6988 6518
f 6989 6990 6991
f 6990 6992 6991
f 6991 6992 6993
f 6992 6994 6993
f 6993 6994 6995
f 6994 6996 6995
f 6995 6996 6997
f 6996 6998 6997
f 6997 6998 6999
f 6998 7000 6999
f 6999 7000 7001
f 7000 7002 7001
f 7001 7002 7003
f 7002 7004 7003
f 7003 7004 7005
f 7004 7006 7005
f 7005 7006 7007
f 7006 7008 7007
f 7007 7008 6367
f 7008 6355 6367
f 6367 6355 6365
f 6355 6354 6365
f 6365 6354 6502
f 6354 6508 6502
f 6502 6508 6504
f 6508 6510 6504
f 6504 6510 6506
f 6510 6512 6506
f 6506 6512 6507
f 6512 6514 6507
f 6507 6514 7009
f 6514 7010 7009
f 7009 7010 7011
f 6973 6989 6972
f 6989 6991 6972
f 6972 6991 6971
f 6991 6993 6971
f 6971 6993 6975
f 6993 6995 6975
f 6975 6995 6974
f 6995 6997 6974
f 6974 6997 6976
f 6997 6999 6976
f 6976 6999 6369
f 6999 7001 6369
f 6369 7001 6368
f 7001 7003 6368
f 6368 7003 6984
f 7003 7005 6984
f 6984 7005 6985
f 7005 7007 6985
f 6985 7007 6977
f 7007 6367 6977
f 6977 6367 6978
f 6367 6366 6978
f 6978 6366 6979
f 6366 6501 6979
f 6979 6501 6980
f 6501 6503 6980
f 6980 6503 6982
f 6503 6505 6982
f 6982 6505 6983
f 6505 6507 6983
f 6983 6507 6986
f 6507 7009 6986
f 6986 7009 6987
f 7009 7011 6987
f 6987 7011 6988
f 7012 7013 7014
f 7013 7015 7014
f 7014 7015 7016
f 7015 7017 7016
f 7016 7017 7018
f 7017 7019 7018
f 7018 7019 7020
f 7019 7021 7020
f 7020 7021 7022
f 7021 7023 7022
f 7022 7023 7024
f 7023 7025 7024
f 7024 7025 7026
f 7025 7027 7026
f 7026 7027 7028
f 7027 7029 7028
f 7028 7029 7030
f 7029 7031 7030
f 7030 7031 6364
f 7031 6358 6364
f 6364 6358 6362
f 6358 6357 6362
f 6362 6357 6525
f 6357 6519 6525
f 6525 6519 6527
f 6519 6521 6527
f 6527 6521 6529
f 6521 6523 6529
f 6529 6523 6530
f 7032 7033 7034
f 7033 7035 7034
f 7034 7035 7036
f 7035 7037 7036
f 7036 7037 7038
f 7037 7039 7038
f 7038 7039 7040
f 7039 7041 7040
f 7040 7041 7042
f 7041 7043 7042
f 7042 7043 7044
f 7043 7045 7044
f 7044 7045 7046
f 7045 7047 7046
f 7046 7047 7048
f 7047 7049 7048
f 7048 7049 7050
f 7049 7051 7050
f 7050 7051 6361
f 7051 7052 6361
f 6361 7052 6359
f 7013 7032 7015
f 7032 7034 7015
f 7015 7034 7017
f 7034 7036 7017
f 7017 7036 7019
f 7036 7038 7019
f 7019 7038 7021
f 7038 7040 7021
f 7021 7040 7023
f 7040 7042 7023
f 7023 7042 7025
f 7042 7044 7025
f 7025 7044 7027
f 7044 7046 7027
f 7027 7046 7029
f 7046 7048 7029
f 7029 7048 7031
f 7048 7050 7031
f 7031 7050 6358
f 7050 6361 6358
f 6358 6361 6356
f 6361 6360 6356
f 6356 6360 6520
f 6360 6411 6520
f 6520 6411 6522
f 6990 7012 6992
f 7012 7014 6992
f 6992 7014 6994
f 7014 7016 6994
f 6994 7016 6996
f 7016 7018 6996
f 6996 7018 6998
f 7018 7020 6998
f 6998 7020 7000
f 7020 7022 7000
f 7000 7022 7002
f 7022 7024 7002
f 7002 7024 7004
f 7024 7026 7004
f 7004 7026 7006
f 7026 7028 7006
f 7006 7028 7008
f 7028 7030 7008
f 7008 7030 6355
f 7030 6364 6355
f 6355 6364 6353
f 6364 6363 6353
f 6353 6363 6509
f 6363 6524 6509
f 6509 6524 6511
f 6524 6526 6511
f 6511 6526 6513
f 6526 6528 6513
f 6513 6528 6514
f 6528 6530 6514
f 6514 6530 7010
f 7053 7052 7054
f 7052 7051 7054
f 7054 7051 7055
f 7051 7049 7055
f 7055 7049 7056
f 7049 7047 7056
f 7056 7047 7057
f 7047 7045 7057
f 7057 7045 7058
f 7045 7043 7058
f 7058 7043 7059
f 7043 7041 7059
f 7059 7041 7060
f 7041 7039 7060
f 7060 7039 7061
f 7039 7037 7061
f 7061 7037 7062
f 7037 7035 7062
f 7062 7035 7063
f 7035 7033 7063
f 1687 1686 6370
f 1686 6371 6370
f 6370 6371 6970
f 6371 7064 6970
f 6970 7064 7065
f 7064 7066 7065
f 7065 7066 7067
f 7066 7068 7067
f 7067 7068 7069
f 7068 7070 7069
f 7069 7070 7071
f 7070 7072 7071
f 7071 7072 7073
f 7072 7074 7073
f 7073 7074 7075
f 7074 7076 7075
f 7075 7076 7077
f 7076 7078 7077
f 7077 7078 7079
f 7078 7080 7079
f 7079 7080 7081
f 7080 7082 7081
f 7081 7082 7083
f 7082 7084 7083
f 7083 7084 7085
f 7084 7086 7085
f 7085 7086 7087
f 7086 7088 7087
f 7087 7088 7089
f 7088 7090 7089
f 7089 7090 7091
f 7090 7092 7091
f 7091 7092 7093
f 7093 6803 7091
f 6803 6351 7091
f 7091 6351 7089
f 6351 6350 7089
f 7089 6350 7087
f 6350 7094 7087
f 7087 7094 7085
f 7094 7095 7085
f 7085 7095 7083
f 7095 7096 7083
f 7083 7096 7081
f 7096 7097 7081
f 7081 7097 7079
f 7097 7098 7079
f 7079 7098 7077
f 7098 7099 7077
f 7077 7099 7075
f 7099 7100 7075
f 7075 7100 7073
f 7100 7101 7073
f 7073 7101 7071
f 7101 7102 7071
f 7071 7102 7069
f 7102 7103 7069
f 7069 7103 7067
f 7103 7104 7067
f 7067 7104 7065
f 7104 7105 7065
f 7065 7105 6970
f 7105 7106 6970
f 6970 7106 6969
f 7063 7107 7062
f 7107 7108 7062
f 7062 7108 7061
f 7108 7109 7061
f 7061 7109 7060
f 7109 7110 7060
f 7060 7110 7059
f 7110 7111 7059
f 7059 7111 7058
f 7111 7112 7058
f 7058 7112 7057
f 7112 7113 7057
f 7057 7113 7056
f 7113 7114 7056
f 7056 7114 7055
f 7114 7115 7055
f 7055 7115 7054
f 7115 7116 7054
f 7054 7116 7053
f 7116 7117 7053
f 7053 7117 7118
f 7119 7117 7120
f 7117 7116 7120
f 7120 7116 7121
f 7116 7115 7121
f 7121 7115 7122
f 7115 7114 7122
f 7122 7114 7123
f 7114 7113 7123
f 7123 7113 7124
f 7113 7112 7124
f 7124 7112 7125
f 7112 7111 7125
f 7125 7111 7126
f 7111 7110 7126
f 7126 7110 7127
f 7110 7109 7127
f 7127 7109 7128
f 7109 7108 7128
f 7128 7108 7129
f 7108 7107 7129
f 7129 7130 7128
f 7130 7131 7128
f 7128 7131 7127
f 7131 7132 7127
f 7127 7132 7126
f 7132 7133 7126
f 7126 7133 7125
f 7133 7134 7125
f 7125 7134 7124
f 7134 7135 7124
f 7124 7135 7123
f 7135 7136 7123
f 7123 7136 7122
f 7136 7137 7122
f 7122 7137 7121
f 7137 7138 7121
f 7121 7138 7120
f 7138 7139 7120
f 7120 7139 7119
f 7139 6595 7119
f 7119 6595 7140
f 6595 6594 7140
f 7140 6594 7141
f 6594 6592 7141
f 7141 6592 7142
f 6592 6590 7142
f 7142 6590 6636
f 6590 6589 6636
f 6636 6589 6634
f 4931 4930 6672
f 4930 6426 6672
f 6672 6426 6670
f 6426 6661 6670
f 6670 6661 6668
f 6661 6650 6668
f 6668 6650 6666
f 6650 6640 6666
f 6666 6640 6664
f 6640 6639 6664
f 6664 6639 6662
f 6639 6638 6662
f 6662 6638 6635
f 6638 6637 6635
f 6635 6637 6636
f 6637 6602 6636
f 6636 6602 7142
f 6602 6601 7142
f 7142 6601 7141
f 6601 6599 7141
f 7141 6599 7140
f 6599 6597 7140
f 7140 6597 7119
f 6597 6596 7119
f 7119 6596 7117
f 6596 6407 7117
f 7117 6407 7118
f 6407 6405 7118
f 7118 6405 7143
f 6405 6404 7143
f 7143 6404 7144
f 6404 6608 7144
f 7144 6608 6558
f 6608 6586 6558
f 6558 6586 6556
f 6586 6551 6556
f 6556 6551 6575
f 6551 6546 6575
f 6575 6546 6576
f 6546 6548 6576
f 6576 6548 6577
f 6548 6552 6577
f 6577 6552 6578
f 6552 6641 6578
f 6578 6641 6579
f 6641 6651 6579
f 6579 6651 6580
f 6651 6416 6580
f 6580 6416 6581
f 6416 4938 6581
f 6581 4938 4937
f 7145 7146 7147
f 7146 7148 7147
f 7147 7148 7149
f 7148 7150 7149
f 7149 7150 7151
f 7150 7152 7151
f 7151 7152 7153
f 7152 7154 7153
f 7153 7154 7155
f 7154 7156 7155
f 7155 7156 7157
f 7156 7158 7157
f 7157 7158 7159
f 7158 7160 7159
f 7159 7160 7161
f 7160 7162 7161
f 7161 7162 6611
f 7162 7163 6611
f 6611 7163 6612
f 7164 7163 7165
f 7163 7162 7165
f 7165 7162 7166
f 7162 7160 7166
f 7166 7160 7167
f 7160 7158 7167
f 7167 7158 7168
f 7158 7156 7168
f 7168 7156 7169
f 7156 7154 7169
f 7169 7154 7170
f 7154 7152 7170
f 7170 7152 7171
f 7152 7150 7171
f 7171 7150 7172
f 7150 7148 7172
f 7172 7148 7173
f 7148 7146 7173
f 6621 7174 6623
f 7174 7175 6623
f 6623 7175 6624
f 7175 7164 6624
f 6624 7164 7176
f 7164 7165 7176
f 7176 7165 7177
f 7165 7166 7177
f 7177 7166 7178
f 7166 7167 7178
f 7178 7167 7179
f 7167 7168 7179
f 7179 7168 7180
f 7168 7169 7180
f 7180 7169 7181
f 7169 7170 7181
f 7181 7170 7182
f 7170 7171 7182
f 7182 7171 7183
f 7171 7172 7183
f 7183 7172 7184
f 7172 7173 7184
f 7184 7173 7185
f 7173 7146 7185
f 7185 7146 7186
f 7146 7145 7186
f 7186 7145 7187
f 6616 6614 6618
f 6614 6612 6618
f 6618 6612 6619
f 6612 7163 6619
f 6619 7163 6399
f 7163 7164 6399
f 6399 7164 6398
f 7164 7175 6398
f 6398 7175 6396
f 7175 7174 6396
f 6396 7174 6625
f 7174 6621 6625
f 6625 6621 6680
f 6621 6620 6680
f 6680 6620 6679
f 6620 6836 6679
f 6679 6836 6678
f 6836 6394 6678
f 6678 6394 6676
f 6394 6393 6676
f 6676 6393 6674
f 6393 6686 6674
f 6674 6686 6388
f 6686 6684 6388
f 6388 6684 6389
f 6684 6390 6389
f 6389 6390 6688
f 6390 6392 6688
f 6688 6392 6385
f 6108 4924 6778
f 4924 4925 6778
f 6778 4925 6780
f 4925 4926 6780
f 6780 4926 6782
f 4926 4936 6782
f 6782 4936 6784
f 4936 4935 6784
f 6784 4935 6786
f 4935 4923 6786
f 6786 4923 6788
f 4923 4922 6788
f 6788 4922 6790
f 4922 4921 6790
f 6790 4921 6792
f 4921 4914 6792
f 6792 4914 6794
f 4914 6413 6794
f 6794 6413 6795
f 6413 6751 6795
f 6795 6751 6776
f 6751 6752 6776
f 6776 6752 6777
f 6752 6753 6777
f 6777 6753 6690
f 6753 6754 6690
f 6690 6754 6682
f 6754 6626 6682
f 6682 6626 6681
f 6626 6628 6681
f 6681 6628 6680
f 6628 6630 6680
f 6680 6630 6625
f 6630 6632 6625
f 6625 6632 6615
f 6632 6634 6615
f 6615 6634 6616
f 6634 6589 6616
f 6616 6589 6614
f 6589 6591 6614
f 6614 6591 6613
f 6591 6593 6613
f 6613 6593 6611
f 6593 6595 6611
f 6611 6595 7161
f 6595 7139 7161
f 7161 7139 7159
f 7139 7138 7159
f 7159 7138 7157
f 7138 7137 7157
f 7157 7137 7155
f 7137 7136 7155
f 7155 7136 7153
f 7136 7135 7153
f 7153 7135 7151
f 7135 7134 7151
f 7151 7134 7149
f 7134 7133 7149
f 7149 7133 7147
f 7133 7132 7147
f 7147 7132 7145
f 7132 7131 7145
f 7145 7131 7187
f 7131 7130 7187
f 1636 1637 6559
f 1637 6518 6559
f 6559 6518 6570
f 6518 6988 6570
f 6570 6988 6568
f 6988 7011 6568
f 6568 7011 6566
f 7011 7010 6566
f 6566 7010 6564
f 7010 6530 6564
f 6564 6530 6545
f 6530 6523 6545
f 6545 6523 6409
f 6523 6522 6409
f 6409 6522 6410
f 6522 6411 6410
f 6410 6411 6536
f 6411 6359 6536
f 6536 6359 6537
f 6359 7052 6537
f 6537 7052 6538
f 7052 7053 6538
f 6538 7053 6539
f 7053 7118 6539
f 6539 7118 6541
f 7118 7143 6541
f 6541 7143 6543
f 7143 7144 6543
f 6543 7144 6544
f 7144 6558 6544
f 6544 6558 6531
f 6558 6557 6531
f 6531 6557 6532
f 6557 6408 6532
f 6532 6408 6534
f 6408 6410 6534
f 6534 6410 6536
f 1543 6923 6371
f 6923 6966 6371
f 6371 6966 7064
f 6966 6964 7064
f 7064 6964 7066
f 6964 6962 7066
f 7066 6962 7068
f 6962 6960 7068
f 7068 6960 7070
f 6960 6958 7070
f 7070 6958 7072
f 6958 6956 7072
f 7072 6956 7074
f 6956 6954 7074
f 7074 6954 7076
f 6954 6952 7076
f 7076 6952 7078
f 6952 6950 7078
f 7078 6950 7080
f 6950 6948 7080
f 7080 6948 7082
f 6948 6946 7082
f 7082 6946 7084
f 6946 6944 7084
f 7084 6944 7086
f 6944 6942 7086
f 7086 6942 7088
f 6942 6940 7088
f 7088 6940 7090
f 6940 6938 7090
f 7090 6938 7092
f 6938 6936 7092
f 7092 6936 7093
f 6936 6935 7093
f 7093 6935 6803
f 6935 6806 6803
f 6803 6806 6804
f 6806 6805 6804
f 6804 6805 6824
f 6817 6816 6832
f 6816 7188 6832
f 6832 7188 6830
f 7188 7189 6830
f 6830 7189 6687
f 7189 7190 6687
f 6687 7190 6685
f 7190 7191 6685
f 6685 7191 6683
f 7191 7192 6683
f 6683 7192 6391
f 7192 7193 6391
f 6391 7193 6392
f 7193 7194 6392
f 6392 7194 6385
f 7194 7195 6385
f 6385 7195 6386
f 7195 7196 6386
f 6386 7196 6704
f 7196 7197 6704
f 6704 7197 6702
f 7197 7198 6702
f 6702 7198 6700
f 7198 7199 6700
f 6700 7199 6698
f 7199 7200 6698
f 6698 7200 6696
f 7200 7201 6696
f 6696 7201 6695
f 7201 6158 6695
f 6695 6158 6160
f 6809 6808 6816
f 6808 6909 6816
f 6816 6909 7188
f 6909 6910 7188
f 7188 6910 7189
f 6910 6911 7189
f 7189 6911 7190
f 6911 6912 7190
f 7190 6912 7191
f 6912 6913 7191
f 7191 6913 7192
f 6913 6914 7192
f 7192 6914 7193
f 6914 6915 7193
f 7193 6915 7194
f 6915 6916 7194
f 7194 6916 7195
f 6916 6917 7195
f 7195 6917 7196
f 6917 6918 7196
f 7196 6918 7197
f 6918 6919 7197
f 7197 6919 7198
f 6919 6920 7198
f 7198 6920 7199
f 6920 6921 7199
f 7199 6921 7200
f 6921 6922 7200
f 7200 6922 7201
f 6922 6131 7201
f 7201 6131 6158
f 6447 6446 6454
f 6446 6871 6454
f 6454 6871 6796
f 6871 6373 6796
f 6796 6373 6380
f 6373 6837 6380
f 6380 6837 6378
f 6837 6839 6378
f 6378 6839 6805
f 6839 6807 6805
f 6805 6807 6824
f 6807 6809 6824
f 6824 6809 6825
f 6809 6817 6825
f 6825 6817 6826
f 6817 6833 6826
f 6826 6833 6827
f 6833 6834 6827
f 6827 6834 6828
f 6834 6835 6828
f 6828 6835 6829
f 6835 6836 6829
f 6829 6836 6822
f 6836 6620 6822
f 6822 6620 6823
f 6620 6622 6823
f 6823 6622 6821
f 6622 6624 6821
f 6821 6624 6820
f 6624 7176 6820
f 6820 7176 6818
f 7176 7177 6818
f 6818 7177 6815
f 7177 7178 6815
f 6815 7178 6813
f 7178 7179 6813
f 6813 7179 6812
f 7179 7180 6812
f 6812 7180 6810
f 7180 7181 6810
f 6810 7181 6800
f 7181 7182 6800
f 6800 7182 6801
f 7182 7183 6801
f 6801 7183 6352
f 7183 7184 6352
f 6352 7184 6350
f 7184 7185 6350
f 6350 7185 7094
f 7185 7186 7094
f 7094 7186 7095
f 7186 7187 7095
f 7095 7187 7096
f 7187 7130 7096
f 7096 7130 7097
f 7130 7129 7097
f 7097 7129 7098
f 7129 7107 7098
f 7098 7107 7099
f 7107 7063 7099
f 7099 7063 7100
f 7063 7033 7100
f 7100 7033 7101
f 7033 7032 7101
f 7101 7032 7102
f 7032 7013 7102
f 7102 7013 7103
f 7013 7012 7103
f 7103 7012 7104
f 7012 6990 7104
f 7104 6990 7105
f 6990 6989 7105
f 7105 6989 7106
f 6989 6973 7106
f 7106 6973 6969
f 6973 1684 6969
f 6969 1684 1690
f 6055 6349 6054
f 6349 7202 6054
f 6054 7202 6053
f 7202 7203 6053
f 6053 7203 6059
f 7203 7204 6059
f 6059 7204 6058
f 7204 7205 6058
f 6058 7205 6057
f 7205 7206 6057
f 6057 7206 6056
f 7206 7207 6056
f 6056 7207 6046
f 7207 7208 6046
f 6046 7208 6045
f 7208 7209 6045
f 6045 7209 6042
f 7209 7210 6042
f 6042 7210 6043
f 7210 7211 6043
f 6043 7211 6044
f 7211 7212 6044
f 6044 7212 6049
f 7212 7213 6049
f 6049 7213 6048
f 7213 7214 6048
f 6048 7214 6047
f 7214 7215 6047
f 6047 7215 6052
f 7215 7216 6052
f 6052 7216 6051
f 7216 7217 6051
f 6051 7217 6050
f 7217 7218 6050
f 6050 7218 6063
f 7218 7219 6063
f 6063 7219 6062
f 7219 7220 6062
f 6062 7220 6061
f 7220 7221 6061
f 6061 7221 6060
f 7221 7222 6060
f 6060 7222 6066
f 7222 7223 6066
f 6066 7223 6065
f 7223 7224 6065
f 6065 7224 6064
f 7224 7225 6064
f 6064 7225 6068
f 7225 7226 6068
f 6068 7226 6067
f 7226 7227 6067
f 6067 7227 1399
f 7227 1400 1399
f 6349 4022 7202
f 4022 4021 7202
f 7202 4021 7203
f 4021 4441 7203
f 7203 4441 7204
f 4441 4443 7204
f 7204 4443 7205
f 4443 4440 7205
f 7205 4440 7206
f 4440 4027 7206
f 7206 4027 7207
f 7212 4035 7213
f 4035 4037 7213
f 7213 4037 7214
f 5165 5164 1420
f 1426 5173 1428
f 5173 5175 1428
f 1428 5175 1430
f 1420 5164 1422
f 5164 5167 1422
f 1422 5167 1424
f 5167 5169 1424
f 1424 5169 1426
f 5169 5171 1426
f 1426 5171 5173
f 1440 5186 1442
f 5186 5188 1442
f 1442 5188 1444
f 5188 5190 1444
f 1444 5190 1446
f 5190 5506 1446
f 1446 5506 1448
f 5506 5090 1448
f 1448 5090 1450
f 5090 5089 1450
f 1450 5089 5581
f 4027 4025 7207
f 4025 4024 7207
f 7207 4024 7208
f 4024 4438 7208
f 7208 4438 7209
f 4037 4039 7214
f 4039 4041 7214
f 7214 4041 7215
f 4041 4043 7215
f 7215 4043 7216
f 4043 4045 7216
f 7216 4045 7217
f 4045 4384 7217
f 7217 4384 7218
f 4384 4383 7218
f 7218 4383 7219
f 4383 7220 7219
f 1420 1418 5165
f 1418 1416 5165
f 5165 1416 5340
f 1416 1414 5340
f 5175 5177 1430
f 5177 5179 1430
f 1430 5179 1432
f 5179 5181 1432
f 1432 5181 1434
f 5181 5183 1434
f 1434 5183 1436
f 4438 4030 7209
f 4030 4402 7209
f 7209 4402 7210
f 4402 4401 7210
f 7210 4401 7211
f 4401 4031 7211
f 7211 4031 7212
f 4031 4033 7212
f 7212 4033 4035
f 7222 7221 4047
f 5183 5016 1436
f 5016 5015 1436
f 1436 5015 1438
f 5015 5512 1438
f 1438 5512 1440
f 5512 5184 1440
f 1440 5184 5186
f 4383 4382 7220
f 4382 4381 7220
f 7220 4381 7221
f 4381 4380 7221
f 7221 4380 4047
f 4047 4743 7222
f 4743 4742 7222
f 7222 4742 7223
f 4742 4741 7223
f 7223 4741 7224
f 4741 4052 7224
f 7224 4052 7225
f 4052 4051 7225
f 4051 4057 7225
f 7225 4057 7226
f 1404 5158 1406
f 5158 5159 1406
f 1406 5159 1408
f 5159 5161 1408
f 1408 5161 1410
f 5161 5163 1410
f 5163 5019 1410
f 1410 5019 1412
f 5019 5018 1412
f 5018 5342 1412
f 1412 5342 1414
f 5342 5341 1414
f 1414 5341 5340
f 4060 7227 4222
f 7227 7226 4222
f 4222 7226 4056
f 7226 4057 4056
f 5155 5156 1402
f 5156 5022 1402
f 1402 5022 1404
f 5022 5021 1404
f 1404 5021 5158
f 4062 4573 1400
f 4573 5148 1400
f 5148 5150 1400
f 5150 5152 1400
f 1400 5152 1402
f 5152 5153 1402
f 1402 5153 5155
f 4060 4059 7227
f 4059 4220 7227
f 7227 4220 1400
f 4220 4063 1400
f 1400 4063 4062
f 6126 3797 3792
f 3792 6319 6126
f 6319 6326 6126
f 6126 6326 6208
f 6208 6326 6209
f 6326 6327 6209
f 6209 6327 6211
f 6211 6327 6213
f 6327 6328 6213
f 6213 6328 6215
f 6328 6329 6215
f 6215 6329 6217
f 6329 6330 6217
f 6217 6330 6218
f 6330 6335 6218
f 6218 6335 6166
f 6335 6336 6166
f 6166 6336 6168
f 6336 6337 6168
f 6168 6337 6170
f 6170 6337 6172
f 6337 6338 6172
f 6172 6338 6173
f 6338 6334 6173
f 6173 6334 6175
f 6334 6333 6175
f 6333 6332 6175
f 6175 6332 6177
f 6332 6331 6177
f 6177 6331 6179
f 6331 6323 6179
f 6179 6323 6180
f 6180 6323 6152
f 6323 6322 6152
f 6152 6322 6189
f 6322 6321 6189
f 6189 6321 6190
f 6190 6321 6191
f 6321 6320 6191
f 6191 6320 6154
f 6320 6324 6154
f 6154 6324 6155
f 6324 6325 6155
f 6155 6325 6134
f 6325 6339 6134
f 6134 6339 6136
f 6136 6339 6137
f 6339 6340 6137
f 6137 6340 6113
f 6340 6341 6113
f 6113 6341 6115
f 6341 6342 6115
f 6115 6342 6117
f 6342 6343 6117
f 6343 6344 6117
f 6117 6344 6181
f 6344 6345 6181
f 6181 6345 6182
f 6182 6345 6184
f 6345 6291 6184
f 6184 6291 6192
f 3710 107 94
f 3710 94 7228
f 94 96 7228
f 7228 96 7229
f 96 98 7229
f 7229 98 7230
f 98 92 7230
f 7230 92 7231
f 92 89 7231
f 7231 89 7232
f 89 85 7232
f 7232 85 7233
f 85 57 7233
f 7233 57 7234
f 57 34 7234
f 7234 34 7235
f 34 25 7235
f 7235 25 7236
f 25 24 7236
f 7236 24 7237
f 24 29 7237
f 7237 29 7238
f 29 31 7238
f 7238 31 7239
f 31 33 7239
f 7239 33 7240
f 33 77 7240
f 7240 77 7241
f 77 55 7241
f 7241 55 7242
f 55 53 7242
f 7242 53 7243
f 53 51 7243
f 7243 51 7244
f 51 49 7244
f 7244 49 7245
f 49 72 7245
f 7245 72 7246
f 72 74 7246
f 7246 74 7247
f 7248 7249 7250
f 7251 7252 7253
f 2729 2728 7254
f 2724 2726 7255
f 2722 2720 7256
f 7257 7258 7259
f 7260 7261 7262
f 6125 6210 7263
f 6165 6167 7264
f 7265 7266 7267
f 7267 7266 7268
f 2750 2751 7269
f 2746 2747 7270
f 2743 2745 7271
f 7272 3589 2696
f 7273 7274 7275
f 7276 7277 7278
f 6437 6438 7279
f 6455 7280 7281
f 6489 6487 7282
f 6492 1694 2702
f 3827 7283 7284
f 7285 3798 3797
f 7285 7286 3798
f 7286 7287 3798
f 3798 7287 3799
f 7287 7288 3799
f 3799 7288 3800
f 7288 7289 3800
f 3800 7289 3811
f 7289 7290 3811
f 3811 7290 3812
f 7290 7291 3812
f 3812 7291 3813
f 7291 7292 3813
f 3813 7292 3818
f 7292 7293 3818
f 3818 7293 3819
f 7293 7294 3819
f 3819 7294 3820
f 7294 7295 3820
f 3820 7295 3821
f 7295 7296 3821
f 3821 7296 3822
f 3822 7296 3801
f 7296 7297 3801
f 3801 7297 3802
f 7297 7298 3802
f 3802 7298 3814
f 7298 7299 3814
f 3814 7299 3815
f 3815 7299 3803
f 7299 7300 3803
f 3803 7300 3804
f 7300 7301 3804
f 3804 7301 3823
f 7301 7302 3823
f 3823 7302 3824
f 3824 7302 3825
f 7302 7303 3825
f 3825 7303 3826
f 3827 7284 3805
f 7284 7304 3805
f 3805 7304 3806
f 3806 7304 3807
f 7304 7305 3807
f 3807 7305 3808
f 7305 7306 3808
f 3808 7306 3816
f 7306 7307 3816
f 3816 7307 3817
f 7307 7308 3817
f 3817 7308 3790
f 7308 7309 3790
f 3790 7309 3791
f 3791 7309 3793
f 7309 7310 3793
f 3793 7310 3809
f 7310 7311 3809
f 3809 7311 3810
f 7311 7312 3810
f 3810 7312 3796
f 7312 7269 3796
f 3796 7269 3795
f 7269 2751 3795
f 3795 2751 2752
f 6489 7313 6490
f 7313 7314 6490
f 6490 7314 6466
f 7314 7315 6466
f 6466 7315 6468
f 7315 7316 6468
f 6468 7316 6470
f 7316 7317 6470
f 6470 7317 6472
f 7317 7318 6472
f 6472 7318 6474
f 7318 7319 6474
f 6474 7319 6476
f 7319 7320 6476
f 6476 7320 6478
f 7320 7321 6478
f 6478 7321 6480
f 7321 7322 6480
f 6480 7322 6482
f 7322 6484 6482
f 7323 6459 7324
f 6459 6457 7324
f 7324 6457 7325
f 6457 6485 7325
f 7325 6485 7326
f 6453 6451 7327
f 6451 6449 7327
f 7327 6449 7328
f 6449 6464 7328
f 7328 6464 7329
f 6464 6463 7329
f 7329 6463 7323
f 6463 6461 7323
f 7323 6461 6459
f 7261 6445 6447
f 6445 7261 6443
f 7261 7260 6443
f 6443 7260 6442
f 6434 7330 7331
f 6434 7331 6433
f 7331 7332 6433
f 6433 7332 6431
f 7332 7333 6431
f 6431 7333 6427
f 7333 7334 6427
f 6427 7334 6185
f 2733 2731 7276
f 2731 2730 7276
f 7276 2730 7277
f 2730 2736 7277
f 7277 2736 7278
f 7278 7335 7336
f 7335 7337 7336
f 2736 2698 7278
f 2698 2739 7278
f 7278 2739 7335
f 2739 2738 7335
f 7335 2738 2742
f 7338 7339 7340
f 7339 7341 7340
f 7340 7341 7342
f 7341 7343 7342
f 7342 7343 7344
f 7343 7345 7344
f 7344 7345 7346
f 7347 7338 7348
f 7338 7340 7348
f 7348 7340 7349
f 7340 7342 7349
f 7349 7342 7350
f 7342 7344 7350
f 7350 7344 7351
f 7344 7346 7351
f 7274 7273 7352
f 7273 7353 7352
f 7352 7353 7354
f 7355 7356 7337
f 7356 7357 7337
f 7337 7357 7336
f 7358 7359 7355
f 7359 7360 7355
f 7355 7360 7356
f 7361 7362 7363
f 7362 7364 7363
f 7363 7364 7358
f 7364 7365 7358
f 7358 7365 7359
f 7366 7367 7361
f 7368 7363 7369
f 7363 7358 7369
f 7369 7358 7370
f 7358 7355 7370
f 7370 7355 7371
f 7355 7337 7371
f 7371 7337 7372
f 7337 7335 7372
f 7372 7335 7373
f 7335 2742 7373
f 7373 2742 2741
f 7374 7375 7376
f 7375 7377 7376
f 7376 7377 7378
f 7377 7379 7378
f 7378 7379 7380
f 7381 7374 7382
f 7374 7376 7382
f 7382 7376 7383
f 7376 7378 7383
f 7383 7378 7384
f 7378 7380 7384
f 7384 7380 7385
f 7367 7366 7386
f 7366 7387 7386
f 7386 7387 7388
f 7388 7387 7389
f 7387 7390 7389
f 7389 7390 7391
f 7392 7368 7393
f 7368 7369 7393
f 7393 7369 7394
f 7369 7370 7394
f 7394 7370 7395
f 7370 7371 7395
f 7395 7371 7396
f 7371 7372 7396
f 7396 7372 7397
f 7372 7373 7397
f 7397 7373 7272
f 7373 2741 7272
f 7272 2741 3589
f 7398 7392 7399
f 7392 7393 7399
f 7399 7393 7400
f 7393 7394 7400
f 7400 7394 7401
f 7394 7395 7401
f 7401 7395 7402
f 7395 7396 7402
f 7402 7396 7403
f 7396 7397 7403
f 7403 7397 7404
f 7397 7272 7404
f 7404 7272 7405
f 7272 2696 7405
f 7391 7390 7406
f 7390 7407 7406
f 7406 7407 7408
f 7408 7407 7409
f 7407 7410 7409
f 7409 7410 7411
f 7411 7410 7412
f 7410 7413 7412
f 7412 7413 7414
f 7414 7413 7415
f 7413 7416 7415
f 7415 7416 7417
f 7418 7398 7419
f 7398 7399 7419
f 7419 7399 7420
f 7399 7400 7420
f 7420 7400 7421
f 7400 7401 7421
f 7421 7401 7422
f 7401 7402 7422
f 7422 7402 7423
f 7402 7403 7423
f 7423 7403 7424
f 7403 7404 7424
f 7424 7404 7425
f 7404 7405 7425
f 7425 7405 7426
f 7405 2696 7426
f 7426 2696 2695
f 7427 7418 7428
f 7418 7419 7428
f 7428 7419 7429
f 7419 7420 7429
f 7429 7420 7430
f 7420 7421 7430
f 7430 7421 7431
f 7421 7422 7431
f 7431 7422 7432
f 7422 7423 7432
f 7432 7423 7433
f 7423 7424 7433
f 7433 7424 7434
f 7424 7425 7434
f 7434 7425 7435
f 7425 7426 7435
f 7435 7426 7436
f 7426 2695 7436
f 7437 7265 7438
f 7265 7267 7438
f 7438 7267 7439
f 7267 7268 7439
f 7439 7268 7440
f 7417 7416 7441
f 7416 7442 7441
f 7441 7442 7443
f 7442 7444 7443
f 7443 7444 7440
f 7444 7445 7440
f 7440 7445 7439
f 7445 7446 7439
f 7446 7447 7439
f 7439 7447 7438
f 7447 7448 7438
f 7438 7448 7437
f 7449 7450 7451
f 7450 7452 7451
f 7451 7452 7453
f 7452 7454 7453
f 7453 7454 7455
f 7454 7456 7455
f 7455 7456 7457
f 7456 7458 7457
f 7457 7458 7459
f 7458 7460 7459
f 7459 7460 7461
f 7460 7462 7461
f 7461 7462 7463
f 7462 7464 7463
f 7463 7464 7465
f 7464 7466 7465
f 7465 7466 7467
f 7450 7468 7452
f 7468 7469 7452
f 7452 7469 7454
f 7469 7470 7454
f 7454 7470 7456
f 7470 7471 7456
f 7456 7471 7458
f 7471 7472 7458
f 7458 7472 7460
f 7472 7473 7460
f 7460 7473 7462
f 7473 7474 7462
f 7462 7474 7464
f 7474 7475 7464
f 7464 7475 7466
f 7366 7449 7387
f 7449 7451 7387
f 7387 7451 7390
f 7451 7453 7390
f 7390 7453 7407
f 7453 7455 7407
f 7407 7455 7410
f 7455 7457 7410
f 7410 7457 7413
f 7457 7459 7413
f 7413 7459 7416
f 7459 7461 7416
f 7416 7461 7442
f 7461 7463 7442
f 7442 7463 7444
f 7463 7465 7444
f 7444 7465 7445
f 7465 7467 7445
f 7445 7467 7446
f 2747 2750 7270
f 2750 7269 7270
f 7270 7269 7476
f 7269 7312 7476
f 7476 7312 7477
f 7312 7311 7477
f 7477 7311 7478
f 7311 7310 7478
f 7478 7310 7479
f 7310 7309 7479
f 7479 7309 7480
f 7309 7308 7480
f 7480 7308 7481
f 7308 7307 7481
f 7481 7307 7482
f 7307 7306 7482
f 7482 7306 7483
f 7306 7305 7483
f 7483 7305 7484
f 7305 7304 7484
f 7484 7304 7485
f 7304 7284 7485
f 7485 7284 7486
f 7284 7283 7486
f 7486 7283 7487
f 2695 2743 7436
f 2743 7271 7436
f 7436 7271 7435
f 7271 7488 7435
f 7435 7488 7434
f 7488 7489 7434
f 7434 7489 7433
f 7489 7490 7433
f 7433 7490 7432
f 7490 7491 7432
f 7432 7491 7431
f 7491 7492 7431
f 7431 7492 7430
f 7492 7493 7430
f 7430 7493 7429
f 7493 7494 7429
f 7429 7494 7428
f 7494 7495 7428
f 7428 7495 7427
f 7495 7496 7427
f 7427 7496 7497
f 7496 7498 7497
f 7497 7498 7499
f 7498 7500 7499
f 7499 7500 7501
f 7500 7502 7501
f 7501 7502 7503
f 7502 7504 7503
f 7503 7504 7505
f 2745 2746 7271
f 2746 7270 7271
f 7271 7270 7488
f 7270 7476 7488
f 7488 7476 7489
f 7476 7477 7489
f 7489 7477 7490
f 7477 7478 7490
f 7490 7478 7491
f 7478 7479 7491
f 7491 7479 7492
f 7479 7480 7492
f 7492 7480 7493
f 7480 7481 7493
f 7493 7481 7494
f 7481 7482 7494
f 7494 7482 7495
f 7482 7483 7495
f 7495 7483 7496
f 7483 7484 7496
f 7496 7484 7498
f 7484 7485 7498
f 7498 7485 7500
f 7485 7486 7500
f 7500 7486 7502
f 7486 7487 7502
f 7502 7487 7504
f 7361 7363 7366
f 7363 7368 7366
f 7366 7368 7449
f 7368 7392 7449
f 7449 7392 7450
f 7392 7398 7450
f 7450 7398 7468
f 7398 7418 7468
f 7468 7418 7469
f 7418 7427 7469
f 7469 7427 7470
f 7427 7497 7470
f 7470 7497 7471
f 7497 7499 7471
f 7471 7499 7472
f 7499 7501 7472
f 7472 7501 7473
f 7501 7503 7473
f 7473 7503 7474
f 7503 7505 7474
f 7474 7505 7475
f 7506 7507 7508
f 7507 7509 7508
f 7508 7509 7510
f 7511 7512 7513
f 7512 7514 7513
f 7513 7514 7506
f 7514 7515 7506
f 7506 7515 7507
f 7516 7517 7518
f 7519 7511 7520
f 7511 7513 7520
f 7520 7513 7516
f 7513 7506 7516
f 7516 7506 7517
f 7506 7508 7517
f 7521 7522 7523
f 7524 7525 7526
f 7525 7521 7526
f 7526 7521 7527
f 7521 7523 7527
f 7527 7523 7528
f 7529 7519 7530
f 7519 7520 7530
f 7530 7520 7531
f 7520 7516 7531
f 7531 7516 7532
f 7516 7518 7532
f 7532 7518 7533
f 7534 7524 7535
f 7524 7526 7535
f 7535 7526 7536
f 7526 7527 7536
f 7536 7527 7537
f 7527 7528 7537
f 7538 7529 7539
f 7529 7530 7539
f 7539 7530 7540
f 7530 7531 7540
f 7540 7531 7541
f 7531 7532 7541
f 7541 7532 7542
f 7532 7533 7542
f 7543 7544 7545
f 7544 7546 7545
f 7545 7546 7547
f 7546 7548 7547
f 7547 7548 7549
f 7548 7550 7549
f 7549 7550 7551
f 7550 7552 7551
f 7551 7552 7553
f 7552 7554 7553
f 7553 7554 7534
f 7554 7555 7534
f 7534 7555 7524
f 7555 7556 7524
f 7524 7556 7525
f 6216 6165 7557
f 6165 7264 7557
f 7557 7264 7558
f 7264 7559 7558
f 7558 7559 7560
f 7559 7561 7560
f 7560 7561 7562
f 7561 7563 7562
f 7562 7563 7564
f 7563 7565 7564
f 7564 7565 7566
f 7565 7567 7566
f 7566 7567 7568
f 7567 7569 7568
f 7568 7569 7570
f 7569 7571 7570
f 7570 7571 7572
f 7571 7573 7572
f 7572 7573 7574
f 7573 7538 7574
f 7574 7538 7575
f 7538 7539 7575
f 7575 7539 7576
f 7539 7540 7576
f 7576 7540 7577
f 7540 7541 7577
f 7577 7541 7578
f 7541 7542 7578
f 7578 7542 7579
f 7542 7533 7579
f 6167 6169 7264
f 6169 7543 7264
f 7264 7543 7559
f 7543 7545 7559
f 7559 7545 7561
f 7545 7547 7561
f 7561 7547 7563
f 7547 7549 7563
f 7563 7549 7565
f 7549 7551 7565
f 7565 7551 7567
f 7551 7553 7567
f 7567 7553 7569
f 7553 7534 7569
f 7569 7534 7571
f 7534 7535 7571
f 7571 7535 7573
f 7535 7536 7573
f 7573 7536 7538
f 7536 7537 7538
f 7538 7537 7529
f 7537 7528 7529
f 7529 7528 7519
f 7528 7523 7519
f 7519 7523 7511
f 7523 7522 7511
f 7511 7522 7512
f 6212 6214 7580
f 6214 7581 7580
f 7580 7581 7582
f 7581 7583 7582
f 7582 7583 7584
f 7583 7585 7584
f 7584 7585 7586
f 7585 7587 7586
f 7586 7587 7588
f 7587 7589 7588
f 7588 7589 7590
f 7589 7591 7590
f 7590 7591 7592
f 7591 7593 7592
f 7592 7593 7594
f 7593 7595 7594
f 7594 7595 7596
f 7595 7597 7596
f 7596 7597 7598
f 7597 7599 7598
f 7598 7599 7600
f 7599 7601 7600
f 7600 7601 7602
f 7601 7603 7602
f 7602 7603 7604
f 7603 7605 7604
f 7604 7605 7606
f 7605 7607 7606
f 7606 7607 7608
f 7607 7609 7608
f 7608 7609 7610
f 7609 7611 7610
f 7610 7611 7612
f 3797 6125 7285
f 6125 7263 7285
f 7285 7263 7286
f 7263 7613 7286
f 7286 7613 7287
f 7613 7614 7287
f 7287 7614 7288
f 7614 7615 7288
f 7288 7615 7289
f 7615 7616 7289
f 7289 7616 7290
f 7616 7617 7290
f 7290 7617 7291
f 7617 7618 7291
f 7291 7618 7292
f 7618 7619 7292
f 7292 7619 7293
f 7619 7620 7293
f 7293 7620 7294
f 7620 7621 7294
f 7294 7621 7295
f 7621 7622 7295
f 7295 7622 7296
f 7622 7623 7296
f 7296 7623 7297
f 7623 7624 7297
f 7297 7624 7298
f 7624 7625 7298
f 7298 7625 7299
f 7625 7626 7299
f 7299 7626 7300
f 7626 7627 7300
f 7300 7627 7301
f 7627 7628 7301
f 7301 7628 7302
f 7628 7629 7302
f 7302 7629 7303
f 6210 6212 7263
f 6212 7580 7263
f 7263 7580 7613
f 7580 7582 7613
f 7613 7582 7614
f 7582 7584 7614
f 7614 7584 7615
f 7584 7586 7615
f 7615 7586 7616
f 7586 7588 7616
f 7616 7588 7617
f 7588 7590 7617
f 7617 7590 7618
f 7590 7592 7618
f 7618 7592 7619
f 7592 7594 7619
f 7619 7594 7620
f 7594 7596 7620
f 7620 7596 7621
f 7596 7598 7621
f 7621 7598 7622
f 7598 7600 7622
f 7622 7600 7623
f 7600 7602 7623
f 7623 7602 7624
f 7602 7604 7624
f 7624 7604 7625
f 7604 7606 7625
f 7625 7606 7626
f 7606 7608 7626
f 7626 7608 7627
f 7608 7610 7627
f 7627 7610 7628
f 7610 7612 7628
f 7628 7612 7629
f 6214 6216 7581
f 6216 7557 7581
f 7581 7557 7583
f 7557 7558 7583
f 7583 7558 7585
f 7558 7560 7585
f 7585 7560 7587
f 7560 7562 7587
f 7587 7562 7589
f 7562 7564 7589
f 7589 7564 7591
f 7564 7566 7591
f 7591 7566 7593
f 7566 7568 7593
f 7593 7568 7595
f 7568 7570 7595
f 7595 7570 7597
f 7570 7572 7597
f 7597 7572 7599
f 7572 7574 7599
f 7599 7574 7601
f 7574 7575 7601
f 7601 7575 7603
f 7575 7576 7603
f 7603 7576 7605
f 7576 7577 7605
f 7605 7577 7607
f 7577 7578 7607
f 7607 7578 7609
f 7578 7579 7609
f 7609 7579 7611
f 7630 7281 7631
f 7281 7280 7631
f 7631 7280 7632
f 7633 7262 7630
f 7262 7261 7630
f 7630 7261 7281
f 7261 6447 7281
f 7281 6447 6455
f 7633 7630 7634
f 7630 7631 7634
f 7634 7631 7635
f 7631 7632 7635
f 7635 7632 7636
f 7637 7638 7639
f 7638 7640 7639
f 7639 7640 7641
f 7640 7642 7641
f 7643 7637 7644
f 7637 7639 7644
f 7644 7639 7645
f 7639 7641 7645
f 7645 7641 7646
f 7641 7642 7646
f 7646 7642 7647
f 7648 7649 7650
f 7649 7651 7650
f 7650 7651 7652
f 7651 7653 7652
f 7652 7653 7279
f 7653 7654 7279
f 7279 7654 6437
f 7654 6855 6437
f 7649 7655 7651
f 7655 7656 7651
f 7651 7656 7653
f 7656 7657 7653
f 7653 7657 7654
f 7657 7330 7654
f 7654 7330 6855
f 7330 6434 6855
f 7658 7659 7660
f 7659 7661 7660
f 7660 7661 7662
f 7661 7663 7662
f 7662 7663 7664
f 7663 7665 7664
f 7664 7665 7666
f 7665 7667 7666
f 7659 7257 7661
f 7257 7259 7661
f 7661 7259 7663
f 7259 7668 7663
f 7663 7668 7665
f 7668 7669 7665
f 7665 7669 7667
f 7669 7670 7667
f 7258 7671 7672
f 7258 7672 7259
f 7672 7673 7259
f 7259 7673 7668
f 7673 7674 7668
f 7668 7674 7669
f 7674 7675 7669
f 7669 7675 7670
f 7675 6119 7670
f 7670 6119 6183
f 7638 7676 7640
f 7676 7677 7640
f 7640 7677 7642
f 7677 7678 7642
f 7642 7678 7647
f 7678 7679 7647
f 7647 7679 7680
f 7679 7681 7680
f 7680 7681 7682
f 7681 7683 7682
f 7682 7683 7684
f 7683 7685 7684
f 7684 7685 7686
f 7685 7687 7686
f 7686 7687 7688
f 7687 7689 7688
f 7688 7689 7658
f 7689 7690 7658
f 7658 7690 7659
f 7690 7691 7659
f 7659 7691 7257
f 7691 7692 7257
f 7257 7692 7258
f 7692 7693 7258
f 7258 7693 7671
f 7676 7694 7677
f 7694 7695 7677
f 7677 7695 7678
f 7695 7696 7678
f 7678 7696 7679
f 7696 7697 7679
f 7679 7697 7681
f 7697 7698 7681
f 7681 7698 7683
f 7698 7699 7683
f 7683 7699 7685
f 7699 7700 7685
f 7685 7700 7687
f 7700 7701 7687
f 7687 7701 7689
f 7701 7702 7689
f 7689 7702 7690
f 7702 7703 7690
f 7690 7703 7691
f 7703 7704 7691
f 7691 7704 7692
f 7704 7705 7692
f 7692 7705 7693
f 7694 7706 7695
f 7706 7707 7695
f 7695 7707 7696
f 7707 7708 7696
f 7696 7708 7697
f 7708 7709 7697
f 7697 7709 7698
f 7709 7710 7698
f 7698 7710 7699
f 7710 7711 7699
f 7699 7711 7700
f 7711 7712 7700
f 7700 7712 7701
f 7712 7713 7701
f 7701 7713 7702
f 7713 7714 7702
f 7702 7714 7703
f 7714 7715 7703
f 7703 7715 7704
f 7715 7716 7704
f 7704 7716 7705
f 7717 7718 7719
f 7718 7720 7719
f 7719 7720 7721
f 7720 7722 7721
f 7721 7722 7723
f 7722 7724 7723
f 7723 7724 7725
f 7724 7726 7725
f 7725 7726 7727
f 7726 7728 7727
f 7727 7728 7729
f 7718 6151 7720
f 6151 6150 7720
f 7720 6150 7722
f 6150 6153 7722
f 7722 6153 7724
f 6153 6133 7724
f 6133 6135 7724
f 7724 6135 7726
f 6135 6112 7726
f 7726 6112 7728
f 6112 6114 7728
f 7728 6114 7729
f 6114 6116 7729
f 7729 6116 6118
f 7716 7717 7705
f 7717 7719 7705
f 7705 7719 7693
f 7719 7721 7693
f 7693 7721 7671
f 7721 7723 7671
f 7671 7723 7672
f 7723 7725 7672
f 7672 7725 7673
f 7725 7727 7673
f 7673 7727 7674
f 7727 7729 7674
f 7674 7729 7675
f 7729 6118 7675
f 7675 6118 6119
f 6486 6492 7730
f 6492 2702 7730
f 7730 2702 7731
f 2702 2704 7731
f 6485 6484 7326
f 6484 7322 7326
f 7326 7322 7732
f 7322 7321 7732
f 7732 7321 7733
f 7321 7320 7733
f 7733 7320 7734
f 7320 7319 7734
f 7734 7319 7735
f 7319 7318 7735
f 7735 7318 7736
f 7318 7317 7736
f 7736 7317 7737
f 7317 7316 7737
f 7737 7316 7738
f 7316 7315 7738
f 7738 7315 7739
f 7315 7314 7739
f 7739 7314 7740
f 7314 7313 7740
f 7741 7742 7743
f 7742 7744 7743
f 7743 7744 7745
f 7744 7746 7745
f 7745 7746 7747
f 7746 7748 7747
f 7747 7748 7749
f 7748 7750 7749
f 7749 7750 7751
f 7750 7752 7751
f 7751 7752 7753
f 7752 7754 7753
f 7753 7754 7755
f 7754 7756 7755
f 7755 7756 7757
f 7756 7758 7757
f 7757 7758 7759
f 7758 7760 7759
f 7759 7760 7761
f 7760 7762 7761
f 7761 7762 7763
f 7762 7764 7763
f 7763 7764 7765
f 7764 7766 7765
f 7765 7766 7767
f 7766 7768 7767
f 7740 7741 7739
f 7741 7743 7739
f 7739 7743 7738
f 7743 7745 7738
f 7738 7745 7737
f 7745 7747 7737
f 7737 7747 7736
f 7747 7749 7736
f 7736 7749 7735
f 7749 7751 7735
f 7735 7751 7734
f 7751 7753 7734
f 7734 7753 7733
f 7753 7755 7733
f 7733 7755 7732
f 7755 7757 7732
f 7732 7757 7326
f 7757 7759 7326
f 7326 7759 7325
f 7759 7761 7325
f 7325 7761 7324
f 7761 7763 7324
f 7324 7763 7323
f 7763 7765 7323
f 7323 7765 7329
f 7765 7767 7329
f 7329 7767 7328
f 7767 7768 7328
f 7328 7768 7327
f 2710 2708 7769
f 2708 2706 7769
f 7769 2706 7770
f 2717 7771 2718
f 7771 7770 2718
f 2718 7770 2705
f 7770 2706 2705
f 2712 2723 7772
f 3264 7252 3265
f 7252 7251 3265
f 3265 7251 3266
f 7773 3263 2735
f 7774 7253 7775
f 7253 7252 7775
f 7775 7252 7773
f 7252 3264 7773
f 7773 3264 3263
f 7776 7777 7778
f 7777 7779 7778
f 7778 7779 7780
f 7779 7781 7780
f 3486 2729 7782
f 2729 7254 7782
f 7782 7254 7783
f 7254 7784 7783
f 7783 7784 7785
f 7784 7786 7785
f 7785 7786 7787
f 7786 7781 7787
f 7787 7781 7788
f 7781 7779 7788
f 7788 7779 7789
f 7779 7777 7789
f 2719 2724 7790
f 2724 7255 7790
f 7790 7255 7791
f 7255 7792 7791
f 7791 7792 7793
f 7792 7794 7793
f 7793 7794 7795
f 7794 7796 7795
f 7795 7796 7797
f 7796 7798 7797
f 7797 7798 7799
f 7798 7800 7799
f 7799 7800 7801
f 7776 7802 7777
f 7802 7803 7777
f 7777 7803 7789
f 7803 7804 7789
f 7789 7804 7788
f 2726 3486 7255
f 3486 7782 7255
f 7255 7782 7792
f 7782 7783 7792
f 7792 7783 7794
f 7783 7785 7794
f 7794 7785 7796
f 7785 7787 7796
f 7796 7787 7798
f 7787 7788 7798
f 7798 7788 7800
f 7788 7804 7800
f 7775 7275 7774
f 7275 7274 7774
f 7774 7274 7805
f 7274 7352 7805
f 7805 7352 7806
f 7352 7354 7806
f 7806 7354 7807
f 2728 3266 7254
f 3266 7251 7254
f 7254 7251 7784
f 7251 7253 7784
f 7784 7253 7786
f 7253 7774 7786
f 7786 7774 7781
f 7774 7805 7781
f 7781 7805 7780
f 7805 7806 7780
f 7780 7806 7778
f 7806 7807 7778
f 7778 7807 7776
f 7808 7809 7810
f 7809 7811 7810
f 7810 7811 7812
f 7811 7813 7812
f 7812 7813 7814
f 7813 7815 7814
f 7814 7815 7816
f 7815 7817 7816
f 7816 7817 7818
f 7817 7819 7818
f 7818 7819 7820
f 7819 7821 7820
f 7820 7821 7822
f 7821 7823 7822
f 7822 7823 7824
f 7823 7825 7824
f 7824 7825 7826
f 7825 7827 7826
f 7826 7827 7828
f 7809 7829 7811
f 7829 7830 7811
f 7811 7830 7813
f 7830 7831 7813
f 7813 7831 7815
f 7831 7832 7815
f 7815 7832 7817
f 7832 7833 7817
f 7817 7833 7819
f 7833 7834 7819
f 7819 7834 7821
f 7834 7835 7821
f 7821 7835 7823
f 7835 7836 7823
f 7823 7836 7825
f 7836 7837 7825
f 7825 7837 7827
f 7838 7839 7840
f 7839 7841 7840
f 7840 7841 7842
f 7841 7843 7842
f 7842 7843 7844
f 7843 7845 7844
f 7844 7845 7846
f 7845 7847 7846
f 7846 7847 7848
f 7847 7849 7848
f 7848 7849 7850
f 7849 7851 7850
f 7850 7851 7248
f 7851 7852 7248
f 7248 7852 7249
f 7852 7853 7249
f 7249 7853 7250
f 7853 7854 7250
f 7855 7838 7856
f 7838 7840 7856
f 7856 7840 7857
f 7840 7842 7857
f 7857 7842 7858
f 7842 7844 7858
f 7858 7844 7859
f 7844 7846 7859
f 7859 7846 7860
f 7846 7848 7860
f 7860 7848 7861
f 7848 7850 7861
f 7861 7850 7862
f 7850 7248 7862
f 7862 7248 7863
f 7248 7250 7863
f 7863 7250 7864
f 7250 7854 7864
f 7864 7854 7865
f 7854 7866 7865
f 7865 7866 7867
f 7866 7868 7867
f 7867 7868 7869
f 7868 7870 7869
f 7869 7870 7871
f 7870 7872 7871
f 7871 7872 7873
f 7872 7648 7873
f 7873 7648 7874
f 7648 7650 7874
f 7874 7650 7875
f 7650 7652 7875
f 7875 7652 7876
f 7652 7279 7876
f 7876 7279 6440
f 7279 6438 6440
f 7829 7855 7830
f 7855 7856 7830
f 7830 7856 7831
f 7856 7857 7831
f 7831 7857 7832
f 7857 7858 7832
f 7832 7858 7833
f 7858 7859 7833
f 7833 7859 7834
f 7859 7860 7834
f 7834 7860 7835
f 7860 7861 7835
f 7835 7861 7836
f 7861 7862 7836
f 7836 7862 7837
f 7862 7863 7837
f 7837 7863 7827
f 7863 7864 7827
f 7827 7864 7828
f 7864 7865 7828
f 7828 7865 7877
f 7865 7867 7877
f 7877 7867 7636
f 7867 7869 7636
f 7636 7869 7635
f 7869 7871 7635
f 7635 7871 7634
f 7871 7873 7634
f 7634 7873 7633
f 7873 7874 7633
f 7633 7874 7262
f 7874 7875 7262
f 7262 7875 7260
f 7875 7876 7260
f 7260 7876 6442
f 7876 6440 6442
f 2723 2722 7772
f 2722 7256 7772
f 7772 7256 7878
f 7256 7879 7878
f 7878 7879 7880
f 7879 7881 7880
f 7880 7881 7882
f 7881 7883 7882
f 7882 7883 7884
f 7883 7885 7884
f 7884 7885 7886
f 7885 7887 7886
f 7886 7887 7888
f 7887 7889 7888
f 7888 7889 7890
f 7889 7891 7890
f 7890 7891 7892
f 7891 7893 7894
f 2715 2713 7895
f 2713 7896 7895
f 7895 7896 7897
f 7896 7898 7897
f 7897 7898 7899
f 7898 7900 7899
f 7899 7900 7901
f 7900 7902 7901
f 7901 7902 7903
f 7902 7904 7903
f 7903 7904 7905
f 7904 7906 7905
f 7905 7906 7907
f 7906 7908 7907
f 7907 7908 7909
f 7908 7910 7909
f 7909 7910 7911
f 7910 7912 7911
f 7911 7912 7913
f 7912 7914 7913
f 7913 7914 7915
f 7891 7894 7892
f 7894 7916 7892
f 7892 7916 7917
f 2713 2712 7896
f 2712 7772 7896
f 7896 7772 7898
f 7772 7878 7898
f 7898 7878 7900
f 7878 7880 7900
f 7900 7880 7902
f 7880 7882 7902
f 7902 7882 7904
f 7882 7884 7904
f 7904 7884 7906
f 7884 7886 7906
f 7906 7886 7908
f 7886 7888 7908
f 7908 7888 7910
f 7888 7890 7910
f 7910 7890 7912
f 7890 7892 7912
f 7912 7892 7914
f 7892 7917 7914
f 7918 7919 7920
f 7919 7921 7920
f 7920 7921 7922
f 7921 7923 7922
f 7922 7923 7924
f 7923 7925 7924
f 7924 7925 7926
f 7925 7927 7926
f 7926 7927 7928
f 7927 7929 7928
f 7928 7929 7930
f 7929 7931 7930
f 7932 7933 7934
f 7933 7935 7934
f 7934 7935 7936
f 7935 7937 7936
f 7936 7937 7938
f 7937 7939 7938
f 7938 7939 7940
f 7939 7941 7940
f 7919 7932 7921
f 7932 7934 7921
f 7921 7934 7923
f 7934 7936 7923
f 7923 7936 7925
f 7936 7938 7925
f 7925 7938 7927
f 7938 7940 7927
f 7927 7940 7929
f 7940 7941 7929
f 7929 7941 7931
f 7941 7942 7931
f 7931 7942 7943
f 2711 2710 7944
f 2710 7769 7944
f 7944 7769 7945
f 7769 7770 7945
f 7945 7770 7946
f 7770 7771 7946
f 7946 7771 7947
f 7771 7948 7947
f 7947 7948 7949
f 7948 7950 7949
f 7949 7950 7951
f 7950 7952 7951
f 7951 7952 7953
f 7952 7954 7953
f 7953 7954 7955
f 7954 7956 7955
f 7955 7956 7957
f 7956 7958 7957
f 7957 7958 7959
f 7958 7960 7959
f 7959 7960 7961
f 7960 7962 7961
f 7961 7962 7963
f 7962 7964 7963
f 7963 7964 7965
f 7964 7966 7965
f 7965 7966 7967
f 7966 7968 7967
f 7967 7968 7969
f 7968 7970 7971
f 7972 7973 7974
f 7973 7975 7974
f 7974 7975 7976
f 7975 7977 7976
f 7282 7978 7979
f 7978 7980 7979
f 7979 7980 7981
f 7980 7982 7981
f 7981 7982 7983
f 7982 7984 7983
f 7983 7984 7985
f 7984 7986 7985
f 7985 7986 7987
f 7986 7988 7987
f 7987 7988 7989
f 7988 7990 7989
f 7989 7990 7991
f 7990 7992 7991
f 7991 7992 7993
f 7992 7994 7993
f 7993 7994 7995
f 7994 7996 7995
f 7995 7996 7997
f 7996 7998 7997
f 7997 7998 7999
f 7998 8000 7999
f 7999 8000 8001
f 8000 8002 8001
f 8001 8002 8003
f 8002 8004 8003
f 8003 8004 8005
f 8004 8006 8005
f 8005 8006 8007
f 8006 8008 8007
f 8007 8008 8009
f 8008 8010 8009
f 8009 8010 8011
f 8012 8013 8014
f 6487 6486 7282
f 6486 7730 7282
f 7282 7730 7978
f 7730 7731 7978
f 7978 7731 7980
f 7731 8015 7980
f 7980 8015 7982
f 8015 8016 7982
f 7982 8016 7984
f 8016 8017 7984
f 7984 8017 7986
f 8017 8018 7986
f 7986 8018 7988
f 8018 8019 7988
f 7988 8019 7990
f 8019 8020 7990
f 7990 8020 7992
f 8020 8021 7992
f 7992 8021 7994
f 8021 8022 7994
f 7994 8022 7996
f 8022 8023 7996
f 7996 8023 7998
f 8023 8024 7998
f 7998 8024 8000
f 8024 8025 8000
f 8000 8025 8002
f 8025 8026 8002
f 8002 8026 8004
f 8026 8027 8004
f 8004 8027 8006
f 8027 8028 8006
f 8006 8028 8008
f 8028 8012 8008
f 8008 8012 8010
f 8012 8014 8010
f 7666 8029 7664
f 8029 8030 7664
f 7664 8030 7662
f 8030 8031 7662
f 7662 8031 7660
f 8031 8032 7660
f 7660 8032 7658
f 8032 8033 7658
f 7658 8033 7688
f 8033 8034 7688
f 7688 8034 7686
f 8034 8035 7686
f 7686 8035 7684
f 8035 8036 7684
f 7684 8036 7682
f 8036 8037 7682
f 7682 8037 7680
f 8037 8038 7680
f 7680 8038 7647
f 8038 8039 7647
f 7647 8039 7646
f 8039 8040 7646
f 7646 8040 7645
f 8040 8041 7645
f 7645 8041 7644
f 8041 7977 7644
f 7644 7977 7643
f 7977 7975 7643
f 7643 7975 8042
f 7975 7973 8042
f 7968 7971 7969
f 7971 8043 7969
f 7969 8043 8044
f 2704 2711 7731
f 2711 7944 7731
f 7731 7944 8015
f 7944 7945 8015
f 8015 7945 8016
f 7945 7946 8016
f 8016 7946 8017
f 7946 7947 8017
f 8017 7947 8018
f 7947 7949 8018
f 8018 7949 8019
f 7949 7951 8019
f 8019 7951 8020
f 7951 7953 8020
f 8020 7953 8021
f 7953 7955 8021
f 8021 7955 8022
f 7955 7957 8022
f 8022 7957 8023
f 7957 7959 8023
f 8023 7959 8024
f 7959 7961 8024
f 8024 7961 8025
f 7961 7963 8025
f 8025 7963 8026
f 7963 7965 8026
f 8026 7965 8027
f 7965 7967 8027
f 8027 7967 8028
f 7967 7969 8028
f 8028 7969 8012
f 7969 8044 8012
f 8012 8044 8013
f 8039 7943 8040
f 7943 7942 8040
f 8040 7942 8041
f 7942 7941 8041
f 8041 7941 7977
f 7941 7939 7977
f 7977 7939 7976
f 7939 7937 7976
f 7976 7937 7974
f 7937 7935 7974
f 7974 7935 7972
f 7935 7933 7972
f 7917 8045 7914
f 8045 8046 7914
f 7914 8046 7915
f 8046 8047 7915
f 7915 8047 8048
f 2717 2715 7771
f 2715 7895 7771
f 7771 7895 7948
f 7895 7897 7948
f 7948 7897 7950
f 7897 7899 7950
f 7950 7899 7952
f 7899 7901 7952
f 7952 7901 7954
f 7901 7903 7954
f 7954 7903 7956
f 7903 7905 7956
f 7956 7905 7958
f 7905 7907 7958
f 7958 7907 7960
f 7907 7909 7960
f 7960 7909 7962
f 7909 7911 7962
f 7962 7911 7964
f 7911 7913 7964
f 7964 7913 7966
f 7913 7915 7966
f 7966 7915 7968
f 7915 8048 7968
f 7968 8048 7970
f 7839 7918 7841
f 7918 7920 7841
f 7841 7920 7843
f 7920 7922 7843
f 7843 7922 7845
f 7922 7924 7845
f 7845 7924 7847
f 7924 7926 7847
f 7847 7926 7849
f 7926 7928 7849
f 7849 7928 7851
f 7928 7930 7851
f 7851 7930 7852
f 7930 7931 7852
f 7852 7931 7853
f 7931 7943 7853
f 7853 7943 7854
f 7943 8039 7854
f 7854 8039 7866
f 8039 8038 7866
f 7866 8038 7868
f 8038 8037 7868
f 7868 8037 7870
f 8037 8036 7870
f 7870 8036 7872
f 8036 8035 7872
f 7872 8035 7648
f 8035 8034 7648
f 7648 8034 7649
f 8034 8033 7649
f 7649 8033 7655
f 8033 8032 7655
f 7655 8032 7656
f 8032 8031 7656
f 7656 8031 7657
f 8031 8030 7657
f 7657 8030 7330
f 8030 8029 7330
f 7330 8029 7331
f 8029 7666 7331
f 7331 7666 7332
f 7666 7667 7332
f 7332 7667 7333
f 7667 7670 7333
f 7333 7670 7334
f 7670 6183 7334
f 7334 6183 6185
f 7802 7385 7803
f 7385 7380 7803
f 7803 7380 7804
f 7380 7379 7804
f 7804 7379 7800
f 7379 7377 7800
f 7800 7377 7801
f 7377 7375 7801
f 7801 7375 8049
f 7375 7374 8049
f 8049 7374 8050
f 7374 7381 8050
f 8050 7381 8051
f 2720 2719 7256
f 2719 7790 7256
f 7256 7790 7879
f 7790 7791 7879
f 7879 7791 7881
f 7791 7793 7881
f 7881 7793 7883
f 7793 7795 7883
f 7883 7795 7885
f 7795 7797 7885
f 7885 7797 7887
f 7797 7799 7887
f 7887 7799 7889
f 7799 7801 7889
f 7889 7801 7891
f 7801 8049 7891
f 7891 8049 7893
f 8049 8050 7893
f 7893 8050 7894
f 8050 8051 7894
f 7894 8051 7916
f 8051 8052 7916
f 7916 8052 7917
f 8052 8053 7917
f 7917 8053 8045
f 8053 8054 8045
f 8045 8054 8046
f 8054 8055 8046
f 8046 8055 8047
f 8055 8056 8047
f 8047 8056 8048
f 8056 8057 8048
f 8048 8057 7970
f 8057 8058 7970
f 7970 8058 7971
f 8058 8059 7971
f 7971 8059 8043
f 8059 8060 8043
f 8043 8060 8044
f 8060 8061 8044
f 8044 8061 8013
f 8061 8062 8013
f 8013 8062 8014
f 6455 6453 7280
f 6453 7327 7280
f 7280 7327 7632
f 7327 7768 7632
f 7632 7768 7636
f 7768 7766 7636
f 7636 7766 7877
f 7766 7764 7877
f 7877 7764 7828
f 7764 7762 7828
f 7828 7762 7826
f 7762 7760 7826
f 7826 7760 7824
f 7760 7758 7824
f 7824 7758 7822
f 7758 7756 7822
f 7822 7756 7820
f 7756 7754 7820
f 7820 7754 7818
f 7754 7752 7818
f 7818 7752 7816
f 7752 7750 7816
f 7816 7750 7814
f 7750 7748 7814
f 7814 7748 7812
f 7748 7746 7812
f 7812 7746 7810
f 7746 7744 7810
f 7810 7744 7808
f 7744 7742 7808
f 6169 6171 7543
f 6171 6174 7543
f 7543 6174 7544
f 6174 6176 7544
f 7544 6176 6178
f 6489 7282 7313
f 7282 7979 7313
f 7313 7979 7740
f 7979 7981 7740
f 7740 7981 7741
f 7981 7983 7741
f 7741 7983 7742
f 7983 7985 7742
f 7742 7985 7808
f 7985 7987 7808
f 7808 7987 7809
f 7987 7989 7809
f 7809 7989 7829
f 7989 7991 7829
f 7829 7991 7855
f 7991 7993 7855
f 7855 7993 7838
f 7993 7995 7838
f 7838 7995 7839
f 7995 7997 7839
f 7839 7997 7918
f 7997 7999 7918
f 7918 7999 7919
f 7999 8001 7919
f 7919 8001 7932
f 8001 8003 7932
f 7932 8003 7933
f 8003 8005 7933
f 7933 8005 7972
f 8005 8007 7972
f 7972 8007 7973
f 8007 8009 7973
f 7973 8009 8042
f 8009 8011 8042
f 8042 8011 7643
f 8011 7510 7643
f 7643 7510 7637
f 7510 7509 7637
f 7637 7509 7638
f 7509 7507 7638
f 7638 7507 7676
f 7507 7515 7676
f 7676 7515 7694
f 7515 7514 7694
f 7694 7514 7706
f 7514 7512 7706
f 7706 7512 7707
f 7512 7522 7707
f 7707 7522 7708
f 7522 7521 7708
f 7708 7521 7709
f 7521 7525 7709
f 7709 7525 7710
f 7525 7556 7710
f 7710 7556 7711
f 7556 7555 7711
f 7711 7555 7712
f 7555 7554 7712
f 7712 7554 7713
f 7554 7552 7713
f 7713 7552 7714
f 7552 7550 7714
f 7714 7550 7715
f 7550 7548 7715
f 7715 7548 7716
f 7548 7546 7716
f 7716 7546 7717
f 7546 7544 7717
f 7717 7544 7718
f 7544 6178 7718
f 7718 6178 6151
f 3827 3826 7283
f 3826 7303 7283
f 7283 7303 7487
f 7303 7629 7487
f 7487 7629 7504
f 7629 7612 7504
f 7504 7612 7505
f 7612 7611 7505
f 7505 7611 7475
f 7611 7579 7475
f 7475 7579 7466
f 7579 7533 7466
f 7466 7533 7467
f 7533 7518 7467
f 7467 7518 7446
f 7518 7517 7446
f 7446 7517 7447
f 7517 7508 7447
f 7447 7508 7448
f 7508 7510 7448
f 7448 7510 7437
f 7510 8011 7437
f 7437 8011 7265
f 8011 8010 7265
f 7265 8010 7266
f 8010 8014 7266
f 7266 8014 7268
f 8014 8062 7268
f 7268 8062 7440
f 8062 8061 7440
f 7440 8061 7443
f 8061 8060 7443
f 7443 8060 7441
f 8060 8059 7441
f 7441 8059 7417
f 8059 8058 7417
f 7417 8058 7415
f 8058 8057 7415
f 7415 8057 7414
f 8057 8056 7414
f 7414 8056 7412
f 8056 8055 7412
f 7412 8055 7411
f 8055 8054 7411
f 7411 8054 7409
f 8054 8053 7409
f 7409 8053 7408
f 8053 8052 7408
f 7408 8052 7406
f 8052 8051 7406
f 7406 8051 7391
f 8051 7381 7391
f 7391 7381 7389
f 7381 7382 7389
f 7389 7382 7388
f 7382 7383 7388
f 7388 7383 7386
f 7383 7384 7386
f 7386 7384 7367
f 7384 7385 7367
f 7367 7385 7361
f 7385 7802 7361
f 7361 7802 7362
f 7802 7776 7362
f 7362 7776 7364
f 7776 7807 7364
f 7364 7807 7365
f 7807 7354 7365
f 7365 7354 7359
f 7354 7353 7359
f 7359 7353 7360
f 7353 7347 7360
f 7360 7347 7356
f 7347 7348 7356
f 7356 7348 7357
f 7348 7349 7357
f 7357 7349 7336
f 7349 7350 7336
f 7336 7350 7278
f 7350 7351 7278
f 7278 7351 7276
f 7351 7346 7276
f 7276 7346 2733
f 7346 7345 2733
f 2733 7345 2735
f 7345 7343 2735
f 2735 7343 7773
f 7343 7341 7773
f 7773 7341 7775
f 7341 7339 7775
f 7775 7339 7275
f 7339 7338 7275
f 7275 7338 7273
f 7338 7347 7273
f 7273 7347 7353
f 74 73 7247
f 73 5203 7247
f 6347 4910 3909
f 4910 3907 3909
f 1244 2748 1245
f 2748 2694 1245
f 2769 3711 5200
f 1395 1245 5198
f 1245 2694 5198
f 5198 2694 5200
f 2694 2692 5200
f 5200 2692 2769
f 7241 7242 5273
f 5273 7242 5275
f 3702 4196 3701
f 4196 4198 3701
f 3701 4198 3700
f 4198 4200 3700
f 3700 4200 3699
f 4200 4202 3699
f 3699 4202 3698
f 4184 4186 3706
f 4186 3705 3706
f 3692 4212 3691
f 4212 4211 3691
f 3691 4211 3
f 4211 1 3
f 4202 4204 3698
f 4204 4206 3698
f 3698 4206 3697
f 4206 4208 3697
f 3697 4208 3696
f 4208 4210 3696
f 3696 4210 3695
f 4210 4216 3695
f 3695 4216 3694
f 4216 4215 3694
f 3694 4215 3693
f 4215 4214 3693
f 3693 4214 3692
f 4214 4213 3692
f 3692 4213 4212
f 3704 4192 3703
f 4192 4193 3703
f 3703 4193 3702
f 4193 4195 3702
f 3702 4195 4196
f 4186 4187 3705
f 4187 4189 3705
f 3705 4189 3704
f 4189 4190 3704
f 3704 4190 4192
f 7235 7236 5279
f 5273 5271 7241
f 5271 5269 7241
f 7241 5269 7240
f 5269 5267 7240
f 7240 5267 7239
f 5267 5265 7239
f 7239 5265 7238
f 5265 5263 7238
f 7238 5263 7237
f 5263 5261 7237
f 7237 5261 7236
f 5261 5280 7236
f 7236 5280 5279
f 5275 7242 5277
f 7242 7243 5277
f 5277 7243 5257
f 7243 7244 5257
f 5257 7244 5258
f 7244 7245 5258
f 5258 7245 5259
f 5259 7245 5203
f 7245 7246 5203
f 5203 7246 7247
f 5279 5283 7235
f 5283 5282 7235
f 7235 5282 7234
f 7233 5298 7232
f 5298 5296 7232
f 7232 5296 7231
f 5282 5286 7234
f 5286 5285 7234
f 7234 5285 7233
f 5285 5299 7233
f 7233 5299 5298
f 5296 5294 7231
f 5294 5292 7231
f 7231 5292 7230
f 5292 5290 7230
f 7230 5290 7229
f 5290 5288 7229
f 7229 5288 7228
f 5288 5301 7228
f 5301 5300 7228
f 7228 5300 3710
f 5300 4570 3710
f 3710 4570 3709
f 4570 4176 3709
f 3709 4176 3708
f 4176 4178 3708
f 3708 4178 3707
f 4178 4180 3707
f 3707 4180 3706
f 4180 4182 3706
f 3706 4182 4184
f 2829 2831 1450
f 2831 1449 1450
f 1450 5581 2829
f 5581 5030 2829
f 2829 5030 2827
f 5030 5013 2827
f 2827 5013 2825
f 5013 3775 2825
f 2825 3775 2823
