# generated by mjcf2godot
v -0.019431142 -0.013730041 -0.042636535
v -0.019460385 -0.023486146 -0.034982937
v -0.019434614 -0.019785724 -0.033182793
v -0.019416619 -0.017876448 -0.030748319
v -0.019401054 -0.01719064 -0.02695778
v -0.019397501 -0.016074917 -0.02782752
v -0.019343197 -0.0087981468 -0.023064226
v -0.019330416 -0.0096955295 -0.017403435
v -0.01929984 -0.0064512503 -0.013267811
v -0.019428958 -0.017897994 -0.034664198
v -0.019293001 -0.0041695803 -0.015057767
v -0.019122735 0.014593973 0.0067547311
v -0.019109954 0.013696592 0.012415522
v -0.019060765 0.01891593 0.019068841
v -0.019208498 0.005494125 -0.0048452424
v -0.019234832 0.002002483 -0.0071899681
v -0.019214152 0.0036063984 -0.0033638336
v -0.01924167 -0.00027918668 -0.005400013
v -0.019196158 0.0055156714 -0.000929364
v -0.019180592 0.0062014792 0.0028611756
v -0.019177041 0.0073172026 0.0019914358
v -0.019037794 0.024196849 0.017213746
v -0.019021051 0.029783005 0.012831444
v -0.019048266 0.023085876 0.015797542
v 0.012738373 0.018664074 0.019031311
v 0.012748843 0.019775046 0.020447516
v 0.0048989976 0.019817795 0.020472016
v 0.013787057 0.01623529 0.01593933
v 0.013684696 0.016294053 0.016013843
v 0.0047785881 0.0070416252 0.0041856748
v -0.0023367132 0.0001364469 -0.0046435955
v 0.0023631942 0.0001108518 -0.0046582647
v 0.0043053162 0.0019211272 -0.002343272
v 0.015245718 0.017937805 0.018115112
v 0.015378593 0.017911175 0.018081673
v 0.019338243 0.018628132 0.019010713
v 0.015507237 0.017877508 0.018039249
v 0.01563067 0.01783705 0.017988149
v 0.015747954 0.01779012 0.017928775
v 0.015858196 0.017737073 0.017861576
v 0.0011048239 0.0071850792 0.0043545003
v 0.0011519408 0.012184451 0.010727416
v -0.0041950719 0.0072139424 0.004371042
v -0.002622985 0.012205009 0.010739199
v 0.015947394 0.01628173 0.016006781
v 0.017239094 0.013419958 0.012363792
v 0.01604229 0.016344734 0.016087456
v 0.016127905 0.016412621 0.016174317
v 0.017107378 -0.00055582024 -0.0054517412
v 0.014952801 0.01600165 0.01564596
v 0.014813319 0.015998651 0.015641605
v 0.014266659 0.016061188 0.015719232
v 0.014138015 0.016094857 0.01576166
v 0.01455396 0.017960221 0.018141042
v 0.014692451 0.017970714 0.018154947
v 0.014831933 0.017973711 0.018159299
v 0.014971344 0.017969195 0.018154076
v 0.015109623 0.017957196 0.01813931
v 0.015960555 0.017678309 0.017787061
v 0.016054256 0.017614277 0.017705797
v 0.016138581 0.017545466 0.017618406
v 0.016399903 0.017149084 0.017114133
v 0.016417318 0.01706357 0.017005194
v 0.016422594 0.016977469 0.016895461
v 0.016415695 0.016891432 0.016785762
v 0.01639667 0.016806117 0.016676938
v 0.016365669 0.016722174 0.016569816
v 0.016322922 0.016640238 0.016465208
v 0.016268756 0.016560936 0.016363915
v 0.016203586 0.016484872 0.016266705
v 0.014014581 0.016135311 0.015812755
v 0.013897298 0.016182241 0.015872129
v 0.019068592 -0.0099833267 -0.017461562
v 0.019099169 -0.0067390472 -0.013325938
v 0.017018634 -0.0099721626 -0.017455163
v 0.01704921 -0.0067278837 -0.013319539
v 0.016947995 -0.017467273 -0.027009507
v 0.0043535966 0.0070439395 0.0041870015
v -0.0024422898 -0.011065848 -0.01892365
v 0.0022576176 -0.011091443 -0.018938319
v 0.0023044436 -0.0061229326 -0.012604741
v -0.016980871 0.0061108202 0.0029160313
v -0.019080831 0.0061222562 0.0029225854
v -0.019141908 -0.00035840915 -0.0053386026
v -0.0042445156 0.0019676887 -0.0023165871
v -0.016910234 0.013605932 0.012470378
v -0.0039444553 0.015236671 0.014598633
v -0.002594482 0.01522932 0.01459442
v -0.0039008289 0.01986572 0.020499483
v -0.012350662 0.019911736 0.020525856
v -0.012361132 0.018800764 0.019109651
v 0.015843935 0.016224089 0.015932909
v 0.015732706 0.016172246 0.015866401
v 0.01561455 0.016126598 0.015807761
v 0.015091291 0.016012142 0.015659863
v 0.017168456 0.0059248462 0.0028094466
v 0.019218415 0.0059136819 0.0028030488
v 0.019157338 -0.00056698449 -0.005458139
v 0.014673907 0.016003169 0.015646831
v 0.014535628 0.016015168 0.015661597
v 0.014399534 0.016034556 0.015685792
v 0.014154885 0.01788487 0.018043467
v 0.01428415 0.017917137 0.018085092
v 0.014417513 0.017942318 0.0181177
v 0.018938623 -0.023773942 -0.035041061
v 0.018997954 -0.017478438 -0.027015907
v -0.017041949 -0.00036984533 -0.0053451569
v -0.0023954638 -0.0060973368 -0.012590072
v -0.013455487 0.01638365 0.016024356
v -0.013566716 0.016331809 0.015957848
v 0.016212893 0.017472403 0.017525554
v 0.016276622 0.017395633 0.017427938
v 0.016329288 0.01731575 0.017326314
v 0.019289053 0.013408793 0.012357395
v 0.016370485 0.017233356 0.017221443
v 0.015490367 0.016087492 0.015757438
v 0.015361102 0.016055227 0.015715815
v 0.015227738 0.016030046 0.015683207
v 0.013590996 0.016358085 0.016095107
v 0.01350667 0.016426895 0.016182498
v 0.013432359 0.016499963 0.016275354
v 0.013602961 0.017627628 0.01771345
v 0.013697859 0.017690631 0.017794123
v 0.013801316 0.017748275 0.017867997
v 0.013245348 0.01682328 0.016686775
v 0.013227934 0.016908793 0.016795711
v 0.0022047299 -0.01666181 -0.026039113
v -0.019360624 -0.023565368 -0.034921525
v -0.0025609545 -0.023656857 -0.034973958
v -0.0025027856 -0.017484795 -0.027106161
v -0.017100118 -0.006541909 -0.013212955
v -0.019200077 -0.0065304726 -0.013206401
v -0.019230652 -0.0097747518 -0.017342025
v -0.014467491 0.018133273 0.018250747
v -0.014328483 0.018126231 0.018241993
v -0.01419058 0.018114265 0.018227266
v -0.014054857 0.018094926 0.018203134
v -0.013922344 0.018068369 0.018169787
v -0.01379405 0.018034788 0.018127472
v -0.013670954 0.017994445 0.018076517
v -0.013553989 0.017947643 0.018017305
v -0.014486104 0.016158214 0.015733053
v -0.014625515 0.016162731 0.015738279
v 0.013912545 0.017800115 0.017934504
v 0.014030702 0.017845764 0.017993143
v -0.017130695 -0.0097861879 -0.017348579
v -0.017201333 -0.017281299 -0.026902924
v -0.0024947926 -0.016636699 -0.026025056
v 0.013222658 0.016994896 0.016905448
v 0.013229557 0.017080931 0.017015144
v 0.01324858 0.017166244 0.017123966
v 0.013279584 0.017250189 0.01723109
v 0.013322331 0.017332126 0.017335699
v 0.013376496 0.017411425 0.017436989
v 0.013441666 0.017487492 0.017534202
v 0.013517346 0.017559742 0.017626588
v 0.0021389529 -0.023682453 -0.034988629
v 0.0021971218 -0.01751039 -0.02712083
v -0.019301292 -0.017269863 -0.02689637
v -0.013441989 0.017972417 0.017891863
v -0.013341966 0.017836136 0.017875976
v -0.013248522 0.01777228 0.017794936
v 0.013368629 0.01657673 0.016372967
v 0.013315964 0.016656613 0.016474594
v 0.013274766 0.016739007 0.016579463
v -0.014071684 0.016189608 0.015774655
v -0.014208131 0.016171703 0.015751309
v -0.014346622 0.016161212 0.015737408
v -0.014763794 0.01617473 0.015753045
v -0.014899889 0.016194119 0.01577724
v -0.015032764 0.01622075 0.015810678
v -0.018961003 0.018836708 0.019130252
v -0.014745463 0.018119784 0.01823249
v -0.014606972 0.018130277 0.018246395
v -0.013095837 0.016644433 0.016358152
v -0.013171517 0.016572182 0.016265764
v -0.013684873 0.01628616 0.015899209
v -0.013809056 0.016247055 0.015848886
v -0.013938322 0.01621479 0.015807263
v -0.015161408 0.01625442 0.015853107
v -0.015284841 0.016294874 0.015904203
v -0.019010193 0.013617368 0.012476932
v -0.015402126 0.016341804 0.015963577
v -0.015512366 0.016394852 0.016030776
v -0.015144538 0.018044434 0.018134915
v -0.015015273 0.018076698 0.018176536
v -0.014881909 0.018101879 0.018209144
v -0.013030667 0.016720498 0.016455361
v -0.013257132 0.016504298 0.016178903
v -0.01335203 0.016441293 0.016098229
v -0.016069867 0.017240493 0.017106592
v -0.016050842 0.017325807 0.017215414
v -0.015498107 0.017907838 0.017959445
v -0.015386877 0.017959679 0.018025951
v -0.015268721 0.018005327 0.018084591
v -0.013160841 0.017705029 0.017709853
v -0.01308653 0.017631965 0.017617002
v -0.0130228 0.017555195 0.017519386
v -0.012970135 0.017475311 0.017417758
v -0.012928937 0.017392919 0.01731289
v -0.01289952 0.017308647 0.01720558
v -0.012882105 0.017223133 0.017096642
v -0.016076766 0.017154457 0.016996894
v -0.012902752 0.01696568 0.016768386
v -0.012933755 0.016881736 0.016661264
v -0.012976502 0.0167998 0.016556656
v -0.015614727 0.016453615 0.016105291
v -0.015708426 0.016517646 0.016186553
v -0.015792753 0.016586457 0.016273944
v -0.015867065 0.016659526 0.016366802
v -0.015930795 0.016736292 0.016464413
v -0.01598346 0.016816176 0.016566041
v -0.012876829 0.017137031 0.016986907
v -0.012883728 0.017050994 0.01687721
v -0.015782075 0.017719305 0.017718036
v -0.015857758 0.017647056 0.017625649
v -0.015922928 0.017570988 0.017528437
v -0.015696462 0.017787189 0.017804895
v -0.015601564 0.017850194 0.017885571
v -0.016024658 0.016898569 0.016670911
v -0.016054074 0.016982842 0.016778221
v -0.016071488 0.017068355 0.016887159
v -0.016019839 0.017409751 0.017322538
v -0.015977093 0.017491686 0.017427144
v 0.0042592502 0.0087977872 0.0029389554
v 0.0042544158 0.0071848833 0.0042042682
v 0.0046794077 0.0071825682 0.004202942
v 0.0012113151 0.0094831623 0.0024238324
v 0.0012093105 0.0088143969 0.0029484745
v 0.0038862625 0.0094685952 0.0024154837
v 0.0046836526 0.0085987771 0.0030919352
v -0.0022843893 0.022357706 0.01865974
v -0.001017993 0.022350808 0.018655786
v -0.0010136804 0.023530672 0.017730183
v -0.014956586 0.035208385 0.0086721956
v -0.01553653 0.034917342 0.0089050409
v 0.0014319589 0.022337467 0.01864814
v 0.0040578295 0.022323166 0.018639944
v 0.016025356 0.034745458 0.0088065311
v -0.013341464 0.024224256 0.017277229
v -0.013246354 0.024213883 0.017284663
v 0.0014347193 0.023517338 0.017722542
v 0.0019583163 0.033861152 0.0096042464
v 0.011497561 0.03589421 0.0079388442
v 0.0030622102 0.035940147 0.0079651709
v -0.012806872 0.024068118 0.017395762
v -0.012730879 0.024021742 0.017431582
v -0.0038967299 0.021100864 0.019657617
v -0.012660282 0.023970349 0.017471377
v -0.012595619 0.023914329 0.017514844
v -0.013152718 0.024197031 0.017297192
v -0.013061265 0.024173829 0.017314717
v -0.012972697 0.024144452 0.017337106
v -0.0014752518 0.033879849 0.0096149613
v -0.0025666466 0.035970803 0.0079827404
v -0.011001997 0.03601674 0.0080090671
v -0.012537381 0.023854113 0.017561654
v -0.012486011 0.023790153 0.017611446
v -0.012441903 0.023722942 0.017663847
v 0.014836283 0.035296655 0.0083826814
v 0.014199841 0.035507745 0.0082217916
v 0.013542692 0.03567447 0.0080958583
v 0.012797717 0.023443725 0.017696281
v 0.012776728 0.023370126 0.017754172
v 0.0049041369 0.021399988 0.019357894
v 0.012763977 0.023295339 0.017812936
v 0.0048998151 0.019958195 0.020488972
v 0.012749661 0.019915445 0.020464472
v 0.012759566 0.023219931 0.017872122
v -0.012887682 0.024109126 0.01736419
v -0.01240539 0.023652988 0.017718455
v -0.012376749 0.023580823 0.017774852
v -0.012356201 0.023506998 0.017832616
v 0.015447173 0.035042808 0.0085773004
v 0.012869837 0.035795565 0.0080058411
v 0.012186395 0.035870103 0.0079524195
v -0.011691511 0.036004828 0.0080224261
v -0.012374821 0.035933044 0.0080846313
v -0.01304838 0.035819283 0.0081788524
v 0.012826789 0.023515575 0.017639702
v 0.012863721 0.02358513 0.017584865
v 0.012908232 0.02365186 0.017532189
v -0.012349845 0.020052133 0.020542808
v -0.0039000114 0.020006117 0.020516436
v -0.01233994 0.023356622 0.017950462
v -0.012343899 0.023432074 0.0178913
v -0.013706507 0.035659722 0.0083088923
v -0.014344194 0.03545557 0.0084737581
v 0.013154479 0.023880773 0.017350792
v 0.013230748 0.02392632 0.017314496
v -0.013437324 0.024228071 0.017274945
v -0.016087071 0.034592748 0.0091635012
v -0.016596562 0.034228982 0.009452632
v -0.01880151 0.030923351 0.012062106
v -0.01889313 0.030385945 0.012484365
v -0.018920472 0.02984418 0.012909808
v -0.018937215 0.024258024 0.017292111
v 0.012959982 0.023715256 0.017482073
v 0.01301858 0.023774836 0.017434898
v 0.013083576 0.023830149 0.017391027
v 0.016573931 0.034414879 0.009061563
v 0.013862138 0.024079402 0.017189742
v 0.013766259 0.02407663 0.017192623
v 0.013485767 0.024029257 0.017231861
v 0.013577355 0.024051462 0.017213765
v 0.013671089 0.024067294 0.017200652
v 0.013311801 0.023966447 0.017282419
v 0.013397025 0.024000846 0.017254804
v -0.017856547 0.032947824 0.010466979
v -0.018176392 0.032468321 0.010845503
v -0.017063616 0.033831518 0.0097678843
v -0.01748468 0.033403381 0.010106862
v -0.018441773 0.031968518 0.011239546
v -0.018650678 0.031452219 0.011646113
v 0.019362029 0.02404945 0.017172575
v 0.019378774 0.029635606 0.012790273
v 0.019354678 0.030177651 0.012364989
v 0.019272689 0.030716481 0.011942053
v 0.019124906 0.031247411 0.01152665
v 0.018912825 0.031765086 0.011122955
v 0.018650447 0.032267764 0.010730559
v 0.018339124 0.032752855 0.010351481
v 0.017964364 0.033210328 0.0099962208
v 0.01754588 0.033643037 0.0096598642
v 0.017081225 0.034045575 0.0093475184
v 0.0030618644 0.035957105 0.0078247713
v 0.011497215 0.035911168 0.0077984445
v 0.0027374881 0.0015389124 -0.036049601
v 0.011087124 -0.0076018779 -0.047669534
v -0.0028913687 0.0015695679 -0.036032032
v -0.011412434 -0.007479348 -0.047599312
v -0.0025669924 0.035987761 0.0078423407
v -0.011002343 0.036033698 0.0078686675
v 0.012194375 0.035883417 0.0078150571
v 0.011784283 -0.0076296286 -0.047652922
v 0.012886085 0.035807979 0.0078691252
v 0.012475995 -0.007705068 -0.047598853
v 0.013567083 0.03568542 0.0079602321
v 0.013156992 -0.0078276265 -0.047507747
v 0.014232184 0.035516676 0.0080876907
v 0.013822092 -0.0079963699 -0.047380288
v 0.014876326 0.035303032 0.008250526
v 0.014466235 -0.0082100135 -0.047217453
v 0.015494608 0.035046113 0.0084474998
v 0.015084517 -0.0084669327 -0.047020479
v 0.016082325 0.034747876 0.0086771164
v 0.015672232 -0.0087651719 -0.046790865
v 0.016635001 0.034410587 0.0089376232
v 0.016224909 -0.0091024614 -0.046530359
v 0.01714843 0.034036816 0.00922704
v 0.01673834 -0.0094762322 -0.046240942
v 0.017618711 0.033629406 0.0095431634
v 0.017208619 -0.0098836401 -0.045924816
v 0.018042256 0.033191459 0.0098835878
v 0.017632166 -0.010321588 -0.045584391
v 0.018415848 0.032726308 0.010245724
v 0.018005757 -0.010786738 -0.045222255
v 0.018736641 0.032237493 0.010626815
v 0.018326549 -0.011275556 -0.044841167
v 0.019002194 0.031728733 0.011023959
v 0.018592102 -0.011784313 -0.04444402
v 0.019210486 0.031203901 0.011434136
v 0.018800394 -0.012309147 -0.044033846
v 0.01935993 0.030666991 0.011854222
v 0.01894984 -0.012846058 -0.04361376
v 0.019449392 0.030122088 0.01228102
v 0.019039301 -0.013390958 -0.043186959
v 0.019478191 0.02957334 0.012711281
v 0.019068098 -0.013939706 -0.042756698
v 0.019450975 0.022875842 0.015678166
v 0.019461446 0.023987186 0.017093587
v 0.019290744 0.0052844615 -0.0049654032
v 0.019376505 0.014384309 0.0066345702
v 0.019389286 0.013486928 0.012295361
v 0.019438476 0.018706265 0.018948678
v 0.019206241 -0.0043792441 -0.015177928
v 0.01926441 0.0017928192 -0.0073101293
v 0.01925757 -0.00048885086 -0.0055201739
v 0.019285083 0.0033961837 -0.0034840613
v 0.019318648 0.0059918157 0.0027410141
v 0.019303082 0.005306008 -0.0010495254
v 0.019321976 0.0071017903 0.0018702455
v 0.019199402 -0.0066609138 -0.013387973
v 0.019168826 -0.0099051929 -0.017523597
v 0.019156045 -0.009007811 -0.023184386
v 0.019070284 -0.018107659 -0.034784361
v 0.019038855 -0.023695809 -0.035103096
v 0.019064623 -0.019995937 -0.033303019
v 0.019098188 -0.017400303 -0.027077941
v 0.019082623 -0.018086111 -0.030868481
v 0.019101515 -0.016290328 -0.027948709
v -0.018988751 0.030334097 0.012404431
v -0.019399056 -0.013181627 -0.04306699
v -0.018896027 0.030877992 0.011977071
v -0.019306332 -0.012637717 -0.043494357
v -0.018743371 0.031413245 0.011556053
v -0.019153672 -0.012102452 -0.043915385
v -0.018531946 0.03193578 0.011144577
v -0.018942241 -0.011579905 -0.04432687
v -0.018263359 0.032441619 0.010745777
v -0.0186735 -0.011076809 -0.044729064
v -0.017939652 0.032926913 0.010362683
v -0.018349795 -0.010591514 -0.045112154
v -0.017563296 0.03338797 0.0099982156
v -0.017973437 -0.010130459 -0.045476625
v -0.017137147 0.033821278 0.0096551456
v -0.017547288 -0.0096971486 -0.045819692
v -0.016664452 0.034223543 0.0093360866
v -0.017074593 -0.0092948856 -0.046138753
v -0.016148809 0.034591699 0.0090434628
v -0.016558952 -0.0089267275 -0.046431374
v -0.015594144 0.034922949 0.0087795068
v -0.016004285 -0.0085954766 -0.046695331
v -0.015004672 0.035214772 0.0085462247
v -0.015414814 -0.0083036572 -0.046928615
v -0.014384884 0.035464942 0.0083453917
v -0.014795026 -0.0080534866 -0.047129449
v -0.013739498 0.035671559 0.0081785349
v -0.01414964 -0.0078468704 -0.047296305
v -0.013073422 0.035833047 0.0080469237
v -0.013483564 -0.0076853789 -0.047427914
v -0.012391729 0.035948181 0.0079515642
v -0.012801871 -0.007570245 -0.047523274
v -0.011699647 0.036013543 0.0078896338
v -0.012109747 -0.0075023427 -0.047581657
v 0.018938276 -0.023756984 -0.035181461
v 0.002138607 -0.023665493 -0.035129025
v 0.018967519 -0.014000881 -0.042835062
v 0.0021456819 -0.021305147 -0.036980706
v 0.018943425 -0.0134586 -0.043260044
v -0.0025613004 -0.023639898 -0.035114358
v -0.01936097 -0.02354841 -0.035061925
v -0.0025542255 -0.02127955 -0.036966035
v -0.019331725 -0.013792305 -0.042715524
v 0.01616268 -0.0092213711 -0.04656347
v 0.016669972 -0.0095906745 -0.046277515
v 0.017134629 -0.0099932129 -0.045965169
v 0.017553111 -0.010425925 -0.045628815
v 0.017922235 -0.010885515 -0.045271008
v 0.018239194 -0.011368487 -0.044894473
v 0.018501572 -0.011871164 -0.044502077
v 0.018707374 -0.012389721 -0.044096805
v 0.018855032 -0.012920212 -0.04368174
v -0.017007814 -0.0094072675 -0.046172401
v -0.016498324 -0.0090435028 -0.046461531
v -0.019304381 -0.013250306 -0.043140668
v -0.019219161 -0.012711567 -0.043563083
v -0.019068203 -0.012182266 -0.043979421
v -0.012786074 -0.0077032058 -0.047540402
v -0.012102207 -0.0076361146 -0.047598091
v -0.011413251 -0.007619745 -0.047616264
v -0.01827342 -0.010685428 -0.045159521
v -0.017895933 -0.010232872 -0.045518174
v -0.017474868 -0.0098047324 -0.045857148
v -0.015950274 -0.0087162045 -0.046722339
v -0.015367839 -0.0084278658 -0.046952837
v -0.014755446 -0.0081806825 -0.047151277
v -0.01411776 -0.0079765301 -0.047316144
v -0.013459634 -0.0078169667 -0.047446181
v -0.018853026 -0.011667735 -0.044385489
v -0.018587645 -0.011167931 -0.044779533
v 0.011086306 -0.0077422772 -0.04768649
v 0.011775142 -0.0077661468 -0.047672613
v 0.012458584 -0.0078406877 -0.047619195
v 0.01313144 -0.0079617798 -0.047529175
v 0.013788589 -0.0081285053 -0.047403241
v 0.01442503 -0.0083395954 -0.047242352
v 0.015035921 -0.0085934429 -0.047047732
v 0.015616609 -0.0088881158 -0.046820863
v -0.0023539661 -0.021298711 -0.036827737
v 0.0019482608 -0.021321067 -0.036839658
v -0.0022968781 -0.015248976 -0.029115818
v 0.0020030373 -0.015272394 -0.029129239
v 0.0021027994 -0.015351616 -0.029067828
v 0.0020457938 -0.021400238 -0.03677827
v 0.0020961593 -0.017553232 -0.027337842
v 0.0020391906 -0.023603229 -0.035050037
v -0.002403715 -0.017530102 -0.02732555
v -0.0024607206 -0.023578724 -0.035035993
v -0.0023971118 -0.015327111 -0.029053784
v -0.0024541174 -0.021375733 -0.036764226
v -0.0022965322 -0.015265935 -0.028975418
v 0.0020033834 -0.015289351 -0.028988838
v -0.0023053648 -0.017468944 -0.027247216
v 0.0019968476 -0.017493774 -0.027259436
v 0.0026454939 0.0015478699 -0.03593852
v 0.0015735513 0.00017900874 -0.033494124
v 0.0029693327 0.035909041 0.007863164
v 0.0018911983 0.033879784 0.0094658015
v -0.0024747519 0.035938688 0.0078801547
v -0.0014087811 0.033896446 0.0094743556
v -0.0027985908 0.0015775179 -0.035921528
v -0.0017263837 0.00019697959 -0.033483825
v 0.019353753 0.022920783 0.015895806
v 0.019361213 0.023909053 0.017155622
v 0.013852014 0.022951472 0.015913937
v 0.013861321 0.023939003 0.017172786
v 0.01376485 0.022948953 0.015916558
v 0.01376988 0.023981321 0.017151617
v 0.013678334 0.022940465 0.015923856
v 0.013687641 0.023927996 0.017182705
v 0.013593119 0.022926072 0.015935776
v 0.013602426 0.023913604 0.017194625
v 0.013509859 0.022905888 0.01595223
v 0.013519166 0.023893416 0.017211076
v 0.013429182 0.022880059 0.015973088
v 0.01343849 0.023867591 0.017231936
v 0.013351708 0.022848788 0.015998192
v 0.013361015 0.023836319 0.017257041
v 0.013278023 0.02281231 0.016027354
v 0.013287329 0.023799838 0.0172862
v 0.013208687 0.022770901 0.016060348
v 0.013217994 0.023758432 0.017319197
v 0.013144231 0.02272488 0.016096926
v 0.013092879 0.023763525 0.017322342
v 0.013147346 0.022629384 0.016164647
v 0.01303246 0.023706969 0.017368305
v 0.013031872 0.022620431 0.016179695
v 0.01297488 0.023648412 0.017414671
v 0.012984826 0.022562797 0.016225253
v 0.01292403 0.023586102 0.017463924
v 0.012944508 0.022499383 0.016269765
v 0.012880295 0.023520519 0.017515697
v 0.012910941 0.022436164 0.016319608
v 0.012844007 0.023452162 0.01756959
v 0.012884517 0.022370857 0.016371032
v 0.012815445 0.023381548 0.017625196
v 0.012865439 0.022303963 0.016423652
v 0.012874584 0.023294208 0.017685907
v 0.012917991 0.022228901 0.016477713
v 0.012862993 0.023226219 0.017739327
v 0.012849675 0.022170136 0.016534285
v 0.012858982 0.023157667 0.017793134
v 0.012839759 0.018864907 0.019127194
v 0.012849077 0.019853181 0.020385484
v 0.018808983 0.020421805 0.017734643
v 0.018775751 0.020305291 0.017826294
v 0.019339061 0.018768531 0.019027669
v 0.019352019 0.022781128 0.015879798
v 0.018829883 0.020779031 0.017454258
v 0.018836151 0.02065958 0.017547915
v 0.015975085 0.019628079 0.018378005
v 0.015860514 0.019706949 0.01831723
v 0.012939165 0.01880265 0.019048214
v 0.018829167 0.020540201 0.017641614
v 0.018422774 0.019783204 0.018238215
v 0.018515305 0.019877293 0.018163723
v 0.018597027 0.019977406 0.018084584
v 0.018428039 0.02154019 0.016859875
v 0.018520003 0.021445097 0.016933791
v 0.018729727 0.020191543 0.017915864
v 0.018667316 0.020082784 0.0180014
v 0.015360362 0.020797926 0.017465086
v 0.015380546 0.020916322 0.017372058
v 0.012949092 0.022107872 0.016455297
v 0.01609931 0.02179684 0.016676003
v 0.016229797 0.021857264 0.016627391
v 0.013851196 0.022811075 0.015896984
v 0.017966826 0.021847804 0.01662197
v 0.018094438 0.021783047 0.016671827
v 0.017832578 0.02190359 0.0165792
v 0.018214442 0.02170981 0.016728391
v 0.018325926 0.021628651 0.016791232
v 0.018732538 0.021128761 0.017180623
v 0.018777877 0.021014517 0.017269909
v 0.018810408 0.020897642 0.017361352
v 0.015758145 0.019795632 0.018248414
v 0.015665948 0.019890964 0.018174313
v 0.015584626 0.019992218 0.018095484
v 0.018601124 0.021344097 0.017012422
v 0.018674732 0.021239505 0.017094172
v 0.018320134 0.019695858 0.018307496
v 0.018208165 0.019615918 0.018371036
v 0.018087728 0.019543991 0.018428351
v 0.017959731 0.019480624 0.018479005
v 0.017825152 0.019426303 0.018522613
v 0.017686493 0.01937833 0.018561522
v 0.017541502 0.019343176 0.018590171
v 0.017393109 0.019318113 0.018610929
v 0.017242445 0.019303331 0.018623638
v 0.016640094 0.019348084 0.018592983
v 0.016495316 0.019384817 0.018565239
v 0.016355101 0.019431321 0.018529793
v 0.015766755 0.021554683 0.016868181
v 0.015869397 0.02164203 0.0167989
v 0.01598136 0.021721971 0.01673536
v 0.016362546 0.021914821 0.016581502
v 0.016503034 0.0219598 0.016545182
v 0.016648029 0.021994953 0.016516533
v 0.017250628 0.022033144 0.016482117
v 0.017401198 0.022016722 0.016493886
v 0.017090657 0.019298944 0.0186282
v 0.016938903 0.019304984 0.018624584
v 0.016788333 0.019321405 0.018612815
v 0.016222701 0.019490084 0.018484426
v 0.016095089 0.019554841 0.018434569
v 0.015514796 0.020098622 0.018012529
v 0.015456992 0.020209367 0.017926078
v 0.015411651 0.02032361 0.017836792
v 0.013694883 0.02280117 0.015905912
v 0.013618192 0.022788216 0.01591664
v 0.015670659 0.021462701 0.016941294
v 0.013543257 0.022770047 0.015931445
v 0.016796422 0.022020014 0.016495772
v 0.016947084 0.022034796 0.016483064
v 0.01709887 0.022039184 0.0164785
v 0.017549435 0.021990043 0.016513718
v 0.017692711 0.021949978 0.016543842
v 0.01537912 0.020440485 0.017745349
v 0.015359646 0.020559097 0.017652443
v 0.015353378 0.020678547 0.017558786
v 0.013070727 0.022461268 0.016177169
v 0.013034309 0.022406671 0.016220267
v 0.015588733 0.021362337 0.017020632
v 0.013334603 0.022685827 0.015999058
v 0.013272202 0.02264856 0.016028753
v 0.013214191 0.022607142 0.016061674
v 0.013772749 0.022808807 0.015899342
v 0.013470648 0.022746802 0.015950217
v 0.01340092 0.022718657 0.015972811
v 0.015417982 0.021031806 0.017280938
v 0.015459801 0.021146584 0.017190837
v 0.012952701 0.022169568 0.016406869
v 0.015518268 0.021256695 0.017104024
v 0.013004093 0.022349762 0.016265133
v 0.012980306 0.022290975 0.016311425
v 0.012963133 0.02223076 0.016358793
v 0.013161011 0.022561886 0.016097568
v 0.013113069 0.022513138 0.016136165
v -0.013447449 0.023100143 0.015999143
v -0.013438142 0.024087674 0.017257991
v -0.01894734 0.023130096 0.016016309
v -0.018938033 0.024117627 0.017275158
v -0.012459723 0.019001228 0.019205795
v -0.012450425 0.019990958 0.020464444
v -0.012449826 0.022307916 0.016613249
v -0.012440519 0.023295447 0.017872098
v -0.012453938 0.022372454 0.016554362
v -0.012443608 0.023368093 0.017823415
v -0.012465115 0.022440534 0.016501037
v -0.012454795 0.023436237 0.01777004
v -0.012483787 0.022507617 0.016448552
v -0.012473983 0.023499266 0.017712453
v -0.012509811 0.022573191 0.016397306
v -0.01250002 0.023564871 0.017661182
v -0.012542989 0.022636755 0.016347685
v -0.012533213 0.023628465 0.017611538
v -0.01258281 0.022699274 0.016301685
v -0.012573312 0.023689566 0.017563901
v -0.012629318 0.022760181 0.016259788
v -0.012620011 0.023747712 0.017518636
v -0.012682261 0.022814924 0.016217233
v -0.012672954 0.023802454 0.017476082
v -0.012741046 0.022865849 0.016177716
v -0.012731739 0.02385338 0.017436565
v -0.012805225 0.022912571 0.01614154
v -0.012795918 0.023900102 0.017400389
v -0.01287431 0.022954732 0.016108977
v -0.012865003 0.023942263 0.017367826
v -0.012947775 0.022992012 0.016080275
v -0.012938467 0.023979543 0.017339124
v -0.013025059 0.023024126 0.016055653
v -0.013015752 0.024011657 0.017314501
v -0.013105578 0.023050833 0.016035299
v -0.013096069 0.024042738 0.017299001
v -0.013188715 0.023071926 0.016019367
v -0.013179246 0.024063841 0.017283062
v -0.01327384 0.023087245 0.016007978
v -0.013264411 0.024079168 0.017271667
v -0.013360303 0.023096676 0.016001221
v -0.013350917 0.024088601 0.017264905
v -0.017823754 0.019760589 0.018415777
v -0.01793516 0.019841727 0.018352985
v -0.018960185 0.018977107 0.019147208
v -0.018281066 0.021440766 0.017209519
v -0.018206834 0.02154455 0.017127304
v -0.018948158 0.022989699 0.015999356
v -0.018125112 0.021644663 0.017048165
v -0.018031684 0.021685718 0.01690801
v -0.017929941 0.021826098 0.016904392
v -0.017817133 0.021852995 0.016775638
v -0.018210931 0.020177859 0.018199465
v -0.018280585 0.020283997 0.018116717
v -0.018037252 0.019930021 0.018284292
v -0.018129259 0.020024815 0.018210232
v -0.018342341 0.020393435 0.01803157
v -0.018383471 0.020508424 0.017941423
v -0.018420213 0.020624553 0.017850841
v -0.018418788 0.02110039 0.01747755
v -0.018385556 0.021216907 0.017385902
v -0.018339532 0.021330652 0.017296329
v -0.017304018 0.019568885 0.018670731
v -0.017442385 0.019618367 0.018632688
v -0.018439688 0.020743165 0.017757935
v -0.018445956 0.020862616 0.017664278
v -0.018438972 0.020981994 0.017570578
v -0.015964906 0.022090874 0.0166824
v -0.01583032 0.022034949 0.016725277
v -0.013448266 0.022959746 0.01598219
v -0.015702387 0.021970029 0.016775259
v -0.015584892 0.021893878 0.016833883
v -0.012550406 0.022246741 0.016534884
v -0.015021456 0.021198585 0.017375401
v -0.014988925 0.021081711 0.017466843
v -0.012560295 0.018941519 0.019127801
v -0.014990351 0.020605873 0.017840135
v -0.015023582 0.020489359 0.017931786
v -0.015069606 0.020375612 0.018021355
v -0.015128073 0.0202655 0.018108169
v -0.015198538 0.020159859 0.018191561
v -0.015280464 0.020059495 0.018270899
v -0.01537323 0.019965172 0.01834558
v -0.015476127 0.019877606 0.018415035
v -0.015588372 0.019797463 0.01847873
v -0.015709115 0.019725355 0.01853619
v -0.015839605 0.019664692 0.018584497
v -0.015974184 0.019610373 0.018628108
v -0.016112839 0.019562398 0.018667013
v -0.016257834 0.019527245 0.018695663
v -0.016406227 0.019502181 0.018716421
v -0.016556889 0.0194874 0.018729129
v -0.016708675 0.019483012 0.018733692
v -0.016860433 0.019489052 0.018730076
v -0.017011003 0.019505473 0.018718306
v -0.01715924 0.019532152 0.018698475
v -0.017576419 0.019622194 0.018521841
v -0.017703872 0.019687221 0.018472203
v -0.017697535 0.021977966 0.016783536
v -0.017568966 0.02198806 0.016667448
v -0.017434959 0.022095654 0.016689275
v -0.014969451 0.020963099 0.017559749
v -0.014963183 0.020843648 0.017653407
v -0.014970167 0.020724272 0.017747109
v -0.013068116 0.02289133 0.016033048
v -0.013140582 0.022915366 0.01601473
v -0.015275753 0.021631231 0.01703788
v -0.013215407 0.02293435 0.016000392
v -0.015473409 0.021812719 0.016896723
v -0.01536795 0.021726563 0.016963778
v -0.013369836 0.022956625 0.015984059
v -0.013292018 0.022948138 0.015990142
v -0.01729482 0.022140517 0.016653042
v -0.017151307 0.022179021 0.016622025
v -0.017002914 0.022204085 0.016601267
v -0.016398138 0.02220079 0.016599378
v -0.016249899 0.022174111 0.01661921
v -0.016105121 0.022137381 0.016646956
v -0.012603956 0.022489223 0.01634506
v -0.01263383 0.022546457 0.01630038
v -0.015194431 0.02152998 0.017116712
v -0.01685225 0.022218864 0.016588555
v -0.016700462 0.022223252 0.016583992
v -0.016548708 0.022217212 0.016587609
v -0.012759598 0.022703049 0.016178471
v -0.012812504 0.022748882 0.016142907
v -0.015066797 0.021312829 0.017286114
v -0.012553646 0.022308475 0.01648648
v -0.015124601 0.021423576 0.017199667
v -0.012563711 0.022369776 0.016438464
v -0.012580523 0.022430178 0.016391204
v -0.01266992 0.022601448 0.016257507
v -0.012711949 0.02265378 0.016216769
v -0.012870265 0.022790931 0.016110347
v -0.012932441 0.022828875 0.016081039
v -0.01299856 0.022862428 0.016055209
v 0.0048035409 0.021314587 0.019301308
v 0.0047992358 0.019897019 0.020410608
v 0.0040061276 0.022184431 0.018624838
v 0.0012880982 0.017630286 0.012809327
v 0.0013311471 0.022197857 0.018631806
v 0.0012913577 0.018733526 0.011943901
v 0.0013344003 0.023300862 0.017766005
v -0.00085774025 0.018883889 0.011968876
v 0.0011922193 0.018872724 0.011962477
v -0.00081527692 0.023389495 0.017712369
v 0.0012346827 0.023378331 0.017705971
v -0.00091551438 0.023311951 0.017775126
v -0.00091885469 0.022211501 0.018640512
v -0.00095855581 0.018744034 0.011952232
v -0.00096185741 0.017642539 0.012816349
v -0.0022437932 0.022218467 0.018644344
v -0.0022868315 0.017649754 0.012820484
v -0.003797593 0.021009442 0.019608424
v -0.0038404562 0.016438683 0.013782022
v -0.003800595 0.019943853 0.020437448
v -0.0038436403 0.015376526 0.014615277
v -0.0025936647 0.015369719 0.014611376
v -0.0025901271 0.016549892 0.013685536
v -0.0025881658 0.016570402 0.013669433
v -0.0025813512 0.016537754 0.013587015
v -0.0025745472 0.016609969 0.013638292
v -0.0025621036 0.016573021 0.013549892
v -0.0025371249 0.016655814 0.013602054
v -0.0025222496 0.016613229 0.01353093
v -0.0024157438 0.016704808 0.013562721
v -0.0023896594 0.01670616 0.013561466
v 0.0012851409 0.016683502 0.013551923
v -0.002497089 0.016681975 0.013581233
v -0.0024726502 0.016632589 0.013498092
v -0.0024412351 0.016652088 0.013507927
v 0.0011844526 0.016546292 0.013533354
v -0.0023904769 0.016565761 0.013544513
v 0.0011571132 0.013645423 0.0098354903
v -0.0024178163 0.013664891 0.0098466468
v -0.0024942482 0.015307454 0.014532386
v -0.0025222224 0.012343118 0.010757152
v -0.0024907107 0.016487627 0.013606547
v -0.0025185043 0.013527682 0.0098280783
v 0.0011562958 0.013505023 0.0098185324
v 0.0011527582 0.012324849 0.010744371
v 0.0012561037 0.013537975 0.0096989037
v 0.0012560204 0.013520825 0.0097021147
v 0.0012559434 0.013504021 0.0097068121
v 0.0012564889 0.013607395 0.009701189
v 0.0012563862 0.013590182 0.0096983444
v 0.0012562874 0.013572786 0.0096970087
v 0.001256193 0.013555339 0.0096971959
v 0.0012558738 0.013487692 0.0097129553
v 0.0012558116 0.013471959 0.0097204984
v 0.0012557576 0.013456944 0.0097293837
v 0.0012044759 0.0072014923 0.0042137878
v 0.001255712 0.013442758 0.0097395426
v 0.0012521745 0.012262584 0.010665381
v 0.0012573471 0.013723557 0.0097734543
v 0.0012572439 0.013712198 0.0097602086
v 0.0012571379 0.01369973 0.0097480046
v 0.0012570299 0.013686245 0.009736933
v 0.0012569208 0.013671847 0.0097270791
v 0.0012568112 0.013656644 0.0097185181
v 0.0012567022 0.013640754 0.0097113145
v 0.0012565944 0.013624296 0.0097055234
v -0.0040954193 0.0072303555 0.0042303295
v -0.0040905849 0.0088432597 0.0029650165
v 0.0042061354 0.0020620705 -0.0023260044
v 0.0042109703 0.0036749745 -0.0035913178
v -0.0041436997 0.0021075424 -0.0022999435
v -0.0041388653 0.003720447 -0.0035652568
v -0.0022880449 -0.0037544915 -0.014301661
v -0.002294701 -0.0059592279 -0.012572119
v 0.0022118662 -0.0037789977 -0.014315706
v 0.0022053052 -0.0059837346 -0.012586164
v 0.0022694535 0.0023313449 -0.0065265857
v 0.002262893 0.00012666666 -0.0047969692
v -0.0022304577 0.0023558509 -0.0065125406
v -0.0022370609 0.00015285985 -0.0047843082
v -0.0021308056 0.0023722643 -0.0066532535
v -0.0021872295 -0.0036146371 -0.014285018
v 0.0021691097 0.0023488473 -0.0066666739
v 0.0021126859 -0.0036380541 -0.014298438
v -0.0022360365 -0.0088469879 -0.020792907
v 0.0020638791 -0.0088704052 -0.020806327
v -0.00224266 -0.011050704 -0.019064093
v 0.0020573434 -0.011074829 -0.019076926
v 0.0020439064 -0.010935957 -0.023601393
v 0.0020635331 -0.0088534475 -0.020946728
v -0.002256009 -0.010912539 -0.023587972
v -0.0022363823 -0.0088300302 -0.020933307
v -0.0023763386 -0.016571692 -0.02598413
v -0.0023973537 -0.016597351 -0.025994918
v 0.0021067843 -0.016620236 -0.026008283
v 0.0020076738 -0.016289542 -0.025868971
v 0.0020435942 -0.010975831 -0.023631834
v -0.0022563212 -0.010952413 -0.023618413
v -0.0023374346 -0.016502442 -0.025955008
v -0.0023534447 -0.016535696 -0.025968996
v 0.0020103871 -0.016356853 -0.025897314
v 0.0020769671 -0.016580389 -0.025991481
v 0.002061632 -0.016552724 -0.025979822
v 0.0020460931 -0.016517387 -0.025964931
v -0.0022975587 -0.01634842 -0.025890195
v -0.002307908 -0.016408873 -0.025915639
v -0.0023218007 -0.016460435 -0.025937334
v 0.0020313196 -0.016473035 -0.025946245
v 0.0020188057 -0.016419141 -0.025923546
v 0.0020915823 -0.01660189 -0.026000546
v -0.0022922416 -0.016266125 -0.025855552
v -0.0022925213 -0.016281912 -0.025862198
v -0.0023562427 -0.010990673 -0.023525938
v -0.0023366161 -0.0089081643 -0.020871272
v -0.0023921631 -0.016304383 -0.025763074
v -0.0023432193 -0.011111156 -0.01914304
v 0.002107741 -0.016330049 -0.025777972
v 0.0021567239 -0.011137072 -0.019155888
v 0.0021436684 -0.011015179 -0.023539982
v 0.0021632951 -0.0089326702 -0.020885317
v 0.016995699 -0.01739998 -0.026942847
v 0.016999386 -0.017393908 -0.026938387
v 0.01706786 -0.010023347 -0.017541908
v 0.017071584 -0.010026236 -0.017549233
v 0.017024344 -0.017347615 -0.026912292
v 0.017025472 -0.01734522 -0.026911353
v 0.017094327 -0.010039208 -0.017598028
v 0.017029604 -0.017336109 -0.026908181
v 0.017030786 -0.017333391 -0.026907361
v 0.017099733 -0.010041812 -0.017612934
v 0.017117154 -0.010060437 -0.017720117
v 0.017049202 -0.017270212 -0.026911085
v 0.017117279 -0.010062481 -0.017731932
v 0.017049392 -0.017265698 -0.026914187
v 0.017048802 -0.017274509 -0.026908692
v 0.017116906 -0.01005912 -0.017712507
v 0.017048238 -0.017278525 -0.026906931
v 0.017047602 -0.01728214 -0.026905665
v 0.017046449 -0.017287599 -0.02690424
v 0.01711579 -0.010056072 -0.017694921
v 0.017045607 -0.017291109 -0.026903581
v 0.017116386 -0.010057452 -0.017702881
v 0.017042673 -0.017301537 -0.026902694
v 0.017044513 -0.017295235 -0.026903064
v 0.017113742 -0.010052788 -0.017675988
v 0.017114732 -0.010054199 -0.017684124
v 0.017110233 -0.010048982 -0.017654087
v 0.017039784 -0.017310353 -0.026902983
v 0.017111409 -0.010050113 -0.017660588
v 0.017041487 -0.017305287 -0.026902708
v 0.017112165 -0.010050903 -0.017665134
v 0.017108821 -0.010047756 -0.017647036
v 0.017108023 -0.010047112 -0.017643342
v 0.017037271 -0.017317312 -0.026903789
v 0.017035132 -0.017322859 -0.026904766
v 0.017106326 -0.01004585 -0.017636089
v 0.017101722 -0.010042914 -0.017619249
v 0.017104356 -0.010044511 -0.01762841
v 0.017032137 -0.017330213 -0.026906479
v 0.017033848 -0.01732607 -0.026905456
v 0.01709567 -0.01003981 -0.017601473
v 0.017098239 -0.010041042 -0.01760852
v 0.017091134 -0.010037876 -0.017590425
v 0.017088562 -0.010036774 -0.017584675
v 0.017019531 -0.017357455 -0.0269166
v 0.017092689 -0.010038508 -0.017594032
v 0.017086695 -0.010035873 -0.017580576
v 0.01701301 -0.017369978 -0.026923088
v 0.017017209 -0.017362011 -0.026918833
v 0.017083823 -0.010034345 -0.017574382
v 0.017082204 -0.010033412 -0.017570944
v 0.017012233 -0.017371412 -0.026923899
v 0.017008733 -0.017377773 -0.026927665
v 0.01707841 -0.010031049 -0.017563036
v 0.017005961 -0.01738268 -0.026930746
v 0.017075615 -0.010029158 -0.01755732
v 0.017004238 -0.017385677 -0.026932706
v 0.01706272 -0.010019086 -0.017532007
v 0.017060623 -0.010017263 -0.017528033
v 0.016990708 -0.017407968 -0.026949073
v 0.016982677 -0.017420303 -0.026959498
v 0.01698642 -0.017414628 -0.026954579
v 0.016974421 -0.017432377 -0.026970694
v 0.016977353 -0.017428155 -0.026966664
v 0.017052815 -0.010010079 -0.017513551
v 0.017053842 -0.010011058 -0.017515431
v 0.016982072 -0.017421208 -0.026960302
v 0.017044169 -0.010001444 -0.017498038
v 0.017038791 -0.0099957397 -0.017488653
v 0.016965995 -0.017444112 -0.026982588
v 0.016967725 -0.017441752 -0.026980112
v 0.016971625 -0.017436333 -0.026974593
v 0.017048606 -0.010005961 -0.017505931
v 0.01703658 -0.0099933185 -0.017484846
v 0.016962832 -0.017448367 -0.02698717
v 0.0170338 -0.0099902212 -0.017480114
v 0.016957669 -0.017455146 -0.026994787
v 0.017028325 -0.0099839241 -0.017470934
v 0.016953165 -0.017460886 -0.027001569
v 0.017023709 -0.0099784213 -0.017463347
v 0.017019402 -0.0099731268 -0.017456396
v 0.019066402 -0.016189078 -0.027930514
v 0.019075708 -0.016201146 -0.027932694
v 0.019051952 -0.018026584 -0.030909724
v 0.019059401 -0.018033152 -0.030905203
v 0.019083885 -0.016214565 -0.027935113
v 0.019064692 -0.018038869 -0.030901256
v 0.019088514 -0.016224297 -0.027936865
v 0.01906936 -0.018044942 -0.030897059
v 0.019092481 -0.016234526 -0.027938703
v 0.019073368 -0.018051324 -0.030892642
v 0.019095756 -0.016245176 -0.027940617
v 0.019076684 -0.018057967 -0.030888039
v 0.019098314 -0.016256166 -0.027942589
v 0.019079286 -0.018064821 -0.030883286
v 0.019100133 -0.016267413 -0.027944606
v 0.019081148 -0.01807183 -0.030878415
v 0.019101204 -0.016278829 -0.027946652
v 0.019082266 -0.018078947 -0.030873469
v 0.01904541 -0.018021822 -0.030912995
v 0.019061271 -0.016183745 -0.027929549
v 0.019040203 -0.01801855 -0.030915237
v 0.019055914 -0.016178816 -0.027928655
v 0.019034719 -0.018015598 -0.030917256
v 0.019050299 -0.016174416 -0.027927856
v 0.019029037 -0.018012913 -0.030919087
v 0.019044496 -0.016170455 -0.027927134
v 0.019023135 -0.018010571 -0.030920677
v 0.01903849 -0.016167062 -0.027926515
v 0.019017079 -0.018008518 -0.030922065
v 0.019032343 -0.016164135 -0.027925977
v 0.01901086 -0.018006828 -0.030923198
v 0.01902605 -0.016161804 -0.027925546
v 0.01900453 -0.01800544 -0.03092412
v 0.019017511 -0.016159514 -0.027925119
v 0.018998101 -0.018004433 -0.030924778
v 0.019008845 -0.016158214 -0.027924867
v 0.01898943 -0.018003604 -0.030925293
v 0.019002309 -0.016157864 -0.02792479
v 0.018982893 -0.018003373 -0.030925409
v -0.019424905 -0.019726994 -0.033175722
v -0.019424752 -0.019726546 -0.033175666
v -0.019419454 -0.017938406 -0.034578928
v -0.019342869 -0.019646948 -0.033166255
v -0.01933618 -0.019646483 -0.033166215
v -0.019329768 -0.017992367 -0.034463756
v -0.019337538 -0.017993738 -0.034463181
v -0.019347209 -0.019647611 -0.033166324
v -0.019351483 -0.019648533 -0.033166426
v -0.019347286 -0.017992382 -0.034465911
v -0.019352228 -0.017991319 -0.034468085
v -0.019360222 -0.019651252 -0.033166733
v -0.019343425 -0.017993035 -0.034464579
v -0.019346817 -0.017992469 -0.034465732
v -0.01935774 -0.019650392 -0.033166636
v -0.019357188 -0.017989988 -0.034470821
v -0.019367228 -0.019654385 -0.033167093
v -0.019364165 -0.01798771 -0.034475535
v -0.0193763 -0.019659445 -0.033167681
v -0.019369021 -0.017985766 -0.034479568
v -0.019384948 -0.019665903 -0.033168442
v -0.019378328 -0.017981242 -0.034488995
v -0.019391379 -0.019671568 -0.033169112
v -0.019384425 -0.017977684 -0.034496427
v -0.019387205 -0.017975837 -0.03450029
v -0.019396593 -0.019677045 -0.033169757
v -0.019393901 -0.01797082 -0.034510799
v -0.01940475 -0.019687155 -0.033170958
v -0.019400763 -0.017964618 -0.034523807
v -0.019410669 -0.019696107 -0.033172025
v -0.019407345 -0.017957322 -0.034539127
v -0.019415964 -0.019705641 -0.033173161
v -0.019410815 -0.017952854 -0.034548518
v -0.019416065 -0.019705843 -0.033173186
v -0.019420747 -0.019715987 -0.033174399
v -0.01941197 -0.01795122 -0.034551956
v -0.019415374 -0.017945904 -0.034563144
v -0.019419199 -0.017938925 -0.034577838
v -0.019428233 -0.019738 -0.033177041
v -0.019422529 -0.017931334 -0.034593833
v -0.019424525 -0.017925766 -0.034605574
v -0.01942537 -0.017922989 -0.034611421
v -0.019430858 -0.019749244 -0.033178392
v -0.019426084 -0.017920342 -0.034617006
v -0.019432899 -0.01976148 -0.033179865
v -0.019431 -0.019749958 -0.033178481
v -0.019427472 -0.01791393 -0.034630539
v -0.019434132 -0.019773551 -0.033181322
v -0.019428644 -0.017905013 -0.034649373
v -0.019230927 -0.0097955157 -0.01739379
v -0.019230892 -0.0097942072 -0.017384637
v -0.019231892 -0.0097045759 -0.017402945
v -0.019230852 -0.0097919876 -0.017375663
v -0.019230808 -0.0097890365 -0.0173669
v -0.019230777 -0.0097865688 -0.017361249
v -0.019231661 -0.0097104453 -0.017395818
v -0.019330057 -0.0097044824 -0.017404857
v -0.019239808 -0.0096980211 -0.01740329
v -0.019328945 -0.0097129848 -0.017406207
v -0.019327094 -0.0097213593 -0.017407538
v -0.019324511 -0.009729544 -0.017408841
v -0.01932122 -0.0097374761 -0.017410107
v -0.0193173 -0.0097454609 -0.017407222
v -0.019317311 -0.0097449845 -0.017411306
v -0.019317182 -0.009745209 -0.017411342
v -0.019236568 -0.009699841 -0.01740318
v -0.019312617 -0.0097523475 -0.017412483
v -0.019307399 -0.0097591409 -0.017413573
v -0.019301541 -0.0097655262 -0.017414597
v -0.019242671 -0.0097117455 -0.017401689
v -0.019295144 -0.0097713821 -0.01741554
v -0.019288395 -0.0097765649 -0.017416377
v -0.019288239 -0.0097774454 -0.017409703
v -0.019288254 -0.0097766646 -0.017416392
v -0.019281037 -0.009781269 -0.017417139
v -0.01923819 -0.0097116228 -0.017403515
v -0.019273367 -0.0097852807 -0.017417793
v -0.019265375 -0.0097886204 -0.01741834
v -0.019257117 -0.0097912629 -0.017418777
v -0.01924866 -0.009793189 -0.017419103
v -0.0192307 -0.0097795561 -0.017348697
v -0.019239367 -0.0097744041 -0.017342233
v -0.019248015 -0.0097734613 -0.017342909
v -0.019258687 -0.0097794386 -0.017356856
v -0.019256526 -0.0097719298 -0.017344047
v -0.01926484 -0.0097698206 -0.017345641
v -0.019236337 -0.0097055931 -0.017399053
v -0.019272892 -0.0097671504 -0.017347676
v -0.019280621 -0.0097639378 -0.017350138
v -0.019287968 -0.0097602105 -0.017353009
v -0.019244645 -0.0097087227 -0.01739811
v -0.019294875 -0.0097559944 -0.017356264
v -0.019301293 -0.0097513222 -0.017359882
v -0.019307172 -0.0097462295 -0.017363834
v -0.019314838 -0.0097415642 -0.017375825
v -0.019312467 -0.0097407554 -0.017368089
v -0.019317135 -0.009734941 -0.017372616
v -0.019321145 -0.0097288301 -0.01737738
v -0.019324464 -0.0097224715 -0.017382344
v -0.019327069 -0.0097159104 -0.017387471
v -0.019328936 -0.0097091995 -0.017392722
v -0.019330056 -0.0097023881 -0.017398057
v -0.019262887 -0.0097867361 -0.017378015
v -0.019240064 -0.0097943818 -0.017419311
v -0.019230977 -0.0097959026 -0.017409184
v -0.019231005 -0.0097948381 -0.017419403
v 0.016958244 -0.017464068 -0.027005605
v 0.018998005 -0.017472759 -0.027009285
v 0.018998009 -0.01747228 -0.027008777
v 0.016981405 -0.017456021 -0.026997416
v 0.016967176 -0.017461099 -0.027002339
v 0.016994839 -0.017450875 -0.02699304
v 0.018998061 -0.017466296 -0.027002979
v 0.017000387 -0.017448637 -0.026991322
v 0.018998114 -0.017459782 -0.026997647
v 0.018998117 -0.017459363 -0.026997335
v 0.017017858 -0.017441132 -0.026986273
v 0.017006197 -0.017446221 -0.026989581
v 0.01899817 -0.017452396 -0.026992604
v 0.017037881 -0.017431653 -0.026981175
v 0.017048192 -0.017426403 -0.02697884
v 0.018998224 -0.017444825 -0.026988361
v 0.017064778 -0.017417213 -0.026975668
v 0.017051137 -0.017424839 -0.026978222
v 0.018998278 -0.017436793 -0.02698474
v 0.018998277 -0.017437037 -0.026984838
v 0.017048965 -0.017425996 -0.026978675
v 0.018998332 -0.017428723 -0.026981915
v 0.018998409 -0.017416054 -0.026979062
v 0.017081805 -0.017406702 -0.026973263
v 0.018998485 -0.017403052 -0.026977685
v 0.018998532 -0.017394416 -0.026977772
v 0.017111548 -0.017384697 -0.02697192
v 0.017100796 -0.017393409 -0.026971809
v 0.017121077 -0.01737597 -0.02697281
v 0.018998576 -0.017385776 -0.026978612
v 0.017129852 -0.017366766 -0.026974547
v 0.017134131 -0.017361587 -0.026975937
v 0.018998616 -0.017377412 -0.026980161
v 0.017136102 -0.017359011 -0.02697673
v 0.017142196 -0.017349586 -0.02698032
v 0.017138777 -0.01735515 -0.026978087
v 0.018998656 -0.017368879 -0.026982519
v 0.018998617 -0.017377072 -0.026980238
v 0.017145929 -0.017341716 -0.02698417
v 0.01899869 -0.017360747 -0.026985557
v 0.018998721 -0.017352908 -0.026989285
v 0.017147963 -0.017335085 -0.026988107
v 0.018998749 -0.017345424 -0.026993682
v 0.017148731 -0.017329439 -0.026992065
v 0.018998772 -0.017338038 -0.026998951
v 0.019011807 -0.017338697 -0.026999741
v 0.019024632 -0.017340283 -0.027001714
v 0.019036959 -0.017343 -0.027005129
v 0.019048693 -0.01734658 -0.027009648
v 0.019059468 -0.017351171 -0.027015459
v 0.019069309 -0.017356502 -0.027022218
v 0.019077801 -0.017362654 -0.027030027
v 0.019085081 -0.01736937 -0.02703856
v 0.019089065 -0.017374169 -0.027044661
v 0.019093644 -0.017381736 -0.02705429
v 0.019097313 -0.017392251 -0.02706768
v -0.01938556 -0.017817258 -0.030789756
v -0.019378988 -0.017812565 -0.030793067
v -0.019316351 -0.017794798 -0.030805873
v -0.019322891 -0.017794959 -0.030805715
v -0.019329408 -0.017795432 -0.030805343
v -0.019333721 -0.017795953 -0.03080495
v -0.019340124 -0.017797044 -0.030804146
v -0.019346434 -0.01779844 -0.03080313
v -0.01935057 -0.017799571 -0.030802315
v -0.01935664 -0.017801557 -0.030800888
v -0.019362557 -0.017803835 -0.030799262
v -0.019368256 -0.017806459 -0.030797396
v -0.019373758 -0.01780935 -0.030795342
v -0.019393052 -0.017823742 -0.030785187
v -0.01939838 -0.017829401 -0.030781207
v -0.019403087 -0.017835424 -0.030776983
v -0.019407136 -0.017841763 -0.030772541
v -0.019410496 -0.017848369 -0.030767916
v -0.019413143 -0.017855194 -0.030763146
v -0.019415052 -0.017862183 -0.030758264
v -0.019416215 -0.017869287 -0.03075331
v -0.017257933 -0.009806735 -0.017412182
v -0.017244029 -0.009806595 -0.017403576
v -0.017139942 -0.0097888936 -0.017352247
v -0.01715956 -0.0098468483 -0.017336586
v -0.017155267 -0.0097930003 -0.017358625
v -0.017151262 -0.0097919732 -0.017356923
v -0.017189451 -0.009800412 -0.017374224
v -0.017181606 -0.0097989319 -0.017370471
v -0.017206867 -0.0098032037 -0.017382947
v -0.017187739 -0.0098676252 -0.017354201
v -0.017220967 -0.0098049542 -0.017390409
v -0.017232585 -0.0098059933 -0.017396875
v -0.017274333 -0.009805803 -0.017423196
v 0.019012985 -0.017399553 -0.02707269
v 0.019000018 -0.017386523 -0.027058055
v 0.019000578 -0.017390963 -0.027058167
v 0.019021015 -0.017356767 -0.026990422
v 0.019006085 -0.017393733 -0.027058409
v 0.019007557 -0.017371883 -0.026982252
v 0.0190023 -0.017376965 -0.026980348
v 0.019000557 -0.017398765 -0.02706288
v 0.019033177 -0.0173926 -0.026984453
v 0.019004651 -0.01738868 -0.027060541
v 0.019050089 -0.01738556 -0.02699366
v 0.019042963 -0.017354299 -0.02700099
v 0.019007389 -0.017393981 -0.027066717
v 0.019063728 -0.017377685 -0.027005727
v 0.019007017 -0.017399807 -0.027066809
v 0.019001036 -0.017399785 -0.027075111
v 0.019000442 -0.017400736 -0.027071844
v 0.019006461 -0.017417829 -0.026979932
v 0.019076647 -0.017372107 -0.027022603
v 0.018999788 -0.017403819 -0.027071499
v 0.019005824 -0.017436818 -0.026985065
v 0.019004475 -0.017405161 -0.02707009
v 0.01901084 -0.017402164 -0.027072453
v 0.019011958 -0.017405542 -0.027068756
v 0.019033527 -0.017459461 -0.027006321
v 0.019006533 -0.017459539 -0.0269979
v 0.019006689 -0.017472508 -0.027009546
v 0.019097788 -0.017407158 -0.02707256
v 0.019096626 -0.017413957 -0.027067218
v 0.01909472 -0.017420649 -0.027061956
v 0.019092076 -0.017427181 -0.027056812
v 0.019088719 -0.017433503 -0.027051828
v 0.019084672 -0.01743957 -0.027047038
v 0.019079969 -0.017445333 -0.027042482
v 0.019074642 -0.017450749 -0.027038194
v 0.019068732 -0.017455778 -0.027034205
v 0.019062287 -0.01746038 -0.027030548
v 0.019055355 -0.01746452 -0.027027248
v 0.019047986 -0.017468169 -0.027024332
v 0.019040238 -0.017471296 -0.027021822
v 0.019032169 -0.017473878 -0.027019736
v 0.019023843 -0.017475897 -0.027018091
v 0.019015324 -0.017477336 -0.027016898
v 0.01900667 -0.017478185 -0.027016169
v 0.018976236 -0.014000693 -0.042834789
v 0.018984892 -0.01400004 -0.042833923
v 0.018956393 -0.01345696 -0.04325974
v 0.018993421 -0.013998919 -0.042832462
v 0.018969043 -0.013454184 -0.043257944
v 0.019001756 -0.013997347 -0.042830426
v 0.019009834 -0.013995327 -0.042827821
v 0.01898511 -0.013449055 -0.043253616
v 0.019017597 -0.013992885 -0.042824678
v 0.019024981 -0.013990032 -0.042821013
v 0.018999801 -0.013442353 -0.043247092
v 0.019031932 -0.013986792 -0.042816857
v 0.019038398 -0.013983189 -0.042812239
v 0.019012663 -0.013434282 -0.043238566
v 0.019044331 -0.013979251 -0.042807197
v 0.01904968 -0.01397501 -0.04280177
v 0.019023305 -0.013425085 -0.043228299
v 0.01905441 -0.013970494 -0.042795995
v 0.019058484 -0.013965737 -0.042789916
v 0.019031407 -0.013415041 -0.0432166
v 0.019061868 -0.013960781 -0.042783586
v 0.019064541 -0.013955661 -0.042777049
v 0.019036722 -0.013404459 -0.043203831
v 0.019066478 -0.013950415 -0.042770354
v 0.019067668 -0.013945082 -0.042763552
v 0.019038873 -0.01339636 -0.043193793
v 0.018867854 -0.012917686 -0.04368213
v 0.018880363 -0.012914049 -0.043681013
v 0.018896254 -0.012907823 -0.043677542
v 0.018910777 -0.012900119 -0.043671798
v 0.018923494 -0.012891172 -0.043663957
v 0.01888882 -0.012866432 -0.043622654
v 0.018947286 -0.012859724 -0.043630497
v 0.018949415 -0.012851486 -0.043620574
v 0.018719954 -0.012386322 -0.044097877
v 0.018732224 -0.012381834 -0.044097425
v 0.018747813 -0.012374528 -0.044094798
v 0.018762061 -0.012365839 -0.044089828
v 0.018723426 -0.012332958 -0.04403126
v 0.018797888 -0.01232298 -0.044050454
v 0.018799974 -0.012314599 -0.044040637
v 0.018517823 -0.011865204 -0.044503985
v 0.018529674 -0.011859683 -0.044503871
v 0.018540924 -0.011853229 -0.044502212
v 0.018509124 -0.011813183 -0.044432443
v 0.018589659 -0.011798309 -0.044460505
v 0.018591694 -0.011789792 -0.044450794
v 0.018254871 -0.011361428 -0.044897238
v 0.018269973 -0.011352755 -0.044897496
v 0.018244145 -0.011310061 -0.044823498
v 0.018324189 -0.011289706 -0.044857526
v 0.018326153 -0.011281056 -0.044847919
v 0.017942686 -0.010873858 -0.045275152
v 0.017925311 -0.01082689 -0.045198842
v 0.018003494 -0.010801041 -0.0452385
v 0.018005377 -0.010792264 -0.045228992
v 0.017553209 -0.010367374 -0.045553918
v 0.017630018 -0.010336034 -0.045600525
v 0.017631802 -0.010327135 -0.045591111
v 0.01714096 -0.0099516168 -0.045920459
v 0.017172574 -0.0099588778 -0.045972619
v 0.017143594 -0.0099327254 -0.045899676
v 0.017206601 -0.0098982212 -0.045940845
v 0.017208275 -0.0098892088 -0.04593152
v 0.016675835 -0.0095486844 -0.046233115
v 0.016705021 -0.0095538268 -0.046286914
v 0.016678277 -0.0095296269 -0.046212451
v 0.016736471 -0.009490937 -0.046256871
v 0.016738021 -0.0094818211 -0.04624763
v 0.01616803 -0.0091790202 -0.046519354
v 0.01619456 -0.0091822212 -0.046574655
v 0.016170267 -0.0091598113 -0.046498803
v 0.016223196 -0.0091172814 -0.046546198
v 0.016224612 -0.0091080651 -0.046537031
v 0.01562141 -0.0088454344 -0.046776993
v 0.015648157 -0.0088411232 -0.04683333
v 0.015626321 -0.0088242409 -0.04676085
v 0.015670691 -0.0087800961 -0.046806625
v 0.015671963 -0.0087707949 -0.046797528
v 0.015038476 -0.0085419413 -0.046988371
v 0.01506777 -0.0085344556 -0.047061005
v 0.015048065 -0.0085258877 -0.046994359
v 0.015083154 -0.0084819509 -0.047036171
v 0.015084276 -0.0084725697 -0.04702713
v 0.014427239 -0.008287961 -0.047183093
v 0.014452 -0.0082785791 -0.04725718
v 0.014435369 -0.0082712949 -0.04718955
v 0.014465063 -0.008225111 -0.047233084
v 0.014466023 -0.0082156624 -0.047224095
v 0.013790047 -0.0080745967 -0.047339473
v 0.013812632 -0.008057456 -0.047418086
v 0.013800654 -0.008054242 -0.047360064
v 0.013821119 -0.0080115322 -0.04739587
v 0.013821911 -0.0080020285 -0.047386923
v 0.013133287 -0.0079131872 -0.047476579
v 0.013146301 -0.0079062675 -0.047546713
v 0.013149722 -0.0078892661 -0.047545122
v 0.013140689 -0.0078868036 -0.047486532
v 0.013156223 -0.0078428394 -0.047523285
v 0.013156841 -0.0078332939 -0.047514375
v 0.012460219 -0.0077969949 -0.047576095
v 0.012467353 -0.0077929214 -0.047636967
v 0.012469263 -0.0077799909 -0.047637391
v 0.012470966 -0.0077671128 -0.047635931
v 0.012464953 -0.0077651956 -0.047576936
v 0.012475436 -0.0077203202 -0.047614367
v 0.012475877 -0.0077107401 -0.047605478
v 0.011776701 -0.0077512208 -0.047681447
v 0.011778218 -0.0077349788 -0.047687544
v 0.011779647 -0.007717916 -0.047690719
v 0.011780641 -0.0077048888 -0.047691217
v 0.011781533 -0.0076919211 -0.047689822
v 0.011782881 -0.0076690703 -0.047682942
v 0.011783545 -0.0076554615 -0.047676122
v 0.011783937 -0.0076449008 -0.047668417
v 0.011784199 -0.0076353045 -0.047659544
v 0.011086329 -0.0077351849 -0.047691569
v 0.011086356 -0.0077276776 -0.047696013
v 0.011086387 -0.0077198125 -0.047699786
v 0.011086422 -0.0077116465 -0.047702857
v 0.01108646 -0.0077032423 -0.047705202
v 0.011086501 -0.0076946706 -0.047706812
v 0.011086547 -0.007685989 -0.047707666
v 0.011086593 -0.0076772645 -0.047707758
v 0.011086643 -0.0076685664 -0.047707091
v 0.011086694 -0.0076599605 -0.04770567
v 0.011086747 -0.0076515109 -0.047703503
v 0.011086801 -0.0076432807 -0.047700604
v 0.011086856 -0.0076353337 -0.047697002
v 0.01108691 -0.007627733 -0.047692721
v 0.011086965 -0.0076205331 -0.047687794
v 0.011087019 -0.0076137913 -0.047682258
v 0.011087072 -0.0076075561 -0.047676155
v -0.019296937 -0.015949289 -0.027805252
v -0.019303477 -0.015949568 -0.02780529
v -0.019309996 -0.015950348 -0.027805416
v -0.019314313 -0.0159512 -0.027805558
v -0.019320723 -0.015952971 -0.027805862
v -0.019327044 -0.015955233 -0.027806253
v -0.019333226 -0.015958092 -0.027806751
v -0.019339272 -0.01596142 -0.027807333
v -0.019345121 -0.015965316 -0.027808018
v -0.01935079 -0.015969657 -0.027808784
v -0.019356205 -0.015974527 -0.027809643
v -0.019361398 -0.015979803 -0.027810577
v -0.019367877 -0.015987543 -0.027811949
v -0.019373824 -0.015995995 -0.027813448
v -0.019379188 -0.016005099 -0.027815066
v -0.019383933 -0.016014779 -0.027816787
v -0.019388022 -0.016024964 -0.0278186
v -0.019391424 -0.016035578 -0.027820494
v -0.019394115 -0.01604654 -0.027822449
v -0.01939607 -0.016057766 -0.027824454
v -0.017288308 -0.017130378 -0.026796653
v -0.017286573 -0.017135069 -0.026797468
v -0.017218281 -0.0098575934 -0.017521285
v -0.017283331 -0.017143335 -0.026799377
v -0.017282019 -0.017146529 -0.026800267
v -0.017213451 -0.0098549043 -0.017505604
v -0.01716335 -0.0098215691 -0.01740267
v -0.017165935 -0.00982399 -0.017407254
v -0.017234894 -0.017234411 -0.026853104
v -0.01721078 -0.017269067 -0.026888143
v -0.017206383 -0.017274856 -0.026894952
v -0.017131484 -0.0097871444 -0.017349808
v -0.017215826 -0.017262232 -0.026880493
v -0.017140168 -0.0097973377 -0.01736357
v -0.017218912 -0.017257944 -0.026875892
v -0.017141066 -0.0097983576 -0.017365022
v -0.017135889 -0.0097923907 -0.01735673
v -0.017151319 -0.0098095434 -0.017381941
v -0.017227136 -0.017246117 -0.026863945
v -0.017148801 -0.0098068752 -0.017377726
v -0.017224405 -0.017250105 -0.026867863
v -0.01714706 -0.0098049978 -0.017374831
v -0.017220598 -0.017255565 -0.026873406
v -0.017156824 -0.0098151963 -0.017391309
v -0.017229996 -0.017241865 -0.026859899
v -0.017243287 -0.017221097 -0.026841876
v -0.017238555 -0.01722869 -0.026848138
v -0.017251476 -0.017207381 -0.026831486
v -0.017247886 -0.017213492 -0.026835968
v -0.017173659 -0.0098308526 -0.017421242
v -0.017171062 -0.0098286106 -0.017416491
v -0.017257882 -0.017196078 -0.026823803
v -0.017256204 -0.017199096 -0.026825776
v -0.017181376 -0.0098371061 -0.017435695
v -0.017177148 -0.0098337582 -0.017427713
v -0.01719124 -0.0098440701 -0.017454982
v -0.017193302 -0.0098453566 -0.01745915
v -0.017264743 -0.0171833 -0.026816099
v -0.017188845 -0.0098424985 -0.017450208
v -0.017263987 -0.017184747 -0.026816918
v -0.01726058 -0.017191145 -0.026820706
v -0.017195324 -0.0098465505 -0.017463285
v -0.017195681 -0.0098467562 -0.017464024
v -0.017268829 -0.017175291 -0.026811822
v -0.01727112 -0.017170647 -0.026809546
v -0.017197088 -0.0098475367 -0.01746694
v -0.017199234 -0.00984866 -0.01747145
v -0.017275765 -0.01716082 -0.026805239
v -0.017202527 -0.0098502001 -0.01747851
v -0.017277238 -0.017157577 -0.026803976
v -0.017204751 -0.0098511037 -0.017483384
v -0.017208005 -0.0098523996 -0.017490966
v -0.01720112 -0.0098495711 -0.017475472
v -0.017212003 -0.0098541906 -0.017501433
v -0.017280873 -0.017149257 -0.026801093
v -0.017216212 -0.0098563749 -0.017514184
v -0.017285449 -0.017138003 -0.026798085
v -0.017292387 -0.017118308 -0.026795547
v -0.017222234 -0.0098602787 -0.017536919
v -0.017293616 -0.017114257 -0.026795537
v -0.017224553 -0.009862163 -0.017547881
v -0.017220858 -0.0098592797 -0.017531107
v -0.017290738 -0.017123394 -0.026795833
v -0.017226388 -0.0098638979 -0.017557958
v -0.017296357 -0.017104085 -0.026796395
v -0.017225593 -0.0098631133 -0.017553399
v -0.017295304 -0.017108223 -0.026795884
v -0.017297166 -0.017100567 -0.02679705
v -0.017228375 -0.0098661683 -0.017571143
v -0.017298267 -0.017095096 -0.026798468
v -0.017229109 -0.0098671654 -0.017576933
v -0.017227134 -0.0098646918 -0.017562574
v -0.017227832 -0.0098654933 -0.017567222
v -0.017229612 -0.0098679257 -0.017581344
v -0.017230177 -0.0098688863 -0.017586912
v -0.017298873 -0.017091474 -0.02679973
v -0.017299349 -0.017087937 -0.026801251
v -0.017230533 -0.0098695716 -0.017590881
v -0.017230914 -0.0098703998 -0.017595678
v -0.017299568 -0.017085819 -0.026802334
v -0.017231512 -0.0098720616 -0.017605301
v -0.017299869 -0.017081632 -0.02680481
v -0.017232044 -0.009875418 -0.017624724
v -0.017299931 -0.017078634 -0.026806978
v -0.017231891 -0.0098737386 -0.017615009
v -0.017231754 -0.0098730123 -0.017610811
v 0.019038455 -0.023702665 -0.035097717
v 0.019037295 -0.023709462 -0.035092374
v 0.019035388 -0.023716154 -0.035087112
v 0.019032744 -0.023722685 -0.035081967
v 0.019029387 -0.023729009 -0.035076983
v 0.01902534 -0.023735074 -0.035072192
v 0.019020636 -0.023740838 -0.035067638
v 0.01901531 -0.023746253 -0.035063348
v 0.019009399 -0.023751283 -0.03505936
v 0.019002954 -0.023755885 -0.035055704
v 0.018996021 -0.023760026 -0.035052405
v 0.018988654 -0.023763673 -0.035049486
v 0.018980905 -0.0237668 -0.035046976
v 0.018972838 -0.023769383 -0.035044891
v 0.018964511 -0.023771401 -0.035043245
v 0.01895599 -0.023772842 -0.035042055
v 0.018947338 -0.023773691 -0.035041324
v 0.018946993 -0.023756795 -0.035181188
v 0.018955649 -0.023756143 -0.035180322
v 0.018964178 -0.023755022 -0.035178861
v 0.018972513 -0.023753449 -0.035176825
v 0.018980591 -0.02375143 -0.03517422
v 0.018988354 -0.023748988 -0.035171077
v 0.018995738 -0.023746135 -0.035167411
v 0.019002689 -0.023742894 -0.035163255
v 0.019009155 -0.023739291 -0.035158638
v 0.019015087 -0.023735357 -0.035153599
v 0.019020437 -0.023731112 -0.035148169
v 0.019025167 -0.023726596 -0.035142394
v 0.019029241 -0.02372184 -0.035136315
v 0.019032625 -0.023716887 -0.035129988
v 0.019035298 -0.023711764 -0.035123448
v 0.019037234 -0.023706518 -0.035116753
v 0.019038425 -0.023701185 -0.035109951
v -0.011413229 -0.0076126551 -0.047621347
v -0.011413202 -0.0076051477 -0.04762579
v -0.011413171 -0.0075972804 -0.04762956
v -0.011413136 -0.0075891166 -0.047632634
v -0.011413097 -0.0075807124 -0.047634979
v -0.011413055 -0.0075721377 -0.047636587
v -0.011413011 -0.0075634561 -0.04763744
v -0.011412964 -0.0075547323 -0.047637532
v -0.011412914 -0.0075460335 -0.047636866
v -0.011412864 -0.0075374283 -0.047635444
v -0.01141281 -0.0075289788 -0.047633277
v -0.011412757 -0.0075207501 -0.047630382
v -0.011412702 -0.0075128038 -0.047626779
v -0.011412648 -0.0075052024 -0.047622498
v -0.011412593 -0.0074980009 -0.047617569
v -0.011412539 -0.0074912614 -0.047612035
v -0.011412486 -0.0074850255 -0.047605932
v -0.019400027 -0.017182597 -0.026947524
v -0.019397497 -0.017174685 -0.026937428
v -0.01939313 -0.017167084 -0.026927723
v -0.019384999 -0.017157596 -0.026915596
v -0.019374318 -0.017149125 -0.026904758
v -0.019361412 -0.017141934 -0.026895543
v -0.019350551 -0.017137461 -0.026889799
v -0.019338751 -0.017134009 -0.026885354
v -0.019326374 -0.017131426 -0.026882015
v -0.019317848 -0.017130307 -0.026880556
v -0.019309191 -0.017129652 -0.026879687
v -0.019300474 -0.017129463 -0.026879414
v -0.017230576 -0.017271205 -0.026891988
v -0.017238508 -0.017268159 -0.026889259
v -0.019301185 -0.017257721 -0.026883442
v -0.017290375 -0.017244837 -0.026874099
v -0.01730254 -0.017238439 -0.026871271
v -0.019300969 -0.01722834 -0.026865252
v -0.017398281 -0.017139791 -0.026885311
v -0.01740018 -0.01714422 -0.026882107
v -0.019300497 -0.017136849 -0.026874145
v -0.017398899 -0.017150047 -0.026878371
v -0.017397112 -0.017155215 -0.02687548
v -0.019300524 -0.017144334 -0.02686975
v -0.017387068 -0.017172293 -0.026868585
v -0.017392579 -0.017163996 -0.026871526
v -0.019300556 -0.017152172 -0.026866019
v -0.017381864 -0.017178816 -0.026866831
v -0.01930059 -0.017160304 -0.026862982
v -0.019300628 -0.017168668 -0.026860662
v -0.017374855 -0.017186434 -0.026865387
v -0.019300715 -0.01718584 -0.026858236
v -0.017366402 -0.017194562 -0.026864472
v -0.01930285 -0.01717705 -0.026859138
v -0.019300761 -0.017194477 -0.026858148
v -0.01930081 -0.017203175 -0.026858815
v -0.017339863 -0.01721552 -0.026865165
v -0.017352703 -0.017206079 -0.026864284
v -0.017359414 -0.017197602 -0.026792172
v -0.019300862 -0.017211782 -0.026860237
v -0.017324741 -0.017225461 -0.026867127
v -0.019300915 -0.017220148 -0.026862378
v -0.01731378 -0.017232098 -0.026868994
v -0.019301022 -0.017236251 -0.026868824
v -0.01726906 -0.017255193 -0.026879726
v -0.017277024 -0.017251468 -0.026877513
v -0.019301077 -0.017243823 -0.026873068
v -0.017252092 -0.017262623 -0.026884843
v -0.019301131 -0.017250998 -0.026877954
v -0.017215961 -0.01727645 -0.026897296
v -0.019301237 -0.017263944 -0.026889493
v 0.018949124 -0.023770496 -0.035167354
v 0.018968952 -0.023698271 -0.035102555
v 0.018962508 -0.023703902 -0.035099298
v 0.018950477 -0.02369796 -0.035103831
v 0.018951481 -0.023701837 -0.03510401
v 0.018943885 -0.023698653 -0.03510176
v 0.018953242 -0.023710138 -0.035105052
v 0.018945327 -0.023699075 -0.035105008
v 0.019005999 -0.023767959 -0.035089441
v 0.019029224 -0.023730145 -0.035127152
v 0.018948517 -0.023703842 -0.035109474
v 0.018943236 -0.023703081 -0.035105702
v 0.018952643 -0.02371381 -0.035093235
v 0.019015066 -0.023745124 -0.035143617
v 0.018941668 -0.023700257 -0.035101903
v 0.018945354 -0.023704803 -0.035109758
v 0.018945303 -0.023712413 -0.035104349
v 0.018941446 -0.023702711 -0.035108493
v 0.018940764 -0.023706152 -0.035102597
v 0.018968603 -0.023777348 -0.035054403
v 0.018942403 -0.023716398 -0.035110085
v 0.018955758 -0.023789943 -0.03507644
v 0.018955885 -0.023782981 -0.035058456
v 0.018947175 -0.023788464 -0.035067775
v 0.018947266 -0.023780961 -0.035052125
v 0.018938258 -0.023763607 -0.035175784
v 0.018938244 -0.023769709 -0.035169549
v 0.018938235 -0.023775246 -0.035162807
v 0.01893823 -0.023780174 -0.035155609
v 0.018938231 -0.023784451 -0.035148004
v 0.018938235 -0.023788055 -0.035140059
v 0.018938245 -0.023790951 -0.035131831
v 0.01893826 -0.023793117 -0.035123381
v 0.01893828 -0.023794541 -0.035114773
v 0.018938302 -0.023795209 -0.035106076
v 0.01893833 -0.023795115 -0.035097353
v 0.018938364 -0.023794261 -0.03508867
v 0.018938398 -0.023792655 -0.035080094
v 0.018938438 -0.023790307 -0.035071693
v 0.01893848 -0.023787235 -0.035063527
v 0.018938524 -0.023783462 -0.03505566
v 0.018938573 -0.02377902 -0.035048151
v -0.012103302 -0.0076250949 -0.047605042
v -0.012104358 -0.0076131755 -0.047610313
v -0.012105685 -0.0075964454 -0.04761496
v -0.012106876 -0.0075791505 -0.047616623
v -0.012107896 -0.00756182 -0.047615259
v -0.012108714 -0.0075449811 -0.047610907
v -0.012109307 -0.0075291372 -0.047603691
v -0.012109655 -0.00751478 -0.047593844
v -0.012789018 -0.0076884101 -0.047549101
v -0.012787625 -0.0076495445 -0.047489353
v -0.012797758 -0.0076295007 -0.047557065
v -0.012791453 -0.0076276665 -0.047498096
v -0.012801582 -0.0075826618 -0.047535473
v -0.013460104 -0.0077630444 -0.047382405
v -0.013477224 -0.0077442582 -0.047462016
v -0.013467895 -0.0077419157 -0.047403467
v -0.013483083 -0.0076977652 -0.047440144
v -0.014118495 -0.0079226829 -0.047252308
v -0.01414112 -0.0079052206 -0.047330837
v -0.014128838 -0.0079021672 -0.047272871
v -0.014148968 -0.0078592078 -0.04730857
v -0.014756435 -0.0081269257 -0.047087369
v -0.014784398 -0.0081111629 -0.047164529
v -0.014769252 -0.0081071928 -0.047107296
v -0.014794171 -0.0080657662 -0.04714176
v -0.015369069 -0.0083742201 -0.046888844
v -0.015402158 -0.0083605155 -0.046964351
v -0.015384265 -0.0083554407 -0.046908013
v -0.015413781 -0.008315865 -0.046940984
v -0.015951735 -0.0086626829 -0.046658243
v -0.015989702 -0.0086513823 -0.046731831
v -0.01596919 -0.0086450158 -0.046676519
v -0.016003086 -0.0086076039 -0.046707769
v -0.0165 -0.0089901202 -0.046397325
v -0.016542556 -0.0089815496 -0.046468736
v -0.01651958 -0.00897372 -0.046414593
v -0.016557595 -0.008938761 -0.046443887
v -0.017009688 -0.0093540401 -0.046108071
v -0.017056513 -0.0093485032 -0.046177071
v -0.017031247 -0.0093390438 -0.046124221
v -0.017073093 -0.009306812 -0.046151346
v -0.017476923 -0.0097516727 -0.045792686
v -0.017527661 -0.0097494526 -0.045859054
v -0.017500301 -0.0097382109 -0.04580762
v -0.017545649 -0.0097089628 -0.045832378
v -0.017898148 -0.010179992 -0.045453569
v -0.017952416 -0.010181346 -0.045517107
v -0.017923166 -0.010168184 -0.045467196
v -0.017971679 -0.01014215 -0.045489408
v -0.018272843 -0.010637111 -0.045097575
v -0.018327545 -0.010640894 -0.04515383
v -0.018296622 -0.010625691 -0.045105535
v -0.018347929 -0.010603073 -0.045125041
v -0.018590117 -0.01111544 -0.044714622
v -0.01865019 -0.0111246 -0.044771988
v -0.018617831 -0.011107249 -0.044725391
v -0.018671544 -0.011088231 -0.044742059
v -0.018855596 -0.01161545 -0.044320416
v -0.018917902 -0.011628786 -0.04437449
v -0.01888434 -0.011609192 -0.044329654
v -0.018940995 -0.011589657 -0.044338509
v -0.019065963 -0.012131269 -0.04391342
v -0.019137518 -0.012140216 -0.043956304
v -0.019097225 -0.012122791 -0.04391649
v -0.019153354 -0.012107909 -0.043922181
v -0.019223529 -0.01267315 -0.043515309
v -0.01926483 -0.01269433 -0.043554366
v -0.019238741 -0.012665214 -0.043509663
v -0.019293433 -0.012670479 -0.0435323
v -0.019248763 -0.012654139 -0.043498543
v -0.019306008 -0.012643149 -0.043501173
v -0.019327817 -0.013246061 -0.043138673
v -0.01934592 -0.013240307 -0.043133981
v -0.019365396 -0.013230439 -0.043124248
v -0.019378754 -0.0132207 -0.04311379
v -0.019390617 -0.013207061 -0.04309815
v -0.019396729 -0.013195154 -0.043083876
v -0.019398728 -0.013187033 -0.043073826
v -0.019340438 -0.013792024 -0.042715199
v -0.019349082 -0.013791275 -0.042714276
v -0.019357587 -0.013790064 -0.042712765
v -0.019365893 -0.013788399 -0.042710675
v -0.019373932 -0.013786293 -0.042708022
v -0.019381649 -0.013783764 -0.042704828
v -0.019388978 -0.013780833 -0.042701119
v -0.019395868 -0.013777515 -0.042696916
v -0.019402264 -0.013773844 -0.04269226
v -0.019408122 -0.013769844 -0.042687184
v -0.019413392 -0.013765541 -0.04268172
v -0.019418035 -0.013760975 -0.042675917
v -0.019422019 -0.013756176 -0.042669815
v -0.019425311 -0.013751185 -0.042663465
v -0.019427885 -0.013746034 -0.04265691
v -0.019429723 -0.013740766 -0.042650201
v -0.019430812 -0.013735421 -0.042643392
v -0.019304108 -0.017200489 -0.026947566
v -0.019302709 -0.017196013 -0.026942621
v -0.019304036 -0.01717746 -0.02693384
v -0.019305144 -0.01714121 -0.026871734
v -0.019305991 -0.017134628 -0.026875808
v -0.019322395 -0.01713734 -0.026876807
v -0.019305397 -0.017161801 -0.026862736
v -0.019303796 -0.017187745 -0.026951018
v -0.019308171 -0.017183663 -0.026943846
v -0.019302665 -0.017190172 -0.026948445
v -0.019308194 -0.017186011 -0.026948469
v -0.019348886 -0.017171105 -0.026872752
v -0.019304428 -0.017186861 -0.026945142
v -0.019309483 -0.017190513 -0.026937693
v -0.019307996 -0.017192283 -0.026947602
v -0.019314589 -0.01718902 -0.026943117
v -0.019313235 -0.017187096 -0.026948662
v -0.019324689 -0.017212935 -0.026863556
v -0.019379237 -0.01719735 -0.026896503
v -0.01931386 -0.017190341 -0.026951654
v -0.019307452 -0.017196333 -0.026942043
v -0.01930685 -0.017195986 -0.026950665
v -0.019372193 -0.017215454 -0.026892495
v -0.019314202 -0.017195938 -0.026950021
v -0.019317834 -0.017191038 -0.026953646
v -0.019370837 -0.017236284 -0.026902916
v -0.019346723 -0.017250419 -0.026891965
v -0.019392489 -0.017212433 -0.026924174
v -0.019310005 -0.017269516 -0.026896577
v -0.019318653 -0.017268572 -0.026897253
v -0.019327164 -0.017267041 -0.026898392
v -0.019335478 -0.017264931 -0.026899986
v -0.01934353 -0.017262261 -0.026902021
v -0.01935126 -0.017259049 -0.026904483
v -0.019358606 -0.017255321 -0.026907354
v -0.019365513 -0.017251105 -0.026910609
v -0.019371931 -0.017246433 -0.026914226
v -0.01937781 -0.01724134 -0.026918179
v -0.019383105 -0.017235866 -0.026922433
v -0.019387773 -0.017230051 -0.026926961
v -0.019391783 -0.017223942 -0.026931724
v -0.019395102 -0.017217582 -0.026936688
v -0.019397707 -0.017211021 -0.026941815
v -0.019399574 -0.01720431 -0.026947067
v -0.019400694 -0.017197498 -0.026952401
v 0.0021385887 -0.023672116 -0.035123349
v 0.0021385747 -0.023678221 -0.035117117
v 0.0021385657 -0.023683755 -0.035110372
v 0.0021385615 -0.023688683 -0.035103174
v 0.0021385618 -0.023692963 -0.035095571
v 0.0021385669 -0.023696566 -0.035087627
v 0.0021385768 -0.02369946 -0.035079396
v 0.0021385914 -0.023701627 -0.035070945
v 0.0021386106 -0.02370305 -0.035062338
v 0.0021386341 -0.023703718 -0.035053641
v 0.0021386618 -0.023703626 -0.03504492
v 0.0021386937 -0.023702772 -0.035036238
v 0.002138729 -0.023701163 -0.035027659
v 0.002138768 -0.023698818 -0.035019261
v 0.0021388104 -0.023695744 -0.035011092
v 0.0021388555 -0.023691974 -0.035003227
v 0.0021389031 -0.023687531 -0.034995719
v -0.019369682 -0.023548127 -0.035061598
v -0.019378325 -0.02354738 -0.035060678
v -0.01938683 -0.023546167 -0.035059164
v -0.019395136 -0.023544501 -0.035057073
v -0.019403175 -0.023542396 -0.035054421
v -0.019410892 -0.02353987 -0.035051229
v -0.019418221 -0.023536936 -0.035047517
v -0.019425111 -0.02353362 -0.035043318
v -0.019431508 -0.023529947 -0.035038659
v -0.019437365 -0.023525946 -0.035033583
v -0.019442635 -0.023521646 -0.035028121
v -0.019447278 -0.023517078 -0.035022316
v -0.019451263 -0.023512279 -0.035016214
v -0.019454554 -0.023507288 -0.035009864
v -0.01945713 -0.023502138 -0.035003308
v -0.019458968 -0.023496871 -0.034996602
v -0.019460056 -0.023491526 -0.034989793
v -0.019460027 -0.023493004 -0.034977557
v -0.019458907 -0.023499816 -0.034972223
v -0.01945704 -0.023506527 -0.034966972
v -0.019454435 -0.023513088 -0.034961845
v -0.019451117 -0.023519446 -0.034956878
v -0.019447106 -0.023525556 -0.034952114
v -0.019442436 -0.023531372 -0.034947591
v -0.019437143 -0.023536846 -0.034943335
v -0.019431262 -0.023541938 -0.034939382
v -0.019424844 -0.023546611 -0.034935766
v -0.019417937 -0.023550826 -0.034932508
v -0.019410592 -0.023554554 -0.034929639
v -0.019402863 -0.023557767 -0.034927177
v -0.019394811 -0.023560437 -0.034925142
v -0.019386497 -0.023562546 -0.034923548
v -0.019377984 -0.023564077 -0.034922409
v -0.019369338 -0.02356502 -0.034921732
v 0.0021822884 -0.01752753 -0.027144553
v 0.0021782654 -0.017531874 -0.02715123
v 0.0021212914 -0.023681118 -0.034989544
v 0.0021494724 -0.017558938 -0.027202197
v 0.0021457967 -0.01756181 -0.027209166
v 0.0020888722 -0.023671588 -0.034996782
v 0.0020963584 -0.017558696 -0.027335949
v 0.0020395814 -0.023610363 -0.035044446
v 0.0020967177 -0.017561919 -0.027332494
v 0.0020407221 -0.023617138 -0.03503914
v 0.002097591 -0.017565759 -0.027327256
v 0.0021024818 -0.017574102 -0.027308351
v 0.0021009333 -0.017572461 -0.027313544
v 0.0020426047 -0.02362381 -0.035033917
v 0.0020998568 -0.017570973 -0.027317429
v 0.0020990287 -0.017569493 -0.027320684
v 0.0021056074 -0.017576155 -0.027298864
v 0.0021034671 -0.017574881 -0.027305254
v 0.0020452899 -0.023630495 -0.035028693
v 0.0020451406 -0.023630171 -0.035028946
v 0.0020485338 -0.023636656 -0.035023884
v 0.0021080958 -0.017577039 -0.027291906
v 0.0021098705 -0.017577379 -0.027287175
v 0.00205719 -0.023648512 -0.035014647
v 0.0021147832 -0.017577373 -0.027274827
v 0.0020526008 -0.02364282 -0.035019078
v 0.0021110247 -0.017577486 -0.027284186
v 0.0020524698 -0.023642641 -0.035019218
v 0.0020624344 -0.023653931 -0.035010438
v 0.0020683127 -0.023659023 -0.035006485
v 0.0021257225 -0.017574217 -0.027249816
v 0.0021203735 -0.01757621 -0.027261689
v 0.0021364785 -0.017568349 -0.027227418
v 0.0021326046 -0.017570701 -0.027235297
v 0.0020747307 -0.023663697 -0.035002869
v 0.0021280352 -0.017573143 -0.027244854
v 0.0020815676 -0.023667872 -0.034999641
v 0.0021400994 -0.017565941 -0.027220217
v 0.0021544528 -0.01755481 -0.027192942
v 0.0020965561 -0.023674793 -0.034994325
v 0.0021627704 -0.01754737 -0.02717792
v 0.0021587328 -0.017551062 -0.027185147
v 0.002170711 -0.017539683 -0.027164039
v 0.0021677832 -0.01754258 -0.027169107
v 0.0021045612 -0.023677463 -0.03499229
v 0.0021735053 -0.017536847 -0.02715926
v 0.002112827 -0.023679577 -0.034990692
v 0.0021874493 -0.017521765 -0.027136142
v 0.0021298908 -0.023682078 -0.034988854
v 0.0021919532 -0.017516561 -0.027128938
v 0.0020395502 -0.023608823 -0.035057166
v 0.0020406611 -0.023614141 -0.03506394
v 0.0021239393 -0.023607844 -0.035051548
v 0.0020425145 -0.02361938 -0.035070611
v 0.0020450962 -0.0236245 -0.035077128
v 0.0020483139 -0.023629364 -0.035083317
v 0.0020486392 -0.023636125 -0.035077814
v 0.0020484602 -0.02362956 -0.035083566
v 0.0020523619 -0.023634233 -0.035089507
v 0.0021222 -0.02361286 -0.03505752
v 0.0020569913 -0.023638773 -0.035095277
v 0.0020622121 -0.023643032 -0.035100686
v 0.0020884602 -0.023656871 -0.035118227
v 0.002088686 -0.023656953 -0.035118329
v 0.0020888576 -0.023663609 -0.035112694
v 0.0020960852 -0.02365939 -0.035121408
v 0.0020964005 -0.023659482 -0.035121524
v 0.0020965429 -0.023666129 -0.035115876
v 0.0021262629 -0.02368328 -0.03499127
v 0.0021354859 -0.023612623 -0.035045093
v 0.0021384759 -0.023611026 -0.035046593
v 0.002132261 -0.023612404 -0.035046193
v 0.0021375817 -0.023614144 -0.035050243
v 0.0020665778 -0.023664441 -0.035018608
v 0.0021339154 -0.023607094 -0.035050091
v 0.0020527555 -0.023647301 -0.035025157
v 0.0020441531 -0.023632019 -0.035038045
v 0.0021295463 -0.02366519 -0.035128673
v 0.0021366066 -0.023611669 -0.0350575
v 0.0021372716 -0.023610445 -0.035053547
v 0.0021209508 -0.023664429 -0.035127736
v 0.0021124931 -0.023663207 -0.035126211
v 0.0021330044 -0.023620636 -0.035054542
v 0.0021042365 -0.023661538 -0.035124114
v 0.0021363665 -0.023609917 -0.035049619
v 0.0020863043 -0.023671227 -0.035101501
v 0.0020812846 -0.023653991 -0.035114583
v 0.0021235978 -0.023617612 -0.035062449
v 0.0021253131 -0.023622497 -0.035057469
v 0.0021347634 -0.023622485 -0.03504197
v 0.0020744657 -0.023650706 -0.035110421
v 0.0021255866 -0.023618679 -0.035050287
v 0.0020692011 -0.023667978 -0.035080522
v 0.002068068 -0.023647031 -0.035105762
v -0.019362431 -0.023494129 -0.0349806
v -0.019368425 -0.023488486 -0.034984142
v -0.019460044 -0.023494255 -0.034980973
v -0.019380265 -0.023491557 -0.034983956
v -0.01937223 -0.023491297 -0.034986801
v -0.019371586 -0.023489766 -0.034982246
v -0.019369093 -0.023493165 -0.034982203
v -0.019363375 -0.023489916 -0.034983862
v -0.01936369 -0.023489618 -0.034985395
v -0.019369322 -0.023491673 -0.034980966
v -0.019367886 -0.023498412 -0.034977783
v -0.019426522 -0.023552467 -0.034947706
v -0.019363983 -0.023496033 -0.034983485
v -0.019399185 -0.023555111 -0.035044581
v -0.01936238 -0.023494904 -0.034985943
v -0.019362905 -0.023496723 -0.034991556
v -0.019369551 -0.023582893 -0.034958569
v -0.019360674 -0.023570447 -0.034928616
v -0.019360722 -0.023574889 -0.034936124
v -0.019360766 -0.023578658 -0.034943989
v -0.019360808 -0.023581733 -0.034952157
v -0.019360848 -0.023584079 -0.034960556
v -0.019360883 -0.023585688 -0.034969134
v -0.019360914 -0.023586541 -0.034977817
v -0.019360942 -0.023586635 -0.034986541
v -0.019360966 -0.023585965 -0.034995234
v -0.019360985 -0.023584541 -0.035003842
v -0.019360999 -0.023582377 -0.035012295
v -0.019361009 -0.023579481 -0.035020523
v -0.019361015 -0.023575877 -0.035028468
v -0.019361014 -0.023571598 -0.035036071
v -0.019361011 -0.02356667 -0.035043269
v -0.019361002 -0.023561136 -0.035050014
v -0.019360988 -0.023555031 -0.035056245
v 0.0021779427 -0.017515809 -0.027128587
v 0.0021868731 -0.017513379 -0.027124902
v -0.0025012242 -0.017485283 -0.027106783
v 0.0021677084 -0.017518398 -0.027132968
v -0.0024837155 -0.017490423 -0.027114038
v 0.0021597298 -0.017520265 -0.027136503
v -0.002493269 -0.01748809 -0.027110585
v -0.0024656022 -0.017495075 -0.027122066
v -0.0024562113 -0.017497221 -0.027126437
v 0.0021418437 -0.01752397 -0.027144801
v 0.0021502895 -0.017522308 -0.027140815
v -0.0024735375 -0.017493123 -0.027118483
v -0.0024478096 -0.017498975 -0.027130475
v 0.0021289976 -0.017526217 -0.027151084
v -0.0024350281 -0.017501362 -0.02713684
v -0.0024276284 -0.017502569 -0.027140663
v 0.0021124971 -0.017528533 -0.027159607
v 0.0021215618 -0.017527344 -0.027154862
v 0.0020953245 -0.0175302 -0.027169064
v 0.0021026172 -0.017529592 -0.027164968
v -0.0024186078 -0.017503857 -0.027145465
v -0.0024264868 -0.017502742 -0.027141262
v 0.0021114138 -0.017528662 -0.027160184
v -0.0024015131 -0.017505709 -0.027155028
v 0.0020840194 -0.017530818 -0.027175662
v -0.0024087732 -0.017505024 -0.027150887
v -0.0023831023 -0.017506706 -0.02716611
v 0.0020691466 -0.017530957 -0.027184878
v -0.0023902571 -0.017506452 -0.027161696
v 0.0020768354 -0.017530993 -0.027180029
v -0.0023754446 -0.017506752 -0.027171005
v 0.0020600773 -0.017530579 -0.027190857
v 0.0020554239 -0.017530223 -0.027194056
v -0.0023664088 -0.017506474 -0.027177043
v -0.0023618348 -0.017506172 -0.027180224
v 0.0020444864 -0.017528855 -0.027201989
v 0.0020355999 -0.017527106 -0.027208935
v -0.0023512505 -0.01750498 -0.027187977
v 0.0020319354 -0.017526157 -0.027211976
v -0.0023453985 -0.017566182 -0.0272119
v -0.0023383521 -0.017502356 -0.027198336
v 0.0020251562 -0.017524013 -0.027217912
v -0.0023323897 -0.017500563 -0.027203581
v 0.0020204829 -0.017522168 -0.027222295
v 0.0020155376 -0.017519744 -0.027227299
v -0.0023219816 -0.017496122 -0.027213761
v -0.0023186286 -0.01749417 -0.027217449
v 0.0020093235 -0.017515755 -0.02723433
v 0.0020112826 -0.017517145 -0.027232009
v -0.002326922 -0.017498492 -0.027208726
v 0.0020066658 -0.017513508 -0.027237763
v -0.0023157681 -0.017492202 -0.027220833
v 0.0020029144 -0.017509548 -0.027243229
v -0.0023168285 -0.017492968 -0.027219548
v -0.0023126847 -0.017489634 -0.027224828
v 0.0019995837 -0.017504376 -0.027249385
v -0.0023097098 -0.017486513 -0.027229186
v -0.0023059999 -0.017480928 -0.027235947
v 0.0019975941 -0.017498999 -0.02725486
v -0.0023042346 -0.01747656 -0.027240501
v -0.0023034933 -0.017473118 -0.027243673
v 0.0020498658 -0.021411113 -0.03680578
v 0.002051917 -0.021411729 -0.036813291
v 0.0020624775 -0.021407987 -0.036842934
v 0.0020643851 -0.021406696 -0.036847485
v 0.002140549 -0.021313076 -0.036974276
v 0.0021289572 -0.021330356 -0.036958937
v 0.0021360773 -0.021319846 -0.036968495
v 0.002120124 -0.021342961 -0.036946513
v 0.0021097275 -0.021357144 -0.036931038
v 0.0021033368 -0.021365486 -0.036921035
v 0.0020955864 -0.02137515 -0.036908311
v 0.0020983997 -0.021371701 -0.036913007
v 0.0021027958 -0.021366177 -0.036920168
v 0.0020873163 -0.021384827 -0.036893907
v 0.0020941181 -0.02137692 -0.036905821
v 0.002095202 -0.021375614 -0.036907661
v 0.002076017 -0.02139678 -0.036872568
v 0.0020816858 -0.021391015 -0.036883576
v 0.0020695804 -0.021402656 -0.036859196
v 0.0020586097 -0.021410113 -0.036833062
v 0.0020549951 -0.021411465 -0.036823009
v 0.0020528862 -0.021411747 -0.036816483
v 0.0020478241 -0.021409161 -0.036796557
v 0.0020461519 -0.021404962 -0.036785608
v 0.0020458446 -0.021402406 -0.036781267
v -0.0025613187 -0.023646522 -0.03510868
v -0.0025613324 -0.023652624 -0.035102446
v -0.0025613415 -0.02365816 -0.035095704
v -0.0025613459 -0.023663089 -0.035088506
v -0.0025613456 -0.023667365 -0.0350809
v -0.0025613402 -0.023670969 -0.035072956
v -0.0025613303 -0.023673866 -0.035064728
v -0.002561316 -0.023676032 -0.035056277
v -0.0025612968 -0.023677456 -0.03504767
v -0.0025612733 -0.023678124 -0.035038973
v -0.0025612456 -0.02367803 -0.035030249
v -0.0025612137 -0.023677176 -0.035021567
v -0.0025611781 -0.023675569 -0.035012991
v -0.0025611391 -0.023673221 -0.03500459
v -0.002561097 -0.02367015 -0.034996424
v -0.0025610519 -0.023666379 -0.03498856
v -0.0025610042 -0.023661935 -0.034981048
v -0.0024084836 -0.017547903 -0.02729947
v -0.0024100176 -0.017549527 -0.027294265
v -0.0024669829 -0.023605921 -0.03501461
v -0.002497735 -0.017491021 -0.0271143
v -0.0025518906 -0.023656582 -0.034974242
v -0.0024843545 -0.017506482 -0.027136678
v -0.002488288 -0.017502095 -0.027129976
v -0.0024933333 -0.017496273 -0.027121532
v -0.002479699 -0.017511505 -0.027144735
v -0.0025432855 -0.023655716 -0.034974987
v -0.0024769653 -0.017514373 -0.027149535
v -0.0025350651 -0.023654316 -0.034976142
v -0.0025345594 -0.023654213 -0.03497623
v -0.002469196 -0.017522145 -0.027163463
v -0.0024741011 -0.017517302 -0.02715462
v -0.002526534 -0.02365224 -0.034977834
v -0.0024655271 -0.01752562 -0.027170192
v -0.002460786 -0.01752991 -0.027179041
v -0.0024525757 -0.017536767 -0.027194813
v -0.0024561763 -0.017533856 -0.027187821
v -0.0025185131 -0.023649658 -0.034979919
v -0.0024461504 -0.017541562 -0.0272076
v -0.002447835 -0.017540359 -0.027204205
v -0.0025108103 -0.023646536 -0.034982424
v -0.0025035554 -0.023642942 -0.034985301
v -0.0025034123 -0.023642864 -0.034985363
v -0.0024438578 -0.017543132 -0.027212271
v -0.0024430296 -0.017543679 -0.027213973
v -0.0024966218 -0.023638801 -0.0349886
v -0.0024901761 -0.023634197 -0.034992257
v -0.002432892 -0.017549391 -0.027235588
v -0.0024351618 -0.017548292 -0.027230612
v -0.0024396447 -0.017545801 -0.027221027
v -0.002479041 -0.023623864 -0.035000447
v -0.0024212368 -0.01755277 -0.027262915
v -0.0024842674 -0.02362917 -0.034996247
v -0.0024230517 -0.017552558 -0.027258415
v -0.0024276398 -0.017551442 -0.027247495
v -0.0024173099 -0.017552723 -0.027273043
v -0.002417988 -0.017552792 -0.027271245
v -0.0024189032 -0.017552846 -0.027268854
v -0.0024789404 -0.023623753 -0.035000534
v -0.0024743017 -0.023618077 -0.035005019
v -0.0024155604 -0.017552404 -0.027277788
v -0.0024131061 -0.017551547 -0.027284759
v -0.0024105444 -0.017549969 -0.027292566
v -0.0024114393 -0.01755062 -0.027289762
v -0.0024703383 -0.023612172 -0.035009684
v -0.0024701894 -0.023611924 -0.03500988
v -0.0024073679 -0.017546352 -0.027303542
v -0.0024074626 -0.017546501 -0.027303181
v -0.0024051541 -0.017541237 -0.027313202
v -0.0024065914 -0.017544956 -0.027306622
v -0.0024642582 -0.023599268 -0.035019852
v -0.0024623355 -0.023592614 -0.035025084
v -0.0024668318 -0.023605599 -0.035014863
v -0.0024041376 -0.017536431 -0.027319547
v -0.0024611544 -0.023585852 -0.0350304
v -0.0024037949 -0.017532921 -0.027323156
v 0.0019476271 -0.021328053 -0.036849996
v 0.0019463465 -0.021324257 -0.036844092
v -0.002354922 -0.021303125 -0.036834107
v 0.0019493829 -0.021330907 -0.036855075
v -0.0023568096 -0.021306583 -0.036840021
v -0.0023597212 -0.021309751 -0.036846397
v 0.0019532463 -0.021334545 -0.036862862
v 0.001951611 -0.02133323 -0.036859854
v -0.0023613902 -0.021311048 -0.036849396
v -0.0023635534 -0.021312395 -0.036852859
v 0.0019580931 -0.021337337 -0.036870359
v 0.0019553737 -0.021335915 -0.036866338
v 0.0019646515 -0.021339698 -0.036878689
v 0.001960381 -0.021338287 -0.036873427
v -0.0023671919 -0.021314159 -0.036858049
v -0.0023695356 -0.021315046 -0.036861076
v 0.0019737209 -0.021341539 -0.03688838
v 0.0019695308 -0.021340846 -0.036884104
v -0.0023729087 -0.021316067 -0.036865107
v -0.0023820998 -0.021317816 -0.036874784
v -0.0023846372 -0.021318106 -0.036877213
v 0.0019834185 -0.021342399 -0.036897321
v -0.0023899411 -0.021318479 -0.03688199
v 0.001977922 -0.021342013 -0.036892383
v -0.0023778741 -0.02131717 -0.036870536
v 0.0019934312 -0.021342493 -0.036905535
v -0.0024023076 -0.021318548 -0.036892117
v 0.0020042669 -0.021341933 -0.036913575
v -0.0024152241 -0.021317637 -0.036901448
v 0.0020089672 -0.021341512 -0.036916835
v 0.0020180078 -0.021340446 -0.036922775
v -0.0024258161 -0.021316354 -0.036908422
v 0.0020300881 -0.021412906 -0.036945529
v -0.0024303893 -0.021315654 -0.036911247
v 0.0020311363 -0.021338415 -0.036930782
v -0.0024351023 -0.021314893 -0.03691411
v -0.0024414405 -0.021313745 -0.0369178
v 0.0020441088 -0.021335932 -0.036938083
v 0.0020345357 -0.021337807 -0.03693275
v -0.0024527288 -0.02131144 -0.036924045
v 0.0020513817 -0.021334364 -0.036941951
v 0.0020612374 -0.021332052 -0.036946952
v -0.0024600087 -0.021309795 -0.036927871
v -0.0024693277 -0.021307514 -0.036932545
v 0.0020776967 -0.021327762 -0.036954755
v 0.0020697057 -0.021329911 -0.036951051
v 0.002087616 -0.021324942 -0.036959156
v -0.0024863289 -0.021302908 -0.036940511
v 0.0020961754 -0.021322362 -0.036962767
v -0.0024789121 -0.021304986 -0.036937123
v 0.0021066522 -0.021319053 -0.036966991
v -0.0025020348 -0.021298186 -0.036947279
v 0.0021100699 -0.021317934 -0.036968318
v -0.0025075605 -0.02129642 -0.036949527
v -0.0024962453 -0.021299977 -0.036944847
v -0.0025169711 -0.021293304 -0.036953218
v 0.0021163231 -0.021315834 -0.03697068
v 0.0021265377 -0.021312271 -0.036974368
v -0.0025249228 -0.021290558 -0.036956194
v -0.0025351205 -0.021286885 -0.036959818
v -0.0025440176 -0.021283544 -0.036962808
v 0.0021354514 -0.021309027 -0.036977413
v -0.0025522351 -0.023639694 -0.035114062
v -0.0025436259 -0.023639026 -0.035113179
v -0.0025578766 -0.023590895 -0.035046694
v -0.0025351462 -0.023637896 -0.035111706
v -0.002527064 -0.023636365 -0.035109722
v -0.0025272126 -0.023643001 -0.035104062
v -0.0025266534 -0.023636272 -0.035109603
v -0.0025188264 -0.023634302 -0.035107061
v -0.0025558151 -0.023588313 -0.035042821
v -0.0025111098 -0.023631864 -0.035103924
v -0.0025515844 -0.023586943 -0.035043556
v -0.0025037669 -0.023629022 -0.035100273
v -0.0024968867 -0.02362581 -0.035096152
v -0.0025476738 -0.023582061 -0.035036111
v -0.0024689087 -0.023613725 -0.0350187
v -0.0025491468 -0.023585636 -0.035034029
v -0.0024792937 -0.023628157 -0.035006149
v -0.0025495177 -0.023590283 -0.035029097
v -0.0025038027 -0.023646026 -0.034989234
v -0.0025592764 -0.02360301 -0.035019265
v -0.0025353305 -0.023656398 -0.034978797
v -0.002557562 -0.023589648 -0.035028653
v -0.0025541641 -0.023591392 -0.035029251
v -0.0024863959 -0.023641276 -0.03501449
v -0.0024970897 -0.023651064 -0.035011397
v -0.0025416692 -0.0236673 -0.034994843
v -0.0025523086 -0.023590683 -0.035033985
v -0.0025207984 -0.023667698 -0.035017178
v -0.0025497107 -0.023591015 -0.03503609
v -0.0025586582 -0.023591735 -0.035032121
v -0.0025506431 -0.02367037 -0.034998791
v -0.0024611856 -0.023584313 -0.03504312
v -0.0024623965 -0.023589619 -0.035049887
v -0.0024643484 -0.023594835 -0.035056544
v -0.0024670263 -0.023599927 -0.035063046
v -0.0025520231 -0.023582837 -0.03503915
v -0.0024777106 -0.023632456 -0.035045874
v -0.0024704105 -0.023604853 -0.035069337
v -0.002555149 -0.023583464 -0.035037462
v -0.0024744751 -0.023609579 -0.035075378
v -0.0024791895 -0.023614071 -0.035081121
v -0.0024844897 -0.023618271 -0.035086495
v -0.0024904208 -0.023622206 -0.035091534
v -0.0025528208 -0.023590298 -0.035040946
v -0.0025188752 -0.023668413 -0.035043798
v -0.0025296415 -0.02367264 -0.03502756
v -0.0025586041 -0.02358532 -0.03503712
v -0.0025597132 -0.023588773 -0.035035712
v -0.0025497826 -0.023668713 -0.035076306
v -0.0025427854 -0.023672374 -0.035062933
v -0.0024542104 -0.0213779 -0.036767222
v -0.0024549386 -0.021381715 -0.036774308
v -0.0024559416 -0.021384237 -0.036780669
v -0.0024614389 -0.021387157 -0.036801958
v -0.0024593795 -0.021386939 -0.036795073
v -0.0024576974 -0.021386076 -0.036788596
v -0.0024637182 -0.021386856 -0.036808903
v -0.0024662076 -0.021386028 -0.036815867
v -0.0024693819 -0.021384422 -0.036824064
v -0.0024732085 -0.021381985 -0.03683332
v -0.0024848891 -0.021371942 -0.036858333
v -0.002478433 -0.021377887 -0.036844998
v -0.0024961908 -0.021359866 -0.036879603
v -0.0024905635 -0.021366113 -0.036869305
v -0.0025054329 -0.021348864 -0.036895592
v -0.0025121695 -0.02134035 -0.036906632
v -0.0025200821 -0.021329857 -0.036918985
v -0.002516395 -0.021334808 -0.036913305
v -0.0025282124 -0.021318593 -0.03693108
v -0.002525325 -0.021322646 -0.036926851
v -0.0025206782 -0.021329048 -0.036919894
v -0.0025376409 -0.021304943 -0.036944373
v -0.0025309675 -0.021314666 -0.036935041
v -0.0025447053 -0.021294356 -0.036953886
v -0.0025491392 -0.021287536 -0.036959638
v -0.012884855 0.017128456 0.016816437
v -0.012903873 0.017043214 0.016707705
v -0.012934861 0.016959342 0.016600676
v -0.012977582 0.01687748 0.016496159
v -0.013031713 0.016798246 0.016394955
v -0.013096838 0.016722247 0.01629783
v -0.013172464 0.016650062 0.016205526
v -0.013258016 0.016582238 0.016118745
v -0.013352841 0.016519293 0.016038144
v -0.013456219 0.016461705 0.015964341
v -0.013567361 0.016409912 0.015897896
v -0.013685424 0.016364308 0.015839314
v -0.013809507 0.016325241 0.015789041
v -0.013938667 0.01629301 0.015747462
v -0.014071922 0.016267856 0.01571489
v -0.014208255 0.016249973 0.015691574
v -0.014346631 0.016239498 0.015677692
v -0.014485996 0.016236511 0.015673349
v -0.014625287 0.016241031 0.015678579
v -0.014763448 0.016253026 0.015693343
v -0.014899426 0.016272405 0.015717525
v -0.015032184 0.01629902 0.015750944
v -0.015160716 0.016332669 0.015793345
v -0.01528404 0.016373095 0.015844407
v -0.015401218 0.016419991 0.015903738
v -0.015511358 0.016473 0.015970888
v -0.015613625 0.016531719 0.016045348
v -0.015707237 0.0165957 0.016126547
v -0.015791484 0.016664457 0.016213869
v -0.015865722 0.016737467 0.016306651
v -0.015929389 0.016814174 0.016404185
v -0.015981999 0.016893993 0.016505732
v -0.016023151 0.016976317 0.016610513
v -0.016052532 0.01706052 0.016717735
v -0.016069917 0.017145963 0.016826584
v -0.016075181 0.017231991 0.016936225
v -0.016068276 0.017317955 0.01704583
v -0.016049256 0.017403195 0.017154558
v -0.016018267 0.017487066 0.017261588
v -0.015975547 0.017568932 0.017366107
v -0.015921419 0.017648164 0.017467312
v -0.015856292 0.01772416 0.017564435
v -0.015780664 0.017796346 0.017656739
v -0.015695037 0.01786393 0.017743634
v -0.015600288 0.017927115 0.017824119
v -0.015496912 0.017984704 0.017897923
v -0.015385768 0.018036495 0.017964369
v -0.015267705 0.018082098 0.01802295
v -0.015143623 0.018121167 0.018073224
v -0.015014463 0.0181534 0.018114804
v -0.014881208 0.018178554 0.018147377
v -0.014744876 0.018196438 0.018170694
v -0.014606498 0.018206908 0.018184574
v -0.014467136 0.018209898 0.018188918
v -0.013161646 0.017781951 0.017648396
v -0.013087409 0.017708942 0.017555615
v -0.013023742 0.017632235 0.017458079
v -0.012971132 0.017552418 0.017356536
v -0.012929981 0.017470093 0.017251753
v -0.012900598 0.017385891 0.01714453
v -0.01288321 0.017300447 0.017035682
v -0.012877949 0.017214418 0.016926041
v -0.014327871 0.018205105 0.018183568
v -0.014190508 0.018187692 0.018166401
v -0.014053777 0.01817374 0.018144629
v -0.013921802 0.018140579 0.018113682
v -0.013792531 0.01811348 0.018068823
v -0.013669227 0.018073065 0.018017772
v -0.013552067 0.018026175 0.017958448
v -0.013339694 0.017914468 0.017816861
v -0.013246097 0.017850499 0.017735677
v -0.013931056 0.018119226 0.018094766
v -0.015620674 0.017817575 0.0176995
v -0.01298288 0.017132155 0.016825331
v -0.013000716 0.017052163 0.016723296
v -0.013029786 0.016973455 0.016622856
v -0.013069866 0.016896631 0.016524775
v -0.013120653 0.016822275 0.016429799
v -0.013181757 0.016750955 0.016338653
v -0.013252717 0.016683212 0.016252029
v -0.013332991 0.016619561 0.016170586
v -0.013421968 0.016560486 0.016094943
v -0.013518971 0.016506441 0.016025681
v -0.013623263 0.016457832 0.01596332
v -0.013734049 0.016415032 0.015908339
v -0.013850485 0.016378365 0.015861155
v -0.013971686 0.016348113 0.015822129
v -0.014096731 0.016324503 0.015791555
v -0.014224665 0.016307715 0.015769666
v -0.014354517 0.016297878 0.015756631
v -0.014485298 0.016295067 0.015752548
v -0.014616013 0.016299302 0.015757448
v -0.014745667 0.016310552 0.015771292
v -0.014873271 0.016328732 0.015793979
v -0.014997857 0.016353701 0.015825331
v -0.015118475 0.016385272 0.015865113
v -0.015234209 0.016423203 0.015913022
v -0.015344176 0.016467204 0.015968691
v -0.015447541 0.016516945 0.016031701
v -0.015543514 0.01657204 0.016101565
v -0.01563137 0.016632078 0.01617776
v -0.015710437 0.016696597 0.016259701
v -0.015780113 0.016765105 0.016346762
v -0.015839864 0.016837084 0.016438286
v -0.015889246 0.016911985 0.016533574
v -0.015927875 0.016989238 0.016631901
v -0.015955458 0.017068255 0.016732519
v -0.015971782 0.017148432 0.01683466
v -0.015976734 0.017229163 0.01693755
v -0.015970263 0.017309832 0.017040403
v -0.015952427 0.017389825 0.017142439
v -0.015923356 0.017468533 0.017242879
v -0.015883276 0.017545359 0.017340964
v -0.01583249 0.017619711 0.017435936
v -0.015771388 0.017691031 0.017527081
v -0.015700426 0.017758777 0.017613707
v -0.015531174 0.017881498 0.017770788
v -0.015434172 0.017935548 0.017840056
v -0.015329879 0.017984153 0.017902412
v -0.015219094 0.018026955 0.017957395
v -0.015102658 0.018063621 0.018004579
v -0.014981456 0.018093873 0.018043604
v -0.014856413 0.018117484 0.018074179
v -0.014728478 0.018134271 0.018096067
v -0.014598626 0.018144108 0.018109102
v -0.014467846 0.018146919 0.018113184
v -0.014337131 0.018142684 0.018108286
v -0.014079872 0.018113254 0.018071755
v -0.013834667 0.018056715 0.018000621
v -0.013718934 0.018018784 0.017952712
v -0.013608967 0.017974781 0.017897041
v -0.013505601 0.017925044 0.017834036
v -0.013409627 0.017869945 0.017764167
v -0.013321772 0.017809911 0.017687977
v -0.013242707 0.017745391 0.017606036
v -0.013173031 0.017676882 0.017518972
v -0.013113276 0.017604902 0.017427447
v -0.013063897 0.017530004 0.017332163
v -0.013025269 0.017452751 0.017233835
v -0.012997686 0.017373733 0.017133216
v -0.012981358 0.017293554 0.017031074
v -0.01297641 0.017212824 0.016928185
v 0.016410146 0.016967487 0.016726979
v 0.016391173 0.016882234 0.016618151
v 0.016364563 0.01679978 0.016509228
v 0.016321841 0.016717916 0.016404712
v 0.01626614 0.016633633 0.016308361
v 0.016202584 0.016562685 0.016206384
v 0.016126958 0.0164905 0.016114079
v 0.016041408 0.016422675 0.016027297
v 0.015946582 0.016359731 0.015946698
v 0.015843206 0.016302142 0.015872893
v 0.015732062 0.01625035 0.015806448
v 0.015614 0.016204746 0.015747868
v 0.015489916 0.01616568 0.015697594
v 0.015360755 0.016133448 0.015656014
v 0.015227501 0.016108294 0.015623442
v 0.015091168 0.016090411 0.015600128
v 0.014952792 0.016079938 0.015586245
v 0.014813429 0.016076948 0.015581901
v 0.014674135 0.016081468 0.015587131
v 0.014535975 0.016093462 0.015601895
v 0.014399997 0.016112842 0.015626078
v 0.014267237 0.016139459 0.015659498
v 0.014138707 0.016173107 0.015701897
v 0.014015384 0.016213533 0.015752959
v 0.013898205 0.016260429 0.015812289
v 0.013788064 0.016313439 0.015879442
v 0.013685798 0.016372156 0.015953899
v 0.013592186 0.016436138 0.016035101
v 0.01350794 0.016504895 0.016122422
v 0.013434396 0.016576011 0.01621724
v 0.013370765 0.016652677 0.016314723
v 0.013318185 0.016732456 0.016416218
v 0.013277057 0.01681474 0.016520947
v 0.013247693 0.0168989 0.016628116
v 0.013230315 0.016984297 0.016736906
v 0.01322506 0.017070282 0.016846491
v 0.013231964 0.017156201 0.01695604
v 0.013250975 0.017241399 0.017064713
v 0.01328195 0.017325226 0.017171687
v 0.013324651 0.017407045 0.017276148
v 0.013378756 0.017486237 0.017377301
v 0.01344385 0.017562197 0.017474376
v 0.013518757 0.017636784 0.017565291
v 0.013604308 0.017704608 0.017652074
v 0.013699134 0.017767552 0.017732671
v 0.013802512 0.017825142 0.017806475
v 0.013913655 0.017876934 0.017872925
v 0.014031717 0.017922535 0.017931502
v 0.0141558 0.017961605 0.017981775
v 0.014284961 0.017993837 0.018023356
v 0.014418215 0.018018991 0.018055929
v 0.014554548 0.018036874 0.018079246
v 0.014692924 0.018047345 0.018093127
v 0.014832289 0.018050336 0.01809747
v 0.014971581 0.018045817 0.018092241
v 0.015109741 0.018033818 0.018077475
v 0.01524572 0.018014445 0.018053293
v 0.015378479 0.017987828 0.018019873
v 0.015507008 0.017954174 0.017977472
v 0.015630333 0.017913751 0.017926412
v 0.01574751 0.017866856 0.017867083
v 0.015857652 0.017813846 0.017799931
v 0.015959917 0.01775513 0.017725473
v 0.016053531 0.017691147 0.017644271
v 0.016137774 0.017622388 0.017556949
v 0.016212014 0.01754938 0.017464167
v 0.016275681 0.017472673 0.017366631
v 0.016327024 0.017388568 0.017267841
v 0.016368647 0.017308227 0.017161812
v 0.016394458 0.017224124 0.017053988
v 0.016411778 0.017138614 0.016945088
v 0.016420645 0.017052687 0.016836268
v 0.016207814 0.016599601 0.016370289
v 0.016260003 0.017326151 0.017286644
v 0.016261999 0.016639071 0.016306725
v 0.013480506 0.016580675 0.016244898
v 0.013417526 0.016654849 0.016338463
v 0.013364814 0.016732264 0.016436021
v 0.013323105 0.016812395 0.016537082
v 0.013293463 0.016894536 0.016641113
v 0.013276797 0.016977758 0.016747248
v 0.013273112 0.017061166 0.01685426
v 0.013281899 0.0171438 0.016960635
v 0.013296619 0.017227301 0.017065283
v 0.013327804 0.017308595 0.017169528
v 0.013371017 0.01738739 0.017271011
v 0.013425184 0.017463338 0.01736893
v 0.013489559 0.017536101 0.017462661
v 0.01632001 0.017389374 0.017264155
v 0.016322542 0.017292169 0.017160112
v 0.016370884 0.017043279 0.016844136
v 0.016269637 0.016813893 0.016531409
v 0.016229556 0.016737069 0.016433329
v 0.016117667 0.016591392 0.016247205
v 0.016046706 0.016523649 0.016160582
v 0.015966432 0.016459998 0.016079139
v 0.015877452 0.016400925 0.016003496
v 0.015780452 0.01634688 0.015934234
v 0.015676159 0.01629827 0.015871872
v 0.015565374 0.016255469 0.015816892
v 0.015448938 0.016218803 0.015769709
v 0.015327737 0.01618855 0.015730681
v 0.015202693 0.01616494 0.015700108
v 0.015074758 0.016148153 0.01567822
v 0.014944906 0.016138315 0.015665184
v 0.014814125 0.016135504 0.0156611
v 0.014683411 0.01613974 0.015666
v 0.014553757 0.01615099 0.015679846
v 0.014426152 0.016169169 0.015702531
v 0.014301566 0.016194138 0.015733884
v 0.014180947 0.016225708 0.015773666
v 0.014065214 0.016263639 0.015821574
v 0.013955246 0.016307641 0.015877244
v 0.013851881 0.016357382 0.015940253
v 0.013755907 0.016412478 0.016010119
v 0.013668052 0.016472515 0.016086312
v 0.013588987 0.016537034 0.016168254
v 0.013598997 0.017599213 0.01752226
v 0.013679271 0.017662865 0.017603703
v 0.013768248 0.017721937 0.017679343
v 0.013865251 0.017775985 0.017748609
v 0.013969543 0.017824592 0.017810967
v 0.014080328 0.017867391 0.017865947
v 0.014196765 0.017904058 0.017913132
v 0.014317966 0.017934312 0.017952159
v 0.014443011 0.01795792 0.017982731
v 0.014570945 0.017974708 0.018004619
v 0.014700797 0.017984545 0.018017655
v 0.014831578 0.017987356 0.018021737
v 0.014962293 0.017983123 0.018016841
v 0.015091947 0.017971872 0.018002994
v 0.015219551 0.017953692 0.017980307
v 0.015344137 0.017928722 0.017948953
v 0.015464755 0.017897153 0.017909173
v 0.015580489 0.017859222 0.017861264
v 0.015690456 0.017815219 0.017805593
v 0.015793821 0.017765481 0.017742589
v 0.015889795 0.017710382 0.01767272
v 0.015977651 0.017650348 0.017596529
v 0.016056716 0.017585828 0.017514588
v 0.016126394 0.017517318 0.017427524
v 0.016186145 0.017445339 0.017335999
v 0.016178609 0.016666192 0.016335725
v 0.016235357 0.017373831 0.017237975
v 0.0022099681 -0.011139992 -0.019019686
v 0.0022062925 -0.011142864 -0.019026655
v 0.0021562656 -0.016590638 -0.025969787
v 0.0021885309 -0.011154197 -0.019062343
v 0.0021862182 -0.011155271 -0.019067306
v 0.0021348587 -0.016537592 -0.025930752
v 0.0021762016 -0.011158331 -0.019090071
v 0.0021750276 -0.011158475 -0.019092909
v 0.0021245971 -0.016497855 -0.025901506
v 0.0021077383 -0.016339907 -0.025785231
v 0.0021571383 -0.011142501 -0.019150545
v 0.0021569522 -0.01114102 -0.019152187
v 0.0021081573 -0.016361639 -0.025801231
v 0.0021583957 -0.011147859 -0.01914314
v 0.0021080112 -0.016356701 -0.025797596
v 0.0021577781 -0.011145767 -0.019146351
v 0.0021078759 -0.016350827 -0.025793271
v 0.0021572885 -0.011143445 -0.01914942
v 0.0021595244 -0.011150547 -0.019138174
v 0.002109088 -0.016382183 -0.025816355
v 0.0021603525 -0.011152027 -0.019134919
v 0.0021093741 -0.016386882 -0.025819815
v 0.0021098132 -0.016393354 -0.025824579
v 0.0021085771 -0.016372336 -0.025809107
v 0.0021115455 -0.016413813 -0.025839641
v 0.0021632438 -0.01115538 -0.019124992
v 0.0021108651 -0.016406496 -0.025834255
v 0.0021614291 -0.011153515 -0.019131033
v 0.0021106195 -0.016403657 -0.025832165
v 0.0021661031 -0.01115721 -0.019116354
v 0.0021644156 -0.011156266 -0.019121345
v 0.0021135466 -0.016432086 -0.025853092
v 0.0021149916 -0.016443315 -0.025861359
v 0.002112586 -0.016423814 -0.025847002
v 0.0021164747 -0.016453645 -0.025868962
v 0.002117383 -0.016459516 -0.025873285
v 0.0021703663 -0.011158433 -0.019104665
v 0.0021685915 -0.011158094 -0.019109395
v 0.0021209677 -0.016480092 -0.025888431
v 0.0021226764 -0.016488774 -0.025894821
v 0.0021203389 -0.016476734 -0.025885958
v 0.0021736847 -0.011158571 -0.019096211
v 0.0021715204 -0.011158541 -0.019101677
v 0.0021193401 -0.016471196 -0.025881882
v 0.002130053 -0.016520561 -0.025918217
v 0.0021808692 -0.011157264 -0.019079179
v 0.0021282412 -0.016513469 -0.025912997
v 0.0021263178 -0.016505472 -0.025907112
v 0.0021322694 -0.016528719 -0.025924221
v 0.0021409162 -0.016556023 -0.025944317
v 0.0021416658 -0.016558095 -0.025945842
v 0.0021927138 -0.011151977 -0.019053581
v 0.0021386925 -0.016549617 -0.025939602
v 0.0021365072 -0.016542926 -0.025934677
v 0.0021969742 -0.011149403 -0.019044907
v 0.0021934869 -0.011151533 -0.01905199
v 0.002147995 -0.016573963 -0.025957519
v 0.0021997358 -0.011147588 -0.019039401
v 0.0021454584 -0.016567943 -0.025953088
v 0.0021420056 -0.01655902 -0.025946522
v 0.0022014542 -0.011146404 -0.019036017
v 0.0021505648 -0.016579618 -0.025961679
v 0.0022149485 -0.011135865 -0.019010432
v 0.0021599047 -0.01659682 -0.025974406
v 0.0021627094 -0.016601448 -0.02597802
v 0.0021631807 -0.016602217 -0.025978635
v 0.0022189394 -0.011132376 -0.019003159
v 0.0022312068 -0.011120738 -0.01898153
v 0.002228279 -0.011123635 -0.018986597
v 0.002171037 -0.016614686 -0.025989134
v 0.0022232662 -0.011128424 -0.018995409
v 0.0022195177 -0.011131859 -0.019002115
v 0.0021803348 -0.01662867 -0.026002167
v 0.0022396244 -0.011112009 -0.018967275
v 0.0021791803 -0.016626977 -0.026000515
v 0.0022378978 -0.011113847 -0.018970162
v 0.0022340011 -0.011117901 -0.018976749
v 0.0021743279 -0.016619726 -0.025993675
v 0.0021833771 -0.016633076 -0.026006561
v 0.0021867632 -0.016637884 -0.026011529
v 0.0022479451 -0.011102819 -0.018953632
v 0.0022427841 -0.011108583 -0.018962042
v 0.0021926228 -0.01664598 -0.026020293
v 0.00219737 -0.016652322 -0.026027568
v 0.0022524489 -0.011097615 -0.018946428
v 0.0021163505 -0.016626088 -0.026010879
v -0.0024054608 -0.016601463 -0.025996767
v -0.0024144534 -0.016605829 -0.025998968
v 0.0021342808 -0.016634828 -0.02601559
v 0.0021252808 -0.016630553 -0.026013138
v 0.0021456794 -0.01663997 -0.026018907
v -0.0024233456 -0.016609932 -0.026001319
v 0.0021551095 -0.016644013 -0.026021819
v -0.0024370496 -0.016615903 -0.026005212
v 0.002163022 -0.016647247 -0.026024384
v -0.0024444804 -0.016618963 -0.026007463
v -0.0024515517 -0.016621765 -0.026009693
v 0.0021701343 -0.016693981 -0.025971312
v 0.0021792733 -0.016653482 -0.026029974
v 0.00219343 -0.016658476 -0.026035187
v -0.002470314 -0.016627446 -0.026014731
v -0.0024830388 -0.016633008 -0.026020591
v -0.0024561641 -0.016623538 -0.026011191
v -0.0023048173 -0.011087466 -0.018995287
v -0.0023013179 -0.011087225 -0.018997729
v 0.0021159826 -0.011111283 -0.019011502
v 0.0022384385 -0.011096864 -0.018946078
v 0.0022473688 -0.011094434 -0.018942392
v -0.0024407422 -0.011066332 -0.018924267
v -0.0024325067 -0.011068829 -0.018927619
v -0.0024232374 -0.011071473 -0.018931521
v 0.0022250711 -0.011100192 -0.01895184
v 0.0022107852 -0.011103361 -0.018958304
v -0.0024061854 -0.011075875 -0.01893906
v 0.0022052427 -0.011104477 -0.018960901
v -0.0024034032 -0.011076535 -0.018940335
v -0.0024130418 -0.011074177 -0.018935973
v 0.0022185135 -0.011101706 -0.018954761
v -0.0023938571 -0.01107868 -0.018944806
v -0.0023873417 -0.011080024 -0.018947952
v 0.0021994362 -0.011105571 -0.018963681
v 0.0021894933 -0.011107272 -0.018968575
v -0.0023728755 -0.011082695 -0.01895518
v 0.0021729929 -0.011109588 -0.018977098
v 0.0021820576 -0.011108398 -0.018972352
v 0.002163113 -0.011110647 -0.018982458
v -0.0023581404 -0.011084908 -0.01896294
v 0.0021558202 -0.011111252 -0.018986552
v -0.0023448838 -0.011086399 -0.018970312
v -0.0023659911 -0.011083796 -0.018958752
v 0.0021719095 -0.011109717 -0.018977675
v 0.0021445151 -0.011111872 -0.018993152
v -0.0023280765 -0.011087587 -0.01898021
v 0.0021304095 -0.011112026 -0.019001873
v 0.0021373311 -0.011112047 -0.018997519
v -0.0023314593 -0.011087425 -0.018978157
v 0.002128875 -0.011111996 -0.01900286
v -0.0023218193 -0.011087776 -0.018984092
v -0.0023149591 -0.011087807 -0.018988487
v 0.0021205731 -0.011111634 -0.019008348
v -0.0022902999 -0.011085969 -0.01900581
v 0.0021053646 -0.011109974 -0.019019186
v -0.0022791249 -0.011083735 -0.019014756
v 0.0020937652 -0.011107579 -0.019028341
v 0.0020960956 -0.011108159 -0.019026424
v 0.0020851903 -0.011104908 -0.019035817
v 0.0020894091 -0.01110632 -0.019032061
v -0.0022709477 -0.011081296 -0.019021933
v -0.0022658672 -0.011079298 -0.019026767
v 0.0020760333 -0.011100799 -0.019044789
v 0.0020809786 -0.011103221 -0.019039784
v 0.0020698192 -0.01109681 -0.019051821
v 0.0020717783 -0.0110982 -0.0190495
v -0.002260921 -0.011076857 -0.019031864
v -0.0022552994 -0.011073275 -0.019038289
v 0.0020667383 -0.011094209 -0.019055796
v 0.0020639918 -0.011091345 -0.01905977
v -0.0022494126 -0.011067848 -0.019046329
v -0.0022473547 -0.011065178 -0.019049742
v 0.0020606072 -0.011086511 -0.019065693
v -0.0022499503 -0.011068456 -0.019045506
v 0.0020607846 -0.011086827 -0.019065335
v 0.002062503 -0.011089481 -0.019062171
v -0.0022520312 -0.01107056 -0.019042519
v -0.0022460471 -0.011063058 -0.019052244
v 0.0020594628 -0.011084191 -0.019068235
v 0.0020580709 -0.011079984 -0.019072416
v -0.0022439121 -0.011057808 -0.019057728
v -0.002494005 -0.016635738 -0.026023836
v -0.0024330876 -0.011077034 -0.018938607
v -0.0024374409 -0.011071831 -0.018931462
v -0.0024415227 -0.011066808 -0.018924876
v -0.002423704 -0.011087707 -0.01895443
v -0.0024277923 -0.011083148 -0.018947465
v -0.0024853429 -0.016624871 -0.026010661
v -0.0024883848 -0.016628754 -0.026015235
v -0.0024326047 -0.011077601 -0.018939407
v -0.0024760006 -0.016612491 -0.025996976
v -0.0024173895 -0.011094467 -0.018965405
v -0.0024820025 -0.016620523 -0.026005704
v -0.002463257 -0.01659447 -0.025979201
v -0.0024598831 -0.016589466 -0.025974681
v -0.0024086892 -0.01110321 -0.018980972
v -0.0024688225 -0.016602506 -0.025986831
v -0.0024136054 -0.011098356 -0.018972109
v -0.0024663215 -0.01659893 -0.025983376
v -0.0024572251 -0.01658545 -0.025971179
v -0.0024002972 -0.011110958 -0.018996517
v -0.0024070681 -0.011104761 -0.018983933
v -0.0024515844 -0.016576702 -0.025963925
v -0.0024484653 -0.016571723 -0.025960022
v -0.0023931796 -0.011116949 -0.019010154
v -0.0024447357 -0.01656559 -0.025955434
v -0.0024542637 -0.016580896 -0.025967337
v -0.002379154 -0.011126852 -0.019038505
v -0.0023829596 -0.011124452 -0.019030589
v -0.0024362155 -0.016549028 -0.025943232
v -0.0023865001 -0.011122013 -0.019023385
v -0.0024400016 -0.016556924 -0.025949049
v -0.0023914494 -0.011118317 -0.019013538
v -0.002431768 -0.016538634 -0.025935576
v -0.0024295259 -0.016532933 -0.025931377
v -0.0023732541 -0.011130035 -0.019051193
v -0.0024265236 -0.016524754 -0.025925353
v -0.0024225404 -0.016512883 -0.025916609
v -0.0023669182 -0.01113257 -0.019065506
v -0.0024173827 -0.016495607 -0.025903886
v -0.0023620049 -0.011133694 -0.019077258
v -0.0024116608 -0.016473294 -0.025887453
v -0.0023607365 -0.011133825 -0.019080415
v -0.0024134663 -0.016480749 -0.025892943
v -0.0024155134 -0.016488725 -0.025898816
v -0.0023578105 -0.011133872 -0.0190879
v -0.0024095664 -0.016464093 -0.025880676
v -0.0024090026 -0.016461503 -0.025878769
v -0.0024070997 -0.016452362 -0.025872037
v -0.0024059579 -0.016446552 -0.025867757
v -0.0023544704 -0.011133299 -0.019096927
v -0.0023568109 -0.011133777 -0.019090541
v -0.0024042755 -0.016437468 -0.025861069
v -0.0024027656 -0.016428702 -0.025854614
v -0.0023523298 -0.011132455 -0.019103083
v -0.0023495551 -0.01113061 -0.019111646
v -0.0024011782 -0.01641872 -0.025847264
v -0.0023997732 -0.01640907 -0.025840157
v -0.0023993514 -0.016405991 -0.02583789
v -0.0023984706 -0.016399247 -0.025832922
v -0.0023479095 -0.011128877 -0.019117222
v -0.0023495151 -0.011130575 -0.019111776
v -0.0023971301 -0.016387966 -0.025824617
v -0.0023965189 -0.016382305 -0.025820448
v -0.0023468743 -0.011127409 -0.019121022
v -0.0023466065 -0.011126964 -0.019122056
v -0.0023452235 -0.011124039 -0.019127882
v -0.0023961921 -0.016379113 -0.025818098
v -0.0023952262 -0.016368819 -0.025810517
v -0.0023943358 -0.016357756 -0.025802374
v -0.0023448549 -0.011122993 -0.019129642
v -0.0023455813 -0.011124923 -0.019126276
v -0.0023936651 -0.016347817 -0.025795055
v -0.0023930796 -0.016337126 -0.025787181
v -0.0023441798 -0.011120551 -0.019133273
v -0.0023928453 -0.016331914 -0.025783344
v -0.0023926308 -0.016326318 -0.025779224
v -0.0023433923 -0.011115325 -0.019139357
v -0.0023436976 -0.011117977 -0.019136514
v -0.0023923238 -0.0163154 -0.025771185
v -0.0023921842 -0.016306677 -0.025764764
v -0.0023432417 -0.011112596 -0.019141864
v 0.0022056209 -0.0059890828 -0.012582395
v 0.0022632126 0.00012172939 -0.0047926753
v 0.0022636802 0.00011860752 -0.0047896262
v 0.0022075685 -0.0060004941 -0.012575986
v 0.0022085896 -0.0060044735 -0.01257419
v 0.0022662166 0.00011007524 -0.0047797081
v 0.0022674348 0.00010752632 -0.0047761658
v 0.0022704163 0.00010290153 -0.0047687675
v 0.0022688354 0.00010513311 -0.0047725164
v 0.0022111779 -0.0060126535 -0.012571126
v 0.0022163873 -0.0060253534 -0.012567899
v 0.0022184645 -0.0060296701 -0.012567195
v 0.0022762077 9.7210819e-05 -0.0047569928
v 0.0022784753 9.5660201e-05 -0.0047529165
v 0.0022834912 9.3099292e-05 -0.0047445848
v 0.0022809048 9.4289271e-05 -0.004748778
v 0.002223107 -0.0060383771 -0.012566356
v 0.0023544291 0.00010581967 -0.00466533
v 0.0022957799 -0.0061172059 -0.012598091
v 0.0023457325 0.00010142399 -0.0046728104
v 0.0022871837 -0.006110924 -0.012591962
v 0.0023371703 9.769881e-05 -0.0046806503
v 0.0022787207 -0.0061041363 -0.0125864
v 0.0023288084 9.4673306e-05 -0.0046887896
v 0.0022704556 -0.0060968911 -0.012581448
v 0.0023207097 9.2368806e-05 -0.0046971662
v 0.0022624504 -0.0060892462 -0.012577141
v 0.0023129361 9.0805029e-05 -0.004705717
v 0.0022547671 -0.0060812589 -0.012573516
v 0.0023055467 8.9991935e-05 -0.0047143763
v 0.0022474635 -0.0060729895 -0.012570597
v 0.002298598 8.9935417e-05 -0.0047230774
v 0.0022405952 -0.0060645014 -0.012568408
v 0.0022921426 9.0637764e-05 -0.0047317555
v 0.0022342146 -0.0060558603 -0.012566964
v 0.00228623 9.2093422e-05 -0.004740345
v 0.002227017 -0.0060449412 -0.01256625
v 0.0022207057 -0.006034014 -0.01256668
v 0.002214478 -0.0060210733 -0.01256879
v 0.002274106 9.8936949e-05 -0.0047609987
v 0.0022721742 0.00010083456 -0.0047649257
v 0.0022127406 -0.0060168373 -0.012569866
v 0.0022097934 -0.00600853 -0.012572569
v 0.0022067325 -0.0059965972 -0.012577955
v 0.0022651834 0.00011277471 -0.0047831363
v 0.0022643374 0.00011562086 -0.0047864447
v 0.0022060829 -0.0059927913 -0.012580093
v -0.0022955395 -0.0059682759 -0.012566043
v -0.002296217 -0.0059720745 -0.012563901
v -0.0022970835 -0.0059759625 -0.012561927
v -0.0022981364 -0.0059799309 -0.012560124
v -0.0022993744 -0.0059839731 -0.012558496
v -0.0023007945 -0.0059880814 -0.012557044
v -0.0023041715 -0.0059964653 -0.012554686
v -0.0023105266 -0.0060093372 -0.012552538
v -0.0023129733 -0.0060136741 -0.012552198
v -0.0023169537 -0.0060201953 -0.012552068
v -0.0023242742 -0.0060310351 -0.012552737
v -0.0023307572 -0.0060396062 -0.01255414
v -0.0023377309 -0.0060480182 -0.012556286
v -0.0023451424 -0.0060562081 -0.012559159
v -0.0023529348 -0.0060641115 -0.012562736
v -0.0023610494 -0.0060716684 -0.012566992
v -0.0023694238 -0.0060788224 -0.012571893
v -0.0023779949 -0.0060855178 -0.012577402
v -0.0023866967 -0.0060917053 -0.012583477
v -0.0023082412 -0.0060050184 -0.012553066
v -0.0023061215 -0.0060007242 -0.012553783
v -0.0023023946 -0.0059922481 -0.012555774
v -0.0022950516 -0.005964573 -0.012568348
v -0.0022371659 0.00014948758 -0.0047815409
v -0.0022374599 0.0001462394 -0.0047786279
v -0.0022379422 0.00014312294 -0.004775576
v -0.0022386121 0.00014014363 -0.0047723903
v -0.0022394685 0.00013730647 -0.0047690766
v -0.0022405094 0.00013461792 -0.0047656416
v -0.0022417331 0.00013208254 -0.0047620917
v -0.002243137 0.00012970534 -0.004758434
v -0.0022447189 0.0001274906 -0.0047546752
v -0.0022464753 0.00012544316 -0.0047508226
v -0.0022484028 0.000123566 -0.004746883
v -0.002250498 0.00012186252 -0.0047428642
v -0.002252757 0.00012033715 -0.004738774
v -0.0022551754 0.00011899211 -0.0047346202
v -0.0022591101 0.00011734209 -0.0047282822
v -0.0022663462 0.00011546312 -0.0047175281
v -0.0022727545 0.00011483059 -0.0047088095
v -0.0022796475 0.00011496233 -0.0047000651
v -0.0022869734 0.00011585569 -0.0046913601
v -0.0022946758 0.00011750351 -0.0046827608
v -0.0023026965 0.00011989599 -0.004674334
v -0.0023109742 0.0001230127 -0.0046661432
v -0.0023194461 0.00012683022 -0.0046582499
v -0.0023280475 0.00013131965 -0.0046507151
v -0.015511821 0.020620306 0.017197167
v -0.014974778 0.020907159 0.017489177
v -0.015525241 0.02070204 0.017133146
v -0.014994193 0.021025444 0.017396531
v -0.015547657 0.020782578 0.017070135
v -0.015026631 0.021141995 0.017305341
v -0.015578901 0.020861302 0.017008608
v -0.015071842 0.021255924 0.017216301
v -0.015618734 0.020937616 0.016949036
v -0.015129482 0.021366363 0.017130089
v -0.015666854 0.021010939 0.016891874
v -0.015199115 0.021472473 0.017047362
v -0.015722891 0.021080711 0.016837552
v -0.015280208 0.021573448 0.016968751
v -0.015786424 0.021146404 0.016786489
v -0.015372146 0.021668518 0.016894852
v -0.015856965 0.021207514 0.01673907
v -0.015475712 0.021757691 0.016829571
v -0.015933981 0.021263581 0.016695659
v -0.015587029 0.021838731 0.016766822
v -0.016016882 0.021314174 0.016656583
v -0.015705649 0.021911316 0.016706849
v -0.01610504 0.021358909 0.016622139
v -0.015833226 0.021976058 0.016657004
v -0.016197782 0.021397447 0.016592593
v -0.015967436 0.022031831 0.016614243
v -0.016294402 0.021429494 0.016568169
v -0.016107262 0.02207821 0.016578892
v -0.016394169 0.021454806 0.01654905
v -0.016251636 0.022114844 0.016551223
v -0.016496317 0.021473188 0.016535382
v -0.016399463 0.022141452 0.016531444
v -0.016600075 0.021484506 0.016527274
v -0.016549616 0.022157832 0.016519705
v -0.016704647 0.021488667 0.01652478
v -0.016700951 0.022163858 0.016516096
v -0.016809244 0.021485644 0.016527925
v -0.016852318 0.022159486 0.016520644
v -0.016913065 0.021475459 0.016536685
v -0.017002565 0.022144748 0.016533315
v -0.017015321 0.021458187 0.016550987
v -0.017150548 0.022119758 0.016554013
v -0.017115234 0.021433963 0.016570729
v -0.01729441 0.022085035 0.016586226
v -0.017212045 0.021402972 0.01659576
v -0.017434342 0.022040239 0.016622399
v -0.017305016 0.021365445 0.016625885
v -0.017393437 0.02132167 0.016660878
v -0.017696532 0.021922733 0.01671652
v -0.01747664 0.021271981 0.016700473
v -0.017553987 0.021216757 0.016744368
v -0.017928595 0.021771092 0.016837191
v -0.017624895 0.021156415 0.016792226
v -0.017688817 0.021091417 0.016843688
v -0.018123484 0.021589932 0.01698075
v -0.017745272 0.021022257 0.016898359
v -0.018205086 0.02148997 0.017059771
v -0.01779383 0.020949462 0.016955826
v -0.018277205 0.021383572 0.017139863
v -0.01783412 0.020873583 0.017015646
v -0.018335514 0.021273765 0.017226432
v -0.017865832 0.020795202 0.01707737
v -0.018381415 0.021160334 0.017315753
v -0.017888733 0.020714911 0.017140523
v -0.018414554 0.021044143 0.01740715
v -0.017902642 0.020633326 0.017204631
v -0.018434688 0.020926075 0.017499921
v -0.017907455 0.020551063 0.017269196
v -0.018441658 0.020807026 0.017593358
v -0.017903134 0.020468751 0.017333735
v -0.018435411 0.020687908 0.017686759
v -0.017889715 0.020387016 0.017397757
v -0.018415994 0.020569627 0.017779411
v -0.017867298 0.02030648 0.017460771
v -0.018381493 0.020455385 0.017872677
v -0.017836055 0.020227754 0.017522295
v -0.018338347 0.020339145 0.017959638
v -0.017796223 0.02015144 0.017581867
v -0.018278766 0.020231289 0.018047712
v -0.017748103 0.020078119 0.017639032
v -0.01820922 0.020125308 0.018130338
v -0.017692064 0.020008345 0.017693351
v -0.017628534 0.019942653 0.017744414
v -0.01755799 0.019881542 0.017791833
v -0.017480976 0.019825477 0.017835247
v -0.017398074 0.019774884 0.017874323
v -0.017309918 0.019730147 0.017908764
v -0.017217174 0.019691609 0.01793831
v -0.017441831 0.01956663 0.018562926
v -0.017120553 0.019659564 0.017962737
v -0.017302925 0.019516856 0.018597044
v -0.017020788 0.019634253 0.017981856
v -0.017158551 0.019480222 0.018624713
v -0.016918638 0.019615868 0.017995521
v -0.017010724 0.019453617 0.018644495
v -0.016814882 0.019604552 0.018003631
v -0.016860571 0.019437237 0.018656234
v -0.016710308 0.01960039 0.018006122
v -0.016709234 0.019431208 0.018659841
v -0.016605713 0.019603413 0.018002977
v -0.016557867 0.01943558 0.018655292
v -0.016501891 0.019613599 0.017994221
v -0.016407622 0.019450318 0.018642621
v -0.016399636 0.019630869 0.017979916
v -0.016259639 0.019475308 0.018621923
v -0.016299722 0.019655093 0.017960174
v -0.016115046 0.019510361 0.018593356
v -0.016202912 0.019686086 0.017935146
v -0.015975811 0.019558621 0.018558373
v -0.016109941 0.019723614 0.01790502
v -0.015841427 0.019612861 0.018514831
v -0.016021518 0.019767385 0.017870025
v -0.015712435 0.019672861 0.018462904
v -0.015938317 0.019817074 0.017830431
v -0.015592025 0.019744766 0.018405605
v -0.015860967 0.019872302 0.017786538
v -0.015480086 0.01982468 0.018342081
v -0.015790062 0.019932641 0.017738677
v -0.015377471 0.019912003 0.018272824
v -0.015726138 0.019997638 0.017687215
v -0.01528496 0.020006065 0.018198353
v -0.015669683 0.020066799 0.017632544
v -0.015203256 0.020106149 0.018119236
v -0.015621126 0.020139596 0.01757508
v -0.015132983 0.020211496 0.018036077
v -0.015580837 0.020215473 0.017515257
v -0.015074675 0.020321302 0.017949503
v -0.015549121 0.020293854 0.017453533
v -0.015028775 0.020434733 0.017860183
v -0.015526224 0.020374145 0.01739038
v -0.014995632 0.020550925 0.017768789
v -0.015512315 0.020455732 0.017326275
v -0.0149755 0.020668994 0.017676018
v -0.0155075 0.020537993 0.017261706
v -0.01496853 0.020788041 0.017582578
v 0.018287513 0.020436237 0.017091676
v 0.018824558 0.02072309 0.017383685
v 0.018274093 0.020517971 0.017027654
v 0.01880514 0.020841376 0.017291039
v 0.018251677 0.020598509 0.016964644
v 0.018772705 0.020957925 0.017199846
v 0.018220433 0.020677234 0.016903116
v 0.018727494 0.021071855 0.01711081
v 0.018180601 0.020753547 0.016843544
v 0.018669852 0.021182294 0.017024597
v 0.018132482 0.020826869 0.016786379
v 0.018598401 0.021289484 0.016944943
v 0.018076442 0.020896643 0.016732061
v 0.018517405 0.021390337 0.01686643
v 0.01801291 0.020962335 0.016680997
v 0.018425578 0.021485291 0.016792622
v 0.017942369 0.021023446 0.016633578
v 0.01832362 0.021573622 0.016724079
v 0.017865355 0.021079513 0.016590167
v 0.018212305 0.02165466 0.016661327
v 0.017782452 0.021130106 0.016551091
v 0.018092481 0.021727791 0.016604845
v 0.017694294 0.021174841 0.016516647
v 0.01796506 0.021792452 0.016555057
v 0.017601552 0.021213379 0.016487101
v 0.017831014 0.021848159 0.016512352
v 0.017504931 0.021245426 0.016462677
v 0.017691358 0.021894484 0.016477047
v 0.017405165 0.021270737 0.016443558
v 0.017547697 0.021930776 0.016445732
v 0.017303017 0.02128912 0.01642989
v 0.017399871 0.021957384 0.016425952
v 0.017199261 0.021300435 0.01642178
v 0.017249718 0.021973763 0.016414213
v 0.017094685 0.021304599 0.016419289
v 0.017098383 0.02197979 0.016410604
v 0.016990091 0.021301576 0.016422433
v 0.016947014 0.021975417 0.016415152
v 0.016886269 0.021291391 0.016431193
v 0.016796769 0.02196068 0.016427823
v 0.016784013 0.021274119 0.016445495
v 0.016648786 0.02193569 0.016448521
v 0.0166841 0.021249895 0.016465237
v 0.016504193 0.021900637 0.016477089
v 0.016587289 0.021218901 0.016490266
v 0.016364091 0.021855788 0.016513309
v 0.01649432 0.021181376 0.016520394
v 0.01623061 0.021801931 0.01656045
v 0.016405897 0.021137602 0.016555387
v 0.016101582 0.021738137 0.016607541
v 0.016322695 0.021087913 0.016594981
v 0.01598254 0.021666844 0.016668255
v 0.016245346 0.021032689 0.016638876
v 0.015870737 0.021587024 0.016731698
v 0.016174441 0.020972347 0.016686735
v 0.015768248 0.02149981 0.016800875
v 0.016110516 0.020907349 0.016738196
v 0.015674106 0.021404933 0.016872091
v 0.016054062 0.020838188 0.016792867
v 0.015592404 0.021304849 0.016951208
v 0.016005504 0.020765394 0.016850334
v 0.01552213 0.021199504 0.017034371
v 0.015965214 0.020689515 0.016910154
v 0.015463822 0.021089696 0.017120941
v 0.0159335 0.020611133 0.016971878
v 0.015419978 0.020977716 0.017213015
v 0.015910603 0.020530843 0.017035031
v 0.01538478 0.020860075 0.017301658
v 0.015896694 0.020449258 0.017099139
v 0.015364647 0.020742004 0.017394426
v 0.015891879 0.020366994 0.017163705
v 0.015357677 0.02062296 0.017487869
v 0.0158962 0.020284683 0.017228243
v 0.015363925 0.02050384 0.017581267
v 0.015909619 0.020202948 0.017292265
v 0.01538334 0.020385554 0.017673913
v 0.015932034 0.020122412 0.017355279
v 0.015415777 0.020269005 0.017765106
v 0.015963279 0.020043685 0.017416803
v 0.015460988 0.020155077 0.017854146
v 0.016003113 0.019967371 0.017476376
v 0.01551863 0.020044635 0.017940356
v 0.016051232 0.019894051 0.01753354
v 0.015588262 0.019938524 0.018023082
v 0.01610727 0.019824277 0.017587859
v 0.015669356 0.01983755 0.018101694
v 0.016170802 0.019758584 0.017638922
v 0.015761292 0.019742478 0.018175589
v 0.016241342 0.019697474 0.017686341
v 0.015863376 0.019654039 0.018244215
v 0.01631836 0.019641409 0.017729755
v 0.015976212 0.019576063 0.018308462
v 0.01640126 0.019590815 0.017768832
v 0.016096036 0.019502933 0.018364944
v 0.016489418 0.019546079 0.017803272
v 0.016223456 0.01943827 0.018414728
v 0.01658216 0.019507541 0.017832818
v 0.016356585 0.019379166 0.018456202
v 0.016678781 0.019475496 0.017857245
v 0.016496409 0.019332787 0.018491552
v 0.016778547 0.019450182 0.017876361
v 0.016640785 0.019296153 0.018519221
v 0.016880694 0.0194318 0.017890029
v 0.016788612 0.019269546 0.018539
v 0.016984452 0.019420484 0.01789814
v 0.016938763 0.019253167 0.018550739
v 0.017089026 0.019416321 0.017900631
v 0.017090098 0.01924714 0.018554349
v 0.017193621 0.019419344 0.017897486
v 0.017241465 0.019251512 0.0185498
v 0.017297442 0.019429531 0.017888729
v 0.017391713 0.01926625 0.018537129
v 0.017399699 0.019446801 0.017874424
v 0.017539697 0.01929124 0.018516431
v 0.017499612 0.019471025 0.017854682
v 0.017684287 0.019326293 0.018487864
v 0.017596423 0.019502018 0.017829654
v 0.017823523 0.01937455 0.018452879
v 0.017689393 0.019539546 0.017799528
v 0.017957907 0.01942879 0.018409336
v 0.017777816 0.019583317 0.017764533
v 0.018085715 0.019492062 0.018358764
v 0.017861017 0.019633006 0.017724939
v 0.018205976 0.019563879 0.018301535
v 0.017938365 0.019688233 0.017681046
v 0.01831778 0.019643699 0.018238091
v 0.018009274 0.019748573 0.017633185
v 0.018420268 0.019730913 0.018168914
v 0.018073196 0.01981357 0.017581723
v 0.018512667 0.019824864 0.018094536
v 0.018129651 0.019882731 0.017527052
v 0.018594269 0.019924824 0.018015512
v 0.018178208 0.019955525 0.017469586
v 0.018664456 0.020030043 0.017932454
v 0.018218498 0.020031405 0.017409766
v 0.018724661 0.020137232 0.017844013
v 0.018250211 0.020109786 0.017348041
v 0.018770561 0.020250662 0.017754688
v 0.018273112 0.020190076 0.017284888
v 0.018803701 0.020366857 0.017663298
v 0.01828702 0.020271664 0.017220783
v 0.018823834 0.020484925 0.017570526
v 0.018291834 0.020353925 0.017156215
v 0.018830805 0.02060397 0.017477084
v -0.0025857657 0.015229572 0.014594158
v -0.0025771141 0.015230421 0.014593427
v -0.0025814857 0.015238785 0.014603472
v -0.0025685928 0.01523186 0.014592237
v -0.0025881063 0.015299034 0.014542706
v -0.0025911715 0.015300045 0.014544743
v -0.002594404 0.015238115 0.014604093
v -0.0025943234 0.015247976 0.01461268
v -0.0025942416 0.015258976 0.014619749
v -0.002592036 0.015304322 0.014543614
v -0.0025941597 0.015270721 0.014625489
v -0.0025940795 0.015283176 0.014629469
v -0.002593977 0.015300356 0.014632309
v -0.0025928543 0.015308365 0.014541374
v -0.0025938827 0.015317769 0.014632122
v -0.0025937995 0.015334886 0.014628916
v -0.002591385 0.015313678 0.014551648
v -0.0025937455 0.015347253 0.01462467
v -0.0025928984 0.015317812 0.014547745
v -0.0025937009 0.015358872 0.014618678
v -0.0025602667 0.015233879 0.014590591
v -0.002552199 0.015236461 0.014588506
v -0.0025897321 0.015305244 0.014540785
v -0.0025860606 0.01531053 0.014549244
v -0.0025444515 0.01523959 0.014585995
v -0.0025897724 0.015313704 0.014547662
v -0.0025370831 0.015243236 0.014583078
v -0.0025301495 0.015247377 0.014579779
v -0.0025348988 0.015259444 0.014596457
v -0.0025889628 0.015306109 0.014536101
v -0.0025835246 0.015305158 0.014546486
v -0.0025849466 0.015308755 0.014546888
v -0.0025207492 0.015254493 0.014574128
v -0.0025869676 0.015307677 0.01453894
v -0.0025915072 0.015311463 0.014538535
v -0.002512468 0.015262424 0.014567845
v -0.0025077633 0.015268188 0.014563289
v -0.0025755805 0.015313603 0.014547228
v -0.0025378034 0.015338607 0.014609007
v -0.0025037169 0.015274254 0.0145585
v -0.0025003595 0.015280577 0.014553515
v -0.0025749785 0.015307016 0.01453801
v -0.0024977165 0.015287109 0.014548371
v -0.0025063484 0.015321127 0.014577922
v -0.0025246984 0.015340438 0.014596609
v -0.0024958084 0.015293799 0.014543108
v -0.0024946493 0.015300598 0.014537766
v -0.0024945781 0.015312835 0.014539244
v -0.0024965858 0.015320812 0.014549405
v -0.0025000798 0.015328596 0.014559313
v -0.0025033716 0.015333589 0.014565666
v -0.0025073546 0.015338386 0.014571766
v -0.0025146344 0.015345103 0.0145803
v -0.0025263243 0.015353091 0.014590438
v -0.0025400786 0.015359711 0.014598823
v -0.0025514582 0.015363706 0.014603873
v -0.0025636507 0.015366643 0.01460757
v -0.0025806303 0.015369061 0.014610587
v -0.0024910408 0.016493008 0.013613405
v -0.0024930482 0.016500987 0.013623566
v -0.0024965424 0.01650877 0.013633475
v -0.002499834 0.016513762 0.013639826
v -0.0025038172 0.016518561 0.013645927
v -0.0025110968 0.016525278 0.013654461
v -0.0025227869 0.016533265 0.0136646
v -0.002536541 0.016539885 0.013672985
v -0.0025479206 0.01654388 0.013678033
v -0.0025601133 0.016546817 0.013681732
v -0.0025770927 0.016549235 0.013684749
v -0.0024903098 0.016494483 0.013601167
v -0.0024688614 0.016512887 0.013610613
v -0.0024856965 0.016525127 0.013626843
v -0.0024961829 0.016536503 0.013638097
v -0.0025107757 0.016545935 0.013645669
v -0.002587639 0.016504757 0.013599847
v -0.0024891505 0.016501282 0.013595824
v -0.0025802046 0.016527051 0.013592459
v -0.0024872424 0.016507973 0.013590561
v -0.0024845996 0.016514504 0.013585418
v -0.0024870986 0.016536924 0.013590796
v -0.002481207 0.016548533 0.013615583
v -0.0025486332 0.016562715 0.013573934
v -0.0025763088 0.016544345 0.013568706
v -0.002481242 0.016520828 0.013580433
v -0.0025638998 0.016566329 0.013567462
v -0.0024771958 0.016526894 0.013575644
v -0.0024724911 0.016532657 0.013571087
v -0.0025126649 0.016576122 0.013562246
v -0.002475696 0.01658834 0.01359681
v -0.0025460555 0.016587223 0.013539029
v -0.0024671641 0.016538073 0.013566799
v -0.0024631151 0.016553446 0.013575315
v -0.0024612553 0.016543103 0.013562812
v -0.002513215 0.0166074 0.013535374
v -0.0024548097 0.016547704 0.013559153
v -0.0024499561 0.016570282 0.013574113
v -0.0024478761 0.016551844 0.013555853
v -0.0024443445 0.016559301 0.013561055
v -0.0024636691 0.016612465 0.013550436
v -0.0024603007 0.016626934 0.013586587
v -0.0024951729 0.016625567 0.01351445
v -0.0024405074 0.016555493 0.013552937
v -0.0024313212 0.01658133 0.0135695
v -0.0024327601 0.01655862 0.013550427
v -0.0024283543 0.016569692 0.013559335
v -0.0024246925 0.016561203 0.013548341
v -0.0024381085 0.016623061 0.013532379
v -0.0024205947 0.016627842 0.013580274
v -0.0024530615 0.016640261 0.013502148
v -0.0024163664 0.016563222 0.013546696
v -0.002406382 0.016569221 0.013564066
v -0.0024068768 0.016594148 0.013562911
v -0.0024078451 0.01656466 0.013545503
v -0.0024026684 0.016610745 0.013577539
v -0.002416874 0.016645786 0.013522375
v -0.0024119239 0.016678462 0.013577363
v -0.0024140795 0.01669405 0.013569941
v -0.0023991932 0.016565509 0.013544774
v -0.0023904255 0.016571441 0.013551134
v -0.0023903724 0.016577673 0.013557235
v -0.0023903184 0.016584416 0.013562773
v -0.0023902637 0.016591616 0.013567699
v -0.0023902091 0.016599218 0.013571979
v -0.0023901547 0.016607162 0.013575582
v -0.0023901008 0.016615391 0.013578476
v -0.0023900478 0.01662384 0.013580644
v -0.002389972 0.016636798 0.013582401
v -0.0023899 0.01664987 0.013582641
v -0.0023898554 0.016658551 0.013581788
v -0.0023898136 0.016667127 0.013580182
v -0.0023897751 0.016675528 0.013577833
v -0.0023897405 0.016683694 0.013574761
v -0.0023897093 0.01669156 0.01357099
v -0.0023896822 0.016699068 0.013566548
v -0.0024265834 0.01365926 0.0098400498
v -0.0024352855 0.013653073 0.0098339763
v -0.0024438563 0.013646376 0.009828466
v -0.0024522308 0.013639222 0.0098235651
v -0.0024603454 0.013631665 0.0098193097
v -0.0024681378 0.013623763 0.0098157335
v -0.0024755492 0.013615574 0.0098128602
v -0.0024825229 0.01360716 0.0098107135
v -0.0024890062 0.013598589 0.0098093117
v -0.002494949 0.013589924 0.0098086632
v -0.0024990055 0.013583403 0.0098086991
v -0.0025027535 0.013576891 0.0098091119
v -0.0025060986 0.013570424 0.009809998
v -0.0025091087 0.013564019 0.0098112589
v -0.0025108856 0.013559803 0.0098123482
v -0.0025131959 0.013553581 0.0098143432
v -0.0025158868 0.013544528 0.0098180926
v -0.0025177406 0.01353583 0.0098226185
v 0.001284377 0.016675354 0.013557384
v 0.001283266 0.01666961 0.013560511
v 0.0012805422 0.016659657 0.013564931
v 0.00128178 0.016663699 0.013563302
v 0.0012770333 0.016650314 0.013567879
v 0.001272735 0.016640759 0.013570001
v 0.0012693899 0.016634291 0.013570888
v 0.0012615854 0.016621262 0.013571339
v 0.0012656417 0.016627783 0.013571305
v 0.0012556423 0.016612594 0.013570688
v 0.0012491592 0.016604022 0.013569286
v 0.0012421855 0.016595611 0.01356714
v 0.0012347742 0.016587421 0.013564267
v 0.0012269815 0.016579518 0.01356069
v 0.0012188672 0.016571961 0.013556434
v 0.0012104927 0.016564807 0.013551533
v 0.0012019218 0.016558111 0.013546024
v 0.0011932197 0.016551924 0.013539949
v 0.0011563185 0.013512115 0.0098134533
v 0.0011563455 0.013519625 0.0098090105
v 0.0011563766 0.013527491 0.0098052393
v 0.0011564115 0.013535654 0.0098021675
v 0.0011564499 0.013544057 0.0097998192
v 0.0011564915 0.013552631 0.0097982123
v 0.0011565362 0.013561314 0.0097973595
v 0.0011566081 0.013574386 0.0097975999
v 0.0011566842 0.013587342 0.0097993554
v 0.0011567369 0.013595792 0.0098015231
v 0.0011567908 0.013604022 0.0098044191
v 0.0011568453 0.013611967 0.0098080209
v 0.0011569001 0.013619568 0.0098123014
v 0.0011569546 0.013626767 0.0098172283
v 0.0011570087 0.013633509 0.0098227644
v 0.0011570616 0.013639744 0.0098288659
v 0.0011658296 0.013645674 0.0098352266
v 0.0011744813 0.013646524 0.009834497
v 0.0011830027 0.013647962 0.0098333051
v 0.0011913289 0.013649982 0.0098316609
v 0.0011993963 0.013652565 0.0098295751
v 0.0012071439 0.013655692 0.0098270632
v 0.0012145124 0.013659339 0.009824148
v 0.0012214459 0.01366348 0.0098208494
v 0.0012278916 0.013668083 0.0098171902
v 0.0012338004 0.013673111 0.009813202
v 0.0012391274 0.013678526 0.0098089136
v 0.001243832 0.01368429 0.0098043573
v 0.0012478783 0.013690357 0.0097995698
v 0.0012512359 0.013696681 0.0097945844
v 0.0012538787 0.013703212 0.0097894406
v 0.0012557869 0.013709903 0.009784178
v 0.0012569461 0.013716701 0.0097788358
v 0.0012553822 0.013448139 0.0097464011
v 0.0012544204 0.013465237 0.0097420928
v 0.0012533745 0.013456118 0.0097565644
v 0.0012482347 0.013466397 0.0097696478
v 0.0011907712 0.013473283 0.0097377247
v 0.0012426057 0.013473692 0.0097789247
v 0.0012353261 0.013480408 0.009787458
v 0.0012364105 0.013500623 0.0097780832
v 0.0012236358 0.013488398 0.009797597
v 0.0012094236 0.0135119 0.0097833057
v 0.001213547 0.013493549 0.0098041252
v 0.0012023594 0.013497746 0.0098094322
v 0.001190462 0.013501116 0.0098136822
v 0.0011719159 0.013506976 0.009787778
v 0.0011779043 0.013503385 0.0098165273
v 0.0011650089 0.013504741 0.0098182065
v 0.0011612794 0.013484636 0.009716606
v 0.001192977 0.013538407 0.0097893743
v 0.0011767716 0.013518814 0.0097093196
v 0.0011793249 0.013527643 0.0097242461
v 0.0011730059 0.013549643 0.0098242346
v 0.0011751039 0.01355026 0.0097048343
v 0.0012658653 0.013564777 0.0097772416
v 0.0011790436 0.013569992 0.0097296445
v 0.0011773917 0.013573728 0.009794546
v 0.0011758827 0.013582471 0.0097033345
v 0.0011634455 0.013603385 0.0097079879
v 0.0012548653 0.013611734 0.00972018
v 0.001172951 0.013597235 0.0098001752
v 0.0011623385 0.013632148 0.0097125349
v 0.0011959399 0.013602418 0.0098072453
v 0.0011601111 0.013656167 0.0097204782
v 0.0011834484 0.013650126 0.0097688159
v 0.0011731164 0.013621297 0.0098113901
v 0.0011930392 0.013675558 0.0097372449
v 0.0011747433 0.013670133 0.0097381446
v 0.0012412871 0.013659044 0.0097839661
v 0.0012306716 0.013650344 0.0097946682
v 0.0011702831 0.013697725 0.0097508332
v 0.0011610824 0.013693858 0.0097553317
v 0.0011703899 0.01370998 0.0097628117
v 0.0012414041 0.013673099 0.0097969452
v 0.0011602413 0.013708473 0.0097643766
v 0.0012513005 0.012270637 0.010675644
v 0.0012476303 0.012281153 0.010689033
v 0.0012430513 0.012288719 0.010698661
v 0.001236746 0.012295801 0.010707665
v 0.0012262252 0.012304385 0.010718567
v 0.0012168996 0.01231006 0.010725765
v 0.0012063444 0.012314841 0.01073182
v 0.0011949647 0.012318836 0.010736868
v 0.0011827722 0.012321774 0.010740566
v 0.0011657927 0.012324193 0.010743585
v 0.001160657 0.012184703 0.010727155
v 0.0011693088 0.012185552 0.010726424
v 0.0011548006 0.012256255 0.010673677
v 0.0011778301 0.012186991 0.010725233
v 0.0011519924 0.01219013 0.010734039
v 0.0011520453 0.012196364 0.010740141
v 0.0011520994 0.012203107 0.010745678
v 0.0011521539 0.012210306 0.010750603
v 0.0011522086 0.012217906 0.010754884
v 0.0011692189 0.012215432 0.010751579
v 0.0011522632 0.012225853 0.010758487
v 0.0011532892 0.012261989 0.010673606
v 0.0011523171 0.012234082 0.010761382
v 0.0011523698 0.012242531 0.010763549
v 0.0011524211 0.012251139 0.010764973
v 0.0011524705 0.012259838 0.01076564
v 0.0011525178 0.012268559 0.010765545
v 0.0011525624 0.012277242 0.010764693
v 0.001153578 0.012265162 0.010672854
v 0.0011526041 0.012285816 0.010763086
v 0.0011526425 0.012294219 0.010760738
v 0.0011583083 0.012298796 0.010758772
v 0.0011526774 0.012302383 0.010757665
v 0.0011527085 0.01231025 0.010753896
v 0.0011540836 0.012274927 0.010684649
v 0.0011527355 0.012317757 0.010749452
v 0.0011861563 0.012189009 0.010723588
v 0.0011942237 0.012191592 0.010721502
v 0.0011858985 0.012244113 0.010757664
v 0.0011586178 0.012262135 0.010679675
v 0.0012019714 0.012194719 0.01071899
v 0.0012052234 0.012205225 0.0107273
v 0.0011579696 0.012257618 0.010677111
v 0.0012040134 0.012237103 0.010746818
v 0.0012093398 0.012198367 0.010716075
v 0.0012162733 0.012202508 0.010712776
v 0.0012170555 0.012213879 0.01072313
v 0.0011611177 0.012260038 0.01067418
v 0.0012227191 0.01220711 0.010709117
v 0.0011622709 0.012259005 0.010671375
v 0.0011794368 0.012307907 0.010750634
v 0.0011555566 0.012263968 0.010670714
v 0.0012286279 0.012212138 0.010705129
v 0.0012339548 0.012217554 0.01070084
v 0.0012386594 0.012223318 0.010696285
v 0.0012404511 0.012243655 0.010707805
v 0.0011658356 0.012263587 0.01067517
v 0.001159669 0.012268923 0.010680014
v 0.0012427059 0.012229385 0.010691496
v 0.0012460634 0.012235708 0.010686511
v 0.0011628705 0.012263282 0.010669087
v 0.0011571758 0.012269696 0.010676071
v 0.0011653973 0.012322163 0.010745181
v 0.0012487063 0.01224224 0.010681367
v 0.0011635621 0.012267528 0.010674884
v 0.0012506143 0.01224893 0.010676105
v 0.0012517735 0.012255729 0.010670762
v -0.017291784 -0.017218206 -0.026861609
v -0.017319675 -0.017202203 -0.026826005
v -0.017314266 -0.017237786 -0.026814174
v -0.017213996 -0.017283975 -0.026883349
v -0.017389294 -0.017148834 -0.026881077
v -0.017380183 -0.017172472 -0.026868274
v -0.017281672 -0.017123474 -0.026812839
v -0.017276989 -0.017162908 -0.026809903
v -0.01724721 -0.017226655 -0.0268519
v -0.017291762 -0.017238179 -0.026811129
v -0.017291295 -0.01726543 -0.026802526
v -0.017227397 -0.017256768 -0.026877221
v -0.017233439 -0.017241077 -0.026861141
v -0.017254282 -0.017291268 -0.026826875
v -0.017242812 -0.017201961 -0.026850879
v -0.017285147 -0.017190726 -0.026809062
v -0.017270748 -0.017192827 -0.026827063
v -0.017311596 -0.017195628 -0.026800697
v -0.017318013 -0.017228189 -0.026791205
v -0.017281018 -0.017152519 -0.026819213
v -0.017314647 -0.017161571 -0.026815358
v -0.017298431 -0.017138134 -0.026823229
v -0.017286223 -0.01714166 -0.026803685
v -0.017277403 -0.017116346 -0.026836744
v -0.017316681 -0.017125689 -0.026834954
v -0.017291481 -0.017109887 -0.026807078
v -0.017307433 -0.017106521 -0.026833117
v -0.017315657 -0.017097711 -0.026813041
v -0.017315189 -0.017119938 -0.026847758
v -0.017299586 -0.017091472 -0.02680644
v -0.017303555 -0.017140262 -0.026883102
v -0.017325769 -0.017119576 -0.026859265
v -0.017316271 -0.017111923 -0.026849474
v -0.017310458 -0.017105795 -0.026841641
v -0.017305194 -0.017097804 -0.026831434
v -0.017301552 -0.017089345 -0.026820636
v -0.017300572 -0.017084852 -0.026814906
v -0.017345421 -0.017202243 -0.026863666
v -0.017334866 -0.017225977 -0.026793072
v -0.017334985 -0.017188818 -0.026874295
v -0.017329394 -0.017182414 -0.026830492
v -0.017317936 -0.01718181 -0.026813084
v -0.017328852 -0.017172231 -0.026862742
v -0.017340199 -0.017164848 -0.02688431
v -0.017363834 -0.017180186 -0.026852325
v -0.017313623 -0.017151062 -0.026890669
v -0.017317941 -0.017151817 -0.026842067
v -0.017364352 -0.017161314 -0.026882335
v -0.017345269 -0.017143971 -0.026877827
v -0.017378575 -0.017149311 -0.026872672
v -0.01730771 -0.01713713 -0.026854669
v -0.01723725 -0.017269685 -0.02687988
v -0.01726776 -0.017249326 -0.026876443
v -0.017269493 -0.017282772 -0.026814363
v -0.017336724 -0.017126037 -0.026867542
v -0.017347404 -0.01713066 -0.026873477
v -0.017356358 -0.017133713 -0.026877402
v -0.017368866 -0.017136777 -0.026881355
v -0.017377645 -0.017138303 -0.026883335
v -0.017385039 -0.017139142 -0.026884433
v -0.017391793 -0.017139624 -0.026885072
v -0.017394792 -0.015959587 -0.02781118
v -0.017388256 -0.015959183 -0.027811122
v -0.017383914 -0.015958579 -0.027811023
v -0.017377454 -0.015957178 -0.027810786
v -0.017371065 -0.015955282 -0.02781046
v -0.017364795 -0.015952782 -0.027810026
v -0.017344993 -0.015940753 -0.027807916
v -0.017355661 -0.015948024 -0.027809195
v -0.017337706 -0.015934401 -0.027806795
v -0.01733251 -0.015929124 -0.027805862
v -0.01732306 -0.015917157 -0.027803739
v -0.017314722 -0.01590383 -0.027801372
v -0.017309976 -0.015894149 -0.027799651
v -0.017305887 -0.015883963 -0.027797836
v -0.017302485 -0.015873348 -0.027795943
v -0.017299796 -0.015862387 -0.027793987
v -0.017297841 -0.015851162 -0.027791982
v -0.017296632 -0.015839758 -0.027789944
v -0.017296183 -0.015828263 -0.027787888
v -0.017414208 -0.017805119 -0.030811837
v -0.017405503 -0.017804696 -0.03081219
v -0.017399021 -0.017803992 -0.030812727
v -0.017392621 -0.0178029 -0.030813531
v -0.017386307 -0.017801506 -0.030814547
v -0.017380137 -0.017799737 -0.030815821
v -0.017374103 -0.017797676 -0.030817299
v -0.017368269 -0.017795259 -0.030819021
v -0.017360802 -0.017791581 -0.030821636
v -0.017353755 -0.01778738 -0.030824609
v -0.017347181 -0.017782689 -0.030827922
v -0.017339691 -0.017776203 -0.030832489
v -0.017334361 -0.017770543 -0.030836467
v -0.017329654 -0.017764522 -0.030840695
v -0.017325605 -0.017758183 -0.030845137
v -0.017322245 -0.017751576 -0.03084976
v -0.017319598 -0.017744752 -0.030854532
v -0.017317689 -0.017737763 -0.030859414
v -0.017316526 -0.017730658 -0.030864366
v -0.017316121 -0.017723498 -0.030869357
v -0.017431658 -0.01965671 -0.033172141
v -0.017425121 -0.019656279 -0.033172107
v -0.017418622 -0.01965518 -0.033171989
v -0.017410055 -0.019652839 -0.033171728
v -0.017403732 -0.019650431 -0.033171452
v -0.017397551 -0.019647386 -0.033171099
v -0.017391503 -0.019643841 -0.033170685
v -0.017385651 -0.01963969 -0.033170198
v -0.017379983 -0.01963507 -0.033169655
v -0.01737197 -0.019627076 -0.033168709
v -0.017362892 -0.019616029 -0.033167398
v -0.017356946 -0.01960703 -0.033166325
v -0.017349204 -0.019592187 -0.033164549
v -0.017342738 -0.019576194 -0.033162635
v -0.017337989 -0.019559064 -0.033160579
v -0.017334686 -0.019541283 -0.033158439
v -0.01733325 -0.019523029 -0.033156239
v -0.019410348 -0.017872462 -0.034538813
v -0.019411516 -0.017873216 -0.034542534
v -0.019410715 -0.01787975 -0.034548798
v -0.019396045 -0.017880206 -0.034581134
v -0.01941661 -0.017876963 -0.034560985
v -0.019419108 -0.017879156 -0.034571774
v -0.01942839 -0.017893715 -0.034643248
v -0.019428775 -0.017895708 -0.034653004
v -0.019443196 -0.017900829 -0.034645704
v -0.019333502 -0.017853823 -0.034445793
v -0.019338364 -0.017853972 -0.034446626
v -0.019339945 -0.01786631 -0.034456294
v -0.019342615 -0.017854192 -0.034447812
v -0.019354615 -0.017855281 -0.034453414
v -0.019358192 -0.017855738 -0.034455749
v -0.019352482 -0.017858823 -0.034456707
v -0.019352299 -0.017864584 -0.034515815
v -0.019353625 -0.01785226 -0.034490256
v -0.019377311 -0.017865439 -0.034480453
v -0.019381099 -0.01786031 -0.034478656
v -0.019383745 -0.017861049 -0.034482341
v -0.01937255 -0.017857829 -0.034507384
v -0.019393938 -0.017864434 -0.034499137
v -0.019399045 -0.017866515 -0.034509446
v -0.019445679 -0.017910613 -0.034608437
v -0.019402662 -0.017918333 -0.034545399
v -0.019400871 -0.017935461 -0.034560115
v -0.019406153 -0.017937011 -0.034517512
v -0.019476615 -0.017911469 -0.034547188
v -0.019416424 -0.017929666 -0.034577866
v -0.019400317 -0.017947736 -0.034557532
v -0.019482075 -0.017910526 -0.034570742
v -0.019401702 -0.017956698 -0.034531177
v -0.019409797 -0.01794114 -0.034472904
v -0.01937766 -0.017953728 -0.034481819
v -0.019386765 -0.017930362 -0.034507771
v -0.019370672 -0.017936853 -0.034489636
v -0.019336925 -0.017945007 -0.034501679
v -0.019335633 -0.017928013 -0.034484125
v -0.01936369 -0.017938844 -0.034464744
v -0.019382293 -0.017970523 -0.034506791
v -0.019402919 -0.017953083 -0.034507924
v -0.019378181 -0.017969489 -0.034484495
v -0.019357215 -0.017963572 -0.034485498
v -0.019359538 -0.017980415 -0.034476625
v -0.019347686 -0.017977191 -0.034472294
v -0.019338604 -0.017960724 -0.03448966
v -0.019338416 -0.017966415 -0.034464419
v -0.019336742 -0.017985054 -0.03446911
v -0.019347647 -0.017988643 -0.034468764
v -0.019328514 -0.017920463 -0.034482988
v -0.019328544 -0.017925617 -0.034483476
v -0.019328563 -0.017929161 -0.034483654
v -0.019328605 -0.017936909 -0.034483603
v -0.019328665 -0.017948856 -0.034482328
v -0.019328712 -0.017958677 -0.034480135
v -0.019328766 -0.017970927 -0.034476009
v -0.019328806 -0.017981251 -0.034470972
v -0.019328828 -0.017987083 -0.034467468
v -0.01938654 -0.017861892 -0.034486527
v -0.019392156 -0.017863773 -0.034495867
v -0.019378982 -0.017859755 -0.034475892
v -0.019375198 -0.017858836 -0.034471297
v -0.019366358 -0.017857024 -0.034462232
v -0.019370235 -0.017857764 -0.034465941
v -0.019369714 -0.017860773 -0.034469021
v -0.019357157 -0.017884329 -0.034485923
v -0.019313869 -0.017902622 -0.034569715
v -0.019380459 -0.017904568 -0.034509624
v -0.019395229 -0.017897219 -0.034522132
v -0.019347182 -0.017892233 -0.034519233
v -0.019370492 -0.017878512 -0.034526194
v -0.019397704 -0.017875024 -0.034511135
v -0.01935689 -0.017916441 -0.034480921
v -0.019364103 -0.017856634 -0.034460268
v -0.019362517 -0.017861048 -0.034464322
v -0.019361759 -0.017856256 -0.034458366
v -0.019362699 -0.017856403 -0.03445911
v -0.019351435 -0.017854927 -0.034451613
v -0.019346979 -0.017871779 -0.034471441
v -0.019335455 -0.017881681 -0.034488535
v -0.019336377 -0.017897102 -0.034489917
v -0.019337499 -0.017914538 -0.034488574
v -0.019346248 -0.017854449 -0.034449156
v -0.019333696 -0.017880015 -0.034469141
v -0.019425894 -0.017887558 -0.034613049
v -0.019434003 -0.017895458 -0.034620327
v -0.019425156 -0.017886325 -0.034606997
v -0.01946179 -0.017903871 -0.034588978
v -0.019424288 -0.017885032 -0.034600652
v -0.019422583 -0.01788282 -0.034589792
v -0.019426796 -0.017889279 -0.034621491
v -0.019427144 -0.017890042 -0.034625231
v -0.01941492 -0.017875628 -0.034554416
v -0.019414163 -0.01787506 -0.034551622
v -0.019421001 -0.017881042 -0.034581047
v -0.01944107 -0.017900055 -0.0345121
v -0.01940532 -0.017869548 -0.034524432
v -0.019408359 -0.017871249 -0.034532827
v -0.019401312 -0.017867543 -0.034514528
v -0.019427701 -0.017891435 -0.034632072
v -0.019404771 -0.017897032 -0.034548818
v -0.019328458 -0.017911064 -0.034481389
v -0.019328378 -0.017898534 -0.034477707
v -0.019328314 -0.017889072 -0.034473784
v -0.019328246 -0.017879632 -0.034468621
v -0.019328232 -0.017877817 -0.034467463
v -0.019328154 -0.01786774 -0.034459791
v -0.019328071 -0.017858031 -0.034450468
v -0.019328032 -0.017853777 -0.034445434
v -0.017328307 -0.017943347 -0.034389952
v -0.017329334 -0.017951389 -0.034400208
v -0.017331866 -0.017959301 -0.034410304
v -0.01733623 -0.017966899 -0.034420006
v -0.017341995 -0.017974133 -0.034429248
v -0.017349402 -0.01798077 -0.034437737
v -0.017361242 -0.017988631 -0.034447802
v -0.017371426 -0.017993671 -0.034454266
v -0.017378812 -0.017996525 -0.034457933
v -0.017386571 -0.017998969 -0.034461077
v -0.017398818 -0.018001772 -0.034464698
v -0.017411545 -0.018003082 -0.034467642
v -0.017420169 -0.018004334 -0.034468045
v -0.017428886 -0.018004521 -0.034468317
v -0.017428864 -0.01799743 -0.034473398
v -0.017428753 -0.017969689 -0.034485856
v -0.017428821 -0.017985989 -0.034479726
v -0.017428669 -0.017952574 -0.034489066
v -0.017428599 -0.017939509 -0.034489584
v -0.01742855 -0.01793081 -0.034488918
v -0.017428419 -0.017909637 -0.034483877
v -0.017426937 -0.017942031 -0.034399454
v -0.017428337 -0.017897579 -0.03447883
v -0.017428283 -0.017889979 -0.034474551
v -0.017428228 -0.017882777 -0.034469621
v -0.017428148 -0.017872919 -0.034461035
v -0.01742807 -0.017864124 -0.034451364
v -0.017328667 -0.017936488 -0.034395331
v -0.01733088 -0.017944793 -0.034410827
v -0.017331717 -0.017934544 -0.034413406
v -0.017329787 -0.017929676 -0.034400665
v -0.017335897 -0.017948609 -0.034426593
v -0.017335443 -0.017926994 -0.03442201
v -0.017331654 -0.017922965 -0.034405917
v -0.017423013 -0.017943925 -0.03439351
v -0.017345089 -0.017933322 -0.034443725
v -0.017334258 -0.017916404 -0.034411044
v -0.01741456 -0.017938086 -0.034397494
v -0.017337577 -0.017910045 -0.034416008
v -0.017341587 -0.017903934 -0.034420772
v -0.017359358 -0.017928066 -0.034460338
v -0.017346256 -0.01789812 -0.034425299
v -0.01741768 -0.017943796 -0.034401443
v -0.017414174 -0.017933375 -0.034402865
v -0.017351553 -0.017892647 -0.034429555
v -0.017421031 -0.017946237 -0.034398085
v -0.017426222 -0.017944135 -0.034396541
v -0.017422472 -0.01794161 -0.034400576
v -0.017414412 -0.017935679 -0.034410483
v -0.01735743 -0.017887553 -0.034433506
v -0.01742477 -0.017938675 -0.034395713
v -0.017363848 -0.017882881 -0.034437124
v -0.017424253 -0.017947405 -0.034397882
v -0.017370756 -0.017878665 -0.03444038
v -0.017378104 -0.017874937 -0.034443249
v -0.01739919 -0.017916202 -0.034481144
v -0.017385831 -0.017871726 -0.034445713
v -0.017393883 -0.017869055 -0.034447748
v -0.017425289 -0.017933911 -0.034408152
v -0.017424807 -0.017929502 -0.034404637
v -0.017402197 -0.017866946 -0.034449342
v -0.01741071 -0.017865414 -0.034450479
v -0.017416822 -0.018000371 -0.034470455
v -0.017427223 -0.017948416 -0.03439882
v -0.017421826 -0.017947488 -0.034402693
v -0.017426816 -0.01794755 -0.034402013
v -0.017419356 -0.01786447 -0.034451155
v -0.019316265 -0.0088827477 -0.023063696
v -0.01931587 -0.0088870902 -0.023068934
v -0.019313221 -0.0088907577 -0.023069132
v -0.019401659 -0.0088650632 -0.023047431
v -0.019335857 -0.0088385102 -0.023038968
v -0.019338566 -0.0088304058 -0.023044032
v -0.019255811 -0.0089091106 -0.023000946
v -0.019243607 -0.008910306 -0.023000629
v -0.019243591 -0.0089111121 -0.022994055
v -0.019284524 -0.0088998759 -0.023000832
v -0.019291265 -0.00889575 -0.023003375
v -0.019307515 -0.0089175606 -0.023017141
v -0.019296008 -0.008892425 -0.023005429
v -0.01929817 -0.0088907638 -0.023006455
v -0.019301144 -0.0088873663 -0.023013852
v -0.019318885 -0.0088825875 -0.02306869
v -0.019324202 -0.0088736129 -0.023068208
v -0.019321977 -0.0088775478 -0.023068419
v -0.019324371 -0.0088700516 -0.023063631
v -0.019342452 -0.0088115355 -0.02306132
v -0.019343127 -0.0088036926 -0.023064514
v -0.01934274 -0.008810823 -0.023064888
v -0.019342155 -0.0088168572 -0.023065203
v -0.019341344 -0.0088227974 -0.023065514
v -0.019319806 -0.0088220007 -0.023058326
v -0.01932719 -0.0088532613 -0.023038397
v -0.019318907 -0.0088520017 -0.023059119
v -0.019335217 -0.0088481663 -0.023066852
v -0.019332894 -0.0088546912 -0.023067198
v -0.019325769 -0.0088706589 -0.023068049
v -0.019319898 -0.008880985 -0.023068603
v -0.019330894 -0.0088596921 -0.023067464
v -0.019328695 -0.0088646683 -0.023067729
v -0.019327642 -0.0088669052 -0.023067848
v -0.01934005 -0.0088300119 -0.023065893
v -0.019339442 -0.0088328595 -0.023066044
v -0.019338666 -0.0088361645 -0.023066217
v -0.019336749 -0.0088432664 -0.023066593
v -0.019312028 -0.0089596771 -0.023025644
v -0.019289063 -0.0088971177 -0.02303236
v -0.019304431 -0.0088985154 -0.02305317
v -0.019321232 -0.0088979404 -0.023043887
v -0.019309237 -0.0088958192 -0.023069406
v -0.019306863 -0.0088986044 -0.023069557
v -0.019302202 -0.0089129149 -0.02305529
v -0.019302761 -0.0089030533 -0.023069802
v -0.019300225 -0.00890559 -0.02306994
v -0.019297379 -0.0089082449 -0.023070086
v -0.01925833 -0.0089402525 -0.023035826
v -0.019280435 -0.0089423331 -0.023030653
v -0.019279256 -0.0089161852 -0.023064019
v -0.019253642 -0.0089177559 -0.023066056
v -0.019273294 -0.0089209782 -0.023066612
v -0.019325087 -0.0088829824 -0.023036632
v -0.019278095 -0.0089220377 -0.023070859
v -0.019277392 -0.0089224115 -0.023070882
v -0.01924959 -0.0089309236 -0.023071402
v -0.01925416 -0.0089303412 -0.02307136
v -0.019261494 -0.008928741 -0.023071255
v -0.019271767 -0.0089251173 -0.023071038
v -0.019270119 -0.0089258123 -0.023071077
v -0.019266038 -0.0089273477 -0.023071169
v -0.019293805 -0.0089113547 -0.023070259
v -0.019289937 -0.008914417 -0.023070428
v -0.019285818 -0.0089173545 -0.023070593
v -0.019283715 -0.0089187354 -0.023070671
v -0.019302483 -0.0088871846 -0.023008672
v -0.019307615 -0.0088823875 -0.023011644
v -0.019269109 -0.0089067348 -0.022996634
v -0.019277545 -0.0089034112 -0.02299866
v -0.019267437 -0.0088789636 -0.023006451
v -0.019265695 -0.0089078271 -0.022995971
v -0.019261148 -0.0089090119 -0.022995257
v -0.019251524 -0.0089106244 -0.022994308
v -0.019243649 -0.0089100987 -0.02301444
v -0.019256036 -0.0089174318 -0.02301859
v -0.01926563 -0.0088904446 -0.023016806
v -0.019246155 -0.0089773035 -0.023022249
v -0.019243695 -0.0089113489 -0.023026802
v -0.019301986 -0.0088835974 -0.023026051
v -0.019342707 -0.0088089013 -0.023057487
v -0.019343112 -0.0088028529 -0.023061277
v -0.019339656 -0.0088263914 -0.023046541
v -0.019341692 -0.0088165431 -0.023052704
v -0.019332978 -0.0088456126 -0.023034533
v -0.01931437 -0.0088751121 -0.023016161
v -0.019319171 -0.0088691259 -0.023019883
v -0.019324778 -0.0088739863 -0.023029135
v -0.019323279 -0.0088632323 -0.023023553
v -0.019328324 -0.0088549465 -0.023028713
v -0.019299937 -0.008889341 -0.023007334
v -0.019331622 -0.0088485058 -0.023032728
v -0.019243903 -0.0089272973 -0.023066084
v -0.019243941 -0.0089311982 -0.023071433
v -0.017343978 -0.0089415456 -0.023077363
v -0.017335263 -0.0089418922 -0.023077155
v -0.017326619 -0.0089428359 -0.02307648
v -0.017318106 -0.0089443669 -0.023075341
v -0.017309791 -0.0089464765 -0.023073747
v -0.01730174 -0.0089491467 -0.023071712
v -0.017294012 -0.008952359 -0.02306925
v -0.017286666 -0.0089560866 -0.023066379
v -0.017279757 -0.0089603025 -0.023063122
v -0.017273339 -0.0089649743 -0.023059505
v -0.01726746 -0.0089700676 -0.023055554
v -0.017262165 -0.0089755426 -0.023051299
v -0.017257497 -0.0089813563 -0.023046772
v -0.017253485 -0.0089874666 -0.023042009
v -0.017250166 -0.0089938262 -0.023037044
v -0.017247561 -0.0090003857 -0.023031916
v -0.017245696 -0.0090070979 -0.023026666
v -0.017244576 -0.0090139084 -0.02302133
v -0.017244217 -0.0090207685 -0.023015953
v -0.017343731 -0.008921696 -0.023032732
v -0.017343909 -0.008934622 -0.02306717
v -0.017343231 -0.0089991167 -0.02302509
v -0.017343686 -0.0089204267 -0.023020475
v -0.017343648 -0.0089205071 -0.023008152
v -0.017343627 -0.0089214595 -0.022999985
v -0.017342745 -0.00901305 -0.023016959
v -0.017334914 -0.008921882 -0.023000071
v -0.017326274 -0.0089230537 -0.023000277
v -0.017309555 -0.008926787 -0.023011583
v -0.017317766 -0.0089249647 -0.023000598
v -0.017309461 -0.0089276012 -0.023001036
v -0.017301421 -0.008930943 -0.023001584
v -0.017336539 -0.0090108834 -0.02301684
v -0.017293709 -0.0089349625 -0.023002238
v -0.017286378 -0.0089396319 -0.023002995
v -0.017330927 -0.0090087937 -0.023016504
v -0.017279488 -0.0089449161 -0.023003849
v -0.017273091 -0.0089507706 -0.02300479
v -0.017336485 -0.0090163898 -0.023016783
v -0.017267235 -0.0089571569 -0.023005817
v -0.017261965 -0.0089640212 -0.023006917
v -0.017339925 -0.0090140793 -0.023017786
v -0.017257321 -0.0089713128 -0.023008083
v -0.017253362 -0.0089786832 -0.023017959
v -0.017253338 -0.0089789782 -0.023009308
v -0.017248821 -0.0089931685 -0.023027486
v -0.017328454 -0.0090175436 -0.023016154
v -0.017250046 -0.0089869561 -0.02301058
v -0.017265416 -0.0089664355 -0.023044808
v -0.017247471 -0.0089951879 -0.023011891
v -0.017338758 -0.0090100805 -0.023021481
v -0.017245634 -0.0090036102 -0.02301323
v -0.017244545 -0.0090121586 -0.023014587
v -0.017298759 -0.0097817378 -0.017609722
v -0.017307604 -0.0097791139 -0.017609286
v -0.017331455 -0.0097761086 -0.017608756
v -0.017320844 -0.0097767422 -0.017608881
v -0.017314101 -0.0097777034 -0.017609049
v -0.01728925 -0.0097855917 -0.017610355
v -0.017286372 -0.0097869919 -0.017610584
v -0.017281536 -0.0097896127 -0.01761101
v -0.017256425 -0.0098102514 -0.017614339
v -0.017260918 -0.0098054205 -0.017613563
v -0.017266242 -0.0098004926 -0.017612769
v -0.017275857 -0.0097931742 -0.017611588
v -0.01724904 -0.0098197759 -0.017615865
v -0.017244139 -0.0098278032 -0.017617148
v -0.017241165 -0.0098336276 -0.017618079
v -0.017237875 -0.0098416056 -0.01761935
v -0.017235298 -0.009849837 -0.017620662
v -0.017233461 -0.0098582589 -0.017622001
v -0.017232905 -0.0098619025 -0.01762258
v -0.017232246 -0.009868894 -0.01762369
v -0.017212322 -0.0098467245 -0.017491644
v -0.017315356 -0.009853598 -0.017599926
v -0.017236221 -0.0098593543 -0.017505654
v -0.017221629 -0.0098526587 -0.017546252
v -0.017231373 -0.0098640554 -0.017591076
v -0.017230737 -0.0098606449 -0.017578816
v -0.017295111 -0.0098676705 -0.017578968
v -0.017228954 -0.0098510994 -0.017601757
v -0.017287638 -0.0098471596 -0.017602953
v -0.017255284 -0.0098035123 -0.01759434
v -0.017329972 -0.0097811815 -0.017576804
v -0.017310222 -0.0098707327 -0.01751502
v -0.017314695 -0.0097930407 -0.017502565
v -0.017324179 -0.0098577425 -0.017569478
v -0.017301225 -0.0098964214 -0.017480816
v -0.017283167 -0.0098564457 -0.017599591
v -0.017232679 -0.0098630996 -0.01760855
v -0.017308714 -0.0098672439 -0.017542361
v -0.017315802 -0.0098656429 -0.017577334
v -0.017281916 -0.0098495677 -0.01756577
v -0.017263919 -0.0098522127 -0.017555955
v -0.017229235 -0.0098598346 -0.017567184
v -0.017215994 -0.0098444303 -0.017565988
v -0.017203242 -0.0098405231 -0.01747395
v -0.017273957 -0.0098823992 -0.017470234
v -0.017219285 -0.0098364872 -0.017463037
v -0.017274122 -0.009891776 -0.017449987
v -0.017289974 -0.0098447589 -0.017507916
v -0.017308875 -0.0098857705 -0.017514644
v -0.017247827 -0.0098202065 -0.017537717
v -0.017249566 -0.0098133239 -0.017496946
v -0.017303609 -0.0098912274 -0.017498094
v -0.017288178 -0.0098027877 -0.017442066
v -0.017272256 -0.0098828404 -0.01743518
v -0.017290608 -0.0098967169 -0.0174639
v -0.017281378 -0.0098845793 -0.017466652
v -0.017295888 -0.0098940812 -0.017480708
v -0.017239533 -0.0098135082 -0.017458292
v -0.017238324 -0.0097952244 -0.017444128
v -0.017293722 -0.009786908 -0.017587298
v -0.017288268 -0.009792251 -0.017559762
v -0.017230822 -0.0098428292 -0.017539098
v -0.017160556 -0.0097977274 -0.017410565
v -0.017253636 -0.0098314364 -0.017418135
v -0.017144427 -0.009796011 -0.017362382
v -0.017137271 -0.0097914634 -0.017355642
v -0.017172883 -0.0098579472 -0.017345005
v -0.017239264 -0.0098385907 -0.017421741
v -0.017235873 -0.0098440477 -0.017440345
v -0.017222286 -0.0098676762 -0.017398982
v -0.017205282 -0.009865087 -0.017371278
v -0.017227915 -0.0098251566 -0.017403245
v -0.017238206 -0.0098068416 -0.017405886
v -0.017189111 -0.0098357403 -0.017441879
v -0.017184224 -0.0098156312 -0.017406426
v -0.017184699 -0.009826658 -0.017424417
v -0.017195356 -0.009823184 -0.017451827
v -0.01719648 -0.0098412893 -0.017457949
v -0.017179487 -0.0098355801 -0.017400116
v -0.017071325 0.0061739139 0.0029573471
v -0.017085675 0.0061995924 0.0029511356
v -0.017093804 0.0061543342 0.0030047841
v -0.0169955 0.0061156712 0.0029216601
v -0.016993537 0.006108149 0.0029356033
v -0.01717972 0.0062478987 0.0029368485
v -0.017178437 0.0062420714 0.002940583
v -0.017168833 0.0062432802 0.002937871
v -0.017172118 0.0062281225 0.0029474293
v -0.017166608 0.0062198261 0.0029503706
v -0.017159723 0.006219648 0.0029506814
v -0.017071763 0.0062688838 0.0030184365
v -0.017070277 0.0062687253 0.0030231231
v -0.017071926 0.0062738125 0.0030234095
v -0.017056529 0.006229213 0.0030090548
v -0.017056776 0.0062345432 0.0030149809
v -0.017060413 0.0062428621 0.0030178629
v -0.017050658 0.0062214727 0.0030094104
v -0.017055304 0.0062313002 0.0030137181
v -0.017026749 0.006165465 0.0029670557
v -0.017071304 0.0061539396 0.0030078299
v -0.017070835 0.0061266899 0.0030164288
v -0.017006937 0.0061353524 0.002941734
v -0.017012978 0.006151043 0.0029578151
v -0.017033822 0.006100851 0.0029920827
v -0.016985921 0.006117263 0.0029240031
v -0.016990321 0.0061230534 0.0029308133
v -0.016995364 0.0061298869 0.0029384624
v -0.017003946 0.0061420152 0.0029510926
v -0.017000139 0.0061365549 0.0029455507
v -0.01699845 0.006134176 0.0029430628
v -0.017006676 0.0061460024 0.0029550112
v -0.017022827 0.006171022 0.0029770789
v -0.017022349 0.0061901576 0.0029680749
v -0.017027426 0.0061786282 0.0029829882
v -0.017031016 0.0061847393 0.0029874708
v -0.01705029 0.0061992905 0.0029918964
v -0.017044869 0.0062068787 0.0029995828
v -0.017051516 0.0062147589 0.0030003926
v -0.017048369 0.0062168281 0.0030071341
v -0.017044281 0.0062088182 0.0030028555
v -0.017043527 0.0062073719 0.003002037
v -0.017040119 0.006200975 0.0029982506
v -0.017035744 0.0061930233 0.0029931802
v -0.017037422 0.0061960411 0.0029951533
v -0.017009537 0.0061502547 0.0029590578
v -0.017014435 0.0061577093 0.0029658525
v -0.017018094 0.006163431 0.0029708194
v -0.017093687 0.006200009 0.0030162575
v -0.017097554 0.0061639321 0.0030277489
v -0.017060562 0.0062395991 0.002999747
v -0.017094193 0.0062305457 0.0030036057
v -0.01707797 0.0062539877 0.0029957254
v -0.017065763 0.0062504603 0.0030152722
v -0.017062871 0.0062487855 0.0030195798
v -0.017064987 0.0062541179 0.0030208724
v -0.017067848 0.0062617407 0.0030223018
v -0.017028622 0.0062834964 0.0029903234
v -0.017066111 0.0062570502 0.0030214875
v -0.01706156 0.0062455899 0.0030186881
v -0.017056936 0.0062757737 0.0029822082
v -0.017096225 0.0062664312 0.0029840051
v -0.017075895 0.0062880337 0.0030225602
v -0.017077137 0.0062895738 0.0030174389
v -0.017074844 0.0062838977 0.0030230709
v -0.017072812 0.0062766935 0.0030234419
v -0.017073499 0.0062790313 0.0030233946
v -0.017086972 0.0062856004 0.0029858403
v -0.017082488 0.0062924294 0.0029963679
v -0.017063458 0.0062988705 0.0030066772
v -0.017094743 0.0062721858 0.0029712082
v -0.017077808 0.0062970252 0.0030204885
v -0.017078411 0.0063006451 0.0030192254
v -0.017078942 0.0063046694 0.0030174698
v -0.017076706 0.0062915535 0.003021907
v -0.017083093 0.006251856 0.0029358504
v -0.017105309 0.0062725443 0.0029596913
v -0.017095811 0.0062801963 0.0029694816
v -0.017089998 0.0062863249 0.002977316
v -0.017086204 0.0062916055 0.0029840628
v -0.017082176 0.0062999002 0.0029946508
v -0.017080113 0.006307268 0.0030040505
v -0.017161403 0.0062133029 0.0029521237
v -0.017132241 0.0061860416 0.0029546735
v -0.017119403 0.0061765998 0.0029537916
v -0.017124962 0.006189877 0.0029552893
v -0.017114405 0.0061661492 0.0030258651
v -0.017114527 0.0062032996 0.0029446745
v -0.017108938 0.0062097028 0.0029884756
v -0.017138958 0.0061945161 0.0030268153
v -0.017097655 0.0062048011 0.0029933613
v -0.017108392 0.0062198876 0.0029562189
v -0.017119734 0.0062272695 0.0029346327
v -0.017143369 0.0062119316 0.0029666055
v -0.017154393 0.0062056858 0.0029535685
v -0.017145941 0.006197559 0.0029544843
v -0.017093165 0.0062410581 0.0029282889
v -0.017097467 0.0062403061 0.0029768732
v -0.017143881 0.0062307943 0.0029365845
v -0.017124812 0.00624815 0.0029411316
v -0.017158117 0.0062428119 0.0029462902
v -0.017087246 0.0062549901 0.0029642861
v -0.017176651 0.0062369049 0.0029434755
v -0.017016789 0.0061224291 0.0029390817
v -0.017031632 0.0061294967 0.0029341132
v -0.017047299 0.0061427952 0.0029425142
v -0.017048601 0.0061369261 0.0029392303
v -0.017069916 0.006147283 0.0029448567
v -0.017082078 0.0061536798 0.0029476843
v -0.017093319 0.0061600212 0.0029499607
v -0.017056565 0.0061406525 0.0029414441
v -0.017104282 0.0061666601 0.0029518306
v -0.017049034 0.0061093439 0.0030045972
v -0.017018046 0.00612396 0.0029296964
v -0.017010114 0.0061209157 0.0029269697
v -0.01707947 0.006313485 0.0030119777
v -0.01707941 0.0063104878 0.0030141459
v -0.017079217 0.0063074495 0.0030160128
v -0.017116265 0.0062660834 0.0029514142
v -0.017126945 0.0062614602 0.0029454802
v -0.017135896 0.0062584075 0.0029415537
v -0.017148406 0.0062553439 0.0029376006
v -0.017157184 0.0062538165 0.0029356214
v -0.017164577 0.0062529789 0.0029345247
v -0.017171334 0.0062524959 0.0029338838
v -0.017177821 0.0062523272 0.0029336433
v -0.017174331 0.0074325332 0.0020077778
v -0.017167794 0.0074329376 0.0020078345
v -0.017163455 0.0074335406 0.0020079334
v -0.017156995 0.0074349418 0.0020081704
v -0.017150605 0.0074368369 0.0020084954
v -0.017144335 0.0074393383 0.0020089295
v -0.017124534 0.0074513669 0.0020110408
v -0.017135199 0.0074440957 0.0020097621
v -0.017117246 0.0074577195 0.0020121617
v -0.017112051 0.0074629959 0.0020130948
v -0.017102601 0.0074749622 0.0020152161
v -0.017094261 0.0074882907 0.0020175842
v -0.017089517 0.0074979708 0.0020193058
v -0.017085427 0.0075081572 0.0020211205
v -0.017082025 0.0075187715 0.002023013
v -0.017079334 0.0075297329 0.0020249675
v -0.01707738 0.007540958 0.0020269726
v -0.017076173 0.0075523619 0.0020290121
v -0.017075724 0.0075638573 0.0020310682
v -0.017193747 0.0055870003 -0.0009928814
v -0.017185044 0.0055874227 -0.00099323515
v -0.017178562 0.0055881275 -0.00099377068
v -0.017172159 0.0055892189 -0.00099457548
v -0.017165845 0.0055906137 -0.00099559132
v -0.017159678 0.0055923835 -0.00099686441
v -0.017153643 0.0055944441 -0.00099834197
v -0.017147809 0.0055968606 -0.001000065
v -0.017140342 0.0056005396 -0.0010026789
v -0.017133295 0.0056047402 -0.0010056522
v -0.017126722 0.0056094315 -0.0010089652
v -0.017119231 0.0056159169 -0.0010135332
v -0.0171139 0.0056215768 -0.0010175123
v -0.017109195 0.0056275986 -0.0010217387
v -0.017105145 0.0056339366 -0.001026181
v -0.017101786 0.0056405437 -0.0010308042
v -0.017099139 0.0056473684 -0.0010355752
v -0.017097228 0.0056543585 -0.0010404564
v -0.017096065 0.0056614612 -0.0010454111
v -0.017095662 0.0056686229 -0.0010504006
v -0.017211198 0.0037354094 -0.0033531858
v -0.017204662 0.0037358415 -0.0033531495
v -0.017198161 0.003736939 -0.0033530328
v -0.017189593 0.0037392813 -0.0033527713
v -0.017183272 0.0037416889 -0.0033524961
v -0.017177091 0.0037447337 -0.0033521434
v -0.017171041 0.003748279 -0.0033517306
v -0.017165192 0.0037524289 -0.0033512428
v -0.017159522 0.0037570499 -0.0033506994
v -0.017151508 0.0037650433 -0.0033497535
v -0.017142432 0.0037760914 -0.0033484412
v -0.017136487 0.0037850895 -0.0033473692
v -0.017128743 0.0037999305 -0.0033455957
v -0.017122279 0.0038159248 -0.0033436804
v -0.01711753 0.0038330563 -0.0033416222
v -0.017114226 0.0038508374 -0.0033394835
v -0.017112789 0.0038690917 -0.0033372818
v -0.019189887 0.0055196585 -0.0047198555
v -0.019191056 0.0055189024 -0.0047235793
v -0.019186618 0.0055170147 -0.0047161425
v -0.019260424 0.0054800813 -0.0047221976
v -0.019196148 0.0055151574 -0.0047420271
v -0.019198648 0.0055129643 -0.0047528179
v -0.019207931 0.0054984034 -0.0048242945
v -0.019208314 0.0054964118 -0.0048340484
v -0.01920799 0.0054943295 -0.0048295642
v -0.019114813 0.0055382606 -0.004627054
v -0.019117904 0.0055381502 -0.0046276668
v -0.019111227 0.0055850904 -0.0046773418
v -0.019122156 0.0055379273 -0.0046288569
v -0.019134157 0.005536841 -0.0046344564
v -0.01913773 0.0055363801 -0.0046367947
v -0.019132833 0.0055289869 -0.0046472029
v -0.019142238 0.0055357146 -0.0046401569
v -0.019145497 0.0055308142 -0.0046479419
v -0.019160638 0.0055318096 -0.0046597006
v -0.019163286 0.0055310692 -0.0046633865
v -0.019157853 0.0055264084 -0.0046629879
v -0.019165258 0.0055304835 -0.004666298
v -0.019166904 0.0055299714 -0.0046688443
v -0.019164924 0.0055096257 -0.0046604448
v -0.019208357 0.0054892375 -0.0048349147
v -0.019208008 0.0054849776 -0.0048259162
v -0.019207361 0.0054800939 -0.0048156029
v -0.019207192 0.0054878026 -0.0048200414
v -0.019205624 0.0054717767 -0.0047980512
v -0.019236698 0.005484391 -0.0047929074
v -0.019206661 0.005476285 -0.0048075636
v -0.019187039 0.0054592869 -0.0047723006
v -0.01926323 0.0054852219 -0.00477032
v -0.01920491 0.0054691297 -0.0047924664
v -0.019183342 0.0054552891 -0.0046840435
v -0.019187271 0.0054757789 -0.0047051735
v -0.019207548 0.0054602743 -0.0046908509
v -0.01925856 0.0054767208 -0.0046961285
v -0.019228787 0.0054674146 -0.004726016
v -0.019198867 0.0054534548 -0.0047594263
v -0.019195516 0.0054472416 -0.0047463447
v -0.01919468 0.0054475419 -0.0047206543
v -0.019172373 0.0054314579 -0.0047079065
v -0.019186884 0.0054347984 -0.0047201706
v -0.019190355 0.0054392657 -0.0047295622
v -0.01919151 0.0054408995 -0.0047329993
v -0.019204064 0.0054663551 -0.0047866158
v -0.019201685 0.0054598259 -0.0047728514
v -0.019181905 0.0054370774 -0.0046779352
v -0.019129554 0.0054207576 -0.0046896649
v -0.019142226 0.0054497907 -0.0046926446
v -0.019156485 0.0054314068 -0.0046814141
v -0.019161838 0.005423237 -0.0046814326
v -0.019134325 0.0053982342 -0.004693404
v -0.01916028 0.005412199 -0.0046727974
v -0.019152966 0.0054083603 -0.0046647924
v -0.019166743 0.0054162822 -0.0046813336
v -0.019163964 0.0054144361 -0.0046774714
v -0.019141274 0.0054165809 -0.0046494906
v -0.019127203 0.0054148837 -0.0046534205
v -0.019112935 0.0054342424 -0.0047081517
v -0.019116652 0.0054273241 -0.0046775066
v -0.019145176 0.0054049751 -0.0046577514
v -0.019136726 0.0054021317 -0.004651866
v -0.019117951 0.0054256965 -0.0046454792
v -0.019116282 0.0054070652 -0.0046501549
v -0.019127187 0.0054034771 -0.0046498081
v -0.019126357 0.0053996515 -0.0046467751
v -0.019122964 0.0053990832 -0.004645624
v -0.019117078 0.0053983812 -0.004644226
v -0.019131769 0.0054008015 -0.0046491274
v -0.019126827 0.0053997389 -0.0046469533
v -0.019108073 0.0054681938 -0.0046643201
v -0.019115163 0.0054652272 -0.0046788677
v -0.019108144 0.0054552091 -0.0046646488
v -0.019108194 0.0054455528 -0.004663752
v -0.019108226 0.0054389773 -0.0046625675
v -0.019108287 0.0054255507 -0.0046586319
v -0.01910834 0.0054125448 -0.0046529536
v -0.019108353 0.0054091922 -0.0046510791
v -0.019108372 0.0054032753 -0.0046473078
v -0.019158523 0.0055323643 -0.0046569362
v -0.019154738 0.0055332851 -0.0046523396
v -0.019145896 0.0055350944 -0.0046432785
v -0.019149732 0.0055343645 -0.00464694
v -0.019173478 0.0055276865 -0.0046801801
v -0.019178616 0.0055255901 -0.0046905593
v -0.019170214 0.0055211613 -0.004682896
v -0.019178483 0.0055209283 -0.0046959937
v -0.019195825 0.0054986658 -0.0046811433
v -0.019126841 0.005513993 -0.0047167202
v -0.019189822 0.0054884339 -0.0046999914
v -0.019166942 0.0054827315 -0.0046912029
v -0.019133504 0.0054660846 -0.0047127782
v -0.019112042 0.005487734 -0.0047139384
v -0.019161121 0.0054895178 -0.0046648596
v -0.019155058 0.0055143003 -0.0046849505
v -0.019172162 0.005528177 -0.0046777483
v -0.019133147 0.0054581107 -0.0046783978
v -0.019154297 0.0055000028 -0.0046377418
v -0.019135246 0.0054980975 -0.0046683777
v -0.019130975 0.0055371932 -0.0046326566
v -0.019143641 0.0055354851 -0.0046413136
v -0.019116002 0.005491252 -0.004670719
v -0.019117244 0.0055177564 -0.004668226
v -0.019117743 0.005519852 -0.0046347763
v -0.019125788 0.0055376698 -0.0046302018
v -0.01911127 0.0055383317 -0.0046266214
v -0.019205434 0.005504563 -0.0047940918
v -0.019204091 0.0054989438 -0.0047932173
v -0.019204696 0.0055057968 -0.0047880387
v -0.019203827 0.0055070881 -0.0047816967
v -0.019265396 0.0054833395 -0.0047490459
v -0.019202124 0.0055092989 -0.0047708379
v -0.019206082 0.005495919 -0.0048088108
v -0.019206335 0.0055028426 -0.0048025323
v -0.019206685 0.0055020797 -0.0048062725
v -0.019194574 0.0055164059 -0.0047358797
v -0.019192017 0.0055126058 -0.0047339994
v -0.019194025 0.0055168182 -0.0047338527
v -0.01920054 0.005511078 -0.0047620904
v -0.019184861 0.0055225721 -0.0047054761
v -0.019187898 0.0055208713 -0.0047138718
v -0.01918085 0.0055245768 -0.0046955718
v -0.019206574 0.0054966466 -0.004697456
v -0.01920724 0.0055006839 -0.0048131163
v -0.019110238 0.0053979892 -0.0046434983
v -0.019180301 0.0054275026 -0.0047048499
v -0.01917344 0.0054213012 -0.0046918426
v -0.019107996 0.0054810539 -0.0046624357
v -0.019107949 0.0054887132 -0.0046604415
v -0.019107912 0.0054943433 -0.0046585071
v -0.019107853 0.0055030471 -0.0046548301
v -0.019107754 0.005516542 -0.0046469109
v -0.019107688 0.0055249974 -0.0046403559
v -0.019107611 0.0055340892 -0.0046315103
v -0.019107572 0.0055383439 -0.0046264757
v -0.017107847 0.0054487742 -0.0045709957
v -0.017108872 0.0054407309 -0.0045812524
v -0.017111404 0.0054328182 -0.0045913482
v -0.017115771 0.0054252193 -0.0046010514
v -0.017121536 0.0054179868 -0.0046102924
v -0.017128941 0.0054113494 -0.0046187812
v -0.017137547 0.0054052906 -0.004626538
v -0.017147491 0.0054000674 -0.0046332335
v -0.01715835 0.0053955945 -0.0046389769
v -0.017170152 0.0053921422 -0.0046434226
v -0.017182527 0.0053895602 -0.0046467613
v -0.017191085 0.0053890366 -0.0046486874
v -0.01719971 0.0053877853 -0.0046490892
v -0.017208427 0.0053875981 -0.004649361
v -0.017208404 0.0053946902 -0.0046544411
v -0.017208292 0.0054224306 -0.0046669007
v -0.017206243 0.0054436253 -0.0045852915
v -0.017208376 0.0054021977 -0.0046588838
v -0.017208231 0.005435206 -0.0046696818
v -0.017208114 0.0054569605 -0.0046702948
v -0.017208187 0.0054438878 -0.004670535
v -0.017207986 0.0054783664 -0.0046663713
v -0.017208039 0.0054699159 -0.0046685388
v -0.017207904 0.0054905679 -0.0046616748
v -0.017205343 0.0054579936 -0.0045883559
v -0.017207769 0.0055093413 -0.0046506661
v -0.017207687 0.0055192009 -0.0046420796
v -0.017207609 0.0055279968 -0.0046324058
v -0.017108207 0.0054556331 -0.0045763737
v -0.017110421 0.0054473273 -0.0045918702
v -0.017111258 0.0054575759 -0.0045944493
v -0.017109327 0.0054624445 -0.0045817087
v -0.017115435 0.0054435106 -0.0046076369
v -0.017114983 0.0054651274 -0.0046030515
v -0.017111192 0.0054691558 -0.0045869598
v -0.01720254 0.0054481918 -0.0045745646
v -0.017124627 0.0054587994 -0.0046247675
v -0.017113797 0.0054757162 -0.0045920869
v -0.017194093 0.005454035 -0.0045785415
v -0.017117116 0.0054820758 -0.004597051
v -0.017121128 0.0054881861 -0.0046018148
v -0.017138896 0.0054640526 -0.0046413841
v -0.017125796 0.0054940004 -0.0046063414
v -0.017197204 0.005448323 -0.0045825042
v -0.017193713 0.0054587481 -0.0045839101
v -0.017131091 0.0054994749 -0.0046105968
v -0.017204616 0.005446126 -0.0045764223
v -0.017204844 0.0054476941 -0.0045791903
v -0.017205485 0.0054504304 -0.0045749312
v -0.01713697 0.0055045675 -0.0046145482
v -0.017143388 0.0055092394 -0.0046181661
v -0.017205286 0.0054547015 -0.0045767753
v -0.017150297 0.0055134556 -0.0046214224
v -0.017157643 0.0055171838 -0.0046242925
v -0.01720499 0.0054493609 -0.0045863395
v -0.017165371 0.0055203951 -0.004626755
v -0.017194887 0.0054333388 -0.004668316
v -0.017178728 0.0054759166 -0.0046621891
v -0.017173421 0.0055230657 -0.0046287903
v -0.017181176 0.0053945117 -0.0046498223
v -0.01720573 0.0054523966 -0.0045890311
v -0.017181737 0.0055251752 -0.0046303835
v -0.01719025 0.0055267064 -0.0046315222
v -0.017206661 0.0054407352 -0.004584183
v -0.017203145 0.0054467435 -0.0045783943
v -0.017198894 0.0055276499 -0.0046321982
v -0.019083981 0.014509908 0.0067530934
v -0.01909541 0.01450503 0.0067500226
v -0.019092889 0.014501536 0.0067498343
v -0.019106058 0.014534032 0.0067922027
v -0.019108061 0.014537524 0.006790025
v -0.019106365 0.014538938 0.0067804743
v -0.019128874 0.014547502 0.0067670259
v -0.019116169 0.01455569 0.006778689
v -0.019119001 0.014565026 0.0067728537
v -0.019023221 0.014481146 0.0067952807
v -0.019023173 0.014482239 0.0068091422
v -0.019035791 0.014454008 0.0068087105
v -0.019065039 0.014492785 0.0068177909
v -0.019069169 0.014495283 0.0068162514
v -0.019066828 0.014494891 0.0068107274
v -0.019073994 0.014498577 0.0068142202
v -0.019078593 0.014502066 0.006812061
v -0.019068481 0.014509496 0.0068024426
v -0.019099051 0.014510521 0.0067503181
v -0.019103921 0.01451884 0.0067507653
v -0.019101517 0.014514573 0.0067505378
v -0.019100517 0.014517189 0.006756692
v -0.019122258 0.014583525 0.0067570007
v -0.019122666 0.014588426 0.0067544411
v -0.01912228 0.014581303 0.006754068
v -0.019121695 0.014575263 0.0067537539
v -0.019120884 0.014569341 0.0067534424
v -0.019120031 0.01456765 0.0067604314
v -0.019077724 0.014553571 0.0067527565
v -0.019114755 0.014543953 0.0067521034
v -0.01911247 0.01453753 0.0067517643
v -0.019105732 0.014524827 0.0067545047
v -0.019105307 0.01452146 0.0067509067
v -0.019110433 0.014532428 0.0067514929
v -0.01910863 0.014528303 0.0067512718
v -0.019107574 0.014526042 0.006751152
v -0.01911959 0.014562107 0.0067530623
v -0.019119 0.01455934 0.0067529169
v -0.019118207 0.014555954 0.0067527386
v -0.019116306 0.014548919 0.0067523663
v -0.01909149 0.0145259 0.0067733
v -0.019039788 0.01454931 0.0067517863
v -0.019104959 0.01449004 0.006785319
v -0.019023322 0.014475449 0.0067733344
v -0.019023269 0.014479032 0.0067841163
v -0.01903002 0.014479904 0.0067865979
v -0.019071942 0.014479102 0.006784178
v -0.019075923 0.014502913 0.0067879539
v -0.01903643 0.014484588 0.0067669078
v -0.019060085 0.014502096 0.0067563611
v -0.019076918 0.014483874 0.0067488693
v -0.019073947 0.014481263 0.0067487239
v -0.019069704 0.01448232 0.0067543049
v -0.019073014 0.014480487 0.0067486821
v -0.019086216 0.014493307 0.0067493864
v -0.019082301 0.014489066 0.0067491536
v -0.019082245 0.014494206 0.00675643
v -0.019080066 0.014486824 0.0067490318
v -0.01904234 0.014468236 0.0067537704
v -0.019068244 0.014453389 0.0067731357
v -0.019030532 0.01446681 0.0067553058
v -0.019057791 0.014470167 0.0067481009
v -0.019054022 0.014471268 0.0067518495
v -0.019056931 0.014469709 0.0067480751
v -0.019029128 0.014461197 0.0067475546
v -0.019033056 0.014461674 0.0067475893
v -0.019041399 0.014463468 0.006747705
v -0.019039987 0.01446309 0.0067476816
v -0.019034513 0.014461911 0.0067476056
v -0.019051306 0.014467003 0.0067479188
v -0.019049737 0.014466339 0.006747879
v -0.019044185 0.014464324 0.0067477598
v -0.019069477 0.014477702 0.006748527
v -0.019065542 0.01447489 0.0067483694
v -0.019063253 0.014473385 0.0067482852
v -0.019023392 0.014469661 0.0067606906
v -0.019087325 0.014509894 0.0068072103
v -0.019092514 0.014515377 0.0068038081
v -0.019088195 0.014511654 0.0067997703
v -0.019082024 0.014504935 0.0068102844
v -0.019060756 0.014479052 0.0068048901
v -0.019057085 0.014488709 0.0068202964
v -0.019048171 0.01448524 0.0068224118
v -0.019042001 0.014484448 0.0068148222
v -0.019041735 0.014483353 0.0068235512
v -0.019031063 0.014481495 0.006824647
v -0.019039642 0.014482862 0.0068238454
v -0.019023146 0.014481814 0.0068183278
v -0.01902313 0.014481008 0.0068249012
v -0.019054207 0.014468687 0.0067902675
v -0.019122246 0.014583218 0.0067614678
v -0.019122651 0.014589267 0.0067576796
v -0.019121233 0.014575577 0.0067662519
v -0.019111162 0.014543613 0.0067862276
v -0.019112516 0.014546506 0.0067844222
v -0.019114623 0.014551529 0.0067812873
v -0.019095175 0.01451849 0.0068018726
v -0.019095562 0.014524674 0.0067911948
v -0.019100009 0.014524791 0.0067979527
v -0.019103543 0.014529935 0.0067947539
v -0.019062936 0.014491615 0.0068185107
v -0.019023443 0.014464823 0.0067528723
v -0.019023482 0.014460921 0.0067475223
v -0.019088776 0.0144963 0.0067495488
v -0.017123518 0.014450574 0.0067415921
v -0.017114804 0.014450227 0.0067417997
v -0.017106158 0.014449283 0.0067424754
v -0.017097645 0.014447752 0.0067436145
v -0.017089331 0.014445643 0.0067452081
v -0.017081279 0.014442972 0.0067472434
v -0.017073552 0.01443976 0.0067497054
v -0.017066205 0.014436033 0.006752576
v -0.017059296 0.014431817 0.0067558326
v -0.01705288 0.014427145 0.0067594501
v -0.017047001 0.014422051 0.0067634015
v -0.017041704 0.014416577 0.0067676558
v -0.017037036 0.014410763 0.0067721828
v -0.017033025 0.014404652 0.0067769466
v -0.017029707 0.014398293 0.0067819107
v -0.017027102 0.014391733 0.0067870389
v -0.017025235 0.014385021 0.0067922896
v -0.017024115 0.01437821 0.006797625
v -0.017023755 0.01437135 0.0068030022
v -0.017123471 0.014455379 0.006748265
v -0.017123425 0.014459617 0.006755308
v -0.017123363 0.01446478 0.0067664995
v -0.017123305 0.014468686 0.0067781876
v -0.017123255 0.014470958 0.0067902978
v -0.017123211 0.014471892 0.0068025875
v -0.017123187 0.014471613 0.0068108043
v -0.017123168 0.014470661 0.006818971
v -0.017121147 0.014379554 0.0068031607
v -0.017114455 0.014470237 0.0068188837
v -0.017105813 0.014469065 0.0068186782
v -0.017097307 0.014467155 0.0068183566
v -0.017089002 0.014464518 0.0068179192
v -0.017080962 0.014461177 0.0068173726
v -0.017073247 0.014457156 0.0068167175
v -0.01711425 0.014381811 0.0068028907
v -0.017065918 0.014452487 0.0068159605
v -0.017059028 0.014447204 0.0068151077
v -0.017052631 0.014441348 0.0068141652
v -0.017046776 0.014434964 0.0068131394
v -0.017114254 0.014377291 0.0068021185
v -0.017041503 0.014428099 0.0068120392
v -0.017036861 0.014420806 0.0068108724
v -0.017113187 0.014389356 0.0067972059
v -0.017118807 0.014392536 0.0067992148
v -0.017113451 0.014374763 0.0068025127
v -0.017032877 0.014413142 0.0068096484
v -0.017118768 0.014376402 0.0068010961
v -0.017119347 0.014394671 0.0067927826
v -0.017029587 0.014405164 0.0068083768
v -0.017027011 0.014396932 0.0068070659
v -0.017025175 0.01438851 0.0068057271
v -0.017085253 0.014449739 0.0067540402
v -0.017024084 0.01437996 0.0068043679
v -0.017024102 0.014379343 0.0067999937
v -0.0170783 0.013610381 0.012209232
v -0.017087145 0.013613005 0.012209669
v -0.017110995 0.013616011 0.0122102
v -0.017100383 0.013615378 0.012210076
v -0.01709364 0.013614416 0.012209906
v -0.017067351 0.013605828 0.012208486
v -0.017061075 0.013602507 0.012207946
v -0.017037326 0.013583423 0.012204866
v -0.017040459 0.013586699 0.012205393
v -0.01704578 0.013591628 0.012206188
v -0.017055397 0.013598946 0.012207368
v -0.017034603 0.013580315 0.012204369
v -0.01702858 0.013572345 0.012203091
v -0.017024688 0.013566157 0.0122021
v -0.017021688 0.013560484 0.012201195
v -0.017017414 0.013550514 0.012199606
v -0.017014839 0.013542283 0.012198294
v -0.017013002 0.013533861 0.012196955
v -0.017012444 0.013530218 0.012196377
v -0.017011784 0.013523226 0.012195267
v -0.017011584 0.013516702 0.012194232
v -0.016965853 0.013561033 0.012305408
v -0.016987545 0.01353972 0.01232799
v -0.016984289 0.013541016 0.012335572
v -0.017103596 0.013525761 0.012219182
v -0.016995751 0.013535744 0.012304772
v -0.016992992 0.013537215 0.012313351
v -0.017011819 0.013536123 0.012292201
v -0.017000396 0.01353284 0.012287849
v -0.016997822 0.013534527 0.012297673
v -0.017061461 0.01352594 0.012220015
v -0.017010455 0.013521721 0.012223278
v -0.017010073 0.013522548 0.012228075
v -0.017010428 0.013529794 0.012235765
v -0.017024811 0.013533643 0.012250512
v -0.017038175 0.013582371 0.012220288
v -0.017107408 0.013608461 0.012257699
v -0.017094771 0.013505586 0.012296979
v -0.017094236 0.013599079 0.012316391
v -0.017080869 0.013496586 0.012338719
v -0.017070414 0.013538797 0.012218431
v -0.017012218 0.013529021 0.012210408
v -0.017011052 0.013520059 0.012213655
v -0.017011295 0.013519108 0.012208147
v -0.01701143 0.013518381 0.012203947
v -0.017070591 0.013532633 0.012248736
v -0.017106071 0.013516729 0.012242665
v -0.017094612 0.013522265 0.01226261
v -0.017009716 0.013523234 0.012232045
v -0.017009152 0.013524194 0.012237612
v -0.01700865 0.013524954 0.012242022
v -0.017007914 0.013525951 0.012247811
v -0.017092024 0.013511634 0.012277833
v -0.017005927 0.013528222 0.012260997
v -0.017005133 0.013529008 0.012265558
v -0.017008043 0.013538958 0.01226801
v -0.017004281 0.013529792 0.012270117
v -0.017007372 0.013526627 0.012251734
v -0.017006675 0.013527428 0.012256381
v -0.017006244 0.01357104 0.012356974
v -0.017015575 0.013572447 0.012371128
v -0.017064468 0.013499701 0.01236033
v -0.017005797 0.013535277 0.012271465
v -0.017003906 0.013530121 0.012272032
v -0.017001775 0.013531841 0.012282037
v -0.017069789 0.013512518 0.01230982
v -0.017075386 0.013500885 0.012333755
v -0.016991542 0.013537929 0.012317523
v -0.016982276 0.013556603 0.012333918
v -0.017002216 0.013545495 0.012358925
v -0.017047253 0.013515485 0.012350914
v -0.017081452 0.013514772 0.012295752
v -0.017086463 0.013506349 0.012316107
v -0.017057214 0.013526171 0.012341957
v -0.017053874 0.013586318 0.012395762
v -0.017045285 0.013534195 0.012389472
v -0.017053369 0.013589246 0.012365068
v -0.017020282 0.013603745 0.012374601
v -0.016982067 0.013541919 0.012340445
v -0.017037474 0.013585385 0.012406774
v -0.017028202 0.013604011 0.012405763
v -0.016934562 0.013599201 0.012460418
v -0.016930629 0.013564061 0.01247682
v -0.016919483 0.013603225 0.012466708
v -0.016916809 0.013600657 0.012463315
v -0.016943044 0.013541558 0.012478198
v -0.016951057 0.013595289 0.012453155
v -0.016965593 0.01361966 0.012430646
v -0.016961145 0.013593188 0.012448484
v -0.016969979 0.013591538 0.012444245
v -0.016985136 0.013577961 0.012426175
v -0.017002491 0.013562633 0.012425294
v -0.017014914 0.013574548 0.012404252
v -0.016999333 0.01358729 0.012429185
v -0.016986407 0.013588916 0.012436009
v -0.016961838 0.013566133 0.012440299
v -0.017012124 0.013586127 0.012422082
v -0.017021447 0.013585613 0.01241664
v -0.017005328 0.013554885 0.012400847
v -0.016968092 0.013549817 0.012369326
v -0.016960915 0.013555013 0.012383261
v -0.016961459 0.013572037 0.012365606
v -0.016969225 0.013546241 0.012421448
v -0.016977825 0.013548265 0.012421743
v -0.017001597 0.013526042 0.012400755
v -0.01697181 0.013547406 0.01236189
v -0.01697522 0.013545364 0.012354931
v -0.016980272 0.01355027 0.012354566
v -0.016976627 0.013544583 0.012352016
v -0.016978774 0.013543461 0.012347508
v -0.01698066 0.013542547 0.012343483
v -0.017021886 0.013516833 0.012387322
v -0.016915428 0.013599729 0.012462225
v -0.016911023 0.013604975 0.012469148
v -0.016920156 0.013594272 0.01245466
v -0.016944022 0.013569487 0.012414276
v -0.01693682 0.013576465 0.012426865
v -0.016941735 0.013578141 0.012426635
v -0.016935907 0.013577381 0.012428432
v -0.016930857 0.013582577 0.012437015
v -0.016950602 0.013563509 0.012402466
v -0.016953199 0.013561266 0.012397713
v -0.0169266 0.013587121 0.012444123
v -0.016928342 0.013585244 0.01244123
v -0.016956686 0.013558361 0.012391243
v 0.01722642 0.0060094407 0.0028882094
v 0.017224699 0.0060064436 0.002886249
v 0.017228348 0.0060094275 0.0028858149
v 0.017220913 0.0059947309 0.0028748766
v 0.017216161 0.00599214 0.0028761098
v 0.017211169 0.0059841524 0.0028698823
v 0.017178128 0.005936975 0.0028241687
v 0.017173624 0.0059312332 0.0028173872
v 0.017180441 0.0059175514 0.0028298999
v 0.017269663 0.0061219074 0.0029078713
v 0.017269264 0.0061176121 0.0029102646
v 0.017268758 0.0061107653 0.0029075921
v 0.017268697 0.0061135931 0.0029120239
v 0.017266067 0.0061010109 0.0029153759
v 0.017264974 0.0060968853 0.0029158925
v 0.017266969 0.0060981195 0.0029085234
v 0.017263405 0.006091458 0.0029162445
v 0.017263038 0.0060853645 0.0029110321
v 0.01725431 0.0060660497 0.0029135004
v 0.017252597 0.0060619066 0.0029124769
v 0.017252873 0.0060676599 0.0029048802
v 0.017251245 0.0060587295 0.0029115955
v 0.017250063 0.0060560105 0.0029107752
v 0.017252577 0.0060531809 0.0029033564
v 0.017178705 0.0059280521 0.0028133516
v 0.017187636 0.0059310209 0.0028166152
v 0.017201864 0.0059361003 0.0028215406
v 0.017204962 0.0059300784 0.0028428498
v 0.0172153 0.0059412453 0.0028259162
v 0.017234955 0.0059192534 0.0028976088
v 0.017222008 0.0059141437 0.002884979
v 0.017220847 0.0059434819 0.0028276336
v 0.017272608 0.0059672168 0.0029126958
v 0.017251503 0.0059456342 0.0029020961
v 0.017246322 0.0059807129 0.0028493481
v 0.017249071 0.0059476214 0.0028746473
v 0.017274319 0.0060240662 0.0028325981
v 0.017261128 0.0060101879 0.0028630089
v 0.017270718 0.0059825225 0.0028675762
v 0.01728909 0.0060062608 0.0028473896
v 0.017268653 0.0059657167 0.0028401168
v 0.017266278 0.005971533 0.0028422695
v 0.017248859 0.0059558619 0.0028354585
v 0.017263015 0.0059627945 0.0028388816
v 0.017283011 0.0059736204 0.0028429028
v 0.017296539 0.0059816817 0.0028450437
v 0.017283521 0.0059722527 0.0028828427
v 0.01731814 0.0060061595 0.0028933543
v 0.017302784 0.0059962975 0.0028408299
v 0.017269425 0.005966124 0.0028402808
v 0.017271596 0.0059672798 0.0028407335
v 0.017226657 0.0059458993 0.0028293756
v 0.017236608 0.0059502117 0.0028322217
v 0.017321256 0.0059987097 0.0028471464
v 0.017332007 0.0060074223 0.0028470349
v 0.017332007 0.0060210391 0.0028498977
v 0.017341538 0.0060161487 0.0028461451
v 0.017352451 0.0060279435 0.0028437133
v 0.017308494 0.0060320698 0.0028607406
v 0.017344361 0.0060366188 0.0028473368
v 0.017344628 0.0060537012 0.002874326
v 0.017315493 0.0060638855 0.0028435264
v 0.017325816 0.0060523535 0.0028227439
v 0.017350561 0.0060578861 0.0028384145
v 0.017362655 0.0060425342 0.0028386356
v 0.017359239 0.0060369696 0.00284087
v 0.017356561 0.0060331098 0.0028422273
v 0.017357945 0.0060581681 0.0028309333
v 0.017360972 0.006048347 0.0028360654
v 0.017365853 0.0060490007 0.002835554
v 0.017368422 0.0060570348 0.0028308488
v 0.017367013 0.0060520184 0.002833909
v 0.017365673 0.0060485775 0.0028357745
v 0.017298729 0.0060826185 0.0028490437
v 0.0172943 0.0060786935 0.0028530568
v 0.017303795 0.0060796718 0.0028453073
v 0.017311227 0.0060759845 0.0028406352
v 0.01732229 0.0060717159 0.0028352356
v 0.017333801 0.0060683769 0.0028310236
v 0.017342591 0.0060665438 0.0028287202
v 0.01735381 0.0060649946 0.0028267887
v 0.017362683 0.0060643394 0.0028259873
v 0.017255594 0.0060692593 0.0029141875
v 0.017257732 0.0060748067 0.0029151667
v 0.017262405 0.0060882681 0.0029162628
v 0.017260476 0.0060824365 0.0029160267
v 0.01724537 0.0060457027 0.0029071337
v 0.017239992 0.0060346654 0.0029023555
v 0.017249849 0.0060354913 0.0028987478
v 0.017232396 0.0060299454 0.0028889269
v 0.017288367 0.0059873091 0.0029244018
v 0.017283864 0.0060205321 0.0029086383
v 0.017234155 0.0060623031 0.0028206299
v 0.017298258 0.0060429358 0.0028634154
v 0.017286315 0.0060112039 0.0028914215
v 0.017279674 0.0060517404 0.0028877827
v 0.017276522 0.0060700244 0.0028879138
v 0.017258376 0.0060702677 0.0028960526
v 0.017282282 0.0060663703 0.0028518108
v 0.017260011 0.0060810966 0.0029159191
v 0.017267136 0.006105506 0.0029145049
v 0.017266683 0.0061035347 0.0029149263
v 0.017275795 0.0060897054 0.0028941953
v 0.017310845 0.0060611162 0.002860946
v 0.017273193 0.0060861866 0.0028661079
v 0.017280295 0.006102558 0.0028903342
v 0.017270545 0.0061106414 0.0028973415
v 0.017268064 0.0061099803 0.0029132914
v 0.017192086 0.0059557864 0.0028443628
v 0.01719703 0.0059551271 0.0028413196
v 0.017194883 0.0059597432 0.0028482636
v 0.017197815 0.0059639644 0.0028522923
v 0.017205745 0.0059695054 0.0028546669
v 0.017202531 0.0059709104 0.0028586529
v 0.017189702 0.0059449188 0.0028314001
v 0.017188184 0.0059503679 0.0028388441
v 0.017186457 0.0059480079 0.002836368
v 0.017219846 0.005998211 0.0028805686
v 0.017206881 0.0059774899 0.0028643756
v 0.017211665 0.0059930964 0.0028534552
v 0.017203136 0.0059718166 0.0028594577
v 0.017233083 0.0060214242 0.0028954625
v 0.017229194 0.0060143474 0.0028912915
v 0.017237668 0.0060301089 0.0029001233
v 0.017232642 0.0060076317 0.0028793068
v 0.017183294 0.0059437528 0.0028317866
v 0.017369192 0.0060626802 0.0028268909
v 0.017307992 0.005989155 0.0028463454
v 0.017292363 0.0060870078 0.0028546146
v 0.017284838 0.0060936135 0.0028630065
v 0.017279866 0.0060991497 0.0028700436
v 0.017275334 0.0061059062 0.0028786391
v 0.017272736 0.0061113652 0.0028855885
v 0.017270985 0.0061168678 0.0028925959
v 0.017270053 0.0061223544 0.0028995851
v 0.017269853 0.0061264211 0.0029047687
v 0.017273912 0.0073652936 0.0019218011
v 0.017273601 0.0073767933 0.0019238591
v 0.017274982 0.0073538774 0.0019197551
v 0.017276802 0.0073426315 0.0019177382
v 0.017279359 0.0073316417 0.0019157663
v 0.017282636 0.0073209913 0.0019138535
v 0.0172866 0.007310761 0.0019120137
v 0.017291231 0.0073010293 0.0019102624
v 0.017296486 0.0072918706 0.0019086113
v 0.017302328 0.0072833531 0.001907075
v 0.017308713 0.0072755434 0.0019056628
v 0.017315593 0.0072685 0.0019043874
v 0.017312094 0.0072719216 0.0019050075
v 0.01733261 0.0072557505 0.0019020695
v 0.017323891 0.0072616327 0.0019031414
v 0.017338654 0.0072524718 0.0019014696
v 0.017356538 0.0072462656 0.0019003202
v 0.017342773 0.0072505988 0.001901126
v 0.017346952 0.0072489659 0.0019008246
v 0.017366269 0.0072446792 0.0019000163
v 0.017372807 0.0072443296 0.0018999397
v 0.01735121 0.0053988714 -0.001100701
v 0.017344676 0.0053991819 -0.0011008706
v 0.017327518 0.0054017632 -0.0011025501
v 0.017317177 0.0054046245 -0.0011044713
v 0.017311154 0.0054067517 -0.0011059118
v 0.017296083 0.005413997 -0.0011108534
v 0.017253661 0.0054815586 -0.0011576093
v 0.017254018 0.005474393 -0.0011526221
v 0.017255133 0.0054672782 -0.0011476742
v 0.017257 0.0054602677 -0.001142805
v 0.0172596 0.0054534139 -0.0011380509
v 0.017262918 0.0054467711 -0.0011334482
v 0.017266924 0.0054403892 -0.0011290311
v 0.017271592 0.0054343163 -0.0011248337
v 0.017276883 0.0054285985 -0.0011208882
v 0.01728433 0.0054220321 -0.0011163664
v 0.017290872 0.0054172686 -0.0011130946
v 0.017305338 0.0054092319 -0.0011075973
v 0.017299704 0.0054119855 -0.001109477
v 0.017323334 0.005402789 -0.0011032365
v 0.017338185 0.0053998801 -0.0011013124
v 0.017331754 0.0054008861 -0.0011019698
v -0.017295995 -0.0064007335 -0.013195008
v -0.017283825 -0.0063997506 -0.013194462
v -0.017288571 -0.0042760142 -0.014861749
v -0.017275557 -0.0042752645 -0.014860744
v -0.017274914 -0.006398686 -0.01319307
v -0.017267029 -0.0042741458 -0.014859285
v -0.017266076 -0.0063970999 -0.013191014
v -0.017254654 -0.0042715634 -0.014855947
v -0.017256982 -0.0063948684 -0.013188135
v -0.017242854 -0.0042681111 -0.014851501
v -0.017253303 -0.0063937757 -0.013186729
v -0.017249221 -0.0063924244 -0.013184991
v -0.017243161 -0.0063901149 -0.013182024
v -0.017235469 -0.0042652583 -0.014847836
v -0.017235511 -0.006386646 -0.013177573
v -0.017228516 -0.0042620182 -0.014843679
v -0.017222051 -0.0042584154 -0.014839062
v -0.017228418 -0.0063827283 -0.013172552
v -0.01722366 -0.0063796107 -0.01316856
v -0.01721612 -0.0042544777 -0.01483402
v -0.017217708 -0.0063750346 -0.013162703
v -0.017210767 -0.0042502347 -0.014828591
v -0.017204003 -0.004243342 -0.014819779
v -0.017210825 -0.0063682189 -0.013153989
v -0.01720545 -0.0063611239 -0.013144924
v -0.017198579 -0.0042360085 -0.01481041
v -0.017202507 -0.0063557036 -0.013138004
v -0.017195907 -0.0042308877 -0.014803872
v -0.017193376 -0.0042229754 -0.014793776
v -0.017200028 -0.0063487849 -0.013129175
v -0.017198995 -0.0063433089 -0.013122191
v -0.01719235 -0.0042149318 -0.014783519
v -0.017198718 -0.0063392447 -0.013117009
v -0.017292111 -0.0041357091 -0.01484493
v -0.017292189 -0.0041445047 -0.014854604
v -0.017288748 -0.0042010327 -0.014798138
v -0.017283398 -0.0041360557 -0.014844722
v -0.017274752 -0.0041369988 -0.014844046
v -0.017266239 -0.0041385308 -0.014842908
v -0.017292271 -0.0041543643 -0.01486319
v -0.017287873 -0.0042099673 -0.01478875
v -0.017257925 -0.0041406399 -0.014841314
v -0.017289593 -0.0042102693 -0.014792991
v -0.017279299 -0.0041640077 -0.014868405
v -0.017292352 -0.0041653641 -0.014870258
v -0.017249873 -0.0041433105 -0.014839279
v -0.017242145 -0.0041465225 -0.014836817
v -0.017290128 -0.004214346 -0.014785694
v -0.017292433 -0.0041771103 -0.014876
v -0.017234799 -0.0041502503 -0.014833947
v -0.017286763 -0.004211633 -0.014796511
v -0.017292488 -0.0041853395 -0.014878896
v -0.01722789 -0.0041544659 -0.01483069
v -0.017290592 -0.004214086 -0.014793974
v -0.017287377 -0.004213268 -0.014785202
v -0.017221472 -0.0041591384 -0.014827073
v -0.017215595 -0.0041642314 -0.014823121
v -0.017210298 -0.0041697055 -0.014818866
v -0.01720563 -0.0041755198 -0.014814339
v -0.01720162 -0.0041816301 -0.014809575
v -0.017289577 -0.0042175509 -0.014791273
v -0.017292733 -0.0042285 -0.014882206
v -0.017292776 -0.0042370744 -0.014880599
v -0.017198301 -0.0041879894 -0.014804611
v -0.017292814 -0.0042454763 -0.014878251
v -0.017279528 -0.0042138557 -0.014785532
v -0.017195696 -0.0041945498 -0.014799484
v -0.017276822 -0.0042156176 -0.014791934
v -0.017286253 -0.0042172059 -0.014788764
v -0.017289295 -0.0042216525 -0.014795643
v -0.017292864 -0.0042575751 -0.014873294
v -0.017193829 -0.0042012615 -0.014794232
v -0.017192709 -0.0042080726 -0.014788898
v -0.017192745 -0.004213411 -0.014791503
v -0.017242587 -0.0041970759 -0.014815334
v -0.01727949 -0.0042157562 -0.01478651
v -0.017200171 -0.0042152991 -0.014821689
v -0.017292907 -0.0042690158 -0.014866965
v -0.019277846 -0.0041518875 -0.014951117
v -0.019280652 -0.0041485485 -0.014954551
v -0.01928315 -0.0041507415 -0.014965343
v -0.019292433 -0.0041653029 -0.015036819
v -0.019292816 -0.0041672937 -0.015046573
v -0.019311369 -0.0041716961 -0.015041147
v -0.019218829 -0.0041268853 -0.014847084
v -0.019222234 -0.0041273255 -0.014849319
v -0.019218128 -0.0041328187 -0.014859483
v -0.01924514 -0.0041318961 -0.014872225
v -0.019247788 -0.0041326364 -0.01487591
v -0.019251414 -0.0041457816 -0.014873303
v -0.019256197 -0.0041353605 -0.014889437
v -0.01925798 -0.0041360194 -0.014892704
v -0.019280543 -0.0041641321 -0.014874558
v -0.019292859 -0.0041744677 -0.015047439
v -0.019289557 -0.0041939461 -0.015006321
v -0.019346949 -0.0041792244 -0.014981459
v -0.019291163 -0.0041874209 -0.015020088
v -0.019306078 -0.0041783503 -0.015016493
v -0.019292187 -0.0041811702 -0.015033284
v -0.019254884 -0.0041961591 -0.01492068
v -0.019254445 -0.0041832673 -0.014919373
v -0.01933426 -0.004188213 -0.014890387
v -0.019271123 -0.0042024501 -0.014933499
v -0.019339071 -0.004185851 -0.014907031
v -0.019336463 -0.0041822897 -0.014946766
v -0.019247887 -0.0042102813 -0.014914408
v -0.019273657 -0.0042051665 -0.014970453
v -0.019280019 -0.0042164636 -0.014958869
v -0.019264412 -0.0042193008 -0.014951072
v -0.019283369 -0.0042102511 -0.014971951
v -0.019268523 -0.0042264867 -0.014930085
v -0.01930083 -0.0042061693 -0.014894329
v -0.019269567 -0.0042311191 -0.014928049
v -0.01927289 -0.0042270649 -0.014936568
v -0.0192702 -0.0042303828 -0.014929595
v -0.019275435 -0.0042236233 -0.014943805
v -0.019286905 -0.0042021022 -0.014989122
v -0.019285471 -0.0042056571 -0.01498163
v -0.019246468 -0.0042306411 -0.014901684
v -0.019246769 -0.0042503059 -0.014887831
v -0.019243148 -0.0042524464 -0.01488336
v -0.019204682 -0.0042749065 -0.014927422
v -0.019237468 -0.0042553451 -0.014877316
v -0.019251246 -0.0042474232 -0.014893857
v -0.019212686 -0.0042189148 -0.01490528
v -0.019220279 -0.0042364817 -0.014895123
v -0.019200965 -0.0042165945 -0.014895258
v -0.019206852 -0.0042468474 -0.014866813
v -0.019202645 -0.0042323103 -0.01488323
v -0.019219561 -0.0042572682 -0.014866913
v -0.019218312 -0.0042623917 -0.014862704
v -0.019223012 -0.0042610511 -0.014865468
v -0.01922968 -0.0042587305 -0.014870275
v -0.019200784 -0.0042566407 -0.014862679
v -0.019209281 -0.0042643168 -0.014858769
v -0.019201581 -0.0042653247 -0.01485675
v -0.019215365 -0.0042631211 -0.014861206
v -0.019199954 -0.0041900019 -0.014885739
v -0.019192576 -0.0041955125 -0.014876844
v -0.019192646 -0.0042084959 -0.014877173
v -0.019192708 -0.0042204409 -0.014875895
v -0.019192738 -0.0042267273 -0.014874669
v -0.01919277 -0.0042337981 -0.014872736
v -0.019192809 -0.004242512 -0.014869576
v -0.019192849 -0.0042528374 -0.014864541
v -0.019192875 -0.00426043 -0.014859832
v -0.019243023 -0.0041313413 -0.01486946
v -0.019239241 -0.0041304201 -0.014864864
v -0.019234278 -0.0041293497 -0.014859509
v -0.019225697 -0.0041325516 -0.014873023
v -0.019229271 -0.0041284159 -0.01485482
v -0.019264203 -0.0041386084 -0.014905521
v -0.019272827 -0.0041521264 -0.014907896
v -0.019253802 -0.0041582969 -0.014907587
v -0.01929559 -0.0041790486 -0.014889394
v -0.019300904 -0.0041930092 -0.014869071
v -0.019250583 -0.0041334781 -0.014880095
v -0.019288064 -0.0041881371 -0.014856393
v -0.019218818 -0.0041491939 -0.014904565
v -0.019227914 -0.0042016216 -0.014908976
v -0.019225002 -0.0041805122 -0.01489185
v -0.019219456 -0.0041496231 -0.014882604
v -0.0192258 -0.0041278433 -0.014851935
v -0.01922674 -0.0041279905 -0.01485268
v -0.019215477 -0.0041265125 -0.01484518
v -0.019218485 -0.0041268447 -0.014846876
v -0.01921326 -0.0041292382 -0.014847615
v -0.019201686 -0.0041255256 -0.014840027
v -0.019199919 -0.0041298847 -0.014844932
v -0.019197545 -0.0041254099 -0.014839361
v -0.019207152 -0.0041671877 -0.01488476
v -0.019223433 -0.0041948051 -0.014877932
v -0.019199807 -0.0041386568 -0.014886831
v -0.019198448 -0.0041744638 -0.014873193
v -0.019199962 -0.0041649806 -0.014869945
v -0.019203457 -0.0041416882 -0.014850683
v -0.01921029 -0.0041260359 -0.014842725
v -0.019204797 -0.0041256783 -0.014840847
v -0.019289936 -0.0041591433 -0.015006616
v -0.019298051 -0.0041670461 -0.015013896
v -0.019289198 -0.0041579098 -0.015000563
v -0.019288329 -0.0041566182 -0.014994221
v -0.019284053 -0.0041600868 -0.014980526
v -0.019286626 -0.004154407 -0.014983362
v -0.019278584 -0.0041469313 -0.014946587
v -0.019274974 -0.0041444254 -0.014934242
v -0.019285042 -0.0041526269 -0.014974614
v -0.019269363 -0.0041411334 -0.014918001
v -0.0192724 -0.0041428347 -0.014926395
v -0.019291011 -0.0041612444 -0.015016927
v -0.019291744 -0.0041630218 -0.01502564
v -0.01919474 -0.0042657165 -0.014856022
v -0.019264803 -0.0042362026 -0.014917374
v -0.019257942 -0.0042424044 -0.014904367
v -0.019192499 -0.0041826517 -0.01487496
v -0.019192452 -0.0041749924 -0.014872965
v -0.019192432 -0.0041719612 -0.014871992
v -0.019192397 -0.0041667632 -0.01487007
v -0.019192355 -0.0041606588 -0.014867354
v -0.019192281 -0.0041503104 -0.01486161
v -0.019192223 -0.0041427821 -0.014856303
v -0.01919216 -0.0041350138 -0.014849544
v -0.019192101 -0.0041281919 -0.014842446
v -0.019192074 -0.004125362 -0.014839
v -0.017292616 -0.0042067461 -0.014882819
v 0.0021447349 -0.017557107 -0.027204434
v 0.0021850498 -0.017531944 -0.027118649
v 0.002064709 -0.017557319 -0.027322175
v 0.0021023004 -0.017562386 -0.027314375
v 0.0021009661 -0.017560409 -0.027301927
v 0.0020917746 -0.017577856 -0.027275991
v 0.0020311821 -0.017468751 -0.027203003
v 0.0020457083 -0.017525033 -0.02721786
v 0.0020573532 -0.017566447 -0.027204628
v 0.0021651233 -0.017562213 -0.027122673
v 0.0021460474 -0.017581669 -0.027127393
v 0.0020851395 -0.017589104 -0.027188902
v 0.0020932108 -0.017611676 -0.027175202
v 0.0021042976 -0.017608741 -0.027159547
v 0.0020919738 -0.017520371 -0.027180139
v 0.0021116322 -0.017529761 -0.027166516
v 0.0021264728 -0.017531453 -0.027158587
v 0.0020696312 -0.017531346 -0.027202986
v 0.0020673091 -0.01754505 -0.027227039
v 0.0020399088 -0.017519937 -0.027235835
v 0.0020642519 -0.017499959 -0.027241666
v 0.0020773536 -0.017567703 -0.027210696
v 0.0020145505 -0.017521732 -0.027244366
v 0.0020280392 -0.017476373 -0.027227671
v 0.0020352709 -0.017510086 -0.027263655
v 0.0020100837 -0.017485714 -0.027238647
v 0.0020798284 -0.01751933 -0.027281069
v 0.0020801614 -0.017490158 -0.027250722
v 0.0020647865 -0.017509332 -0.027282003
v 0.0020548217 -0.017504172 -0.027275463
v 0.002043758 -0.017499903 -0.027270062
v 0.0020322471 -0.017496564 -0.02726585
v 0.0020234571 -0.01749473 -0.027263547
v 0.0020122395 -0.017493182 -0.027261616
v 0.0020033653 -0.017492527 -0.027260814
v 0.0021029673 -0.017579456 -0.027255338
v 0.0020662742 -0.017619945 -0.027209091
v 0.002096268 -0.017543643 -0.027236956
v 0.0020646049 -0.01758385 -0.027248652
v 0.00210468 -0.017551858 -0.027246247
v 0.0021052299 -0.017553014 -0.027263712
v 0.0020987901 -0.017497572 -0.02724663
v 0.0021049621 -0.017553208 -0.027284079
v 0.0020854744 -0.017550129 -0.027280885
v 0.0021018584 -0.017503792 -0.027263624
v 0.0020894707 -0.017543415 -0.027295277
v 0.0020594194 -0.017539318 -0.027304951
v 0.0020906517 -0.017538692 -0.02730809
v 0.0021285931 -0.017597377 -0.027139396
v 0.0020768782 -0.017618309 -0.027191063
v 0.0020736869 -0.017515195 -0.027289441
v 0.0020793299 -0.017519927 -0.027295452
v 0.0020846363 -0.017525504 -0.027302542
v 0.0020903646 -0.017533466 -0.027312667
v 0.002091066 -0.01753472 -0.027314264
v 0.0020933117 -0.017539551 -0.027320414
v 0.0020954654 -0.017547142 -0.027330081
v 0.0020472642 -0.02133152 -0.03693008
v 0.0021338749 -0.021325957 -0.036987881
v 0.001952629 -0.021326549 -0.036847235
v 0.001961545 -0.021347562 -0.036851331
v 0.0021157768 -0.021343732 -0.036971075
v 0.002075731 -0.021396 -0.03698343
v 0.0020938593 -0.021378367 -0.036991274
v 0.0020267983 -0.021408479 -0.036926551
v 0.0020756972 -0.021367689 -0.036899302
v 0.0020646996 -0.021366332 -0.036877864
v 0.002042838 -0.021412078 -0.036953386
v 0.0020554106 -0.02140853 -0.036967344
v 0.0020903418 -0.021371221 -0.036907235
v 0.0020971564 -0.021364077 -0.036917907
v 0.0020699514 -0.021387232 -0.036891559
v 0.0020424925 -0.021405845 -0.036884844
v 0.0020237684 -0.021408 -0.036880344
v 0.0020662458 -0.021397223 -0.036848697
v 0.0020479712 -0.021404843 -0.036837504
v 0.0020470068 -0.021387033 -0.036829544
v 0.0020586262 -0.021400784 -0.036810651
v 0.00204642 -0.021396381 -0.036808278
v 0.0020146632 -0.021388744 -0.036816606
v 0.0020447605 -0.021379665 -0.03685063
v 0.0020393724 -0.021375414 -0.036805176
v 0.002042959 -0.021384603 -0.036799332
v 0.0020618898 -0.02139509 -0.036792864
v 0.0020312702 -0.021364359 -0.036818291
v 0.0020166719 -0.021344446 -0.036821825
v 0.002015083 -0.0213494 -0.036828789
v 0.0020213888 -0.021348478 -0.036818695
v 0.0020272794 -0.021354384 -0.036814105
v 0.0020336229 -0.021362434 -0.036807837
v 0.0020365246 -0.021366936 -0.036804326
v 0.0020388598 -0.02137124 -0.03680097
v 0.0020398442 -0.021373296 -0.036799362
v 0.0020419988 -0.021378568 -0.036795241
v 0.0020424477 -0.021379857 -0.036794235
v 0.0020446086 -0.021388064 -0.036787815
v 0.002045434 -0.02139338 -0.036783651
v 0.0019856342 -0.021353832 -0.036889387
v 0.0019671662 -0.021338743 -0.036874197
v 0.0019959603 -0.021376541 -0.036902207
v 0.002016282 -0.021341408 -0.036917461
v 0.0020134437 -0.021345368 -0.036898365
v 0.0020205201 -0.021374997 -0.036919237
v 0.0020246004 -0.021349044 -0.036892402
v 0.0020265996 -0.021369989 -0.036887516
v 0.0020587089 -0.021341656 -0.036863393
v 0.0020519428 -0.021323568 -0.036853304
v 0.0020161389 -0.021339206 -0.036866576
v 0.002007873 -0.021316626 -0.036880802
v 0.001980439 -0.021314202 -0.036877603
v 0.0019977459 -0.021297482 -0.036868905
v 0.0020107905 -0.02131674 -0.036858064
v 0.0020211111 -0.021344546 -0.036847984
v 0.0020660788 -0.021324428 -0.036841397
v 0.0019903379 -0.021329487 -0.036843563
v 0.0020061918 -0.021340265 -0.036831771
v 0.002046688 -0.021356905 -0.036834837
v 0.0019639751 -0.021337902 -0.036838098
v 0.0020789564 -0.021331057 -0.036948884
v 0.0021158619 -0.021320148 -0.036965806
v 0.0020457049 -0.021396731 -0.036781022
v 0.0020102542 -0.021339773 -0.036825442
v 0.0020090077 -0.021338955 -0.036826073
v 0.0020033456 -0.021335558 -0.0368287
v 0.0020007132 -0.021334139 -0.036829792
v 0.0019959992 -0.02133183 -0.036831569
v 0.0019901023 -0.021329337 -0.03683348
v 0.0019792063 -0.021325661 -0.036836283
v 0.0019703903 -0.02132353 -0.03683789
v 0.0019614956 -0.021322063 -0.036838976
v 0.0019547463 -0.021321362 -0.036839473
v 0.0021019254 -0.015343562 -0.029057565
v 0.002099543 -0.015335623 -0.029047453
v 0.0020969681 -0.015330475 -0.029040901
v 0.0020916849 -0.015323081 -0.029031497
v 0.0020824135 -0.015313966 -0.029019912
v 0.0020707236 -0.015305978 -0.029009775
v 0.0020104717 -0.015343831 -0.02906216
v 0.0020494468 -0.015296628 -0.028997938
v 0.0020375495 -0.01529326 -0.02899369
v 0.0020292448 -0.015291596 -0.0289916
v 0.0020164177 -0.015290009 -0.028989627
v 0.0021024396 -0.015344757 -0.029073207
v 0.0020968498 -0.015324674 -0.029088919
v 0.0020994533 -0.015331235 -0.029083792
v 0.0021013212 -0.015337946 -0.029078542
v 0.0020935302 -0.015318315 -0.029093885
v 0.0020895204 -0.015312205 -0.029098648
v 0.0020795561 -0.015300916 -0.02910743
v 0.0020848503 -0.01530639 -0.029103174
v 0.0020736777 -0.015295823 -0.029111381
v 0.0020603512 -0.015286935 -0.029118256
v 0.0020672597 -0.015291151 -0.029114999
v 0.0020530047 -0.015283207 -0.029121126
v 0.0020452763 -0.015279996 -0.029123588
v 0.0020372245 -0.015277325 -0.029125623
v 0.0020289107 -0.015275216 -0.029127217
v 0.0020203983 -0.015273683 -0.029128355
v 0.0020117518 -0.015272741 -0.029129032
v 0.0020034017 -0.015282728 -0.028994517
v 0.0020052911 -0.015339535 -0.029058428
v 0.0020034154 -0.015276626 -0.029000751
v 0.002033421 -0.01528325 -0.029000985
v 0.0020034245 -0.015271091 -0.029007494
v 0.0020128515 -0.015332207 -0.029054348
v 0.0020034289 -0.015266163 -0.029014692
v 0.0020045035 -0.015345226 -0.029065766
v 0.0020034284 -0.015261884 -0.029022295
v 0.0020108007 -0.015340314 -0.029064295
v 0.0020034233 -0.015258281 -0.029030239
v 0.0020034134 -0.015255385 -0.029038469
v 0.0020033988 -0.015253218 -0.02904692
v 0.0020052888 -0.015348032 -0.029067478
v 0.0020033796 -0.015251795 -0.029055527
v 0.0020110743 -0.015347239 -0.029064991
v 0.0020067569 -0.015334897 -0.02906932
v 0.0020033561 -0.015251127 -0.029064224
v 0.0020057118 -0.015347918 -0.029068777
v 0.0020033284 -0.01525122 -0.029072948
v 0.0020206569 -0.015340781 -0.029067922
v 0.0020048299 -0.015343379 -0.029070895
v 0.0020032968 -0.015252074 -0.029081631
v 0.0020032612 -0.015253681 -0.029090206
v 0.0020032222 -0.015256029 -0.029098608
v 0.0020216891 -0.015346153 -0.029064578
v 0.0020031801 -0.0152591 -0.029106772
v 0.0021019295 -0.01534089 -0.029060901
v 0.0020187876 -0.015348593 -0.029067664
v 0.0020982231 -0.015322253 -0.029073317
v 0.0020168013 -0.01534586 -0.02906959
v 0.0020872249 -0.015305377 -0.029095087
v 0.0020031349 -0.015262871 -0.029114638
v 0.0020754098 -0.015298316 -0.029024105
v 0.0020569981 -0.015286683 -0.029014315
v 0.0020030873 -0.015267314 -0.029122147
v -0.0025126328 -0.021335142 -0.036875786
v -0.0025423892 -0.021300251 -0.036973468
v -0.0024608893 -0.021381939 -0.036805298
v -0.0025219614 -0.021309081 -0.036959836
v -0.0025019622 -0.021354994 -0.036977957
v -0.002445436 -0.021325585 -0.036884636
v -0.0024481027 -0.021378758 -0.036913609
v -0.0024719651 -0.021324091 -0.036903541
v -0.0024610084 -0.021339501 -0.036922322
v -0.0024852511 -0.021358891 -0.036961198
v -0.0024777499 -0.021308105 -0.03693091
v -0.002460836 -0.021312256 -0.036921559
v -0.0024451721 -0.021315583 -0.036911723
v -0.002430717 -0.021316687 -0.036906819
v -0.0024321699 -0.021379855 -0.036914425
v -0.0024206881 -0.02133429 -0.036895299
v -0.0024124038 -0.021316777 -0.036871668
v -0.0024039863 -0.021288273 -0.036881756
v -0.0023878817 -0.021317912 -0.03687303
v -0.002377105 -0.021254684 -0.036872803
v -0.0024134272 -0.021312052 -0.036858803
v -0.0023939375 -0.021266468 -0.036865429
v -0.0024030449 -0.021300632 -0.036842487
v -0.0023698217 -0.021308755 -0.036834081
v -0.0023917519 -0.021306705 -0.036826236
v -0.0024331938 -0.021282789 -0.036841302
v -0.002424662 -0.021320259 -0.036807962
v -0.0024291151 -0.021324235 -0.036811895
v -0.0024209001 -0.021317475 -0.036810175
v -0.0024144497 -0.021317349 -0.036819705
v -0.0024182161 -0.021315656 -0.03681162
v -0.0024120776 -0.021311957 -0.036814566
v -0.0024039141 -0.021307868 -0.036817837
v -0.0023998385 -0.021306138 -0.036819222
v -0.0023961666 -0.021304741 -0.036820347
v -0.002389404 -0.021302541 -0.036822123
v -0.0023805905 -0.021300313 -0.036823936
v -0.002369353 -0.021298477 -0.036825459
v -0.0023604709 -0.021297751 -0.036826091
v -0.0024653652 -0.021377211 -0.036830874
v -0.0025092366 -0.021346641 -0.036838447
v -0.0024550956 -0.021380232 -0.036868618
v -0.0025017035 -0.02133094 -0.036855157
v -0.002462903 -0.021337921 -0.036843758
v -0.0024514539 -0.021353869 -0.036870232
v -0.0024395712 -0.021322319 -0.036856276
v -0.0024399099 -0.021363918 -0.036838043
v -0.0024539501 -0.021297132 -0.036830711
v -0.002467234 -0.02136184 -0.036816145
v -0.0024480407 -0.021365192 -0.036800924
v -0.0024559863 -0.021334484 -0.036815013
v -0.0024023316 -0.02135093 -0.036846007
v -0.0024391875 -0.02133948 -0.036807239
v -0.0024699802 -0.02133135 -0.036804615
v -0.0024569671 -0.021379462 -0.036792534
v -0.0024483469 -0.021352839 -0.036791046
v -0.0024520109 -0.021362906 -0.03678724
v -0.0024562764 -0.021372865 -0.036778806
v -0.0025292366 -0.021311288 -0.036947985
v -0.0025174272 -0.021325088 -0.036921292
v -0.0025116395 -0.021323801 -0.036897538
v -0.0025078525 -0.021320202 -0.036921337
v -0.0024782872 -0.021354389 -0.036919465
v -0.0024305705 -0.021325285 -0.036803972
v -0.0024316045 -0.021326263 -0.036803199
v -0.0024358978 -0.021330703 -0.036799685
v -0.0024376882 -0.021332769 -0.036798054
v -0.0024406023 -0.021336467 -0.03679513
v -0.0024437434 -0.021341094 -0.036791474
v -0.0024480063 -0.021348857 -0.036785356
v -0.002448724 -0.021350446 -0.036784101
v -0.0024506491 -0.021355387 -0.036780211
v -0.0024514179 -0.021357769 -0.036778339
v -0.0024528588 -0.021363569 -0.036773775
v -0.0024537163 -0.021368877 -0.036769606
v -0.0024540075 -0.021372226 -0.036766979
v -0.0022968281 -0.015243897 -0.029108726
v -0.0022967805 -0.015239454 -0.029101218
v -0.0022967356 -0.015235682 -0.02909335
v -0.0022966932 -0.015232613 -0.029085187
v -0.0022966542 -0.015230264 -0.029076784
v -0.0022966189 -0.015228657 -0.029068209
v -0.002296587 -0.015227804 -0.029059528
v -0.0022965593 -0.01522771 -0.029050804
v -0.0022965358 -0.015228377 -0.029042105
v -0.0022965166 -0.0152298 -0.029033499
v -0.002296502 -0.015231968 -0.029025049
v -0.0022964921 -0.015234864 -0.029016819
v -0.002296487 -0.015238466 -0.029008874
v -0.0022964865 -0.015242747 -0.029001272
v -0.0022964909 -0.015247674 -0.028994073
v -0.0022964999 -0.015253209 -0.02898733
v -0.0022965139 -0.015259312 -0.028981097
v -0.0023967107 -0.015320256 -0.029059165
v -0.0023955516 -0.015313457 -0.029064507
v -0.0023936435 -0.015306765 -0.029069769
v -0.0023910005 -0.015300233 -0.029074912
v -0.0023876432 -0.01529391 -0.029079897
v -0.0023835967 -0.015287844 -0.029084686
v -0.0023788922 -0.015282081 -0.029089242
v -0.002373565 -0.015276664 -0.029093531
v -0.0023676562 -0.015271636 -0.02909752
v -0.0023612106 -0.015267034 -0.029101177
v -0.0023542772 -0.015262893 -0.029104477
v -0.0023469085 -0.015259245 -0.029107393
v -0.002339161 -0.015256118 -0.029109903
v -0.0023310933 -0.015253535 -0.029111989
v -0.0023227675 -0.015251517 -0.029113634
v -0.0023142459 -0.015250078 -0.029114827
v -0.0023055943 -0.015249229 -0.029115556
v -0.0023052497 -0.015266122 -0.028975689
v -0.0022991827 -0.015318227 -0.029046037
v -0.0023139053 -0.015266777 -0.028976558
v -0.0023224334 -0.015267896 -0.028978018
v -0.0023032216 -0.015320249 -0.029047969
v -0.0023348079 -0.015270479 -0.028981356
v -0.0022984959 -0.015324045 -0.029053923
v -0.0022985085 -0.015325623 -0.029053848
v -0.0023466091 -0.015273931 -0.028985801
v -0.0023133695 -0.015232148 -0.02903095
v -0.0023539938 -0.015276784 -0.028989467
v -0.0022996828 -0.015304957 -0.029053818
v -0.0023609456 -0.015280024 -0.028993623
v -0.0023113433 -0.015313877 -0.029051744
v -0.0023073579 -0.015321447 -0.029050444
v -0.0023703771 -0.015285595 -0.029000761
v -0.0023786938 -0.015291807 -0.029008711
v -0.0023043104 -0.015310977 -0.029061423
v -0.0023834238 -0.015296323 -0.029014486
v -0.002297893 -0.015322361 -0.02905608
v -0.0023886132 -0.015294155 -0.029032869
v -0.002387497 -0.015301077 -0.029020562
v -0.0023006241 -0.015322057 -0.02905739
v -0.0023157291 -0.015315249 -0.029059245
v -0.0023908822 -0.015306034 -0.029026893
v -0.0023085557 -0.015324021 -0.029054484
v -0.0023945227 -0.015313778 -0.029036778
v -0.0022995099 -0.015303535 -0.029070956
v -0.0023966805 -0.015321734 -0.029046928
v -0.0024046055 -0.017499591 -0.027161733
v -0.0023143993 -0.017475167 -0.02723946
v -0.0023177078 -0.017486503 -0.027229804
v -0.0023237363 -0.017492203 -0.027221627
v -0.0023387127 -0.017475116 -0.027200746
v -0.0024908446 -0.017507197 -0.027105106
v -0.0024758621 -0.017512765 -0.027131397
v -0.0024600624 -0.017523323 -0.02716575
v -0.0024525109 -0.017553806 -0.027118679
v -0.0024150923 -0.017523223 -0.027200576
v -0.002398822 -0.017577015 -0.027162926
v -0.0024117438 -0.017584433 -0.027145813
v -0.0023900625 -0.017570831 -0.027203442
v -0.0024289282 -0.01752625 -0.027205898
v -0.0024611565 -0.017516619 -0.027195477
v -0.0024417568 -0.017535832 -0.027205213
v -0.0024351716 -0.017539403 -0.027226197
v -0.0023860507 -0.01754444 -0.027217038
v -0.0024035233 -0.017533931 -0.027260319
v -0.0023867148 -0.017530527 -0.027242237
v -0.0024057208 -0.017520234 -0.027269216
v -0.0024174352 -0.017531402 -0.027250273
v -0.0024262408 -0.017542489 -0.027244599
v -0.0024181884 -0.017545406 -0.027258493
v -0.0024142795 -0.017546158 -0.027271886
v -0.0024120095 -0.017547324 -0.027282447
v -0.0024244053 -0.017525241 -0.027287302
v -0.0023951685 -0.017511043 -0.027272282
v -0.0024121985 -0.017509362 -0.027285675
v -0.0024059289 -0.017540984 -0.027305186
v -0.0024067589 -0.017540382 -0.027296388
v -0.0024197743 -0.017528389 -0.027310131
v -0.0023881572 -0.017523577 -0.02730145
v -0.0024108979 -0.017489749 -0.027266677
v -0.0023765632 -0.017491945 -0.027265525
v -0.0023778768 -0.01748916 -0.027273263
v -0.0023847251 -0.017494312 -0.027279857
v -0.002390027 -0.017499314 -0.027286253
v -0.0023931885 -0.017502943 -0.027290891
v -0.0023969829 -0.017508223 -0.027297636
v -0.0023999262 -0.017513642 -0.027304555
v -0.0024020948 -0.017519391 -0.027311892
v -0.002403074 -0.017523884 -0.027317622
v -0.0023673439 -0.0175287 -0.027185662
v -0.0023874782 -0.017495695 -0.027188564
v -0.002367025 -0.017510835 -0.027206454
v -0.0023830023 -0.01751227 -0.027201428
v -0.0023847916 -0.017507816 -0.027224561
v -0.002358502 -0.017504144 -0.027196113
v -0.0023607048 -0.017517535 -0.027234984
v -0.0023527428 -0.017477586 -0.02721197
v -0.0023591545 -0.017475801 -0.027229894
v -0.0023948626 -0.017481538 -0.027247749
v -0.0023345564 -0.017480557 -0.027229978
v -0.0023874409 -0.017463164 -0.027233781
v -0.0023927104 -0.017515549 -0.027254799
v -0.0023398778 -0.017498935 -0.027270295
v -0.0023292459 -0.017483078 -0.02724938
v -0.0024531727 -0.017483458 -0.027140713
v -0.0024304099 -0.017503433 -0.027144581
v -0.0023844413 -0.017506761 -0.027171467
v -0.0024342383 -0.017572358 -0.027125381
v -0.0024753274 -0.017497252 -0.027126012
v -0.0023865591 -0.017571857 -0.02718236
v -0.0023669215 -0.017482702 -0.027264989
v -0.0023605972 -0.017479775 -0.027261234
v -0.002355581 -0.017477805 -0.027258705
v -0.0023472899 -0.017475024 -0.027255128
v -0.0023347802 -0.01747196 -0.027251175
v -0.0023260009 -0.017470434 -0.027249196
v -0.0023186091 -0.017469595 -0.027248097
v -0.0023118529 -0.017469112 -0.027247457
v 0.017107174 -0.0066432895 -0.013240777
v 0.017105451 -0.0066462863 -0.013242737
v 0.017121996 -0.0066556038 -0.013236436
v 0.017101667 -0.006657998 -0.013254109
v 0.017096914 -0.0066605894 -0.013252877
v 0.017091921 -0.0066685778 -0.013259104
v 0.017058645 -0.0067160635 -0.013305172
v 0.017054378 -0.0067214962 -0.0133116
v 0.017056707 -0.0067233116 -0.013313998
v 0.017150417 -0.0065308221 -0.013221116
v 0.017150037 -0.0065349453 -0.013218809
v 0.017148358 -0.0065408791 -0.013227075
v 0.017149451 -0.0065391358 -0.013216962
v 0.017146821 -0.0065517192 -0.013213612
v 0.017146086 -0.0065545438 -0.013213223
v 0.017147722 -0.0065546102 -0.013220464
v 0.017145368 -0.0065571441 -0.013212966
v 0.017143887 -0.006562148 -0.013212726
v 0.017142798 -0.0065689089 -0.013216607
v 0.017059457 -0.0067246777 -0.013315636
v 0.017068389 -0.006721709 -0.013312371
v 0.017082618 -0.0067166302 -0.013307446
v 0.017087356 -0.0067118376 -0.013300154
v 0.017096054 -0.0067114839 -0.01330307
v 0.017101601 -0.006709248 -0.013301352
v 0.017114372 -0.0067254626 -0.013235512
v 0.017112544 -0.0067052998 -0.013277055
v 0.017143093 -0.0067108325 -0.013214993
v 0.017184463 -0.0066611132 -0.01320863
v 0.017157491 -0.0066657183 -0.013233791
v 0.017161147 -0.0066599909 -0.013270241
v 0.017134419 -0.0066945897 -0.013292305
v 0.017139197 -0.0066786278 -0.013305392
v 0.017147419 -0.0066880324 -0.013289313
v 0.017163156 -0.0066749045 -0.013273869
v 0.017183683 -0.0066573138 -0.013287443
v 0.017173441 -0.0066733936 -0.013284513
v 0.017162395 -0.0066799099 -0.013286314
v 0.017107411 -0.0067068302 -0.013299611
v 0.017121084 -0.0067008321 -0.013295757
v 0.017198612 -0.0066511936 -0.013220909
v 0.017203409 -0.0066187929 -0.013307647
v 0.017176368 -0.0066166388 -0.013323783
v 0.017206104 -0.0066343876 -0.013257627
v 0.017218722 -0.0066329356 -0.013318098
v 0.017220597 -0.0066382447 -0.013282593
v 0.017228583 -0.0066300848 -0.013284005
v 0.017214014 -0.0066442211 -0.01328202
v 0.017202996 -0.0066003954 -0.013304411
v 0.017211383 -0.0066287515 -0.013349635
v 0.017235344 -0.0066221972 -0.013285968
v 0.017236286 -0.0066104144 -0.013289999
v 0.017237315 -0.00661962 -0.01328676
v 0.017242871 -0.0066110591 -0.01329001
v 0.017235006 -0.006596048 -0.013296787
v 0.017242499 -0.0065969959 -0.013297072
v 0.017247142 -0.0066023259 -0.0132942
v 0.017248918 -0.0065968747 -0.013297374
v 0.017179483 -0.0065701109 -0.013279943
v 0.017168713 -0.0065842169 -0.013291902
v 0.017184547 -0.0065730577 -0.01328368
v 0.017170599 -0.0066021902 -0.013315975
v 0.017191981 -0.006576745 -0.013288352
v 0.017200101 -0.0065800326 -0.013292512
v 0.017205989 -0.006581995 -0.01329499
v 0.017214555 -0.0065843529 -0.013297964
v 0.017223345 -0.0065861861 -0.013300266
v 0.017232667 -0.0065875418 -0.013301958
v 0.01723646 -0.0065879291 -0.013302438
v 0.017243437 -0.0065883897 -0.013302999
v 0.017136348 -0.0065834706 -0.013214798
v 0.017139375 -0.0065828106 -0.013221131
v 0.017138486 -0.0065779229 -0.013213819
v 0.017142703 -0.0065658974 -0.013212738
v 0.017140997 -0.0065709626 -0.013213014
v 0.017126123 -0.0066070273 -0.013221854
v 0.017119584 -0.0066203427 -0.013227747
v 0.017103753 -0.0065975416 -0.013244098
v 0.017175306 -0.0066240043 -0.013226312
v 0.017140328 -0.0066318336 -0.013245823
v 0.017149592 -0.0066300378 -0.01326263
v 0.017133076 -0.0066010547 -0.01324314
v 0.017178094 -0.0066223557 -0.013200029
v 0.017131408 -0.0065953601 -0.013217802
v 0.017162439 -0.0066163966 -0.013271895
v 0.017116718 -0.0066236828 -0.013249919
v 0.017164857 -0.0065953394 -0.013266427
v 0.017132376 -0.0065786819 -0.013269242
v 0.017172653 -0.0066028051 -0.013214534
v 0.017134206 -0.0065887517 -0.013215998
v 0.01715166 -0.0065701486 -0.013227739
v 0.017147662 -0.0065482094 -0.013214272
v 0.017169091 -0.0065808144 -0.01327016
v 0.017180132 -0.006602496 -0.013277594
v 0.017174498 -0.0066266617 -0.013269663
v 0.017149122 -0.0065603229 -0.013253838
v 0.017137714 -0.006556628 -0.013244968
v 0.017184451 -0.0065605035 -0.013254759
v 0.017148818 -0.0065427497 -0.013215696
v 0.017063087 -0.0067178143 -0.013307875
v 0.017059121 -0.0067154477 -0.013304462
v 0.017072838 -0.0066969436 -0.013284625
v 0.017097737 -0.0067343936 -0.013250901
v 0.017075635 -0.0066929866 -0.013280724
v 0.017078567 -0.0066887654 -0.013276695
v 0.017083587 -0.0066813657 -0.013269931
v 0.017078872 -0.0067379825 -0.013271034
v 0.017068938 -0.0067023616 -0.013290143
v 0.017067211 -0.0067047221 -0.01329262
v 0.017099953 -0.0066555952 -0.01324919
v 0.017101245 -0.0066534414 -0.013247648
v 0.017087635 -0.0066752392 -0.013264611
v 0.017113837 -0.006631305 -0.013233524
v 0.017109948 -0.006638382 -0.013237695
v 0.017064047 -0.0067089769 -0.013297201
v 0.017120198 -0.0066530404 -0.013262461
v 0.0172497 -0.006592242 -0.013300525
v 0.017195154 -0.0066589684 -0.013282246
v 0.017173117 -0.0065657211 -0.013274371
v 0.017167473 -0.0065609903 -0.013268363
v 0.017163712 -0.0065572423 -0.013263599
v 0.01716062 -0.006553581 -0.013258943
v 0.017156088 -0.0065468232 -0.013250348
v 0.01715349 -0.0065413643 -0.013243398
v 0.017151739 -0.006535862 -0.013236391
v 0.017150807 -0.0065303755 -0.013229401
v 0.017150607 -0.0065263083 -0.013224218
v 0.017157323 -0.00440052 -0.014902966
v 0.017156974 -0.0044019954 -0.014890728
v 0.017158431 -0.0043990595 -0.014915113
v 0.017160292 -0.0043976251 -0.014927077
v 0.017162886 -0.0043962285 -0.014938767
v 0.017166198 -0.0043948803 -0.014950093
v 0.017170196 -0.00439359 -0.01496097
v 0.017174859 -0.004392368 -0.014971315
v 0.017180146 -0.004391223 -0.014981049
v 0.017186018 -0.0043901642 -0.014990098
v 0.017192428 -0.0043891999 -0.014998393
v 0.017195823 -0.0043887555 -0.015002238
v 0.017199331 -0.0043883371 -0.015005871
v 0.017202952 -0.0043879457 -0.015009285
v 0.01723499 -0.0043858668 -0.015028045
v 0.017230757 -0.0043860195 -0.015026576
v 0.017226573 -0.0043862035 -0.015024849
v 0.017222445 -0.0043864193 -0.015022867
v 0.017218385 -0.0043866653 -0.015020634
v 0.017214397 -0.0043869413 -0.015018154
v 0.017210491 -0.004387247 -0.015015433
v 0.017206672 -0.0043875823 -0.015012475
v 0.017256627 -0.0043855826 -0.015031441
v 0.017252265 -0.0043855749 -0.015031293
v 0.017247913 -0.0043855997 -0.015030879
v 0.017243575 -0.0043856565 -0.015030199
v 0.017239266 -0.0043857456 -0.015029254
v 0.017212816 0.0015231853 -0.0073376419
v 0.017213267 0.0015354195 -0.007336165
v 0.017214475 0.0015475566 -0.007334702
v 0.017216435 0.0015595045 -0.0073332639
v 0.017219126 0.0015711715 -0.0073318616
v 0.017222531 0.0015824691 -0.0073305052
v 0.01722662 0.0015933117 -0.0073292058
v 0.017231369 0.001603616 -0.0073279727
v 0.017236736 0.0016133042 -0.0073268158
v 0.017242681 0.0016223025 -0.0073257437
v 0.017249161 0.0016305423 -0.0073247646
v 0.017252588 0.0016343579 -0.0073243122
v 0.017256127 0.0016379608 -0.0073238856
v 0.017259775 0.0016413445 -0.0073234862
v 0.017263522 0.0016445016 -0.0073231138
v 0.017267365 0.0016474273 -0.0073227701
v 0.017271294 0.0016501154 -0.0073224551
v 0.017275302 0.0016525603 -0.0073221695
v 0.017279382 0.0016547584 -0.007321914
v 0.017283523 0.0016567051 -0.0073216893
v 0.017287723 0.0016583964 -0.0073214952
v 0.017300571 0.0016619095 -0.0073211028
v 0.017296254 0.001661001 -0.0073212019
v 0.01729197 0.0016598292 -0.0073213326
v 0.017313632 0.0016630394 -0.0073209985
v 0.017309269 0.0016629297 -0.0073210009
v 0.017304912 0.0016625525 -0.0073210358
v 0.017235018 -0.0005626349 -0.0056125406
v 0.01723139 -0.00056076209 -0.0056195813
v 0.017236148 -0.00055764431 -0.0056155893
v 0.01721109 -0.00058370925 -0.0056331131
v 0.017213683 -0.00057844724 -0.0056421927
v 0.017218555 -0.00057215416 -0.0056341524
v 0.017176413 -0.00062000755 -0.005579285
v 0.01718329 -0.00062270244 -0.0055948627
v 0.017170481 -0.0006035257 -0.005604767
v 0.017188296 -0.0006237328 -0.0056069275
v 0.017191857 -0.0006238437 -0.0056159911
v 0.017196821 -0.0006226827 -0.0056296504
v 0.017198289 -0.00062191071 -0.0056340202
v 0.017206336 -0.0006107385 -0.0056242727
v 0.017125001 -0.00057662202 -0.0054808735
v 0.017125545 -0.00057722135 -0.0054818031
v 0.01712496 -0.00057067575 -0.0054732575
v 0.017303373 -0.00055336342 -0.005579916
v 0.017299466 -0.00055865088 -0.0055732613
v 0.017289895 -0.00054358017 -0.0055785276
v 0.017246544 -0.00059333715 -0.0055502849
v 0.017265868 -0.00056761805 -0.0055646204
v 0.017275208 -0.00056927933 -0.0055558672
v 0.017287709 -0.00056740135 -0.0055588407
v 0.017283799 -0.00056927101 -0.0055548592
v 0.017279727 -0.00057091253 -0.0055509509
v 0.017277712 -0.00057162342 -0.0055490973
v 0.017271511 -0.00057345672 -0.0055436683
v 0.017252983 -0.00057662921 -0.0055292503
v 0.017250522 -0.00053085107 -0.0055308254
v 0.017242207 -0.00064210941 -0.0055501079
v 0.017251456 -0.00063162435 -0.0055757381
v 0.01724617 -0.00055186596 -0.005565484
v 0.017236305 -0.00057497654 -0.0055846276
v 0.017174773 -0.00058378664 -0.0054991685
v 0.017208619 -0.00065515954 -0.0055046677
v 0.017195493 -0.00064481255 -0.0054890865
v 0.01722666 -0.00064273133 -0.005529769
v 0.017224028 -0.00061117773 -0.0055228651
v 0.01722792 -0.00057770226 -0.0055153297
v 0.017234708 -0.00057777927 -0.0055165782
v 0.017210292 -0.0005922246 -0.0055090525
v 0.017208177 -0.00057669312 -0.0055003378
v 0.017227848 -0.00057774857 -0.0055121832
v 0.017219901 -0.00057747858 -0.0055072744
v 0.017168464 -0.00058185124 -0.0054821711
v 0.017151624 -0.00061957889 -0.0054581958
v 0.017159066 -0.00056932344 -0.0054744709
v 0.017176791 -0.00057266715 -0.0054832714
v 0.017140751 -0.00056516295 -0.0054659266
v 0.017138384 -0.00060820892 -0.0054489305
v 0.017117161 -0.0005588017 -0.0054557099
v 0.017114826 -0.00056013414 -0.0054575437
v 0.017126429 -0.00056144506 -0.0054596125
v 0.017121762 -0.0005643974 -0.0054638975
v 0.017187601 -0.0005743245 -0.0054889374
v 0.017173047 -0.00061006466 -0.0055608151
v 0.017166306 -0.00061415962 -0.0055578527
v 0.01716711 -0.00061469105 -0.0055595072
v 0.017164008 -0.00061258515 -0.0055531692
v 0.017164868 -0.00060549567 -0.0055451246
v 0.017162328 -0.00061138611 -0.0055497862
v 0.017156488 -0.00060692238 -0.0055382464
v 0.017144379 -0.00058473536 -0.0055241074
v 0.01714937 -0.00060093114 -0.0055246096
v 0.017201875 -0.00059919837 -0.0055572256
v 0.017141943 -0.00059410572 -0.005510824
v 0.017126654 -0.00057843596 -0.0054837066
v 0.017131385 -0.00058350816 -0.0054919278
v 0.01714552 -0.00058369526 -0.0054992131
v 0.017133171 -0.0005853707 -0.0054950671
v 0.017136062 -0.00058832836 -0.0055002005
v 0.017108144 -0.00055677983 -0.0054529668
v 0.01711253 -0.00056159592 -0.0054593219
v 0.017194476 -0.00061784765 -0.00556688
v 0.017177442 -0.00062841605 -0.0054936413
v 0.017116822 -0.00056728956 -0.0054670992
v 0.017206448 -0.00060112796 -0.0056711316
v 0.017206573 -0.00059837678 -0.0056676246
v 0.017206426 -0.00060256873 -0.005669955
v 0.017206319 -0.00060279178 -0.0056601742
v 0.017206275 -0.00060529725 -0.0056674489
v 0.01720597 -0.0006079486 -0.0056646048
v 0.017205488 -0.00061052354 -0.0056613645
v 0.017204628 -0.00061348857 -0.0056568535
v 0.017204696 -0.00061021615 -0.0056507652
v 0.017204086 -0.00061489499 -0.0056543675
v 0.017200131 -0.00062056506 -0.0056398025
v 0.017201758 -0.0006188489 -0.0056453135
v 0.017196302 -0.00060691822 -0.0056402022
v 0.017202794 -0.00061738196 -0.0056491131
v 0.017203061 -0.0006169367 -0.0056501477
v 0.017206879 -0.00059575083 -0.0056642754
v 0.01720776 -0.00059158817 -0.0056589664
v 0.01722481 -0.00059815832 -0.0056510574
v 0.017212678 -0.00058005125 -0.0056442411
v 0.017211707 -0.00058604426 -0.0056413328
v 0.01717014 -0.00061660032 -0.0055658089
v 0.017170887 -0.0006170482 -0.0055673841
v 0.01719574 -0.00061567946 -0.0056132635
v 0.017192856 -0.00062374922 -0.0056186311
v 0.017195197 -0.00062327185 -0.005625019
v 0.017225438 -0.00056533807 -0.0056254376
v 0.017213175 -0.00059016145 -0.0056187704
v 0.017214505 -0.00057183033 -0.0056165843
v 0.017306839 -0.00054281153 -0.0055904066
v 0.017304799 -0.0005399708 -0.0055927981
v 0.017295882 -0.00054029437 -0.0055932444
v 0.017289654 -0.00054079536 -0.0055939068
v 0.017282646 -0.00054168754 -0.0055950705
v 0.017274823 -0.00054305862 -0.0055968492
v 0.017272399 -0.00054875758 -0.0055928841
v 0.017272792 -0.00054348777 -0.005597404
v 0.017264712 -0.00054550428 -0.0056000056
v 0.017263313 -0.00055070434 -0.0055961801
v 0.017261035 -0.00054659707 -0.0056014118
v 0.017256951 -0.0005479484 -0.0056031506
v 0.017261889 -0.0005670599 -0.0056145708
v 0.017250889 -0.0005502579 -0.0056061176
v 0.017243241 -0.0005537269 -0.0056105688
v 0.017306085 -0.00054705521 -0.0055866
v 0.017221082 -0.0005913875 -0.0056005354
v 0.017261325 -0.00056502453 -0.0055920365
v 0.017221888 -0.00053541638 -0.0055787854
v 0.017227577 -0.00055953867 -0.0055993574
v 0.017217754 -0.0006126133 -0.0056024545
v 0.01727189 -0.00055608603 -0.0055753798
v 0.017210237 -0.00058466915 -0.0056501368
v 0.017211701 -0.00061457698 -0.0055783918
v 0.017288757 -0.00056199512 -0.0055689771
v 0.017294369 -0.00056324749 -0.0055663805
v 0.017289784 -0.00056625841 -0.0055610714
v 0.017108926 -0.00055630493 -0.0054523586
v 0.019358651 0.022870858 0.015851348
v 0.019351466 0.022861694 0.015860301
v 0.019351424 0.022854834 0.015859217
v 0.019359948 0.022867919 0.015906666
v 0.019351675 0.022893278 0.015872146
v 0.019351625 0.022886223 0.015868417
v 0.019436085 0.022882067 0.015859549
v 0.019419841 0.022909053 0.015837361
v 0.019409675 0.022912897 0.015855931
v 0.019407305 0.022913642 0.015859515
v 0.019402945 0.022907461 0.015857399
v 0.019402861 0.022914915 0.015865644
v 0.019384474 0.022915801 0.015880845
v 0.019386437 0.022918518 0.01588289
v 0.019379758 0.02291954 0.015887731
v 0.01944153 0.022884922 0.015743235
v 0.01944769 0.022887833 0.015734171
v 0.019444929 0.022891827 0.015753646
v 0.0194576 0.022870808 0.015806504
v 0.019417684 0.022869038 0.015810375
v 0.019414122 0.022846713 0.015817457
v 0.019370051 0.022782824 0.015875946
v 0.019378973 0.022784878 0.015871467
v 0.019365965 0.022785938 0.015856994
v 0.019361536 0.022781664 0.01587852
v 0.019417124 0.022833191 0.015879697
v 0.019403594 0.022816466 0.015875231
v 0.019400488 0.022807409 0.015844223
v 0.019395625 0.02279103 0.015858222
v 0.019402159 0.022794364 0.015851091
v 0.019434795 0.022837755 0.015865438
v 0.019410582 0.022812874 0.0158311
v 0.019410832 0.022805388 0.015835468
v 0.019406625 0.02279701 0.015845432
v 0.01940857 0.022798263 0.015842752
v 0.019436784 0.022833992 0.015829706
v 0.019368334 0.022847028 0.015820418
v 0.019387911 0.022861488 0.015820208
v 0.019417021 0.022804549 0.015829342
v 0.019409446 0.02279885 0.0158415
v 0.019484973 0.022855251 0.015819308
v 0.019443382 0.022838222 0.015785217
v 0.019408571 0.022812498 0.015796372
v 0.019428004 0.022815299 0.015806458
v 0.019432971 0.022821619 0.015793033
v 0.019438422 0.022829999 0.015775235
v 0.019442398 0.022848599 0.015750184
v 0.019467216 0.02286453 0.015723213
v 0.019487982 0.022865231 0.015756147
v 0.019450854 0.022871522 0.015687297
v 0.019469584 0.022874296 0.015693888
v 0.019450509 0.022867079 0.015696692
v 0.019449151 0.022858244 0.015715389
v 0.019447147 0.022850318 0.015732167
v 0.019501593 0.022861792 0.015794022
v 0.019441569 0.022835919 0.01576268
v 0.019443294 0.022839671 0.015754721
v 0.019444589 0.022842817 0.015748058
v 0.01943001 0.022904041 0.015813066
v 0.019424671 0.022902202 0.015820934
v 0.019428773 0.022886208 0.015820502
v 0.019424258 0.022897425 0.015774906
v 0.019437923 0.022898681 0.01578702
v 0.019433998 0.022901556 0.015801009
v 0.019441787 0.022895274 0.015770442
v 0.019448807 0.022878031 0.015713826
v 0.019449648 0.022883714 0.015714048
v 0.019450937 0.022877487 0.015683607
v 0.019450588 0.022880492 0.015698312
v 0.019370853 0.022920573 0.015892579
v 0.01936331 0.022921143 0.0158952
v 0.019368196 0.022917073 0.015889003
v 0.019356253 0.022913852 0.01588811
v 0.019388637 0.022881796 0.01590628
v 0.019351853 0.022915844 0.015890153
v 0.019351812 0.022911016 0.015885361
v 0.01936458 0.022917589 0.015873021
v 0.019351692 0.022895668 0.015873587
v 0.019359828 0.022899173 0.015875198
v 0.01939705 0.022899078 0.015873806
v 0.019394091 0.022917027 0.015875769
v 0.019391627 0.022884396 0.01583193
v 0.019386544 0.022918501 0.015882803
v 0.019364785 0.022891828 0.015856052
v 0.019351583 0.02288012 0.015865703
v 0.019351524 0.022870955 0.015862534
v 0.019351104 0.022786452 0.01587594
v 0.019351125 0.022792369 0.01587217
v 0.019357272 0.02279891 0.015868459
v 0.019351148 0.022798226 0.015869043
v 0.019351169 0.022803588 0.015866521
v 0.0193512 0.022810735 0.015863794
v 0.01936155 0.022808897 0.015845652
v 0.019351251 0.022822153 0.015860678
v 0.019360829 0.022832586 0.015886345
v 0.019351298 0.022831484 0.015859183
v 0.019351328 0.022837411 0.015858642
v 0.019351371 0.022845327 0.015858531
v 0.019356603 0.022850129 0.01583439
v 0.019366559 0.022873899 0.015833901
v 0.019399647 0.022876336 0.015891786
v 0.019375392 0.022831812 0.015855021
v 0.019351746 0.022902864 0.015878511
v 0.019351736 0.022901501 0.015877506
v 0.019355635 0.022903339 0.015878769
v 0.019403435 0.022817634 0.015893887
v 0.019390356 0.022788712 0.015863195
v 0.019385726 0.022786965 0.015866958
v 0.019422667 0.02280963 0.015818515
v 0.013851962 0.022945794 0.015907316
v 0.0138518 0.022925618 0.01589075
v 0.013851855 0.022932817 0.015895677
v 0.013851909 0.022939562 0.015901216
v 0.013851746 0.022918019 0.015886472
v 0.013851691 0.02291007 0.015882866
v 0.013851585 0.022893392 0.015877804
v 0.013851638 0.022901842 0.015879972
v 0.013851533 0.022884786 0.015876383
v 0.013851437 0.022867364 0.015875809
v 0.013851484 0.022876088 0.015875717
v 0.013851392 0.022858682 0.015876662
v 0.013851351 0.022850108 0.015878269
v 0.013851312 0.022841706 0.015880617
v 0.013851277 0.02283354 0.015883688
v 0.013851246 0.022825673 0.015887458
v 0.013851219 0.022818168 0.015891905
v 0.013773126 0.022870632 0.015976488
v 0.01369517 0.022862978 0.015983072
v 0.013618392 0.022850003 0.015993818
v 0.013543372 0.022831805 0.016008646
v 0.013470685 0.022808526 0.016027445
v 0.013400881 0.022780342 0.016050071
v 0.013334492 0.022747468 0.016076353
v 0.013272025 0.022710152 0.016106087
v 0.013212787 0.022665703 0.016133515
v 0.01315972 0.022621162 0.016170941
v 0.013112729 0.022574557 0.016213635
v 0.013070346 0.022522622 0.01625469
v 0.013033822 0.022467865 0.016297678
v 0.013003577 0.022410883 0.016342601
v 0.012979771 0.022352023 0.016388955
v 0.012962586 0.022291728 0.016436381
v 0.012948739 0.022219045 0.016469524
v 0.012940378 0.022108153 0.016455622
v 0.012931736 0.022108903 0.016456544
v 0.01292323 0.022110114 0.016458055
v 0.012914925 0.022111779 0.016460146
v 0.012906823 0.02218001 0.016413491
v 0.012906885 0.022113884 0.016462798
v 0.01289917 0.022116413 0.016465993
v 0.012944929 0.022227036 0.016479083
v 0.01289184 0.022119344 0.016469701
v 0.013166732 0.022661209 0.016053089
v 0.012884949 0.022122662 0.016473905
v 0.013104889 0.022619505 0.016094094
v 0.012878552 0.022126334 0.01647856
v 0.013210101 0.022670779 0.016135355
v 0.012872696 0.022130336 0.016483639
v 0.012867425 0.022134636 0.016489101
v 0.012862781 0.022139202 0.016494903
v 0.012858798 0.022144001 0.016501006
v 0.012855508 0.022148995 0.016507358
v 0.012852932 0.022154143 0.016513911
v 0.012851093 0.022159411 0.016520619
v 0.012850005 0.022164756 0.016527428
v 0.012862027 0.018805781 0.019059735
v 0.012873712 0.018818901 0.019067172
v 0.012868647 0.018821847 0.01907091
v 0.012891575 0.018768096 0.019010069
v 0.012903719 0.018807605 0.019052889
v 0.012892208 0.018810945 0.019057103
v 0.012878407 0.018728719 0.019068262
v 0.012890573 0.01873747 0.019069004
v 0.012878042 0.018736699 0.019087539
v 0.012903463 0.018747978 0.019068824
v 0.012910713 0.018754619 0.019068142
v 0.012898682 0.018755159 0.019061083
v 0.012919755 0.018764037 0.019066406
v 0.012922722 0.018767532 0.019065515
v 0.012912063 0.01876457 0.019025611
v 0.012924821 0.018792896 0.019053578
v 0.012913325 0.018805627 0.019050405
v 0.012774137 0.018676188 0.019044206
v 0.012776363 0.01867703 0.019044941
v 0.012756794 0.018649852 0.019065187
v 0.012837817 0.018848411 0.019135376
v 0.012835569 0.018838683 0.01913743
v 0.012822074 0.018839648 0.019126429
v 0.012839112 0.018856658 0.0191321
v 0.012832816 0.018850749 0.019122211
v 0.012845602 0.018844506 0.019099705
v 0.012855483 0.018841614 0.019113453
v 0.012849784 0.018838377 0.019091908
v 0.012832869 0.018824747 0.019089456
v 0.012852876 0.018834716 0.019087253
v 0.012884023 0.018832774 0.01910074
v 0.012856636 0.018830969 0.01908249
v 0.012862792 0.018825848 0.019075986
v 0.012839972 0.018861584 0.019121452
v 0.012840902 0.0188561 0.019114464
v 0.012842655 0.018850595 0.019107454
v 0.012841431 0.01878744 0.019078322
v 0.01286966 0.018796235 0.019114691
v 0.012851499 0.018785098 0.019113404
v 0.012829951 0.018820462 0.019137732
v 0.012823273 0.018803064 0.01913472
v 0.012828096 0.018808668 0.019130323
v 0.012816972 0.018783444 0.019085839
v 0.012785354 0.018806362 0.01910142
v 0.012830746 0.018757658 0.019121965
v 0.012820975 0.018801607 0.019107869
v 0.012815517 0.018785418 0.019129192
v 0.012838226 0.018768558 0.019081554
v 0.012825247 0.018686502 0.019126095
v 0.012841277 0.018735848 0.019118704
v 0.012816684 0.01873844 0.019105646
v 0.012805943 0.018732958 0.019108054
v 0.012804553 0.018756978 0.019110734
v 0.012806013 0.018766402 0.019120349
v 0.012788885 0.018735992 0.019101367
v 0.012790684 0.018729515 0.019091527
v 0.012796269 0.018748573 0.019109972
v 0.012794204 0.018669209 0.019089438
v 0.012769068 0.018697966 0.019066668
v 0.01276943 0.018649689 0.019084189
v 0.012802451 0.018667845 0.019113738
v 0.012762946 0.01869634 0.019067551
v 0.012766253 0.018701061 0.019072124
v 0.01277534 0.018714509 0.019084325
v 0.012741247 0.018667618 0.019035736
v 0.012746597 0.018668188 0.019036284
v 0.012748039 0.018676192 0.019046022
v 0.012755304 0.018685807 0.019056676
v 0.012781072 0.018723358 0.019091729
v 0.012853254 0.018713011 0.019064846
v 0.012858731 0.018716206 0.019065763
v 0.012862735 0.018723834 0.019081339
v 0.012849849 0.018711079 0.01906423
v 0.01285065 0.018730246 0.019066349
v 0.012838005 0.018704649 0.019061861
v 0.012836836 0.018716565 0.019065069
v 0.01282357 0.018697362 0.019058544
v 0.012812094 0.018707546 0.019045458
v 0.012836961 0.018727371 0.019086068
v 0.012822351 0.018741321 0.019074356
v 0.01282432 0.01871954 0.019069661
v 0.012808504 0.018690327 0.019054631
v 0.012788898 0.018681954 0.019048926
v 0.012796575 0.018685128 0.019051241
v 0.012739929 0.018664546 0.019031914
v 0.012748213 0.01866715 0.019035064
v 0.012757536 0.018670241 0.019038473
v 0.012932601 0.018803568 0.019047854
v 0.012938849 0.018798917 0.019050947
v 0.012938238 0.018795712 0.019053084
v 0.01293666 0.018790581 0.019056126
v 0.012935288 0.01878715 0.019057968
v 0.012926452 0.018772302 0.019064104
v 0.012930922 0.018778963 0.019061669
v 0.012923726 0.018804225 0.019048656
v 0.012891924 0.018738507 0.019069039
v 0.01288837 0.018742831 0.019069466
v 0.012893441 0.01873968 0.01906906
v 0.012866447 0.018720904 0.019066907
v 0.012865269 0.018749995 0.019075442
v 0.012916466 0.018760426 0.01906718
v 0.012896858 0.018809998 0.019070661
v 0.012900843 0.018799963 0.019083218
v 0.012881935 0.018814858 0.019062051
v 0.012889718 0.018773236 0.01907306
v 0.012869011 0.018784343 0.019054202
v 0.012865567 0.018796934 0.01907659
v 0.012831622 0.018827481 0.019120385
v 0.012868729 0.018813436 0.019098617
v 0.01286862 0.018764018 0.019090323
v 0.012873847 0.018805681 0.019134406
v 0.012833308 0.018830643 0.019138113
v -0.01246203 0.018951175 0.019146366
v -0.012484674 0.018963061 0.019154044
v -0.012489432 0.018959945 0.019150055
v -0.012451715 0.018975856 0.01918291
v -0.012466464 0.01898155 0.019177682
v -0.012470821 0.018975643 0.019170136
v -0.012430035 0.018909618 0.019202156
v -0.012436877 0.018924132 0.019208462
v -0.012422239 0.018940422 0.019188845
v -0.012442329 0.018936778 0.019212648
v -0.012445881 0.018945708 0.019214843
v -0.012472415 0.018933862 0.019217276
v -0.012460362 0.018983692 0.019199345
v -0.01246329 0.018987472 0.019185244
v -0.012556594 0.018926146 0.019137439
v -0.012552225 0.01891774 0.019141202
v -0.012547173 0.018902227 0.019084115
v -0.012559707 0.018936177 0.019131599
v -0.012526074 0.018945786 0.019131867
v -0.012537925 0.018962854 0.019169653
v -0.012516156 0.018948351 0.019135173
v -0.012510234 0.01895025 0.019137618
v -0.012506549 0.018945422 0.019143429
v -0.012505497 0.018952015 0.019139884
v -0.01250285 0.018953102 0.01914128
v -0.01247913 0.01894484 0.019137466
v -0.012495897 0.018956344 0.01914544
v -0.012553724 0.018942365 0.019127399
v -0.012544837 0.018942924 0.019128147
v -0.012538183 0.018932444 0.019143197
v -0.012535928 0.018943988 0.019129536
v -0.012542225 0.01890392 0.01914558
v -0.012537304 0.01889837 0.019146751
v -0.012527051 0.01890799 0.019165862
v -0.012532244 0.01889318 0.019147554
v -0.012524096 0.0188856 0.019148239
v -0.012512126 0.018884028 0.019148766
v -0.012512631 0.018904534 0.019179253
v -0.012492224 0.018887285 0.019135191
v -0.012498363 0.018886341 0.019203203
v -0.012497858 0.018912959 0.019183446
v -0.012485998 0.018909652 0.019196663
v -0.012512957 0.018876336 0.019148309
v -0.012496928 0.018877979 0.019121934
v -0.012472283 0.018881679 0.019151686
v -0.012465892 0.018887368 0.019162787
v -0.012437451 0.018893651 0.019146076
v -0.012463459 0.018828391 0.019215051
v -0.012473336 0.018867019 0.019152806
v -0.012451778 0.018815815 0.019214363
v -0.012455712 0.018844881 0.019141673
v -0.012472649 0.018856649 0.019148787
v -0.012500222 0.018866927 0.01914747
v -0.012484931 0.01885684 0.019145516
v -0.012460125 0.018842421 0.01914082
v -0.012455089 0.018839739 0.019139673
v -0.012473572 0.018849964 0.019143582
v -0.012463609 0.018844318 0.019141578
v -0.012422225 0.018824351 0.019141998
v -0.012429868 0.018796604 0.019201337
v -0.012398859 0.018825283 0.019122966
v -0.012411349 0.018819193 0.01912758
v -0.012418977 0.01882245 0.019129943
v -0.012430517 0.018827635 0.019133317
v -0.012370915 0.018803947 0.019113465
v -0.012368582 0.0188054 0.019115201
v -0.012380183 0.018807139 0.019116931
v -0.012379611 0.018794022 0.01913933
v -0.012390375 0.01881086 0.01912059
v -0.01240001 0.01881457 0.01912389
v -0.012397229 0.01881348 0.019122955
v -0.012445237 0.018834702 0.019137274
v -0.012437395 0.018830868 0.019135219
v -0.012417677 0.018885974 0.019188767
v -0.012422264 0.018894464 0.01919396
v -0.012417775 0.018909623 0.019181544
v -0.012416003 0.018882967 0.019186799
v -0.012451105 0.018864341 0.019198827
v -0.012410181 0.0188728 0.019179735
v -0.012414901 0.018870197 0.019172064
v -0.012403354 0.0188614 0.019171047
v -0.012410344 0.018860807 0.019164708
v -0.012402807 0.018860507 0.019170332
v -0.012395668 0.018849164 0.019160802
v -0.01237971 0.018825528 0.019138157
v -0.012387906 0.018837399 0.019149998
v -0.012399672 0.018810199 0.019160683
v -0.012365264 0.018805468 0.019115441
v -0.012370573 0.018812986 0.019124421
v -0.012431738 0.018991025 0.019201337
v -0.012459298 0.018995463 0.019210668
v -0.012457985 0.018986635 0.019214155
v -0.012456824 0.018975 0.019210446
v -0.012453599 0.018968417 0.019217034
v -0.012455182 0.018974118 0.019216677
v -0.012456332 0.018978716 0.019216059
v -0.012460163 0.018998054 0.019198744
v -0.012461043 0.018993892 0.019193436
v -0.012483911 0.018967037 0.019208397
v -0.012473881 0.018951924 0.019213541
v -0.012440375 0.01890191 0.019188656
v -0.012486329 0.018874179 0.019220659
v -0.012456649 0.018913215 0.01919513
v -0.012450629 0.01895903 0.019216697
v -0.012453559 0.018968284 0.019217039
v -0.012484296 0.018971946 0.01917753
v -0.012466028 0.018965652 0.019183823
v -0.01247815 0.018968126 0.019160526
v -0.012443538 0.018954268 0.019155
v -0.01246025 0.01895121 0.019185783
v -0.012459971 0.018941692 0.019152836
v -0.012558469 0.018931102 0.019134771
v -0.012517594 0.018929251 0.019141767
v -0.012493843 0.018932748 0.0191491
v -0.012447662 0.018939737 0.019182989
v -0.012454493 0.018967914 0.019213241
v -0.012537373 0.018911895 0.019144138
v -0.012544548 0.018913143 0.019143079
v -0.012547774 0.018910977 0.01914363
v -0.012547856 0.018911089 0.019143595
v -0.01236268 0.018801254 0.019110263
v -0.012450258 0.02230254 0.016606394
v -0.012459441 0.022281882 0.016580027
v -0.012456056 0.022286838 0.016586357
v -0.012453384 0.022291958 0.016592894
v -0.012451446 0.022297207 0.016599592
v -0.012463514 0.022277129 0.016573951
v -0.012479526 0.022264433 0.016557708
v -0.012473596 0.022268368 0.016562747
v -0.012468244 0.022272612 0.016568177
v -0.012500329 0.022254737 0.016545268
v -0.012492945 0.022257588 0.016548931
v -0.012485993 0.02226083 0.01655309
v -0.012508091 0.022252292 0.016542123
v -0.01251617 0.022250275 0.01653952
v -0.012524506 0.0222487 0.016537481
v -0.012533033 0.022247582 0.016536023
v -0.012541688 0.022246927 0.016535155
v -0.012551889 0.022369411 0.016563793
v -0.012561977 0.022430792 0.016515714
v -0.012578823 0.022491273 0.016468393
v -0.012602296 0.022550394 0.01642219
v -0.012632221 0.022607702 0.016377453
v -0.012668435 0.022662864 0.016334731
v -0.012710584 0.022715331 0.016294119
v -0.012758295 0.022764655 0.016255783
v -0.01281127 0.022810535 0.016220182
v -0.012869105 0.022852627 0.016187589
v -0.012931358 0.02289061 0.016158252
v -0.012997558 0.022924193 0.016132395
v -0.013067199 0.022953124 0.016110216
v -0.013139161 0.022973317 0.016083921
v -0.013214241 0.022992354 0.016069543
v -0.013291113 0.023006179 0.016059266
v -0.013369116 0.023009365 0.016044119
v -0.013448244 0.022966839 0.01597711
v -0.013448216 0.022974344 0.015972664
v -0.013448185 0.022982211 0.015968894
v -0.013448151 0.022990377 0.015965823
v -0.01336564 0.022999786 0.015964637
v -0.013448112 0.022998779 0.015963475
v -0.01344807 0.023007353 0.015961868
v -0.013119526 0.022973019 0.015995708
v -0.013199407 0.022993283 0.015980398
v -0.013281195 0.023008004 0.015969458
v -0.01336809 0.023019944 0.016040243
v -0.013448026 0.023016035 0.015961014
v -0.013447978 0.023024759 0.015960922
v -0.013138333 0.022979337 0.016088531
v -0.013213579 0.022998424 0.016074115
v -0.013290624 0.023012285 0.016063811
v -0.013447929 0.023033458 0.015961589
v -0.013447877 0.023042063 0.01596301
v -0.013361924 0.023053197 0.015969573
v -0.013447825 0.023050513 0.015965177
v -0.013447772 0.023058741 0.015968072
v -0.013447717 0.02306669 0.015971678
v -0.013367118 0.023034176 0.01604335
v -0.013447662 0.023074289 0.015975956
v -0.013447607 0.023081488 0.015980883
v -0.013447553 0.02308823 0.015986418
v -0.0134475 0.023094466 0.015992522
v -0.018947367 0.023127265 0.016012862
v -0.018947391 0.023124418 0.016009688
v -0.018947432 0.02311959 0.016004896
v -0.018947489 0.023112674 0.015999004
v -0.018947546 0.023105147 0.0159937
v -0.018947609 0.02309664 0.015988842
v -0.018947648 0.023090827 0.015986155
v -0.018947707 0.023081982 0.015982831
v -0.01894776 0.023073599 0.015980525
v -0.018947769 0.023072015 0.015980177
v -0.01894782 0.02306341 0.015978755
v -0.018947861 0.023056481 0.015978174
v -0.018947912 0.023046961 0.015978137
v -0.018947962 0.023037306 0.015979034
v -0.018947993 0.023030729 0.015980217
v -0.018948036 0.023021659 0.015982572
v -0.018948075 0.023012947 0.015985735
v -0.018948114 0.023002621 0.015990769
v -0.018948136 0.022996789 0.015994274
v -0.018948147 0.022993265 0.01599668
v -0.019001975 0.023115952 0.015900958
v -0.019034884 0.023107717 0.015904738
v -0.019039362 0.023103774 0.015885331
v -0.019047699 0.023090156 0.015818492
v -0.019048082 0.023088163 0.015808736
v -0.019066642 0.023083761 0.015814162
v -0.018956078 0.023129958 0.016015433
v -0.018963741 0.023129551 0.016013256
v -0.018954999 0.023123141 0.016007946
v -0.018997703 0.023124266 0.015986596
v -0.018999641 0.023123764 0.015984093
v -0.018998319 0.023116942 0.015978051
v -0.019005356 0.023122126 0.015975942
v -0.019048125 0.023080991 0.015807872
v -0.019047777 0.023076729 0.015816869
v -0.019047129 0.023071847 0.015827183
v -0.019045714 0.023078016 0.015832737
v -0.01904527 0.023063092 0.015845662
v -0.019044258 0.023066796 0.015846771
v -0.019046429 0.023068037 0.015835222
v -0.019008608 0.023044147 0.01586769
v -0.019103013 0.023076974 0.01587247
v -0.019081829 0.023062121 0.015936552
v -0.019018005 0.023072719 0.015929229
v -0.019096639 0.023070894 0.015928297
v -0.019015771 0.02305542 0.015930164
v -0.019034265 0.023037247 0.015900113
v -0.019038635 0.023045207 0.015883359
v -0.019036302 0.023040737 0.015892764
v -0.019078534 0.023059084 0.015970196
v -0.019024646 0.023032617 0.015921231
v -0.01902515 0.023024706 0.015926486
v -0.019028156 0.023028392 0.01591874
v -0.019030123 0.023031018 0.015913223
v -0.019031278 0.023032653 0.015909787
v -0.019043832 0.023058107 0.015856169
v -0.019041453 0.023051578 0.015869934
v -0.019028766 0.02305528 0.015978824
v -0.019017855 0.023038129 0.015971915
v -0.01900643 0.023040441 0.015982918
v -0.01908341 0.023061482 0.016000155
v -0.018993088 0.023011121 0.015932275
v -0.018975613 0.023014591 0.015979972
v -0.018982538 0.023008943 0.015960452
v -0.019002034 0.023005152 0.015967479
v -0.018998412 0.02300301 0.015971948
v -0.01899974 0.023009816 0.015966109
v -0.018987211 0.023002641 0.015979412
v -0.018995227 0.023001309 0.015975505
v -0.018990241 0.022998917 0.015980482
v -0.01900733 0.023008596 0.01596028
v -0.019005696 0.023007473 0.015962624
v -0.018951179 0.02303648 0.015925558
v -0.018956754 0.023019336 0.015960337
v -0.018974712 0.022993362 0.015991999
v -0.018971193 0.022998189 0.01598972
v -0.018978278 0.022994408 0.015989842
v -0.018984944 0.022996727 0.015985033
v -0.018957757 0.023005224 0.015990464
v -0.018958573 0.022995395 0.015994432
v -0.018964547 0.022991141 0.01599654
v -0.018958292 0.022990266 0.015998293
v -0.018971537 0.022992555 0.015993659
v -0.018953588 0.023058898 0.015948739
v -0.018994506 0.023125037 0.015990446
v -0.018989543 0.023126108 0.015995801
v -0.01898193 0.023123155 0.015997482
v -0.018983036 0.023127291 0.016001746
v -0.019012354 0.023119767 0.015964238
v -0.019019469 0.023116852 0.015949791
v -0.018988522 0.023132358 0.015924686
v -0.01900577 0.023095439 0.015930635
v -0.019009799 0.023072513 0.015970794
v -0.019005387 0.023102137 0.015951234
v -0.019003905 0.02310457 0.015974244
v -0.018971165 0.023077145 0.015959356
v -0.018964194 0.023098394 0.015953335
v -0.018970569 0.023136742 0.015967229
v -0.018972663 0.023100177 0.015992254
v -0.019002095 0.023059561 0.015978739
v -0.018974917 0.02312845 0.016007609
v -0.018956195 0.023072977 0.015979497
v -0.018954668 0.023086059 0.015979094
v -0.01896301 0.023117248 0.016003212
v -0.018954287 0.023101112 0.015990828
v -0.018951038 0.023130084 0.016016165
v -0.019045202 0.023096315 0.015848694
v -0.019053317 0.023088414 0.015841417
v -0.019044464 0.023097548 0.015854746
v -0.019043595 0.023098842 0.01586109
v -0.019040671 0.023095908 0.01587015
v -0.019042003 0.023100916 0.01587129
v -0.019028953 0.023111826 0.015924988
v -0.01910448 0.023074423 0.015896344
v -0.019041779 0.023101182 0.015872599
v -0.019024628 0.023114323 0.015937308
v -0.019046644 0.023093326 0.015834028
v -0.018951856 0.022989785 0.01599922
v -0.018955397 0.022989999 0.015998822
v -0.019020069 0.023019252 0.015937931
v -0.019013208 0.023013053 0.015950942
v -0.0022303529 0.0023592236 -0.0065153081
v -0.0022879391 -0.0037510014 -0.014304279
v -0.0022300587 0.0023624714 -0.0065182208
v -0.0022876417 -0.0037474013 -0.014306743
v -0.0022295763 0.0023655879 -0.0065212728
v -0.0022871538 -0.0037436984 -0.014309047
v -0.0022289062 0.0023685674 -0.0065244589
v -0.0022864758 -0.0037398999 -0.014311189
v -0.00222805 0.0023714043 -0.0065277722
v -0.0022856099 -0.0037360125 -0.014313163
v -0.0022270092 0.0023740929 -0.0065312072
v -0.0022845569 -0.0037320437 -0.014314966
v -0.0022257855 0.0023766282 -0.0065347571
v -0.0022833189 -0.0037280012 -0.014316595
v -0.0022243815 0.0023790056 -0.0065384146
v -0.0022818988 -0.003723893 -0.014318045
v -0.0022802985 -0.0037197259 -0.014319316
v -0.0022227999 0.0023812202 -0.0065421736
v -0.0022785218 -0.0037155087 -0.014320404
v -0.0022210435 0.0023832684 -0.0065460267
v -0.0022191158 0.0023851453 -0.0065499658
v -0.0022765716 -0.0037112498 -0.014321307
v -0.0022170205 0.0023868483 -0.0065539846
v -0.0022744519 -0.0037069566 -0.014322023
v -0.0022721667 -0.0037026374 -0.014322552
v -0.0022147615 0.0023883735 -0.0065580749
v -0.0022697201 -0.0036982999 -0.014322892
v -0.0022123432 0.0023897187 -0.0065622285
v -0.0022671168 -0.0036939533 -0.014323041
v -0.0022097699 0.0023908806 -0.0065664382
v -0.002207047 0.002391857 -0.0065706954
v -0.0022643622 -0.0036896056 -0.014323002
v -0.0022584191 -0.0036809396 -0.014322353
v -0.0022011726 0.0023932477 -0.0065793207
v -0.0022519361 -0.0036723678 -0.01432095
v -0.0021947643 0.0023938802 -0.0065880393
v -0.0022449621 -0.003663955 -0.014318804
v -0.002187871 0.0023937492 -0.0065967842
v -0.002237551 -0.0036557662 -0.014315932
v -0.0021805452 0.002392856 -0.006605489
v -0.0022297583 -0.0036478628 -0.014312354
v -0.0021728428 0.0023912069 -0.0066140877
v -0.0022216439 -0.0036403054 -0.014308098
v -0.002164822 0.0023888153 -0.0066225149
v -0.0022132695 -0.0036331518 -0.014303197
v -0.0021565446 0.0023856985 -0.0066307059
v -0.0022046984 -0.0036264558 -0.014297688
v -0.0021480725 0.0023818809 -0.0066385991
v -0.0021959964 -0.0036202686 -0.014291613
v -0.0021394711 0.0023773915 -0.006646134
v 0.002246074 0.0023676057 -0.0065845942
v 0.0022401613 0.0023690609 -0.0065931827
v 0.002233706 0.0023697631 -0.006601861
v 0.0022267573 0.0023697075 -0.0066105626
v 0.0022193681 0.0023688944 -0.0066192219
v 0.0022115946 0.0023673297 -0.0066277723
v 0.0022034958 0.0023650257 -0.0066361489
v 0.0021951339 0.0023619997 -0.0066442882
v 0.0021865717 0.0023582751 -0.0066521282
v 0.0021778751 0.0023538792 -0.0066596088
v 0.0022660876 0.0023496237 -0.0065452306
v 0.0022648694 0.0023521722 -0.0065487726
v 0.0022634688 0.0023545651 -0.0065524218
v 0.0022618877 0.002356797 -0.006556171
v 0.0022601298 0.002358864 -0.0065600128
v 0.0022581982 0.0023607623 -0.0065639403
v 0.0022560965 0.0023624877 -0.0065679457
v 0.0022538289 0.0023640378 -0.0065720219
v 0.0022513994 0.0023654093 -0.0065761605
v 0.0022488128 0.0023665995 -0.0065803541
v 0.0022693683 0.0023347186 -0.0065293524
v 0.0022690916 0.0023379697 -0.0065322633
v 0.002268624 0.002341091 -0.0065353123
v 0.0022679665 0.0023440779 -0.0065384942
v 0.0022671208 0.0023469238 -0.0065418021
v 0.0022117821 -0.0037755067 -0.014318323
v 0.0022115086 -0.0037719035 -0.014320785
v 0.0022110466 -0.0037681958 -0.014323086
v 0.002210397 -0.0037643895 -0.014325224
v 0.0022095609 -0.003760493 -0.014327193
v 0.0022085399 -0.0037565129 -0.014328989
v 0.002207336 -0.0037524567 -0.01433061
v 0.0022059515 -0.0037483336 -0.014332053
v 0.0022043891 -0.0037441491 -0.014333314
v 0.0022026515 -0.0037399127 -0.01433439
v 0.0022007424 -0.0037356326 -0.014335281
v 0.0021986651 -0.003731317 -0.014335984
v 0.0021964238 -0.0037269727 -0.014336499
v 0.0021940225 -0.0037226093 -0.014336823
v 0.0021914659 -0.0037182343 -0.014336957
v 0.0021887588 -0.0037138568 -0.0143369
v 0.0021829149 -0.0037051265 -0.014336215
v 0.0021765342 -0.003696485 -0.014334772
v 0.0021696662 -0.0036879969 -0.014332583
v 0.0021623626 -0.0036797275 -0.014329664
v 0.002154679 -0.0036717405 -0.014326038
v 0.0021466739 -0.0036640948 -0.014321732
v 0.0021384087 -0.0036568504 -0.014316779
v 0.0021299458 -0.0036500619 -0.014311217
v 0.0021213498 -0.0036437808 -0.014305088
v -0.017235689 0.0018511922 -0.0072131656
v -0.017231327 0.0018510349 -0.0072131952
v -0.017220489 0.0018494425 -0.0072134147
v -0.017226976 0.0018506106 -0.0072132575
v -0.017214064 0.0018477465 -0.0072136349
v -0.017205656 0.0018445304 -0.0072140442
v -0.017209834 0.0018462675 -0.0072138242
v -0.017195494 0.0018390523 -0.0072147308
v -0.017201535 0.0018425388 -0.0072142946
v -0.017189606 0.0018350772 -0.0072152255
v -0.017182087 0.0018289123 -0.0072159888
v -0.017185799 0.0018321101 -0.0072155931
v -0.017171602 0.0018179951 -0.0072173331
v -0.017176733 0.0018236682 -0.0072166352
v -0.017165219 0.0018096856 -0.0072183525
v -0.017159378 0.0018006228 -0.0072194613
v -0.017154122 0.0017908766 -0.0072206511
v -0.017149497 0.0017805212 -0.0072219134
v -0.017145531 0.001769635 -0.0072232382
v -0.01714226 0.001758301 -0.0072246153
v -0.017139703 0.0017466053 -0.0072260339
v -0.017137886 0.0017346369 -0.007227484
v -0.017136816 0.0017224872 -0.0072289538
v -0.017136507 0.0017102489 -0.0072304332
v -0.017221724 -0.006386252 -0.013162364
v -0.01719093 -0.0063771652 -0.013154136
v -0.017169018 -0.0064330564 -0.013120451
v -0.017175324 -0.0064197358 -0.0131146
v -0.017177682 -0.0064223887 -0.013121373
v -0.017181465 -0.0064055311 -0.01310985
v -0.017184867 -0.0063969661 -0.013107765
v -0.017183332 -0.0064092929 -0.013117283
v -0.017189293 -0.0063846998 -0.013105922
v -0.017190743 -0.0063802664 -0.013105636
v -0.017189232 -0.0063898811 -0.013111438
v -0.01719575 -0.00650128 -0.013158935
v -0.017217197 -0.0064889139 -0.01313938
v -0.017233274 -0.0064797184 -0.01317585
v -0.017296337 -0.0064144605 -0.013186295
v -0.01729121 -0.0064249317 -0.013181402
v -0.017286422 -0.0064314267 -0.013222813
v -0.017298693 -0.0064064973 -0.013191009
v -0.017280237 -0.0064398358 -0.013176807
v -0.017272234 -0.0064485047 -0.01317518
v -0.017268431 -0.0064453157 -0.01317539
v -0.017270229 -0.0064504818 -0.013174926
v -0.01725194 -0.0064663373 -0.013174296
v -0.01723657 -0.0064691077 -0.013168466
v -0.017246588 -0.0064473268 -0.013169601
v -0.017227503 -0.006445558 -0.013187677
v -0.017214554 -0.0064579926 -0.013186116
v -0.017224276 -0.0064319218 -0.013187825
v -0.017212818 -0.0064316271 -0.013151894
v -0.017215095 -0.0064670416 -0.013141977
v -0.01726405 -0.0064562147 -0.013174419
v -0.017255857 -0.0064456572 -0.013189599
v -0.017226509 -0.006411889 -0.013162921
v -0.017186813 -0.0065302301 -0.013111261
v -0.017201805 -0.00650986 -0.013112388
v -0.017214121 -0.0064917728 -0.013178755
v -0.01719696 -0.0065013939 -0.01318228
v -0.017148537 -0.0065242359 -0.013195596
v -0.017134089 -0.0065463131 -0.013171278
v -0.017153238 -0.0065542309 -0.01313692
v -0.017168473 -0.0065433623 -0.013126284
v -0.017172942 -0.0065134219 -0.013188338
v -0.017105784 -0.0065400731 -0.013210742
v -0.017112191 -0.0065475953 -0.013193174
v -0.01711917 -0.0065355324 -0.013205674
v -0.017133483 -0.0065302318 -0.013200601
v -0.017184223 -0.0065079742 -0.013185334
v -0.017156663 -0.0064567001 -0.013133841
v -0.017159356 -0.0064517758 -0.01313075
v -0.017157522 -0.0064628223 -0.013142644
v -0.017176209 -0.0064478248 -0.01312617
v -0.01715499 -0.0064597066 -0.013135806
v -0.017149167 -0.0064698738 -0.013142872
v -0.017155274 -0.0064730788 -0.013152326
v -0.01714234 -0.0064812731 -0.01315156
v -0.017145698 -0.0064825554 -0.013156112
v -0.017141792 -0.0064821645 -0.013152273
v -0.017176511 -0.006472909 -0.013151275
v -0.017186352 -0.0064510971 -0.013177373
v -0.017187911 -0.0064534452 -0.013155663
v -0.017134653 -0.0064935106 -0.013161805
v -0.01714258 -0.0064938431 -0.013162188
v -0.017118284 -0.0065177279 -0.013185059
v -0.017124111 -0.0065093804 -0.013176566
v -0.017126534 -0.0065119071 -0.013185778
v -0.017138225 -0.0065022967 -0.013174691
v -0.017125895 -0.0065067675 -0.013174015
v -0.017128783 -0.0065024747 -0.013169929
v -0.017100886 -0.0065409436 -0.013211734
v -0.017105572 -0.0065360757 -0.013205814
v -0.017104967 -0.0065357268 -0.013205299
v -0.01710956 -0.0065296878 -0.013198187
v -0.017200094 -0.0064595993 -0.013123437
v -0.017167075 -0.0064602795 -0.013148154
v -0.017198703 -0.0063407306 -0.01311589
v -0.017198625 -0.0063502839 -0.013118002
v -0.017198571 -0.0063438149 -0.013113836
v -0.017198282 -0.0063472098 -0.013111938
v -0.017197821 -0.0063509714 -0.013110206
v -0.017197164 -0.0063550815 -0.013108697
v -0.017196599 -0.0063649415 -0.013113553
v -0.01719663 -0.0063579272 -0.013107861
v -0.017192584 -0.0063742569 -0.013105573
v -0.017194169 -0.0063685561 -0.013105931
v -0.017195317 -0.0063639571 -0.013106547
v -0.017217134 -0.0063579674 -0.013124723
v -0.017192534 -0.0063789949 -0.013128932
v -0.017176399 -0.0064173487 -0.01311369
v -0.017180209 -0.006408571 -0.013110724
v -0.017162773 -0.0064453575 -0.01312695
v -0.017163518 -0.0064439305 -0.013126142
v -0.017173856 -0.006423004 -0.013139889
v -0.017187682 -0.0063893448 -0.013106447
v -0.017182796 -0.0063980069 -0.013128472
v -0.017205982 -0.0064317277 -0.013126841
v -0.017192546 -0.0063743916 -0.013105569
v -0.017185867 -0.0063895677 -0.013176834
v -0.01719697 -0.0063936099 -0.01315003
v -0.017273772 -0.0064296811 -0.013219539
v -0.017255543 -0.0064110437 -0.013194048
v -0.017255612 -0.0063998266 -0.013183992
v -0.017245084 -0.0063964943 -0.013179247
v -0.017220392 -0.0063982697 -0.013181663
v -0.017216925 -0.0063989688 -0.013154383
v -0.017214254 -0.0064078447 -0.013123207
v -0.017260339 -0.006423838 -0.013187654
v -0.017236333 -0.0064159947 -0.013185377
v -0.017210376 -0.0064130689 -0.013139158
v -0.017193478 -0.0063747572 -0.013109363
v -0.017276586 -0.0064329936 -0.013178117
v -0.017286799 -0.0064316402 -0.013178994
v -0.017142875 -0.00041406434 -0.0055639229
v -0.017143077 -0.00040999789 -0.0055587397
v -0.017144007 -0.00040451113 -0.0055517503
v -0.01714576 -0.00039900852 -0.0055447429
v -0.017148356 -0.00039354929 -0.0055377932
v -0.017152888 -0.0003867925 -0.0055291973
v -0.017157861 -0.00038125668 -0.0055221608
v -0.017165385 -0.00037465174 -0.0055137698
v -0.017173618 -0.00036915191 -0.0055067897
v -0.017178151 -0.00036658928 -0.0055035405
v -0.017184251 -0.00036362781 -0.0054997896
v -0.01719237 -0.00036034034 -0.0054956296
v -0.017226833 -0.00035263755 -0.0054859426
v -0.017215615 -0.00035418742 -0.005487875
v -0.017206823 -0.00035602022 -0.0054901781
v -0.017198257 -0.0003583784 -0.0054931508
v -0.017242222 -0.00035323119 -0.0054837644
v -0.017235707 -0.00035198308 -0.0054851421
v -0.017099831 -0.0004259899 -0.0054462379
v -0.017098113 -0.00042480645 -0.005442855
v -0.017145865 -0.00047113987 -0.0053995263
v -0.017094336 -0.00041656303 -0.0054287619
v -0.017089599 -0.00041839448 -0.0054265246
v -0.017084617 -0.00041426699 -0.005417269
v -0.01705162 -0.00038122067 -0.0053604697
v -0.017047117 -0.0003760176 -0.0053532658
v -0.01705402 -0.00039139096 -0.0053429839
v -0.017142715 -0.00041815297 -0.0055602768
v -0.017142352 -0.00042137561 -0.0055568206
v -0.017140683 -0.0004147669 -0.0055490853
v -0.01714179 -0.00042416898 -0.0055531889
v -0.017139215 -0.00043042915 -0.0055417571
v -0.017138138 -0.00043191685 -0.005537871
v -0.017140108 -0.00042445914 -0.0055373204
v -0.01713659 -0.00043355806 -0.0055326786
v -0.017135248 -0.00043162657 -0.0055243374
v -0.017216806 -0.00033865396 -0.0054381688
v -0.017221062 -0.00038041195 -0.0054491243
v -0.017228769 -0.00037590644 -0.0054574987
v -0.017052199 -0.00037283598 -0.0053492297
v -0.017061129 -0.00037526668 -0.0053529164
v -0.017075353 -0.00037878877 -0.0053590629
v -0.017078533 -0.00040090236 -0.0053582988
v -0.017088784 -0.00038176363 -0.0053651415
v -0.017112599 -0.00039091433 -0.005382913
v -0.017095762 -0.00044555255 -0.0053529006
v -0.017094324 -0.00038287935 -0.0053677388
v -0.017144906 -0.00041607939 -0.0054261698
v -0.017134773 -0.00046819734 -0.0053838749
v -0.017159467 -0.00039271648 -0.0054406118
v -0.01716137 -0.00041595371 -0.0054200187
v -0.017142667 -0.00038348122 -0.0054132127
v -0.017143748 -0.00038965522 -0.005393391
v -0.017127439 -0.00038921808 -0.0053908438
v -0.017126575 -0.0003879904 -0.0053839352
v -0.017127658 -0.00038811914 -0.0053845132
v -0.017136456 -0.00038904888 -0.0053892964
v -0.017172092 -0.00039010949 -0.0054169625
v -0.017169925 -0.00039041291 -0.0054092048
v -0.017158643 -0.00039036279 -0.0054021731
v -0.017100132 -0.00038397304 -0.0053705185
v -0.017113793 -0.00038623682 -0.0053773014
v -0.0171848 -0.0003894243 -0.0054349827
v -0.017194586 -0.00038831088 -0.0054263161
v -0.017204637 -0.00038627179 -0.0054342206
v -0.017203427 -0.00039535839 -0.005454095
v -0.017210622 -0.00038456386 -0.0054393143
v -0.017215061 -0.00038305904 -0.0054432813
v -0.017167364 -0.00033440189 -0.0054493505
v -0.017189976 -0.000333844 -0.0054526382
v -0.017206503 -0.00032667614 -0.0054393238
v -0.01717732 -0.00035591374 -0.0054760304
v -0.017228229 -0.00032457203 -0.0054402431
v -0.017234971 -0.00037045525 -0.0054656738
v -0.017232404 -0.00037296509 -0.0054620915
v -0.017225772 -0.00037040456 -0.0054902743
v -0.017241488 -0.00035842112 -0.005479221
v -0.017238926 -0.00036468007 -0.0054726938
v -0.01721072 -0.00040656186 -0.0055363913
v -0.017177301 -0.00037458859 -0.0054959291
v -0.017128857 -0.00043687376 -0.0055106059
v -0.017131864 -0.00043055441 -0.0055097487
v -0.017130975 -0.00043649627 -0.0055162334
v -0.017135605 -0.00043433769 -0.0055295818
v -0.017133695 -0.00043550427 -0.0055238567
v -0.017118137 -0.00043549764 -0.0054847402
v -0.017112194 -0.0004331371 -0.0054716622
v -0.017096112 -0.00041178477 -0.0054899382
v -0.017151485 -0.00040941617 -0.0054664649
v -0.017148358 -0.00043893686 -0.005452532
v -0.017119994 -0.00036136302 -0.0054604128
v -0.01717448 -0.00044332425 -0.0054729781
v -0.017125529 -0.00041350662 -0.0054867873
v -0.0171708 -0.00046032933 -0.0054764706
v -0.017119259 -0.00043583618 -0.0054872939
v -0.017123954 -0.00043680547 -0.0054983286
v -0.017152133 -0.00039602028 -0.0054483795
v -0.017154911 -0.00038917144 -0.0054651096
v -0.017098013 -0.00040203198 -0.0054765812
v -0.017157264 -0.00038945454 -0.0054868712
v -0.017152623 -0.00042317508 -0.0054980317
v -0.017126732 -0.00043697297 -0.005505185
v -0.017142709 -0.00041620428 -0.0055215736
v -0.01712593 -0.00037537001 -0.0055012864
v -0.017133233 -0.00043572037 -0.0055225276
v -0.017140265 -0.00042850911 -0.0055459189
v -0.017139821 -0.00042938939 -0.0055441042
v -0.017161432 -0.00038235019 -0.005500102
v -0.017172531 -0.00038025594 -0.0054773067
v -0.017167011 -0.00039373518 -0.0054557068
v -0.017124316 -0.00038382569 -0.005516282
v -0.0171534 -0.00040569651 -0.0055373445
v -0.017141171 -0.00042626192 -0.0055499783
v -0.017065566 -0.00039630417 -0.0053835874
v -0.017067262 -0.00039603736 -0.0053702442
v -0.01706836 -0.00039913977 -0.0053883676
v -0.017071289 -0.00040203785 -0.0053934348
v -0.017110478 -0.00045683736 -0.005363722
v -0.017076302 -0.00040682584 -0.005402247
v -0.017061669 -0.00039224907 -0.0053770002
v -0.017059943 -0.00039041176 -0.005374113
v -0.017092628 -0.00042077578 -0.0054322613
v -0.017093917 -0.0004217556 -0.0054347249
v -0.017080339 -0.00041051959 -0.0054094758
v -0.01710608 -0.00042993518 -0.0054588281
v -0.017102592 -0.00042780505 -0.0054517452
v -0.017106853 -0.00043037997 -0.0054604187
v -0.017106638 -0.00042474245 -0.0054528865
v -0.017056783 -0.00038698626 -0.005368881
v -0.017155699 -0.00046881224 -0.0054180005
v -0.017178994 -0.00039003626 -0.005415186
v -0.01718371 -0.0003896742 -0.0054184272
v -0.00086650721 0.018878258 0.011962281
v -0.00081973513 0.023389441 0.017712444
v -0.00082399319 0.023389242 0.01771263
v -0.00087520942 0.01887207 0.011956204
v -0.00083074666 0.023388618 0.017713171
v -0.00088378024 0.018865375 0.011950697
v -0.00083813324 0.023387539 0.017714074
v -0.00084116638 0.023386955 0.017714553
v -0.0008921548 0.018858221 0.011945796
v -0.00084847812 0.023385212 0.017715975
v -0.00085939595 0.023381654 0.017718845
v -0.00090026916 0.018850664 0.01194154
v -0.00090806182 0.018842759 0.011937962
v -0.00086530752 0.023379226 0.017720794
v -0.00091547301 0.01883457 0.011935089
v -0.00087003526 0.023376968 0.017722602
v -0.00087267607 0.023375578 0.01772371
v -0.00092244683 0.018826159 0.011932944
v -0.00087898392 0.023371839 0.017726689
v -0.00088605533 0.023366836 0.017730668
v -0.00092892998 0.018817585 0.011931539
v -0.00093487306 0.018808919 0.011930892
v -0.00088962817 0.023363903 0.017732997
v -0.00089196408 0.023361807 0.017734656
v -0.00093762776 0.018804572 0.011930851
v -0.00089615248 0.023357633 0.017737961
v -0.00094023093 0.018800226 0.011931002
v -0.00089729109 0.023356392 0.017738946
v -0.00094382016 0.01879373 0.011931607
v -0.00090199569 0.023350628 0.017743501
v -0.0009139506 0.023325016 0.017763681
v -0.00095559415 0.018764498 0.011939829
v -0.00091181404 0.023332347 0.017757913
v -0.00095382986 0.018770525 0.011937299
v -0.0009093995 0.023338238 0.017753275
v -0.00095240952 0.018774634 0.011935849
v -0.00090840295 0.023340283 0.017751661
v -0.00095080937 0.0187788 0.011934578
v -0.00090513652 0.023345999 0.017747154
v -0.00094805755 0.018785146 0.011933038
v -0.00091525526 0.023316543 0.017770339
v -0.00095830127 0.018749323 0.011948382
v -0.00091455383 0.023322031 0.017766024
v -0.00095766466 0.018754827 0.011944846
v -0.00095698679 0.018758626 0.011942705
v -0.00089612321 0.023372301 0.017732232
v -0.00088799261 0.023349872 0.017758153
v -0.00094811798 0.023409628 0.017791974
v -0.00093865847 0.02338851 0.017796073
v -0.00094180719 0.023386336 0.017784178
v -0.00093364521 0.02337643 0.01779714
v -0.0009320347 0.02337238 0.017797273
v -0.00092844602 0.023370458 0.017792179
v -0.00092928224 0.023365214 0.017797194
v -0.00082211923 0.023408268 0.017730601
v -0.00082605785 0.02341379 0.0177344
v -0.00082882874 0.023405564 0.01772899
v -0.00081918512 0.023403184 0.017726542
v -0.00083428065 0.023423467 0.017739986
v -0.00084069036 0.023429876 0.017742904
v -0.00085507102 0.023436669 0.017732345
v -0.00084876744 0.023437288 0.017745739
v -0.00085201338 0.023440061 0.017746618
v -0.00086461354 0.023422748 0.017805881
v -0.00085787254 0.023426202 0.017726822
v -0.00087548743 0.023451656 0.017724917
v -0.00087472513 0.023442897 0.017827441
v -0.00088139322 0.023435235 0.017819705
v -0.00086249006 0.023448469 0.017748765
v -0.00088994115 0.023408106 0.017752251
v -0.0009082635 0.023405313 0.017749425
v -0.00086355987 0.023404525 0.017769702
v -0.00091074523 0.023481318 0.01782968
v -0.0008973267 0.023453464 0.017815616
v -0.00090162238 0.023454998 0.017754169
v -0.00089607943 0.0234654 0.017750901
v -0.00087522398 0.023457801 0.017750252
v -0.00088709248 0.02346585 0.017750816
v -0.00091533736 0.023483161 0.01774982
v -0.00092607925 0.023493784 0.017821938
v -0.00092037731 0.023486037 0.017749372
v -0.0008939422 0.023470259 0.017750842
v -0.00090019197 0.023474156 0.017750706
v -0.00090771072 0.02347868 0.017750333
v -0.0009641633 0.023508847 0.017742729
v -0.00096369731 0.023522394 0.017798913
v -0.00095652641 0.023505123 0.017744211
v -0.00094677521 0.023509901 0.017806703
v -0.00094153021 0.023497498 0.017746723
v -0.0010046567 0.023526989 0.017732844
v -0.0010023027 0.02353163 0.017750218
v -0.00099537381 0.02352307 0.017735413
v -0.00098516575 0.023518592 0.017738026
v -0.00097691012 0.023514847 0.017739983
v -0.00098473472 0.023512829 0.017741057
v -0.00093023746 0.023491497 0.017748288
v -0.0009575783 0.023429422 0.017786225
v -0.00095487435 0.023423903 0.01778804
v -0.00095017149 0.02342594 0.017782023
v -0.00093513379 0.023417231 0.017795296
v -0.00095925907 0.023432809 0.017785041
v -0.00092559696 0.023472742 0.017819028
v -0.00096511058 0.023444362 0.017780626
v -0.00093782418 0.023488276 0.01781461
v -0.00097170553 0.023471508 0.017770056
v -0.00097252282 0.023458534 0.017774458
v -0.00091361694 0.023466544 0.017822308
v -0.00094842546 0.023457652 0.017762185
v -0.00097970149 0.023471818 0.017767934
v -0.00099575469 0.023500157 0.017751646
v -0.00098750713 0.023485812 0.017760281
v -0.00098453829 0.023504533 0.017760339
v -0.0010114777 0.023526572 0.01773329
v -0.00093869953 0.023421747 0.017775502
v -0.00097075436 0.023467477 0.017747443
v -0.0010049498 0.023515605 0.017741339
v -0.00091446957 0.02332677 0.017775387
v -0.00091607273 0.023318798 0.017781853
v -0.00091727814 0.023326045 0.017787002
v -0.00092876328 0.023343539 0.017779643
v -0.00092158712 0.023342705 0.017793895
v -0.00091941675 0.023335031 0.017791316
v -0.00091136971 0.023338549 0.017761564
v -0.00094042597 0.023398148 0.017772253
v -0.00092296168 0.023416169 0.017775028
v -0.00092529728 0.023354089 0.017796147
v -0.00087953352 0.023380572 0.017803098
v -0.00093069906 0.023359532 0.017765242
v -0.00090045684 0.023354655 0.017744342
v -0.00081543497 0.023391855 0.017715231
v -0.00082663364 0.023399149 0.017716959
v -0.00084126607 0.023387349 0.017726754
v -0.00087144608 0.023407583 0.01770568
v -0.00086941338 0.023381809 0.017727361
v -0.00088682482 0.023380924 0.01773292
v -0.00090604192 0.023375274 0.017747063
v -0.00081661021 0.023397095 0.017720916
v -0.00083970128 0.023396589 0.017747743
v -0.00086075083 0.023394695 0.017748174
v -0.00092046443 0.02339044 0.017751326
v -0.00088250171 0.023409887 0.01781503
v -0.00089278494 0.023392856 0.017737935
v -0.00083773841 0.023418286 0.017737662
v -0.00083222149 0.023421229 0.017738823
v 0.0012910421 0.018738875 0.011940131
v 0.0012902553 0.018744486 0.01193676
v 0.0012890944 0.018750285 0.011933722
v 0.0012880733 0.018754266 0.011931926
v 0.0012861772 0.018760383 0.011929584
v 0.0012830537 0.018768748 0.011927065
v 0.0012802758 0.018775146 0.011925635
v 0.0012781985 0.018779463 0.011924932
v 0.0012759571 0.018783807 0.011924418
v 0.0012735558 0.018788169 0.011924093
v 0.0012709993 0.018792544 0.011923958
v 0.0012682924 0.018796921 0.011924015
v 0.0012624482 0.018805651 0.0119247
v 0.0012560677 0.018814294 0.011926145
v 0.0012491995 0.018822781 0.011928332
v 0.001241896 0.018831051 0.011931252
v 0.0012342123 0.018839038 0.011934878
v 0.0012262074 0.018846683 0.011939183
v 0.0012179422 0.018853928 0.011944136
v 0.0012094793 0.018860717 0.011949698
v 0.0012008831 0.018866999 0.011955829
v 0.0013340849 0.023305967 0.017762002
v 0.0013332592 0.023311284 0.017757838
v 0.0013318531 0.023317101 0.017753285
v 0.0013310986 0.023319491 0.017751418
v 0.0013288492 0.023325252 0.017746915
v 0.0013251755 0.023332409 0.017741324
v 0.0013164957 0.023344335 0.017732037
v 0.0013117153 0.023349315 0.017728164
v 0.0013182739 0.023342251 0.017733657
v 0.0013211656 0.02333852 0.01773656
v 0.0013233818 0.023335305 0.017739068
v 0.0013053229 0.023354901 0.017723828
v 0.0013002414 0.023358651 0.017720926
v 0.001292789 0.023363339 0.017717301
v 0.0012846502 0.023367518 0.017714084
v 0.0012787533 0.023370011 0.017712173
v 0.0012701723 0.023373003 0.017709889
v 0.0012613724 0.023375327 0.017708131
v 0.0012501467 0.023377285 0.017706676
v 0.0012433972 0.023377984 0.017706177
v 0.0012391404 0.02337823 0.017706019
v 0.0012977816 0.023354699 0.017732161
v 0.0012533422 0.02334805 0.017743863
v 0.0012956054 0.023445977 0.017743475
v 0.0012816654 0.023435957 0.017741893
v 0.0012855458 0.023433013 0.017717229
v 0.0012705405 0.023427125 0.017739559
v 0.0012642971 0.023421749 0.017737711
v 0.0012558761 0.023413755 0.017734266
v 0.0012512539 0.023408906 0.017731785
v 0.0012622294 0.023400998 0.017746294
v 0.0013369186 0.023315853 0.017781156
v 0.0013387138 0.023322733 0.017784267
v 0.0013105991 0.023331024 0.01778329
v 0.001334474 0.023300285 0.017768823
v 0.0013349274 0.023305019 0.01777352
v 0.0013392715 0.023313935 0.017767791
v 0.0013438474 0.023338984 0.0177887
v 0.0013476533 0.023349402 0.017789858
v 0.0013795337 0.023344922 0.017765077
v 0.0013564656 0.023380235 0.017777354
v 0.001366188 0.023353682 0.017749618
v 0.0013340314 0.02337289 0.01775014
v 0.0013332714 0.023394522 0.017772719
v 0.0013281053 0.023391702 0.017724165
v 0.0013506178 0.023409986 0.017780305
v 0.0013228563 0.02342211 0.017783047
v 0.0013530929 0.023363154 0.017790028
v 0.0013619892 0.023383565 0.017787589
v 0.001381724 0.023489991 0.017777091
v 0.0013489813 0.023457885 0.017795636
v 0.0013519665 0.02347658 0.017812974
v 0.001336571 0.023427928 0.017779867
v 0.0013682183 0.023432466 0.01778082
v 0.0013695189 0.023405881 0.017779355
v 0.0013712374 0.023403333 0.017783161
v 0.001384647 0.023429877 0.017773972
v 0.0013880753 0.023436384 0.017771258
v 0.0013779332 0.02341681 0.017778862
v 0.0014101727 0.0234761 0.017750863
v 0.0014107475 0.023479211 0.017738327
v 0.0014063222 0.02346943 0.017754744
v 0.0013951054 0.023460053 0.017756775
v 0.0013987568 0.023456014 0.017761964
v 0.0014326416 0.023513145 0.017725766
v 0.0014282931 0.023511659 0.017726787
v 0.0014258949 0.023502367 0.017733753
v 0.0014206833 0.023505852 0.017730657
v 0.0014186759 0.023490484 0.017741841
v 0.0013930561 0.023445652 0.017767075
v 0.0013207513 0.023462061 0.017743775
v 0.0013117994 0.023456557 0.017743953
v 0.0013159696 0.023453801 0.017743939
v 0.001324153 0.023464086 0.017743622
v 0.0013233507 0.023444965 0.017741136
v 0.0013354314 0.023470588 0.017742844
v 0.0013378058 0.023464427 0.017743542
v 0.0013365458 0.023471215 0.017742747
v 0.0013607147 0.023475065 0.017728352
v 0.0013504127 0.023478778 0.017741238
v 0.0013279872 0.023459505 0.017811255
v 0.0013476578 0.023475067 0.017799372
v 0.0013654641 0.023486551 0.01773904
v 0.0013916489 0.023499095 0.017733961
v 0.001380309 0.023493811 0.01773635
v 0.0013959736 0.023499069 0.017747027
v 0.0014259841 0.023513504 0.017725428
v 0.001399238 0.023502541 0.017732244
v 0.0014163639 0.023509936 0.017727886
v 0.0013745859 0.023467822 0.01772984
v 0.00123473 0.023379493 0.017707422
v 0.0012449463 0.023371344 0.017724866
v 0.0012359964 0.023385267 0.017713803
v 0.0012380145 0.023390436 0.017718801
v 0.0012479461 0.023393819 0.017722124
v 0.0012391266 0.023392561 0.017720626
v 0.0012474735 0.023404558 0.017729265
v 0.0012430294 0.023398718 0.017725368
v 0.0012657071 0.023391354 0.017727143
v 0.0013068057 0.023453411 0.017743955
v 0.0013042518 0.023441976 0.017743467
v 0.0013058538 0.023428939 0.017693201
v 0.0013171363 0.023424399 0.017752013
v 0.0012664385 0.023416615 0.017735977
v 0.0012622704 0.023419914 0.017736996
v 0.0012783647 0.023403434 0.017748643
v 0.001247555 0.023404656 0.017729325
v 0.0012857072 0.023371863 0.017722713
v 0.0012828535 0.023379413 0.017737153
v 0.0013239318 0.023325713 0.017759097
v 0.0013404629 0.023342366 0.017748128
v 0.0013609827 0.023359247 0.017725778
v 0.0013170722 0.023347946 0.017736823
v 0.0013317384 0.02337127 0.0177217
v 0.001290803 0.023386003 0.01774581
v 0.0013362449 0.023312846 0.017779432
v 0.0012507571 0.02340265 0.017728271
v 0.0013069706 0.023407409 0.017744256
v 0.0013019303 0.02334835 0.017794755
v 0.0013409836 0.023330382 0.017786833
v -0.0024415794 -0.016583682 -0.025960287
v -0.0024856623 -0.016630397 -0.026017469
v -0.002447468 -0.016660019 -0.025944253
v -0.0024689421 -0.016642508 -0.025984987
v -0.0024529379 -0.016617952 -0.026006544
v -0.0024236331 -0.016632625 -0.025942443
v -0.0023992141 -0.016636219 -0.025907148
v -0.0024432238 -0.016594311 -0.025971427
v -0.0024339599 -0.016659573 -0.025931658
v -0.0024117667 -0.016585792 -0.026018593
v -0.0023061774 -0.016317488 -0.025771777
v -0.0023123067 -0.016332835 -0.025778945
v -0.0023217324 -0.016481546 -0.025843275
v -0.0023209742 -0.016469085 -0.025839333
v -0.0024358967 -0.016554056 -0.025949792
v -0.0023277302 -0.016500309 -0.025860616
v -0.0023039151 -0.016406899 -0.025820309
v -0.0023009567 -0.016266226 -0.025855174
v -0.0023603107 -0.016569167 -0.025903201
v -0.0023860609 -0.016612022 -0.025902671
v -0.0024357604 -0.016518476 -0.025941733
v -0.0024060799 -0.016500254 -0.025905328
v -0.0023323176 -0.016501197 -0.025854003
v -0.0023291548 -0.01649003 -0.025850184
v -0.0023178347 -0.016432373 -0.025824889
v -0.0023979133 -0.016416045 -0.025855311
v -0.0023168565 -0.016458265 -0.025833574
v -0.0023100953 -0.016427786 -0.025820685
v -0.0023050968 -0.016410151 -0.025811908
v -0.0023061535 -0.016397333 -0.025806631
v -0.0023075698 -0.016358911 -0.02579274
v -0.002391904 -0.016565753 -0.025980007
v -0.0023688826 -0.01658068 -0.025893057
v -0.0023294126 -0.016502457 -0.025854245
v -0.0023571969 -0.016275081 -0.025833239
v -0.0023623752 -0.016276897 -0.02582884
v -0.0023226834 -0.016311569 -0.025798692
v -0.0023389362 -0.016370459 -0.025872309
v -0.0022973756 -0.01635278 -0.025789379
v -0.0023455907 -0.016541081 -0.025872351
v -0.0023457123 -0.016528058 -0.025895344
v -0.0023269908 -0.016419626 -0.025918914
v -0.0023108289 -0.016266702 -0.025853879
v -0.0023018404 -0.016326121 -0.02579028
v -0.0023495843 -0.01627283 -0.025838705
v -0.0023436669 -0.016271378 -0.025842249
v -0.0023328655 -0.016269258 -0.025847458
v -0.0023264383 -0.016268278 -0.025849886
v -0.0023183791 -0.01626734 -0.025852244
v -0.0023871727 -0.016454006 -0.025907796
v -0.0023256625 -0.016435287 -0.025836173
v -0.0023728429 -0.016415203 -0.02589446
v -0.0023154641 -0.016457197 -0.025836995
v -0.0023265751 -0.016372817 -0.025803324
v -0.0023901008 -0.01640684 -0.025865618
v -0.0023022475 -0.016384858 -0.025801777
v -0.0023865147 -0.016321113 -0.025809214
v -0.0023107854 -0.016323029 -0.025784005
v -0.0023915544 -0.016300167 -0.025773102
v -0.0023906573 -0.016297653 -0.025779082
v -0.0023891832 -0.016294992 -0.02578543
v -0.0023861589 -0.016291145 -0.025794616
v -0.0023828265 -0.016288035 -0.025802054
v -0.0023797893 -0.016285744 -0.025807544
v -0.0023747707 -0.01628259 -0.025815117
v -0.0023671856 -0.016278859 -0.025824102
v -0.0023920992 -0.016302966 -0.025766439
v -0.0023538979 -0.016559928 -0.025879399
v -0.0024083757 -0.016475215 -0.025897024
v -0.0023383658 -0.016519664 -0.025864935
v -0.0023136639 -0.010959118 -0.023601566
v -0.0023205808 -0.010961142 -0.02359665
v -0.0023547366 -0.010983943 -0.023541946
v -0.002355869 -0.010987293 -0.02353397
v -0.0023528553 -0.010980648 -0.023549802
v -0.0023502383 -0.010977434 -0.023557478
v -0.0023469059 -0.010974324 -0.023564915
v -0.0023428837 -0.010971344 -0.023572061
v -0.0023382022 -0.010968515 -0.023578857
v -0.0023328966 -0.010965858 -0.023585252
v -0.0023270081 -0.010963395 -0.023591199
v -0.0023063099 -0.01095734 -0.023605909
v -0.0022985749 -0.01095582 -0.023609648
v -0.0022905179 -0.010954567 -0.023612748
v -0.0022822 -0.010953595 -0.023615192
v -0.0022736844 -0.010952909 -0.023616959
v -0.0022650363 -0.010952514 -0.023618035
v -0.0022562684 -0.010944772 -0.023614809
v -0.0022583959 -0.010984596 -0.023534624
v -0.0022632402 -0.010981743 -0.023538103
v -0.0022595802 -0.010989471 -0.023528595
v -0.0023501911 -0.010970949 -0.023553615
v -0.0022562153 -0.010937463 -0.023610572
v -0.0023528127 -0.010974902 -0.02354618
v -0.0022561625 -0.010930536 -0.023605734
v -0.002354718 -0.010981339 -0.023540437
v -0.0022561101 -0.010924043 -0.023600328
v -0.0023558505 -0.010984902 -0.023532266
v -0.0022560589 -0.01091803 -0.023594393
v -0.0023546826 -0.010977019 -0.02353666
v -0.0023527745 -0.010970328 -0.023541923
v -0.002348453 -0.010960635 -0.02354956
v -0.0023427276 -0.010951407 -0.02355684
v -0.0023353597 -0.010942935 -0.02356354
v -0.0023235646 -0.010932898 -0.023571503
v -0.0023097237 -0.010924632 -0.023578089
v -0.002298292 -0.010919681 -0.023582057
v -0.0022860615 -0.010916088 -0.023584966
v -0.0022733769 -0.010913641 -0.023586981
v -0.0022647252 -0.010912791 -0.02358771
v 0.0020438565 -0.010941447 -0.023607813
v 0.0020438053 -0.01094746 -0.023613748
v 0.0020437531 -0.010953954 -0.023619156
v 0.0020437003 -0.01096088 -0.023623994
v 0.0020436472 -0.01096819 -0.023628231
v -0.002336215 -0.008901309 -0.020876654
v -0.0023350559 -0.0088945099 -0.020881995
v -0.0023331478 -0.0088878194 -0.020887258
v -0.0023305048 -0.0088812874 -0.020892402
v -0.0023251242 -0.0088719314 -0.020899781
v -0.0023183965 -0.0088631342 -0.020906731
v -0.0023101149 -0.0088552039 -0.020913014
v -0.002297248 -0.0088460172 -0.020920316
v -0.0022825389 -0.0088387354 -0.020926137
v -0.0022664348 -0.0088335796 -0.020930301
v -0.0022537502 -0.0088311314 -0.020932315
v -0.0022450986 -0.0088302825 -0.020933045
v 0.0020458271 -0.011009148 -0.02354729
v 0.002056944 -0.010936775 -0.023600847
v 0.0020697798 -0.010938779 -0.023599371
v 0.0020481001 -0.011010456 -0.023544935
v 0.0020821193 -0.010942223 -0.02359676
v 0.0020938738 -0.010946769 -0.023593279
v 0.0021046744 -0.010952605 -0.02358878
v 0.0021145466 -0.010959386 -0.023583535
v 0.0020501235 -0.011012318 -0.023542749
v 0.0021230721 -0.010967215 -0.023577456
v 0.0021303894 -0.010975767 -0.023570801
v 0.002136059 -0.010985057 -0.023563555
v 0.0021402775 -0.01100021 -0.023560903
v 0.0021403223 -0.010994797 -0.023555947
v 0.0021421624 -0.011004868 -0.023553774
v 0.0021421902 -0.011001508 -0.023550695
v 0.0021433086 -0.01100832 -0.02354536
v 0.0021432971 -0.011009694 -0.023546636
v 0.0021432813 -0.011011795 -0.023548014
v 0.0021421361 -0.011008432 -0.023555981
v 0.0021402415 -0.011005117 -0.023563825
v 0.002137612 -0.011001874 -0.023571485
v 0.0021342674 -0.010998728 -0.023578903
v 0.0021302333 -0.010995704 -0.023586022
v 0.0021255404 -0.010992824 -0.023592788
v 0.0021202244 -0.010990109 -0.023599151
v 0.0021143259 -0.010987581 -0.023605061
v 0.0021078895 -0.010985259 -0.023610472
v 0.0021009644 -0.010983161 -0.023615346
v 0.0020936034 -0.010981302 -0.023619642
v 0.0020858625 -0.010979697 -0.023623331
v 0.0020778002 -0.010978357 -0.023626383
v 0.0020694783 -0.010977295 -0.023628775
v 0.0020609598 -0.010976514 -0.023630487
v 0.0020523098 -0.010976026 -0.023631511
v -0.0023339891 -0.0088882429 -0.020864891
v -0.0023361848 -0.008902787 -0.020864417
v -0.002334027 -0.0088948317 -0.020854267
v -0.0022460367 -0.0089050903 -0.020873018
v -0.0022458031 -0.0089030528 -0.020870275
v -0.0023303865 -0.008887087 -0.020844382
v -0.0022471367 -0.0089015073 -0.020872649
v -0.0022435857 -0.0089038557 -0.020867944
v -0.0023249648 -0.0088797543 -0.020835014
v -0.002318198 -0.0088728611 -0.020826201
v -0.0023128469 -0.0088686189 -0.020820773
v -0.0022502134 -0.0088939045 -0.02086697
v -0.0022408854 -0.0089025404 -0.020872589
v -0.0022413786 -0.0089028514 -0.020874666
v -0.002306916 -0.0088646807 -0.02081573
v -0.0022441523 -0.0088948678 -0.020868745
v -0.0022441417 -0.0088997243 -0.020863887
v -0.0023004499 -0.0088610785 -0.020811113
v -0.002293498 -0.008857838 -0.020806957
v -0.0022392716 -0.0089036495 -0.020866922
v -0.0022861134 -0.0088549852 -0.020803292
v -0.0022375052 -0.0089023113 -0.020866734
v -0.0022405261 -0.0088959717 -0.020863576
v -0.002240066 -0.0088985716 -0.020868033
v -0.0022686802 -0.0088149569 -0.020859107
v -0.0022470786 -0.0088844553 -0.020873625
v -0.0022743121 -0.0088515326 -0.020798846
v -0.0022499976 -0.0088120847 -0.020851979
v -0.0022400042 -0.008887746 -0.020870497
v -0.0022544619 -0.0088110984 -0.020879799
v -0.0022382528 -0.0089007868 -0.020874538
v -0.0022576738 -0.0088483915 -0.020794778
v -0.0022379177 -0.0088934167 -0.020864231
v -0.002244754 -0.0088471758 -0.020793179
v -0.0022389646 -0.0088885024 -0.020848705
v -0.0022622079 -0.0088384214 -0.020805433
v -0.0022920969 -0.0088336344 -0.020836449
v -0.0022360182 -0.0088403661 -0.020798586
v -0.0022360042 -0.0088342637 -0.020804821
v -0.0022359951 -0.0088287279 -0.020811562
v -0.0022359907 -0.0088238015 -0.020818762
v -0.0022359912 -0.0088195199 -0.020826364
v -0.0022359964 -0.0088159186 -0.02083431
v -0.0022360063 -0.0088130223 -0.020842538
v -0.0022360209 -0.008810855 -0.020850989
v -0.00223604 -0.0088094319 -0.020859596
v -0.0022360635 -0.0088087645 -0.020868294
v -0.0022360912 -0.008808858 -0.020877017
v -0.0022361231 -0.0088097111 -0.020885699
v -0.0022361585 -0.0088113179 -0.020894273
v -0.0022361975 -0.0088136654 -0.020902675
v -0.0022362398 -0.0088167374 -0.020910841
v -0.0022362848 -0.0088205081 -0.020918707
v -0.0022363324 -0.0088249509 -0.020926215
v 0.0021076785 -0.01632747 -0.025780491
v 0.0021071214 -0.01632466 -0.025787151
v 0.0021062155 -0.016322143 -0.025793119
v 0.0021041005 -0.016318519 -0.025801696
v 0.0021011422 -0.016315024 -0.025809946
v 0.0020983468 -0.016312439 -0.02581604
v 0.0020939975 -0.016309204 -0.025823653
v 0.0020887048 -0.016306039 -0.025831088
v 0.0020843038 -0.01630382 -0.025836289
v 0.0020777996 -0.016301058 -0.025842746
v 0.002072608 -0.016299185 -0.025847111
v 0.0020691209 -0.016298062 -0.025849723
v 0.002065044 -0.016296872 -0.025852484
v 0.002056772 -0.01629481 -0.025857251
v 0.0020482187 -0.016293102 -0.025861168
v 0.0020418795 -0.016292068 -0.02586352
v 0.0020328219 -0.016290927 -0.025866087
v 0.002024315 -0.016290182 -0.02586772
v 0.0020163894 -0.016289737 -0.025868649
v 0.0021629353 -0.0089258113 -0.020890696
v 0.0021618169 -0.0089189998 -0.020896031
v 0.002158647 -0.008909008 -0.020903845
v 0.0021540259 -0.0088993679 -0.020911373
v 0.0021500161 -0.0088932583 -0.020916136
v 0.002142699 -0.0088847062 -0.020922791
v 0.0021309645 -0.008874541 -0.02093068
v 0.0021208469 -0.0088679884 -0.020935744
v 0.0021096361 -0.0088626549 -0.020939846
v 0.0020935634 -0.0088573238 -0.020943909
v 0.0020765709 -0.0088542656 -0.020946182
v 0.0020638974 -0.0088637828 -0.020812006
v 0.0020639112 -0.008857681 -0.020818241
v 0.0020639202 -0.0088521448 -0.020824983
v 0.0020639246 -0.0088472182 -0.020832182
v 0.0020639241 -0.0088429366 -0.020839783
v 0.002063919 -0.0088393353 -0.020847729
v 0.0020639091 -0.0088364396 -0.020855959
v 0.0020638945 -0.0088342713 -0.020864409
v 0.0020638754 -0.0088328486 -0.020873016
v 0.0020638518 -0.0088321818 -0.020881715
v 0.0020638241 -0.0088322747 -0.020890437
v 0.0020637925 -0.0088331278 -0.020899119
v 0.0020637569 -0.0088347352 -0.020907694
v 0.0020637179 -0.0088370826 -0.020916096
v 0.0020636758 -0.0088401543 -0.020924262
v 0.0020636306 -0.0088439254 -0.020932128
v 0.002063583 -0.0088483682 -0.020939636
v -0.0023425783 -0.011104938 -0.019135113
v -0.0023394305 -0.011094697 -0.019122046
v -0.002341599 -0.011100446 -0.019129383
v -0.0023364869 -0.011089277 -0.019115124
v -0.0023311119 -0.011082182 -0.019106061
v -0.0023242294 -0.011075366 -0.019097346
v -0.0023158985 -0.011069231 -0.019089494
v -0.0023057984 -0.01106344 -0.019082074
v -0.0023070533 -0.011064069 -0.019082881
v -0.0022867941 -0.011056079 -0.019072617
v -0.0022927166 -0.011057976 -0.01907506
v -0.0022987778 -0.011060286 -0.019078026
v -0.0022758605 -0.011053301 -0.019069035
v -0.002267023 -0.011051715 -0.019066979
v -0.0022581134 -0.011050649 -0.019065587
v -0.0022492277 -0.011050092 -0.019064842
v 0.0020341778 -0.016492691 -0.025852798
v 0.0020350913 -0.016505076 -0.025857077
v 0.0020105352 -0.016369692 -0.025795241
v 0.0020135681 -0.016382675 -0.025801758
v 0.0020814128 -0.016563513 -0.025983445
v 0.0020407888 -0.016519455 -0.025885328
v 0.0020199472 -0.01642492 -0.025845633
v 0.0020085593 -0.016342398 -0.025782897
v 0.0020102242 -0.016355912 -0.025789566
v 0.0020197143 -0.016421143 -0.025819863
v 0.0020142363 -0.016397491 -0.025807756
v 0.0020255954 -0.016431883 -0.025830398
v 0.0020260334 -0.016453118 -0.025835293
v 0.0021143737 -0.01644688 -0.025868292
v 0.0021212512 -0.016491943 -0.025902309
v 0.002117943 -0.016478439 -0.025894485
v 0.0020613035 -0.01655616 -0.025887652
v 0.0021079054 -0.016558215 -0.025924584
v 0.0021356379 -0.016556271 -0.025951291
v 0.002154107 -0.016578228 -0.025975463
v 0.0020827676 -0.016620195 -0.025906071
v 0.0020121062 -0.016353579 -0.025794744
v 0.002012039 -0.016382642 -0.025803962
v 0.0020345929 -0.016344078 -0.025888499
v 0.0020268334 -0.016484017 -0.025844303
v 0.0021105783 -0.016644072 -0.025947239
v 0.0021293898 -0.016599326 -0.025993279
v 0.0020947463 -0.016636808 -0.025914123
v 0.0020414454 -0.01652515 -0.025866062
v 0.0020492212 -0.016543048 -0.02587638
v 0.0020612893 -0.016578435 -0.025890128
v 0.0020736132 -0.016601235 -0.025900319
v 0.0021247933 -0.01652573 -0.02593302
v 0.0021270844 -0.016633056 -0.025949643
v 0.0020359754 -0.016474414 -0.02584843
v 0.0020146351 -0.016411049 -0.025814
v 0.0020774819 -0.016329258 -0.025855489
v 0.0020892864 -0.016360758 -0.025856628
v 0.0020329256 -0.016410547 -0.025851833
v 0.0020399686 -0.016434143 -0.025857397
v 0.0020653587 -0.0089243494 -0.020888498
v 0.002067102 -0.0089091426 -0.020885528
v 0.0020651623 -0.0089276815 -0.020884006
v 0.0020743397 -0.0089133942 -0.020887587
v 0.0020691418 -0.0089260176 -0.020887918
v 0.0020693985 -0.0089265025 -0.020884437
v 0.0020644518 -0.0089250748 -0.020882682
v 0.002068695 -0.0089241583 -0.020880395
v 0.0020674388 -0.008927953 -0.02088189
v 0.0020783101 -0.008923244 -0.020886276
v 0.0020724088 -0.0089291279 -0.020884173
v 0.0021569252 -0.0089000472 -0.020897036
v 0.0020658865 -0.0089110283 -0.020869392
v 0.002064987 -0.0089226938 -0.020874405
v 0.0020664319 -0.0089240763 -0.020878755
v 0.0021027564 -0.0088684986 -0.020818958
v 0.0020802549 -0.0089228167 -0.02087927
v 0.0020725922 -0.0088706876 -0.020806654
v 0.0020854877 -0.0088720439 -0.020808333
v 0.0020980452 -0.008874314 -0.020811179
v 0.0021099425 -0.0088776824 -0.020815427
v 0.0021211303 -0.0088818802 -0.020820736
v 0.0021312193 -0.0088870314 -0.020827263
v 0.0021429092 -0.0088950204 -0.020837403
v 0.0021521806 -0.0089041364 -0.020848987
v 0.0021574638 -0.0089115279 -0.020858389
v 0.0021600387 -0.0089166775 -0.020864943
v 0.002161877 -0.0089219447 -0.020871651
v 0.0021629655 -0.0089272892 -0.020878459
v -0.0023473545 -0.011085487 -0.019101662
v -0.0023520436 -0.011136349 -0.019039754
v -0.0023575318 -0.011127554 -0.019078251
v -0.0023812494 -0.011111239 -0.019103088
v -0.0023486113 -0.011127016 -0.019110385
v -0.0024136305 -0.011100525 -0.018941417
v -0.0023833782 -0.011141508 -0.018948741
v -0.0023323377 -0.011087815 -0.018984562
v -0.002314849 -0.011081363 -0.018995011
v -0.0023421421 -0.011161713 -0.01897668
v -0.0023398222 -0.011129327 -0.019009585
v -0.0023212162 -0.011159802 -0.018998565
v -0.0022563707 -0.011066484 -0.019048636
v -0.0022540532 -0.011054503 -0.019055078
v -0.0022766486 -0.011056568 -0.019018644
v -0.0022911039 -0.011084576 -0.01901339
v -0.0022854339 -0.011064115 -0.01902808
v -0.002292859 -0.011143038 -0.019031531
v -0.0023006607 -0.011085976 -0.019008872
v -0.0023031191 -0.011170159 -0.019010801
v -0.0023231236 -0.011117013 -0.019026931
v -0.0023162562 -0.01109251 -0.019045969
v -0.0023339469 -0.011095227 -0.019049439
v -0.002307623 -0.011060671 -0.019042084
v -0.002355208 -0.011165292 -0.018958547
v -0.0023410102 -0.011087063 -0.018993542
v -0.0023476408 -0.011086796 -0.018973845
v -0.0023731539 -0.011152908 -0.018942804
v -0.0023934004 -0.011133146 -0.018936609
v -0.0023935446 -0.01108101 -0.018950754
v -0.0024126232 -0.01107721 -0.018941734
v -0.0024351073 -0.011070336 -0.018929658
v -0.0024265923 -0.011073643 -0.018934779
v -0.0023399608 -0.011156882 -0.019010759
v -0.0023601578 -0.011143446 -0.018997212
v -0.0023739045 -0.011091552 -0.019040859
v -0.0023188441 -0.011153065 -0.019022037
v -0.0023582874 -0.011109438 -0.019127822
v -0.0023454332 -0.011122038 -0.019122674
v -0.0023345833 -0.011123232 -0.019107001
v -0.0023389902 -0.011103915 -0.019116046
v -0.0023206879 -0.011156586 -0.019045068
v -0.0023298741 -0.011133958 -0.01905658
v -0.0023987657 -0.011079854 -0.019097098
v -0.0023438199 -0.011074912 -0.019088647
v -0.0023343294 -0.01109394 -0.019087158
v -0.0023236058 -0.011069157 -0.01908206
v -0.0023507457 -0.011095007 -0.019072816
v -0.0022687431 -0.011064149 -0.019066887
v -0.0022987877 -0.011042816 -0.019046722
v -0.0023222115 -0.011040332 -0.019048227
v -0.0023070589 -0.011069986 -0.01907677
v -0.0023284754 -0.011075006 -0.019068735
v -0.0022833546 -0.011060292 -0.019043994
v -0.0022620754 -0.011071642 -0.01904181
v 0.0021529332 -0.016670476 -0.025968844
v 0.0021335792 -0.016661941 -0.025943054
v 0.0021746147 -0.016622111 -0.02600595
v 0.0021585112 -0.016600235 -0.025979662
v 0.0021885578 -0.016669375 -0.026012356
v 0.0021273739 -0.016652312 -0.025963294
v 0.0021566183 -0.01113291 -0.019153578
v 0.0021563623 -0.01113028 -0.019150227
v 0.00215556 -0.011126108 -0.019144912
v 0.0021538074 -0.011120606 -0.019137905
v 0.0021515617 -0.011115775 -0.019131754
v 0.0021508604 -0.011114519 -0.019130156
v 0.002145132 -0.011106559 -0.019120031
v 0.0021398257 -0.01110098 -0.01911294
v 0.0021341826 -0.011096249 -0.019106931
v 0.0021236826 -0.011089468 -0.019098327
v 0.0021153174 -0.011085226 -0.019092952
v 0.0021023252 -0.011080326 -0.019086754
v 0.0020927429 -0.011077618 -0.01908334
v 0.0020839529 -0.011075785 -0.019081037
v 0.0020727353 -0.011074235 -0.019079104
v 0.002065989 -0.011073679 -0.019078422
v 0.0020617331 -0.011073482 -0.019078187
v 0.0021978171 -0.011145258 -0.019038822
v 0.0022052307 -0.01113816 -0.019021924
v 0.0022455455 -0.011112995 -0.018936142
v 0.0021568897 -0.011138095 -0.019148751
v 0.0021335946 -0.011136461 -0.019138257
v 0.0021628036 -0.011143438 -0.019131865
v 0.0021643189 -0.011153224 -0.0191175
v 0.0021522666 -0.011158914 -0.01909348
v 0.0021634579 -0.011160515 -0.019072825
v 0.0022210341 -0.011122504 -0.018951459
v 0.0021869683 -0.011112508 -0.018976076
v 0.0022038053 -0.011167152 -0.018946062
v 0.0021476735 -0.011164028 -0.019007652
v 0.0021563525 -0.01118656 -0.01899411
v 0.0021649036 -0.011188925 -0.018977246
v 0.0021258683 -0.011148011 -0.019034523
v 0.0021408129 -0.011113397 -0.019020262
v 0.0021343698 -0.011194463 -0.019005837
v 0.0021524687 -0.011101463 -0.018997625
v 0.0021721279 -0.011110816 -0.018984006
v 0.0021235521 -0.011091514 -0.019013165
v 0.0021135262 -0.011120223 -0.019026935
v 0.0020969451 -0.011115873 -0.019040664
v 0.0020885743 -0.011127253 -0.01907876
v 0.0021107506 -0.011116507 -0.019056132
v 0.0020875209 -0.011095872 -0.019051972
v 0.0021053646 -0.011109183 -0.019082453
v 0.0020859752 -0.011110059 -0.019089618
v 0.0020753347 -0.011078893 -0.019056899
v 0.0021224382 -0.011077124 -0.019074405
v 0.002095037 -0.011082671 -0.019080337
v 0.002082537 -0.011080755 -0.019076137
v 0.0020685626 -0.011079869 -0.019073473
v 0.0020654853 -0.011087182 -0.019065165
v 0.0021147018 -0.011102346 -0.019104458
v 0.0021267725 -0.011200996 -0.019026581
v 0.0021567535 -0.011124716 -0.019054439
v 0.0021250958 -0.01116491 -0.019066141
v 0.0021651757 -0.011132913 -0.019063736
v 0.0021657243 -0.011134068 -0.0190812
v 0.0021195758 -0.01115536 -0.019053642
v 0.0021111372 -0.011134709 -0.019073979
v 0.0021654509 -0.011134267 -0.019101567
v 0.0021459858 -0.011131172 -0.019098376
v 0.0021493234 -0.011091181 -0.019083114
v 0.0021639306 -0.011094541 -0.019093192
v 0.0021499643 -0.01112447 -0.019112766
v 0.0021629464 -0.011136666 -0.019119982
v 0.0021199371 -0.011120363 -0.019122435
v 0.0021511475 -0.011119745 -0.019125579
v 0.0022323052 -0.01111763 -0.018963409
v 0.0021892919 -0.011180433 -0.018954944
v 0.0022137724 -0.011126552 -0.018999432
v 0.0021929279 -0.01114634 -0.019046048
v 0.0022094775 -0.011118138 -0.01903648
v 0.0021440559 -0.011189554 -0.019014329
v 0.0021664036 -0.011123625 -0.019035259
v 0.017114365 -0.010021884 -0.017541409
v 0.017130091 -0.010066009 -0.017539302
v 0.017112169 -0.010011725 -0.017580081
v 0.017061268 -0.010011389 -0.017521003
v 0.017111124 -0.010063023 -0.01752069
v 0.017085 -0.010028196 -0.017567678
v 0.017092528 -0.01003138 -0.017583513
v 0.017117466 -0.0099934704 -0.017507588
v 0.017119938 -0.0099930521 -0.017504072
v 0.017106538 -0.0099916889 -0.017496509
v 0.017137353 -0.010004248 -0.017542856
v 0.017128896 -0.010009328 -0.017522355
v 0.017091807 -0.009945947 -0.017539606
v 0.017149863 -0.0099952465 -0.01753619
v 0.017164838 -0.0099930471 -0.017532999
v 0.017161296 -0.0099933964 -0.017530445
v 0.017158572 -0.0099998538 -0.017539321
v 0.01715344 -0.0099938806 -0.017525005
v 0.017143602 -0.0099940993 -0.017518498
v 0.01709844 -0.010015019 -0.017498179
v 0.017074417 -0.010020638 -0.01750019
v 0.017133884 -0.0099939266 -0.017512373
v 0.017075278 -0.010039271 -0.017472398
v 0.017069371 -0.009988052 -0.017483686
v 0.017043946 -0.010004235 -0.017459638
v 0.01709421 -0.0099899755 -0.017489908
v 0.01707704 -0.0099870185 -0.017481159
v 0.017069265 -0.0099854596 -0.017477373
v 0.017057273 -0.0099827881 -0.01747174
v 0.017027823 -0.0099749675 -0.017458888
v 0.017026314 -0.0099767655 -0.017461326
v 0.01704106 -0.0099787031 -0.017464493
v 0.017043886 -0.0099857664 -0.017503541
v 0.017112175 -0.010033776 -0.017580729
v 0.017139624 -0.010040166 -0.017558175
v 0.017103566 -0.010063637 -0.017502956
v 0.01718276 -0.0099703465 -0.017717474
v 0.01718658 -0.009969039 -0.017717276
v 0.017179043 -0.0099751269 -0.017695046
v 0.017175339 -0.0099904734 -0.01754963
v 0.017192092 -0.0099850941 -0.017584192
v 0.017188498 -0.010073885 -0.017597002
v 0.01720173 -0.010069337 -0.017633053
v 0.017207246 -0.0099647796 -0.017716648
v 0.017217864 -0.0099642613 -0.017716588
v 0.017210787 -0.0099720147 -0.017668278
v 0.017172655 -0.0099746527 -0.017718135
v 0.017175549 -0.0099732842 -0.017717924
v 0.017193978 -0.0099670061 -0.01771697
v 0.017207528 -0.010038162 -0.017677908
v 0.017206958 -0.010056831 -0.017680718
v 0.01720049 -0.0099656673 -0.017716774
v 0.017148438 -0.0099851255 -0.017683496
v 0.017204407 -0.010064788 -0.01765597
v 0.017185679 -0.010060272 -0.01762438
v 0.017153179 -0.010019612 -0.017586146
v 0.017152144 -0.0099919662 -0.017566569
v 0.017167785 -0.0099772209 -0.017718531
v 0.017163732 -0.0099796305 -0.017718904
v 0.01719951 -0.010042192 -0.017710219
v 0.017112858 -0.010043911 -0.017658015
v 0.01711426 -0.010039053 -0.017641749
v 0.017130369 -0.010048085 -0.017608371
v 0.017161109 -0.010059717 -0.017608322
v 0.017133384 -0.010034015 -0.017650498
v 0.017131736 -0.010014145 -0.017603254
v 0.017162615 -0.010042481 -0.017639699
v 0.017102066 -0.010032045 -0.017598647
v 0.017112909 -0.010017211 -0.017597691
v 0.017154026 -0.010040338 -0.017583531
v 0.01711845 -0.010048806 -0.017715525
v 0.017117558 -0.01005596 -0.0177309
v 0.017116352 -0.010045688 -0.017683593
v 0.017138281 -0.010044045 -0.017697782
v 0.017160401 -0.0099818105 -0.017719242
v 0.017154363 -0.0099862861 -0.017719937
v 0.017146496 -0.0099953562 -0.017705666
v 0.017146982 -0.0099928034 -0.017720954
v 0.017142431 -0.0099975848 -0.017721703
v 0.017210338 -0.010062255 -0.017715769
v 0.017136431 -0.01000494 -0.017722855
v 0.017129937 -0.010015001 -0.017724434
v 0.017125767 -0.010023335 -0.017725746
v 0.01712351 -0.010028735 -0.017726597
v 0.017120839 -0.010036938 -0.017727892
v 0.017174358 -0.010037085 -0.017678162
v 0.017123882 -0.010014084 -0.017688224
v 0.017114068 -0.010025624 -0.017685792
v 0.0171189 -0.010045339 -0.017729219
v 0.017205594 -0.0091027843 -0.023150887
v 0.017201232 -0.0091028602 -0.023150846
v 0.017196877 -0.0091031388 -0.023150756
v 0.017192538 -0.0091036158 -0.023150611
v 0.017188223 -0.0091042938 -0.023150416
v 0.017183939 -0.0091051699 -0.02315017
v 0.017179697 -0.0091062417 -0.023149873
v 0.017175501 -0.0091075072 -0.023149524
v 0.017171364 -0.0091089662 -0.023149127
v 0.01716729 -0.0091106136 -0.023148681
v 0.017163287 -0.0091124467 -0.023148186
v 0.017159366 -0.0091144636 -0.023147645
v 0.01715553 -0.0091166584 -0.023147058
v 0.01715179 -0.0091190287 -0.023146426
v 0.01714815 -0.0091215679 -0.02314575
v 0.017144619 -0.0091242731 -0.023145032
v 0.017141201 -0.0091271384 -0.023144273
v 0.017137907 -0.0091301586 -0.023143475
v 0.017134741 -0.0091333264 -0.023142637
v 0.017128816 -0.0091400869 -0.023140857
v 0.017123471 -0.0091473656 -0.023138942
v 0.017114683 -0.009163258 -0.023134776
v 0.017118747 -0.0091551097 -0.023136911
v 0.017111305 -0.0091717501 -0.023132556
v 0.01710864 -0.0091805214 -0.023130267
v 0.017106711 -0.0091895047 -0.023127926
v 0.01710553 -0.0091986314 -0.023125552
v 0.017105107 -0.0092078313 -0.023123161
v 0.017050059 -0.018118579 -0.034596531
v 0.017044189 -0.018119636 -0.03458748
v 0.017038902 -0.018120781 -0.034577745
v 0.017034239 -0.018122003 -0.034567401
v 0.017030238 -0.018123293 -0.034556524
v 0.017026926 -0.018124643 -0.034545199
v 0.017024333 -0.018126038 -0.034533508
v 0.017022474 -0.018127474 -0.034521546
v 0.017021366 -0.018128934 -0.034509398
v 0.017021016 -0.01813041 -0.034497161
v 0.017056471 -0.018117614 -0.034604824
v 0.017059863 -0.01811717 -0.03460867
v 0.017063373 -0.01811675 -0.034612301
v 0.017066994 -0.018116359 -0.034615716
v 0.017070714 -0.018115996 -0.034618907
v 0.017074534 -0.01811566 -0.034621864
v 0.01707844 -0.018115355 -0.034624585
v 0.017082426 -0.018115079 -0.034627066
v 0.017086488 -0.018114832 -0.034629297
v 0.017090614 -0.018114618 -0.034631281
v 0.0170948 -0.018114432 -0.034633006
v 0.017099033 -0.018114281 -0.034634477
v 0.017103308 -0.018114159 -0.034635685
v 0.017107617 -0.01811407 -0.03463663
v 0.017111954 -0.018114013 -0.034637311
v 0.017116305 -0.01811399 -0.034637727
v 0.017120667 -0.018113996 -0.034637872
v 0.017016453 -0.019710095 -0.033263449
v 0.017017675 -0.019728362 -0.033265657
v 0.017020772 -0.019746179 -0.033267818
v 0.017025323 -0.01976336 -0.033269902
v 0.017029286 -0.019774246 -0.033271228
v 0.017033915 -0.019784601 -0.033272489
v 0.017042089 -0.019798882 -0.033274236
v 0.017051392 -0.019811721 -0.033275809
v 0.017054773 -0.019815574 -0.033276281
v 0.017058271 -0.019819214 -0.033276729
v 0.017063734 -0.019824238 -0.033277351
v 0.017071348 -0.019830168 -0.033278085
v 0.017079302 -0.019835143 -0.033278706
v 0.017089627 -0.019839992 -0.033279316
v 0.017085447 -0.019838256 -0.033279098
v 0.01711548 -0.019844917 -0.033279975
v 0.017108942 -0.01984455 -0.033279918
v 0.017102433 -0.019843644 -0.033279789
v 0.017095993 -0.019842082 -0.033279585
v 0.017063871 -0.017970088 -0.030935323
v 0.017056423 -0.017963522 -0.030939845
v 0.01705113 -0.017957803 -0.030943789
v 0.017046462 -0.017951732 -0.030947987
v 0.017042457 -0.017945348 -0.030952404
v 0.017039139 -0.017938705 -0.030957006
v 0.017036538 -0.017931852 -0.030961761
v 0.017034672 -0.017924843 -0.030966631
v 0.017033559 -0.017917726 -0.030971577
v 0.017033202 -0.017910561 -0.030976566
v 0.017068714 -0.017973719 -0.030932827
v 0.01707211 -0.017975983 -0.030931276
v 0.017075621 -0.017978121 -0.030929808
v 0.017079243 -0.017980135 -0.030928434
v 0.017084876 -0.017982889 -0.030926555
v 0.017090695 -0.017985367 -0.030924867
v 0.017096715 -0.017987495 -0.030923427
v 0.017102872 -0.017989331 -0.030922191
v 0.017109178 -0.017990795 -0.030921216
v 0.017115569 -0.017991956 -0.030920451
v 0.017122049 -0.017992732 -0.030919956
v 0.017128569 -0.017993198 -0.030919677
v 0.017132931 -0.017993299 -0.030919636
v 0.017147984 -0.016147641 -0.02791898
v 0.017152345 -0.016147789 -0.027919015
v 0.017137148 -0.016146141 -0.027918689
v 0.017143635 -0.01614724 -0.027918899
v 0.017130721 -0.016144545 -0.027918389
v 0.017112149 -0.01613637 -0.027916887
v 0.017118193 -0.016139648 -0.027917487
v 0.017106261 -0.016132633 -0.027916205
v 0.017091635 -0.016120198 -0.027913948
v 0.017095131 -0.01612362 -0.027914567
v 0.01705314 -0.016015326 -0.027895096
v 0.017053451 -0.016026826 -0.027897155
v 0.01705452 -0.016038243 -0.027899202
v 0.017056343 -0.016049487 -0.027901216
v 0.017058899 -0.016060477 -0.027903189
v 0.017062174 -0.016071129 -0.027905103
v 0.017066141 -0.016081359 -0.027906943
v 0.017070769 -0.01609109 -0.027908694
v 0.017076025 -0.016100249 -0.027910345
v 0.017081867 -0.016108767 -0.027911882
v 0.017088253 -0.016116576 -0.027913293
v 0.017100597 -0.016128341 -0.027915424
v 0.017124403 -0.016142337 -0.02791798
v 0.017142222 -0.017327779 -0.026992967
v 0.017049594 -0.017269765 -0.02691937
v 0.017050524 -0.017275252 -0.02692636
v 0.017052275 -0.017280754 -0.026933367
v 0.017054872 -0.017286214 -0.026940318
v 0.017059407 -0.01729297 -0.026948913
v 0.017063937 -0.017298097 -0.02695543
v 0.017069522 -0.017303154 -0.026961855
v 0.017080137 -0.017310613 -0.026971321
v 0.017090766 -0.017316136 -0.026978321
v 0.017084666 -0.017313174 -0.026974569
v 0.017098887 -0.017319423 -0.026982481
v 0.017104774 -0.017321386 -0.02698496
v 0.017133348 -0.017327126 -0.026992169
v 0.017122132 -0.017325575 -0.026990235
v 0.017113342 -0.017323743 -0.026987933
v 0.016990314 -0.017377173 -0.026954233
v 0.01695998 -0.017474573 -0.026989053
v 0.017048297 -0.017281353 -0.026911362
v 0.017046326 -0.017299637 -0.026913748
v 0.017040242 -0.017335971 -0.026915032
v 0.017113382 -0.017375331 -0.027017829
v 0.017083087 -0.017396374 -0.02697046
v 0.017097065 -0.017383898 -0.026940928
v 0.017076175 -0.017397905 -0.026923477
v 0.016981222 -0.017479521 -0.026956289
v 0.017001651 -0.017477198 -0.026935121
v 0.017014479 -0.017463209 -0.026925557
v 0.01702256 -0.01745072 -0.02694324
v 0.017042822 -0.017445208 -0.026907366
v 0.017058749 -0.01741014 -0.026917956
v 0.017055224 -0.017395424 -0.026982751
v 0.017045816 -0.017420586 -0.026976686
v 0.017062482 -0.017412319 -0.026966756
v 0.017062982 -0.017364407 -0.026972468
v 0.017073957 -0.01736369 -0.0270072
v 0.01709026 -0.017354229 -0.026981119
v 0.01710553 -0.017365173 -0.026973455
v 0.01711047 -0.017349813 -0.026975068
v 0.017128535 -0.017350854 -0.026981205
v 0.017100932 -0.017330208 -0.026969505
v 0.017105355 -0.017339766 -0.026996212
v 0.017137622 -0.017318583 -0.026959626
v 0.017083035 -0.017321166 -0.026970381
v 0.01705953 -0.017317571 -0.026970777
v 0.01703363 -0.0173182 -0.026913266
v 0.017027766 -0.017348824 -0.02691918
v 0.017066138 -0.017394397 -0.026890892
v 0.017077739 -0.017406948 -0.026885922
v 0.017074994 -0.017375477 -0.026907461
v 0.017080605 -0.017361102 -0.026907349
v 0.017031861 -0.017340443 -0.02693311
v 0.017053703 -0.017347498 -0.026977477
v 0.017012157 -0.017315695 -0.026976113
v 0.017049611 -0.017321055 -0.026926673
v 0.017064377 -0.017331863 -0.026953239
v 0.017079219 -0.017340935 -0.026971934
v 0.017047383 -0.017303343 -0.026934887
v 0.0170861 -0.017295848 -0.026937191
v 0.017054905 -0.017292531 -0.026937131
v 0.017058707 -0.017284764 -0.026922183
v 0.016985285 -0.017422614 -0.026964289
v 0.017012793 -0.01737595 -0.026930355
v 0.016996342 -0.017378497 -0.026960046
v 0.017037927 -0.017393902 -0.026917949
v 0.017030612 -0.01737819 -0.026947932
v 0.017281082 0.013374856 0.012290923
v 0.01728318 0.013373034 0.012286949
v 0.01728308 0.013377689 0.012292889
v 0.01729932 0.013367192 0.012263563
v 0.017296279 0.01336282 0.012261224
v 0.017298872 0.013361071 0.01225592
v 0.017303473 0.013358242 0.012246294
v 0.017307155 0.013356245 0.012238378
v 0.017314323 0.013358409 0.012240605
v 0.017309024 0.013355347 0.012234282
v 0.017311594 0.013354242 0.012228529
v 0.017346502 0.013352789 0.012301994
v 0.017342475 0.013398902 0.012313674
v 0.017326998 0.013400429 0.012322446
v 0.017335765 0.013361045 0.012281736
v 0.01735653 0.013371362 0.012268716
v 0.01736573 0.013383032 0.012285626
v 0.017385439 0.013325983 0.012265183
v 0.017357752 0.013398108 0.012304455
v 0.017368766 0.013398053 0.012297402
v 0.017380382 0.013398644 0.012289459
v 0.017313296 0.013383899 0.01232314
v 0.017295605 0.013364817 0.012323868
v 0.017322697 0.013349266 0.012315342
v 0.017290507 0.013344726 0.012358401
v 0.017314669 0.013402145 0.012329048
v 0.0172975 0.0134051 0.012337796
v 0.017289725 0.013406659 0.012341583
v 0.0172797 0.01340887 0.012346313
v 0.017248284 0.013417151 0.012360067
v 0.017246774 0.013415353 0.012357629
v 0.017261521 0.013413415 0.012354462
v 0.017260526 0.01338251 0.012366615
v 0.017271416 0.013406817 0.012342768
v 0.017275766 0.013409794 0.012348121
v 0.017264629 0.013390676 0.012320919
v 0.017269066 0.013386158 0.012313024
v 0.017270205 0.013392036 0.012319991
v 0.017273277 0.013382041 0.012305406
v 0.017262859 0.013399427 0.012333001
v 0.017259252 0.01339638 0.012330303
v 0.017280377 0.013383772 0.012303017
v 0.017274303 0.013381061 0.012303525
v 0.017254261 0.013401898 0.012338842
v 0.017256807 0.013399058 0.012334509
v 0.017257271 0.013398544 0.012333711
v 0.017248786 0.013408195 0.012348022
v 0.017239864 0.013418993 0.01236256
v 0.01724417 0.013413699 0.01235561
v 0.017295875 0.013363101 0.012262046
v 0.017292045 0.013365883 0.012269723
v 0.017294497 0.013373412 0.012277479
v 0.017288321 0.013368774 0.012277047
v 0.017356866 0.013311454 0.012289798
v 0.017308971 0.013376611 0.012268208
v 0.017362515 0.01332375 0.012265382
v 0.017334772 0.013392776 0.012247702
v 0.017321421 0.013334768 0.012312678
v 0.01740322 0.013421772 0.012101481
v 0.017407041 0.013423081 0.01210168
v 0.01740061 0.01341747 0.012124061
v 0.0173958 0.013401645 0.012269324
v 0.017406246 0.013315591 0.012231407
v 0.017422347 0.013319371 0.012186593
v 0.017417718 0.013408964 0.012222345
v 0.017426371 0.013413249 0.012194976
v 0.017429742 0.013347804 0.012140296
v 0.01743495 0.013420347 0.012149888
v 0.017427706 0.013427341 0.01210231
v 0.017438324 0.013427858 0.012102366
v 0.017393116 0.013417466 0.01210082
v 0.017396009 0.013418835 0.012101031
v 0.017414438 0.013425113 0.012101985
v 0.017427748 0.013333866 0.012138164
v 0.017420951 0.013426453 0.012102183
v 0.017363067 0.013400079 0.01223003
v 0.017388247 0.013414899 0.012100425
v 0.017389136 0.013412118 0.012122444
v 0.01742615 0.013324679 0.012161907
v 0.017382528 0.0134114 0.012099884
v 0.017410347 0.013329514 0.012204758
v 0.017328484 0.013345006 0.012175612
v 0.017329283 0.013344365 0.012171921
v 0.017288109 0.01336845 0.012163507
v 0.017330693 0.013343137 0.012164869
v 0.017326786 0.01334627 0.012182868
v 0.017348863 0.013346667 0.012205307
v 0.017324818 0.013347609 0.012190547
v 0.017322183 0.013349205 0.012199707
v 0.017388472 0.013356038 0.012189309
v 0.017385087 0.013348585 0.012202591
v 0.017357651 0.013375621 0.012167009
v 0.017373309 0.013346267 0.012168622
v 0.017394988 0.013318373 0.012230762
v 0.017371367 0.013341758 0.012189192
v 0.017320192 0.013350307 0.012206021
v 0.017318698 0.013351078 0.012210437
v 0.017358361 0.013330021 0.012244901
v 0.017313149 0.013353612 0.012224925
v 0.017388497 0.01331242 0.012245924
v 0.017331734 0.013377603 0.012233455
v 0.017353441 0.013392123 0.012234773
v 0.017337366 0.013333 0.01210645
v 0.017337615 0.013331684 0.012098841
v 0.017337959 0.013337575 0.012102464
v 0.017337741 0.013329638 0.012087023
v 0.017337867 0.013334076 0.012087726
v 0.017336847 0.013334667 0.012116075
v 0.017317252 0.013347865 0.012108505
v 0.017336249 0.013336049 0.012124037
v 0.017412459 0.013329279 0.012139212
v 0.017335192 0.01333792 0.012134831
v 0.017318121 0.013353136 0.012142344
v 0.017334203 0.013339333 0.012142969
v 0.017332625 0.013341217 0.012153823
v 0.017331871 0.013342007 0.012158368
v 0.017338172 0.013338244 0.012088386
v 0.017342812 0.013354727 0.012112083
v 0.017314786 0.013352912 0.012220928
v 0.017316131 0.01335231 0.012217484
v 0.017433842 0.013329045 0.012103381
v 0.017374825 0.013405834 0.012099018
v 0.017367442 0.013399316 0.012098001
v 0.017362892 0.013394536 0.012097255
v 0.017356891 0.01338718 0.012096101
v 0.017350398 0.013377118 0.012094521
v 0.017347357 0.013371327 0.012093611
v 0.017344532 0.013364813 0.012092585
v 0.017341298 0.013355182 0.012091065
v 0.017361514 0.013414254 0.012133598
v 0.017411328 0.013340106 0.01213695
v 0.017339359 0.013346781 0.012089737
v 0.017325633 0.013381221 0.012130643
v 0.017360521 0.013389486 0.012163293
v 0.017426056 0.014289336 0.0066680695
v 0.017421693 0.014289259 0.0066681085
v 0.017349277 0.014252033 0.0066781
v 0.017355201 0.014258794 0.0066763196
v 0.017358368 0.014261962 0.0066754812
v 0.017361662 0.014264981 0.0066746822
v 0.017365078 0.014267847 0.0066739244
v 0.017368609 0.014270552 0.0066732067
v 0.017372249 0.01427309 0.0066725291
v 0.017375989 0.014275461 0.0066718972
v 0.017379826 0.014277656 0.0066713095
v 0.017383749 0.014279672 0.0066707688
v 0.017387751 0.014281506 0.0066702758
v 0.017391824 0.014283154 0.0066698292
v 0.017395963 0.014284612 0.0066694311
v 0.017400157 0.014285878 0.0066690836
v 0.0174044 0.014286951 0.006668786
v 0.017408682 0.014287826 0.0066685403
v 0.017412997 0.014288503 0.0066683438
v 0.017417339 0.014288982 0.0066682007
v 0.017343933 0.014244755 0.0066800146
v 0.017339209 0.014237011 0.0066820456
v 0.017335144 0.014228861 0.0066841793
v 0.017331764 0.01422037 0.0066864004
v 0.017329102 0.014211599 0.0066886893
v 0.017327171 0.014202615 0.0066910303
v 0.017325989 0.014193489 0.0066934049
v 0.017325568 0.014184288 0.0066957946
v 0.01727052 0.0052735415 -0.0047775736
v 0.017264648 0.0052724827 -0.0047685248
v 0.017259361 0.0052713381 -0.0047587912
v 0.0172547 0.0052701163 -0.0047484461
v 0.0172507 0.0052688256 -0.0047375689
v 0.017247388 0.0052674771 -0.0047262425
v 0.017244794 0.0052660809 -0.0047145532
v 0.017242935 0.0052646464 -0.0047025889
v 0.017241825 0.005263186 -0.0046904421
v 0.017241476 0.0052617102 -0.0046782041
v 0.01727693 0.005274506 -0.0047858685
v 0.017280325 0.0052749507 -0.004789713
v 0.017283833 0.0052753689 -0.0047933465
v 0.017287454 0.0052757598 -0.0047967607
v 0.017291176 0.0052761234 -0.0047999506
v 0.017294993 0.0052764589 -0.0048029087
v 0.017298901 0.0052767647 -0.0048056305
v 0.017302887 0.0052770407 -0.0048081101
v 0.017306947 0.0052772867 -0.0048103431
v 0.017311075 0.0052775025 -0.0048123245
v 0.017315259 0.0052776864 -0.0048140519
v 0.017319493 0.0052778395 -0.0048155211
v 0.017323768 0.0052779597 -0.0048167294
v 0.017328079 0.0052780494 -0.0048176745
v 0.017332415 0.0052781062 -0.004818355
v 0.017336767 0.0052781311 -0.0048187698
v 0.017341129 0.0052781233 -0.0048189166
v 0.017236914 0.0036820259 -0.0034444915
v 0.017238137 0.0036637571 -0.0034467014
v 0.017241231 0.0036459411 -0.0034488605
v 0.017245782 0.0036287593 -0.0034509477
v 0.017249747 0.003617873 -0.0034522717
v 0.017254375 0.0036075175 -0.0034535342
v 0.017262549 0.0035932396 -0.0034552781
v 0.017271853 0.0035803991 -0.0034568529
v 0.017276982 0.0035747248 -0.0034575499
v 0.017282339 0.0035694821 -0.0034581969
v 0.017287953 0.0035647999 -0.0034587755
v 0.017293756 0.0035605862 -0.0034592995
v 0.017299763 0.003556976 -0.0034597501
v 0.017310087 0.0035521269 -0.0034603614
v 0.017305909 0.0035538639 -0.0034601416
v 0.017335939 0.003547202 -0.0034610196
v 0.017329402 0.0035475718 -0.0034609595
v 0.017322894 0.0035484743 -0.0034608341
v 0.017316452 0.003550038 -0.0034606287
v -0.01929948 -0.0064581092 -0.013262433
v -0.019298361 -0.0064649206 -0.013257098
v -0.019296494 -0.0064716315 -0.013251847
v -0.019293889 -0.0064781923 -0.01324672
v -0.01929057 -0.006484552 -0.013241755
v -0.01928656 -0.0064906623 -0.013236991
v -0.019281891 -0.0064964762 -0.013232465
v -0.019276596 -0.0065019503 -0.01322821
v -0.019270716 -0.0065070433 -0.013224258
v -0.0192643 -0.0065117155 -0.013220641
v -0.019257393 -0.006515931 -0.013217384
v -0.019250045 -0.0065196589 -0.013214515
v -0.019242316 -0.0065228712 -0.013212052
v -0.019234264 -0.0065255414 -0.013210017
v -0.01922595 -0.0065276506 -0.013208423
v -0.019217439 -0.0065291822 -0.013207285
v -0.019208791 -0.006530126 -0.013206609
v 0.019035911 -0.019896499 -0.033290936
v 0.019044379 -0.019910435 -0.03329264
v 0.019051634 -0.019925664 -0.033294498
v 0.019055599 -0.01993655 -0.033295822
v 0.019058873 -0.019947885 -0.033297201
v 0.019061427 -0.01995958 -0.033298619
v 0.019063245 -0.019971548 -0.033300069
v 0.019064314 -0.019983697 -0.033301537
v 0.019029528 -0.01988819 -0.033289917
v 0.018967624 -0.019855071 -0.033285764
v 0.018974154 -0.019855574 -0.03328584
v 0.018980643 -0.019856743 -0.033286
v 0.018987066 -0.019858437 -0.033286218
v 0.018991296 -0.019859918 -0.033286409
v 0.018997535 -0.019862651 -0.033286754
v 0.019005637 -0.019867131 -0.033287314
v 0.01901343 -0.019872591 -0.033287994
v 0.019019044 -0.019877273 -0.033288573
v 0.0190244 -0.019882517 -0.033289219
v 0.019068241 -0.010003413 -0.01753894
v 0.019068267 -0.010004477 -0.017528721
v 0.019070782 -0.0099158045 -0.017523152
v 0.019068307 -0.010004387 -0.017516394
v 0.019068337 -0.010003485 -0.017508225
v 0.019068372 -0.010001913 -0.017500156
v 0.019068407 -0.0099996848 -0.017492244
v 0.019068436 -0.0099976108 -0.017486437
v 0.019068469 -0.0099951431 -0.017480785
v 0.019068528 -0.0099897388 -0.017470865
v -0.01919997 -0.0065183312 -0.013193473
v -0.019199918 -0.006511608 -0.013187984
v -0.019202121 -0.0064567418 -0.013260761
v -0.019199809 -0.0064968605 -0.013178855
v -0.019199754 -0.0064890714 -0.013175331
v -0.019207301 -0.0064887706 -0.013175511
v -0.019199753 -0.0064888277 -0.013175235
v -0.019199701 -0.0064807591 -0.01317241
v -0.019210381 -0.0064801718 -0.013172882
v -0.019199456 -0.0064379413 -0.013169088
v -0.019199455 -0.0064376821 -0.013169124
v -0.019203454 -0.0064332342 -0.013170024
v -0.019199284 -0.0063974586 -0.013184176
v -0.019199259 -0.0063900739 -0.013189446
v -0.019201133 -0.0064402744 -0.013250089
v -0.01920448 -0.0064391639 -0.013247155
v -0.019203354 -0.0064462854 -0.013260179
v -0.019199341 -0.0064127814 -0.013176049
v -0.01919931 -0.0064049436 -0.01317978
v -0.019200928 -0.0064495223 -0.013262538
v -0.019208327 -0.0063902793 -0.013189741
v -0.019216935 -0.0063909487 -0.013190628
v -0.019199377 -0.0064209133 -0.013173013
v -0.019199414 -0.0064292777 -0.013170693
v -0.019225414 -0.006392077 -0.013192099
v -0.019233701 -0.0063936555 -0.013194142
v -0.019205546 -0.0064486107 -0.01325948
v -0.019199501 -0.0064464515 -0.013168267
v -0.019202145 -0.0064500773 -0.013250895
v -0.019241734 -0.0063956715 -0.013196743
v -0.01924945 -0.0063981106 -0.013199881
v -0.019233226 -0.0064347417 -0.01317565
v -0.019256513 -0.0064048576 -0.01320041
v -0.019199571 -0.0064594367 -0.013168511
v -0.019205969 -0.0064519816 -0.013258988
v -0.019216666 -0.0064450556 -0.013254327
v -0.019199649 -0.0064723923 -0.013170268
v -0.019201952 -0.0064521547 -0.013259562
v -0.019209712 -0.0064552398 -0.013246347
v -0.019269464 -0.0064426555 -0.013197478
v -0.019256723 -0.0064009238 -0.013203495
v -0.019256865 -0.0064009851 -0.013203573
v -0.019263672 -0.0064041639 -0.013207652
v -0.019270138 -0.0064077667 -0.013212269
v -0.019276071 -0.0064117044 -0.013217311
v -0.019281372 -0.0064159034 -0.013222684
v -0.019221208 -0.0064814416 -0.013175383
v -0.019210457 -0.0064586256 -0.01325173
v -0.019220961 -0.0064553113 -0.013251932
v -0.019202931 -0.0064669836 -0.013241135
v -0.019286084 -0.0064203928 -0.013228425
v -0.019204325 -0.0064522094 -0.013266093
v -0.019290148 -0.0064251195 -0.013234466
v -0.019267752 -0.0064768417 -0.01319938
v -0.019293533 -0.0064300476 -0.01324076
v -0.019296211 -0.0064351384 -0.01324726
v -0.019208674 -0.0064609831 -0.013256869
v -0.019266425 -0.0064992223 -0.013211145
v -0.019297194 -0.0064459598 -0.013247246
v -0.019200024 -0.0065245538 -0.013199525
v -0.019227711 -0.0065197692 -0.013200767
v -0.019298162 -0.0064403558 -0.013253918
v -0.019299374 -0.0064456579 -0.013260682
v 0.018974993 -0.01812408 -0.034643795
v 0.018970631 -0.018124071 -0.034643646
v 0.018983681 -0.018123998 -0.034644889
v 0.018979345 -0.018124054 -0.034644208
v 0.018992267 -0.018123787 -0.034647041
v 0.01898799 -0.018123909 -0.034645834
v 0.019000685 -0.018123449 -0.034650236
v 0.0189965 -0.018123635 -0.034648513
v 0.019008872 -0.018122987 -0.034654452
v 0.019004812 -0.018123235 -0.03465222
v 0.019016766 -0.018122406 -0.034659653
v 0.019012859 -0.018122712 -0.034656932
v 0.019024306 -0.018121709 -0.034665802
v 0.019020584 -0.018122071 -0.034662612
v 0.019034827 -0.018120453 -0.034676693
v 0.019041238 -0.018119489 -0.034684988
v 0.019047111 -0.018118431 -0.034694039
v 0.019052398 -0.018117287 -0.034703773
v 0.019057058 -0.018116064 -0.034714117
v 0.01906106 -0.018114774 -0.034724995
v 0.01906437 -0.018113426 -0.034736321
v 0.019066966 -0.01811203 -0.034748011
v 0.019068823 -0.018110593 -0.034759973
v 0.019069933 -0.018109135 -0.034772123
v 0.019031435 -0.018120898 -0.034672849
v 0.019027927 -0.018121318 -0.034669218
v 0.019071314 -0.0099152679 -0.017520097
v 0.019168395 -0.0099137985 -0.01752496
v 0.019077044 -0.0099065462 -0.017522999
v 0.019167204 -0.0099223348 -0.01752631
v 0.019165267 -0.0099307372 -0.017527638
v 0.019162594 -0.0099389395 -0.017528932
v 0.01915921 -0.0099468814 -0.017530184
v 0.019155135 -0.0099545022 -0.017531383
v 0.019150406 -0.0099617437 -0.01753252
v 0.019076918 -0.0099113698 -0.01752261
v 0.019145054 -0.0099685507 -0.017533588
v 0.019076959 -0.010003085 -0.017538908
v 0.019085616 -0.010002007 -0.017538757
v 0.019094142 -0.010000188 -0.017538487
v 0.019102478 -0.0099976431 -0.017538103
v 0.019073391 -0.0099118099 -0.017522337
v 0.019110557 -0.00999439 -0.017537605
v 0.019118321 -0.0099904538 -0.017536999
v 0.019125704 -0.0099858638 -0.017536287
v 0.019132656 -0.0099806564 -0.017535478
v 0.019139122 -0.0099748701 -0.017534575
v 0.019081574 -0.0099109933 -0.017520614
v 0.019075401 -0.0099131942 -0.017518718
v 0.019071567 -0.0099252263 -0.01751226
v 0.019142258 -0.0099645133 -0.017491876
v 0.019098578 -0.0099863737 -0.017474281
v 0.019077308 -0.009983074 -0.017461824
v 0.019085961 -0.0099822255 -0.017462554
v 0.019094482 -0.0099807863 -0.017463746
v 0.019102807 -0.0099787676 -0.017465391
v 0.019110876 -0.0099761854 -0.017467477
v 0.019118624 -0.0099730577 -0.017469987
v 0.019125992 -0.0099694097 -0.017472904
v 0.019132925 -0.0099652692 -0.017476203
v 0.01913937 -0.0099606674 -0.01747986
v 0.01914528 -0.0099556385 -0.01748385
v 0.019150607 -0.0099502221 -0.017488137
v 0.019155311 -0.0099444587 -0.017492693
v 0.019159357 -0.0099383924 -0.017497482
v 0.019162714 -0.0099320698 -0.017502467
v 0.019162654 -0.009937107 -0.01751296
v 0.019165358 -0.0099255379 -0.017507611
v 0.019167266 -0.0099188464 -0.017512874
v 0.019168426 -0.0099120479 -0.017518216
v 0.019064275 -0.009112505 -0.023156793
v 0.019072931 -0.0091113489 -0.02315713
v 0.019081455 -0.0091094017 -0.023157675
v 0.01908979 -0.0091066773 -0.023158421
v 0.019097865 -0.0091031956 -0.023159361
v 0.019105624 -0.0090989839 -0.023160489
v 0.019113004 -0.0090940755 -0.023161798
v 0.01911995 -0.009088505 -0.023163276
v 0.019155622 -0.0090170121 -0.023181997
v 0.019154441 -0.0090261387 -0.023179622
v 0.019152512 -0.0090351221 -0.023177281
v 0.019149848 -0.0090438933 -0.023174992
v 0.019146469 -0.0090523855 -0.023172773
v 0.019142403 -0.0090605337 -0.023170638
v 0.019137681 -0.0090682779 -0.023168606
v 0.019132336 -0.0090755566 -0.023166692
v 0.019126409 -0.0090823175 -0.023164911
v 0.019123243 -0.0090854849 -0.023164073
v 0.019116535 -0.0090913704 -0.023162516
v 0.019109364 -0.009096614 -0.023161121
v 0.019101788 -0.0091011798 -0.023159903
v 0.019093862 -0.0091050298 -0.023158868
v 0.019085651 -0.0091081351 -0.023158023
v 0.019077213 -0.0091104736 -0.023157378
v 0.019068615 -0.0091120276 -0.023156937
v 0.019059921 -0.0091127822 -0.023156701
v 0.019055558 -0.0091128592 -0.023156661
v 0.019199002 -0.0066677687 -0.013382592
v 0.019197842 -0.0066745675 -0.01337725
v 0.019195935 -0.0066812584 -0.013371987
v 0.019193291 -0.0066877907 -0.013366843
v 0.019189934 -0.0066941139 -0.013361858
v 0.019185887 -0.0067001803 -0.013357069
v 0.019181183 -0.0067059432 -0.013352514
v 0.019175857 -0.006711359 -0.013348225
v 0.019169945 -0.0067163885 -0.013344237
v 0.0191635 -0.00672099 -0.013340579
v 0.019156568 -0.0067251305 -0.01333728
v 0.019149199 -0.0067287788 -0.013334363
v 0.019141451 -0.0067319062 -0.013331853
v 0.019133384 -0.0067344884 -0.013329767
v 0.019125058 -0.0067365071 -0.013328122
v 0.019116537 -0.0067379464 -0.01332693
v 0.019107885 -0.0067387956 -0.0133262
v -0.019217167 0.0019217554 -0.0071997621
v -0.01922178 0.0019320523 -0.0071985064
v -0.019225736 0.0019428759 -0.0071971898
v -0.019228933 0.0019538547 -0.0071958558
v -0.019231569 0.0019657728 -0.0071944095
v -0.019233401 0.0019776737 -0.0071929686
v -0.019234494 0.0019897568 -0.0071915061
v -0.019234834 0.0020013808 -0.007190101
v -0.019229081 0.0019544344 -0.0071957854
v -0.019211935 0.0019120622 -0.0072009454
v -0.01920612 0.0019030463 -0.0072020488
v -0.019199737 0.0018947369 -0.0072030682
v -0.01919293 0.0018873137 -0.0072039813
v -0.019196426 0.0018909586 -0.0072035323
v -0.019189362 0.0018839193 -0.0072044002
v -0.019185655 0.0018807149 -0.0072047962
v -0.019177993 0.0018750294 -0.0072055022
v -0.019181887 0.0018777685 -0.0072051615
v -0.019174057 0.0018725536 -0.0072058108
v -0.019170213 0.0018704074 -0.0072060797
v -0.019162012 0.0018666602 -0.007206552
v -0.019165932 0.0018683133 -0.0072063426
v -0.019169802 0.0018701927 -0.0072061064
v -0.019157572 0.0018650803 -0.007206754
v -0.019153304 0.0018638445 -0.0072069137
v -0.019161505 0.0018664644 -0.007206577
v -0.019149042 0.0018628785 -0.007207041
v -0.019145059 0.0018622139 -0.007207131
v -0.019140403 0.0018617238 -0.0072072016
v -0.019144363 0.0018621209 -0.0072071435
v -0.01913565 0.0018615392 -0.0072072356
v 0.019199072 -0.0066555326 -0.013381113
v 0.0191142 -0.0066601635 -0.013382722
v 0.019197064 -0.0066475543 -0.013370952
v 0.019107884 -0.0066010574 -0.013307635
v 0.019099985 -0.0065986485 -0.013308982
v 0.019100534 -0.0066543584 -0.013376395
v 0.019099962 -0.0066060339 -0.013303713
v 0.019104027 -0.0066168186 -0.01329789
v 0.019099936 -0.0066135182 -0.013299317
v 0.019113308 -0.006608002 -0.013303674
v 0.019103523 -0.0066541611 -0.013373535
v 0.019108773 -0.0066324938 -0.013292283
v 0.019099904 -0.0066213567 -0.013295585
v 0.019099869 -0.0066294879 -0.01329255
v 0.019103515 -0.0066375755 -0.01329038
v 0.019104991 -0.0066574542 -0.013376524
v 0.019101211 -0.0066596623 -0.013378749
v 0.019099832 -0.006637682 -0.013290269
v 0.019099829 -0.0066380218 -0.013290191
v 0.019099789 -0.0066463859 -0.013288644
v 0.019104244 -0.0066511756 -0.013373857
v 0.019144179 -0.0066149094 -0.013311021
v 0.01910637 -0.0066564427 -0.013379489
v 0.019161431 -0.0066534525 -0.013309958
v 0.019102251 -0.0066603938 -0.013385141
v 0.019149383 -0.0066616673 -0.013301225
v 0.019102129 -0.0066621202 -0.013379085
v 0.019100725 -0.0066635271 -0.013374118
v 0.01917786 -0.0066327164 -0.013332633
v 0.019099745 -0.0066550261 -0.013287803
v 0.019099698 -0.0066636612 -0.013287715
v 0.019099622 -0.0066766638 -0.013289093
v 0.019099545 -0.0066893337 -0.013291947
v 0.019164077 -0.0066700602 -0.013312311
v 0.019147705 -0.0066817479 -0.013303021
v 0.019101003 -0.0066644324 -0.013381527
v 0.019108698 -0.006598931 -0.013309309
v 0.019099493 -0.0066975246 -0.013294819
v 0.019099437 -0.0067054351 -0.013298392
v 0.019105688 -0.006665772 -0.013380121
v 0.019117342 -0.006599681 -0.013310232
v 0.019125847 -0.0066008925 -0.013311744
v 0.019134153 -0.006602557 -0.013313834
v 0.019142192 -0.0066046616 -0.013316486
v 0.019149909 -0.0066071895 -0.013319679
v 0.019157238 -0.0066101232 -0.01332339
v 0.019167326 -0.0066152749 -0.013329919
v 0.019176382 -0.0066211132 -0.013337326
v 0.019181652 -0.0066254138 -0.013342788
v 0.019188289 -0.0066323794 -0.013351642
v 0.019193569 -0.0066397719 -0.013361044
v 0.019112058 -0.0066627749 -0.013382483
v 0.019113173 -0.0066661538 -0.013378786
v 0.019099383 -0.0067130078 -0.013302635
v 0.01909933 -0.0067199727 -0.013307364
v 0.019134741 -0.0067200709 -0.013316352
v 0.019107747 -0.0067201482 -0.013307931
v 0.019099327 -0.006720392 -0.013307678
v 0.019099274 -0.0067269058 -0.01331301
v 0.019099225 -0.0067328892 -0.013318808
v 0.019107903 -0.0067331175 -0.013319577
v 0.019099221 -0.0067333686 -0.013319315
v -0.019141958 -0.00036348914 -0.0053456947
v -0.019141962 -0.00036386822 -0.0053462812
v -0.019142006 -0.00036807478 -0.0053534725
v -0.019142051 -0.00037170312 -0.005361069
v -0.019142054 -0.00037190696 -0.0053615511
v -0.019142094 -0.00037484172 -0.0053694417
v -0.019142134 -0.00037720079 -0.0053779762
v -0.019142133 -0.00037712235 -0.005377636
v -0.019142168 -0.0003787472 -0.0053863403
v -0.019142199 -0.00037958668 -0.00539498
v -0.019142227 -0.0003796755 -0.005403616
v -0.01914226 -0.00037829729 -0.0054166175
v -0.019142283 -0.00037546802 -0.0054292047
v -0.019142284 -0.00037541789 -0.0054293717
v -0.019142294 -0.00037257041 -0.0054374795
v -0.0191423 -0.00036899853 -0.0054453906
v -0.019142299 -0.00036475388 -0.0054529626
v -0.019142296 -0.00035986903 -0.0054601372
v -0.019142287 -0.00035437959 -0.0054668618
v -0.019142274 -0.00034832795 -0.0054730848
v -0.019142253 -0.00034145193 -0.0054790032
v -0.019150966 -0.00034116988 -0.005478676
v -0.01915961 -0.00034042015 -0.0054777533
v -0.019168115 -0.00033920794 -0.0054762414
v -0.019176421 -0.00033754332 -0.0054741517
v -0.01918446 -0.00033543883 -0.0054714998
v -0.019192176 -0.00033291052 -0.0054683061
v -0.019199506 -0.00032997766 -0.0054645951
v -0.019206396 -0.00032666159 -0.0054603953
v -0.019212792 -0.0003229893 -0.005455738
v -0.01921865 -0.00031898773 -0.005450659
v -0.019223919 -0.00031468636 -0.0054451973
v -0.019228563 -0.00031011975 -0.0054393939
v -0.019232546 -0.00030532237 -0.0054332926
v -0.019235837 -0.00030032924 -0.0054269411
v -0.019239332 -0.00029254647 -0.005417033
v -0.01924134 -0.00028456817 -0.0054068712
v 0.019123949 -0.004395494 -0.015039402
v 0.01911964 -0.0043955834 -0.015038457
v 0.019115304 -0.0043956402 -0.015037776
v 0.01911095 -0.004395665 -0.015037362
v 0.019106588 -0.0043956576 -0.015037215
v 0.01914077 -0.0043948209 -0.015045789
v 0.019136644 -0.0043950364 -0.015043807
v 0.019132458 -0.0043952203 -0.01504208
v 0.019128225 -0.0043953731 -0.01504061
v 0.019156543 -0.0043936576 -0.015056181
v 0.019152724 -0.0043939929 -0.015053222
v 0.019148818 -0.004394299 -0.015050501
v 0.01914483 -0.0043945749 -0.015048021
v 0.019170785 -0.00439204 -0.015070263
v 0.019167392 -0.0043924847 -0.015066418
v 0.019163884 -0.0043929028 -0.015062785
v 0.019160263 -0.0043932941 -0.01505937
v 0.019177197 -0.0043910757 -0.015078558
v 0.019183069 -0.0043900169 -0.015087607
v 0.019188356 -0.0043888723 -0.01509734
v 0.019193017 -0.0043876506 -0.015107685
v 0.019197019 -0.0043863596 -0.015118562
v 0.019200329 -0.0043850117 -0.015129889
v 0.019202925 -0.0043836148 -0.015141579
v 0.019204782 -0.0043821804 -0.015153542
v 0.019205892 -0.0043807203 -0.015165689
v -0.019142984 -0.00028438548 -0.0054035102
v -0.019153171 -0.0003700515 -0.0054412767
v -0.019150997 -0.00037500549 -0.0054292346
v -0.019144287 -0.00028712264 -0.0054015302
v -0.019150863 -0.00037750367 -0.0053819668
v -0.019150765 -0.00037130496 -0.0053611916
v -0.019150673 -0.00036312268 -0.0053458758
v -0.019241057 -0.0002897673 -0.0053983271
v -0.019147581 -0.00028095295 -0.0054011427
v -0.01914648 -0.00028158138 -0.0053995031
v -0.019157686 -0.00028457601 -0.0054013895
v -0.019146533 -0.0002830049 -0.0054004774
v -0.019155369 -0.0002969807 -0.005391478
v -0.019147311 -0.00028890551 -0.0053985983
v -0.019146329 -0.00029730683 -0.0053910678
v -0.01924131 -0.00028604554 -0.0053946349
v -0.019240192 -0.00029285699 -0.0053893
v -0.019238325 -0.00029956864 -0.0053840486
v -0.01923572 -0.00030612942 -0.0053789212
v -0.019232401 -0.00031248848 -0.0053739572
v -0.019228391 -0.0003185988 -0.0053691934
v -0.019223721 -0.00032441272 -0.005364667
v -0.019218428 -0.0003298868 -0.005360412
v -0.019212547 -0.00033498057 -0.0053564597
v -0.019206129 -0.00033965185 -0.0053528425
v -0.019199222 -0.00034386757 -0.0053495864
v -0.019191877 -0.0003475961 -0.0053467159
v -0.019184146 -0.00035080758 -0.0053442537
v -0.019176096 -0.00035347765 -0.0053422185
v -0.019167782 -0.00035558712 -0.0053406253
v -0.019159269 -0.00035711927 -0.0053394862
v -0.019150623 -0.00035806235 -0.0053388104
v -0.019146082 -0.00030226815 -0.0053980105
v -0.019150733 -0.00029086463 -0.0054029894
v -0.019188357 -0.00035700916 -0.0054427628
v -0.019153964 -0.00028908297 -0.005407074
v -0.019148245 -0.00029382693 -0.0054117735
v -0.019150937 -0.00029009537 -0.0054094737
v 0.019167957 0.0016530745 -0.0073267698
v 0.019163594 0.0016529646 -0.0073267725
v 0.019180972 0.0016550029 -0.0073265692
v 0.019185258 0.0016561749 -0.0073264382
v 0.019193703 0.0016592986 -0.0073260812
v 0.019189503 0.0016576077 -0.0073262756
v 0.019201924 0.0016634434 -0.0073256011
v 0.019197845 0.0016612453 -0.0073258565
v 0.019209861 0.0016685765 -0.0073250005
v 0.019205932 0.0016658888 -0.0073253156
v 0.019217452 0.0016746599 -0.0073242849
v 0.019213704 0.0016715021 -0.0073246567
v 0.019228063 0.0016854618 -0.0073230062
v 0.019234543 0.0016937016 -0.0073220271
v 0.019240491 0.0017026995 -0.0073209547
v 0.019245857 0.0017123879 -0.0073197977
v 0.019250604 0.0017226925 -0.0073185648
v 0.019254697 0.0017335346 -0.0073172654
v 0.019258099 0.0017448326 -0.0073159092
v 0.019260793 0.0017564995 -0.0073145069
v 0.019262749 0.0017684472 -0.0073130685
v 0.019263959 0.0017805842 -0.0073116056
v 0.019224638 0.0016816457 -0.0073234585
v 0.019221099 0.0016780429 -0.0073238849
v 0.019176655 0.0016540946 -0.0073266681
v 0.019172314 0.0016534512 -0.0073267347
v -0.019180234 0.00619462 0.0028665533
v -0.019179114 0.0061878086 0.0028718882
v -0.019177247 0.0061810976 0.0028771391
v -0.019174643 0.0061745371 0.0028822668
v -0.019171324 0.0061681779 0.0028872306
v -0.019167314 0.0061620676 0.0028919944
v -0.019162643 0.0061562527 0.002896521
v -0.01915735 0.0061507792 0.0029007768
v -0.01915147 0.0061456858 0.0029047281
v -0.019145052 0.0061410137 0.0029083457
v -0.019138145 0.0061367981 0.002911602
v -0.019130799 0.0061330703 0.0029144718
v -0.01912307 0.0061298583 0.0029169349
v -0.019115018 0.006127188 0.0029189699
v -0.019106704 0.0061250789 0.0029205634
v -0.019098191 0.0061235473 0.0029217018
v -0.019089545 0.0061226039 0.0029223772
v 0.019256546 -0.00049689378 -0.0055304309
v 0.019254013 -0.00050480687 -0.0055405263
v 0.019249649 -0.00051240559 -0.0055502301
v 0.019243882 -0.00051963773 -0.0055594713
v 0.019236477 -0.00052627513 -0.0055679595
v 0.019227871 -0.00053233437 -0.005575716
v 0.019221404 -0.00053593698 -0.005580333
v 0.019214453 -0.00053917695 -0.00558449
v 0.01920707 -0.00054203029 -0.0055881547
v 0.019199306 -0.00054447381 -0.0055913004
v 0.019191228 -0.00054649107 -0.0055939015
v 0.019182893 -0.00054806448 -0.0055959398
v 0.019174365 -0.00054918347 -0.0055973987
v 0.019165708 -0.00054983959 -0.0055982672
v 0.019156991 -0.00055002652 -0.0055985401
v 0.019156973 -0.00055664878 -0.0055928611
v 0.019156972 -0.00055715632 -0.0055923824
v 0.019156959 -0.00056295419 -0.0055863987
v 0.01915695 -0.00056844363 -0.0055796741
v 0.019156945 -0.00057332921 -0.0055724989
v 0.019156946 -0.00057749491 -0.0055650829
v 0.019156947 -0.00057765136 -0.0055647722
v 0.019156953 -0.00058119381 -0.0055568945
v 0.019156961 -0.00058401777 -0.0055488246
v 0.019156952 -0.00058109681 -0.0055571376
v 0.019156986 -0.00058687189 -0.0055361544
v 0.019157045 -0.000588162 -0.0055145163
v 0.019157019 -0.0005882501 -0.0055231529
v 0.019160304 -0.00051059749 -0.0055173886
v 0.019157113 -0.0005857358 -0.0054973433
v 0.019157152 -0.00058341632 -0.0054889786
v 0.019157194 -0.00058038001 -0.0054808467
v 0.019157238 -0.00057664937 -0.0054730094
v 0.019157286 -0.00057225321 -0.0054655247
v -0.019080778 0.0061281754 0.0029294618
v -0.019080724 0.0061343977 0.0029355127
v -0.019083647 0.0061916317 0.0028713891
v -0.019080671 0.0061411219 0.0029410022
v -0.019080617 0.006148297 0.0029458877
v -0.01908224 0.0061960963 0.0028762755
v -0.019080561 0.0061558684 0.0029501314
v -0.019080508 0.0061637805 0.0029537046
v -0.019080453 0.0061719701 0.0029565765
v -0.019080351 0.0061889442 0.002960141
v -0.019080302 0.0061976428 0.0029608086
v -0.019080013 0.0062626561 0.002939542
v -0.01908873 0.0062624683 0.0029392695
v -0.019083582 0.0062146887 0.0028851691
v -0.019084685 0.0062509093 0.0029472208
v -0.019085531 0.0062574924 0.002943149
v -0.019080038 0.0062552709 0.0029448104
v -0.019101935 0.006254781 0.0029421505
v -0.019097388 0.0062618126 0.0029384001
v -0.019080095 0.0062399478 0.0029529373
v -0.019080064 0.0062477858 0.0029492071
v -0.019105915 0.0062606938 0.0029369413
v -0.019080131 0.0062318159 0.0029559738
v -0.019084935 0.0062303184 0.0029562193
v -0.019083326 0.0062043696 0.0028679244
v -0.01911829 0.0062581109 0.0029336021
v -0.019080168 0.0062234518 0.0029582941
v -0.019087708 0.0062084528 0.0028751019
v -0.019082388 0.0062150696 0.0029598184
v -0.019082202 0.0062019362 0.002870501
v -0.019087735 0.0062061047 0.0028704818
v -0.019130091 0.0062546589 0.0029291568
v -0.019080255 0.0062062787 0.0029607197
v -0.019128425 0.0062210149 0.0029462039
v -0.019140952 0.0062501861 0.0029234127
v -0.019083956 0.0062052466 0.0028737729
v -0.019080402 0.0061803379 0.0029587185
v -0.019089035 0.0062016064 0.0028812885
v -0.019087536 0.0061998353 0.0028713568
v -0.019094133 0.0062031002 0.002875844
v -0.01909277 0.006205024 0.0028702923
v -0.019153857 0.0062429942 0.002914196
v -0.01916454 0.0062345253 0.0029033599
v -0.01910423 0.0061791855 0.002955401
v -0.019158777 0.0061947694 0.0029224525
v -0.019093393 0.0062017796 0.0028673005
v -0.019086995 0.0061957861 0.0028769192
v -0.019086387 0.0061961351 0.0028682894
v -0.019151733 0.0061766649 0.0029264599
v -0.019172671 0.006225035 0.0028912318
v -0.019093742 0.0061961816 0.0028689358
v -0.019097376 0.0062010812 0.0028653096
v -0.019150375 0.006155835 0.0029160397
v -0.019177035 0.0062174354 0.0028815284
v -0.019126264 0.0061417011 0.0029269912
v -0.01917203 0.006179687 0.0028947823
v -0.019179567 0.0062095231 0.0028714324
v 0.01925717 -0.00049570596 -0.0055147931
v 0.019169665 -0.00049270937 -0.0055196993
v 0.01925601 -0.00050250464 -0.0055094511
v 0.019164026 -0.00056930397 -0.005461688
v 0.01915851 -0.00049665436 -0.0055161226
v 0.019185878 -0.00057660016 -0.0054827637
v 0.019164938 -0.0005040044 -0.0055163199
v 0.01916266 -0.00049766757 -0.0055148042
v 0.019162112 -0.00050432263 -0.0055092697
v 0.019164332 -0.00050742755 -0.0055200199
v 0.019166751 -0.00049960592 -0.0055145202
v 0.019163564 -0.00049343657 -0.0055184348
v 0.019159888 -0.00049227375 -0.0055207917
v 0.01915894 -0.00050360457 -0.0055219823
v 0.019173445 -0.00058334546 -0.0055453939
v 0.019172291 -0.00049946838 -0.0055223523
v 0.019164501 -0.00058093429 -0.0055569021
v 0.019166054 -0.00056673206 -0.0054584016
v 0.01917909 -0.00057260344 -0.0055685572
v 0.019164848 -0.00057732473 -0.0055648366
v 0.019174705 -0.00056588273 -0.0054591318
v 0.019183226 -0.00056444439 -0.0054603231
v 0.019191553 -0.00056242553 -0.0054619685
v 0.01919962 -0.00055984329 -0.0054640538
v 0.019207369 -0.00055671514 -0.0054665651
v 0.019214736 -0.0005530676 -0.0054694807
v 0.019221669 -0.00054892709 -0.0054727801
v 0.019228114 -0.00054432476 -0.0054764381
v 0.019234025 -0.00053929629 -0.0054804265
v 0.019239351 -0.0005338803 -0.0054847147
v 0.019244055 -0.00052811679 -0.0054892708
v 0.019248103 -0.00052205031 -0.0054940596
v 0.01925146 -0.00051572703 -0.005499045
v 0.019254103 -0.00050919493 -0.0055041887
v 0.019168838 -0.0005039773 -0.0055313945
v 0.01916086 -0.00049930565 -0.0055291867
v 0.019174369 -0.00049575126 -0.0055244717
v 0.019174341 -0.00050265483 -0.0055301945
v 0.019165657 -0.00055646197 -0.00559259
v -0.019175608 0.0073343545 0.0019945014
v -0.019173654 0.0073455803 0.0019965059
v -0.019170965 0.0073565421 0.0019984625
v -0.019167562 0.0073671551 0.0020003548
v -0.019163473 0.0073773415 0.0020021695
v -0.019158727 0.0073870229 0.0020038913
v -0.019153362 0.007396124 0.0020055084
v -0.019147416 0.0074045771 0.002007008
v -0.019140939 0.0074123171 0.0020083799
v -0.019135745 0.0074175922 0.0020093128
v -0.019130328 0.007422463 0.0020101729
v -0.019124661 0.0074268028 0.0020109372
v -0.01911881 0.0074306995 0.0020116228
v -0.019112765 0.0074340286 0.002012205
v -0.019106582 0.0074368874 0.002012704
v -0.019100261 0.0074391478 0.0020130934
v -0.019093853 0.00744092 0.0020133975
v -0.019089537 0.0074417724 0.0020135413
v -0.019083015 0.007442552 0.0020136662
v -0.019076476 0.0074428295 0.0020137029
v 0.019318248 0.0059849602 0.0027463944
v 0.019317088 0.0059781616 0.0027517366
v 0.019315181 0.0059714707 0.0027569997
v 0.019312537 0.0059649388 0.0027621435
v 0.01930918 0.0059586163 0.0027671284
v 0.019305133 0.0059525499 0.0027719173
v 0.019300429 0.005946786 0.0027764729
v 0.019295103 0.0059413701 0.0027807613
v 0.019289192 0.0059363406 0.0027847499
v 0.019282746 0.0059317395 0.0027884079
v 0.019275814 0.005927599 0.0027917073
v 0.019268447 0.0059239504 0.0027946231
v 0.019260697 0.0059208233 0.0027971342
v 0.019252631 0.005918241 0.0027992195
v 0.019244304 0.0059162223 0.0028008651
v 0.019235783 0.0059147831 0.0028020568
v 0.019227131 0.0059139346 0.0028027866
v -0.019095892 0.0055973211 -0.00098691749
v -0.01910243 0.0055971601 -0.00098676027
v -0.019108947 0.0055966881 -0.00098638678
v -0.019113262 0.0055961665 -0.00098599361
v -0.019119663 0.0055950758 -0.00098518938
v -0.019125975 0.0055936797 -0.0009841737
v -0.019130109 0.0055925493 -0.00098335805
v -0.019136178 0.0055905621 -0.00098193185
v -0.019142096 0.0055882852 -0.00098030575
v -0.019147794 0.0055856615 -0.00097843907
v -0.019153298 0.0055827688 -0.00097638668
v -0.019158527 0.0055795532 -0.00097411286
v -0.019165098 0.0055748625 -0.00097079905
v -0.019172591 0.0055683771 -0.0009662311
v -0.01917792 0.005562717 -0.00096225296
v -0.019182627 0.0055566951 -0.00095802659
v -0.019186675 0.0055503571 -0.00095358436
v -0.019190034 0.0055437507 -0.00094896036
v -0.019192683 0.0055369258 -0.00094419039
v -0.019194592 0.0055299356 -0.0009393092
v -0.019195755 0.0055228325 -0.00093435425
v 0.019317775 0.0059998694 0.0027512768
v 0.019233446 0.0059925662 0.0027462655
v 0.019219232 0.0060540812 0.0028200047
v 0.019219209 0.0060466966 0.0028252739
v 0.019219706 0.005996717 0.0027482458
v 0.019219182 0.0060392109 0.0028296698
v 0.019224728 0.0060321624 0.0028328282
v 0.019228019 0.0060202351 0.0028367029
v 0.019219151 0.0060316148 0.002833298
v 0.019219149 0.0060311329 0.0028335029
v 0.019219116 0.0060232416 0.0028364372
v 0.019221684 0.0059954304 0.0027495581
v 0.019222761 0.006015154 0.0028386071
v 0.019221016 0.0059933507 0.0027560528
v 0.019219079 0.0060150475 0.0028387179
v 0.019219077 0.0060147082 0.0028387968
v 0.019219035 0.0060063432 0.0028403429
v 0.019221788 0.005992273 0.0027467141
v 0.019225966 0.0059947239 0.0027515236
v 0.019263425 0.0060378203 0.0028179663
v 0.019227856 0.0059981407 0.0027522428
v 0.019221497 0.0059923352 0.0027438467
v 0.019221377 0.0059906095 0.0027498993
v 0.019226923 0.005974292 0.0028390258
v 0.019297106 0.0060200136 0.0027963544
v 0.019218991 0.0059977031 0.002841183
v 0.019218945 0.0059890679 0.0028412714
v 0.019218895 0.0059803691 0.0028406051
v 0.019218844 0.0059717622 0.0028391818
v 0.019218791 0.0059633958 0.00283704
v 0.019220251 0.0059882957 0.0027474596
v 0.019226286 0.0059553022 0.0028338914
v 0.019232266 0.0060534235 0.0028192159
v 0.019218739 0.0059553271 0.0028342153
v 0.019218738 0.0059550835 0.0028341187
v 0.019218683 0.005947294 0.0028305949
v 0.019225374 0.0059860596 0.0027501857
v 0.019245093 0.0060518372 0.002817243
v 0.019257419 0.0060491199 0.0028138266
v 0.019269155 0.0060455397 0.0028093074
v 0.01927993 0.0060409483 0.0028034967
v 0.019289771 0.0060356183 0.0027967391
v 0.019298263 0.0060294663 0.0027889303
v 0.019305541 0.0060227492 0.0027803956
v 0.019309525 0.0060179509 0.0027742947
v 0.019314105 0.0060103836 0.0027646659
v 0.019231304 0.0059899546 0.0027465037
v 0.019232419 0.0059865759 0.0027502009
v 0.019218629 0.0059397221 0.0028263504
v 0.019218576 0.0059327581 0.0028216226
v 0.019286214 0.0059484631 0.0027999987
v 0.019253987 0.0059326591 0.0028126352
v 0.019226993 0.0059325816 0.0028210563
v 0.019218573 0.0059323377 0.0028213095
v 0.019218521 0.0059258234 0.0028159761
v 0.019218471 0.0059198402 0.0028101792
v 0.019227149 0.005919612 0.0028094102
v 0.019218467 0.0059193619 0.0028096714
v -0.019010478 0.013596307 0.012422098
v -0.019010251 0.013611468 0.012468519
v -0.019010297 0.013607374 0.012461391
v -0.019010338 0.013603881 0.012453951
v -0.019011601 0.01368765 0.012418852
v -0.019010387 0.013600371 0.012444294
v -0.019010426 0.01359815 0.01243532
v -0.019010456 0.013596899 0.012428236
v -0.019011316 0.013682364 0.012417043
v -0.019010518 0.013596217 0.012409772
v -0.019010543 0.013597281 0.012399553
v -0.019176132 0.0037150745 -0.003350801
v -0.01911572 0.0037456357 -0.0033472599
v -0.01912241 0.0037451722 -0.0033472988
v -0.019126747 0.0037445085 -0.0033473679
v -0.019131021 0.0037435882 -0.0033474684
v -0.019137278 0.0037417292 -0.0033476776
v -0.01913976 0.0037408686 -0.0033477755
v -0.019146767 0.0037377347 -0.003348137
v -0.019155838 0.0037326737 -0.0033487257
v -0.019161666 0.0037285243 -0.0033492128
v -0.019167309 0.0037239088 -0.0033497566
v -0.019170918 0.0037205532 -0.0033501532
v -0.01918429 0.0037049652 -0.003352003
v -0.01919021 0.003696013 -0.0033530691
v -0.019195502 0.0036864778 -0.003354207
v -0.019195604 0.0036862756 -0.0033542313
v -0.019200287 0.0036761305 -0.0033554453
v -0.01920437 0.0036653504 -0.0033567374
v -0.019207773 0.0036541188 -0.0033580858
v -0.019210397 0.0036428759 -0.0033594375
v -0.01921054 0.0036421632 -0.0033595229
v -0.01921244 0.00363064 -0.0033609103
v -0.019213672 0.0036185695 -0.0033623647
v 0.019222771 0.0072342552 0.0018941663
v 0.019229305 0.0072339057 0.0018940885
v 0.01923797 0.0072326063 0.0018938383
v 0.01924651 0.0072303143 0.0018934083
v 0.019252802 0.0072279853 0.0018929794
v 0.019258952 0.0072250586 0.0018924425
v 0.019264956 0.0072216645 0.0018918221
v 0.019270759 0.0072177039 0.0018911003
v 0.019276375 0.0072133027 0.0018903004
v 0.019281732 0.0072083742 0.0018894067
v 0.019286861 0.0072030416 0.001888442
v 0.019296167 0.0071909734 0.0018862613
v 0.019304345 0.0071775554 0.0018838437
v 0.019308974 0.0071678238 0.0018820924
v 0.019312942 0.0071575942 0.001880252
v 0.019316215 0.0071469438 0.0018783392
v 0.019318773 0.0071359534 0.0018763666
v 0.019320594 0.0071247068 0.0018743503
v 0.019321665 0.0071132911 0.001872305
v -0.019109596 0.013687638 0.012414101
v -0.019019315 0.013694089 0.012415587
v -0.019108484 0.013679134 0.012412748
v -0.019106632 0.01367076 0.012411417
v -0.019104051 0.013662575 0.012410114
v -0.019100761 0.013654645 0.01240885
v -0.01909684 0.013646661 0.012411734
v -0.01909685 0.013647136 0.012407651
v -0.019096721 0.013646912 0.012407615
v -0.019029639 0.013681428 0.01241593
v -0.019092158 0.013639773 0.012406473
v -0.019086938 0.013632979 0.012405384
v -0.01901706 0.01368767 0.012416187
v -0.01908108 0.013626594 0.012404359
v -0.019074683 0.013620738 0.012403416
v -0.019067865 0.013615506 0.012402571
v -0.019060577 0.013610851 0.012401818
v -0.019056589 0.013607932 0.012408715
v -0.019053065 0.013606913 0.012401175
v -0.01905275 0.013606765 0.012401151
v -0.019044914 0.0136035 0.012400618
v -0.019012688 0.013688852 0.012415573
v -0.019036658 0.013600855 0.012400177
v -0.0190282 0.013598932 0.012399855
v -0.019018907 0.013617716 0.012476724
v -0.019027554 0.013618659 0.012476048
v -0.019040287 0.013614647 0.012464398
v -0.019036066 0.01362019 0.012474909
v -0.01904438 0.013622299 0.012473316
v -0.019056362 0.013620045 0.012460217
v -0.01905243 0.01362497 0.012471281
v -0.019060161 0.013628182 0.012468818
v -0.019028446 0.013679236 0.012422895
v -0.019067507 0.01363191 0.012465948
v -0.019074414 0.013636125 0.012462692
v -0.019024957 0.013687406 0.012419522
v -0.019080832 0.013640797 0.012459074
v -0.019086712 0.013645891 0.012455123
v -0.019092005 0.013651364 0.012450867
v -0.019096676 0.01365718 0.012446341
v -0.019100686 0.01366329 0.012441577
v -0.019104005 0.013669649 0.012436613
v -0.01910661 0.013676209 0.012431485
v -0.019108476 0.013682921 0.012426235
v -0.019109594 0.013689731 0.012420899
v -0.019058277 0.013614447 0.012445942
v -0.019019605 0.013597739 0.012399647
v 0.019272411 0.0053655351 -0.0010907677
v 0.019279861 0.0053589686 -0.0010862459
v 0.019285153 0.0053532503 -0.0010823011
v 0.019289819 0.0053471769 -0.0010781044
v 0.019293827 0.0053407949 -0.0010736873
v 0.019297143 0.0053341523 -0.0010690836
v 0.019299746 0.0053272989 -0.0010643298
v 0.01930161 0.005320288 -0.0010594603
v 0.019302727 0.0053131727 -0.0010545131
v 0.019265872 0.0053702973 -0.0010940396
v 0.019260663 0.005373569 -0.0010962822
v 0.019255179 0.0053765223 -0.0010982993
v 0.019249499 0.0053792073 -0.0011001308
v 0.019243596 0.0053815489 -0.0011017201
v 0.019237538 0.0053836023 -0.0011031085
v 0.019231319 0.0053852912 -0.0011042421
v 0.019224991 0.0053866799 -0.0011051657
v 0.01921856 0.0053876871 -0.0011058216
v 0.019209892 0.0053885151 -0.0011063378
v 0.019203354 0.0053887455 -0.0011064542
v -0.019060405 0.01890907 0.019074218
v -0.019059287 0.018902258 0.019079552
v -0.01905742 0.018895549 0.019084805
v -0.019054815 0.018888988 0.019089932
v -0.019051496 0.018882629 0.019094896
v -0.019047484 0.018876518 0.01909966
v -0.019042816 0.018870704 0.019104187
v -0.019037523 0.01886523 0.019108443
v -0.019031642 0.018860136 0.019112393
v -0.019025224 0.018855465 0.019116012
v -0.019018317 0.018851248 0.019119267
v -0.019010971 0.01884752 0.019122136
v -0.019003241 0.01884431 0.019124601
v -0.018995191 0.018841639 0.019126636
v -0.018986877 0.01883953 0.019128229
v -0.018978364 0.018837997 0.019129366
v -0.018969718 0.018837055 0.019130043
v 0.019256373 0.0034956202 -0.0034719808
v 0.019264841 0.0034816845 -0.0034736843
v 0.019272095 0.0034664557 -0.0034755419
v 0.01927606 0.0034555694 -0.003476866
v 0.019279332 0.0034442355 -0.0034782438
v 0.019281889 0.00343254 -0.0034796622
v 0.019283706 0.0034205716 -0.0034811123
v 0.019284776 0.0034084224 -0.0034825823
v 0.019249989 0.0035039296 -0.0034709608
v 0.019188084 0.0035370482 -0.0034668084
v 0.019194616 0.0035365447 -0.003466885
v 0.019201103 0.0035353769 -0.0034670425
v 0.019207528 0.0035336815 -0.0034672635
v 0.019211756 0.0035322018 -0.0034674522
v 0.019217994 0.0035294687 -0.0034677977
v 0.019226098 0.0035249872 -0.0034683596
v 0.019233889 0.0035195291 -0.0034690378
v 0.019239503 0.0035148466 -0.0034696168
v 0.019244861 0.0035096029 -0.0034702635
v 0.019288939 0.01339785 0.012340032
v 0.019288728 0.013387642 0.012290234
v 0.019288703 0.013388707 0.012280016
v 0.019288754 0.013387533 0.012298455
v 0.019288794 0.013388522 0.012309708
v 0.019288831 0.013390205 0.012318799
v 0.019288868 0.013392434 0.012326711
v 0.019288908 0.013395306 0.012334414
v 0.01928899 0.013402381 0.012348091
v -0.018960896 0.018848848 0.019143177
v -0.018960842 0.018855574 0.019148669
v -0.018962116 0.018912804 0.019072521
v -0.018960788 0.018862748 0.019153554
v -0.018960733 0.018870319 0.019157797
v -0.01896068 0.018878229 0.019161367
v -0.018960626 0.018886421 0.019164243
v -0.018963407 0.018913325 0.019076036
v -0.018960523 0.018903394 0.019167806
v -0.018960472 0.018912092 0.019168472
v -0.018970735 0.018908554 0.019167579
v -0.018960302 0.018946058 0.019163705
v -0.0189603 0.018946474 0.019163572
v -0.018967135 0.018945102 0.01916364
v -0.018960208 0.018969719 0.019152472
v -0.018961752 0.018924336 0.019083075
v -0.018960267 0.018954397 0.019160601
v -0.018960237 0.018962239 0.019156875
v -0.018969251 0.018976898 0.019146907
v -0.018964478 0.018925058 0.01908277
v -0.018977859 0.018976233 0.019146026
v -0.018960341 0.018937902 0.019165959
v -0.018961865 0.018915854 0.019073555
v -0.018986339 0.018975101 0.01914455
v -0.018994627 0.018973524 0.019142509
v -0.018963203 0.018917268 0.019072433
v -0.019005958 0.018965598 0.019142107
v -0.018960382 0.018929371 0.019167546
v -0.018960426 0.018920731 0.019168386
v -0.019002659 0.018971508 0.019139909
v -0.019010376 0.01896907 0.019136772
v -0.019017439 0.018962323 0.019136241
v -0.018980482 0.018954629 0.019158159
v -0.01902741 0.018955491 0.019131177
v -0.018960573 0.018894789 0.019166384
v -0.018965609 0.018917605 0.019078372
v -0.018966137 0.018914089 0.019075678
v -0.018975403 0.018919915 0.019085382
v -0.018975976 0.018918331 0.019077896
v -0.019017647 0.018966256 0.019133156
v -0.019017789 0.018966195 0.019133077
v -0.019024598 0.018963016 0.019129
v -0.019031065 0.018959412 0.019124382
v -0.019036996 0.018955476 0.01911934
v -0.019042296 0.018951277 0.019113968
v -0.018966016 0.018914304 0.019072712
v -0.01904701 0.018946786 0.019108226
v -0.019051075 0.018942059 0.019102185
v -0.019054459 0.018937132 0.01909589
v -0.018974195 0.018915466 0.019072717
v -0.019057137 0.018932043 0.019089394
v -0.018968788 0.018907205 0.019078403
v -0.019032011 0.018871554 0.019122721
v -0.019050615 0.018897671 0.019107822
v -0.01896095 0.018842625 0.019137126
v -0.019059088 0.018926825 0.019082735
v -0.019060267 0.018921736 0.019076243
v -0.019059974 0.018914475 0.019081055
v -0.019060334 0.018921309 0.019075698
v 0.019195454 0.0052680407 -0.0048248381
v 0.019191092 0.0052680486 -0.0048246903
v 0.019204142 0.0052681222 -0.0048259327
v 0.019199806 0.0052680654 -0.0048252522
v 0.019212727 0.0052683322 -0.0048280861
v 0.019208452 0.0052682113 -0.0048268779
v 0.019225272 0.005268885 -0.0048332642
v 0.019229332 0.005269131 -0.0048354971
v 0.019241045 0.0052700483 -0.0048436566
v 0.019244765 0.0052704115 -0.0048468463
v 0.019255287 0.005271666 -0.004857739
v 0.019261699 0.0052726302 -0.0048660336
v 0.019267571 0.005273689 -0.0048750824
v 0.019272858 0.0052748337 -0.0048848167
v 0.019277519 0.0052760554 -0.0048951612
v 0.019281521 0.0052773461 -0.0049060384
v 0.019284831 0.0052786946 -0.0049173647
v 0.019287427 0.0052800908 -0.0049290541
v 0.019289284 0.0052815252 -0.0049410184
v 0.019290394 0.0052829857 -0.0049531652
v 0.019251896 0.005271221 -0.0048538942
v 0.019248386 0.0052708028 -0.0048502607
v 0.019237226 0.0052697127 -0.0048406985
v 0.01923332 0.0052694067 -0.0048379771
v 0.019221146 0.0052686692 -0.0048312828
v 0.01921696 0.0052684852 -0.0048295554
v 0.019290059 0.013481118 0.012298116
v 0.019388855 0.013478322 0.012293997
v 0.019298308 0.013485466 0.01229612
v 0.019387664 0.013469785 0.012292646
v 0.019385729 0.013461383 0.012291319
v 0.019383055 0.013453181 0.012290024
v 0.01937967 0.013445238 0.012288772
v 0.019296088 0.013482525 0.012295871
v 0.019375595 0.013437618 0.012287574
v 0.019370866 0.013430376 0.012286436
v 0.019365516 0.013423569 0.012285368
v 0.01929141 0.013479054 0.012295959
v 0.01929742 0.013389036 0.012280048
v 0.019306076 0.013390113 0.0122802
v 0.019314603 0.013391931 0.012280469
v 0.019322939 0.013394478 0.012280854
v 0.019331018 0.013397729 0.012281351
v 0.0193425 0.013403042 0.012292656
v 0.01933878 0.013401666 0.012281957
v 0.019346166 0.013406255 0.012282668
v 0.019353115 0.013411463 0.012283477
v 0.019359581 0.013417249 0.01228438
v 0.019293244 0.013481392 0.012297117
v 0.019292834 0.013484781 0.012296997
v 0.019297738 0.013471475 0.012304103
v 0.019297769 0.013409046 0.012357132
v 0.019306421 0.013409895 0.012356403
v 0.019314942 0.013411334 0.012355211
v 0.019323268 0.013413352 0.012353565
v 0.019331335 0.013415935 0.01235148
v 0.019339085 0.013419063 0.012348969
v 0.019346452 0.013422711 0.012346054
v 0.019353384 0.013426851 0.012342754
v 0.019359829 0.013431452 0.012339096
v 0.019365741 0.013436482 0.012335108
v 0.019371067 0.013441898 0.012330819
v 0.019375771 0.013447661 0.012326263
v 0.019379818 0.013453728 0.012321474
v 0.019383175 0.01346005 0.012316489
v 0.019384466 0.013460271 0.012308969
v 0.019385819 0.013466582 0.012311346
v 0.019387726 0.013473273 0.012306082
v 0.019388886 0.013480072 0.01230074
v 0.019284736 0.014279615 0.0066621639
v 0.019293391 0.01428077 0.0066618245
v 0.019301916 0.014282717 0.0066612798
v 0.019310249 0.014285443 0.0066605356
v 0.019318324 0.014288923 0.0066595946
v 0.019326084 0.014293135 0.0066584662
v 0.019333464 0.014298045 0.0066571582
v 0.019340409 0.014303615 0.0066556809
v 0.019376084 0.014375108 0.0066369599
v 0.019374901 0.014365981 0.0066393346
v 0.019372971 0.014356998 0.0066416756
v 0.019370307 0.014348227 0.0066439642
v 0.019366931 0.014339735 0.0066461841
v 0.019362862 0.014331585 0.0066483176
v 0.01935814 0.014323843 0.0066503499
v 0.019352796 0.014316564 0.0066522646
v 0.019346871 0.014309803 0.006654045
v 0.019343703 0.014306634 0.0066548819
v 0.019336995 0.01430075 0.0066564405
v 0.019329824 0.014295505 0.0066578346
v 0.019322247 0.01429094 0.0066590536
v 0.019314323 0.01428709 0.0066600891
v 0.01930611 0.014283984 0.006660932
v 0.019297673 0.014281646 0.0066615786
v 0.019289076 0.014280093 0.0066620193
v 0.01928038 0.014279338 0.0066622561
v 0.019276017 0.014279261 0.0066622954
v 0.019438075 0.018699411 0.01895406
v 0.019436915 0.018692612 0.018959401
v 0.019435009 0.018685922 0.018964666
v 0.019432365 0.018679389 0.018969808
v 0.019429008 0.018673068 0.018974794
v 0.019424961 0.018667 0.018979582
v 0.019420256 0.018661236 0.018984137
v 0.019414931 0.018655821 0.018988427
v 0.019409021 0.018650791 0.018992414
v 0.019402574 0.018646191 0.018996074
v 0.019395644 0.01864205 0.018999373
v 0.019388275 0.018638401 0.019002288
v 0.019380525 0.018635273 0.019004799
v 0.019372458 0.018632691 0.019006884
v 0.019364132 0.018630672 0.01900853
v 0.019355611 0.018629234 0.019009722
v 0.019346959 0.018628386 0.019010453
v -0.012359725 0.019912112 0.020525631
v -0.012368324 0.019913071 0.02052494
v -0.012376788 0.019914613 0.020523792
v -0.012385055 0.019916727 0.020522194
v -0.012392901 0.019919338 0.020520204
v -0.012393217 0.019919456 0.020520114
v -0.012400742 0.019922602 0.020517702
v -0.012407976 0.019926279 0.020514873
v -0.012408119 0.019926358 0.020514812
v -0.012414885 0.019930493 0.020511615
v -0.012424242 0.019937711 0.020506021
v -0.012432426 0.019945676 0.020499834
v -0.012437079 0.019951457 0.020495333
v -0.012441008 0.019957409 0.020490697
v -0.012441155 0.019957658 0.020490503
v -0.0124444 0.019963854 0.020485662
v -0.012447011 0.019970377 0.020480565
v -0.01244884 0.019976815 0.020475529
v -0.012448946 0.019977289 0.020475158
v -0.012450034 0.019983827 0.020470038
v -0.018947096 0.024117999 0.01727493
v -0.018955695 0.024118961 0.017274243
v -0.01896416 0.024120504 0.017273094
v -0.018972425 0.024122618 0.017271496
v -0.018980431 0.024125287 0.017269462
v -0.018998835 0.024134295 0.01726253
v -0.018988226 0.024128545 0.017266965
v -0.018988001 0.02412844 0.017267045
v -0.019008672 0.024141057 0.017257302
v -0.019014553 0.024146149 0.017253349
v -0.019022123 0.024154458 0.017246887
v -0.019028452 0.024163422 0.017239899
v -0.019031697 0.024169583 0.01723509
v -0.019034381 0.024176268 0.017229867
v -0.019036263 0.024182942 0.017224646
v -0.019031845 0.024169906 0.017234838
v -0.019037405 0.024189717 0.017219341
v 0.019437006 0.018717177 0.018962581
v 0.019435154 0.018722418 0.018969255
v 0.019342705 0.018706567 0.018950603
v 0.019432572 0.018727536 0.018975769
v 0.019429281 0.018732499 0.018982084
v 0.01942537 0.018737199 0.01898806
v 0.019425023 0.018731262 0.018992719
v 0.019425241 0.01873734 0.018988239
v 0.019420675 0.018741809 0.018993919
v 0.019352619 0.018711657 0.018959881
v 0.019409598 0.018750068 0.019004403
v 0.019403201 0.018753741 0.019009062
v 0.019341026 0.018709568 0.018953848
v 0.019348122 0.018768226 0.019027314
v 0.019351258 0.018765258 0.019028936
v 0.019365174 0.018766243 0.019024852
v 0.019356715 0.018767465 0.019026378
v 0.019339036 0.018761145 0.019032936
v 0.01933942 0.018712307 0.018958798
v 0.019342001 0.018750176 0.019038916
v 0.01933901 0.018753932 0.019037192
v 0.019339009 0.018753392 0.019037478
v 0.019373431 0.018764573 0.019022755
v 0.019381424 0.018762473 0.019020108
v 0.019360542 0.018755902 0.019033086
v 0.019338979 0.018745824 0.019041065
v 0.019338943 0.018737691 0.019044101
v 0.019342904 0.018710654 0.018962019
v 0.019339577 0.018707427 0.018956961
v 0.019389094 0.018759949 0.01901692
v 0.019340534 0.018707107 0.018952443
v 0.019396382 0.018757026 0.019013224
v 0.019338905 0.018729328 0.019046423
v 0.019343224 0.018721049 0.019047858
v 0.019338865 0.018720922 0.019047989
v 0.019338864 0.018720663 0.019048025
v 0.019415456 0.018746068 0.018999327
v 0.019341518 0.018704513 0.018961199
v 0.019338819 0.018712155 0.019048848
v 0.019338772 0.018703519 0.019048937
v 0.019338723 0.018694821 0.01904827
v 0.019338671 0.018686212 0.019046846
v 0.019338621 0.018677929 0.019044729
v 0.019340992 0.018702626 0.018959198
v 0.01934576 0.01867797 0.019044466
v 0.019348759 0.018699575 0.01896168
v 0.019338618 0.018677763 0.019044679
v 0.019338566 0.018669655 0.019041831
v 0.019338511 0.018661745 0.019038261
v 0.019343467 0.018705752 0.01895302
v 0.019338457 0.018654172 0.019034015
v 0.019338402 0.018647 0.019029133
v 0.019343143 0.018693806 0.018964403
v 0.019438118 0.018711862 0.01895581
v 0.019346234 0.018700442 0.018955936
v 0.019338352 0.018640502 0.019023846
v 0.019346953 0.018637176 0.019020125
v 0.019338348 0.018640045 0.019023437
v 0.019338296 0.018634051 0.01901759
v -0.012447589 0.019979375 0.020484588
v -0.012359273 0.019989746 0.020467316
v -0.012438762 0.019960117 0.020499629
v -0.012358381 0.019986614 0.020470323
v -0.012407706 0.0199319 0.020521536
v -0.012388678 0.019923657 0.02052786
v -0.012352645 0.020006264 0.020487168
v -0.01235313 0.01999361 0.020469579
v -0.012370271 0.020032189 0.020552612
v -0.012355703 0.019993988 0.020476012
v -0.012352555 0.019993038 0.020478608
v -0.012352588 0.019990963 0.020472208
v -0.012351489 0.019995997 0.020478029
v -0.012393467 0.019985679 0.020553951
v -0.012353511 0.0199872 0.020478532
v -0.012354488 0.019987038 0.020472926
v -0.012352139 0.019982995 0.020476781
v -0.012349868 0.020045043 0.020547891
v -0.012349895 0.020037536 0.020552334
v -0.012349925 0.020029669 0.020556104
v -0.012349961 0.020021505 0.020559178
v -0.012349999 0.020013101 0.020561523
v -0.01235004 0.020004526 0.020563131
v -0.012350085 0.019995844 0.020563984
v -0.012350132 0.019987121 0.020564076
v -0.012350182 0.019978422 0.02056341
v -0.012350233 0.019969817 0.020561988
v -0.012350286 0.019961367 0.020559821
v -0.01235034 0.019953138 0.020556926
v -0.012350395 0.019945192 0.020553323
v -0.012350449 0.019937592 0.020549042
v -0.012350504 0.019930392 0.020544115
v -0.012350558 0.01992365 0.020538579
v -0.012354915 0.019976359 0.020479062
v -0.012350611 0.019917415 0.020532476
v -0.01235599 0.019985181 0.020472172
v -0.012361496 0.01999308 0.020478274
v -0.01236155 0.019989809 0.020473847
v -0.012360474 0.019992911 0.020471423
v -0.012441104 0.020002746 0.020503718
v -0.012422669 0.020023679 0.020524361
v -0.012449993 0.019996334 0.020471299
v -0.012448805 0.020001667 0.020478101
v -0.012446866 0.020006913 0.020484796
v -0.012444195 0.020012036 0.020491336
v -0.01244081 0.020016992 0.020497666
v -0.012436737 0.020021748 0.020503744
v -0.012432007 0.020026262 0.020509516
v -0.012426655 0.020030506 0.020514946
v -0.012420725 0.020034443 0.020519988
v -0.012414259 0.020038044 0.020524603
v -0.012407306 0.020041286 0.020528762
v -0.012399922 0.020044137 0.020532425
v -0.01239216 0.020046582 0.02053557
v -0.012384081 0.020048599 0.020538173
v -0.012375745 0.020050174 0.020540212
v -0.012367218 0.020051292 0.02054167
v -0.012358563 0.020051947 0.020542538
v -0.019035548 0.024190844 0.017232269
v -0.019029782 0.024172218 0.017244086
v -0.018945779 0.024193265 0.01721901
v -0.018987758 0.024134076 0.017273697
v -0.018938885 0.024201512 0.017224104
v -0.018941687 0.024207254 0.017230847
v -0.018939401 0.024196357 0.017215894
v -0.018943892 0.024253891 0.017294918
v -0.018939573 0.02419771 0.017222157
v -0.018939767 0.024194964 0.01722155
v -0.018945592 0.024219759 0.017310282
v -0.018937239 0.024250933 0.017297193
v -0.018937266 0.024243426 0.017301637
v -0.018937296 0.024235559 0.017305407
v -0.018937332 0.024227395 0.017308481
v -0.01893737 0.024218991 0.017310826
v -0.018937411 0.024210417 0.017312433
v -0.018937457 0.024201735 0.017313286
v -0.018937504 0.02419301 0.017313379
v -0.018937553 0.024184312 0.017312712
v -0.018937605 0.024175707 0.017311291
v -0.018937658 0.024167257 0.017309123
v -0.018937711 0.024159029 0.017306229
v -0.018937766 0.02415108 0.017302623
v -0.018941076 0.024192749 0.017222089
v -0.018937821 0.024143481 0.017298345
v -0.018939071 0.024193946 0.017216252
v -0.018937875 0.02413628 0.017293415
v -0.018937928 0.024129539 0.017287882
v -0.018937982 0.024123304 0.017281779
v -0.01894179 0.024197286 0.017216484
v -0.018947334 0.024197014 0.017217309
v -0.018942272 0.024201957 0.01722262
v -0.019037364 0.024202225 0.017220601
v -0.019036174 0.024207557 0.017227403
v -0.019034237 0.024212803 0.017234098
v -0.019031565 0.024217926 0.017240638
v -0.01902818 0.024222882 0.017246968
v -0.019024106 0.024227636 0.017253044
v -0.019019379 0.024232152 0.017258819
v -0.019014028 0.024236396 0.017264249
v -0.019008095 0.024240331 0.017269287
v -0.019001628 0.024243935 0.017273905
v -0.018994679 0.024247176 0.017278065
v -0.018987294 0.024250027 0.017281727
v -0.01897953 0.024252472 0.017284873
v -0.018971452 0.024254489 0.017287475
v -0.018963117 0.024256064 0.017289514
v -0.018954591 0.024257182 0.017290972
v -0.018945932 0.024257837 0.017291841
v -0.0039000342 0.019999024 0.020521516
v -0.0039000611 0.019991519 0.020525962
v -0.003900092 0.019983652 0.020529732
v -0.0039001271 0.019975486 0.020532803
v -0.0039001654 0.019967084 0.020535151
v -0.0039002069 0.01995851 0.020536758
v -0.003900252 0.019949829 0.020537612
v -0.0039002989 0.019941104 0.020537704
v -0.0039003486 0.019932406 0.020537037
v -0.0039003996 0.019923801 0.020535616
v -0.0039004523 0.01991535 0.020533449
v -0.0039005064 0.019907123 0.020530553
v -0.0039005607 0.019899173 0.020526948
v -0.0039006155 0.019891575 0.02052267
v -0.0039006702 0.019884373 0.02051774
v -0.0039007242 0.019877633 0.020512207
v -0.0039007772 0.019871398 0.020506104
v -0.012348657 0.023356433 0.017950189
v -0.012357313 0.02335578 0.017949323
v -0.012365841 0.02335466 0.017947862
v -0.012374176 0.023353088 0.017945826
v -0.012382255 0.023351068 0.017943221
v -0.012390017 0.023348626 0.017940078
v -0.012397401 0.023345772 0.017936413
v -0.012404354 0.023342533 0.017932256
v -0.01241082 0.023338929 0.017927638
v -0.012416751 0.023334992 0.017922597
v -0.012422101 0.02333075 0.01791717
v -0.012426832 0.023326234 0.017911395
v -0.012430905 0.023321478 0.017905316
v -0.01243429 0.023316522 0.017898986
v -0.012436961 0.023311399 0.017892446
v -0.0124389 0.023306155 0.017885755
v -0.012440088 0.023300823 0.017878952
v -0.013437347 0.024220981 0.017280027
v -0.013437374 0.024213474 0.01728447
v -0.013437405 0.024205606 0.01728824
v -0.01343744 0.024197443 0.017291314
v -0.013437478 0.024189039 0.017293659
v -0.01343752 0.024180464 0.017295266
v -0.013437565 0.024171783 0.01729612
v -0.013437612 0.02416306 0.017296215
v -0.013437661 0.024154362 0.017295548
v -0.013437713 0.024145755 0.017294124
v -0.013437766 0.024137305 0.017291957
v -0.013437819 0.024129076 0.017289062
v -0.013437874 0.02412113 0.017285459
v -0.013437929 0.024113529 0.017281178
v -0.013437983 0.024106329 0.017276252
v -0.013438037 0.024099587 0.017270716
v -0.01343809 0.024093352 0.017264612
v -0.018929189 0.029843992 0.012909535
v -0.018937846 0.029843338 0.012908669
v -0.018946372 0.029842218 0.012907208
v -0.018954709 0.029840646 0.012905173
v -0.018962787 0.029838626 0.012902567
v -0.018970549 0.029836184 0.012899424
v -0.018977934 0.029833331 0.012895759
v -0.018984885 0.029830091 0.012891603
v -0.01899135 0.029826487 0.012886985
v -0.018997283 0.029822552 0.012881946
v -0.019002634 0.029818309 0.012876516
v -0.019007363 0.029813792 0.012870741
v -0.019011437 0.029809036 0.012864662
v -0.019014822 0.029804083 0.012858336
v -0.019017494 0.02979896 0.012851795
v -0.019019431 0.029793714 0.012845101
v -0.019020621 0.029788381 0.012838298
v 0.019411357 0.023919371 0.017147153
v 0.019461013 0.023980057 0.017099181
v 0.019457909 0.023966642 0.017109728
v 0.019459831 0.023973296 0.017104496
v 0.01945526 0.023960149 0.017114844
v 0.019451903 0.023953861 0.017119798
v 0.019447865 0.023947829 0.017124558
v 0.019437901 0.023936739 0.017133333
v 0.019443176 0.0239421 0.01712909
v 0.019428768 0.023929409 0.01713915
v 0.019418683 0.023923007 0.017144248
v 0.019403812 0.023916307 0.017149612
v 0.019403495 0.023916192 0.017149705
v 0.019395633 0.023913667 0.017151743
v 0.019387355 0.023911643 0.017153393
v 0.019378881 0.023910193 0.017154594
v 0.019370277 0.023909327 0.017155338
v 0.012848644 0.019846052 0.020391077
v 0.012847462 0.019839289 0.020396389
v 0.01284554 0.019832637 0.020401624
v 0.01284289 0.019826142 0.020406737
v 0.012839533 0.019819856 0.020411695
v 0.012833152 0.01981096 0.02041872
v 0.012822576 0.019800221 0.020427225
v 0.012806314 0.019789002 0.020436144
v 0.012813176 0.019793105 0.020432876
v 0.012799101 0.019785417 0.020439009
v 0.012798874 0.019785315 0.020439091
v 0.012791285 0.019782245 0.020441555
v 0.012783263 0.019779662 0.02044364
v 0.012774986 0.019777639 0.020445289
v 0.012766512 0.019776189 0.02044649
v 0.012757907 0.019775322 0.020447235
v -0.0038921122 0.019865971 0.02049922
v -0.0038985839 0.019940047 0.020444363
v -0.0038014687 0.019951905 0.020447709
v -0.0038925664 0.019944806 0.02043974
v -0.0038009734 0.019940018 0.020444857
v -0.0038038519 0.019959844 0.020457819
v -0.0038807017 0.01994385 0.020442718
v -0.0038824663 0.019947225 0.020445217
v -0.003806427 0.019964995 0.020464375
v -0.0038117097 0.019972387 0.020473779
v -0.0038160505 0.019969231 0.020484669
v -0.003889412 0.019942652 0.020440543
v -0.0038919234 0.019941811 0.020443819
v -0.0038956606 0.019943417 0.020443003
v -0.0038969135 0.019945647 0.020441289
v -0.0038183453 0.019979353 0.020482633
v -0.0038916809 0.01994096 0.020442084
v -0.003823616 0.019983653 0.020488094
v -0.0038900204 0.019946508 0.020452188
v -0.0038294724 0.019987656 0.020493173
v -0.0038931562 0.01993628 0.020447863
v -0.0038938884 0.019949971 0.020447913
v -0.0038393146 0.019992984 0.020499929
v -0.0038348057 0.019893975 0.020493379
v -0.0038500902 0.019997576 0.020505741
v -0.0038970321 0.019942391 0.020446907
v -0.0038618249 0.020001157 0.02051026
v -0.0038009961 0.019936997 0.020442828
v -0.0038986235 0.019945052 0.020446386
v -0.0038980895 0.019950068 0.020449489
v -0.0038021551 0.019930199 0.020448171
v -0.0038040632 0.019923507 0.020453433
v -0.0038067062 0.019916977 0.020458578
v -0.0038100636 0.019910653 0.020463562
v -0.0038141101 0.019904588 0.020468352
v -0.0038188143 0.019898823 0.020472907
v -0.0038241413 0.019893409 0.020477197
v -0.0038300505 0.019888378 0.020481185
v -0.0038364957 0.019883776 0.020484841
v -0.0038434293 0.019879637 0.020488143
v -0.0038507982 0.01987599 0.020491058
v -0.0038585455 0.019872861 0.020493569
v -0.0038666134 0.019870279 0.020495654
v -0.0038749395 0.01986826 0.0204973
v -0.0038834603 0.019866822 0.020498492
v -0.0038741495 0.020003876 0.020513678
v -0.0038869766 0.020005459 0.020515648
v -0.0038918591 0.019897493 0.020525349
v -0.012345806 0.023371197 0.017814107
v -0.01235808 0.023446031 0.017755494
v -0.012378432 0.023519536 0.017697416
v -0.012407031 0.023591627 0.017641077
v -0.012443495 0.023661509 0.017586525
v -0.012487547 0.023728652 0.017534177
v -0.01253885 0.023792548 0.017484435
v -0.012597017 0.023852705 0.01743767
v -0.012661604 0.02390867 0.017394246
v -0.012732118 0.023960014 0.017354488
v -0.012808022 0.02400635 0.017318703
v -0.01288874 0.024047319 0.017287158
v -0.012973658 0.024082617 0.017260099
v -0.013062173 0.024112112 0.017238176
v -0.013153508 0.024135294 0.017220665
v -0.01324729 0.024156061 0.017216205
v -0.013257176 0.024154018 0.01730535
v -0.013248322 0.024148625 0.017215134
v -0.013342198 0.024171974 0.017218193
v -0.01334566 0.024181098 0.017296654
v -0.013342359 0.024160852 0.017204347
v -0.011002293 0.036038777 0.0078757577
v -0.011699437 0.03602179 0.0079024423
v -0.011002246 0.036043221 0.0078832691
v -0.0110022 0.036046991 0.0078911338
v -0.011002158 0.036050063 0.0078992993
v -0.011698936 0.036029924 0.0079202495
v -0.01100212 0.036052411 0.0079077007
v -0.011698303 0.036033305 0.0079350926
v -0.011002084 0.036054017 0.0079162767
v -0.011002052 0.036054871 0.0079249591
v -0.011002024 0.036054965 0.0079336832
v -0.01169702 0.036034542 0.0079589278
v -0.011002 0.036054297 0.0079423799
v -0.011001982 0.036052873 0.0079509869
v -0.0116957 0.036031013 0.0079781246
v -0.011001967 0.036050707 0.0079594375
v -0.011001957 0.03604781 0.007967666
v -0.011001952 0.036044207 0.0079756098
v -0.011694222 0.036024198 0.0079964259
v -0.011001951 0.03603993 0.0079832157
v -0.011693159 0.036017488 0.008007597
v -0.011001956 0.036035002 0.0079904136
v -0.011001965 0.036029466 0.0079971556
v -0.011001979 0.036023364 0.0080033898
v -0.01239124 0.035957074 0.0079665288
v -0.012381033 0.035909996 0.0080012325
v -0.012386881 0.035966862 0.0080171212
v -0.012384292 0.035963457 0.008036212
v -0.012376419 0.035901592 0.0080319305
v -0.013072739 0.035841973 0.0080618612
v -0.013057476 0.035795752 0.0080958574
v -0.013054858 0.03579511 0.008110431
v -0.013059163 0.035844183 0.0081451787
v -0.013054447 0.035834716 0.0081616399
v -0.013719581 0.035633691 0.0082191954
v -0.013711403 0.03561797 0.0082354398
v -0.013720767 0.035683775 0.0082759022
v -0.013714535 0.035674679 0.0082920672
v -0.014383042 0.035476575 0.0083661832
v -0.0143488 0.035408588 0.0083991718
v -0.014346996 0.035415804 0.0084142441
v -0.015002514 0.035226532 0.0085669152
v -0.014961967 0.035161097 0.0085978543
v -0.014959854 0.035168441 0.008612828
v -0.015544715 0.034868751 0.0088251188
v -0.015571416 0.034943928 0.0088580821
v -0.015540787 0.034873609 0.0088400591
v -0.016111314 0.03456172 0.0090778082
v -0.016087727 0.034535639 0.0090901339
v -0.016662749 0.034232924 0.0093506559
v -0.016596694 0.034170117 0.009377982
v -0.017135306 0.033830773 0.0096696237
v -0.017063729 0.033772683 0.0096932107
v -0.017561335 0.033397588 0.010012597
v -0.017484778 0.033344576 0.010032165
v -0.017937585 0.032936663 0.010376961
v -0.017886246 0.032912025 0.010393756
v -0.017916668 0.032955468 0.010420356
v -0.017859734 0.032897686 0.010400265
v -0.0182612 0.032451507 0.010759945
v -0.018207463 0.032430471 0.010773897
v -0.018239314 0.032471762 0.010802198
v -0.018179717 0.032417993 0.010778938
v -0.018529711 0.031945811 0.011158633
v -0.018473982 0.031928529 0.011169629
v -0.018502596 0.0319691 0.011204254
v -0.018455844 0.031933577 0.011186696
v -0.018457996 0.031971849 0.011234164
v -0.018741076 0.031423425 0.011569992
v -0.01866671 0.03140213 0.01157533
v -0.018668282 0.031416015 0.011592256
v -0.018675496 0.031454789 0.011638525
v -0.018663241 0.031454117 0.011643031
v -0.018893688 0.030888324 0.01199089
v -0.01883527 0.030878892 0.011995708
v -0.018869916 0.030913249 0.012029471
v -0.018819465 0.030885955 0.012009191
v -0.01882682 0.030924205 0.012055872
v -0.018814322 0.030924381 0.01205971
v -0.018986386 0.030344582 0.012418125
v -0.018981073 0.030354445 0.012431458
v -0.018972975 0.030363388 0.012444024
v -0.018962336 0.030371128 0.012455428
v -0.01894948 0.030377441 0.012465337
v -0.018934797 0.030382129 0.012473443
v -0.018918735 0.030385051 0.012479501
v -0.01890609 0.030386089 0.012482663
v 0.019364127 0.02397968 0.01710333
v 0.019407245 0.023923401 0.017155099
v 0.019367781 0.023981968 0.01710091
v 0.019363121 0.02399259 0.017106554
v 0.019362913 0.023988673 0.017102331
v 0.019364328 0.023990335 0.017099154
v 0.019362856 0.02399334 0.017102707
v 0.019363469 0.023987917 0.017097562
v 0.019368169 0.023989504 0.017099414
v 0.019370742 0.024049167 0.017172248
v 0.019379386 0.024048419 0.017171328
v 0.019387891 0.024047206 0.017169814
v 0.019396197 0.024045543 0.017167726
v 0.019404236 0.024043436 0.017165071
v 0.019411952 0.024040909 0.01716188
v 0.019419282 0.024037976 0.017158168
v 0.01942617 0.02403466 0.017153968
v 0.019432568 0.024030988 0.017149312
v 0.019438426 0.024026986 0.017144233
v 0.019443695 0.024022686 0.017138771
v 0.019448339 0.02401812 0.017132969
v 0.019452322 0.024013318 0.017126864
v 0.019455613 0.024008327 0.017120514
v 0.019450527 0.023996668 0.017137381
v 0.019458189 0.024003177 0.017113958
v 0.019365955 0.023987004 0.01709586
v 0.019460027 0.023997911 0.017107253
v 0.019460716 0.023985736 0.017105803
v 0.019461116 0.023992566 0.017100444
v 0.019456343 0.023969045 0.01711893
v 0.019373852 0.023985411 0.017102268
v 0.019371802 0.0239831 0.017105182
v 0.01936376 0.023985343 0.017100253
v 0.019381482 0.02394068 0.01717925
v 0.01937436 0.0239724 0.017191613
v 0.019361264 0.023914728 0.01716224
v 0.019361316 0.023920963 0.017168344
v 0.019361371 0.023927705 0.01717388
v 0.019361426 0.023934907 0.017178809
v 0.01936148 0.023942506 0.017183087
v 0.019361536 0.023950453 0.01718669
v 0.019361588 0.023958683 0.017189588
v 0.019361642 0.023967134 0.017191755
v 0.019361693 0.023975739 0.017193176
v 0.019361742 0.023984437 0.017193843
v 0.019361789 0.023993161 0.017193751
v 0.019361833 0.024001843 0.017192897
v 0.019361876 0.024010415 0.017191287
v 0.019361914 0.024018819 0.017188942
v 0.019361948 0.024026984 0.017185871
v 0.019363113 0.024034909 0.017182044
v 0.019362007 0.024042357 0.017177655
v 0.012751629 0.019846787 0.020393457
v 0.012798735 0.019790954 0.020445743
v 0.012766185 0.019841174 0.020400989
v 0.012750661 0.019862374 0.020400442
v 0.01275139 0.019856759 0.020395527
v 0.012752974 0.019860222 0.020397223
v 0.012787394 0.019865217 0.020477235
v 0.012757674 0.019857789 0.020399787
v 0.012754061 0.019853316 0.020391874
v 0.012764494 0.019912576 0.020465043
v 0.012754579 0.01985691 0.020392092
v 0.01275622 0.019854724 0.020391366
v 0.012786586 0.019903663 0.020463654
v 0.012758373 0.019915162 0.020464144
v 0.012767016 0.019914415 0.020463225
v 0.012775522 0.019913201 0.020461711
v 0.012783827 0.019911539 0.020459623
v 0.012791867 0.019909431 0.020456967
v 0.012799582 0.019906904 0.020453776
v 0.012806912 0.019903971 0.020450064
v 0.012813803 0.019900655 0.020445864
v 0.012820199 0.019896981 0.020441206
v 0.012826056 0.019892982 0.020436129
v 0.012831326 0.019888681 0.020430668
v 0.012835971 0.019884113 0.020424862
v 0.012839953 0.019879314 0.02041876
v 0.012840479 0.019866594 0.020423611
v 0.012843246 0.019874322 0.020412411
v 0.01284582 0.019869172 0.020405855
v 0.012757733 0.019853071 0.020389025
v 0.012847659 0.019863906 0.02039915
v 0.012848746 0.019858561 0.02039234
v 0.012846242 0.019841626 0.020405642
v 0.012833728 0.019819551 0.020425805
v 0.012832052 0.019832863 0.020437085
v 0.012753443 0.019851598 0.02039331
v 0.012750774 0.019851327 0.020391132
v 0.012752562 0.019852737 0.020405253
v 0.01277324 0.019858682 0.020482466
v 0.012760743 0.019869056 0.020483755
v 0.012756036 0.019889533 0.020478757
v 0.012748895 0.019780723 0.020454137
v 0.012748948 0.019786959 0.02046024
v 0.012749002 0.019793701 0.020465776
v 0.012749057 0.0198009 0.020470703
v 0.012749111 0.019808501 0.020474984
v 0.012749166 0.019816448 0.020478586
v 0.012749219 0.019824679 0.020481484
v 0.012749273 0.019833129 0.020483652
v 0.012749324 0.019841734 0.020485073
v 0.012749373 0.019850433 0.020485739
v 0.01274942 0.019859156 0.020485647
v 0.012749465 0.019867838 0.020484794
v 0.012749506 0.01987641 0.020483183
v 0.012749545 0.019884815 0.020480839
v 0.01274958 0.01989298 0.020477768
v 0.012749611 0.019900845 0.020473995
v 0.012749638 0.019908352 0.020469551
v -0.0038448697 0.015363835 0.014623734
v -0.0038438948 0.015371238 0.014619127
v -0.0038505866 0.015343843 0.014632295
v -0.0038483662 0.015350035 0.01463021
v -0.0038466015 0.015356063 0.01462768
v -0.0038561731 0.015331138 0.014635281
v -0.0038531632 0.015337544 0.014634019
v -0.0038659455 0.015313814 0.014636637
v -0.0038607412 0.015322501 0.014636337
v -0.0038732657 0.015302974 0.014635968
v -0.0038797487 0.015294401 0.014634565
v -0.0038867224 0.01528599 0.014632419
v -0.0038941343 0.015277801 0.014629546
v -0.0039019263 0.015269897 0.014625969
v -0.0039100411 0.01526234 0.014621713
v -0.0039184156 0.015255186 0.014616813
v -0.0039269864 0.01524849 0.014611303
v -0.0039356885 0.015242303 0.014605228
v -0.0038837078 0.021095957 0.019660162
v -0.0038708934 0.021090187 0.019661474
v -0.0038585806 0.021083444 0.019661213
v -0.0038468578 0.021076028 0.019659703
v -0.0038360925 0.021067912 0.019656658
v -0.00382626 0.021059357 0.01965243
v -0.0038218368 0.021054924 0.019649786
v -0.0038116242 0.021042835 0.019641329
v -0.0038151439 0.021047404 0.019644754
v -0.0038177013 0.02105043 0.01964687
v -0.0038040151 0.021030633 0.019630977
v -0.0038074776 0.021036726 0.019636374
v -0.0037985087 0.021015789 0.019615857
v -0.0037996532 0.021020154 0.019620623
v -0.0038006649 0.021023111 0.019623694
v -0.0038018602 0.021026103 0.019626683
v -0.0025666283 0.035977423 0.0079770607
v -0.0025666145 0.035983528 0.0079708288
v -0.0025666055 0.035989065 0.0079640868
v -0.0025666011 0.03599399 0.007956886
v -0.0025666014 0.03599827 0.007949283
v -0.0025666067 0.036001873 0.0079413392
v -0.0025666166 0.03600477 0.0079331113
v -0.002566631 0.036006934 0.0079246572
v -0.0025666501 0.036008357 0.0079160502
v -0.0025666736 0.036009028 0.0079073565
v -0.0025667013 0.036008934 0.0078986323
v -0.0025667332 0.03600808 0.0078899499
v -0.0025667688 0.036006471 0.0078813716
v -0.0025668078 0.036004125 0.0078729731
v -0.00256685 0.036001051 0.0078648042
v -0.0025668951 0.035997281 0.0078569394
v -0.0025669427 0.035992839 0.0078494315
v 0.019387487 0.029635323 0.012789945
v 0.019396131 0.029634573 0.012789023
v 0.019404634 0.029633363 0.012787512
v 0.01941294 0.029631697 0.012785421
v 0.019420981 0.029629592 0.012782768
v 0.019428695 0.029627066 0.012779577
v 0.019436026 0.029624132 0.012775865
v 0.019442915 0.029620816 0.012771665
v 0.019449311 0.029617142 0.012767006
v 0.019455171 0.029613143 0.01276193
v 0.01946044 0.029608842 0.012756469
v 0.019465084 0.029604274 0.012750663
v 0.019469067 0.029599475 0.012744561
v 0.019472358 0.029594484 0.012738211
v 0.019474934 0.029589333 0.012731656
v 0.019476771 0.029584067 0.01272495
v 0.019477861 0.029578722 0.012718141
v 0.013862116 0.02407231 0.017194821
v 0.013862088 0.024064803 0.017199265
v 0.013862057 0.024056937 0.017203038
v 0.013862023 0.024048771 0.017206109
v 0.013861984 0.024040367 0.017208454
v 0.013861942 0.024031793 0.017210061
v 0.013861898 0.024023114 0.017210917
v 0.01386185 0.024014389 0.017211009
v 0.013861801 0.024005691 0.017210343
v 0.013861749 0.023997086 0.017208922
v 0.013861697 0.023988633 0.017206751
v 0.013861643 0.023980405 0.017203857
v 0.013861589 0.023972459 0.017200253
v 0.013861533 0.023964857 0.017195973
v 0.01386148 0.023957658 0.017191046
v 0.013861425 0.023950916 0.01718551
v 0.013861372 0.02394468 0.017179407
v 0.012768279 0.023219648 0.017871795
v 0.012776921 0.023218901 0.017870875
v 0.012785427 0.023217688 0.017869361
v 0.012793732 0.023216025 0.017867273
v 0.012801772 0.023213917 0.017864618
v 0.012809487 0.023211391 0.017861427
v 0.012816817 0.023208457 0.017857715
v 0.012823707 0.023205141 0.017853515
v 0.012830105 0.02320147 0.017848859
v 0.01283596 0.023197468 0.01784378
v 0.012841232 0.023193167 0.017838318
v 0.012845876 0.023188602 0.017832516
v 0.012849859 0.0231838 0.017826411
v 0.012853151 0.023178809 0.017820061
v 0.012855725 0.023173658 0.017813506
v 0.012857564 0.023168392 0.0178068
v 0.012858652 0.023163047 0.017799991
v 0.0048997924 0.019951102 0.020494051
v 0.0048997654 0.019943595 0.020498495
v 0.0048997346 0.01993573 0.020502268
v 0.0048996994 0.019927564 0.020505339
v 0.0048996612 0.01991916 0.020507684
v 0.0048996196 0.019910587 0.020509294
v 0.0048995751 0.019901906 0.020510148
v 0.0048995277 0.019893182 0.02051024
v 0.0048994784 0.019884483 0.020509573
v 0.004899427 0.019875878 0.020508152
v 0.0048993742 0.019867428 0.020505984
v 0.0048993201 0.019859198 0.020503087
v 0.0048992659 0.019851251 0.020499484
v 0.004899211 0.019843651 0.020495203
v 0.0048991564 0.019836451 0.020490276
v 0.0048991024 0.019829709 0.02048474
v 0.0048990493 0.019823474 0.020478637
v -0.002249013 0.022258514 0.018673743
v -0.0022481711 0.022254496 0.018672025
v -0.0022450392 0.022235742 0.018660917
v -0.0022446367 0.02223231 0.018658223
v -0.0022439778 0.022224289 0.01865084
v -0.0022443112 0.022228998 0.018655382
v -0.0022457945 0.02224112 0.018664655
v -0.0022470489 0.022248633 0.018669105
v -0.0022499236 0.022262602 0.018675284
v -0.0022509007 0.022266752 0.018676644
v -0.0022524954 0.022273088 0.018678321
v -0.0022548258 0.022281671 0.018679937
v -0.0022580524 0.022292547 0.018680923
v -0.002260872 0.022301287 0.01868084
v -0.0022638751 0.022309984 0.018679995
v -0.0022670384 0.022318576 0.018678397
v -0.0022720443 0.022331089 0.01867453
v -0.0022772465 0.022343068 0.018669242
v -0.0022808021 0.022350594 0.018664809
v -0.0025648603 0.035932881 0.0079268639
v -0.0025629286 0.035920929 0.0079133894
v -0.0025664092 0.035913962 0.0079058626
v -0.0025585882 0.035987435 0.0078425312
v -0.0025544629 0.035994303 0.0078536854
v -0.0025642618 0.035926936 0.0078992174
v -0.0025545351 0.036007584 0.0078949279
v -0.0025502455 0.035986558 0.0078431597
v -0.0025420227 0.035985131 0.0078442194
v -0.0025405161 0.03599501 0.0078611914
v -0.0025339785 0.035983166 0.0078457018
v -0.0025652876 0.03591262 0.0079031864
v -0.0025588657 0.035931533 0.0079021418
v -0.0025261693 0.035980676 0.0078475969
v -0.0025186509 0.03597768 0.0078498916
v -0.0025114763 0.035974198 0.0078525689
v -0.0025628218 0.035917109 0.0079071103
v -0.0025046961 0.035970256 0.0078556134
v -0.0025550415 0.035922641 0.0078995686
v -0.0024983585 0.03596588 0.0078589972
v -0.0025562904 0.035916461 0.0079009932
v -0.0025588532 0.035917882 0.0079048108
v -0.0024925084 0.035961104 0.0078627031
v -0.0024871871 0.035955956 0.0078666985
v -0.002488092 0.035969334 0.0078970379
v -0.0025207435 0.035982494 0.0079532202
v -0.0024824321 0.03595048 0.0078709601
v -0.002556246 0.035921097 0.0079092915
v -0.0024782772 0.03594471 0.0078754564
v -0.0024755544 0.035946454 0.0078906397
v -0.0024777524 0.035953651 0.0079013294
v -0.0024801301 0.035958013 0.0079085065
v -0.0024831705 0.035961997 0.0079156436
v -0.0024868506 0.035965584 0.0079226985
v -0.0024911425 0.035968735 0.0079296067
v -0.0024987197 0.035972547 0.0079395562
v -0.0025073401 0.035975392 0.0079489647
v -0.0025137094 0.035976622 0.0079547991
v -0.0025204862 0.035977336 0.0079602462
v -0.002527619 0.035977531 0.007965265
v -0.0025350529 0.035977208 0.0079698212
v -0.0025466644 0.035975682 0.0079756328
v -0.00255511 0.035979592 0.0079738316
v -0.002558589 0.035973149 0.0079803577
v 0.019449064 0.030127442 0.012287897
v 0.019447065 0.030135277 0.012298171
v 0.01944095 0.030146328 0.012313115
v 0.019429082 0.030158315 0.01233005
v 0.019415719 0.030166205 0.012341961
v 0.019396233 0.030173382 0.012353808
v 0.019378122 0.030176636 0.012360459
v 0.019359606 0.030672319 0.011861119
v 0.019302314 0.030667361 0.011871
v 0.019347022 0.030696092 0.011895038
v 0.019292282 0.030675562 0.011884376
v 0.019318396 0.03071195 0.011923371
v 0.01927706 0.030679211 0.011893381
v 0.019210168 0.031209203 0.011441053
v 0.019153968 0.031200341 0.01145399
v 0.01919431 0.031234712 0.011480507
v 0.019179497 0.031242913 0.011497378
v 0.019126398 0.031203532 0.011470096
v 0.019001887 0.03173401 0.011030896
v 0.018947198 0.031721329 0.011046814
v 0.018940074 0.031727231 0.011058611
v 0.0189154 0.031714321 0.011056691
v 0.018735438 0.032246389 0.010639125
v 0.018680702 0.032229513 0.010658823
v 0.018651329 0.03221287 0.010659781
v 0.018415568 0.032731538 0.010252698
v 0.018413838 0.032738695 0.010263502
v 0.018362391 0.032714555 0.010280675
v 0.018335983 0.032697939 0.01028418
v 0.018041996 0.033196667 0.0098905788
v 0.018040362 0.033203705 0.0099014795
v 0.017991688 0.033176114 0.0099213367
v 0.017965139 0.033155618 0.0099252943
v 0.017618469 0.033634593 0.0095501705
v 0.017616944 0.033641515 0.0095611569
v 0.017557789 0.03359756 0.0095852593
v 0.017589098 0.033658674 0.0096211623
v 0.017550106 0.033601884 0.0096013864
v 0.017148212 0.034041983 0.0092340628
v 0.017083702 0.03398964 0.009271539
v 0.017106555 0.034060105 0.009325112
v 0.017093448 0.034053713 0.0093381591
v 0.016634805 0.034415737 0.0089446591
v 0.016585273 0.034370081 0.0089817868
v 0.016618413 0.03443646 0.0090032345
v 0.016585143 0.03438553 0.0090021115
v 0.016590462 0.034427476 0.0090458066
v 0.016582309 0.034421855 0.0090543435
v 0.016082157 0.034753009 0.0086841654
v 0.016028154 0.034690079 0.0087285042
v 0.016042616 0.034761814 0.0087875777
v 0.016032854 0.034753236 0.0087991673
v 0.015494468 0.035051232 0.0084545597
v 0.015453207 0.03499501 0.0084982469
v 0.015478718 0.035069515 0.0085228794
v 0.015454235 0.035013673 0.0085197413
v 0.015455827 0.035053122 0.0085662563
v 0.014876215 0.03530814 0.0082575949
v 0.014841318 0.03524928 0.0083033032
v 0.014862947 0.035325391 0.0083267053
v 0.014842219 0.035267996 0.0083247567
v 0.014843603 0.035307524 0.0083712116
v 0.014232103 0.035521774 0.008094767
v 0.014203834 0.035460719 0.0081421481
v 0.014221423 0.035538168 0.008164531
v 0.014204602 0.035479482 0.0081635653
v 0.014205771 0.035519075 0.0082099715
v 0.013567033 0.035690508 0.0079673152
v 0.013549013 0.035639453 0.0080105367
v 0.013562022 0.035707226 0.0080204671
v 0.013559025 0.035706224 0.0080375912
v 0.013546239 0.035646523 0.0080373931
v 0.013547186 0.035686167 0.008083765
v 0.012886069 0.035813062 0.0078762122
v 0.012875888 0.035770734 0.0079150625
v 0.012883628 0.03582893 0.0079209389
v 0.012882343 0.035829547 0.0079339335
v 0.012880795 0.035828284 0.0079468511
v 0.01287214 0.035767846 0.0079472008
v 0.012872861 0.035807524 0.0079935477
v 0.012194335 0.035891668 0.0078278688
v 0.012193908 0.035900983 0.0078498732
v 0.012193278 0.035904221 0.0078669765
v 0.012192655 0.035904766 0.0078800234
v 0.012191894 0.035903419 0.0078930056
v 0.012190719 0.03589914 0.0079098455
v 0.012189383 0.035892001 0.0079256714
v 0.012187926 0.035882225 0.00794001
v 0.011497265 0.035916246 0.0078055353
v 0.011497312 0.035920689 0.0078130432
v 0.011497358 0.035924459 0.007820908
v 0.0114974 0.035927532 0.007829077
v 0.011497438 0.035929878 0.0078374754
v 0.011497474 0.035931487 0.0078460537
v 0.011497505 0.035932341 0.0078547361
v 0.011497533 0.035932435 0.0078634603
v 0.011497557 0.035931765 0.007872154
v 0.011497576 0.035930344 0.007880764
v 0.01149759 0.035928177 0.0078892151
v 0.0114976 0.03592528 0.007897443
v 0.011497606 0.035921677 0.0079053868
v 0.011497606 0.035917398 0.0079129898
v 0.011497602 0.035912472 0.0079201907
v 0.011497593 0.035906936 0.0079269327
v 0.011497579 0.035900831 0.0079331639
v 0.013765972 0.024015124 0.017116722
v 0.013670842 0.024005438 0.017123651
v 0.013577204 0.023989633 0.017136743
v 0.013485712 0.023967459 0.017154813
v 0.01339706 0.023939087 0.017177725
v 0.013311924 0.023904733 0.017205305
v 0.013230951 0.023864657 0.017237342
v 0.013154757 0.023819165 0.017273593
v 0.013085151 0.02377179 0.017319692
v 0.013131035 0.023776082 0.017399612
v 0.013020045 0.02371572 0.017361939
v 0.013074702 0.023717216 0.017438373
v 0.012961569 0.023656284 0.017409004
v 0.013020029 0.023661626 0.017482389
v 0.012909923 0.023593038 0.017459002
v 0.012971744 0.023602475 0.017529149
v 0.012865501 0.023526462 0.017511552
v 0.012930214 0.023540214 0.017578298
v 0.01282864 0.023457069 0.017566261
v 0.012895756 0.023475317 0.017629463
v 0.012799619 0.023385385 0.017622709
v 0.012868631 0.023408277 0.017682253
v 0.012779448 0.023314516 0.017683956
v 0.012836474 0.02334869 0.017744187
v 0.012781724 0.023309325 0.017678148
v 0.012768216 0.023246515 0.017751145
v 0.012809856 0.023284899 0.017806318
v 0.012779878 0.023243611 0.017749201
v 0.012847627 0.023260517 0.017780765
v 0.012781529 0.023235334 0.017739011
v 0.0048867702 0.019957678 0.020488263
v 0.0048972354 0.019898329 0.020415678
v 0.0047995956 0.01989016 0.020415985
v 0.0048891954 0.019896527 0.020412054
v 0.0048007135 0.019883348 0.020421319
v 0.004875554 0.01989112 0.020417779
v 0.0048025819 0.019876639 0.020426572
v 0.0048051859 0.019870077 0.020431699
v 0.004808505 0.019863718 0.020436664
v 0.0048838657 0.019895654 0.020419771
v 0.0048941996 0.019894691 0.020413319
v 0.0048125153 0.019857607 0.020441427
v 0.0048171851 0.019851794 0.020445954
v 0.0048224791 0.019846318 0.020450207
v 0.0048861392 0.019895563 0.020426286
v 0.0048317844 0.019866458 0.020477527
v 0.0048283574 0.019841226 0.02045416
v 0.0048088098 0.019912173 0.020449709
v 0.0048895846 0.019897953 0.020417338
v 0.0048320698 0.019916647 0.020481377
v 0.0048853548 0.019882842 0.020425989
v 0.0048347759 0.019836555 0.020457779
v 0.0048811761 0.019905106 0.020426057
v 0.0048964055 0.019894443 0.020414923
v 0.0048416842 0.019832338 0.020461034
v 0.0048152639 0.01992279 0.020457459
v 0.0048497859 0.019936676 0.020486789
v 0.0048490304 0.019828609 0.020463903
v 0.0048967964 0.019896119 0.020418842
v 0.0048567591 0.019825397 0.020466365
v 0.0047996668 0.019902395 0.020417463
v 0.0048692615 0.019859201 0.02049793
v 0.0048690419 0.019830053 0.020478413
v 0.0048648107 0.019822727 0.0204684
v 0.0048018242 0.019910352 0.020427612
v 0.0048071575 0.019920572 0.02044066
v 0.0048129238 0.019927807 0.020449905
v 0.0048176541 0.019932323 0.02045568
v 0.0048230045 0.019936565 0.020461108
v 0.004838878 0.019945724 0.020472844
v 0.0048497385 0.019950199 0.020478589
v 0.0048615397 0.019953649 0.020483032
v 0.0048739142 0.019956233 0.020486372
v 0.0048973152 0.01989365 0.020423191
v 0.0048819068 0.019848412 0.02049593
v 0.0048731242 0.019820617 0.020469994
v 0.0048817532 0.019832603 0.020484886
v 0.0048816369 0.019819086 0.020471133
v 0.0048904686 0.019840314 0.020492455
v 0.0048903615 0.019826904 0.020481444
v 0.0048902836 0.019818144 0.02047181
v -0.0025233994 0.012332171 0.010764299
v -0.0025225728 0.012337773 0.010760923
v -0.0025276057 0.012316318 0.010771501
v -0.0025256576 0.012322416 0.010769147
v -0.0025246044 0.012326384 0.010767344
v -0.0025357624 0.012297328 0.010776204
v -0.0025312916 0.012306925 0.010774266
v -0.0025444747 0.01228215 0.010777202
v -0.0025404942 0.012288671 0.010777072
v -0.0025380476 0.01229301 0.010776734
v -0.0025517952 0.012271311 0.010776534
v -0.0025582784 0.012262739 0.01077513
v -0.0025652521 0.012254327 0.010772985
v -0.0025726636 0.012246138 0.010770112
v -0.002580456 0.012238234 0.010766535
v -0.0025885706 0.012230678 0.010762279
v -0.0025969448 0.012223524 0.010757378
v -0.0026055158 0.012216828 0.010751869
v -0.0026142179 0.012210639 0.010745793
v -0.0009194025 0.022217317 0.018646952
v -0.0009202793 0.022222015 0.018651451
v -0.00092111598 0.022225338 0.018654286
v -0.00092212826 0.022228751 0.018656948
v -0.00092401811 0.022234126 0.018660664
v -0.00092712651 0.022241616 0.018665077
v -0.00093092403 0.022249467 0.018668829
v -0.00093419308 0.022255558 0.018671218
v -0.00093657057 0.022259679 0.018672567
v -0.00094046641 0.022266005 0.018674241
v -0.00095081205 0.022281078 0.018676508
v -0.00096073664 0.022294032 0.018676789
v -0.00096087682 0.022294206 0.018676781
v -0.0009680783 0.022302801 0.018675971
v -0.00097557449 0.022311207 0.018674445
v -0.00097588619 0.022311544 0.018674368
v -0.00098782356 0.022323874 0.018670608
v -0.00100038 0.022335847 0.018665401
v -0.0010086088 0.022343081 0.018661216
v -0.0010093004 0.022343669 0.01866084
v -0.0014096251 0.033905397 0.00948803
v -0.0014089026 0.033900295 0.0094796465
v -0.0014129151 0.033913103 0.0095060573
v -0.0014109153 0.033909749 0.0094968255
v -0.0014178753 0.033916898 0.0095230817
v -0.0014148176 0.033915192 0.0095134076
v -0.0014231888 0.033917815 0.009537233
v -0.0014205738 0.033917683 0.0095306827
v -0.0014280089 0.033917148 0.0095481258
v -0.0014322874 0.033915751 0.0095567479
v -0.0014368974 0.033913608 0.0095652129
v -0.0014418036 0.03391074 0.009573458
v -0.0014469687 0.033907164 0.0095814175
v -0.0014523536 0.033902915 0.0095890392
v -0.0014579172 0.033898017 0.0095962535
v -0.0014636171 0.033892513 0.0096030153
v -0.00146941 0.033886441 0.0096092666
v -0.0028829157 0.0015744318 -0.036025226
v -0.0028745245 0.0015787031 -0.036018033
v -0.0028662538 0.001582354 -0.0360105
v -0.0028581624 0.0015853573 -0.036002686
v -0.002850308 0.0015876929 -0.03599464
v -0.0028427458 0.0015893431 -0.035986422
v -0.0028355294 0.0015902949 -0.035978092
v -0.0028287098 0.0015905459 -0.035969705
v -0.0028223353 0.0015900895 -0.035961323
v -0.002816451 0.0015889319 -0.035953004
v -0.0028110985 0.0015870798 -0.035944809
v -0.0028063159 0.0015845483 -0.035936792
v -0.0028086337 0.0015858981 -0.035940775
v -0.0028002829 0.0015795145 -0.035925231
v -0.0028021365 0.0015813525 -0.035929015
v -0.002804149 0.0015830322 -0.03593287
v 0.0030622286 0.035946771 0.0079594936
v 0.0030622423 0.035952873 0.0079532594
v 0.0030622514 0.035958409 0.0079465174
v 0.0030622558 0.035963337 0.0079393195
v 0.0030622552 0.035967614 0.0079317136
v 0.0030622501 0.035971218 0.0079237692
v 0.0030622402 0.035974115 0.0079155413
v 0.0030622256 0.035976281 0.0079070908
v 0.0030622065 0.035977705 0.0078984832
v 0.003062183 0.035978373 0.0078897865
v 0.0030621552 0.035978278 0.0078810629
v 0.0030621236 0.035977425 0.0078723799
v 0.003062088 0.035975818 0.0078638045
v 0.003062049 0.03597347 0.0078554032
v 0.0030620069 0.035970398 0.0078472377
v 0.0030619617 0.035966628 0.0078393729
v 0.0030619141 0.035962184 0.0078318615
v 0.0048039119 0.021318702 0.019306378
v 0.0048068216 0.021329342 0.019318471
v 0.004804757 0.021322911 0.019311323
v 0.0048136345 0.021342382 0.019331589
v 0.0048097152 0.021335847 0.01932528
v 0.0048232139 0.021354566 0.019342164
v 0.0048183223 0.021348876 0.019337443
v 0.0048316846 0.021362855 0.019348331
v 0.0048272672 0.02135876 0.019345404
v 0.0048431531 0.021371959 0.019353975
v 0.0048579057 0.021381412 0.019358342
v 0.0048698745 0.021387704 0.019360124
v 0.0048824832 0.021393052 0.019360363
v 0.004895413 0.021397571 0.019359372
v 0.0047699246 0.0070473517 0.0041923239
v 0.0047613282 0.0070536332 0.0041984525
v 0.004752865 0.0070604212 0.0042040153
v 0.0047445998 0.0070676664 0.0042089676
v 0.0047365952 0.0070753111 0.0042132739
v 0.0047289116 0.0070832987 0.0042168997
v 0.004721608 0.0070915678 0.0042198183
v 0.0047147397 0.0071000559 0.0042220074
v 0.0047083591 0.0071086976 0.0042234515
v 0.0047025146 0.007117428 0.0042241361
v 0.004692609 0.0071348869 0.0042232199
v 0.0046948504 0.0071305433 0.0042237346
v 0.0046972517 0.0071261802 0.0042240587
v 0.0046998083 0.0071218049 0.0042241926
v 0.0046853227 0.0071519035 0.0042192881
v 0.0046868851 0.0071477197 0.0042205485
v 0.0046886222 0.0071434835 0.0042216262
v 0.0046905317 0.0071392042 0.0042225165
v 0.004680877 0.00716796 0.0042124596
v 0.004681713 0.0071640635 0.0042144288
v 0.0046827338 0.0071600841 0.004216225
v 0.0046839381 0.0071560275 0.0042178462
v 0.0046794916 0.0071790779 0.0042055591
v 0.0046797654 0.0071754747 0.0042080206
v 0.0046802271 0.0071717659 0.0042103222
v 0.0018932155 0.033890855 0.0094845248
v 0.0018922665 0.03388799 0.0094786504
v 0.0018944104 0.033893376 0.0094905625
v 0.0019071046 0.033899656 0.0095290217
v 0.0019110662 0.033898964 0.0095377039
v 0.0019153829 0.033897518 0.0095462982
v 0.001920022 0.033895327 0.0095547355
v 0.0019249481 0.033892404 0.0095629491
v 0.0019301236 0.033888774 0.0095708779
v 0.0019355094 0.033884466 0.009578465
v 0.0019410641 0.033879508 0.0095856465
v 0.0019467459 0.033873942 0.0095923717
v 0.0019525112 0.033867806 0.0095985864
v 0.0019052667 0.033899712 0.0095246606
v 0.0019035285 0.033899581 0.0095203077
v 0.0019011292 0.033899001 0.0095137986
v 0.0018989453 0.033898041 0.0095073344
v 0.0018976378 0.033897151 0.0095030672
v 0.0018959063 0.033895445 0.0094967586
v 0.0018916286 0.033884704 0.0094729994
v 0.0026471842 0.0015498481 -0.035942233
v 0.0026490344 0.0015516651 -0.035946029
v 0.0026531995 0.0015548163 -0.035953833
v 0.002655507 0.0015561411 -0.035957829
v 0.0026510405 0.0015533234 -0.035949896
v 0.0026579595 0.0015572964 -0.035961877
v 0.0026632802 0.0015590902 -0.035970107
v 0.0026691247 0.0015601829 -0.035978464
v 0.0026754514 0.0015605703 -0.035986884
v 0.0026822153 0.0015602456 -0.035995315
v 0.0026893689 0.0015592149 -0.036003689
v 0.0026968613 0.0015574837 -0.036011953
v 0.0027046395 0.0015550624 -0.036020048
v 0.0027126488 0.0015519708 -0.036027914
v 0.002720832 0.0015482315 -0.036035497
v 0.0027291311 0.0015438695 -0.036042742
v 0.0030578506 0.035945344 0.0079606428
v 0.0030568963 0.035954982 0.0079504429
v 0.0030596312 0.035884758 0.0078921742
v 0.0030415467 0.035954216 0.0079482937
v 0.0030604122 0.035886431 0.0078905734
v 0.0030550939 0.035891688 0.0078932648
v 0.0030541637 0.035942581 0.0079628385
v 0.0030422385 0.035945246 0.0079581894
v 0.0030306079 0.035946897 0.0079524497
v 0.0030195669 0.035947245 0.0079454544
v 0.0030091664 0.035946545 0.0079375626
v 0.0030027475 0.035945385 0.0079317678
v 0.0030480745 0.035894838 0.0078925502
v 0.0029967769 0.035943717 0.0079256307
v 0.0029912996 0.035941553 0.0079191966
v 0.0029863578 0.035938907 0.0079125115
v 0.0029819886 0.0359358 0.0079056295
v 0.0029728937 0.035915023 0.0078584424
v 0.0030539506 0.035884606 0.0078862516
v 0.0029697346 0.035914302 0.0078701088
v 0.0029708358 0.035919293 0.0078771795
v 0.0029726279 0.035923971 0.0078843204
v 0.0029750976 0.035928304 0.0078914806
v 0.0029782257 0.035932255 0.0078985992
v 0.0029770834 0.035920748 0.0078539215
v 0.0030561221 0.03588361 0.0078839501
v 0.0029818709 0.035926172 0.0078496283
v 0.0029872229 0.035931261 0.0078455986
v 0.0029931016 0.035935974 0.007841859
v 0.0030540885 0.035888328 0.0078851328
v 0.003058602 0.035885301 0.0078872929
v 0.0029994651 0.035940279 0.0078384312
v 0.0030098979 0.035957605 0.0078549528
v 0.0030062685 0.035944148 0.0078353467
v 0.0030598477 0.035885941 0.0078851541
v 0.0030134639 0.035947552 0.0078326239
v 0.003021 0.035950466 0.0078302825
v 0.0030575697 0.0358947 0.007877451
v 0.0030583767 0.035896203 0.007889434
v 0.0030288237 0.03595287 0.0078283388
v 0.0030368796 0.035954747 0.0078268061
v 0.0030523698 0.03596426 0.0079365415
v 0.0030451109 0.035956087 0.007825698
v 0.0030534586 0.035956874 0.0078250173
v 0.0040066041 0.022191772 0.018632888
v 0.004006336 0.022188723 0.01862977
v 0.0040078689 0.022200863 0.018640692
v 0.0040069686 0.022194953 0.018635869
v 0.0040102071 0.022212631 0.018648545
v 0.0040093748 0.022208882 0.018646325
v 0.0040150452 0.022230555 0.018656407
v 0.0040132352 0.02222441 0.018654198
v 0.0040177245 0.022238939 0.018658749
v 0.0040199236 0.022245341 0.018660045
v 0.0040533686 0.022316097 0.018645037
v 0.0040489373 0.022308615 0.018649496
v 0.0040445694 0.022300773 0.018653282
v 0.0040402977 0.02229263 0.018656365
v 0.004036155 0.02228425 0.018658725
v 0.0040321729 0.022275696 0.018660344
v 0.0040283817 0.022267037 0.018661212
v 0.0040248102 0.022258331 0.018661314
v 0.0040214853 0.022249651 0.018660657
v 0.0040116345 0.022218441 0.018651545
v 0.0042545006 0.0071813922 0.0042068858
v 0.0042547734 0.0071777885 0.0042093466
v 0.0042552357 0.0071740803 0.0042116489
v 0.0042558855 0.0071702744 0.0042137863
v 0.0042567215 0.0071663778 0.0042157556
v 0.0042577428 0.0071623979 0.004217551
v 0.0042589462 0.0071583419 0.0042191729
v 0.0042603307 0.0071542179 0.0042206148
v 0.0042618931 0.007150034 0.0042218752
v 0.0042636307 0.0071457986 0.0042229524
v 0.0042655398 0.0071415185 0.0042238432
v 0.0042676171 0.0071372013 0.0042245466
v 0.0042698589 0.0071328576 0.0042250613
v 0.0042722597 0.0071284945 0.0042253855
v 0.0042748163 0.0071241192 0.0042255193
v 0.0042775236 0.0071197431 0.0042254622
v 0.0042833676 0.0071110121 0.0042247769
v 0.0042897482 0.0071023703 0.0042233341
v 0.004296616 0.0070938829 0.0042211445
v 0.0043039197 0.0070856137 0.0042182258
v 0.0043116032 0.0070776254 0.0042146006
v 0.0043196083 0.0070699808 0.0042102944
v 0.004327874 0.0070627363 0.0042053414
v 0.0043363367 0.0070559476 0.0041997792
v 0.0043449327 0.007049666 0.0041936507
v 0.0012043711 0.00719812 0.004216555
v 0.0012032598 0.0071902657 0.004224112
v 0.0012040772 0.0071948725 0.0042194673
v 0.0012020684 0.0071859395 0.0042290186
v 0.0011991018 0.0071795271 0.0042378324
v 0.0012010274 0.0071832507 0.0042324532
v 0.0011968181 0.0071761237 0.00424342
v 0.0011920865 0.0071713465 0.0042532213
v 0.0011950618 0.0071740756 0.0042472734
v 0.0011887799 0.0071689702 0.0042593212
v 0.0011810654 0.007165487 0.004271942
v 0.0011850749 0.0071670444 0.0042655796
v 0.0011751909 0.0071640957 0.004280568
v 0.0011687826 0.0071634637 0.0042892857
v 0.0011618893 0.0071635949 0.004298031
v 0.0011545637 0.0071644883 0.004306736
v 0.001146861 0.0071661369 0.0043153347
v 0.0011388405 0.0071685291 0.0043237612
v 0.0011305627 0.007171645 0.0043319526
v 0.001122091 0.0071754636 0.0043398456
v 0.0011134894 0.0071799531 0.0043473807
v 0.0014228729 0.02233013 0.018653437
v 0.0014142442 0.022322697 0.018657865
v 0.0014057443 0.022314901 0.018661615
v 0.0013976418 0.022307022 0.018664614
v 0.0013972333 0.022306612 0.018664748
v 0.0013893862 0.022298494 0.018667024
v 0.001381764 0.022290132 0.018668618
v 0.0013815385 0.022289876 0.018668654
v 0.0013742908 0.022281404 0.018669499
v 0.0013609124 0.02226414 0.018668961
v 0.0013673937 0.022272804 0.018669609
v 0.001354996 0.022255609 0.018667566
v 0.0013509595 0.022249322 0.018666013
v 0.0013472245 0.022243133 0.018664097
v 0.0013438743 0.022237081 0.018661731
v 0.0013408559 0.022231173 0.018659013
v 0.0013390807 0.022227369 0.01865699
v 0.0013374638 0.022223619 0.01865478
v 0.0013345612 0.022215647 0.01864921
v 0.0013328229 0.022209745 0.01864442
v 0.0013321249 0.022206585 0.018641477
v 0.0013314467 0.02220208 0.018636767
v 0.0042239798 0.0020056818 -0.0023048871
v 0.004226536 0.0020013075 -0.0023047535
v 0.0042062202 0.0020585799 -0.0023233877
v 0.004206493 0.002054976 -0.0023209256
v 0.0042069553 0.0020512685 -0.0023186239
v 0.0042076051 0.0020474626 -0.0023164865
v 0.0042084416 0.0020435658 -0.0023145176
v 0.0042094624 0.0020395854 -0.0023127212
v 0.0042106658 0.0020355298 -0.0023111003
v 0.0042120503 0.0020314061 -0.002309658
v 0.0042136132 0.0020272216 -0.002308397
v 0.0042153504 0.0020229858 -0.0023073202
v 0.0042172594 0.0020187057 -0.0023064294
v 0.0042193372 0.0020143895 -0.0023057262
v 0.0042215785 0.0020100456 -0.0023052118
v 0.0042292432 0.0019969303 -0.0023048104
v 0.0042350877 0.0019881993 -0.0023054957
v 0.0042414678 0.0019795575 -0.0023069385
v 0.0042483361 0.0019710701 -0.0023091281
v 0.0042556393 0.001962801 -0.0023120467
v 0.0042633233 0.0019548126 -0.002315672
v 0.0042713279 0.001947168 -0.0023199782
v 0.0042795936 0.0019399235 -0.0023249312
v 0.0042880563 0.0019331345 -0.0023304937
v 0.0042966523 0.0019268537 -0.0023366229
v -0.0041174688 0.0071948376 0.0042863553
v -0.0041247051 0.0071929583 0.004297109
v -0.0041311129 0.0071923268 0.0043058274
v -0.0041380064 0.0071924581 0.0043145727
v -0.0041453319 0.0071933509 0.004323277
v -0.0041530345 0.007195 0.0043318765
v -0.004161055 0.0071973922 0.0043403029
v -0.0041693332 0.0072005082 0.0043484943
v -0.0041778046 0.0072043267 0.0043563873
v -0.0041864062 0.0072088156 0.0043639229
v -0.0040955248 0.0072269832 0.0042330967
v -0.0040958183 0.007223735 0.0042360082
v -0.0040963007 0.007220618 0.0042390609
v -0.004096971 0.007217639 0.004242247
v -0.0040978274 0.007214802 0.0042455609
v -0.0040988681 0.0072121138 0.0042489949
v -0.0041000916 0.0072095777 0.0042525454
v -0.0041014955 0.0072072007 0.0042562033
v -0.0041030776 0.0072049861 0.0042599623
v -0.0041048337 0.0072029388 0.0042638151
v -0.004106761 0.0072010616 0.0042677546
v -0.0041088567 0.0071993582 0.0042717735
v -0.0041111157 0.0071978321 0.0042758627
v -0.0041135338 0.007196488 0.0042800163
v -0.0041438058 0.002104053 -0.0022973258
v -0.004144103 0.0021004525 -0.0022948623
v -0.0041445906 0.0020967496 -0.0022925574
v -0.0041452689 0.0020929518 -0.0022904163
v -0.0041461353 0.0020890641 -0.0022884419
v -0.004147188 0.0020850956 -0.002286639
v -0.0041484256 0.0020810524 -0.0022850104
v -0.0041498461 0.0020769439 -0.0022835594
v -0.0041514464 0.0020727772 -0.0022822888
v -0.0041532226 0.0020685602 -0.0022812006
v -0.0041551729 0.0020643021 -0.0022802983
v -0.004157293 0.0020600079 -0.0022795814
v -0.0041620248 0.0020513511 -0.0022787134
v -0.0041646277 0.0020470052 -0.0022785636
v -0.0041595782 0.0020556883 -0.0022790529
v -0.0041673825 0.0020426576 -0.0022786037
v -0.004173326 0.0020339905 -0.0022792517
v -0.0041798086 0.0020254191 -0.0022806548
v -0.0041867828 0.0020170071 -0.002282801
v -0.0041941937 0.0020088182 -0.0022856739
v -0.0042019866 0.0020009137 -0.0022892509
v -0.0042101005 0.0019933571 -0.0022935068
v -0.0042184754 0.0019862034 -0.0022984073
v -0.0042270462 0.0019795074 -0.0023039171
v -0.0042357483 0.0019733202 -0.0023099921
v 0.018241118 0.016795441 0.012957598
v 0.018255027 0.016877028 0.012893493
v 0.017059862 0.016965826 0.012832671
v 0.01825984 0.016959291 0.012828926
v 0.018255519 0.017041602 0.012764386
v 0.018146215 0.016560892 0.013142299
v 0.018186505 0.016636769 0.013082476
v 0.018218217 0.016715152 0.013020753
v 0.01797728 0.016353938 0.013305896
v 0.018041203 0.016418936 0.013254435
v 0.018097657 0.016488097 0.013199763
v 0.017745822 0.016188683 0.013437245
v 0.017829026 0.016238372 0.01339765
v 0.017906374 0.016293598 0.013353756
v 0.017467619 0.016076389 0.013527392
v 0.01756443 0.016107383 0.013502364
v 0.017657401 0.01614491 0.013472238
v 0.017161629 0.01602471 0.013570197
v 0.01726545 0.016034896 0.013561439
v 0.017367706 0.016052165 0.013547134
v 0.016848702 0.016037164 0.013562739
v 0.01695246 0.016025849 0.01357085
v 0.017057033 0.016021686 0.013573342
v 0.016550167 0.016112907 0.01350553
v 0.016646788 0.01608086 0.013529955
v 0.016746554 0.016055549 0.013549074
v 0.016286366 0.016246773 0.013402465
v 0.016369267 0.01619618 0.013441542
v 0.016457425 0.016151445 0.013475983
v 0.016075277 0.016429642 0.01326057
v 0.016138809 0.016363949 0.013311634
v 0.016209351 0.016302839 0.013359052
v 0.015931286 0.016649051 0.013089515
v 0.01597112 0.016572738 0.013149087
v 0.016019239 0.016499415 0.01320625
v 0.015864206 0.016890048 0.012900955
v 0.015877626 0.016808313 0.012964975
v 0.015900042 0.016727777 0.013027989
v 0.015878609 0.017136209 0.012707742
v 0.0158647 0.017054623 0.012771849
v 0.015859885 0.01697236 0.012836416
v 0.015973511 0.017370758 0.012523044
v 0.015933223 0.01729488 0.012582865
v 0.015901506 0.017216498 0.012644588
v 0.016142447 0.017577712 0.012359446
v 0.016078523 0.017512715 0.012410908
v 0.016022068 0.017443554 0.012465579
v 0.016373903 0.017742966 0.012228097
v 0.016290702 0.017693278 0.012267691
v 0.016213352 0.017638053 0.012311586
v 0.016652107 0.01785526 0.012137948
v 0.016555298 0.017824267 0.012162977
v 0.016462326 0.017786741 0.012193104
v 0.016958098 0.017906941 0.012095145
v 0.016854276 0.017896756 0.012103903
v 0.016752021 0.017879485 0.012118206
v 0.017271023 0.017894485 0.012102602
v 0.017167267 0.017905802 0.012094493
v 0.017062693 0.017909964 0.012092
v 0.017569559 0.017818744 0.012159813
v 0.017472938 0.01785079 0.012135387
v 0.017373174 0.017876102 0.012116268
v 0.017833361 0.017684877 0.012262877
v 0.017750459 0.017735471 0.012223801
v 0.017662303 0.017780206 0.012189359
v 0.018044449 0.017502008 0.012404772
v 0.017980919 0.0175677 0.012353707
v 0.017910375 0.017628812 0.01230629
v 0.01818844 0.017282598 0.012575827
v 0.018148608 0.017358913 0.012516256
v 0.018100488 0.017432236 0.012459092
v 0.0182421 0.017123337 0.012700366
v 0.018219683 0.017203874 0.012637354
v -0.015558216 0.016979509 0.01306309
v -0.015544307 0.017061096 0.012998985
v -0.01673947 0.017149894 0.012938163
v -0.015539494 0.017143359 0.012934418
v -0.015543815 0.01722567 0.012869878
v -0.015653119 0.016744961 0.01324779
v -0.015612829 0.016820838 0.013187967
v -0.015581115 0.01689922 0.013126245
v -0.015822056 0.016538006 0.013411388
v -0.015758131 0.016603004 0.013359926
v -0.015701677 0.016672165 0.013305255
v -0.016053512 0.016372752 0.013542738
v -0.01597031 0.01642244 0.013503142
v -0.01589296 0.016477666 0.013459248
v -0.016331715 0.016260459 0.013632886
v -0.016234904 0.016291451 0.013607856
v -0.016141935 0.016328978 0.01357773
v -0.016637706 0.016208778 0.013675689
v -0.016533884 0.016218964 0.013666931
v -0.016431628 0.016236235 0.013652628
v -0.016950632 0.016221233 0.013668231
v -0.016846875 0.016209917 0.013676342
v -0.016742299 0.016205755 0.013678834
v -0.017249167 0.016296975 0.013611022
v -0.017152546 0.016264928 0.013635447
v -0.01705278 0.016239617 0.013654566
v -0.017512968 0.016430841 0.013507957
v -0.017430067 0.016380248 0.013547033
v -0.017341909 0.016335513 0.013581475
v -0.017724057 0.01661371 0.013366062
v -0.017660525 0.016548019 0.013417127
v -0.017589983 0.016486907 0.013464544
v -0.017868048 0.016833119 0.013195006
v -0.017828216 0.016756806 0.013254579
v -0.017780097 0.016683484 0.013311741
v -0.017935127 0.017074117 0.013006448
v -0.017921708 0.016992381 0.013070467
v -0.017899292 0.016911845 0.013133481
v -0.017920726 0.017320278 0.012813236
v -0.017934635 0.017238691 0.012877341
v -0.017939449 0.017156429 0.012941908
v -0.017825823 0.017554827 0.012628536
v -0.017866113 0.01747895 0.012688359
v -0.017897826 0.017400567 0.012750081
v -0.017656887 0.017761781 0.012464938
v -0.017720811 0.017696783 0.0125164
v -0.017777266 0.017627622 0.012571071
v -0.017425431 0.017927035 0.012333588
v -0.017508632 0.017877347 0.012373184
v -0.01758598 0.017822121 0.012417078
v -0.017147227 0.018039329 0.01224344
v -0.017244038 0.018008336 0.01226847
v -0.017337008 0.017970809 0.012298596
v -0.016841236 0.018091009 0.012200637
v -0.016945056 0.018080824 0.012209395
v -0.017047314 0.018063553 0.012223698
v -0.016528309 0.018078555 0.012208095
v -0.016632067 0.018089871 0.012199984
v -0.016736641 0.018094033 0.012197492
v -0.016229775 0.018002812 0.012265304
v -0.016326396 0.018034859 0.012240879
v -0.016426162 0.01806017 0.01222176
v -0.015965975 0.017868946 0.012368369
v -0.016048875 0.017919539 0.012329293
v -0.016137033 0.017964274 0.012294851
v -0.015754885 0.017686077 0.012510264
v -0.015818417 0.017751768 0.012459199
v -0.015888957 0.01781288 0.012411781
v -0.015610894 0.017466668 0.01268132
v -0.015650726 0.017542982 0.012621747
v -0.015698845 0.017616304 0.012564584
v -0.015557234 0.017307407 0.012805859
v -0.015579649 0.017387942 0.012742845
v 0.013823518 0.017084208 0.01702159
v 0.013821773 0.016899046 0.016785557
v 0.015823479 0.017073317 0.017015348
v 0.015821734 0.016888155 0.016779315
v 0.013823754 0.017162886 0.016959869
v 0.015821971 0.016966833 0.016717593
v 0.013822009 0.016977725 0.016723835
v 0.015823715 0.017151995 0.016953626
v -0.014632611 0.016529355 0.016205589
v -0.014332616 0.016527721 0.016204653
v -0.014627667 0.01705398 0.016874352
v -0.014327672 0.017052346 0.016873416
v -0.014320983 0.017762134 0.017778212
v -0.014620977 0.017763767 0.017779148
v -0.014325927 0.017237508 0.017109449
v -0.014625921 0.017239141 0.017110386
v -0.015475904 0.017243771 0.017113038
v -0.015477651 0.017058609 0.016877005
v -0.013475944 0.017232879 0.017106796
v -0.013477689 0.017047718 0.016870763
v -0.014325691 0.017316186 0.017047726
v -0.013475708 0.017311556 0.017045073
v -0.014620742 0.017842446 0.017717428
v -0.014320747 0.017840813 0.017716491
v -0.014327437 0.017131024 0.016811693
v -0.014332381 0.016606399 0.01614293
v -0.014632375 0.016608033 0.016143867
v -0.013477454 0.017126395 0.016809039
v -0.014627431 0.017132659 0.01681263
v -0.01547567 0.017322448 0.017051315
v -0.015477414 0.017137287 0.016815281
v -0.014625686 0.017317819 0.017048662
f 1 2 3
f 3 2 4
f 2 5 4
f 4 5 6
f 7 8 9
f 3 10 1
f 10 7 1
f 1 7 11
f 7 9 11
f 12 13 14
f 15 16 17
f 16 18 17
f 17 18 19
f 18 20 19
f 19 20 21
f 22 23 24
f 23 1 24
f 14 24 12
f 24 1 12
f 12 1 15
f 1 11 15
f 15 11 16
f 25 26 27
f 28 29 30
f 31 32 33
f 34 35 36
f 35 37 36
f 37 38 36
f 38 39 36
f 36 39 40
f 41 42 43
f 42 44 43
f 45 46 47
f 46 48 47
f 49 50 51
f 30 52 53
f 54 55 27
f 55 56 27
f 27 56 25
f 56 57 25
f 25 57 36
f 57 58 36
f 36 58 34
f 40 59 36
f 59 60 36
f 36 60 61
f 62 63 46
f 63 64 46
f 46 64 65
f 65 66 46
f 66 67 46
f 46 67 68
f 68 69 46
f 69 70 46
f 46 70 48
f 53 71 30
f 71 72 30
f 30 72 28
f 73 74 75
f 74 76 75
f 77 75 32
f 75 76 32
f 32 76 33
f 76 49 33
f 33 49 78
f 49 30 78
f 79 80 81
f 82 83 84
f 85 43 86
f 43 44 86
f 86 44 87
f 44 88 87
f 89 90 87
f 90 91 87
f 45 92 46
f 92 93 46
f 46 93 94
f 95 50 96
f 50 49 96
f 96 49 97
f 49 98 97
f 51 99 49
f 99 100 49
f 49 100 30
f 100 101 30
f 30 101 52
f 102 103 27
f 103 104 27
f 27 104 54
f 105 106 77
f 84 107 82
f 107 108 82
f 82 108 86
f 108 31 86
f 86 31 85
f 31 33 85
f 109 110 87
f 61 111 36
f 111 112 36
f 36 112 113
f 46 114 62
f 114 36 62
f 62 36 115
f 36 113 115
f 94 116 46
f 116 117 46
f 46 117 96
f 117 118 96
f 96 118 95
f 29 119 30
f 119 120 30
f 30 120 121
f 122 123 27
f 123 124 27
f 125 126 27
f 127 105 80
f 105 77 80
f 80 77 81
f 77 32 81
f 128 129 130
f 131 132 133
f 91 134 135
f 135 136 91
f 136 137 91
f 91 137 138
f 138 139 91
f 139 140 91
f 91 140 141
f 142 143 86
f 124 144 27
f 144 145 27
f 27 145 102
f 146 147 148
f 126 149 27
f 149 150 27
f 27 150 151
f 151 152 27
f 152 153 27
f 27 153 154
f 154 155 27
f 155 156 27
f 27 156 122
f 133 146 131
f 146 148 131
f 131 148 107
f 148 79 107
f 107 79 108
f 79 81 108
f 157 105 158
f 105 127 158
f 158 127 130
f 127 148 130
f 130 148 128
f 148 147 128
f 128 147 159
f 141 160 91
f 160 161 91
f 91 161 162
f 121 163 30
f 163 164 30
f 30 164 27
f 164 165 27
f 27 165 125
f 166 167 86
f 167 168 86
f 86 168 142
f 143 169 86
f 169 170 86
f 86 170 171
f 172 173 91
f 173 174 91
f 91 174 134
f 175 176 87
f 110 177 87
f 177 178 87
f 87 178 86
f 178 179 86
f 86 179 166
f 171 180 86
f 180 181 86
f 86 181 182
f 181 183 182
f 182 183 184
f 185 186 172
f 186 187 172
f 172 187 173
f 175 87 188
f 176 189 87
f 189 190 87
f 87 190 109
f 191 192 172
f 193 194 172
f 194 195 172
f 172 195 185
f 162 196 91
f 196 197 91
f 91 197 87
f 197 198 87
f 87 198 199
f 199 200 87
f 200 201 87
f 87 201 202
f 191 172 203
f 204 205 87
f 205 206 87
f 87 206 188
f 184 207 182
f 207 208 182
f 182 208 209
f 209 210 182
f 210 211 182
f 182 211 212
f 202 213 87
f 213 214 87
f 87 214 204
f 215 172 216
f 172 217 216
f 215 218 172
f 218 219 172
f 172 219 193
f 212 220 182
f 220 221 182
f 182 221 172
f 221 222 172
f 172 222 203
f 192 223 172
f 223 224 172
f 172 224 217
f 225 226 227
f 228 229 230
f 229 225 230
f 230 225 231
f 225 227 231
f 232 233 234
f 235 236 234
f 237 238 239
f 240 241 236
f 234 242 243
f 242 244 243
f 243 244 245
f 246 247 248
f 247 249 248
f 248 249 250
f 241 251 236
f 251 252 236
f 236 252 253
f 243 254 234
f 254 255 234
f 234 255 256
f 250 257 248
f 257 258 248
f 248 258 259
f 260 261 242
f 261 262 242
f 263 238 264
f 238 265 264
f 264 265 266
f 267 268 265
f 268 269 265
f 265 269 266
f 234 236 232
f 236 253 232
f 232 253 248
f 253 270 248
f 248 270 246
f 259 271 248
f 271 272 248
f 248 272 273
f 237 239 242
f 239 274 242
f 242 274 260
f 262 275 242
f 275 276 242
f 242 276 244
f 256 277 234
f 277 278 234
f 234 278 279
f 263 280 238
f 280 281 238
f 238 281 282
f 283 284 285
f 284 248 285
f 285 248 286
f 248 273 286
f 279 287 234
f 287 288 234
f 234 288 235
f 289 290 239
f 240 236 291
f 236 292 291
f 291 292 293
f 294 295 291
f 295 296 291
f 291 296 297
f 282 298 238
f 298 299 238
f 238 299 239
f 299 300 239
f 239 300 289
f 301 239 302
f 239 303 302
f 304 305 239
f 305 306 239
f 239 306 303
f 290 307 239
f 307 308 239
f 239 308 304
f 291 309 310
f 293 311 291
f 311 312 291
f 291 312 309
f 310 313 291
f 313 314 291
f 291 314 294
f 315 316 302
f 316 317 302
f 317 318 302
f 318 319 302
f 302 319 320
f 320 321 302
f 321 322 302
f 302 322 323
f 323 324 302
f 324 325 302
f 302 325 301
f 326 327 328
f 327 329 328
f 328 329 330
f 329 331 330
f 330 331 332
f 331 333 332
f 329 327 334
f 329 334 335
f 334 336 335
f 335 336 337
f 336 338 337
f 337 338 339
f 338 340 339
f 339 340 341
f 340 342 341
f 341 342 343
f 342 344 343
f 343 344 345
f 344 346 345
f 345 346 347
f 346 348 347
f 347 348 349
f 348 350 349
f 349 350 351
f 350 352 351
f 351 352 353
f 352 354 353
f 353 354 355
f 354 356 355
f 355 356 357
f 356 358 357
f 357 358 359
f 358 360 359
f 359 360 361
f 360 362 361
f 361 362 363
f 362 364 363
f 363 364 365
f 364 366 365
f 365 366 367
f 366 368 367
f 367 368 369
f 369 368 370
f 368 371 370
f 372 369 373
f 369 370 373
f 373 370 374
f 370 375 374
f 376 369 377
f 369 372 377
f 377 372 378
f 372 379 378
f 378 379 380
f 379 381 380
f 380 381 382
f 383 384 376
f 384 385 376
f 376 385 369
f 385 386 369
f 369 386 387
f 386 388 387
f 387 388 389
f 388 390 389
f 389 390 391
f 1 23 392
f 1 392 393
f 392 394 393
f 393 394 395
f 394 396 395
f 395 396 397
f 396 398 397
f 397 398 399
f 398 400 399
f 399 400 401
f 400 402 401
f 401 402 403
f 402 404 403
f 403 404 405
f 404 406 405
f 405 406 407
f 406 408 407
f 407 408 409
f 408 410 409
f 409 410 411
f 410 412 411
f 411 412 413
f 412 414 413
f 413 414 415
f 414 416 415
f 415 416 417
f 416 418 417
f 417 418 419
f 418 420 419
f 419 420 421
f 420 422 421
f 421 422 423
f 422 424 423
f 423 424 425
f 424 333 425
f 425 333 331
f 426 427 428
f 427 429 428
f 428 429 430
f 431 432 433
f 432 434 433
f 435 436 429
f 436 437 429
f 429 437 438
f 438 439 429
f 439 440 429
f 429 440 441
f 441 442 429
f 442 443 429
f 429 443 430
f 433 444 445
f 434 446 433
f 446 447 433
f 433 447 448
f 449 450 433
f 450 451 433
f 433 451 429
f 452 453 433
f 453 454 433
f 433 454 444
f 445 455 433
f 455 456 433
f 433 456 457
f 457 458 433
f 458 459 433
f 433 459 449
f 448 460 433
f 460 461 433
f 433 461 452
f 451 462 429
f 462 463 429
f 429 463 464
f 464 465 429
f 465 466 429
f 429 466 467
f 467 468 429
f 468 469 429
f 429 469 435
f 470 471 472
f 471 473 472
f 474 475 476
f 475 477 476
f 478 479 480
f 479 481 480
f 482 483 484
f 483 485 484
f 486 487 488
f 487 489 488
f 490 491 492
f 491 493 492
f 489 487 491
f 487 493 491
f 492 493 486
f 493 487 486
f 494 495 496
f 495 497 496
f 496 497 498
f 497 499 498
f 498 499 500
f 499 501 500
f 500 501 502
f 501 503 502
f 502 503 504
f 503 505 504
f 504 505 506
f 505 507 506
f 506 507 508
f 507 509 508
f 508 509 510
f 509 511 510
f 510 511 512
f 511 513 512
f 512 513 514
f 513 515 514
f 514 515 516
f 515 517 516
f 516 517 518
f 517 519 518
f 518 519 520
f 519 521 520
f 520 521 522
f 521 523 522
f 522 523 524
f 523 525 524
f 524 525 526
f 525 527 526
f 526 527 528
f 527 529 528
f 528 529 530
f 529 531 530
f 530 531 532
f 531 533 532
f 532 533 534
f 533 535 534
f 536 537 538
f 539 540 541
f 542 543 544
f 539 541 538
f 541 545 538
f 538 545 536
f 546 538 547
f 538 548 547
f 549 550 539
f 537 551 538
f 551 552 538
f 538 552 548
f 553 554 555
f 556 557 558
f 559 560 539
f 559 539 561
f 560 562 539
f 562 563 539
f 539 563 549
f 564 565 539
f 565 566 539
f 539 566 540
f 543 567 544
f 567 568 544
f 544 568 569
f 550 570 539
f 570 571 539
f 539 571 564
f 546 572 538
f 572 573 538
f 538 573 574
f 574 575 538
f 575 576 538
f 538 576 577
f 577 578 538
f 578 579 538
f 538 579 580
f 581 582 544
f 582 583 544
f 584 585 558
f 585 586 558
f 558 586 556
f 557 587 558
f 587 588 558
f 558 588 589
f 590 591 539
f 580 592 538
f 592 593 538
f 538 593 544
f 593 594 544
f 544 594 581
f 583 595 544
f 595 596 544
f 544 596 542
f 569 597 544
f 597 598 544
f 544 598 599
f 600 601 602
f 601 603 602
f 589 604 558
f 604 605 558
f 558 605 539
f 605 606 539
f 539 606 590
f 591 607 539
f 607 608 539
f 539 608 561
f 599 609 544
f 609 610 544
f 544 610 555
f 610 611 555
f 555 611 553
f 612 613 614
f 602 615 614
f 615 616 614
f 614 616 617
f 584 558 602
f 558 618 602
f 602 618 600
f 603 619 602
f 619 620 602
f 602 620 615
f 554 621 555
f 621 622 555
f 555 622 623
f 622 624 623
f 613 625 614
f 625 626 614
f 614 626 624
f 626 627 624
f 624 627 623
f 617 628 614
f 628 629 614
f 614 629 612
f 630 631 632
f 631 633 632
f 634 635 636
f 635 637 636
f 636 637 638
f 637 639 638
f 638 639 640
f 639 641 640
f 640 641 642
f 641 643 642
f 642 643 644
f 643 645 644
f 644 645 646
f 645 647 646
f 646 647 648
f 647 649 648
f 648 649 650
f 649 651 650
f 650 651 652
f 651 653 652
f 652 653 654
f 653 655 654
f 654 655 656
f 655 657 656
f 656 657 658
f 657 659 658
f 658 659 660
f 659 661 660
f 660 661 662
f 661 663 662
f 662 663 664
f 663 665 664
f 664 665 666
f 665 667 666
f 666 667 668
f 667 669 668
f 668 669 670
f 669 671 670
f 670 671 630
f 671 631 630
f 672 673 674
f 675 676 677
f 676 678 677
f 678 679 677
f 679 680 677
f 677 680 681
f 674 682 683
f 673 684 674
f 684 685 674
f 674 685 682
f 683 686 674
f 686 687 674
f 674 687 688
f 689 690 677
f 690 691 677
f 677 691 675
f 674 692 693
f 688 694 674
f 694 695 674
f 674 695 677
f 695 696 677
f 677 696 689
f 697 698 699
f 698 700 699
f 699 700 701
f 702 703 704
f 705 706 707
f 707 708 705
f 708 709 705
f 705 709 710
f 710 711 705
f 711 712 705
f 705 712 713
f 713 714 705
f 714 715 705
f 705 715 716
f 716 717 705
f 717 718 705
f 705 718 719
f 719 720 705
f 720 721 705
f 705 721 674
f 721 722 674
f 674 722 723
f 723 724 674
f 724 725 674
f 674 725 692
f 693 726 674
f 726 727 674
f 674 727 672
f 681 728 677
f 728 729 677
f 677 729 730
f 704 731 702
f 731 732 702
f 702 732 705
f 732 733 705
f 705 733 706
f 734 735 736
f 735 737 736
f 701 738 699
f 738 739 699
f 699 739 740
f 739 736 740
f 740 736 741
f 736 737 741
f 730 742 677
f 742 743 677
f 677 743 744
f 745 746 699
f 746 747 699
f 699 747 697
f 748 749 750
f 744 751 677
f 751 752 677
f 677 752 699
f 752 753 699
f 699 753 745
f 750 754 755
f 703 702 756
f 702 757 756
f 756 757 758
f 757 759 758
f 758 759 750
f 759 760 750
f 750 760 748
f 749 761 750
f 761 762 750
f 750 762 754
f 755 763 750
f 763 764 750
f 750 764 736
f 764 765 736
f 736 765 734
f 766 231 767
f 231 227 767
f 768 230 766
f 230 231 766
f 228 230 769
f 230 768 769
f 769 768 770
f 771 769 772
f 769 770 772
f 773 774 775
f 774 776 775
f 777 778 779
f 778 780 779
f 781 782 778
f 782 780 778
f 783 784 781
f 784 782 781
f 785 786 783
f 786 784 783
f 771 779 769
f 779 780 769
f 786 787 784
f 787 788 784
f 788 789 784
f 784 789 790
f 790 791 784
f 784 791 792
f 792 793 784
f 784 793 782
f 782 793 794
f 795 796 782
f 782 796 780
f 796 797 780
f 780 797 769
f 794 798 782
f 782 798 799
f 799 800 782
f 782 800 795
f 801 802 803
f 802 804 803
f 805 806 807
f 806 808 807
f 809 808 810
f 808 806 810
f 811 812 228
f 812 813 228
f 814 815 228
f 815 816 228
f 816 817 228
f 228 817 811
f 813 818 228
f 818 819 228
f 228 819 229
f 819 820 229
f 229 820 821
f 820 822 821
f 821 822 823
f 797 824 769
f 824 825 769
f 769 825 228
f 825 826 228
f 826 827 228
f 827 828 228
f 228 828 829
f 829 830 228
f 830 831 228
f 228 831 814
f 832 833 821
f 833 229 821
f 834 835 836
f 835 837 836
f 226 225 834
f 225 835 834
f 836 837 832
f 837 833 832
f 833 837 229
f 837 835 229
f 229 835 225
f 838 839 840
f 839 841 840
f 840 841 842
f 841 843 842
f 842 843 844
f 843 845 844
f 844 845 838
f 845 839 838
f 846 847 848
f 847 849 848
f 850 851 852
f 851 853 852
f 854 855 856
f 855 857 856
f 858 859 860
f 861 862 863
f 864 865 860
f 865 858 860
f 861 863 866
f 867 868 863
f 868 869 863
f 870 871 860
f 871 872 860
f 860 872 864
f 869 873 863
f 873 874 863
f 863 874 866
f 867 863 875
f 863 876 875
f 875 876 860
f 876 877 860
f 860 877 870
f 878 879 880
f 879 881 880
f 882 883 884
f 883 885 884
f 886 887 888
f 888 887 889
f 890 891 892
f 893 894 895
f 896 897 898
f 897 899 898
f 900 897 896
f 896 901 900
f 900 901 902
f 901 903 902
f 904 905 906
f 901 907 903
f 907 905 903
f 905 904 903
f 908 909 910
f 905 911 906
f 911 910 906
f 910 909 906
f 912 913 914
f 914 913 915
f 910 916 908
f 916 914 908
f 914 915 908
f 912 917 913
f 917 918 913
f 913 918 919
f 918 920 919
f 918 921 920
f 922 895 894
f 922 894 923
f 894 924 923
f 923 924 925
f 921 923 920
f 923 925 920
f 892 891 926
f 893 895 891
f 895 927 891
f 891 927 926
f 928 929 930
f 928 930 931
f 890 892 930
f 930 892 931
f 932 933 929
f 933 934 929
f 929 934 930
f 932 935 933
f 935 936 933
f 933 936 937
f 936 938 937
f 939 940 936
f 940 938 936
f 939 941 940
f 940 941 942
f 941 887 942
f 889 887 941
f 943 944 945
f 886 888 945
f 945 888 943
f 946 947 944
f 944 947 945
f 948 949 950
f 944 951 946
f 951 950 946
f 946 950 952
f 950 949 952
f 953 954 955
f 955 956 953
f 953 956 957
f 950 958 948
f 958 953 948
f 948 953 957
f 954 959 955
f 955 959 960
f 961 962 959
f 959 962 960
f 961 963 962
f 962 963 964
f 963 965 964
f 965 966 964
f 966 75 964
f 964 75 77
f 967 968 969
f 969 968 970
f 968 971 970
f 970 971 972
f 971 973 972
f 972 973 974
f 973 975 974
f 974 975 976
f 975 977 976
f 976 977 978
f 977 979 978
f 978 979 980
f 979 981 980
f 980 981 982
f 981 983 982
f 982 983 984
f 983 391 984
f 984 391 390
f 969 985 967
f 967 985 986
f 985 987 986
f 986 987 988
f 987 989 988
f 988 989 990
f 989 991 990
f 990 991 992
f 991 993 992
f 992 993 994
f 993 995 994
f 994 995 996
f 995 997 996
f 996 997 998
f 997 999 998
f 998 999 1000
f 999 1001 1000
f 1000 1001 1002
f 1001 1003 1002
f 1002 1003 1004
f 1003 1005 1004
f 1006 1007 1008
f 1009 1010 1011
f 1011 1012 1009
f 1009 1012 1013
f 1012 1014 1013
f 1015 1016 1017
f 1012 1018 1014
f 1018 1019 1014
f 1014 1019 1020
f 1015 1017 1019
f 1017 1020 1019
f 1016 1021 1017
f 1017 1021 1022
f 1021 1023 1022
f 1023 1024 1022
f 1023 1025 1024
f 1025 1026 1024
f 1025 1027 1026
f 1027 1028 1026
f 1027 1029 1028
f 1029 1030 1028
f 1028 1030 1031
f 1030 1032 1031
f 1031 1032 1033
f 1032 1034 1033
f 1033 1034 1035
f 1035 1034 1036
f 1035 1036 1037
f 1036 1038 1037
f 1037 1038 1039
f 1039 1038 1040
f 1038 1041 1040
f 1040 1041 1042
f 1008 1007 1043
f 1040 1042 1007
f 1007 1042 1043
f 1006 1008 1044
f 1008 1045 1044
f 1046 1047 1048
f 1044 1045 1048
f 1048 1045 1046
f 1049 1050 1047
f 1050 1051 1047
f 1047 1051 1048
f 1049 1052 1050
f 1053 1050 1052
f 1052 1054 1053
f 1054 3 1053
f 1054 10 3
f 1055 1056 1057
f 1056 1058 1057
f 1059 1060 1061
f 8 1062 1063
f 1062 1064 1063
f 1064 1065 1063
f 1065 1066 1063
f 1066 1067 1063
f 1063 1067 1068
f 1067 1069 1068
f 1069 1070 1068
f 1068 1070 1071
f 1070 1072 1071
f 1072 1073 1071
f 1073 1074 1071
f 1071 1074 1075
f 1074 1076 1075
f 1076 1077 1075
f 1075 1077 1078
f 1077 1079 1078
f 1079 1080 1078
f 1078 1080 1081
f 1080 1082 1081
f 1082 1083 1081
f 1083 1084 1081
f 1081 1084 1057
f 1084 1085 1057
f 1086 133 1061
f 133 1087 1061
f 1087 1088 1061
f 1061 1088 1089
f 1088 1090 1089
f 1090 1091 1089
f 1089 1091 1092
f 1091 1093 1092
f 1093 1094 1092
f 1094 1095 1092
f 1092 1095 1096
f 1095 1097 1096
f 1097 1098 1096
f 1098 1099 1096
f 1096 1099 1100
f 1099 1101 1100
f 1101 1102 1100
f 1100 1102 1063
f 1102 1103 1063
f 1103 1104 1063
f 1104 1105 1063
f 1105 1106 1063
f 1106 1107 1063
f 1063 1107 8
f 1096 1100 1071
f 1100 1063 1071
f 1058 1059 1061
f 1061 1089 1108
f 1108 1089 1092
f 1058 1061 1057
f 1057 1061 1108
f 1108 1092 1075
f 1075 1092 1096
f 1057 1108 1081
f 1081 1108 1075
f 1075 1096 1071
f 1081 1075 1078
f 1068 1071 1063
f 1085 1109 1057
f 1057 1109 1110
f 1109 1111 1110
f 77 106 1112
f 106 1113 1112
f 1112 1113 1114
f 1115 1116 1114
f 1114 1116 1112
f 1117 1118 1119
f 1118 1120 1119
f 1119 1120 1121
f 1114 1118 1115
f 1118 1117 1115
f 1122 1123 1121
f 1121 1123 1119
f 1121 1124 1122
f 1124 1125 1122
f 1126 1125 1127
f 1124 1127 1125
f 1128 1129 1130
f 1127 1131 1126
f 1131 1130 1126
f 1126 1130 1132
f 1130 1129 1132
f 1130 1133 1128
f 1134 1135 1133
f 1133 1135 1128
f 1136 1137 1138
f 1138 1139 1136
f 1136 1139 1134
f 1134 1139 1135
f 1137 1140 1138
f 1137 1141 1140
f 1141 1142 1140
f 1143 1144 1145
f 1141 1144 1142
f 1144 1143 1142
f 1146 1147 1148
f 1144 1149 1145
f 1149 1148 1145
f 1145 1148 1147
f 1150 1146 1151
f 1150 1151 1152
f 1148 1151 1146
f 1152 1153 1150
f 1152 1154 1153
f 1154 1155 1153
f 1154 1156 1155
f 1004 1156 1002
f 1156 1157 1002
f 1002 1157 1000
f 1000 1157 998
f 1157 1158 998
f 998 1158 996
f 1158 1159 996
f 996 1159 994
f 994 1159 992
f 992 1159 990
f 1159 1160 990
f 990 1160 988
f 1160 1161 988
f 988 1161 986
f 986 1161 967
f 1161 1162 967
f 967 1162 968
f 1162 1163 968
f 968 1163 971
f 1163 1164 971
f 971 1164 973
f 1164 1165 973
f 973 1165 975
f 1165 1166 975
f 975 1166 977
f 977 1166 979
f 1166 1167 979
f 979 1167 981
f 981 1167 983
f 1167 389 983
f 983 389 391
f 1168 1169 1031
f 1170 1010 1171
f 1010 1009 1171
f 1171 1009 1172
f 1172 1009 1173
f 1009 1013 1173
f 1013 1014 1173
f 1173 1014 1174
f 1014 1020 1174
f 1174 1020 1175
f 1020 1017 1175
f 1175 1017 1176
f 1017 1022 1176
f 1176 1022 1177
f 1022 1024 1177
f 1177 1024 1178
f 1178 1024 1179
f 1024 1026 1179
f 1179 1026 1180
f 1026 1028 1180
f 1180 1028 1169
f 1028 1031 1169
f 1031 1033 1168
f 1168 1033 1181
f 1033 1035 1181
f 1181 1035 1182
f 1035 1037 1182
f 1037 1039 1182
f 1182 1039 1183
f 1039 1040 1183
f 1183 1040 1184
f 1040 1007 1184
f 1007 1006 1184
f 1184 1006 1185
f 1006 1044 1185
f 1185 1044 1186
f 1044 1048 1186
f 1048 1051 1186
f 1186 1051 1187
f 1051 1050 1187
f 1187 1050 1188
f 1050 1053 1188
f 1188 1053 4
f 1053 3 4
f 1189 1190 1055
f 146 133 1191
f 133 1086 1191
f 1192 1193 1061
f 1061 1193 1086
f 1193 1194 1086
f 1086 1194 1191
f 1195 1196 1060
f 1061 1060 1192
f 1060 1196 1192
f 1197 1198 1059
f 1060 1059 1195
f 1059 1198 1195
f 1059 1058 1197
f 1058 1199 1197
f 1200 1199 1056
f 1058 1056 1199
f 1056 1055 1200
f 1200 1055 1190
f 1055 1057 1189
f 1189 1057 1110
f 1201 1189 1110
f 1110 1111 1201
f 389 1167 1202
f 1156 1154 1203
f 1154 1152 1203
f 1203 1152 1204
f 1203 1204 1205
f 1205 1204 1206
f 1152 1151 1204
f 1204 1151 1207
f 1151 1148 1207
f 1206 1204 1207
f 1207 1148 1208
f 1206 1207 1209
f 1207 1208 1209
f 1148 1149 1208
f 1149 1144 1208
f 1208 1144 1209
f 1144 1141 1209
f 1206 1209 1210
f 1203 1205 1211
f 1211 1205 1206
f 1212 1206 1210
f 1211 1206 1213
f 1213 1206 1214
f 1206 1212 1215
f 1212 1216 1215
f 1215 1216 1217
f 1212 1210 1218
f 1218 1210 1209
f 1206 1215 1214
f 1212 1218 1216
f 1209 1219 1218
f 1214 1215 1220
f 1215 1217 1220
f 1141 1137 1209
f 1137 1136 1209
f 1209 1136 1219
f 1136 1134 1219
f 1219 1134 1133
f 1216 1218 1217
f 1218 1219 1221
f 1221 1219 1222
f 1157 1156 1203
f 1133 1130 1219
f 1219 1130 1222
f 1130 1131 1222
f 1222 1131 1127
f 1217 1218 1223
f 1223 1218 1221
f 1222 1127 1221
f 1157 1203 1158
f 1203 1211 1158
f 1158 1211 1159
f 1159 1211 1160
f 1211 1213 1160
f 1160 1213 1161
f 1213 1214 1161
f 1161 1214 1162
f 1162 1214 1163
f 1214 1220 1163
f 1163 1220 1164
f 1220 1217 1164
f 1164 1217 1165
f 1165 1217 1166
f 1217 1202 1166
f 1202 1217 1224
f 1224 1217 1225
f 1127 1124 1221
f 1221 1124 1121
f 1225 1217 1223
f 1223 1221 1226
f 1221 1121 1227
f 1167 1166 1202
f 1121 1120 1227
f 1120 1118 1227
f 1227 1118 1221
f 1221 1118 1114
f 1221 1114 1228
f 1228 1114 1113
f 389 1202 1229
f 1202 1224 1229
f 1229 1224 1230
f 1230 1224 1231
f 1231 1224 1232
f 1232 1224 1233
f 1224 1225 1233
f 1233 1225 1234
f 1234 1225 1235
f 1235 1225 1236
f 1225 1223 1236
f 1236 1223 1237
f 1237 1223 1238
f 1238 1223 1239
f 1239 1223 1240
f 1223 1226 1240
f 1240 1226 1241
f 1226 1221 1241
f 1241 1221 1242
f 1242 1221 1243
f 1243 1221 1244
f 1221 1228 1244
f 1244 1228 1245
f 1228 1113 1245
f 1245 1113 106
f 428 430 1246
f 1246 430 1247
f 430 1248 1247
f 1247 1248 1249
f 1248 1250 1249
f 1249 1250 1251
f 1251 1250 1252
f 1250 1253 1252
f 1252 1253 1254
f 1254 1253 1255
f 1253 1256 1255
f 1255 1256 1257
f 1257 1256 1258
f 1256 1259 1258
f 1258 1259 1260
f 1260 1259 1261
f 1259 1262 1261
f 1261 1262 1263
f 1263 1262 1264
f 1262 1265 1264
f 1264 1265 1266
f 1266 1265 1267
f 1265 1268 1267
f 1267 1268 1269
f 1269 1268 1270
f 1268 1271 1270
f 1270 1271 369
f 1271 367 369
f 430 443 1248
f 443 1272 1248
f 1248 1272 1250
f 1272 1273 1250
f 1250 1273 1253
f 1273 1274 1253
f 1253 1274 1256
f 1274 1275 1256
f 1256 1275 1259
f 1275 1276 1259
f 1259 1276 1262
f 1276 1277 1262
f 1262 1277 1265
f 1265 1277 1268
f 1277 1278 1268
f 1268 1278 1271
f 1278 1279 1271
f 1271 1279 367
f 1279 365 367
f 443 442 1272
f 442 1280 1272
f 1272 1280 1273
f 1280 1281 1273
f 1273 1281 1274
f 1281 1282 1274
f 1274 1282 1275
f 1282 1283 1275
f 1275 1283 1276
f 1283 1284 1276
f 1276 1284 1277
f 1277 1284 1278
f 1284 1285 1278
f 1278 1285 1279
f 1285 1286 1279
f 1279 1286 365
f 1286 363 365
f 442 441 1280
f 441 1287 1280
f 1280 1287 1281
f 1287 1288 1281
f 1281 1288 1282
f 1288 1289 1282
f 1282 1289 1283
f 1289 1290 1283
f 1283 1290 1284
f 1284 1290 1285
f 1290 1291 1285
f 1285 1291 1286
f 1291 1292 1286
f 1286 1292 363
f 1292 361 363
f 441 440 1287
f 440 1293 1287
f 1287 1293 1288
f 1293 1294 1288
f 1288 1294 1289
f 1294 1295 1289
f 1289 1295 1290
f 1290 1295 1291
f 1295 1296 1291
f 1291 1296 1292
f 1296 1297 1292
f 1292 1297 361
f 1297 359 361
f 440 439 1293
f 439 1298 1293
f 1293 1298 1294
f 1298 1299 1294
f 1294 1299 1295
f 1295 1299 1296
f 1299 1300 1296
f 1296 1300 1297
f 1300 1301 1297
f 1297 1301 359
f 1301 357 359
f 439 438 1298
f 438 1302 1298
f 1298 1302 1299
f 1299 1302 1300
f 1302 1303 1300
f 1300 1303 1301
f 1303 1304 1301
f 1301 1304 357
f 1304 355 357
f 438 437 1302
f 437 1305 1302
f 1305 1306 1302
f 1306 1307 1302
f 1302 1307 1303
f 1307 1308 1303
f 1303 1308 1304
f 1308 1309 1304
f 1304 1309 355
f 1309 353 355
f 437 436 1305
f 436 1310 1305
f 1305 1310 1306
f 1310 1311 1306
f 1306 1311 1307
f 1311 1312 1307
f 1307 1312 1308
f 1312 1313 1308
f 1308 1313 1309
f 1313 1314 1309
f 1309 1314 353
f 1314 351 353
f 436 435 1310
f 435 1315 1310
f 1310 1315 1311
f 1315 1316 1311
f 1311 1316 1312
f 1316 1317 1312
f 1312 1317 1313
f 1317 1318 1313
f 1313 1318 1314
f 1318 1319 1314
f 1314 1319 351
f 1319 349 351
f 435 469 1315
f 469 1320 1315
f 1315 1320 1316
f 1320 1321 1316
f 1316 1321 1317
f 1321 1322 1317
f 1317 1322 1318
f 1322 1323 1318
f 1318 1323 1319
f 1323 1324 1319
f 1319 1324 349
f 1324 347 349
f 469 468 1320
f 468 1325 1320
f 1320 1325 1321
f 1325 1326 1321
f 1321 1326 1322
f 1326 1327 1322
f 1322 1327 1323
f 1327 1328 1323
f 1323 1328 1324
f 1328 1329 1324
f 1324 1329 347
f 1329 345 347
f 468 467 1325
f 467 1330 1325
f 1325 1330 1326
f 1330 1331 1326
f 1326 1331 1327
f 1331 1332 1327
f 1327 1332 1328
f 1332 1333 1328
f 1328 1333 1329
f 1333 1334 1329
f 1329 1334 345
f 1334 343 345
f 467 466 1330
f 466 1335 1330
f 1330 1335 1331
f 1335 1336 1331
f 1331 1336 1332
f 1336 1337 1332
f 1332 1337 1333
f 1337 1338 1333
f 1333 1338 1334
f 1338 1339 1334
f 1334 1339 343
f 1339 341 343
f 466 465 1335
f 465 1340 1335
f 1340 1341 1335
f 1335 1341 1336
f 1341 1342 1336
f 1336 1342 1337
f 1342 1343 1337
f 1337 1343 1338
f 1343 1344 1338
f 1338 1344 1339
f 1344 1345 1339
f 1339 1345 341
f 1345 339 341
f 465 464 1340
f 464 1346 1340
f 1346 1347 1340
f 1340 1347 1341
f 1347 1348 1341
f 1341 1348 1342
f 1348 1349 1342
f 1342 1349 1343
f 1349 1350 1343
f 1343 1350 1344
f 1350 1351 1344
f 1344 1351 1345
f 1351 1352 1345
f 1345 1352 339
f 1352 337 339
f 464 463 1346
f 463 1353 1346
f 1353 1354 1346
f 1346 1354 1347
f 1354 1355 1347
f 1347 1355 1348
f 1355 1356 1348
f 1348 1356 1349
f 1356 1357 1349
f 1349 1357 1350
f 1357 1358 1350
f 1358 1359 1350
f 1350 1359 1351
f 1359 1360 1351
f 1351 1360 1352
f 1360 1361 1352
f 1352 1361 337
f 1361 335 337
f 462 1362 463
f 463 1362 1353
f 1362 1363 1353
f 1363 1364 1353
f 1353 1364 1354
f 1364 1365 1354
f 1365 1366 1354
f 1354 1366 1355
f 1366 1367 1355
f 1367 1368 1355
f 1355 1368 1356
f 1368 1369 1356
f 1356 1369 1357
f 1369 1370 1357
f 1370 1371 1357
f 1357 1371 1358
f 1371 1372 1358
f 1372 1373 1358
f 1373 1374 1358
f 1358 1374 1359
f 1374 1375 1359
f 1359 1375 1360
f 1375 1376 1360
f 1376 1377 1360
f 1360 1377 1361
f 1377 1378 1361
f 1361 1378 335
f 1378 329 335
f 1379 1170 1171
f 1379 1171 1380
f 1171 1172 1380
f 1380 1172 1381
f 1172 1173 1381
f 1381 1173 1382
f 1173 1174 1382
f 1382 1174 1383
f 1174 1175 1383
f 1383 1175 1384
f 1175 1176 1384
f 1384 1176 1385
f 1176 1177 1385
f 1385 1177 1386
f 1177 1178 1386
f 1386 1178 1387
f 1178 1179 1387
f 1387 1179 1388
f 1179 1180 1388
f 1388 1180 1389
f 1180 1169 1389
f 1389 1169 1390
f 1169 1168 1390
f 1390 1168 1391
f 1168 1181 1391
f 1391 1181 1392
f 1181 1182 1392
f 1392 1182 1393
f 1182 1183 1393
f 1393 1183 1394
f 1183 1184 1394
f 1394 1184 1395
f 1184 1185 1395
f 1395 1185 1396
f 1185 1186 1396
f 1396 1186 1397
f 1186 1187 1397
f 1397 1187 1398
f 1187 1188 1398
f 1398 1188 6
f 1188 4 6
f 1399 1400 1401
f 1402 1403 1404
f 1405 1406 1407
f 1408 1409 1410
f 1409 147 1410
f 1410 147 146
f 1411 1412 1413
f 1412 1414 1413
f 1410 1415 1408
f 1415 1412 1408
f 1412 1411 1408
f 1416 1417 1418
f 1417 1419 1418
f 1414 1420 1413
f 1420 1418 1413
f 1413 1418 1421
f 1418 1419 1421
f 1416 1422 1417
f 1417 1422 1423
f 1405 1407 1422
f 1422 1407 1423
f 1424 1425 1406
f 1406 1425 1407
f 1426 1427 1428
f 1406 1429 1424
f 1429 1428 1424
f 1428 1427 1424
f 1430 1431 1432
f 1431 1426 1432
f 1428 1433 1426
f 1433 1432 1426
f 1434 1435 1436
f 1434 1436 1437
f 1436 1438 1437
f 1437 1438 1439
f 1432 1437 1430
f 1430 1437 1439
f 1435 1440 1436
f 1440 1441 1436
f 1436 1441 1442
f 1442 1441 1443
f 1441 1444 1443
f 1443 1444 1445
f 1446 1447 1448
f 1447 1449 1448
f 1449 1450 1448
f 1445 1451 1443
f 1451 1447 1443
f 1447 1446 1443
f 1404 1403 1452
f 1403 1453 1452
f 1452 1453 1450
f 1453 1448 1450
f 1401 1400 1454
f 1400 1455 1454
f 1454 1455 1404
f 1404 1455 1402
f 1456 1457 1458
f 1457 1459 1458
f 1401 1460 1399
f 1399 1460 1461
f 1460 1457 1461
f 1457 1456 1461
f 1462 1463 1464
f 1463 1465 1464
f 1459 1464 1458
f 1464 1465 1458
f 1466 1467 1468
f 1468 1467 1469
f 1462 1470 1463
f 1470 1471 1463
f 1471 1467 1463
f 1463 1467 1466
f 1469 1472 1468
f 1472 1473 1468
f 1468 1473 1474
f 1473 1475 1474
f 1473 1476 1475
f 1476 1477 1475
f 1475 1477 1478
f 1477 1479 1478
f 1479 1480 1478
f 1481 1482 1483
f 1482 1480 1483
f 1483 1480 1484
f 1480 1479 1484
f 387 389 1229
f 387 1229 1485
f 1229 1230 1485
f 1485 1230 1486
f 1230 1231 1486
f 1486 1231 1487
f 1231 1232 1487
f 1487 1232 1488
f 1232 1233 1488
f 1488 1233 1489
f 1233 1234 1489
f 1489 1234 1490
f 1234 1235 1490
f 1490 1235 1491
f 1235 1236 1491
f 1491 1236 1492
f 1236 1237 1492
f 1492 1237 1493
f 1237 1238 1493
f 1493 1238 1494
f 1238 1239 1494
f 1494 1239 1495
f 1239 1240 1495
f 1495 1240 1496
f 1240 1241 1496
f 1496 1241 1497
f 1241 1242 1497
f 1497 1242 1498
f 1242 1243 1498
f 1498 1243 1499
f 1243 1244 1499
f 1499 1244 1500
f 1244 1245 1500
f 1500 1245 1501
f 1245 106 1501
f 1501 106 105
f 426 428 1246
f 426 1246 1502
f 1246 1247 1502
f 1502 1247 1503
f 1247 1249 1503
f 1503 1249 1504
f 1249 1251 1504
f 1504 1251 1505
f 1251 1252 1505
f 1505 1252 1506
f 1252 1254 1506
f 1506 1254 1507
f 1254 1255 1507
f 1507 1255 1508
f 1255 1257 1508
f 1508 1257 1509
f 1257 1258 1509
f 1509 1258 1510
f 1258 1260 1510
f 1510 1260 1511
f 1260 1261 1511
f 1511 1261 1512
f 1261 1263 1512
f 1512 1263 1513
f 1263 1264 1513
f 1513 1264 1514
f 1264 1266 1514
f 1514 1266 1515
f 1266 1267 1515
f 1515 1267 1516
f 1267 1269 1516
f 1516 1269 1517
f 1269 1270 1517
f 1517 1270 1518
f 1270 369 1518
f 1518 369 387
f 462 451 1519
f 462 1519 1362
f 1519 1520 1362
f 1362 1520 1363
f 1520 1521 1363
f 1363 1521 1364
f 1521 1522 1364
f 1364 1522 1365
f 1522 1523 1365
f 1365 1523 1366
f 1523 1524 1366
f 1366 1524 1367
f 1524 1525 1367
f 1367 1525 1368
f 1525 1526 1368
f 1368 1526 1369
f 1526 1527 1369
f 1369 1527 1370
f 1527 1528 1370
f 1370 1528 1371
f 1528 1529 1371
f 1371 1529 1372
f 1529 1530 1372
f 1372 1530 1373
f 1530 1531 1373
f 1373 1531 1374
f 1531 1532 1374
f 1374 1532 1375
f 1532 1533 1375
f 1375 1533 1376
f 1533 1534 1376
f 1376 1534 1377
f 1534 1535 1377
f 1377 1535 1378
f 1535 331 1378
f 1378 331 329
f 6 5 1536
f 6 1536 1398
f 1536 1537 1398
f 1398 1537 1397
f 1537 1538 1397
f 1397 1538 1396
f 1396 1538 1395
f 1538 1539 1395
f 1395 1539 1394
f 1394 1539 1393
f 1539 1540 1393
f 1393 1540 1392
f 1392 1540 1391
f 1540 1541 1391
f 1391 1541 1390
f 1390 1541 1389
f 1389 1541 1388
f 1541 1542 1388
f 1388 1542 1387
f 1542 1543 1387
f 1387 1543 1386
f 1386 1543 1385
f 1385 1543 1384
f 1543 1544 1384
f 1384 1544 1383
f 1544 1545 1383
f 1383 1545 1382
f 1382 1545 1381
f 1545 1546 1381
f 1381 1546 1380
f 1546 1547 1380
f 1380 1547 1379
f 1548 1549 1550
f 1551 1552 1553
f 1554 1547 1555
f 1547 1556 1555
f 1556 1557 1555
f 1558 1557 1559
f 1559 1557 1556
f 1560 1561 1562
f 1562 1561 1559
f 1559 1561 1558
f 1563 1560 1564
f 1562 1564 1560
f 1564 1565 1563
f 1563 1565 1566
f 1567 1568 1569
f 1565 1569 1566
f 1569 1568 1566
f 1570 1571 1572
f 1572 1573 1570
f 1570 1573 1567
f 1573 1574 1567
f 1567 1574 1568
f 1575 1576 1571
f 1576 1572 1571
f 1577 1578 1575
f 1578 1576 1575
f 1552 1578 1577
f 1552 1577 1553
f 1551 1553 1579
f 1580 1581 1579
f 1579 1581 1551
f 1579 1582 1580
f 1582 1583 1580
f 1549 1583 1584
f 1549 1584 1550
f 1582 1584 1583
f 1550 1585 1548
f 1550 1586 1585
f 1586 159 1585
f 1585 159 147
f 426 1502 1587
f 387 1485 1588
f 1588 1485 1486
f 1588 1486 1589
f 1589 1486 1487
f 1588 1589 1590
f 1589 1487 1488
f 1589 1488 1489
f 1591 1589 1592
f 1589 1489 1490
f 1589 1490 1592
f 1592 1490 1491
f 1591 1593 1594
f 1592 1491 1492
f 1593 1592 1595
f 1592 1492 1493
f 1590 1591 1596
f 1596 1591 1594
f 1594 1593 1597
f 1597 1593 1598
f 1595 1592 1599
f 1592 1493 1599
f 1599 1493 1494
f 1600 1594 1597
f 1598 1593 1601
f 1593 1595 1601
f 1595 1599 1601
f 1599 1494 1495
f 1597 1598 1602
f 1599 1495 1496
f 1598 1601 1603
f 1599 1496 1497
f 1518 387 1588
f 1602 1598 1604
f 1603 1601 1605
f 1601 1599 1606
f 1599 1497 1606
f 1606 1497 1498
f 1518 1588 1517
f 1588 1590 1517
f 1517 1590 1516
f 1516 1590 1515
f 1515 1590 1514
f 1590 1596 1514
f 1514 1596 1513
f 1596 1594 1513
f 1513 1594 1512
f 1512 1594 1511
f 1594 1600 1511
f 1511 1600 1510
f 1600 1597 1510
f 1510 1597 1509
f 1509 1597 1508
f 1508 1597 1507
f 1597 1602 1507
f 1507 1602 1506
f 1506 1602 1505
f 1602 1604 1505
f 1505 1604 1504
f 1504 1604 1503
f 1598 1603 1607
f 1605 1601 1608
f 1606 1498 1499
f 1604 1598 1607
f 1607 1603 1605
f 1608 1601 1609
f 1601 1606 1609
f 1606 1499 1609
f 1609 1499 1500
f 1502 1604 1587
f 1608 1609 1610
f 1610 1609 1611
f 1609 1500 1611
f 1611 1500 1501
f 426 1587 1612
f 1612 1587 1613
f 1613 1587 1614
f 1587 1604 1614
f 1614 1604 1615
f 1604 1607 1615
f 1615 1607 1616
f 1616 1607 1617
f 1617 1607 1618
f 1607 1605 1618
f 1618 1605 1619
f 1619 1605 1620
f 1620 1605 1621
f 1621 1605 1622
f 1622 1605 1623
f 1605 1608 1623
f 1623 1608 1624
f 1608 1610 1624
f 1624 1610 1625
f 1625 1610 1626
f 1610 1611 1626
f 1626 1611 1627
f 1627 1611 1628
f 1611 1501 1628
f 1628 1501 105
f 1502 1503 1604
f 1593 1591 1592
f 1591 1590 1589
f 451 450 1519
f 1519 450 1520
f 450 1629 1520
f 1520 1629 1521
f 1629 1630 1521
f 1521 1630 1522
f 1522 1630 1523
f 1630 1631 1523
f 1523 1631 1524
f 1524 1631 1525
f 1631 1632 1525
f 1525 1632 1526
f 1526 1632 1527
f 1632 1633 1527
f 1527 1633 1528
f 1528 1633 1529
f 1633 1634 1529
f 1529 1634 1530
f 1530 1634 1531
f 1634 1635 1531
f 1531 1635 1532
f 1532 1635 1533
f 1635 1636 1533
f 1533 1636 1534
f 1534 1636 1535
f 1636 425 1535
f 1535 425 331
f 450 449 1629
f 449 1637 1629
f 1629 1637 1630
f 1637 1638 1630
f 1630 1638 1631
f 1631 1638 1632
f 1632 1638 1633
f 1638 1639 1633
f 1633 1639 1634
f 1639 1640 1634
f 1634 1640 1635
f 1635 1640 1636
f 1640 1641 1636
f 1636 1641 425
f 1641 423 425
f 449 459 1637
f 459 1642 1637
f 1637 1642 1638
f 1638 1642 1639
f 1642 1643 1639
f 1639 1643 1640
f 1643 1644 1640
f 1640 1644 1641
f 1644 1645 1641
f 1641 1645 423
f 1645 421 423
f 459 458 1642
f 458 1646 1642
f 1642 1646 1643
f 1646 1647 1643
f 1643 1647 1644
f 1647 1648 1644
f 1644 1648 1645
f 1648 1649 1645
f 1645 1649 421
f 1649 419 421
f 458 457 1646
f 457 1650 1646
f 1646 1650 1647
f 1650 1651 1647
f 1647 1651 1648
f 1651 1652 1648
f 1648 1652 1649
f 1652 1653 1649
f 1649 1653 419
f 1653 417 419
f 457 456 1650
f 456 1654 1650
f 1650 1654 1651
f 1654 1655 1651
f 1651 1655 1652
f 1655 1656 1652
f 1652 1656 1653
f 1656 1657 1653
f 1653 1657 417
f 1657 415 417
f 456 455 1654
f 455 1658 1654
f 1654 1658 1655
f 1658 1659 1655
f 1655 1659 1656
f 1659 1660 1656
f 1656 1660 1657
f 1660 1661 1657
f 1657 1661 415
f 1661 413 415
f 455 445 1658
f 445 1662 1658
f 1658 1662 1659
f 1662 1663 1659
f 1659 1663 1660
f 1663 1664 1660
f 1660 1664 1661
f 1664 1665 1661
f 1661 1665 413
f 1665 411 413
f 445 444 1662
f 444 1666 1662
f 1662 1666 1663
f 1666 1667 1663
f 1663 1667 1664
f 1667 1668 1664
f 1664 1668 1665
f 1668 1669 1665
f 1665 1669 411
f 1669 409 411
f 444 454 1666
f 454 1670 1666
f 1666 1670 1667
f 1670 1671 1667
f 1667 1671 1668
f 1671 1672 1668
f 1668 1672 1669
f 1672 1673 1669
f 1669 1673 409
f 1673 407 409
f 454 453 1670
f 453 1674 1670
f 1670 1674 1671
f 1674 1675 1671
f 1671 1675 1672
f 1675 1676 1672
f 1672 1676 1673
f 1676 1677 1673
f 1673 1677 407
f 1677 405 407
f 453 452 1674
f 452 1678 1674
f 1674 1678 1675
f 1678 1679 1675
f 1675 1679 1676
f 1679 1680 1676
f 1676 1680 1677
f 1680 1681 1677
f 1677 1681 405
f 1681 403 405
f 461 1682 452
f 452 1682 1678
f 1678 1682 1679
f 1682 1683 1679
f 1679 1683 1680
f 1683 1684 1680
f 1680 1684 1681
f 1684 1685 1681
f 1681 1685 403
f 1685 401 403
f 461 460 1682
f 460 1686 1682
f 1682 1686 1683
f 1686 1687 1683
f 1683 1687 1684
f 1687 1688 1684
f 1684 1688 1685
f 1688 1689 1685
f 1685 1689 401
f 1689 399 401
f 460 448 1686
f 448 1690 1686
f 1686 1690 1687
f 1690 1691 1687
f 1687 1691 1688
f 1691 1692 1688
f 1688 1692 1689
f 1692 1693 1689
f 1689 1693 399
f 1693 397 399
f 448 447 1690
f 447 1694 1690
f 1694 1695 1690
f 1695 1696 1690
f 1690 1696 1691
f 1696 1697 1691
f 1691 1697 1692
f 1697 1698 1692
f 1692 1698 1693
f 1698 1699 1693
f 1693 1699 397
f 1699 395 397
f 446 1700 447
f 447 1700 1694
f 1700 1701 1694
f 1694 1701 1695
f 1701 1702 1695
f 1695 1702 1696
f 1702 1703 1696
f 1696 1703 1697
f 1703 1704 1697
f 1697 1704 1698
f 1704 1705 1698
f 1698 1705 1699
f 1705 1706 1699
f 1699 1706 395
f 1706 393 395
f 434 1707 446
f 446 1707 1700
f 1707 1708 1700
f 1708 1709 1700
f 1709 1710 1700
f 1700 1710 1701
f 1710 1711 1701
f 1711 1712 1701
f 1701 1712 1702
f 1712 1713 1702
f 1713 1714 1702
f 1714 1715 1702
f 1702 1715 1703
f 1715 1716 1703
f 1716 1717 1703
f 1703 1717 1704
f 1717 1718 1704
f 1718 1719 1704
f 1719 1720 1704
f 1704 1720 1705
f 1720 1721 1705
f 1721 1722 1705
f 1705 1722 1706
f 1722 1723 1706
f 1706 1723 393
f 1723 1 393
f 1586 1550 1724
f 1550 1584 1724
f 1584 1582 1725
f 1582 1579 1725
f 1579 1553 1725
f 1553 1577 1725
f 1571 1570 1725
f 1547 1546 1726
f 1727 1547 1728
f 1556 1547 1727
f 1726 1546 1729
f 1729 1546 1545
f 1562 1559 1726
f 1726 1559 1727
f 1559 1556 1727
f 1729 1545 1544
f 1564 1562 1730
f 1562 1726 1730
f 1729 1544 1731
f 1731 1544 1543
f 1565 1564 1730
f 1731 1543 1732
f 1565 1730 1569
f 1569 1730 1733
f 1732 1543 1734
f 1734 1543 1542
f 1567 1569 1733
f 1735 1732 1734
f 1734 1542 1541
f 1570 1567 1725
f 1567 1733 1725
f 1733 1730 1736
f 1730 1726 1736
f 1575 1571 1725
f 1737 1735 1738
f 1738 1735 1739
f 1735 1734 1739
f 1739 1734 1740
f 1734 1541 1740
f 1740 1541 1540
f 1577 1575 1725
f 1727 1728 1726
f 1740 1540 1539
f 1725 1733 1741
f 1739 1740 1742
f 1740 1539 1743
f 1744 1725 1741
f 1741 1733 1737
f 1733 1736 1737
f 1736 1726 1729
f 1728 1547 1726
f 1744 1738 1745
f 1738 1739 1746
f 1746 1739 1742
f 1742 1740 1743
f 1743 1539 1538
f 1741 1737 1744
f 1737 1736 1731
f 1736 1729 1731
f 1745 1738 1746
f 1746 1742 1747
f 1742 1743 1747
f 1743 1538 1748
f 1584 1725 1724
f 1725 1744 1724
f 1724 1744 1745
f 1745 1746 1749
f 1749 1746 1747
f 1748 1538 1537
f 1724 1745 1750
f 1747 1743 1751
f 1751 1743 1748
f 1748 1537 1536
f 159 1586 1724
f 159 1724 1752
f 1752 1724 1753
f 1753 1724 1754
f 1754 1724 1755
f 1724 1750 1755
f 1755 1750 1756
f 1750 1745 1756
f 1756 1745 1757
f 1757 1745 1758
f 1758 1745 1759
f 1745 1749 1759
f 1759 1749 1760
f 1749 1747 1760
f 1760 1747 1761
f 1761 1747 1762
f 1762 1747 1763
f 1747 1751 1763
f 1763 1751 1764
f 1764 1751 1765
f 1751 1748 1765
f 1765 1748 1766
f 1766 1748 1767
f 1767 1748 1768
f 1748 1536 1768
f 1768 1536 5
f 1744 1737 1738
f 1737 1731 1735
f 1735 1731 1732
f 427 426 1612
f 427 1612 1769
f 1612 1613 1769
f 1769 1613 1770
f 1613 1614 1770
f 1770 1614 1771
f 1614 1615 1771
f 1771 1615 1772
f 1615 1616 1772
f 1772 1616 1773
f 1616 1617 1773
f 1773 1617 1774
f 1617 1618 1774
f 1774 1618 1775
f 1618 1619 1775
f 1775 1619 1776
f 1619 1620 1776
f 1776 1620 1777
f 1620 1621 1777
f 1777 1621 1778
f 1621 1622 1778
f 1778 1622 1779
f 1622 1623 1779
f 1779 1623 1780
f 1623 1624 1780
f 1780 1624 1781
f 1624 1625 1781
f 1781 1625 1782
f 1625 1626 1782
f 1782 1626 1783
f 1626 1627 1783
f 1783 1627 1784
f 1627 1628 1784
f 1784 1628 1785
f 1628 105 1785
f 1785 105 157
f 434 432 1786
f 434 1786 1707
f 1786 1787 1707
f 1707 1787 1708
f 1787 1788 1708
f 1708 1788 1709
f 1788 1789 1709
f 1709 1789 1710
f 1789 1790 1710
f 1710 1790 1711
f 1790 1791 1711
f 1711 1791 1712
f 1791 1792 1712
f 1712 1792 1713
f 1792 1793 1713
f 1713 1793 1714
f 1793 1794 1714
f 1714 1794 1715
f 1794 1795 1715
f 1715 1795 1716
f 1795 1796 1716
f 1716 1796 1717
f 1796 1797 1717
f 1717 1797 1718
f 1797 1798 1718
f 1718 1798 1719
f 1798 1799 1719
f 1719 1799 1720
f 1799 1800 1720
f 1720 1800 1721
f 1800 1801 1721
f 1721 1801 1722
f 1801 1802 1722
f 1722 1802 1723
f 1802 2 1723
f 1723 2 1
f 5 2 1803
f 5 1803 1768
f 1803 1804 1768
f 1768 1804 1767
f 1804 1805 1767
f 1767 1805 1766
f 1805 1806 1766
f 1766 1806 1765
f 1806 1807 1765
f 1765 1807 1764
f 1807 1808 1764
f 1764 1808 1763
f 1808 1809 1763
f 1763 1809 1762
f 1809 1810 1762
f 1762 1810 1761
f 1810 1811 1761
f 1761 1811 1760
f 1811 1812 1760
f 1760 1812 1759
f 1812 1813 1759
f 1759 1813 1758
f 1813 1814 1758
f 1758 1814 1757
f 1814 1815 1757
f 1757 1815 1756
f 1815 1816 1756
f 1756 1816 1755
f 1816 1817 1755
f 1755 1817 1754
f 1817 1818 1754
f 1754 1818 1753
f 1818 1819 1753
f 1753 1819 1752
f 1819 128 1752
f 1752 128 159
f 1820 1821 1822
f 1823 1824 1825
f 476 477 1826
f 477 1827 1826
f 1827 1828 1826
f 1829 1830 1827
f 1830 1828 1827
f 1831 1832 1833
f 1832 1834 1833
f 1834 1835 1833
f 1833 1835 1829
f 1829 1835 1830
f 1836 1837 1838
f 1833 1839 1831
f 1839 1838 1831
f 1831 1838 1837
f 1838 1840 1836
f 1836 1840 1841
f 1840 1842 1841
f 1843 1844 1845
f 1845 1844 1846
f 1840 1847 1842
f 1847 1845 1842
f 1842 1845 1846
f 1848 1849 1850
f 1850 1851 1848
f 1848 1851 1843
f 1851 1844 1843
f 1852 1853 1854
f 1854 1853 1849
f 1853 1855 1849
f 1849 1855 1850
f 1856 1857 1854
f 1857 1852 1854
f 1824 1857 1856
f 1824 1856 1825
f 1823 1825 1858
f 1858 1825 1859
f 1860 1861 1859
f 1859 1861 1858
f 1862 1863 1864
f 1859 1864 1860
f 1864 1863 1860
f 1821 1865 1866
f 1821 1866 1822
f 1864 1866 1862
f 1862 1866 1865
f 1822 1867 1820
f 1822 1868 1867
f 1867 1868 1869
f 1868 157 1869
f 1869 157 158
f 1870 1871 1872
f 1871 1873 1872
f 1873 1874 1872
f 1874 1875 1876
f 1877 1878 1879
f 1878 1880 1879
f 1880 1881 1879
f 1882 1883 1884
f 1885 1886 1887
f 157 1868 1888
f 1868 1822 1888
f 1888 1822 1889
f 1822 1866 1889
f 1866 1864 1889
f 1785 157 1890
f 1864 1859 1889
f 1889 1859 1891
f 1785 1890 1784
f 1784 1890 1783
f 1783 1890 1782
f 1782 1890 1781
f 1781 1890 1780
f 1780 1890 1779
f 1890 1892 1779
f 1779 1892 1778
f 1859 1825 1891
f 1825 1856 1891
f 1856 1854 1891
f 1891 1854 1893
f 1854 1849 1893
f 1893 1849 1894
f 1849 1848 1894
f 1848 1843 1894
f 1843 1845 1894
f 1894 1845 1895
f 1845 1847 1895
f 1847 1840 1895
f 1895 1840 1894
f 1840 1838 1894
f 1894 1838 1896
f 1838 1839 1896
f 1839 1833 1896
f 1833 1829 1896
f 1896 1829 1872
f 1897 427 1898
f 427 1769 1898
f 1769 1770 1898
f 1770 1771 1898
f 1898 1771 1899
f 1771 1772 1899
f 1772 1773 1899
f 1773 1774 1899
f 1774 1775 1899
f 1899 1775 1892
f 1775 1776 1892
f 1776 1777 1892
f 1900 1897 1898
f 1901 1900 1898
f 1902 1899 1892
f 1903 1901 1898
f 1902 1892 1904
f 1886 1903 1887
f 1903 1898 1887
f 1883 1885 1884
f 1885 1887 1884
f 1884 1887 1905
f 1887 1898 1905
f 1905 1898 1899
f 1904 1892 1890
f 1906 1882 1907
f 1882 1884 1907
f 1907 1884 1905
f 1905 1899 1908
f 1899 1902 1908
f 1908 1902 1904
f 1904 1890 1909
f 1910 1906 1907
f 1907 1905 1908
f 1904 1911 1908
f 1908 1912 1907
f 1907 1913 1910
f 1881 1913 1879
f 1913 1907 1879
f 1879 1907 1912
f 1912 1908 1911
f 1904 1909 1889
f 1777 1778 1892
f 1879 1912 1894
f 1894 1912 1911
f 1911 1904 1891
f 1891 1904 1889
f 1889 1909 1890
f 1875 1877 1876
f 1877 1879 1876
f 1874 1876 1872
f 1876 1879 1872
f 1872 1879 1894
f 1889 1890 1888
f 1888 1890 157
f 1894 1911 1893
f 1893 1911 1891
f 1872 1894 1896
f 1829 1827 1872
f 1872 1827 1870
f 1827 477 1870
f 128 1819 1914
f 2 1802 1915
f 1915 1802 1801
f 1916 2 1915
f 1915 1801 1800
f 1916 1915 1917
f 1915 1800 1918
f 1918 1800 1799
f 1918 1799 1798
f 1918 1798 1797
f 1917 1915 1919
f 1919 1915 1920
f 1915 1918 1921
f 1921 1918 1922
f 1918 1797 1796
f 1916 1917 1919
f 1919 1920 1923
f 1918 1796 1922
f 1922 1796 1795
f 1922 1795 1794
f 1920 1921 1924
f 1922 1794 1793
f 1922 1793 1792
f 1920 1924 1925
f 1922 1792 1791
f 1923 1920 1925
f 1924 1921 1914
f 1921 1926 1914
f 1922 1791 1927
f 1927 1791 1790
f 1803 2 1916
f 1926 1921 1928
f 1921 1922 1928
f 1928 1922 1927
f 1927 1790 1929
f 1929 1790 1789
f 1803 1916 1804
f 1916 1919 1804
f 1804 1919 1805
f 1805 1919 1806
f 1806 1919 1807
f 1919 1923 1807
f 1807 1923 1808
f 1808 1923 1809
f 1809 1923 1810
f 1810 1923 1811
f 1811 1923 1812
f 1923 1925 1812
f 1812 1925 1813
f 1925 1924 1813
f 1813 1924 1814
f 1814 1924 1815
f 1815 1924 1816
f 1816 1924 1817
f 1924 1914 1817
f 1817 1914 1818
f 1928 1927 1929
f 1929 1789 1788
f 1929 1788 1787
f 1914 1926 1930
f 1929 1787 1786
f 128 1914 1931
f 1931 1914 1932
f 1932 1914 1933
f 1914 1930 1933
f 1933 1930 1934
f 1934 1930 1935
f 1935 1930 1936
f 1930 1926 1936
f 1936 1926 1937
f 1926 1928 1937
f 1937 1928 1938
f 1938 1928 1939
f 1939 1928 1940
f 1940 1928 1941
f 1941 1928 1942
f 1942 1928 1943
f 1928 1929 1943
f 1943 1929 1944
f 1944 1929 1945
f 1945 1929 1946
f 1946 1929 1947
f 1929 1786 1947
f 1947 1786 432
f 1819 1818 1914
f 1920 1915 1921
f 1948 1949 1950
f 1949 158 1950
f 1950 158 130
f 1951 1952 1953
f 1950 1954 1948
f 1954 1952 1948
f 1952 1951 1948
f 1955 1956 1957
f 1957 1958 1955
f 1952 1959 1953
f 1959 1955 1953
f 1955 1958 1953
f 1956 1960 1957
f 1960 1961 1957
f 1961 1960 1962
f 1963 1964 1962
f 1964 1965 1962
f 1962 1965 1961
f 1966 1967 1968
f 1963 1969 1964
f 1969 1968 1964
f 1964 1968 1970
f 1968 1967 1970
f 1971 1972 1966
f 1968 1973 1966
f 1973 1971 1966
f 1974 1975 1976
f 1976 1975 1977
f 1971 1976 1972
f 1972 1976 1977
f 1974 1978 1975
f 1975 1978 1979
f 1978 1980 1979
f 1978 1981 1980
f 1981 1982 1980
f 1982 1983 1980
f 1984 1985 1986
f 1985 1987 1986
f 1986 1987 1988
f 1982 1985 1983
f 1985 1984 1983
f 1989 1986 1988
f 1989 1988 1990
f 1989 1990 1991
f 1990 1992 1991
f 1993 1994 1995
f 1995 1996 1993
f 1990 1997 1992
f 1997 1993 1992
f 1993 1996 1992
f 1998 1999 2000
f 1994 2001 1995
f 2001 1999 1995
f 1995 1999 1998
f 1999 2002 2000
f 2003 2000 2004
f 2002 2004 2000
f 2004 2005 2003
f 2005 2006 2003
f 2006 2005 2007
f 2008 485 2007
f 485 2006 2007
f 2008 484 485
f 2009 2010 1874
f 2011 2012 1880
f 429 427 2013
f 427 1897 2013
f 2014 2015 1897
f 1897 2015 2013
f 1900 1901 2016
f 1897 1900 2014
f 1900 2016 2014
f 2017 2016 1901
f 1901 1903 2017
f 1903 2018 2017
f 2019 2020 1885
f 1903 1886 2018
f 1886 1885 2018
f 2018 1885 2021
f 1885 2020 2021
f 2022 2023 1882
f 1885 1883 2019
f 1883 1882 2019
f 2019 1882 2024
f 1882 2023 2024
f 1882 1906 2022
f 1910 1913 2025
f 2025 2026 1910
f 1910 2026 1906
f 1906 2026 2022
f 1880 2012 1881
f 2012 2027 1881
f 1881 2027 1913
f 1913 2027 2025
f 1880 2028 2011
f 1880 1878 2028
f 1878 2029 2028
f 2030 1877 2010
f 1877 1875 2010
f 2010 1875 1874
f 1878 1877 2029
f 1877 2030 2029
f 2031 1873 1871
f 1874 1873 2009
f 2009 1873 2031
f 2032 2031 1871
f 1871 1870 2032
f 1870 2033 2032
f 1870 477 2033
f 2033 477 475
f 432 431 2034
f 432 2034 1947
f 2034 2035 1947
f 1947 2035 1946
f 2035 2036 1946
f 1946 2036 1945
f 2036 2037 1945
f 1945 2037 1944
f 2037 2038 1944
f 1944 2038 1943
f 2038 2039 1943
f 1943 2039 1942
f 2039 2040 1942
f 1942 2040 1941
f 2040 2041 1941
f 1941 2041 1940
f 2041 2042 1940
f 1940 2042 1939
f 2042 2043 1939
f 1939 2043 1938
f 2043 2044 1938
f 1938 2044 1937
f 2044 2045 1937
f 1937 2045 1936
f 2045 2046 1936
f 1936 2046 1935
f 2046 2047 1935
f 1935 2047 1934
f 2047 2048 1934
f 1934 2048 1933
f 2048 2049 1933
f 1933 2049 1932
f 2049 2050 1932
f 1932 2050 1931
f 2050 129 1931
f 1931 129 128
f 2051 2052 2053
f 130 129 2054
f 129 2055 2054
f 2056 2057 2055
f 2057 2058 2055
f 2055 2058 2054
f 2059 2060 2061
f 2060 2062 2061
f 2061 2062 2063
f 2055 2060 2056
f 2060 2059 2056
f 2064 2065 2063
f 2063 2065 2061
f 2063 2066 2064
f 2064 2066 2067
f 2066 2068 2067
f 2069 2070 2071
f 2066 2071 2068
f 2071 2070 2068
f 2072 2073 2074
f 2073 2069 2074
f 2071 2074 2069
f 2074 2075 2072
f 2075 2076 2072
f 2072 2076 2077
f 2076 2078 2077
f 2079 2080 2081
f 2081 2082 2079
f 2082 2083 2079
f 2079 2083 2076
f 2076 2083 2078
f 2084 2085 2086
f 2085 2087 2086
f 2087 2088 2086
f 2086 2088 2080
f 2080 2088 2081
f 2089 2090 2084
f 2090 2091 2084
f 2084 2091 2085
f 2084 2092 2089
f 2092 2093 2089
f 2089 2093 2094
f 2093 2095 2094
f 2096 2097 2098
f 2096 2098 2052
f 2098 2099 2052
f 2052 2099 2053
f 2093 2098 2095
f 2098 2097 2095
f 2100 2101 2053
f 2101 2051 2053
f 2102 2103 2104
f 2102 2104 2105
f 2053 2106 2100
f 2106 2104 2100
f 2100 2104 2103
f 2107 2102 2105
f 2105 2108 2107
f 2108 2109 2107
f 2108 479 2109
f 2109 479 478
f 2110 2111 470
f 470 2111 471
f 2110 2112 2113
f 470 2112 2110
f 2114 2115 2116
f 2116 2117 2114
f 2112 2114 2113
f 2114 2117 2113
f 2118 2119 2120
f 2120 2121 2118
f 2115 2118 2116
f 2118 2121 2116
f 2122 2123 2124
f 2122 2124 2125
f 2119 2124 2120
f 2120 2124 2123
f 2126 2127 2128
f 2125 2128 2122
f 2128 2127 2122
f 2129 2130 2131
f 2130 2132 2131
f 2131 2133 2129
f 2128 2134 2126
f 2134 2129 2126
f 2129 2133 2126
f 2135 2131 2132
f 2132 2136 2135
f 2136 2137 2135
f 2136 2138 2137
f 2137 2138 2139
f 2138 2140 2139
f 2138 2141 2140
f 2141 2142 2140
f 2143 2144 2141
f 2144 2142 2141
f 2143 2145 2144
f 2144 2145 2146
f 2147 2148 2146
f 2146 2148 2144
f 2147 2146 2149
f 2147 2149 2150
f 2150 2149 2151
f 2149 2152 2151
f 2151 2152 2153
f 2154 2155 2153
f 2153 2155 2151
f 2156 2157 2158
f 2153 2159 2154
f 2159 2157 2154
f 2157 2156 2154
f 2160 2158 2161
f 2160 2161 2162
f 2161 2163 2162
f 2157 2164 2158
f 2164 2161 2158
f 2163 2165 2162
f 2162 2165 2166
f 2165 2167 2166
f 2165 2168 2167
f 2167 2168 2169
f 2169 2170 2167
f 2167 2170 2171
f 2170 433 2171
f 2171 433 429
f 2172 2173 2174
f 2173 2175 2174
f 2175 2176 2177
f 2178 2179 2180
f 2179 2181 2182
f 2181 2183 2182
f 2183 2184 2182
f 2105 2104 2185
f 2104 2106 2186
f 2053 2099 2186
f 2098 2093 2187
f 2093 2092 2188
f 2080 2079 2189
f 2076 2075 2190
f 2055 129 2191
f 2063 2062 2192
f 2062 2060 2192
f 2192 2060 2193
f 2193 2060 2191
f 2060 2055 2191
f 2066 2063 2194
f 2063 2192 2194
f 2071 2066 2194
f 2194 2192 2193
f 2074 2071 2194
f 2075 2074 2190
f 2074 2194 2190
f 2079 2076 2189
f 2076 2190 2189
f 2190 2194 2189
f 2086 2080 2189
f 2084 2086 2189
f 2092 2084 2188
f 2084 2189 2188
f 2188 2189 2195
f 2195 2189 2196
f 2197 2193 2191
f 2093 2188 2187
f 2188 2195 2187
f 2189 2194 2196
f 2194 2193 2197
f 2099 2098 2186
f 2098 2187 2186
f 2106 2053 2186
f 2195 2196 2198
f 2196 2194 2198
f 2198 2194 2199
f 2104 2186 2185
f 2186 2187 2185
f 2187 2195 2200
f 2195 2198 2200
f 2199 2194 2201
f 2194 2197 2201
f 2201 2197 2202
f 2197 2191 2202
f 2105 2185 2108
f 2203 479 2185
f 479 2108 2185
f 2204 2203 2185
f 2205 2204 2185
f 2206 2205 2207
f 2205 2185 2207
f 2208 2185 2187
f 2209 2206 2207
f 2207 2185 2210
f 2210 2185 2208
f 2211 2209 2207
f 2208 2187 2200
f 2212 2211 2207
f 2210 2208 2200
f 2213 2212 2182
f 2212 2207 2182
f 2214 2213 2182
f 2184 2214 2182
f 2182 2207 2215
f 2207 2210 2215
f 2210 2200 2216
f 2216 2200 2198
f 2198 2199 2217
f 2216 2198 2217
f 2217 2199 2201
f 2182 2215 2180
f 2215 2210 2216
f 2179 2182 2180
f 2180 2215 2218
f 2215 2216 2218
f 2216 2217 2218
f 2176 2178 2177
f 2178 2180 2177
f 2218 2217 2219
f 2219 2217 2201
f 2175 2177 2174
f 2177 2180 2174
f 2180 2218 2220
f 2218 2221 2220
f 2221 2218 2219
f 2174 2180 2220
f 431 2172 2034
f 2172 2174 2034
f 2034 2174 2035
f 2035 2174 2036
f 2036 2174 2037
f 2037 2174 2038
f 2174 2220 2038
f 2038 2220 2039
f 2039 2220 2040
f 2220 2221 2040
f 2040 2221 2041
f 2221 2219 2041
f 2041 2219 2042
f 2042 2219 2043
f 2043 2219 2044
f 2044 2219 2045
f 2045 2219 2046
f 2219 2201 2046
f 2046 2201 2047
f 2047 2201 2048
f 2201 2202 2048
f 2048 2202 2049
f 2202 2191 2049
f 2049 2191 2050
f 2050 2191 129
f 481 479 2222
f 479 2203 2222
f 2222 2203 2223
f 2224 2223 2204
f 2204 2223 2203
f 2225 2226 2205
f 2226 2227 2205
f 2205 2227 2204
f 2204 2227 2224
f 2228 2225 2206
f 2205 2206 2225
f 2206 2209 2228
f 2228 2209 2229
f 2209 2230 2229
f 2212 2231 2211
f 2231 2230 2211
f 2209 2211 2230
f 2213 2214 2232
f 2232 2233 2213
f 2213 2233 2212
f 2233 2231 2212
f 2234 2235 2184
f 2184 2235 2214
f 2235 2232 2214
f 2183 2234 2184
f 2236 2234 2183
f 2236 2183 2181
f 2236 2181 2237
f 2237 2181 2179
f 2238 2239 2179
f 2179 2239 2237
f 2240 2241 2178
f 2179 2178 2238
f 2238 2178 2242
f 2178 2241 2242
f 2243 2244 2175
f 2243 2175 2173
f 2178 2176 2240
f 2176 2175 2240
f 2240 2175 2244
f 2173 2245 2243
f 2173 2172 2245
f 2245 2172 2246
f 2172 431 2246
f 2246 431 433
f 213 2247 214
f 2247 2248 214
f 214 2248 204
f 2248 2249 204
f 204 2249 205
f 2249 2250 205
f 205 2250 206
f 2250 2251 206
f 206 2251 188
f 2251 2252 188
f 188 2252 175
f 2252 2253 175
f 175 2253 176
f 2253 2254 176
f 176 2254 189
f 2254 2255 189
f 189 2255 190
f 2255 2256 190
f 190 2256 109
f 2256 2257 109
f 109 2257 110
f 2257 2258 110
f 110 2258 177
f 2258 2259 177
f 177 2259 178
f 2259 2260 178
f 178 2260 179
f 2260 2261 179
f 179 2261 166
f 2261 2262 166
f 166 2262 167
f 2262 2263 167
f 167 2263 168
f 2263 2264 168
f 168 2264 142
f 2264 2265 142
f 142 2265 143
f 2265 2266 143
f 143 2266 169
f 2266 2267 169
f 169 2267 170
f 2267 2268 170
f 170 2268 171
f 2268 2269 171
f 171 2269 180
f 2269 2270 180
f 180 2270 181
f 2270 2271 181
f 181 2271 183
f 2271 2272 183
f 183 2272 184
f 2272 2273 184
f 184 2273 207
f 2273 2274 207
f 207 2274 208
f 2274 2275 208
f 208 2275 209
f 2275 2276 209
f 209 2276 210
f 2276 2277 210
f 210 2277 211
f 2277 2278 211
f 211 2278 212
f 2278 2279 212
f 212 2279 220
f 2279 2280 220
f 220 2280 221
f 2280 2281 221
f 221 2281 222
f 2281 2282 222
f 222 2282 203
f 2282 2283 203
f 203 2283 191
f 2283 2284 191
f 191 2284 192
f 2284 2285 192
f 192 2285 223
f 2285 2286 223
f 223 2286 224
f 2286 2287 224
f 224 2287 217
f 2287 2288 217
f 217 2288 216
f 2288 2289 216
f 216 2289 215
f 2289 2290 215
f 215 2290 218
f 2290 2291 218
f 218 2291 219
f 2291 2292 219
f 219 2292 193
f 2292 2293 193
f 193 2293 194
f 2293 2294 194
f 194 2294 195
f 2294 2295 195
f 195 2295 185
f 2295 2296 185
f 185 2296 186
f 2296 2297 186
f 186 2297 187
f 2297 2298 187
f 187 2298 173
f 2298 2299 173
f 173 2299 174
f 2299 2300 174
f 174 2300 134
f 2300 135 134
f 162 2301 196
f 2301 2302 196
f 196 2302 197
f 2302 2303 197
f 197 2303 198
f 2303 2304 198
f 198 2304 199
f 2304 2305 199
f 199 2305 200
f 2305 2306 200
f 200 2306 201
f 2306 2307 201
f 201 2307 202
f 2307 2308 202
f 202 2308 213
f 2308 2247 213
f 2300 2309 135
f 2309 2310 135
f 135 2310 136
f 2310 2311 136
f 136 2311 137
f 2311 2312 137
f 137 2312 138
f 2312 2313 138
f 138 2313 139
f 2313 2314 139
f 139 2314 140
f 2314 2315 140
f 140 2315 141
f 2315 160 141
f 160 2316 161
f 2316 2317 161
f 161 2317 162
f 2317 2301 162
f 2311 2318 2312
f 2318 2313 2312
f 2289 2319 2290
f 2319 2291 2290
f 2308 2320 2247
f 2320 2321 2247
f 2247 2321 2248
f 2321 2322 2248
f 2248 2322 2249
f 2322 2323 2249
f 2249 2323 2250
f 2323 2324 2250
f 2250 2324 2251
f 2324 2325 2251
f 2251 2325 2252
f 2325 2326 2252
f 2252 2326 2253
f 2326 2327 2253
f 2253 2327 2254
f 2327 2328 2254
f 2254 2328 2255
f 2328 2329 2255
f 2255 2329 2256
f 2329 2330 2256
f 2256 2330 2257
f 2330 2331 2257
f 2257 2331 2258
f 2331 2332 2258
f 2258 2332 2259
f 2332 2333 2259
f 2259 2333 2260
f 2333 2334 2260
f 2260 2334 2261
f 2334 2335 2261
f 2261 2335 2262
f 2335 2336 2262
f 2262 2336 2263
f 2336 2337 2263
f 2263 2337 2264
f 2337 2338 2264
f 2264 2338 2265
f 2338 2339 2265
f 2265 2339 2266
f 2339 2340 2266
f 2266 2340 2267
f 2340 2341 2267
f 2267 2341 2268
f 2341 2342 2268
f 2268 2342 2269
f 2342 2343 2269
f 2269 2343 2270
f 2343 2344 2270
f 2270 2344 2271
f 2344 2345 2271
f 2271 2345 2272
f 2345 2346 2272
f 2272 2346 2273
f 2346 2347 2273
f 2273 2347 2274
f 2347 2348 2274
f 2274 2348 2275
f 2348 2349 2275
f 2275 2349 2276
f 2349 2350 2276
f 2276 2350 2277
f 2350 2351 2277
f 2277 2351 2278
f 2351 2352 2278
f 2278 2352 2279
f 2352 2353 2279
f 2279 2353 2280
f 2353 2354 2280
f 2280 2354 2281
f 2354 2355 2281
f 2281 2355 2282
f 2355 2356 2282
f 2282 2356 2283
f 2356 2357 2283
f 2283 2357 2284
f 2357 2358 2284
f 2284 2358 2285
f 2358 2359 2285
f 2285 2359 2286
f 2359 2360 2286
f 2286 2360 2287
f 2360 2361 2287
f 2287 2361 2288
f 2361 2362 2288
f 2288 2362 2289
f 2362 2319 2289
f 2319 2363 2291
f 2363 2364 2291
f 2291 2364 2292
f 2364 2365 2292
f 2292 2365 2293
f 2365 2366 2293
f 2293 2366 2294
f 2366 2367 2294
f 2294 2367 2295
f 2367 2368 2295
f 2295 2368 2296
f 2368 2369 2296
f 2296 2369 2297
f 2369 2370 2297
f 2297 2370 2298
f 2370 2371 2298
f 2298 2371 2299
f 2371 2372 2299
f 2299 2372 2300
f 2372 2373 2300
f 2300 2373 2309
f 2373 2310 2309
f 2310 2374 2311
f 2374 2318 2311
f 2318 2375 2313
f 2375 2376 2313
f 2313 2376 2314
f 2376 2377 2314
f 2314 2377 2315
f 2377 2378 2315
f 2315 2378 160
f 2378 2379 160
f 160 2379 2316
f 2379 2380 2316
f 2316 2380 2317
f 2380 2381 2317
f 2317 2381 2301
f 2381 2382 2301
f 2301 2382 2302
f 2382 2383 2302
f 2302 2383 2303
f 2383 2384 2303
f 2303 2384 2304
f 2384 2385 2304
f 2304 2385 2305
f 2385 2386 2305
f 2305 2386 2306
f 2386 2387 2306
f 2306 2387 2307
f 2387 2388 2307
f 2307 2388 2308
f 2388 2320 2308
f 64 2389 65
f 2389 2390 65
f 65 2390 66
f 2390 2391 66
f 66 2391 67
f 2391 2392 67
f 67 2392 68
f 2392 2393 68
f 68 2393 69
f 2393 2394 69
f 69 2394 70
f 2394 2395 70
f 70 2395 48
f 2395 2396 48
f 48 2396 47
f 2396 2397 47
f 47 2397 45
f 2397 2398 45
f 45 2398 92
f 2398 2399 92
f 92 2399 93
f 2399 2400 93
f 93 2400 94
f 2400 2401 94
f 94 2401 116
f 2401 2402 116
f 116 2402 117
f 2402 2403 117
f 117 2403 118
f 2403 2404 118
f 118 2404 95
f 2404 2405 95
f 95 2405 50
f 2405 2406 50
f 50 2406 51
f 2406 2407 51
f 51 2407 99
f 2407 2408 99
f 99 2408 100
f 2408 2409 100
f 100 2409 101
f 2409 2410 101
f 101 2410 52
f 2410 2411 52
f 52 2411 53
f 2411 2412 53
f 53 2412 71
f 2412 2413 71
f 71 2413 72
f 2413 2414 72
f 72 2414 28
f 2414 2415 28
f 28 2415 29
f 2415 2416 29
f 29 2416 119
f 2416 2417 119
f 119 2417 120
f 2417 2418 120
f 120 2418 121
f 2418 2419 121
f 121 2419 163
f 2419 2420 163
f 163 2420 164
f 2420 2421 164
f 164 2421 165
f 2421 2422 165
f 165 2422 125
f 2422 2423 125
f 125 2423 126
f 2423 2424 126
f 126 2424 149
f 2424 2425 149
f 149 2425 150
f 2425 2426 150
f 150 2426 151
f 2426 2427 151
f 151 2427 152
f 2427 2428 152
f 152 2428 153
f 2428 2429 153
f 153 2429 154
f 2429 2430 154
f 154 2430 155
f 2430 2431 155
f 155 2431 156
f 2431 2432 156
f 156 2432 122
f 2432 2433 122
f 122 2433 123
f 2433 2434 123
f 123 2434 124
f 2434 2435 124
f 124 2435 144
f 2435 2436 144
f 144 2436 145
f 2436 2437 145
f 145 2437 102
f 2437 2438 102
f 102 2438 103
f 2438 2439 103
f 103 2439 104
f 2439 2440 104
f 104 2440 54
f 2440 2441 54
f 54 2441 55
f 2441 2442 55
f 55 2442 56
f 2442 2443 56
f 56 2443 57
f 2443 2444 57
f 57 2444 58
f 2444 2445 58
f 58 2445 34
f 2445 2446 34
f 34 2446 35
f 2446 2447 35
f 35 2447 37
f 2447 2448 37
f 37 2448 38
f 2448 2449 38
f 38 2449 39
f 2449 2450 39
f 39 2450 40
f 2450 2451 40
f 40 2451 59
f 2451 2452 59
f 59 2452 60
f 2452 2453 60
f 60 2453 61
f 2453 2454 61
f 61 2454 111
f 2454 2455 111
f 111 2455 112
f 2455 2456 112
f 112 2456 113
f 2456 2457 113
f 113 2457 115
f 2457 2458 115
f 115 2458 62
f 2458 2459 62
f 62 2459 63
f 2459 2460 63
f 63 2460 64
f 2460 2389 64
f 2392 2461 2393
f 2461 2394 2393
f 2455 2462 2456
f 2462 2457 2456
f 2392 2463 2461
f 2463 2394 2461
f 2417 2464 2418
f 2464 2465 2418
f 2418 2465 2419
f 2465 2466 2419
f 2419 2466 2420
f 2466 2467 2420
f 2420 2467 2421
f 2467 2468 2421
f 2421 2468 2422
f 2468 2469 2422
f 2422 2469 2423
f 2469 2470 2423
f 2423 2470 2424
f 2470 2471 2424
f 2424 2471 2425
f 2471 2472 2425
f 2425 2472 2426
f 2472 2473 2426
f 2426 2473 2427
f 2473 2474 2427
f 2427 2474 2428
f 2474 2475 2428
f 2428 2475 2429
f 2475 2476 2429
f 2429 2476 2430
f 2476 2431 2430
f 2455 2477 2462
f 2477 2478 2462
f 2462 2478 2457
f 2478 2458 2457
f 2459 2479 2460
f 2479 2389 2460
f 2390 2480 2391
f 2480 2481 2391
f 2391 2481 2392
f 2481 2463 2392
f 2463 2482 2394
f 2482 2483 2394
f 2394 2483 2395
f 2483 2484 2395
f 2395 2484 2396
f 2484 2485 2396
f 2396 2485 2397
f 2485 2486 2397
f 2397 2486 2398
f 2486 2487 2398
f 2398 2487 2399
f 2487 2488 2399
f 2399 2488 2400
f 2488 2489 2400
f 2400 2489 2401
f 2489 2490 2401
f 2401 2490 2402
f 2490 2491 2402
f 2402 2491 2403
f 2491 2492 2403
f 2403 2492 2404
f 2492 2493 2404
f 2404 2493 2405
f 2493 2494 2405
f 2405 2494 2406
f 2494 2495 2406
f 2406 2495 2407
f 2495 2496 2407
f 2407 2496 2408
f 2496 2497 2408
f 2408 2497 2409
f 2497 2498 2409
f 2409 2498 2410
f 2498 2499 2410
f 2410 2499 2411
f 2499 2500 2411
f 2411 2500 2412
f 2500 2501 2412
f 2412 2501 2413
f 2501 2502 2413
f 2413 2502 2414
f 2502 2503 2414
f 2414 2503 2415
f 2503 2504 2415
f 2415 2504 2416
f 2504 2505 2416
f 2416 2505 2417
f 2505 2464 2417
f 2476 2506 2431
f 2506 2507 2431
f 2431 2507 2432
f 2507 2508 2432
f 2432 2508 2433
f 2508 2509 2433
f 2433 2509 2434
f 2509 2510 2434
f 2434 2510 2435
f 2510 2511 2435
f 2435 2511 2436
f 2511 2512 2436
f 2436 2512 2437
f 2512 2513 2437
f 2437 2513 2438
f 2513 2514 2438
f 2438 2514 2439
f 2514 2515 2439
f 2439 2515 2440
f 2515 2516 2440
f 2440 2516 2441
f 2516 2517 2441
f 2441 2517 2442
f 2517 2518 2442
f 2442 2518 2443
f 2518 2519 2443
f 2443 2519 2444
f 2519 2520 2444
f 2444 2520 2445
f 2520 2521 2445
f 2445 2521 2446
f 2521 2522 2446
f 2446 2522 2447
f 2522 2523 2447
f 2447 2523 2448
f 2523 2524 2448
f 2448 2524 2449
f 2524 2525 2449
f 2449 2525 2450
f 2525 2526 2450
f 2450 2526 2451
f 2526 2527 2451
f 2451 2527 2452
f 2527 2528 2452
f 2452 2528 2453
f 2528 2529 2453
f 2453 2529 2454
f 2529 2530 2454
f 2454 2530 2455
f 2530 2477 2455
f 2481 2531 2463
f 2531 2482 2463
f 2530 2532 2477
f 2532 2478 2477
f 2533 2534 2535
f 2536 2537 2538
f 2539 2540 2541
f 882 2542 2543
f 883 882 2544
f 882 2543 2544
f 2545 2546 2547
f 2546 2548 2547
f 2542 2549 2543
f 2549 2547 2543
f 2543 2547 2550
f 2547 2548 2550
f 2551 2552 2553
f 2552 2554 2553
f 2553 2554 2555
f 2545 2556 2546
f 2556 2552 2546
f 2552 2551 2546
f 2557 2558 2559
f 2558 2560 2559
f 2555 2561 2553
f 2561 2559 2553
f 2559 2560 2553
f 2562 2563 2564
f 2562 2564 2565
f 2557 2566 2558
f 2566 2564 2558
f 2564 2563 2558
f 2567 2568 2569
f 2565 2567 2562
f 2562 2567 2570
f 2567 2569 2570
f 2571 2572 2540
f 2572 2541 2540
f 2571 2540 2573
f 2540 2574 2573
f 2573 2574 2575
f 2568 2576 2569
f 2576 2573 2569
f 2569 2573 2575
f 2577 2578 2579
f 2539 2541 2578
f 2541 2580 2578
f 2578 2580 2579
f 2578 2577 2537
f 2577 2581 2537
f 2581 2538 2537
f 2582 2583 2584
f 2582 2584 2585
f 2536 2538 2584
f 2538 2586 2584
f 2584 2586 2585
f 2587 2588 2583
f 2583 2588 2584
f 2589 2590 2591
f 2587 2583 2590
f 2583 2592 2590
f 2590 2592 2591
f 2534 2593 2589
f 2589 2593 2590
f 2535 2534 2594
f 2589 2594 2534
f 2533 2535 2595
f 2595 2535 2596
f 2596 2597 2595
f 2597 2598 2595
f 2595 2598 2599
f 2600 2601 2602
f 2601 2603 2602
f 2602 2603 2598
f 2603 2604 2598
f 2598 2604 2599
f 2605 2606 2607
f 2606 2608 2607
f 2607 2608 2609
f 2602 2610 2600
f 2610 2607 2600
f 2600 2607 2609
f 2605 2611 2606
f 2611 2612 2606
f 2613 2614 2612
f 2612 2614 2606
f 2612 2615 2613
f 2615 2616 2613
f 2613 2616 2617
f 2616 127 2617
f 2617 127 80
f 2618 860 859
f 2619 2620 2621
f 2619 2621 2622
f 859 2619 2618
f 2619 2622 2618
f 2623 2621 2624
f 2620 2624 2621
f 2625 2626 2627
f 2626 2628 2627
f 2624 2626 2623
f 2626 2625 2623
f 2628 2629 2627
f 2627 2629 2630
f 2629 2631 2630
f 2632 2633 2634
f 2629 2635 2631
f 2635 2633 2631
f 2633 2632 2631
f 2634 148 2632
f 2632 148 127
f 2636 2637 2638
f 2639 2640 2641
f 2640 80 2641
f 2641 80 79
f 2641 2642 2639
f 2642 2643 2639
f 2643 2644 2639
f 2645 2646 2647
f 2647 2646 2648
f 2643 2649 2644
f 2649 2646 2644
f 2644 2646 2650
f 2646 2645 2650
f 2648 2651 2647
f 2651 2652 2647
f 2647 2652 2653
f 2652 2654 2653
f 2654 2652 2655
f 2656 2657 2655
f 2655 2657 2654
f 2658 2659 2660
f 2659 2661 2660
f 2655 2662 2656
f 2662 2659 2656
f 2656 2659 2663
f 2659 2658 2663
f 2661 2664 2660
f 2665 2666 2667
f 2661 2668 2664
f 2668 2665 2664
f 2664 2665 2667
f 2666 2665 2669
f 2665 2670 2669
f 2669 2670 2671
f 2636 2638 2671
f 2638 2672 2671
f 2671 2672 2669
f 2673 2674 2637
f 2637 2674 2638
f 2675 2676 2673
f 2676 2677 2673
f 2673 2677 2674
f 2678 2679 2675
f 2675 2679 2676
f 2678 2675 2680
f 2681 2682 2680
f 2682 2683 2680
f 2680 2683 2678
f 2684 2685 2686
f 2681 2686 2682
f 2686 2685 2682
f 2686 2687 2684
f 2684 2687 2688
f 2689 2688 2687
f 2690 2691 2692
f 2690 2692 2693
f 2692 2694 2693
f 2693 2694 2695
f 2687 2696 2689
f 2696 2693 2689
f 2693 2695 2689
f 2691 2697 2692
f 2692 2697 2698
f 2697 2699 2698
f 2697 2700 2699
f 2700 853 2699
f 2700 852 853
f 79 148 2701
f 2702 2703 2701
f 2703 2704 2701
f 2701 2704 79
f 2705 2706 2707
f 2701 2708 2702
f 2708 2707 2702
f 2702 2707 2709
f 2707 2706 2709
f 2710 2711 2705
f 2707 2712 2705
f 2712 2710 2705
f 2713 2714 2715
f 2710 2716 2711
f 2711 2716 2717
f 2716 2715 2717
f 2716 2718 2715
f 2715 2718 2713
f 2719 2720 2714
f 2720 2721 2714
f 2714 2721 2715
f 2722 2723 2724
f 2723 2725 2724
f 2719 2726 2720
f 2726 2722 2720
f 2722 2724 2720
f 2727 2728 2729
f 2728 2730 2729
f 2729 2730 2731
f 2731 2730 2725
f 2730 2732 2725
f 2725 2732 2724
f 2729 2733 2727
f 2733 2734 2727
f 2727 2734 2735
f 2734 2736 2735
f 2736 2737 2735
f 2735 2737 2738
f 2737 2739 2738
f 2738 2739 2740
f 2741 2742 2743
f 2742 2740 2743
f 2743 2740 2744
f 2740 2739 2744
f 2745 2742 2741
f 2741 2746 2745
f 2746 2747 2745
f 2745 2747 2748
f 2749 2750 2748
f 2750 2751 2748
f 2748 2751 2745
f 2749 2752 2750
f 2752 2753 2750
f 2750 2753 2754
f 2755 2754 2753
f 2753 2756 2755
f 2756 2757 2755
f 2755 2757 2758
f 2759 2760 2758
f 2760 2761 2758
f 2758 2761 2755
f 2759 2762 2760
f 2762 2763 2760
f 2760 2763 2764
f 2763 2765 2764
f 2766 2767 2768
f 2768 2769 2766
f 2766 2769 2770
f 2767 2766 2763
f 2766 2771 2763
f 2763 2771 2765
f 2772 2773 2774
f 2773 2775 2774
f 2772 2774 2769
f 2774 2770 2769
f 2776 2777 2775
f 2777 2778 2775
f 2775 2778 2774
f 2776 2779 2777
f 2779 2780 2777
f 2777 2780 2781
f 2780 880 2781
f 2781 880 881
f 841 2782 2783
f 2783 2782 2784
f 2785 2786 2787
f 2787 2786 2788
f 2789 2790 2791
f 2792 2793 2794
f 2794 2793 2795
f 2796 2797 2798
f 81 32 2799
f 81 2799 2800
f 2799 2801 2800
f 2800 2801 2802
f 2801 2803 2802
f 2802 2803 2804
f 2803 2805 2804
f 2804 2805 2806
f 2805 2807 2806
f 2806 2807 2808
f 2807 2809 2808
f 2808 2809 2810
f 2809 2811 2810
f 2810 2811 2812
f 2811 2813 2812
f 2812 2813 2814
f 2813 2815 2814
f 2814 2815 2816
f 2815 2817 2816
f 2816 2817 2818
f 2796 2798 2817
f 2798 2818 2817
f 2795 2793 2797
f 2793 2819 2797
f 2797 2819 2798
f 2792 2794 2820
f 2794 2821 2820
f 2820 2821 2822
f 2789 2791 2822
f 2791 2823 2822
f 2822 2823 2820
f 2788 2786 2790
f 2786 2824 2790
f 2790 2824 2791
f 2785 2787 2825
f 2787 2826 2825
f 2825 2826 2827
f 2784 2782 2827
f 2782 2828 2827
f 2827 2828 2825
f 2783 843 841
f 2829 2830 2825
f 2831 2832 2786
f 2833 2834 2791
f 2791 2834 2823
f 2792 2820 2835
f 2836 2837 2798
f 2838 2839 2818
f 2818 2839 2816
f 2839 2840 2816
f 2816 2840 2814
f 2840 2841 2814
f 2814 2841 2812
f 2841 2842 2812
f 2812 2842 2810
f 2842 2843 2810
f 2810 2843 2808
f 2843 2844 2808
f 2808 2844 2806
f 2844 2845 2806
f 2806 2845 2804
f 2845 2846 2804
f 2804 2846 2802
f 2846 2847 2802
f 2802 2847 2800
f 2847 108 2800
f 2800 108 81
f 2838 2818 2837
f 2837 2818 2798
f 2836 2798 2848
f 2798 2819 2848
f 2848 2819 2793
f 2792 2835 2793
f 2835 2849 2793
f 2793 2849 2848
f 2823 2834 2820
f 2834 2850 2820
f 2820 2850 2835
f 2833 2791 2832
f 2791 2824 2832
f 2832 2824 2786
f 2831 2786 2830
f 2786 2785 2830
f 2830 2785 2825
f 2829 2825 2851
f 2825 2828 2851
f 2851 2828 2782
f 841 839 2782
f 2782 839 2851
f 2852 845 843
f 2852 843 2853
f 843 2783 2853
f 2853 2783 2854
f 2783 2855 2854
f 2783 2784 2855
f 2784 2827 2855
f 2855 2827 2856
f 2827 2857 2856
f 2827 2826 2857
f 2826 2787 2857
f 2857 2787 2858
f 2787 2859 2858
f 2787 2788 2859
f 2788 2790 2859
f 2859 2790 2860
f 2790 2861 2860
f 2790 2789 2861
f 2789 2822 2861
f 2861 2822 2862
f 2822 2863 2862
f 2822 2821 2863
f 2821 2794 2863
f 2863 2794 2864
f 2794 2865 2864
f 2797 2796 2866
f 2794 2795 2865
f 2795 2797 2865
f 2865 2797 2866
f 2796 2817 2866
f 2817 2815 2866
f 2866 2815 2867
f 2815 2813 2867
f 2867 2813 2868
f 2813 2811 2868
f 2868 2811 2869
f 2811 2809 2869
f 2869 2809 2870
f 2809 2807 2870
f 2870 2807 2871
f 2807 2805 2871
f 2871 2805 2872
f 2805 2803 2872
f 2872 2803 2873
f 2803 2801 2873
f 2873 2801 2874
f 2801 2799 2874
f 2874 2799 2875
f 2799 32 2875
f 2875 32 31
f 2829 2851 2853
f 2831 2830 2855
f 2833 2832 2857
f 2850 2834 2859
f 2862 2863 2848
f 2864 2865 2837
f 2866 2867 2838
f 2838 2867 2839
f 2867 2868 2839
f 2839 2868 2840
f 2868 2869 2840
f 2840 2869 2841
f 2869 2870 2841
f 2841 2870 2842
f 2870 2871 2842
f 2842 2871 2843
f 2871 2872 2843
f 2843 2872 2844
f 2872 2873 2844
f 2844 2873 2845
f 2873 2874 2845
f 2845 2874 2846
f 2874 2875 2846
f 2846 2875 2847
f 2875 31 2847
f 2847 31 108
f 2866 2838 2865
f 2865 2838 2837
f 2864 2837 2863
f 2837 2836 2863
f 2863 2836 2848
f 2862 2848 2861
f 2848 2849 2861
f 2861 2849 2835
f 2850 2859 2835
f 2859 2860 2835
f 2835 2860 2861
f 2833 2857 2834
f 2857 2858 2834
f 2834 2858 2859
f 2831 2855 2832
f 2855 2856 2832
f 2832 2856 2857
f 2829 2853 2830
f 2853 2854 2830
f 2830 2854 2855
f 839 845 2851
f 845 2852 2851
f 2851 2852 2853
f 2876 2877 2878
f 2877 2879 2878
f 2878 2879 2880
f 2879 2881 2880
f 2880 2881 2882
f 2881 2883 2882
f 2882 2883 2884
f 2883 2885 2884
f 2884 2885 2886
f 2885 2887 2886
f 2886 2887 2888
f 2887 2889 2888
f 2888 2889 2890
f 2889 2891 2890
f 2890 2891 2892
f 2891 2893 2892
f 2892 2893 2894
f 2893 2895 2894
f 2894 2895 2896
f 2895 2897 2896
f 2896 2897 2898
f 2897 2899 2898
f 2898 2899 2900
f 2899 2901 2900
f 2900 2901 2902
f 2901 2903 2902
f 2902 2903 2904
f 2903 2905 2904
f 2904 2905 2906
f 2905 2907 2906
f 2906 2907 2908
f 2907 2909 2908
f 2908 2909 2910
f 2909 2911 2910
f 2910 2911 2912
f 2911 2913 2912
f 2912 2913 2914
f 2913 2915 2914
f 2914 2915 2916
f 2915 2917 2916
f 2916 2917 2918
f 2917 2919 2918
f 2918 2919 2920
f 2919 2921 2920
f 2920 2921 2922
f 2921 729 2922
f 2922 729 2923
f 729 2924 2923
f 2923 2924 2925
f 2924 681 2925
f 2925 681 2926
f 681 2927 2926
f 2926 2927 2928
f 2927 679 2928
f 2928 679 2929
f 679 2930 2929
f 2929 2930 2931
f 2930 2932 2931
f 2931 2932 2933
f 2932 2934 2933
f 2933 2934 2935
f 2934 2936 2935
f 2935 2936 2937
f 2936 2938 2937
f 2937 2938 2939
f 2938 2940 2939
f 2939 2940 2941
f 2940 2942 2941
f 2941 2942 2943
f 2942 2944 2943
f 2943 2944 2945
f 2944 2946 2945
f 2945 2946 2947
f 2946 2948 2947
f 2947 2948 2949
f 2948 2950 2949
f 2949 2950 2951
f 2950 2952 2951
f 2951 2952 2953
f 2952 2954 2953
f 2953 2954 2955
f 2954 2956 2955
f 2955 2956 2957
f 2956 685 2957
f 2957 685 2958
f 685 684 2958
f 2958 684 2959
f 684 673 2959
f 2959 673 2960
f 673 672 2960
f 2960 672 2961
f 672 727 2961
f 2961 727 2962
f 727 726 2962
f 2962 726 2963
f 726 2964 2963
f 2963 2964 2965
f 2964 2966 2965
f 2965 2966 2967
f 2966 2968 2967
f 2967 2968 2969
f 2968 2970 2969
f 2969 2970 2971
f 2970 2972 2971
f 2971 2972 2973
f 2972 2974 2973
f 2973 2974 2975
f 2974 2976 2975
f 2975 2976 2977
f 2976 2978 2977
f 2977 2978 2979
f 2978 2980 2979
f 2979 2980 2981
f 2980 2982 2981
f 2981 2982 2983
f 2982 2984 2983
f 2983 2984 2985
f 2984 2986 2985
f 2985 2986 2987
f 2986 2988 2987
f 2987 2988 2989
f 2988 2990 2989
f 2989 2990 2991
f 2990 2992 2991
f 2991 2992 2993
f 2992 2994 2993
f 2993 2994 2995
f 2994 2996 2995
f 2995 2996 2997
f 2996 2998 2997
f 2997 2998 2999
f 2998 3000 2999
f 2999 3000 3001
f 3000 3002 3001
f 3001 3002 3003
f 3002 3004 3003
f 3003 3004 3005
f 3004 3006 3005
f 3005 3006 3007
f 3006 3008 3007
f 3007 3008 3009
f 3008 3010 3009
f 3009 3010 2876
f 3010 2877 2876
f 3011 3012 3013
f 3012 3014 3013
f 3013 3014 3015
f 3014 3016 3015
f 3015 3016 3017
f 3016 3018 3017
f 3017 3018 3019
f 3018 3020 3019
f 3019 3020 3021
f 3020 3022 3021
f 3021 3022 3023
f 3022 3024 3023
f 3023 3024 3025
f 3024 3026 3025
f 3025 3026 3027
f 3026 3028 3027
f 3027 3028 3029
f 3028 3030 3029
f 3029 3030 3031
f 3030 3032 3031
f 3031 3032 3033
f 3032 3034 3033
f 3033 3034 3035
f 3034 3036 3035
f 3035 3036 3037
f 3036 3038 3037
f 3037 3038 3039
f 3038 3040 3039
f 3039 3040 3041
f 3040 3042 3041
f 3041 3042 3043
f 3042 3044 3043
f 3043 3044 3045
f 3044 3046 3045
f 3045 3046 3047
f 3046 3048 3047
f 3047 3048 3049
f 3048 3050 3049
f 3049 3050 3051
f 3050 3052 3051
f 3051 3052 3053
f 3052 3054 3053
f 3053 3054 3055
f 3054 3056 3055
f 3055 3056 3057
f 3056 3058 3057
f 3057 3058 3059
f 3058 3060 3059
f 3059 3060 3061
f 3060 3062 3061
f 3061 3062 3063
f 3062 3064 3063
f 3063 3064 3065
f 3064 3066 3065
f 3065 3066 3067
f 3066 3068 3067
f 3067 3068 3069
f 3068 3070 3069
f 3069 3070 3071
f 3070 3072 3071
f 3071 3072 3073
f 3072 3074 3073
f 3073 3074 3075
f 3074 3076 3075
f 3075 3076 3077
f 3076 3078 3077
f 3077 3078 3079
f 3078 3080 3079
f 3079 3080 3081
f 3080 3082 3081
f 3081 3082 3083
f 3082 3084 3083
f 3083 3084 3085
f 3084 3086 3085
f 3085 3086 3087
f 3086 3088 3087
f 3087 3088 3089
f 3088 3090 3089
f 3089 3090 3091
f 3090 3092 3091
f 3091 3092 3093
f 3092 3094 3093
f 3093 3094 3095
f 3094 3096 3095
f 3095 3096 3097
f 3096 3098 3097
f 3097 3098 3099
f 3098 3100 3099
f 3099 3100 3101
f 3100 3102 3101
f 3101 3102 3103
f 3102 3104 3103
f 3103 3104 3105
f 3104 3106 3105
f 3105 3106 3107
f 3106 3108 3107
f 3107 3108 3109
f 3108 3110 3109
f 3109 3110 3111
f 3110 3112 3111
f 3111 3112 3113
f 3112 3114 3113
f 3113 3114 3115
f 3114 3116 3115
f 3115 3116 3117
f 3116 3118 3117
f 3117 3118 3119
f 3118 3120 3119
f 3119 3120 3121
f 3120 3122 3121
f 3121 3122 3123
f 3122 3124 3123
f 3123 3124 3125
f 3124 3126 3125
f 3125 3126 3127
f 3126 3128 3127
f 3127 3128 3129
f 3128 3130 3129
f 3129 3130 3131
f 3130 3132 3131
f 3131 3132 3133
f 3132 3134 3133
f 3133 3134 3135
f 3134 3136 3135
f 3135 3136 3137
f 3136 3138 3137
f 3137 3138 3139
f 3138 3140 3139
f 3139 3140 3141
f 3140 3142 3141
f 3141 3142 3143
f 3142 3144 3143
f 3143 3144 3145
f 3144 3146 3145
f 3145 3146 3147
f 3146 3148 3147
f 3147 3148 3149
f 3148 3150 3149
f 3149 3150 3151
f 3150 3152 3151
f 3151 3152 3153
f 3152 3154 3153
f 3153 3154 3011
f 3154 3012 3011
f 3155 3156 3157
f 3156 3158 3157
f 3158 3159 3157
f 3159 3160 3157
f 88 3155 3161
f 3155 3157 3161
f 3161 3157 3162
f 3157 3160 3162
f 3162 3160 3163
f 3160 3164 3163
f 3163 3164 3165
f 3165 3164 3166
f 3166 3164 3167
f 3164 3168 3167
f 3167 3168 3169
f 3169 3168 3170
f 3168 3171 3170
f 3170 3171 3172
f 3171 3173 3172
f 3172 3173 3174
f 3174 3173 787
f 3175 3176 3159
f 3159 3177 3160
f 3160 3177 3164
f 3164 3177 3168
f 3177 3178 3168
f 3176 3179 3159
f 3158 3175 3159
f 3171 3180 3173
f 3181 3182 3159
f 3182 3183 3159
f 3183 3184 3177
f 3185 3186 3177
f 3177 3186 3178
f 3182 3187 3183
f 3187 3184 3183
f 3185 3188 3186
f 3180 3189 3173
f 3179 3181 3159
f 3159 3183 3177
f 3168 3178 3171
f 3178 3180 3171
f 3187 3190 3184
f 3184 3188 3185
f 3190 3191 3184
f 3188 3192 3186
f 3178 3193 3180
f 3184 3185 3177
f 3194 3195 3184
f 3195 3196 3184
f 3192 3193 3178
f 3195 3197 3196
f 3184 3196 3188
f 3196 3198 3188
f 3198 3192 3188
f 3192 3199 3193
f 3191 3194 3184
f 3186 3192 3178
f 3193 3189 3180
f 3200 3201 3196
f 3201 805 3196
f 805 3202 3196
f 3202 3203 3196
f 3203 3204 3196
f 3196 3204 3198
f 3204 3205 3198
f 3198 3205 3192
f 3205 3206 3192
f 3206 3207 3192
f 3192 3207 3199
f 3207 3208 3199
f 3199 3208 3189
f 3208 3209 3189
f 3209 3210 3189
f 3210 3211 3189
f 3189 3211 3173
f 3211 3212 3173
f 3173 3212 787
f 3197 3200 3196
f 3199 3189 3193
f 805 807 3213
f 805 3213 3202
f 3213 3214 3202
f 3202 3214 3203
f 3214 3215 3203
f 3203 3215 3204
f 3215 3216 3204
f 3204 3216 3205
f 3216 3217 3205
f 3205 3217 3206
f 3217 3218 3206
f 3206 3218 3207
f 3218 3219 3207
f 3207 3219 3208
f 3219 3220 3208
f 3208 3220 3209
f 3220 3221 3209
f 3209 3221 3210
f 3221 3222 3210
f 3210 3222 3211
f 3222 3223 3211
f 3211 3223 3212
f 3223 788 3212
f 3212 788 787
f 807 3224 3213
f 3224 3225 3213
f 3213 3225 3214
f 3225 3226 3214
f 3214 3226 3215
f 3215 3226 3216
f 3226 3227 3216
f 3216 3227 3217
f 3217 3227 3218
f 3227 3228 3218
f 3218 3228 3219
f 3228 3229 3219
f 3219 3229 3220
f 3220 3229 3221
f 3221 3229 3222
f 3222 3229 3223
f 3223 3229 788
f 3229 789 788
f 3224 3230 3225
f 3228 3231 3229
f 3229 3231 789
f 3230 3232 3225
f 3231 790 789
f 3232 3233 3225
f 3225 3234 3226
f 3234 3235 3226
f 3226 3235 3227
f 3235 3236 3227
f 3227 3236 3228
f 3236 3237 3228
f 3228 3237 3231
f 3231 3237 790
f 3237 791 790
f 3233 3238 3225
f 3238 3234 3225
f 3236 3239 3237
f 3237 3239 791
f 3238 3240 3234
f 3239 792 791
f 3240 3241 3234
f 3234 3242 3235
f 3235 3242 3236
f 3242 3243 3236
f 3243 3244 3236
f 3236 3244 3239
f 3239 3244 792
f 3241 3245 3234
f 3245 3246 3234
f 3234 3246 3242
f 3244 793 792
f 3245 3247 3246
f 3243 3248 3244
f 3248 794 3244
f 3244 794 793
f 3247 3249 3246
f 3246 3250 3242
f 3250 3243 3242
f 3249 3251 3246
f 3251 3252 3246
f 3252 3250 3246
f 3253 3254 3248
f 3254 3255 3248
f 3248 3255 794
f 3255 798 794
f 3251 3256 3252
f 3250 3257 3243
f 3257 3253 3243
f 3243 3253 3248
f 3256 3258 3252
f 3258 3259 3252
f 3252 3259 3250
f 3250 3259 3257
f 3254 799 3255
f 3255 799 798
f 3258 3260 3259
f 3257 3261 3253
f 3253 3261 3254
f 3261 3262 3254
f 3254 3262 799
f 3262 3263 799
f 3260 3264 3259
f 3259 3265 3257
f 3265 3266 3257
f 3257 3266 3261
f 3263 800 799
f 3264 3267 3259
f 3267 3265 3259
f 3266 3268 3261
f 3268 3262 3261
f 3262 3269 3263
f 3269 3270 3263
f 3263 3270 800
f 3270 3271 800
f 3271 795 800
f 3267 3272 3265
f 3272 802 3265
f 802 3273 3265
f 3273 3274 3265
f 3265 3274 3266
f 3274 3275 3266
f 3275 3276 3266
f 3276 3277 3266
f 3266 3277 3268
f 3277 3278 3268
f 3278 3279 3268
f 3268 3279 3262
f 3279 3280 3262
f 3262 3280 3269
f 3280 3281 3269
f 3281 3282 3269
f 3282 3283 3269
f 3283 3284 3269
f 3269 3284 3270
f 3284 3285 3270
f 3285 3286 3270
f 3270 3286 3271
f 3286 3287 3271
f 3287 3288 3271
f 3271 3288 795
f 3288 796 795
f 804 802 3272
f 804 3272 3289
f 3272 3267 3289
f 3289 3267 3290
f 3267 3264 3290
f 3290 3264 3291
f 3264 3260 3291
f 3291 3260 3292
f 3260 3258 3292
f 3292 3258 3293
f 3258 3256 3293
f 3293 3256 3294
f 3256 3251 3294
f 3294 3251 3295
f 3251 3249 3295
f 3295 3249 3296
f 3249 3247 3296
f 3296 3247 3297
f 3247 3245 3297
f 3297 3245 3298
f 3298 3245 3299
f 3245 3241 3299
f 3299 3241 3300
f 3241 3240 3300
f 3300 3240 3301
f 3240 3238 3301
f 3301 3238 3302
f 3302 3238 3303
f 3238 3233 3303
f 3303 3233 3304
f 3233 3232 3304
f 3304 3232 3305
f 3232 3230 3305
f 3305 3230 3306
f 3230 3224 3306
f 3306 3224 808
f 3224 807 808
f 796 3288 797
f 3287 3307 3288
f 3307 797 3288
f 3286 3308 3287
f 3287 3308 3307
f 3285 3309 3286
f 3309 3310 3286
f 3286 3310 3308
f 3284 3311 3285
f 3285 3311 3309
f 3283 3312 3284
f 3312 3311 3284
f 3282 3313 3283
f 3313 3312 3283
f 3314 3315 3282
f 3282 3315 3313
f 3282 3281 3314
f 3314 3281 3316
f 3281 3280 3316
f 3316 3280 3317
f 3280 3279 3317
f 3317 3279 3318
f 3279 3278 3318
f 3318 3278 3319
f 3278 3277 3319
f 3319 3277 3320
f 3277 3276 3320
f 3320 3276 3321
f 3276 3275 3321
f 3321 3275 3322
f 3275 3274 3322
f 3322 3274 3323
f 3274 3273 3323
f 3323 3273 3324
f 3273 802 3324
f 3324 802 801
f 809 3325 808
f 3326 3306 3325
f 3306 808 3325
f 3327 3305 3326
f 3326 3305 3306
f 3328 3304 3327
f 3304 3305 3327
f 3329 3303 3328
f 3303 3304 3328
f 3330 3301 3329
f 3301 3302 3329
f 3329 3302 3303
f 3331 3300 3330
f 3300 3301 3330
f 3298 3299 3331
f 3331 3299 3300
f 3331 3332 3298
f 3298 3332 3297
f 3332 3333 3297
f 3297 3333 3296
f 3333 3334 3296
f 3296 3334 3295
f 3334 3335 3295
f 3295 3335 3294
f 3335 3336 3294
f 3294 3336 3293
f 3336 3337 3293
f 3293 3337 3292
f 3337 3338 3292
f 3292 3338 3291
f 3338 3339 3291
f 3291 3339 3290
f 3339 3340 3290
f 3290 3340 3289
f 3340 803 3289
f 3289 803 804
f 801 803 3341
f 801 3341 3324
f 3341 3342 3324
f 3324 3342 3323
f 3342 3343 3323
f 3323 3343 3322
f 3343 3344 3322
f 3322 3344 3321
f 3344 3345 3321
f 3321 3345 3320
f 3345 3346 3320
f 3320 3346 3319
f 3346 3347 3319
f 3319 3347 3318
f 3347 3348 3318
f 3318 3348 3317
f 3348 3349 3317
f 3317 3349 3316
f 3349 3350 3316
f 3316 3350 3314
f 3314 3350 3315
f 3350 3351 3315
f 3315 3351 3313
f 3351 3352 3313
f 3313 3352 3312
f 3352 3353 3312
f 3312 3353 3311
f 3353 3354 3311
f 3311 3354 3309
f 3354 3355 3309
f 3309 3355 3310
f 3310 3355 3308
f 3355 3356 3308
f 3308 3356 3307
f 3356 3357 3307
f 3307 3357 797
f 3357 824 797
f 822 820 3358
f 820 3359 3358
f 3358 3359 3360
f 3360 3359 3361
f 3359 3362 3361
f 3361 3362 3363
f 3363 3362 3364
f 3362 3365 3364
f 3364 3365 3366
f 3365 3367 3366
f 3366 3367 3368
f 3368 3367 3369
f 3369 3367 3370
f 3367 3371 3370
f 3370 3371 3372
f 3372 3371 3373
f 3373 3371 809
f 3371 3325 809
f 820 819 3359
f 819 3374 3359
f 3374 3362 3359
f 3371 3326 3325
f 819 818 3374
f 3362 3374 3365
f 3367 3375 3371
f 3371 3327 3326
f 818 813 3374
f 813 3376 3374
f 3374 3376 3365
f 3376 3377 3365
f 3365 3377 3367
f 3375 3378 3371
f 3371 3378 3327
f 3378 3328 3327
f 813 812 3376
f 3378 3329 3328
f 812 811 3376
f 3376 3379 3377
f 3379 3380 3377
f 3367 3377 3375
f 3378 3330 3329
f 811 817 3376
f 817 3379 3376
f 3380 3381 3377
f 3377 3381 3375
f 3381 3382 3375
f 3375 3382 3378
f 3378 3382 3330
f 3382 3331 3330
f 817 816 3379
f 816 3383 3379
f 3379 3383 3380
f 3382 3332 3331
f 816 815 3383
f 3384 3382 3381
f 815 814 3383
f 3385 3384 3383
f 3383 3384 3380
f 3380 3384 3381
f 3382 3386 3332
f 3386 3333 3332
f 814 831 3383
f 831 3385 3383
f 3385 3387 3384
f 3387 3388 3384
f 3384 3388 3382
f 3388 3386 3382
f 3386 3334 3333
f 831 830 3385
f 830 3387 3385
f 3386 3335 3334
f 830 829 3387
f 829 3389 3387
f 3389 3390 3387
f 3387 3390 3388
f 3388 3391 3386
f 3386 3391 3335
f 3391 3336 3335
f 829 828 3389
f 828 3392 3389
f 3392 3393 3389
f 3393 3390 3389
f 3390 3391 3388
f 3391 3337 3336
f 828 827 3392
f 3394 3395 3393
f 3393 3395 3390
f 3391 3338 3337
f 827 826 3392
f 826 3396 3392
f 3392 3396 3393
f 3393 3396 3394
f 3395 3397 3390
f 3390 3397 3391
f 3391 3397 3338
f 3397 3339 3338
f 826 825 3396
f 825 3398 3396
f 3396 3398 3394
f 3398 3399 3394
f 3394 3399 3395
f 3399 3400 3395
f 3395 3400 3397
f 3397 3400 3339
f 3400 3340 3339
f 825 824 3398
f 824 3357 3398
f 3357 3356 3398
f 3356 3355 3398
f 3355 3354 3398
f 3354 3353 3398
f 3398 3353 3399
f 3353 3352 3399
f 3352 3351 3399
f 3399 3351 3400
f 3351 3350 3400
f 3350 3349 3400
f 3349 3348 3400
f 3348 3347 3400
f 3347 3346 3400
f 3346 3345 3400
f 3345 3344 3400
f 3344 3343 3400
f 3343 3342 3400
f 3342 3341 3400
f 3400 3341 3340
f 3341 803 3340
f 823 822 3358
f 823 3358 3401
f 3358 3360 3401
f 3401 3360 3402
f 3360 3361 3402
f 3402 3361 3403
f 3361 3363 3403
f 3403 3363 3404
f 3363 3364 3404
f 3404 3364 3405
f 3364 3366 3405
f 3405 3366 3406
f 3366 3368 3406
f 3406 3368 3407
f 3368 3369 3407
f 3407 3369 3408
f 3369 3370 3408
f 3408 3370 3409
f 3370 3372 3409
f 3409 3372 3410
f 3372 3373 3410
f 3373 809 3410
f 3410 809 810
f 3411 3412 3413
f 3412 3414 3413
f 42 3411 3415
f 3411 3413 3415
f 3415 3413 3416
f 3416 3413 3417
f 3417 3413 3418
f 3418 3413 3419
f 3413 3420 3419
f 3419 3420 3421
f 3420 3422 3421
f 3421 3422 3423
f 3423 3422 3424
f 3424 3422 3425
f 3425 3422 3426
f 3426 3422 3427
f 3427 3422 3428
f 3422 3429 3428
f 3428 3429 3430
f 3430 3429 3431
f 3429 3432 3431
f 3431 3432 3433
f 3433 3432 3434
f 3432 3435 3434
f 3434 3435 3436
f 3436 3435 810
f 3437 3438 3413
f 3439 3440 3422
f 3422 3440 3429
f 3438 3441 3413
f 3441 3442 3413
f 3442 3443 3413
f 3443 3444 3439
f 3414 3437 3413
f 3413 3443 3420
f 3420 3443 3422
f 3443 3439 3422
f 3432 3429 3435
f 3445 3446 3442
f 3446 3447 3442
f 3442 3447 3443
f 3447 3448 3443
f 3448 3444 3443
f 3446 3449 3447
f 3450 3448 3447
f 3444 3448 3440
f 3451 3435 3429
f 3441 3445 3442
f 3444 3440 3439
f 3440 3452 3429
f 3453 3454 3450
f 3454 3455 3450
f 3456 3448 3450
f 3448 3457 3452
f 3449 3453 3447
f 3453 3450 3447
f 3448 3452 3440
f 3452 3458 3429
f 3429 3458 3451
f 3459 3460 3450
f 3456 3461 3457
f 3451 3462 3463
f 3460 3464 3450
f 3464 3461 3450
f 3450 3461 3456
f 3455 3459 3450
f 3456 3457 3448
f 3457 3465 3452
f 3458 3462 3451
f 3451 3463 3435
f 3435 3463 810
f 3466 3467 3461
f 3467 823 3461
f 823 3401 3461
f 3401 3402 3461
f 3402 3403 3461
f 3461 3403 3465
f 3403 3404 3465
f 3404 3405 3465
f 3405 3406 3465
f 3406 3407 3465
f 3465 3407 3462
f 3407 3408 3462
f 3408 3409 3462
f 3462 3409 3463
f 3409 3410 3463
f 3463 3410 810
f 3464 3466 3461
f 3461 3465 3457
f 3452 3465 3458
f 3458 3465 3462
f 3468 3469 3470
f 1585 147 3471
f 1555 1557 3472
f 1561 1560 3473
f 3474 1461 1456
f 3475 1448 1453
f 1443 1446 3475
f 3476 3477 3478
f 3479 3480 3481
f 3471 147 1409
f 1408 1411 3471
f 1419 3480 1421
f 3480 3479 1421
f 1421 3479 1413
f 3480 1419 1417
f 3471 1411 3479
f 3479 1411 1413
f 3476 1424 3482
f 1424 1427 3482
f 3482 1427 1426
f 1442 3483 1436
f 1436 3483 1438
f 3483 1439 1438
f 3484 1439 3483
f 3482 1426 3484
f 1426 1431 3484
f 1431 1430 3484
f 3484 1430 1439
f 1417 1423 3480
f 1423 1407 3480
f 3480 1407 3476
f 1407 1425 3476
f 3476 1425 1424
f 3484 3485 3486
f 3485 3484 3483
f 3485 3487 3488
f 3488 3487 3489
f 1446 1448 3475
f 3490 1402 1455
f 3474 1399 1461
f 3487 3490 3474
f 3490 1455 1400
f 3490 1400 3474
f 3474 1400 1399
f 3485 3483 3487
f 3483 3475 3487
f 3475 1453 3487
f 3487 1453 3490
f 1453 1403 3490
f 3490 1403 1402
f 3489 3491 3492
f 3491 3474 3493
f 3489 3474 3491
f 3474 3489 3487
f 1463 3493 1465
f 3493 1458 1465
f 3494 3491 3495
f 3491 3493 3495
f 3496 3492 3494
f 3492 3491 3494
f 3497 3493 1468
f 1468 1474 3497
f 1474 1475 3497
f 1463 1466 3493
f 1466 1468 3493
f 3474 1456 3493
f 3493 1456 1458
f 3498 3496 3499
f 3499 3496 3500
f 3496 3494 3500
f 3500 3494 3501
f 3501 3494 3502
f 3494 3495 3502
f 3502 3495 3503
f 3503 3495 3504
f 3495 3497 3504
f 1560 1563 3473
f 1573 1572 3505
f 1572 3506 3505
f 3505 3506 3507
f 3507 3506 3508
f 3506 3469 3508
f 3509 3508 3469
f 3507 1574 3505
f 3505 1574 1573
f 3508 3510 3507
f 3510 3511 3507
f 3511 3512 3507
f 3512 1566 1568
f 3511 3510 3513
f 3514 3510 3508
f 3512 3473 1566
f 1566 3473 1563
f 3507 3512 1574
f 1574 3512 1568
f 3512 3511 3515
f 3513 3516 3511
f 3516 3515 3511
f 1561 3473 3517
f 3517 3473 3515
f 3498 3513 3518
f 3513 3514 3518
f 3514 3509 3488
f 3472 1557 1558
f 3498 3518 3496
f 3496 3518 3492
f 3489 3492 3518
f 3516 3517 3515
f 3489 3518 3488
f 3488 3518 3514
f 3517 3472 1561
f 3472 1558 1561
f 3473 3512 3515
f 3513 3510 3514
f 3508 3509 3514
f 3469 3486 3509
f 3519 3481 1583
f 3481 3520 1583
f 1583 3520 1580
f 1551 3478 1552
f 3470 1578 3478
f 1578 1552 3478
f 1551 1581 3520
f 1581 1580 3520
f 1551 3520 3478
f 3470 1576 1578
f 1572 1576 3470
f 3481 3521 3520
f 3470 3506 1572
f 3471 1409 1408
f 3519 1549 1548
f 3479 3519 3471
f 3519 1548 3471
f 3471 1548 1585
f 3479 3481 3519
f 1583 1549 3519
f 3520 3521 3478
f 3470 3478 3468
f 3470 3469 3506
f 3468 3478 3477
f 3478 3521 3476
f 3469 3468 3486
f 3468 3477 3486
f 3486 3477 3484
f 3484 3477 3482
f 3477 3476 3482
f 3476 3521 3480
f 3480 3521 3481
f 1482 3504 1480
f 3504 3497 1480
f 1480 3497 1478
f 3497 1475 1478
f 3483 1442 3475
f 3475 1442 1443
f 3499 3522 3498
f 3498 3522 3513
f 3513 3522 3516
f 3522 3523 3516
f 3523 3524 3516
f 3516 3524 3517
f 3524 3525 3517
f 3525 3526 3517
f 3517 3526 3472
f 3526 3527 3472
f 3527 3528 3472
f 3528 1554 3472
f 3472 1554 1555
f 3497 3495 3493
f 3488 3509 3485
f 3509 3486 3485
f 3529 1554 3530
f 1554 3528 3530
f 3530 3528 3531
f 3528 3532 3531
f 3528 3527 3532
f 3527 3533 3532
f 3534 3533 3525
f 3525 3533 3526
f 3533 3527 3526
f 3535 3536 3524
f 3524 3536 3525
f 3525 3536 3534
f 3524 3523 3535
f 3523 3537 3535
f 3523 3522 3537
f 3537 3522 3538
f 3522 3499 3538
f 3538 3499 3539
f 3539 3499 3540
f 3499 3500 3540
f 3540 3500 3541
f 3500 3542 3541
f 3500 3501 3542
f 3542 3501 3543
f 3501 3502 3543
f 3543 3502 3544
f 3502 3503 3544
f 3544 3503 3545
f 3503 3546 3545
f 3503 3504 3546
f 3546 3504 3547
f 3547 3504 1482
f 3548 3529 3549
f 3529 3530 3549
f 3530 3550 3549
f 3530 3531 3550
f 3531 3532 3550
f 3550 3532 3551
f 3532 3533 3551
f 3551 3533 3552
f 3533 3553 3552
f 3533 3534 3553
f 3534 3554 3553
f 3534 3536 3554
f 3554 3536 3555
f 3536 3535 3555
f 3555 3535 3556
f 3535 3537 3556
f 3556 3537 3557
f 3537 3538 3557
f 3557 3538 3558
f 3538 3539 3558
f 3558 3539 3559
f 3539 3540 3559
f 3559 3540 3560
f 3540 3541 3560
f 3560 3541 3561
f 3541 3542 3561
f 3561 3542 3562
f 3542 3543 3562
f 3562 3543 3563
f 3543 3544 3563
f 3563 3544 3564
f 3544 3545 3564
f 3564 3545 3565
f 3545 3546 3565
f 3565 3546 3566
f 3546 3547 3566
f 3566 3547 3567
f 3568 3548 3569
f 3548 3549 3569
f 3569 3549 3570
f 3549 3550 3570
f 3570 3550 3571
f 3550 3551 3571
f 3571 3551 3572
f 3551 3552 3572
f 3572 3552 3573
f 3552 3553 3573
f 3573 3553 3574
f 3553 3554 3574
f 3574 3554 3575
f 3554 3555 3575
f 3575 3555 3576
f 3555 3556 3576
f 3576 3556 3577
f 3556 3557 3577
f 3577 3557 3578
f 3557 3558 3578
f 3558 3559 3578
f 3578 3559 3579
f 3559 3560 3579
f 3579 3560 3580
f 3560 3561 3580
f 3561 3562 3580
f 3580 3562 3581
f 3562 3563 3581
f 3581 3563 3582
f 3563 3564 3582
f 3564 3565 3582
f 3582 3565 3583
f 3565 3566 3583
f 3583 3566 3584
f 3566 3567 3584
f 3585 3586 3587
f 3588 3589 3590
f 3591 3592 3593
f 3592 10 3593
f 3594 3595 3596
f 3595 3597 3596
f 3598 3599 3600
f 3601 3602 3603
f 3604 3605 3606
f 3606 3607 3608
f 3593 10 1054
f 1054 1052 3593
f 1049 3609 1052
f 3609 1049 1047
f 3593 1052 3609
f 3610 3611 3612
f 3610 3613 3611
f 3611 3613 3614
f 1042 3615 3611
f 3616 1008 3614
f 1008 1043 3614
f 3614 1043 3611
f 1043 1042 3611
f 3615 3617 3612
f 1038 3615 1041
f 1041 3615 1042
f 1047 1046 3609
f 1046 1045 3609
f 3609 1045 3616
f 3616 1045 1008
f 3618 3619 3620
f 3620 3619 3621
f 3622 3623 3624
f 1038 1036 3615
f 1036 3617 3615
f 3625 3618 3626
f 3626 3618 3612
f 3612 3618 3620
f 3627 3625 1027
f 3627 1027 1025
f 1030 1029 3625
f 3625 1029 1027
f 3624 3619 3628
f 3628 3619 3629
f 3624 3628 3622
f 3628 3629 3630
f 3622 3628 3631
f 3628 3630 3631
f 3629 1025 1023
f 3629 1023 1021
f 3618 3627 3619
f 3619 3627 3629
f 3631 3630 3632
f 3632 3630 3633
f 3633 3634 1019
f 1019 1018 3633
f 1018 1012 3633
f 1021 1016 3629
f 3629 1016 3634
f 1016 1015 3634
f 3634 1015 1019
f 3618 3625 3627
f 3627 1025 3629
f 3635 3623 3636
f 3636 3623 3637
f 3623 3622 3637
f 3637 3622 3638
f 3638 3622 3639
f 3622 3631 3639
f 3639 3631 3640
f 3631 3632 3640
f 3640 3632 3641
f 3632 3633 3641
f 3641 3633 3642
f 3642 3633 3643
f 3644 3645 3606
f 3605 3644 3606
f 3646 3603 3647
f 3646 3604 3603
f 3604 3606 3603
f 3648 3649 3650
f 3603 3602 3647
f 3601 3603 3606
f 3606 3645 3607
f 3649 3647 3650
f 3647 3602 3650
f 3602 3601 3651
f 3652 3653 3654
f 3653 3655 3656
f 3654 3653 3656
f 3656 3601 3657
f 3601 3606 3657
f 3655 3651 3601
f 3652 3658 3655
f 3652 3655 3653
f 3655 3601 3656
f 3659 3648 3660
f 3648 3650 3660
f 3650 3602 3660
f 3599 3661 3660
f 3661 3662 3660
f 3663 3598 3600
f 3662 3659 3660
f 3599 3660 3600
f 3600 3660 3664
f 3660 3602 3664
f 3602 3651 3664
f 3600 3664 3596
f 3664 3651 3665
f 3665 3651 3666
f 3658 3651 3655
f 3621 3624 3658
f 3667 3666 3658
f 3658 3666 3651
f 3668 3663 3600
f 3597 3668 3596
f 3668 3600 3596
f 3596 3664 3669
f 3664 3665 3669
f 3624 3623 3667
f 3624 3667 3658
f 3620 3621 3652
f 3621 3658 3652
f 3670 3671 3672
f 3671 3673 3672
f 3672 3673 3674
f 3673 3588 3674
f 3674 3588 3675
f 3671 3676 3677
f 3589 3588 3678
f 3588 3587 3678
f 3586 3679 3587
f 3587 3679 3678
f 3590 3680 3588
f 3680 3675 3588
f 3587 3681 3585
f 3682 3683 3681
f 3681 3683 3585
f 3684 3682 3681
f 3681 3657 3684
f 3671 3677 3685
f 3609 3671 3593
f 3671 3685 3593
f 3593 3685 3591
f 3609 3673 3671
f 3670 3676 3671
f 3588 3673 3613
f 3587 3588 3686
f 3588 3613 3686
f 3681 3654 3656
f 3587 3686 3681
f 3681 3686 3654
f 3616 3613 3673
f 3686 3613 3610
f 3614 3613 3616
f 3686 3610 3652
f 3626 3612 3617
f 3612 3611 3615
f 3609 3616 3673
f 3686 3652 3654
f 1011 3633 1012
f 1036 1034 3617
f 1034 1032 3617
f 3617 1032 3626
f 3626 1032 3625
f 1032 1030 3625
f 3619 3624 3621
f 3623 3635 3667
f 3635 3687 3667
f 3667 3687 3666
f 3687 3688 3666
f 3666 3688 3665
f 3688 3689 3665
f 3665 3689 3669
f 3689 3690 3669
f 3690 3691 3669
f 3669 3691 3596
f 3691 3692 3596
f 3692 3693 3596
f 3596 3693 3594
f 3693 3694 3594
f 1011 3643 3633
f 3633 3630 3634
f 3634 3630 3629
f 3612 3620 3610
f 3620 3652 3610
f 3656 3657 3681
f 3606 3608 3657
f 3657 3608 3684
f 3584 3695 3696
f 3584 3696 3583
f 3696 3697 3583
f 3583 3697 3582
f 3697 3698 3582
f 3582 3698 3581
f 3698 3699 3581
f 3581 3699 3580
f 3699 3700 3580
f 3580 3700 3579
f 3700 3701 3579
f 3579 3701 3578
f 3578 3701 3577
f 3701 3702 3577
f 3577 3702 3576
f 3702 3703 3576
f 3576 3703 3575
f 3703 3704 3575
f 3575 3704 3574
f 3574 3704 3573
f 3704 3705 3573
f 3573 3705 3572
f 3572 3705 3571
f 3705 3706 3571
f 3571 3706 3570
f 3706 3707 3570
f 3570 3707 3569
f 3569 3707 3568
f 3707 3708 3568
f 3709 3643 3708
f 3643 1011 3708
f 3710 3641 3711
f 3641 3642 3711
f 3711 3642 3709
f 3709 3642 3643
f 3710 3640 3641
f 3712 3639 3710
f 3639 3640 3710
f 3713 3638 3712
f 3638 3639 3712
f 3714 3636 3713
f 3636 3637 3713
f 3713 3637 3638
f 3715 3687 3716
f 3716 3687 3714
f 3687 3635 3714
f 3714 3635 3636
f 3689 3688 3715
f 3715 3688 3687
f 3715 3717 3689
f 3689 3717 3690
f 3717 3718 3690
f 3690 3718 3691
f 3718 3719 3691
f 3691 3719 3692
f 3719 3720 3692
f 3692 3720 3693
f 3720 3721 3693
f 3693 3721 3694
f 3695 3722 3723
f 3695 3723 3696
f 3723 3722 3724
f 3724 3722 3725
f 3723 3697 3696
f 3726 3723 3724
f 3724 3725 3727
f 3727 3725 3728
f 3726 3698 3697
f 3729 3726 3730
f 3730 3726 3727
f 3726 3724 3727
f 3727 3728 3731
f 3730 3727 3732
f 3727 3731 3732
f 3732 3731 3733
f 3729 3699 3698
f 3732 3733 3734
f 3729 3700 3699
f 3729 3730 3735
f 3735 3730 3732
f 3732 3734 3736
f 3737 3729 3735
f 3735 3732 3738
f 3732 3736 3738
f 3738 3736 3739
f 3740 3701 3700
f 3741 3737 3742
f 3737 3735 3742
f 3742 3735 3743
f 3735 3738 3743
f 3738 3739 3744
f 3743 3738 3745
f 3738 3744 3746
f 3747 3702 3701
f 3738 3746 3745
f 3745 3746 3748
f 3747 3703 3702
f 3745 3748 3749
f 3747 3704 3703
f 3741 3742 3716
f 3742 3743 3750
f 3743 3745 3750
f 3745 3749 3751
f 3747 3705 3704
f 3716 3742 3750
f 3745 3751 3752
f 3750 3745 3753
f 3745 3752 3754
f 3754 3752 3755
f 3750 3753 3716
f 3745 3754 3753
f 3754 3755 3756
f 3708 3707 3757
f 3707 3706 3757
f 3705 3758 3706
f 3758 3757 3706
f 3705 3747 3758
f 3701 3740 3747
f 3757 3758 3708
f 3700 3729 3740
f 3740 3759 3747
f 3747 3760 3758
f 3759 3760 3747
f 3698 3726 3729
f 3729 3737 3740
f 3759 3741 3760
f 3697 3723 3726
f 3737 3741 3740
f 3740 3741 3759
f 3754 3756 3761
f 3708 3758 3709
f 3709 3758 3711
f 3758 3760 3711
f 3711 3760 3710
f 3760 3741 3710
f 3710 3741 3712
f 3741 3716 3712
f 3712 3716 3713
f 3713 3716 3714
f 3716 3753 3715
f 3715 3753 3717
f 3717 3753 3718
f 3753 3754 3718
f 3718 3754 3719
f 3719 3754 3720
f 3754 3761 3720
f 3720 3761 3721
f 3762 3763 3764
f 3765 3766 3767
f 3768 3769 3770
f 3771 3772 3773
f 3774 3775 3776
f 3763 3762 3777
f 3778 3779 3780
f 3781 7 3782
f 3782 3783 3781
f 3783 3784 3781
f 3784 3785 3781
f 3781 3785 3786
f 3787 3765 3788
f 3765 3789 3788
f 3789 3790 3788
f 3791 3778 3780
f 3779 3792 3780
f 3792 3762 3780
f 3790 3793 3788
f 3793 3794 3788
f 3788 3794 3780
f 3794 3795 3780
f 3780 3795 3791
f 3785 3796 3786
f 3796 3797 3786
f 3797 3798 3786
f 3786 3798 3765
f 3798 3799 3765
f 3765 3799 3789
f 3800 3801 3802
f 3801 3803 3802
f 3762 3764 3802
f 3764 3804 3802
f 3804 3805 3802
f 3802 3805 3806
f 3805 3807 3806
f 3807 3808 3806
f 3808 3809 3806
f 3810 3811 3812
f 3813 3810 3814
f 3814 3810 3812
f 3811 3800 3812
f 3812 3800 3806
f 3762 3803 3815
f 3816 3814 3812
f 3816 3817 3814
f 3818 3813 3819
f 3819 3813 3820
f 3817 3821 3814
f 3821 3822 3814
f 3822 3823 3814
f 3814 3823 3813
f 3823 3820 3813
f 3809 3824 3806
f 3824 3825 3806
f 3806 3825 3812
f 3825 3826 3812
f 3826 3827 3812
f 3812 3827 3816
f 3828 3829 3776
f 3830 3831 3832
f 3768 3833 3832
f 3833 3830 3832
f 3768 3834 3833
f 3770 3835 3768
f 3835 3834 3768
f 3836 3769 3837
f 3769 3768 3837
f 3837 3768 3838
f 3768 3832 3838
f 3838 3832 3801
f 3801 3832 3773
f 3839 3840 3810
f 3840 3837 3810
f 3811 3838 3800
f 3838 3801 3800
f 3801 3841 3803
f 3840 3836 3837
f 3837 3838 3811
f 3773 3841 3801
f 3842 3843 3781
f 3781 3843 7
f 3765 3767 3786
f 3767 3844 3786
f 3844 3845 3786
f 3786 3845 3781
f 3845 3842 3781
f 3787 3846 3765
f 3846 3766 3765
f 3829 3847 3776
f 3776 3847 3841
f 3847 3848 3841
f 3841 3848 3849
f 3848 3850 3849
f 3849 3850 3787
f 3787 3850 3851
f 3776 3775 3852
f 3852 3828 3776
f 3851 3853 3787
f 3787 3853 3846
f 3841 3773 3776
f 3802 3803 3762
f 3762 3815 3780
f 3771 3773 3832
f 3841 3815 3803
f 3762 3792 3777
f 3772 3774 3773
f 3774 3776 3773
f 3841 3849 3815
f 3810 3813 3839
f 3839 3813 3854
f 3813 3818 3854
f 3854 3818 3855
f 3787 3788 3849
f 3849 3788 3815
f 3815 3788 3780
f 3810 3837 3811
f 3800 3802 3806
f 3832 3831 3771
f 3856 3721 3857
f 3721 3761 3857
f 3857 3761 3858
f 3761 3756 3858
f 3858 3756 3859
f 3756 3755 3859
f 3859 3755 3860
f 3755 3752 3860
f 3860 3752 3861
f 3752 3751 3861
f 3861 3751 3862
f 3751 3749 3862
f 3862 3749 3863
f 3749 3748 3863
f 3863 3748 3864
f 3748 3746 3864
f 3864 3746 3865
f 3746 3744 3865
f 3865 3744 3866
f 3744 3739 3866
f 3866 3739 3867
f 3739 3736 3867
f 3867 3736 3868
f 3736 3734 3868
f 3868 3734 3869
f 3734 3733 3869
f 3869 3733 3870
f 3733 3731 3870
f 3870 3731 3871
f 3731 3728 3871
f 3871 3728 3872
f 3728 3725 3872
f 3872 3725 3873
f 3725 3722 3873
f 3873 3722 3874
f 3722 3695 3874
f 3836 3840 3875
f 3839 3854 3876
f 3876 3854 3856
f 3856 3854 3855
f 3876 3877 3839
f 3875 3840 3877
f 3840 3839 3877
f 3875 3878 3836
f 3878 3879 3836
f 3836 3879 3769
f 3879 3880 3769
f 3769 3880 3770
f 3880 3879 3881
f 3880 3881 3882
f 3882 3881 3883
f 3881 3884 3883
f 3883 3884 3885
f 3885 3884 3886
f 3886 3884 3887
f 3884 3888 3887
f 3887 3888 3889
f 3889 3888 3890
f 3888 3891 3890
f 3890 3891 3892
f 3892 3891 3893
f 3891 3894 3893
f 3893 3894 3895
f 3881 3879 3878
f 3894 3896 3895
f 3888 3884 3897
f 3897 3884 3881
f 3894 3898 3896
f 3881 3878 3875
f 3899 3900 3898
f 3901 3899 3894
f 3881 3875 3877
f 3902 3903 3900
f 3894 3891 3904
f 3891 3888 3904
f 3902 3905 3903
f 3904 3888 3897
f 3897 3881 3906
f 3902 3907 3905
f 3906 3881 3877
f 3874 3908 3902
f 3908 3907 3902
f 3900 3899 3902
f 3898 3894 3899
f 3874 3902 3873
f 3873 3902 3872
f 3902 3901 3872
f 3872 3901 3871
f 3901 3894 3871
f 3871 3894 3870
f 3870 3894 3869
f 3869 3894 3868
f 3894 3904 3868
f 3868 3904 3867
f 3867 3904 3866
f 3904 3897 3866
f 3866 3897 3865
f 3865 3897 3864
f 3897 3906 3864
f 3864 3906 3863
f 3863 3906 3862
f 3862 3906 3861
f 3861 3906 3860
f 3860 3906 3859
f 3906 3877 3859
f 3859 3877 3858
f 3858 3877 3857
f 3877 3876 3857
f 3857 3876 3856
f 3899 3901 3902
f 3909 3910 3885
f 3911 3880 3912
f 3880 3882 3912
f 3882 3883 3912
f 3912 3883 3913
f 3885 3910 3883
f 3883 3910 3913
f 3885 3886 3909
f 3909 3886 3914
f 3886 3887 3914
f 3914 3887 3915
f 3887 3889 3915
f 3915 3889 3916
f 3917 3918 3893
f 3918 3919 3893
f 3893 3919 3892
f 3892 3919 3890
f 3919 3920 3890
f 3890 3920 3889
f 3889 3920 3916
f 3893 3895 3917
f 3917 3895 3921
f 3895 3896 3921
f 3896 3898 3921
f 3921 3898 3922
f 3898 3900 3922
f 3922 3900 3923
f 3923 3900 3924
f 3900 3903 3924
f 3924 3903 3925
f 3903 3905 3925
f 3925 3905 3926
f 3905 3907 3926
f 3926 3907 3927
f 3907 3908 3927
f 3927 3908 3928
f 3908 3874 3928
f 3928 3874 1481
f 3929 1450 1449
f 3930 3915 3916
f 3931 1454 1404
f 3932 1460 1401
f 3933 1477 1476
f 3934 3935 3936
f 3937 3922 3923
f 3938 3918 3917
f 3939 3911 3912
f 3940 3941 3942
f 3943 3941 3940
f 3937 3923 3944
f 3923 3924 3944
f 3928 3945 3927
f 3927 3945 3926
f 3933 3934 3936
f 1477 3933 1479
f 3933 3945 1479
f 1479 3945 1484
f 1484 3945 1483
f 3945 3928 1483
f 1483 3928 1481
f 3937 3938 3921
f 3938 3917 3921
f 3946 3947 3948
f 3947 3938 3937
f 3948 3947 3944
f 3944 3947 3937
f 3937 3921 3922
f 3949 3948 3935
f 3936 3935 3944
f 1473 1472 3933
f 1472 3934 3933
f 1469 1467 3934
f 1467 3950 3934
f 3934 3950 3951
f 3935 3951 3949
f 3950 3932 3951
f 1462 1464 3932
f 3932 1464 1459
f 1467 1471 3950
f 1471 1470 3950
f 1470 1462 3950
f 3950 1462 3932
f 3925 3926 3936
f 3926 3945 3936
f 3933 1476 1473
f 3948 3944 3935
f 3944 3924 3936
f 3924 3925 3936
f 3945 3933 3936
f 3932 1459 1457
f 3932 1457 1460
f 3931 1452 3929
f 1452 1450 3929
f 3929 3952 3953
f 3952 3954 3953
f 3953 3954 3955
f 3931 1401 1454
f 3956 3946 3957
f 3946 3958 3957
f 3956 3957 3959
f 3959 3957 3960
f 1201 3961 3962
f 3961 3943 3962
f 3943 3963 3962
f 3953 3964 3965
f 3965 3964 3959
f 3964 3963 3959
f 3959 3963 3943
f 3953 3955 3964
f 3955 3966 3964
f 3964 3966 3963
f 3966 3967 3963
f 3929 3953 3965
f 3956 3959 3943
f 3959 3960 3965
f 3939 3912 3942
f 3912 3913 3942
f 3913 3910 3942
f 3910 3909 3942
f 3942 3909 3968
f 3968 3909 3914
f 3915 3930 3968
f 3930 3969 3968
f 3918 3930 3919
f 3919 3930 3920
f 3938 3947 3930
f 3930 3916 3920
f 3918 3938 3930
f 3930 3947 3969
f 3947 3946 3969
f 3946 3956 3969
f 3969 3956 3940
f 3956 3943 3940
f 3963 3967 3962
f 3940 3942 3969
f 3942 3968 3969
f 3968 3914 3915
f 3960 3931 3965
f 3965 3931 3929
f 3929 1449 3952
f 1472 1469 3934
f 3934 3951 3935
f 3957 3970 3960
f 1401 3931 3932
f 3932 3970 3951
f 3970 3949 3951
f 3949 3958 3948
f 3958 3946 3948
f 3958 3949 3957
f 3957 3949 3970
f 3970 3932 3960
f 3960 3932 3931
f 3931 1404 1452
f 3971 1422 1416
f 3952 1449 1447
f 3972 1189 1201
f 1194 3973 1191
f 3973 3974 1191
f 3974 146 1191
f 1192 1196 3975
f 3975 1196 1198
f 1196 1195 1198
f 3976 3977 3978
f 3979 1197 1199
f 3980 1199 3981
f 1199 1200 3981
f 3978 3979 3980
f 3979 1199 3980
f 3976 3980 3972
f 3972 3962 3976
f 3981 1190 3972
f 1190 1189 3972
f 1200 1190 3981
f 3962 3967 3976
f 3976 3967 3977
f 3977 3967 3966
f 1437 1432 3982
f 3983 3978 3984
f 3978 3985 3984
f 1435 1434 3986
f 1435 3986 1440
f 1440 3986 1441
f 3986 3952 1441
f 1441 3952 1444
f 1444 3952 1445
f 1445 3952 1451
f 1451 3952 1447
f 3986 3985 3952
f 3985 3986 3982
f 3986 1434 3982
f 3982 1434 1437
f 3977 3954 3985
f 3985 3954 3952
f 3977 3955 3954
f 3974 1415 1410
f 1415 3974 1412
f 3974 3973 1412
f 1412 3973 1414
f 1428 1429 3987
f 1429 1406 3987
f 1406 1405 3987
f 3987 1405 3971
f 1405 1422 3971
f 1414 3973 1420
f 3973 1192 1420
f 1420 1192 1418
f 1192 3975 1418
f 1418 3975 1416
f 1416 3975 3971
f 3982 3984 3985
f 3984 3987 3983
f 1198 3983 3971
f 3983 3987 3971
f 3984 3982 1433
f 3982 1432 1433
f 1433 1428 3984
f 1428 3987 3984
f 3971 3975 1198
f 1410 146 3974
f 3980 3981 3972
f 3972 1201 3962
f 3979 1198 1197
f 3966 3955 3977
f 1194 1193 3973
f 1193 1192 3973
f 3976 3978 3980
f 1198 3979 3983
f 3983 3979 3978
f 3978 3977 3985
f 3988 3989 3990
f 3991 82 3992
f 3993 3994 3995
f 3996 3997 3998
f 3999 4000 4001
f 4002 4003 4004
f 4005 4006 4002
f 4007 4008 4009
f 4010 4011 4012
f 3992 82 4013
f 4014 4015 3992
f 4016 4011 4017
f 4011 4010 4017
f 4017 4010 4018
f 4011 4016 4019
f 3992 4015 4010
f 4010 4015 4018
f 4007 4020 4021
f 4020 4022 4021
f 4021 4022 4023
f 4024 4025 4026
f 4027 4026 4028
f 4026 4025 4028
f 4028 4025 4029
f 4025 4030 4029
f 4024 4030 4025
f 4021 4023 4024
f 4023 4031 4024
f 4031 4032 4024
f 4024 4032 4030
f 4019 4033 4011
f 4033 4034 4011
f 4011 4034 4007
f 4034 4035 4007
f 4007 4035 4020
f 4024 4036 4037
f 4036 4024 4026
f 4036 4038 4039
f 4039 4038 4040
f 4006 4003 4002
f 4041 4042 4043
f 3999 4044 4000
f 4038 4041 4045
f 4041 3999 4045
f 4041 4043 4046
f 4041 4046 3999
f 3999 4046 4044
f 4036 4026 4038
f 4026 4002 4038
f 4002 4004 4038
f 4038 4004 4041
f 4004 4047 4041
f 4041 4047 4042
f 4040 4048 4049
f 4040 4045 4048
f 4045 4040 4038
f 4050 4051 4052
f 4053 4054 3999
f 3999 4054 4052
f 3999 4052 4051
f 4055 4048 4056
f 4048 4045 4056
f 4045 4057 4056
f 4058 4049 4055
f 4049 4048 4055
f 4057 4051 4059
f 4059 4060 4057
f 4060 4061 4057
f 4050 4062 4051
f 4062 4059 4051
f 3999 4001 4053
f 4063 4058 4064
f 4064 4058 4065
f 4058 4055 4065
f 4065 4055 4066
f 4066 4055 4067
f 4055 4056 4067
f 4067 4056 4068
f 4056 4057 4068
f 4068 4057 4069
f 3997 4070 3998
f 4071 4072 4073
f 4072 4074 4073
f 4073 4074 4075
f 4075 4074 4076
f 4074 3989 4076
f 4075 4077 4073
f 4073 4077 4071
f 4078 4076 3989
f 4076 4079 4075
f 4079 4080 4075
f 4080 4081 4075
f 4081 4082 4083
f 4080 4079 4084
f 4085 4079 4076
f 4081 3998 4082
f 4082 3998 4070
f 4075 4081 4077
f 4077 4081 4083
f 4081 4080 4086
f 4036 4039 4078
f 4084 4087 4080
f 4087 4086 4080
f 3996 3998 4088
f 4088 3998 4086
f 4063 4084 4089
f 4084 4085 4089
f 4085 4078 4039
f 3995 3994 4090
f 4063 4089 4058
f 4058 4089 4049
f 4040 4049 4089
f 4087 4088 4086
f 4040 4089 4039
f 4039 4089 4085
f 4088 3995 3996
f 3995 4090 3996
f 3998 4081 4086
f 4084 4079 4085
f 4076 4078 4085
f 4078 4037 4036
f 4091 4012 4092
f 4012 4093 4092
f 4092 4093 4094
f 4095 4009 4096
f 3990 4097 4009
f 4097 4096 4009
f 4095 4098 4093
f 4098 4094 4093
f 4095 4093 4009
f 3990 4099 4097
f 4072 4099 3990
f 4012 4100 4093
f 3990 4074 4072
f 3992 4013 4014
f 4091 4101 4102
f 4010 4091 3992
f 4091 4102 3992
f 3992 4102 3991
f 4010 4012 4091
f 4092 4101 4091
f 4093 4100 4009
f 3990 4009 3988
f 3990 3989 4074
f 3988 4009 4008
f 4009 4100 4007
f 3989 3988 4037
f 3988 4008 4037
f 4037 4008 4024
f 4024 4008 4021
f 4008 4007 4021
f 4007 4100 4011
f 4011 4100 4012
f 4103 4069 4104
f 4069 4057 4104
f 4104 4057 4105
f 4105 4057 4061
f 4026 4027 4002
f 4002 4027 4005
f 4064 4106 4063
f 4063 4106 4084
f 4084 4106 4087
f 4106 4107 4087
f 4107 4108 4087
f 4087 4108 4088
f 4108 4109 4088
f 4109 4110 4088
f 4088 4110 3995
f 4110 4111 3995
f 4111 4112 3995
f 4112 4113 3995
f 3995 4113 3993
f 4057 4045 4051
f 4051 4045 3999
f 4078 3989 4037
f 4114 4113 4115
f 4113 4112 4115
f 4115 4112 4116
f 4112 4117 4116
f 4112 4111 4117
f 4111 4118 4117
f 4119 4118 4109
f 4109 4118 4110
f 4118 4111 4110
f 4120 4121 4108
f 4108 4121 4109
f 4109 4121 4119
f 4108 4107 4120
f 4107 4122 4120
f 4107 4106 4122
f 4122 4106 4123
f 4106 4064 4123
f 4123 4064 4124
f 4124 4064 4125
f 4064 4065 4125
f 4125 4065 4126
f 4065 4127 4126
f 4065 4066 4127
f 4127 4066 4128
f 4066 4067 4128
f 4128 4067 4129
f 4067 4068 4129
f 4129 4068 4130
f 4068 4131 4130
f 4068 4069 4131
f 4131 4069 4132
f 4132 4069 4103
f 4133 4114 4134
f 4114 4115 4134
f 4115 4135 4134
f 4115 4116 4135
f 4116 4117 4135
f 4135 4117 4136
f 4117 4118 4136
f 4136 4118 4137
f 4118 4138 4137
f 4118 4119 4138
f 4119 4139 4138
f 4119 4121 4139
f 4139 4121 4140
f 4121 4120 4140
f 4140 4120 4141
f 4120 4122 4141
f 4141 4122 4142
f 4122 4123 4142
f 4142 4123 4143
f 4123 4124 4143
f 4143 4124 4144
f 4124 4125 4144
f 4144 4125 4145
f 4125 4126 4145
f 4145 4126 4146
f 4126 4127 4146
f 4146 4127 4147
f 4127 4128 4147
f 4147 4128 4148
f 4128 4129 4148
f 4148 4129 4149
f 4129 4130 4149
f 4149 4130 4150
f 4130 4131 4150
f 4150 4131 4151
f 4131 4132 4151
f 4151 4132 4152
f 4153 4133 4154
f 4133 4134 4154
f 4154 4134 4155
f 4134 4135 4155
f 4155 4135 4156
f 4135 4136 4156
f 4156 4136 4157
f 4136 4137 4157
f 4157 4137 4158
f 4137 4138 4158
f 4158 4138 4159
f 4138 4139 4159
f 4159 4139 4160
f 4139 4140 4160
f 4160 4140 4161
f 4140 4141 4161
f 4161 4141 4162
f 4141 4142 4162
f 4162 4142 4163
f 4142 4143 4163
f 4143 4144 4163
f 4163 4144 4164
f 4144 4145 4164
f 4164 4145 4165
f 4145 4146 4165
f 4146 4147 4165
f 4165 4147 4166
f 4147 4148 4166
f 4166 4148 4167
f 4148 4149 4167
f 4149 4150 4167
f 4167 4150 4168
f 4150 4151 4168
f 4168 4151 4169
f 4151 4152 4169
f 4170 4171 4172
f 4173 4174 4175
f 4176 4177 4178
f 4177 15 4178
f 4179 4180 4181
f 4180 4182 4181
f 4183 4184 4185
f 4184 4186 4187
f 4188 4189 4190
f 4191 4192 4193
f 4178 15 4194
f 4195 4196 4197
f 4198 4199 4200
f 4199 4201 4202
f 4199 4198 4203
f 4197 4196 4199
f 4199 4196 4200
f 4204 4205 4206
f 4205 4207 4206
f 4207 4173 4208
f 4201 4209 4208
f 4209 4210 4208
f 4206 4211 4212
f 4212 4211 4213
f 4214 4211 4215
f 4215 4211 4210
f 4211 4208 4210
f 4203 4216 4199
f 4216 4217 4199
f 4199 4217 4201
f 4201 4217 4209
f 4204 4206 4218
f 4219 4220 4221
f 4206 4212 4218
f 4214 4213 4211
f 4222 4221 4218
f 4218 4221 4204
f 4223 4222 4224
f 4224 4225 4223
f 4226 4227 4222
f 4222 4227 4224
f 4219 4228 4229
f 4230 4219 4231
f 4219 4229 4231
f 4223 4232 4228
f 4228 4232 4233
f 4221 4223 4219
f 4219 4223 4228
f 4231 4229 4234
f 4234 4229 4235
f 4235 4236 4237
f 4237 4238 4235
f 4238 4239 4235
f 4233 4240 4228
f 4228 4240 4236
f 4240 4241 4236
f 4236 4241 4237
f 4222 4223 4221
f 4223 4225 4232
f 4242 4243 4244
f 4243 4230 4244
f 4244 4230 4245
f 4230 4231 4245
f 4245 4231 4246
f 4246 4231 4247
f 4231 4234 4247
f 4234 4235 4247
f 4247 4235 4248
f 4248 4235 4249
f 4249 4235 4250
f 4251 4190 4252
f 4253 4254 4187
f 4255 4256 4257
f 4256 4258 4257
f 4258 4259 4257
f 4260 4261 4262
f 4263 4264 4262
f 4262 4265 4260
f 4266 4193 4257
f 4257 4193 4267
f 4193 4192 4267
f 4205 4263 4262
f 4260 4266 4259
f 4259 4266 4257
f 4257 4267 4255
f 4263 4268 4264
f 4260 4265 4266
f 4265 4193 4266
f 4190 4251 4188
f 4187 4190 4269
f 4190 4193 4269
f 4269 4193 4270
f 4193 4265 4270
f 4265 4264 4270
f 4190 4187 4252
f 4252 4187 4254
f 4264 4265 4262
f 4193 4190 4191
f 4190 4189 4191
f 4271 4183 4181
f 4186 4272 4187
f 4243 4273 4264
f 4264 4273 4270
f 4273 4274 4270
f 4185 4181 4183
f 4184 4187 4185
f 4185 4269 4274
f 4269 4270 4274
f 4264 4268 4243
f 4185 4275 4181
f 4181 4182 4276
f 4277 4179 4181
f 4220 4230 4268
f 4274 4275 4185
f 4181 4276 4271
f 4272 4253 4187
f 4185 4187 4269
f 4268 4263 4220
f 4205 4204 4263
f 4263 4204 4220
f 4278 4279 4280
f 4279 4202 4280
f 4280 4202 4281
f 4202 4282 4281
f 4281 4282 4283
f 4284 4285 4286
f 4174 4173 4287
f 4173 4288 4287
f 4287 4288 4289
f 4172 4171 4288
f 4171 4289 4288
f 4175 4290 4282
f 4290 4283 4282
f 4175 4282 4173
f 4291 4292 4172
f 4172 4292 4170
f 4293 4291 4172
f 4288 4207 4172
f 4173 4207 4288
f 4294 4258 4172
f 4172 4258 4293
f 4279 4284 4202
f 4178 4194 4197
f 4197 4194 4195
f 4284 4286 4295
f 4199 4284 4197
f 4197 4284 4178
f 4284 4295 4178
f 4178 4295 4176
f 4199 4202 4284
f 4278 4285 4279
f 4285 4284 4279
f 4294 4261 4259
f 4172 4207 4294
f 4294 4207 4261
f 4173 4282 4201
f 4261 4207 4205
f 4206 4207 4211
f 4207 4208 4211
f 4208 4173 4201
f 4201 4282 4202
f 4250 4235 4296
f 4296 4235 4239
f 4213 4297 4212
f 4297 4298 4212
f 4212 4298 4218
f 4298 4226 4218
f 4226 4222 4218
f 4221 4220 4204
f 4219 4230 4220
f 4268 4230 4243
f 4242 4299 4243
f 4243 4299 4273
f 4299 4300 4273
f 4300 4301 4273
f 4273 4301 4274
f 4301 4302 4274
f 4302 4303 4274
f 4274 4303 4275
f 4303 4304 4275
f 4304 4305 4275
f 4275 4305 4181
f 4181 4305 4277
f 4305 4306 4277
f 4235 4229 4236
f 4236 4229 4228
f 4262 4261 4205
f 4261 4260 4259
f 4259 4258 4294
f 4258 4256 4293
f 4169 4307 4308
f 4169 4308 4168
f 4308 4309 4168
f 4168 4309 4167
f 4309 4310 4167
f 4167 4310 4166
f 4310 4311 4166
f 4166 4311 4165
f 4311 4312 4165
f 4165 4312 4164
f 4312 4313 4164
f 4164 4313 4163
f 4313 4314 4163
f 4163 4314 4162
f 4162 4314 4161
f 4314 4315 4161
f 4161 4315 4160
f 4315 4316 4160
f 4160 4316 4159
f 4159 4316 4158
f 4158 4316 4157
f 4316 4317 4157
f 4157 4317 4156
f 4317 4318 4156
f 4156 4318 4155
f 4318 4319 4155
f 4155 4319 4154
f 4154 4319 4153
f 4319 4320 4153
f 4321 4250 4320
f 4320 4250 4296
f 4322 4247 4323
f 4323 4247 4324
f 4247 4248 4324
f 4324 4248 4321
f 4248 4249 4321
f 4321 4249 4250
f 4325 4246 4322
f 4322 4246 4247
f 4326 4244 4327
f 4327 4244 4325
f 4244 4245 4325
f 4325 4245 4246
f 4326 4242 4244
f 4328 4299 4329
f 4329 4299 4326
f 4299 4242 4326
f 4302 4301 4330
f 4330 4301 4328
f 4301 4300 4328
f 4328 4300 4299
f 4302 4330 4303
f 4330 4331 4303
f 4331 4332 4303
f 4303 4332 4304
f 4332 4333 4304
f 4304 4333 4305
f 4333 4334 4305
f 4305 4334 4306
f 4307 4335 4336
f 4307 4336 4308
f 4336 4335 4337
f 4337 4335 4338
f 4336 4309 4308
f 4339 4336 4337
f 4337 4338 4340
f 4340 4338 4341
f 4339 4310 4309
f 4342 4339 4343
f 4343 4339 4340
f 4339 4337 4340
f 4340 4341 4344
f 4343 4340 4345
f 4340 4344 4345
f 4345 4344 4346
f 4342 4311 4310
f 4345 4346 4347
f 4342 4312 4311
f 4342 4343 4348
f 4348 4343 4345
f 4345 4347 4349
f 4350 4342 4348
f 4348 4345 4351
f 4345 4349 4351
f 4351 4349 4352
f 4353 4313 4312
f 4354 4350 4355
f 4350 4348 4355
f 4348 4351 4355
f 4351 4352 4356
f 4353 4314 4313
f 4351 4356 4357
f 4351 4357 4358
f 4358 4357 4359
f 4353 4315 4314
f 4358 4359 4360
f 4353 4316 4315
f 4354 4355 4361
f 4355 4351 4358
f 4358 4360 4362
f 4363 4354 4361
f 4361 4355 4364
f 4358 4362 4365
f 4366 4317 4316
f 4354 4363 4323
f 4361 4364 4367
f 4364 4355 4331
f 4358 4365 4368
f 4364 4331 4367
f 4355 4358 4331
f 4358 4368 4369
f 4320 4319 4370
f 4319 4318 4370
f 4317 4366 4318
f 4366 4370 4318
f 4316 4353 4366
f 4353 4370 4366
f 4312 4342 4353
f 4342 4371 4353
f 4353 4323 4370
f 4371 4323 4353
f 4310 4339 4342
f 4342 4350 4371
f 4371 4354 4323
f 4309 4336 4339
f 4350 4354 4371
f 4358 4369 4372
f 4320 4370 4321
f 4321 4370 4324
f 4324 4370 4323
f 4323 4363 4322
f 4322 4363 4325
f 4363 4361 4325
f 4325 4361 4327
f 4361 4367 4327
f 4327 4367 4326
f 4326 4367 4329
f 4329 4367 4328
f 4367 4331 4328
f 4328 4331 4330
f 4331 4358 4332
f 4332 4358 4333
f 4358 4372 4333
f 4333 4372 4334
f 4373 4374 4375
f 4376 4377 4378
f 4379 4380 4381
f 4382 4383 4384
f 4385 4386 4387
f 4388 4389 4390
f 4374 4373 4391
f 4392 4393 4394
f 4395 12 4396
f 4396 4397 4395
f 4397 4398 4395
f 4398 4399 4395
f 4395 4399 4400
f 4401 4378 4379
f 4401 4402 4403
f 4404 4405 4394
f 4394 4405 4392
f 4393 4391 4394
f 4403 4406 4401
f 4406 4407 4401
f 4401 4407 4404
f 4407 4408 4404
f 4404 4408 4405
f 4399 4409 4400
f 4409 4410 4400
f 4400 4410 4379
f 4410 4411 4379
f 4379 4411 4401
f 4411 4412 4401
f 4401 4412 4402
f 4413 4414 4415
f 4416 4417 4418
f 4419 4420 4414
f 4420 4415 4414
f 4416 4418 4421
f 4422 4419 4414
f 4423 4424 4425
f 4424 4426 4425
f 4427 4428 4429
f 4428 4430 4429
f 4429 4430 4425
f 4430 4423 4425
f 4431 4421 4432
f 4432 4422 4425
f 4433 4421 4431
f 4373 4414 4394
f 4394 4414 4413
f 4434 4435 4432
f 4434 4436 4435
f 4437 4433 4438
f 4439 4440 4431
f 4440 4441 4431
f 4431 4441 4433
f 4441 4438 4433
f 4436 4442 4435
f 4442 4443 4435
f 4435 4443 4431
f 4443 4444 4431
f 4431 4444 4439
f 4426 4445 4425
f 4445 4446 4425
f 4425 4446 4432
f 4446 4447 4432
f 4432 4447 4434
f 4416 4421 4448
f 4449 4450 4451
f 4451 4452 4449
f 4387 4453 4454
f 4455 4454 4453
f 4456 4455 4453
f 4456 4457 4455
f 4384 4458 4456
f 4458 4459 4456
f 4456 4459 4457
f 4460 4461 4384
f 4461 4458 4384
f 4383 4460 4384
f 4453 4387 4390
f 4453 4390 4420
f 4382 4384 4418
f 4418 4384 4462
f 4462 4453 4419
f 4419 4453 4420
f 4384 4456 4462
f 4462 4456 4453
f 4463 4464 4395
f 4395 4464 12
f 4379 4381 4400
f 4381 4465 4400
f 4400 4465 4395
f 4465 4463 4395
f 4466 4467 4378
f 4378 4467 4379
f 4467 4468 4379
f 4379 4468 4380
f 4450 4469 4451
f 4451 4469 4470
f 4469 4471 4470
f 4471 4472 4470
f 4470 4472 4378
f 4472 4376 4378
f 4389 4452 4390
f 4452 4451 4390
f 4377 4466 4378
f 4387 4386 4388
f 4431 4432 4435
f 4425 4422 4429
f 4473 4385 4387
f 4415 4470 4413
f 4401 4404 4413
f 4413 4404 4394
f 4394 4391 4373
f 4388 4390 4387
f 4390 4451 4420
f 4420 4451 4415
f 4451 4470 4415
f 4373 4429 4414
f 4429 4422 4414
f 4421 4433 4448
f 4448 4433 4474
f 4433 4437 4474
f 4474 4437 4475
f 4470 4378 4413
f 4378 4401 4413
f 4375 4476 4373
f 4373 4476 4429
f 4476 4427 4429
f 4417 4382 4418
f 4418 4462 4421
f 4421 4462 4432
f 4432 4462 4422
f 4462 4419 4422
f 4387 4454 4473
f 4477 4334 4478
f 4334 4372 4478
f 4478 4372 4479
f 4372 4369 4479
f 4479 4369 4480
f 4369 4368 4480
f 4480 4368 4481
f 4368 4365 4481
f 4481 4365 4482
f 4365 4362 4482
f 4482 4362 4483
f 4362 4360 4483
f 4483 4360 4484
f 4360 4359 4484
f 4484 4359 4485
f 4359 4357 4485
f 4485 4357 4486
f 4357 4356 4486
f 4486 4356 4487
f 4356 4352 4487
f 4487 4352 4488
f 4352 4349 4488
f 4488 4349 4489
f 4349 4347 4489
f 4489 4347 4490
f 4347 4346 4490
f 4490 4346 4491
f 4346 4344 4491
f 4491 4344 4492
f 4344 4341 4492
f 4492 4341 4493
f 4341 4338 4493
f 4493 4338 4494
f 4338 4335 4494
f 4494 4335 4495
f 4335 4307 4495
f 4448 4474 4496
f 4496 4474 4477
f 4477 4474 4475
f 4496 4497 4448
f 4448 4497 4416
f 4497 4498 4416
f 4498 4499 4416
f 4416 4499 4417
f 4500 4382 4499
f 4499 4382 4417
f 4382 4500 4383
f 4500 4501 4383
f 4501 4502 4383
f 4383 4502 4460
f 4502 4503 4460
f 4460 4503 4461
f 4503 4502 4504
f 4503 4504 4505
f 4505 4504 4506
f 4506 4504 4507
f 4507 4504 4508
f 4508 4504 4509
f 4509 4504 4510
f 4504 4511 4510
f 4510 4511 4512
f 4512 4511 4513
f 4513 4511 4514
f 4514 4511 4515
f 4504 4502 4501
f 4516 4517 4515
f 4504 4501 4500
f 4516 4518 4517
f 4511 4504 4519
f 4504 4500 4520
f 4521 4522 4518
f 4516 4511 4523
f 4511 4519 4523
f 4519 4504 4520
f 4520 4500 4524
f 4524 4500 4499
f 4521 4525 4522
f 4519 4520 4524
f 4524 4499 4498
f 4521 4526 4525
f 4521 4527 4526
f 4519 4524 4528
f 4524 4498 4497
f 4495 4529 4530
f 4529 4527 4530
f 4527 4521 4530
f 4518 4516 4521
f 4523 4519 4528
f 4524 4497 4496
f 4495 4530 4494
f 4530 4521 4494
f 4494 4521 4493
f 4493 4521 4492
f 4492 4521 4491
f 4491 4521 4490
f 4521 4516 4490
f 4490 4516 4489
f 4516 4523 4489
f 4489 4523 4488
f 4488 4523 4487
f 4487 4523 4486
f 4486 4523 4485
f 4485 4523 4484
f 4484 4523 4483
f 4523 4528 4483
f 4483 4528 4482
f 4482 4528 4481
f 4528 4524 4481
f 4481 4524 4480
f 4480 4524 4479
f 4479 4524 4478
f 4524 4496 4478
f 4478 4496 4477
f 4515 4511 4516
f 4531 4532 4507
f 4533 4503 4534
f 4503 4505 4534
f 4505 4506 4534
f 4534 4506 4535
f 4507 4532 4506
f 4506 4532 4535
f 4507 4508 4531
f 4531 4508 4536
f 4508 4509 4536
f 4509 4510 4536
f 4536 4510 4537
f 4538 4539 4514
f 4539 4540 4514
f 4514 4540 4513
f 4513 4540 4512
f 4540 4541 4512
f 4512 4541 4510
f 4510 4541 4537
f 4538 4514 4542
f 4514 4515 4542
f 4542 4515 4543
f 4515 4517 4543
f 4517 4518 4543
f 4543 4518 4544
f 4544 4518 4545
f 4518 4522 4545
f 4545 4522 4546
f 4522 4525 4546
f 4546 4525 4547
f 4525 4526 4547
f 4547 4526 4548
f 4526 4527 4548
f 4548 4527 4549
f 4527 4529 4549
f 4549 4529 4550
f 4529 4495 4550
f 4550 4495 4551
f 4552 4553 4554
f 4555 4536 4537
f 4552 4556 4557
f 4558 4559 4560
f 4561 4562 4563
f 4564 4565 4561
f 4566 4538 4542
f 4566 4539 4538
f 4567 4533 4534
f 4568 4569 4567
f 4570 4569 4568
f 4545 4546 4571
f 4544 4545 4571
f 4550 4572 4549
f 4549 4572 4548
f 4562 4561 4573
f 4561 4572 4573
f 4573 4572 4574
f 4574 4572 4575
f 4572 4550 4575
f 4575 4550 4551
f 4576 4577 4571
f 4577 4566 4571
f 4571 4566 4543
f 4566 4542 4543
f 4576 4578 4577
f 4571 4543 4544
f 4579 4580 4564
f 4581 4582 4564
f 4582 4565 4564
f 4561 4565 4576
f 4576 4565 4583
f 4584 4585 4586
f 4586 4585 4587
f 4582 4588 4565
f 4588 4589 4565
f 4589 4584 4565
f 4565 4584 4586
f 4547 4548 4561
f 4548 4572 4561
f 4561 4563 4564
f 4564 4563 4579
f 4576 4571 4561
f 4571 4546 4561
f 4546 4547 4561
f 4590 4591 4592
f 4593 4594 4558
f 4558 4594 4595
f 4586 4593 4558
f 4558 4595 4559
f 4596 4552 4597
f 4596 4558 4552
f 4598 4553 4552
f 4599 4600 4601
f 4602 4586 4558
f 4558 4560 4552
f 4552 4560 4556
f 4600 4590 4601
f 4603 4570 4568
f 4583 4602 4568
f 4570 4603 4604
f 4604 4603 4597
f 4603 4602 4597
f 4602 4596 4597
f 4605 4570 4606
f 4570 4607 4606
f 4601 4590 4604
f 4590 4592 4604
f 4599 4601 4597
f 4601 4604 4597
f 4567 4534 4577
f 4534 4535 4577
f 4535 4532 4577
f 4532 4531 4577
f 4577 4531 4555
f 4555 4531 4536
f 4539 4555 4540
f 4540 4555 4541
f 4568 4577 4578
f 4555 4537 4541
f 4539 4566 4555
f 4570 4592 4607
f 4592 4608 4607
f 4607 4608 4606
f 4567 4577 4568
f 4597 4552 4599
f 4552 4554 4599
f 4580 4581 4564
f 4583 4565 4586
f 4586 4587 4593
f 4593 4587 4594
f 4592 4591 4608
f 4604 4592 4570
f 4603 4568 4602
f 4586 4602 4583
f 4576 4583 4578
f 4566 4577 4555
f 4578 4583 4568
f 4602 4558 4596
f 4552 4557 4598
f 4599 4554 4609
f 4610 4605 4611
f 4612 4613 4614
f 4613 4615 4614
f 4615 86 4614
f 4616 4617 4618
f 4617 4619 4618
f 4619 4620 4618
f 4613 4612 4616
f 4612 4617 4616
f 4621 4622 4623
f 4622 4621 4624
f 4624 4621 4625
f 4623 4611 4606
f 4626 4618 4621
f 4623 4622 4611
f 4624 4627 4622
f 4627 4628 4622
f 4622 4628 4611
f 4611 4628 4610
f 4606 4608 4629
f 4608 4591 4629
f 4630 4631 4632
f 4633 4634 4632
f 4634 4635 4632
f 4632 4636 4630
f 4636 4632 4637
f 4632 4638 4637
f 4637 4638 4639
f 4639 4638 4640
f 4640 4638 4641
f 4638 4599 4641
f 4641 4599 4609
f 4632 4642 4638
f 4638 4600 4599
f 4642 4600 4638
f 4632 4635 4642
f 4642 4590 4600
f 4591 4635 4629
f 4626 4621 4634
f 4621 4629 4634
f 4629 4635 4634
f 4591 4642 4635
f 4615 4643 4644
f 4643 4615 4645
f 4615 4613 4645
f 4646 4647 4648
f 4647 4649 4648
f 4648 4649 4650
f 4648 4633 4646
f 4646 4633 4651
f 4633 4652 4651
f 4645 4613 4653
f 4613 4616 4653
f 4653 4616 4654
f 4654 4616 4650
f 4616 4648 4650
f 4626 4634 4633
f 4633 4632 4655
f 4632 4631 4655
f 4655 4652 4633
f 4633 4648 4626
f 4626 4648 4616
f 4644 86 4615
f 4611 4605 4606
f 4618 4620 4625
f 4616 4618 4626
f 4618 4625 4621
f 4591 4590 4642
f 4606 4629 4623
f 4623 4629 4621
f 4656 4657 4658
f 4659 4660 4661
f 4662 4663 4664
f 4663 96 4664
f 4665 4666 4667
f 4666 4668 4667
f 4669 4670 4671
f 4670 4672 4673
f 4674 4675 4676
f 4677 4678 4679
f 4664 96 4680
f 4681 4682 4683
f 4684 4683 4682
f 4683 4685 4686
f 4683 4684 4687
f 4688 4689 4690
f 4685 4691 4690
f 4692 4693 4694
f 4694 4693 4688
f 4694 4688 4690
f 4695 4692 4694
f 4696 4697 4691
f 4698 4699 4691
f 4691 4699 4696
f 4700 4701 4702
f 4703 4695 4704
f 4696 4705 4697
f 4705 4706 4697
f 4697 4706 4702
f 4706 4700 4702
f 4694 4690 4691
f 4687 4707 4683
f 4707 4708 4683
f 4683 4708 4685
f 4685 4708 4691
f 4708 4698 4691
f 4695 4694 4702
f 4703 4709 4710
f 4711 4710 4712
f 4711 4712 4713
f 4703 4710 4711
f 4714 4715 4716
f 4717 4716 4718
f 4719 4715 4720
f 4720 4715 4721
f 4713 4722 4715
f 4722 4721 4715
f 4703 4711 4714
f 4714 4711 4715
f 4718 4716 4719
f 4723 4724 4725
f 4726 4723 4727
f 4723 4725 4727
f 4719 4720 4724
f 4720 4728 4724
f 4724 4728 4725
f 4711 4713 4715
f 4729 4730 4731
f 4730 4717 4731
f 4731 4717 4732
f 4732 4717 4733
f 4717 4718 4733
f 4733 4718 4734
f 4718 4719 4734
f 4734 4719 4735
f 4719 4723 4735
f 4735 4723 4736
f 4736 4723 4737
f 4738 4676 4739
f 4740 4741 4673
f 4742 4743 4744
f 4743 4745 4744
f 4744 4746 4747
f 4747 4746 4748
f 4714 4749 4750
f 4750 4749 4748
f 4747 4751 4744
f 4751 4679 4744
f 4744 4679 4742
f 4679 4678 4742
f 4752 4753 4751
f 4676 4738 4674
f 4673 4676 4753
f 4751 4749 4754
f 4749 4751 4748
f 4676 4673 4739
f 4739 4673 4755
f 4673 4741 4755
f 4748 4751 4747
f 4751 4753 4679
f 4753 4676 4679
f 4679 4676 4677
f 4676 4675 4677
f 4756 4757 4671
f 4757 4669 4671
f 4672 4740 4673
f 4673 4752 4758
f 4752 4751 4754
f 4749 4759 4754
f 4754 4760 4752
f 4760 4758 4752
f 4670 4673 4671
f 4671 4673 4758
f 4714 4750 4692
f 4761 4762 4671
f 4671 4762 4667
f 4667 4668 4763
f 4730 4759 4717
f 4759 4714 4716
f 4714 4759 4749
f 4759 4730 4754
f 4730 4760 4754
f 4760 4761 4758
f 4758 4761 4671
f 4671 4667 4756
f 4667 4763 4756
f 4673 4753 4752
f 4692 4703 4714
f 4764 4765 4766
f 4765 4686 4766
f 4766 4686 4767
f 4686 4768 4767
f 4767 4768 4769
f 4770 4771 4772
f 4660 4659 4773
f 4658 4657 4659
f 4657 4773 4659
f 4661 4774 4775
f 4775 4774 4768
f 4774 4776 4768
f 4768 4776 4769
f 4661 4775 4659
f 4777 4778 4658
f 4658 4778 4656
f 4779 4777 4745
f 4659 4780 4658
f 4780 4745 4658
f 4658 4745 4777
f 4686 4685 4768
f 4685 4775 4768
f 4775 4780 4659
f 4765 4770 4686
f 4664 4680 4681
f 4770 4772 4781
f 4681 4683 4664
f 4683 4770 4664
f 4770 4781 4664
f 4664 4781 4662
f 4683 4686 4770
f 4764 4771 4765
f 4771 4770 4765
f 4775 4685 4689
f 4780 4775 4688
f 4775 4689 4688
f 4745 4780 4688
f 4745 4688 4744
f 4744 4688 4746
f 4688 4693 4746
f 4689 4685 4690
f 4704 4695 4702
f 4702 4694 4697
f 4694 4691 4697
f 4737 4723 4782
f 4782 4723 4726
f 4701 4783 4702
f 4702 4783 4704
f 4783 4709 4704
f 4709 4703 4704
f 4716 4717 4759
f 4729 4784 4730
f 4730 4784 4760
f 4784 4785 4760
f 4785 4786 4760
f 4760 4786 4761
f 4786 4787 4761
f 4787 4788 4761
f 4761 4788 4762
f 4788 4789 4762
f 4789 4790 4762
f 4762 4790 4667
f 4667 4790 4665
f 4790 4791 4665
f 4723 4719 4724
f 4719 4716 4715
f 4703 4692 4695
f 4692 4750 4693
f 4750 4748 4693
f 4693 4748 4746
f 4745 4743 4779
f 4792 4793 4791
f 4791 4790 4792
f 4792 4790 4794
f 4790 4789 4794
f 4794 4789 4795
f 4789 4788 4795
f 4795 4788 4796
f 4788 4787 4796
f 4787 4786 4796
f 4796 4786 4797
f 4786 4798 4797
f 4786 4785 4798
f 4798 4785 4799
f 4799 4785 4800
f 4785 4784 4800
f 4784 4729 4800
f 4800 4729 4801
f 4729 4802 4801
f 4803 4804 4732
f 4732 4804 4731
f 4804 4802 4731
f 4802 4729 4731
f 4805 4806 4733
f 4733 4806 4732
f 4732 4806 4803
f 4733 4807 4805
f 4736 4808 4735
f 4733 4734 4807
f 4807 4734 4809
f 4734 4735 4809
f 4809 4735 4810
f 4810 4735 4808
f 4808 4736 4811
f 4811 4736 4737
f 4811 4737 4812
f 4812 4737 4782
f 4811 4812 4813
f 4808 4811 4814
f 4809 4810 4815
f 4805 4807 4816
f 4806 4805 4817
f 4804 4803 4818
f 4819 4793 4792
f 4819 4792 4820
f 4792 4794 4820
f 4820 4794 4821
f 4794 4795 4821
f 4821 4795 4822
f 4795 4796 4822
f 4822 4796 4823
f 4796 4797 4823
f 4823 4797 4824
f 4797 4798 4824
f 4824 4798 4825
f 4798 4799 4825
f 4825 4799 4826
f 4799 4800 4826
f 4826 4800 4827
f 4800 4801 4827
f 4827 4801 4828
f 4804 4818 4802
f 4818 4829 4802
f 4802 4829 4801
f 4829 4828 4801
f 4806 4830 4803
f 4830 4831 4803
f 4803 4831 4818
f 4817 4830 4806
f 4805 4816 4817
f 4809 4815 4807
f 4815 4832 4807
f 4807 4832 4816
f 4808 4833 4810
f 4833 4834 4810
f 4810 4834 4815
f 4814 4833 4808
f 4811 4813 4814
f 4835 4836 4837
f 4837 4836 4838
f 4836 4839 4838
f 4838 4839 4840
f 4839 4841 4840
f 4840 4841 4842
f 4841 4843 4842
f 4842 4843 4844
f 4843 4845 4844
f 4845 4846 4844
f 4846 4847 4844
f 4844 4847 4848
f 4847 4849 4848
f 4848 4849 4850
f 4850 4849 4851
f 4849 4852 4851
f 4852 4853 4851
f 4851 4853 4854
f 4853 4855 4854
f 4854 4855 4856
f 4856 4855 4857
f 4855 4858 4857
f 4858 4859 4857
f 4857 4859 4860
f 4859 4861 4860
f 4860 4861 4862
f 4862 4861 4863
f 4861 4864 4863
f 4864 4865 4863
f 4863 4865 4866
f 4866 4865 4867
f 4868 4869 4870
f 4868 4870 4871
f 4871 4870 4872
f 4870 4873 4872
f 4870 4869 4874
f 4875 4876 4873
f 4875 4870 4877
f 4877 4870 4878
f 4870 4874 4878
f 4878 4874 4879
f 4875 4880 4876
f 4878 4879 4877
f 4875 4881 4880
f 4882 4875 4877
f 4877 4879 4883
f 4875 4884 4881
f 4882 4877 4885
f 4877 4883 4886
f 4875 4887 4884
f 4885 4877 4888
f 4877 4886 4888
f 4889 4890 4887
f 4889 4891 4890
f 4885 4888 4882
f 4889 4892 4891
f 4889 4893 4892
f 4889 4894 4893
f 4882 4888 4895
f 4888 4896 4895
f 4895 4896 4897
f 4889 4898 4894
f 4895 4897 4899
f 4900 4901 4898
f 4902 4882 4903
f 4882 4895 4903
f 4895 4899 4904
f 4904 4899 4905
f 4900 4906 4901
f 4866 4907 4908
f 4907 4906 4908
f 4906 4900 4908
f 4898 4889 4900
f 4887 4875 4889
f 4875 4909 4889
f 4900 4910 4908
f 4875 4882 4909
f 4882 4902 4909
f 4902 4889 4909
f 4889 4911 4900
f 4873 4870 4875
f 4911 4910 4900
f 4904 4905 4912
f 4866 4908 4863
f 4908 4910 4863
f 4863 4910 4862
f 4862 4910 4860
f 4910 4902 4860
f 4860 4902 4857
f 4902 4903 4857
f 4857 4903 4856
f 4856 4903 4854
f 4854 4903 4851
f 4851 4903 4850
f 4903 4895 4850
f 4850 4895 4848
f 4848 4895 4844
f 4895 4904 4844
f 4844 4904 4842
f 4842 4904 4840
f 4840 4904 4838
f 4838 4904 4837
f 4904 4912 4837
f 4889 4902 4911
f 4911 4902 4910
f 4913 4914 4915
f 4916 4917 4918
f 4917 11 4918
f 4919 4920 4921
f 4922 4923 4924
f 4925 4926 4927
f 4918 11 4928
f 4929 4930 4931
f 4930 4932 4931
f 4932 4933 4931
f 4934 4935 4936
f 4934 4936 4937
f 4937 4936 4938
f 4937 4938 4939
f 4940 4934 4937
f 4937 4939 4941
f 4942 4943 4941
f 4944 4942 4941
f 4943 4945 4946
f 4946 4945 4947
f 4948 4949 4945
f 4945 4949 4947
f 4950 4943 4942
f 4946 4940 4937
f 4929 4951 4930
f 4930 4951 4941
f 4951 4952 4941
f 4941 4952 4944
f 4940 4946 4953
f 4950 4948 4943
f 4948 4945 4943
f 4954 4955 4956
f 4955 4957 4956
f 4958 4954 4956
f 4959 4960 4961
f 4960 4956 4962
f 4961 4960 4963
f 4960 4962 4963
f 4956 4964 4962
f 4965 4964 4966
f 4956 4967 4964
f 4964 4967 4966
f 4953 4956 4960
f 4968 4962 4969
f 4969 4970 4968
f 4965 4971 4964
f 4964 4971 4962
f 4971 4969 4962
f 4956 4957 4967
f 4972 4961 4973
f 4973 4961 4974
f 4974 4961 4975
f 4961 4963 4975
f 4975 4963 4976
f 4976 4963 4977
f 4963 4962 4977
f 4977 4962 4978
f 4962 4968 4978
f 4978 4968 4979
f 4979 4968 4980
f 4981 4924 4982
f 4983 4984 4985
f 4926 4986 4927
f 4986 4987 4927
f 4927 4987 4988
f 4989 4935 4990
f 4935 4934 4990
f 4927 4924 4925
f 4924 4991 4925
f 4990 4992 4989
f 4989 4992 4988
f 4992 4993 4988
f 4988 4993 4927
f 4994 4995 4992
f 4993 4996 4924
f 4924 4981 4922
f 4995 4993 4992
f 4996 4984 4924
f 4924 4984 4982
f 4982 4984 4983
f 4993 4924 4927
f 4924 4923 4991
f 4920 4997 4921
f 4997 4998 4921
f 4999 5000 5001
f 5002 5003 5004
f 4998 4985 4921
f 4996 4993 5005
f 4993 4995 5005
f 5005 4995 5006
f 4940 4994 4990
f 4960 4959 4994
f 4994 4959 5006
f 4959 4972 5006
f 5006 4972 5005
f 5005 5007 4996
f 4921 5001 4919
f 5001 5000 4919
f 4921 4984 5007
f 4984 4996 5007
f 4972 5008 5005
f 5008 5009 5005
f 5005 5009 5007
f 5010 5003 5001
f 5001 5003 5011
f 5003 5012 5011
f 4959 4961 4972
f 5003 5002 5012
f 5007 5010 4921
f 4921 5010 5001
f 5001 5011 4999
f 4985 4984 4921
f 4995 4994 5006
f 4992 4990 4994
f 4934 4940 4990
f 4940 4953 4994
f 4994 4953 4960
f 5013 5014 5015
f 5014 4930 5015
f 5015 4930 5016
f 4930 5017 5016
f 5016 5017 5018
f 4914 4913 5019
f 4938 5020 4913
f 5020 5019 4913
f 4915 5021 5017
f 5021 5018 5017
f 4915 5017 4913
f 5022 5023 4938
f 4938 5023 5020
f 4986 5022 4987
f 5017 4939 4913
f 4938 4987 5022
f 4930 4939 5017
f 4939 4938 4913
f 4918 4928 4933
f 5014 5024 5025
f 4933 4932 4918
f 4932 5014 4918
f 5014 5025 4918
f 4918 5025 4916
f 4932 4930 5014
f 5013 5024 5014
f 4987 4938 4936
f 4987 4936 4989
f 4989 4936 4935
f 4939 4930 4941
f 4946 4937 4943
f 4937 4941 4943
f 4980 4968 5026
f 5026 4968 4970
f 4947 5027 4946
f 5027 5028 4946
f 4946 5028 4953
f 5028 4958 4953
f 4958 4956 4953
f 4973 5029 4972
f 4972 5029 5008
f 5029 5030 5008
f 5030 5031 5008
f 5008 5031 5009
f 5031 5032 5009
f 5032 5033 5009
f 5009 5033 5007
f 5033 5034 5007
f 5007 5034 5010
f 5034 5035 5010
f 5035 5036 5010
f 5010 5036 5003
f 5036 5037 5003
f 5003 5037 5004
f 5037 5038 5004
f 4988 4987 4989
f 4912 4980 4837
f 4837 4980 5026
f 4899 4978 4905
f 4978 4979 4905
f 4905 4979 4912
f 4912 4979 4980
f 4897 4977 4899
f 4899 4977 4978
f 4896 4975 4897
f 4975 4976 4897
f 4897 4976 4977
f 5039 4974 4888
f 4888 4974 4896
f 4974 4975 4896
f 5039 4973 4974
f 4886 5029 4888
f 4888 5029 5039
f 5029 4973 5039
f 5033 5032 4883
f 5032 5031 4883
f 4883 5031 4886
f 5031 5030 4886
f 4886 5030 5029
f 4883 4879 5033
f 5033 4879 5034
f 4879 4874 5034
f 5034 4874 5035
f 4874 4869 5035
f 5035 4869 5036
f 5036 4869 5037
f 4869 4868 5037
f 5037 4868 5038
f 5040 1823 1858
f 1867 1869 5041
f 1869 158 5041
f 1826 1828 5042
f 1828 1830 5042
f 1834 1832 5043
f 1832 1831 5044
f 1842 1846 5045
f 1846 1844 5045
f 5046 1992 1996
f 5047 1983 1984
f 1980 1983 5048
f 5041 158 1949
f 1948 1951 5049
f 1958 5050 1953
f 5050 1958 1957
f 5049 1951 5050
f 5050 1951 1953
f 5051 5052 5053
f 1966 5054 5055
f 5056 1964 5055
f 1964 1970 5055
f 1970 1967 5055
f 5055 1967 1966
f 1979 5057 1975
f 5057 1977 1975
f 5054 1977 5057
f 1966 1972 5054
f 5054 1972 1977
f 1957 1961 5050
f 5050 1961 5056
f 1961 1965 5056
f 5056 1965 1964
f 5058 5059 5060
f 5051 5057 5061
f 5061 5057 5058
f 5058 5057 5047
f 5058 5047 5059
f 5048 5047 5057
f 5048 1983 5047
f 5046 1986 1989
f 5046 1991 1992
f 5047 5046 5059
f 5046 1989 1991
f 5047 1984 5046
f 1984 1986 5046
f 5059 5062 5063
f 5060 5059 5064
f 5059 5063 5064
f 1996 5062 5046
f 2000 5062 1998
f 1996 1995 5062
f 1995 1998 5062
f 5059 5046 5062
f 2003 2006 5065
f 5062 2000 5065
f 2000 2003 5065
f 5066 5067 5068
f 5068 5067 5069
f 5069 5067 5070
f 5067 5064 5070
f 5070 5064 5071
f 5064 5063 5071
f 5071 5063 5072
f 5063 5065 5072
f 5072 5065 5073
f 5073 5065 5074
f 1842 5045 1841
f 1837 1836 5044
f 1851 1850 5075
f 1850 5076 5075
f 5077 5078 5079
f 5079 5078 5080
f 5075 1844 1851
f 5061 5081 5077
f 5077 5079 5076
f 5079 5080 5076
f 5076 5080 5075
f 5080 5082 5045
f 5082 5080 5083
f 5083 5080 5084
f 5081 5084 5078
f 5078 5084 5080
f 5045 5044 1841
f 1841 5044 1836
f 5081 5078 5077
f 5080 5045 5075
f 5075 5045 1844
f 1835 1834 5043
f 1831 1837 5044
f 5083 5084 5066
f 5060 5067 5081
f 5066 5085 5083
f 1832 5044 5043
f 5044 5082 5085
f 5082 5083 5085
f 5084 5081 5067
f 5060 5081 5058
f 5066 5086 5085
f 5085 5087 5044
f 5044 5087 5042
f 5043 5042 1830
f 5067 5066 5084
f 5086 5087 5085
f 5044 5042 5043
f 5043 1830 1835
f 5044 5045 5082
f 5081 5061 5058
f 1865 5049 1862
f 5049 5050 1862
f 1862 5050 1863
f 5050 5088 1863
f 1863 5088 1860
f 1823 5040 1824
f 5052 1857 5040
f 1857 1824 5040
f 1858 1861 5088
f 1861 1860 5088
f 1858 5088 5040
f 1853 1852 5052
f 5052 1852 1857
f 1855 1853 5089
f 5088 5053 5040
f 5052 5089 1853
f 5053 5052 5040
f 5089 5076 1855
f 5041 1949 1948
f 5049 1821 1820
f 1948 5049 5041
f 5049 1820 5041
f 5041 1820 1867
f 1865 1821 5049
f 5051 5089 5052
f 5053 5088 5056
f 5057 5051 5054
f 5051 5053 5054
f 5054 5053 5055
f 5053 5056 5055
f 5056 5088 5050
f 5074 5065 485
f 485 5065 2006
f 5057 1979 5048
f 5048 1979 1980
f 5060 5064 5067
f 5068 5090 5066
f 5066 5090 5086
f 5090 5091 5086
f 5091 5092 5086
f 5086 5092 5087
f 5092 5093 5087
f 5093 5094 5087
f 5087 5094 5042
f 5094 5095 5042
f 5095 5096 5042
f 5096 476 5042
f 5042 476 1826
f 5065 5063 5062
f 5061 5077 5051
f 5051 5077 5089
f 5077 5076 5089
f 5076 1850 1855
f 2144 2148 5097
f 5097 2150 2151
f 2167 2171 5098
f 2171 429 5098
f 2111 2110 5099
f 2116 2121 5100
f 5098 429 2013
f 2015 2014 5101
f 2016 5101 2014
f 5101 5102 5103
f 5104 5105 5106
f 5105 5104 5107
f 5105 5107 5108
f 2019 5109 5110
f 5102 2018 5110
f 2018 2021 5110
f 2021 2020 5110
f 5110 2020 2019
f 5111 5106 5105
f 2022 2026 5111
f 2022 5111 2023
f 5111 5109 2023
f 2023 5109 2024
f 5109 2019 2024
f 5111 5112 5106
f 2016 2017 5101
f 5101 2017 5102
f 5102 2017 2018
f 5113 5106 5112
f 5114 5113 5112
f 5115 5114 2028
f 5115 2028 2029
f 2012 2011 5114
f 5114 2011 2028
f 5116 5117 5118
f 5116 5118 5119
f 2030 2010 5117
f 5117 2010 2009
f 5113 5115 5120
f 5120 5115 5116
f 5116 5115 5117
f 5121 5119 5122
f 5119 5118 5122
f 5118 5123 5122
f 5124 5119 5121
f 5123 5117 2031
f 2031 2032 5123
f 2009 2031 5117
f 5113 5114 5115
f 5115 2029 5117
f 5117 2029 2030
f 5125 5126 5127
f 5126 5124 5127
f 5127 5124 5128
f 5128 5124 5129
f 5124 5121 5129
f 5129 5121 5130
f 5130 5121 5131
f 5131 5121 5132
f 5121 5122 5132
f 5132 5122 5133
f 5133 5122 5134
f 5122 5123 5134
f 5134 5123 5135
f 5135 5123 5136
f 2126 5137 2127
f 2122 5138 2123
f 2135 2137 5139
f 2137 5140 5139
f 5139 5140 5141
f 5140 5142 5141
f 5142 5143 5141
f 5143 5104 5144
f 5145 5146 5144
f 5144 5147 5143
f 5143 5147 5148
f 5139 5137 2135
f 5137 2131 2135
f 5143 5148 5141
f 5148 5139 5141
f 5137 2126 2133
f 5149 5148 5150
f 5150 5148 5151
f 5148 5147 5151
f 5146 5152 5147
f 5148 5149 5137
f 5137 5149 2127
f 5149 5138 2127
f 2127 5138 2122
f 5146 5147 5144
f 5148 5137 5139
f 5137 2133 2131
f 2121 2120 5138
f 2117 2116 5100
f 2120 2123 5138
f 5151 5147 5152
f 5153 5126 5152
f 5126 5151 5152
f 5151 5154 5150
f 2121 5138 5100
f 5138 5149 5100
f 5100 5149 5150
f 5153 5145 5120
f 5120 5145 5113
f 5126 5155 5151
f 5155 5154 5151
f 5100 5099 2113
f 5099 2110 2113
f 5126 5153 5124
f 5120 5116 5156
f 5156 5124 5153
f 5154 5157 5150
f 5157 5099 5100
f 5120 5156 5153
f 5150 5157 5100
f 5100 2113 2117
f 5152 5146 5153
f 5153 5146 5145
f 5106 5113 5145
f 2158 5103 2156
f 5103 5158 2156
f 2156 5158 2154
f 5159 2160 2162
f 2150 5097 2147
f 2148 2147 5097
f 2151 2155 5158
f 2155 2154 5158
f 2151 5158 5097
f 5097 2142 2144
f 2139 2140 5140
f 5158 5108 5097
f 2142 5140 2140
f 5103 5102 5158
f 2142 5142 5140
f 5098 2013 2015
f 5159 2162 2166
f 2015 5101 5098
f 5101 5159 5098
f 5159 2166 5098
f 5098 2166 2167
f 5101 5103 5159
f 2158 2160 5103
f 2160 5159 5103
f 5158 5102 5108
f 5097 5108 5107
f 2142 5104 5142
f 5097 5107 2142
f 2142 5107 5104
f 5111 5105 5109
f 5105 5108 5109
f 5109 5108 5110
f 5108 5102 5110
f 475 5160 2033
f 5160 5123 2033
f 2033 5123 2032
f 2026 2025 5111
f 2025 2027 5111
f 5111 2027 5112
f 5112 2027 5114
f 2027 2012 5114
f 5116 5119 5156
f 5156 5119 5124
f 5125 5161 5126
f 5126 5161 5155
f 5161 5162 5155
f 5162 5163 5155
f 5163 5164 5155
f 5155 5164 5154
f 5164 5165 5154
f 5165 5166 5154
f 5166 5167 5154
f 5154 5167 5157
f 5167 5168 5157
f 5168 5169 5157
f 5169 5170 5157
f 5157 5170 5099
f 5170 471 5099
f 5099 471 2111
f 5160 5136 5123
f 5123 5118 5117
f 5106 5145 5104
f 5145 5144 5104
f 5104 5143 5142
f 5140 2137 2139
f 476 5171 474
f 476 5096 5171
f 5096 5095 5171
f 5171 5095 5172
f 5095 5094 5172
f 5172 5094 5173
f 5094 5093 5173
f 5173 5093 5174
f 5093 5092 5174
f 5092 5091 5174
f 5174 5091 5175
f 5091 5090 5175
f 5175 5090 5176
f 5090 5068 5176
f 5068 5069 5176
f 5176 5069 5177
f 5177 5069 5178
f 5069 5070 5178
f 5070 5071 5178
f 5178 5071 5179
f 5071 5072 5179
f 5179 5072 5180
f 5180 5072 5181
f 5072 5073 5181
f 5073 5074 5181
f 5181 5074 483
f 483 5074 485
f 5182 5136 474
f 5136 5160 474
f 474 5160 475
f 5183 5133 5184
f 5133 5134 5184
f 5184 5134 5185
f 5134 5135 5185
f 5185 5135 5182
f 5182 5135 5136
f 5186 5131 5183
f 5131 5132 5183
f 5183 5132 5133
f 5187 5129 5186
f 5129 5130 5186
f 5186 5130 5131
f 5188 5128 5189
f 5189 5128 5187
f 5128 5129 5187
f 5190 5127 5188
f 5188 5127 5128
f 5191 5162 5192
f 5162 5161 5192
f 5192 5161 5190
f 5161 5125 5190
f 5190 5125 5127
f 5166 5165 5193
f 5165 5164 5193
f 5193 5164 5191
f 5164 5163 5191
f 5191 5163 5162
f 5193 5194 5166
f 5166 5194 5167
f 5194 5195 5167
f 5195 5196 5167
f 5167 5196 5168
f 5196 5197 5168
f 5168 5197 5169
f 5197 5198 5169
f 5169 5198 5170
f 5170 5198 471
f 5198 473 471
f 483 5199 5200
f 483 5200 5181
f 5200 5199 5201
f 5202 5180 5181
f 5200 5201 5203
f 5204 5179 5180
f 5200 5203 5205
f 5204 5178 5179
f 5204 5200 5206
f 5200 5205 5206
f 5206 5205 5207
f 5208 5204 5206
f 5206 5207 5209
f 5206 5209 5210
f 5206 5210 5211
f 5208 5206 5212
f 5206 5211 5213
f 5214 5175 5176
f 5212 5206 5215
f 5206 5213 5216
f 5212 5215 5217
f 5206 5216 5215
f 5215 5216 5218
f 5214 5174 5175
f 5219 5212 5217
f 5215 5218 5220
f 5220 5218 5221
f 5220 5221 5222
f 5214 5173 5174
f 5217 5215 5220
f 5220 5222 5223
f 5224 5172 5173
f 5220 5223 5225
f 5226 5171 5172
f 5227 5228 5229
f 5229 5219 5230
f 5219 5217 5230
f 5220 5225 5231
f 474 5171 5226
f 5172 5224 5226
f 5173 5214 5224
f 5224 5227 5226
f 5226 5227 474
f 5176 5232 5214
f 5176 5177 5232
f 5178 5233 5177
f 5214 5219 5224
f 5219 5227 5224
f 5178 5204 5233
f 5232 5177 5214
f 5177 5212 5214
f 5212 5219 5214
f 5219 5228 5227
f 5180 5202 5204
f 5204 5208 5233
f 5233 5208 5177
f 5220 5231 5234
f 474 5227 5182
f 5182 5227 5185
f 5227 5229 5185
f 5185 5229 5184
f 5184 5229 5183
f 5183 5229 5186
f 5229 5230 5186
f 5186 5230 5187
f 5187 5230 5189
f 5230 5217 5189
f 5189 5217 5188
f 5188 5217 5190
f 5190 5217 5192
f 5192 5217 5191
f 5191 5217 5193
f 5193 5217 5194
f 5217 5220 5194
f 5194 5220 5195
f 5195 5220 5196
f 5196 5220 5197
f 5197 5220 5198
f 5220 5234 5198
f 5198 5234 473
f 5181 5200 5202
f 5200 5204 5202
f 5177 5208 5212
f 5219 5229 5228
f 5235 2236 2237
f 2245 2246 5236
f 2246 433 5236
f 2226 2225 5237
f 5236 433 2170
f 2169 2168 5238
f 2163 5239 2165
f 5239 5238 2165
f 5239 2163 2161
f 5238 2168 2165
f 5240 5241 5242
f 5240 5242 5243
f 5243 5242 5244
f 5245 2153 5246
f 2153 2152 5246
f 5246 2152 2149
f 5247 5248 5249
f 5249 5248 5250
f 5250 5248 2141
f 2145 2143 5248
f 5248 2143 2141
f 2146 5247 2149
f 5247 5246 2149
f 5250 5240 5249
f 2161 2164 5239
f 2164 2157 5239
f 5239 2157 5244
f 5244 2157 5245
f 2157 2159 5245
f 5245 2159 2153
f 5240 5250 5251
f 2146 2145 5247
f 2145 5248 5247
f 5252 5251 5250
f 5253 5252 2130
f 2130 2129 5253
f 5253 2129 5254
f 2129 2134 5254
f 5254 2134 2128
f 5252 2132 2130
f 5255 5256 5257
f 5256 5254 5258
f 5254 2125 2124
f 5258 5254 2118
f 2118 5254 2119
f 5254 2124 2119
f 5255 5251 5256
f 5257 5256 5259
f 5259 5256 5258
f 5260 5257 5259
f 2114 2112 5258
f 2118 2115 5258
f 2115 2114 5258
f 5252 5253 5251
f 5251 5253 5256
f 5253 5254 5256
f 5254 2128 2125
f 5261 5262 5263
f 5262 5264 5263
f 5263 5264 5265
f 5265 5264 5266
f 5264 5260 5266
f 5266 5260 5267
f 5260 5259 5267
f 5267 5259 5268
f 5268 5259 5269
f 5269 5259 5270
f 5259 5258 5270
f 5270 5258 5271
f 5271 5258 5272
f 5272 5258 5273
f 2230 5274 2229
f 2225 2228 5237
f 2233 2232 5275
f 5276 5277 5278
f 5277 5279 5278
f 5279 5240 5280
f 5278 5281 5276
f 5281 5274 5276
f 5276 5274 2233
f 5274 2231 2233
f 5275 5276 2233
f 5280 5282 5278
f 5237 5274 5283
f 5282 5281 5278
f 5274 5237 2229
f 2229 5237 2228
f 5280 5278 5279
f 5281 5283 5274
f 5274 2230 2231
f 5237 5283 5284
f 5285 5281 5282
f 5282 5280 5286
f 5282 5262 5285
f 5287 5288 5285
f 5288 5284 5285
f 2227 2226 5289
f 2226 5237 5289
f 5289 5237 5284
f 5284 5283 5285
f 5284 5290 5291
f 5291 5292 5289
f 5292 2223 2224
f 2222 2223 5292
f 5262 5282 5264
f 5264 5282 5260
f 5260 5286 5257
f 5288 5290 5284
f 5255 5286 5280
f 5286 5260 5282
f 5284 5291 5289
f 5289 5292 2227
f 5292 2224 2227
f 5283 5281 5285
f 5280 5240 5255
f 2244 5293 2240
f 5293 5239 2240
f 2240 5239 2241
f 5239 5294 2241
f 2241 5294 2242
f 2234 2236 5235
f 2237 2239 5295
f 5295 2239 5294
f 2239 2238 5294
f 5294 2238 2242
f 2237 5295 5235
f 2235 2234 5235
f 2232 2235 5275
f 5277 5275 5235
f 5235 5275 2235
f 5239 5296 5294
f 5296 5295 5294
f 5295 5277 5235
f 5236 2170 2169
f 2169 5238 5236
f 5238 5293 5236
f 5293 2243 5236
f 5236 2243 2245
f 5238 5239 5293
f 2244 2243 5293
f 5295 5296 5297
f 5277 5295 5297
f 5297 5241 5277
f 5275 5277 5276
f 5241 5279 5277
f 5244 5297 5296
f 5241 5297 5242
f 5297 5244 5242
f 5249 5240 5247
f 5240 5243 5247
f 5247 5243 5246
f 5246 5243 5245
f 5243 5244 5245
f 5239 5244 5296
f 5273 5258 470
f 470 5258 2112
f 2141 2138 5250
f 2138 2136 5250
f 5250 2136 5252
f 2136 2132 5252
f 5255 5257 5286
f 5261 5298 5262
f 5298 5299 5262
f 5262 5299 5285
f 5299 5300 5285
f 5285 5300 5287
f 5300 5301 5287
f 5287 5301 5288
f 5301 5302 5288
f 5302 5303 5288
f 5288 5303 5290
f 5303 5304 5290
f 5304 5305 5290
f 5290 5305 5291
f 5305 5306 5291
f 5306 5307 5291
f 5291 5307 5292
f 5307 5308 5292
f 5308 5309 5292
f 5309 5310 5292
f 5292 5310 2222
f 5310 481 2222
f 5251 5255 5240
f 5240 5279 5241
f 472 473 5311
f 473 5234 5311
f 5311 5234 5312
f 5234 5231 5312
f 5312 5231 5313
f 5231 5225 5313
f 5313 5225 5314
f 5225 5223 5314
f 5314 5223 5315
f 5223 5222 5315
f 5315 5222 5316
f 5222 5221 5316
f 5316 5221 5317
f 5221 5218 5317
f 5317 5218 5318
f 5218 5216 5318
f 5318 5216 5319
f 5216 5213 5319
f 5319 5213 5320
f 5213 5211 5320
f 5320 5211 5321
f 5211 5210 5321
f 5321 5210 5322
f 5210 5209 5322
f 5322 5209 5323
f 5209 5207 5323
f 5323 5207 5324
f 5207 5205 5324
f 5324 5205 5325
f 5205 5203 5325
f 5325 5203 5326
f 5203 5201 5326
f 5326 5201 5327
f 5201 5199 5327
f 5327 5199 482
f 5199 483 482
f 481 5310 480
f 5310 5328 480
f 5310 5309 5328
f 5309 5308 5328
f 5328 5308 5329
f 5308 5307 5329
f 5329 5307 5330
f 5307 5306 5330
f 5306 5305 5330
f 5330 5305 5331
f 5305 5304 5331
f 5331 5304 5332
f 5304 5303 5332
f 5332 5303 5333
f 5303 5302 5333
f 5302 5301 5333
f 5333 5301 5334
f 5301 5300 5334
f 5300 5299 5334
f 5334 5299 5335
f 5299 5298 5335
f 5335 5298 5336
f 5298 5261 5336
f 5261 5263 5336
f 5336 5263 5337
f 5263 5265 5337
f 5265 5266 5337
f 5337 5266 5338
f 5338 5266 5339
f 5266 5267 5339
f 5267 5268 5339
f 5339 5268 5340
f 5268 5269 5340
f 5269 5270 5340
f 5340 5270 5341
f 5270 5271 5341
f 5341 5271 5342
f 5342 5271 5343
f 5271 5272 5343
f 5343 5272 5344
f 5272 5273 5344
f 5344 5273 472
f 472 5273 470
f 482 5345 5346
f 482 5346 5327
f 5327 5346 5326
f 5346 5345 5347
f 5346 5325 5326
f 5346 5347 5348
f 5346 5324 5325
f 5346 5348 5349
f 5349 5348 5350
f 5351 5323 5324
f 5352 5346 5349
f 5351 5322 5323
f 5349 5350 5353
f 5354 5321 5322
f 5349 5353 5355
f 5356 5320 5321
f 5349 5355 5357
f 5356 5319 5320
f 5352 5349 5358
f 5349 5357 5359
f 5359 5357 5360
f 5356 5318 5319
f 5358 5349 5359
f 5356 5317 5318
f 5359 5360 5361
f 5356 5316 5317
f 5362 5351 5352
f 5359 5361 5363
f 5364 5315 5316
f 5359 5363 5365
f 5365 5363 5366
f 5364 5314 5315
f 5362 5352 5367
f 5352 5358 5368
f 5358 5359 5368
f 5365 5366 5369
f 5364 5313 5314
f 5368 5359 5370
f 5359 5365 5370
f 5365 5369 5370
f 5370 5369 5371
f 5364 5312 5313
f 5372 5362 5367
f 5367 5352 5368
f 472 5311 5372
f 5311 5312 5372
f 5312 5364 5372
f 5316 5356 5364
f 5321 5354 5356
f 5322 5351 5354
f 5351 5362 5364
f 5354 5351 5356
f 5356 5351 5364
f 5324 5346 5351
f 5364 5362 5372
f 5370 5371 5373
f 472 5372 5344
f 5344 5372 5343
f 5372 5367 5343
f 5343 5367 5342
f 5342 5367 5341
f 5341 5367 5340
f 5340 5367 5339
f 5339 5367 5338
f 5338 5367 5337
f 5367 5368 5337
f 5337 5368 5336
f 5336 5368 5335
f 5335 5368 5334
f 5334 5368 5333
f 5368 5370 5333
f 5333 5370 5332
f 5332 5370 5331
f 5331 5370 5330
f 5330 5370 5329
f 5329 5370 5328
f 5370 5373 5328
f 5328 5373 480
f 5346 5352 5351
f 5374 1973 1968
f 2008 2007 5375
f 2007 2005 5375
f 2004 2002 5376
f 2002 1999 5377
f 1990 1988 5378
f 5379 130 2054
f 2058 2057 5380
f 2059 5380 2056
f 5380 5381 5382
f 5380 2059 2061
f 5380 2057 2056
f 5383 5384 5385
f 5386 5383 5387
f 5387 5383 5385
f 5381 2068 5388
f 2068 2070 5388
f 5388 2070 2069
f 5389 5390 5386
f 2077 2078 5390
f 2078 2083 5390
f 2072 5389 2073
f 2073 5389 2069
f 5389 5388 2069
f 2061 2065 5380
f 2065 2064 5380
f 5380 2064 5381
f 2064 2067 5381
f 5381 2067 2068
f 5391 5392 5393
f 5392 5394 5393
f 5395 5386 5396
f 5386 5390 5396
f 2072 2077 5389
f 2077 5390 5389
f 5397 5395 5396
f 5398 5397 2091
f 2091 2090 5398
f 2090 2089 5398
f 5398 2089 5399
f 2089 2094 5399
f 5399 2094 2095
f 2087 2085 5397
f 5397 2085 2091
f 5394 5392 5400
f 5401 5394 5402
f 5394 5400 5402
f 5399 2097 2096
f 2100 5403 2101
f 5403 5404 2101
f 2101 5404 2051
f 5399 2096 5404
f 2096 2052 5404
f 5404 2052 2051
f 5395 5398 5392
f 5392 5398 5400
f 5398 5399 5400
f 5400 5399 5404
f 5400 5404 5405
f 5402 5400 5406
f 5400 5405 5406
f 5407 5401 5402
f 5405 5403 2102
f 2102 2107 5405
f 2100 2103 5403
f 2103 2102 5403
f 5397 5398 5395
f 5399 2095 2097
f 5408 5407 5409
f 5409 5407 5410
f 5410 5407 5411
f 5407 5402 5411
f 5411 5402 5412
f 5412 5402 5413
f 5402 5406 5413
f 5413 5406 5414
f 5406 5405 5414
f 5414 5405 5415
f 5415 5405 5416
f 1990 5378 1997
f 1994 1993 5378
f 1985 1982 5417
f 5417 5418 5419
f 5419 5418 5420
f 5421 5420 5391
f 5421 5419 5420
f 5419 1987 5422
f 5422 1987 1985
f 5419 5422 5417
f 5417 5422 1985
f 5421 5423 5419
f 5419 5423 5424
f 5424 5423 5425
f 5423 5421 5426
f 5426 5421 5393
f 1997 5378 1993
f 5419 5424 1987
f 5424 5378 1987
f 1987 5378 1988
f 1999 2001 5377
f 5377 5424 5427
f 5425 5423 5428
f 5428 5423 5426
f 5426 5393 5429
f 5426 5408 5428
f 2002 5377 5376
f 5376 5377 5427
f 5427 5424 5425
f 5401 5408 5426
f 5428 5430 5425
f 5425 5431 5427
f 5431 5375 5376
f 5394 5401 5429
f 5401 5407 5408
f 5430 5431 5425
f 5394 5429 5393
f 5429 5401 5426
f 5427 5431 5376
f 5376 5375 2004
f 5375 2005 2004
f 2001 1994 5377
f 1994 5378 5377
f 5377 5378 5424
f 5421 5391 5393
f 5391 5395 5392
f 1950 130 1954
f 5379 1954 130
f 1956 5432 1960
f 1960 5432 1962
f 1973 5374 1971
f 1976 1971 5374
f 1968 1969 5433
f 1969 1963 5433
f 5433 1963 5432
f 1963 1962 5432
f 1968 5433 5374
f 5374 5434 1976
f 1978 1974 5434
f 5434 1974 1976
f 1981 1978 5434
f 5433 5385 5374
f 5432 5435 5433
f 5435 5385 5433
f 5434 5417 1981
f 5432 5436 5382
f 1952 1954 5379
f 5379 2054 2058
f 5432 1955 5436
f 5436 1955 1959
f 2058 5380 5379
f 5380 5436 5379
f 5436 1959 5379
f 5379 1959 1952
f 5380 5382 5436
f 1956 1955 5432
f 5432 5382 5435
f 5374 5385 5384
f 5434 5384 5418
f 5384 5437 5418
f 5434 5418 5417
f 5418 5437 5420
f 5434 5374 5384
f 5383 5437 5384
f 5385 5435 5381
f 5386 5387 5389
f 5389 5387 5388
f 5387 5385 5388
f 5385 5381 5388
f 5381 5435 5382
f 478 5416 2109
f 5416 5405 2109
f 2109 5405 2107
f 2083 2082 5390
f 2082 2081 5390
f 5390 2081 5396
f 2081 2088 5396
f 2088 2087 5396
f 2087 5397 5396
f 5409 5438 5408
f 5408 5438 5428
f 5428 5438 5430
f 5438 5439 5430
f 5439 5440 5430
f 5440 5441 5430
f 5430 5441 5431
f 5441 5442 5431
f 5442 5443 5431
f 5431 5443 5375
f 5443 5444 5375
f 5444 5445 5375
f 5445 484 5375
f 5375 484 2008
f 5405 5404 5403
f 5395 5391 5386
f 5386 5391 5383
f 5383 5391 5437
f 5391 5420 5437
f 5417 1982 1981
f 5373 5416 480
f 480 5416 478
f 5369 5414 5371
f 5414 5415 5371
f 5371 5415 5373
f 5415 5416 5373
f 5366 5413 5369
f 5369 5413 5414
f 5363 5412 5366
f 5366 5412 5413
f 5360 5410 5361
f 5361 5410 5363
f 5410 5411 5363
f 5363 5411 5412
f 5360 5409 5410
f 5355 5438 5357
f 5357 5438 5360
f 5438 5409 5360
f 5441 5440 5353
f 5353 5440 5355
f 5440 5439 5355
f 5355 5439 5438
f 5353 5350 5441
f 5441 5350 5442
f 5350 5348 5442
f 5442 5348 5443
f 5348 5347 5443
f 5443 5347 5444
f 5347 5345 5444
f 5444 5345 5445
f 5445 5345 484
f 5345 482 484
f 5446 5447 5448
f 5449 5450 5451
f 5452 5453 5454
f 5453 76 5454
f 5455 5456 5457
f 5456 5458 5457
f 5459 5460 5461
f 5462 5463 5464
f 5454 76 5465
f 5466 5467 5468
f 5469 5468 5467
f 5468 5469 5470
f 5471 5472 5473
f 5474 5475 5476
f 5476 5475 5473
f 5472 5477 5478
f 5477 5479 5478
f 5476 5480 5481
f 5481 5480 5482
f 5483 5480 5479
f 5480 5478 5479
f 5470 5484 5468
f 5484 5485 5468
f 5468 5485 5472
f 5472 5485 5477
f 5474 5476 5486
f 5487 5488 5489
f 5476 5481 5486
f 5483 5482 5480
f 5490 5489 5491
f 5491 5492 5490
f 5489 5493 5491
f 5488 5487 5494
f 5487 5495 5494
f 5490 5496 5497
f 5496 5498 5497
f 5497 5498 5499
f 5489 5490 5487
f 5487 5490 5495
f 5495 5490 5497
f 5495 5497 5500
f 5501 5497 5502
f 5502 5503 5501
f 5499 5502 5497
f 5490 5492 5496
f 5504 5505 5506
f 5505 5507 5506
f 5506 5507 5508
f 5508 5507 5509
f 5507 5494 5509
f 5509 5494 5510
f 5510 5494 5511
f 5494 5495 5511
f 5511 5495 5512
f 5495 5500 5512
f 5512 5500 5513
f 5513 5500 5514
f 5500 5501 5514
f 5514 5501 5515
f 5516 5517 5518
f 5519 5520 5464
f 5521 5522 5523
f 5524 5525 5526
f 5525 5524 5527
f 5527 5528 5523
f 5523 5528 5521
f 5528 5529 5521
f 5474 5530 5526
f 5526 5530 5524
f 5525 5527 5531
f 5531 5527 5523
f 5530 5532 5524
f 5524 5533 5527
f 5533 5534 5527
f 5534 5517 5528
f 5528 5517 5535
f 5517 5516 5535
f 5517 5534 5536
f 5536 5534 5533
f 5524 5532 5533
f 5517 5464 5518
f 5518 5464 5520
f 5527 5534 5528
f 5528 5535 5529
f 5537 5459 5461
f 5533 5532 5538
f 5532 5530 5539
f 5540 5488 5539
f 5533 5541 5542
f 5460 5462 5461
f 5462 5464 5461
f 5464 5536 5461
f 5536 5533 5542
f 5538 5532 5539
f 5539 5530 5540
f 5507 5505 5539
f 5533 5543 5541
f 5542 5457 5461
f 5457 5458 5544
f 5488 5507 5539
f 5505 5543 5538
f 5538 5543 5533
f 5539 5505 5538
f 5536 5542 5461
f 5461 5457 5537
f 5457 5544 5537
f 5463 5519 5464
f 5464 5517 5536
f 5530 5474 5540
f 5540 5486 5488
f 5545 5546 5452
f 5547 5548 5549
f 5549 5548 5550
f 5548 5471 5550
f 5550 5471 5551
f 5552 5553 5554
f 5450 5449 5555
f 5448 5447 5449
f 5447 5556 5449
f 5449 5556 5555
f 5451 5557 5471
f 5557 5551 5471
f 5451 5471 5449
f 5558 5559 5448
f 5448 5559 5446
f 5522 5558 5448
f 5471 5473 5449
f 5473 5448 5449
f 5531 5523 5448
f 5448 5523 5522
f 5452 5454 5545
f 5454 5465 5545
f 5545 5465 5466
f 5552 5554 5560
f 5466 5468 5545
f 5468 5552 5545
f 5552 5560 5545
f 5545 5560 5546
f 5547 5553 5548
f 5553 5552 5548
f 5448 5473 5561
f 5448 5561 5531
f 5531 5561 5525
f 5525 5561 5475
f 5561 5473 5475
f 5480 5476 5478
f 5476 5473 5478
f 5473 5472 5478
f 5468 5472 5552
f 5552 5472 5548
f 5472 5471 5548
f 5515 5501 5562
f 5562 5501 5503
f 5482 5563 5481
f 5481 5563 5486
f 5563 5493 5486
f 5493 5489 5486
f 5489 5488 5486
f 5488 5494 5507
f 5504 5564 5505
f 5505 5564 5543
f 5564 5565 5543
f 5565 5566 5543
f 5543 5566 5541
f 5566 5567 5541
f 5567 5568 5541
f 5541 5568 5542
f 5568 5569 5542
f 5542 5569 5457
f 5569 5570 5457
f 5570 5571 5457
f 5457 5571 5455
f 5571 5572 5455
f 5501 5500 5497
f 5486 5540 5474
f 5474 5526 5475
f 5526 5525 5475
f 5573 5574 5572
f 5572 5571 5573
f 5573 5571 5575
f 5571 5570 5575
f 5575 5570 5576
f 5570 5569 5576
f 5576 5569 5577
f 5569 5568 5577
f 5568 5567 5577
f 5577 5567 5578
f 5567 5579 5578
f 5567 5566 5579
f 5579 5566 5580
f 5566 5565 5580
f 5580 5565 5581
f 5565 5564 5581
f 5564 5504 5581
f 5581 5504 5582
f 5504 5583 5582
f 5504 5506 5583
f 5583 5506 5584
f 5506 5508 5584
f 5584 5508 5585
f 5585 5508 5586
f 5508 5509 5586
f 5513 5587 5512
f 5587 5588 5512
f 5588 5589 5512
f 5512 5589 5511
f 5589 5590 5511
f 5590 5591 5511
f 5511 5591 5510
f 5591 5592 5510
f 5592 5593 5510
f 5510 5593 5509
f 5593 5594 5509
f 5509 5594 5586
f 5562 5595 5515
f 5595 5596 5515
f 5596 5597 5515
f 5515 5597 5514
f 5597 5598 5514
f 5514 5598 5513
f 5598 5599 5513
f 5513 5599 5587
f 5600 5574 5573
f 5600 5573 5601
f 5573 5575 5601
f 5601 5575 5602
f 5575 5576 5602
f 5602 5576 5603
f 5576 5577 5603
f 5603 5577 5604
f 5577 5578 5604
f 5604 5578 5605
f 5578 5579 5605
f 5605 5579 5606
f 5579 5580 5606
f 5606 5580 5607
f 5580 5581 5607
f 5607 5581 5608
f 5581 5582 5608
f 5608 5582 5609
f 5582 5583 5609
f 5609 5583 5610
f 5610 5583 5611
f 5583 5584 5611
f 5611 5584 5612
f 5584 5585 5612
f 5612 5585 5613
f 5585 5586 5613
f 5613 5586 5614
f 5586 5594 5614
f 5594 5593 5614
f 5614 5593 5615
f 5593 5592 5615
f 5615 5592 5616
f 5616 5592 5617
f 5592 5591 5617
f 5617 5591 5618
f 5591 5590 5618
f 5618 5590 5619
f 5590 5589 5619
f 5619 5589 5620
f 5597 5621 5598
f 5621 5622 5598
f 5598 5622 5599
f 5622 5623 5599
f 5599 5623 5587
f 5623 5620 5587
f 5587 5620 5588
f 5620 5589 5588
f 5595 5624 5596
f 5624 5625 5596
f 5596 5625 5597
f 5625 5626 5597
f 5597 5626 5621
f 5627 5628 5629
f 5630 5631 5632
f 5633 5634 5635
f 5636 5637 5635
f 5638 5639 5640
f 5641 5642 5643
f 5644 5645 5646
f 5647 5648 5649
f 5650 5651 5649
f 5651 5652 5649
f 5649 5652 5653
f 5654 5655 5656
f 5647 5657 5658
f 5653 5654 5649
f 5654 5656 5649
f 5649 5656 5647
f 5647 5659 5648
f 5659 5647 5660
f 5647 5658 5660
f 5661 5662 5663
f 5662 5664 5665
f 5656 5655 5666
f 5655 5667 5666
f 5656 5666 5665
f 5665 5666 5668
f 5668 5669 5663
f 5667 5670 5666
f 5670 5671 5666
f 5666 5671 5668
f 5671 5669 5668
f 5661 5672 5673
f 5673 5672 5674
f 5674 5672 5675
f 5673 5676 5677
f 5678 5679 5680
f 5679 5681 5680
f 5681 5676 5680
f 5674 5676 5673
f 5672 5661 5663
f 5663 5662 5668
f 5662 5665 5668
f 5682 5675 5672
f 5682 5672 5663
f 5683 5684 5685
f 5686 5684 5687
f 5684 5683 5687
f 5686 5687 5688
f 5688 5687 5689
f 5687 5690 5689
f 5689 5690 5691
f 5692 5664 5662
f 5691 5690 5693
f 5677 5694 5673
f 5694 5695 5673
f 5673 5695 5696
f 5695 5697 5696
f 5696 5697 5698
f 49 5699 5700
f 5679 49 5700
f 5696 5698 5690
f 5690 5698 5693
f 5701 5692 5662
f 5696 5702 5673
f 5643 5642 5677
f 5677 5642 5694
f 5679 5700 5681
f 5700 5703 5681
f 5677 5681 5643
f 5681 5703 5643
f 5643 5703 5641
f 5676 5681 5677
f 5661 5702 5662
f 5704 5705 5706
f 5705 5707 5706
f 5706 5707 5708
f 5708 5707 5709
f 5709 5707 5710
f 5710 5707 5711
f 5707 5712 5711
f 5713 5711 5712
f 5714 5715 5716
f 5715 5717 5716
f 5716 5717 5712
f 5717 5718 5712
f 5712 5718 5713
f 5719 5720 5707
f 5720 5721 5707
f 5707 5721 5712
f 5721 5716 5712
f 5722 5631 5723
f 5631 5630 5723
f 5635 5634 5636
f 5685 5724 5683
f 5724 5725 5683
f 5683 5725 5701
f 5725 5633 5701
f 5633 5635 5701
f 5726 5727 5728
f 5640 5639 5714
f 5696 5690 5702
f 5635 5637 5726
f 5726 5637 5727
f 5701 5662 5683
f 5683 5662 5687
f 5662 5702 5687
f 5687 5702 5690
f 5673 5702 5661
f 5630 5632 5729
f 5640 5630 5730
f 5630 5731 5730
f 5630 5729 5731
f 5731 5729 5628
f 5628 5627 5731
f 5732 5646 5733
f 5733 5646 5734
f 5734 5646 5735
f 5735 5646 5736
f 5736 5646 5737
f 5646 5738 5737
f 5737 5738 5739
f 5739 5738 5740
f 5738 5741 5740
f 5740 5741 5742
f 5742 5741 5743
f 5741 5744 5743
f 5743 5744 5745
f 5745 5744 5746
f 5744 5627 5746
f 5746 5627 5629
f 5732 5747 5646
f 5731 5748 5730
f 5747 5644 5646
f 5738 5749 5741
f 5744 5750 5627
f 5750 5751 5627
f 5627 5751 5731
f 5748 5752 5730
f 5730 5752 5640
f 5646 5753 5738
f 5738 5753 5749
f 5741 5749 5744
f 5744 5749 5750
f 5751 5748 5731
f 5721 5630 5716
f 5716 5630 5640
f 5720 5754 5721
f 5640 5752 5726
f 5726 5752 5755
f 5705 5719 5707
f 5640 5714 5716
f 5645 5756 5646
f 5748 5658 5752
f 5658 5755 5752
f 5751 5750 5660
f 5750 5749 5659
f 5756 5649 5753
f 5649 5648 5753
f 5648 5659 5753
f 5757 5758 5756
f 5758 5650 5756
f 5756 5650 5649
f 5659 5660 5750
f 5660 5658 5748
f 5656 5665 5647
f 5665 5664 5647
f 5647 5664 5657
f 5664 5692 5657
f 5645 5757 5756
f 5646 5756 5753
f 5753 5659 5749
f 5751 5660 5748
f 5658 5657 5755
f 5692 5701 5755
f 5701 5635 5755
f 5755 5635 5726
f 5726 5728 5640
f 5640 5728 5638
f 5678 5759 5679
f 5759 49 5679
f 5692 5755 5657
f 5630 5721 5723
f 5723 5721 5722
f 5721 5754 5722
f 5624 5733 5625
f 5625 5733 5626
f 5733 5734 5626
f 5626 5734 5621
f 5621 5734 5622
f 5734 5735 5622
f 5622 5735 5623
f 5735 5736 5623
f 5623 5736 5620
f 5620 5736 5619
f 5736 5737 5619
f 5619 5737 5618
f 5737 5739 5618
f 5618 5739 5617
f 5739 5740 5617
f 5745 5746 5610
f 5610 5611 5745
f 5611 5612 5745
f 5612 5613 5745
f 5745 5613 5743
f 5613 5614 5743
f 5743 5614 5742
f 5614 5615 5742
f 5742 5615 5740
f 5615 5616 5740
f 5740 5616 5617
f 5746 5629 5610
f 5610 5629 5609
f 5629 5608 5609
f 5629 5628 5608
f 5608 5628 5607
f 5628 5729 5607
f 5729 5632 5607
f 5607 5632 5606
f 5632 5605 5606
f 5605 5632 5604
f 5632 5631 5604
f 5631 5722 5604
f 5604 5722 5603
f 5722 5754 5603
f 5754 5720 5603
f 5603 5720 5602
f 5720 5601 5602
f 5720 5719 5601
f 5601 5719 5600
f 5719 5705 5600
f 5600 5705 5704
f 3020 570 3022
f 570 550 3022
f 3022 550 3024
f 550 549 3024
f 3024 549 3026
f 549 563 3026
f 3026 563 3028
f 563 562 3028
f 3028 562 3030
f 562 560 3030
f 3030 560 3032
f 560 559 3032
f 3032 559 3034
f 559 561 3034
f 3034 561 3036
f 561 608 3036
f 3036 608 3038
f 608 3040 3038
f 3056 557 3058
f 557 3060 3058
f 3060 586 3062
f 586 585 3062
f 3062 585 3064
f 585 584 3064
f 3064 584 3066
f 584 3068 3066
f 3074 621 3076
f 621 3078 3076
f 3100 542 3102
f 542 596 3102
f 3102 596 3104
f 596 595 3104
f 3104 595 3106
f 595 3108 3106
f 3126 576 3128
f 576 575 3128
f 3128 575 3130
f 575 574 3130
f 3130 574 3132
f 574 573 3132
f 3132 573 3134
f 573 572 3134
f 3134 572 3136
f 572 546 3136
f 3136 546 3138
f 546 547 3138
f 3138 547 3140
f 547 548 3140
f 3140 548 3142
f 548 552 3142
f 3142 552 3144
f 552 3146 3144
f 3154 540 3012
f 540 566 3012
f 3012 566 3014
f 566 565 3014
f 3014 565 3016
f 565 564 3016
f 3016 564 3018
f 564 571 3018
f 3018 571 3020
f 571 570 3020
f 608 607 3040
f 607 591 3040
f 3040 591 3042
f 591 590 3042
f 3042 590 3044
f 590 606 3044
f 3044 606 3046
f 606 605 3046
f 3046 605 3048
f 605 604 3048
f 3048 604 3050
f 604 589 3050
f 3050 589 3052
f 589 588 3052
f 3052 588 3054
f 588 587 3054
f 3054 587 3056
f 587 557 3056
f 557 556 3060
f 556 586 3060
f 584 602 3068
f 602 614 3068
f 3068 614 3070
f 614 624 3070
f 3070 624 3072
f 624 622 3072
f 3072 622 3074
f 622 621 3074
f 621 554 3078
f 554 553 3078
f 3078 553 3080
f 553 611 3080
f 3080 611 3082
f 611 610 3082
f 3082 610 3084
f 610 609 3084
f 3084 609 3086
f 609 599 3086
f 3086 599 3088
f 599 598 3088
f 3088 598 3090
f 598 597 3090
f 3090 597 3092
f 597 569 3092
f 3092 569 3094
f 569 568 3094
f 3094 568 3096
f 568 567 3096
f 3096 567 3098
f 567 543 3098
f 3098 543 3100
f 543 542 3100
f 595 583 3108
f 583 582 3108
f 3108 582 3110
f 582 581 3110
f 3110 581 3112
f 581 594 3112
f 3112 594 3114
f 594 593 3114
f 3114 593 3116
f 593 592 3116
f 3116 592 3118
f 592 580 3118
f 3118 580 3120
f 580 579 3120
f 3120 579 3122
f 579 578 3122
f 3122 578 3124
f 578 577 3124
f 3124 577 3126
f 577 576 3126
f 552 551 3146
f 551 537 3146
f 3146 537 3148
f 537 536 3148
f 3148 536 3150
f 536 545 3150
f 3150 545 3152
f 545 541 3152
f 3152 541 3154
f 541 540 3154
f 5760 5761 5762
f 5763 5764 5765
f 5766 5767 5768
f 5768 5769 5770
f 5769 5771 5770
f 5772 5773 5774
f 5775 5776 5777
f 5778 5779 5780
f 5781 5782 5783
f 539 5784 5783
f 5785 5786 5787
f 5788 5789 5786
f 5790 5787 5791
f 5791 5787 5792
f 5787 5793 5794
f 5791 5795 5790
f 5790 5780 5796
f 5780 5797 5796
f 5798 5791 5792
f 5795 5780 5790
f 5787 5794 5792
f 5794 5799 5792
f 5799 5798 5792
f 5789 5793 5786
f 5793 5787 5786
f 5787 5790 5785
f 5790 5796 5785
f 5778 5780 5800
f 5800 5780 5795
f 5801 5800 5802
f 5803 5804 5802
f 5802 5804 5801
f 5804 5805 5801
f 5806 5807 5808
f 5809 5810 5811
f 5810 5812 5811
f 5813 5812 5807
f 5806 5814 5801
f 5814 5800 5801
f 5800 5795 5802
f 5815 5816 5806
f 5816 5817 5806
f 5806 5817 5807
f 5817 5813 5807
f 5805 5815 5801
f 5815 5806 5801
f 5818 5767 5819
f 5819 5820 5818
f 5821 5822 5820
f 5822 5823 5820
f 5820 5823 5818
f 5775 5777 5821
f 5777 5824 5821
f 5824 5822 5821
f 5775 5814 5808
f 5814 5778 5800
f 5825 5826 5775
f 5826 5776 5775
f 370 5827 5810
f 5810 5827 5828
f 5807 5810 5825
f 5810 5828 5825
f 5825 5828 5826
f 5812 5810 5807
f 5825 5808 5807
f 5808 5814 5806
f 5829 5830 5831
f 5831 5830 5832
f 5830 494 5832
f 5829 5831 5774
f 5831 5833 5774
f 5834 5835 5832
f 5832 5836 5831
f 5837 5764 5838
f 5764 5763 5838
f 5766 5820 5819
f 5767 5766 5819
f 5779 5778 5820
f 5770 5771 5839
f 5839 5771 5840
f 5820 5766 5841
f 5839 5840 5842
f 5770 5766 5768
f 5820 5778 5821
f 5778 5814 5821
f 5821 5814 5775
f 5775 5808 5825
f 5833 5838 5843
f 5838 5763 5843
f 5763 5765 5844
f 5763 5844 5845
f 5843 5763 5760
f 5763 5845 5760
f 5760 5845 5761
f 539 5783 5846
f 5846 5783 5847
f 5783 5848 5847
f 5847 5848 5849
f 5849 5848 5850
f 5850 5848 5851
f 5848 5852 5851
f 5851 5852 5853
f 5852 5854 5853
f 5853 5854 5855
f 5855 5854 5856
f 5856 5854 5857
f 5854 5858 5857
f 5857 5858 5762
f 5762 5858 5760
f 5760 5859 5843
f 5859 5860 5843
f 5783 5852 5848
f 5858 5859 5760
f 5784 5781 5783
f 5852 5861 5854
f 5854 5861 5858
f 5859 5841 5860
f 5862 5863 5864
f 5864 5838 5836
f 5838 5833 5836
f 5839 5860 5841
f 5835 5862 5832
f 5862 5864 5832
f 5832 5864 5836
f 5833 5860 5839
f 5774 5833 5772
f 5772 5833 5839
f 494 5834 5832
f 5831 5836 5833
f 5779 5820 5841
f 5766 5770 5841
f 5841 5770 5839
f 5839 5842 5772
f 5772 5842 5773
f 5865 5783 5866
f 5783 5867 5866
f 5786 5785 5861
f 5797 5779 5841
f 5866 5788 5865
f 5788 5786 5865
f 5861 5785 5796
f 5859 5796 5797
f 5803 5802 5868
f 5780 5779 5797
f 5782 5867 5783
f 5783 5865 5852
f 5865 5786 5852
f 5852 5786 5861
f 5861 5796 5858
f 5858 5796 5859
f 5859 5797 5841
f 5809 370 5810
f 5798 5868 5791
f 5868 5802 5791
f 5791 5802 5795
f 5843 5860 5833
f 5838 5864 5837
f 5864 5863 5837
f 5869 5834 496
f 5834 494 496
f 5870 5863 5871
f 5863 5862 5871
f 5871 5862 5872
f 5862 5835 5872
f 5872 5835 5869
f 5869 5835 5834
f 5873 5764 5870
f 5764 5837 5870
f 5870 5837 5863
f 5874 5765 5873
f 5873 5765 5764
f 5875 5845 5876
f 5876 5845 5874
f 5845 5844 5874
f 5874 5844 5765
f 5877 5761 5875
f 5875 5761 5845
f 5878 5857 5879
f 5879 5857 5877
f 5857 5762 5877
f 5877 5762 5761
f 5853 5855 5880
f 5880 5855 5878
f 5855 5856 5878
f 5878 5856 5857
f 5880 5881 5853
f 5853 5881 5851
f 5881 5882 5851
f 5882 5883 5851
f 5851 5883 5850
f 5850 5883 5849
f 5883 5884 5849
f 5849 5884 5847
f 5884 5885 5847
f 5847 5885 5846
f 5885 558 5846
f 5846 558 539
f 558 5885 618
f 5885 5886 618
f 618 5886 600
f 5886 5887 600
f 600 5887 601
f 5887 5888 601
f 601 5888 603
f 5888 5889 603
f 603 5889 619
f 5889 5890 619
f 619 5890 620
f 5890 5891 620
f 620 5891 615
f 5891 5892 615
f 615 5892 616
f 5892 5893 616
f 616 5893 617
f 5893 5894 617
f 617 5894 628
f 5894 5895 628
f 628 5895 629
f 5895 5896 629
f 629 5896 612
f 5896 5897 612
f 612 5897 613
f 5897 5898 613
f 613 5898 625
f 5898 5899 625
f 625 5899 626
f 5899 5900 626
f 626 5900 627
f 5900 5901 627
f 627 5901 623
f 5901 5902 623
f 623 5902 555
f 5902 5903 555
f 5885 5884 5886
f 5902 5904 5903
f 5884 5883 5886
f 5902 5905 5904
f 5883 5882 5886
f 5902 5906 5905
f 5882 5881 5886
f 5901 5907 5902
f 5902 5907 5906
f 5907 5908 5906
f 5881 5880 5886
f 5907 5909 5908
f 5880 5878 5886
f 5901 5910 5907
f 5907 5910 5909
f 5910 5911 5909
f 5878 5879 5886
f 5893 5912 5894
f 5894 5912 5895
f 5910 5913 5911
f 5879 5877 5886
f 5912 5914 5895
f 5895 5914 5896
f 5910 5915 5913
f 5877 5875 5886
f 5893 5916 5912
f 5912 5916 5914
f 5910 5917 5915
f 5875 5876 5886
f 5916 516 5914
f 5914 516 5896
f 5910 5918 5917
f 5876 5874 5886
f 5910 5919 5918
f 5874 5873 5886
f 5901 530 5910
f 5910 530 5919
f 530 5920 5919
f 5873 5870 5886
f 530 5921 5920
f 5870 5871 5886
f 530 5922 5921
f 5871 5872 5886
f 530 5923 5922
f 5872 5869 5886
f 5897 522 5898
f 5898 522 5899
f 522 524 5899
f 5899 524 5900
f 524 526 5900
f 5900 526 5901
f 526 528 5901
f 5901 528 530
f 530 5924 5923
f 5869 496 5886
f 496 498 5886
f 5886 498 5887
f 498 500 5887
f 5887 500 5888
f 500 502 5888
f 5888 502 5889
f 502 504 5889
f 5889 504 5890
f 504 506 5890
f 5890 506 5891
f 506 508 5891
f 5891 508 5892
f 508 510 5892
f 5892 510 5893
f 510 512 5893
f 5893 512 5916
f 512 514 5916
f 5916 514 516
f 516 518 5896
f 5896 518 5897
f 518 520 5897
f 5897 520 522
f 530 532 5924
f 5925 5926 5927
f 5928 5929 5930
f 5931 5932 5933
f 5934 5935 5936
f 5937 5938 5939
f 5940 5941 5928
f 5942 5943 5944
f 5945 5946 5947
f 534 5948 5949
f 5950 5951 5952
f 5951 5953 5952
f 5952 5953 5954
f 5953 5955 5954
f 5954 5955 5956
f 5956 5955 5957
f 534 5949 5958
f 5958 5949 5959
f 5959 5949 5960
f 5949 5951 5960
f 5960 5951 5950
f 5961 5962 5963
f 5964 5965 5966
f 5967 5961 5963
f 5968 5969 5970
f 5970 5969 5967
f 5965 5971 5968
f 5970 5967 5963
f 5967 5972 5961
f 5965 5968 5966
f 5966 5968 5970
f 5973 5974 5975
f 5974 5969 5975
f 5976 5975 5977
f 5968 5978 5977
f 5976 5979 5980
f 5978 5981 5977
f 5977 5981 5976
f 5981 5979 5976
f 5982 5983 5984
f 5985 5983 5982
f 5986 5983 5987
f 5983 5985 5987
f 5987 5985 5988
f 5989 5990 5991
f 5990 5944 5991
f 5944 5992 5991
f 5983 5992 5984
f 5986 5992 5983
f 5985 5973 5980
f 5980 5973 5976
f 5973 5975 5976
f 5975 5969 5977
f 5977 5969 5968
f 5993 5988 5985
f 5979 5993 5980
f 5993 5985 5980
f 5994 5995 5996
f 5994 5996 5997
f 5996 5998 5997
f 5997 5998 5999
f 5998 6000 5999
f 5999 6000 6001
f 6000 6002 6001
f 6003 6004 6005
f 5973 6005 6004
f 6001 6002 6006
f 5984 5943 5982
f 5943 6007 5982
f 5982 6007 6008
f 25 6009 5990
f 6009 6010 5990
f 5990 6010 6011
f 5982 6008 6002
f 6002 6008 6006
f 5998 6003 6000
f 6000 6003 6005
f 6005 5973 6002
f 5973 5982 6002
f 5944 5943 5984
f 5990 6011 5944
f 5944 6011 5942
f 5992 5944 5984
f 5973 6004 5974
f 5973 5985 5982
f 6012 5940 544
f 544 5940 6013
f 6013 5940 6014
f 6014 5940 6015
f 6015 5940 6016
f 6017 6018 5939
f 5939 6018 5940
f 5940 6018 6016
f 6012 6019 5940
f 5932 6020 6021
f 6020 6022 6021
f 6021 6022 5934
f 5995 6023 5996
f 6023 5931 5996
f 5996 5931 5933
f 5932 6021 5933
f 5933 5998 5996
f 5974 6004 5972
f 6004 6003 5972
f 5972 6003 6024
f 6003 5998 6024
f 5936 5935 6025
f 5939 5938 6017
f 5998 5933 6024
f 5933 6021 5936
f 5934 5936 6021
f 6005 6002 6000
f 5928 5930 6026
f 5928 6026 6027
f 6026 5930 6028
f 6026 6028 5926
f 6029 5928 6027
f 6026 5926 5925
f 6026 5925 6027
f 5957 5955 5927
f 5955 5925 5927
f 6027 6030 6029
f 5925 6031 6027
f 6027 6031 6030
f 5948 5945 5949
f 5945 5947 5949
f 6032 5953 5951
f 5953 6033 5955
f 5955 6033 5925
f 5949 5947 5951
f 5947 6032 5951
f 6033 6031 5925
f 6030 6034 6029
f 6019 5941 5940
f 5940 5928 5939
f 5939 6029 5936
f 5936 6029 6024
f 5939 5928 6029
f 6029 6034 6024
f 6034 6030 6031
f 6031 6033 5962
f 5962 6033 6035
f 6032 5947 6036
f 6024 6034 5972
f 6036 5964 6032
f 5964 5966 6032
f 6032 5966 6035
f 5966 5970 6035
f 5970 5963 6035
f 6035 5963 5962
f 5962 5961 6031
f 6031 5961 6034
f 5961 5972 6034
f 5969 5974 5967
f 5946 6036 5947
f 6032 6035 5953
f 5953 6035 6033
f 5933 5936 6024
f 5936 6025 5939
f 5939 6025 5937
f 5989 25 5990
f 5971 5978 5968
f 5967 5974 5972
f 5928 5941 5929
f 534 5958 532
f 5958 5924 532
f 5958 5959 5924
f 5924 5959 5923
f 5959 5960 5923
f 5923 5960 5922
f 5922 5960 5921
f 5960 5950 5921
f 5921 5950 5920
f 5950 5952 5920
f 5920 5952 5919
f 5952 5954 5919
f 5954 5956 5919
f 5919 5956 5918
f 5918 5956 5917
f 5956 5957 5917
f 5917 5957 5915
f 5957 5927 5915
f 5927 5926 5915
f 5915 5926 5913
f 5913 5926 5911
f 5926 6028 5911
f 5911 6028 5909
f 6028 5930 5909
f 5909 5930 5908
f 5930 5929 5908
f 5908 5929 5906
f 5906 5929 5905
f 5929 5941 5905
f 5905 5941 5904
f 5941 6019 5904
f 5904 6019 5903
f 6019 6012 5903
f 5903 6012 555
f 555 6012 544
f 6037 6038 6039
f 6040 6041 6042
f 6043 6044 6045
f 6046 6047 6048
f 6049 6050 6040
f 6051 6052 6053
f 705 6054 6053
f 6055 6056 6057
f 6057 6056 6058
f 6056 6059 6058
f 6058 6059 6060
f 6060 6059 6061
f 6059 6062 6061
f 6061 6062 6063
f 705 6053 6064
f 6064 6053 6065
f 6053 6066 6065
f 6065 6066 6067
f 6066 6056 6067
f 6067 6056 6055
f 6068 6069 6070
f 6069 6071 6070
f 6072 6073 6070
f 6070 6073 6074
f 6073 6075 6074
f 6074 6076 6077
f 6077 6076 6078
f 6079 6080 6073
f 6075 6081 6076
f 6076 6082 6078
f 6072 6079 6073
f 6073 6080 6075
f 6075 6076 6074
f 6071 6072 6070
f 6083 6082 6084
f 6084 6081 6085
f 6086 6084 6087
f 6087 6084 6088
f 6080 6089 6088
f 6089 6090 6088
f 6087 6091 6092
f 6090 6093 6088
f 6088 6093 6087
f 6093 6094 6087
f 6087 6094 6091
f 6087 6095 6086
f 6096 6095 6097
f 6097 6095 6098
f 6098 6095 6099
f 6099 6095 6100
f 6101 6102 6103
f 6102 6104 6103
f 6104 6105 6103
f 6097 6106 6107
f 6098 6106 6097
f 6095 6096 6086
f 6084 6085 6088
f 6088 6085 6080
f 6108 6109 6095
f 6109 6100 6095
f 6092 6108 6087
f 6108 6095 6087
f 6110 6111 6112
f 6110 6112 6113
f 6112 6114 6113
f 6113 6114 6115
f 6114 6116 6115
f 6115 6116 6117
f 6116 6118 6117
f 6117 6118 6119
f 6114 6083 6086
f 6086 6083 6084
f 6119 6118 6120
f 6118 6096 6120
f 6121 6122 6123
f 6102 91 6124
f 6123 6122 6096
f 6096 6122 6120
f 6114 6086 6116
f 6116 6086 6118
f 6086 6096 6118
f 6104 6121 6123
f 6102 6124 6104
f 6124 6125 6104
f 6104 6125 6121
f 6107 6105 6097
f 6105 6104 6097
f 6104 6123 6097
f 6081 6084 6082
f 634 6126 6127
f 6127 6126 6128
f 6129 6128 6126
f 6130 6131 6129
f 6131 6132 6129
f 6129 6132 6128
f 6133 6134 6126
f 6049 6135 6129
f 6129 6135 6136
f 6134 6049 6126
f 6045 6044 6046
f 6111 6043 6112
f 6043 6045 6112
f 6114 6137 6138
f 6137 6045 6139
f 6048 6047 6140
f 6136 6140 6141
f 6048 6045 6046
f 6045 6137 6112
f 6137 6114 6112
f 6123 6096 6097
f 6040 6042 6142
f 6143 6040 6142
f 6142 6042 6144
f 6143 6142 6145
f 6142 6144 6037
f 6037 6144 6038
f 6146 6143 6145
f 6145 6142 6037
f 6063 6062 6039
f 6039 6062 6037
f 6037 6147 6145
f 6054 6148 6053
f 6056 6149 6059
f 6059 6150 6062
f 6062 6147 6037
f 6148 6051 6053
f 6066 6149 6056
f 6149 6150 6059
f 6145 6147 6146
f 6147 6078 6146
f 6135 6146 6136
f 6146 6151 6136
f 6134 6050 6049
f 6049 6040 6135
f 6151 6078 6139
f 6139 6078 6138
f 6130 6129 6152
f 6129 6136 6152
f 634 6133 6126
f 6126 6049 6129
f 6136 6151 6048
f 6139 6045 6151
f 6151 6045 6048
f 6136 6141 6152
f 6152 6141 6130
f 6062 6150 6147
f 6149 6153 6070
f 6153 6154 6155
f 6154 6156 6155
f 6070 6074 6150
f 6155 6068 6153
f 6153 6068 6070
f 6074 6077 6150
f 6150 6077 6147
f 6147 6077 6078
f 6078 6082 6138
f 6080 6085 6075
f 6085 6081 6075
f 6082 6083 6138
f 6083 6114 6138
f 6052 6156 6053
f 6156 6154 6053
f 6053 6154 6066
f 6154 6153 6066
f 6066 6153 6149
f 6149 6070 6150
f 6138 6137 6139
f 6048 6140 6136
f 6101 6157 6102
f 6157 91 6102
f 6079 6089 6080
f 6081 6082 6076
f 6078 6151 6146
f 6146 6135 6143
f 6143 6135 6040
f 6040 6050 6041
f 6158 6133 636
f 6133 634 636
f 6159 6041 6160
f 6160 6041 6161
f 6041 6050 6161
f 6161 6050 6162
f 6050 6134 6162
f 6162 6134 6158
f 6158 6134 6133
f 6163 6042 6159
f 6159 6042 6041
f 6164 6038 6165
f 6165 6038 6166
f 6038 6144 6166
f 6166 6144 6163
f 6144 6042 6163
f 6057 6058 6167
f 6058 6060 6167
f 6167 6060 6168
f 6060 6061 6168
f 6168 6061 6169
f 6061 6063 6169
f 6169 6063 6164
f 6063 6039 6164
f 6164 6039 6038
f 6167 6170 6057
f 6057 6170 6055
f 6170 6171 6055
f 6055 6171 6067
f 6171 6172 6067
f 6172 6173 6067
f 6067 6173 6065
f 6173 6174 6065
f 6065 6174 6064
f 6174 702 6064
f 6064 702 705
f 702 6174 757
f 6174 6175 757
f 757 6175 759
f 6175 6176 759
f 759 6176 760
f 6176 6177 760
f 760 6177 748
f 6177 6178 748
f 748 6178 749
f 6178 6179 749
f 749 6179 761
f 6179 6180 761
f 761 6180 762
f 6180 6181 762
f 762 6181 754
f 6181 6182 754
f 754 6182 755
f 6182 6183 755
f 755 6183 763
f 6183 6184 763
f 763 6184 764
f 6184 6185 764
f 764 6185 765
f 6185 6186 765
f 765 6186 734
f 6186 6187 734
f 734 6187 735
f 6187 6188 735
f 735 6188 737
f 6188 6189 737
f 737 6189 741
f 6189 6190 741
f 741 6190 740
f 6190 6191 740
f 740 6191 699
f 6191 6192 699
f 6174 6173 6175
f 6191 6193 6192
f 6173 6172 6175
f 6191 6194 6193
f 6172 6171 6175
f 6191 6195 6194
f 6171 6170 6175
f 6190 6196 6191
f 6191 6196 6195
f 6196 6197 6195
f 6170 6167 6175
f 6196 6198 6197
f 6167 6168 6175
f 6187 6199 6188
f 6188 6199 6189
f 6199 6200 6189
f 6189 6200 6190
f 6200 6201 6190
f 6190 6201 6196
f 6201 6202 6196
f 6196 6202 6198
f 6202 6203 6198
f 6168 6169 6175
f 6202 6204 6203
f 6169 6164 6175
f 6187 6205 6199
f 6199 6205 6200
f 6205 6206 6200
f 6200 6206 6201
f 6206 6207 6201
f 6201 6207 6202
f 6202 6208 6204
f 6164 6165 6175
f 6202 6209 6208
f 6165 6166 6175
f 6207 6210 6202
f 6202 6210 6209
f 6210 6211 6209
f 6166 6163 6175
f 6210 6212 6211
f 6163 6159 6175
f 6210 6213 6212
f 6159 6160 6175
f 6207 6214 6210
f 6210 6214 6213
f 6214 6215 6213
f 6160 6161 6175
f 6214 6216 6215
f 6161 6162 6175
f 6162 638 6175
f 6175 638 6176
f 638 640 6176
f 6176 640 6177
f 640 642 6177
f 6177 642 6178
f 642 644 6178
f 6178 644 6179
f 644 646 6179
f 6179 646 6180
f 6214 6217 6216
f 6162 6158 638
f 646 648 6180
f 6180 648 6181
f 6214 6218 6217
f 6158 636 638
f 648 650 6181
f 6181 650 6182
f 650 652 6182
f 6182 652 6183
f 652 654 6183
f 6183 654 6184
f 654 656 6184
f 6184 656 6185
f 656 658 6185
f 6185 658 6186
f 658 660 6186
f 6186 660 6187
f 660 662 6187
f 6187 662 6205
f 662 664 6205
f 6205 664 6206
f 664 666 6206
f 6206 666 6207
f 666 668 6207
f 6207 668 6214
f 668 670 6214
f 6214 670 6218
f 670 630 6218
f 632 6219 630
f 6219 6218 630
f 6219 6220 6218
f 6220 6221 6218
f 6218 6221 6217
f 6221 6222 6217
f 6217 6222 6216
f 6222 6223 6216
f 6216 6223 6215
f 6215 6223 6213
f 6223 6224 6213
f 6213 6224 6212
f 6224 6225 6212
f 6225 6226 6212
f 6212 6226 6211
f 6226 6227 6211
f 6211 6227 6209
f 6227 6228 6209
f 6209 6228 6208
f 6228 6229 6208
f 6229 6230 6208
f 6208 6230 6204
f 6230 6231 6204
f 6204 6231 6203
f 6203 6231 6198
f 6231 6232 6198
f 6232 6233 6198
f 6198 6233 6197
f 6233 6234 6197
f 6197 6234 6195
f 6234 6235 6195
f 6195 6235 6194
f 6194 6235 6193
f 6235 6236 6193
f 6193 6236 6192
f 6236 6237 6192
f 6192 6237 699
f 6237 6238 699
f 699 6238 677
f 6239 6240 6241
f 6242 6243 6244
f 6243 24 6244
f 6245 6246 6247
f 6248 6249 6250
f 6249 6251 6250
f 6244 24 6252
f 6253 6254 6255
f 6256 6257 6258
f 6257 6259 6260
f 6255 6254 6257
f 6257 6254 6258
f 6261 6262 6263
f 6264 6262 6261
f 6265 6261 6259
f 6266 6267 6259
f 6259 6267 6265
f 6268 6264 6261
f 6268 6269 6270
f 6271 6270 6269
f 6272 6269 6273
f 6269 6261 6273
f 6273 6261 6265
f 6256 6274 6257
f 6274 6275 6257
f 6257 6275 6259
f 6259 6275 6266
f 6276 6277 6278
f 6277 6279 6280
f 6281 6278 6282
f 6264 6268 6279
f 6268 6280 6279
f 6272 6271 6269
f 6283 6284 6285
f 6285 6284 6286
f 6284 6287 6286
f 6286 6287 6288
f 6289 6290 6285
f 6290 6283 6285
f 6291 6281 6292
f 6293 6294 6295
f 6286 6296 6295
f 6277 6282 6278
f 6286 6295 6294
f 6281 6294 6297
f 6292 6281 6297
f 6298 6294 6299
f 6299 6300 6298
f 6293 6301 6294
f 6301 6299 6294
f 6285 6286 6282
f 6286 6288 6296
f 6229 6302 6230
f 6302 6291 6230
f 6230 6291 6231
f 6231 6291 6232
f 6291 6292 6232
f 6232 6292 6233
f 6233 6292 6234
f 6292 6297 6234
f 6234 6297 6235
f 6235 6297 6236
f 6297 6298 6236
f 6236 6298 6237
f 6248 6250 6303
f 6304 6305 6306
f 6307 6308 6309
f 6310 6262 6279
f 6276 6311 6279
f 6311 6312 6310
f 6313 6251 6307
f 6279 6311 6310
f 6312 6313 6309
f 6309 6313 6307
f 6311 6314 6312
f 6314 6315 6312
f 6312 6315 6313
f 6316 6313 6317
f 6313 6315 6317
f 6318 6314 6311
f 6313 6316 6250
f 6250 6316 6303
f 6316 6305 6303
f 6303 6305 6304
f 6276 6318 6311
f 6313 6250 6251
f 6319 6306 6305
f 6302 6318 6291
f 6278 6291 6276
f 6302 6320 6314
f 6314 6320 6315
f 6320 6321 6315
f 6321 6317 6315
f 6317 6322 6305
f 6305 6322 6319
f 6305 6316 6317
f 6291 6318 6276
f 6321 6323 6317
f 6322 6247 6246
f 6324 6245 6247
f 6323 6322 6317
f 6322 6246 6319
f 6314 6318 6302
f 6325 6326 6327
f 6326 6260 6327
f 6327 6260 6328
f 6260 6329 6328
f 6328 6329 6330
f 6331 6240 6239
f 6332 6241 6329
f 6241 6333 6329
f 6329 6333 6330
f 6241 6332 6239
f 6239 6309 6331
f 6334 6331 6309
f 6308 6334 6309
f 6332 6263 6239
f 6260 6332 6329
f 6244 6252 6253
f 6253 6255 6244
f 6255 6326 6244
f 6326 6335 6244
f 6244 6335 6242
f 6255 6260 6326
f 6325 6335 6326
f 6239 6310 6309
f 6309 6310 6312
f 6239 6263 6310
f 6268 6261 6269
f 6261 6263 6259
f 6263 6332 6259
f 6259 6332 6260
f 6257 6260 6255
f 6263 6262 6310
f 677 6238 6336
f 6238 6298 6336
f 6336 6298 6337
f 6337 6298 6300
f 6270 6338 6268
f 6268 6338 6280
f 6338 6339 6280
f 6339 6289 6280
f 6289 6285 6280
f 6285 6282 6280
f 6280 6282 6277
f 6278 6281 6291
f 6229 6228 6302
f 6302 6228 6320
f 6228 6227 6320
f 6320 6227 6321
f 6227 6226 6321
f 6226 6225 6321
f 6321 6225 6323
f 6225 6224 6323
f 6224 6223 6323
f 6323 6223 6322
f 6223 6222 6322
f 6322 6222 6247
f 6222 6221 6247
f 6221 6220 6247
f 6220 6219 6247
f 6247 6219 6324
f 6219 632 6324
f 6238 6237 6298
f 6298 6297 6294
f 6294 6281 6286
f 6286 6281 6282
f 6277 6276 6279
f 6279 6262 6264
f 2891 738 2893
f 738 701 2893
f 2893 701 2895
f 701 2897 2895
f 2917 742 2919
f 742 730 2919
f 2919 730 2921
f 730 729 2921
f 729 728 2924
f 728 681 2924
f 681 680 2927
f 680 679 2927
f 679 678 2930
f 678 676 2930
f 2930 676 2932
f 676 2934 2932
f 2948 687 2950
f 687 2952 2950
f 2952 683 2954
f 683 682 2954
f 2954 682 2956
f 682 685 2956
f 726 693 2964
f 693 2966 2964
f 2982 717 2984
f 717 716 2984
f 2984 716 2986
f 716 2988 2986
f 3010 731 2877
f 731 704 2877
f 2877 704 2879
f 704 703 2879
f 2879 703 2881
f 703 756 2881
f 2881 756 2883
f 756 758 2883
f 2883 758 2885
f 758 750 2885
f 2885 750 2887
f 750 736 2887
f 2887 736 2889
f 736 739 2889
f 2889 739 2891
f 739 738 2891
f 701 700 2897
f 700 698 2897
f 2897 698 2899
f 698 697 2899
f 2899 697 2901
f 697 747 2901
f 2901 747 2903
f 747 746 2903
f 2903 746 2905
f 746 745 2905
f 2905 745 2907
f 745 753 2907
f 2907 753 2909
f 753 752 2909
f 2909 752 2911
f 752 751 2911
f 2911 751 2913
f 751 744 2913
f 2913 744 2915
f 744 743 2915
f 2915 743 2917
f 743 742 2917
f 676 675 2934
f 675 691 2934
f 2934 691 2936
f 691 690 2936
f 2936 690 2938
f 690 689 2938
f 2938 689 2940
f 689 696 2940
f 2940 696 2942
f 696 695 2942
f 2942 695 2944
f 695 694 2944
f 2944 694 2946
f 694 688 2946
f 2946 688 2948
f 688 687 2948
f 687 686 2952
f 686 683 2952
f 693 692 2966
f 692 725 2966
f 2966 725 2968
f 725 724 2968
f 2968 724 2970
f 724 723 2970
f 2970 723 2972
f 723 722 2972
f 2972 722 2974
f 722 721 2974
f 2974 721 2976
f 721 720 2976
f 2976 720 2978
f 720 719 2978
f 2978 719 2980
f 719 718 2980
f 2980 718 2982
f 718 717 2982
f 716 715 2988
f 715 714 2988
f 2988 714 2990
f 714 713 2990
f 2990 713 2992
f 713 712 2992
f 2992 712 2994
f 712 711 2994
f 2994 711 2996
f 711 710 2996
f 2996 710 2998
f 710 709 2998
f 2998 709 3000
f 709 708 3000
f 3000 708 3002
f 708 707 3002
f 3002 707 3004
f 707 706 3004
f 3004 706 3006
f 706 733 3006
f 3006 733 3008
f 733 732 3008
f 3008 732 3010
f 732 731 3010
f 844 838 6340
f 838 6341 6340
f 6340 6341 6342
f 6341 6343 6342
f 6342 6343 6344
f 6343 6345 6344
f 6344 6345 6346
f 6345 6347 6346
f 6346 6347 6348
f 6347 6349 6348
f 6348 6349 6350
f 6349 6351 6350
f 6350 6351 6352
f 6351 6353 6352
f 6352 6353 6354
f 6353 6355 6354
f 6355 6356 6354
f 6354 6356 6357
f 6356 6358 6357
f 6357 6358 6359
f 6359 6358 6360
f 6358 6361 6360
f 6360 6361 6362
f 6361 6363 6362
f 6363 6364 6362
f 6362 6364 6365
f 6364 6366 6365
f 6365 6366 6367
f 6366 6368 6367
f 6367 6368 6369
f 6368 6370 6369
f 6368 6371 6370
f 6371 6372 6370
f 6370 6372 6373
f 6372 6374 6373
f 6373 6374 6375
f 6374 6376 6375
f 6375 6376 6377
f 6376 6378 6377
f 6377 6378 6379
f 6378 6380 6379
f 6379 6380 6381
f 6380 6382 6381
f 6381 6382 6383
f 6382 6384 6383
f 6383 6384 6385
f 6384 6386 6385
f 6385 6386 6387
f 6386 6388 6387
f 6387 6388 6389
f 6388 847 6389
f 6389 847 846
f 6369 6370 6390
f 6370 6373 6390
f 6390 6373 6391
f 6373 6375 6391
f 6391 6375 6392
f 6375 6377 6392
f 6392 6377 6393
f 6377 6379 6393
f 6393 6379 6394
f 6379 6381 6394
f 6394 6381 6395
f 6381 6383 6395
f 6395 6383 6396
f 6383 6385 6396
f 6396 6385 6397
f 6385 6387 6397
f 6397 6387 6398
f 6387 6389 6398
f 6398 6389 6399
f 6389 846 6399
f 6399 846 848
f 6400 6352 6401
f 6352 6354 6401
f 6401 6354 6402
f 6354 6357 6402
f 6402 6357 6403
f 6357 6359 6403
f 6403 6359 6404
f 6359 6360 6404
f 6404 6360 6405
f 6360 6362 6405
f 6405 6362 6406
f 6362 6365 6406
f 6406 6365 6407
f 6365 6367 6407
f 6407 6367 6408
f 6367 6369 6408
f 6408 6369 6409
f 6369 6390 6409
f 842 844 6410
f 844 6340 6410
f 6410 6340 6411
f 6340 6342 6411
f 6411 6342 6412
f 6342 6344 6412
f 6412 6344 6413
f 6344 6346 6413
f 6413 6346 6414
f 6346 6348 6414
f 6414 6348 6400
f 6348 6350 6400
f 6400 6350 6352
f 838 840 6415
f 838 6415 6341
f 6415 6416 6341
f 6341 6416 6343
f 6416 6417 6343
f 6343 6417 6345
f 6417 6418 6345
f 6345 6418 6347
f 6347 6418 6349
f 6418 6419 6349
f 6349 6419 6351
f 6419 6420 6351
f 6420 6421 6351
f 6351 6421 6353
f 6421 6422 6353
f 6353 6422 6355
f 6422 6423 6355
f 6355 6423 6356
f 6423 6424 6356
f 6356 6424 6358
f 6424 6425 6358
f 6358 6425 6361
f 6425 6426 6361
f 6361 6426 6363
f 6426 6427 6363
f 6363 6427 6364
f 6427 6428 6364
f 6364 6428 6366
f 6428 6429 6366
f 6366 6429 6368
f 6429 6371 6368
f 6429 6430 6371
f 6430 6431 6371
f 6371 6431 6372
f 6431 6432 6372
f 6372 6432 6374
f 6432 6433 6374
f 6374 6433 6376
f 6433 6434 6376
f 6376 6434 6378
f 6434 6435 6378
f 6378 6435 6380
f 6435 6436 6380
f 6380 6436 6382
f 6436 6437 6382
f 6382 6437 6384
f 6437 6438 6384
f 6384 6438 6386
f 6438 6439 6386
f 6386 6439 6388
f 6439 849 6388
f 6388 849 847
f 840 842 6415
f 842 6410 6415
f 6415 6410 6416
f 6410 6411 6416
f 6411 6412 6416
f 6416 6412 6417
f 6412 6413 6417
f 6417 6413 6418
f 6413 6414 6418
f 6418 6414 6419
f 6414 6400 6419
f 6419 6400 6420
f 6400 6401 6420
f 6420 6401 6421
f 6401 6402 6421
f 6421 6402 6422
f 6402 6403 6422
f 6422 6403 6423
f 6403 6404 6423
f 6423 6404 6424
f 6424 6404 6425
f 6404 6405 6425
f 6425 6405 6426
f 6405 6406 6426
f 6426 6406 6427
f 6406 6407 6427
f 6427 6407 6428
f 6407 6408 6428
f 6428 6408 6429
f 6408 6409 6429
f 6429 6409 6430
f 6409 6390 6430
f 6390 6391 6430
f 6430 6391 6431
f 6391 6392 6431
f 6431 6392 6432
f 6392 6393 6432
f 6432 6393 6433
f 6393 6394 6433
f 6433 6394 6434
f 6394 6395 6434
f 6434 6395 6435
f 6395 6396 6435
f 6435 6396 6436
f 6396 6397 6436
f 6436 6397 6437
f 6397 6398 6437
f 6437 6398 6438
f 6398 6399 6438
f 6438 6399 6439
f 6399 848 6439
f 6439 848 849
f 6440 4868 6441
f 4868 4871 6441
f 4872 6442 4871
f 6442 6443 4871
f 4871 6443 6441
f 4873 6444 4872
f 6444 6442 4872
f 4876 6445 4873
f 6445 6446 4873
f 4873 6446 6444
f 4880 6447 4876
f 6447 6448 4876
f 4876 6448 6445
f 4881 6449 4880
f 6449 6447 4880
f 4884 6450 4881
f 6450 6451 4881
f 4881 6451 6449
f 6452 6453 4884
f 4884 6453 6450
f 4884 4887 6452
f 4887 4890 6452
f 6452 4890 6454
f 4890 4891 6454
f 6454 4891 6455
f 4891 4892 6455
f 6455 4892 6456
f 4892 4893 6456
f 6456 4893 6457
f 4893 4894 6457
f 6457 4894 6458
f 4894 4898 6458
f 6458 4898 6459
f 4898 4901 6459
f 6459 4901 6460
f 4901 4906 6460
f 6460 4906 6461
f 4906 4907 6461
f 6461 4907 6462
f 4907 4866 6462
f 6462 4866 6463
f 6464 4853 4852
f 6465 4859 4858
f 6466 6467 6468
f 6469 6470 6471
f 6472 6473 6474
f 6475 6476 6477
f 6478 6479 6480
f 4835 6481 6480
f 6482 6483 6484
f 6484 6483 6485
f 6486 6487 6488
f 6489 6490 6491
f 6491 6490 6492
f 6490 6493 6492
f 6494 6486 6495
f 6486 6488 6495
f 6487 6489 6488
f 6485 6494 6484
f 6494 6495 6484
f 6488 6489 6491
f 6496 6491 6492
f 6475 6497 6498
f 6498 6493 6476
f 6493 6490 6476
f 6487 6477 6476
f 6477 6499 6475
f 6499 6500 6475
f 6501 6502 6503
f 6503 6504 6505
f 6506 6507 6508
f 6507 6509 6508
f 6497 6475 6504
f 6501 6509 6502
f 6498 6476 6475
f 6510 6505 6504
f 6500 6510 6475
f 6510 6504 6475
f 6511 6512 6513
f 6512 6514 6513
f 6511 6513 6515
f 6515 6513 6516
f 6513 6517 6516
f 6516 6517 6518
f 6517 6519 6518
f 6518 6519 6520
f 6497 6521 6498
f 6521 6522 6498
f 6522 6521 6523
f 6520 6519 6524
f 6519 6525 6524
f 6526 6527 6528
f 6528 6527 6529
f 6527 6530 6529
f 6529 6530 6531
f 131 6532 6533
f 6532 6534 6533
f 6533 6534 6535
f 6507 131 6533
f 6529 6531 6525
f 6525 6531 6524
f 6536 6523 6537
f 6523 6521 6537
f 6537 6521 6517
f 6517 6521 6497
f 6525 6497 6504
f 6529 6504 6528
f 6533 6535 6507
f 6502 6507 6528
f 6507 6535 6528
f 6528 6535 6526
f 6509 6507 6502
f 6528 6503 6502
f 6493 6498 6522
f 4867 4865 6538
f 4865 6539 6538
f 6538 6539 6540
f 6540 6539 6541
f 6541 6539 6542
f 6542 6539 6543
f 6539 6544 6543
f 6544 6545 6543
f 6546 6547 6544
f 6547 6548 6544
f 6544 6548 6545
f 4865 4864 6539
f 4864 6549 6539
f 6539 6549 6544
f 6549 6550 6544
f 6467 6551 6468
f 6468 6551 6552
f 6512 6553 6514
f 6553 6554 6514
f 6554 6466 6514
f 6555 6536 6514
f 6466 6468 6514
f 6474 6470 6556
f 6555 6557 6558
f 6474 6473 6559
f 6529 6525 6504
f 6555 6468 6471
f 6471 6470 6474
f 6469 6471 6552
f 6552 6471 6468
f 6468 6555 6514
f 6536 6537 6514
f 6514 6537 6513
f 6537 6517 6513
f 6517 6497 6519
f 6497 6525 6519
f 6528 6504 6503
f 6465 4858 6560
f 6560 4858 4855
f 6560 4855 4853
f 6560 4853 6464
f 6465 6561 6550
f 4835 6480 4836
f 6480 6562 4836
f 4836 6562 4839
f 4839 6562 4841
f 6562 6563 4841
f 4841 6563 4843
f 6563 6564 4843
f 4843 6564 4845
f 4845 6564 4846
f 6564 6565 4846
f 4846 6565 4847
f 4847 6565 4849
f 6565 6566 4849
f 4849 6566 4852
f 4852 6566 6464
f 6560 6561 6465
f 6481 6478 6480
f 6464 6567 6560
f 6560 6567 6561
f 6561 6568 6550
f 6562 6569 6563
f 6564 6563 6565
f 6563 6570 6565
f 6565 6570 6566
f 6566 6567 6464
f 6561 6567 6568
f 6567 6571 6568
f 6550 6568 6557
f 6568 6571 6558
f 4864 4861 6549
f 6546 6544 6572
f 6544 6550 6572
f 6572 6550 6474
f 6474 6550 6557
f 6568 6558 6557
f 6536 6558 6492
f 6536 6555 6558
f 6474 6559 6572
f 6572 6559 6546
f 6479 6562 6480
f 6569 6570 6563
f 6570 6496 6566
f 6496 6571 6567
f 6492 6558 6571
f 6573 6562 6574
f 6573 6495 6569
f 6496 6492 6571
f 6574 6482 6573
f 6482 6484 6573
f 6573 6484 6495
f 6495 6488 6569
f 6488 6491 6569
f 6569 6491 6570
f 6491 6496 6570
f 6487 6476 6490
f 6522 6523 6493
f 6493 6523 6492
f 6523 6536 6492
f 6479 6574 6562
f 6562 6573 6569
f 6566 6496 6567
f 6555 6471 6557
f 6471 6474 6557
f 6474 6556 6472
f 6506 131 6507
f 6486 6477 6487
f 6487 6490 6489
f 6550 6549 6465
f 6465 6549 4859
f 6549 4861 4859
f 6462 6463 6575
f 6575 6576 6462
f 6462 6576 6461
f 6576 6577 6461
f 6461 6577 6460
f 6577 6578 6460
f 6460 6578 6459
f 6578 6579 6459
f 6579 6580 6459
f 6459 6580 6458
f 6580 6457 6458
f 6580 6581 6457
f 6457 6581 6456
f 6456 6581 6455
f 6581 6582 6455
f 6582 6583 6455
f 6455 6583 6454
f 6583 6452 6454
f 6583 6584 6452
f 6452 6584 6453
f 6584 6585 6453
f 6453 6585 6450
f 6585 6586 6450
f 6587 6444 6588
f 6444 6446 6588
f 6446 6445 6588
f 6588 6445 6589
f 6445 6448 6589
f 6448 6447 6589
f 6589 6447 6590
f 6447 6449 6590
f 6590 6449 6586
f 6449 6451 6586
f 6586 6451 6450
f 6591 6440 6592
f 6440 6441 6592
f 6441 6443 6592
f 6592 6443 6587
f 6443 6442 6587
f 6587 6442 6444
f 6593 6594 6595
f 6596 6597 6598
f 6599 6600 6601
f 6600 107 6601
f 6602 6603 6604
f 6603 6605 6604
f 6606 6607 6608
f 6607 6609 6610
f 6611 6612 6613
f 6601 107 6614
f 6615 6616 6617
f 6618 6617 6616
f 6617 6619 6620
f 6617 6618 6621
f 6622 6595 6623
f 6624 6622 6625
f 6625 6622 6626
f 6627 6626 6628
f 6619 6629 6628
f 6629 6630 6628
f 6630 6631 6628
f 6628 6631 6627
f 6632 6625 6633
f 6634 6633 6625
f 6626 6627 6625
f 6627 6634 6625
f 6622 6623 6626
f 6621 6635 6617
f 6635 6636 6617
f 6617 6636 6619
f 6619 6636 6629
f 6637 6624 6625
f 6637 6638 6639
f 6640 6641 6642
f 6640 6642 6611
f 6611 6642 6612
f 6637 6639 6640
f 6640 6639 6641
f 6643 6640 6644
f 6644 6640 6645
f 6643 6644 6646
f 6645 6611 6647
f 6647 6611 6648
f 6648 6611 6649
f 6613 6649 6611
f 6643 6637 6640
f 6640 6611 6645
f 6645 6647 6650
f 6644 6645 6650
f 6651 6647 6652
f 6648 6652 6647
f 6653 6654 6583
f 6583 6654 6584
f 6654 6646 6584
f 6584 6646 6585
f 6585 6646 6586
f 6646 6644 6586
f 6586 6644 6590
f 6590 6644 6589
f 6644 6650 6589
f 6589 6650 6588
f 6588 6650 6587
f 6650 6647 6587
f 6587 6647 6592
f 6655 6656 6657
f 6658 6659 6610
f 6660 6661 6662
f 6663 6664 6665
f 6663 6666 6664
f 6664 6666 6667
f 6667 6668 6662
f 6662 6668 6669
f 6668 6670 6669
f 6671 6672 6665
f 6665 6672 6663
f 6664 6667 6673
f 6673 6667 6662
f 6662 6669 6660
f 6672 6674 6663
f 6663 6674 6666
f 6666 6675 6667
f 6675 6656 6668
f 6668 6656 6676
f 6656 6655 6676
f 6656 6675 6677
f 6678 6675 6674
f 6666 6674 6675
f 6656 6610 6657
f 6657 6610 6679
f 6610 6659 6679
f 6667 6675 6668
f 6668 6676 6670
f 6680 6681 6608
f 6681 6606 6608
f 6609 6658 6610
f 6678 6674 6682
f 6674 6672 6683
f 6684 6643 6683
f 6678 6685 6677
f 6607 6610 6608
f 6610 6677 6608
f 6677 6675 6678
f 6682 6674 6683
f 6683 6672 6684
f 6646 6654 6683
f 6678 6653 6685
f 6685 6686 6677
f 6686 6604 6608
f 6604 6605 6687
f 6643 6646 6683
f 6654 6653 6682
f 6682 6653 6678
f 6683 6654 6682
f 6677 6686 6608
f 6608 6604 6680
f 6604 6687 6680
f 6610 6656 6677
f 6672 6671 6684
f 6671 6624 6684
f 6688 6689 6690
f 6689 6620 6690
f 6690 6620 6691
f 6620 6692 6691
f 6691 6692 6693
f 6689 6694 6695
f 6597 6596 6696
f 6595 6594 6596
f 6594 6697 6596
f 6596 6697 6696
f 6598 6698 6692
f 6698 6693 6692
f 6598 6692 6596
f 6699 6700 6595
f 6595 6700 6593
f 6661 6701 6702
f 6692 6623 6596
f 6595 6702 6699
f 6702 6701 6699
f 6623 6595 6596
f 6673 6662 6702
f 6702 6662 6661
f 6601 6614 6615
f 6689 6695 6703
f 6615 6617 6601
f 6617 6689 6601
f 6689 6703 6601
f 6601 6703 6599
f 6617 6620 6689
f 6688 6694 6689
f 6702 6704 6673
f 6673 6704 6664
f 6702 6595 6704
f 6704 6665 6664
f 6622 6665 6595
f 6623 6692 6619
f 6704 6595 6665
f 6637 6625 6632
f 6626 6623 6628
f 6623 6619 6628
f 6619 6692 6620
f 6592 6647 6591
f 6591 6647 6651
f 6633 6705 6632
f 6705 6706 6632
f 6632 6706 6637
f 6706 6638 6637
f 6637 6643 6624
f 6583 6582 6653
f 6582 6581 6653
f 6653 6581 6685
f 6581 6580 6685
f 6685 6580 6686
f 6580 6579 6686
f 6579 6578 6686
f 6686 6578 6604
f 6578 6577 6604
f 6577 6576 6604
f 6604 6576 6602
f 6576 6575 6602
f 6643 6684 6624
f 6624 6671 6622
f 6671 6665 6622
f 6707 773 775
f 775 6708 6707
f 6708 6709 6707
f 6707 6709 6710
f 6709 6711 6710
f 6710 6711 6712
f 6711 6713 6712
f 6713 6714 6712
f 6712 6714 6715
f 6714 6716 6715
f 6716 6717 6715
f 6715 6717 6718
f 6717 6719 6718
f 6717 6720 6719
f 6719 6720 6721
f 6720 6722 6721
f 6722 6723 6721
f 6721 6723 6724
f 6723 6725 6724
f 6725 6726 6724
f 6724 6726 6727
f 6726 6728 6727
f 6726 6729 6728
f 6729 6730 6728
f 6728 6730 6731
f 6730 6732 6731
f 6731 6732 6733
f 6732 6734 6733
f 6733 6734 6735
f 6734 6736 6735
f 6737 6738 6739
f 6738 6740 6739
f 6739 6740 6741
f 6740 6742 6741
f 6741 6742 6743
f 6742 6744 6743
f 6743 6744 6745
f 6744 6746 6745
f 6745 6746 6736
f 6746 6735 6736
f 777 779 6747
f 779 6748 6747
f 6747 6748 6749
f 6748 6750 6749
f 6749 6750 6737
f 6750 6751 6737
f 6737 6751 6738
f 6752 6729 6726
f 6753 6743 6745
f 6754 6755 6756
f 6757 6758 6759
f 6758 6760 6759
f 6761 6762 6763
f 6764 6761 6763
f 6765 6766 6767
f 6768 6769 6767
f 6767 6770 6771
f 6772 6773 6770
f 6770 6773 6774
f 6769 6775 6767
f 6775 6772 6767
f 6767 6772 6770
f 6770 6774 6776
f 6774 6777 6776
f 6766 6768 6767
f 6771 6770 6778
f 6770 6776 6778
f 6779 6780 6781
f 6779 6781 6782
f 6772 6783 6782
f 6783 6784 6782
f 6779 6785 6786
f 6786 6785 6787
f 6784 6788 6782
f 6788 6789 6782
f 6782 6789 6779
f 6789 6790 6779
f 6779 6790 6785
f 6791 6792 6793
f 6792 6794 6793
f 6793 6794 6795
f 6796 6797 6798
f 6797 6799 6798
f 6792 6800 6801
f 6791 6800 6792
f 6782 6781 6772
f 6802 6795 6794
f 6787 6802 6786
f 6802 6794 6786
f 6803 6804 6805
f 6804 6806 6805
f 6803 6805 6807
f 6805 6808 6807
f 6807 6808 6809
f 6808 6810 6809
f 6810 6811 6812
f 6813 6780 6814
f 6779 6786 6814
f 6814 6780 6779
f 6812 6811 6815
f 6816 6817 6818
f 6797 234 6819
f 6818 6817 6811
f 6811 6817 6815
f 6820 6780 6813
f 6813 6814 6808
f 6808 6814 6810
f 6814 6821 6810
f 6821 6794 6792
f 6819 6822 6797
f 6801 6797 6818
f 6797 6822 6818
f 6818 6822 6816
f 6800 6799 6801
f 6799 6797 6801
f 6818 6792 6801
f 6786 6794 6814
f 6814 6794 6821
f 6821 6792 6818
f 6747 6823 777
f 777 6823 6824
f 6824 6823 6825
f 6826 6825 6823
f 6827 6828 6826
f 6826 6828 6825
f 6747 6749 6823
f 6749 6737 6823
f 6741 6743 6829
f 6743 6753 6829
f 6756 6755 6757
f 6804 6754 6806
f 6830 6820 6806
f 6754 6756 6806
f 6780 6820 6831
f 6759 6760 6832
f 6833 6759 6834
f 6759 6826 6834
f 6826 6832 6827
f 6818 6811 6821
f 6821 6811 6810
f 6759 6756 6757
f 6756 6830 6806
f 6806 6820 6805
f 6820 6813 6805
f 6805 6813 6808
f 6829 6753 6834
f 6753 6745 6736
f 6753 6736 6835
f 6835 6736 6734
f 6835 6734 6732
f 6835 6732 6753
f 6753 6732 6730
f 6753 6730 6752
f 6752 6730 6729
f 775 6836 6708
f 6836 6837 6708
f 6708 6837 6709
f 6709 6837 6711
f 6711 6837 6713
f 6837 6838 6713
f 6713 6838 6714
f 6714 6838 6716
f 6716 6838 6717
f 6838 6839 6717
f 6717 6839 6720
f 6839 6840 6720
f 6720 6840 6722
f 6722 6840 6723
f 6723 6840 6725
f 6840 6841 6725
f 6841 6752 6725
f 6725 6752 6726
f 6752 6842 6753
f 6753 6842 6834
f 6836 6843 6837
f 6842 6833 6834
f 6843 6764 6837
f 6837 6763 6838
f 6838 6844 6839
f 6839 6845 6840
f 6840 6845 6841
f 6841 6842 6752
f 6764 6763 6837
f 6763 6844 6838
f 6829 6834 6826
f 6833 6846 6847
f 6737 6739 6823
f 6739 6829 6823
f 6823 6829 6826
f 6831 6830 6847
f 6844 6845 6839
f 6845 6848 6841
f 6846 6833 6842
f 6848 6845 6778
f 6845 6844 6771
f 6844 6849 6771
f 6848 6777 6846
f 6777 6774 6847
f 6831 6847 6774
f 6762 6850 6849
f 6850 6765 6849
f 6765 6767 6849
f 6767 6771 6849
f 6771 6778 6845
f 6778 6776 6848
f 6848 6776 6777
f 6772 6781 6773
f 6781 6780 6773
f 6780 6831 6774
f 6762 6849 6763
f 6763 6849 6844
f 6841 6848 6842
f 6848 6846 6842
f 6777 6847 6846
f 6820 6830 6831
f 6830 6756 6847
f 6756 6759 6847
f 6847 6759 6833
f 6759 6832 6826
f 6796 234 6797
f 6775 6783 6772
f 6773 6780 6774
f 6829 6739 6741
f 779 771 6748
f 771 6851 6748
f 6748 6851 6750
f 6851 6852 6750
f 6750 6852 6751
f 6852 6853 6751
f 6751 6853 6738
f 6853 6854 6738
f 6854 6855 6738
f 6738 6855 6740
f 6740 6855 6742
f 6855 6856 6742
f 6742 6856 6744
f 6744 6856 6746
f 6856 6857 6746
f 6857 6858 6746
f 6746 6858 6735
f 6858 6859 6735
f 6859 6860 6735
f 6735 6860 6733
f 6860 6861 6733
f 6733 6861 6731
f 6861 6728 6731
f 6861 6862 6728
f 6862 6863 6728
f 6728 6863 6727
f 6863 6864 6727
f 6727 6864 6724
f 6864 6865 6724
f 6724 6865 6721
f 6865 6866 6721
f 6721 6866 6719
f 6866 6867 6719
f 6719 6867 6718
f 6867 6868 6718
f 6718 6868 6715
f 6868 6869 6715
f 6715 6869 6712
f 6869 6870 6712
f 6712 6870 6710
f 6870 6871 6710
f 6710 6871 6707
f 6871 774 6707
f 6707 774 773
f 771 772 6851
f 772 6872 6851
f 6851 6872 6852
f 6872 6873 6852
f 6852 6873 6853
f 6873 6874 6853
f 6853 6874 6854
f 6874 6875 6854
f 6854 6875 6855
f 6875 6876 6855
f 6855 6876 6856
f 6876 6877 6856
f 6878 6879 6862
f 6862 6861 6878
f 6861 6860 6878
f 6878 6860 6880
f 6860 6859 6880
f 6880 6859 6881
f 6859 6858 6881
f 6881 6858 6882
f 6858 6857 6882
f 6882 6857 6877
f 6857 6856 6877
f 6879 6883 6862
f 6862 6883 6863
f 6883 6864 6863
f 6883 6884 6864
f 6864 6884 6865
f 6884 6885 6865
f 6885 6886 6865
f 6865 6886 6866
f 6886 6867 6866
f 6886 6887 6867
f 6867 6887 6868
f 6887 6888 6868
f 6868 6888 6869
f 6888 6889 6869
f 6889 6890 6869
f 6869 6890 6870
f 6890 6871 6870
f 6890 6891 6871
f 6871 6891 774
f 6891 6892 774
f 774 6892 776
f 6893 6884 6883
f 6894 6888 6887
f 6895 6896 6897
f 6898 6899 6897
f 6900 6901 6902
f 6903 6904 6905
f 6906 6907 6908
f 6909 6910 6911
f 6911 6912 6913
f 6914 6915 6916
f 6912 6917 6915
f 6915 6918 6916
f 6919 6920 6911
f 6920 6912 6911
f 6910 6919 6911
f 6912 6915 6913
f 6913 6915 6914
f 6921 6922 6923
f 6922 6924 6917
f 6925 6917 6926
f 6920 6927 6926
f 6925 6928 6923
f 6923 6928 6929
f 6927 6930 6926
f 6926 6930 6925
f 6930 6928 6925
f 6931 6932 6933
f 6932 6934 6933
f 6933 6934 6935
f 6936 6937 6938
f 6937 6939 6938
f 6939 6940 6938
f 6921 6934 6932
f 6931 6940 6932
f 6923 6922 6925
f 6922 6917 6925
f 6926 6917 6912
f 6941 6935 6934
f 6929 6941 6923
f 6941 6934 6923
f 6942 6943 6944
f 6942 6944 6945
f 6944 6946 6945
f 6945 6946 6947
f 6946 6948 6947
f 6947 6948 6949
f 6948 6950 6949
f 6949 6950 6951
f 6918 6924 6952
f 6952 6924 6953
f 6953 6924 6922
f 6951 6950 6954
f 6955 6956 6957
f 6937 242 6958
f 6957 6956 6950
f 6950 6956 6954
f 6946 6918 6952
f 6957 6959 6955
f 6937 6958 6939
f 6958 6960 6939
f 6932 6939 6957
f 6939 6960 6957
f 6957 6960 6959
f 6940 6939 6932
f 6957 6921 6932
f 6921 6923 6934
f 6922 6921 6953
f 6953 6921 6961
f 6961 6921 6957
f 776 6892 6962
f 6892 6963 6962
f 6962 6963 6964
f 6964 6963 6965
f 6963 6966 6965
f 6966 6967 6965
f 6968 6969 6966
f 6966 6969 6967
f 6891 6890 6963
f 6963 6970 6966
f 6897 6896 6898
f 6943 6971 6944
f 6944 6971 6972
f 6971 6895 6972
f 6973 6946 6972
f 6895 6897 6972
f 6972 6946 6944
f 6918 6946 6974
f 6975 6976 6900
f 6977 6975 6902
f 6902 6901 6978
f 6957 6950 6961
f 6961 6950 6953
f 6897 6899 6975
f 6975 6899 6976
f 6897 6973 6972
f 6946 6952 6948
f 6952 6953 6948
f 6948 6953 6950
f 6894 6887 6886
f 6970 6894 6979
f 6894 6886 6979
f 6979 6886 6885
f 6970 6979 6980
f 6979 6885 6884
f 6979 6884 6893
f 6906 6908 772
f 772 6908 6872
f 6872 6908 6873
f 6873 6908 6874
f 6908 6981 6874
f 6874 6981 6875
f 6875 6981 6876
f 6876 6981 6877
f 6981 6982 6877
f 6877 6982 6882
f 6882 6982 6881
f 6982 6983 6881
f 6881 6983 6880
f 6983 6984 6880
f 6880 6984 6878
f 6878 6984 6879
f 6984 6893 6879
f 6879 6893 6883
f 6893 6980 6979
f 6984 6985 6893
f 6893 6986 6980
f 6986 6977 6980
f 6980 6977 6970
f 6907 6987 6908
f 6908 6905 6981
f 6984 6983 6985
f 6985 6986 6893
f 6987 6903 6908
f 6903 6905 6908
f 6981 6905 6982
f 6902 6970 6977
f 6890 6889 6963
f 6889 6894 6963
f 6963 6894 6970
f 6968 6966 6988
f 6966 6970 6988
f 6988 6970 6902
f 6973 6989 6974
f 6892 6891 6963
f 6977 6989 6973
f 6902 6978 6988
f 6988 6978 6968
f 6986 6916 6989
f 6985 6983 6914
f 6990 6905 6991
f 6916 6918 6989
f 6974 6989 6918
f 6991 6909 6990
f 6990 6909 6911
f 6911 6913 6990
f 6913 6914 6983
f 6914 6916 6985
f 6920 6926 6912
f 6915 6917 6924
f 6904 6991 6905
f 6905 6990 6982
f 6990 6913 6982
f 6913 6983 6982
f 6985 6916 6986
f 6946 6973 6974
f 6973 6897 6977
f 6897 6975 6977
f 6975 6900 6902
f 6936 242 6937
f 6915 6924 6918
f 6989 6977 6986
f 6894 6889 6888
f 6992 2726 2719
f 6993 2708 2701
f 2708 6993 2707
f 6994 2710 6995
f 6994 2716 2710
f 2726 6992 2722
f 2722 6992 2723
f 2633 6996 6995
f 2629 6996 2635
f 2633 2635 6996
f 148 2634 6993
f 6993 2634 2633
f 6997 6998 6999
f 7000 6996 2628
f 6995 6996 6994
f 6994 6996 7000
f 7001 2624 2620
f 2628 2626 7000
f 2626 2624 7000
f 7000 2624 7001
f 2718 7000 2713
f 7000 6999 2713
f 2713 6999 2714
f 2714 6999 2719
f 6999 6992 2719
f 2723 6992 2725
f 6999 6998 6992
f 6999 7000 6997
f 2633 6995 6993
f 2701 148 6993
f 859 7001 2619
f 7001 2620 2619
f 6997 7000 7001
f 6996 2629 2628
f 7000 2718 6994
f 6994 2718 2716
f 7001 6998 6997
f 6993 6995 2707
f 2707 6995 2712
f 6995 2710 2712
f 2780 2779 7002
f 2775 2773 7003
f 2749 7004 7005
f 2733 2729 7006
f 2729 2731 7006
f 7007 871 7008
f 871 870 7008
f 7008 870 7009
f 870 877 7009
f 7009 877 876
f 7010 864 7007
f 864 872 7007
f 7007 872 871
f 858 865 7010
f 7010 865 864
f 6992 6998 7011
f 7011 7006 6992
f 2731 2725 7006
f 2725 6992 7006
f 2733 7012 2734
f 2734 7012 2736
f 2744 2739 7013
f 7014 7015 2746
f 7015 2747 2746
f 7004 2749 7015
f 2749 2748 7015
f 7015 2748 2747
f 7016 2756 7017
f 2756 2753 7017
f 7017 2753 7018
f 7018 2753 7005
f 2753 2752 7005
f 7005 2752 2749
f 2759 2758 7016
f 2758 2757 7016
f 7016 2757 2756
f 7016 7019 2759
f 7019 7020 2759
f 2759 7020 2762
f 2762 7020 2763
f 7020 7021 2763
f 2763 7021 2767
f 2769 7022 2772
f 6998 7023 7011
f 859 858 7001
f 858 7010 7001
f 6998 7001 7023
f 7023 7001 7010
f 7010 7024 7023
f 7025 7007 7004
f 7026 7027 7028
f 7029 7008 7030
f 7031 7010 7032
f 7007 7008 7033
f 7010 7007 7032
f 7009 7034 7008
f 7028 7035 7026
f 7026 7035 7036
f 7036 7035 7037
f 7037 7035 7038
f 7035 7039 7038
f 7040 7039 7030
f 7039 7035 7030
f 7035 7028 7030
f 7025 7004 7041
f 7015 7014 7041
f 7042 7018 7043
f 7042 7043 7019
f 7019 7043 7044
f 7044 7043 7004
f 7004 7043 7005
f 7043 7018 7005
f 2769 2768 7022
f 2768 7045 7022
f 2773 2772 7003
f 2772 7022 7003
f 7019 7016 7046
f 2776 2775 7003
f 7045 7021 7047
f 7019 7046 7042
f 7046 7018 7042
f 2779 2776 7002
f 2776 7003 7002
f 7004 7015 7041
f 7048 7003 7022
f 7048 7002 7003
f 7020 7047 7021
f 7022 7030 7048
f 7030 7049 7048
f 7049 7002 7048
f 7050 7002 7051
f 7051 7002 7052
f 7052 7002 7053
f 7053 7002 7049
f 7049 7030 7028
f 7047 7020 7029
f 7054 7049 7055
f 7055 7049 7056
f 7049 7028 7056
f 7056 7028 7057
f 7028 7027 7057
f 7044 7029 7019
f 7029 7020 7019
f 7047 7030 7022
f 7049 7054 7053
f 880 2780 7058
f 2780 7002 7058
f 7058 7002 7050
f 7045 7047 7022
f 2737 2736 7012
f 2739 2737 7013
f 2737 7059 7013
f 2746 2741 7014
f 2741 7060 7014
f 7031 7060 7013
f 2733 7006 7012
f 7012 7006 7024
f 7006 7011 7024
f 7011 7023 7024
f 7024 7059 7012
f 7013 7060 2744
f 2744 7060 2743
f 7060 2741 2743
f 7061 7060 7031
f 7061 7014 7060
f 7059 7031 7013
f 7059 2737 7012
f 7024 7010 7059
f 7059 7010 7031
f 7031 7032 7061
f 7061 7032 7007
f 7044 7008 7029
f 7029 7030 7047
f 2768 2767 7045
f 2767 7021 7045
f 7016 7017 7046
f 7017 7018 7046
f 7014 7061 7041
f 7041 7061 7025
f 7025 7061 7007
f 7004 7007 7044
f 7007 7033 7044
f 7044 7033 7008
f 7008 7034 7030
f 7030 7034 7040
f 7062 7063 7026
f 7064 7065 7050
f 7050 7065 7058
f 7065 878 7058
f 7058 878 880
f 7050 7051 7064
f 7051 7052 7064
f 7064 7052 7066
f 7066 7052 7067
f 7052 7053 7067
f 7067 7053 7068
f 7053 7054 7068
f 7054 7055 7068
f 7068 7055 7069
f 7055 7056 7069
f 7069 7056 7070
f 7070 7056 7071
f 7056 7057 7071
f 7071 7057 7072
f 7057 7027 7072
f 7072 7027 7063
f 7063 7027 7026
f 7026 7036 7062
f 7036 7037 7062
f 7062 7037 7073
f 7073 7037 7074
f 7037 7038 7074
f 7074 7038 7075
f 7038 7039 7075
f 7039 7040 7075
f 7075 7040 7076
f 7076 7040 7077
f 7040 7034 7077
f 7077 7034 7078
f 7034 7009 7078
f 7078 7009 863
f 7009 876 863
f 863 7079 7080
f 863 7080 7078
f 7078 7080 7077
f 7077 7080 7076
f 7080 7081 7076
f 7076 7081 7075
f 7081 7082 7075
f 7075 7082 7074
f 7074 7082 7073
f 7073 7082 7062
f 7062 7082 7063
f 7063 7082 7072
f 7072 7082 7071
f 7071 7082 7070
f 7070 7082 7069
f 7069 7082 7068
f 7082 7083 7068
f 7068 7083 7067
f 7080 7079 7084
f 7085 7066 7067
f 7080 7084 7086
f 7087 7064 7066
f 7080 7086 7088
f 878 7065 7089
f 7065 7064 7089
f 7064 7087 7089
f 7066 7085 7087
f 7080 7088 7090
f 7089 7087 7091
f 7087 7085 7091
f 7091 7085 7092
f 7085 7083 7092
f 7092 7083 7093
f 7083 7082 7093
f 7093 7082 7094
f 7094 7082 7095
f 7095 7082 7096
f 7096 7082 7097
f 7082 7081 7097
f 7097 7081 7098
f 7081 7080 7098
f 7098 7080 7099
f 7099 7080 7100
f 7100 7080 7101
f 7080 7090 7101
f 7101 7090 856
f 7067 7083 7085
f 854 856 7102
f 856 7090 7102
f 7102 7090 7103
f 7090 7088 7103
f 7103 7088 7104
f 7088 7086 7104
f 7104 7086 7105
f 7086 7084 7105
f 7105 7084 7106
f 7084 7079 7106
f 7106 7079 862
f 7079 863 862
f 879 878 7107
f 878 7089 7107
f 7107 7089 7108
f 7089 7091 7108
f 7108 7091 7109
f 7091 7092 7109
f 7109 7092 7110
f 7092 7093 7110
f 7110 7093 7111
f 7093 7094 7111
f 7111 7094 7112
f 7094 7095 7112
f 7112 7095 7113
f 7095 7096 7113
f 7113 7096 7114
f 7096 7097 7114
f 7114 7097 7115
f 7097 7098 7115
f 7115 7098 7116
f 7098 7099 7116
f 7116 7099 7117
f 7099 7100 7117
f 7117 7100 7118
f 7100 7101 7118
f 7118 7101 857
f 7101 856 857
f 854 7102 7119
f 854 7119 7120
f 7120 7119 7121
f 7119 7122 7121
f 7121 7122 7123
f 7123 7122 7124
f 7124 7122 7125
f 7125 7122 7126
f 7122 7127 7126
f 7126 7127 7128
f 7128 7127 7129
f 7129 7127 7130
f 7119 7102 7103
f 7131 7132 7130
f 7119 7103 7104
f 7133 7134 7132
f 7119 7104 7105
f 884 7135 7136
f 7135 7134 7136
f 7134 7133 7136
f 7132 7131 7133
f 7119 7105 7106
f 884 7136 7137
f 7136 7133 7137
f 7137 7133 7138
f 7133 7131 7138
f 7138 7131 7139
f 7131 7127 7139
f 7139 7127 7140
f 7140 7127 7141
f 7141 7127 7142
f 7142 7127 7143
f 7143 7127 7144
f 7127 7122 7144
f 7144 7122 7145
f 7145 7122 7146
f 7146 7122 7147
f 7147 7122 7148
f 7122 7119 7148
f 7148 7119 7149
f 7149 7119 7150
f 7150 7119 7151
f 7151 7119 7152
f 7152 7119 7153
f 7119 7106 7153
f 7153 7106 862
f 7130 7127 7131
f 879 7107 7154
f 879 7154 7155
f 7155 7154 7156
f 7154 7107 7157
f 7157 7107 7108
f 7158 7154 7157
f 7157 7108 7109
f 7158 7159 7156
f 7158 7157 7160
f 7157 7109 7110
f 7161 7162 7159
f 7157 7110 7111
f 7161 7163 7162
f 7157 7111 7112
f 7161 7164 7163
f 7165 7158 7166
f 7158 7160 7166
f 7166 7160 7167
f 7160 7157 7167
f 7157 7112 7167
f 7167 7112 7113
f 7161 7168 7164
f 7165 7166 7169
f 7170 7171 7168
f 7167 7113 7114
f 7170 7172 7171
f 7173 7174 7172
f 7175 7176 7177
f 7178 7169 7179
f 7169 7166 7179
f 7167 7114 7115
f 7173 7180 7174
f 7177 7169 7178
f 7177 7178 7181
f 7181 7178 7182
f 7178 7179 7182
f 7182 7179 7183
f 7183 7179 7184
f 7179 7166 7184
f 7166 7167 7184
f 7167 7115 7116
f 7173 7185 7180
f 7175 7177 7186
f 7167 7116 7184
f 7186 7177 7181
f 7184 7116 7117
f 850 7187 7188
f 7187 7185 7188
f 7185 7173 7188
f 7173 7189 7188
f 7172 7170 7173
f 7168 7161 7170
f 7189 7175 7188
f 7173 7176 7189
f 7189 7176 7175
f 7161 7190 7170
f 7190 7173 7170
f 7159 7158 7161
f 7161 7165 7190
f 7156 7154 7158
f 7158 7165 7161
f 7190 7177 7173
f 7173 7177 7176
f 7184 7117 7118
f 850 7188 7191
f 7188 7175 7191
f 7191 7175 7192
f 7192 7175 7193
f 7175 7186 7193
f 7193 7186 7194
f 7194 7186 7195
f 7195 7186 7196
f 7186 7181 7196
f 7196 7181 7197
f 7197 7181 7198
f 7181 7182 7198
f 7198 7182 7199
f 7199 7182 7200
f 7182 7183 7200
f 7200 7183 7201
f 7183 7184 7201
f 7201 7184 7202
f 7202 7184 7203
f 7203 7184 7204
f 7204 7184 7205
f 7205 7184 7206
f 7206 7184 7207
f 7184 7118 7207
f 7207 7118 857
f 7165 7169 7190
f 7169 7177 7190
f 882 884 7208
f 884 7137 7208
f 7208 7137 7209
f 7209 7137 7210
f 7137 7138 7210
f 7210 7138 7211
f 7138 7139 7211
f 7139 7140 7211
f 7211 7140 7212
f 7140 7141 7212
f 7212 7141 7213
f 7213 7141 7214
f 7141 7142 7214
f 7142 7143 7214
f 7214 7143 7215
f 7143 7144 7215
f 7215 7144 7216
f 7216 7144 7217
f 7144 7145 7217
f 7217 7145 7218
f 7145 7146 7218
f 7218 7146 7219
f 7146 7147 7219
f 7219 7147 7220
f 7220 7147 7221
f 7147 7148 7221
f 7148 7149 7221
f 7221 7149 7222
f 7149 7150 7222
f 7222 7150 7223
f 7223 7150 7224
f 7150 7151 7224
f 7153 7225 7152
f 7152 7225 7151
f 7151 7225 7224
f 862 861 7153
f 861 7226 7153
f 7153 7226 7225
f 884 885 7135
f 885 7227 7135
f 7135 7227 7134
f 7227 7228 7134
f 7134 7228 7132
f 7228 7229 7132
f 7132 7229 7130
f 7229 7230 7130
f 7130 7230 7129
f 7230 7231 7129
f 7129 7231 7128
f 7231 7232 7128
f 7128 7232 7126
f 7232 7233 7126
f 7126 7233 7125
f 7233 7234 7125
f 7125 7234 7124
f 7234 7235 7124
f 7124 7235 7123
f 7235 7236 7123
f 7123 7236 7121
f 7121 7236 7120
f 7236 7237 7120
f 7120 7237 854
f 7237 855 854
f 851 850 7238
f 850 7191 7238
f 7238 7191 7239
f 7191 7192 7239
f 7239 7192 7240
f 7192 7193 7240
f 7240 7193 7241
f 7193 7194 7241
f 7241 7194 7242
f 7194 7195 7242
f 7242 7195 7243
f 7195 7196 7243
f 7243 7196 7244
f 7196 7197 7244
f 7244 7197 7245
f 7197 7198 7245
f 7245 7198 7246
f 7198 7199 7246
f 7246 7199 7247
f 7199 7200 7247
f 7247 7200 7248
f 7200 7201 7248
f 7248 7201 7249
f 7201 7202 7249
f 7249 7202 7250
f 7202 7203 7250
f 7250 7203 7251
f 7203 7204 7251
f 7251 7204 7252
f 7204 7205 7252
f 7252 7205 7253
f 7205 7206 7253
f 7253 7206 7254
f 7206 7207 7254
f 7254 7207 855
f 7207 857 855
f 7155 7255 879
f 879 7255 881
f 7159 7256 7156
f 7256 7257 7156
f 7156 7257 7155
f 7257 7255 7155
f 7162 7258 7159
f 7159 7258 7256
f 7162 7259 7258
f 7164 7260 7163
f 7163 7260 7162
f 7260 7259 7162
f 7168 7261 7164
f 7164 7261 7260
f 7172 7262 7171
f 7262 7263 7171
f 7171 7263 7168
f 7263 7261 7168
f 7264 7265 7174
f 7265 7266 7174
f 7174 7266 7172
f 7172 7266 7262
f 7174 7180 7264
f 7264 7180 7267
f 7180 7185 7267
f 7267 7185 7268
f 7268 7185 7269
f 7185 7187 7269
f 7269 7187 7270
f 7187 850 7270
f 7270 850 852
f 2568 7271 7272
f 2545 7273 7274
f 869 868 7275
f 873 7276 874
f 7276 7277 874
f 874 7277 866
f 882 7208 2542
f 7208 7278 2542
f 7278 7279 2542
f 2542 7279 2549
f 7273 2545 7279
f 2545 2547 7279
f 7279 2547 2549
f 7280 2555 7281
f 2555 2554 7281
f 2554 2552 7281
f 7281 2552 7274
f 2552 2556 7274
f 7274 2556 2545
f 2557 2559 7280
f 2559 2561 7280
f 7280 2561 2555
f 7280 7282 2557
f 7282 7283 2557
f 2557 7283 2566
f 2566 7283 2564
f 7283 7284 2564
f 2564 7284 2565
f 2565 7284 2567
f 7271 2568 7284
f 2568 2567 7284
f 7285 2571 7286
f 2571 2573 7286
f 7286 2573 7272
f 2573 2576 7272
f 7272 2576 2568
f 7285 2541 2572
f 7287 2579 2580
f 2538 2581 7288
f 7289 2585 7288
f 2585 2586 7288
f 2592 2583 7289
f 2583 2582 7289
f 7289 2582 2585
f 7290 2591 7291
f 2591 2592 7291
f 2592 7289 7291
f 2594 2589 7290
f 7290 2589 2591
f 2594 7290 2535
f 7220 7221 7292
f 7221 7222 7292
f 7222 7223 7292
f 7292 7223 7293
f 7223 7224 7293
f 7293 7224 7294
f 7224 7225 7294
f 7294 7225 7277
f 7225 7226 7277
f 7277 7276 7295
f 7296 7297 7298
f 7299 7276 7300
f 7300 7276 7301
f 7302 7301 7275
f 873 869 7276
f 869 7275 7276
f 7276 7275 7301
f 7277 7226 866
f 7226 861 866
f 7275 868 867
f 7275 867 7296
f 867 875 7296
f 7296 875 860
f 7287 2580 7285
f 2580 2541 7285
f 2577 7287 2581
f 7287 7303 2581
f 2581 7303 7288
f 7300 7287 7285
f 7285 2572 2571
f 7301 7287 7300
f 7288 2586 2538
f 7298 7290 7291
f 7289 7288 7302
f 7291 7289 7302
f 7297 7304 7298
f 7298 7304 7290
f 7302 7275 7291
f 7291 7275 7298
f 7298 7275 7296
f 7283 7305 7284
f 7208 7209 7278
f 7281 7306 7280
f 7284 7305 7271
f 7210 7211 7278
f 7211 7212 7278
f 7209 7210 7278
f 7272 7299 7286
f 7286 7299 7285
f 7285 7299 7300
f 7218 7278 7217
f 7217 7278 7216
f 7216 7278 7215
f 7215 7278 7214
f 7214 7278 7213
f 7213 7278 7212
f 7307 7273 7279
f 7279 7278 7307
f 7278 7218 7307
f 7307 7218 7292
f 7218 7219 7292
f 7292 7219 7220
f 7281 7308 7306
f 7308 7293 7306
f 7295 7309 7277
f 7277 7309 7293
f 7309 7306 7293
f 7274 7273 7308
f 7273 7307 7308
f 7308 7307 7293
f 7307 7292 7293
f 7293 7294 7277
f 7280 7306 7282
f 7305 7272 7271
f 7310 7283 7282
f 7305 7283 7295
f 7295 7272 7305
f 7309 7295 7310
f 7310 7295 7283
f 7309 7310 7306
f 7310 7282 7306
f 7308 7281 7274
f 7287 7301 7303
f 7301 7288 7303
f 7295 7276 7272
f 7276 7299 7272
f 7301 7302 7288
f 7287 2577 2579
f 855 7237 7311
f 855 7311 7254
f 7254 7311 7253
f 7311 7252 7253
f 7311 7237 7236
f 7311 7251 7252
f 7312 7250 7251
f 7313 7311 7314
f 7311 7236 7235
f 7312 7249 7250
f 7314 7311 7315
f 7311 7235 7315
f 7312 7248 7249
f 7315 7235 7234
f 7312 7247 7248
f 7314 7315 7316
f 7315 7234 7233
f 7317 7246 7247
f 7313 7314 7318
f 7318 7314 7319
f 7317 7245 7246
f 7319 7314 7316
f 7315 7233 7232
f 7317 7244 7245
f 7317 7243 7244
f 7316 7315 7320
f 7315 7232 7320
f 7320 7232 7231
f 7317 7242 7243
f 7321 7320 7322
f 7320 7231 7322
f 7322 7231 7230
f 7323 7241 7242
f 7324 7325 7326
f 7325 7318 7326
f 7316 7320 7327
f 7322 7230 7229
f 7323 7240 7241
f 7319 7316 7327
f 7327 7320 7321
f 7323 7239 7240
f 7326 7318 7319
f 7322 7229 7321
f 7321 7229 7228
f 851 7238 7324
f 7238 7239 7324
f 7239 7323 7324
f 7242 7317 7323
f 7247 7312 7317
f 7323 7325 7324
f 7317 7313 7323
f 7313 7325 7323
f 7251 7311 7312
f 7312 7313 7317
f 7321 7228 7227
f 851 7324 7328
f 7328 7324 7329
f 7329 7324 7330
f 7324 7326 7330
f 7330 7326 7331
f 7326 7319 7331
f 7331 7319 7332
f 7332 7319 7333
f 7333 7319 7334
f 7319 7327 7334
f 7334 7327 7335
f 7327 7321 7335
f 7335 7321 7336
f 7336 7321 7337
f 7337 7321 7338
f 7338 7321 7339
f 7321 7227 7339
f 7339 7227 885
f 7311 7313 7312
f 7318 7325 7313
f 7340 7258 7259
f 7341 2738 2740
f 2742 2745 7342
f 7343 2750 2754
f 7344 2761 2760
f 7345 2717 2715
f 2715 2721 7346
f 7347 7348 2671
f 7349 7350 7351
f 2693 2696 7352
f 2691 2690 7352
f 852 2700 7353
f 2686 2681 7354
f 2681 2680 7354
f 2675 7355 7354
f 7354 7355 7356
f 7355 7357 7356
f 2673 7358 7355
f 7358 7359 7357
f 7357 7359 7360
f 2675 2673 7355
f 7355 7358 7357
f 7357 7360 7361
f 7361 7360 7362
f 2680 2675 7354
f 7356 7357 7363
f 7357 7361 7363
f 7364 7349 7365
f 7349 7351 7365
f 7364 7365 7366
f 7366 7365 7347
f 7347 7365 7348
f 2637 2636 7348
f 2636 2671 7348
f 2671 2670 7347
f 2670 2665 7347
f 2665 2668 7347
f 7347 2668 7366
f 2668 2661 7366
f 7366 7367 7364
f 7368 7369 7370
f 7367 7369 7368
f 2651 7369 2652
f 7369 7367 2652
f 2652 7367 2655
f 2642 7371 2643
f 7371 7372 2643
f 7372 2649 2643
f 7369 2648 7370
f 7370 2648 2646
f 2651 2648 7369
f 7365 7351 7348
f 2659 2662 7367
f 2662 2655 7367
f 2661 2659 7366
f 2659 7367 7366
f 2738 7341 2735
f 7341 7373 2735
f 2727 2735 7373
f 2728 2727 7373
f 7373 7374 2728
f 2732 2730 7374
f 7374 2730 2728
f 7346 2721 7364
f 2721 2720 7364
f 2720 2724 7364
f 7364 2724 7374
f 7374 2724 2732
f 7350 7375 7376
f 7375 7350 7349
f 2705 2711 7345
f 7345 2711 2717
f 79 2704 7371
f 2704 2703 7371
f 7371 2703 2702
f 7368 7345 7346
f 7345 2715 7346
f 7375 7349 7374
f 7374 7349 7364
f 7345 2706 2705
f 7371 2702 7372
f 7372 2702 2709
f 7370 7372 7345
f 7372 2709 7345
f 7345 2709 2706
f 2646 2649 7370
f 2649 7372 7370
f 7345 7368 7370
f 7367 7368 7346
f 881 7255 2781
f 7255 7377 2781
f 2766 2770 7378
f 7378 2770 7377
f 2770 2774 7377
f 2774 2778 7377
f 2778 2777 7377
f 7377 2777 2781
f 2766 7378 2771
f 2771 7378 2765
f 2765 7378 2764
f 7378 7379 2764
f 2764 7379 2760
f 7255 7257 7377
f 7377 7380 7379
f 7375 7341 7381
f 7343 2751 2750
f 7382 7342 7383
f 7343 2754 2755
f 7367 7346 7364
f 7375 7373 7341
f 7382 7381 7342
f 7342 2745 7343
f 7343 2745 2751
f 2742 7342 2740
f 7342 7381 2740
f 2740 7381 7341
f 7373 7375 7374
f 7383 7380 7340
f 7340 7259 7384
f 7384 7259 7260
f 7383 7340 7385
f 7384 7260 7261
f 7385 7340 7384
f 7384 7261 7386
f 7385 7387 7383
f 852 7353 7270
f 7270 7353 7269
f 7269 7353 7268
f 7353 7388 7268
f 7268 7388 7267
f 7267 7388 7264
f 7388 7389 7264
f 7264 7389 7265
f 7389 7390 7265
f 7265 7390 7266
f 7266 7390 7262
f 7390 7391 7262
f 7262 7391 7263
f 7391 7386 7263
f 7263 7386 7261
f 7386 7385 7384
f 7391 7392 7386
f 7386 7392 7385
f 2700 2697 7353
f 7353 7352 7388
f 7388 7393 7389
f 7385 7392 7387
f 2697 2691 7353
f 2691 7352 7353
f 7352 7393 7388
f 7380 7383 7379
f 7383 7387 7382
f 7257 7256 7377
f 7256 7380 7377
f 2760 7379 7344
f 7379 7343 7344
f 7382 7376 7375
f 7377 7379 7378
f 7379 7383 7343
f 7375 7381 7382
f 7343 2755 7344
f 7344 2755 2761
f 2690 2693 7352
f 7352 7394 7393
f 7393 7363 7389
f 7389 7363 7390
f 7390 7392 7391
f 7392 7390 7363
f 7356 7393 7394
f 7354 7394 2687
f 7394 7354 7356
f 2687 2686 7354
f 7356 7363 7393
f 7363 7361 7392
f 7392 7361 7362
f 7362 7360 7376
f 7348 7351 7359
f 7351 7350 7359
f 7359 7350 7360
f 7360 7350 7376
f 2696 2687 7352
f 2687 7394 7352
f 7392 7362 7387
f 7342 7343 7383
f 2642 2641 7371
f 2641 79 7371
f 2673 2637 7358
f 2637 7348 7358
f 7348 7359 7358
f 7376 7382 7362
f 7362 7382 7387
f 7340 7380 7258
f 7380 7256 7258
f 2621 2623 7395
f 2602 7396 7397
f 7398 2596 2535
f 7396 2602 7398
f 2602 2598 7398
f 7398 2598 2597
f 2611 2605 7397
f 2605 2607 7397
f 2607 2610 7397
f 7397 2610 2602
f 2616 2615 7399
f 2615 2612 7399
f 7399 2612 2630
f 2616 7399 127
f 2630 7397 7395
f 2535 7290 7398
f 2597 2596 7398
f 7398 7290 7304
f 7304 7396 7398
f 7397 2630 2611
f 2611 2630 2612
f 7395 7400 2621
f 2622 2621 7400
f 7400 7296 2618
f 2618 7296 860
f 7400 2618 2622
f 7297 7396 7304
f 7396 7400 7395
f 2631 7399 2630
f 2630 7395 2627
f 2627 7395 2625
f 7395 2623 2625
f 2632 127 7399
f 7396 7297 7400
f 7297 7296 7400
f 7396 7395 7397
f 2632 7399 2631
f 883 7401 885
f 7401 7339 885
f 7401 7402 7339
f 7402 7403 7339
f 7339 7403 7338
f 7403 7404 7338
f 7338 7404 7337
f 7404 7405 7337
f 7337 7405 7336
f 7405 7406 7336
f 7336 7406 7335
f 7406 7407 7335
f 7407 7408 7335
f 7335 7408 7334
f 7408 7409 7334
f 7334 7409 7333
f 7409 7410 7333
f 7410 7411 7333
f 7333 7411 7332
f 7332 7411 7331
f 7411 7412 7331
f 7412 7413 7331
f 7331 7413 7330
f 7413 7414 7330
f 7330 7414 7329
f 7414 7415 7329
f 7329 7415 7328
f 7415 7416 7328
f 7328 7416 851
f 7416 7417 851
f 851 7417 853
f 2590 2593 7418
f 7419 2533 2595
f 2613 2617 7420
f 2617 80 7420
f 2544 2543 7421
f 2550 2548 7422
f 2553 2560 7423
f 2560 2558 7424
f 2569 2575 7425
f 2575 2574 7425
f 2540 2539 7426
f 7420 80 2640
f 2639 2644 7427
f 2645 7427 2650
f 2650 7427 2644
f 7427 7428 7429
f 7427 2645 2647
f 7430 7431 7432
f 7433 7430 7434
f 7434 7430 7435
f 2660 7436 7437
f 7428 2656 7437
f 2656 2663 7437
f 2663 2658 7437
f 7437 2658 2660
f 7438 7435 2669
f 2667 2666 7435
f 7435 2666 2669
f 2664 7436 2660
f 2647 2653 7427
f 2653 2654 7427
f 7427 2654 7428
f 2654 2657 7428
f 7428 2657 2656
f 7434 7439 7433
f 2664 2667 7436
f 2667 7435 7436
f 7440 7433 7439
f 2679 2678 7440
f 2678 2683 7440
f 7440 2683 2682
f 2677 2676 7440
f 2676 2679 7440
f 7441 7442 7443
f 7444 7441 7445
f 7441 7443 7445
f 2689 7446 2688
f 2685 2684 7443
f 7443 2684 2688
f 7433 7440 7442
f 7440 7443 7442
f 7443 2688 7446
f 7447 7444 7445
f 7445 7443 7446
f 7448 7445 7449
f 7445 7446 7449
f 7449 7446 7450
f 7447 7445 7448
f 7450 7451 2692
f 2692 2698 7450
f 2698 2699 7450
f 2689 2695 7446
f 7446 2695 7451
f 2695 2694 7451
f 7451 2694 2692
f 7440 2682 7443
f 7443 2682 2685
f 7452 7447 7410
f 7410 7447 7411
f 7411 7447 7412
f 7447 7448 7412
f 7412 7448 7413
f 7448 7449 7413
f 7413 7449 7414
f 7449 7450 7414
f 7414 7450 7415
f 7415 7450 7416
f 2569 7425 2570
f 2563 2562 7424
f 2578 2537 7426
f 2537 7453 7426
f 7454 7455 7456
f 7456 7455 7457
f 7426 2539 2578
f 7433 7458 7454
f 7454 7456 7453
f 7456 7457 7453
f 7453 7457 7426
f 7458 7459 7455
f 7457 7460 7425
f 7460 7457 7461
f 7461 7457 7462
f 7459 7462 7455
f 7455 7462 7457
f 7425 7424 2570
f 2570 7424 2562
f 7458 7455 7454
f 7457 7425 7426
f 7426 7425 2540
f 7425 2574 2540
f 2551 2553 7423
f 7461 7462 7463
f 7458 7442 7459
f 7463 7464 7461
f 2560 7424 7423
f 7424 7465 7423
f 7465 7460 7464
f 7460 7461 7464
f 7463 7466 7464
f 7464 7467 7465
f 7465 7467 7422
f 7423 7422 2546
f 7422 2548 2546
f 883 2544 7421
f 7452 7462 7444
f 7442 7441 7459
f 7441 7444 7459
f 7452 7463 7462
f 7466 7467 7464
f 7422 7421 2550
f 7421 2543 2550
f 7459 7444 7462
f 7465 7422 7423
f 7423 2546 2551
f 2558 2563 7424
f 7424 7425 7465
f 7465 7425 7460
f 2609 7468 2600
f 7468 7429 2600
f 2600 7429 2601
f 7429 7469 2601
f 2601 7469 2603
f 7468 2608 2606
f 2533 7419 2534
f 7418 2593 7419
f 2593 2534 7419
f 2595 2599 7470
f 2599 2604 7470
f 7470 2604 7469
f 2604 2603 7469
f 2595 7470 7419
f 2588 2587 7418
f 7418 2587 2590
f 2536 2584 7471
f 7470 7472 7419
f 7419 7472 7418
f 7472 7471 7418
f 7418 7471 2588
f 7471 2584 2588
f 7473 7453 7471
f 7471 7453 2536
f 7420 2640 2639
f 7468 2606 2614
f 2639 7427 7420
f 7427 7468 7420
f 7468 2614 7420
f 7420 2614 2613
f 7427 7429 7468
f 2609 2608 7468
f 7470 7469 7432
f 7472 7432 7431
f 7471 7472 7473
f 7472 7431 7473
f 7472 7470 7432
f 7473 7474 7453
f 7430 7474 7431
f 7432 7469 7428
f 7473 7431 7474
f 7439 7434 7438
f 7438 7434 7435
f 7435 7430 7436
f 7430 7432 7436
f 7436 7432 7437
f 7432 7428 7437
f 7428 7469 7429
f 7417 7450 853
f 853 7450 2699
f 2669 2672 7438
f 2672 2638 7438
f 2638 2674 7438
f 7438 2674 7439
f 2674 2677 7439
f 2677 7440 7439
f 7433 7442 7458
f 7444 7447 7452
f 7410 7409 7452
f 7452 7409 7463
f 7463 7409 7466
f 7409 7408 7466
f 7408 7407 7466
f 7466 7407 7467
f 7407 7406 7467
f 7406 7405 7467
f 7467 7405 7422
f 7405 7404 7422
f 7404 7403 7422
f 7403 7402 7422
f 7422 7402 7421
f 7402 7401 7421
f 7421 7401 883
f 7417 7416 7450
f 7450 7446 7451
f 7433 7454 7430
f 7430 7454 7474
f 7454 7453 7474
f 7453 2537 2536
f 7475 7476 7477
f 944 943 7478
f 7479 941 939
f 936 935 7480
f 935 932 7480
f 929 928 7481
f 7482 7483 7484
f 7485 7486 7487
f 7485 7487 7475
f 7488 7486 7485
f 7489 7490 7491
f 7491 7490 7488
f 7490 7492 7488
f 7488 7492 7486
f 7486 7492 7493
f 7494 7495 7487
f 7486 7496 7482
f 7496 7483 7482
f 7486 7493 7496
f 7495 7494 7497
f 7497 7498 7499
f 7500 7501 7497
f 7497 7501 7498
f 7501 7502 7498
f 7498 7502 7503
f 7504 7505 7506
f 7505 7499 7506
f 7498 7503 7499
f 7499 7503 7506
f 953 958 7507
f 958 950 7507
f 7507 954 953
f 7478 7495 7507
f 7507 7495 7497
f 7507 950 7478
f 7478 950 951
f 961 959 7507
f 7507 959 954
f 7505 963 7499
f 75 966 7505
f 966 965 7505
f 7505 965 963
f 7507 7497 7499
f 7481 932 929
f 7481 7476 7480
f 7480 7476 7479
f 941 7479 889
f 889 7479 888
f 936 7480 939
f 939 7480 7479
f 944 7478 951
f 7477 7476 7508
f 7509 7485 7475
f 7477 7509 7475
f 932 7481 7480
f 7479 7475 7510
f 888 7479 7510
f 7510 7495 7478
f 7504 75 7505
f 7487 7486 7494
f 7486 7482 7494
f 7482 7484 7494
f 7481 7508 7476
f 7476 7475 7479
f 7475 7487 7495
f 7494 7484 7497
f 7497 7484 7500
f 963 961 7499
f 961 7507 7499
f 7475 7495 7510
f 7478 943 7510
f 7510 943 888
f 7511 7512 7513
f 7514 7489 7491
f 7514 7491 7515
f 7516 7517 7515
f 7518 7519 7520
f 7521 7522 7513
f 7522 7511 7513
f 7523 7524 7512
f 7512 7524 7513
f 7524 7525 7513
f 7526 7518 7524
f 7527 7525 7528
f 7528 7517 7529
f 7530 7516 7531
f 7530 7485 7509
f 7532 7521 7513
f 7525 7524 7528
f 7528 7524 7517
f 7533 7532 7534
f 7532 7513 7534
f 7534 7513 7525
f 7517 7524 7520
f 7524 7518 7520
f 7515 7491 7516
f 7491 7488 7531
f 7531 7488 7485
f 7531 7485 7530
f 7535 7536 912
f 918 917 7536
f 7536 917 912
f 918 7536 921
f 7536 7537 921
f 921 7537 923
f 7537 922 923
f 7538 7536 7539
f 7516 7530 7529
f 7530 7540 7529
f 7529 7540 7541
f 7540 7538 7541
f 7541 7538 7539
f 7537 895 922
f 927 895 7537
f 7542 7543 7508
f 7542 7481 931
f 931 7481 928
f 7542 7508 7481
f 7537 7538 7543
f 7530 7509 7544
f 7544 7509 7477
f 7477 7508 7543
f 7530 7544 7540
f 901 896 7545
f 896 898 7545
f 7545 898 7546
f 901 7545 907
f 7545 7547 907
f 907 7547 905
f 905 7547 911
f 911 7547 910
f 7547 7535 910
f 910 7535 916
f 912 914 7535
f 7535 914 916
f 7545 7548 7547
f 7536 7538 7537
f 7540 7543 7538
f 892 926 7542
f 926 927 7542
f 927 7537 7542
f 7536 7535 7539
f 7535 7547 7539
f 7533 7534 7549
f 7549 7534 7550
f 7534 7551 7550
f 7550 7551 7552
f 7552 7551 7553
f 7551 7554 7553
f 7553 7554 7555
f 7555 7554 7556
f 7556 7554 7557
f 7557 7554 7558
f 7558 7554 7559
f 7527 7560 7551
f 7551 7560 7554
f 7554 7560 7561
f 7561 7562 7554
f 7562 7548 7554
f 7563 7559 7554
f 7551 7534 7527
f 7560 7541 7539
f 7516 7529 7517
f 7528 7541 7527
f 7527 7541 7560
f 7560 7539 7561
f 7539 7562 7561
f 7527 7534 7525
f 7531 7516 7491
f 7524 7523 7526
f 7546 7563 7545
f 7563 7554 7545
f 7554 7548 7545
f 7548 7562 7547
f 7547 7562 7539
f 7541 7528 7529
f 7544 7477 7540
f 7540 7477 7543
f 7543 7542 7537
f 7542 931 892
f 7564 7519 7565
f 7519 7518 7565
f 7565 7518 7566
f 7566 7518 7567
f 7567 7518 7568
f 7518 7526 7568
f 7568 7526 7569
f 7526 7523 7569
f 7569 7523 7570
f 7570 7523 7571
f 7523 7512 7571
f 7571 7512 7572
f 7512 7511 7572
f 7572 7511 7573
f 7573 7511 7574
f 7511 7522 7574
f 7574 7522 7575
f 7522 7521 7575
f 7575 7521 7576
f 7521 7532 7576
f 7576 7532 7577
f 7532 7533 7577
f 7577 7533 7578
f 7533 7549 7578
f 7578 7549 7579
f 7549 7550 7579
f 7579 7550 7580
f 7580 7550 7581
f 7550 7552 7581
f 7581 7552 7582
f 7552 7553 7582
f 7582 7553 7583
f 7553 7555 7583
f 7583 7555 7584
f 7584 7555 7556
f 7585 7586 7556
f 7556 7586 7584
f 7556 7557 7585
f 7585 7557 7587
f 7557 7558 7587
f 7558 7559 7587
f 7587 7559 7588
f 7559 7563 7588
f 7588 7563 7589
f 7563 7546 7589
f 7589 7546 7590
f 7590 7546 7591
f 7591 7546 898
f 7592 7583 7593
f 7583 7584 7593
f 7593 7584 7594
f 7584 7586 7594
f 7594 7586 7595
f 7586 7585 7595
f 7595 7585 7596
f 7585 7587 7596
f 7596 7587 7597
f 7587 7588 7597
f 7597 7588 7598
f 7588 7589 7598
f 7598 7589 7599
f 7589 7590 7599
f 7599 7590 7600
f 7590 7591 7600
f 7600 7591 7601
f 7579 7580 7602
f 7580 7581 7602
f 7602 7581 7592
f 7581 7582 7592
f 7592 7582 7583
f 7602 7603 7579
f 7603 7604 7579
f 7579 7604 7578
f 7604 7605 7578
f 7578 7605 7577
f 7605 7606 7577
f 7577 7606 7576
f 7606 7607 7576
f 7576 7607 7575
f 7607 7608 7575
f 7575 7608 7574
f 7608 7609 7574
f 7574 7609 7573
f 7609 7610 7573
f 7573 7610 7572
f 7610 7611 7572
f 7572 7611 7571
f 7611 7612 7571
f 7571 7612 7570
f 7612 7613 7570
f 7570 7613 7569
f 7613 7614 7569
f 7569 7614 7568
f 7614 7615 7568
f 7568 7615 7567
f 7615 7616 7567
f 7567 7616 7566
f 7616 7617 7566
f 7566 7617 7565
f 7617 7618 7565
f 7565 7618 7564
f 7601 7619 7600
f 7619 7620 7600
f 7600 7620 7599
f 7620 7621 7599
f 7599 7621 7598
f 7598 7621 7597
f 7621 7622 7597
f 7597 7622 7596
f 7622 7623 7596
f 7596 7623 7595
f 7623 7624 7595
f 7595 7624 7594
f 7624 7625 7594
f 7594 7625 7593
f 7593 7625 7592
f 7625 7626 7592
f 7592 7626 7602
f 7602 7626 7603
f 7626 7627 7603
f 7603 7627 7604
f 7627 7628 7604
f 7604 7628 7605
f 7628 7629 7605
f 7605 7629 7606
f 7629 7630 7606
f 7606 7630 7607
f 7607 7630 7608
f 7608 7630 7609
f 7630 7631 7609
f 7609 7631 7610
f 7632 7611 7633
f 7611 7610 7633
f 7633 7610 7631
f 7634 7618 7635
f 7618 7617 7635
f 7617 7616 7635
f 7635 7616 7636
f 7616 7615 7636
f 7636 7615 7637
f 7615 7614 7637
f 7614 7613 7637
f 7637 7613 7632
f 7613 7612 7632
f 7632 7612 7611
f 7626 7625 7638
f 7638 7625 7639
f 7625 7624 7639
f 7639 7624 7640
f 7624 7623 7640
f 7640 7623 7641
f 7623 7622 7641
f 7641 7622 7642
f 7622 7621 7642
f 7642 7621 7643
f 7643 7621 7644
f 7621 7620 7644
f 7644 7620 7645
f 7620 7619 7645
f 7645 7619 7646
f 7646 7619 7647
f 7638 7648 7626
f 7626 7648 7627
f 7648 7649 7627
f 7627 7649 7628
f 7649 7650 7628
f 7628 7650 7629
f 7650 7651 7629
f 7651 7652 7629
f 7629 7652 7630
f 7652 7653 7630
f 7630 7653 7631
f 7653 7654 7631
f 7631 7654 7633
f 7654 7655 7633
f 7633 7655 7632
f 7655 7656 7632
f 7632 7656 7637
f 7656 7657 7637
f 7637 7657 7636
f 7657 7658 7636
f 7636 7658 7635
f 7658 7659 7635
f 7635 7659 7634
f 7659 7660 7634
f 7661 7662 7660
f 7663 7664 7658
f 7665 7663 7657
f 7666 7667 7654
f 7668 7666 7653
f 7669 7670 7650
f 7647 7671 7672
f 7647 7672 7646
f 7672 7673 7646
f 7646 7673 7645
f 7673 7674 7645
f 7645 7674 7644
f 7674 7675 7644
f 7644 7675 7643
f 7675 7676 7643
f 7643 7676 7642
f 7676 7677 7642
f 7642 7677 7641
f 7677 7678 7641
f 7641 7678 7640
f 7678 7679 7640
f 7640 7679 7639
f 7679 7680 7639
f 7639 7680 7638
f 7669 7650 7681
f 7650 7649 7681
f 7649 7648 7681
f 7681 7648 7680
f 7648 7638 7680
f 7682 7652 7670
f 7652 7651 7670
f 7670 7651 7650
f 7668 7653 7682
f 7653 7652 7682
f 7666 7654 7653
f 7683 7656 7667
f 7656 7655 7667
f 7667 7655 7654
f 7665 7657 7683
f 7657 7656 7683
f 7663 7658 7657
f 7661 7660 7664
f 7660 7659 7664
f 7664 7659 7658
f 7661 7664 7684
f 7672 7671 899
f 899 7685 7672
f 7672 7685 7673
f 7685 7686 7673
f 7673 7686 7674
f 7686 7687 7674
f 7674 7687 7675
f 7687 7688 7675
f 7688 7689 7675
f 7675 7689 7676
f 7689 7677 7676
f 7689 7690 7677
f 7677 7690 7678
f 7690 7691 7678
f 7678 7691 7679
f 7691 7692 7679
f 7679 7692 7680
f 7692 7681 7680
f 7670 7669 7693
f 7693 7669 7694
f 7669 7681 7694
f 7694 7681 7692
f 7666 7668 7695
f 7668 7682 7695
f 7695 7682 7693
f 7693 7682 7670
f 7695 7696 7666
f 7696 7667 7666
f 7697 7663 7698
f 7696 7699 7667
f 7667 7699 7683
f 7699 7698 7683
f 7683 7698 7665
f 7698 7663 7665
f 7663 7697 7664
f 7664 7697 7684
f 7661 7684 7662
f 7662 7684 1155
f 940 942 7700
f 7700 886 945
f 962 964 7701
f 964 77 7701
f 897 900 7702
f 900 902 7702
f 906 909 7703
f 909 908 7703
f 925 924 7704
f 894 893 7704
f 7705 1142 1143
f 7706 7707 7708
f 7701 77 1112
f 1116 1115 7709
f 1117 7710 1115
f 7710 7709 1115
f 7710 1117 1119
f 7711 7712 7713
f 7708 7714 7715
f 1126 7716 7712
f 7712 1125 1126
f 7706 7717 1135
f 1128 1135 7717
f 1126 1132 7716
f 1132 1129 7716
f 7716 1129 7717
f 1129 1128 7717
f 7714 7713 7715
f 1119 1123 7710
f 1123 1122 7710
f 7710 1122 7712
f 7712 1122 1125
f 7718 7719 7720
f 7706 7708 7715
f 7720 7719 7721
f 7707 1139 1138
f 7705 1138 1140
f 7705 1140 1142
f 7707 7705 7721
f 7707 1138 7705
f 7720 7721 7722
f 7722 7721 7723
f 7720 7722 7724
f 7724 7722 7725
f 7722 7723 7725
f 7705 1143 7723
f 1146 7723 1147
f 1143 1145 7723
f 1145 1147 7723
f 7719 7707 7721
f 7721 7705 7723
f 7725 7723 7726
f 7724 7725 7727
f 7726 7723 1150
f 1153 7726 1150
f 1146 1150 7723
f 7728 7727 7692
f 7692 7727 7694
f 7694 7727 7693
f 7693 7727 7695
f 7727 7725 7695
f 7695 7725 7696
f 7696 7725 7699
f 7725 7726 7699
f 7699 7726 7698
f 7698 7726 7697
f 7697 7726 7684
f 920 7729 919
f 915 913 7729
f 890 930 7730
f 930 7731 7730
f 7731 7732 7733
f 7733 7734 7735
f 7735 7704 7730
f 7730 7704 891
f 7704 893 891
f 7718 7736 7732
f 7732 7736 7733
f 7733 7735 7731
f 7731 7735 7730
f 7730 891 890
f 7733 7736 7734
f 7734 7737 7735
f 7737 7738 7735
f 7735 7738 7704
f 7704 7729 925
f 7729 920 925
f 7729 7704 7738
f 7736 7739 7734
f 7734 7739 7737
f 919 7729 913
f 7704 924 894
f 904 906 7703
f 7737 7739 7728
f 7718 7720 7740
f 7727 7728 7739
f 7703 7738 7741
f 7741 7738 7737
f 7727 7739 7740
f 7740 7736 7718
f 7728 7742 7737
f 7737 7742 7741
f 7741 7743 7744
f 7703 7744 7702
f 7702 902 903
f 7740 7724 7727
f 7742 7743 7741
f 7741 7744 7703
f 7703 7702 904
f 7702 903 904
f 908 915 7703
f 915 7729 7703
f 7703 7729 7738
f 7739 7736 7740
f 957 7709 948
f 7709 7710 948
f 948 7710 949
f 7710 7745 949
f 949 7745 952
f 7709 956 955
f 886 7700 887
f 942 887 7700
f 945 947 7711
f 7711 947 7745
f 947 946 7745
f 7745 946 952
f 945 7711 7700
f 937 938 7700
f 7700 938 940
f 934 933 7746
f 7711 7747 7700
f 7747 7746 7700
f 7700 7746 937
f 7746 933 937
f 7710 7711 7745
f 7748 7731 7746
f 7746 7731 934
f 7701 1112 1116
f 7709 955 960
f 1116 7709 7701
f 7709 960 7701
f 7701 960 962
f 957 956 7709
f 7748 7749 7732
f 7746 7747 7748
f 7747 7713 7748
f 7748 7713 7749
f 7747 7711 7713
f 7749 7714 7732
f 7749 7713 7714
f 7711 7710 7712
f 7706 7715 7717
f 7717 7715 7716
f 7715 7713 7716
f 7716 7713 7712
f 7684 7726 1155
f 1155 7726 1153
f 1135 1139 7706
f 1139 7707 7706
f 7707 7719 7708
f 7720 7724 7740
f 7692 7691 7728
f 7728 7691 7742
f 7691 7690 7742
f 7690 7689 7742
f 7742 7689 7743
f 7689 7688 7743
f 7743 7688 7744
f 7688 7687 7744
f 7687 7686 7744
f 7686 7685 7744
f 7744 7685 7702
f 7702 7685 897
f 7685 899 897
f 7719 7718 7708
f 7708 7718 7714
f 7718 7732 7714
f 7732 7731 7748
f 7731 930 934
f 7750 7751 7752
f 7753 7754 7755
f 7756 7757 7758
f 7759 7760 7758
f 7761 7762 7763
f 7761 7764 7765
f 7761 7765 7766
f 7766 7765 7767
f 7768 7761 7769
f 7761 7766 7769
f 7767 7770 7766
f 7770 7769 7766
f 7771 7772 7773
f 7768 7762 7761
f 7774 7772 7771
f 7775 7776 7771
f 7771 7776 7774
f 7776 7777 7774
f 7774 7777 7778
f 7779 7780 7781
f 7780 7782 7781
f 7782 7783 7781
f 7774 7778 7783
f 7778 7784 7783
f 7783 7784 7781
f 7785 7786 7787
f 7786 7788 7787
f 7789 7790 7787
f 7787 7790 7785
f 7791 7772 7787
f 7787 7772 7774
f 7787 7788 7791
f 7791 7788 7792
f 7793 7794 7789
f 7794 7795 7789
f 7789 7795 7790
f 7780 7796 7782
f 46 7797 7780
f 7797 7798 7780
f 7780 7798 7796
f 7792 7752 7791
f 7787 7774 7789
f 7789 7774 7783
f 7758 7757 7759
f 7754 7753 7799
f 7799 7753 7800
f 7753 7801 7800
f 7800 7801 7802
f 7756 7758 7755
f 7758 7803 7755
f 7755 7803 7753
f 7750 7752 7792
f 7804 7803 7764
f 7805 7806 7803
f 7803 7806 7764
f 7764 7806 7765
f 7803 7804 7753
f 7753 7804 7801
f 7801 7804 7807
f 7804 7764 7807
f 7807 7764 7773
f 7752 7807 7791
f 7807 7772 7791
f 7779 46 7780
f 7773 7761 7771
f 7761 7763 7771
f 7758 7805 7803
f 7764 7761 7773
f 7771 7763 7775
f 7796 7793 7782
f 7793 7789 7782
f 7789 7783 7782
f 7773 7772 7807
f 7807 7752 7801
f 7752 7751 7801
f 7801 7751 7802
f 7808 7809 7810
f 7811 7770 7767
f 7811 7767 7812
f 7812 7813 7814
f 7814 7813 7815
f 7813 7816 7815
f 7815 7816 7817
f 7818 7819 7816
f 7819 7817 7816
f 7820 7821 7810
f 7821 7808 7810
f 7822 7816 7809
f 7809 7816 7810
f 7816 7823 7810
f 7824 7818 7816
f 7825 7812 7767
f 7826 7820 7827
f 7820 7810 7827
f 7827 7810 7823
f 7823 7816 7828
f 7828 7816 7813
f 7829 7826 7827
f 7830 7813 7812
f 7767 7765 7825
f 7831 7832 7833
f 7833 7832 7834
f 7831 7833 7835
f 7833 7836 7835
f 7835 7836 7837
f 7836 7838 7837
f 7813 7830 7839
f 7839 7840 7841
f 7841 7840 7842
f 7830 7825 7839
f 7839 7825 7840
f 7840 7843 7844
f 7840 7844 7842
f 7836 7844 7843
f 7836 7845 7838
f 7846 7845 7836
f 7847 7758 7848
f 7848 7758 7760
f 7849 7850 7847
f 7847 7805 7758
f 7825 7851 7843
f 7806 7805 7850
f 7825 7765 7851
f 7765 7806 7851
f 7850 7805 7847
f 7825 7843 7840
f 7852 7853 7854
f 7853 7855 7854
f 7854 7855 7856
f 7852 7854 7857
f 7854 7858 7857
f 7857 7858 7859
f 7858 7860 7859
f 7859 7860 7861
f 7860 7862 7861
f 7861 7862 7863
f 7863 7862 7864
f 7833 7834 7862
f 7834 7865 7862
f 7862 7865 7864
f 7866 7858 7854
f 7867 7860 7858
f 7862 7844 7833
f 7844 7836 7833
f 7854 7856 7866
f 7868 7869 7847
f 7847 7869 7849
f 7869 7846 7849
f 7846 7836 7849
f 7849 7836 7843
f 7844 7862 7842
f 7827 7870 7829
f 7829 7870 7871
f 7871 7870 7872
f 7872 7870 7873
f 7873 7870 7874
f 7874 7870 7875
f 7875 7870 7876
f 7876 7870 7877
f 7870 7867 7877
f 7877 7867 7878
f 7879 7880 7870
f 7881 7878 7867
f 7867 7870 7882
f 7882 7870 7880
f 7879 7870 7827
f 7839 7883 7828
f 7841 7842 7880
f 7880 7842 7882
f 7823 7828 7879
f 7828 7883 7879
f 7879 7883 7880
f 7883 7841 7880
f 7882 7842 7860
f 7867 7882 7860
f 7879 7827 7823
f 7816 7822 7824
f 7866 7881 7858
f 7881 7867 7858
f 7862 7860 7842
f 7841 7883 7839
f 7839 7828 7813
f 7830 7812 7825
f 7851 7806 7843
f 7806 7850 7843
f 7850 7849 7843
f 7847 7848 7868
f 7884 7819 7885
f 7819 7818 7885
f 7886 7887 7872
f 7887 7888 7872
f 7872 7888 7871
f 7888 7889 7871
f 7889 7890 7871
f 7871 7890 7829
f 7890 7891 7829
f 7891 7892 7829
f 7829 7892 7826
f 7892 7893 7826
f 7826 7893 7820
f 7893 7894 7820
f 7820 7894 7821
f 7894 7895 7821
f 7821 7895 7808
f 7895 7896 7808
f 7896 7897 7808
f 7808 7897 7809
f 7897 7898 7809
f 7809 7898 7822
f 7898 7899 7822
f 7899 7900 7822
f 7822 7900 7824
f 7900 7901 7824
f 7824 7901 7818
f 7901 7902 7818
f 7902 7903 7818
f 7818 7903 7885
f 7872 7873 7886
f 7886 7873 7904
f 7873 7874 7904
f 7874 7875 7904
f 7904 7875 7905
f 7875 7906 7905
f 7875 7876 7906
f 7906 7876 7907
f 7876 7877 7907
f 7877 7878 7907
f 7907 7878 7908
f 7878 7881 7908
f 7908 7881 7909
f 7881 7866 7909
f 7909 7866 7910
f 7910 7866 7911
f 7866 7856 7911
f 7911 7856 7855
f 7912 7886 7913
f 7886 7904 7913
f 7913 7904 7914
f 7904 7905 7914
f 7914 7905 7915
f 7905 7906 7915
f 7915 7906 7916
f 7906 7907 7916
f 7916 7907 7917
f 7907 7908 7917
f 7917 7908 7918
f 7908 7909 7918
f 7918 7909 7919
f 7909 7910 7919
f 7919 7910 7920
f 7910 7911 7920
f 7920 7911 7921
f 7890 7889 7922
f 7889 7888 7922
f 7922 7888 7912
f 7888 7887 7912
f 7912 7887 7886
f 7922 7923 7890
f 7923 7924 7890
f 7890 7924 7891
f 7924 7925 7891
f 7891 7925 7892
f 7925 7926 7892
f 7892 7926 7893
f 7926 7927 7893
f 7893 7927 7894
f 7927 7928 7894
f 7894 7928 7895
f 7928 7929 7895
f 7895 7929 7896
f 7929 7930 7896
f 7896 7930 7897
f 7930 7931 7897
f 7897 7931 7898
f 7931 7932 7898
f 7898 7932 7899
f 7932 7933 7899
f 7899 7933 7900
f 7933 7934 7900
f 7900 7934 7901
f 7934 7935 7901
f 7901 7935 7902
f 7935 7936 7902
f 7902 7936 7903
f 7936 7937 7903
f 7903 7937 7885
f 7937 7938 7885
f 7885 7938 7884
f 7921 7939 7920
f 7939 7940 7920
f 7920 7940 7919
f 7940 7941 7919
f 7919 7941 7918
f 7918 7941 7917
f 7941 7942 7917
f 7917 7942 7916
f 7942 7943 7916
f 7916 7943 7915
f 7943 7944 7915
f 7915 7944 7914
f 7944 7945 7914
f 7914 7945 7913
f 7913 7945 7912
f 7945 7946 7912
f 7912 7946 7922
f 7922 7946 7923
f 7946 7947 7923
f 7923 7947 7924
f 7924 7947 7925
f 7947 7948 7925
f 7925 7948 7926
f 7948 7949 7926
f 7926 7949 7927
f 7927 7949 7928
f 7949 7950 7928
f 7928 7950 7929
f 7950 7951 7929
f 7929 7951 7930
f 7952 7931 7953
f 7931 7930 7953
f 7953 7930 7951
f 7954 7938 7955
f 7938 7937 7955
f 7937 7936 7955
f 7955 7936 7956
f 7936 7935 7956
f 7956 7935 7957
f 7935 7934 7957
f 7934 7933 7957
f 7957 7933 7952
f 7933 7932 7952
f 7952 7932 7931
f 7946 7945 4828
f 4828 7945 4827
f 7945 7944 4827
f 4827 7944 4826
f 7944 7943 4826
f 4826 7943 4825
f 7943 7942 4825
f 4825 7942 4824
f 7942 7941 4824
f 4824 7941 4823
f 4823 7941 4822
f 7941 7940 4822
f 4822 7940 4821
f 7940 7939 4821
f 4821 7939 4820
f 4820 7939 4819
f 4828 4829 7946
f 7946 4829 7947
f 4829 4818 7947
f 7947 4818 7948
f 4818 4831 7948
f 7948 4831 7949
f 4831 4830 7949
f 7949 4830 7950
f 4830 4817 7950
f 7950 4817 7951
f 4817 4816 7951
f 7951 4816 7953
f 4816 4832 7953
f 7953 4832 7952
f 4832 4815 7952
f 7952 4815 7957
f 4815 4834 7957
f 4834 4833 7957
f 7957 4833 7956
f 7956 4833 7955
f 4833 4814 7955
f 4814 4813 7955
f 7955 4813 7954
f 9 8 1107
f 9 1107 7958
f 1107 1106 7958
f 7958 1106 7959
f 1106 1105 7959
f 7959 1105 7960
f 1105 1104 7960
f 7960 1104 7961
f 1104 1103 7961
f 7961 1103 7962
f 1103 1102 7962
f 7962 1102 7963
f 1102 1101 7963
f 7963 1101 7964
f 1101 1099 7964
f 7964 1099 7965
f 1099 1098 7965
f 7965 1098 7966
f 1098 1097 7966
f 7966 1097 7967
f 1097 1095 7967
f 7967 1095 7968
f 1095 1094 7968
f 7968 1094 7969
f 1094 1093 7969
f 7969 1093 7970
f 1093 1091 7970
f 7970 1091 7971
f 1091 1090 7971
f 7971 1090 7972
f 1090 1088 7972
f 7972 1088 7973
f 1088 1087 7973
f 7973 1087 7974
f 1087 133 7974
f 7974 133 132
f 3828 3852 1077
f 3835 3770 1111
f 1111 1109 3835
f 1084 3830 1085
f 3830 3833 1085
f 3833 3834 1085
f 1085 3834 1109
f 3834 3835 1109
f 3831 3830 1084
f 1080 3772 1082
f 3772 3771 1082
f 1082 3771 1083
f 3771 3831 1083
f 3831 1084 1083
f 1077 3852 1079
f 3852 3775 1079
f 1079 3775 1080
f 3775 3774 1080
f 1080 3774 3772
f 1076 1074 3847
f 3847 3829 1076
f 1076 3829 1077
f 1077 3829 3828
f 1072 3850 1073
f 3850 3848 1073
f 1073 3848 1074
f 3848 3847 1074
f 3851 3850 1072
f 3851 1072 1070
f 3846 3853 1070
f 1070 3853 3851
f 1070 1069 3846
f 1069 1067 3846
f 3846 1067 3766
f 3844 3767 1066
f 1067 1066 3766
f 1066 3767 3766
f 1066 1065 3844
f 1065 3845 3844
f 3845 1065 1064
f 1064 3842 3845
f 1064 1062 3842
f 3842 1062 3843
f 1062 8 3843
f 3843 8 7
f 3779 3778 3585
f 3607 3645 3805
f 3855 3818 3694
f 3818 3594 3694
f 3597 3819 3668
f 3597 3595 3819
f 3819 3595 3818
f 3595 3594 3818
f 3598 3663 3820
f 3819 3820 3668
f 3820 3663 3668
f 3822 3821 3662
f 3821 3817 3662
f 3662 3661 3822
f 3661 3599 3822
f 3820 3823 3598
f 3823 3822 3598
f 3822 3599 3598
f 3649 3648 3816
f 3817 3816 3662
f 3662 3816 3659
f 3816 3648 3659
f 3646 3647 3826
f 3816 3827 3649
f 3827 3826 3649
f 3826 3647 3649
f 3824 3809 3644
f 3809 3808 3644
f 3644 3605 3824
f 3824 3605 3604
f 3826 3825 3646
f 3825 3824 3646
f 3824 3604 3646
f 3805 3645 3807
f 3807 3645 3808
f 3808 3645 3644
f 3804 3764 3608
f 3804 3608 3805
f 3805 3608 3607
f 3682 3684 3764
f 3764 3684 3608
f 3764 3763 3682
f 3763 3777 3682
f 3777 3683 3682
f 3779 3585 3792
f 3792 3585 3777
f 3585 3683 3777
f 3678 3679 3778
f 3679 3586 3778
f 3778 3586 3585
f 3778 3791 3678
f 3678 3791 3795
f 3795 3794 3678
f 3678 3794 3589
f 3589 3794 3590
f 3794 3793 3590
f 3590 3793 3790
f 3675 3680 3790
f 3790 3680 3590
f 3674 3799 3672
f 3790 3789 3675
f 3789 3799 3675
f 3799 3674 3675
f 3796 3677 3797
f 3677 3676 3797
f 3797 3676 3670
f 3799 3798 3672
f 3798 3797 3672
f 3672 3797 3670
f 3796 3785 3677
f 3677 3785 3685
f 3785 3591 3685
f 3785 3784 3591
f 3591 3784 3783
f 3783 3782 3591
f 3591 3782 3592
f 3782 7 3592
f 3592 7 10
f 7975 970 7976
f 970 972 7976
f 972 974 7976
f 7976 974 7977
f 974 976 7977
f 7977 976 7978
f 976 978 7978
f 7978 978 7979
f 978 980 7979
f 7979 980 7980
f 980 982 7980
f 7980 982 7981
f 982 984 7981
f 7981 984 7982
f 984 390 7982
f 7982 390 388
f 7983 969 7975
f 7975 969 970
f 1005 1003 7984
f 7984 1003 7985
f 7985 1003 7986
f 1003 1001 7986
f 7986 1001 7987
f 1001 999 7987
f 7987 999 7988
f 999 997 7988
f 7988 997 7989
f 997 995 7989
f 7989 995 7990
f 995 993 7990
f 7990 993 7991
f 993 991 7991
f 991 989 7991
f 7991 989 7992
f 7992 989 7993
f 989 987 7993
f 987 985 7993
f 7993 985 7983
f 7983 985 969
f 7490 7489 7994
f 7995 7492 7994
f 7994 7492 7490
f 7995 7996 7496
f 7996 7997 7496
f 7496 7997 7483
f 7496 7493 7995
f 7493 7492 7995
f 7483 7997 7998
f 7484 7483 7998
f 7998 7999 7484
f 7484 7999 7500
f 7999 8000 7500
f 8000 7501 7500
f 8000 8001 7501
f 7501 8001 7502
f 8001 7503 7502
f 8001 8002 7503
f 7503 8002 7506
f 8002 8003 7506
f 7504 7506 8003
f 8003 73 7504
f 7504 73 75
f 8004 8005 8006
f 8007 8008 8009
f 8010 8011 8012
f 8013 8014 8015
f 8016 8017 8018
f 8019 8018 8020
f 8021 8022 8023
f 8023 8022 8018
f 8022 8016 8018
f 8017 8024 8018
f 8018 8024 8020
f 8024 8025 8020
f 8026 8021 8023
f 8023 8019 8020
f 8027 8026 8015
f 8026 8023 8015
f 8025 8028 8020
f 8028 8029 8020
f 8014 8027 8015
f 8023 8020 8030
f 8031 8013 8032
f 8013 8015 8032
f 8015 8023 8032
f 8029 8033 8020
f 8033 8034 8020
f 8035 8023 8030
f 8030 8020 8036
f 8020 8034 8036
f 8037 8031 8032
f 8035 8030 8038
f 8030 8036 8039
f 8040 8037 8041
f 8037 8032 8041
f 8011 8040 8041
f 8041 8038 8042
f 8038 8030 8043
f 8030 8039 8043
f 8011 8041 8012
f 8032 8023 8035
f 8023 8018 8019
f 8034 8044 8036
f 8044 8045 8036
f 8036 8045 8039
f 8045 8046 8039
f 8046 8047 8039
f 8047 8048 8039
f 8039 8048 8049
f 8008 8010 8009
f 8010 8012 8009
f 8012 8041 8050
f 8041 8032 8035
f 8006 8042 8051
f 8042 8038 8051
f 8038 8043 8052
f 8043 8039 8052
f 8007 8009 8053
f 8053 8009 8050
f 8009 8012 8050
f 8049 8054 8039
f 8039 8054 8055
f 8055 8054 8056
f 8051 8038 8057
f 8038 8052 8057
f 8052 8039 8055
f 8050 8041 8042
f 8056 8058 8055
f 8055 8058 8059
f 8006 8051 8060
f 8051 8057 8060
f 8060 8057 8061
f 8061 8057 8052
f 8055 8059 8062
f 8063 8004 8006
f 8006 8060 8064
f 8061 8052 8055
f 8005 8053 8006
f 8053 8050 8006
f 8006 8050 8042
f 8041 8035 8038
f 132 8063 8006
f 8059 8065 8062
f 8062 8065 8066
f 132 8006 7974
f 8006 8064 7974
f 7974 8064 7973
f 7973 8064 7972
f 7972 8064 7971
f 8064 8060 7971
f 7971 8060 7970
f 7970 8060 7969
f 7969 8060 7968
f 8060 8061 7968
f 7968 8061 7967
f 8061 8055 7967
f 7967 8055 7966
f 7966 8055 7965
f 7965 8055 7964
f 7964 8055 7963
f 7963 8055 7962
f 7962 8055 7961
f 7961 8055 7960
f 7960 8055 7959
f 8055 8062 7959
f 7959 8062 7958
f 8062 8066 7958
f 7958 8066 9
f 8067 8068 7984
f 8069 8070 7985
f 8071 8072 7986
f 8073 8074 7988
f 8075 8076 7989
f 8077 8078 7990
f 8079 8080 7991
f 7993 7983 8081
f 7983 7975 8081
f 8081 7975 8082
f 7975 7976 8082
f 8082 7976 8083
f 8083 7976 8084
f 7976 7977 8084
f 8084 7977 8085
f 7977 7978 8085
f 8085 7978 8086
f 7978 7979 8086
f 8086 7979 8087
f 7979 7980 8087
f 8087 7980 8088
f 7980 7981 8088
f 8088 7981 8089
f 7981 7982 8089
f 8089 7982 8090
f 7982 388 8090
f 8090 388 386
f 8081 8091 7993
f 7993 8091 8092
f 8079 7991 8092
f 7991 7992 8092
f 8092 7992 7993
f 8077 7990 8080
f 7990 7991 8080
f 8075 7989 8078
f 7989 7990 8078
f 8073 7988 8076
f 7988 7989 8076
f 8071 7986 8074
f 7986 7987 8074
f 8074 7987 7988
f 8069 7985 8072
f 7985 7986 8072
f 8067 7984 8070
f 8070 7984 7985
f 8001 8000 8093
f 8000 7999 8093
f 7999 7998 8093
f 7998 7997 7996
f 8094 384 8095
f 8094 8095 8096
f 8096 8095 8097
f 8097 8095 8098
f 8098 8095 8099
f 8099 8095 8100
f 8100 8095 8101
f 8095 8102 8101
f 8101 8102 8103
f 7995 7994 7996
f 7994 8104 7996
f 8104 8105 7996
f 8105 8106 7996
f 8106 8107 7996
f 7996 8107 8108
f 8107 8109 8108
f 8109 8110 8108
f 8110 8111 8108
f 8108 8111 8102
f 8111 8112 8102
f 8112 8113 8102
f 7998 7996 8093
f 8102 8095 8114
f 7996 8108 8093
f 8115 8108 8102
f 8002 8001 8116
f 8001 8093 8116
f 8093 8108 8115
f 8115 8102 8117
f 8117 8102 8114
f 8003 8002 8116
f 8116 8093 8118
f 8118 8093 8115
f 73 8003 8119
f 8003 8116 8119
f 8119 8116 8120
f 8120 8116 8121
f 8116 8118 8121
f 8121 8118 8122
f 8122 8118 8123
f 8118 8115 8123
f 8123 8115 8124
f 8124 8115 8125
f 8125 8115 8126
f 8126 8115 8127
f 8127 8115 8128
f 8115 8117 8128
f 8128 8117 8129
f 8117 8114 8129
f 8129 8114 8130
f 8130 8114 8131
f 8131 8114 8132
f 8114 8133 8132
f 8132 8133 8134
f 8133 8095 8134
f 8134 8095 8135
f 8135 8095 8136
f 8136 8095 384
f 8113 8103 8102
f 8095 8133 8114
f 8017 8016 4835
f 4835 8016 6481
f 8016 6478 6481
f 6479 6478 8022
f 8016 8022 6478
f 8022 8021 6479
f 8021 6574 6479
f 8026 8027 6482
f 8021 8026 6574
f 8026 6482 6574
f 6483 6482 8027
f 8013 8031 6494
f 8027 8014 6483
f 8014 8013 6483
f 6483 8013 6485
f 8013 6494 6485
f 6477 6486 8037
f 8037 6486 8031
f 6486 6494 8031
f 8011 6499 8040
f 6499 6477 8040
f 8040 6477 8037
f 6500 6499 8011
f 6500 8010 6510
f 8010 8008 6510
f 6510 8008 8007
f 8011 8010 6500
f 8007 6505 6510
f 6503 8053 8005
f 8007 8053 6505
f 8053 6503 6505
f 6509 6501 8005
f 8005 6501 6503
f 6509 8005 8004
f 6508 6509 8004
f 8004 8063 6508
f 6508 8063 6506
f 8063 132 6506
f 6506 132 131
f 4966 4967 8029
f 4954 4958 8045
f 11 9 4928
f 9 8066 4928
f 4931 4933 8066
f 8066 4933 4928
f 8065 8059 4929
f 8066 8065 4931
f 8065 4929 4931
f 4951 4929 8059
f 8059 8058 4951
f 4951 8058 4952
f 8058 4944 4952
f 8058 8056 4944
f 8056 4942 4944
f 4950 4942 8054
f 8056 8054 4942
f 8054 8049 4950
f 4950 8049 4948
f 8048 8047 5027
f 5027 4947 8048
f 8048 4947 8049
f 4947 4949 8049
f 8049 4949 4948
f 8045 4958 8046
f 4958 5028 8046
f 8046 5028 8047
f 8047 5028 5027
f 4955 4954 8045
f 8045 8044 4955
f 8044 8034 4955
f 4955 8034 4957
f 4967 8033 8029
f 8034 8033 4957
f 8033 4967 4957
f 4965 4966 8029
f 4969 4971 8028
f 4969 8028 8025
f 8029 8028 4965
f 8028 4971 4965
f 4970 4969 8025
f 8025 8024 4970
f 8024 5026 4970
f 8024 8017 5026
f 8067 8070 8137
f 8069 8072 8138
f 8071 8074 8139
f 8073 8076 8140
f 8075 8078 8141
f 8077 8080 8142
f 8079 8092 8143
f 8091 8081 8144
f 386 385 8145
f 386 8145 8090
f 8145 8146 8090
f 8090 8146 8089
f 8146 8147 8089
f 8089 8147 8088
f 8147 8148 8088
f 8088 8148 8087
f 8148 8149 8087
f 8087 8149 8086
f 8149 8150 8086
f 8086 8150 8085
f 8150 8151 8085
f 8085 8151 8084
f 8151 8152 8084
f 8084 8152 8083
f 8152 8153 8083
f 8083 8153 8082
f 8082 8153 8081
f 8153 8154 8081
f 8081 8154 8144
f 8091 8144 8092
f 8144 8155 8092
f 8092 8155 8143
f 8079 8143 8080
f 8143 8156 8080
f 8080 8156 8142
f 8077 8142 8078
f 8142 8157 8078
f 8078 8157 8141
f 8075 8141 8076
f 8141 8158 8076
f 8076 8158 8140
f 8073 8140 8074
f 8140 8159 8074
f 8074 8159 8139
f 8071 8139 8072
f 8139 8160 8072
f 8072 8160 8138
f 8069 8138 8070
f 8138 8161 8070
f 8070 8161 8137
f 8067 8137 8068
f 8137 8162 8068
f 8068 8162 8163
f 385 384 8094
f 385 8094 8145
f 8094 8096 8145
f 8145 8096 8146
f 8096 8097 8146
f 8146 8097 8147
f 8097 8098 8147
f 8147 8098 8148
f 8098 8099 8148
f 8148 8099 8149
f 8099 8100 8149
f 8149 8100 8150
f 8100 8101 8150
f 8150 8101 8151
f 8101 8103 8151
f 8151 8103 8152
f 8103 8113 8152
f 8152 8113 8153
f 8112 8144 8113
f 8144 8154 8113
f 8113 8154 8153
f 8111 8110 8142
f 8142 8156 8111
f 8156 8143 8111
f 8111 8143 8112
f 8143 8155 8112
f 8112 8155 8144
f 8109 8107 8140
f 8140 8158 8109
f 8158 8141 8109
f 8109 8141 8110
f 8141 8157 8110
f 8110 8157 8142
f 8106 8105 8138
f 8138 8160 8106
f 8160 8139 8106
f 8106 8139 8107
f 8139 8159 8107
f 8107 8159 8140
f 8104 7994 8163
f 8163 8162 8104
f 8162 8137 8104
f 8104 8137 8105
f 8137 8161 8105
f 8105 8161 8138
f 384 383 8164
f 384 8164 8136
f 8164 8165 8136
f 8136 8165 8135
f 8165 8166 8135
f 8135 8166 8134
f 8166 8167 8134
f 8134 8167 8132
f 8167 8168 8132
f 8132 8168 8131
f 8168 8169 8131
f 8131 8169 8130
f 8169 8170 8130
f 8130 8170 8129
f 8170 8171 8129
f 8129 8171 8128
f 8171 8172 8128
f 8128 8172 8127
f 8172 8173 8127
f 8127 8173 8126
f 8173 8174 8126
f 8126 8174 8125
f 8174 8175 8125
f 8125 8175 8124
f 8175 8176 8124
f 8124 8176 8123
f 8176 8177 8123
f 8123 8177 8122
f 8177 8178 8122
f 8122 8178 8121
f 8178 8179 8121
f 8121 8179 8120
f 8179 8180 8120
f 8120 8180 8119
f 8180 74 8119
f 8119 74 73
f 6597 6696 6516
f 6516 6696 6515
f 6466 6554 6701
f 6467 6466 6661
f 6575 4867 6538
f 6603 6602 6538
f 6538 6602 6575
f 6542 6687 6541
f 6687 6605 6541
f 6538 6540 6603
f 6540 6541 6603
f 6541 6605 6603
f 6681 6680 6543
f 6681 6543 6606
f 6543 6545 6606
f 6542 6543 6687
f 6543 6680 6687
f 6609 6607 6548
f 6545 6548 6606
f 6548 6607 6606
f 6659 6658 6546
f 6659 6546 6679
f 6546 6559 6679
f 6679 6559 6473
f 6548 6547 6609
f 6547 6546 6609
f 6609 6546 6658
f 6473 6472 6679
f 6679 6472 6657
f 6472 6655 6657
f 6470 6469 6670
f 6670 6676 6470
f 6472 6556 6655
f 6556 6470 6655
f 6470 6676 6655
f 6551 6467 6669
f 6670 6469 6669
f 6469 6552 6669
f 6669 6552 6551
f 6661 6660 6467
f 6467 6660 6669
f 6701 6661 6466
f 6700 6699 6554
f 6554 6699 6701
f 6700 6554 6593
f 6554 6553 6593
f 6593 6553 6512
f 6512 6511 6593
f 6593 6511 6594
f 6511 6697 6594
f 6515 6696 6511
f 6511 6696 6697
f 6518 6520 6598
f 6597 6516 6598
f 6598 6516 6518
f 6693 6698 6520
f 6520 6698 6598
f 6690 6691 6524
f 6520 6524 6693
f 6524 6691 6693
f 6527 6695 6530
f 6695 6694 6530
f 6530 6694 6688
f 6524 6531 6690
f 6531 6530 6690
f 6690 6530 6688
f 6527 6526 6695
f 6599 6703 6526
f 6526 6703 6695
f 6526 6535 6599
f 6599 6535 6600
f 6535 6534 6600
f 6534 6532 6600
f 6532 131 6600
f 6600 131 107
f 8181 8182 5019
f 8182 8183 4915
f 8183 8184 5018
f 8185 8186 5024
f 8186 8187 4916
f 11 4917 16
f 4917 8188 16
f 4916 8187 4917
f 4917 8187 8188
f 5024 8186 5025
f 8186 4916 5025
f 8185 5024 5013
f 5013 5015 8185
f 8185 5015 8189
f 8189 5015 8184
f 5015 5016 8184
f 8184 5016 5018
f 4915 8183 5021
f 5018 5021 8183
f 4915 4914 8182
f 8182 4914 5019
f 5019 5020 8181
f 8181 5020 8190
f 5020 5023 8190
f 5023 5022 8190
f 8190 5022 8191
f 5022 4986 8191
f 8191 4986 8192
f 4986 4926 8192
f 8192 4926 4925
f 8193 8194 4925
f 4925 8194 8192
f 8195 4991 8196
f 4991 4923 8196
f 8196 4923 4922
f 4925 4991 8193
f 4991 8195 8193
f 4982 8197 4981
f 8197 8198 4981
f 4922 4981 8196
f 4981 8198 8196
f 8199 4983 8200
f 8200 4983 4985
f 4982 4983 8197
f 4983 8199 8197
f 8201 8202 4998
f 4998 4997 8201
f 4997 4920 8201
f 4985 4998 8200
f 8200 4998 8203
f 4998 8202 8203
f 8204 5000 8205
f 5000 4999 8205
f 4920 4919 8201
f 4919 5000 8201
f 8201 5000 8206
f 5000 8204 8206
f 4999 5011 8205
f 5011 8207 8205
f 8207 5011 8208
f 5011 5012 8208
f 5002 5004 8209
f 5012 5002 8208
f 8208 5002 8210
f 5002 8209 8210
f 5004 5038 8209
f 8209 5038 8211
f 383 8212 8213
f 8212 8214 8213
f 8215 8216 8217
f 8216 8218 8217
f 8217 8218 8219
f 8218 8220 8219
f 8215 8217 8221
f 8221 8217 8222
f 8217 8219 8223
f 8220 8224 8219
f 8219 8224 8223
f 8224 8225 8223
f 8222 8217 8223
f 8223 8225 8226
f 8227 8222 8228
f 8222 8223 8228
f 8223 8226 8228
f 8225 8229 8226
f 8229 8230 8226
f 8226 8230 8228
f 8230 8231 8228
f 8221 8222 8232
f 8232 8222 8233
f 8233 8222 8234
f 8222 8227 8234
f 8227 8235 8234
f 8234 8235 8236
f 8227 8228 8237
f 8237 8228 8238
f 8227 8237 8235
f 8228 8239 8238
f 8215 8221 8232
f 8234 8236 8240
f 8231 8241 8228
f 8241 8242 8228
f 8228 8242 8239
f 8242 8243 8239
f 8239 8243 8244
f 8235 8237 8245
f 8245 8237 8246
f 8237 8238 8246
f 8236 8235 8245
f 8245 8246 8236
f 8238 8239 8247
f 8248 8216 8215
f 8244 8249 8239
f 8239 8249 8250
f 8236 8246 8251
f 8246 8238 8251
f 8251 8238 8247
f 8239 8250 8247
f 8248 8215 8252
f 8215 8232 8252
f 8252 8232 8253
f 8253 8232 8254
f 8254 8232 8255
f 8255 8232 8256
f 8232 8233 8256
f 8256 8233 8257
f 8233 8234 8257
f 8257 8234 8258
f 8258 8234 8259
f 8234 8240 8259
f 8259 8240 8260
f 8260 8240 8261
f 8240 8236 8261
f 8261 8236 8262
f 8236 8213 8262
f 8262 8213 8214
f 8213 8236 8263
f 8263 8236 8264
f 8250 8265 8247
f 8247 8265 8266
f 8264 8236 8251
f 8251 8247 8267
f 8247 8266 8268
f 8266 8269 8268
f 8269 8270 8268
f 8268 8270 8247
f 8247 8270 8271
f 8247 8271 8272
f 8272 8271 8273
f 383 8213 8164
f 8213 8263 8164
f 8164 8263 8165
f 8165 8263 8166
f 8166 8263 8167
f 8167 8263 8168
f 8263 8264 8168
f 8168 8264 8169
f 8169 8264 8170
f 8170 8264 8171
f 8264 8251 8171
f 8171 8251 8172
f 8172 8251 8173
f 8173 8251 8174
f 8174 8251 8175
f 8251 8267 8175
f 8175 8267 8176
f 8267 8247 8176
f 8176 8247 8177
f 8177 8247 8178
f 8178 8247 8179
f 8247 8272 8179
f 8179 8272 8180
f 8272 8273 8180
f 8180 8273 74
f 107 84 6614
f 84 8274 6614
f 6614 8274 8275
f 6616 6615 8275
f 8275 6615 6614
f 6618 8276 6621
f 8276 8277 6621
f 6621 8277 8278
f 8275 8276 6616
f 8276 6618 6616
f 6636 6635 8278
f 8278 6635 6621
f 8278 8279 6636
f 8279 6629 6636
f 6627 6631 8280
f 8279 8281 6629
f 8281 8280 6629
f 6629 8280 6630
f 8280 6631 6630
f 6634 6627 8282
f 8280 8282 6627
f 8282 8283 6634
f 8284 8285 6706
f 6706 6705 8284
f 6705 6633 8284
f 8284 6633 8283
f 8283 6633 6634
f 8285 8286 6639
f 6639 8286 6641
f 6639 6638 8285
f 8285 6638 6706
f 6642 6641 8286
f 8286 8287 6642
f 8287 8288 6642
f 6642 8288 6612
f 8288 8289 6612
f 8289 6613 6612
f 6648 6649 8290
f 8289 8290 6613
f 6613 8290 6649
f 6652 8291 8292
f 8290 8291 6648
f 6648 8291 6652
f 8292 6651 6652
f 8292 8293 6651
f 8293 6591 6651
f 8293 8294 6591
f 8207 8295 8205
f 8295 8296 8205
f 8207 8208 8295
f 8208 8210 8295
f 8295 8210 8294
f 8210 8209 8294
f 8294 8209 8211
f 8202 8297 8203
f 8297 8298 8203
f 8203 8298 8200
f 8202 8201 8297
f 8201 8206 8297
f 8297 8206 8296
f 8206 8204 8296
f 8296 8204 8205
f 8198 8299 8196
f 8299 8300 8196
f 8198 8197 8299
f 8299 8197 8298
f 8197 8199 8298
f 8298 8199 8200
f 8192 8194 8301
f 8194 8193 8301
f 8301 8193 8300
f 8193 8195 8300
f 8300 8195 8196
f 8301 8302 8192
f 8302 8303 8192
f 8192 8303 8191
f 8304 8190 8303
f 8303 8190 8191
f 8305 8306 8182
f 8182 8181 8305
f 8305 8181 8304
f 8304 8181 8190
f 8307 8308 8189
f 8189 8184 8307
f 8184 8183 8307
f 8307 8183 8306
f 8306 8183 8182
f 8186 8185 8309
f 8309 8185 8308
f 8308 8185 8189
f 8310 18 16
f 16 8188 8310
f 8188 8187 8310
f 8310 8187 8309
f 8309 8187 8186
f 8248 8252 8311
f 8311 8312 8248
f 8312 8313 8248
f 8248 8313 8216
f 8313 8314 8216
f 8216 8314 8315
f 8253 8254 8316
f 8316 8317 8253
f 8317 8318 8253
f 8253 8318 8252
f 8318 8319 8252
f 8252 8319 8311
f 8255 8256 8320
f 8320 8321 8255
f 8321 8322 8255
f 8255 8322 8254
f 8322 8323 8254
f 8254 8323 8316
f 8324 8325 8257
f 8325 8326 8257
f 8257 8326 8256
f 8326 8327 8256
f 8256 8327 8320
f 8257 8258 8324
f 8324 8258 8328
f 8258 8259 8328
f 8328 8259 8329
f 8259 8260 8329
f 8329 8260 8330
f 8260 8261 8330
f 8330 8261 8331
f 8331 8261 8332
f 8261 8262 8332
f 8332 8262 8333
f 8262 8214 8333
f 8333 8214 8334
f 8334 8214 8335
f 8214 8212 8335
f 8335 8212 8336
f 8212 383 8336
f 8336 383 376
f 5499 5498 8225
f 76 74 5465
f 74 8273 5465
f 5465 8273 8271
f 5467 5466 8271
f 8271 5466 5465
f 5469 8270 5470
f 8270 8269 5470
f 5470 8269 8266
f 8271 8270 5467
f 8270 5469 5467
f 5485 5484 8266
f 8266 5484 5470
f 8266 8265 5485
f 8265 5477 5485
f 8265 8250 5477
f 8250 5479 5477
f 5483 5479 8249
f 8250 8249 5479
f 8249 8244 5483
f 5483 8244 5482
f 5563 5482 8243
f 8243 5482 8244
f 8241 5493 8242
f 5493 5563 8242
f 8242 5563 8243
f 8241 5491 5493
f 8241 8231 5491
f 5491 8231 5492
f 5496 8230 5498
f 8230 8229 5498
f 5498 8229 8225
f 8231 8230 5492
f 8230 5496 5492
f 5502 5499 8224
f 5502 8224 8220
f 8225 8224 5499
f 5503 5502 8220
f 8220 8218 5503
f 5503 8218 5562
f 8218 8216 5562
f 8293 8292 8337
f 8292 8291 8337
f 8291 8290 8337
f 8290 8289 8338
f 8289 8288 8338
f 8288 8287 8339
f 8286 8285 8340
f 8280 8281 8341
f 8278 8277 8342
f 8275 8274 8343
f 8344 18 8345
f 8346 8347 8348
f 8344 8345 8347
f 8346 8344 8347
f 8349 8348 8350
f 8346 8348 8349
f 8349 8350 8351
f 8352 18 8344
f 8352 8344 8353
f 8344 8346 8353
f 8353 8346 8354
f 8354 8346 8355
f 8355 8346 8356
f 8356 8346 8357
f 8357 8346 8358
f 8358 8346 8359
f 8359 8346 8360
f 8360 8346 8361
f 8346 8349 8361
f 8361 8349 8362
f 8362 8349 8363
f 8363 8349 8364
f 8364 8349 8365
f 8349 8351 8365
f 8365 8351 8366
f 8366 8351 8367
f 8274 84 8343
f 84 8368 8343
f 8343 8368 8351
f 8276 8275 8351
f 8275 8343 8351
f 8277 8276 8342
f 8276 8351 8342
f 8279 8278 8369
f 8278 8342 8369
f 8342 8351 8369
f 8281 8279 8341
f 8279 8369 8341
f 8282 8280 8341
f 8351 8350 8369
f 8283 8282 8369
f 8282 8341 8369
f 8369 8350 8340
f 8284 8283 8369
f 8340 8350 8370
f 8285 8284 8340
f 8284 8369 8340
f 8370 8350 8348
f 8287 8286 8339
f 8286 8340 8339
f 8288 8339 8338
f 8339 8340 8338
f 8338 8340 8337
f 8337 8340 8371
f 8371 8340 8370
f 8371 8370 8372
f 8370 8348 8372
f 8348 8347 8345
f 8290 8338 8337
f 8373 8337 8371
f 8372 8348 8345
f 8373 8371 8374
f 8371 8372 8374
f 8294 8293 8295
f 8293 8337 8295
f 8295 8337 8296
f 8296 8337 8297
f 8297 8337 8298
f 8337 8373 8298
f 8298 8373 8299
f 8299 8373 8300
f 8373 8374 8300
f 8300 8374 8301
f 8301 8374 8302
f 8302 8374 8303
f 8374 8372 8303
f 8303 8372 8304
f 8304 8372 8305
f 8305 8372 8306
f 8372 8345 8306
f 8306 8345 8307
f 8307 8345 8308
f 8308 8345 8309
f 8309 8345 8310
f 8310 8345 18
f 8368 8367 8351
f 8375 8376 8315
f 8312 8311 8377
f 8377 8311 8378
f 8379 8380 8318
f 8381 8382 8316
f 8383 8384 8322
f 8385 8386 8320
f 8325 8324 8387
f 8324 8328 8387
f 8387 8328 8388
f 8328 8329 8388
f 8388 8329 8389
f 8329 8330 8389
f 8389 8330 8390
f 8330 8331 8390
f 8390 8331 8391
f 8331 8332 8391
f 8391 8332 8392
f 8332 8333 8392
f 8392 8333 8393
f 8333 8334 8393
f 8393 8334 8394
f 8334 8335 8394
f 8394 8335 8395
f 8335 8336 8395
f 8395 8336 8396
f 8336 376 8396
f 8396 376 377
f 8325 8387 8326
f 8387 8397 8326
f 8326 8397 8398
f 8385 8320 8398
f 8320 8327 8398
f 8398 8327 8326
f 8383 8322 8386
f 8322 8321 8386
f 8386 8321 8320
f 8381 8316 8384
f 8316 8323 8384
f 8384 8323 8322
f 8379 8318 8382
f 8318 8317 8382
f 8382 8317 8316
f 8378 8311 8380
f 8311 8319 8380
f 8380 8319 8318
f 8312 8377 8313
f 8377 8399 8313
f 8313 8399 8400
f 8375 8315 8400
f 8315 8314 8400
f 8400 8314 8313
f 5450 5555 5689
f 5689 5555 5688
f 5633 5725 5558
f 5634 5633 5522
f 5572 5704 5706
f 5456 5455 5706
f 5706 5455 5572
f 5710 5544 5709
f 5544 5458 5709
f 5706 5708 5456
f 5708 5709 5456
f 5709 5458 5456
f 5537 5711 5459
f 5459 5711 5713
f 5710 5711 5544
f 5711 5537 5544
f 5463 5462 5717
f 5462 5460 5717
f 5713 5718 5459
f 5718 5717 5459
f 5717 5460 5459
f 5520 5519 5714
f 5520 5714 5639
f 5717 5715 5463
f 5715 5714 5463
f 5714 5519 5463
f 5639 5638 5520
f 5520 5638 5518
f 5638 5516 5518
f 5637 5636 5529
f 5637 5529 5727
f 5529 5535 5727
f 5638 5728 5516
f 5728 5727 5516
f 5727 5535 5516
f 5529 5636 5521
f 5521 5636 5634
f 5522 5521 5634
f 5558 5522 5633
f 5559 5558 5725
f 5559 5725 5446
f 5725 5724 5446
f 5446 5724 5685
f 5685 5684 5446
f 5684 5686 5446
f 5446 5686 5447
f 5686 5556 5447
f 5688 5555 5686
f 5686 5555 5556
f 5450 5689 5451
f 5451 5689 5691
f 5551 5557 5691
f 5691 5557 5451
f 5549 5550 5693
f 5691 5693 5551
f 5693 5550 5551
f 5695 5554 5697
f 5554 5553 5697
f 5697 5553 5547
f 5693 5698 5549
f 5698 5697 5549
f 5549 5697 5547
f 5695 5694 5554
f 5694 5642 5554
f 5554 5642 5641
f 5452 5546 5641
f 5546 5560 5641
f 5641 5560 5554
f 5641 5703 5452
f 5452 5703 5453
f 5703 5700 5453
f 5700 5699 5453
f 5699 49 5453
f 5453 49 76
f 20 18 8352
f 20 8352 8401
f 8352 8353 8401
f 8401 8353 8402
f 8353 8354 8402
f 8402 8354 8403
f 8354 8355 8403
f 8403 8355 8404
f 8355 8356 8404
f 8404 8356 8405
f 8356 8357 8405
f 8405 8357 8406
f 8357 8358 8406
f 8406 8358 8407
f 8358 8359 8407
f 8407 8359 8408
f 8359 8360 8408
f 8408 8360 8409
f 8360 8361 8409
f 8409 8361 8410
f 8361 8362 8410
f 8410 8362 8411
f 8362 8363 8411
f 8411 8363 8412
f 8363 8364 8412
f 8412 8364 8413
f 8364 8365 8413
f 8413 8365 8414
f 8365 8366 8414
f 8414 8366 8415
f 8366 8367 8415
f 8415 8367 8416
f 8367 8368 8416
f 8416 8368 8417
f 8368 84 8417
f 8417 84 83
f 377 378 8418
f 377 8418 8396
f 8396 8418 8395
f 8418 8419 8395
f 8395 8419 8394
f 8419 8420 8394
f 8394 8420 8393
f 8393 8420 8392
f 8420 8421 8392
f 8392 8421 8391
f 8421 8422 8391
f 8391 8422 8390
f 8390 8422 8389
f 8422 8423 8389
f 8389 8423 8388
f 8423 8424 8388
f 8388 8424 8387
f 8425 8426 8386
f 8386 8385 8425
f 8385 8398 8425
f 8425 8398 8424
f 8398 8397 8424
f 8424 8397 8387
f 8427 8428 8382
f 8382 8381 8427
f 8381 8384 8427
f 8427 8384 8426
f 8384 8383 8426
f 8426 8383 8386
f 8429 8430 8377
f 8377 8378 8429
f 8378 8380 8429
f 8429 8380 8428
f 8380 8379 8428
f 8428 8379 8382
f 8431 8432 8376
f 8376 8375 8431
f 8375 8400 8431
f 8431 8400 8430
f 8400 8399 8430
f 8430 8399 8377
f 8433 8434 5747
f 5733 8432 5732
f 8432 8433 5732
f 8433 5747 5732
f 8434 5644 5747
f 5645 5644 8435
f 8434 8435 5644
f 8435 8436 5645
f 8436 5757 5645
f 5758 8437 5650
f 8437 8438 5650
f 5650 8438 8439
f 8436 8437 5757
f 8437 5758 5757
f 5652 5651 8439
f 8439 5651 5650
f 8440 8441 5654
f 8439 8442 5652
f 8442 8440 5652
f 5652 8440 5653
f 8440 5654 5653
f 8443 5655 8441
f 5655 5654 8441
f 8444 5671 8445
f 5671 5670 8445
f 5670 5667 8445
f 8445 5667 8443
f 5667 5655 8443
f 5669 5671 8444
f 5663 8446 5682
f 5682 8446 8447
f 8444 8446 5669
f 8446 5663 5669
f 5675 5682 8447
f 5674 8448 8449
f 8447 8448 5675
f 8448 5674 5675
f 5676 5674 8449
f 5676 8449 8450
f 5680 5676 8450
f 8450 8451 5680
f 5680 8451 5678
f 8451 5759 5678
f 8451 98 5759
f 5759 98 49
f 8452 8453 8454
f 8453 8455 8454
f 8455 8456 8457
f 8456 8458 8457
f 8458 8459 8457
f 8459 8460 8457
f 8461 8462 8457
f 8463 8464 8465
f 8466 8463 8467
f 8468 8463 8466
f 8465 8464 8469
f 8469 8464 8470
f 8471 8472 8465
f 8465 8472 8466
f 8472 8468 8466
f 8469 8470 8473
f 8474 8471 8475
f 8471 8465 8475
f 8469 8473 8476
f 8476 8473 8477
f 8478 8474 8475
f 8476 8477 8479
f 8478 8475 8480
f 8480 8475 8481
f 8479 8477 8482
f 8482 8477 8483
f 8484 8480 8481
f 8485 8479 8482
f 8482 8483 8486
f 8462 8484 8457
f 8484 8481 8457
f 8481 8475 8487
f 8475 8465 8487
f 8488 8461 8457
f 8489 8485 8490
f 8490 8485 8491
f 8485 8482 8491
f 8491 8482 8492
f 8482 8486 8492
f 8492 8486 8493
f 8460 8488 8457
f 8466 8467 8465
f 8492 8493 8494
f 8457 8481 8495
f 8491 8492 8496
f 8492 8494 8497
f 8498 8457 8495
f 8495 8481 8489
f 8481 8487 8489
f 8487 8465 8469
f 8467 8463 8465
f 8498 8490 8499
f 8490 8491 8500
f 8500 8491 8496
f 8496 8492 8497
f 8497 8494 8501
f 8495 8489 8498
f 8489 8487 8476
f 8487 8469 8476
f 8499 8490 8500
f 8500 8496 8502
f 8496 8497 8502
f 8497 8501 8503
f 8455 8457 8454
f 8457 8498 8454
f 8454 8498 8499
f 8499 8500 8504
f 8504 8500 8502
f 8503 8501 8505
f 8454 8499 8506
f 8502 8497 8507
f 8507 8497 8503
f 8503 8505 8508
f 83 8452 8454
f 83 8454 8417
f 8417 8454 8416
f 8416 8454 8415
f 8415 8454 8414
f 8454 8506 8414
f 8414 8506 8413
f 8506 8499 8413
f 8413 8499 8412
f 8412 8499 8411
f 8411 8499 8410
f 8499 8504 8410
f 8410 8504 8409
f 8504 8502 8409
f 8409 8502 8408
f 8408 8502 8407
f 8407 8502 8406
f 8502 8507 8406
f 8406 8507 8405
f 8405 8507 8404
f 8507 8503 8404
f 8404 8503 8403
f 8403 8503 8402
f 8402 8503 8401
f 8503 8508 8401
f 8401 8508 20
f 8498 8489 8490
f 8489 8476 8485
f 8485 8476 8479
f 378 8509 8510
f 8509 8511 8510
f 98 8451 8512
f 8512 8451 8513
f 8451 8450 8513
f 8514 8513 8515
f 8450 8449 8513
f 8449 8448 8513
f 8514 8515 8516
f 8515 8513 8446
f 8512 8513 8517
f 8448 8447 8513
f 8513 8447 8446
f 8515 8446 8518
f 8513 8514 8517
f 8517 8514 8516
f 8516 8515 8519
f 8519 8515 8520
f 8520 8515 8521
f 8521 8515 8518
f 8446 8522 8518
f 8521 8518 8523
f 8518 8522 8523
f 8446 8444 8522
f 8444 8445 8522
f 8445 8443 8522
f 8522 8443 8441
f 8520 8521 8524
f 8523 8522 8525
f 8526 98 8512
f 8441 8440 8522
f 8522 8440 8525
f 8440 8442 8525
f 8525 8442 8439
f 8510 8520 8524
f 8521 8523 8527
f 8523 8525 8527
f 8527 8525 8528
f 8525 8439 8528
f 8526 8512 8529
f 8512 8517 8529
f 8529 8517 8530
f 8530 8517 8531
f 8531 8517 8532
f 8517 8516 8532
f 8532 8516 8533
f 8533 8516 8534
f 8534 8516 8535
f 8516 8519 8535
f 8535 8519 8536
f 8536 8519 8537
f 8519 8520 8537
f 8537 8520 8538
f 8538 8520 8539
f 8539 8520 8540
f 8540 8520 8541
f 8520 8510 8541
f 8541 8510 8542
f 8543 8521 8527
f 8527 8528 8544
f 8439 8438 8528
f 8438 8437 8528
f 8528 8437 8544
f 8544 8437 8436
f 8510 8524 8545
f 8524 8521 8546
f 8546 8521 8543
f 8543 8527 8544
f 8524 8546 8545
f 8511 8542 8510
f 8436 8435 8544
f 8544 8435 8434
f 8544 8434 8547
f 8547 8434 8433
f 378 8510 8418
f 8510 8545 8418
f 8418 8545 8419
f 8419 8545 8420
f 8420 8545 8421
f 8421 8545 8422
f 8545 8546 8422
f 8422 8546 8423
f 8546 8543 8423
f 8423 8543 8424
f 8424 8543 8425
f 8543 8544 8425
f 8425 8544 8426
f 8426 8544 8427
f 8427 8544 8428
f 8428 8544 8429
f 8429 8544 8430
f 8544 8547 8430
f 8430 8547 8431
f 8547 8433 8431
f 8431 8433 8432
f 4102 4101 8453
f 4095 4096 8459
f 4113 8463 3993
f 8463 8468 3993
f 8468 3994 3993
f 4090 3994 8472
f 8472 3994 8468
f 3997 3996 8471
f 8471 3996 8472
f 8472 3996 4090
f 4070 3997 8474
f 8471 8474 3997
f 8474 8478 4070
f 4070 8478 4082
f 8484 4083 8480
f 8478 8480 4082
f 8480 4083 4082
f 8462 8461 4072
f 4072 4071 8462
f 8462 4071 8484
f 4071 4077 8484
f 8484 4077 4083
f 8488 4099 8461
f 4099 4072 8461
f 8460 4097 8488
f 4097 4099 8488
f 4096 4097 8460
f 4096 8460 8459
f 4095 8459 8458
f 4094 4098 8458
f 8458 4098 4095
f 8458 8456 4094
f 8456 4092 4094
f 4101 4092 8455
f 4101 8455 8453
f 8456 8455 4092
f 8453 3991 4102
f 8453 8452 3991
f 8452 83 3991
f 3991 83 82
f 21 20 8508
f 21 8508 8548
f 8508 8505 8548
f 8548 8505 8549
f 8505 8501 8549
f 8549 8501 8550
f 8550 8501 8551
f 8501 8494 8551
f 8551 8494 8552
f 8552 8494 8553
f 8494 8493 8553
f 8553 8493 8554
f 8554 8493 8555
f 8493 8486 8555
f 8555 8486 8556
f 8556 8486 8557
f 8557 8486 8558
f 8486 8483 8558
f 8558 8483 8559
f 8483 8477 8559
f 8559 8477 8560
f 8560 8477 8561
f 8561 8477 8562
f 8477 8473 8562
f 8562 8473 8563
f 8473 8470 8563
f 8563 8470 8564
f 8564 8470 8565
f 8470 8464 8565
f 8565 8464 8566
f 8464 8463 8566
f 8566 8463 8567
f 378 380 8568
f 378 8568 8509
f 8568 8569 8509
f 8509 8569 8511
f 8569 8570 8511
f 8511 8570 8542
f 8570 8571 8542
f 8542 8571 8541
f 8571 8572 8541
f 8541 8572 8540
f 8572 8573 8540
f 8540 8573 8539
f 8573 8574 8539
f 8539 8574 8538
f 8574 8575 8538
f 8538 8575 8537
f 8575 8576 8537
f 8537 8576 8536
f 8576 8577 8536
f 8536 8577 8535
f 8577 8578 8535
f 8535 8578 8534
f 8578 8579 8534
f 8534 8579 8533
f 8579 8580 8533
f 8533 8580 8532
f 8580 8581 8532
f 8532 8581 8531
f 8581 8582 8531
f 8531 8582 8530
f 8582 8583 8530
f 8530 8583 8529
f 8583 8584 8529
f 8529 8584 8526
f 8584 97 8526
f 8526 97 98
f 4044 4046 4560
f 4042 4047 4557
f 4649 4647 4019
f 4014 4013 4644
f 4013 82 4644
f 4644 82 86
f 4015 4645 4018
f 4644 4643 4014
f 4643 4645 4014
f 4645 4015 4014
f 4645 4653 4018
f 4653 4654 4018
f 4018 4654 4017
f 4654 4016 4017
f 4016 4654 4019
f 4654 4650 4019
f 4019 4650 4649
f 4034 4033 4647
f 4647 4033 4019
f 4647 4646 4034
f 4034 4646 4035
f 4646 4020 4035
f 4023 4022 4652
f 4646 4651 4020
f 4651 4652 4020
f 4652 4022 4020
f 4032 4031 4631
f 4031 4023 4631
f 4652 4655 4023
f 4655 4631 4023
f 4636 4637 4028
f 4028 4637 4027
f 4636 4028 4630
f 4028 4029 4630
f 4630 4029 4030
f 4631 4630 4032
f 4032 4630 4030
f 4027 4637 4005
f 4637 4639 4005
f 4005 4639 4640
f 4006 4609 4003
f 4609 4554 4003
f 4554 4553 4003
f 4640 4641 4005
f 4641 4609 4005
f 4609 4006 4005
f 4557 4047 4598
f 4047 4004 4598
f 4598 4004 4553
f 4004 4003 4553
f 4560 4046 4556
f 4046 4043 4556
f 4556 4043 4557
f 4557 4043 4042
f 4001 4595 4053
f 4595 4594 4053
f 4560 4559 4044
f 4044 4559 4000
f 4559 4595 4000
f 4595 4001 4000
f 4584 4050 4585
f 4050 4052 4585
f 4594 4587 4053
f 4587 4585 4053
f 4053 4585 4054
f 4585 4052 4054
f 4062 4582 4059
f 4059 4582 4581
f 4584 4589 4050
f 4589 4588 4050
f 4588 4582 4050
f 4050 4582 4062
f 4581 4580 4059
f 4580 4579 4059
f 4059 4579 4060
f 4579 4061 4060
f 4579 4563 4061
f 4563 4562 4061
f 4562 4573 4061
f 4061 4573 4105
f 4573 4104 4105
f 4551 4103 4575
f 4103 4104 4575
f 4575 4104 4574
f 4104 4573 4574
f 8567 8585 8586
f 8567 8586 8566
f 8586 8587 8566
f 8566 8587 8565
f 8587 8588 8565
f 8565 8588 8564
f 8588 8589 8564
f 8564 8589 8563
f 8589 8590 8563
f 8563 8590 8562
f 8590 8591 8562
f 8562 8591 8561
f 8591 8592 8561
f 8561 8592 8560
f 8592 8593 8560
f 8560 8593 8559
f 8593 8594 8559
f 8559 8594 8558
f 8594 8595 8558
f 8558 8595 8557
f 8595 8596 8557
f 8557 8596 8556
f 8596 8597 8556
f 8556 8597 8555
f 8597 8598 8555
f 8555 8598 8554
f 8598 8599 8554
f 8554 8599 8553
f 8599 8600 8553
f 8553 8600 8552
f 8600 8601 8552
f 8552 8601 8551
f 8601 8602 8551
f 8551 8602 8550
f 8602 8603 8550
f 8550 8603 8549
f 8603 8604 8549
f 8549 8604 8548
f 8604 8605 8548
f 8548 8605 21
f 8605 19 21
f 380 8606 8607
f 8608 8609 8610
f 8609 8611 8610
f 8610 8611 8612
f 8610 8612 8613
f 8611 8614 8612
f 8614 8615 8612
f 8612 8615 8613
f 8615 8616 8613
f 8617 8610 8613
f 8613 8616 8618
f 8617 8613 8619
f 8613 8618 8619
f 8616 8620 8618
f 8620 8621 8618
f 8618 8621 8619
f 8621 8622 8619
f 8617 8619 8623
f 8624 8617 8623
f 8610 8617 8625
f 8625 8617 8626
f 8624 8623 8627
f 8628 8623 8619
f 8617 8624 8626
f 8619 8629 8628
f 8626 8624 8630
f 8624 8627 8630
f 8622 8631 8619
f 8631 8632 8619
f 8619 8632 8629
f 8632 8633 8629
f 8633 8634 8629
f 8629 8634 8635
f 8628 8629 8636
f 8636 8629 8637
f 8638 8608 8610
f 8635 8639 8629
f 8629 8639 8637
f 8639 8640 8637
f 8637 8640 8641
f 8627 8623 8642
f 8623 8628 8642
f 8642 8628 8636
f 8637 8641 8636
f 8638 8610 8643
f 8643 8610 8644
f 8644 8610 8645
f 8610 8625 8645
f 8645 8625 8646
f 8625 8626 8646
f 8646 8626 8647
f 8647 8626 8648
f 8626 8630 8648
f 8648 8630 8649
f 8630 8627 8649
f 8649 8627 8650
f 8650 8627 8651
f 8627 8607 8651
f 8607 8627 8652
f 8652 8627 8653
f 8641 8654 8636
f 8636 8654 8655
f 8653 8627 8656
f 8627 8642 8656
f 8642 8636 8657
f 8636 8655 8658
f 8606 8651 8607
f 8655 8659 8658
f 8659 8660 8658
f 8658 8660 8636
f 8636 8660 8661
f 8636 8661 8662
f 8662 8661 8663
f 380 8607 8568
f 8607 8652 8568
f 8568 8652 8569
f 8569 8652 8570
f 8570 8652 8571
f 8571 8652 8572
f 8652 8653 8572
f 8572 8653 8573
f 8573 8653 8574
f 8574 8653 8575
f 8653 8656 8575
f 8575 8656 8576
f 8656 8642 8576
f 8576 8642 8577
f 8577 8642 8578
f 8578 8642 8579
f 8642 8657 8579
f 8579 8657 8580
f 8657 8636 8580
f 8580 8636 8581
f 8581 8636 8582
f 8582 8636 8583
f 8636 8662 8583
f 8583 8662 8584
f 8662 8663 8584
f 8584 8663 97
f 4610 4628 8664
f 86 182 4614
f 182 8665 4614
f 4617 4612 8665
f 8665 4612 4614
f 4620 4619 8666
f 8665 8666 4617
f 8666 4619 4617
f 4625 4620 8667
f 8666 8667 4620
f 8667 8668 4625
f 8668 8669 4625
f 8669 4624 4625
f 4627 4624 8670
f 8669 8670 4624
f 8670 8671 4627
f 4627 8671 4628
f 8671 8664 4628
f 8664 8672 4610
f 4610 8672 8673
f 4605 4610 8673
f 8673 8674 4605
f 8597 8596 8675
f 8585 8676 8586
f 8676 8677 8586
f 8586 8677 8587
f 8587 8677 8588
f 8677 8678 8588
f 8678 8679 8588
f 8588 8679 8589
f 8679 8680 8589
f 8589 8680 8590
f 8680 8681 8590
f 8590 8681 8591
f 8681 8682 8591
f 8591 8682 8592
f 8682 8683 8592
f 8592 8683 8593
f 8593 8683 8594
f 8683 8684 8594
f 8594 8684 8595
f 8684 8685 8595
f 8685 8686 8595
f 8595 8686 8596
f 8686 8675 8596
f 8675 8687 8597
f 8597 8687 8598
f 8687 8688 8598
f 8598 8688 8599
f 8688 8689 8599
f 8689 8690 8599
f 8599 8690 8600
f 8690 8691 8600
f 8600 8691 8601
f 8691 8692 8601
f 8601 8692 8602
f 8692 8693 8602
f 8602 8693 8603
f 8693 8694 8603
f 8694 8695 8603
f 8603 8695 8604
f 8695 8696 8604
f 8604 8696 8605
f 8696 8697 8605
f 8605 8697 19
f 8697 17 19
f 8698 8608 8699
f 8608 8638 8699
f 8699 8638 8700
f 8700 8638 8701
f 8638 8643 8701
f 8701 8643 8702
f 8643 8644 8702
f 8702 8644 8703
f 8703 8644 8704
f 8704 8644 8705
f 8644 8645 8705
f 8705 8645 8706
f 8645 8646 8706
f 8706 8646 8707
f 8707 8646 8708
f 8646 8647 8708
f 8708 8647 8709
f 8647 8648 8709
f 8709 8648 8710
f 8648 8649 8710
f 8710 8649 8711
f 8649 8650 8711
f 8711 8650 8712
f 8650 8651 8712
f 8712 8651 8713
f 8713 8651 8714
f 8651 8606 8714
f 8714 8606 8715
f 8715 8606 8716
f 8606 380 8716
f 8716 380 382
f 4727 4725 8611
f 96 97 4680
f 97 8663 4680
f 4680 8663 8661
f 4682 4681 8661
f 8661 4681 4680
f 4684 8660 4687
f 8660 8659 4687
f 4687 8659 8655
f 8661 8660 4682
f 8660 4684 4682
f 4708 4707 8655
f 8655 4707 4687
f 8655 8654 4708
f 4708 8654 4698
f 4696 4699 8641
f 8654 8641 4698
f 8641 4699 4698
f 4700 4706 8639
f 8641 8640 4696
f 8640 8639 4696
f 4696 8639 4705
f 8639 4706 4705
f 8639 8635 4700
f 8634 8633 4783
f 4783 4701 8634
f 8634 4701 8635
f 8635 4701 4700
f 8632 8631 4710
f 4710 4709 8632
f 8632 4709 8633
f 8633 4709 4783
f 8631 4712 4710
f 8631 8622 4712
f 8622 4713 4712
f 4713 8621 4722
f 8622 8621 4713
f 4720 4721 8616
f 8621 8620 4722
f 8620 8616 4722
f 4722 8616 4721
f 4728 4720 8615
f 4728 8615 4725
f 8615 8614 4725
f 4725 8614 8611
f 8616 8615 4720
f 8611 4726 4727
f 8611 8609 4726
f 8609 4782 4726
f 8609 8608 4782
f 8671 8670 8672
f 13 8717 8718
f 8717 8719 8718
f 8719 8720 8718
f 8720 8721 8718
f 8721 8722 8718
f 8718 8722 8723
f 8722 8724 8723
f 8724 8725 8723
f 8723 8725 8726
f 8725 8727 8726
f 8727 8728 8726
f 8726 8728 8729
f 8728 8730 8729
f 8730 8731 8729
f 8731 8732 8729
f 8732 8733 8729
f 8729 8733 8734
f 8733 8735 8734
f 8735 8736 8734
f 8736 8737 8734
f 8734 8737 8738
f 8737 8739 8738
f 8739 8740 8738
f 8665 182 8668
f 182 8741 8668
f 8741 8742 8668
f 8668 8742 8743
f 8742 8744 8743
f 8744 8745 8743
f 8743 8745 8746
f 8745 8747 8746
f 8747 8748 8746
f 8746 8748 8749
f 8748 8750 8749
f 8750 8751 8749
f 8749 8751 8752
f 8751 8753 8752
f 8753 8754 8752
f 8754 8755 8752
f 8755 8756 8752
f 8756 8757 8752
f 8752 8757 8718
f 8757 8758 8718
f 8758 8759 8718
f 8759 8760 8718
f 8760 8761 8718
f 8718 8761 13
f 8666 8665 8668
f 8667 8666 8668
f 8668 8743 8762
f 8743 8746 8762
f 8746 8749 8762
f 8762 8749 8729
f 8670 8669 8672
f 8669 8668 8672
f 8668 8762 8738
f 8738 8762 8729
f 8729 8749 8726
f 8726 8749 8752
f 8664 8671 8672
f 8672 8668 8738
f 8673 8672 8738
f 8734 8738 8729
f 8726 8752 8723
f 8723 8752 8718
f 8740 8763 8738
f 8738 8763 8673
f 8763 8674 8673
f 8677 8676 4296
f 4296 4239 8677
f 8677 4239 8678
f 4239 8679 8678
f 4241 4240 8681
f 4239 4238 8679
f 4238 4237 8679
f 8679 4237 8680
f 4241 8681 4237
f 8681 8680 4237
f 4240 4233 8681
f 8681 4233 8682
f 4233 4232 8682
f 4232 8683 8682
f 4232 4225 8683
f 4225 8684 8683
f 4225 4224 8684
f 8684 4224 8685
f 4224 8686 8685
f 4224 4227 8686
f 4227 4226 8686
f 8686 4226 8675
f 4226 4298 8675
f 8675 4298 8687
f 4298 4297 8687
f 8687 4297 8688
f 8688 4297 4213
f 8688 4213 8689
f 4213 4214 8689
f 8689 4214 8690
f 8690 4214 8691
f 4214 4215 8691
f 8691 4215 4210
f 8691 4210 8692
f 8692 4210 4209
f 8692 4209 8693
f 4209 4217 8693
f 4216 4203 8694
f 8693 4217 8694
f 8694 4217 4216
f 4198 8696 4203
f 8696 8695 4203
f 4203 8695 8694
f 4198 4200 8696
f 4196 8697 4200
f 8697 8696 4200
f 4196 4195 8697
f 4195 17 8697
f 4195 4194 17
f 4194 15 17
f 8708 8709 8764
f 8764 8709 8765
f 8709 8710 8765
f 8765 8710 8766
f 8710 8711 8766
f 8766 8711 8767
f 8711 8712 8767
f 8767 8712 8768
f 8712 8713 8768
f 8768 8713 8769
f 8713 8714 8769
f 8769 8714 8770
f 8714 8715 8770
f 8770 8715 8771
f 8715 8716 8771
f 8771 8716 8772
f 8716 382 8772
f 8772 382 381
f 8764 8773 8708
f 8708 8773 8707
f 8773 8774 8707
f 8707 8774 8706
f 8774 8775 8706
f 8706 8775 8705
f 8775 8776 8705
f 8705 8776 8704
f 8776 8777 8704
f 8704 8777 8703
f 8777 8778 8703
f 8703 8778 8702
f 8778 8779 8702
f 8702 8779 8701
f 8779 8780 8701
f 8701 8780 8700
f 8780 8781 8700
f 8700 8781 8699
f 8781 8782 8699
f 8699 8782 8698
f 8782 8783 8698
f 4660 4773 7802
f 7802 4773 7800
f 4678 4677 7845
f 7853 4665 7855
f 4665 4791 7855
f 4666 4665 7853
f 7853 7852 4666
f 4666 7852 4668
f 7852 4763 4668
f 4757 4756 7859
f 4757 7859 4669
f 7852 7857 4763
f 7857 7859 4763
f 7859 4756 4763
f 4672 4670 7863
f 7859 7861 4669
f 7861 7863 4669
f 7863 4670 4669
f 7834 4755 7865
f 4755 4741 7865
f 7865 4741 4740
f 7863 7864 4672
f 7864 7865 4672
f 4672 7865 4740
f 7834 7832 4755
f 7832 7831 4755
f 4755 7831 4739
f 7831 4738 4739
f 7831 7835 4738
f 7838 7845 4677
f 7838 4677 7837
f 4677 4675 7837
f 7837 4675 4674
f 7835 7837 4738
f 7837 4674 4738
f 7868 4742 7869
f 4678 7845 4742
f 7845 7846 4742
f 4742 7846 7869
f 7760 7759 4743
f 7760 4743 7848
f 4742 7868 4743
f 4743 7868 7848
f 7757 4777 7759
f 4777 4779 7759
f 7759 4779 4743
f 7757 7756 4777
f 7756 4778 4777
f 7755 4656 7756
f 4656 4778 7756
f 7755 7754 4656
f 7754 7799 4656
f 4656 7799 4657
f 7799 4773 4657
f 7800 4773 7799
f 7751 7750 4661
f 4660 7802 4661
f 4661 7802 7751
f 4776 4774 7750
f 7750 4774 4661
f 4766 4767 7788
f 7750 7792 4776
f 7792 7788 4776
f 4776 7788 4769
f 7788 4767 4769
f 7785 7790 4772
f 4772 4771 7785
f 7785 4771 4764
f 7788 7786 4766
f 7786 7785 4766
f 4766 7785 4764
f 7790 7795 4772
f 7795 7794 4772
f 4772 7794 4781
f 7793 4662 7794
f 7794 4662 4781
f 7793 7796 4662
f 4662 7796 4663
f 7796 7798 4663
f 7798 7797 4663
f 7797 46 4663
f 4663 46 96
f 14 13 8761
f 14 8761 8784
f 8761 8760 8784
f 8784 8760 8785
f 8760 8759 8785
f 8785 8759 8786
f 8759 8758 8786
f 8786 8758 8787
f 8758 8757 8787
f 8787 8757 8788
f 8757 8756 8788
f 8788 8756 8789
f 8756 8755 8789
f 8789 8755 8790
f 8755 8754 8790
f 8790 8754 8791
f 8754 8753 8791
f 8791 8753 8792
f 8753 8751 8792
f 8792 8751 8793
f 8751 8750 8793
f 8793 8750 8794
f 8750 8748 8794
f 8794 8748 8795
f 8748 8747 8795
f 8795 8747 8796
f 8747 8745 8796
f 8796 8745 8797
f 8745 8744 8797
f 8797 8744 8798
f 8744 8742 8798
f 8798 8742 8799
f 8742 8741 8799
f 8799 8741 8800
f 8741 182 8800
f 8800 182 172
f 4458 4461 8674
f 8674 8763 4458
f 8739 4455 8740
f 4455 4457 8740
f 4457 4459 8740
f 8740 4459 8763
f 4459 4458 8763
f 4454 4455 8739
f 8739 8737 4454
f 4454 8737 4473
f 8737 8736 4473
f 4473 8736 4385
f 8736 8735 4385
f 4385 8735 4386
f 8735 8733 4386
f 4386 8733 4388
f 8733 4389 4388
f 8733 8732 4389
f 8730 4450 8731
f 4450 4449 8731
f 8731 4449 8732
f 4449 4452 8732
f 8732 4452 4389
f 8727 4472 8728
f 4472 4471 8728
f 8728 4471 8730
f 4471 4469 8730
f 8730 4469 4450
f 4377 4376 8727
f 8727 4376 4472
f 4377 8727 8725
f 4467 4466 8725
f 8725 4466 4377
f 8725 8724 4467
f 8724 8722 4467
f 4467 8722 4468
f 8722 4380 4468
f 8722 8721 4380
f 8721 4381 4380
f 8721 8720 4381
f 8720 4465 4381
f 4465 8720 8719
f 8719 4463 4465
f 8719 8717 4463
f 4463 8717 4464
f 8717 13 4464
f 4464 13 12
f 4393 4392 4170
f 4182 4180 4438
f 4179 4277 4437
f 4277 4306 4437
f 4437 4306 4475
f 4438 4180 4437
f 4437 4180 4179
f 4182 4438 4276
f 4276 4438 4441
f 4444 4183 4439
f 4183 4271 4439
f 4441 4440 4276
f 4440 4439 4276
f 4439 4271 4276
f 4186 4442 4436
f 4442 4186 4443
f 4186 4184 4443
f 4444 4443 4183
f 4443 4184 4183
f 4447 4254 4434
f 4434 4254 4253
f 4436 4434 4186
f 4186 4434 4272
f 4434 4253 4272
f 4447 4446 4254
f 4254 4446 4252
f 4446 4251 4252
f 4424 4423 4191
f 4191 4423 4430
f 4424 4191 4426
f 4191 4189 4426
f 4426 4189 4188
f 4446 4445 4251
f 4445 4426 4251
f 4426 4188 4251
f 4428 4267 4430
f 4267 4192 4430
f 4430 4192 4191
f 4428 4427 4267
f 4267 4427 4255
f 4427 4256 4255
f 4427 4476 4256
f 4476 4375 4256
f 4256 4375 4293
f 4375 4291 4293
f 4375 4374 4291
f 4374 4391 4291
f 4391 4292 4291
f 4393 4170 4391
f 4170 4292 4391
f 4289 4171 4392
f 4392 4171 4170
f 4289 4392 4287
f 4392 4405 4287
f 4287 4405 4408
f 4408 4407 4287
f 4287 4407 4174
f 4174 4407 4175
f 4407 4406 4175
f 4175 4406 4403
f 4283 4290 4403
f 4403 4290 4175
f 4281 4412 4280
f 4403 4402 4283
f 4402 4412 4283
f 4412 4281 4283
f 4409 4286 4410
f 4286 4285 4410
f 4410 4285 4278
f 4412 4411 4280
f 4411 4410 4280
f 4280 4410 4278
f 4409 4399 4286
f 4286 4399 4295
f 4399 4176 4295
f 4399 4398 4176
f 4176 4398 4397
f 4397 4396 4176
f 4176 4396 4177
f 4396 12 4177
f 4177 12 15
f 8801 8765 8802
f 8765 8766 8802
f 8766 8767 8802
f 8802 8767 8803
f 8767 8768 8803
f 8803 8768 8804
f 8768 8769 8804
f 8804 8769 8805
f 8769 8770 8805
f 8805 8770 8806
f 8770 8771 8806
f 8806 8771 8807
f 8771 8772 8807
f 8807 8772 8808
f 8772 381 8808
f 8808 381 379
f 8809 8764 8801
f 8801 8764 8765
f 8783 8782 8810
f 8810 8782 8811
f 8811 8782 8812
f 8782 8781 8812
f 8812 8781 8813
f 8781 8780 8813
f 8813 8780 8814
f 8780 8779 8814
f 8814 8779 8815
f 8779 8778 8815
f 8815 8778 8816
f 8778 8777 8816
f 8816 8777 8817
f 8777 8776 8817
f 8776 8775 8817
f 8817 8775 8818
f 8818 8775 8819
f 8775 8774 8819
f 8774 8773 8819
f 8819 8773 8809
f 8809 8773 8764
f 7784 7778 8820
f 8821 7770 8822
f 8821 8823 7768
f 7768 8823 7762
f 7768 7769 8821
f 8821 7769 7770
f 8823 8824 7762
f 7763 7762 8824
f 8824 8825 7763
f 7763 8825 7775
f 8825 8826 7775
f 8826 7776 7775
f 8826 8827 7776
f 7776 8827 7777
f 8827 7778 7777
f 7778 8827 8820
f 7784 8820 7781
f 8820 8828 7781
f 7779 7781 8828
f 8828 114 7779
f 7779 114 46
f 8829 8830 8831
f 8830 8832 8831
f 8832 8833 8831
f 8833 8834 8831
f 8834 8835 8836
f 8837 8838 8839
f 8840 8841 8842
f 8843 674 8844
f 8845 8846 8844
f 8846 8843 8844
f 674 8847 8844
f 8844 8847 8848
f 8847 8849 8848
f 8841 8845 8842
f 8845 8844 8842
f 8850 8840 8851
f 8840 8842 8851
f 8849 8852 8848
f 8852 8853 8848
f 8854 8848 8855
f 8848 8853 8855
f 8856 8850 8851
f 8857 8856 8851
f 8853 8858 8855
f 8858 8859 8855
f 8854 8855 8860
f 8855 8859 8860
f 8838 8857 8839
f 8857 8851 8839
f 8842 8844 8861
f 8854 8860 8862
f 8863 8837 8839
f 8842 8861 8851
f 8864 8854 8865
f 8865 8854 8866
f 8835 8863 8851
f 8863 8839 8851
f 8836 8864 8865
f 8854 8862 8867
f 8835 8851 8836
f 8861 8844 8848
f 8859 8868 8860
f 8868 8869 8860
f 8860 8869 8862
f 8869 8870 8862
f 8870 8871 8862
f 8862 8871 8867
f 8871 8872 8867
f 8867 8872 8873
f 8865 8866 8874
f 8874 8866 8867
f 8866 8854 8867
f 8834 8836 8831
f 8836 8865 8831
f 8873 8875 8867
f 8867 8875 8876
f 8851 8861 8864
f 8864 8861 8854
f 8861 8848 8854
f 8876 8877 8867
f 8867 8877 8878
f 8878 8877 8879
f 8831 8865 8880
f 8880 8865 8881
f 8865 8874 8881
f 8874 8867 8882
f 8867 8878 8882
f 8883 8829 8831
f 8836 8851 8864
f 172 8883 8831
f 8879 8884 8878
f 8878 8884 8885
f 8878 8885 8886
f 8886 8885 8887
f 172 8831 8800
f 8800 8831 8799
f 8799 8831 8798
f 8798 8831 8797
f 8831 8880 8797
f 8797 8880 8796
f 8796 8880 8795
f 8795 8880 8794
f 8794 8880 8793
f 8880 8881 8793
f 8793 8881 8792
f 8792 8881 8791
f 8881 8874 8791
f 8791 8874 8790
f 8790 8874 8789
f 8874 8882 8789
f 8789 8882 8788
f 8882 8878 8788
f 8788 8878 8787
f 8787 8878 8786
f 8786 8878 8785
f 8878 8886 8785
f 8785 8886 8784
f 8886 8887 8784
f 8784 8887 14
f 8888 8889 8810
f 8890 8891 8811
f 8892 8893 8812
f 8894 8815 8895
f 8896 8817 8897
f 8819 8809 8898
f 8809 8801 8898
f 8898 8801 8899
f 8801 8802 8899
f 8899 8802 8900
f 8900 8802 8901
f 8802 8803 8901
f 8901 8803 8902
f 8803 8804 8902
f 8902 8804 8903
f 8804 8805 8903
f 8903 8805 8904
f 8805 8806 8904
f 8904 8806 8905
f 8806 8807 8905
f 8905 8807 8906
f 8807 8808 8906
f 8906 8808 8907
f 8808 379 8907
f 8907 379 372
f 8898 8908 8819
f 8819 8908 8909
f 8897 8817 8909
f 8817 8818 8909
f 8909 8818 8819
f 8817 8896 8816
f 8896 8910 8816
f 8816 8910 8911
f 8895 8815 8911
f 8815 8816 8911
f 8815 8894 8814
f 8894 8912 8814
f 8814 8912 8913
f 8892 8812 8913
f 8812 8813 8913
f 8913 8813 8814
f 8890 8811 8893
f 8811 8812 8893
f 8888 8810 8891
f 8891 8810 8811
f 8820 8827 8914
f 8827 8826 8914
f 8826 8825 8914
f 8825 8824 8914
f 8915 374 8916
f 8915 8916 8917
f 8917 8916 8918
f 8918 8916 8919
f 8919 8916 8920
f 8916 8921 8920
f 8920 8921 8922
f 8922 8921 8923
f 8923 8921 8924
f 8821 8822 8925
f 8822 8926 8925
f 8926 8927 8925
f 8927 8928 8925
f 8928 8929 8925
f 8929 8930 8925
f 8925 8930 8931
f 8930 8932 8931
f 8932 8933 8931
f 8931 8933 8921
f 8933 8934 8921
f 8934 8935 8921
f 8823 8821 8925
f 8824 8823 8914
f 8823 8925 8914
f 8925 8931 8936
f 8931 8921 8936
f 8937 8921 8916
f 8914 8925 8936
f 8936 8921 8937
f 8828 8820 8914
f 8914 8936 8938
f 8938 8936 8937
f 114 8828 8939
f 8828 8914 8939
f 8939 8914 8940
f 8940 8914 8941
f 8941 8914 8942
f 8914 8938 8942
f 8942 8938 8943
f 8938 8937 8943
f 8943 8937 8944
f 8944 8937 8945
f 8945 8937 8946
f 8946 8937 8947
f 8947 8937 8948
f 8948 8937 8949
f 8949 8937 8950
f 8950 8937 8951
f 8937 8916 8951
f 8951 8916 8952
f 8916 8953 8952
f 8952 8953 8954
f 8954 8953 8955
f 8953 8916 8955
f 8955 8916 8956
f 8956 8916 374
f 8935 8924 8921
f 674 8843 705
f 705 8843 6054
f 6051 6148 8843
f 8843 6148 6054
f 6052 6051 8846
f 8843 8846 6051
f 8846 8845 6052
f 8845 6156 6052
f 8840 8850 6068
f 8845 8841 6156
f 8841 8840 6156
f 6156 8840 6155
f 8840 6068 6155
f 6071 6069 8850
f 8850 6069 6068
f 8856 8857 6072
f 8850 8856 6071
f 8856 6072 6071
f 8838 8837 6089
f 6089 6079 8838
f 8838 6079 8857
f 6079 6072 8857
f 8835 6093 8863
f 6093 6090 8863
f 8863 6090 8837
f 6090 6089 8837
f 6091 6094 8835
f 6094 6093 8835
f 6092 8834 6108
f 6108 8834 8833
f 8835 8834 6091
f 8834 6092 6091
f 6100 6109 8833
f 8833 6109 6108
f 6099 8832 6098
f 6098 8832 8830
f 8833 8832 6100
f 8832 6099 6100
f 6107 6106 8830
f 6106 6098 8830
f 6107 8830 8829
f 6103 6105 8829
f 8829 6105 6107
f 8829 8883 6103
f 6103 8883 6101
f 8883 6157 6101
f 8883 172 6157
f 6157 172 91
f 6295 6296 8853
f 6283 6290 8869
f 24 14 6252
f 14 8887 6252
f 6252 8887 8885
f 6258 6254 8885
f 6254 6253 8885
f 8885 6253 6252
f 8884 8879 6256
f 8885 8884 6258
f 8884 6256 6258
f 6275 6274 8879
f 8879 6274 6256
f 8879 8877 6275
f 8877 6266 6275
f 6265 6267 8876
f 8877 8876 6266
f 8876 6267 6266
f 6272 6273 8875
f 6273 6265 8875
f 8876 8875 6265
f 8875 8873 6272
f 6272 8873 6271
f 8872 8871 6338
f 6338 6270 8872
f 8872 6270 8873
f 8873 6270 6271
f 8869 6290 8870
f 6290 6289 8870
f 6289 6339 8870
f 8870 6339 8871
f 8871 6339 6338
f 6284 6283 8869
f 8869 8868 6284
f 8868 8859 6284
f 6284 8859 6287
f 8859 6288 6287
f 6296 8858 8853
f 8859 8858 6288
f 8858 6296 6288
f 6293 6295 8853
f 6299 6301 8852
f 6299 8852 8849
f 8853 8852 6293
f 6293 8852 6301
f 6300 6299 8849
f 8849 8847 6300
f 6300 8847 6337
f 8847 6336 6337
f 8847 674 6336
f 6336 674 677
f 8888 8891 8957
f 8890 8893 8958
f 8892 8913 8959
f 8912 8894 8960
f 8895 8911 8961
f 8910 8896 8962
f 8897 8909 8963
f 8908 8898 8964
f 372 373 8965
f 372 8965 8907
f 8965 8966 8907
f 8907 8966 8906
f 8966 8967 8906
f 8906 8967 8905
f 8967 8968 8905
f 8905 8968 8904
f 8968 8969 8904
f 8904 8969 8903
f 8969 8970 8903
f 8903 8970 8902
f 8970 8971 8902
f 8902 8971 8901
f 8971 8972 8901
f 8901 8972 8900
f 8972 8973 8900
f 8900 8973 8899
f 8899 8973 8898
f 8973 8974 8898
f 8898 8974 8964
f 8908 8964 8909
f 8964 8975 8909
f 8909 8975 8963
f 8897 8963 8896
f 8963 8976 8896
f 8896 8976 8962
f 8910 8962 8911
f 8962 8977 8911
f 8911 8977 8961
f 8895 8961 8894
f 8961 8978 8894
f 8894 8978 8960
f 8912 8960 8913
f 8960 8979 8913
f 8913 8979 8959
f 8892 8959 8893
f 8959 8980 8893
f 8893 8980 8958
f 8890 8958 8891
f 8958 8981 8891
f 8891 8981 8957
f 8888 8957 8889
f 8957 8982 8889
f 8889 8982 8983
f 373 374 8915
f 373 8915 8965
f 8915 8917 8965
f 8965 8917 8966
f 8917 8918 8966
f 8966 8918 8967
f 8918 8919 8967
f 8967 8919 8968
f 8919 8920 8968
f 8968 8920 8969
f 8920 8922 8969
f 8969 8922 8970
f 8922 8923 8970
f 8970 8923 8971
f 8923 8924 8971
f 8971 8924 8972
f 8924 8935 8972
f 8972 8935 8973
f 8934 8964 8935
f 8964 8974 8935
f 8935 8974 8973
f 8933 8932 8962
f 8962 8976 8933
f 8976 8963 8933
f 8933 8963 8934
f 8963 8975 8934
f 8934 8975 8964
f 8930 8929 8960
f 8960 8978 8930
f 8978 8961 8930
f 8930 8961 8932
f 8961 8977 8932
f 8932 8977 8962
f 8928 8927 8958
f 8958 8980 8928
f 8980 8959 8928
f 8928 8959 8929
f 8959 8979 8929
f 8929 8979 8960
f 8926 8822 8983
f 8983 8982 8926
f 8982 8957 8926
f 8926 8957 8927
f 8957 8981 8927
f 8927 8981 8958
f 374 375 8984
f 374 8984 8956
f 8984 8985 8956
f 8956 8985 8955
f 8985 8986 8955
f 8955 8986 8954
f 8986 8987 8954
f 8954 8987 8952
f 8987 8988 8952
f 8952 8988 8951
f 8988 8989 8951
f 8951 8989 8950
f 8989 8990 8950
f 8950 8990 8949
f 8990 8991 8949
f 8949 8991 8948
f 8991 8992 8948
f 8948 8992 8947
f 8992 8993 8947
f 8947 8993 8946
f 8993 8994 8946
f 8946 8994 8945
f 8994 8995 8945
f 8945 8995 8944
f 8995 8996 8944
f 8944 8996 8943
f 8996 8997 8943
f 8943 8997 8942
f 8997 8998 8942
f 8942 8998 8941
f 8998 8999 8941
f 8941 8999 8940
f 8999 9000 8940
f 8940 9000 8939
f 9000 36 8939
f 8939 36 114
f 9001 6124 90
f 6124 91 90
f 6121 6125 9001
f 6125 6124 9001
f 6122 6121 9002
f 9001 9002 6121
f 9002 9003 6122
f 9003 6120 6122
f 9003 9004 6120
f 9004 6119 6120
f 9004 9005 6119
f 9005 9006 6119
f 6119 9006 6117
f 9006 6115 6117
f 9006 9007 6115
f 6115 9007 6113
f 9007 6110 6113
f 9007 9008 6110
f 9008 9009 6110
f 6110 9009 6111
f 9010 9011 6043
f 6043 6111 9010
f 9010 6111 9009
f 9012 6046 9011
f 6046 6044 9011
f 9011 6044 6043
f 6047 6046 9012
f 9012 9013 6047
f 6047 9013 6140
f 6141 6140 9014
f 6141 9014 6130
f 9013 9014 6140
f 9014 9015 6130
f 9015 9016 6130
f 6130 9016 6131
f 9016 6132 6131
f 9016 9017 6132
f 9017 6128 6132
f 6127 6128 9018
f 9017 9018 6128
f 9018 9019 6127
f 9019 9020 6127
f 6127 9020 634
f 9020 635 634
f 9021 6324 633
f 6324 632 633
f 9021 6245 6324
f 9022 6246 9021
f 6246 6245 9021
f 6306 6319 9023
f 9023 6319 9022
f 9022 6319 6246
f 6304 6306 9024
f 9023 9024 6306
f 6248 6303 9025
f 9024 9025 6304
f 9025 6303 6304
f 9026 6251 9027
f 9027 6251 6249
f 9025 9028 6248
f 9028 9027 6248
f 6248 9027 6249
f 9026 9029 6308
f 6308 6307 9026
f 9026 6307 6251
f 6331 6334 9030
f 9030 6334 9029
f 6334 6308 9029
f 9031 6331 9030
f 6240 6331 9031
f 6240 9031 6241
f 6241 9031 9032
f 6333 6241 9032
f 6327 6328 9033
f 9032 9033 6333
f 6333 9033 6330
f 9033 6328 6330
f 6335 6325 9034
f 6335 9034 9035
f 9033 9036 6327
f 9036 9034 6327
f 6327 9034 6325
f 9035 6242 6335
f 9035 9037 6242
f 6242 9037 6243
f 9037 22 6243
f 6243 22 24
f 9038 9039 9040
f 9039 9041 9040
f 9041 9042 9040
f 9042 9043 9044
f 9045 9046 9047
f 9048 9049 9050
f 9051 538 9052
f 9053 9054 9050
f 9050 9054 9052
f 9054 9051 9052
f 538 9055 9056
f 9056 9055 9057
f 9055 9058 9057
f 9057 9058 9059
f 9060 9053 9050
f 9061 9060 9050
f 9050 9052 9062
f 9062 9052 9056
f 9059 9063 9057
f 9057 9063 9056
f 9063 9064 9056
f 9065 9056 9066
f 9056 9064 9066
f 9067 9061 9050
f 9065 9066 9068
f 9069 9067 9050
f 9064 9070 9066
f 9066 9070 9071
f 9070 9072 9071
f 9071 9072 9073
f 9071 9073 9066
f 9049 9069 9050
f 9074 9048 9050
f 9046 9074 9047
f 9074 9050 9047
f 9068 9066 9075
f 9047 9050 9068
f 9052 538 9056
f 9073 9076 9066
f 9076 9077 9066
f 9077 9078 9066
f 9066 9078 9075
f 9078 9079 9075
f 9075 9079 9080
f 9081 9075 9082
f 9075 9080 9082
f 9043 9045 9044
f 9045 9047 9044
f 9068 9075 9083
f 9083 9075 9081
f 9042 9044 9040
f 9044 9047 9040
f 9068 9050 9065
f 9050 9062 9065
f 9065 9062 9056
f 9080 9084 9082
f 9084 9085 9082
f 9082 9085 9081
f 9081 9085 9086
f 9068 9083 9087
f 9086 9088 9081
f 9081 9088 9089
f 9083 9081 9090
f 9081 9089 9090
f 9091 9038 9040
f 9087 9083 9040
f 9040 9083 9092
f 9092 9083 9090
f 9040 9047 9087
f 9087 9047 9068
f 375 9091 9040
f 9089 9093 9090
f 9090 9093 9094
f 9093 9095 9094
f 9094 9095 9096
f 375 9040 8984
f 8984 9040 8985
f 8985 9040 8986
f 8986 9040 8987
f 8987 9040 8988
f 8988 9040 8989
f 8989 9040 8990
f 9040 9092 8990
f 8990 9092 8991
f 8991 9092 8992
f 8992 9092 8993
f 8993 9092 8994
f 8994 9092 8995
f 9092 9090 8995
f 8995 9090 8996
f 8996 9090 8997
f 8997 9090 8998
f 8998 9090 8999
f 9090 9094 8999
f 8999 9094 9000
f 9094 9096 9000
f 9000 9096 36
f 9020 9019 9097
f 9018 9017 9097
f 9017 9016 9098
f 9016 9015 9099
f 9014 9013 9099
f 9013 9012 9100
f 9012 9011 9100
f 9009 9008 9101
f 9006 9005 9102
f 9103 9104 9105
f 9105 9104 9106
f 9105 9106 9107
f 9107 9106 9108
f 9109 9105 9107
f 9103 9105 9109
f 9108 9110 9111
f 9111 9112 9113
f 9114 283 9103
f 9114 9103 9115
f 9103 9109 9115
f 9115 9109 9116
f 9116 9109 9117
f 9117 9109 9118
f 9118 9109 9119
f 9109 9107 9119
f 9119 9107 9120
f 9120 9107 9121
f 9107 9108 9121
f 9121 9108 9122
f 9122 9108 9123
f 9108 9111 9123
f 9123 9111 9124
f 9124 9111 9125
f 9111 9113 9125
f 9125 9113 9126
f 9126 9113 9127
f 9127 9113 9128
f 9128 9113 9129
f 9001 90 9130
f 90 9131 9130
f 9130 9131 9113
f 9002 9001 9130
f 9003 9002 9130
f 9130 9113 9112
f 9004 9003 9102
f 9003 9130 9102
f 9132 9130 9112
f 9005 9004 9102
f 9102 9130 9132
f 9007 9006 9132
f 9006 9102 9132
f 9008 9007 9101
f 9007 9132 9101
f 9010 9009 9100
f 9009 9101 9100
f 9101 9132 9100
f 9133 9112 9110
f 9011 9010 9100
f 9132 9112 9134
f 9134 9112 9133
f 9100 9132 9134
f 9133 9110 9106
f 9013 9100 9099
f 9015 9014 9099
f 9099 9100 9098
f 9098 9100 9134
f 9134 9133 9135
f 9133 9106 9104
f 9016 9099 9098
f 9017 9098 9097
f 9098 9134 9136
f 9136 9134 9135
f 9135 9133 9137
f 9137 9133 9104
f 9019 9018 9097
f 9020 9097 9098
f 635 9020 9138
f 9020 9098 9138
f 9138 9098 9139
f 9139 9098 9140
f 9140 9098 9141
f 9098 9136 9141
f 9141 9136 9142
f 9142 9136 9143
f 9136 9135 9143
f 9143 9135 9144
f 9144 9135 9145
f 9135 9137 9145
f 9145 9137 9146
f 9146 9137 9147
f 9137 9104 9147
f 9147 9104 9148
f 9148 9104 9149
f 9149 9104 9150
f 9150 9104 9151
f 9151 9104 9152
f 9152 9104 9153
f 9104 9103 9153
f 9153 9103 9154
f 9154 9103 283
f 9131 9129 9113
f 9111 9110 9112
f 9110 9108 9106
f 9037 9035 9155
f 9035 9034 9155
f 9034 9036 9156
f 9033 9032 9156
f 9032 9031 9157
f 9031 9030 9157
f 9027 9028 9158
f 9159 9160 9161
f 9162 9160 9159
f 9159 9161 9163
f 9163 9161 9164
f 9159 297 9162
f 9165 9159 9163
f 9166 297 9159
f 9166 9159 9167
f 9167 9159 9168
f 9168 9159 9169
f 9169 9159 9170
f 9159 9165 9170
f 9170 9165 9171
f 9165 9163 9171
f 9171 9163 9172
f 9172 9163 9173
f 9173 9163 9174
f 9163 9164 9174
f 9174 9164 9175
f 9175 9164 9176
f 9176 9164 9177
f 9177 9164 9178
f 9164 9179 9178
f 9178 9179 9180
f 9179 9181 9180
f 9180 9181 9182
f 9182 9181 9183
f 9021 633 9181
f 633 9184 9181
f 9022 9021 9181
f 9023 9022 9181
f 9024 9023 9181
f 9025 9024 9181
f 9161 9181 9179
f 9028 9025 9158
f 9025 9181 9158
f 9026 9027 9181
f 9027 9158 9181
f 9179 9164 9161
f 9181 9161 9157
f 9029 9026 9181
f 9030 9029 9157
f 9029 9181 9157
f 9157 9161 9185
f 9032 9157 9156
f 9156 9157 9186
f 9036 9033 9156
f 9186 9157 9185
f 9034 9156 9155
f 9155 9156 9186
f 9185 9161 9187
f 22 9037 9188
f 9037 9155 9188
f 9188 9155 9189
f 9189 9155 9190
f 9155 9186 9190
f 9190 9186 9191
f 9191 9186 9192
f 9192 9186 9193
f 9193 9186 9194
f 9186 9185 9194
f 9194 9185 9195
f 9195 9185 9196
f 9196 9185 9197
f 9197 9185 9198
f 9198 9185 9199
f 9185 9187 9199
f 9199 9187 9200
f 9200 9187 9201
f 9201 9187 9202
f 9202 9187 9203
f 9187 9160 9203
f 9203 9160 9204
f 9160 9162 9204
f 9204 9162 297
f 9184 9183 9181
f 9161 9160 9187
f 5813 5817 9041
f 538 9051 539
f 539 9051 5784
f 5781 5784 9051
f 5782 5781 9054
f 9051 9054 5781
f 9054 9053 5782
f 9053 5867 5782
f 5866 9060 5788
f 9060 9061 5788
f 9053 9060 5867
f 9060 5866 5867
f 5789 5788 9061
f 5793 9067 5794
f 9067 9069 5794
f 9061 9067 5789
f 9067 5793 5789
f 9049 5798 9069
f 5798 5799 9069
f 9069 5799 5794
f 9074 5803 9048
f 5803 5868 9048
f 9048 5868 9049
f 5868 5798 9049
f 5805 5804 9046
f 9046 5804 9074
f 9074 5804 5803
f 5815 5805 9045
f 9046 9045 5805
f 9045 9043 5815
f 9043 9042 5815
f 5815 9042 5816
f 9042 5817 5816
f 5817 9042 9041
f 5813 9041 9039
f 9039 5812 5813
f 9039 9038 5812
f 5812 9038 5811
f 9038 9091 5811
f 5811 9091 5809
f 9091 370 5809
f 9091 375 370
f 9096 6009 36
f 6009 25 36
f 5942 6011 9096
f 6011 6010 9096
f 9096 6010 6009
f 6007 5943 9093
f 9096 9095 5942
f 9095 9093 5942
f 5942 9093 5943
f 9093 9089 6007
f 6007 9089 6008
f 9089 6006 6008
f 9089 9088 6006
f 9088 6001 6006
f 9088 9086 6001
f 9086 5999 6001
f 9086 9085 5999
f 5999 9085 5997
f 9085 5994 5997
f 9085 9084 5994
f 9084 9080 5994
f 5994 9080 5995
f 9079 9078 5931
f 5931 6023 9079
f 9079 6023 9080
f 9080 6023 5995
f 9076 5934 9077
f 5934 6022 9077
f 6022 6020 9077
f 9077 6020 9078
f 6020 5932 9078
f 9078 5932 5931
f 5935 5934 9076
f 9076 9073 5935
f 5935 9073 6025
f 9073 5937 6025
f 6017 5938 9070
f 9073 9072 5937
f 9072 9070 5937
f 5937 9070 5938
f 9070 9064 6017
f 6017 9064 6018
f 9064 9063 6018
f 9063 6016 6018
f 6014 6015 9059
f 9063 9059 6016
f 6016 9059 6015
f 9059 9058 6014
f 9058 9055 6014
f 6014 9055 6013
f 9055 544 6013
f 9055 538 544
f 284 283 9114
f 284 9114 9205
f 9114 9115 9205
f 9205 9115 9206
f 9115 9116 9206
f 9206 9116 9207
f 9116 9117 9207
f 9207 9117 9208
f 9117 9118 9208
f 9208 9118 9209
f 9118 9119 9209
f 9209 9119 9210
f 9119 9120 9210
f 9210 9120 9211
f 9120 9121 9211
f 9211 9121 9212
f 9121 9122 9212
f 9212 9122 9213
f 9122 9123 9213
f 9213 9123 9214
f 9123 9124 9214
f 9214 9124 9215
f 9124 9125 9215
f 9215 9125 9216
f 9125 9126 9216
f 9216 9126 9217
f 9126 9127 9217
f 9217 9127 9218
f 9127 9128 9218
f 9218 9128 9219
f 9128 9129 9219
f 9219 9129 9220
f 9129 9131 9220
f 9220 9131 9221
f 9131 90 9221
f 9221 90 89
f 283 285 9222
f 283 9222 9154
f 9222 9223 9154
f 9154 9223 9153
f 9223 9224 9153
f 9153 9224 9152
f 9224 9225 9152
f 9152 9225 9151
f 9225 9226 9151
f 9151 9226 9150
f 9226 9227 9150
f 9150 9227 9149
f 9227 9228 9149
f 9149 9228 9148
f 9228 9229 9148
f 9148 9229 9147
f 9229 9230 9147
f 9147 9230 9146
f 9230 9231 9146
f 9146 9231 9145
f 9231 9232 9145
f 9145 9232 9144
f 9232 9233 9144
f 9144 9233 9143
f 9233 9234 9143
f 9143 9234 9142
f 9234 9235 9142
f 9142 9235 9141
f 9235 9236 9141
f 9141 9236 9140
f 9236 9237 9140
f 9140 9237 9139
f 9237 9238 9139
f 9139 9238 9138
f 9238 637 9138
f 9138 637 635
f 291 297 9166
f 291 9166 9239
f 9166 9167 9239
f 9239 9167 9240
f 9167 9168 9240
f 9240 9168 9241
f 9168 9169 9241
f 9241 9169 9242
f 9169 9170 9242
f 9242 9170 9243
f 9170 9171 9243
f 9243 9171 9244
f 9171 9172 9244
f 9244 9172 9245
f 9172 9173 9245
f 9245 9173 9246
f 9173 9174 9246
f 9246 9174 9247
f 9174 9175 9247
f 9247 9175 9248
f 9175 9176 9248
f 9248 9176 9249
f 9176 9177 9249
f 9249 9177 9250
f 9177 9178 9250
f 9250 9178 9251
f 9178 9180 9251
f 9251 9180 9252
f 9180 9182 9252
f 9252 9182 9253
f 9182 9183 9253
f 9253 9183 9254
f 9183 9184 9254
f 9254 9184 9255
f 9184 633 9255
f 9255 633 631
f 297 296 9256
f 297 9256 9204
f 9256 9257 9204
f 9204 9257 9203
f 9257 9258 9203
f 9203 9258 9202
f 9258 9259 9202
f 9202 9259 9201
f 9259 9260 9201
f 9201 9260 9200
f 9260 9261 9200
f 9200 9261 9199
f 9261 9262 9199
f 9199 9262 9198
f 9262 9263 9198
f 9198 9263 9197
f 9263 9264 9197
f 9197 9264 9196
f 9264 9265 9196
f 9196 9265 9195
f 9265 9266 9195
f 9195 9266 9194
f 9266 9267 9194
f 9194 9267 9193
f 9267 9268 9193
f 9193 9268 9192
f 9268 9269 9192
f 9192 9269 9191
f 9269 9270 9191
f 9191 9270 9190
f 9270 9271 9190
f 9190 9271 9189
f 9271 9272 9189
f 9189 9272 9188
f 9272 23 9188
f 9188 23 22
f 5840 5771 9273
f 9274 5827 371
f 5827 370 371
f 5826 5828 9274
f 5828 5827 9274
f 9275 5776 9276
f 9276 5776 5826
f 9274 9276 5826
f 5777 5776 9275
f 9275 9277 5777
f 9277 5824 5777
f 9277 9278 5824
f 9278 5822 5824
f 9278 9279 5822
f 9279 5823 5822
f 9280 5818 9281
f 9279 9281 5823
f 5823 9281 5818
f 9282 5767 9280
f 9280 5767 5818
f 5771 5769 9283
f 5769 5768 9283
f 9283 5768 9282
f 9282 5768 5767
f 5771 9283 9273
f 5840 9273 9284
f 5773 5842 9284
f 5842 5840 9284
f 9284 9285 5773
f 9285 9286 5773
f 5773 9286 5774
f 9286 9287 5774
f 9287 5829 5774
f 9287 9288 5829
f 9288 5830 5829
f 9288 9289 5830
f 5830 9289 494
f 9289 495 494
f 535 9290 534
f 534 9290 5948
f 9291 5945 9290
f 5945 5948 9290
f 6036 5946 9292
f 9292 5946 9291
f 5946 5945 9291
f 9293 9294 5964
f 9292 9293 6036
f 9293 5964 6036
f 5965 5964 9294
f 9294 9295 5965
f 5978 5971 9296
f 9296 5971 9295
f 5971 5965 9295
f 9297 5981 9298
f 5981 5978 9298
f 9298 5978 9296
f 5979 5981 9297
f 5979 9299 5993
f 9299 9300 5993
f 5993 9300 9301
f 9297 9299 5979
f 9301 5988 5993
f 5987 9302 9303
f 9301 9302 5988
f 9302 5987 5988
f 5992 5986 9303
f 9303 5986 5987
f 5992 9303 9304
f 5991 5992 9304
f 9304 9305 5991
f 5991 9305 5989
f 9305 26 5989
f 5989 26 25
f 89 9306 9307
f 785 9308 9309
f 9310 785 9309
f 9309 9308 9311
f 9310 9309 9312
f 9309 9311 9313
f 9313 9311 9314
f 9313 9314 9315
f 9313 9315 9316
f 9312 9309 9317
f 9317 9309 9318
f 9309 9313 9319
f 9319 9313 9320
f 9313 9316 9320
f 9316 9315 9321
f 9310 9312 9317
f 9317 9318 9322
f 9316 9321 9320
f 9320 9321 9323
f 9319 9320 9324
f 9320 9323 9325
f 9318 9319 9326
f 9320 9325 9327
f 9327 9325 9328
f 9318 9326 9329
f 9327 9328 9330
f 9322 9318 9329
f 9326 9319 9307
f 9319 9331 9307
f 9319 9324 9331
f 9327 9330 9332
f 9333 785 9310
f 9331 9324 9334
f 9324 9320 9334
f 9320 9327 9334
f 9327 9332 9335
f 9333 9310 9336
f 9310 9317 9336
f 9336 9317 9337
f 9337 9317 9338
f 9338 9317 9339
f 9317 9322 9339
f 9339 9322 9340
f 9340 9322 9341
f 9341 9322 9342
f 9342 9322 9343
f 9343 9322 9344
f 9322 9329 9344
f 9344 9329 9345
f 9329 9326 9345
f 9345 9326 9346
f 9346 9326 9347
f 9347 9326 9348
f 9348 9326 9349
f 9326 9307 9349
f 9349 9307 9350
f 9334 9327 9335
f 9335 9332 9351
f 9335 9351 9352
f 9307 9331 9353
f 89 9307 9221
f 9221 9307 9220
f 9220 9307 9219
f 9307 9353 9219
f 9219 9353 9218
f 9218 9353 9217
f 9217 9353 9216
f 9353 9331 9216
f 9216 9331 9215
f 9331 9334 9215
f 9215 9334 9214
f 9214 9334 9213
f 9213 9334 9212
f 9212 9334 9211
f 9211 9334 9210
f 9210 9334 9209
f 9334 9335 9209
f 9209 9335 9208
f 9208 9335 9207
f 9207 9335 9206
f 9206 9335 9205
f 9335 9352 9205
f 9205 9352 284
f 9306 9350 9307
f 9318 9309 9319
f 285 286 9222
f 286 9354 9222
f 9222 9354 9223
f 9223 9354 9224
f 9224 9354 9225
f 9225 9354 9226
f 9226 9354 9227
f 9227 9354 9228
f 9228 9354 9229
f 9229 9354 9230
f 9230 9354 9231
f 9231 9354 9232
f 9232 9354 9233
f 9233 9354 9234
f 9234 9354 9235
f 9235 9354 9236
f 9236 9354 9237
f 9354 639 9237
f 9237 639 9238
f 9238 639 637
f 286 273 9354
f 273 9355 9354
f 9354 9355 639
f 9355 641 639
f 273 272 9355
f 272 9356 9355
f 9355 9356 641
f 9356 643 641
f 272 271 9356
f 271 9357 9356
f 9356 9357 643
f 9357 645 643
f 271 259 9357
f 259 9358 9357
f 9357 9358 645
f 9358 647 645
f 259 258 9358
f 258 9359 9358
f 9358 9359 647
f 9359 649 647
f 258 257 9359
f 257 9360 9359
f 9359 9360 649
f 9360 651 649
f 257 250 9360
f 250 9361 9360
f 9360 9361 651
f 9361 653 651
f 250 249 9361
f 249 9362 9361
f 9361 9362 653
f 9362 655 653
f 249 247 9362
f 247 9363 9362
f 9362 9363 655
f 9363 657 655
f 247 246 9363
f 246 9364 9363
f 9363 9364 657
f 9364 659 657
f 246 270 9364
f 270 9365 9364
f 9364 9365 659
f 9365 661 659
f 270 253 9365
f 253 9366 9365
f 9365 9366 661
f 9366 663 661
f 253 252 9366
f 252 9367 9366
f 9367 665 9366
f 9366 665 663
f 252 251 9367
f 251 9368 9367
f 9367 9368 665
f 9368 667 665
f 251 241 9368
f 241 9369 9368
f 9369 9370 9368
f 9370 9371 9368
f 9368 9371 667
f 9371 669 667
f 241 240 9369
f 240 9372 9369
f 9372 9373 9369
f 9369 9373 9370
f 9373 9374 9370
f 9370 9374 9371
f 9371 9374 669
f 9374 671 669
f 240 291 9372
f 291 9239 9372
f 9239 9240 9372
f 9240 9241 9372
f 9241 9242 9372
f 9372 9242 9373
f 9242 9243 9373
f 9243 9244 9373
f 9373 9244 9374
f 9244 9245 9374
f 9245 9246 9374
f 9246 9247 9374
f 9247 9248 9374
f 9248 9249 9374
f 9249 9250 9374
f 9250 9251 9374
f 9251 9252 9374
f 9252 9253 9374
f 9374 9253 671
f 9253 9254 671
f 9254 9255 671
f 9255 631 671
f 333 424 9375
f 424 9376 9375
f 9375 9376 9377
f 9377 9376 9378
f 9378 9376 9379
f 9376 9380 9379
f 9379 9380 9381
f 9380 9382 9381
f 9381 9382 9383
f 9383 9382 9384
f 9384 9382 9385
f 9382 9386 9385
f 9385 9386 9387
f 9387 9386 9388
f 9386 9389 9388
f 9388 9389 9390
f 9390 9389 9391
f 9391 9389 9392
f 9389 9393 9392
f 9392 9393 9394
f 9393 9395 9394
f 9394 9395 9396
f 9396 9395 9397
f 9395 277 9397
f 9397 277 9398
f 9398 277 256
f 424 422 9376
f 422 9399 9376
f 9376 9399 9380
f 9399 9400 9380
f 9380 9400 9382
f 9382 9400 9386
f 9400 9401 9386
f 9386 9401 9389
f 9401 9402 9389
f 9389 9402 9393
f 9402 9403 9393
f 9393 9403 9395
f 9395 9403 277
f 9403 278 277
f 422 420 9399
f 420 9404 9399
f 9399 9404 9400
f 9404 9405 9400
f 9400 9405 9401
f 9405 9406 9401
f 9401 9406 9402
f 9406 9407 9402
f 9402 9407 9403
f 9407 9408 9403
f 9403 9408 278
f 9408 279 278
f 420 418 9404
f 418 9409 9404
f 9404 9409 9405
f 9409 9410 9405
f 9405 9410 9406
f 9406 9410 9407
f 9410 9411 9407
f 9407 9411 9408
f 9411 9412 9408
f 9408 9412 279
f 9412 287 279
f 418 416 9409
f 416 9413 9409
f 9413 9414 9409
f 9409 9414 9410
f 9410 9414 9411
f 9414 9415 9411
f 9411 9415 9412
f 9412 9415 287
f 9415 288 287
f 416 414 9413
f 414 9416 9413
f 9413 9416 9414
f 9416 9417 9414
f 9414 9417 9415
f 9417 9418 9415
f 9415 9418 288
f 9418 235 288
f 414 412 9416
f 412 9419 9416
f 9416 9419 9417
f 9419 9420 9417
f 9417 9420 9418
f 9420 9421 9418
f 9418 9421 235
f 9421 236 235
f 412 410 9419
f 410 9422 9419
f 9422 9423 9419
f 9419 9423 9420
f 9420 9423 9421
f 9423 292 9421
f 9421 292 236
f 410 408 9422
f 408 9424 9422
f 9424 9425 9422
f 9422 9425 9423
f 9423 9425 292
f 9425 293 292
f 408 406 9424
f 406 9426 9424
f 9424 9426 9425
f 9426 9427 9425
f 9425 9427 293
f 9427 311 293
f 406 404 9426
f 404 9428 9426
f 9426 9428 9427
f 9428 9429 9427
f 9427 9429 311
f 9429 312 311
f 404 402 9428
f 402 9430 9428
f 9428 9430 9429
f 9430 9431 9429
f 9431 9432 9429
f 9432 9433 9429
f 9429 9433 312
f 9433 309 312
f 402 400 9430
f 400 9434 9430
f 9430 9434 9431
f 9434 9435 9431
f 9431 9435 9432
f 9435 9436 9432
f 9432 9436 9433
f 9436 9437 9433
f 9433 9437 309
f 9437 310 309
f 400 398 9434
f 398 9438 9434
f 9434 9438 9435
f 9438 9439 9435
f 9435 9439 9436
f 9439 9440 9436
f 9436 9440 9437
f 9440 9441 9437
f 9441 9442 9437
f 9437 9442 310
f 9442 313 310
f 398 396 9438
f 396 9443 9438
f 9438 9443 9439
f 9443 9444 9439
f 9439 9444 9440
f 9444 9445 9440
f 9440 9445 9441
f 9445 9446 9441
f 9441 9446 9442
f 9446 9447 9442
f 9442 9447 313
f 9447 314 313
f 396 394 9443
f 394 9448 9443
f 9443 9448 9444
f 9448 9449 9444
f 9449 9450 9444
f 9444 9450 9445
f 9450 9451 9445
f 9445 9451 9446
f 9451 9452 9446
f 9446 9452 9447
f 9452 9453 9447
f 9447 9453 314
f 9453 294 314
f 394 392 9448
f 392 9454 9448
f 9448 9454 9449
f 9454 9455 9449
f 9455 9456 9449
f 9449 9456 9450
f 9456 9457 9450
f 9450 9457 9451
f 9457 9458 9451
f 9458 9459 9451
f 9451 9459 9452
f 9459 9460 9452
f 9452 9460 9453
f 9460 9461 9453
f 9453 9461 294
f 9461 295 294
f 23 9272 392
f 392 9272 9454
f 9272 9271 9454
f 9271 9270 9454
f 9454 9270 9455
f 9270 9269 9455
f 9269 9268 9455
f 9455 9268 9456
f 9268 9267 9456
f 9267 9266 9456
f 9456 9266 9457
f 9266 9265 9457
f 9265 9264 9457
f 9457 9264 9458
f 9264 9263 9458
f 9263 9262 9458
f 9458 9262 9459
f 9262 9261 9459
f 9261 9260 9459
f 9459 9260 9460
f 9260 9259 9460
f 9259 9258 9460
f 9460 9258 9461
f 9258 9257 9461
f 9461 9257 295
f 9257 9256 295
f 9256 296 295
f 9289 9288 9462
f 9288 9287 9462
f 9287 9286 9462
f 9286 9285 9463
f 9284 9273 9463
f 9273 9283 9464
f 9283 9282 9464
f 9465 9466 9467
f 9468 9465 9467
f 9467 9469 9470
f 9471 315 9468
f 9471 9468 9472
f 9472 9468 9473
f 9473 9468 9474
f 9474 9468 9475
f 9468 9467 9475
f 9475 9467 9476
f 9476 9467 9477
f 9477 9467 9478
f 9478 9467 9479
f 9479 9467 9480
f 9467 9470 9480
f 9480 9470 9481
f 9481 9470 9482
f 9482 9470 9483
f 9483 9470 9484
f 9470 9485 9484
f 9484 9485 9486
f 9485 9487 9486
f 9486 9487 9488
f 9274 371 9489
f 371 9490 9489
f 9489 9490 9487
f 9276 9274 9487
f 9274 9489 9487
f 9275 9276 9491
f 9276 9487 9491
f 9277 9275 9491
f 9278 9277 9487
f 9277 9491 9487
f 9487 9485 9492
f 9492 9485 9470
f 9279 9278 9487
f 9281 9279 9487
f 9492 9470 9469
f 9280 9281 9464
f 9281 9487 9464
f 9487 9492 9493
f 9493 9492 9469
f 9282 9280 9464
f 9464 9487 9493
f 9464 9493 9494
f 9494 9493 9469
f 9273 9464 9463
f 9285 9284 9463
f 9286 9463 9462
f 9463 9464 9462
f 9462 9464 9495
f 9495 9464 9494
f 9494 9469 9466
f 9494 9466 9496
f 495 9289 9497
f 9289 9462 9497
f 9497 9462 9498
f 9498 9462 9499
f 9499 9462 9500
f 9500 9462 9501
f 9462 9495 9501
f 9501 9495 9502
f 9495 9494 9502
f 9502 9494 9503
f 9503 9494 9504
f 9494 9496 9504
f 9504 9496 9505
f 9505 9496 9506
f 9496 9466 9506
f 9506 9466 9507
f 9507 9466 9508
f 9508 9466 9509
f 9466 9465 9509
f 9509 9465 9510
f 9510 9465 9511
f 9465 9468 9511
f 9511 9468 9512
f 9512 9468 9513
f 9513 9468 315
f 9490 9488 9487
f 9467 9466 9469
f 9305 9304 9514
f 9304 9303 9514
f 9303 9302 9514
f 9302 9301 9514
f 9301 9300 9515
f 9299 9297 9516
f 9297 9298 9516
f 9517 9518 9519
f 9518 9520 9521
f 9521 9520 9522
f 9519 9518 9521
f 9523 268 9517
f 9523 9517 9519
f 9519 9521 9524
f 9524 9521 9525
f 9526 9519 9524
f 9527 268 9523
f 9527 9523 9528
f 9528 9523 9529
f 9523 9519 9529
f 9529 9519 9530
f 9519 9526 9530
f 9530 9526 9531
f 9531 9526 9532
f 9526 9524 9532
f 9532 9524 9533
f 9533 9524 9534
f 9534 9524 9535
f 9535 9524 9536
f 9536 9524 9537
f 9524 9525 9537
f 9537 9525 9538
f 9538 9525 9539
f 9525 9540 9539
f 9539 9540 9541
f 9541 9540 9542
f 9540 9543 9542
f 9542 9543 9544
f 9290 535 9543
f 535 9545 9543
f 9291 9290 9546
f 9290 9543 9546
f 9292 9291 9546
f 9293 9292 9543
f 9292 9546 9543
f 9294 9293 9547
f 9293 9543 9547
f 9295 9294 9547
f 9548 9543 9525
f 9547 9543 9548
f 9548 9525 9522
f 9296 9295 9516
f 9295 9547 9516
f 9547 9548 9516
f 9516 9548 9522
f 9516 9522 9549
f 9298 9296 9516
f 9550 9516 9549
f 9549 9522 9551
f 9551 9522 9520
f 9300 9299 9515
f 9299 9516 9515
f 9551 9520 9552
f 9552 9520 9518
f 9301 9515 9514
f 9515 9516 9514
f 9514 9516 9550
f 9552 9518 9553
f 9550 9549 9551
f 9518 9517 9554
f 9551 9552 9553
f 26 9305 9555
f 9305 9514 9555
f 9555 9514 9556
f 9556 9514 9557
f 9557 9514 9558
f 9558 9514 9559
f 9514 9550 9559
f 9559 9550 9560
f 9560 9550 9561
f 9561 9550 9562
f 9562 9550 9563
f 9550 9551 9563
f 9563 9551 9564
f 9564 9551 9565
f 9565 9551 9566
f 9551 9553 9566
f 9566 9553 9567
f 9553 9518 9567
f 9567 9518 9568
f 9518 9554 9568
f 9568 9554 9569
f 9569 9554 9570
f 9554 9517 9570
f 9570 9517 9571
f 9571 9517 268
f 9545 9544 9543
f 9540 9525 9543
f 9525 9521 9522
f 9333 9336 9572
f 9572 9573 9333
f 9333 9573 785
f 785 9573 786
f 9337 9338 9574
f 9574 9575 9337
f 9575 9576 9337
f 9337 9576 9336
f 9336 9576 9572
f 9339 9340 9577
f 9577 9578 9339
f 9339 9578 9338
f 9578 9574 9338
f 9579 9580 9341
f 9341 9580 9340
f 9340 9580 9577
f 9341 9342 9579
f 9342 9343 9579
f 9579 9343 9581
f 9343 9344 9581
f 9581 9344 9582
f 9344 9345 9582
f 9582 9345 9583
f 9345 9346 9583
f 9583 9346 9584
f 9346 9347 9584
f 9584 9347 9585
f 9347 9348 9585
f 9585 9348 9586
f 9348 9349 9586
f 9586 9349 9587
f 9349 9350 9587
f 9587 9350 9588
f 9350 9306 9588
f 9588 9306 9589
f 9306 89 9589
f 9589 89 87
f 248 284 9352
f 248 9352 9590
f 9352 9351 9590
f 9590 9351 9591
f 9351 9332 9591
f 9591 9332 9592
f 9332 9330 9592
f 9592 9330 9593
f 9330 9328 9593
f 9593 9328 9594
f 9328 9325 9594
f 9594 9325 9595
f 9323 9596 9325
f 9325 9596 9595
f 9321 9315 9597
f 9597 9598 9321
f 9321 9598 9323
f 9598 9599 9323
f 9323 9599 9596
f 9315 9314 9600
f 9600 9601 9315
f 9315 9601 9597
f 9311 9308 9602
f 9602 9603 9311
f 9603 9604 9311
f 9311 9604 9314
f 9604 9605 9314
f 9314 9605 9600
f 9308 785 783
f 783 9602 9308
f 256 255 9606
f 256 9606 9398
f 9606 9607 9398
f 9398 9607 9397
f 9607 9608 9397
f 9397 9608 9396
f 9608 9609 9396
f 9396 9609 9394
f 9609 9610 9394
f 9394 9610 9392
f 9610 9611 9392
f 9392 9611 9391
f 9611 9612 9391
f 9391 9612 9390
f 9612 9613 9390
f 9390 9613 9388
f 9613 9614 9388
f 9388 9614 9387
f 9614 9615 9387
f 9387 9615 9385
f 9615 9616 9385
f 9385 9616 9384
f 9616 9617 9384
f 9384 9617 9383
f 9617 9618 9383
f 9383 9618 9381
f 9618 9619 9381
f 9381 9619 9379
f 9619 9620 9379
f 9379 9620 9378
f 9620 9621 9378
f 9378 9621 9377
f 9621 9622 9377
f 9377 9622 9375
f 9622 332 9375
f 9375 332 333
f 316 315 9471
f 316 9471 9623
f 9471 9472 9623
f 9623 9472 9624
f 9472 9473 9624
f 9624 9473 9625
f 9473 9474 9625
f 9625 9474 9626
f 9474 9475 9626
f 9626 9475 9627
f 9475 9476 9627
f 9627 9476 9628
f 9476 9477 9628
f 9628 9477 9629
f 9477 9478 9629
f 9629 9478 9630
f 9478 9479 9630
f 9630 9479 9631
f 9479 9480 9631
f 9631 9480 9632
f 9480 9481 9632
f 9632 9481 9633
f 9481 9482 9633
f 9633 9482 9634
f 9482 9483 9634
f 9634 9483 9635
f 9483 9484 9635
f 9635 9484 9636
f 9484 9486 9636
f 9636 9486 9637
f 9486 9488 9637
f 9637 9488 9638
f 9488 9490 9638
f 9638 9490 9639
f 9490 371 9639
f 9639 371 368
f 315 302 9640
f 315 9640 9513
f 9640 9641 9513
f 9513 9641 9512
f 9641 9642 9512
f 9512 9642 9511
f 9642 9643 9511
f 9511 9643 9510
f 9643 9644 9510
f 9510 9644 9509
f 9644 9645 9509
f 9509 9645 9508
f 9645 9646 9508
f 9508 9646 9507
f 9646 9647 9507
f 9507 9647 9506
f 9647 9648 9506
f 9506 9648 9505
f 9648 9649 9505
f 9505 9649 9504
f 9649 9650 9504
f 9504 9650 9503
f 9650 9651 9503
f 9503 9651 9502
f 9651 9652 9502
f 9502 9652 9501
f 9652 9653 9501
f 9501 9653 9500
f 9653 9654 9500
f 9500 9654 9499
f 9654 9655 9499
f 9499 9655 9498
f 9655 9656 9498
f 9498 9656 9497
f 9656 497 9497
f 9497 497 495
f 269 268 9527
f 269 9527 9657
f 9527 9528 9657
f 9657 9528 9658
f 9528 9529 9658
f 9658 9529 9659
f 9529 9530 9659
f 9659 9530 9660
f 9530 9531 9660
f 9660 9531 9661
f 9531 9532 9661
f 9661 9532 9662
f 9532 9533 9662
f 9662 9533 9663
f 9533 9534 9663
f 9663 9534 9664
f 9534 9535 9664
f 9664 9535 9665
f 9535 9536 9665
f 9665 9536 9666
f 9536 9537 9666
f 9666 9537 9667
f 9537 9538 9667
f 9667 9538 9668
f 9538 9539 9668
f 9668 9539 9669
f 9539 9541 9669
f 9669 9541 9670
f 9541 9542 9670
f 9670 9542 9671
f 9542 9544 9671
f 9671 9544 9672
f 9544 9545 9672
f 9672 9545 9673
f 9545 535 9673
f 9673 535 533
f 268 267 9674
f 268 9674 9571
f 9674 9675 9571
f 9571 9675 9570
f 9675 9676 9570
f 9570 9676 9569
f 9676 9677 9569
f 9569 9677 9568
f 9677 9678 9568
f 9568 9678 9567
f 9678 9679 9567
f 9567 9679 9566
f 9679 9680 9566
f 9566 9680 9565
f 9680 9681 9565
f 9565 9681 9564
f 9681 9682 9564
f 9564 9682 9563
f 9682 9683 9563
f 9563 9683 9562
f 9683 9684 9562
f 9562 9684 9561
f 9684 9685 9561
f 9561 9685 9560
f 9685 9686 9560
f 9560 9686 9559
f 9686 9687 9559
f 9559 9687 9558
f 9687 9688 9558
f 9558 9688 9557
f 9688 9689 9557
f 9557 9689 9556
f 9689 9690 9556
f 9556 9690 9555
f 9690 27 9555
f 9555 27 26
f 87 88 3161
f 87 3161 9589
f 9589 3161 9588
f 3161 3162 9588
f 9588 3162 9587
f 3162 3163 9587
f 9587 3163 9586
f 9586 3163 9585
f 3163 3165 9585
f 9585 3165 9584
f 3165 3166 9584
f 9584 3166 9583
f 9583 3166 9582
f 3166 3167 9582
f 9582 3167 9581
f 9581 3167 9579
f 9577 9580 3169
f 3169 9580 3167
f 9580 9579 3167
f 9574 9578 3170
f 3170 9578 3169
f 9578 9577 3169
f 3172 3174 9572
f 9572 9576 3172
f 3172 9576 3170
f 9576 9575 3170
f 3170 9575 9574
f 3174 787 786
f 786 9573 3174
f 9573 9572 3174
f 9691 9597 9692
f 9605 9604 9693
f 9693 9604 9694
f 9695 9696 9602
f 781 9695 783
f 9695 9602 783
f 9694 9604 9696
f 9604 9603 9696
f 9696 9603 9602
f 9605 9693 9600
f 9693 9697 9600
f 9600 9697 9601
f 9697 9698 9601
f 9692 9597 9698
f 9597 9601 9698
f 9597 9691 9598
f 9691 9699 9598
f 9598 9699 9700
f 9701 9596 9700
f 9596 9599 9700
f 9700 9599 9598
f 9702 9595 9701
f 9595 9596 9701
f 9702 9703 9595
f 9595 9703 9594
f 9703 9704 9594
f 9704 9705 9594
f 9594 9705 9593
f 9705 9706 9593
f 9593 9706 9592
f 9706 9707 9592
f 9592 9707 9591
f 9707 9708 9591
f 9591 9708 9590
f 9708 9709 9590
f 9709 232 9590
f 9590 232 248
f 9710 9711 9712
f 9606 255 9710
f 9606 9710 9607
f 9607 9710 9608
f 9608 9710 9609
f 9710 9712 9609
f 9609 9712 9610
f 9610 9712 9611
f 9611 9712 9612
f 9612 9712 9613
f 9613 9712 9614
f 9614 9712 9615
f 9615 9712 9616
f 9616 9712 9617
f 9713 332 9714
f 332 9622 9714
f 9622 9621 9714
f 9714 9621 9715
f 9621 9620 9715
f 9620 9619 9715
f 9619 9618 9715
f 9715 9618 9716
f 9717 9713 9714
f 9718 9717 9719
f 9717 9714 9719
f 9714 9715 9719
f 9720 9718 9721
f 9718 9719 9721
f 9719 9715 9722
f 9715 9716 9722
f 9716 9712 9722
f 9723 9720 9721
f 9719 9722 9721
f 9724 9723 9721
f 9722 9712 9721
f 9725 9724 9721
f 9721 9712 9726
f 9727 9725 9728
f 9725 9721 9728
f 9712 9711 9726
f 9729 9727 9730
f 9727 9728 9730
f 9728 9721 9731
f 9731 9721 9726
f 9732 9729 9730
f 9733 9732 9730
f 9730 9728 9734
f 9734 9728 9731
f 9735 9726 9711
f 9736 9733 9730
f 9731 9726 9737
f 9737 9726 9735
f 9730 9738 9736
f 490 9738 9739
f 9738 9730 9739
f 9739 9730 9740
f 9740 9730 9741
f 9730 9734 9741
f 9741 9734 9742
f 9734 9731 9742
f 9742 9731 9743
f 9743 9731 9744
f 9731 9737 9744
f 9744 9737 9745
f 9745 9737 9746
f 9746 9737 9747
f 9737 9735 9747
f 9747 9735 9748
f 9748 9735 9749
f 9735 9711 9749
f 9749 9711 9750
f 9750 9711 9751
f 9711 9752 9751
f 9751 9752 9753
f 9752 9710 9753
f 9753 9710 255
f 9618 9617 9716
f 9617 9712 9716
f 9710 9752 9711
f 368 366 9639
f 366 9754 9639
f 9639 9754 9638
f 9754 9755 9638
f 9638 9755 9637
f 9637 9755 9636
f 9755 9756 9636
f 9636 9756 9635
f 9635 9756 9634
f 9634 9756 9633
f 9756 9757 9633
f 9633 9757 9632
f 9632 9757 9631
f 9757 9758 9631
f 9631 9758 9630
f 9630 9758 9629
f 9629 9758 9628
f 9758 9759 9628
f 9628 9759 9627
f 9627 9759 9626
f 9759 9760 9626
f 9626 9760 9625
f 9625 9760 9624
f 9624 9760 9623
f 9760 317 9623
f 9623 317 316
f 366 364 9754
f 364 9761 9754
f 9754 9761 9755
f 9761 9762 9755
f 9755 9762 9756
f 9762 9763 9756
f 9756 9763 9757
f 9763 9764 9757
f 9757 9764 9758
f 9764 9765 9758
f 9758 9765 9759
f 9765 9766 9759
f 9759 9766 9760
f 9766 318 9760
f 9760 318 317
f 364 362 9761
f 362 9767 9761
f 9761 9767 9762
f 9767 9768 9762
f 9762 9768 9763
f 9768 9769 9763
f 9763 9769 9764
f 9769 9770 9764
f 9764 9770 9765
f 9770 9771 9765
f 9765 9771 9766
f 9766 9771 318
f 9771 319 318
f 362 360 9767
f 360 9772 9767
f 9767 9772 9768
f 9772 9773 9768
f 9768 9773 9769
f 9773 9774 9769
f 9769 9774 9770
f 9774 9775 9770
f 9770 9775 9771
f 9771 9775 319
f 9775 320 319
f 360 358 9772
f 358 9776 9772
f 9772 9776 9773
f 9776 9777 9773
f 9773 9777 9774
f 9777 9778 9774
f 9774 9778 9775
f 9775 9778 320
f 9778 321 320
f 358 356 9776
f 356 9779 9776
f 9779 9780 9776
f 9776 9780 9777
f 9780 9781 9777
f 9777 9781 9778
f 9781 9782 9778
f 9782 322 9778
f 9778 322 321
f 356 354 9779
f 354 9783 9779
f 9779 9783 9780
f 9783 9784 9780
f 9780 9784 9781
f 9784 9785 9781
f 9781 9785 9782
f 9785 9786 9782
f 9782 9786 322
f 9786 323 322
f 354 352 9783
f 352 9787 9783
f 9783 9787 9784
f 9787 9788 9784
f 9784 9788 9785
f 9788 9789 9785
f 9785 9789 9786
f 9789 9790 9786
f 9790 9791 9786
f 9786 9791 323
f 9791 324 323
f 352 350 9787
f 350 9792 9787
f 9787 9792 9788
f 9792 9793 9788
f 9788 9793 9789
f 9789 9793 9790
f 9790 9793 9791
f 9793 9794 9791
f 9794 9795 9791
f 9791 9795 324
f 9795 325 324
f 350 348 9792
f 348 9796 9792
f 9792 9796 9793
f 9796 9797 9793
f 9797 9798 9793
f 9798 9799 9793
f 9793 9799 9794
f 9799 9800 9794
f 9794 9800 9795
f 9800 9801 9795
f 9795 9801 325
f 9801 301 325
f 348 346 9796
f 346 9802 9796
f 9796 9802 9797
f 9802 9803 9797
f 9797 9803 9798
f 9798 9803 9799
f 9799 9803 9800
f 9803 9804 9800
f 9800 9804 9801
f 9804 9805 9801
f 9801 9805 301
f 9805 239 301
f 346 344 9802
f 344 9806 9802
f 9802 9806 9803
f 9806 9807 9803
f 9807 9808 9803
f 9808 9809 9803
f 9803 9809 9804
f 9809 9810 9804
f 9804 9810 9805
f 9810 274 9805
f 9805 274 239
f 344 342 9806
f 342 9811 9806
f 9806 9811 9807
f 9811 9812 9807
f 9807 9812 9808
f 9812 9813 9808
f 9808 9813 9809
f 9813 9814 9809
f 9809 9814 9810
f 9814 9815 9810
f 9810 9815 274
f 9815 260 274
f 342 340 9811
f 340 9816 9811
f 9811 9816 9812
f 9816 9817 9812
f 9812 9817 9813
f 9817 9818 9813
f 9813 9818 9814
f 9818 9819 9814
f 9814 9819 9815
f 9819 9820 9815
f 9815 9820 260
f 9820 261 260
f 340 338 9816
f 338 9821 9816
f 9816 9821 9817
f 9821 9822 9817
f 9822 9823 9817
f 9817 9823 9818
f 9823 9824 9818
f 9818 9824 9819
f 9824 9825 9819
f 9819 9825 9820
f 9825 9826 9820
f 9820 9826 261
f 9826 262 261
f 338 336 9821
f 336 9827 9821
f 9821 9827 9822
f 9827 9828 9822
f 9828 9829 9822
f 9822 9829 9823
f 9829 9830 9823
f 9823 9830 9824
f 9830 9831 9824
f 9824 9831 9825
f 9831 9832 9825
f 9825 9832 9826
f 9832 9833 9826
f 9826 9833 262
f 9833 275 262
f 336 334 9827
f 334 9834 9827
f 9827 9834 9828
f 9834 9835 9828
f 9828 9835 9829
f 9835 9836 9829
f 9829 9836 9830
f 9836 9837 9830
f 9830 9837 9831
f 9837 9838 9831
f 9831 9838 9832
f 9838 9839 9832
f 9839 9840 9832
f 9832 9840 9833
f 9840 9841 9833
f 9833 9841 275
f 9841 276 275
f 334 327 9834
f 327 9842 9834
f 9842 9843 9834
f 9843 9844 9834
f 9834 9844 9835
f 9844 9845 9835
f 9845 9846 9835
f 9835 9846 9836
f 9846 9847 9836
f 9847 9848 9836
f 9836 9848 9837
f 9848 9849 9837
f 9837 9849 9838
f 9849 9850 9838
f 9850 9851 9838
f 9838 9851 9839
f 9851 9852 9839
f 9852 9853 9839
f 9839 9853 9840
f 9853 9854 9840
f 9854 9855 9840
f 9840 9855 9841
f 9855 9856 9841
f 9856 9857 9841
f 9841 9857 276
f 9857 9858 276
f 9858 244 276
f 302 303 9640
f 303 9859 9640
f 9640 9859 9641
f 9641 9859 9642
f 9642 9859 9643
f 9643 9859 9644
f 9644 9859 9645
f 9645 9859 9646
f 9646 9859 9647
f 9647 9859 9648
f 9648 9859 9649
f 9649 9859 9650
f 9650 9859 9651
f 9651 9859 9652
f 9652 9859 9653
f 9859 499 9653
f 9653 499 9654
f 9654 499 9655
f 9655 499 9656
f 9656 499 497
f 303 306 9859
f 306 9860 9859
f 9859 9860 499
f 9860 501 499
f 306 305 9860
f 305 9861 9860
f 9860 9861 501
f 9861 503 501
f 305 304 9861
f 304 9862 9861
f 9861 9862 503
f 9862 505 503
f 304 308 9862
f 308 9863 9862
f 9862 9863 505
f 9863 507 505
f 308 307 9863
f 307 9864 9863
f 9863 9864 507
f 9864 509 507
f 307 290 9864
f 290 9865 9864
f 9864 9865 509
f 9865 511 509
f 290 289 9865
f 289 9866 9865
f 9865 9866 511
f 9866 513 511
f 289 300 9866
f 300 9867 9866
f 9867 9868 9866
f 9868 515 9866
f 9866 515 513
f 300 299 9867
f 299 9869 9867
f 9867 9869 9868
f 9869 9870 9868
f 9868 9870 515
f 9870 517 515
f 299 298 9869
f 298 9871 9869
f 9869 9871 9870
f 9871 9872 9870
f 9870 9872 517
f 9872 519 517
f 298 282 9871
f 282 9873 9871
f 9871 9873 9872
f 9873 9874 9872
f 9872 9874 519
f 9874 521 519
f 282 281 9873
f 281 9875 9873
f 9873 9875 9874
f 9875 9876 9874
f 9874 9876 521
f 9876 523 521
f 281 280 9875
f 280 9877 9875
f 9875 9877 9876
f 9877 9878 9876
f 9876 9878 523
f 9878 525 523
f 280 263 9877
f 263 9879 9877
f 9877 9879 9878
f 9879 9880 9878
f 9878 9880 525
f 9880 527 525
f 263 264 9879
f 264 9881 9879
f 9881 9882 9879
f 9879 9882 9880
f 9882 9883 9880
f 9880 9883 527
f 9883 529 527
f 264 266 9881
f 266 9884 9881
f 9884 9885 9881
f 9881 9885 9882
f 9885 9886 9882
f 9882 9886 9883
f 9886 9887 9883
f 9887 9888 9883
f 9883 9888 529
f 9888 531 529
f 266 269 9884
f 269 9657 9884
f 9657 9658 9884
f 9658 9659 9884
f 9659 9660 9884
f 9884 9660 9885
f 9660 9661 9885
f 9661 9662 9885
f 9885 9662 9886
f 9662 9663 9886
f 9663 9664 9886
f 9664 9665 9886
f 9665 9666 9886
f 9886 9666 9887
f 9666 9667 9887
f 9667 9668 9887
f 9887 9668 9888
f 9668 9669 9888
f 9669 9670 9888
f 9670 9671 9888
f 9671 9672 9888
f 9672 9673 9888
f 9888 9673 531
f 9673 533 531
f 267 9889 9890
f 767 9891 9892
f 9892 9891 9893
f 9892 9893 9894
f 9894 9893 9895
f 9894 9895 9896
f 9894 9896 9897
f 9898 9894 9899
f 9894 9897 9900
f 9894 9900 9899
f 9899 9900 9901
f 9899 9901 9902
f 9898 9899 9903
f 9903 9899 9904
f 9899 9902 9905
f 9892 9898 9906
f 9906 9898 9907
f 9907 9903 9908
f 9908 9903 9890
f 9904 9899 9909
f 9899 9905 9909
f 9909 9905 9910
f 9911 9907 9908
f 9903 9904 9912
f 9904 9909 9912
f 9909 9910 9913
f 9906 9907 9914
f 9911 9908 9915
f 9908 9890 9915
f 9909 9913 9916
f 9914 9907 9911
f 9890 9903 9917
f 9903 9912 9917
f 9909 9916 9918
f 9919 767 9892
f 9917 9912 9920
f 9912 9909 9921
f 9909 9918 9921
f 9921 9918 9922
f 9919 9892 9923
f 9923 9892 9924
f 9892 9906 9924
f 9924 9906 9925
f 9906 9914 9925
f 9925 9914 9926
f 9926 9914 9927
f 9914 9911 9927
f 9928 9911 9929
f 9911 9915 9929
f 9929 9915 9930
f 9915 9890 9930
f 9930 9890 9931
f 9931 9890 9889
f 9917 9920 9932
f 9920 9912 9933
f 9921 9922 9934
f 9932 9920 9933
f 9933 9912 9935
f 9912 9921 9935
f 9921 9934 9935
f 9935 9934 9936
f 9933 9935 9937
f 9937 9935 9938
f 9935 9936 9938
f 9938 9936 9939
f 267 9890 9674
f 9674 9890 9675
f 9675 9890 9676
f 9676 9890 9677
f 9890 9917 9677
f 9677 9917 9678
f 9678 9917 9679
f 9679 9917 9680
f 9917 9932 9680
f 9680 9932 9681
f 9681 9932 9682
f 9682 9932 9683
f 9683 9932 9684
f 9684 9932 9685
f 9932 9933 9685
f 9685 9933 9686
f 9933 9937 9686
f 9686 9937 9687
f 9687 9937 9688
f 9937 9938 9688
f 9688 9938 9689
f 9689 9938 9690
f 9938 9939 9690
f 9690 9939 27
f 9907 9898 9903
f 9898 9892 9894
f 3201 3200 9940
f 9940 9941 3201
f 3201 9941 805
f 9941 806 805
f 3197 3195 9942
f 9942 9943 3197
f 3197 9943 3200
f 9943 9944 3200
f 3200 9944 9940
f 3194 3191 9945
f 9945 9946 3194
f 3194 9946 3195
f 3195 9946 9942
f 9947 9948 3190
f 3190 9948 3191
f 9948 9949 3191
f 3191 9949 9945
f 3190 3187 9947
f 9947 3187 9950
f 3187 3182 9950
f 9950 3182 9951
f 3182 3181 9951
f 9951 3181 9952
f 3181 3179 9952
f 9952 3179 9953
f 3179 3176 9953
f 9953 3176 9954
f 3176 3175 9954
f 9954 3175 9955
f 3175 3158 9955
f 9955 3158 9956
f 3158 3156 9956
f 9956 3156 9957
f 3156 3155 9957
f 9957 3155 9958
f 3155 88 9958
f 9958 88 44
f 781 778 9695
f 778 9959 9695
f 9695 9959 9696
f 9959 9960 9696
f 9696 9960 9694
f 9960 9961 9694
f 9694 9961 9693
f 9961 9962 9693
f 9693 9962 9697
f 9962 9963 9697
f 9697 9963 9698
f 9963 9964 9698
f 9698 9964 9692
f 9964 9965 9692
f 9692 9965 9691
f 9691 9965 9699
f 9965 9966 9699
f 9699 9966 9700
f 9966 9967 9700
f 9700 9967 9701
f 9967 9968 9701
f 9701 9968 9702
f 9968 9969 9702
f 9702 9969 9703
f 9969 9970 9703
f 9703 9970 9704
f 9970 9971 9704
f 9971 9972 9704
f 9704 9972 9705
f 9972 9973 9705
f 9705 9973 9706
f 9973 9974 9706
f 9974 9975 9706
f 9706 9975 9707
f 9975 9976 9707
f 9707 9976 9708
f 9976 9977 9708
f 9708 9977 9709
f 9977 9978 9709
f 9978 233 9709
f 9709 233 232
f 9979 9980 9739
f 9739 9980 490
f 490 9980 491
f 9740 9741 9981
f 9981 9982 9740
f 9740 9982 9739
f 9982 9979 9739
f 9742 9743 9983
f 9983 9984 9742
f 9742 9984 9741
f 9984 9981 9741
f 9985 9986 9744
f 9744 9986 9743
f 9986 9983 9743
f 9744 9745 9985
f 9985 9745 9987
f 9745 9746 9987
f 9987 9746 9988
f 9746 9747 9988
f 9988 9747 9989
f 9747 9748 9989
f 9989 9748 9990
f 9748 9749 9990
f 9990 9749 9991
f 9749 9750 9991
f 9991 9750 9992
f 9750 9751 9992
f 9992 9751 9993
f 9993 9751 9994
f 9751 9753 9994
f 9994 9753 9995
f 9753 255 9995
f 9995 255 254
f 330 332 9713
f 330 9713 9996
f 9713 9717 9996
f 9996 9717 9997
f 9717 9718 9997
f 9997 9718 9998
f 9718 9720 9998
f 9998 9720 9999
f 9720 9723 9999
f 9999 9723 10000
f 9723 9724 10000
f 10000 9724 10001
f 9724 9725 10001
f 10001 9725 10002
f 9725 9727 10002
f 10002 9727 10003
f 9727 9729 10003
f 10003 9729 10004
f 9729 9732 10004
f 10004 9732 10005
f 9732 9733 10005
f 10005 9733 10006
f 9736 10007 9733
f 10007 10008 9733
f 9733 10008 10006
f 9738 490 492
f 492 10009 9738
f 10009 10010 9738
f 9738 10010 9736
f 10010 10011 9736
f 9736 10011 10007
f 245 244 9858
f 245 9858 10012
f 9858 9857 10012
f 10012 9857 10013
f 9857 9856 10013
f 10013 9856 10014
f 9856 9855 10014
f 10014 9855 10015
f 9855 9854 10015
f 10015 9854 10016
f 9854 9853 10016
f 10016 9853 10017
f 9853 9852 10017
f 10017 9852 10018
f 9852 9851 10018
f 10018 9851 10019
f 9851 9850 10019
f 10019 9850 10020
f 9850 9849 10020
f 10020 9849 10021
f 9849 9848 10021
f 10021 9848 10022
f 9848 9847 10022
f 10022 9847 10023
f 9847 9846 10023
f 10023 9846 10024
f 9846 9845 10024
f 10024 9845 10025
f 9845 9844 10025
f 10025 9844 10026
f 9844 9843 10026
f 10026 9843 10027
f 9843 9842 10027
f 10027 9842 10028
f 9842 327 10028
f 10028 327 326
f 9919 10029 767
f 10029 766 767
f 10030 10031 9923
f 9923 10031 9919
f 9919 10031 10029
f 10032 10033 9924
f 9924 10033 9923
f 10033 10030 9923
f 9925 9926 10034
f 10034 10035 9925
f 9925 10035 9924
f 10035 10032 9924
f 10036 10037 9927
f 9927 10037 9926
f 10037 10034 9926
f 9927 9911 10036
f 9911 9928 10036
f 10036 9928 10038
f 9928 9929 10038
f 10038 9929 10039
f 9929 9930 10039
f 10039 9930 10040
f 9930 9931 10040
f 10040 9931 10041
f 9931 9889 10041
f 10041 9889 10042
f 9889 267 10042
f 10042 267 265
f 30 27 9939
f 30 9939 10043
f 9939 9936 10043
f 10043 9936 10044
f 9936 9934 10044
f 10044 9934 10045
f 9934 9922 10045
f 10045 9922 10046
f 9922 9918 10046
f 10046 9918 10047
f 9918 9916 10047
f 10047 9916 10048
f 9916 9913 10048
f 10048 9913 10049
f 9913 9910 10049
f 10049 9910 10050
f 9910 9905 10050
f 10050 9905 10051
f 9905 9902 10051
f 10051 9902 10052
f 9901 9900 10053
f 10053 10054 9901
f 10054 10055 9901
f 9901 10055 9902
f 10055 10056 9902
f 9902 10056 10052
f 9897 9896 10057
f 10057 10058 9897
f 10058 10059 9897
f 9897 10059 9900
f 10059 10060 9900
f 9900 10060 10053
f 9895 9893 10061
f 10061 10062 9895
f 10062 10063 9895
f 9895 10063 9896
f 10063 10064 9896
f 9896 10064 10057
f 9891 767 227
f 227 10065 9891
f 10065 10066 9891
f 9891 10066 9893
f 10066 10067 9893
f 9893 10067 10061
f 44 42 3415
f 44 3415 9958
f 3415 3416 9958
f 9958 3416 9957
f 3416 3417 9957
f 9957 3417 9956
f 3417 3418 9956
f 9956 3418 9955
f 3418 3419 9955
f 9955 3419 9954
f 3419 3421 9954
f 9954 3421 9953
f 3421 3423 9953
f 9953 3423 9952
f 3423 3424 9952
f 9952 3424 9951
f 3424 3425 9951
f 9951 3425 9950
f 3425 3426 9950
f 9950 3426 9947
f 3427 3428 9945
f 9945 9949 3427
f 9949 9948 3427
f 3427 9948 3426
f 9948 9947 3426
f 3430 3431 9942
f 9942 9946 3430
f 3430 9946 3428
f 3428 9946 9945
f 3433 3434 9940
f 9940 9944 3433
f 9944 9943 3433
f 3433 9943 3431
f 9943 9942 3431
f 3436 810 806
f 806 9941 3436
f 3436 9941 3434
f 9941 9940 3434
f 9959 778 777
f 777 6824 9959
f 6824 9960 9959
f 6824 6825 9960
f 9960 6825 9961
f 6825 9962 9961
f 6825 6828 9962
f 9962 6828 9963
f 9964 6827 6832
f 6828 6827 9963
f 9963 6827 9964
f 9964 6832 9965
f 6832 6760 9965
f 9965 6760 9966
f 6760 9967 9966
f 6760 6758 9967
f 6758 6757 9967
f 9967 6757 9968
f 6757 6755 9968
f 9968 6755 9969
f 6755 6754 9969
f 9969 6754 9970
f 9970 6754 6804
f 6804 6803 9970
f 9970 6803 9971
f 6803 9972 9971
f 6803 6807 9972
f 6807 6809 9972
f 6809 9973 9972
f 6809 6810 9973
f 6810 6812 9973
f 9973 6812 9974
f 6812 9975 9974
f 6812 6815 9975
f 6815 6817 9975
f 9975 6817 9976
f 9976 6817 6816
f 6816 9977 9976
f 6816 6822 9977
f 9977 6822 9978
f 6822 6819 9978
f 6819 234 9978
f 9978 234 233
f 10068 10069 9979
f 10070 10068 9982
f 9985 9987 10071
f 10071 9987 10072
f 9987 9988 10072
f 10072 9988 10073
f 9988 9989 10073
f 10073 9989 10074
f 9989 9990 10074
f 10074 9990 10075
f 9990 9991 10075
f 10075 9991 10076
f 9991 9992 10076
f 10076 9992 10077
f 9992 9993 10077
f 10077 9993 10078
f 9993 9994 10078
f 10078 9994 10079
f 9994 9995 10079
f 10079 9995 10080
f 9995 254 10080
f 10080 254 243
f 9985 10071 9986
f 10071 10081 9986
f 9986 10081 10082
f 10083 9983 10082
f 10082 9983 9986
f 9983 10083 9984
f 10083 10084 9984
f 9984 10084 10085
f 10086 9981 10085
f 10085 9981 9984
f 10070 9982 10086
f 9982 9981 10086
f 10068 9979 9982
f 10087 9980 10069
f 9980 9979 10069
f 489 491 10087
f 491 9980 10087
f 10009 492 486
f 10009 486 10010
f 486 10088 10010
f 10088 10089 10010
f 10010 10089 10011
f 10089 10007 10011
f 10090 10091 10006
f 10089 10092 10007
f 10092 10090 10007
f 10007 10090 10008
f 10090 10006 10008
f 10091 10093 10006
f 10093 10094 10006
f 10006 10094 10005
f 10094 10095 10005
f 10005 10095 10004
f 10095 10096 10004
f 10004 10096 10003
f 10096 10097 10003
f 10003 10097 10002
f 10097 10098 10002
f 10002 10098 10001
f 10098 10099 10001
f 10001 10099 10000
f 10099 10100 10000
f 10000 10100 9999
f 10100 10101 9999
f 9999 10101 9998
f 10101 10102 9998
f 9998 10102 9997
f 10102 10103 9997
f 9997 10103 9996
f 10103 328 9996
f 9996 328 330
f 10104 10105 10106
f 10106 10105 10107
f 10107 10105 10108
f 10107 10108 10109
f 10107 10109 10106
f 10110 245 10104
f 10110 10104 10111
f 10104 10106 10111
f 10111 10106 10112
f 10112 10106 10113
f 10113 10106 10114
f 10106 10109 10114
f 10114 10109 10115
f 10109 10116 10115
f 10115 10116 10117
f 10117 10116 10118
f 10118 10116 10119
f 10119 10116 10120
f 10121 488 10122
f 488 10123 10122
f 10123 10124 10122
f 10124 10125 10122
f 10125 10126 10122
f 10126 10127 10122
f 10128 10121 10129
f 10121 10122 10129
f 10130 10128 10129
f 10131 10130 10129
f 10132 10131 10129
f 10129 10122 10133
f 10133 10122 10116
f 10116 10109 10134
f 10135 10132 10129
f 10129 10133 10136
f 10133 10116 10134
f 10137 10135 10129
f 10136 10133 10138
f 10138 10133 10134
f 10139 10137 10129
f 10140 10139 10141
f 10139 10129 10141
f 10129 10136 10141
f 10141 10136 10138
f 10134 10109 10142
f 10142 10109 10108
f 10143 10140 10141
f 10134 10142 10138
f 10144 10143 10141
f 10145 10108 10105
f 10146 10144 10141
f 10141 10147 10146
f 326 10147 10028
f 10147 10141 10028
f 10028 10141 10027
f 10027 10141 10026
f 10026 10141 10025
f 10141 10138 10025
f 10025 10138 10024
f 10024 10138 10023
f 10023 10138 10022
f 10022 10138 10021
f 10021 10138 10020
f 10138 10142 10020
f 10020 10142 10019
f 10019 10142 10018
f 10142 10108 10018
f 10018 10108 10017
f 10017 10108 10016
f 10016 10108 10015
f 10108 10145 10015
f 10015 10145 10014
f 10145 10105 10014
f 10014 10105 10013
f 10013 10105 10012
f 10105 10104 10012
f 10012 10104 245
f 10127 10120 10122
f 10120 10116 10122
f 10148 10149 10029
f 10150 10151 10031
f 10152 10153 10033
f 10154 10155 10035
f 10156 10154 10034
f 10157 10156 10037
f 265 238 10158
f 265 10158 10042
f 10158 10159 10042
f 10042 10159 10041
f 10159 10160 10041
f 10160 10161 10041
f 10041 10161 10040
f 10161 10162 10040
f 10040 10162 10039
f 10162 10163 10039
f 10163 10164 10039
f 10039 10164 10038
f 10164 10165 10038
f 10165 10166 10038
f 10038 10166 10036
f 10157 10037 10166
f 10037 10036 10166
f 10156 10034 10037
f 10154 10035 10034
f 10167 10032 10155
f 10155 10032 10035
f 10152 10033 10167
f 10033 10032 10167
f 10150 10030 10153
f 10153 10030 10033
f 10031 10030 10150
f 10148 10029 10151
f 10029 10031 10151
f 768 766 10149
f 10149 766 10029
f 227 226 10168
f 227 10168 10065
f 10168 10169 10065
f 10065 10169 10066
f 10169 10170 10066
f 10066 10170 10067
f 10170 10171 10067
f 10067 10171 10061
f 10171 10172 10061
f 10061 10172 10062
f 10172 10173 10062
f 10062 10173 10063
f 10173 10174 10063
f 10063 10174 10064
f 10174 10175 10064
f 10064 10175 10057
f 10175 10176 10057
f 10057 10176 10058
f 10176 10177 10058
f 10058 10177 10059
f 10177 10178 10059
f 10059 10178 10060
f 10178 10179 10060
f 10060 10179 10053
f 10179 10180 10053
f 10053 10180 10054
f 10180 10181 10054
f 10054 10181 10055
f 10181 10182 10055
f 10055 10182 10056
f 10182 10183 10056
f 10056 10183 10052
f 10183 10184 10052
f 10052 10184 10051
f 10184 10185 10051
f 10051 10185 10050
f 10185 10186 10050
f 10050 10186 10049
f 10186 10187 10049
f 10049 10187 10048
f 10187 10188 10048
f 10048 10188 10047
f 10188 10189 10047
f 10047 10189 10046
f 10189 10190 10046
f 10046 10190 10045
f 10190 10191 10045
f 10045 10191 10044
f 10191 10192 10044
f 10044 10192 10043
f 10192 78 10043
f 10043 78 30
f 821 823 10193
f 823 3467 10193
f 3466 10194 3467
f 10194 10195 3467
f 3467 10195 10193
f 3464 10196 3466
f 10196 10194 3466
f 3460 10197 3464
f 10197 10198 3464
f 3464 10198 10196
f 3459 10199 3460
f 10199 10197 3460
f 3455 10200 3459
f 10200 10201 3459
f 3459 10201 10199
f 3454 10202 3455
f 10202 10200 3455
f 10203 10204 3454
f 3454 10204 10202
f 3454 3453 10203
f 3453 3449 10203
f 10203 3449 10205
f 3449 3446 10205
f 10205 3446 10206
f 3446 3445 10206
f 10206 3445 10207
f 3445 3441 10207
f 10207 3441 10208
f 3441 3438 10208
f 10208 3438 10209
f 3438 3437 10209
f 10209 3437 10210
f 3437 3414 10210
f 10210 3414 10211
f 3414 3412 10211
f 10211 3412 10212
f 3412 3411 10212
f 10212 3411 10213
f 3411 42 10213
f 10213 42 41
f 6958 242 234
f 6958 234 6960
f 234 6796 6960
f 6960 6796 6798
f 6959 6960 6798
f 6800 6791 6956
f 6956 6955 6800
f 6798 6799 6959
f 6799 6800 6959
f 6800 6955 6959
f 6956 6791 6954
f 6791 6793 6954
f 6954 6793 6795
f 6951 6954 6795
f 6947 6949 6802
f 6802 6787 6947
f 6787 6785 6947
f 6795 6802 6951
f 6802 6949 6951
f 6790 6942 6785
f 6942 6945 6785
f 6785 6945 6947
f 6788 6971 6789
f 6971 6943 6789
f 6790 6789 6942
f 6942 6789 6943
f 6788 6784 6971
f 6971 6784 6895
f 6784 6783 6895
f 6895 6783 6896
f 6783 6775 6896
f 6775 6898 6896
f 6775 6769 6898
f 6769 6899 6898
f 6899 6769 6976
f 6769 6768 6976
f 6976 6768 6766
f 6766 6900 6976
f 6850 6968 6765
f 6968 6978 6765
f 6765 6978 6901
f 6766 6765 6900
f 6900 6765 6901
f 6850 6762 6968
f 6968 6762 6969
f 6761 6764 6965
f 6965 6967 6761
f 6762 6761 6969
f 6761 6967 6969
f 6764 6964 6965
f 6843 6836 6962
f 6764 6843 6964
f 6843 6962 6964
f 6836 775 6962
f 6962 775 776
f 243 245 10110
f 243 10110 10080
f 10110 10111 10080
f 10080 10111 10079
f 10079 10111 10078
f 10111 10112 10078
f 10078 10112 10077
f 10112 10113 10077
f 10077 10113 10076
f 10076 10113 10075
f 10113 10114 10075
f 10075 10114 10074
f 10114 10115 10074
f 10074 10115 10073
f 10115 10117 10073
f 10073 10117 10072
f 10117 10118 10072
f 10072 10118 10071
f 10119 10120 10083
f 10083 10082 10119
f 10119 10082 10118
f 10082 10081 10118
f 10118 10081 10071
f 10127 10126 10086
f 10086 10085 10127
f 10127 10085 10120
f 10085 10084 10120
f 10120 10084 10083
f 10125 10124 10069
f 10069 10068 10125
f 10125 10068 10126
f 10068 10070 10126
f 10126 10070 10086
f 10123 488 489
f 489 10087 10123
f 10123 10087 10124
f 10124 10087 10069
f 10159 10158 10214
f 10158 238 10214
f 10214 238 237
f 10214 10215 10159
f 10159 10215 10160
f 10215 10216 10160
f 10160 10216 10161
f 10216 10217 10161
f 10161 10217 10162
f 10217 10218 10162
f 10218 10219 10162
f 10162 10219 10163
f 10219 10220 10163
f 10163 10220 10164
f 10220 10221 10164
f 10221 10222 10164
f 10164 10222 10165
f 10157 10166 10223
f 10166 10165 10223
f 10223 10165 10224
f 10165 10222 10224
f 10157 10223 10156
f 10223 10225 10156
f 10226 10154 10225
f 10154 10156 10225
f 10226 10227 10154
f 10154 10227 10155
f 10227 10228 10155
f 10155 10228 10167
f 10228 10229 10167
f 10167 10229 10152
f 10229 10230 10152
f 10152 10230 10153
f 10230 10231 10153
f 10153 10231 10150
f 10231 10232 10150
f 10150 10232 10151
f 10232 10233 10151
f 10151 10233 10148
f 10233 10234 10148
f 10148 10234 10149
f 10234 10235 10149
f 10149 10235 768
f 10235 770 768
f 10121 10089 488
f 10089 10088 488
f 488 10088 486
f 10093 10091 10128
f 10091 10090 10128
f 10128 10090 10121
f 10090 10092 10121
f 10121 10092 10089
f 10128 10130 10093
f 10130 10131 10093
f 10093 10131 10094
f 10131 10132 10094
f 10094 10132 10095
f 10132 10135 10095
f 10095 10135 10096
f 10135 10137 10096
f 10096 10137 10097
f 10137 10139 10097
f 10097 10139 10098
f 10139 10140 10098
f 10098 10140 10099
f 10140 10143 10099
f 10099 10143 10100
f 10143 10144 10100
f 10100 10144 10101
f 10144 10146 10101
f 10101 10146 10102
f 10146 10147 10102
f 10102 10147 10103
f 10147 326 10103
f 10103 326 328
f 10236 10237 10183
f 226 834 10168
f 834 10238 10168
f 10168 10238 10169
f 10238 10239 10169
f 10169 10239 10170
f 10239 10240 10170
f 10170 10240 10171
f 10240 10241 10171
f 10171 10241 10172
f 10241 10242 10172
f 10172 10242 10173
f 10242 10243 10173
f 10173 10243 10174
f 10243 10244 10174
f 10174 10244 10175
f 10244 10245 10175
f 10175 10245 10176
f 10245 10246 10176
f 10176 10246 10177
f 10246 10247 10177
f 10177 10247 10178
f 10247 10248 10178
f 10178 10248 10179
f 10248 10249 10179
f 10179 10249 10180
f 10249 10250 10180
f 10180 10250 10181
f 10250 10236 10181
f 10181 10236 10182
f 10236 10183 10182
f 10237 10251 10183
f 10251 10252 10183
f 10183 10252 10184
f 10252 10253 10184
f 10184 10253 10185
f 10253 10254 10185
f 10185 10254 10186
f 10254 10255 10186
f 10186 10255 10187
f 10255 10256 10187
f 10187 10256 10188
f 10256 10257 10188
f 10188 10257 10189
f 10257 10258 10189
f 10189 10258 10190
f 10258 10259 10190
f 10190 10259 10191
f 10259 10260 10191
f 10191 10260 10192
f 10260 33 10192
f 10192 33 78
f 10261 10205 10262
f 10205 10206 10262
f 10262 10206 10263
f 10206 10207 10263
f 10263 10207 10264
f 10207 10208 10264
f 10264 10208 10265
f 10208 10209 10265
f 10265 10209 10266
f 10209 10210 10266
f 10266 10210 10267
f 10210 10211 10267
f 10267 10211 10268
f 10211 10212 10268
f 10268 10212 10269
f 10212 10213 10269
f 10269 10213 10270
f 10213 41 10270
f 10270 41 43
f 832 821 10271
f 821 10193 10271
f 10271 10193 10272
f 10193 10195 10272
f 10272 10195 10273
f 10195 10194 10273
f 10273 10194 10274
f 10274 10194 10275
f 10194 10196 10275
f 10275 10196 10276
f 10196 10198 10276
f 10276 10198 10277
f 10198 10197 10277
f 10277 10197 10278
f 10278 10197 10279
f 10197 10199 10279
f 10279 10199 10280
f 10199 10201 10280
f 10280 10201 10281
f 10201 10200 10281
f 10281 10200 10282
f 10282 10200 10283
f 10200 10202 10283
f 10283 10202 10284
f 10202 10204 10284
f 10284 10204 10261
f 10204 10203 10261
f 10261 10203 10205
f 10214 237 6936
f 6936 237 242
f 6936 6938 10214
f 10214 6938 10215
f 6938 6940 10215
f 10215 6940 10216
f 6940 6931 10216
f 10216 6931 10217
f 6931 6933 10217
f 10217 6933 10218
f 6933 6935 10218
f 10218 6935 10219
f 6935 6941 10219
f 10219 6941 10220
f 6941 6929 10220
f 10220 6929 10221
f 6929 6928 10221
f 10221 6928 10222
f 6928 6930 10222
f 10222 6930 10224
f 6930 6927 10224
f 10224 6927 10223
f 6927 6920 10223
f 10223 6920 10225
f 6920 6919 10225
f 10225 6919 10226
f 10228 10227 6919
f 10227 10226 6919
f 6919 6910 10228
f 6910 10229 10228
f 6910 6909 10229
f 10229 6909 10230
f 6909 10231 10230
f 6909 6991 10231
f 6991 6904 10231
f 6904 6903 10233
f 10233 10232 6904
f 6904 10232 10231
f 6903 6987 10233
f 10233 6987 10234
f 6987 10235 10234
f 6987 6907 10235
f 6907 770 10235
f 6907 6906 770
f 6906 772 770
f 10238 834 836
f 10238 836 10239
f 836 10285 10239
f 10285 10286 10239
f 10239 10286 10240
f 10286 10241 10240
f 10286 10287 10241
f 10287 10288 10241
f 10241 10288 10242
f 10288 10243 10242
f 10288 10289 10243
f 10289 10290 10243
f 10243 10290 10244
f 10290 10245 10244
f 10290 10291 10245
f 10291 10292 10245
f 10245 10292 10246
f 10292 10247 10246
f 10292 10293 10247
f 10293 10294 10247
f 10247 10294 10248
f 10294 10249 10248
f 10294 10295 10249
f 10295 10296 10249
f 10249 10296 10250
f 10296 10236 10250
f 10297 10298 10251
f 10296 10299 10236
f 10299 10297 10236
f 10236 10297 10237
f 10297 10251 10237
f 10298 10300 10251
f 10300 10301 10251
f 10251 10301 10252
f 10301 10302 10252
f 10252 10302 10253
f 10302 10303 10253
f 10253 10303 10254
f 10303 10304 10254
f 10254 10304 10255
f 10304 10305 10255
f 10255 10305 10256
f 10305 10306 10256
f 10256 10306 10257
f 10306 10307 10257
f 10257 10307 10258
f 10307 10308 10258
f 10258 10308 10259
f 10308 10309 10259
f 10259 10309 10260
f 10309 85 10260
f 10260 85 33
f 10285 836 832
f 10285 832 10286
f 832 10271 10286
f 10271 10272 10286
f 10286 10272 10287
f 10272 10288 10287
f 10272 10273 10288
f 10273 10274 10288
f 10288 10274 10289
f 10274 10290 10289
f 10274 10275 10290
f 10275 10276 10290
f 10290 10276 10291
f 10276 10292 10291
f 10276 10277 10292
f 10277 10278 10292
f 10292 10278 10293
f 10278 10294 10293
f 10278 10279 10294
f 10279 10280 10294
f 10294 10280 10295
f 10280 10296 10295
f 10280 10281 10296
f 10281 10282 10296
f 10296 10282 10299
f 10282 10297 10299
f 10284 10261 10300
f 10282 10283 10297
f 10283 10284 10297
f 10297 10284 10298
f 10284 10300 10298
f 10261 10262 10300
f 10300 10262 10301
f 10262 10263 10301
f 10301 10263 10302
f 10263 10264 10302
f 10302 10264 10303
f 10264 10265 10303
f 10303 10265 10304
f 10265 10266 10304
f 10304 10266 10305
f 10266 10267 10305
f 10305 10267 10306
f 10267 10268 10306
f 10306 10268 10307
f 10268 10269 10307
f 10307 10269 10308
f 10269 10270 10308
f 10308 10270 10309
f 10270 43 10309
f 10309 43 85
f 10310 10311 10312
f 10311 10313 10312
f 10312 10313 10314
f 10315 10316 10312
f 10316 10317 10312
f 10312 10317 10310
f 10318 10319 10312
f 10319 10320 10312
f 10312 10320 10315
f 10321 10322 10312
f 10322 10323 10312
f 10312 10323 10318
f 10324 10325 10312
f 10325 10326 10312
f 10312 10326 10321
f 10327 10328 10312
f 10328 10329 10312
f 10312 10329 10324
f 10330 10331 10312
f 10331 10332 10312
f 10312 10332 10327
f 10333 10334 10312
f 10334 10335 10312
f 10312 10335 10330
f 10336 10337 10312
f 10337 10338 10312
f 10312 10338 10333
f 10339 10340 10312
f 10340 10341 10312
f 10312 10341 10336
f 10342 10343 10312
f 10343 10344 10312
f 10312 10344 10339
f 10345 10346 10312
f 10346 10347 10312
f 10312 10347 10342
f 10348 10349 10312
f 10349 10350 10312
f 10312 10350 10345
f 10351 10352 10312
f 10352 10353 10312
f 10312 10353 10348
f 10354 10355 10312
f 10355 10356 10312
f 10312 10356 10351
f 10357 10358 10312
f 10358 10359 10312
f 10312 10359 10354
f 10360 10361 10312
f 10361 10362 10312
f 10312 10362 10357
f 10363 10364 10312
f 10364 10365 10312
f 10312 10365 10360
f 10366 10367 10312
f 10367 10368 10312
f 10312 10368 10363
f 10369 10370 10312
f 10370 10371 10312
f 10312 10371 10366
f 10372 10373 10312
f 10373 10374 10312
f 10312 10374 10369
f 10375 10376 10312
f 10376 10377 10312
f 10312 10377 10372
f 10378 10379 10312
f 10379 10380 10312
f 10312 10380 10375
f 10314 10381 10312
f 10381 10382 10312
f 10312 10382 10378
f 10313 3153 10314
f 3153 3011 10314
f 10314 3011 10381
f 3011 3013 10381
f 10381 3013 10382
f 3013 3015 10382
f 10382 3015 10378
f 3015 3017 10378
f 10378 3017 10379
f 3017 3019 10379
f 10379 3019 10380
f 3019 3021 10380
f 10380 3021 10375
f 3021 3023 10375
f 10375 3023 10376
f 3023 3025 10376
f 10376 3025 10377
f 3025 3027 10377
f 10377 3027 10372
f 3027 3029 10372
f 10372 3029 10373
f 3029 3031 10373
f 10373 3031 10374
f 3031 3033 10374
f 10374 3033 10369
f 3033 3035 10369
f 10369 3035 10370
f 3035 3037 10370
f 10370 3037 10371
f 3037 3039 10371
f 10371 3039 10366
f 3039 3041 10366
f 10366 3041 10367
f 3041 3043 10367
f 10367 3043 10368
f 3043 3045 10368
f 10368 3045 10363
f 3045 3047 10363
f 10363 3047 10364
f 3047 3049 10364
f 10364 3049 10365
f 3049 3051 10365
f 10365 3051 10360
f 3051 3053 10360
f 10360 3053 10361
f 3053 3055 10361
f 10361 3055 10362
f 3055 3057 10362
f 10362 3057 10357
f 3057 3059 10357
f 10357 3059 10358
f 3059 3061 10358
f 10358 3061 10359
f 3061 3063 10359
f 10359 3063 10354
f 3063 3065 10354
f 10354 3065 10355
f 3065 3067 10355
f 10355 3067 10356
f 3067 3069 10356
f 10356 3069 10351
f 3069 3071 10351
f 10351 3071 10352
f 3071 3073 10352
f 10352 3073 10353
f 3073 3075 10353
f 10353 3075 10348
f 3075 3077 10348
f 10348 3077 10349
f 3077 3079 10349
f 10349 3079 10350
f 3079 3081 10350
f 10350 3081 10345
f 3081 3083 10345
f 10345 3083 10346
f 3083 3085 10346
f 10346 3085 10347
f 3085 3087 10347
f 10347 3087 10342
f 3087 3089 10342
f 10342 3089 10343
f 3089 3091 10343
f 10343 3091 10344
f 3091 3093 10344
f 10344 3093 10339
f 3093 3095 10339
f 10339 3095 10340
f 3095 3097 10340
f 10340 3097 10341
f 3097 3099 10341
f 10341 3099 10336
f 3099 3101 10336
f 10336 3101 10337
f 3101 3103 10337
f 10337 3103 10338
f 3103 3105 10338
f 10338 3105 10333
f 3105 3107 10333
f 10333 3107 10334
f 3107 3109 10334
f 10334 3109 10335
f 3109 3111 10335
f 10335 3111 10330
f 3111 3113 10330
f 10330 3113 10331
f 3113 3115 10331
f 10331 3115 10332
f 3115 3117 10332
f 10332 3117 10327
f 3117 3119 10327
f 10327 3119 10328
f 3119 3121 10328
f 10328 3121 10329
f 3121 3123 10329
f 10329 3123 10324
f 3123 3125 10324
f 10324 3125 10325
f 3125 3127 10325
f 10325 3127 10326
f 3127 3129 10326
f 10326 3129 10321
f 3129 3131 10321
f 10321 3131 10322
f 3131 3133 10322
f 10322 3133 10323
f 3133 3135 10323
f 10323 3135 10318
f 3135 3137 10318
f 10318 3137 10319
f 3137 3139 10319
f 10319 3139 10320
f 3139 3141 10320
f 10320 3141 10315
f 3141 3143 10315
f 10315 3143 10316
f 3143 3145 10316
f 10316 3145 10317
f 3145 3147 10317
f 10317 3147 10310
f 3147 3149 10310
f 10310 3149 10311
f 3149 3151 10311
f 10311 3151 10313
f 3151 3153 10313
f 10383 10384 10385
f 10384 10386 10385
f 10385 10386 10387
f 10388 10389 10385
f 10389 10390 10385
f 10385 10390 10383
f 10391 10392 10385
f 10392 10393 10385
f 10385 10393 10388
f 10394 10395 10385
f 10395 10396 10385
f 10385 10396 10391
f 10397 10398 10385
f 10398 10399 10385
f 10385 10399 10394
f 10400 10401 10385
f 10401 10402 10385
f 10385 10402 10397
f 10403 10404 10385
f 10404 10405 10385
f 10385 10405 10400
f 10406 10407 10385
f 10407 10408 10385
f 10385 10408 10403
f 10409 10410 10385
f 10410 10411 10385
f 10385 10411 10406
f 10412 10413 10385
f 10413 10414 10385
f 10385 10414 10409
f 10415 10416 10385
f 10416 10417 10385
f 10385 10417 10412
f 10418 10419 10385
f 10419 10420 10385
f 10385 10420 10415
f 10421 10422 10385
f 10422 10423 10385
f 10385 10423 10418
f 10424 10425 10385
f 10425 10426 10385
f 10385 10426 10421
f 10427 10428 10385
f 10428 10429 10385
f 10385 10429 10424
f 10430 10431 10385
f 10431 10432 10385
f 10385 10432 10427
f 10433 10434 10385
f 10434 10435 10385
f 10385 10435 10430
f 10436 10437 10385
f 10437 10438 10385
f 10385 10438 10433
f 10439 10440 10385
f 10440 10441 10385
f 10385 10441 10436
f 10442 10443 10385
f 10443 10444 10385
f 10385 10444 10439
f 10445 10446 10385
f 10446 10447 10385
f 10385 10447 10442
f 10448 10449 10385
f 10449 10450 10385
f 10385 10450 10445
f 10451 10452 10385
f 10452 10453 10385
f 10385 10453 10448
f 10387 10454 10385
f 10454 10455 10385
f 10385 10455 10451
f 10386 3009 10387
f 3009 2876 10387
f 10387 2876 10454
f 2876 2878 10454
f 10454 2878 10455
f 2878 2880 10455
f 10455 2880 10451
f 2880 2882 10451
f 10451 2882 10452
f 2882 2884 10452
f 10452 2884 10453
f 2884 2886 10453
f 10453 2886 10448
f 2886 2888 10448
f 10448 2888 10449
f 2888 2890 10449
f 10449 2890 10450
f 2890 2892 10450
f 10450 2892 10445
f 2892 2894 10445
f 10445 2894 10446
f 2894 2896 10446
f 10446 2896 10447
f 2896 2898 10447
f 10447 2898 10442
f 2898 2900 10442
f 10442 2900 10443
f 2900 2902 10443
f 10443 2902 10444
f 2902 2904 10444
f 10444 2904 10439
f 2904 2906 10439
f 10439 2906 10440
f 2906 2908 10440
f 10440 2908 10441
f 2908 2910 10441
f 10441 2910 10436
f 2910 2912 10436
f 10436 2912 10437
f 2912 2914 10437
f 10437 2914 10438
f 2914 2916 10438
f 10438 2916 10433
f 2916 2918 10433
f 10433 2918 10434
f 2918 2920 10434
f 10434 2920 10435
f 2920 2922 10435
f 10435 2922 10430
f 2922 2923 10430
f 10430 2923 10431
f 2923 2925 10431
f 10431 2925 10432
f 2925 2926 10432
f 10432 2926 10427
f 2926 2928 10427
f 10427 2928 10428
f 2928 2929 10428
f 10428 2929 10429
f 2929 2931 10429
f 10429 2931 10424
f 2931 2933 10424
f 10424 2933 10425
f 2933 2935 10425
f 10425 2935 10426
f 2935 2937 10426
f 10426 2937 10421
f 2937 2939 10421
f 10421 2939 10422
f 2939 2941 10422
f 10422 2941 10423
f 2941 2943 10423
f 10423 2943 10418
f 2943 2945 10418
f 10418 2945 10419
f 2945 2947 10419
f 10419 2947 10420
f 2947 2949 10420
f 10420 2949 10415
f 2949 2951 10415
f 10415 2951 10416
f 2951 2953 10416
f 10416 2953 10417
f 2953 2955 10417
f 10417 2955 10412
f 2955 2957 10412
f 10412 2957 10413
f 2957 2958 10413
f 10413 2958 10414
f 2958 2959 10414
f 10414 2959 10409
f 2959 2960 10409
f 10409 2960 10410
f 2960 2961 10410
f 10410 2961 10411
f 2961 2962 10411
f 10411 2962 10406
f 2962 2963 10406
f 10406 2963 10407
f 2963 2965 10407
f 10407 2965 10408
f 2965 2967 10408
f 10408 2967 10403
f 2967 2969 10403
f 10403 2969 10404
f 2969 2971 10404
f 10404 2971 10405
f 2971 2973 10405
f 10405 2973 10400
f 2973 2975 10400
f 10400 2975 10401
f 2975 2977 10401
f 10401 2977 10402
f 2977 2979 10402
f 10402 2979 10397
f 2979 2981 10397
f 10397 2981 10398
f 2981 2983 10398
f 10398 2983 10399
f 2983 2985 10399
f 10399 2985 10394
f 2985 2987 10394
f 10394 2987 10395
f 2987 2989 10395
f 10395 2989 10396
f 2989 2991 10396
f 10396 2991 10391
f 2991 2993 10391
f 10391 2993 10392
f 2993 2995 10392
f 10392 2995 10393
f 2995 2997 10393
f 10393 2997 10388
f 2997 2999 10388
f 10388 2999 10389
f 2999 3001 10389
f 10389 3001 10390
f 3001 3003 10390
f 10390 3003 10383
f 3003 3005 10383
f 10383 3005 10384
f 3005 3007 10384
f 10384 3007 10386
f 3007 3009 10386
f 10456 10457 10458
f 10457 10459 10458
f 2525 2524 10460
f 2480 2390 10461
f 2475 2474 10460
f 2474 2473 10460
f 2529 2528 10460
f 2483 2482 10462
f 2482 2531 10462
f 10462 2531 10461
f 2531 2481 10461
f 10461 2481 2480
f 2473 2472 10460
f 2472 2471 10460
f 10460 2471 10462
f 2471 2470 10462
f 2458 2478 10463
f 2478 2532 10463
f 10463 2532 10460
f 2532 2530 10460
f 10460 2530 2529
f 2524 2523 10460
f 2523 2522 10460
f 10460 2522 2521
f 2521 2520 10460
f 2520 2519 10460
f 10460 2519 2518
f 2510 10460 2511
f 10460 2512 2511
f 2510 2509 10460
f 2509 2508 10460
f 10460 2508 2507
f 2390 2389 10461
f 2389 2479 10461
f 10461 2479 10463
f 2479 2459 10463
f 10463 2459 2458
f 2492 2491 10462
f 2491 2490 10462
f 10462 2490 2489
f 2489 2488 10462
f 2488 2487 10462
f 10462 2487 2486
f 2486 2485 10462
f 2485 2484 10462
f 10462 2484 2483
f 2470 2469 10462
f 2469 2468 10462
f 10462 2468 2467
f 2528 2527 10460
f 2527 2526 10460
f 10460 2526 2525
f 2518 2517 10460
f 2517 2516 10460
f 10460 2516 2515
f 2515 2514 10460
f 2514 2513 10460
f 10460 2513 2512
f 2507 2506 10460
f 2506 2476 10460
f 10460 2476 2475
f 2498 10462 2499
f 10462 2500 2499
f 2467 2466 10462
f 2466 2465 10462
f 10462 2465 2464
f 2498 2497 10462
f 2497 2496 10462
f 10462 2496 2495
f 2495 2494 10462
f 2494 2493 10462
f 10462 2493 2492
f 2464 2505 10462
f 2505 2504 10462
f 10462 2504 2503
f 2503 2502 10462
f 2502 2501 10462
f 10462 2501 2500
f 10463 10460 10458
f 10460 10456 10458
f 10460 10462 10456
f 10462 10457 10456
f 10462 10461 10457
f 10461 10459 10457
f 10461 10463 10459
f 10463 10458 10459
f 10464 10465 10466
f 10465 10467 10466
f 10468 10469 10470
f 10469 10471 10470
f 10472 10473 10471
f 10473 10466 10471
f 10471 10466 10470
f 10466 10467 10470
f 10470 10467 10474
f 10467 10475 10474
f 2378 2377 10476
f 10476 10477 2384
f 2371 2370 10478
f 2377 2376 10476
f 2376 2375 10476
f 10476 2375 10479
f 2375 2318 10479
f 10479 2318 2374
f 2374 2310 10479
f 2310 2373 10479
f 10479 2373 10478
f 2373 2372 10478
f 10478 2372 2371
f 2329 10480 2330
f 10480 2331 2330
f 2335 2334 10481
f 2334 2333 10481
f 10481 2333 10480
f 2333 2332 10480
f 10480 2332 2331
f 2384 2383 10476
f 2383 2382 10476
f 10476 2382 2381
f 2381 2380 10476
f 2380 2379 10476
f 10476 2379 2378
f 2387 2386 10477
f 2386 2385 10477
f 10477 2385 2384
f 2340 2339 10482
f 2322 2321 10483
f 2321 2320 10483
f 10483 2320 10477
f 2320 2388 10477
f 10477 2388 2387
f 2329 2328 10480
f 2328 2327 10480
f 10480 2327 2326
f 2326 2325 10480
f 2325 2324 10480
f 10480 2324 10483
f 2324 2323 10483
f 10483 2323 2322
f 2339 2338 10482
f 2338 2337 10482
f 10482 2337 10481
f 2337 2336 10481
f 10481 2336 2335
f 2349 2348 10484
f 10484 2342 10482
f 2342 2341 10482
f 10482 2341 2340
f 2357 10485 2358
f 10485 2359 2358
f 2357 2356 10485
f 2356 2355 10485
f 10485 2355 10486
f 2355 2354 10486
f 10486 2354 2353
f 2370 2369 10478
f 2369 2368 10478
f 10478 2368 10487
f 2368 2367 10487
f 10487 2367 2366
f 2353 2352 10486
f 2352 2351 10486
f 10486 2351 10484
f 2351 2350 10484
f 10484 2350 2349
f 2366 2365 10487
f 2365 2364 10487
f 10487 2364 2363
f 2359 10485 2360
f 10485 10487 2360
f 2360 10487 2361
f 2348 2347 10484
f 2347 2346 10484
f 10484 2346 2345
f 2345 2344 10484
f 2344 2343 10484
f 10484 2343 2342
f 2363 2319 10487
f 2319 2362 10487
f 10487 2362 2361
f 10476 10479 10470
f 10479 10468 10470
f 10479 10478 10468
f 10478 10469 10468
f 10478 10487 10469
f 10487 10471 10469
f 10487 10485 10471
f 10485 10472 10471
f 10485 10486 10472
f 10486 10473 10472
f 10486 10484 10473
f 10484 10466 10473
f 10484 10482 10466
f 10482 10464 10466
f 10482 10481 10464
f 10481 10465 10464
f 10481 10480 10465
f 10480 10467 10465
f 10480 10483 10467
f 10483 10475 10467
f 10483 10477 10475
f 10477 10474 10475
f 10477 10476 10474
f 10476 10470 10474
f 1482 1481 3547
f 1481 3874 3547
f 3547 3874 3567
f 3874 3695 3567
f 3567 3695 3584
f 3568 1010 3548
f 1010 1170 3548
f 1011 1010 3708
f 1010 3568 3708
f 3855 3694 3856
f 3694 3721 3856
f 3941 3943 1111
f 3943 3961 1111
f 1111 3961 1201
f 3939 3942 1111
f 3942 3941 1111
f 3770 3880 1111
f 3880 3911 1111
f 1111 3911 3939
f 3529 1379 1554
f 1379 1547 1554
f 3548 1170 3529
f 1170 1379 3529
f 4103 4551 4132
f 4551 4495 4132
f 4132 4495 4152
f 4495 4307 4152
f 4152 4307 4169
f 4153 8676 4133
f 8676 8585 4133
f 4296 8676 4320
f 8676 4153 4320
f 4475 4306 4477
f 4306 4334 4477
f 4569 4570 8674
f 8674 4570 4605
f 4567 4569 8674
f 4461 4503 8674
f 4503 4533 8674
f 8674 4533 4567
f 4114 8567 4113
f 8567 8463 4113
f 4133 8585 4114
f 8585 8567 4114
f 4867 6575 4866
f 6575 6463 4866
f 5026 8017 4837
f 8017 4835 4837
f 4868 6440 5038
f 6440 8211 5038
f 6591 8294 6440
f 8294 8211 6440
f 7855 4791 7911
f 4791 4793 7911
f 7911 4793 7921
f 4793 4819 7921
f 7921 4819 7939
f 7938 8889 7884
f 8889 8983 7884
f 7954 8810 7938
f 8810 8889 7938
f 4813 8783 7954
f 8783 8810 7954
f 4812 8698 4813
f 8698 8783 4813
f 4782 8608 4812
f 8608 8698 4812
f 7812 8822 7811
f 8822 7770 7811
f 7812 7814 8822
f 7814 7815 8822
f 8822 7815 7817
f 7884 8983 7819
f 8983 8822 7819
f 7819 8822 7817
f 898 899 7591
f 899 7671 7591
f 7591 7671 7601
f 7671 7647 7601
f 7601 7647 7619
f 7618 8068 7564
f 8068 8163 7564
f 7634 7984 7618
f 7984 8068 7618
f 7660 1005 7634
f 1005 7984 7634
f 7662 1004 7660
f 1004 1005 7660
f 1155 1156 7662
f 1156 1004 7662
f 7515 7994 7514
f 7994 7489 7514
f 7515 7517 7994
f 7994 7517 7520
f 7564 8163 7519
f 8163 7994 7519
f 7519 7994 7520
f 5704 5572 5600
f 5572 5574 5600
f 5624 8376 5733
f 8376 8432 5733
f 5595 8315 5624
f 8315 8376 5624
f 5562 8216 5595
f 8216 8315 5595
